# Logger: CSVLogger | Started: Fri Sep 26 15:20:21 2025
partition,stream_id,event_id,sampled_ts,arrival_ts,event_ts,datatype,unit,value,reconstructed_value,reconstruction_method,confidence,reconstruction_flag,status,source,extras,__topic__
groundtruth,temp-1,temp-1-1758914418353,1758914418.35364,1758914418.35364,1758914418.35364,float,C,15.543603368076292,,,,,groundtruth,GroundTruthStream,{'ground_truth': 15.543603368076292},groundtruth.temp-1
observed,temp-1,temp-1-1758914418353,1758914418.35364,1758914418.35364,1758914418.35364,float,C,15.543603368076292,,,,,observed,SimulatedDroppingStream,{'ground_truth': 15.543603368076292},observed.temp-1
reconstructed,temp-1,temp-1-1758914418353,1758914418.35364,1758914418.35364,1758914418.35364,float,C,15.543603368076292,15.729286561073113,observed,1.0,False,observed,SimulatedDroppingStream,{'ground_truth': 15.543603368076292},reconstructed.temp-1
groundtruth,temp-1,temp-1-1758914419354,1758914419.354961,1758914419.354961,1758914419.354961,float,C,23.600111307330472,,,,,groundtruth,GroundTruthStream,{'ground_truth': 23.600111307330472},groundtruth.temp-1
observed,temp-1,temp-1-1758914419354,1758914419.354961,1758914419.354961,1758914419.354961,float,C,23.600111307330472,,,,,observed,SimulatedDroppingStream,{'ground_truth': 23.600111307330472},observed.temp-1
reconstructed,temp-1,temp-1-1758914419354,1758914419.354961,1758914419.354961,1758914419.354961,float,C,23.600111307330472,23.142133212145843,observed,1.0,False,observed,SimulatedDroppingStream,{'ground_truth': 23.600111307330472},reconstructed.temp-1
groundtruth,temp-1,temp-1-1758914421355,1758914421.3550622,1758914421.3550622,1758914421.3550622,float,C,24.69145480026431,,,,,groundtruth,GroundTruthStream,{'ground_truth': 24.69145480026431},groundtruth.temp-1
observed,temp-1,temp-1-1758914420347,1758914420.347659,1758914420.354223,1758914420.347659,float,C,,,,,,missing,SimulatedDroppingStream,{},observed.temp-1
reconstructed,temp-1,temp-1-1758914420347,1758914420.347659,1758914420.354223,1758914420.347659,float,C,34.03460306438651,34.03460306438651,KalmanFilter,0.43046793304755515,True,reconstructed,SimulatedDroppingStream,{},reconstructed.temp-1
groundtruth,temp-1,temp-1-1758914422354,1758914422.354563,1758914422.354563,1758914422.354563,float,C,28.426520621537122,,,,,groundtruth,GroundTruthStream,{'ground_truth': 28.426520621537122},groundtruth.temp-1
observed,temp-1,temp-1-1758914421355,1758914421.3550622,1758914421.3550622,1758914421.3550622,float,C,24.69145480026431,,,,,observed,SimulatedDroppingStream,{'ground_truth': 24.69145480026431},observed.temp-1
reconstructed,temp-1,temp-1-1758914421355,1758914421.3550622,1758914421.3550622,1758914421.3550622,float,C,24.69145480026431,25.036420789336688,observed,1.0,False,observed,SimulatedDroppingStream,{'ground_truth': 24.69145480026431},reconstructed.temp-1
groundtruth,temp-1,temp-1-1758914423354,1758914423.3545914,1758914423.3545914,1758914423.3545914,float,C,25.836078681025526,,,,,groundtruth,GroundTruthStream,{'ground_truth': 25.836078681025526},groundtruth.temp-1
observed,temp-1,temp-1-1758914422354,1758914422.354563,1758914422.354563,1758914422.354563,float,C,28.426520621537122,,,,,observed,SimulatedDroppingStream,{'ground_truth': 28.426520621537122},observed.temp-1
reconstructed,temp-1,temp-1-1758914422354,1758914422.354563,1758914422.354563,1758914422.354563,float,C,28.426520621537122,28.107746497771878,observed,1.0,False,observed,SimulatedDroppingStream,{'ground_truth': 28.426520621537122},reconstructed.temp-1
groundtruth,temp-1,temp-1-1758914425351,1758914425.3519502,1758914425.3519502,1758914425.3519502,float,C,20.36961551261663,,,,,groundtruth,GroundTruthStream,{'ground_truth': 20.36961551261663},groundtruth.temp-1
observed,temp-1,temp-1-1758914423354,1758914423.3545914,1758914423.3545914,1758914423.3545914,float,C,25.836078681025526,,,,,observed,SimulatedDroppingStream,{'ground_truth': 25.836078681025526},observed.temp-1
reconstructed,temp-1,temp-1-1758914423354,1758914423.3545914,1758914423.3545914,1758914423.3545914,float,C,25.836078681025526,26.362003754376996,observed,1.0,False,observed,SimulatedDroppingStream,{'ground_truth': 25.836078681025526},reconstructed.temp-1
groundtruth,temp-1,temp-1-1758914426353,1758914426.353688,1758914426.353688,1758914426.353688,float,C,20.133888375543815,,,,,groundtruth,GroundTruthStream,{'ground_truth': 20.133888375543815},groundtruth.temp-1
observed,temp-1,temp-1-1758914424347,1758914424.347659,1758914424.354909,1758914424.347659,float,C,,,,,,missing,SimulatedDroppingStream,{},observed.temp-1
reconstructed,temp-1,temp-1-1758914424347,1758914424.347659,1758914424.354909,1758914424.347659,float,C,24.606213375400966,24.606213375400966,KalmanFilter,0.5884487744119128,True,reconstructed,SimulatedDroppingStream,{},reconstructed.temp-1
groundtruth,temp-1,temp-1-1758914427359,1758914427.3594015,1758914427.3594015,1758914427.3594015,float,C,19.005852598822376,,,,,groundtruth,GroundTruthStream,{'ground_truth': 19.005852598822376},groundtruth.temp-1
observed,temp-1,temp-1-1758914425351,1758914425.3519502,1758914425.3519502,1758914425.3519502,float,C,20.36961551261663,,,,,observed,SimulatedDroppingStream,{'ground_truth': 20.36961551261663},observed.temp-1
reconstructed,temp-1,temp-1-1758914425351,1758914425.3519502,1758914425.3519502,1758914425.3519502,float,C,20.36961551261663,20.409282684367014,observed,1.0,False,observed,SimulatedDroppingStream,{'ground_truth': 20.36961551261663},reconstructed.temp-1
groundtruth,temp-1,temp-1-1758914429352,1758914429.352047,1758914429.352047,1758914429.352047,float,C,24.809167637267016,,,,,groundtruth,GroundTruthStream,{'ground_truth': 24.809167637267016},groundtruth.temp-1
observed,temp-1,temp-1-1758914426353,1758914426.353688,1758914426.353688,1758914426.353688,float,C,20.133888375543815,,,,,observed,SimulatedDroppingStream,{'ground_truth': 20.133888375543815},observed.temp-1
reconstructed,temp-1,temp-1-1758914426353,1758914426.353688,1758914426.353688,1758914426.353688,float,C,20.133888375543815,19.51533371338275,observed,1.0,False,observed,SimulatedDroppingStream,{'ground_truth': 20.133888375543815},reconstructed.temp-1
groundtruth,temp-1,temp-1-1758914430355,1758914430.3556683,1758914430.3556683,1758914430.3556683,float,C,29.377548662779624,,,,,groundtruth,GroundTruthStream,{'ground_truth': 29.377548662779624},groundtruth.temp-1
observed,temp-1,temp-1-1758914427359,1758914427.3594015,1758914427.3594015,1758914427.3594015,float,C,19.005852598822376,,,,,observed,SimulatedDroppingStream,{'ground_truth': 19.005852598822376},observed.temp-1
reconstructed,temp-1,temp-1-1758914427359,1758914427.3594015,1758914427.3594015,1758914427.3594015,float,C,19.005852598822376,18.769354120763616,observed,1.0,False,observed,SimulatedDroppingStream,{'ground_truth': 19.005852598822376},reconstructed.temp-1
groundtruth,temp-1,temp-1-1758914433356,1758914433.3560028,1758914433.3560028,1758914433.3560028,float,C,17.098931007060397,,,,,groundtruth,GroundTruthStream,{'ground_truth': 17.098931007060397},groundtruth.temp-1
observed,temp-1,temp-1-1758914428347,1758914428.347659,1758914428.3489044,1758914428.347659,float,C,,,,,,missing,SimulatedDroppingStream,{},observed.temp-1
reconstructed,temp-1,temp-1-1758914428347,1758914428.347659,1758914428.3489044,1758914428.347659,float,C,17.78959498396533,17.78959498396533,KalmanFilter,0.5926821884972657,True,reconstructed,SimulatedDroppingStream,{},reconstructed.temp-1
groundtruth,temp-1,temp-1-1758914434358,1758914434.3587663,1758914434.3587663,1758914434.3587663,float,C,16.916584827762055,,,,,groundtruth,GroundTruthStream,{'ground_truth': 16.916584827762055},groundtruth.temp-1
observed,temp-1,temp-1-1758914429352,1758914429.352047,1758914429.352047,1758914429.352047,float,C,24.809167637267016,,,,,observed,SimulatedDroppingStream,{'ground_truth': 24.809167637267016},observed.temp-1
reconstructed,temp-1,temp-1-1758914429352,1758914429.352047,1758914429.352047,1758914429.352047,float,C,24.809167637267016,24.559550642164353,observed,1.0,False,observed,SimulatedDroppingStream,{'ground_truth': 24.809167637267016},reconstructed.temp-1
groundtruth,temp-1,temp-1-1758914435359,1758914435.3597088,1758914435.3597088,1758914435.3597088,float,C,28.09476259615089,,,,,groundtruth,GroundTruthStream,{'ground_truth': 28.09476259615089},groundtruth.temp-1
observed,temp-1,temp-1-1758914430355,1758914430.3556683,1758914430.3556683,1758914430.3556683,float,C,29.377548662779624,,,,,observed,SimulatedDroppingStream,{'ground_truth': 29.377548662779624},observed.temp-1
reconstructed,temp-1,temp-1-1758914430355,1758914430.3556683,1758914430.3556683,1758914430.3556683,float,C,29.377548662779624,29.389407587362363,observed,1.0,False,observed,SimulatedDroppingStream,{'ground_truth': 29.377548662779624},reconstructed.temp-1
groundtruth,temp-1,temp-1-1758914437358,1758914437.3586218,1758914437.3586218,1758914437.3586218,float,C,20.3651828453618,,,,,groundtruth,GroundTruthStream,{'ground_truth': 20.3651828453618},groundtruth.temp-1
observed,temp-1,temp-1-1758914431347,1758914431.347659,1758914431.3595963,1758914431.347659,float,C,,,,,,missing,SimulatedDroppingStream,{},observed.temp-1
reconstructed,temp-1,temp-1-1758914431347,1758914431.347659,1758914431.3595963,1758914431.347659,float,C,35.854266517016065,35.854266517016065,KalmanFilter,0.5839625536105953,True,reconstructed,SimulatedDroppingStream,{},reconstructed.temp-1
groundtruth,temp-1,temp-1-1758914441361,1758914441.3617358,1758914441.3617358,1758914441.3617358,float,C,21.613807374021693,,,,,groundtruth,GroundTruthStream,{'ground_truth': 21.613807374021693},groundtruth.temp-1
observed,temp-1,temp-1-1758914432347,1758914432.347659,1758914432.3508341,1758914432.347659,float,C,,,,,,missing,SimulatedDroppingStream,{},observed.temp-1
reconstructed,temp-1,temp-1-1758914432347,1758914432.347659,1758914432.3508341,1758914432.347659,float,C,43.928559995861065,43.928559995861065,KalmanFilter,0.24137664573931628,True,reconstructed,SimulatedDroppingStream,{},reconstructed.temp-1
groundtruth,temp-1,temp-1-1758914444356,1758914444.356288,1758914444.356288,1758914444.356288,float,C,21.066053623322407,,,,,groundtruth,GroundTruthStream,{'ground_truth': 21.066053623322407},groundtruth.temp-1
observed,temp-1,temp-1-1758914433356,1758914433.3560028,1758914433.3560028,1758914433.3560028,float,C,17.098931007060397,,,,,observed,SimulatedDroppingStream,{'ground_truth': 17.098931007060397},observed.temp-1
reconstructed,temp-1,temp-1-1758914433356,1758914433.3560028,1758914433.3560028,1758914433.3560028,float,C,17.098931007060397,17.474307426370743,observed,1.0,False,observed,SimulatedDroppingStream,{'ground_truth': 17.098931007060397},reconstructed.temp-1
groundtruth,temp-1,temp-1-1758914445361,1758914445.3614247,1758914445.3614247,1758914445.3614247,float,C,16.86167123631588,,,,,groundtruth,GroundTruthStream,{'ground_truth': 16.86167123631588},groundtruth.temp-1
observed,temp-1,temp-1-1758914434358,1758914434.3587663,1758914434.3587663,1758914434.3587663,float,C,16.916584827762055,,,,,observed,SimulatedDroppingStream,{'ground_truth': 16.916584827762055},observed.temp-1
reconstructed,temp-1,temp-1-1758914434358,1758914434.3587663,1758914434.3587663,1758914434.3587663,float,C,16.916584827762055,15.94744025107028,observed,1.0,False,observed,SimulatedDroppingStream,{'ground_truth': 16.916584827762055},reconstructed.temp-1
groundtruth,temp-1,temp-1-1758914446361,1758914446.3616238,1758914446.3616238,1758914446.3616238,float,C,29.812444688772427,,,,,groundtruth,GroundTruthStream,{'ground_truth': 29.812444688772427},groundtruth.temp-1
observed,temp-1,temp-1-1758914435359,1758914435.3597088,1758914435.3597088,1758914435.3597088,float,C,28.09476259615089,,,,,observed,SimulatedDroppingStream,{'ground_truth': 28.09476259615089},observed.temp-1
reconstructed,temp-1,temp-1-1758914435359,1758914435.3597088,1758914435.3597088,1758914435.3597088,float,C,28.09476259615089,26.237290573196752,observed,1.0,False,observed,SimulatedDroppingStream,{'ground_truth': 28.09476259615089},reconstructed.temp-1
groundtruth,temp-1,temp-1-1758914448349,1758914448.3494198,1758914448.3494198,1758914448.3494198,float,C,17.94002557763773,,,,,groundtruth,GroundTruthStream,{'ground_truth': 17.94002557763773},groundtruth.temp-1
observed,temp-1,temp-1-1758914436347,1758914436.347659,1758914436.3536227,1758914436.347659,float,C,,,,,,missing,SimulatedDroppingStream,{},observed.temp-1
reconstructed,temp-1,temp-1-1758914436347,1758914436.347659,1758914436.3536227,1758914436.347659,float,C,35.98093894751914,35.98093894751914,KalmanFilter,0.5905227007384611,True,reconstructed,SimulatedDroppingStream,{},reconstructed.temp-1
groundtruth,temp-1,temp-1-1758914449352,1758914449.3520942,1758914449.3520942,1758914449.3520942,float,C,28.393273843386602,,,,,groundtruth,GroundTruthStream,{'ground_truth': 28.393273843386602},groundtruth.temp-1
observed,temp-1,temp-1-1758914437358,1758914437.3586218,1758914437.3586218,1758914437.3586218,float,C,20.3651828453618,,,,,observed,SimulatedDroppingStream,{'ground_truth': 20.3651828453618},observed.temp-1
reconstructed,temp-1,temp-1-1758914437358,1758914437.3586218,1758914437.3586218,1758914437.3586218,float,C,20.3651828453618,21.30231440184628,observed,1.0,False,observed,SimulatedDroppingStream,{'ground_truth': 20.3651828453618},reconstructed.temp-1
groundtruth,temp-1,temp-1-1758914450358,1758914450.3585477,1758914450.3585477,1758914450.3585477,float,C,18.78253553497116,,,,,groundtruth,GroundTruthStream,{'ground_truth': 18.78253553497116},groundtruth.temp-1
observed,temp-1,temp-1-1758914438347,1758914438.347659,1758914438.358037,1758914438.347659,float,C,,,,,,missing,SimulatedDroppingStream,{},observed.temp-1
reconstructed,temp-1,temp-1-1758914438347,1758914438.347659,1758914438.358037,1758914438.347659,float,C,18.520218156363008,18.520218156363008,KalmanFilter,0.5956510619571909,True,reconstructed,SimulatedDroppingStream,{},reconstructed.temp-1
groundtruth,temp-1,temp-1-1758914451362,1758914451.362469,1758914451.362469,1758914451.362469,float,C,28.486747785451612,,,,,groundtruth,GroundTruthStream,{'ground_truth': 28.486747785451612},groundtruth.temp-1
observed,temp-1,temp-1-1758914439347,1758914439.347659,1758914439.358484,1758914439.347659,float,C,,,,,,missing,SimulatedDroppingStream,{},observed.temp-1
reconstructed,temp-1,temp-1-1758914439347,1758914439.347659,1758914439.358484,1758914439.347659,float,C,14.42924832805755,14.42924832805755,KalmanFilter,0.2477494309798182,True,reconstructed,SimulatedDroppingStream,{},reconstructed.temp-1
groundtruth,temp-1,temp-1-1758914452349,1758914452.3494372,1758914452.3494372,1758914452.3494372,float,C,19.002318895908488,,,,,groundtruth,GroundTruthStream,{'ground_truth': 19.002318895908488},groundtruth.temp-1
observed,temp-1,temp-1-1758914440347,1758914440.347659,1758914440.3577816,1758914440.347659,float,C,,,,,,missing,SimulatedDroppingStream,{},observed.temp-1
reconstructed,temp-1,temp-1-1758914440347,1758914440.347659,1758914440.3577816,1758914440.347659,float,C,9.029404916929906,9.029404916929906,KalmanFilter,0.0957642667212039,True,reconstructed,SimulatedDroppingStream,{},reconstructed.temp-1
groundtruth,temp-1,temp-1-1758914453353,1758914453.353759,1758914453.353759,1758914453.353759,float,C,17.452863193328525,,,,,groundtruth,GroundTruthStream,{'ground_truth': 17.452863193328525},groundtruth.temp-1
observed,temp-1,temp-1-1758914441361,1758914441.3617358,1758914441.3617358,1758914441.3617358,float,C,21.613807374021693,,,,,observed,SimulatedDroppingStream,{'ground_truth': 21.613807374021693},observed.temp-1
reconstructed,temp-1,temp-1-1758914441361,1758914441.3617358,1758914441.3617358,1758914441.3617358,float,C,21.613807374021693,21.532078032587343,observed,1.0,False,observed,SimulatedDroppingStream,{'ground_truth': 21.613807374021693},reconstructed.temp-1
groundtruth,temp-1,temp-1-1758914454361,1758914454.3610036,1758914454.3610036,1758914454.3610036,float,C,16.24097971123248,,,,,groundtruth,GroundTruthStream,{'ground_truth': 16.24097971123248},groundtruth.temp-1
observed,temp-1,temp-1-1758914442347,1758914442.347659,1758914442.3515706,1758914442.347659,float,C,,,,,,missing,SimulatedDroppingStream,{},observed.temp-1
reconstructed,temp-1,temp-1-1758914442347,1758914442.347659,1758914442.3515706,1758914442.347659,float,C,22.270460613666838,22.270460613666838,KalmanFilter,0.5351131245788316,True,reconstructed,SimulatedDroppingStream,{},reconstructed.temp-1
groundtruth,temp-1,temp-1-1758914455354,1758914455.3542428,1758914455.3542428,1758914455.3542428,float,C,18.880406227263098,,,,,groundtruth,GroundTruthStream,{'ground_truth': 18.880406227263098},groundtruth.temp-1
observed,temp-1,temp-1-1758914443347,1758914443.347659,1758914443.3508918,1758914443.347659,float,C,,,,,,missing,SimulatedDroppingStream,{},observed.temp-1
reconstructed,temp-1,temp-1-1758914443347,1758914443.347659,1758914443.3508918,1758914443.347659,float,C,23.33026633392771,23.33026633392771,KalmanFilter,0.19095445685898027,True,reconstructed,SimulatedDroppingStream,{},reconstructed.temp-1
groundtruth,temp-1,temp-1-1758914457349,1758914457.3498094,1758914457.3498094,1758914457.3498094,float,C,23.070634780489932,,,,,groundtruth,GroundTruthStream,{'ground_truth': 23.070634780489932},groundtruth.temp-1
observed,temp-1,temp-1-1758914444356,1758914444.356288,1758914444.356288,1758914444.356288,float,C,21.066053623322407,,,,,observed,SimulatedDroppingStream,{'ground_truth': 21.066053623322407},observed.temp-1
reconstructed,temp-1,temp-1-1758914444356,1758914444.356288,1758914444.356288,1758914444.356288,float,C,21.066053623322407,21.093506181278812,observed,1.0,False,observed,SimulatedDroppingStream,{'ground_truth': 21.066053623322407},reconstructed.temp-1
groundtruth,temp-1,temp-1-1758914459360,1758914459.3609297,1758914459.3609297,1758914459.3609297,float,C,29.432874466172148,,,,,groundtruth,GroundTruthStream,{'ground_truth': 29.432874466172148},groundtruth.temp-1
observed,temp-1,temp-1-1758914445361,1758914445.3614247,1758914445.3614247,1758914445.3614247,float,C,16.86167123631588,,,,,observed,SimulatedDroppingStream,{'ground_truth': 16.86167123631588},observed.temp-1
reconstructed,temp-1,temp-1-1758914445361,1758914445.3614247,1758914445.3614247,1758914445.3614247,float,C,16.86167123631588,17.32722406086008,observed,1.0,False,observed,SimulatedDroppingStream,{'ground_truth': 16.86167123631588},reconstructed.temp-1
groundtruth,temp-1,temp-1-1758914460350,1758914460.3509586,1758914460.3509586,1758914460.3509586,float,C,24.17784572509317,,,,,groundtruth,GroundTruthStream,{'ground_truth': 24.17784572509317},groundtruth.temp-1
observed,temp-1,temp-1-1758914446361,1758914446.3616238,1758914446.3616238,1758914446.3616238,float,C,29.812444688772427,,,,,observed,SimulatedDroppingStream,{'ground_truth': 29.812444688772427},observed.temp-1
reconstructed,temp-1,temp-1-1758914446361,1758914446.3616238,1758914446.3616238,1758914446.3616238,float,C,29.812444688772427,27.915659838100346,observed,1.0,False,observed,SimulatedDroppingStream,{'ground_truth': 29.812444688772427},reconstructed.temp-1
groundtruth,temp-1,temp-1-1758914461361,1758914461.3619306,1758914461.3619306,1758914461.3619306,float,C,19.942650230239913,,,,,groundtruth,GroundTruthStream,{'ground_truth': 19.942650230239913},groundtruth.temp-1
observed,temp-1,temp-1-1758914447347,1758914447.347659,1758914447.3632722,1758914447.347659,float,C,,,,,,missing,SimulatedDroppingStream,{},observed.temp-1
reconstructed,temp-1,temp-1-1758914447347,1758914447.347659,1758914447.3632722,1758914447.347659,float,C,37.22124518686702,37.22124518686702,KalmanFilter,0.5897621901382116,True,reconstructed,SimulatedDroppingStream,{},reconstructed.temp-1
groundtruth,temp-1,temp-1-1758914463355,1758914463.3559813,1758914463.3559813,1758914463.3559813,float,C,20.492504681300623,,,,,groundtruth,GroundTruthStream,{'ground_truth': 20.492504681300623},groundtruth.temp-1
observed,temp-1,temp-1-1758914448349,1758914448.3494198,1758914448.3494198,1758914448.3494198,float,C,17.94002557763773,,,,,observed,SimulatedDroppingStream,{'ground_truth': 17.94002557763773},observed.temp-1
reconstructed,temp-1,temp-1-1758914448349,1758914448.3494198,1758914448.3494198,1758914448.3494198,float,C,17.94002557763773,18.956623752617624,observed,1.0,False,observed,SimulatedDroppingStream,{'ground_truth': 17.94002557763773},reconstructed.temp-1
groundtruth,temp-1,temp-1-1758914464350,1758914464.3504736,1758914464.3504736,1758914464.3504736,float,C,21.581552056987654,,,,,groundtruth,GroundTruthStream,{'ground_truth': 21.581552056987654},groundtruth.temp-1
observed,temp-1,temp-1-1758914449352,1758914449.3520942,1758914449.3520942,1758914449.3520942,float,C,28.393273843386602,,,,,observed,SimulatedDroppingStream,{'ground_truth': 28.393273843386602},observed.temp-1
reconstructed,temp-1,temp-1-1758914449352,1758914449.3520942,1758914449.3520942,1758914449.3520942,float,C,28.393273843386602,26.375167356939933,observed,1.0,False,observed,SimulatedDroppingStream,{'ground_truth': 28.393273843386602},reconstructed.temp-1
groundtruth,temp-1,temp-1-1758914465355,1758914465.3554034,1758914465.3554034,1758914465.3554034,float,C,22.288879465901353,,,,,groundtruth,GroundTruthStream,{'ground_truth': 22.288879465901353},groundtruth.temp-1
observed,temp-1,temp-1-1758914450358,1758914450.3585477,1758914450.3585477,1758914450.3585477,float,C,18.78253553497116,,,,,observed,SimulatedDroppingStream,{'ground_truth': 18.78253553497116},observed.temp-1
reconstructed,temp-1,temp-1-1758914450358,1758914450.3585477,1758914450.3585477,1758914450.3585477,float,C,18.78253553497116,20.299511147262837,observed,1.0,False,observed,SimulatedDroppingStream,{'ground_truth': 18.78253553497116},reconstructed.temp-1
groundtruth,temp-1,temp-1-1758914466358,1758914466.3583484,1758914466.3583484,1758914466.3583484,float,C,28.204172231998562,,,,,groundtruth,GroundTruthStream,{'ground_truth': 28.204172231998562},groundtruth.temp-1
observed,temp-1,temp-1-1758914451362,1758914451.362469,1758914451.362469,1758914451.362469,float,C,28.486747785451612,,,,,observed,SimulatedDroppingStream,{'ground_truth': 28.486747785451612},observed.temp-1
reconstructed,temp-1,temp-1-1758914451362,1758914451.362469,1758914451.362469,1758914451.362469,float,C,28.486747785451612,26.9132642831609,observed,1.0,False,observed,SimulatedDroppingStream,{'ground_truth': 28.486747785451612},reconstructed.temp-1
groundtruth,temp-1,temp-1-1758914468350,1758914468.350418,1758914468.350418,1758914468.350418,float,C,19.300484539585696,,,,,groundtruth,GroundTruthStream,{'ground_truth': 19.300484539585696},groundtruth.temp-1
observed,temp-1,temp-1-1758914452349,1758914452.3494372,1758914452.3494372,1758914452.3494372,float,C,19.002318895908488,,,,,observed,SimulatedDroppingStream,{'ground_truth': 19.002318895908488},observed.temp-1
reconstructed,temp-1,temp-1-1758914452349,1758914452.3494372,1758914452.3494372,1758914452.3494372,float,C,19.002318895908488,20.631912732510315,observed,1.0,False,observed,SimulatedDroppingStream,{'ground_truth': 19.002318895908488},reconstructed.temp-1
groundtruth,temp-1,temp-1-1758914469352,1758914469.352598,1758914469.352598,1758914469.352598,float,C,26.731420757506392,,,,,groundtruth,GroundTruthStream,{'ground_truth': 26.731420757506392},groundtruth.temp-1
observed,temp-1,temp-1-1758914453353,1758914453.353759,1758914453.353759,1758914453.353759,float,C,17.452863193328525,,,,,observed,SimulatedDroppingStream,{'ground_truth': 17.452863193328525},observed.temp-1
reconstructed,temp-1,temp-1-1758914453353,1758914453.353759,1758914453.353759,1758914453.353759,float,C,17.452863193328525,17.31426496468596,observed,1.0,False,observed,SimulatedDroppingStream,{'ground_truth': 17.452863193328525},reconstructed.temp-1
groundtruth,temp-1,temp-1-1758914471352,1758914471.3529782,1758914471.3529782,1758914471.3529782,float,C,20.74981415491197,,,,,groundtruth,GroundTruthStream,{'ground_truth': 20.74981415491197},groundtruth.temp-1
observed,temp-1,temp-1-1758914454361,1758914454.3610036,1758914454.3610036,1758914454.3610036,float,C,16.24097971123248,,,,,observed,SimulatedDroppingStream,{'ground_truth': 16.24097971123248},observed.temp-1
reconstructed,temp-1,temp-1-1758914454361,1758914454.3610036,1758914454.3610036,1758914454.3610036,float,C,16.24097971123248,15.743088301789365,observed,1.0,False,observed,SimulatedDroppingStream,{'ground_truth': 16.24097971123248},reconstructed.temp-1
groundtruth,temp-1,temp-1-1758914474357,1758914474.3577693,1758914474.3577693,1758914474.3577693,float,C,24.066350194136334,,,,,groundtruth,GroundTruthStream,{'ground_truth': 24.066350194136334},groundtruth.temp-1
observed,temp-1,temp-1-1758914455354,1758914455.3542428,1758914455.3542428,1758914455.3542428,float,C,18.880406227263098,,,,,observed,SimulatedDroppingStream,{'ground_truth': 18.880406227263098},observed.temp-1
reconstructed,temp-1,temp-1-1758914455354,1758914455.3542428,1758914455.3542428,1758914455.3542428,float,C,18.880406227263098,18.08808887783013,observed,1.0,False,observed,SimulatedDroppingStream,{'ground_truth': 18.880406227263098},reconstructed.temp-1
groundtruth,temp-1,temp-1-1758914475360,1758914475.3604553,1758914475.3604553,1758914475.3604553,float,C,24.79944783260147,,,,,groundtruth,GroundTruthStream,{'ground_truth': 24.79944783260147},groundtruth.temp-1
observed,temp-1,temp-1-1758914456347,1758914456.347659,1758914456.3636866,1758914456.347659,float,C,,,,,,missing,SimulatedDroppingStream,{},observed.temp-1
reconstructed,temp-1,temp-1-1758914456347,1758914456.347659,1758914456.3636866,1758914456.347659,float,C,19.916262686255514,19.916262686255514,KalmanFilter,0.5974119093094473,True,reconstructed,SimulatedDroppingStream,{},reconstructed.temp-1
groundtruth,temp-1,temp-1-1758914476353,1758914476.3539972,1758914476.3539972,1758914476.3539972,float,C,22.797453389210627,,,,,groundtruth,GroundTruthStream,{'ground_truth': 22.797453389210627},groundtruth.temp-1
observed,temp-1,temp-1-1758914457349,1758914457.3498094,1758914457.3498094,1758914457.3498094,float,C,23.070634780489932,,,,,observed,SimulatedDroppingStream,{'ground_truth': 23.070634780489932},observed.temp-1
reconstructed,temp-1,temp-1-1758914457349,1758914457.3498094,1758914457.3498094,1758914457.3498094,float,C,23.070634780489932,23.067625776219757,observed,1.0,False,observed,SimulatedDroppingStream,{'ground_truth': 23.070634780489932},reconstructed.temp-1
groundtruth,temp-1,temp-1-1758914477349,1758914477.349579,1758914477.349579,1758914477.349579,float,C,17.00344185887807,,,,,groundtruth,GroundTruthStream,{'ground_truth': 17.00344185887807},groundtruth.temp-1
observed,temp-1,temp-1-1758914458347,1758914458.347659,1758914458.3513103,1758914458.347659,float,C,,,,,,missing,SimulatedDroppingStream,{},observed.temp-1
reconstructed,temp-1,temp-1-1758914458347,1758914458.347659,1758914458.3513103,1758914458.347659,float,C,27.428514194000126,27.428514194000126,KalmanFilter,0.5964112138637926,True,reconstructed,SimulatedDroppingStream,{},reconstructed.temp-1
groundtruth,temp-1,temp-1-1758914479362,1758914479.3629549,1758914479.3629549,1758914479.3629549,float,C,21.028549560952825,,,,,groundtruth,GroundTruthStream,{'ground_truth': 21.028549560952825},groundtruth.temp-1
observed,temp-1,temp-1-1758914459360,1758914459.3609297,1758914459.3609297,1758914459.3609297,float,C,29.432874466172148,,,,,observed,SimulatedDroppingStream,{'ground_truth': 29.432874466172148},observed.temp-1
reconstructed,temp-1,temp-1-1758914459360,1758914459.3609297,1758914459.3609297,1758914459.3609297,float,C,29.432874466172148,29.548553666683926,observed,1.0,False,observed,SimulatedDroppingStream,{'ground_truth': 29.432874466172148},reconstructed.temp-1
groundtruth,temp-1,temp-1-1758914480357,1758914480.3570619,1758914480.3570619,1758914480.3570619,float,C,18.633945276754577,,,,,groundtruth,GroundTruthStream,{'ground_truth': 18.633945276754577},groundtruth.temp-1
observed,temp-1,temp-1-1758914460350,1758914460.3509586,1758914460.3509586,1758914460.3509586,float,C,24.17784572509317,,,,,observed,SimulatedDroppingStream,{'ground_truth': 24.17784572509317},observed.temp-1
reconstructed,temp-1,temp-1-1758914460350,1758914460.3509586,1758914460.3509586,1758914460.3509586,float,C,24.17784572509317,25.40359251416766,observed,1.0,False,observed,SimulatedDroppingStream,{'ground_truth': 24.17784572509317},reconstructed.temp-1
groundtruth,temp-1,temp-1-1758914481350,1758914481.3507142,1758914481.3507142,1758914481.3507142,float,C,23.05198793466665,,,,,groundtruth,GroundTruthStream,{'ground_truth': 23.05198793466665},groundtruth.temp-1
observed,temp-1,temp-1-1758914461361,1758914461.3619306,1758914461.3619306,1758914461.3619306,float,C,19.942650230239913,,,,,observed,SimulatedDroppingStream,{'ground_truth': 19.942650230239913},observed.temp-1
reconstructed,temp-1,temp-1-1758914461361,1758914461.3619306,1758914461.3619306,1758914461.3619306,float,C,19.942650230239913,20.197376842502408,observed,1.0,False,observed,SimulatedDroppingStream,{'ground_truth': 19.942650230239913},reconstructed.temp-1
groundtruth,temp-1,temp-1-1758914482363,1758914482.3635488,1758914482.3635488,1758914482.3635488,float,C,29.177256332095563,,,,,groundtruth,GroundTruthStream,{'ground_truth': 29.177256332095563},groundtruth.temp-1
observed,temp-1,temp-1-1758914462347,1758914462.347659,1758914462.3522959,1758914462.347659,float,C,,,,,,missing,SimulatedDroppingStream,{},observed.temp-1
reconstructed,temp-1,temp-1-1758914462347,1758914462.347659,1758914462.3522959,1758914462.347659,float,C,13.125600354525451,13.125600354525451,KalmanFilter,0.5929212448592877,True,reconstructed,SimulatedDroppingStream,{},reconstructed.temp-1
groundtruth,temp-1,temp-1-1758914484350,1758914484.350421,1758914484.350421,1758914484.350421,float,C,28.354750184011007,,,,,groundtruth,GroundTruthStream,{'ground_truth': 28.354750184011007},groundtruth.temp-1
observed,temp-1,temp-1-1758914463355,1758914463.3559813,1758914463.3559813,1758914463.3559813,float,C,20.492504681300623,,,,,observed,SimulatedDroppingStream,{'ground_truth': 20.492504681300623},observed.temp-1
reconstructed,temp-1,temp-1-1758914463355,1758914463.3559813,1758914463.3559813,1758914463.3559813,float,C,20.492504681300623,19.945629560368697,observed,1.0,False,observed,SimulatedDroppingStream,{'ground_truth': 20.492504681300623},reconstructed.temp-1
groundtruth,temp-1,temp-1-1758914486355,1758914486.355562,1758914486.355562,1758914486.355562,float,C,15.617658305906872,,,,,groundtruth,GroundTruthStream,{'ground_truth': 15.617658305906872},groundtruth.temp-1
observed,temp-1,temp-1-1758914464350,1758914464.3504736,1758914464.3504736,1758914464.3504736,float,C,21.581552056987654,,,,,observed,SimulatedDroppingStream,{'ground_truth': 21.581552056987654},observed.temp-1
reconstructed,temp-1,temp-1-1758914464350,1758914464.3504736,1758914464.3504736,1758914464.3504736,float,C,21.581552056987654,21.32982232027994,observed,1.0,False,observed,SimulatedDroppingStream,{'ground_truth': 21.581552056987654},reconstructed.temp-1
groundtruth,temp-1,temp-1-1758914487349,1758914487.3494143,1758914487.3494143,1758914487.3494143,float,C,17.78998601274466,,,,,groundtruth,GroundTruthStream,{'ground_truth': 17.78998601274466},groundtruth.temp-1
observed,temp-1,temp-1-1758914465355,1758914465.3554034,1758914465.3554034,1758914465.3554034,float,C,22.288879465901353,,,,,observed,SimulatedDroppingStream,{'ground_truth': 22.288879465901353},observed.temp-1
reconstructed,temp-1,temp-1-1758914465355,1758914465.3554034,1758914465.3554034,1758914465.3554034,float,C,22.288879465901353,22.39887717853896,observed,1.0,False,observed,SimulatedDroppingStream,{'ground_truth': 22.288879465901353},reconstructed.temp-1
groundtruth,temp-1,temp-1-1758914489363,1758914489.3635807,1758914489.3635807,1758914489.3635807,float,C,25.74054213222902,,,,,groundtruth,GroundTruthStream,{'ground_truth': 25.74054213222902},groundtruth.temp-1
observed,temp-1,temp-1-1758914466358,1758914466.3583484,1758914466.3583484,1758914466.3583484,float,C,28.204172231998562,,,,,observed,SimulatedDroppingStream,{'ground_truth': 28.204172231998562},observed.temp-1
reconstructed,temp-1,temp-1-1758914466358,1758914466.3583484,1758914466.3583484,1758914466.3583484,float,C,28.204172231998562,27.73266636263213,observed,1.0,False,observed,SimulatedDroppingStream,{'ground_truth': 28.204172231998562},reconstructed.temp-1
groundtruth,temp-1,temp-1-1758914490355,1758914490.3555763,1758914490.3555763,1758914490.3555763,float,C,26.49228388005931,,,,,groundtruth,GroundTruthStream,{'ground_truth': 26.49228388005931},groundtruth.temp-1
observed,temp-1,temp-1-1758914467347,1758914467.347659,1758914467.3609507,1758914467.347659,float,C,,,,,,missing,SimulatedDroppingStream,{},observed.temp-1
reconstructed,temp-1,temp-1-1758914467347,1758914467.347659,1758914467.3609507,1758914467.347659,float,C,33.72840980340418,33.72840980340418,KalmanFilter,0.5971871712672817,True,reconstructed,SimulatedDroppingStream,{},reconstructed.temp-1
groundtruth,temp-1,temp-1-1758914492358,1758914492.3581612,1758914492.3581612,1758914492.3581612,float,C,24.367447811916804,,,,,groundtruth,GroundTruthStream,{'ground_truth': 24.367447811916804},groundtruth.temp-1
observed,temp-1,temp-1-1758914468350,1758914468.350418,1758914468.350418,1758914468.350418,float,C,19.300484539585696,,,,,observed,SimulatedDroppingStream,{'ground_truth': 19.300484539585696},observed.temp-1
reconstructed,temp-1,temp-1-1758914468350,1758914468.350418,1758914468.350418,1758914468.350418,float,C,19.300484539585696,20.029369719656593,observed,1.0,False,observed,SimulatedDroppingStream,{'ground_truth': 19.300484539585696},reconstructed.temp-1
groundtruth,temp-1,temp-1-1758914493351,1758914493.351483,1758914493.351483,1758914493.351483,float,C,20.627113624612115,,,,,groundtruth,GroundTruthStream,{'ground_truth': 20.627113624612115},groundtruth.temp-1
observed,temp-1,temp-1-1758914469352,1758914469.352598,1758914469.352598,1758914469.352598,float,C,26.731420757506392,,,,,observed,SimulatedDroppingStream,{'ground_truth': 26.731420757506392},observed.temp-1
reconstructed,temp-1,temp-1-1758914469352,1758914469.352598,1758914469.352598,1758914469.352598,float,C,26.731420757506392,25.117058615159166,observed,1.0,False,observed,SimulatedDroppingStream,{'ground_truth': 26.731420757506392},reconstructed.temp-1
groundtruth,temp-1,temp-1-1758914495351,1758914495.3511577,1758914495.3511577,1758914495.3511577,float,C,16.06364166026206,,,,,groundtruth,GroundTruthStream,{'ground_truth': 16.06364166026206},groundtruth.temp-1
observed,temp-1,temp-1-1758914470347,1758914470.347659,1758914470.3584309,1758914470.347659,float,C,,,,,,missing,SimulatedDroppingStream,{},observed.temp-1
reconstructed,temp-1,temp-1-1758914470347,1758914470.347659,1758914470.3584309,1758914470.347659,float,C,27.80833912099956,27.80833912099956,KalmanFilter,0.5841589145100207,True,reconstructed,SimulatedDroppingStream,{},reconstructed.temp-1
groundtruth,temp-1,temp-1-1758914496358,1758914496.3582735,1758914496.3582735,1758914496.3582735,float,C,26.372136811977093,,,,,groundtruth,GroundTruthStream,{'ground_truth': 26.372136811977093},groundtruth.temp-1
observed,temp-1,temp-1-1758914471352,1758914471.3529782,1758914471.3529782,1758914471.3529782,float,C,20.74981415491197,,,,,observed,SimulatedDroppingStream,{'ground_truth': 20.74981415491197},observed.temp-1
reconstructed,temp-1,temp-1-1758914471352,1758914471.3529782,1758914471.3529782,1758914471.3529782,float,C,20.74981415491197,21.084349066547787,observed,1.0,False,observed,SimulatedDroppingStream,{'ground_truth': 20.74981415491197},reconstructed.temp-1
groundtruth,temp-1,temp-1-1758914497361,1758914497.3614798,1758914497.3614798,1758914497.3614798,float,C,21.63809446352696,,,,,groundtruth,GroundTruthStream,{'ground_truth': 21.63809446352696},groundtruth.temp-1
observed,temp-1,temp-1-1758914472347,1758914472.347659,1758914472.361302,1758914472.347659,float,C,,,,,,missing,SimulatedDroppingStream,{},observed.temp-1
reconstructed,temp-1,temp-1-1758914472347,1758914472.347659,1758914472.361302,1758914472.347659,float,C,18.450139613945698,18.450139613945698,KalmanFilter,0.5961872720227842,True,reconstructed,SimulatedDroppingStream,{},reconstructed.temp-1
groundtruth,temp-1,temp-1-1758914498349,1758914498.34975,1758914498.34975,1758914498.34975,float,C,22.7276314602933,,,,,groundtruth,GroundTruthStream,{'ground_truth': 22.7276314602933},groundtruth.temp-1
observed,temp-1,temp-1-1758914473347,1758914473.347659,1758914473.3511534,1758914473.347659,float,C,,,,,,missing,SimulatedDroppingStream,{},observed.temp-1
reconstructed,temp-1,temp-1-1758914473347,1758914473.347659,1758914473.3511534,1758914473.347659,float,C,15.018020991184004,15.018020991184004,KalmanFilter,0.24881754958909674,True,reconstructed,SimulatedDroppingStream,{},reconstructed.temp-1
groundtruth,temp-1,temp-1-1758914499354,1758914499.3548522,1758914499.3548522,1758914499.3548522,float,C,15.19157069926756,,,,,groundtruth,GroundTruthStream,{'ground_truth': 15.19157069926756},groundtruth.temp-1
observed,temp-1,temp-1-1758914474357,1758914474.3577693,1758914474.3577693,1758914474.3577693,float,C,24.066350194136334,,,,,observed,SimulatedDroppingStream,{'ground_truth': 24.066350194136334},observed.temp-1
reconstructed,temp-1,temp-1-1758914474357,1758914474.3577693,1758914474.3577693,1758914474.3577693,float,C,24.066350194136334,23.92623662945313,observed,1.0,False,observed,SimulatedDroppingStream,{'ground_truth': 24.066350194136334},reconstructed.temp-1
groundtruth,temp-1,temp-1-1758914500361,1758914500.3617437,1758914500.3617437,1758914500.3617437,float,C,17.61592039903914,,,,,groundtruth,GroundTruthStream,{'ground_truth': 17.61592039903914},groundtruth.temp-1
observed,temp-1,temp-1-1758914475360,1758914475.3604553,1758914475.3604553,1758914475.3604553,float,C,24.79944783260147,,,,,observed,SimulatedDroppingStream,{'ground_truth': 24.79944783260147},observed.temp-1
reconstructed,temp-1,temp-1-1758914475360,1758914475.3604553,1758914475.3604553,1758914475.3604553,float,C,24.79944783260147,24.972278506097858,observed,1.0,False,observed,SimulatedDroppingStream,{'ground_truth': 24.79944783260147},reconstructed.temp-1
groundtruth,temp-1,temp-1-1758914501350,1758914501.3506358,1758914501.3506358,1758914501.3506358,float,C,23.090499513487476,,,,,groundtruth,GroundTruthStream,{'ground_truth': 23.090499513487476},groundtruth.temp-1
observed,temp-1,temp-1-1758914476353,1758914476.3539972,1758914476.3539972,1758914476.3539972,float,C,22.797453389210627,,,,,observed,SimulatedDroppingStream,{'ground_truth': 22.797453389210627},observed.temp-1
reconstructed,temp-1,temp-1-1758914476353,1758914476.3539972,1758914476.3539972,1758914476.3539972,float,C,22.797453389210627,23.255954270233804,observed,1.0,False,observed,SimulatedDroppingStream,{'ground_truth': 22.797453389210627},reconstructed.temp-1
groundtruth,temp-1,temp-1-1758914502357,1758914502.3578002,1758914502.3578002,1758914502.3578002,float,C,16.696847674688872,,,,,groundtruth,GroundTruthStream,{'ground_truth': 16.696847674688872},groundtruth.temp-1
observed,temp-1,temp-1-1758914477349,1758914477.349579,1758914477.349579,1758914477.349579,float,C,17.00344185887807,,,,,observed,SimulatedDroppingStream,{'ground_truth': 17.00344185887807},observed.temp-1
reconstructed,temp-1,temp-1-1758914477349,1758914477.349579,1758914477.349579,1758914477.349579,float,C,17.00344185887807,17.628772383661044,observed,1.0,False,observed,SimulatedDroppingStream,{'ground_truth': 17.00344185887807},reconstructed.temp-1
groundtruth,temp-1,temp-1-1758914503350,1758914503.3506327,1758914503.3506327,1758914503.3506327,float,C,25.70987061274563,,,,,groundtruth,GroundTruthStream,{'ground_truth': 25.70987061274563},groundtruth.temp-1
observed,temp-1,temp-1-1758914478347,1758914478.347659,1758914478.3546185,1758914478.347659,float,C,,,,,,missing,SimulatedDroppingStream,{},observed.temp-1
reconstructed,temp-1,temp-1-1758914478347,1758914478.347659,1758914478.3546185,1758914478.347659,float,C,11.544413899169001,11.544413899169001,KalmanFilter,0.5970392851350841,True,reconstructed,SimulatedDroppingStream,{},reconstructed.temp-1
groundtruth,temp-1,temp-1-1758914507352,1758914507.3528137,1758914507.3528137,1758914507.3528137,float,C,23.99974980124078,,,,,groundtruth,GroundTruthStream,{'ground_truth': 23.99974980124078},groundtruth.temp-1
observed,temp-1,temp-1-1758914479362,1758914479.3629549,1758914479.3629549,1758914479.3629549,float,C,21.028549560952825,,,,,observed,SimulatedDroppingStream,{'ground_truth': 21.028549560952825},observed.temp-1
reconstructed,temp-1,temp-1-1758914479362,1758914479.3629549,1758914479.3629549,1758914479.3629549,float,C,21.028549560952825,20.455443739061412,observed,1.0,False,observed,SimulatedDroppingStream,{'ground_truth': 21.028549560952825},reconstructed.temp-1
groundtruth,temp-1,temp-1-1758914508361,1758914508.3616273,1758914508.3616273,1758914508.3616273,float,C,16.799444840427753,,,,,groundtruth,GroundTruthStream,{'ground_truth': 16.799444840427753},groundtruth.temp-1
observed,temp-1,temp-1-1758914480357,1758914480.3570619,1758914480.3570619,1758914480.3570619,float,C,18.633945276754577,,,,,observed,SimulatedDroppingStream,{'ground_truth': 18.633945276754577},observed.temp-1
reconstructed,temp-1,temp-1-1758914480357,1758914480.3570619,1758914480.3570619,1758914480.3570619,float,C,18.633945276754577,19.15329214751424,observed,1.0,False,observed,SimulatedDroppingStream,{'ground_truth': 18.633945276754577},reconstructed.temp-1
groundtruth,temp-1,temp-1-1758914509360,1758914509.3609588,1758914509.3609588,1758914509.3609588,float,C,17.558620455630745,,,,,groundtruth,GroundTruthStream,{'ground_truth': 17.558620455630745},groundtruth.temp-1
observed,temp-1,temp-1-1758914481350,1758914481.3507142,1758914481.3507142,1758914481.3507142,float,C,23.05198793466665,,,,,observed,SimulatedDroppingStream,{'ground_truth': 23.05198793466665},observed.temp-1
reconstructed,temp-1,temp-1-1758914481350,1758914481.3507142,1758914481.3507142,1758914481.3507142,float,C,23.05198793466665,22.56765196879659,observed,1.0,False,observed,SimulatedDroppingStream,{'ground_truth': 23.05198793466665},reconstructed.temp-1
groundtruth,temp-1,temp-1-1758914510351,1758914510.3510175,1758914510.3510175,1758914510.3510175,float,C,19.922045546579536,,,,,groundtruth,GroundTruthStream,{'ground_truth': 19.922045546579536},groundtruth.temp-1
observed,temp-1,temp-1-1758914482363,1758914482.3635488,1758914482.3635488,1758914482.3635488,float,C,29.177256332095563,,,,,observed,SimulatedDroppingStream,{'ground_truth': 29.177256332095563},observed.temp-1
reconstructed,temp-1,temp-1-1758914482363,1758914482.3635488,1758914482.3635488,1758914482.3635488,float,C,29.177256332095563,28.781819098433676,observed,1.0,False,observed,SimulatedDroppingStream,{'ground_truth': 29.177256332095563},reconstructed.temp-1
groundtruth,temp-1,temp-1-1758914511357,1758914511.3575976,1758914511.3575976,1758914511.3575976,float,C,25.75112768690481,,,,,groundtruth,GroundTruthStream,{'ground_truth': 25.75112768690481},groundtruth.temp-1
observed,temp-1,temp-1-1758914483347,1758914483.347659,1758914483.3571115,1758914483.347659,float,C,,,,,,missing,SimulatedDroppingStream,{},observed.temp-1
reconstructed,temp-1,temp-1-1758914483347,1758914483.347659,1758914483.3571115,1758914483.347659,float,C,36.0583559280029,36.0583559280029,KalmanFilter,0.5972143022796552,True,reconstructed,SimulatedDroppingStream,{},reconstructed.temp-1
groundtruth,temp-1,temp-1-1758914512351,1758914512.351607,1758914512.351607,1758914512.351607,float,C,23.38738026033924,,,,,groundtruth,GroundTruthStream,{'ground_truth': 23.38738026033924},groundtruth.temp-1
observed,temp-1,temp-1-1758914484350,1758914484.350421,1758914484.350421,1758914484.350421,float,C,28.354750184011007,,,,,observed,SimulatedDroppingStream,{'ground_truth': 28.354750184011007},observed.temp-1
reconstructed,temp-1,temp-1-1758914484350,1758914484.350421,1758914484.350421,1758914484.350421,float,C,28.354750184011007,28.912053117640458,observed,1.0,False,observed,SimulatedDroppingStream,{'ground_truth': 28.354750184011007},reconstructed.temp-1
groundtruth,temp-1,temp-1-1758914513355,1758914513.3550456,1758914513.3550456,1758914513.3550456,float,C,25.355306518470947,,,,,groundtruth,GroundTruthStream,{'ground_truth': 25.355306518470947},groundtruth.temp-1
observed,temp-1,temp-1-1758914485347,1758914485.347659,1758914485.3637621,1758914485.347659,float,C,,,,,,missing,SimulatedDroppingStream,{},observed.temp-1
reconstructed,temp-1,temp-1-1758914485347,1758914485.347659,1758914485.3637621,1758914485.347659,float,C,28.400722344823173,28.400722344823173,KalmanFilter,0.5961169410425661,True,reconstructed,SimulatedDroppingStream,{},reconstructed.temp-1
groundtruth,temp-1,temp-1-1758914514356,1758914514.3568325,1758914514.3568325,1758914514.3568325,float,C,16.176594680127813,,,,,groundtruth,GroundTruthStream,{'ground_truth': 16.176594680127813},groundtruth.temp-1
observed,temp-1,temp-1-1758914486355,1758914486.355562,1758914486.355562,1758914486.355562,float,C,15.617658305906872,,,,,observed,SimulatedDroppingStream,{'ground_truth': 15.617658305906872},observed.temp-1
reconstructed,temp-1,temp-1-1758914486355,1758914486.355562,1758914486.355562,1758914486.355562,float,C,15.617658305906872,15.977775260045652,observed,1.0,False,observed,SimulatedDroppingStream,{'ground_truth': 15.617658305906872},reconstructed.temp-1
groundtruth,temp-1,temp-1-1758914517350,1758914517.3509078,1758914517.3509078,1758914517.3509078,float,C,23.006339668082283,,,,,groundtruth,GroundTruthStream,{'ground_truth': 23.006339668082283},groundtruth.temp-1
observed,temp-1,temp-1-1758914487349,1758914487.3494143,1758914487.3494143,1758914487.3494143,float,C,17.78998601274466,,,,,observed,SimulatedDroppingStream,{'ground_truth': 17.78998601274466},observed.temp-1
reconstructed,temp-1,temp-1-1758914487349,1758914487.3494143,1758914487.3494143,1758914487.3494143,float,C,17.78998601274466,16.2424133035974,observed,1.0,False,observed,SimulatedDroppingStream,{'ground_truth': 17.78998601274466},reconstructed.temp-1
groundtruth,temp-1,temp-1-1758914520357,1758914520.3574605,1758914520.3574605,1758914520.3574605,float,C,22.03624017500042,,,,,groundtruth,GroundTruthStream,{'ground_truth': 22.03624017500042},groundtruth.temp-1
observed,temp-1,temp-1-1758914488347,1758914488.347659,1758914488.3580067,1758914488.347659,float,C,,,,,,missing,SimulatedDroppingStream,{},observed.temp-1
reconstructed,temp-1,temp-1-1758914488347,1758914488.347659,1758914488.3580067,1758914488.347659,float,C,13.289242541926695,13.289242541926695,KalmanFilter,0.5833791173880354,True,reconstructed,SimulatedDroppingStream,{},reconstructed.temp-1
groundtruth,temp-1,temp-1-1758914521361,1758914521.361997,1758914521.361997,1758914521.361997,float,C,21.220686458794695,,,,,groundtruth,GroundTruthStream,{'ground_truth': 21.220686458794695},groundtruth.temp-1
observed,temp-1,temp-1-1758914489363,1758914489.3635807,1758914489.3635807,1758914489.3635807,float,C,25.74054213222902,,,,,observed,SimulatedDroppingStream,{'ground_truth': 25.74054213222902},observed.temp-1
reconstructed,temp-1,temp-1-1758914489363,1758914489.3635807,1758914489.3635807,1758914489.3635807,float,C,25.74054213222902,25.270002329730985,observed,1.0,False,observed,SimulatedDroppingStream,{'ground_truth': 25.74054213222902},reconstructed.temp-1
groundtruth,temp-1,temp-1-1758914522355,1758914522.3552134,1758914522.3552134,1758914522.3552134,float,C,16.68129958189521,,,,,groundtruth,GroundTruthStream,{'ground_truth': 16.68129958189521},groundtruth.temp-1
observed,temp-1,temp-1-1758914490355,1758914490.3555763,1758914490.3555763,1758914490.3555763,float,C,26.49228388005931,,,,,observed,SimulatedDroppingStream,{'ground_truth': 26.49228388005931},observed.temp-1
reconstructed,temp-1,temp-1-1758914490355,1758914490.3555763,1758914490.3555763,1758914490.3555763,float,C,26.49228388005931,27.347490749859958,observed,1.0,False,observed,SimulatedDroppingStream,{'ground_truth': 26.49228388005931},reconstructed.temp-1
groundtruth,temp-1,temp-1-1758914523348,1758914523.3485334,1758914523.3485334,1758914523.3485334,float,C,23.279103205199355,,,,,groundtruth,GroundTruthStream,{'ground_truth': 23.279103205199355},groundtruth.temp-1
observed,temp-1,temp-1-1758914491347,1758914491.347659,1758914491.3636043,1758914491.347659,float,C,,,,,,missing,SimulatedDroppingStream,{},observed.temp-1
reconstructed,temp-1,temp-1-1758914491347,1758914491.347659,1758914491.3636043,1758914491.347659,float,C,32.33813715078699,32.33813715078699,KalmanFilter,0.5839868750546136,True,reconstructed,SimulatedDroppingStream,{},reconstructed.temp-1
groundtruth,temp-1,temp-1-1758914524355,1758914524.3554606,1758914524.3554606,1758914524.3554606,float,C,28.91148623939756,,,,,groundtruth,GroundTruthStream,{'ground_truth': 28.91148623939756},groundtruth.temp-1
observed,temp-1,temp-1-1758914492358,1758914492.3581612,1758914492.3581612,1758914492.3581612,float,C,24.367447811916804,,,,,observed,SimulatedDroppingStream,{'ground_truth': 24.367447811916804},observed.temp-1
reconstructed,temp-1,temp-1-1758914492358,1758914492.3581612,1758914492.3581612,1758914492.3581612,float,C,24.367447811916804,24.799897164669556,observed,1.0,False,observed,SimulatedDroppingStream,{'ground_truth': 24.367447811916804},reconstructed.temp-1
groundtruth,temp-1,temp-1-1758914525352,1758914525.352435,1758914525.352435,1758914525.352435,float,C,19.23955303443558,,,,,groundtruth,GroundTruthStream,{'ground_truth': 19.23955303443558},groundtruth.temp-1
observed,temp-1,temp-1-1758914493351,1758914493.351483,1758914493.351483,1758914493.351483,float,C,20.627113624612115,,,,,observed,SimulatedDroppingStream,{'ground_truth': 20.627113624612115},observed.temp-1
reconstructed,temp-1,temp-1-1758914493351,1758914493.351483,1758914493.351483,1758914493.351483,float,C,20.627113624612115,20.830766420446373,observed,1.0,False,observed,SimulatedDroppingStream,{'ground_truth': 20.627113624612115},reconstructed.temp-1
groundtruth,temp-1,temp-1-1758914526359,1758914526.359885,1758914526.359885,1758914526.359885,float,C,21.730315913990232,,,,,groundtruth,GroundTruthStream,{'ground_truth': 21.730315913990232},groundtruth.temp-1
observed,temp-1,temp-1-1758914494347,1758914494.347659,1758914494.3604543,1758914494.347659,float,C,,,,,,missing,SimulatedDroppingStream,{},observed.temp-1
reconstructed,temp-1,temp-1-1758914494347,1758914494.347659,1758914494.3604543,1758914494.347659,float,C,15.517278274512734,15.517278274512734,KalmanFilter,0.58420252104799,True,reconstructed,SimulatedDroppingStream,{},reconstructed.temp-1
groundtruth,temp-1,temp-1-1758914527351,1758914527.3517065,1758914527.3517065,1758914527.3517065,float,C,21.535998236972745,,,,,groundtruth,GroundTruthStream,{'ground_truth': 21.535998236972745},groundtruth.temp-1
observed,temp-1,temp-1-1758914495351,1758914495.3511577,1758914495.3511577,1758914495.3511577,float,C,16.06364166026206,,,,,observed,SimulatedDroppingStream,{'ground_truth': 16.06364166026206},observed.temp-1
reconstructed,temp-1,temp-1-1758914495351,1758914495.3511577,1758914495.3511577,1758914495.3511577,float,C,16.06364166026206,15.827716224597584,observed,1.0,False,observed,SimulatedDroppingStream,{'ground_truth': 16.06364166026206},reconstructed.temp-1
groundtruth,temp-1,temp-1-1758914528361,1758914528.3619285,1758914528.3619285,1758914528.3619285,float,C,26.283658201230345,,,,,groundtruth,GroundTruthStream,{'ground_truth': 26.283658201230345},groundtruth.temp-1
observed,temp-1,temp-1-1758914496358,1758914496.3582735,1758914496.3582735,1758914496.3582735,float,C,26.372136811977093,,,,,observed,SimulatedDroppingStream,{'ground_truth': 26.372136811977093},observed.temp-1
reconstructed,temp-1,temp-1-1758914496358,1758914496.3582735,1758914496.3582735,1758914496.3582735,float,C,26.372136811977093,24.55453915214978,observed,1.0,False,observed,SimulatedDroppingStream,{'ground_truth': 26.372136811977093},reconstructed.temp-1
groundtruth,temp-1,temp-1-1758914530348,1758914530.3482473,1758914530.3482473,1758914530.3482473,float,C,19.49053781542906,,,,,groundtruth,GroundTruthStream,{'ground_truth': 19.49053781542906},groundtruth.temp-1
observed,temp-1,temp-1-1758914497361,1758914497.3614798,1758914497.3614798,1758914497.3614798,float,C,21.63809446352696,,,,,observed,SimulatedDroppingStream,{'ground_truth': 21.63809446352696},observed.temp-1
reconstructed,temp-1,temp-1-1758914497361,1758914497.3614798,1758914497.3614798,1758914497.3614798,float,C,21.63809446352696,22.982286772515796,observed,1.0,False,observed,SimulatedDroppingStream,{'ground_truth': 21.63809446352696},reconstructed.temp-1
groundtruth,temp-1,temp-1-1758914531354,1758914531.3545978,1758914531.3545978,1758914531.3545978,float,C,22.666451400465377,,,,,groundtruth,GroundTruthStream,{'ground_truth': 22.666451400465377},groundtruth.temp-1
observed,temp-1,temp-1-1758914498349,1758914498.34975,1758914498.34975,1758914498.34975,float,C,22.7276314602933,,,,,observed,SimulatedDroppingStream,{'ground_truth': 22.7276314602933},observed.temp-1
reconstructed,temp-1,temp-1-1758914498349,1758914498.34975,1758914498.34975,1758914498.34975,float,C,22.7276314602933,22.987476386706803,observed,1.0,False,observed,SimulatedDroppingStream,{'ground_truth': 22.7276314602933},reconstructed.temp-1
groundtruth,temp-1,temp-1-1758914532363,1758914532.3636806,1758914532.3636806,1758914532.3636806,float,C,18.827423379225124,,,,,groundtruth,GroundTruthStream,{'ground_truth': 18.827423379225124},groundtruth.temp-1
observed,temp-1,temp-1-1758914499354,1758914499.3548522,1758914499.3548522,1758914499.3548522,float,C,15.19157069926756,,,,,observed,SimulatedDroppingStream,{'ground_truth': 15.19157069926756},observed.temp-1
reconstructed,temp-1,temp-1-1758914499354,1758914499.3548522,1758914499.3548522,1758914499.3548522,float,C,15.19157069926756,16.255189452921325,observed,1.0,False,observed,SimulatedDroppingStream,{'ground_truth': 15.19157069926756},reconstructed.temp-1
groundtruth,temp-1,temp-1-1758914533352,1758914533.3520918,1758914533.3520918,1758914533.3520918,float,C,23.40664374522593,,,,,groundtruth,GroundTruthStream,{'ground_truth': 23.40664374522593},groundtruth.temp-1
observed,temp-1,temp-1-1758914500361,1758914500.3617437,1758914500.3617437,1758914500.3617437,float,C,17.61592039903914,,,,,observed,SimulatedDroppingStream,{'ground_truth': 17.61592039903914},observed.temp-1
reconstructed,temp-1,temp-1-1758914500361,1758914500.3617437,1758914500.3617437,1758914500.3617437,float,C,17.61592039903914,16.586513035509327,observed,1.0,False,observed,SimulatedDroppingStream,{'ground_truth': 17.61592039903914},reconstructed.temp-1
groundtruth,temp-1,temp-1-1758914534360,1758914534.3603618,1758914534.3603618,1758914534.3603618,float,C,23.515453336430085,,,,,groundtruth,GroundTruthStream,{'ground_truth': 23.515453336430085},groundtruth.temp-1
observed,temp-1,temp-1-1758914501350,1758914501.3506358,1758914501.3506358,1758914501.3506358,float,C,23.090499513487476,,,,,observed,SimulatedDroppingStream,{'ground_truth': 23.090499513487476},observed.temp-1
reconstructed,temp-1,temp-1-1758914501350,1758914501.3506358,1758914501.3506358,1758914501.3506358,float,C,23.090499513487476,21.973554189153447,observed,1.0,False,observed,SimulatedDroppingStream,{'ground_truth': 23.090499513487476},reconstructed.temp-1
groundtruth,temp-1,temp-1-1758914535358,1758914535.3586955,1758914535.3586955,1758914535.3586955,float,C,15.607367042610937,,,,,groundtruth,GroundTruthStream,{'ground_truth': 15.607367042610937},groundtruth.temp-1
observed,temp-1,temp-1-1758914502357,1758914502.3578002,1758914502.3578002,1758914502.3578002,float,C,16.696847674688872,,,,,observed,SimulatedDroppingStream,{'ground_truth': 16.696847674688872},observed.temp-1
reconstructed,temp-1,temp-1-1758914502357,1758914502.3578002,1758914502.3578002,1758914502.3578002,float,C,16.696847674688872,18.013314876930366,observed,1.0,False,observed,SimulatedDroppingStream,{'ground_truth': 16.696847674688872},reconstructed.temp-1
groundtruth,temp-1,temp-1-1758914536351,1758914536.3514092,1758914536.3514092,1758914536.3514092,float,C,19.148599654803586,,,,,groundtruth,GroundTruthStream,{'ground_truth': 19.148599654803586},groundtruth.temp-1
observed,temp-1,temp-1-1758914503350,1758914503.3506327,1758914503.3506327,1758914503.3506327,float,C,25.70987061274563,,,,,observed,SimulatedDroppingStream,{'ground_truth': 25.70987061274563},observed.temp-1
reconstructed,temp-1,temp-1-1758914503350,1758914503.3506327,1758914503.3506327,1758914503.3506327,float,C,25.70987061274563,24.502936614909178,observed,1.0,False,observed,SimulatedDroppingStream,{'ground_truth': 25.70987061274563},reconstructed.temp-1
groundtruth,temp-1,temp-1-1758914537360,1758914537.3609986,1758914537.3609986,1758914537.3609986,float,C,16.563247948191005,,,,,groundtruth,GroundTruthStream,{'ground_truth': 16.563247948191005},groundtruth.temp-1
observed,temp-1,temp-1-1758914504347,1758914504.347659,1758914504.3575375,1758914504.347659,float,C,,,,,,missing,SimulatedDroppingStream,{},observed.temp-1
reconstructed,temp-1,temp-1-1758914504347,1758914504.347659,1758914504.3575375,1758914504.347659,float,C,30.105162710209267,30.105162710209267,KalmanFilter,0.5974363856568188,True,reconstructed,SimulatedDroppingStream,{},reconstructed.temp-1
groundtruth,temp-1,temp-1-1758914539354,1758914539.3543007,1758914539.3543007,1758914539.3543007,float,C,23.063701812074072,,,,,groundtruth,GroundTruthStream,{'ground_truth': 23.063701812074072},groundtruth.temp-1
observed,temp-1,temp-1-1758914505347,1758914505.347659,1758914505.363171,1758914505.347659,float,C,,,,,,missing,SimulatedDroppingStream,{},observed.temp-1
reconstructed,temp-1,temp-1-1758914505347,1758914505.347659,1758914505.363171,1758914505.347659,float,C,37.4877074274124,37.4877074274124,KalmanFilter,0.2540099477248015,True,reconstructed,SimulatedDroppingStream,{},reconstructed.temp-1
groundtruth,temp-1,temp-1-1758914540361,1758914540.3612652,1758914540.3612652,1758914540.3612652,float,C,17.780501116329813,,,,,groundtruth,GroundTruthStream,{'ground_truth': 17.780501116329813},groundtruth.temp-1
observed,temp-1,temp-1-1758914506347,1758914506.347659,1758914506.3540545,1758914506.347659,float,C,,,,,,missing,SimulatedDroppingStream,{},observed.temp-1
reconstructed,temp-1,temp-1-1758914506347,1758914506.347659,1758914506.3540545,1758914506.347659,float,C,46.65057076651858,46.65057076651858,KalmanFilter,0.09980572021717095,True,reconstructed,SimulatedDroppingStream,{},reconstructed.temp-1
groundtruth,temp-1,temp-1-1758914541354,1758914541.3540173,1758914541.3540173,1758914541.3540173,float,C,20.9817184295908,,,,,groundtruth,GroundTruthStream,{'ground_truth': 20.9817184295908},groundtruth.temp-1
observed,temp-1,temp-1-1758914507352,1758914507.3528137,1758914507.3528137,1758914507.3528137,float,C,23.99974980124078,,,,,observed,SimulatedDroppingStream,{'ground_truth': 23.99974980124078},observed.temp-1
reconstructed,temp-1,temp-1-1758914507352,1758914507.3528137,1758914507.3528137,1758914507.3528137,float,C,23.99974980124078,24.14935210978731,observed,1.0,False,observed,SimulatedDroppingStream,{'ground_truth': 23.99974980124078},reconstructed.temp-1
groundtruth,temp-1,temp-1-1758914542362,1758914542.3622506,1758914542.3622506,1758914542.3622506,float,C,28.003097707906946,,,,,groundtruth,GroundTruthStream,{'ground_truth': 28.003097707906946},groundtruth.temp-1
observed,temp-1,temp-1-1758914508361,1758914508.3616273,1758914508.3616273,1758914508.3616273,float,C,16.799444840427753,,,,,observed,SimulatedDroppingStream,{'ground_truth': 16.799444840427753},observed.temp-1
reconstructed,temp-1,temp-1-1758914508361,1758914508.3616273,1758914508.3616273,1758914508.3616273,float,C,16.799444840427753,17.30195839598312,observed,1.0,False,observed,SimulatedDroppingStream,{'ground_truth': 16.799444840427753},reconstructed.temp-1
groundtruth,temp-1,temp-1-1758914543353,1758914543.3536224,1758914543.3536224,1758914543.3536224,float,C,21.112679313848815,,,,,groundtruth,GroundTruthStream,{'ground_truth': 21.112679313848815},groundtruth.temp-1
observed,temp-1,temp-1-1758914509360,1758914509.3609588,1758914509.3609588,1758914509.3609588,float,C,17.558620455630745,,,,,observed,SimulatedDroppingStream,{'ground_truth': 17.558620455630745},observed.temp-1
reconstructed,temp-1,temp-1-1758914509360,1758914509.3609588,1758914509.3609588,1758914509.3609588,float,C,17.558620455630745,16.614865322878558,observed,1.0,False,observed,SimulatedDroppingStream,{'ground_truth': 17.558620455630745},reconstructed.temp-1
groundtruth,temp-1,temp-1-1758914544358,1758914544.3583162,1758914544.3583162,1758914544.3583162,float,C,17.50721071337973,,,,,groundtruth,GroundTruthStream,{'ground_truth': 17.50721071337973},groundtruth.temp-1
observed,temp-1,temp-1-1758914510351,1758914510.3510175,1758914510.3510175,1758914510.3510175,float,C,19.922045546579536,,,,,observed,SimulatedDroppingStream,{'ground_truth': 19.922045546579536},observed.temp-1
reconstructed,temp-1,temp-1-1758914510351,1758914510.3510175,1758914510.3510175,1758914510.3510175,float,C,19.922045546579536,19.098315843404315,observed,1.0,False,observed,SimulatedDroppingStream,{'ground_truth': 19.922045546579536},reconstructed.temp-1
groundtruth,temp-1,temp-1-1758914545348,1758914545.348961,1758914545.348961,1758914545.348961,float,C,18.95027440049783,,,,,groundtruth,GroundTruthStream,{'ground_truth': 18.95027440049783},groundtruth.temp-1
observed,temp-1,temp-1-1758914511357,1758914511.3575976,1758914511.3575976,1758914511.3575976,float,C,25.75112768690481,,,,,observed,SimulatedDroppingStream,{'ground_truth': 25.75112768690481},observed.temp-1
reconstructed,temp-1,temp-1-1758914511357,1758914511.3575976,1758914511.3575976,1758914511.3575976,float,C,25.75112768690481,25.14236496543717,observed,1.0,False,observed,SimulatedDroppingStream,{'ground_truth': 25.75112768690481},reconstructed.temp-1
groundtruth,temp-1,temp-1-1758914546354,1758914546.3545945,1758914546.3545945,1758914546.3545945,float,C,25.188447922551678,,,,,groundtruth,GroundTruthStream,{'ground_truth': 25.188447922551678},groundtruth.temp-1
observed,temp-1,temp-1-1758914512351,1758914512.351607,1758914512.351607,1758914512.351607,float,C,23.38738026033924,,,,,observed,SimulatedDroppingStream,{'ground_truth': 23.38738026033924},observed.temp-1
reconstructed,temp-1,temp-1-1758914512351,1758914512.351607,1758914512.351607,1758914512.351607,float,C,23.38738026033924,24.54097957711405,observed,1.0,False,observed,SimulatedDroppingStream,{'ground_truth': 23.38738026033924},reconstructed.temp-1
groundtruth,temp-1,temp-1-1758914547356,1758914547.3567343,1758914547.3567343,1758914547.3567343,float,C,25.939525561205084,,,,,groundtruth,GroundTruthStream,{'ground_truth': 25.939525561205084},groundtruth.temp-1
observed,temp-1,temp-1-1758914513355,1758914513.3550456,1758914513.3550456,1758914513.3550456,float,C,25.355306518470947,,,,,observed,SimulatedDroppingStream,{'ground_truth': 25.355306518470947},observed.temp-1
reconstructed,temp-1,temp-1-1758914513355,1758914513.3550456,1758914513.3550456,1758914513.3550456,float,C,25.355306518470947,25.530503423147266,observed,1.0,False,observed,SimulatedDroppingStream,{'ground_truth': 25.355306518470947},reconstructed.temp-1
groundtruth,temp-1,temp-1-1758914549356,1758914549.3569975,1758914549.3569975,1758914549.3569975,float,C,27.54601135741184,,,,,groundtruth,GroundTruthStream,{'ground_truth': 27.54601135741184},groundtruth.temp-1
observed,temp-1,temp-1-1758914514356,1758914514.3568325,1758914514.3568325,1758914514.3568325,float,C,16.176594680127813,,,,,observed,SimulatedDroppingStream,{'ground_truth': 16.176594680127813},observed.temp-1
reconstructed,temp-1,temp-1-1758914514356,1758914514.3568325,1758914514.3568325,1758914514.3568325,float,C,16.176594680127813,17.546052394547786,observed,1.0,False,observed,SimulatedDroppingStream,{'ground_truth': 16.176594680127813},reconstructed.temp-1
groundtruth,temp-1,temp-1-1758914551349,1758914551.3490489,1758914551.3490489,1758914551.3490489,float,C,15.57919276706415,,,,,groundtruth,GroundTruthStream,{'ground_truth': 15.57919276706415},groundtruth.temp-1
observed,temp-1,temp-1-1758914515347,1758914515.347659,1758914515.3623855,1758914515.347659,float,C,,,,,,missing,SimulatedDroppingStream,{},observed.temp-1
reconstructed,temp-1,temp-1-1758914515347,1758914515.347659,1758914515.3623855,1758914515.347659,float,C,9.771849169224357,9.771849169224357,KalmanFilter,0.5973964726772792,True,reconstructed,SimulatedDroppingStream,{},reconstructed.temp-1
groundtruth,temp-1,temp-1-1758914552359,1758914552.3592732,1758914552.3592732,1758914552.3592732,float,C,28.675443429976887,,,,,groundtruth,GroundTruthStream,{'ground_truth': 28.675443429976887},groundtruth.temp-1
observed,temp-1,temp-1-1758914516347,1758914516.347659,1758914516.3585901,1758914516.347659,float,C,,,,,,missing,SimulatedDroppingStream,{},observed.temp-1
reconstructed,temp-1,temp-1-1758914516347,1758914516.347659,1758914516.3585901,1758914516.347659,float,C,-0.8216119913449966,-0.8216119913449966,KalmanFilter,0.2539866070097363,True,reconstructed,SimulatedDroppingStream,{},reconstructed.temp-1
groundtruth,temp-1,temp-1-1758914553356,1758914553.3564188,1758914553.3564188,1758914553.3564188,float,C,25.065443267923833,,,,,groundtruth,GroundTruthStream,{'ground_truth': 25.065443267923833},groundtruth.temp-1
observed,temp-1,temp-1-1758914517350,1758914517.3509078,1758914517.3509078,1758914517.3509078,float,C,23.006339668082283,,,,,observed,SimulatedDroppingStream,{'ground_truth': 23.006339668082283},observed.temp-1
reconstructed,temp-1,temp-1-1758914517350,1758914517.3509078,1758914517.3509078,1758914517.3509078,float,C,23.006339668082283,22.598012948736432,observed,1.0,False,observed,SimulatedDroppingStream,{'ground_truth': 23.006339668082283},reconstructed.temp-1
groundtruth,temp-1,temp-1-1758914554362,1758914554.362504,1758914554.362504,1758914554.362504,float,C,25.969137347464358,,,,,groundtruth,GroundTruthStream,{'ground_truth': 25.969137347464358},groundtruth.temp-1
observed,temp-1,temp-1-1758914518347,1758914518.347659,1758914518.3616233,1758914518.347659,float,C,,,,,,missing,SimulatedDroppingStream,{},observed.temp-1
reconstructed,temp-1,temp-1-1758914518347,1758914518.347659,1758914518.3616233,1758914518.347659,float,C,26.867713335922872,26.867713335922872,KalmanFilter,0.5747125562179167,True,reconstructed,SimulatedDroppingStream,{},reconstructed.temp-1
groundtruth,temp-1,temp-1-1758914556353,1758914556.3532393,1758914556.3532393,1758914556.3532393,float,C,29.636684721051058,,,,,groundtruth,GroundTruthStream,{'ground_truth': 29.636684721051058},groundtruth.temp-1
observed,temp-1,temp-1-1758914519347,1758914519.347659,1758914519.3534296,1758914519.347659,float,C,,,,,,missing,SimulatedDroppingStream,{},observed.temp-1
reconstructed,temp-1,temp-1-1758914519347,1758914519.347659,1758914519.3534296,1758914519.347659,float,C,32.74688929940587,32.74688929940587,KalmanFilter,0.22378828953731164,True,reconstructed,SimulatedDroppingStream,{},reconstructed.temp-1
groundtruth,temp-1,temp-1-1758914557355,1758914557.35552,1758914557.35552,1758914557.35552,float,C,20.171919993521502,,,,,groundtruth,GroundTruthStream,{'ground_truth': 20.171919993521502},groundtruth.temp-1
observed,temp-1,temp-1-1758914520357,1758914520.3574605,1758914520.3574605,1758914520.3574605,float,C,22.03624017500042,,,,,observed,SimulatedDroppingStream,{'ground_truth': 22.03624017500042},observed.temp-1
reconstructed,temp-1,temp-1-1758914520357,1758914520.3574605,1758914520.3574605,1758914520.3574605,float,C,22.03624017500042,22.202547381950914,observed,1.0,False,observed,SimulatedDroppingStream,{'ground_truth': 22.03624017500042},reconstructed.temp-1
groundtruth,temp-1,temp-1-1758914558360,1758914558.3600113,1758914558.3600113,1758914558.3600113,float,C,18.816584587222284,,,,,groundtruth,GroundTruthStream,{'ground_truth': 18.816584587222284},groundtruth.temp-1
observed,temp-1,temp-1-1758914521361,1758914521.361997,1758914521.361997,1758914521.361997,float,C,21.220686458794695,,,,,observed,SimulatedDroppingStream,{'ground_truth': 21.220686458794695},observed.temp-1
reconstructed,temp-1,temp-1-1758914521361,1758914521.361997,1758914521.361997,1758914521.361997,float,C,21.220686458794695,21.221811285897108,observed,1.0,False,observed,SimulatedDroppingStream,{'ground_truth': 21.220686458794695},reconstructed.temp-1
groundtruth,temp-1,temp-1-1758914559359,1758914559.35907,1758914559.35907,1758914559.35907,float,C,18.597089780012684,,,,,groundtruth,GroundTruthStream,{'ground_truth': 18.597089780012684},groundtruth.temp-1
observed,temp-1,temp-1-1758914522355,1758914522.3552134,1758914522.3552134,1758914522.3552134,float,C,16.68129958189521,,,,,observed,SimulatedDroppingStream,{'ground_truth': 16.68129958189521},observed.temp-1
reconstructed,temp-1,temp-1-1758914522355,1758914522.3552134,1758914522.3552134,1758914522.3552134,float,C,16.68129958189521,17.033132494880938,observed,1.0,False,observed,SimulatedDroppingStream,{'ground_truth': 16.68129958189521},reconstructed.temp-1
groundtruth,temp-1,temp-1-1758914560360,1758914560.3600116,1758914560.3600116,1758914560.3600116,float,C,21.953148100757076,,,,,groundtruth,GroundTruthStream,{'ground_truth': 21.953148100757076},groundtruth.temp-1
observed,temp-1,temp-1-1758914523348,1758914523.3485334,1758914523.3485334,1758914523.3485334,float,C,23.279103205199355,,,,,observed,SimulatedDroppingStream,{'ground_truth': 23.279103205199355},observed.temp-1
reconstructed,temp-1,temp-1-1758914523348,1758914523.3485334,1758914523.3485334,1758914523.3485334,float,C,23.279103205199355,21.90277526431199,observed,1.0,False,observed,SimulatedDroppingStream,{'ground_truth': 23.279103205199355},reconstructed.temp-1
groundtruth,temp-1,temp-1-1758914561362,1758914561.362043,1758914561.362043,1758914561.362043,float,C,29.377621757706663,,,,,groundtruth,GroundTruthStream,{'ground_truth': 29.377621757706663},groundtruth.temp-1
observed,temp-1,temp-1-1758914524355,1758914524.3554606,1758914524.3554606,1758914524.3554606,float,C,28.91148623939756,,,,,observed,SimulatedDroppingStream,{'ground_truth': 28.91148623939756},observed.temp-1
reconstructed,temp-1,temp-1-1758914524355,1758914524.3554606,1758914524.3554606,1758914524.3554606,float,C,28.91148623939756,28.41931345134205,observed,1.0,False,observed,SimulatedDroppingStream,{'ground_truth': 28.91148623939756},reconstructed.temp-1
groundtruth,temp-1,temp-1-1758914562355,1758914562.3552117,1758914562.3552117,1758914562.3552117,float,C,21.1056905364519,,,,,groundtruth,GroundTruthStream,{'ground_truth': 21.1056905364519},groundtruth.temp-1
observed,temp-1,temp-1-1758914525352,1758914525.352435,1758914525.352435,1758914525.352435,float,C,19.23955303443558,,,,,observed,SimulatedDroppingStream,{'ground_truth': 19.23955303443558},observed.temp-1
reconstructed,temp-1,temp-1-1758914525352,1758914525.352435,1758914525.352435,1758914525.352435,float,C,19.23955303443558,21.431881130572705,observed,1.0,False,observed,SimulatedDroppingStream,{'ground_truth': 19.23955303443558},reconstructed.temp-1
groundtruth,temp-1,temp-1-1758914563358,1758914563.3587246,1758914563.3587246,1758914563.3587246,float,C,25.67292266560097,,,,,groundtruth,GroundTruthStream,{'ground_truth': 25.67292266560097},groundtruth.temp-1
observed,temp-1,temp-1-1758914526359,1758914526.359885,1758914526.359885,1758914526.359885,float,C,21.730315913990232,,,,,observed,SimulatedDroppingStream,{'ground_truth': 21.730315913990232},observed.temp-1
reconstructed,temp-1,temp-1-1758914526359,1758914526.359885,1758914526.359885,1758914526.359885,float,C,21.730315913990232,21.166041662226267,observed,1.0,False,observed,SimulatedDroppingStream,{'ground_truth': 21.730315913990232},reconstructed.temp-1
groundtruth,temp-1,temp-1-1758914564357,1758914564.357834,1758914564.357834,1758914564.357834,float,C,18.216023509154052,,,,,groundtruth,GroundTruthStream,{'ground_truth': 18.216023509154052},groundtruth.temp-1
observed,temp-1,temp-1-1758914527351,1758914527.3517065,1758914527.3517065,1758914527.3517065,float,C,21.535998236972745,,,,,observed,SimulatedDroppingStream,{'ground_truth': 21.535998236972745},observed.temp-1
reconstructed,temp-1,temp-1-1758914527351,1758914527.3517065,1758914527.3517065,1758914527.3517065,float,C,21.535998236972745,21.18646471490913,observed,1.0,False,observed,SimulatedDroppingStream,{'ground_truth': 21.535998236972745},reconstructed.temp-1
groundtruth,temp-1,temp-1-1758914565364,1758914565.3643205,1758914565.3643205,1758914565.3643205,float,C,15.340011209999544,,,,,groundtruth,GroundTruthStream,{'ground_truth': 15.340011209999544},groundtruth.temp-1
observed,temp-1,temp-1-1758914528361,1758914528.3619285,1758914528.3619285,1758914528.3619285,float,C,26.283658201230345,,,,,observed,SimulatedDroppingStream,{'ground_truth': 26.283658201230345},observed.temp-1
reconstructed,temp-1,temp-1-1758914528361,1758914528.3619285,1758914528.3619285,1758914528.3619285,float,C,26.283658201230345,25.51041217336993,observed,1.0,False,observed,SimulatedDroppingStream,{'ground_truth': 26.283658201230345},reconstructed.temp-1
groundtruth,temp-1,temp-1-1758914566360,1758914566.360922,1758914566.360922,1758914566.360922,float,C,19.570862364476962,,,,,groundtruth,GroundTruthStream,{'ground_truth': 19.570862364476962},groundtruth.temp-1
observed,temp-1,temp-1-1758914529347,1758914529.347659,1758914529.3526764,1758914529.347659,float,C,,,,,,missing,SimulatedDroppingStream,{},observed.temp-1
reconstructed,temp-1,temp-1-1758914529347,1758914529.347659,1758914529.3526764,1758914529.347659,float,C,29.51171454696671,29.51171454696671,KalmanFilter,0.5974360774096706,True,reconstructed,SimulatedDroppingStream,{},reconstructed.temp-1
groundtruth,temp-1,temp-1-1758914567362,1758914567.3629167,1758914567.3629167,1758914567.3629167,float,C,17.659720609559567,,,,,groundtruth,GroundTruthStream,{'ground_truth': 17.659720609559567},groundtruth.temp-1
observed,temp-1,temp-1-1758914530348,1758914530.3482473,1758914530.3482473,1758914530.3482473,float,C,19.49053781542906,,,,,observed,SimulatedDroppingStream,{'ground_truth': 19.49053781542906},observed.temp-1
reconstructed,temp-1,temp-1-1758914530348,1758914530.3482473,1758914530.3482473,1758914530.3482473,float,C,19.49053781542906,19.99793811925202,observed,1.0,False,observed,SimulatedDroppingStream,{'ground_truth': 19.49053781542906},reconstructed.temp-1
groundtruth,temp-1,temp-1-1758914568356,1758914568.3560002,1758914568.3560002,1758914568.3560002,float,C,29.94510485500104,,,,,groundtruth,GroundTruthStream,{'ground_truth': 29.94510485500104},groundtruth.temp-1
observed,temp-1,temp-1-1758914531354,1758914531.3545978,1758914531.3545978,1758914531.3545978,float,C,22.666451400465377,,,,,observed,SimulatedDroppingStream,{'ground_truth': 22.666451400465377},observed.temp-1
reconstructed,temp-1,temp-1-1758914531354,1758914531.3545978,1758914531.3545978,1758914531.3545978,float,C,22.666451400465377,21.8254147263228,observed,1.0,False,observed,SimulatedDroppingStream,{'ground_truth': 22.666451400465377},reconstructed.temp-1
groundtruth,temp-1,temp-1-1758914569357,1758914569.3578181,1758914569.3578181,1758914569.3578181,float,C,19.99055653165355,,,,,groundtruth,GroundTruthStream,{'ground_truth': 19.99055653165355},groundtruth.temp-1
observed,temp-1,temp-1-1758914532363,1758914532.3636806,1758914532.3636806,1758914532.3636806,float,C,18.827423379225124,,,,,observed,SimulatedDroppingStream,{'ground_truth': 18.827423379225124},observed.temp-1
reconstructed,temp-1,temp-1-1758914532363,1758914532.3636806,1758914532.3636806,1758914532.3636806,float,C,18.827423379225124,19.244455676637195,observed,1.0,False,observed,SimulatedDroppingStream,{'ground_truth': 18.827423379225124},reconstructed.temp-1
groundtruth,temp-1,temp-1-1758914570360,1758914570.3609123,1758914570.3609123,1758914570.3609123,float,C,18.117868529566508,,,,,groundtruth,GroundTruthStream,{'ground_truth': 18.117868529566508},groundtruth.temp-1
observed,temp-1,temp-1-1758914533352,1758914533.3520918,1758914533.3520918,1758914533.3520918,float,C,23.40664374522593,,,,,observed,SimulatedDroppingStream,{'ground_truth': 23.40664374522593},observed.temp-1
reconstructed,temp-1,temp-1-1758914533352,1758914533.3520918,1758914533.3520918,1758914533.3520918,float,C,23.40664374522593,22.60345199480282,observed,1.0,False,observed,SimulatedDroppingStream,{'ground_truth': 23.40664374522593},reconstructed.temp-1
groundtruth,temp-1,temp-1-1758914573357,1758914573.3570235,1758914573.3570235,1758914573.3570235,float,C,26.955039678568973,,,,,groundtruth,GroundTruthStream,{'ground_truth': 26.955039678568973},groundtruth.temp-1
observed,temp-1,temp-1-1758914534360,1758914534.3603618,1758914534.3603618,1758914534.3603618,float,C,23.515453336430085,,,,,observed,SimulatedDroppingStream,{'ground_truth': 23.515453336430085},observed.temp-1
reconstructed,temp-1,temp-1-1758914534360,1758914534.3603618,1758914534.3603618,1758914534.3603618,float,C,23.515453336430085,23.740542252318637,observed,1.0,False,observed,SimulatedDroppingStream,{'ground_truth': 23.515453336430085},reconstructed.temp-1
groundtruth,temp-1,temp-1-1758914575364,1758914575.3644338,1758914575.3644338,1758914575.3644338,float,C,18.72640889269109,,,,,groundtruth,GroundTruthStream,{'ground_truth': 18.72640889269109},groundtruth.temp-1
observed,temp-1,temp-1-1758914535358,1758914535.3586955,1758914535.3586955,1758914535.3586955,float,C,15.607367042610937,,,,,observed,SimulatedDroppingStream,{'ground_truth': 15.607367042610937},observed.temp-1
reconstructed,temp-1,temp-1-1758914535358,1758914535.3586955,1758914535.3586955,1758914535.3586955,float,C,15.607367042610937,16.953302795365374,observed,1.0,False,observed,SimulatedDroppingStream,{'ground_truth': 15.607367042610937},reconstructed.temp-1
groundtruth,temp-1,temp-1-1758914578348,1758914578.3485591,1758914578.3485591,1758914578.3485591,float,C,18.173710116756236,,,,,groundtruth,GroundTruthStream,{'ground_truth': 18.173710116756236},groundtruth.temp-1
observed,temp-1,temp-1-1758914536351,1758914536.3514092,1758914536.3514092,1758914536.3514092,float,C,19.148599654803586,,,,,observed,SimulatedDroppingStream,{'ground_truth': 19.148599654803586},observed.temp-1
reconstructed,temp-1,temp-1-1758914536351,1758914536.3514092,1758914536.3514092,1758914536.3514092,float,C,19.148599654803586,18.114508217052023,observed,1.0,False,observed,SimulatedDroppingStream,{'ground_truth': 19.148599654803586},reconstructed.temp-1
groundtruth,temp-1,temp-1-1758914579365,1758914579.3653224,1758914579.3653224,1758914579.3653224,float,C,20.389629562197396,,,,,groundtruth,GroundTruthStream,{'ground_truth': 20.389629562197396},groundtruth.temp-1
observed,temp-1,temp-1-1758914537360,1758914537.3609986,1758914537.3609986,1758914537.3609986,float,C,16.563247948191005,,,,,observed,SimulatedDroppingStream,{'ground_truth': 16.563247948191005},observed.temp-1
reconstructed,temp-1,temp-1-1758914537360,1758914537.3609986,1758914537.3609986,1758914537.3609986,float,C,16.563247948191005,16.623097909239434,observed,1.0,False,observed,SimulatedDroppingStream,{'ground_truth': 16.563247948191005},reconstructed.temp-1
groundtruth,temp-1,temp-1-1758914580357,1758914580.3572004,1758914580.3572004,1758914580.3572004,float,C,28.244350353540533,,,,,groundtruth,GroundTruthStream,{'ground_truth': 28.244350353540533},groundtruth.temp-1
observed,temp-1,temp-1-1758914538347,1758914538.347659,1758914538.3510964,1758914538.347659,float,C,,,,,,missing,SimulatedDroppingStream,{},observed.temp-1
reconstructed,temp-1,temp-1-1758914538347,1758914538.347659,1758914538.3510964,1758914538.347659,float,C,15.18322357362814,15.18322357362814,KalmanFilter,0.5974127782829072,True,reconstructed,SimulatedDroppingStream,{},reconstructed.temp-1
groundtruth,temp-1,temp-1-1758914582355,1758914582.355354,1758914582.355354,1758914582.355354,float,C,29.342382961685285,,,,,groundtruth,GroundTruthStream,{'ground_truth': 29.342382961685285},groundtruth.temp-1
observed,temp-1,temp-1-1758914539354,1758914539.3543007,1758914539.3543007,1758914539.3543007,float,C,23.063701812074072,,,,,observed,SimulatedDroppingStream,{'ground_truth': 23.063701812074072},observed.temp-1
reconstructed,temp-1,temp-1-1758914539354,1758914539.3543007,1758914539.3543007,1758914539.3543007,float,C,23.063701812074072,22.75415918800924,observed,1.0,False,observed,SimulatedDroppingStream,{'ground_truth': 23.063701812074072},reconstructed.temp-1
groundtruth,temp-1,temp-1-1758914583354,1758914583.3547125,1758914583.3547125,1758914583.3547125,float,C,22.117918969419026,,,,,groundtruth,GroundTruthStream,{'ground_truth': 22.117918969419026},groundtruth.temp-1
observed,temp-1,temp-1-1758914540361,1758914540.3612652,1758914540.3612652,1758914540.3612652,float,C,17.780501116329813,,,,,observed,SimulatedDroppingStream,{'ground_truth': 17.780501116329813},observed.temp-1
reconstructed,temp-1,temp-1-1758914540361,1758914540.3612652,1758914540.3612652,1758914540.3612652,float,C,17.780501116329813,19.050315922856573,observed,1.0,False,observed,SimulatedDroppingStream,{'ground_truth': 17.780501116329813},reconstructed.temp-1
groundtruth,temp-1,temp-1-1758914585353,1758914585.3530889,1758914585.3530889,1758914585.3530889,float,C,24.65664613401199,,,,,groundtruth,GroundTruthStream,{'ground_truth': 24.65664613401199},groundtruth.temp-1
observed,temp-1,temp-1-1758914541354,1758914541.3540173,1758914541.3540173,1758914541.3540173,float,C,20.9817184295908,,,,,observed,SimulatedDroppingStream,{'ground_truth': 20.9817184295908},observed.temp-1
reconstructed,temp-1,temp-1-1758914541354,1758914541.3540173,1758914541.3540173,1758914541.3540173,float,C,20.9817184295908,20.503617275318,observed,1.0,False,observed,SimulatedDroppingStream,{'ground_truth': 20.9817184295908},reconstructed.temp-1
groundtruth,temp-1,temp-1-1758914586360,1758914586.36052,1758914586.36052,1758914586.36052,float,C,26.765972593271393,,,,,groundtruth,GroundTruthStream,{'ground_truth': 26.765972593271393},groundtruth.temp-1
observed,temp-1,temp-1-1758914542362,1758914542.3622506,1758914542.3622506,1758914542.3622506,float,C,28.003097707906946,,,,,observed,SimulatedDroppingStream,{'ground_truth': 28.003097707906946},observed.temp-1
reconstructed,temp-1,temp-1-1758914542362,1758914542.3622506,1758914542.3622506,1758914542.3622506,float,C,28.003097707906946,27.10165291009261,observed,1.0,False,observed,SimulatedDroppingStream,{'ground_truth': 28.003097707906946},reconstructed.temp-1
groundtruth,temp-1,temp-1-1758914587352,1758914587.3520675,1758914587.3520675,1758914587.3520675,float,C,22.881495086984106,,,,,groundtruth,GroundTruthStream,{'ground_truth': 22.881495086984106},groundtruth.temp-1
observed,temp-1,temp-1-1758914543353,1758914543.3536224,1758914543.3536224,1758914543.3536224,float,C,21.112679313848815,,,,,observed,SimulatedDroppingStream,{'ground_truth': 21.112679313848815},observed.temp-1
reconstructed,temp-1,temp-1-1758914543353,1758914543.3536224,1758914543.3536224,1758914543.3536224,float,C,21.112679313848815,22.71113661662127,observed,1.0,False,observed,SimulatedDroppingStream,{'ground_truth': 21.112679313848815},reconstructed.temp-1
groundtruth,temp-1,temp-1-1758914588363,1758914588.3637376,1758914588.3637376,1758914588.3637376,float,C,27.498257094797765,,,,,groundtruth,GroundTruthStream,{'ground_truth': 27.498257094797765},groundtruth.temp-1
observed,temp-1,temp-1-1758914544358,1758914544.3583162,1758914544.3583162,1758914544.3583162,float,C,17.50721071337973,,,,,observed,SimulatedDroppingStream,{'ground_truth': 17.50721071337973},observed.temp-1
reconstructed,temp-1,temp-1-1758914544358,1758914544.3583162,1758914544.3583162,1758914544.3583162,float,C,17.50721071337973,17.89751290751999,observed,1.0,False,observed,SimulatedDroppingStream,{'ground_truth': 17.50721071337973},reconstructed.temp-1
groundtruth,temp-1,temp-1-1758914590352,1758914590.352642,1758914590.352642,1758914590.352642,float,C,28.933788692330168,,,,,groundtruth,GroundTruthStream,{'ground_truth': 28.933788692330168},groundtruth.temp-1
observed,temp-1,temp-1-1758914545348,1758914545.348961,1758914545.348961,1758914545.348961,float,C,18.95027440049783,,,,,observed,SimulatedDroppingStream,{'ground_truth': 18.95027440049783},observed.temp-1
reconstructed,temp-1,temp-1-1758914545348,1758914545.348961,1758914545.348961,1758914545.348961,float,C,18.95027440049783,18.033155906393127,observed,1.0,False,observed,SimulatedDroppingStream,{'ground_truth': 18.95027440049783},reconstructed.temp-1
groundtruth,temp-1,temp-1-1758914591359,1758914591.3596575,1758914591.3596575,1758914591.3596575,float,C,26.92890833724907,,,,,groundtruth,GroundTruthStream,{'ground_truth': 26.92890833724907},groundtruth.temp-1
observed,temp-1,temp-1-1758914546354,1758914546.3545945,1758914546.3545945,1758914546.3545945,float,C,25.188447922551678,,,,,observed,SimulatedDroppingStream,{'ground_truth': 25.188447922551678},observed.temp-1
reconstructed,temp-1,temp-1-1758914546354,1758914546.3545945,1758914546.3545945,1758914546.3545945,float,C,25.188447922551678,23.982061988676534,observed,1.0,False,observed,SimulatedDroppingStream,{'ground_truth': 25.188447922551678},reconstructed.temp-1
groundtruth,temp-1,temp-1-1758914593358,1758914593.358997,1758914593.358997,1758914593.358997,float,C,21.77851186337388,,,,,groundtruth,GroundTruthStream,{'ground_truth': 21.77851186337388},groundtruth.temp-1
observed,temp-1,temp-1-1758914547356,1758914547.3567343,1758914547.3567343,1758914547.3567343,float,C,25.939525561205084,,,,,observed,SimulatedDroppingStream,{'ground_truth': 25.939525561205084},observed.temp-1
reconstructed,temp-1,temp-1-1758914547356,1758914547.3567343,1758914547.3567343,1758914547.3567343,float,C,25.939525561205084,26.37972682914103,observed,1.0,False,observed,SimulatedDroppingStream,{'ground_truth': 25.939525561205084},reconstructed.temp-1
groundtruth,temp-1,temp-1-1758914594360,1758914594.3602831,1758914594.3602831,1758914594.3602831,float,C,17.163292181745078,,,,,groundtruth,GroundTruthStream,{'ground_truth': 17.163292181745078},groundtruth.temp-1
observed,temp-1,temp-1-1758914548347,1758914548.347659,1758914548.3616338,1758914548.347659,float,C,,,,,,missing,SimulatedDroppingStream,{},observed.temp-1
reconstructed,temp-1,temp-1-1758914548347,1758914548.347659,1758914548.3616338,1758914548.347659,float,C,30.96668348178146,30.96668348178146,KalmanFilter,0.5974366446976805,True,reconstructed,SimulatedDroppingStream,{},reconstructed.temp-1
groundtruth,temp-1,temp-1-1758914595351,1758914595.3515642,1758914595.3515642,1758914595.3515642,float,C,28.01815344752696,,,,,groundtruth,GroundTruthStream,{'ground_truth': 28.01815344752696},groundtruth.temp-1
observed,temp-1,temp-1-1758914549356,1758914549.3569975,1758914549.3569975,1758914549.3569975,float,C,27.54601135741184,,,,,observed,SimulatedDroppingStream,{'ground_truth': 27.54601135741184},observed.temp-1
reconstructed,temp-1,temp-1-1758914549356,1758914549.3569975,1758914549.3569975,1758914549.3569975,float,C,27.54601135741184,27.84974492283119,observed,1.0,False,observed,SimulatedDroppingStream,{'ground_truth': 27.54601135741184},reconstructed.temp-1
groundtruth,temp-1,temp-1-1758914596349,1758914596.3499715,1758914596.3499715,1758914596.3499715,float,C,18.16073885832293,,,,,groundtruth,GroundTruthStream,{'ground_truth': 18.16073885832293},groundtruth.temp-1
observed,temp-1,temp-1-1758914550347,1758914550.347659,1758914550.363692,1758914550.347659,float,C,,,,,,missing,SimulatedDroppingStream,{},observed.temp-1
reconstructed,temp-1,temp-1-1758914550347,1758914550.347659,1758914550.363692,1758914550.347659,float,C,28.5012065010267,28.5012065010267,KalmanFilter,0.5964109300594103,True,reconstructed,SimulatedDroppingStream,{},reconstructed.temp-1
groundtruth,temp-1,temp-1-1758914597351,1758914597.3519883,1758914597.3519883,1758914597.3519883,float,C,16.585644368986184,,,,,groundtruth,GroundTruthStream,{'ground_truth': 16.585644368986184},groundtruth.temp-1
observed,temp-1,temp-1-1758914551349,1758914551.3490489,1758914551.3490489,1758914551.3490489,float,C,15.57919276706415,,,,,observed,SimulatedDroppingStream,{'ground_truth': 15.57919276706415},observed.temp-1
reconstructed,temp-1,temp-1-1758914551349,1758914551.3490489,1758914551.3490489,1758914551.3490489,float,C,15.57919276706415,16.001540753813522,observed,1.0,False,observed,SimulatedDroppingStream,{'ground_truth': 15.57919276706415},reconstructed.temp-1
groundtruth,temp-1,temp-1-1758914598363,1758914598.3630407,1758914598.3630407,1758914598.3630407,float,C,17.18934732741807,,,,,groundtruth,GroundTruthStream,{'ground_truth': 17.18934732741807},groundtruth.temp-1
observed,temp-1,temp-1-1758914552359,1758914552.3592732,1758914552.3592732,1758914552.3592732,float,C,28.675443429976887,,,,,observed,SimulatedDroppingStream,{'ground_truth': 28.675443429976887},observed.temp-1
reconstructed,temp-1,temp-1-1758914552359,1758914552.3592732,1758914552.3592732,1758914552.3592732,float,C,28.675443429976887,25.889246498283867,observed,1.0,False,observed,SimulatedDroppingStream,{'ground_truth': 28.675443429976887},reconstructed.temp-1
groundtruth,temp-1,temp-1-1758914599358,1758914599.3582075,1758914599.3582075,1758914599.3582075,float,C,18.30133034393379,,,,,groundtruth,GroundTruthStream,{'ground_truth': 18.30133034393379},groundtruth.temp-1
observed,temp-1,temp-1-1758914553356,1758914553.3564188,1758914553.3564188,1758914553.3564188,float,C,25.065443267923833,,,,,observed,SimulatedDroppingStream,{'ground_truth': 25.065443267923833},observed.temp-1
reconstructed,temp-1,temp-1-1758914553356,1758914553.3564188,1758914553.3564188,1758914553.3564188,float,C,25.065443267923833,26.00130657644689,observed,1.0,False,observed,SimulatedDroppingStream,{'ground_truth': 25.065443267923833},reconstructed.temp-1
groundtruth,temp-1,temp-1-1758914600359,1758914600.3596258,1758914600.3596258,1758914600.3596258,float,C,23.17154417156553,,,,,groundtruth,GroundTruthStream,{'ground_truth': 23.17154417156553},groundtruth.temp-1
observed,temp-1,temp-1-1758914554362,1758914554.362504,1758914554.362504,1758914554.362504,float,C,25.969137347464358,,,,,observed,SimulatedDroppingStream,{'ground_truth': 25.969137347464358},observed.temp-1
reconstructed,temp-1,temp-1-1758914554362,1758914554.362504,1758914554.362504,1758914554.362504,float,C,25.969137347464358,26.378965832026083,observed,1.0,False,observed,SimulatedDroppingStream,{'ground_truth': 25.969137347464358},reconstructed.temp-1
groundtruth,temp-1,temp-1-1758914601350,1758914601.3509705,1758914601.3509705,1758914601.3509705,float,C,17.750130712806214,,,,,groundtruth,GroundTruthStream,{'ground_truth': 17.750130712806214},groundtruth.temp-1
observed,temp-1,temp-1-1758914555347,1758914555.347659,1758914555.3576965,1758914555.347659,float,C,,,,,,missing,SimulatedDroppingStream,{},observed.temp-1
reconstructed,temp-1,temp-1-1758914555347,1758914555.347659,1758914555.3576965,1758914555.347659,float,C,27.85001128563986,27.85001128563986,KalmanFilter,0.5970176792839799,True,reconstructed,SimulatedDroppingStream,{},reconstructed.temp-1
groundtruth,temp-1,temp-1-1758914602360,1758914602.3604505,1758914602.3604505,1758914602.3604505,float,C,29.139056924653204,,,,,groundtruth,GroundTruthStream,{'ground_truth': 29.139056924653204},groundtruth.temp-1
observed,temp-1,temp-1-1758914556353,1758914556.3532393,1758914556.3532393,1758914556.3532393,float,C,29.636684721051058,,,,,observed,SimulatedDroppingStream,{'ground_truth': 29.636684721051058},observed.temp-1
reconstructed,temp-1,temp-1-1758914556353,1758914556.3532393,1758914556.3532393,1758914556.3532393,float,C,29.636684721051058,29.632107340442918,observed,1.0,False,observed,SimulatedDroppingStream,{'ground_truth': 29.636684721051058},reconstructed.temp-1
groundtruth,temp-1,temp-1-1758914604361,1758914604.3619087,1758914604.3619087,1758914604.3619087,float,C,27.06623120664919,,,,,groundtruth,GroundTruthStream,{'ground_truth': 27.06623120664919},groundtruth.temp-1
observed,temp-1,temp-1-1758914557355,1758914557.35552,1758914557.35552,1758914557.35552,float,C,20.171919993521502,,,,,observed,SimulatedDroppingStream,{'ground_truth': 20.171919993521502},observed.temp-1
reconstructed,temp-1,temp-1-1758914557355,1758914557.35552,1758914557.35552,1758914557.35552,float,C,20.171919993521502,21.63528526893401,observed,1.0,False,observed,SimulatedDroppingStream,{'ground_truth': 20.171919993521502},reconstructed.temp-1
groundtruth,temp-1,temp-1-1758914605360,1758914605.3604252,1758914605.3604252,1758914605.3604252,float,C,16.15256350393909,,,,,groundtruth,GroundTruthStream,{'ground_truth': 16.15256350393909},groundtruth.temp-1
observed,temp-1,temp-1-1758914558360,1758914558.3600113,1758914558.3600113,1758914558.3600113,float,C,18.816584587222284,,,,,observed,SimulatedDroppingStream,{'ground_truth': 18.816584587222284},observed.temp-1
reconstructed,temp-1,temp-1-1758914558360,1758914558.3600113,1758914558.3600113,1758914558.3600113,float,C,18.816584587222284,18.22920203110796,observed,1.0,False,observed,SimulatedDroppingStream,{'ground_truth': 18.816584587222284},reconstructed.temp-1
groundtruth,temp-1,temp-1-1758914607354,1758914607.3540864,1758914607.3540864,1758914607.3540864,float,C,24.182798715191993,,,,,groundtruth,GroundTruthStream,{'ground_truth': 24.182798715191993},groundtruth.temp-1
observed,temp-1,temp-1-1758914559359,1758914559.35907,1758914559.35907,1758914559.35907,float,C,18.597089780012684,,,,,observed,SimulatedDroppingStream,{'ground_truth': 18.597089780012684},observed.temp-1
reconstructed,temp-1,temp-1-1758914559359,1758914559.35907,1758914559.35907,1758914559.35907,float,C,18.597089780012684,17.75856691211254,observed,1.0,False,observed,SimulatedDroppingStream,{'ground_truth': 18.597089780012684},reconstructed.temp-1
groundtruth,temp-1,temp-1-1758914608364,1758914608.3649025,1758914608.3649025,1758914608.3649025,float,C,19.986653884503056,,,,,groundtruth,GroundTruthStream,{'ground_truth': 19.986653884503056},groundtruth.temp-1
observed,temp-1,temp-1-1758914560360,1758914560.3600116,1758914560.3600116,1758914560.3600116,float,C,21.953148100757076,,,,,observed,SimulatedDroppingStream,{'ground_truth': 21.953148100757076},observed.temp-1
reconstructed,temp-1,temp-1-1758914560360,1758914560.3600116,1758914560.3600116,1758914560.3600116,float,C,21.953148100757076,21.127746013070357,observed,1.0,False,observed,SimulatedDroppingStream,{'ground_truth': 21.953148100757076},reconstructed.temp-1
groundtruth,temp-1,temp-1-1758914609348,1758914609.3486536,1758914609.3486536,1758914609.3486536,float,C,24.56297198217058,,,,,groundtruth,GroundTruthStream,{'ground_truth': 24.56297198217058},groundtruth.temp-1
observed,temp-1,temp-1-1758914561362,1758914561.362043,1758914561.362043,1758914561.362043,float,C,29.377621757706663,,,,,observed,SimulatedDroppingStream,{'ground_truth': 29.377621757706663},observed.temp-1
reconstructed,temp-1,temp-1-1758914561362,1758914561.362043,1758914561.362043,1758914561.362043,float,C,29.377621757706663,28.739888889267988,observed,1.0,False,observed,SimulatedDroppingStream,{'ground_truth': 29.377621757706663},reconstructed.temp-1
groundtruth,temp-1,temp-1-1758914610362,1758914610.3622575,1758914610.3622575,1758914610.3622575,float,C,22.66570221797997,,,,,groundtruth,GroundTruthStream,{'ground_truth': 22.66570221797997},groundtruth.temp-1
observed,temp-1,temp-1-1758914562355,1758914562.3552117,1758914562.3552117,1758914562.3552117,float,C,21.1056905364519,,,,,observed,SimulatedDroppingStream,{'ground_truth': 21.1056905364519},observed.temp-1
reconstructed,temp-1,temp-1-1758914562355,1758914562.3552117,1758914562.3552117,1758914562.3552117,float,C,21.1056905364519,23.283067183203798,observed,1.0,False,observed,SimulatedDroppingStream,{'ground_truth': 21.1056905364519},reconstructed.temp-1
groundtruth,temp-1,temp-1-1758914611362,1758914611.362554,1758914611.362554,1758914611.362554,float,C,27.514260762948815,,,,,groundtruth,GroundTruthStream,{'ground_truth': 27.514260762948815},groundtruth.temp-1
observed,temp-1,temp-1-1758914563358,1758914563.3587246,1758914563.3587246,1758914563.3587246,float,C,25.67292266560097,,,,,observed,SimulatedDroppingStream,{'ground_truth': 25.67292266560097},observed.temp-1
reconstructed,temp-1,temp-1-1758914563358,1758914563.3587246,1758914563.3587246,1758914563.3587246,float,C,25.67292266560097,25.117962983135236,observed,1.0,False,observed,SimulatedDroppingStream,{'ground_truth': 25.67292266560097},reconstructed.temp-1
groundtruth,temp-1,temp-1-1758914612361,1758914612.3615527,1758914612.3615527,1758914612.3615527,float,C,21.557436475176324,,,,,groundtruth,GroundTruthStream,{'ground_truth': 21.557436475176324},groundtruth.temp-1
observed,temp-1,temp-1-1758914564357,1758914564.357834,1758914564.357834,1758914564.357834,float,C,18.216023509154052,,,,,observed,SimulatedDroppingStream,{'ground_truth': 18.216023509154052},observed.temp-1
reconstructed,temp-1,temp-1-1758914564357,1758914564.357834,1758914564.357834,1758914564.357834,float,C,18.216023509154052,19.164342812935526,observed,1.0,False,observed,SimulatedDroppingStream,{'ground_truth': 18.216023509154052},reconstructed.temp-1
groundtruth,temp-1,temp-1-1758914614357,1758914614.357102,1758914614.357102,1758914614.357102,float,C,27.72910890480381,,,,,groundtruth,GroundTruthStream,{'ground_truth': 27.72910890480381},groundtruth.temp-1
observed,temp-1,temp-1-1758914565364,1758914565.3643205,1758914565.3643205,1758914565.3643205,float,C,15.340011209999544,,,,,observed,SimulatedDroppingStream,{'ground_truth': 15.340011209999544},observed.temp-1
reconstructed,temp-1,temp-1-1758914565364,1758914565.3643205,1758914565.3643205,1758914565.3643205,float,C,15.340011209999544,15.072542151916272,observed,1.0,False,observed,SimulatedDroppingStream,{'ground_truth': 15.340011209999544},reconstructed.temp-1
groundtruth,temp-1,temp-1-1758914615356,1758914615.3562124,1758914615.3562124,1758914615.3562124,float,C,27.29611728927997,,,,,groundtruth,GroundTruthStream,{'ground_truth': 27.29611728927997},groundtruth.temp-1
observed,temp-1,temp-1-1758914566360,1758914566.360922,1758914566.360922,1758914566.360922,float,C,19.570862364476962,,,,,observed,SimulatedDroppingStream,{'ground_truth': 19.570862364476962},observed.temp-1
reconstructed,temp-1,temp-1-1758914566360,1758914566.360922,1758914566.360922,1758914566.360922,float,C,19.570862364476962,18.18917886809217,observed,1.0,False,observed,SimulatedDroppingStream,{'ground_truth': 19.570862364476962},reconstructed.temp-1
groundtruth,temp-1,temp-1-1758914616354,1758914616.354698,1758914616.354698,1758914616.354698,float,C,16.74578398516419,,,,,groundtruth,GroundTruthStream,{'ground_truth': 16.74578398516419},groundtruth.temp-1
observed,temp-1,temp-1-1758914567362,1758914567.3629167,1758914567.3629167,1758914567.3629167,float,C,17.659720609559567,,,,,observed,SimulatedDroppingStream,{'ground_truth': 17.659720609559567},observed.temp-1
reconstructed,temp-1,temp-1-1758914567362,1758914567.3629167,1758914567.3629167,1758914567.3629167,float,C,17.659720609559567,17.8923042294233,observed,1.0,False,observed,SimulatedDroppingStream,{'ground_truth': 17.659720609559567},reconstructed.temp-1
groundtruth,temp-1,temp-1-1758914617356,1758914617.356702,1758914617.356702,1758914617.356702,float,C,28.74644602860493,,,,,groundtruth,GroundTruthStream,{'ground_truth': 28.74644602860493},groundtruth.temp-1
observed,temp-1,temp-1-1758914568356,1758914568.3560002,1758914568.3560002,1758914568.3560002,float,C,29.94510485500104,,,,,observed,SimulatedDroppingStream,{'ground_truth': 29.94510485500104},observed.temp-1
reconstructed,temp-1,temp-1-1758914568356,1758914568.3560002,1758914568.3560002,1758914568.3560002,float,C,29.94510485500104,28.512493122274865,observed,1.0,False,observed,SimulatedDroppingStream,{'ground_truth': 29.94510485500104},reconstructed.temp-1
groundtruth,temp-1,temp-1-1758914618361,1758914618.3614318,1758914618.3614318,1758914618.3614318,float,C,15.14841695208423,,,,,groundtruth,GroundTruthStream,{'ground_truth': 15.14841695208423},groundtruth.temp-1
observed,temp-1,temp-1-1758914569357,1758914569.3578181,1758914569.3578181,1758914569.3578181,float,C,19.99055653165355,,,,,observed,SimulatedDroppingStream,{'ground_truth': 19.99055653165355},observed.temp-1
reconstructed,temp-1,temp-1-1758914569357,1758914569.3578181,1758914569.3578181,1758914569.3578181,float,C,19.99055653165355,22.516185641694772,observed,1.0,False,observed,SimulatedDroppingStream,{'ground_truth': 19.99055653165355},reconstructed.temp-1
groundtruth,temp-1,temp-1-1758914619360,1758914619.360103,1758914619.360103,1758914619.360103,float,C,27.971164127215015,,,,,groundtruth,GroundTruthStream,{'ground_truth': 27.971164127215015},groundtruth.temp-1
observed,temp-1,temp-1-1758914570360,1758914570.3609123,1758914570.3609123,1758914570.3609123,float,C,18.117868529566508,,,,,observed,SimulatedDroppingStream,{'ground_truth': 18.117868529566508},observed.temp-1
reconstructed,temp-1,temp-1-1758914570360,1758914570.3609123,1758914570.3609123,1758914570.3609123,float,C,18.117868529566508,18.451781347997247,observed,1.0,False,observed,SimulatedDroppingStream,{'ground_truth': 18.117868529566508},reconstructed.temp-1
groundtruth,temp-1,temp-1-1758914620355,1758914620.3554988,1758914620.3554988,1758914620.3554988,float,C,26.44122925530082,,,,,groundtruth,GroundTruthStream,{'ground_truth': 26.44122925530082},groundtruth.temp-1
observed,temp-1,temp-1-1758914571347,1758914571.347659,1758914571.353836,1758914571.347659,float,C,,,,,,missing,SimulatedDroppingStream,{},observed.temp-1
reconstructed,temp-1,temp-1-1758914571347,1758914571.347659,1758914571.353836,1758914571.347659,float,C,13.068469048629838,13.068469048629838,KalmanFilter,0.5974377277045979,True,reconstructed,SimulatedDroppingStream,{},reconstructed.temp-1
groundtruth,temp-1,temp-1-1758914621356,1758914621.3568995,1758914621.3568995,1758914621.3568995,float,C,19.797537063755726,,,,,groundtruth,GroundTruthStream,{'ground_truth': 19.797537063755726},groundtruth.temp-1
observed,temp-1,temp-1-1758914572347,1758914572.347659,1758914572.3526855,1758914572.347659,float,C,,,,,,missing,SimulatedDroppingStream,{},observed.temp-1
reconstructed,temp-1,temp-1-1758914572347,1758914572.347659,1758914572.3526855,1758914572.347659,float,C,5.6282609712399605,5.6282609712399605,KalmanFilter,0.2540104127115517,True,reconstructed,SimulatedDroppingStream,{},reconstructed.temp-1
groundtruth,temp-1,temp-1-1758914623350,1758914623.3500202,1758914623.3500202,1758914623.3500202,float,C,22.14753711910964,,,,,groundtruth,GroundTruthStream,{'ground_truth': 22.14753711910964},groundtruth.temp-1
observed,temp-1,temp-1-1758914573357,1758914573.3570235,1758914573.3570235,1758914573.3570235,float,C,26.955039678568973,,,,,observed,SimulatedDroppingStream,{'ground_truth': 26.955039678568973},observed.temp-1
reconstructed,temp-1,temp-1-1758914573357,1758914573.3570235,1758914573.3570235,1758914573.3570235,float,C,26.955039678568973,26.61703825354462,observed,1.0,False,observed,SimulatedDroppingStream,{'ground_truth': 26.955039678568973},reconstructed.temp-1
groundtruth,temp-1,temp-1-1758914624352,1758914624.3522327,1758914624.3522327,1758914624.3522327,float,C,18.68354215634535,,,,,groundtruth,GroundTruthStream,{'ground_truth': 18.68354215634535},groundtruth.temp-1
observed,temp-1,temp-1-1758914574347,1758914574.347659,1758914574.3599646,1758914574.347659,float,C,,,,,,missing,SimulatedDroppingStream,{},observed.temp-1
reconstructed,temp-1,temp-1-1758914574347,1758914574.347659,1758914574.3599646,1758914574.347659,float,C,32.032593947981766,32.032593947981766,KalmanFilter,0.5747201591238905,True,reconstructed,SimulatedDroppingStream,{},reconstructed.temp-1
groundtruth,temp-1,temp-1-1758914625354,1758914625.354246,1758914625.354246,1758914625.354246,float,C,18.799285034587413,,,,,groundtruth,GroundTruthStream,{'ground_truth': 18.799285034587413},groundtruth.temp-1
observed,temp-1,temp-1-1758914575364,1758914575.3644338,1758914575.3644338,1758914575.3644338,float,C,18.72640889269109,,,,,observed,SimulatedDroppingStream,{'ground_truth': 18.72640889269109},observed.temp-1
reconstructed,temp-1,temp-1-1758914575364,1758914575.3644338,1758914575.3644338,1758914575.3644338,float,C,18.72640889269109,19.296156556450093,observed,1.0,False,observed,SimulatedDroppingStream,{'ground_truth': 18.72640889269109},reconstructed.temp-1
groundtruth,temp-1,temp-1-1758914626354,1758914626.3542542,1758914626.3542542,1758914626.3542542,float,C,16.02445354731835,,,,,groundtruth,GroundTruthStream,{'ground_truth': 16.02445354731835},groundtruth.temp-1
observed,temp-1,temp-1-1758914576347,1758914576.347659,1758914576.3586574,1758914576.347659,float,C,,,,,,missing,SimulatedDroppingStream,{},observed.temp-1
reconstructed,temp-1,temp-1-1758914576347,1758914576.347659,1758914576.3586574,1758914576.347659,float,C,13.412540446125147,13.412540446125147,KalmanFilter,0.5885674067907989,True,reconstructed,SimulatedDroppingStream,{},reconstructed.temp-1
groundtruth,temp-1,temp-1-1758914627349,1758914627.3491778,1758914627.3491778,1758914627.3491778,float,C,19.180321930681274,,,,,groundtruth,GroundTruthStream,{'ground_truth': 19.180321930681274},groundtruth.temp-1
observed,temp-1,temp-1-1758914577347,1758914577.347659,1758914577.3538496,1758914577.347659,float,C,,,,,,missing,SimulatedDroppingStream,{},observed.temp-1
reconstructed,temp-1,temp-1-1758914577347,1758914577.347659,1758914577.3538496,1758914577.347659,float,C,5.508580550582724,5.508580550582724,KalmanFilter,0.2431861043532658,True,reconstructed,SimulatedDroppingStream,{},reconstructed.temp-1
groundtruth,temp-1,temp-1-1758914632363,1758914632.3635159,1758914632.3635159,1758914632.3635159,float,C,19.9371585433519,,,,,groundtruth,GroundTruthStream,{'ground_truth': 19.9371585433519},groundtruth.temp-1
observed,temp-1,temp-1-1758914578348,1758914578.3485591,1758914578.3485591,1758914578.3485591,float,C,18.173710116756236,,,,,observed,SimulatedDroppingStream,{'ground_truth': 18.173710116756236},observed.temp-1
reconstructed,temp-1,temp-1-1758914578348,1758914578.3485591,1758914578.3485591,1758914578.3485591,float,C,18.173710116756236,17.94123694175535,observed,1.0,False,observed,SimulatedDroppingStream,{'ground_truth': 18.173710116756236},reconstructed.temp-1
groundtruth,temp-1,temp-1-1758914633356,1758914633.356709,1758914633.356709,1758914633.356709,float,C,28.634298616633586,,,,,groundtruth,GroundTruthStream,{'ground_truth': 28.634298616633586},groundtruth.temp-1
observed,temp-1,temp-1-1758914579365,1758914579.3653224,1758914579.3653224,1758914579.3653224,float,C,20.389629562197396,,,,,observed,SimulatedDroppingStream,{'ground_truth': 20.389629562197396},observed.temp-1
reconstructed,temp-1,temp-1-1758914579365,1758914579.3653224,1758914579.3653224,1758914579.3653224,float,C,20.389629562197396,20.161523932199735,observed,1.0,False,observed,SimulatedDroppingStream,{'ground_truth': 20.389629562197396},reconstructed.temp-1
groundtruth,temp-1,temp-1-1758914634350,1758914634.350773,1758914634.350773,1758914634.350773,float,C,22.775778185284906,,,,,groundtruth,GroundTruthStream,{'ground_truth': 22.775778185284906},groundtruth.temp-1
observed,temp-1,temp-1-1758914580357,1758914580.3572004,1758914580.3572004,1758914580.3572004,float,C,28.244350353540533,,,,,observed,SimulatedDroppingStream,{'ground_truth': 28.244350353540533},observed.temp-1
reconstructed,temp-1,temp-1-1758914580357,1758914580.3572004,1758914580.3572004,1758914580.3572004,float,C,28.244350353540533,27.649607711990818,observed,1.0,False,observed,SimulatedDroppingStream,{'ground_truth': 28.244350353540533},reconstructed.temp-1
groundtruth,temp-1,temp-1-1758914635358,1758914635.3588114,1758914635.3588114,1758914635.3588114,float,C,29.07750980721147,,,,,groundtruth,GroundTruthStream,{'ground_truth': 29.07750980721147},groundtruth.temp-1
observed,temp-1,temp-1-1758914581347,1758914581.347659,1758914581.357993,1758914581.347659,float,C,,,,,,missing,SimulatedDroppingStream,{},observed.temp-1
reconstructed,temp-1,temp-1-1758914581347,1758914581.347659,1758914581.357993,1758914581.347659,float,C,36.26998099056194,36.26998099056194,KalmanFilter,0.5904649815330981,True,reconstructed,SimulatedDroppingStream,{},reconstructed.temp-1
groundtruth,temp-1,temp-1-1758914636362,1758914636.3628423,1758914636.3628423,1758914636.3628423,float,C,17.158429023241595,,,,,groundtruth,GroundTruthStream,{'ground_truth': 17.158429023241595},groundtruth.temp-1
observed,temp-1,temp-1-1758914582355,1758914582.355354,1758914582.355354,1758914582.355354,float,C,29.342382961685285,,,,,observed,SimulatedDroppingStream,{'ground_truth': 29.342382961685285},observed.temp-1
reconstructed,temp-1,temp-1-1758914582355,1758914582.355354,1758914582.355354,1758914582.355354,float,C,29.342382961685285,29.923778947523996,observed,1.0,False,observed,SimulatedDroppingStream,{'ground_truth': 29.342382961685285},reconstructed.temp-1
groundtruth,temp-1,temp-1-1758914637353,1758914637.3535523,1758914637.3535523,1758914637.3535523,float,C,20.328131608561506,,,,,groundtruth,GroundTruthStream,{'ground_truth': 20.328131608561506},groundtruth.temp-1
observed,temp-1,temp-1-1758914583354,1758914583.3547125,1758914583.3547125,1758914583.3547125,float,C,22.117918969419026,,,,,observed,SimulatedDroppingStream,{'ground_truth': 22.117918969419026},observed.temp-1
reconstructed,temp-1,temp-1-1758914583354,1758914583.3547125,1758914583.3547125,1758914583.3547125,float,C,22.117918969419026,23.27741647472994,observed,1.0,False,observed,SimulatedDroppingStream,{'ground_truth': 22.117918969419026},reconstructed.temp-1
groundtruth,temp-1,temp-1-1758914638364,1758914638.3643324,1758914638.3643324,1758914638.3643324,float,C,16.129193195952276,,,,,groundtruth,GroundTruthStream,{'ground_truth': 16.129193195952276},groundtruth.temp-1
observed,temp-1,temp-1-1758914584347,1758914584.347659,1758914584.355663,1758914584.347659,float,C,,,,,,missing,SimulatedDroppingStream,{},observed.temp-1
reconstructed,temp-1,temp-1-1758914584347,1758914584.347659,1758914584.355663,1758914584.347659,float,C,16.15754330483701,16.15754330483701,KalmanFilter,0.583307257432986,True,reconstructed,SimulatedDroppingStream,{},reconstructed.temp-1
groundtruth,temp-1,temp-1-1758914639356,1758914639.3568664,1758914639.3568664,1758914639.3568664,float,C,21.277120674634336,,,,,groundtruth,GroundTruthStream,{'ground_truth': 21.277120674634336},groundtruth.temp-1
observed,temp-1,temp-1-1758914585353,1758914585.3530889,1758914585.3530889,1758914585.3530889,float,C,24.65664613401199,,,,,observed,SimulatedDroppingStream,{'ground_truth': 24.65664613401199},observed.temp-1
reconstructed,temp-1,temp-1-1758914585353,1758914585.3530889,1758914585.3530889,1758914585.3530889,float,C,24.65664613401199,24.08510105740312,observed,1.0,False,observed,SimulatedDroppingStream,{'ground_truth': 24.65664613401199},reconstructed.temp-1
groundtruth,temp-1,temp-1-1758914640349,1758914640.3498158,1758914640.3498158,1758914640.3498158,float,C,22.025090070321088,,,,,groundtruth,GroundTruthStream,{'ground_truth': 22.025090070321088},groundtruth.temp-1
observed,temp-1,temp-1-1758914586360,1758914586.36052,1758914586.36052,1758914586.36052,float,C,26.765972593271393,,,,,observed,SimulatedDroppingStream,{'ground_truth': 26.765972593271393},observed.temp-1
reconstructed,temp-1,temp-1-1758914586360,1758914586.36052,1758914586.36052,1758914586.36052,float,C,26.765972593271393,26.39610916921864,observed,1.0,False,observed,SimulatedDroppingStream,{'ground_truth': 26.765972593271393},reconstructed.temp-1
groundtruth,temp-1,temp-1-1758914641361,1758914641.3616064,1758914641.3616064,1758914641.3616064,float,C,27.582252150885438,,,,,groundtruth,GroundTruthStream,{'ground_truth': 27.582252150885438},groundtruth.temp-1
observed,temp-1,temp-1-1758914587352,1758914587.3520675,1758914587.3520675,1758914587.3520675,float,C,22.881495086984106,,,,,observed,SimulatedDroppingStream,{'ground_truth': 22.881495086984106},observed.temp-1
reconstructed,temp-1,temp-1-1758914587352,1758914587.3520675,1758914587.3520675,1758914587.3520675,float,C,22.881495086984106,23.6244806542238,observed,1.0,False,observed,SimulatedDroppingStream,{'ground_truth': 22.881495086984106},reconstructed.temp-1
groundtruth,temp-1,temp-1-1758914642357,1758914642.3574371,1758914642.3574371,1758914642.3574371,float,C,22.389257735125497,,,,,groundtruth,GroundTruthStream,{'ground_truth': 22.389257735125497},groundtruth.temp-1
observed,temp-1,temp-1-1758914588363,1758914588.3637376,1758914588.3637376,1758914588.3637376,float,C,27.498257094797765,,,,,observed,SimulatedDroppingStream,{'ground_truth': 27.498257094797765},observed.temp-1
reconstructed,temp-1,temp-1-1758914588363,1758914588.3637376,1758914588.3637376,1758914588.3637376,float,C,27.498257094797765,26.79336910096435,observed,1.0,False,observed,SimulatedDroppingStream,{'ground_truth': 27.498257094797765},reconstructed.temp-1
groundtruth,temp-1,temp-1-1758914644362,1758914644.3626568,1758914644.3626568,1758914644.3626568,float,C,19.954320737960245,,,,,groundtruth,GroundTruthStream,{'ground_truth': 19.954320737960245},groundtruth.temp-1
observed,temp-1,temp-1-1758914589347,1758914589.347659,1758914589.3608947,1758914589.347659,float,C,,,,,,missing,SimulatedDroppingStream,{},observed.temp-1
reconstructed,temp-1,temp-1-1758914589347,1758914589.347659,1758914589.3608947,1758914589.347659,float,C,29.23143562713238,29.23143562713238,KalmanFilter,0.5970932271133853,True,reconstructed,SimulatedDroppingStream,{},reconstructed.temp-1
groundtruth,temp-1,temp-1-1758914646350,1758914646.3506463,1758914646.3506463,1758914646.3506463,float,C,20.656720312100628,,,,,groundtruth,GroundTruthStream,{'ground_truth': 20.656720312100628},groundtruth.temp-1
observed,temp-1,temp-1-1758914590352,1758914590.352642,1758914590.352642,1758914590.352642,float,C,28.933788692330168,,,,,observed,SimulatedDroppingStream,{'ground_truth': 28.933788692330168},observed.temp-1
reconstructed,temp-1,temp-1-1758914590352,1758914590.352642,1758914590.352642,1758914590.352642,float,C,28.933788692330168,29.051675956921777,observed,1.0,False,observed,SimulatedDroppingStream,{'ground_truth': 28.933788692330168},reconstructed.temp-1
groundtruth,temp-1,temp-1-1758914647360,1758914647.3603175,1758914647.3603175,1758914647.3603175,float,C,15.781474347568343,,,,,groundtruth,GroundTruthStream,{'ground_truth': 15.781474347568343},groundtruth.temp-1
observed,temp-1,temp-1-1758914591359,1758914591.3596575,1758914591.3596575,1758914591.3596575,float,C,26.92890833724907,,,,,observed,SimulatedDroppingStream,{'ground_truth': 26.92890833724907},observed.temp-1
reconstructed,temp-1,temp-1-1758914591359,1758914591.3596575,1758914591.3596575,1758914591.3596575,float,C,26.92890833724907,27.415335841714985,observed,1.0,False,observed,SimulatedDroppingStream,{'ground_truth': 26.92890833724907},reconstructed.temp-1
groundtruth,temp-1,temp-1-1758914648351,1758914648.3512728,1758914648.3512728,1758914648.3512728,float,C,22.65468944983165,,,,,groundtruth,GroundTruthStream,{'ground_truth': 22.65468944983165},groundtruth.temp-1
observed,temp-1,temp-1-1758914592347,1758914592.347659,1758914592.3598685,1758914592.347659,float,C,,,,,,missing,SimulatedDroppingStream,{},observed.temp-1
reconstructed,temp-1,temp-1-1758914592347,1758914592.347659,1758914592.3598685,1758914592.347659,float,C,26.066918024803282,26.066918024803282,KalmanFilter,0.5841611403395696,True,reconstructed,SimulatedDroppingStream,{},reconstructed.temp-1
groundtruth,temp-1,temp-1-1758914649359,1758914649.3596816,1758914649.3596816,1758914649.3596816,float,C,22.058960257000763,,,,,groundtruth,GroundTruthStream,{'ground_truth': 22.058960257000763},groundtruth.temp-1
observed,temp-1,temp-1-1758914593358,1758914593.358997,1758914593.358997,1758914593.358997,float,C,21.77851186337388,,,,,observed,SimulatedDroppingStream,{'ground_truth': 21.77851186337388},observed.temp-1
reconstructed,temp-1,temp-1-1758914593358,1758914593.358997,1758914593.358997,1758914593.358997,float,C,21.77851186337388,21.845770397005438,observed,1.0,False,observed,SimulatedDroppingStream,{'ground_truth': 21.77851186337388},reconstructed.temp-1
groundtruth,temp-1,temp-1-1758914650355,1758914650.3557034,1758914650.3557034,1758914650.3557034,float,C,26.943498419317702,,,,,groundtruth,GroundTruthStream,{'ground_truth': 26.943498419317702},groundtruth.temp-1
observed,temp-1,temp-1-1758914594360,1758914594.3602831,1758914594.3602831,1758914594.3602831,float,C,17.163292181745078,,,,,observed,SimulatedDroppingStream,{'ground_truth': 17.163292181745078},observed.temp-1
reconstructed,temp-1,temp-1-1758914594360,1758914594.3602831,1758914594.3602831,1758914594.3602831,float,C,17.163292181745078,17.20237195084593,observed,1.0,False,observed,SimulatedDroppingStream,{'ground_truth': 17.163292181745078},reconstructed.temp-1
groundtruth,temp-1,temp-1-1758914651349,1758914651.3492954,1758914651.3492954,1758914651.3492954,float,C,26.37190142478455,,,,,groundtruth,GroundTruthStream,{'ground_truth': 26.37190142478455},groundtruth.temp-1
observed,temp-1,temp-1-1758914595351,1758914595.3515642,1758914595.3515642,1758914595.3515642,float,C,28.01815344752696,,,,,observed,SimulatedDroppingStream,{'ground_truth': 28.01815344752696},observed.temp-1
reconstructed,temp-1,temp-1-1758914595351,1758914595.3515642,1758914595.3515642,1758914595.3515642,float,C,28.01815344752696,25.97365648372771,observed,1.0,False,observed,SimulatedDroppingStream,{'ground_truth': 28.01815344752696},reconstructed.temp-1
groundtruth,temp-1,temp-1-1758914652360,1758914652.3602645,1758914652.3602645,1758914652.3602645,float,C,22.090411131124498,,,,,groundtruth,GroundTruthStream,{'ground_truth': 22.090411131124498},groundtruth.temp-1
observed,temp-1,temp-1-1758914596349,1758914596.3499715,1758914596.3499715,1758914596.3499715,float,C,18.16073885832293,,,,,observed,SimulatedDroppingStream,{'ground_truth': 18.16073885832293},observed.temp-1
reconstructed,temp-1,temp-1-1758914596349,1758914596.3499715,1758914596.3499715,1758914596.3499715,float,C,18.16073885832293,20.080346807736607,observed,1.0,False,observed,SimulatedDroppingStream,{'ground_truth': 18.16073885832293},reconstructed.temp-1
groundtruth,temp-1,temp-1-1758914653352,1758914653.352421,1758914653.352421,1758914653.352421,float,C,20.746501269728235,,,,,groundtruth,GroundTruthStream,{'ground_truth': 20.746501269728235},groundtruth.temp-1
observed,temp-1,temp-1-1758914597351,1758914597.3519883,1758914597.3519883,1758914597.3519883,float,C,16.585644368986184,,,,,observed,SimulatedDroppingStream,{'ground_truth': 16.585644368986184},observed.temp-1
reconstructed,temp-1,temp-1-1758914597351,1758914597.3519883,1758914597.3519883,1758914597.3519883,float,C,16.585644368986184,16.734284901331815,observed,1.0,False,observed,SimulatedDroppingStream,{'ground_truth': 16.585644368986184},reconstructed.temp-1
groundtruth,temp-1,temp-1-1758914654364,1758914654.3644152,1758914654.3644152,1758914654.3644152,float,C,24.93458880711045,,,,,groundtruth,GroundTruthStream,{'ground_truth': 24.93458880711045},groundtruth.temp-1
observed,temp-1,temp-1-1758914598363,1758914598.3630407,1758914598.3630407,1758914598.3630407,float,C,17.18934732741807,,,,,observed,SimulatedDroppingStream,{'ground_truth': 17.18934732741807},observed.temp-1
reconstructed,temp-1,temp-1-1758914598363,1758914598.3630407,1758914598.3630407,1758914598.3630407,float,C,17.18934732741807,16.606780482162556,observed,1.0,False,observed,SimulatedDroppingStream,{'ground_truth': 17.18934732741807},reconstructed.temp-1
groundtruth,temp-1,temp-1-1758914655361,1758914655.3619518,1758914655.3619518,1758914655.3619518,float,C,24.005003794212357,,,,,groundtruth,GroundTruthStream,{'ground_truth': 24.005003794212357},groundtruth.temp-1
observed,temp-1,temp-1-1758914599358,1758914599.3582075,1758914599.3582075,1758914599.3582075,float,C,18.30133034393379,,,,,observed,SimulatedDroppingStream,{'ground_truth': 18.30133034393379},observed.temp-1
reconstructed,temp-1,temp-1-1758914599358,1758914599.3582075,1758914599.3582075,1758914599.3582075,float,C,18.30133034393379,17.914017044843625,observed,1.0,False,observed,SimulatedDroppingStream,{'ground_truth': 18.30133034393379},reconstructed.temp-1
groundtruth,temp-1,temp-1-1758914656359,1758914656.3591754,1758914656.3591754,1758914656.3591754,float,C,17.629796717114157,,,,,groundtruth,GroundTruthStream,{'ground_truth': 17.629796717114157},groundtruth.temp-1
observed,temp-1,temp-1-1758914600359,1758914600.3596258,1758914600.3596258,1758914600.3596258,float,C,23.17154417156553,,,,,observed,SimulatedDroppingStream,{'ground_truth': 23.17154417156553},observed.temp-1
reconstructed,temp-1,temp-1-1758914600359,1758914600.3596258,1758914600.3596258,1758914600.3596258,float,C,23.17154417156553,22.663396932452443,observed,1.0,False,observed,SimulatedDroppingStream,{'ground_truth': 23.17154417156553},reconstructed.temp-1
groundtruth,temp-1,temp-1-1758914657356,1758914657.3560786,1758914657.3560786,1758914657.3560786,float,C,25.786266856026103,,,,,groundtruth,GroundTruthStream,{'ground_truth': 25.786266856026103},groundtruth.temp-1
observed,temp-1,temp-1-1758914601350,1758914601.3509705,1758914601.3509705,1758914601.3509705,float,C,17.750130712806214,,,,,observed,SimulatedDroppingStream,{'ground_truth': 17.750130712806214},observed.temp-1
reconstructed,temp-1,temp-1-1758914601350,1758914601.3509705,1758914601.3509705,1758914601.3509705,float,C,17.750130712806214,19.095558198950933,observed,1.0,False,observed,SimulatedDroppingStream,{'ground_truth': 17.750130712806214},reconstructed.temp-1
groundtruth,temp-1,temp-1-1758914658350,1758914658.3500798,1758914658.3500798,1758914658.3500798,float,C,21.899227046118554,,,,,groundtruth,GroundTruthStream,{'ground_truth': 21.899227046118554},groundtruth.temp-1
observed,temp-1,temp-1-1758914602360,1758914602.3604505,1758914602.3604505,1758914602.3604505,float,C,29.139056924653204,,,,,observed,SimulatedDroppingStream,{'ground_truth': 29.139056924653204},observed.temp-1
reconstructed,temp-1,temp-1-1758914602360,1758914602.3604505,1758914602.3604505,1758914602.3604505,float,C,29.139056924653204,27.664377829093397,observed,1.0,False,observed,SimulatedDroppingStream,{'ground_truth': 29.139056924653204},reconstructed.temp-1
groundtruth,temp-1,temp-1-1758914659360,1758914659.3607569,1758914659.3607569,1758914659.3607569,float,C,19.580256081376728,,,,,groundtruth,GroundTruthStream,{'ground_truth': 19.580256081376728},groundtruth.temp-1
observed,temp-1,temp-1-1758914603347,1758914603.347659,1758914603.3533819,1758914603.347659,float,C,,,,,,missing,SimulatedDroppingStream,{},observed.temp-1
reconstructed,temp-1,temp-1-1758914603347,1758914603.347659,1758914603.3533819,1758914603.347659,float,C,35.100798924295056,35.100798924295056,KalmanFilter,0.597437346840383,True,reconstructed,SimulatedDroppingStream,{},reconstructed.temp-1
groundtruth,temp-1,temp-1-1758914660359,1758914660.359638,1758914660.359638,1758914660.359638,float,C,18.517715614197307,,,,,groundtruth,GroundTruthStream,{'ground_truth': 18.517715614197307},groundtruth.temp-1
observed,temp-1,temp-1-1758914604361,1758914604.3619087,1758914604.3619087,1758914604.3619087,float,C,27.06623120664919,,,,,observed,SimulatedDroppingStream,{'ground_truth': 27.06623120664919},observed.temp-1
reconstructed,temp-1,temp-1-1758914604361,1758914604.3619087,1758914604.3619087,1758914604.3619087,float,C,27.06623120664919,27.64570680798928,observed,1.0,False,observed,SimulatedDroppingStream,{'ground_truth': 27.06623120664919},reconstructed.temp-1
groundtruth,temp-1,temp-1-1758914661360,1758914661.3603466,1758914661.3603466,1758914661.3603466,float,C,17.591016386336108,,,,,groundtruth,GroundTruthStream,{'ground_truth': 17.591016386336108},groundtruth.temp-1
observed,temp-1,temp-1-1758914605360,1758914605.3604252,1758914605.3604252,1758914605.3604252,float,C,16.15256350393909,,,,,observed,SimulatedDroppingStream,{'ground_truth': 16.15256350393909},observed.temp-1
reconstructed,temp-1,temp-1-1758914605360,1758914605.3604252,1758914605.3604252,1758914605.3604252,float,C,16.15256350393909,17.57318210816298,observed,1.0,False,observed,SimulatedDroppingStream,{'ground_truth': 16.15256350393909},reconstructed.temp-1
groundtruth,temp-1,temp-1-1758914662360,1758914662.3604858,1758914662.3604858,1758914662.3604858,float,C,15.453190303706778,,,,,groundtruth,GroundTruthStream,{'ground_truth': 15.453190303706778},groundtruth.temp-1
observed,temp-1,temp-1-1758914606347,1758914606.347659,1758914606.3551202,1758914606.347659,float,C,,,,,,missing,SimulatedDroppingStream,{},observed.temp-1
reconstructed,temp-1,temp-1-1758914606347,1758914606.347659,1758914606.3551202,1758914606.347659,float,C,6.74789883720062,6.74789883720062,KalmanFilter,0.5843680290714418,True,reconstructed,SimulatedDroppingStream,{},reconstructed.temp-1
groundtruth,temp-1,temp-1-1758914663358,1758914663.3581111,1758914663.3581111,1758914663.3581111,float,C,22.66836024748994,,,,,groundtruth,GroundTruthStream,{'ground_truth': 22.66836024748994},groundtruth.temp-1
observed,temp-1,temp-1-1758914607354,1758914607.3540864,1758914607.3540864,1758914607.3540864,float,C,24.182798715191993,,,,,observed,SimulatedDroppingStream,{'ground_truth': 24.182798715191993},observed.temp-1
reconstructed,temp-1,temp-1-1758914607354,1758914607.3540864,1758914607.3540864,1758914607.3540864,float,C,24.182798715191993,23.191563083565786,observed,1.0,False,observed,SimulatedDroppingStream,{'ground_truth': 24.182798715191993},reconstructed.temp-1
groundtruth,temp-1,temp-1-1758914664351,1758914664.35144,1758914664.35144,1758914664.35144,float,C,26.86000337350167,,,,,groundtruth,GroundTruthStream,{'ground_truth': 26.86000337350167},groundtruth.temp-1
observed,temp-1,temp-1-1758914608364,1758914608.3649025,1758914608.3649025,1758914608.3649025,float,C,19.986653884503056,,,,,observed,SimulatedDroppingStream,{'ground_truth': 19.986653884503056},observed.temp-1
reconstructed,temp-1,temp-1-1758914608364,1758914608.3649025,1758914608.3649025,1758914608.3649025,float,C,19.986653884503056,20.879431521852606,observed,1.0,False,observed,SimulatedDroppingStream,{'ground_truth': 19.986653884503056},reconstructed.temp-1
groundtruth,temp-1,temp-1-1758914665364,1758914665.364561,1758914665.364561,1758914665.364561,float,C,20.951278620091585,,,,,groundtruth,GroundTruthStream,{'ground_truth': 20.951278620091585},groundtruth.temp-1
observed,temp-1,temp-1-1758914609348,1758914609.3486536,1758914609.3486536,1758914609.3486536,float,C,24.56297198217058,,,,,observed,SimulatedDroppingStream,{'ground_truth': 24.56297198217058},observed.temp-1
reconstructed,temp-1,temp-1-1758914609348,1758914609.3486536,1758914609.3486536,1758914609.3486536,float,C,24.56297198217058,24.058038604462183,observed,1.0,False,observed,SimulatedDroppingStream,{'ground_truth': 24.56297198217058},reconstructed.temp-1
groundtruth,temp-1,temp-1-1758914666363,1758914666.3638935,1758914666.3638935,1758914666.3638935,float,C,28.660200851325087,,,,,groundtruth,GroundTruthStream,{'ground_truth': 28.660200851325087},groundtruth.temp-1
observed,temp-1,temp-1-1758914610362,1758914610.3622575,1758914610.3622575,1758914610.3622575,float,C,22.66570221797997,,,,,observed,SimulatedDroppingStream,{'ground_truth': 22.66570221797997},observed.temp-1
reconstructed,temp-1,temp-1-1758914610362,1758914610.3622575,1758914610.3622575,1758914610.3622575,float,C,22.66570221797997,23.234345857451974,observed,1.0,False,observed,SimulatedDroppingStream,{'ground_truth': 22.66570221797997},reconstructed.temp-1
groundtruth,temp-1,temp-1-1758914668357,1758914668.357305,1758914668.357305,1758914668.357305,float,C,15.095026385832677,,,,,groundtruth,GroundTruthStream,{'ground_truth': 15.095026385832677},groundtruth.temp-1
observed,temp-1,temp-1-1758914611362,1758914611.362554,1758914611.362554,1758914611.362554,float,C,27.514260762948815,,,,,observed,SimulatedDroppingStream,{'ground_truth': 27.514260762948815},observed.temp-1
reconstructed,temp-1,temp-1-1758914611362,1758914611.362554,1758914611.362554,1758914611.362554,float,C,27.514260762948815,27.00649511627057,observed,1.0,False,observed,SimulatedDroppingStream,{'ground_truth': 27.514260762948815},reconstructed.temp-1
groundtruth,temp-1,temp-1-1758914669360,1758914669.3605666,1758914669.3605666,1758914669.3605666,float,C,27.43255474668277,,,,,groundtruth,GroundTruthStream,{'ground_truth': 27.43255474668277},groundtruth.temp-1
observed,temp-1,temp-1-1758914612361,1758914612.3615527,1758914612.3615527,1758914612.3615527,float,C,21.557436475176324,,,,,observed,SimulatedDroppingStream,{'ground_truth': 21.557436475176324},observed.temp-1
reconstructed,temp-1,temp-1-1758914612361,1758914612.3615527,1758914612.3615527,1758914612.3615527,float,C,21.557436475176324,22.718758639915514,observed,1.0,False,observed,SimulatedDroppingStream,{'ground_truth': 21.557436475176324},reconstructed.temp-1
groundtruth,temp-1,temp-1-1758914671362,1758914671.3629265,1758914671.3629265,1758914671.3629265,float,C,20.95041205480393,,,,,groundtruth,GroundTruthStream,{'ground_truth': 20.95041205480393},groundtruth.temp-1
observed,temp-1,temp-1-1758914613347,1758914613.347659,1758914613.3603241,1758914613.347659,float,C,,,,,,missing,SimulatedDroppingStream,{},observed.temp-1
reconstructed,temp-1,temp-1-1758914613347,1758914613.347659,1758914613.3603241,1758914613.347659,float,C,19.603392226310135,19.603392226310135,KalmanFilter,0.5971794506561124,True,reconstructed,SimulatedDroppingStream,{},reconstructed.temp-1
groundtruth,temp-1,temp-1-1758914672359,1758914672.3594117,1758914672.3594117,1758914672.3594117,float,C,24.601892458091285,,,,,groundtruth,GroundTruthStream,{'ground_truth': 24.601892458091285},groundtruth.temp-1
observed,temp-1,temp-1-1758914614357,1758914614.357102,1758914614.357102,1758914614.357102,float,C,27.72910890480381,,,,,observed,SimulatedDroppingStream,{'ground_truth': 27.72910890480381},observed.temp-1
reconstructed,temp-1,temp-1-1758914614357,1758914614.357102,1758914614.357102,1758914614.357102,float,C,27.72910890480381,27.313625212205263,observed,1.0,False,observed,SimulatedDroppingStream,{'ground_truth': 27.72910890480381},reconstructed.temp-1
groundtruth,temp-1,temp-1-1758914673357,1758914673.3571172,1758914673.3571172,1758914673.3571172,float,C,15.738810781861131,,,,,groundtruth,GroundTruthStream,{'ground_truth': 15.738810781861131},groundtruth.temp-1
observed,temp-1,temp-1-1758914615356,1758914615.3562124,1758914615.3562124,1758914615.3562124,float,C,27.29611728927997,,,,,observed,SimulatedDroppingStream,{'ground_truth': 27.29611728927997},observed.temp-1
reconstructed,temp-1,temp-1-1758914615356,1758914615.3562124,1758914615.3562124,1758914615.3562124,float,C,27.29611728927997,27.661633882252453,observed,1.0,False,observed,SimulatedDroppingStream,{'ground_truth': 27.29611728927997},reconstructed.temp-1
groundtruth,temp-1,temp-1-1758914674358,1758914674.3580866,1758914674.3580866,1758914674.3580866,float,C,26.04106060005521,,,,,groundtruth,GroundTruthStream,{'ground_truth': 26.04106060005521},groundtruth.temp-1
observed,temp-1,temp-1-1758914616354,1758914616.354698,1758914616.354698,1758914616.354698,float,C,16.74578398516419,,,,,observed,SimulatedDroppingStream,{'ground_truth': 16.74578398516419},observed.temp-1
reconstructed,temp-1,temp-1-1758914616354,1758914616.354698,1758914616.354698,1758914616.354698,float,C,16.74578398516419,18.24251800488286,observed,1.0,False,observed,SimulatedDroppingStream,{'ground_truth': 16.74578398516419},reconstructed.temp-1
groundtruth,temp-1,temp-1-1758914677351,1758914677.3519258,1758914677.3519258,1758914677.3519258,float,C,22.393760298304116,,,,,groundtruth,GroundTruthStream,{'ground_truth': 22.393760298304116},groundtruth.temp-1
observed,temp-1,temp-1-1758914617356,1758914617.356702,1758914617.356702,1758914617.356702,float,C,28.74644602860493,,,,,observed,SimulatedDroppingStream,{'ground_truth': 28.74644602860493},observed.temp-1
reconstructed,temp-1,temp-1-1758914617356,1758914617.356702,1758914617.356702,1758914617.356702,float,C,28.74644602860493,26.24928342724877,observed,1.0,False,observed,SimulatedDroppingStream,{'ground_truth': 28.74644602860493},reconstructed.temp-1
groundtruth,temp-1,temp-1-1758914678358,1758914678.3586366,1758914678.3586366,1758914678.3586366,float,C,25.214448326499998,,,,,groundtruth,GroundTruthStream,{'ground_truth': 25.214448326499998},groundtruth.temp-1
observed,temp-1,temp-1-1758914618361,1758914618.3614318,1758914618.3614318,1758914618.3614318,float,C,15.14841695208423,,,,,observed,SimulatedDroppingStream,{'ground_truth': 15.14841695208423},observed.temp-1
reconstructed,temp-1,temp-1-1758914618361,1758914618.3614318,1758914618.3614318,1758914618.3614318,float,C,15.14841695208423,17.141167351415632,observed,1.0,False,observed,SimulatedDroppingStream,{'ground_truth': 15.14841695208423},reconstructed.temp-1
groundtruth,temp-1,temp-1-1758914679350,1758914679.3505797,1758914679.3505797,1758914679.3505797,float,C,28.39530066301551,,,,,groundtruth,GroundTruthStream,{'ground_truth': 28.39530066301551},groundtruth.temp-1
observed,temp-1,temp-1-1758914619360,1758914619.360103,1758914619.360103,1758914619.360103,float,C,27.971164127215015,,,,,observed,SimulatedDroppingStream,{'ground_truth': 27.971164127215015},observed.temp-1
reconstructed,temp-1,temp-1-1758914619360,1758914619.360103,1758914619.360103,1758914619.360103,float,C,27.971164127215015,25.707107328854708,observed,1.0,False,observed,SimulatedDroppingStream,{'ground_truth': 27.971164127215015},reconstructed.temp-1
groundtruth,temp-1,temp-1-1758914680350,1758914680.3503282,1758914680.3503282,1758914680.3503282,float,C,29.68395517341061,,,,,groundtruth,GroundTruthStream,{'ground_truth': 29.68395517341061},groundtruth.temp-1
observed,temp-1,temp-1-1758914620355,1758914620.3554988,1758914620.3554988,1758914620.3554988,float,C,26.44122925530082,,,,,observed,SimulatedDroppingStream,{'ground_truth': 26.44122925530082},observed.temp-1
reconstructed,temp-1,temp-1-1758914620355,1758914620.3554988,1758914620.3554988,1758914620.3554988,float,C,26.44122925530082,27.124149355814456,observed,1.0,False,observed,SimulatedDroppingStream,{'ground_truth': 26.44122925530082},reconstructed.temp-1
groundtruth,temp-1,temp-1-1758914681362,1758914681.3627453,1758914681.3627453,1758914681.3627453,float,C,25.045545157307973,,,,,groundtruth,GroundTruthStream,{'ground_truth': 25.045545157307973},groundtruth.temp-1
observed,temp-1,temp-1-1758914621356,1758914621.3568995,1758914621.3568995,1758914621.3568995,float,C,19.797537063755726,,,,,observed,SimulatedDroppingStream,{'ground_truth': 19.797537063755726},observed.temp-1
reconstructed,temp-1,temp-1-1758914621356,1758914621.3568995,1758914621.3568995,1758914621.3568995,float,C,19.797537063755726,21.26594221933883,observed,1.0,False,observed,SimulatedDroppingStream,{'ground_truth': 19.797537063755726},reconstructed.temp-1
groundtruth,temp-1,temp-1-1758914682350,1758914682.3503995,1758914682.3503995,1758914682.3503995,float,C,15.090566034857359,,,,,groundtruth,GroundTruthStream,{'ground_truth': 15.090566034857359},groundtruth.temp-1
observed,temp-1,temp-1-1758914622347,1758914622.347659,1758914622.3615065,1758914622.347659,float,C,,,,,,missing,SimulatedDroppingStream,{},observed.temp-1
reconstructed,temp-1,temp-1-1758914622347,1758914622.347659,1758914622.3615065,1758914622.347659,float,C,16.87828969713996,16.87828969713996,KalmanFilter,0.5974127765497027,True,reconstructed,SimulatedDroppingStream,{},reconstructed.temp-1
groundtruth,temp-1,temp-1-1758914683348,1758914683.3489885,1758914683.3489885,1758914683.3489885,float,C,20.364550560870974,,,,,groundtruth,GroundTruthStream,{'ground_truth': 20.364550560870974},groundtruth.temp-1
observed,temp-1,temp-1-1758914623350,1758914623.3500202,1758914623.3500202,1758914623.3500202,float,C,22.14753711910964,,,,,observed,SimulatedDroppingStream,{'ground_truth': 22.14753711910964},observed.temp-1
reconstructed,temp-1,temp-1-1758914623350,1758914623.3500202,1758914623.3500202,1758914623.3500202,float,C,22.14753711910964,21.771104678750806,observed,1.0,False,observed,SimulatedDroppingStream,{'ground_truth': 22.14753711910964},reconstructed.temp-1
groundtruth,temp-1,temp-1-1758914684350,1758914684.3505938,1758914684.3505938,1758914684.3505938,float,C,25.564150496963954,,,,,groundtruth,GroundTruthStream,{'ground_truth': 25.564150496963954},groundtruth.temp-1
observed,temp-1,temp-1-1758914624352,1758914624.3522327,1758914624.3522327,1758914624.3522327,float,C,18.68354215634535,,,,,observed,SimulatedDroppingStream,{'ground_truth': 18.68354215634535},observed.temp-1
reconstructed,temp-1,temp-1-1758914624352,1758914624.3522327,1758914624.3522327,1758914624.3522327,float,C,18.68354215634535,19.075112321928096,observed,1.0,False,observed,SimulatedDroppingStream,{'ground_truth': 18.68354215634535},reconstructed.temp-1
groundtruth,temp-1,temp-1-1758914685351,1758914685.3516636,1758914685.3516636,1758914685.3516636,float,C,25.257895456277538,,,,,groundtruth,GroundTruthStream,{'ground_truth': 25.257895456277538},groundtruth.temp-1
observed,temp-1,temp-1-1758914625354,1758914625.354246,1758914625.354246,1758914625.354246,float,C,18.799285034587413,,,,,observed,SimulatedDroppingStream,{'ground_truth': 18.799285034587413},observed.temp-1
reconstructed,temp-1,temp-1-1758914625354,1758914625.354246,1758914625.354246,1758914625.354246,float,C,18.799285034587413,18.53655729030874,observed,1.0,False,observed,SimulatedDroppingStream,{'ground_truth': 18.799285034587413},reconstructed.temp-1
groundtruth,temp-1,temp-1-1758914686349,1758914686.3496253,1758914686.3496253,1758914686.3496253,float,C,24.655009034044237,,,,,groundtruth,GroundTruthStream,{'ground_truth': 24.655009034044237},groundtruth.temp-1
observed,temp-1,temp-1-1758914626354,1758914626.3542542,1758914626.3542542,1758914626.3542542,float,C,16.02445354731835,,,,,observed,SimulatedDroppingStream,{'ground_truth': 16.02445354731835},observed.temp-1
reconstructed,temp-1,temp-1-1758914626354,1758914626.3542542,1758914626.3542542,1758914626.3542542,float,C,16.02445354731835,16.200396851811504,observed,1.0,False,observed,SimulatedDroppingStream,{'ground_truth': 16.02445354731835},reconstructed.temp-1
groundtruth,temp-1,temp-1-1758914687351,1758914687.3516624,1758914687.3516624,1758914687.3516624,float,C,27.483597729135106,,,,,groundtruth,GroundTruthStream,{'ground_truth': 27.483597729135106},groundtruth.temp-1
observed,temp-1,temp-1-1758914627349,1758914627.3491778,1758914627.3491778,1758914627.3491778,float,C,19.180321930681274,,,,,observed,SimulatedDroppingStream,{'ground_truth': 19.180321930681274},observed.temp-1
reconstructed,temp-1,temp-1-1758914627349,1758914627.3491778,1758914627.3491778,1758914627.3491778,float,C,19.180321930681274,18.4988854433871,observed,1.0,False,observed,SimulatedDroppingStream,{'ground_truth': 19.180321930681274},reconstructed.temp-1
groundtruth,temp-1,temp-1-1758914688358,1758914688.3585973,1758914688.3585973,1758914688.3585973,float,C,18.541634169132436,,,,,groundtruth,GroundTruthStream,{'ground_truth': 18.541634169132436},groundtruth.temp-1
observed,temp-1,temp-1-1758914628347,1758914628.347659,1758914628.3635044,1758914628.347659,float,C,,,,,,missing,SimulatedDroppingStream,{},observed.temp-1
reconstructed,temp-1,temp-1-1758914628347,1758914628.347659,1758914628.3635044,1758914628.347659,float,C,20.272345714692484,20.272345714692484,KalmanFilter,0.597308548269989,True,reconstructed,SimulatedDroppingStream,{},reconstructed.temp-1
groundtruth,temp-1,temp-1-1758914691352,1758914691.3523445,1758914691.3523445,1758914691.3523445,float,C,18.84083790021142,,,,,groundtruth,GroundTruthStream,{'ground_truth': 18.84083790021142},groundtruth.temp-1
observed,temp-1,temp-1-1758914629347,1758914629.347659,1758914629.35701,1758914629.347659,float,C,,,,,,missing,SimulatedDroppingStream,{},observed.temp-1
reconstructed,temp-1,temp-1-1758914629347,1758914629.347659,1758914629.35701,1758914629.347659,float,C,23.029289459014183,23.029289459014183,KalmanFilter,0.25378315241270816,True,reconstructed,SimulatedDroppingStream,{},reconstructed.temp-1
groundtruth,temp-1,temp-1-1758914692348,1758914692.3485363,1758914692.3485363,1758914692.3485363,float,C,28.497816640411024,,,,,groundtruth,GroundTruthStream,{'ground_truth': 28.497816640411024},groundtruth.temp-1
observed,temp-1,temp-1-1758914630347,1758914630.347659,1758914630.363349,1758914630.347659,float,C,,,,,,missing,SimulatedDroppingStream,{},observed.temp-1
reconstructed,temp-1,temp-1-1758914630347,1758914630.347659,1758914630.363349,1758914630.347659,float,C,26.769716676352196,26.769716676352196,KalmanFilter,0.09966773246636944,True,reconstructed,SimulatedDroppingStream,{},reconstructed.temp-1
groundtruth,temp-1,temp-1-1758914693351,1758914693.3512673,1758914693.3512673,1758914693.3512673,float,C,21.508438607572465,,,,,groundtruth,GroundTruthStream,{'ground_truth': 21.508438607572465},groundtruth.temp-1
observed,temp-1,temp-1-1758914631347,1758914631.347659,1758914631.3514245,1758914631.347659,float,C,,,,,,missing,SimulatedDroppingStream,{},observed.temp-1
reconstructed,temp-1,temp-1-1758914631347,1758914631.347659,1758914631.3514245,1758914631.347659,float,C,31.49362736670652,31.49362736670652,KalmanFilter,0.042747273214959414,True,reconstructed,SimulatedDroppingStream,{},reconstructed.temp-1
groundtruth,temp-1,temp-1-1758914696363,1758914696.3633013,1758914696.3633013,1758914696.3633013,float,C,16.113371932975056,,,,,groundtruth,GroundTruthStream,{'ground_truth': 16.113371932975056},groundtruth.temp-1
observed,temp-1,temp-1-1758914632363,1758914632.3635159,1758914632.3635159,1758914632.3635159,float,C,19.9371585433519,,,,,observed,SimulatedDroppingStream,{'ground_truth': 19.9371585433519},observed.temp-1
reconstructed,temp-1,temp-1-1758914632363,1758914632.3635159,1758914632.3635159,1758914632.3635159,float,C,19.9371585433519,19.97301059168102,observed,1.0,False,observed,SimulatedDroppingStream,{'ground_truth': 19.9371585433519},reconstructed.temp-1
groundtruth,temp-1,temp-1-1758914697363,1758914697.363103,1758914697.363103,1758914697.363103,float,C,19.612450718298867,,,,,groundtruth,GroundTruthStream,{'ground_truth': 19.612450718298867},groundtruth.temp-1
observed,temp-1,temp-1-1758914633356,1758914633.356709,1758914633.356709,1758914633.356709,float,C,28.634298616633586,,,,,observed,SimulatedDroppingStream,{'ground_truth': 28.634298616633586},observed.temp-1
reconstructed,temp-1,temp-1-1758914633356,1758914633.356709,1758914633.356709,1758914633.356709,float,C,28.634298616633586,27.891821358260483,observed,1.0,False,observed,SimulatedDroppingStream,{'ground_truth': 28.634298616633586},reconstructed.temp-1
groundtruth,temp-1,temp-1-1758914698360,1758914698.360996,1758914698.360996,1758914698.360996,float,C,16.649617590320602,,,,,groundtruth,GroundTruthStream,{'ground_truth': 16.649617590320602},groundtruth.temp-1
observed,temp-1,temp-1-1758914634350,1758914634.350773,1758914634.350773,1758914634.350773,float,C,22.775778185284906,,,,,observed,SimulatedDroppingStream,{'ground_truth': 22.775778185284906},observed.temp-1
reconstructed,temp-1,temp-1-1758914634350,1758914634.350773,1758914634.350773,1758914634.350773,float,C,22.775778185284906,24.26120937962303,observed,1.0,False,observed,SimulatedDroppingStream,{'ground_truth': 22.775778185284906},reconstructed.temp-1
groundtruth,temp-1,temp-1-1758914699360,1758914699.3606305,1758914699.3606305,1758914699.3606305,float,C,25.005169474345937,,,,,groundtruth,GroundTruthStream,{'ground_truth': 25.005169474345937},groundtruth.temp-1
observed,temp-1,temp-1-1758914635358,1758914635.3588114,1758914635.3588114,1758914635.3588114,float,C,29.07750980721147,,,,,observed,SimulatedDroppingStream,{'ground_truth': 29.07750980721147},observed.temp-1
reconstructed,temp-1,temp-1-1758914635358,1758914635.3588114,1758914635.3588114,1758914635.3588114,float,C,29.07750980721147,28.346452375137968,observed,1.0,False,observed,SimulatedDroppingStream,{'ground_truth': 29.07750980721147},reconstructed.temp-1
groundtruth,temp-1,temp-1-1758914701361,1758914701.3613126,1758914701.3613126,1758914701.3613126,float,C,25.09852492015858,,,,,groundtruth,GroundTruthStream,{'ground_truth': 25.09852492015858},groundtruth.temp-1
observed,temp-1,temp-1-1758914636362,1758914636.3628423,1758914636.3628423,1758914636.3628423,float,C,17.158429023241595,,,,,observed,SimulatedDroppingStream,{'ground_truth': 17.158429023241595},observed.temp-1
reconstructed,temp-1,temp-1-1758914636362,1758914636.3628423,1758914636.3628423,1758914636.3628423,float,C,17.158429023241595,18.96159571197269,observed,1.0,False,observed,SimulatedDroppingStream,{'ground_truth': 17.158429023241595},reconstructed.temp-1
groundtruth,temp-1,temp-1-1758914702352,1758914702.352288,1758914702.352288,1758914702.352288,float,C,15.859718372730075,,,,,groundtruth,GroundTruthStream,{'ground_truth': 15.859718372730075},groundtruth.temp-1
observed,temp-1,temp-1-1758914637353,1758914637.3535523,1758914637.3535523,1758914637.3535523,float,C,20.328131608561506,,,,,observed,SimulatedDroppingStream,{'ground_truth': 20.328131608561506},observed.temp-1
reconstructed,temp-1,temp-1-1758914637353,1758914637.3535523,1758914637.3535523,1758914637.3535523,float,C,20.328131608561506,19.05434068658775,observed,1.0,False,observed,SimulatedDroppingStream,{'ground_truth': 20.328131608561506},reconstructed.temp-1
groundtruth,temp-1,temp-1-1758914703348,1758914703.348759,1758914703.348759,1758914703.348759,float,C,28.55870758274523,,,,,groundtruth,GroundTruthStream,{'ground_truth': 28.55870758274523},groundtruth.temp-1
observed,temp-1,temp-1-1758914638364,1758914638.3643324,1758914638.3643324,1758914638.3643324,float,C,16.129193195952276,,,,,observed,SimulatedDroppingStream,{'ground_truth': 16.129193195952276},observed.temp-1
reconstructed,temp-1,temp-1-1758914638364,1758914638.3643324,1758914638.3643324,1758914638.3643324,float,C,16.129193195952276,16.073787313277357,observed,1.0,False,observed,SimulatedDroppingStream,{'ground_truth': 16.129193195952276},reconstructed.temp-1
groundtruth,temp-1,temp-1-1758914704358,1758914704.3585105,1758914704.3585105,1758914704.3585105,float,C,26.275229403407504,,,,,groundtruth,GroundTruthStream,{'ground_truth': 26.275229403407504},groundtruth.temp-1
observed,temp-1,temp-1-1758914639356,1758914639.3568664,1758914639.3568664,1758914639.3568664,float,C,21.277120674634336,,,,,observed,SimulatedDroppingStream,{'ground_truth': 21.277120674634336},observed.temp-1
reconstructed,temp-1,temp-1-1758914639356,1758914639.3568664,1758914639.3568664,1758914639.3568664,float,C,21.277120674634336,20.13845167519155,observed,1.0,False,observed,SimulatedDroppingStream,{'ground_truth': 21.277120674634336},reconstructed.temp-1
groundtruth,temp-1,temp-1-1758914705356,1758914705.3563893,1758914705.3563893,1758914705.3563893,float,C,16.514154457732925,,,,,groundtruth,GroundTruthStream,{'ground_truth': 16.514154457732925},groundtruth.temp-1
observed,temp-1,temp-1-1758914640349,1758914640.3498158,1758914640.3498158,1758914640.3498158,float,C,22.025090070321088,,,,,observed,SimulatedDroppingStream,{'ground_truth': 22.025090070321088},observed.temp-1
reconstructed,temp-1,temp-1-1758914640349,1758914640.3498158,1758914640.3498158,1758914640.3498158,float,C,22.025090070321088,22.203986746049754,observed,1.0,False,observed,SimulatedDroppingStream,{'ground_truth': 22.025090070321088},reconstructed.temp-1
groundtruth,temp-1,temp-1-1758914708362,1758914708.3627071,1758914708.3627071,1758914708.3627071,float,C,15.493263727959853,,,,,groundtruth,GroundTruthStream,{'ground_truth': 15.493263727959853},groundtruth.temp-1
observed,temp-1,temp-1-1758914641361,1758914641.3616064,1758914641.3616064,1758914641.3616064,float,C,27.582252150885438,,,,,observed,SimulatedDroppingStream,{'ground_truth': 27.582252150885438},observed.temp-1
reconstructed,temp-1,temp-1-1758914641361,1758914641.3616064,1758914641.3616064,1758914641.3616064,float,C,27.582252150885438,27.382850676380233,observed,1.0,False,observed,SimulatedDroppingStream,{'ground_truth': 27.582252150885438},reconstructed.temp-1
groundtruth,temp-1,temp-1-1758914710358,1758914710.358834,1758914710.358834,1758914710.358834,float,C,23.189798118773226,,,,,groundtruth,GroundTruthStream,{'ground_truth': 23.189798118773226},groundtruth.temp-1
observed,temp-1,temp-1-1758914642357,1758914642.3574371,1758914642.3574371,1758914642.3574371,float,C,22.389257735125497,,,,,observed,SimulatedDroppingStream,{'ground_truth': 22.389257735125497},observed.temp-1
reconstructed,temp-1,temp-1-1758914642357,1758914642.3574371,1758914642.3574371,1758914642.3574371,float,C,22.389257735125497,23.87514219652298,observed,1.0,False,observed,SimulatedDroppingStream,{'ground_truth': 22.389257735125497},reconstructed.temp-1
groundtruth,temp-1,temp-1-1758914711360,1758914711.3609238,1758914711.3609238,1758914711.3609238,float,C,18.482282929424635,,,,,groundtruth,GroundTruthStream,{'ground_truth': 18.482282929424635},groundtruth.temp-1
observed,temp-1,temp-1-1758914643347,1758914643.347659,1758914643.3566272,1758914643.347659,float,C,,,,,,missing,SimulatedDroppingStream,{},observed.temp-1
reconstructed,temp-1,temp-1-1758914643347,1758914643.347659,1758914643.3566272,1758914643.347659,float,C,22.495068796759735,22.495068796759735,KalmanFilter,0.5974345571513977,True,reconstructed,SimulatedDroppingStream,{},reconstructed.temp-1
groundtruth,temp-1,temp-1-1758914712354,1758914712.3543115,1758914712.3543115,1758914712.3543115,float,C,28.34917068025635,,,,,groundtruth,GroundTruthStream,{'ground_truth': 28.34917068025635},groundtruth.temp-1
observed,temp-1,temp-1-1758914644362,1758914644.3626568,1758914644.3626568,1758914644.3626568,float,C,19.954320737960245,,,,,observed,SimulatedDroppingStream,{'ground_truth': 19.954320737960245},observed.temp-1
reconstructed,temp-1,temp-1-1758914644362,1758914644.3626568,1758914644.3626568,1758914644.3626568,float,C,19.954320737960245,19.954462657201532,observed,1.0,False,observed,SimulatedDroppingStream,{'ground_truth': 19.954320737960245},reconstructed.temp-1
groundtruth,temp-1,temp-1-1758914713363,1758914713.363185,1758914713.363185,1758914713.363185,float,C,16.133785131041034,,,,,groundtruth,GroundTruthStream,{'ground_truth': 16.133785131041034},groundtruth.temp-1
observed,temp-1,temp-1-1758914645347,1758914645.347659,1758914645.3537557,1758914645.347659,float,C,,,,,,missing,SimulatedDroppingStream,{},observed.temp-1
reconstructed,temp-1,temp-1-1758914645347,1758914645.347659,1758914645.3537557,1758914645.347659,float,C,16.258684263325197,16.258684263325197,KalmanFilter,0.5964116411972734,True,reconstructed,SimulatedDroppingStream,{},reconstructed.temp-1
groundtruth,temp-1,temp-1-1758914714356,1758914714.3567407,1758914714.3567407,1758914714.3567407,float,C,19.559195790649458,,,,,groundtruth,GroundTruthStream,{'ground_truth': 19.559195790649458},groundtruth.temp-1
observed,temp-1,temp-1-1758914646350,1758914646.3506463,1758914646.3506463,1758914646.3506463,float,C,20.656720312100628,,,,,observed,SimulatedDroppingStream,{'ground_truth': 20.656720312100628},observed.temp-1
reconstructed,temp-1,temp-1-1758914646350,1758914646.3506463,1758914646.3506463,1758914646.3506463,float,C,20.656720312100628,20.360065729384857,observed,1.0,False,observed,SimulatedDroppingStream,{'ground_truth': 20.656720312100628},reconstructed.temp-1
groundtruth,temp-1,temp-1-1758914715357,1758914715.3579078,1758914715.3579078,1758914715.3579078,float,C,27.543272617570057,,,,,groundtruth,GroundTruthStream,{'ground_truth': 27.543272617570057},groundtruth.temp-1
observed,temp-1,temp-1-1758914647360,1758914647.3603175,1758914647.3603175,1758914647.3603175,float,C,15.781474347568343,,,,,observed,SimulatedDroppingStream,{'ground_truth': 15.781474347568343},observed.temp-1
reconstructed,temp-1,temp-1-1758914647360,1758914647.3603175,1758914647.3603175,1758914647.3603175,float,C,15.781474347568343,16.41964518667048,observed,1.0,False,observed,SimulatedDroppingStream,{'ground_truth': 15.781474347568343},reconstructed.temp-1
groundtruth,temp-1,temp-1-1758914718359,1758914718.3592777,1758914718.3592777,1758914718.3592777,float,C,27.92879975006671,,,,,groundtruth,GroundTruthStream,{'ground_truth': 27.92879975006671},groundtruth.temp-1
observed,temp-1,temp-1-1758914648351,1758914648.3512728,1758914648.3512728,1758914648.3512728,float,C,22.65468944983165,,,,,observed,SimulatedDroppingStream,{'ground_truth': 22.65468944983165},observed.temp-1
reconstructed,temp-1,temp-1-1758914648351,1758914648.3512728,1758914648.3512728,1758914648.3512728,float,C,22.65468944983165,21.4749035071438,observed,1.0,False,observed,SimulatedDroppingStream,{'ground_truth': 22.65468944983165},reconstructed.temp-1
groundtruth,temp-1,temp-1-1758914720350,1758914720.3503523,1758914720.3503523,1758914720.3503523,float,C,17.479109058833053,,,,,groundtruth,GroundTruthStream,{'ground_truth': 17.479109058833053},groundtruth.temp-1
observed,temp-1,temp-1-1758914649359,1758914649.3596816,1758914649.3596816,1758914649.3596816,float,C,22.058960257000763,,,,,observed,SimulatedDroppingStream,{'ground_truth': 22.058960257000763},observed.temp-1
reconstructed,temp-1,temp-1-1758914649359,1758914649.3596816,1758914649.3596816,1758914649.3596816,float,C,22.058960257000763,22.50331418166423,observed,1.0,False,observed,SimulatedDroppingStream,{'ground_truth': 22.058960257000763},reconstructed.temp-1
groundtruth,temp-1,temp-1-1758914721362,1758914721.3627315,1758914721.3627315,1758914721.3627315,float,C,28.363543602907114,,,,,groundtruth,GroundTruthStream,{'ground_truth': 28.363543602907114},groundtruth.temp-1
observed,temp-1,temp-1-1758914650355,1758914650.3557034,1758914650.3557034,1758914650.3557034,float,C,26.943498419317702,,,,,observed,SimulatedDroppingStream,{'ground_truth': 26.943498419317702},observed.temp-1
reconstructed,temp-1,temp-1-1758914650355,1758914650.3557034,1758914650.3557034,1758914650.3557034,float,C,26.943498419317702,26.731474682137456,observed,1.0,False,observed,SimulatedDroppingStream,{'ground_truth': 26.943498419317702},reconstructed.temp-1
groundtruth,temp-1,temp-1-1758914722358,1758914722.3586686,1758914722.3586686,1758914722.3586686,float,C,28.379096608691242,,,,,groundtruth,GroundTruthStream,{'ground_truth': 28.379096608691242},groundtruth.temp-1
observed,temp-1,temp-1-1758914651349,1758914651.3492954,1758914651.3492954,1758914651.3492954,float,C,26.37190142478455,,,,,observed,SimulatedDroppingStream,{'ground_truth': 26.37190142478455},observed.temp-1
reconstructed,temp-1,temp-1-1758914651349,1758914651.3492954,1758914651.3492954,1758914651.3492954,float,C,26.37190142478455,27.05737457506742,observed,1.0,False,observed,SimulatedDroppingStream,{'ground_truth': 26.37190142478455},reconstructed.temp-1
groundtruth,temp-1,temp-1-1758914723358,1758914723.3584619,1758914723.3584619,1758914723.3584619,float,C,28.88639646068853,,,,,groundtruth,GroundTruthStream,{'ground_truth': 28.88639646068853},groundtruth.temp-1
observed,temp-1,temp-1-1758914652360,1758914652.3602645,1758914652.3602645,1758914652.3602645,float,C,22.090411131124498,,,,,observed,SimulatedDroppingStream,{'ground_truth': 22.090411131124498},observed.temp-1
reconstructed,temp-1,temp-1-1758914652360,1758914652.3602645,1758914652.3602645,1758914652.3602645,float,C,22.090411131124498,22.948494659287093,observed,1.0,False,observed,SimulatedDroppingStream,{'ground_truth': 22.090411131124498},reconstructed.temp-1
groundtruth,temp-1,temp-1-1758914724356,1758914724.356159,1758914724.356159,1758914724.356159,float,C,24.125650597165688,,,,,groundtruth,GroundTruthStream,{'ground_truth': 24.125650597165688},groundtruth.temp-1
observed,temp-1,temp-1-1758914653352,1758914653.352421,1758914653.352421,1758914653.352421,float,C,20.746501269728235,,,,,observed,SimulatedDroppingStream,{'ground_truth': 20.746501269728235},observed.temp-1
reconstructed,temp-1,temp-1-1758914653352,1758914653.352421,1758914653.352421,1758914653.352421,float,C,20.746501269728235,20.506081171369548,observed,1.0,False,observed,SimulatedDroppingStream,{'ground_truth': 20.746501269728235},reconstructed.temp-1
groundtruth,temp-1,temp-1-1758914725354,1758914725.354232,1758914725.354232,1758914725.354232,float,C,26.0928123852267,,,,,groundtruth,GroundTruthStream,{'ground_truth': 26.0928123852267},groundtruth.temp-1
observed,temp-1,temp-1-1758914654364,1758914654.3644152,1758914654.3644152,1758914654.3644152,float,C,24.93458880711045,,,,,observed,SimulatedDroppingStream,{'ground_truth': 24.93458880711045},observed.temp-1
reconstructed,temp-1,temp-1-1758914654364,1758914654.3644152,1758914654.3644152,1758914654.3644152,float,C,24.93458880711045,23.799927276514477,observed,1.0,False,observed,SimulatedDroppingStream,{'ground_truth': 24.93458880711045},reconstructed.temp-1
groundtruth,temp-1,temp-1-1758914727363,1758914727.3631716,1758914727.3631716,1758914727.3631716,float,C,21.287154011766567,,,,,groundtruth,GroundTruthStream,{'ground_truth': 21.287154011766567},groundtruth.temp-1
observed,temp-1,temp-1-1758914655361,1758914655.3619518,1758914655.3619518,1758914655.3619518,float,C,24.005003794212357,,,,,observed,SimulatedDroppingStream,{'ground_truth': 24.005003794212357},observed.temp-1
reconstructed,temp-1,temp-1-1758914655361,1758914655.3619518,1758914655.3619518,1758914655.3619518,float,C,24.005003794212357,24.19035951775972,observed,1.0,False,observed,SimulatedDroppingStream,{'ground_truth': 24.005003794212357},reconstructed.temp-1
groundtruth,temp-1,temp-1-1758914728352,1758914728.352502,1758914728.352502,1758914728.352502,float,C,25.558467423263757,,,,,groundtruth,GroundTruthStream,{'ground_truth': 25.558467423263757},groundtruth.temp-1
observed,temp-1,temp-1-1758914656359,1758914656.3591754,1758914656.3591754,1758914656.3591754,float,C,17.629796717114157,,,,,observed,SimulatedDroppingStream,{'ground_truth': 17.629796717114157},observed.temp-1
reconstructed,temp-1,temp-1-1758914656359,1758914656.3591754,1758914656.3591754,1758914656.3591754,float,C,17.629796717114157,18.644194636711706,observed,1.0,False,observed,SimulatedDroppingStream,{'ground_truth': 17.629796717114157},reconstructed.temp-1
groundtruth,temp-1,temp-1-1758914730360,1758914730.3603246,1758914730.3603246,1758914730.3603246,float,C,19.788763916542223,,,,,groundtruth,GroundTruthStream,{'ground_truth': 19.788763916542223},groundtruth.temp-1
observed,temp-1,temp-1-1758914657356,1758914657.3560786,1758914657.3560786,1758914657.3560786,float,C,25.786266856026103,,,,,observed,SimulatedDroppingStream,{'ground_truth': 25.786266856026103},observed.temp-1
reconstructed,temp-1,temp-1-1758914657356,1758914657.3560786,1758914657.3560786,1758914657.3560786,float,C,25.786266856026103,24.24162432955441,observed,1.0,False,observed,SimulatedDroppingStream,{'ground_truth': 25.786266856026103},reconstructed.temp-1
groundtruth,temp-1,temp-1-1758914732363,1758914732.3630478,1758914732.3630478,1758914732.3630478,float,C,17.222998763970768,,,,,groundtruth,GroundTruthStream,{'ground_truth': 17.222998763970768},groundtruth.temp-1
observed,temp-1,temp-1-1758914658350,1758914658.3500798,1758914658.3500798,1758914658.3500798,float,C,21.899227046118554,,,,,observed,SimulatedDroppingStream,{'ground_truth': 21.899227046118554},observed.temp-1
reconstructed,temp-1,temp-1-1758914658350,1758914658.3500798,1758914658.3500798,1758914658.3500798,float,C,21.899227046118554,22.682086745559378,observed,1.0,False,observed,SimulatedDroppingStream,{'ground_truth': 21.899227046118554},reconstructed.temp-1
groundtruth,temp-1,temp-1-1758914733363,1758914733.3634248,1758914733.3634248,1758914733.3634248,float,C,28.729281036451418,,,,,groundtruth,GroundTruthStream,{'ground_truth': 28.729281036451418},groundtruth.temp-1
observed,temp-1,temp-1-1758914659360,1758914659.3607569,1758914659.3607569,1758914659.3607569,float,C,19.580256081376728,,,,,observed,SimulatedDroppingStream,{'ground_truth': 19.580256081376728},observed.temp-1
reconstructed,temp-1,temp-1-1758914659360,1758914659.3607569,1758914659.3607569,1758914659.3607569,float,C,19.580256081376728,20.00213201337733,observed,1.0,False,observed,SimulatedDroppingStream,{'ground_truth': 19.580256081376728},reconstructed.temp-1
groundtruth,temp-1,temp-1-1758914734362,1758914734.3624358,1758914734.3624358,1758914734.3624358,float,C,23.736433866098842,,,,,groundtruth,GroundTruthStream,{'ground_truth': 23.736433866098842},groundtruth.temp-1
observed,temp-1,temp-1-1758914660359,1758914660.359638,1758914660.359638,1758914660.359638,float,C,18.517715614197307,,,,,observed,SimulatedDroppingStream,{'ground_truth': 18.517715614197307},observed.temp-1
reconstructed,temp-1,temp-1-1758914660359,1758914660.359638,1758914660.359638,1758914660.359638,float,C,18.517715614197307,18.375441146843304,observed,1.0,False,observed,SimulatedDroppingStream,{'ground_truth': 18.517715614197307},reconstructed.temp-1
groundtruth,temp-1,temp-1-1758914735363,1758914735.363191,1758914735.363191,1758914735.363191,float,C,29.65938472175356,,,,,groundtruth,GroundTruthStream,{'ground_truth': 29.65938472175356},groundtruth.temp-1
observed,temp-1,temp-1-1758914661360,1758914661.3603466,1758914661.3603466,1758914661.3603466,float,C,17.591016386336108,,,,,observed,SimulatedDroppingStream,{'ground_truth': 17.591016386336108},observed.temp-1
reconstructed,temp-1,temp-1-1758914661360,1758914661.3603466,1758914661.3603466,1758914661.3603466,float,C,17.591016386336108,17.36943153736498,observed,1.0,False,observed,SimulatedDroppingStream,{'ground_truth': 17.591016386336108},reconstructed.temp-1
groundtruth,temp-1,temp-1-1758914736354,1758914736.3545647,1758914736.3545647,1758914736.3545647,float,C,24.68931464337734,,,,,groundtruth,GroundTruthStream,{'ground_truth': 24.68931464337734},groundtruth.temp-1
observed,temp-1,temp-1-1758914662360,1758914662.3604858,1758914662.3604858,1758914662.3604858,float,C,15.453190303706778,,,,,observed,SimulatedDroppingStream,{'ground_truth': 15.453190303706778},observed.temp-1
reconstructed,temp-1,temp-1-1758914662360,1758914662.3604858,1758914662.3604858,1758914662.3604858,float,C,15.453190303706778,15.491754158130892,observed,1.0,False,observed,SimulatedDroppingStream,{'ground_truth': 15.453190303706778},reconstructed.temp-1
groundtruth,temp-1,temp-1-1758914737351,1758914737.3514757,1758914737.3514757,1758914737.3514757,float,C,28.426966680865853,,,,,groundtruth,GroundTruthStream,{'ground_truth': 28.426966680865853},groundtruth.temp-1
observed,temp-1,temp-1-1758914663358,1758914663.3581111,1758914663.3581111,1758914663.3581111,float,C,22.66836024748994,,,,,observed,SimulatedDroppingStream,{'ground_truth': 22.66836024748994},observed.temp-1
reconstructed,temp-1,temp-1-1758914663358,1758914663.3581111,1758914663.3581111,1758914663.3581111,float,C,22.66836024748994,21.48370993874363,observed,1.0,False,observed,SimulatedDroppingStream,{'ground_truth': 22.66836024748994},reconstructed.temp-1
groundtruth,temp-1,temp-1-1758914738362,1758914738.3627098,1758914738.3627098,1758914738.3627098,float,C,16.005952208319286,,,,,groundtruth,GroundTruthStream,{'ground_truth': 16.005952208319286},groundtruth.temp-1
observed,temp-1,temp-1-1758914664351,1758914664.35144,1758914664.35144,1758914664.35144,float,C,26.86000337350167,,,,,observed,SimulatedDroppingStream,{'ground_truth': 26.86000337350167},observed.temp-1
reconstructed,temp-1,temp-1-1758914664351,1758914664.35144,1758914664.35144,1758914664.35144,float,C,26.86000337350167,26.876764437534206,observed,1.0,False,observed,SimulatedDroppingStream,{'ground_truth': 26.86000337350167},reconstructed.temp-1
groundtruth,temp-1,temp-1-1758914739352,1758914739.3522582,1758914739.3522582,1758914739.3522582,float,C,24.160069266622784,,,,,groundtruth,GroundTruthStream,{'ground_truth': 24.160069266622784},groundtruth.temp-1
observed,temp-1,temp-1-1758914665364,1758914665.364561,1758914665.364561,1758914665.364561,float,C,20.951278620091585,,,,,observed,SimulatedDroppingStream,{'ground_truth': 20.951278620091585},observed.temp-1
reconstructed,temp-1,temp-1-1758914665364,1758914665.364561,1758914665.364561,1758914665.364561,float,C,20.951278620091585,22.6900508158487,observed,1.0,False,observed,SimulatedDroppingStream,{'ground_truth': 20.951278620091585},reconstructed.temp-1
groundtruth,temp-1,temp-1-1758914740351,1758914740.351927,1758914740.351927,1758914740.351927,float,C,27.198362743310483,,,,,groundtruth,GroundTruthStream,{'ground_truth': 27.198362743310483},groundtruth.temp-1
observed,temp-1,temp-1-1758914666363,1758914666.3638935,1758914666.3638935,1758914666.3638935,float,C,28.660200851325087,,,,,observed,SimulatedDroppingStream,{'ground_truth': 28.660200851325087},observed.temp-1
reconstructed,temp-1,temp-1-1758914666363,1758914666.3638935,1758914666.3638935,1758914666.3638935,float,C,28.660200851325087,27.67355167656391,observed,1.0,False,observed,SimulatedDroppingStream,{'ground_truth': 28.660200851325087},reconstructed.temp-1
groundtruth,temp-1,temp-1-1758914741361,1758914741.3612685,1758914741.3612685,1758914741.3612685,float,C,18.437600512162827,,,,,groundtruth,GroundTruthStream,{'ground_truth': 18.437600512162827},groundtruth.temp-1
observed,temp-1,temp-1-1758914667347,1758914667.347659,1758914667.3609333,1758914667.347659,float,C,,,,,,missing,SimulatedDroppingStream,{},observed.temp-1
reconstructed,temp-1,temp-1-1758914667347,1758914667.347659,1758914667.3609333,1758914667.347659,float,C,31.09630437053308,31.09630437053308,KalmanFilter,0.5974377304512147,True,reconstructed,SimulatedDroppingStream,{},reconstructed.temp-1
groundtruth,temp-1,temp-1-1758914742350,1758914742.350913,1758914742.350913,1758914742.350913,float,C,28.82819431279608,,,,,groundtruth,GroundTruthStream,{'ground_truth': 28.82819431279608},groundtruth.temp-1
observed,temp-1,temp-1-1758914668357,1758914668.357305,1758914668.357305,1758914668.357305,float,C,15.095026385832677,,,,,observed,SimulatedDroppingStream,{'ground_truth': 15.095026385832677},observed.temp-1
reconstructed,temp-1,temp-1-1758914668357,1758914668.357305,1758914668.357305,1758914668.357305,float,C,15.095026385832677,15.755049773592443,observed,1.0,False,observed,SimulatedDroppingStream,{'ground_truth': 15.095026385832677},reconstructed.temp-1
groundtruth,temp-1,temp-1-1758914743348,1758914743.3488135,1758914743.3488135,1758914743.3488135,float,C,28.744869054082656,,,,,groundtruth,GroundTruthStream,{'ground_truth': 28.744869054082656},groundtruth.temp-1
observed,temp-1,temp-1-1758914669360,1758914669.3605666,1758914669.3605666,1758914669.3605666,float,C,27.43255474668277,,,,,observed,SimulatedDroppingStream,{'ground_truth': 27.43255474668277},observed.temp-1
reconstructed,temp-1,temp-1-1758914669360,1758914669.3605666,1758914669.3605666,1758914669.3605666,float,C,27.43255474668277,24.747697042224882,observed,1.0,False,observed,SimulatedDroppingStream,{'ground_truth': 27.43255474668277},reconstructed.temp-1
groundtruth,temp-1,temp-1-1758914744352,1758914744.3526483,1758914744.3526483,1758914744.3526483,float,C,28.448524393601076,,,,,groundtruth,GroundTruthStream,{'ground_truth': 28.448524393601076},groundtruth.temp-1
observed,temp-1,temp-1-1758914670347,1758914670.347659,1758914670.3497355,1758914670.347659,float,C,,,,,,missing,SimulatedDroppingStream,{},observed.temp-1
reconstructed,temp-1,temp-1-1758914670347,1758914670.347659,1758914670.3497355,1758914670.347659,float,C,30.445867106904444,30.445867106904444,KalmanFilter,0.5843681075643873,True,reconstructed,SimulatedDroppingStream,{},reconstructed.temp-1
groundtruth,temp-1,temp-1-1758914745353,1758914745.353515,1758914745.353515,1758914745.353515,float,C,26.17967819259478,,,,,groundtruth,GroundTruthStream,{'ground_truth': 26.17967819259478},groundtruth.temp-1
observed,temp-1,temp-1-1758914671362,1758914671.3629265,1758914671.3629265,1758914671.3629265,float,C,20.95041205480393,,,,,observed,SimulatedDroppingStream,{'ground_truth': 20.95041205480393},observed.temp-1
reconstructed,temp-1,temp-1-1758914671362,1758914671.3629265,1758914671.3629265,1758914671.3629265,float,C,20.95041205480393,21.497099604034332,observed,1.0,False,observed,SimulatedDroppingStream,{'ground_truth': 20.95041205480393},reconstructed.temp-1
groundtruth,temp-1,temp-1-1758914746353,1758914746.3533876,1758914746.3533876,1758914746.3533876,float,C,17.494169332291555,,,,,groundtruth,GroundTruthStream,{'ground_truth': 17.494169332291555},groundtruth.temp-1
observed,temp-1,temp-1-1758914672359,1758914672.3594117,1758914672.3594117,1758914672.3594117,float,C,24.601892458091285,,,,,observed,SimulatedDroppingStream,{'ground_truth': 24.601892458091285},observed.temp-1
reconstructed,temp-1,temp-1-1758914672359,1758914672.3594117,1758914672.3594117,1758914672.3594117,float,C,24.601892458091285,24.003437907672318,observed,1.0,False,observed,SimulatedDroppingStream,{'ground_truth': 24.601892458091285},reconstructed.temp-1
groundtruth,temp-1,temp-1-1758914748352,1758914748.352986,1758914748.352986,1758914748.352986,float,C,26.217368854420037,,,,,groundtruth,GroundTruthStream,{'ground_truth': 26.217368854420037},groundtruth.temp-1
observed,temp-1,temp-1-1758914673357,1758914673.3571172,1758914673.3571172,1758914673.3571172,float,C,15.738810781861131,,,,,observed,SimulatedDroppingStream,{'ground_truth': 15.738810781861131},observed.temp-1
reconstructed,temp-1,temp-1-1758914673357,1758914673.3571172,1758914673.3571172,1758914673.3571172,float,C,15.738810781861131,16.983320486994955,observed,1.0,False,observed,SimulatedDroppingStream,{'ground_truth': 15.738810781861131},reconstructed.temp-1
groundtruth,temp-1,temp-1-1758914749352,1758914749.3524952,1758914749.3524952,1758914749.3524952,float,C,15.624189825954591,,,,,groundtruth,GroundTruthStream,{'ground_truth': 15.624189825954591},groundtruth.temp-1
observed,temp-1,temp-1-1758914674358,1758914674.3580866,1758914674.3580866,1758914674.3580866,float,C,26.04106060005521,,,,,observed,SimulatedDroppingStream,{'ground_truth': 26.04106060005521},observed.temp-1
reconstructed,temp-1,temp-1-1758914674358,1758914674.3580866,1758914674.3580866,1758914674.3580866,float,C,26.04106060005521,24.09748052678594,observed,1.0,False,observed,SimulatedDroppingStream,{'ground_truth': 26.04106060005521},reconstructed.temp-1
groundtruth,temp-1,temp-1-1758914750351,1758914750.3512309,1758914750.3512309,1758914750.3512309,float,C,20.854266104501082,,,,,groundtruth,GroundTruthStream,{'ground_truth': 20.854266104501082},groundtruth.temp-1
observed,temp-1,temp-1-1758914675347,1758914675.347659,1758914675.3571405,1758914675.347659,float,C,,,,,,missing,SimulatedDroppingStream,{},observed.temp-1
reconstructed,temp-1,temp-1-1758914675347,1758914675.347659,1758914675.3571405,1758914675.347659,float,C,28.738729017901395,28.738729017901395,KalmanFilter,0.5970964435066357,True,reconstructed,SimulatedDroppingStream,{},reconstructed.temp-1
groundtruth,temp-1,temp-1-1758914751363,1758914751.3630784,1758914751.3630784,1758914751.3630784,float,C,19.046102720693767,,,,,groundtruth,GroundTruthStream,{'ground_truth': 19.046102720693767},groundtruth.temp-1
observed,temp-1,temp-1-1758914676347,1758914676.347659,1758914676.3567584,1758914676.347659,float,C,,,,,,missing,SimulatedDroppingStream,{},observed.temp-1
reconstructed,temp-1,temp-1-1758914676347,1758914676.347659,1758914676.3567584,1758914676.347659,float,C,35.25736700289954,35.25736700289954,KalmanFilter,0.25387189525821735,True,reconstructed,SimulatedDroppingStream,{},reconstructed.temp-1
groundtruth,temp-1,temp-1-1758914752359,1758914752.3590438,1758914752.3590438,1758914752.3590438,float,C,26.893275122443196,,,,,groundtruth,GroundTruthStream,{'ground_truth': 26.893275122443196},groundtruth.temp-1
observed,temp-1,temp-1-1758914677351,1758914677.3519258,1758914677.3519258,1758914677.3519258,float,C,22.393760298304116,,,,,observed,SimulatedDroppingStream,{'ground_truth': 22.393760298304116},observed.temp-1
reconstructed,temp-1,temp-1-1758914677351,1758914677.3519258,1758914677.3519258,1758914677.3519258,float,C,22.393760298304116,22.626763244210387,observed,1.0,False,observed,SimulatedDroppingStream,{'ground_truth': 22.393760298304116},reconstructed.temp-1
groundtruth,temp-1,temp-1-1758914753363,1758914753.3633235,1758914753.3633235,1758914753.3633235,float,C,21.837591161879015,,,,,groundtruth,GroundTruthStream,{'ground_truth': 21.837591161879015},groundtruth.temp-1
observed,temp-1,temp-1-1758914678358,1758914678.3586366,1758914678.3586366,1758914678.3586366,float,C,25.214448326499998,,,,,observed,SimulatedDroppingStream,{'ground_truth': 25.214448326499998},observed.temp-1
reconstructed,temp-1,temp-1-1758914678358,1758914678.3586366,1758914678.3586366,1758914678.3586366,float,C,25.214448326499998,24.73672921722834,observed,1.0,False,observed,SimulatedDroppingStream,{'ground_truth': 25.214448326499998},reconstructed.temp-1
groundtruth,temp-1,temp-1-1758914754360,1758914754.3600154,1758914754.3600154,1758914754.3600154,float,C,24.560047340606275,,,,,groundtruth,GroundTruthStream,{'ground_truth': 24.560047340606275},groundtruth.temp-1
observed,temp-1,temp-1-1758914679350,1758914679.3505797,1758914679.3505797,1758914679.3505797,float,C,28.39530066301551,,,,,observed,SimulatedDroppingStream,{'ground_truth': 28.39530066301551},observed.temp-1
reconstructed,temp-1,temp-1-1758914679350,1758914679.3505797,1758914679.3505797,1758914679.3505797,float,C,28.39530066301551,28.156081774001954,observed,1.0,False,observed,SimulatedDroppingStream,{'ground_truth': 28.39530066301551},reconstructed.temp-1
groundtruth,temp-1,temp-1-1758914756362,1758914756.3627632,1758914756.3627632,1758914756.3627632,float,C,29.811036589494055,,,,,groundtruth,GroundTruthStream,{'ground_truth': 29.811036589494055},groundtruth.temp-1
observed,temp-1,temp-1-1758914680350,1758914680.3503282,1758914680.3503282,1758914680.3503282,float,C,29.68395517341061,,,,,observed,SimulatedDroppingStream,{'ground_truth': 29.68395517341061},observed.temp-1
reconstructed,temp-1,temp-1-1758914680350,1758914680.3503282,1758914680.3503282,1758914680.3503282,float,C,29.68395517341061,29.977797475026655,observed,1.0,False,observed,SimulatedDroppingStream,{'ground_truth': 29.68395517341061},reconstructed.temp-1
groundtruth,temp-1,temp-1-1758914757361,1758914757.361956,1758914757.361956,1758914757.361956,float,C,29.351728244715904,,,,,groundtruth,GroundTruthStream,{'ground_truth': 29.351728244715904},groundtruth.temp-1
observed,temp-1,temp-1-1758914681362,1758914681.3627453,1758914681.3627453,1758914681.3627453,float,C,25.045545157307973,,,,,observed,SimulatedDroppingStream,{'ground_truth': 25.045545157307973},observed.temp-1
reconstructed,temp-1,temp-1-1758914681362,1758914681.3627453,1758914681.3627453,1758914681.3627453,float,C,25.045545157307973,26.055601881183357,observed,1.0,False,observed,SimulatedDroppingStream,{'ground_truth': 25.045545157307973},reconstructed.temp-1
groundtruth,temp-1,temp-1-1758914758357,1758914758.357736,1758914758.357736,1758914758.357736,float,C,28.852197457709302,,,,,groundtruth,GroundTruthStream,{'ground_truth': 28.852197457709302},groundtruth.temp-1
observed,temp-1,temp-1-1758914682350,1758914682.3503995,1758914682.3503995,1758914682.3503995,float,C,15.090566034857359,,,,,observed,SimulatedDroppingStream,{'ground_truth': 15.090566034857359},observed.temp-1
reconstructed,temp-1,temp-1-1758914682350,1758914682.3503995,1758914682.3503995,1758914682.3503995,float,C,15.090566034857359,16.0828880615774,observed,1.0,False,observed,SimulatedDroppingStream,{'ground_truth': 15.090566034857359},reconstructed.temp-1
groundtruth,temp-1,temp-1-1758914759361,1758914759.3618035,1758914759.3618035,1758914759.3618035,float,C,25.3609035420352,,,,,groundtruth,GroundTruthStream,{'ground_truth': 25.3609035420352},groundtruth.temp-1
observed,temp-1,temp-1-1758914683348,1758914683.3489885,1758914683.3489885,1758914683.3489885,float,C,20.364550560870974,,,,,observed,SimulatedDroppingStream,{'ground_truth': 20.364550560870974},observed.temp-1
reconstructed,temp-1,temp-1-1758914683348,1758914683.3489885,1758914683.3489885,1758914683.3489885,float,C,20.364550560870974,18.352381411125123,observed,1.0,False,observed,SimulatedDroppingStream,{'ground_truth': 20.364550560870974},reconstructed.temp-1
groundtruth,temp-1,temp-1-1758914760359,1758914760.3599808,1758914760.3599808,1758914760.3599808,float,C,25.87937033201912,,,,,groundtruth,GroundTruthStream,{'ground_truth': 25.87937033201912},groundtruth.temp-1
observed,temp-1,temp-1-1758914684350,1758914684.3505938,1758914684.3505938,1758914684.3505938,float,C,25.564150496963954,,,,,observed,SimulatedDroppingStream,{'ground_truth': 25.564150496963954},observed.temp-1
reconstructed,temp-1,temp-1-1758914684350,1758914684.3505938,1758914684.3505938,1758914684.3505938,float,C,25.564150496963954,24.40654766141818,observed,1.0,False,observed,SimulatedDroppingStream,{'ground_truth': 25.564150496963954},reconstructed.temp-1
groundtruth,temp-1,temp-1-1758914761361,1758914761.3619797,1758914761.3619797,1758914761.3619797,float,C,22.34766465724666,,,,,groundtruth,GroundTruthStream,{'ground_truth': 22.34766465724666},groundtruth.temp-1
observed,temp-1,temp-1-1758914685351,1758914685.3516636,1758914685.3516636,1758914685.3516636,float,C,25.257895456277538,,,,,observed,SimulatedDroppingStream,{'ground_truth': 25.257895456277538},observed.temp-1
reconstructed,temp-1,temp-1-1758914685351,1758914685.3516636,1758914685.3516636,1758914685.3516636,float,C,25.257895456277538,25.94929184977055,observed,1.0,False,observed,SimulatedDroppingStream,{'ground_truth': 25.257895456277538},reconstructed.temp-1
groundtruth,temp-1,temp-1-1758914762350,1758914762.3504162,1758914762.3504162,1758914762.3504162,float,C,15.381887868138898,,,,,groundtruth,GroundTruthStream,{'ground_truth': 15.381887868138898},groundtruth.temp-1
observed,temp-1,temp-1-1758914686349,1758914686.3496253,1758914686.3496253,1758914686.3496253,float,C,24.655009034044237,,,,,observed,SimulatedDroppingStream,{'ground_truth': 24.655009034044237},observed.temp-1
reconstructed,temp-1,temp-1-1758914686349,1758914686.3496253,1758914686.3496253,1758914686.3496253,float,C,24.655009034044237,25.39333528060132,observed,1.0,False,observed,SimulatedDroppingStream,{'ground_truth': 24.655009034044237},reconstructed.temp-1
groundtruth,temp-1,temp-1-1758914763357,1758914763.3579152,1758914763.3579152,1758914763.3579152,float,C,26.170087258625003,,,,,groundtruth,GroundTruthStream,{'ground_truth': 26.170087258625003},groundtruth.temp-1
observed,temp-1,temp-1-1758914687351,1758914687.3516624,1758914687.3516624,1758914687.3516624,float,C,27.483597729135106,,,,,observed,SimulatedDroppingStream,{'ground_truth': 27.483597729135106},observed.temp-1
reconstructed,temp-1,temp-1-1758914687351,1758914687.3516624,1758914687.3516624,1758914687.3516624,float,C,27.483597729135106,27.339026026354016,observed,1.0,False,observed,SimulatedDroppingStream,{'ground_truth': 27.483597729135106},reconstructed.temp-1
groundtruth,temp-1,temp-1-1758914764359,1758914764.3591757,1758914764.3591757,1758914764.3591757,float,C,17.486450494749672,,,,,groundtruth,GroundTruthStream,{'ground_truth': 17.486450494749672},groundtruth.temp-1
observed,temp-1,temp-1-1758914688358,1758914688.3585973,1758914688.3585973,1758914688.3585973,float,C,18.541634169132436,,,,,observed,SimulatedDroppingStream,{'ground_truth': 18.541634169132436},observed.temp-1
reconstructed,temp-1,temp-1-1758914688358,1758914688.3585973,1758914688.3585973,1758914688.3585973,float,C,18.541634169132436,19.911932875229052,observed,1.0,False,observed,SimulatedDroppingStream,{'ground_truth': 18.541634169132436},reconstructed.temp-1
groundtruth,temp-1,temp-1-1758914765357,1758914765.3579252,1758914765.3579252,1758914765.3579252,float,C,24.296327397152286,,,,,groundtruth,GroundTruthStream,{'ground_truth': 24.296327397152286},groundtruth.temp-1
observed,temp-1,temp-1-1758914689347,1758914689.347659,1758914689.3526254,1758914689.347659,float,C,,,,,,missing,SimulatedDroppingStream,{},observed.temp-1
reconstructed,temp-1,temp-1-1758914689347,1758914689.347659,1758914689.3526254,1758914689.347659,float,C,12.998047178638556,12.998047178638556,KalmanFilter,0.5974372600568333,True,reconstructed,SimulatedDroppingStream,{},reconstructed.temp-1
groundtruth,temp-1,temp-1-1758914767352,1758914767.3528192,1758914767.3528192,1758914767.3528192,float,C,21.301528253411366,,,,,groundtruth,GroundTruthStream,{'ground_truth': 21.301528253411366},groundtruth.temp-1
observed,temp-1,temp-1-1758914690347,1758914690.347659,1758914690.3531063,1758914690.347659,float,C,,,,,,missing,SimulatedDroppingStream,{},observed.temp-1
reconstructed,temp-1,temp-1-1758914690347,1758914690.347659,1758914690.3531063,1758914690.347659,float,C,3.5688351075936033,3.5688351075936033,KalmanFilter,0.2540100677641276,True,reconstructed,SimulatedDroppingStream,{},reconstructed.temp-1
groundtruth,temp-1,temp-1-1758914768363,1758914768.3631444,1758914768.3631444,1758914768.3631444,float,C,22.053955515983716,,,,,groundtruth,GroundTruthStream,{'ground_truth': 22.053955515983716},groundtruth.temp-1
observed,temp-1,temp-1-1758914691352,1758914691.3523445,1758914691.3523445,1758914691.3523445,float,C,18.84083790021142,,,,,observed,SimulatedDroppingStream,{'ground_truth': 18.84083790021142},observed.temp-1
reconstructed,temp-1,temp-1-1758914691352,1758914691.3523445,1758914691.3523445,1758914691.3523445,float,C,18.84083790021142,18.54239349215576,observed,1.0,False,observed,SimulatedDroppingStream,{'ground_truth': 18.84083790021142},reconstructed.temp-1
groundtruth,temp-1,temp-1-1758914769351,1758914769.3513784,1758914769.3513784,1758914769.3513784,float,C,29.94115866264013,,,,,groundtruth,GroundTruthStream,{'ground_truth': 29.94115866264013},groundtruth.temp-1
observed,temp-1,temp-1-1758914692348,1758914692.3485363,1758914692.3485363,1758914692.3485363,float,C,28.497816640411024,,,,,observed,SimulatedDroppingStream,{'ground_truth': 28.497816640411024},observed.temp-1
reconstructed,temp-1,temp-1-1758914692348,1758914692.3485363,1758914692.3485363,1758914692.3485363,float,C,28.497816640411024,27.37496542546547,observed,1.0,False,observed,SimulatedDroppingStream,{'ground_truth': 28.497816640411024},reconstructed.temp-1
groundtruth,temp-1,temp-1-1758914771352,1758914771.3526356,1758914771.3526356,1758914771.3526356,float,C,24.800892918991046,,,,,groundtruth,GroundTruthStream,{'ground_truth': 24.800892918991046},groundtruth.temp-1
observed,temp-1,temp-1-1758914693351,1758914693.3512673,1758914693.3512673,1758914693.3512673,float,C,21.508438607572465,,,,,observed,SimulatedDroppingStream,{'ground_truth': 21.508438607572465},observed.temp-1
reconstructed,temp-1,temp-1-1758914693351,1758914693.3512673,1758914693.3512673,1758914693.3512673,float,C,21.508438607572465,23.3303963486865,observed,1.0,False,observed,SimulatedDroppingStream,{'ground_truth': 21.508438607572465},reconstructed.temp-1
groundtruth,temp-1,temp-1-1758914772352,1758914772.3522975,1758914772.3522975,1758914772.3522975,float,C,19.25309316410382,,,,,groundtruth,GroundTruthStream,{'ground_truth': 19.25309316410382},groundtruth.temp-1
observed,temp-1,temp-1-1758914694347,1758914694.347659,1758914694.3513381,1758914694.347659,float,C,,,,,,missing,SimulatedDroppingStream,{},observed.temp-1
reconstructed,temp-1,temp-1-1758914694347,1758914694.347659,1758914694.3513381,1758914694.347659,float,C,22.745657426697623,22.745657426697623,KalmanFilter,0.5906997852956102,True,reconstructed,SimulatedDroppingStream,{},reconstructed.temp-1
groundtruth,temp-1,temp-1-1758914773349,1758914773.349612,1758914773.349612,1758914773.349612,float,C,24.330111217784467,,,,,groundtruth,GroundTruthStream,{'ground_truth': 24.330111217784467},groundtruth.temp-1
observed,temp-1,temp-1-1758914695347,1758914695.347659,1758914695.3529422,1758914695.347659,float,C,,,,,,missing,SimulatedDroppingStream,{},observed.temp-1
reconstructed,temp-1,temp-1-1758914695347,1758914695.347659,1758914695.3529422,1758914695.347659,float,C,21.44016688813668,21.44016688813668,KalmanFilter,0.2499662153556963,True,reconstructed,SimulatedDroppingStream,{},reconstructed.temp-1
groundtruth,temp-1,temp-1-1758914774357,1758914774.357942,1758914774.357942,1758914774.357942,float,C,22.170824682076542,,,,,groundtruth,GroundTruthStream,{'ground_truth': 22.170824682076542},groundtruth.temp-1
observed,temp-1,temp-1-1758914696363,1758914696.3633013,1758914696.3633013,1758914696.3633013,float,C,16.113371932975056,,,,,observed,SimulatedDroppingStream,{'ground_truth': 16.113371932975056},observed.temp-1
reconstructed,temp-1,temp-1-1758914696363,1758914696.3633013,1758914696.3633013,1758914696.3633013,float,C,16.113371932975056,16.149000685349904,observed,1.0,False,observed,SimulatedDroppingStream,{'ground_truth': 16.113371932975056},reconstructed.temp-1
groundtruth,temp-1,temp-1-1758914775360,1758914775.3603501,1758914775.3603501,1758914775.3603501,float,C,27.593304286778675,,,,,groundtruth,GroundTruthStream,{'ground_truth': 27.593304286778675},groundtruth.temp-1
observed,temp-1,temp-1-1758914697363,1758914697.363103,1758914697.363103,1758914697.363103,float,C,19.612450718298867,,,,,observed,SimulatedDroppingStream,{'ground_truth': 19.612450718298867},observed.temp-1
reconstructed,temp-1,temp-1-1758914697363,1758914697.363103,1758914697.363103,1758914697.363103,float,C,19.612450718298867,18.663391774907105,observed,1.0,False,observed,SimulatedDroppingStream,{'ground_truth': 19.612450718298867},reconstructed.temp-1
groundtruth,temp-1,temp-1-1758914776360,1758914776.3604276,1758914776.3604276,1758914776.3604276,float,C,27.45209116970819,,,,,groundtruth,GroundTruthStream,{'ground_truth': 27.45209116970819},groundtruth.temp-1
observed,temp-1,temp-1-1758914698360,1758914698.360996,1758914698.360996,1758914698.360996,float,C,16.649617590320602,,,,,observed,SimulatedDroppingStream,{'ground_truth': 16.649617590320602},observed.temp-1
reconstructed,temp-1,temp-1-1758914698360,1758914698.360996,1758914698.360996,1758914698.360996,float,C,16.649617590320602,17.077417829675838,observed,1.0,False,observed,SimulatedDroppingStream,{'ground_truth': 16.649617590320602},reconstructed.temp-1
groundtruth,temp-1,temp-1-1758914777358,1758914777.3580275,1758914777.3580275,1758914777.3580275,float,C,19.514978755639344,,,,,groundtruth,GroundTruthStream,{'ground_truth': 19.514978755639344},groundtruth.temp-1
observed,temp-1,temp-1-1758914699360,1758914699.3606305,1758914699.3606305,1758914699.3606305,float,C,25.005169474345937,,,,,observed,SimulatedDroppingStream,{'ground_truth': 25.005169474345937},observed.temp-1
reconstructed,temp-1,temp-1-1758914699360,1758914699.3606305,1758914699.3606305,1758914699.3606305,float,C,25.005169474345937,23.94975828295292,observed,1.0,False,observed,SimulatedDroppingStream,{'ground_truth': 25.005169474345937},reconstructed.temp-1
groundtruth,temp-1,temp-1-1758914778348,1758914778.3488328,1758914778.3488328,1758914778.3488328,float,C,18.849256070602866,,,,,groundtruth,GroundTruthStream,{'ground_truth': 18.849256070602866},groundtruth.temp-1
observed,temp-1,temp-1-1758914700347,1758914700.347659,1758914700.3590183,1758914700.347659,float,C,,,,,,missing,SimulatedDroppingStream,{},observed.temp-1
reconstructed,temp-1,temp-1-1758914700347,1758914700.347659,1758914700.3590183,1758914700.347659,float,C,30.6860351229611,30.6860351229611,KalmanFilter,0.5971823425932298,True,reconstructed,SimulatedDroppingStream,{},reconstructed.temp-1
groundtruth,temp-1,temp-1-1758914780363,1758914780.363787,1758914780.363787,1758914780.363787,float,C,27.68004559518785,,,,,groundtruth,GroundTruthStream,{'ground_truth': 27.68004559518785},groundtruth.temp-1
observed,temp-1,temp-1-1758914701361,1758914701.3613126,1758914701.3613126,1758914701.3613126,float,C,25.09852492015858,,,,,observed,SimulatedDroppingStream,{'ground_truth': 25.09852492015858},observed.temp-1
reconstructed,temp-1,temp-1-1758914701361,1758914701.3613126,1758914701.3613126,1758914701.3613126,float,C,25.09852492015858,25.57785643822716,observed,1.0,False,observed,SimulatedDroppingStream,{'ground_truth': 25.09852492015858},reconstructed.temp-1
groundtruth,temp-1,temp-1-1758914781360,1758914781.3605723,1758914781.3605723,1758914781.3605723,float,C,24.376172017426075,,,,,groundtruth,GroundTruthStream,{'ground_truth': 24.376172017426075},groundtruth.temp-1
observed,temp-1,temp-1-1758914702352,1758914702.352288,1758914702.352288,1758914702.352288,float,C,15.859718372730075,,,,,observed,SimulatedDroppingStream,{'ground_truth': 15.859718372730075},observed.temp-1
reconstructed,temp-1,temp-1-1758914702352,1758914702.352288,1758914702.352288,1758914702.352288,float,C,15.859718372730075,17.257816618924558,observed,1.0,False,observed,SimulatedDroppingStream,{'ground_truth': 15.859718372730075},reconstructed.temp-1
groundtruth,temp-1,temp-1-1758914782358,1758914782.3589709,1758914782.3589709,1758914782.3589709,float,C,23.340148501692305,,,,,groundtruth,GroundTruthStream,{'ground_truth': 23.340148501692305},groundtruth.temp-1
observed,temp-1,temp-1-1758914703348,1758914703.348759,1758914703.348759,1758914703.348759,float,C,28.55870758274523,,,,,observed,SimulatedDroppingStream,{'ground_truth': 28.55870758274523},observed.temp-1
reconstructed,temp-1,temp-1-1758914703348,1758914703.348759,1758914703.348759,1758914703.348759,float,C,28.55870758274523,26.129028703110812,observed,1.0,False,observed,SimulatedDroppingStream,{'ground_truth': 28.55870758274523},reconstructed.temp-1
groundtruth,temp-1,temp-1-1758914783349,1758914783.3496287,1758914783.3496287,1758914783.3496287,float,C,22.333990654688293,,,,,groundtruth,GroundTruthStream,{'ground_truth': 22.333990654688293},groundtruth.temp-1
observed,temp-1,temp-1-1758914704358,1758914704.3585105,1758914704.3585105,1758914704.3585105,float,C,26.275229403407504,,,,,observed,SimulatedDroppingStream,{'ground_truth': 26.275229403407504},observed.temp-1
reconstructed,temp-1,temp-1-1758914704358,1758914704.3585105,1758914704.3585105,1758914704.3585105,float,C,26.275229403407504,26.946736769091867,observed,1.0,False,observed,SimulatedDroppingStream,{'ground_truth': 26.275229403407504},reconstructed.temp-1
groundtruth,temp-1,temp-1-1758914784360,1758914784.3609912,1758914784.3609912,1758914784.3609912,float,C,15.827273694581303,,,,,groundtruth,GroundTruthStream,{'ground_truth': 15.827273694581303},groundtruth.temp-1
observed,temp-1,temp-1-1758914705356,1758914705.3563893,1758914705.3563893,1758914705.3563893,float,C,16.514154457732925,,,,,observed,SimulatedDroppingStream,{'ground_truth': 16.514154457732925},observed.temp-1
reconstructed,temp-1,temp-1-1758914705356,1758914705.3563893,1758914705.3563893,1758914705.3563893,float,C,16.514154457732925,18.242472580543527,observed,1.0,False,observed,SimulatedDroppingStream,{'ground_truth': 16.514154457732925},reconstructed.temp-1
groundtruth,temp-1,temp-1-1758914785360,1758914785.3603392,1758914785.3603392,1758914785.3603392,float,C,17.780742728115737,,,,,groundtruth,GroundTruthStream,{'ground_truth': 17.780742728115737},groundtruth.temp-1
observed,temp-1,temp-1-1758914706347,1758914706.347659,1758914706.3578534,1758914706.347659,float,C,,,,,,missing,SimulatedDroppingStream,{},observed.temp-1
reconstructed,temp-1,temp-1-1758914706347,1758914706.347659,1758914706.3578534,1758914706.347659,float,C,10.601282846125422,10.601282846125422,KalmanFilter,0.5973057299983162,True,reconstructed,SimulatedDroppingStream,{},reconstructed.temp-1
groundtruth,temp-1,temp-1-1758914786361,1758914786.3619301,1758914786.3619301,1758914786.3619301,float,C,24.373393737915904,,,,,groundtruth,GroundTruthStream,{'ground_truth': 24.373393737915904},groundtruth.temp-1
observed,temp-1,temp-1-1758914707347,1758914707.347659,1758914707.3598785,1758914707.347659,float,C,,,,,,missing,SimulatedDroppingStream,{},observed.temp-1
reconstructed,temp-1,temp-1-1758914707347,1758914707.347659,1758914707.3598785,1758914707.347659,float,C,0.19708647313180405,0.19708647313180405,KalmanFilter,0.25377926543929263,True,reconstructed,SimulatedDroppingStream,{},reconstructed.temp-1
groundtruth,temp-1,temp-1-1758914788361,1758914788.36155,1758914788.36155,1758914788.36155,float,C,24.988500027832515,,,,,groundtruth,GroundTruthStream,{'ground_truth': 24.988500027832515},groundtruth.temp-1
observed,temp-1,temp-1-1758914708362,1758914708.3627071,1758914708.3627071,1758914708.3627071,float,C,15.493263727959853,,,,,observed,SimulatedDroppingStream,{'ground_truth': 15.493263727959853},observed.temp-1
reconstructed,temp-1,temp-1-1758914708362,1758914708.3627071,1758914708.3627071,1758914708.3627071,float,C,15.493263727959853,15.181628390684441,observed,1.0,False,observed,SimulatedDroppingStream,{'ground_truth': 15.493263727959853},reconstructed.temp-1
groundtruth,temp-1,temp-1-1758914789364,1758914789.3643212,1758914789.3643212,1758914789.3643212,float,C,26.696925485915642,,,,,groundtruth,GroundTruthStream,{'ground_truth': 26.696925485915642},groundtruth.temp-1
observed,temp-1,temp-1-1758914709347,1758914709.347659,1758914709.3492281,1758914709.347659,float,C,,,,,,missing,SimulatedDroppingStream,{},observed.temp-1
reconstructed,temp-1,temp-1-1758914709347,1758914709.347659,1758914709.3492281,1758914709.347659,float,C,14.92577056620219,14.92577056620219,KalmanFilter,0.5746642148947905,True,reconstructed,SimulatedDroppingStream,{},reconstructed.temp-1
groundtruth,temp-1,temp-1-1758914791350,1758914791.3505843,1758914791.3505843,1758914791.3505843,float,C,17.138740941625187,,,,,groundtruth,GroundTruthStream,{'ground_truth': 17.138740941625187},groundtruth.temp-1
observed,temp-1,temp-1-1758914710358,1758914710.358834,1758914710.358834,1758914710.358834,float,C,23.189798118773226,,,,,observed,SimulatedDroppingStream,{'ground_truth': 23.189798118773226},observed.temp-1
reconstructed,temp-1,temp-1-1758914710358,1758914710.358834,1758914710.358834,1758914710.358834,float,C,23.189798118773226,22.968563904583196,observed,1.0,False,observed,SimulatedDroppingStream,{'ground_truth': 23.189798118773226},reconstructed.temp-1
groundtruth,temp-1,temp-1-1758914793354,1758914793.3544955,1758914793.3544955,1758914793.3544955,float,C,29.73154354832182,,,,,groundtruth,GroundTruthStream,{'ground_truth': 29.73154354832182},groundtruth.temp-1
observed,temp-1,temp-1-1758914711360,1758914711.3609238,1758914711.3609238,1758914711.3609238,float,C,18.482282929424635,,,,,observed,SimulatedDroppingStream,{'ground_truth': 18.482282929424635},observed.temp-1
reconstructed,temp-1,temp-1-1758914711360,1758914711.3609238,1758914711.3609238,1758914711.3609238,float,C,18.482282929424635,19.873437993217216,observed,1.0,False,observed,SimulatedDroppingStream,{'ground_truth': 18.482282929424635},reconstructed.temp-1
groundtruth,temp-1,temp-1-1758914794363,1758914794.363237,1758914794.363237,1758914794.363237,float,C,19.175993559764645,,,,,groundtruth,GroundTruthStream,{'ground_truth': 19.175993559764645},groundtruth.temp-1
observed,temp-1,temp-1-1758914712354,1758914712.3543115,1758914712.3543115,1758914712.3543115,float,C,28.34917068025635,,,,,observed,SimulatedDroppingStream,{'ground_truth': 28.34917068025635},observed.temp-1
reconstructed,temp-1,temp-1-1758914712354,1758914712.3543115,1758914712.3543115,1758914712.3543115,float,C,28.34917068025635,27.20138670427304,observed,1.0,False,observed,SimulatedDroppingStream,{'ground_truth': 28.34917068025635},reconstructed.temp-1
groundtruth,temp-1,temp-1-1758914795358,1758914795.3589535,1758914795.3589535,1758914795.3589535,float,C,16.034476600172145,,,,,groundtruth,GroundTruthStream,{'ground_truth': 16.034476600172145},groundtruth.temp-1
observed,temp-1,temp-1-1758914713363,1758914713.363185,1758914713.363185,1758914713.363185,float,C,16.133785131041034,,,,,observed,SimulatedDroppingStream,{'ground_truth': 16.133785131041034},observed.temp-1
reconstructed,temp-1,temp-1-1758914713363,1758914713.363185,1758914713.363185,1758914713.363185,float,C,16.133785131041034,18.345998215341297,observed,1.0,False,observed,SimulatedDroppingStream,{'ground_truth': 16.133785131041034},reconstructed.temp-1
groundtruth,temp-1,temp-1-1758914796358,1758914796.3582919,1758914796.3582919,1758914796.3582919,float,C,19.561356410298732,,,,,groundtruth,GroundTruthStream,{'ground_truth': 19.561356410298732},groundtruth.temp-1
observed,temp-1,temp-1-1758914714356,1758914714.3567407,1758914714.3567407,1758914714.3567407,float,C,19.559195790649458,,,,,observed,SimulatedDroppingStream,{'ground_truth': 19.559195790649458},observed.temp-1
reconstructed,temp-1,temp-1-1758914714356,1758914714.3567407,1758914714.3567407,1758914714.3567407,float,C,19.559195790649458,18.535846325125377,observed,1.0,False,observed,SimulatedDroppingStream,{'ground_truth': 19.559195790649458},reconstructed.temp-1
groundtruth,temp-1,temp-1-1758914797362,1758914797.3620374,1758914797.3620374,1758914797.3620374,float,C,20.9434956444113,,,,,groundtruth,GroundTruthStream,{'ground_truth': 20.9434956444113},groundtruth.temp-1
observed,temp-1,temp-1-1758914715357,1758914715.3579078,1758914715.3579078,1758914715.3579078,float,C,27.543272617570057,,,,,observed,SimulatedDroppingStream,{'ground_truth': 27.543272617570057},observed.temp-1
reconstructed,temp-1,temp-1-1758914715357,1758914715.3579078,1758914715.3579078,1758914715.3579078,float,C,27.543272617570057,26.00936899363363,observed,1.0,False,observed,SimulatedDroppingStream,{'ground_truth': 27.543272617570057},reconstructed.temp-1
groundtruth,temp-1,temp-1-1758914798359,1758914798.3599195,1758914798.3599195,1758914798.3599195,float,C,15.576115848273826,,,,,groundtruth,GroundTruthStream,{'ground_truth': 15.576115848273826},groundtruth.temp-1
observed,temp-1,temp-1-1758914716347,1758914716.347659,1758914716.3567278,1758914716.347659,float,C,,,,,,missing,SimulatedDroppingStream,{},observed.temp-1
reconstructed,temp-1,temp-1-1758914716347,1758914716.347659,1758914716.3567278,1758914716.347659,float,C,32.31530908054676,32.31530908054676,KalmanFilter,0.597106254495762,True,reconstructed,SimulatedDroppingStream,{},reconstructed.temp-1
groundtruth,temp-1,temp-1-1758914799357,1758914799.357975,1758914799.357975,1758914799.357975,float,C,20.085967803976715,,,,,groundtruth,GroundTruthStream,{'ground_truth': 20.085967803976715},groundtruth.temp-1
observed,temp-1,temp-1-1758914717347,1758914717.347659,1758914717.355221,1758914717.347659,float,C,,,,,,missing,SimulatedDroppingStream,{},observed.temp-1
reconstructed,temp-1,temp-1-1758914717347,1758914717.347659,1758914717.355221,1758914717.347659,float,C,40.84502517607916,40.84502517607916,KalmanFilter,0.2536882013962184,True,reconstructed,SimulatedDroppingStream,{},reconstructed.temp-1
groundtruth,temp-1,temp-1-1758914800357,1758914800.3571653,1758914800.3571653,1758914800.3571653,float,C,28.96055110691153,,,,,groundtruth,GroundTruthStream,{'ground_truth': 28.96055110691153},groundtruth.temp-1
observed,temp-1,temp-1-1758914718359,1758914718.3592777,1758914718.3592777,1758914718.3592777,float,C,27.92879975006671,,,,,observed,SimulatedDroppingStream,{'ground_truth': 27.92879975006671},observed.temp-1
reconstructed,temp-1,temp-1-1758914718359,1758914718.3592777,1758914718.3592777,1758914718.3592777,float,C,27.92879975006671,28.18790949149614,observed,1.0,False,observed,SimulatedDroppingStream,{'ground_truth': 27.92879975006671},reconstructed.temp-1
groundtruth,temp-1,temp-1-1758914801350,1758914801.3508153,1758914801.3508153,1758914801.3508153,float,C,21.99690849106301,,,,,groundtruth,GroundTruthStream,{'ground_truth': 21.99690849106301},groundtruth.temp-1
observed,temp-1,temp-1-1758914719347,1758914719.347659,1758914719.3581514,1758914719.347659,float,C,,,,,,missing,SimulatedDroppingStream,{},observed.temp-1
reconstructed,temp-1,temp-1-1758914719347,1758914719.347659,1758914719.3581514,1758914719.347659,float,C,28.13450938733553,28.13450938733553,KalmanFilter,0.5747145592974336,True,reconstructed,SimulatedDroppingStream,{},reconstructed.temp-1
groundtruth,temp-1,temp-1-1758914804353,1758914804.3539207,1758914804.3539207,1758914804.3539207,float,C,19.475434979425792,,,,,groundtruth,GroundTruthStream,{'ground_truth': 19.475434979425792},groundtruth.temp-1
observed,temp-1,temp-1-1758914720350,1758914720.3503523,1758914720.3503523,1758914720.3503523,float,C,17.479109058833053,,,,,observed,SimulatedDroppingStream,{'ground_truth': 17.479109058833053},observed.temp-1
reconstructed,temp-1,temp-1-1758914720350,1758914720.3503523,1758914720.3503523,1758914720.3503523,float,C,17.479109058833053,17.759654037450616,observed,1.0,False,observed,SimulatedDroppingStream,{'ground_truth': 17.479109058833053},reconstructed.temp-1
groundtruth,temp-1,temp-1-1758914805349,1758914805.3499966,1758914805.3499966,1758914805.3499966,float,C,29.561847303731867,,,,,groundtruth,GroundTruthStream,{'ground_truth': 29.561847303731867},groundtruth.temp-1
observed,temp-1,temp-1-1758914721362,1758914721.3627315,1758914721.3627315,1758914721.3627315,float,C,28.363543602907114,,,,,observed,SimulatedDroppingStream,{'ground_truth': 28.363543602907114},observed.temp-1
reconstructed,temp-1,temp-1-1758914721362,1758914721.3627315,1758914721.3627315,1758914721.3627315,float,C,28.363543602907114,25.987278372952435,observed,1.0,False,observed,SimulatedDroppingStream,{'ground_truth': 28.363543602907114},reconstructed.temp-1
groundtruth,temp-1,temp-1-1758914806360,1758914806.3607025,1758914806.3607025,1758914806.3607025,float,C,22.766602455225588,,,,,groundtruth,GroundTruthStream,{'ground_truth': 22.766602455225588},groundtruth.temp-1
observed,temp-1,temp-1-1758914722358,1758914722.3586686,1758914722.3586686,1758914722.3586686,float,C,28.379096608691242,,,,,observed,SimulatedDroppingStream,{'ground_truth': 28.379096608691242},observed.temp-1
reconstructed,temp-1,temp-1-1758914722358,1758914722.3586686,1758914722.3586686,1758914722.3586686,float,C,28.379096608691242,28.76332966864013,observed,1.0,False,observed,SimulatedDroppingStream,{'ground_truth': 28.379096608691242},reconstructed.temp-1
groundtruth,temp-1,temp-1-1758914808350,1758914808.3505793,1758914808.3505793,1758914808.3505793,float,C,17.487655099915987,,,,,groundtruth,GroundTruthStream,{'ground_truth': 17.487655099915987},groundtruth.temp-1
observed,temp-1,temp-1-1758914723358,1758914723.3584619,1758914723.3584619,1758914723.3584619,float,C,28.88639646068853,,,,,observed,SimulatedDroppingStream,{'ground_truth': 28.88639646068853},observed.temp-1
reconstructed,temp-1,temp-1-1758914723358,1758914723.3584619,1758914723.3584619,1758914723.3584619,float,C,28.88639646068853,29.545870146208898,observed,1.0,False,observed,SimulatedDroppingStream,{'ground_truth': 28.88639646068853},reconstructed.temp-1
groundtruth,temp-1,temp-1-1758914809363,1758914809.3636642,1758914809.3636642,1758914809.3636642,float,C,20.659100321621345,,,,,groundtruth,GroundTruthStream,{'ground_truth': 20.659100321621345},groundtruth.temp-1
observed,temp-1,temp-1-1758914724356,1758914724.356159,1758914724.356159,1758914724.356159,float,C,24.125650597165688,,,,,observed,SimulatedDroppingStream,{'ground_truth': 24.125650597165688},observed.temp-1
reconstructed,temp-1,temp-1-1758914724356,1758914724.356159,1758914724.356159,1758914724.356159,float,C,24.125650597165688,25.162607476192353,observed,1.0,False,observed,SimulatedDroppingStream,{'ground_truth': 24.125650597165688},reconstructed.temp-1
groundtruth,temp-1,temp-1-1758914810349,1758914810.3492444,1758914810.3492444,1758914810.3492444,float,C,24.260211139772977,,,,,groundtruth,GroundTruthStream,{'ground_truth': 24.260211139772977},groundtruth.temp-1
observed,temp-1,temp-1-1758914725354,1758914725.354232,1758914725.354232,1758914725.354232,float,C,26.0928123852267,,,,,observed,SimulatedDroppingStream,{'ground_truth': 26.0928123852267},observed.temp-1
reconstructed,temp-1,temp-1-1758914725354,1758914725.354232,1758914725.354232,1758914725.354232,float,C,26.0928123852267,25.48722948561814,observed,1.0,False,observed,SimulatedDroppingStream,{'ground_truth': 26.0928123852267},reconstructed.temp-1
groundtruth,temp-1,temp-1-1758914811353,1758914811.3539426,1758914811.3539426,1758914811.3539426,float,C,21.995260263598027,,,,,groundtruth,GroundTruthStream,{'ground_truth': 21.995260263598027},groundtruth.temp-1
observed,temp-1,temp-1-1758914726347,1758914726.347659,1758914726.3595972,1758914726.347659,float,C,,,,,,missing,SimulatedDroppingStream,{},observed.temp-1
reconstructed,temp-1,temp-1-1758914726347,1758914726.347659,1758914726.3595972,1758914726.347659,float,C,23.991378885827096,23.991378885827096,KalmanFilter,0.597106244099705,True,reconstructed,SimulatedDroppingStream,{},reconstructed.temp-1
groundtruth,temp-1,temp-1-1758914812350,1758914812.3507295,1758914812.3507295,1758914812.3507295,float,C,20.110053904939257,,,,,groundtruth,GroundTruthStream,{'ground_truth': 20.110053904939257},groundtruth.temp-1
observed,temp-1,temp-1-1758914727363,1758914727.3631716,1758914727.3631716,1758914727.3631716,float,C,21.287154011766567,,,,,observed,SimulatedDroppingStream,{'ground_truth': 21.287154011766567},observed.temp-1
reconstructed,temp-1,temp-1-1758914727363,1758914727.3631716,1758914727.3631716,1758914727.3631716,float,C,21.287154011766567,21.31104755358208,observed,1.0,False,observed,SimulatedDroppingStream,{'ground_truth': 21.287154011766567},reconstructed.temp-1
groundtruth,temp-1,temp-1-1758914813354,1758914813.3542843,1758914813.3542843,1758914813.3542843,float,C,24.92232577703246,,,,,groundtruth,GroundTruthStream,{'ground_truth': 24.92232577703246},groundtruth.temp-1
observed,temp-1,temp-1-1758914728352,1758914728.352502,1758914728.352502,1758914728.352502,float,C,25.558467423263757,,,,,observed,SimulatedDroppingStream,{'ground_truth': 25.558467423263757},observed.temp-1
reconstructed,temp-1,temp-1-1758914728352,1758914728.352502,1758914728.352502,1758914728.352502,float,C,25.558467423263757,24.63048549737036,observed,1.0,False,observed,SimulatedDroppingStream,{'ground_truth': 25.558467423263757},reconstructed.temp-1
groundtruth,temp-1,temp-1-1758914814354,1758914814.354002,1758914814.354002,1758914814.354002,float,C,20.5857523312566,,,,,groundtruth,GroundTruthStream,{'ground_truth': 20.5857523312566},groundtruth.temp-1
observed,temp-1,temp-1-1758914729347,1758914729.347659,1758914729.3603773,1758914729.347659,float,C,,,,,,missing,SimulatedDroppingStream,{},observed.temp-1
reconstructed,temp-1,temp-1-1758914729347,1758914729.347659,1758914729.3603773,1758914729.347659,float,C,27.203926638721384,27.203926638721384,KalmanFilter,0.5843640629464253,True,reconstructed,SimulatedDroppingStream,{},reconstructed.temp-1
groundtruth,temp-1,temp-1-1758914815361,1758914815.3610024,1758914815.3610024,1758914815.3610024,float,C,24.445055471266016,,,,,groundtruth,GroundTruthStream,{'ground_truth': 24.445055471266016},groundtruth.temp-1
observed,temp-1,temp-1-1758914730360,1758914730.3603246,1758914730.3603246,1758914730.3603246,float,C,19.788763916542223,,,,,observed,SimulatedDroppingStream,{'ground_truth': 19.788763916542223},observed.temp-1
reconstructed,temp-1,temp-1-1758914730360,1758914730.3603246,1758914730.3603246,1758914730.3603246,float,C,19.788763916542223,20.136234992757792,observed,1.0,False,observed,SimulatedDroppingStream,{'ground_truth': 19.788763916542223},reconstructed.temp-1
groundtruth,temp-1,temp-1-1758914816362,1758914816.362192,1758914816.362192,1758914816.362192,float,C,20.222488910875132,,,,,groundtruth,GroundTruthStream,{'ground_truth': 20.222488910875132},groundtruth.temp-1
observed,temp-1,temp-1-1758914731347,1758914731.347659,1758914731.3595753,1758914731.347659,float,C,,,,,,missing,SimulatedDroppingStream,{},observed.temp-1
reconstructed,temp-1,temp-1-1758914731347,1758914731.347659,1758914731.3595753,1758914731.347659,float,C,17.441581458710353,17.441581458710353,KalmanFilter,0.5961882213998614,True,reconstructed,SimulatedDroppingStream,{},reconstructed.temp-1
groundtruth,temp-1,temp-1-1758914817351,1758914817.3511643,1758914817.3511643,1758914817.3511643,float,C,26.62738320556563,,,,,groundtruth,GroundTruthStream,{'ground_truth': 26.62738320556563},groundtruth.temp-1
observed,temp-1,temp-1-1758914732363,1758914732.3630478,1758914732.3630478,1758914732.3630478,float,C,17.222998763970768,,,,,observed,SimulatedDroppingStream,{'ground_truth': 17.222998763970768},observed.temp-1
reconstructed,temp-1,temp-1-1758914732363,1758914732.3630478,1758914732.3630478,1758914732.3630478,float,C,17.222998763970768,17.121199882022875,observed,1.0,False,observed,SimulatedDroppingStream,{'ground_truth': 17.222998763970768},reconstructed.temp-1
groundtruth,temp-1,temp-1-1758914818351,1758914818.3519504,1758914818.3519504,1758914818.3519504,float,C,20.670675778755765,,,,,groundtruth,GroundTruthStream,{'ground_truth': 20.670675778755765},groundtruth.temp-1
observed,temp-1,temp-1-1758914733363,1758914733.3634248,1758914733.3634248,1758914733.3634248,float,C,28.729281036451418,,,,,observed,SimulatedDroppingStream,{'ground_truth': 28.729281036451418},observed.temp-1
reconstructed,temp-1,temp-1-1758914733363,1758914733.3634248,1758914733.3634248,1758914733.3634248,float,C,28.729281036451418,27.0289697855436,observed,1.0,False,observed,SimulatedDroppingStream,{'ground_truth': 28.729281036451418},reconstructed.temp-1
groundtruth,temp-1,temp-1-1758914820364,1758914820.3641024,1758914820.3641024,1758914820.3641024,float,C,26.84977826747577,,,,,groundtruth,GroundTruthStream,{'ground_truth': 26.84977826747577},groundtruth.temp-1
observed,temp-1,temp-1-1758914734362,1758914734.3624358,1758914734.3624358,1758914734.3624358,float,C,23.736433866098842,,,,,observed,SimulatedDroppingStream,{'ground_truth': 23.736433866098842},observed.temp-1
reconstructed,temp-1,temp-1-1758914734362,1758914734.3624358,1758914734.3624358,1758914734.3624358,float,C,23.736433866098842,25.315699710242377,observed,1.0,False,observed,SimulatedDroppingStream,{'ground_truth': 23.736433866098842},reconstructed.temp-1
groundtruth,temp-1,temp-1-1758914821363,1758914821.3636281,1758914821.3636281,1758914821.3636281,float,C,27.499574783255074,,,,,groundtruth,GroundTruthStream,{'ground_truth': 27.499574783255074},groundtruth.temp-1
observed,temp-1,temp-1-1758914735363,1758914735.363191,1758914735.363191,1758914735.363191,float,C,29.65938472175356,,,,,observed,SimulatedDroppingStream,{'ground_truth': 29.65938472175356},observed.temp-1
reconstructed,temp-1,temp-1-1758914735363,1758914735.363191,1758914735.363191,1758914735.363191,float,C,29.65938472175356,29.343160146846223,observed,1.0,False,observed,SimulatedDroppingStream,{'ground_truth': 29.65938472175356},reconstructed.temp-1
groundtruth,temp-1,temp-1-1758914822350,1758914822.3501174,1758914822.3501174,1758914822.3501174,float,C,22.014019694099304,,,,,groundtruth,GroundTruthStream,{'ground_truth': 22.014019694099304},groundtruth.temp-1
observed,temp-1,temp-1-1758914736354,1758914736.3545647,1758914736.3545647,1758914736.3545647,float,C,24.68931464337734,,,,,observed,SimulatedDroppingStream,{'ground_truth': 24.68931464337734},observed.temp-1
reconstructed,temp-1,temp-1-1758914736354,1758914736.3545647,1758914736.3545647,1758914736.3545647,float,C,24.68931464337734,25.804799944283225,observed,1.0,False,observed,SimulatedDroppingStream,{'ground_truth': 24.68931464337734},reconstructed.temp-1
groundtruth,temp-1,temp-1-1758914823349,1758914823.3493645,1758914823.3493645,1758914823.3493645,float,C,18.14604152960325,,,,,groundtruth,GroundTruthStream,{'ground_truth': 18.14604152960325},groundtruth.temp-1
observed,temp-1,temp-1-1758914737351,1758914737.3514757,1758914737.3514757,1758914737.3514757,float,C,28.426966680865853,,,,,observed,SimulatedDroppingStream,{'ground_truth': 28.426966680865853},observed.temp-1
reconstructed,temp-1,temp-1-1758914737351,1758914737.3514757,1758914737.3514757,1758914737.3514757,float,C,28.426966680865853,27.753814577478543,observed,1.0,False,observed,SimulatedDroppingStream,{'ground_truth': 28.426966680865853},reconstructed.temp-1
groundtruth,temp-1,temp-1-1758914824355,1758914824.3556256,1758914824.3556256,1758914824.3556256,float,C,24.72592136074546,,,,,groundtruth,GroundTruthStream,{'ground_truth': 24.72592136074546},groundtruth.temp-1
observed,temp-1,temp-1-1758914738362,1758914738.3627098,1758914738.3627098,1758914738.3627098,float,C,16.005952208319286,,,,,observed,SimulatedDroppingStream,{'ground_truth': 16.005952208319286},observed.temp-1
reconstructed,temp-1,temp-1-1758914738362,1758914738.3627098,1758914738.3627098,1758914738.3627098,float,C,16.005952208319286,17.556685400038482,observed,1.0,False,observed,SimulatedDroppingStream,{'ground_truth': 16.005952208319286},reconstructed.temp-1
groundtruth,temp-1,temp-1-1758914825360,1758914825.3601956,1758914825.3601956,1758914825.3601956,float,C,19.554011043203772,,,,,groundtruth,GroundTruthStream,{'ground_truth': 19.554011043203772},groundtruth.temp-1
observed,temp-1,temp-1-1758914739352,1758914739.3522582,1758914739.3522582,1758914739.3522582,float,C,24.160069266622784,,,,,observed,SimulatedDroppingStream,{'ground_truth': 24.160069266622784},observed.temp-1
reconstructed,temp-1,temp-1-1758914739352,1758914739.3522582,1758914739.3522582,1758914739.3522582,float,C,24.160069266622784,22.01277335367228,observed,1.0,False,observed,SimulatedDroppingStream,{'ground_truth': 24.160069266622784},reconstructed.temp-1
groundtruth,temp-1,temp-1-1758914826351,1758914826.351937,1758914826.351937,1758914826.351937,float,C,27.893992924182903,,,,,groundtruth,GroundTruthStream,{'ground_truth': 27.893992924182903},groundtruth.temp-1
observed,temp-1,temp-1-1758914740351,1758914740.351927,1758914740.351927,1758914740.351927,float,C,27.198362743310483,,,,,observed,SimulatedDroppingStream,{'ground_truth': 27.198362743310483},observed.temp-1
reconstructed,temp-1,temp-1-1758914740351,1758914740.351927,1758914740.351927,1758914740.351927,float,C,27.198362743310483,26.616524075913496,observed,1.0,False,observed,SimulatedDroppingStream,{'ground_truth': 27.198362743310483},reconstructed.temp-1
groundtruth,temp-1,temp-1-1758914827353,1758914827.3534238,1758914827.3534238,1758914827.3534238,float,C,20.215882758928515,,,,,groundtruth,GroundTruthStream,{'ground_truth': 20.215882758928515},groundtruth.temp-1
observed,temp-1,temp-1-1758914741361,1758914741.3612685,1758914741.3612685,1758914741.3612685,float,C,18.437600512162827,,,,,observed,SimulatedDroppingStream,{'ground_truth': 18.437600512162827},observed.temp-1
reconstructed,temp-1,temp-1-1758914741361,1758914741.3612685,1758914741.3612685,1758914741.3612685,float,C,18.437600512162827,20.19708720161122,observed,1.0,False,observed,SimulatedDroppingStream,{'ground_truth': 18.437600512162827},reconstructed.temp-1
groundtruth,temp-1,temp-1-1758914829360,1758914829.3604114,1758914829.3604114,1758914829.3604114,float,C,23.223232165994375,,,,,groundtruth,GroundTruthStream,{'ground_truth': 23.223232165994375},groundtruth.temp-1
observed,temp-1,temp-1-1758914742350,1758914742.350913,1758914742.350913,1758914742.350913,float,C,28.82819431279608,,,,,observed,SimulatedDroppingStream,{'ground_truth': 28.82819431279608},observed.temp-1
reconstructed,temp-1,temp-1-1758914742350,1758914742.350913,1758914742.350913,1758914742.350913,float,C,28.82819431279608,27.212292317860786,observed,1.0,False,observed,SimulatedDroppingStream,{'ground_truth': 28.82819431279608},reconstructed.temp-1
groundtruth,temp-1,temp-1-1758914830360,1758914830.3606389,1758914830.3606389,1758914830.3606389,float,C,16.052976165296077,,,,,groundtruth,GroundTruthStream,{'ground_truth': 16.052976165296077},groundtruth.temp-1
observed,temp-1,temp-1-1758914743348,1758914743.3488135,1758914743.3488135,1758914743.3488135,float,C,28.744869054082656,,,,,observed,SimulatedDroppingStream,{'ground_truth': 28.744869054082656},observed.temp-1
reconstructed,temp-1,temp-1-1758914743348,1758914743.3488135,1758914743.3488135,1758914743.3488135,float,C,28.744869054082656,29.22915652041102,observed,1.0,False,observed,SimulatedDroppingStream,{'ground_truth': 28.744869054082656},reconstructed.temp-1
groundtruth,temp-1,temp-1-1758914831358,1758914831.3583608,1758914831.3583608,1758914831.3583608,float,C,29.19329972002545,,,,,groundtruth,GroundTruthStream,{'ground_truth': 29.19329972002545},groundtruth.temp-1
observed,temp-1,temp-1-1758914744352,1758914744.3526483,1758914744.3526483,1758914744.3526483,float,C,28.448524393601076,,,,,observed,SimulatedDroppingStream,{'ground_truth': 28.448524393601076},observed.temp-1
reconstructed,temp-1,temp-1-1758914744352,1758914744.3526483,1758914744.3526483,1758914744.3526483,float,C,28.448524393601076,29.062552341832117,observed,1.0,False,observed,SimulatedDroppingStream,{'ground_truth': 28.448524393601076},reconstructed.temp-1
groundtruth,temp-1,temp-1-1758914832360,1758914832.3604913,1758914832.3604913,1758914832.3604913,float,C,25.735642449850488,,,,,groundtruth,GroundTruthStream,{'ground_truth': 25.735642449850488},groundtruth.temp-1
observed,temp-1,temp-1-1758914745353,1758914745.353515,1758914745.353515,1758914745.353515,float,C,26.17967819259478,,,,,observed,SimulatedDroppingStream,{'ground_truth': 26.17967819259478},observed.temp-1
reconstructed,temp-1,temp-1-1758914745353,1758914745.353515,1758914745.353515,1758914745.353515,float,C,26.17967819259478,26.664182613774653,observed,1.0,False,observed,SimulatedDroppingStream,{'ground_truth': 26.17967819259478},reconstructed.temp-1
groundtruth,temp-1,temp-1-1758914834356,1758914834.3560658,1758914834.3560658,1758914834.3560658,float,C,16.697070429757456,,,,,groundtruth,GroundTruthStream,{'ground_truth': 16.697070429757456},groundtruth.temp-1
observed,temp-1,temp-1-1758914746353,1758914746.3533876,1758914746.3533876,1758914746.3533876,float,C,17.494169332291555,,,,,observed,SimulatedDroppingStream,{'ground_truth': 17.494169332291555},observed.temp-1
reconstructed,temp-1,temp-1-1758914746353,1758914746.3533876,1758914746.3533876,1758914746.3533876,float,C,17.494169332291555,18.342597132676747,observed,1.0,False,observed,SimulatedDroppingStream,{'ground_truth': 17.494169332291555},reconstructed.temp-1
groundtruth,temp-1,temp-1-1758914835359,1758914835.3595958,1758914835.3595958,1758914835.3595958,float,C,16.292748801002862,,,,,groundtruth,GroundTruthStream,{'ground_truth': 16.292748801002862},groundtruth.temp-1
observed,temp-1,temp-1-1758914747347,1758914747.347659,1758914747.358109,1758914747.347659,float,C,,,,,,missing,SimulatedDroppingStream,{},observed.temp-1
reconstructed,temp-1,temp-1-1758914747347,1758914747.347659,1758914747.358109,1758914747.347659,float,C,8.950086922803798,8.950086922803798,KalmanFilter,0.5974377265428066,True,reconstructed,SimulatedDroppingStream,{},reconstructed.temp-1
groundtruth,temp-1,temp-1-1758914836351,1758914836.351042,1758914836.351042,1758914836.351042,float,C,19.05211458080018,,,,,groundtruth,GroundTruthStream,{'ground_truth': 19.05211458080018},groundtruth.temp-1
observed,temp-1,temp-1-1758914748352,1758914748.352986,1758914748.352986,1758914748.352986,float,C,26.217368854420037,,,,,observed,SimulatedDroppingStream,{'ground_truth': 26.217368854420037},observed.temp-1
reconstructed,temp-1,temp-1-1758914748352,1758914748.352986,1758914748.352986,1758914748.352986,float,C,26.217368854420037,25.24248108544689,observed,1.0,False,observed,SimulatedDroppingStream,{'ground_truth': 26.217368854420037},reconstructed.temp-1
groundtruth,temp-1,temp-1-1758914837364,1758914837.3641217,1758914837.3641217,1758914837.3641217,float,C,26.075875658553297,,,,,groundtruth,GroundTruthStream,{'ground_truth': 26.075875658553297},groundtruth.temp-1
observed,temp-1,temp-1-1758914749352,1758914749.3524952,1758914749.3524952,1758914749.3524952,float,C,15.624189825954591,,,,,observed,SimulatedDroppingStream,{'ground_truth': 15.624189825954591},observed.temp-1
reconstructed,temp-1,temp-1-1758914749352,1758914749.3524952,1758914749.3524952,1758914749.3524952,float,C,15.624189825954591,17.526259595319548,observed,1.0,False,observed,SimulatedDroppingStream,{'ground_truth': 15.624189825954591},reconstructed.temp-1
groundtruth,temp-1,temp-1-1758914838361,1758914838.3615222,1758914838.3615222,1758914838.3615222,float,C,18.081288138545112,,,,,groundtruth,GroundTruthStream,{'ground_truth': 18.081288138545112},groundtruth.temp-1
observed,temp-1,temp-1-1758914750351,1758914750.3512309,1758914750.3512309,1758914750.3512309,float,C,20.854266104501082,,,,,observed,SimulatedDroppingStream,{'ground_truth': 20.854266104501082},observed.temp-1
reconstructed,temp-1,temp-1-1758914750351,1758914750.3512309,1758914750.3512309,1758914750.3512309,float,C,20.854266104501082,19.804912259611314,observed,1.0,False,observed,SimulatedDroppingStream,{'ground_truth': 20.854266104501082},reconstructed.temp-1
groundtruth,temp-1,temp-1-1758914839362,1758914839.3629868,1758914839.3629868,1758914839.3629868,float,C,15.8804829659945,,,,,groundtruth,GroundTruthStream,{'ground_truth': 15.8804829659945},groundtruth.temp-1
observed,temp-1,temp-1-1758914751363,1758914751.3630784,1758914751.3630784,1758914751.3630784,float,C,19.046102720693767,,,,,observed,SimulatedDroppingStream,{'ground_truth': 19.046102720693767},observed.temp-1
reconstructed,temp-1,temp-1-1758914751363,1758914751.3630784,1758914751.3630784,1758914751.3630784,float,C,19.046102720693767,19.215294288408476,observed,1.0,False,observed,SimulatedDroppingStream,{'ground_truth': 19.046102720693767},reconstructed.temp-1
groundtruth,temp-1,temp-1-1758914840360,1758914840.3608081,1758914840.3608081,1758914840.3608081,float,C,24.10601016972649,,,,,groundtruth,GroundTruthStream,{'ground_truth': 24.10601016972649},groundtruth.temp-1
observed,temp-1,temp-1-1758914752359,1758914752.3590438,1758914752.3590438,1758914752.3590438,float,C,26.893275122443196,,,,,observed,SimulatedDroppingStream,{'ground_truth': 26.893275122443196},observed.temp-1
reconstructed,temp-1,temp-1-1758914752359,1758914752.3590438,1758914752.3590438,1758914752.3590438,float,C,26.893275122443196,25.912115091315222,observed,1.0,False,observed,SimulatedDroppingStream,{'ground_truth': 26.893275122443196},reconstructed.temp-1
groundtruth,temp-1,temp-1-1758914841357,1758914841.3579364,1758914841.3579364,1758914841.3579364,float,C,26.824731072198283,,,,,groundtruth,GroundTruthStream,{'ground_truth': 26.824731072198283},groundtruth.temp-1
observed,temp-1,temp-1-1758914753363,1758914753.3633235,1758914753.3633235,1758914753.3633235,float,C,21.837591161879015,,,,,observed,SimulatedDroppingStream,{'ground_truth': 21.837591161879015},observed.temp-1
reconstructed,temp-1,temp-1-1758914753363,1758914753.3633235,1758914753.3633235,1758914753.3633235,float,C,21.837591161879015,23.234810878060603,observed,1.0,False,observed,SimulatedDroppingStream,{'ground_truth': 21.837591161879015},reconstructed.temp-1
groundtruth,temp-1,temp-1-1758914842354,1758914842.3540845,1758914842.3540845,1758914842.3540845,float,C,22.62128940997885,,,,,groundtruth,GroundTruthStream,{'ground_truth': 22.62128940997885},groundtruth.temp-1
observed,temp-1,temp-1-1758914754360,1758914754.3600154,1758914754.3600154,1758914754.3600154,float,C,24.560047340606275,,,,,observed,SimulatedDroppingStream,{'ground_truth': 24.560047340606275},observed.temp-1
reconstructed,temp-1,temp-1-1758914754360,1758914754.3600154,1758914754.3600154,1758914754.3600154,float,C,24.560047340606275,24.372723210184194,observed,1.0,False,observed,SimulatedDroppingStream,{'ground_truth': 24.560047340606275},reconstructed.temp-1
groundtruth,temp-1,temp-1-1758914843350,1758914843.3504505,1758914843.3504505,1758914843.3504505,float,C,29.044002645448685,,,,,groundtruth,GroundTruthStream,{'ground_truth': 29.044002645448685},groundtruth.temp-1
observed,temp-1,temp-1-1758914755347,1758914755.347659,1758914755.3625572,1758914755.347659,float,C,,,,,,missing,SimulatedDroppingStream,{},observed.temp-1
reconstructed,temp-1,temp-1-1758914755347,1758914755.347659,1758914755.3625572,1758914755.347659,float,C,24.930116358819905,24.930116358819905,KalmanFilter,0.5973145630714978,True,reconstructed,SimulatedDroppingStream,{},reconstructed.temp-1
groundtruth,temp-1,temp-1-1758914844359,1758914844.3597236,1758914844.3597236,1758914844.3597236,float,C,18.10327351753995,,,,,groundtruth,GroundTruthStream,{'ground_truth': 18.10327351753995},groundtruth.temp-1
observed,temp-1,temp-1-1758914756362,1758914756.3627632,1758914756.3627632,1758914756.3627632,float,C,29.811036589494055,,,,,observed,SimulatedDroppingStream,{'ground_truth': 29.811036589494055},observed.temp-1
reconstructed,temp-1,temp-1-1758914756362,1758914756.3627632,1758914756.3627632,1758914756.3627632,float,C,29.811036589494055,29.663267064425952,observed,1.0,False,observed,SimulatedDroppingStream,{'ground_truth': 29.811036589494055},reconstructed.temp-1
groundtruth,temp-1,temp-1-1758914847351,1758914847.351387,1758914847.351387,1758914847.351387,float,C,27.203870078331512,,,,,groundtruth,GroundTruthStream,{'ground_truth': 27.203870078331512},groundtruth.temp-1
observed,temp-1,temp-1-1758914757361,1758914757.361956,1758914757.361956,1758914757.361956,float,C,29.351728244715904,,,,,observed,SimulatedDroppingStream,{'ground_truth': 29.351728244715904},observed.temp-1
reconstructed,temp-1,temp-1-1758914757361,1758914757.361956,1758914757.361956,1758914757.361956,float,C,29.351728244715904,29.819860631049902,observed,1.0,False,observed,SimulatedDroppingStream,{'ground_truth': 29.351728244715904},reconstructed.temp-1
groundtruth,temp-1,temp-1-1758914848350,1758914848.350316,1758914848.350316,1758914848.350316,float,C,20.720574530041265,,,,,groundtruth,GroundTruthStream,{'ground_truth': 20.720574530041265},groundtruth.temp-1
observed,temp-1,temp-1-1758914758357,1758914758.357736,1758914758.357736,1758914758.357736,float,C,28.852197457709302,,,,,observed,SimulatedDroppingStream,{'ground_truth': 28.852197457709302},observed.temp-1
reconstructed,temp-1,temp-1-1758914758357,1758914758.357736,1758914758.357736,1758914758.357736,float,C,28.852197457709302,29.075928595820887,observed,1.0,False,observed,SimulatedDroppingStream,{'ground_truth': 28.852197457709302},reconstructed.temp-1
groundtruth,temp-1,temp-1-1758914849359,1758914849.3594801,1758914849.3594801,1758914849.3594801,float,C,20.025893193716577,,,,,groundtruth,GroundTruthStream,{'ground_truth': 20.025893193716577},groundtruth.temp-1
observed,temp-1,temp-1-1758914759361,1758914759.3618035,1758914759.3618035,1758914759.3618035,float,C,25.3609035420352,,,,,observed,SimulatedDroppingStream,{'ground_truth': 25.3609035420352},observed.temp-1
reconstructed,temp-1,temp-1-1758914759361,1758914759.3618035,1758914759.3618035,1758914759.3618035,float,C,25.3609035420352,25.701696543700347,observed,1.0,False,observed,SimulatedDroppingStream,{'ground_truth': 25.3609035420352},reconstructed.temp-1
groundtruth,temp-1,temp-1-1758914850358,1758914850.3582363,1758914850.3582363,1758914850.3582363,float,C,17.467522024053746,,,,,groundtruth,GroundTruthStream,{'ground_truth': 17.467522024053746},groundtruth.temp-1
observed,temp-1,temp-1-1758914760359,1758914760.3599808,1758914760.3599808,1758914760.3599808,float,C,25.87937033201912,,,,,observed,SimulatedDroppingStream,{'ground_truth': 25.87937033201912},observed.temp-1
reconstructed,temp-1,temp-1-1758914760359,1758914760.3599808,1758914760.3599808,1758914760.3599808,float,C,25.87937033201912,25.33004550167073,observed,1.0,False,observed,SimulatedDroppingStream,{'ground_truth': 25.87937033201912},reconstructed.temp-1
groundtruth,temp-1,temp-1-1758914852358,1758914852.3580983,1758914852.3580983,1758914852.3580983,float,C,23.605670154005463,,,,,groundtruth,GroundTruthStream,{'ground_truth': 23.605670154005463},groundtruth.temp-1
observed,temp-1,temp-1-1758914761361,1758914761.3619797,1758914761.3619797,1758914761.3619797,float,C,22.34766465724666,,,,,observed,SimulatedDroppingStream,{'ground_truth': 22.34766465724666},observed.temp-1
reconstructed,temp-1,temp-1-1758914761361,1758914761.3619797,1758914761.3619797,1758914761.3619797,float,C,22.34766465724666,22.477962885048115,observed,1.0,False,observed,SimulatedDroppingStream,{'ground_truth': 22.34766465724666},reconstructed.temp-1
groundtruth,temp-1,temp-1-1758914854357,1758914854.3577805,1758914854.3577805,1758914854.3577805,float,C,18.550515597899853,,,,,groundtruth,GroundTruthStream,{'ground_truth': 18.550515597899853},groundtruth.temp-1
observed,temp-1,temp-1-1758914762350,1758914762.3504162,1758914762.3504162,1758914762.3504162,float,C,15.381887868138898,,,,,observed,SimulatedDroppingStream,{'ground_truth': 15.381887868138898},observed.temp-1
reconstructed,temp-1,temp-1-1758914762350,1758914762.3504162,1758914762.3504162,1758914762.3504162,float,C,15.381887868138898,15.884022371418123,observed,1.0,False,observed,SimulatedDroppingStream,{'ground_truth': 15.381887868138898},reconstructed.temp-1
groundtruth,temp-1,temp-1-1758914855359,1758914855.3596141,1758914855.3596141,1758914855.3596141,float,C,16.257359269323203,,,,,groundtruth,GroundTruthStream,{'ground_truth': 16.257359269323203},groundtruth.temp-1
observed,temp-1,temp-1-1758914763357,1758914763.3579152,1758914763.3579152,1758914763.3579152,float,C,26.170087258625003,,,,,observed,SimulatedDroppingStream,{'ground_truth': 26.170087258625003},observed.temp-1
reconstructed,temp-1,temp-1-1758914763357,1758914763.3579152,1758914763.3579152,1758914763.3579152,float,C,26.170087258625003,23.922222760438544,observed,1.0,False,observed,SimulatedDroppingStream,{'ground_truth': 26.170087258625003},reconstructed.temp-1
groundtruth,temp-1,temp-1-1758914856356,1758914856.3564572,1758914856.3564572,1758914856.3564572,float,C,26.37115678949263,,,,,groundtruth,GroundTruthStream,{'ground_truth': 26.37115678949263},groundtruth.temp-1
observed,temp-1,temp-1-1758914764359,1758914764.3591757,1758914764.3591757,1758914764.3591757,float,C,17.486450494749672,,,,,observed,SimulatedDroppingStream,{'ground_truth': 17.486450494749672},observed.temp-1
reconstructed,temp-1,temp-1-1758914764359,1758914764.3591757,1758914764.3591757,1758914764.3591757,float,C,17.486450494749672,19.075387483776062,observed,1.0,False,observed,SimulatedDroppingStream,{'ground_truth': 17.486450494749672},reconstructed.temp-1
groundtruth,temp-1,temp-1-1758914857356,1758914857.3569667,1758914857.3569667,1758914857.3569667,float,C,25.426579069082926,,,,,groundtruth,GroundTruthStream,{'ground_truth': 25.426579069082926},groundtruth.temp-1
observed,temp-1,temp-1-1758914765357,1758914765.3579252,1758914765.3579252,1758914765.3579252,float,C,24.296327397152286,,,,,observed,SimulatedDroppingStream,{'ground_truth': 24.296327397152286},observed.temp-1
reconstructed,temp-1,temp-1-1758914765357,1758914765.3579252,1758914765.3579252,1758914765.3579252,float,C,24.296327397152286,23.406026000532087,observed,1.0,False,observed,SimulatedDroppingStream,{'ground_truth': 24.296327397152286},reconstructed.temp-1
groundtruth,temp-1,temp-1-1758914858354,1758914858.3546164,1758914858.3546164,1758914858.3546164,float,C,18.311470922964855,,,,,groundtruth,GroundTruthStream,{'ground_truth': 18.311470922964855},groundtruth.temp-1
observed,temp-1,temp-1-1758914766347,1758914766.347659,1758914766.3573198,1758914766.347659,float,C,,,,,,missing,SimulatedDroppingStream,{},observed.temp-1
reconstructed,temp-1,temp-1-1758914766347,1758914766.347659,1758914766.3573198,1758914766.347659,float,C,27.18659051218465,27.18659051218465,KalmanFilter,0.597437387904917,True,reconstructed,SimulatedDroppingStream,{},reconstructed.temp-1
groundtruth,temp-1,temp-1-1758914859354,1758914859.3544207,1758914859.3544207,1758914859.3544207,float,C,28.526717748818864,,,,,groundtruth,GroundTruthStream,{'ground_truth': 28.526717748818864},groundtruth.temp-1
observed,temp-1,temp-1-1758914767352,1758914767.3528192,1758914767.3528192,1758914767.3528192,float,C,21.301528253411366,,,,,observed,SimulatedDroppingStream,{'ground_truth': 21.301528253411366},observed.temp-1
reconstructed,temp-1,temp-1-1758914767352,1758914767.3528192,1758914767.3528192,1758914767.3528192,float,C,21.301528253411366,21.66648611860053,observed,1.0,False,observed,SimulatedDroppingStream,{'ground_truth': 21.301528253411366},reconstructed.temp-1
groundtruth,temp-1,temp-1-1758914860353,1758914860.3531976,1758914860.3531976,1758914860.3531976,float,C,15.968724982690787,,,,,groundtruth,GroundTruthStream,{'ground_truth': 15.968724982690787},groundtruth.temp-1
observed,temp-1,temp-1-1758914768363,1758914768.3631444,1758914768.3631444,1758914768.3631444,float,C,22.053955515983716,,,,,observed,SimulatedDroppingStream,{'ground_truth': 22.053955515983716},observed.temp-1
reconstructed,temp-1,temp-1-1758914768363,1758914768.3631444,1758914768.3631444,1758914768.3631444,float,C,22.053955515983716,21.87068605363448,observed,1.0,False,observed,SimulatedDroppingStream,{'ground_truth': 22.053955515983716},reconstructed.temp-1
groundtruth,temp-1,temp-1-1758914861353,1758914861.3530169,1758914861.3530169,1758914861.3530169,float,C,20.18027965905383,,,,,groundtruth,GroundTruthStream,{'ground_truth': 20.18027965905383},groundtruth.temp-1
observed,temp-1,temp-1-1758914769351,1758914769.3513784,1758914769.3513784,1758914769.3513784,float,C,29.94115866264013,,,,,observed,SimulatedDroppingStream,{'ground_truth': 29.94115866264013},observed.temp-1
reconstructed,temp-1,temp-1-1758914769351,1758914769.3513784,1758914769.3513784,1758914769.3513784,float,C,29.94115866264013,28.903106083479422,observed,1.0,False,observed,SimulatedDroppingStream,{'ground_truth': 29.94115866264013},reconstructed.temp-1
groundtruth,temp-1,temp-1-1758914862353,1758914862.3532627,1758914862.3532627,1758914862.3532627,float,C,26.227887034232893,,,,,groundtruth,GroundTruthStream,{'ground_truth': 26.227887034232893},groundtruth.temp-1
observed,temp-1,temp-1-1758914770347,1758914770.347659,1758914770.3513389,1758914770.347659,float,C,,,,,,missing,SimulatedDroppingStream,{},observed.temp-1
reconstructed,temp-1,temp-1-1758914770347,1758914770.347659,1758914770.3513389,1758914770.347659,float,C,35.64305266881114,35.64305266881114,KalmanFilter,0.5929259203691893,True,reconstructed,SimulatedDroppingStream,{},reconstructed.temp-1
groundtruth,temp-1,temp-1-1758914863357,1758914863.3575766,1758914863.3575766,1758914863.3575766,float,C,17.222556629347867,,,,,groundtruth,GroundTruthStream,{'ground_truth': 17.222556629347867},groundtruth.temp-1
observed,temp-1,temp-1-1758914771352,1758914771.3526356,1758914771.3526356,1758914771.3526356,float,C,24.800892918991046,,,,,observed,SimulatedDroppingStream,{'ground_truth': 24.800892918991046},observed.temp-1
reconstructed,temp-1,temp-1-1758914771352,1758914771.3526356,1758914771.3526356,1758914771.3526356,float,C,24.800892918991046,25.43627315320582,observed,1.0,False,observed,SimulatedDroppingStream,{'ground_truth': 24.800892918991046},reconstructed.temp-1
groundtruth,temp-1,temp-1-1758914864360,1758914864.360299,1758914864.360299,1758914864.360299,float,C,26.239996468810084,,,,,groundtruth,GroundTruthStream,{'ground_truth': 26.239996468810084},groundtruth.temp-1
observed,temp-1,temp-1-1758914772352,1758914772.3522975,1758914772.3522975,1758914772.3522975,float,C,19.25309316410382,,,,,observed,SimulatedDroppingStream,{'ground_truth': 19.25309316410382},observed.temp-1
reconstructed,temp-1,temp-1-1758914772352,1758914772.3522975,1758914772.3522975,1758914772.3522975,float,C,19.25309316410382,19.698809965006745,observed,1.0,False,observed,SimulatedDroppingStream,{'ground_truth': 19.25309316410382},reconstructed.temp-1
groundtruth,temp-1,temp-1-1758914866354,1758914866.3544035,1758914866.3544035,1758914866.3544035,float,C,27.19762296746582,,,,,groundtruth,GroundTruthStream,{'ground_truth': 27.19762296746582},groundtruth.temp-1
observed,temp-1,temp-1-1758914773349,1758914773.349612,1758914773.349612,1758914773.349612,float,C,24.330111217784467,,,,,observed,SimulatedDroppingStream,{'ground_truth': 24.330111217784467},observed.temp-1
reconstructed,temp-1,temp-1-1758914773349,1758914773.349612,1758914773.349612,1758914773.349612,float,C,24.330111217784467,22.88992416172748,observed,1.0,False,observed,SimulatedDroppingStream,{'ground_truth': 24.330111217784467},reconstructed.temp-1
groundtruth,temp-1,temp-1-1758914867350,1758914867.3507247,1758914867.3507247,1758914867.3507247,float,C,29.128053151805833,,,,,groundtruth,GroundTruthStream,{'ground_truth': 29.128053151805833},groundtruth.temp-1
observed,temp-1,temp-1-1758914774357,1758914774.357942,1758914774.357942,1758914774.357942,float,C,22.170824682076542,,,,,observed,SimulatedDroppingStream,{'ground_truth': 22.170824682076542},observed.temp-1
reconstructed,temp-1,temp-1-1758914774357,1758914774.357942,1758914774.357942,1758914774.357942,float,C,22.170824682076542,22.353740492302947,observed,1.0,False,observed,SimulatedDroppingStream,{'ground_truth': 22.170824682076542},reconstructed.temp-1
groundtruth,temp-1,temp-1-1758914868359,1758914868.359514,1758914868.359514,1758914868.359514,float,C,21.134657829124116,,,,,groundtruth,GroundTruthStream,{'ground_truth': 21.134657829124116},groundtruth.temp-1
observed,temp-1,temp-1-1758914775360,1758914775.3603501,1758914775.3603501,1758914775.3603501,float,C,27.593304286778675,,,,,observed,SimulatedDroppingStream,{'ground_truth': 27.593304286778675},observed.temp-1
reconstructed,temp-1,temp-1-1758914775360,1758914775.3603501,1758914775.3603501,1758914775.3603501,float,C,27.593304286778675,26.948154899400045,observed,1.0,False,observed,SimulatedDroppingStream,{'ground_truth': 27.593304286778675},reconstructed.temp-1
groundtruth,temp-1,temp-1-1758914869353,1758914869.3535755,1758914869.3535755,1758914869.3535755,float,C,22.47360994175626,,,,,groundtruth,GroundTruthStream,{'ground_truth': 22.47360994175626},groundtruth.temp-1
observed,temp-1,temp-1-1758914776360,1758914776.3604276,1758914776.3604276,1758914776.3604276,float,C,27.45209116970819,,,,,observed,SimulatedDroppingStream,{'ground_truth': 27.45209116970819},observed.temp-1
reconstructed,temp-1,temp-1-1758914776360,1758914776.3604276,1758914776.3604276,1758914776.3604276,float,C,27.45209116970819,28.007364922382408,observed,1.0,False,observed,SimulatedDroppingStream,{'ground_truth': 27.45209116970819},reconstructed.temp-1
groundtruth,temp-1,temp-1-1758914870358,1758914870.3583448,1758914870.3583448,1758914870.3583448,float,C,20.420724579355,,,,,groundtruth,GroundTruthStream,{'ground_truth': 20.420724579355},groundtruth.temp-1
observed,temp-1,temp-1-1758914777358,1758914777.3580275,1758914777.3580275,1758914777.3580275,float,C,19.514978755639344,,,,,observed,SimulatedDroppingStream,{'ground_truth': 19.514978755639344},observed.temp-1
reconstructed,temp-1,temp-1-1758914777358,1758914777.3580275,1758914777.3580275,1758914777.3580275,float,C,19.514978755639344,20.97662958328438,observed,1.0,False,observed,SimulatedDroppingStream,{'ground_truth': 19.514978755639344},reconstructed.temp-1
groundtruth,temp-1,temp-1-1758914871356,1758914871.3567355,1758914871.3567355,1758914871.3567355,float,C,28.96755501271336,,,,,groundtruth,GroundTruthStream,{'ground_truth': 28.96755501271336},groundtruth.temp-1
observed,temp-1,temp-1-1758914778348,1758914778.3488328,1758914778.3488328,1758914778.3488328,float,C,18.849256070602866,,,,,observed,SimulatedDroppingStream,{'ground_truth': 18.849256070602866},observed.temp-1
reconstructed,temp-1,temp-1-1758914778348,1758914778.3488328,1758914778.3488328,1758914778.3488328,float,C,18.849256070602866,18.331313133628022,observed,1.0,False,observed,SimulatedDroppingStream,{'ground_truth': 18.849256070602866},reconstructed.temp-1
groundtruth,temp-1,temp-1-1758914873360,1758914873.3602018,1758914873.3602018,1758914873.3602018,float,C,16.738717527463656,,,,,groundtruth,GroundTruthStream,{'ground_truth': 16.738717527463656},groundtruth.temp-1
observed,temp-1,temp-1-1758914779347,1758914779.347659,1758914779.35222,1758914779.347659,float,C,,,,,,missing,SimulatedDroppingStream,{},observed.temp-1
reconstructed,temp-1,temp-1-1758914779347,1758914779.347659,1758914779.35222,1758914779.347659,float,C,13.22261608342191,13.22261608342191,KalmanFilter,0.5974123487784361,True,reconstructed,SimulatedDroppingStream,{},reconstructed.temp-1
groundtruth,temp-1,temp-1-1758914875350,1758914875.3504963,1758914875.3504963,1758914875.3504963,float,C,25.600447604823678,,,,,groundtruth,GroundTruthStream,{'ground_truth': 25.600447604823678},groundtruth.temp-1
observed,temp-1,temp-1-1758914780363,1758914780.363787,1758914780.363787,1758914780.363787,float,C,27.68004559518785,,,,,observed,SimulatedDroppingStream,{'ground_truth': 27.68004559518785},observed.temp-1
reconstructed,temp-1,temp-1-1758914780363,1758914780.363787,1758914780.363787,1758914780.363787,float,C,27.68004559518785,26.992402981840698,observed,1.0,False,observed,SimulatedDroppingStream,{'ground_truth': 27.68004559518785},reconstructed.temp-1
groundtruth,temp-1,temp-1-1758914876349,1758914876.3499253,1758914876.3499253,1758914876.3499253,float,C,23.035859369223648,,,,,groundtruth,GroundTruthStream,{'ground_truth': 23.035859369223648},groundtruth.temp-1
observed,temp-1,temp-1-1758914781360,1758914781.3605723,1758914781.3605723,1758914781.3605723,float,C,24.376172017426075,,,,,observed,SimulatedDroppingStream,{'ground_truth': 24.376172017426075},observed.temp-1
reconstructed,temp-1,temp-1-1758914781360,1758914781.3605723,1758914781.3605723,1758914781.3605723,float,C,24.376172017426075,25.572151326822187,observed,1.0,False,observed,SimulatedDroppingStream,{'ground_truth': 24.376172017426075},reconstructed.temp-1
groundtruth,temp-1,temp-1-1758914877350,1758914877.350207,1758914877.350207,1758914877.350207,float,C,16.690348162687794,,,,,groundtruth,GroundTruthStream,{'ground_truth': 16.690348162687794},groundtruth.temp-1
observed,temp-1,temp-1-1758914782358,1758914782.3589709,1758914782.3589709,1758914782.3589709,float,C,23.340148501692305,,,,,observed,SimulatedDroppingStream,{'ground_truth': 23.340148501692305},observed.temp-1
reconstructed,temp-1,temp-1-1758914782358,1758914782.3589709,1758914782.3589709,1758914782.3589709,float,C,23.340148501692305,23.751318165915407,observed,1.0,False,observed,SimulatedDroppingStream,{'ground_truth': 23.340148501692305},reconstructed.temp-1
groundtruth,temp-1,temp-1-1758914878352,1758914878.3522282,1758914878.3522282,1758914878.3522282,float,C,17.857444775542472,,,,,groundtruth,GroundTruthStream,{'ground_truth': 17.857444775542472},groundtruth.temp-1
observed,temp-1,temp-1-1758914783349,1758914783.3496287,1758914783.3496287,1758914783.3496287,float,C,22.333990654688293,,,,,observed,SimulatedDroppingStream,{'ground_truth': 22.333990654688293},observed.temp-1
reconstructed,temp-1,temp-1-1758914783349,1758914783.3496287,1758914783.3496287,1758914783.3496287,float,C,22.333990654688293,22.282214368121156,observed,1.0,False,observed,SimulatedDroppingStream,{'ground_truth': 22.333990654688293},reconstructed.temp-1
groundtruth,temp-1,temp-1-1758914879351,1758914879.3513744,1758914879.3513744,1758914879.3513744,float,C,28.50865035127494,,,,,groundtruth,GroundTruthStream,{'ground_truth': 28.50865035127494},groundtruth.temp-1
observed,temp-1,temp-1-1758914784360,1758914784.3609912,1758914784.3609912,1758914784.3609912,float,C,15.827273694581303,,,,,observed,SimulatedDroppingStream,{'ground_truth': 15.827273694581303},observed.temp-1
reconstructed,temp-1,temp-1-1758914784360,1758914784.3609912,1758914784.3609912,1758914784.3609912,float,C,15.827273694581303,16.35085814811331,observed,1.0,False,observed,SimulatedDroppingStream,{'ground_truth': 15.827273694581303},reconstructed.temp-1
groundtruth,temp-1,temp-1-1758914881363,1758914881.3632553,1758914881.3632553,1758914881.3632553,float,C,29.946953300430017,,,,,groundtruth,GroundTruthStream,{'ground_truth': 29.946953300430017},groundtruth.temp-1
observed,temp-1,temp-1-1758914785360,1758914785.3603392,1758914785.3603392,1758914785.3603392,float,C,17.780742728115737,,,,,observed,SimulatedDroppingStream,{'ground_truth': 17.780742728115737},observed.temp-1
reconstructed,temp-1,temp-1-1758914785360,1758914785.3603392,1758914785.3603392,1758914785.3603392,float,C,17.780742728115737,16.741486237758572,observed,1.0,False,observed,SimulatedDroppingStream,{'ground_truth': 17.780742728115737},reconstructed.temp-1
groundtruth,temp-1,temp-1-1758914882349,1758914882.3491545,1758914882.3491545,1758914882.3491545,float,C,18.98567302917543,,,,,groundtruth,GroundTruthStream,{'ground_truth': 18.98567302917543},groundtruth.temp-1
observed,temp-1,temp-1-1758914786361,1758914786.3619301,1758914786.3619301,1758914786.3619301,float,C,24.373393737915904,,,,,observed,SimulatedDroppingStream,{'ground_truth': 24.373393737915904},observed.temp-1
reconstructed,temp-1,temp-1-1758914786361,1758914786.3619301,1758914786.3619301,1758914786.3619301,float,C,24.373393737915904,23.168380565879737,observed,1.0,False,observed,SimulatedDroppingStream,{'ground_truth': 24.373393737915904},reconstructed.temp-1
groundtruth,temp-1,temp-1-1758914883348,1758914883.348681,1758914883.348681,1758914883.348681,float,C,26.003319982705918,,,,,groundtruth,GroundTruthStream,{'ground_truth': 26.003319982705918},groundtruth.temp-1
observed,temp-1,temp-1-1758914787347,1758914787.347659,1758914787.360304,1758914787.347659,float,C,,,,,,missing,SimulatedDroppingStream,{},observed.temp-1
reconstructed,temp-1,temp-1-1758914787347,1758914787.347659,1758914787.360304,1758914787.347659,float,C,29.510083373225726,29.510083373225726,KalmanFilter,0.5973145572269897,True,reconstructed,SimulatedDroppingStream,{},reconstructed.temp-1
groundtruth,temp-1,temp-1-1758914884349,1758914884.3498473,1758914884.3498473,1758914884.3498473,float,C,20.00457254668727,,,,,groundtruth,GroundTruthStream,{'ground_truth': 20.00457254668727},groundtruth.temp-1
observed,temp-1,temp-1-1758914788361,1758914788.36155,1758914788.36155,1758914788.36155,float,C,24.988500027832515,,,,,observed,SimulatedDroppingStream,{'ground_truth': 24.988500027832515},observed.temp-1
reconstructed,temp-1,temp-1-1758914788361,1758914788.36155,1758914788.36155,1758914788.36155,float,C,24.988500027832515,25.430899360080623,observed,1.0,False,observed,SimulatedDroppingStream,{'ground_truth': 24.988500027832515},reconstructed.temp-1
groundtruth,temp-1,temp-1-1758914886351,1758914886.3510745,1758914886.3510745,1758914886.3510745,float,C,29.37287147954339,,,,,groundtruth,GroundTruthStream,{'ground_truth': 29.37287147954339},groundtruth.temp-1
observed,temp-1,temp-1-1758914789364,1758914789.3643212,1758914789.3643212,1758914789.3643212,float,C,26.696925485915642,,,,,observed,SimulatedDroppingStream,{'ground_truth': 26.696925485915642},observed.temp-1
reconstructed,temp-1,temp-1-1758914789364,1758914789.3643212,1758914789.3643212,1758914789.3643212,float,C,26.696925485915642,26.819621447926583,observed,1.0,False,observed,SimulatedDroppingStream,{'ground_truth': 26.696925485915642},reconstructed.temp-1
groundtruth,temp-1,temp-1-1758914887360,1758914887.3604789,1758914887.3604789,1758914887.3604789,float,C,23.995835219561776,,,,,groundtruth,GroundTruthStream,{'ground_truth': 23.995835219561776},groundtruth.temp-1
observed,temp-1,temp-1-1758914790347,1758914790.347659,1758914790.3550656,1758914790.347659,float,C,,,,,,missing,SimulatedDroppingStream,{},observed.temp-1
reconstructed,temp-1,temp-1-1758914790347,1758914790.347659,1758914790.3550656,1758914790.347659,float,C,28.44578240630615,28.44578240630615,KalmanFilter,0.5843673628784195,True,reconstructed,SimulatedDroppingStream,{},reconstructed.temp-1
groundtruth,temp-1,temp-1-1758914888363,1758914888.3637097,1758914888.3637097,1758914888.3637097,float,C,24.930426461460364,,,,,groundtruth,GroundTruthStream,{'ground_truth': 24.930426461460364},groundtruth.temp-1
observed,temp-1,temp-1-1758914791350,1758914791.3505843,1758914791.3505843,1758914791.3505843,float,C,17.138740941625187,,,,,observed,SimulatedDroppingStream,{'ground_truth': 17.138740941625187},observed.temp-1
reconstructed,temp-1,temp-1-1758914791350,1758914791.3505843,1758914791.3505843,1758914791.3505843,float,C,17.138740941625187,17.537543848741784,observed,1.0,False,observed,SimulatedDroppingStream,{'ground_truth': 17.138740941625187},reconstructed.temp-1
groundtruth,temp-1,temp-1-1758914889348,1758914889.3482835,1758914889.3482835,1758914889.3482835,float,C,15.266257403077107,,,,,groundtruth,GroundTruthStream,{'ground_truth': 15.266257403077107},groundtruth.temp-1
observed,temp-1,temp-1-1758914792347,1758914792.347659,1758914792.3526552,1758914792.347659,float,C,,,,,,missing,SimulatedDroppingStream,{},observed.temp-1
reconstructed,temp-1,temp-1-1758914792347,1758914792.347659,1758914792.3526552,1758914792.347659,float,C,10.179201228726985,10.179201228726985,KalmanFilter,0.596188773678122,True,reconstructed,SimulatedDroppingStream,{},reconstructed.temp-1
groundtruth,temp-1,temp-1-1758914891361,1758914891.3610733,1758914891.3610733,1758914891.3610733,float,C,22.27792021787154,,,,,groundtruth,GroundTruthStream,{'ground_truth': 22.27792021787154},groundtruth.temp-1
observed,temp-1,temp-1-1758914793354,1758914793.3544955,1758914793.3544955,1758914793.3544955,float,C,29.73154354832182,,,,,observed,SimulatedDroppingStream,{'ground_truth': 29.73154354832182},observed.temp-1
reconstructed,temp-1,temp-1-1758914793354,1758914793.3544955,1758914793.3544955,1758914793.3544955,float,C,29.73154354832182,28.795922272104754,observed,1.0,False,observed,SimulatedDroppingStream,{'ground_truth': 29.73154354832182},reconstructed.temp-1
groundtruth,temp-1,temp-1-1758914892350,1758914892.3505595,1758914892.3505595,1758914892.3505595,float,C,28.861216684464093,,,,,groundtruth,GroundTruthStream,{'ground_truth': 28.861216684464093},groundtruth.temp-1
observed,temp-1,temp-1-1758914794363,1758914794.363237,1758914794.363237,1758914794.363237,float,C,19.175993559764645,,,,,observed,SimulatedDroppingStream,{'ground_truth': 19.175993559764645},observed.temp-1
reconstructed,temp-1,temp-1-1758914794363,1758914794.363237,1758914794.363237,1758914794.363237,float,C,19.175993559764645,21.468080536962887,observed,1.0,False,observed,SimulatedDroppingStream,{'ground_truth': 19.175993559764645},reconstructed.temp-1
groundtruth,temp-1,temp-1-1758914894363,1758914894.3636298,1758914894.3636298,1758914894.3636298,float,C,16.731611644649586,,,,,groundtruth,GroundTruthStream,{'ground_truth': 16.731611644649586},groundtruth.temp-1
observed,temp-1,temp-1-1758914795358,1758914795.3589535,1758914795.3589535,1758914795.3589535,float,C,16.034476600172145,,,,,observed,SimulatedDroppingStream,{'ground_truth': 16.034476600172145},observed.temp-1
reconstructed,temp-1,temp-1-1758914795358,1758914795.3589535,1758914795.3589535,1758914795.3589535,float,C,16.034476600172145,16.194447942472557,observed,1.0,False,observed,SimulatedDroppingStream,{'ground_truth': 16.034476600172145},reconstructed.temp-1
groundtruth,temp-1,temp-1-1758914895350,1758914895.3501666,1758914895.3501666,1758914895.3501666,float,C,19.44383693868084,,,,,groundtruth,GroundTruthStream,{'ground_truth': 19.44383693868084},groundtruth.temp-1
observed,temp-1,temp-1-1758914796358,1758914796.3582919,1758914796.3582919,1758914796.3582919,float,C,19.561356410298732,,,,,observed,SimulatedDroppingStream,{'ground_truth': 19.561356410298732},observed.temp-1
reconstructed,temp-1,temp-1-1758914796358,1758914796.3582919,1758914796.3582919,1758914796.3582919,float,C,19.561356410298732,18.240404620119936,observed,1.0,False,observed,SimulatedDroppingStream,{'ground_truth': 19.561356410298732},reconstructed.temp-1
groundtruth,temp-1,temp-1-1758914896360,1758914896.3609135,1758914896.3609135,1758914896.3609135,float,C,19.590202974239364,,,,,groundtruth,GroundTruthStream,{'ground_truth': 19.590202974239364},groundtruth.temp-1
observed,temp-1,temp-1-1758914797362,1758914797.3620374,1758914797.3620374,1758914797.3620374,float,C,20.9434956444113,,,,,observed,SimulatedDroppingStream,{'ground_truth': 20.9434956444113},observed.temp-1
reconstructed,temp-1,temp-1-1758914797362,1758914797.3620374,1758914797.3620374,1758914797.3620374,float,C,20.9434956444113,20.54386496255741,observed,1.0,False,observed,SimulatedDroppingStream,{'ground_truth': 20.9434956444113},reconstructed.temp-1
groundtruth,temp-1,temp-1-1758914897352,1758914897.3525143,1758914897.3525143,1758914897.3525143,float,C,29.012615361335193,,,,,groundtruth,GroundTruthStream,{'ground_truth': 29.012615361335193},groundtruth.temp-1
observed,temp-1,temp-1-1758914798359,1758914798.3599195,1758914798.3599195,1758914798.3599195,float,C,15.576115848273826,,,,,observed,SimulatedDroppingStream,{'ground_truth': 15.576115848273826},observed.temp-1
reconstructed,temp-1,temp-1-1758914798359,1758914798.3599195,1758914798.3599195,1758914798.3599195,float,C,15.576115848273826,16.568682161429717,observed,1.0,False,observed,SimulatedDroppingStream,{'ground_truth': 15.576115848273826},reconstructed.temp-1
groundtruth,temp-1,temp-1-1758914898358,1758914898.3581517,1758914898.3581517,1758914898.3581517,float,C,16.055650578253076,,,,,groundtruth,GroundTruthStream,{'ground_truth': 16.055650578253076},groundtruth.temp-1
observed,temp-1,temp-1-1758914799357,1758914799.357975,1758914799.357975,1758914799.357975,float,C,20.085967803976715,,,,,observed,SimulatedDroppingStream,{'ground_truth': 20.085967803976715},observed.temp-1
reconstructed,temp-1,temp-1-1758914799357,1758914799.357975,1758914799.357975,1758914799.357975,float,C,20.085967803976715,19.317378361453336,observed,1.0,False,observed,SimulatedDroppingStream,{'ground_truth': 20.085967803976715},reconstructed.temp-1
groundtruth,temp-1,temp-1-1758914900352,1758914900.3526566,1758914900.3526566,1758914900.3526566,float,C,28.3302270152027,,,,,groundtruth,GroundTruthStream,{'ground_truth': 28.3302270152027},groundtruth.temp-1
observed,temp-1,temp-1-1758914800357,1758914800.3571653,1758914800.3571653,1758914800.3571653,float,C,28.96055110691153,,,,,observed,SimulatedDroppingStream,{'ground_truth': 28.96055110691153},observed.temp-1
reconstructed,temp-1,temp-1-1758914800357,1758914800.3571653,1758914800.3571653,1758914800.3571653,float,C,28.96055110691153,27.96150157278283,observed,1.0,False,observed,SimulatedDroppingStream,{'ground_truth': 28.96055110691153},reconstructed.temp-1
groundtruth,temp-1,temp-1-1758914901348,1758914901.3487902,1758914901.3487902,1758914901.3487902,float,C,23.592413233416266,,,,,groundtruth,GroundTruthStream,{'ground_truth': 23.592413233416266},groundtruth.temp-1
observed,temp-1,temp-1-1758914801350,1758914801.3508153,1758914801.3508153,1758914801.3508153,float,C,21.99690849106301,,,,,observed,SimulatedDroppingStream,{'ground_truth': 21.99690849106301},observed.temp-1
reconstructed,temp-1,temp-1-1758914801350,1758914801.3508153,1758914801.3508153,1758914801.3508153,float,C,21.99690849106301,23.964359617143664,observed,1.0,False,observed,SimulatedDroppingStream,{'ground_truth': 21.99690849106301},reconstructed.temp-1
groundtruth,temp-1,temp-1-1758914902351,1758914902.3512938,1758914902.3512938,1758914902.3512938,float,C,27.92258598234855,,,,,groundtruth,GroundTruthStream,{'ground_truth': 27.92258598234855},groundtruth.temp-1
observed,temp-1,temp-1-1758914802347,1758914802.347659,1758914802.3542762,1758914802.347659,float,C,,,,,,missing,SimulatedDroppingStream,{},observed.temp-1
reconstructed,temp-1,temp-1-1758914802347,1758914802.347659,1758914802.3542762,1758914802.347659,float,C,23.27149618618815,23.27149618618815,KalmanFilter,0.5974361894975752,True,reconstructed,SimulatedDroppingStream,{},reconstructed.temp-1
groundtruth,temp-1,temp-1-1758914904348,1758914904.348874,1758914904.348874,1758914904.348874,float,C,17.09395474449876,,,,,groundtruth,GroundTruthStream,{'ground_truth': 17.09395474449876},groundtruth.temp-1
observed,temp-1,temp-1-1758914803347,1758914803.347659,1758914803.3533592,1758914803.347659,float,C,,,,,,missing,SimulatedDroppingStream,{},observed.temp-1
reconstructed,temp-1,temp-1-1758914803347,1758914803.347659,1758914803.3533592,1758914803.347659,float,C,21.534207471958123,21.534207471958123,KalmanFilter,0.25400960011137036,True,reconstructed,SimulatedDroppingStream,{},reconstructed.temp-1
groundtruth,temp-1,temp-1-1758914905361,1758914905.36176,1758914905.36176,1758914905.36176,float,C,19.509292214886948,,,,,groundtruth,GroundTruthStream,{'ground_truth': 19.509292214886948},groundtruth.temp-1
observed,temp-1,temp-1-1758914804353,1758914804.3539207,1758914804.3539207,1758914804.3539207,float,C,19.475434979425792,,,,,observed,SimulatedDroppingStream,{'ground_truth': 19.475434979425792},observed.temp-1
reconstructed,temp-1,temp-1-1758914804353,1758914804.3539207,1758914804.3539207,1758914804.3539207,float,C,19.475434979425792,19.46750754244359,observed,1.0,False,observed,SimulatedDroppingStream,{'ground_truth': 19.475434979425792},reconstructed.temp-1
groundtruth,temp-1,temp-1-1758914906360,1758914906.3601234,1758914906.3601234,1758914906.3601234,float,C,27.950019848488253,,,,,groundtruth,GroundTruthStream,{'ground_truth': 27.950019848488253},groundtruth.temp-1
observed,temp-1,temp-1-1758914805349,1758914805.3499966,1758914805.3499966,1758914805.3499966,float,C,29.561847303731867,,,,,observed,SimulatedDroppingStream,{'ground_truth': 29.561847303731867},observed.temp-1
reconstructed,temp-1,temp-1-1758914805349,1758914805.3499966,1758914805.3499966,1758914805.3499966,float,C,29.561847303731867,27.951989823914296,observed,1.0,False,observed,SimulatedDroppingStream,{'ground_truth': 29.561847303731867},reconstructed.temp-1
groundtruth,temp-1,temp-1-1758914907363,1758914907.3634248,1758914907.3634248,1758914907.3634248,float,C,29.956389096169488,,,,,groundtruth,GroundTruthStream,{'ground_truth': 29.956389096169488},groundtruth.temp-1
observed,temp-1,temp-1-1758914806360,1758914806.3607025,1758914806.3607025,1758914806.3607025,float,C,22.766602455225588,,,,,observed,SimulatedDroppingStream,{'ground_truth': 22.766602455225588},observed.temp-1
reconstructed,temp-1,temp-1-1758914806360,1758914806.3607025,1758914806.3607025,1758914806.3607025,float,C,22.766602455225588,24.29021296753439,observed,1.0,False,observed,SimulatedDroppingStream,{'ground_truth': 22.766602455225588},reconstructed.temp-1
groundtruth,temp-1,temp-1-1758914908351,1758914908.3511312,1758914908.3511312,1758914908.3511312,float,C,18.15302290799573,,,,,groundtruth,GroundTruthStream,{'ground_truth': 18.15302290799573},groundtruth.temp-1
observed,temp-1,temp-1-1758914807347,1758914807.347659,1758914807.3594177,1758914807.347659,float,C,,,,,,missing,SimulatedDroppingStream,{},observed.temp-1
reconstructed,temp-1,temp-1-1758914807347,1758914807.347659,1758914807.3594177,1758914807.347659,float,C,23.51226022874705,23.51226022874705,KalmanFilter,0.5906997668293132,True,reconstructed,SimulatedDroppingStream,{},reconstructed.temp-1
groundtruth,temp-1,temp-1-1758914909350,1758914909.3504508,1758914909.3504508,1758914909.3504508,float,C,22.396052300380074,,,,,groundtruth,GroundTruthStream,{'ground_truth': 22.396052300380074},groundtruth.temp-1
observed,temp-1,temp-1-1758914808350,1758914808.3505793,1758914808.3505793,1758914808.3505793,float,C,17.487655099915987,,,,,observed,SimulatedDroppingStream,{'ground_truth': 17.487655099915987},observed.temp-1
reconstructed,temp-1,temp-1-1758914808350,1758914808.3505793,1758914808.3505793,1758914808.3505793,float,C,17.487655099915987,17.637127937147653,observed,1.0,False,observed,SimulatedDroppingStream,{'ground_truth': 17.487655099915987},reconstructed.temp-1
groundtruth,temp-1,temp-1-1758914911362,1758914911.3629732,1758914911.3629732,1758914911.3629732,float,C,20.66767188741881,,,,,groundtruth,GroundTruthStream,{'ground_truth': 20.66767188741881},groundtruth.temp-1
observed,temp-1,temp-1-1758914809363,1758914809.3636642,1758914809.3636642,1758914809.3636642,float,C,20.659100321621345,,,,,observed,SimulatedDroppingStream,{'ground_truth': 20.659100321621345},observed.temp-1
reconstructed,temp-1,temp-1-1758914809363,1758914809.3636642,1758914809.3636642,1758914809.3636642,float,C,20.659100321621345,19.605483183532993,observed,1.0,False,observed,SimulatedDroppingStream,{'ground_truth': 20.659100321621345},reconstructed.temp-1
groundtruth,temp-1,temp-1-1758914912357,1758914912.3578389,1758914912.3578389,1758914912.3578389,float,C,17.721597994025355,,,,,groundtruth,GroundTruthStream,{'ground_truth': 17.721597994025355},groundtruth.temp-1
observed,temp-1,temp-1-1758914810349,1758914810.3492444,1758914810.3492444,1758914810.3492444,float,C,24.260211139772977,,,,,observed,SimulatedDroppingStream,{'ground_truth': 24.260211139772977},observed.temp-1
reconstructed,temp-1,temp-1-1758914810349,1758914810.3492444,1758914810.3492444,1758914810.3492444,float,C,24.260211139772977,23.740059556528916,observed,1.0,False,observed,SimulatedDroppingStream,{'ground_truth': 24.260211139772977},reconstructed.temp-1
groundtruth,temp-1,temp-1-1758914913352,1758914913.3523579,1758914913.3523579,1758914913.3523579,float,C,15.532880485205412,,,,,groundtruth,GroundTruthStream,{'ground_truth': 15.532880485205412},groundtruth.temp-1
observed,temp-1,temp-1-1758914811353,1758914811.3539426,1758914811.3539426,1758914811.3539426,float,C,21.995260263598027,,,,,observed,SimulatedDroppingStream,{'ground_truth': 21.995260263598027},observed.temp-1
reconstructed,temp-1,temp-1-1758914811353,1758914811.3539426,1758914811.3539426,1758914811.3539426,float,C,21.995260263598027,22.825497003468904,observed,1.0,False,observed,SimulatedDroppingStream,{'ground_truth': 21.995260263598027},reconstructed.temp-1
groundtruth,temp-1,temp-1-1758914914356,1758914914.3563485,1758914914.3563485,1758914914.3563485,float,C,24.661574944486023,,,,,groundtruth,GroundTruthStream,{'ground_truth': 24.661574944486023},groundtruth.temp-1
observed,temp-1,temp-1-1758914812350,1758914812.3507295,1758914812.3507295,1758914812.3507295,float,C,20.110053904939257,,,,,observed,SimulatedDroppingStream,{'ground_truth': 20.110053904939257},observed.temp-1
reconstructed,temp-1,temp-1-1758914812350,1758914812.3507295,1758914812.3507295,1758914812.3507295,float,C,20.110053904939257,20.604088615499748,observed,1.0,False,observed,SimulatedDroppingStream,{'ground_truth': 20.110053904939257},reconstructed.temp-1
groundtruth,temp-1,temp-1-1758914915352,1758914915.3521967,1758914915.3521967,1758914915.3521967,float,C,24.86748598176687,,,,,groundtruth,GroundTruthStream,{'ground_truth': 24.86748598176687},groundtruth.temp-1
observed,temp-1,temp-1-1758914813354,1758914813.3542843,1758914813.3542843,1758914813.3542843,float,C,24.92232577703246,,,,,observed,SimulatedDroppingStream,{'ground_truth': 24.92232577703246},observed.temp-1
reconstructed,temp-1,temp-1-1758914813354,1758914813.3542843,1758914813.3542843,1758914813.3542843,float,C,24.92232577703246,24.115022320971622,observed,1.0,False,observed,SimulatedDroppingStream,{'ground_truth': 24.92232577703246},reconstructed.temp-1
groundtruth,temp-1,temp-1-1758914916360,1758914916.3609622,1758914916.3609622,1758914916.3609622,float,C,22.830351009663737,,,,,groundtruth,GroundTruthStream,{'ground_truth': 22.830351009663737},groundtruth.temp-1
observed,temp-1,temp-1-1758914814354,1758914814.354002,1758914814.354002,1758914814.354002,float,C,20.5857523312566,,,,,observed,SimulatedDroppingStream,{'ground_truth': 20.5857523312566},observed.temp-1
reconstructed,temp-1,temp-1-1758914814354,1758914814.354002,1758914814.354002,1758914814.354002,float,C,20.5857523312566,21.365950912693364,observed,1.0,False,observed,SimulatedDroppingStream,{'ground_truth': 20.5857523312566},reconstructed.temp-1
groundtruth,temp-1,temp-1-1758914917356,1758914917.356992,1758914917.356992,1758914917.356992,float,C,19.076943647208594,,,,,groundtruth,GroundTruthStream,{'ground_truth': 19.076943647208594},groundtruth.temp-1
observed,temp-1,temp-1-1758914815361,1758914815.3610024,1758914815.3610024,1758914815.3610024,float,C,24.445055471266016,,,,,observed,SimulatedDroppingStream,{'ground_truth': 24.445055471266016},observed.temp-1
reconstructed,temp-1,temp-1-1758914815361,1758914815.3610024,1758914815.3610024,1758914815.3610024,float,C,24.445055471266016,23.81802670370234,observed,1.0,False,observed,SimulatedDroppingStream,{'ground_truth': 24.445055471266016},reconstructed.temp-1
groundtruth,temp-1,temp-1-1758914918356,1758914918.35642,1758914918.35642,1758914918.35642,float,C,18.76424850105935,,,,,groundtruth,GroundTruthStream,{'ground_truth': 18.76424850105935},groundtruth.temp-1
observed,temp-1,temp-1-1758914816362,1758914816.362192,1758914816.362192,1758914816.362192,float,C,20.222488910875132,,,,,observed,SimulatedDroppingStream,{'ground_truth': 20.222488910875132},observed.temp-1
reconstructed,temp-1,temp-1-1758914816362,1758914816.362192,1758914816.362192,1758914816.362192,float,C,20.222488910875132,20.887262322209203,observed,1.0,False,observed,SimulatedDroppingStream,{'ground_truth': 20.222488910875132},reconstructed.temp-1
groundtruth,temp-1,temp-1-1758914919349,1758914919.3492124,1758914919.3492124,1758914919.3492124,float,C,17.210471372294364,,,,,groundtruth,GroundTruthStream,{'ground_truth': 17.210471372294364},groundtruth.temp-1
observed,temp-1,temp-1-1758914817351,1758914817.3511643,1758914817.3511643,1758914817.3511643,float,C,26.62738320556563,,,,,observed,SimulatedDroppingStream,{'ground_truth': 26.62738320556563},observed.temp-1
reconstructed,temp-1,temp-1-1758914817351,1758914817.3511643,1758914817.3511643,1758914817.3511643,float,C,26.62738320556563,25.590185346090518,observed,1.0,False,observed,SimulatedDroppingStream,{'ground_truth': 26.62738320556563},reconstructed.temp-1
groundtruth,temp-1,temp-1-1758914922361,1758914922.3617575,1758914922.3617575,1758914922.3617575,float,C,19.70377372583881,,,,,groundtruth,GroundTruthStream,{'ground_truth': 19.70377372583881},groundtruth.temp-1
observed,temp-1,temp-1-1758914818351,1758914818.3519504,1758914818.3519504,1758914818.3519504,float,C,20.670675778755765,,,,,observed,SimulatedDroppingStream,{'ground_truth': 20.670675778755765},observed.temp-1
reconstructed,temp-1,temp-1-1758914818351,1758914818.3519504,1758914818.3519504,1758914818.3519504,float,C,20.670675778755765,21.775038643337602,observed,1.0,False,observed,SimulatedDroppingStream,{'ground_truth': 20.670675778755765},reconstructed.temp-1
groundtruth,temp-1,temp-1-1758914924351,1758914924.3512816,1758914924.3512816,1758914924.3512816,float,C,20.032235111316098,,,,,groundtruth,GroundTruthStream,{'ground_truth': 20.032235111316098},groundtruth.temp-1
observed,temp-1,temp-1-1758914819347,1758914819.347659,1758914819.3513284,1758914819.347659,float,C,,,,,,missing,SimulatedDroppingStream,{},observed.temp-1
reconstructed,temp-1,temp-1-1758914819347,1758914819.347659,1758914819.3513284,1758914819.347659,float,C,19.444031196055683,19.444031196055683,KalmanFilter,0.5974370554006743,True,reconstructed,SimulatedDroppingStream,{},reconstructed.temp-1
groundtruth,temp-1,temp-1-1758914925359,1758914925.359978,1758914925.359978,1758914925.359978,float,C,22.285634766748963,,,,,groundtruth,GroundTruthStream,{'ground_truth': 22.285634766748963},groundtruth.temp-1
observed,temp-1,temp-1-1758914820364,1758914820.3641024,1758914820.3641024,1758914820.3641024,float,C,26.84977826747577,,,,,observed,SimulatedDroppingStream,{'ground_truth': 26.84977826747577},observed.temp-1
reconstructed,temp-1,temp-1-1758914820364,1758914820.3641024,1758914820.3641024,1758914820.3641024,float,C,26.84977826747577,26.497658003026974,observed,1.0,False,observed,SimulatedDroppingStream,{'ground_truth': 26.84977826747577},reconstructed.temp-1
groundtruth,temp-1,temp-1-1758914926356,1758914926.356972,1758914926.356972,1758914926.356972,float,C,29.60283860887388,,,,,groundtruth,GroundTruthStream,{'ground_truth': 29.60283860887388},groundtruth.temp-1
observed,temp-1,temp-1-1758914821363,1758914821.3636281,1758914821.3636281,1758914821.3636281,float,C,27.499574783255074,,,,,observed,SimulatedDroppingStream,{'ground_truth': 27.499574783255074},observed.temp-1
reconstructed,temp-1,temp-1-1758914821363,1758914821.3636281,1758914821.3636281,1758914821.3636281,float,C,27.499574783255074,27.77464088970976,observed,1.0,False,observed,SimulatedDroppingStream,{'ground_truth': 27.499574783255074},reconstructed.temp-1
groundtruth,temp-1,temp-1-1758914927356,1758914927.3563392,1758914927.3563392,1758914927.3563392,float,C,18.96697724615346,,,,,groundtruth,GroundTruthStream,{'ground_truth': 18.96697724615346},groundtruth.temp-1
observed,temp-1,temp-1-1758914822350,1758914822.3501174,1758914822.3501174,1758914822.3501174,float,C,22.014019694099304,,,,,observed,SimulatedDroppingStream,{'ground_truth': 22.014019694099304},observed.temp-1
reconstructed,temp-1,temp-1-1758914822350,1758914822.3501174,1758914822.3501174,1758914822.3501174,float,C,22.014019694099304,22.9999817401742,observed,1.0,False,observed,SimulatedDroppingStream,{'ground_truth': 22.014019694099304},reconstructed.temp-1
groundtruth,temp-1,temp-1-1758914928355,1758914928.355587,1758914928.355587,1758914928.355587,float,C,18.443985773976387,,,,,groundtruth,GroundTruthStream,{'ground_truth': 18.443985773976387},groundtruth.temp-1
observed,temp-1,temp-1-1758914823349,1758914823.3493645,1758914823.3493645,1758914823.3493645,float,C,18.14604152960325,,,,,observed,SimulatedDroppingStream,{'ground_truth': 18.14604152960325},observed.temp-1
reconstructed,temp-1,temp-1-1758914823349,1758914823.3493645,1758914823.3493645,1758914823.3493645,float,C,18.14604152960325,18.218906141768837,observed,1.0,False,observed,SimulatedDroppingStream,{'ground_truth': 18.14604152960325},reconstructed.temp-1
groundtruth,temp-1,temp-1-1758914929352,1758914929.3527687,1758914929.3527687,1758914929.3527687,float,C,22.045118581993854,,,,,groundtruth,GroundTruthStream,{'ground_truth': 22.045118581993854},groundtruth.temp-1
observed,temp-1,temp-1-1758914824355,1758914824.3556256,1758914824.3556256,1758914824.3556256,float,C,24.72592136074546,,,,,observed,SimulatedDroppingStream,{'ground_truth': 24.72592136074546},observed.temp-1
reconstructed,temp-1,temp-1-1758914824355,1758914824.3556256,1758914824.3556256,1758914824.3556256,float,C,24.72592136074546,23.051381605047148,observed,1.0,False,observed,SimulatedDroppingStream,{'ground_truth': 24.72592136074546},reconstructed.temp-1
groundtruth,temp-1,temp-1-1758914931360,1758914931.360501,1758914931.360501,1758914931.360501,float,C,21.58565483311854,,,,,groundtruth,GroundTruthStream,{'ground_truth': 21.58565483311854},groundtruth.temp-1
observed,temp-1,temp-1-1758914825360,1758914825.3601956,1758914825.3601956,1758914825.3601956,float,C,19.554011043203772,,,,,observed,SimulatedDroppingStream,{'ground_truth': 19.554011043203772},observed.temp-1
reconstructed,temp-1,temp-1-1758914825360,1758914825.3601956,1758914825.3601956,1758914825.3601956,float,C,19.554011043203772,20.337890207783303,observed,1.0,False,observed,SimulatedDroppingStream,{'ground_truth': 19.554011043203772},reconstructed.temp-1
groundtruth,temp-1,temp-1-1758914932358,1758914932.358153,1758914932.358153,1758914932.358153,float,C,25.80886446241461,,,,,groundtruth,GroundTruthStream,{'ground_truth': 25.80886446241461},groundtruth.temp-1
observed,temp-1,temp-1-1758914826351,1758914826.351937,1758914826.351937,1758914826.351937,float,C,27.893992924182903,,,,,observed,SimulatedDroppingStream,{'ground_truth': 27.893992924182903},observed.temp-1
reconstructed,temp-1,temp-1-1758914826351,1758914826.351937,1758914826.351937,1758914826.351937,float,C,27.893992924182903,26.778940820334192,observed,1.0,False,observed,SimulatedDroppingStream,{'ground_truth': 27.893992924182903},reconstructed.temp-1
groundtruth,temp-1,temp-1-1758914933357,1758914933.357872,1758914933.357872,1758914933.357872,float,C,23.30166048377024,,,,,groundtruth,GroundTruthStream,{'ground_truth': 23.30166048377024},groundtruth.temp-1
observed,temp-1,temp-1-1758914827353,1758914827.3534238,1758914827.3534238,1758914827.3534238,float,C,20.215882758928515,,,,,observed,SimulatedDroppingStream,{'ground_truth': 20.215882758928515},observed.temp-1
reconstructed,temp-1,temp-1-1758914827353,1758914827.3534238,1758914827.3534238,1758914827.3534238,float,C,20.215882758928515,21.84828323203501,observed,1.0,False,observed,SimulatedDroppingStream,{'ground_truth': 20.215882758928515},reconstructed.temp-1
groundtruth,temp-1,temp-1-1758914935349,1758914935.3492255,1758914935.3492255,1758914935.3492255,float,C,15.622071637327226,,,,,groundtruth,GroundTruthStream,{'ground_truth': 15.622071637327226},groundtruth.temp-1
observed,temp-1,temp-1-1758914828347,1758914828.347659,1758914828.361463,1758914828.347659,float,C,,,,,,missing,SimulatedDroppingStream,{},observed.temp-1
reconstructed,temp-1,temp-1-1758914828347,1758914828.347659,1758914828.361463,1758914828.347659,float,C,19.412014674761554,19.412014674761554,KalmanFilter,0.597412778623684,True,reconstructed,SimulatedDroppingStream,{},reconstructed.temp-1
groundtruth,temp-1,temp-1-1758914937354,1758914937.3547175,1758914937.3547175,1758914937.3547175,float,C,26.3156829816306,,,,,groundtruth,GroundTruthStream,{'ground_truth': 26.3156829816306},groundtruth.temp-1
observed,temp-1,temp-1-1758914829360,1758914829.3604114,1758914829.3604114,1758914829.3604114,float,C,23.223232165994375,,,,,observed,SimulatedDroppingStream,{'ground_truth': 23.223232165994375},observed.temp-1
reconstructed,temp-1,temp-1-1758914829360,1758914829.3604114,1758914829.3604114,1758914829.3604114,float,C,23.223232165994375,22.980831795977572,observed,1.0,False,observed,SimulatedDroppingStream,{'ground_truth': 23.223232165994375},reconstructed.temp-1
groundtruth,temp-1,temp-1-1758914938349,1758914938.3490038,1758914938.3490038,1758914938.3490038,float,C,23.766517951842886,,,,,groundtruth,GroundTruthStream,{'ground_truth': 23.766517951842886},groundtruth.temp-1
observed,temp-1,temp-1-1758914830360,1758914830.3606389,1758914830.3606389,1758914830.3606389,float,C,16.052976165296077,,,,,observed,SimulatedDroppingStream,{'ground_truth': 16.052976165296077},observed.temp-1
reconstructed,temp-1,temp-1-1758914830360,1758914830.3606389,1758914830.3606389,1758914830.3606389,float,C,16.052976165296077,16.99867656481169,observed,1.0,False,observed,SimulatedDroppingStream,{'ground_truth': 16.052976165296077},reconstructed.temp-1
groundtruth,temp-1,temp-1-1758914940350,1758914940.3503625,1758914940.3503625,1758914940.3503625,float,C,16.535551045425965,,,,,groundtruth,GroundTruthStream,{'ground_truth': 16.535551045425965},groundtruth.temp-1
observed,temp-1,temp-1-1758914831358,1758914831.3583608,1758914831.3583608,1758914831.3583608,float,C,29.19329972002545,,,,,observed,SimulatedDroppingStream,{'ground_truth': 29.19329972002545},observed.temp-1
reconstructed,temp-1,temp-1-1758914831358,1758914831.3583608,1758914831.3583608,1758914831.3583608,float,C,29.19329972002545,26.99182374868441,observed,1.0,False,observed,SimulatedDroppingStream,{'ground_truth': 29.19329972002545},reconstructed.temp-1
groundtruth,temp-1,temp-1-1758914941363,1758914941.363976,1758914941.363976,1758914941.363976,float,C,29.320009674317063,,,,,groundtruth,GroundTruthStream,{'ground_truth': 29.320009674317063},groundtruth.temp-1
observed,temp-1,temp-1-1758914832360,1758914832.3604913,1758914832.3604913,1758914832.3604913,float,C,25.735642449850488,,,,,observed,SimulatedDroppingStream,{'ground_truth': 25.735642449850488},observed.temp-1
reconstructed,temp-1,temp-1-1758914832360,1758914832.3604913,1758914832.3604913,1758914832.3604913,float,C,25.735642449850488,26.910940430579146,observed,1.0,False,observed,SimulatedDroppingStream,{'ground_truth': 25.735642449850488},reconstructed.temp-1
groundtruth,temp-1,temp-1-1758914942353,1758914942.35336,1758914942.35336,1758914942.35336,float,C,17.892054158337842,,,,,groundtruth,GroundTruthStream,{'ground_truth': 17.892054158337842},groundtruth.temp-1
observed,temp-1,temp-1-1758914833347,1758914833.347659,1758914833.3564577,1758914833.347659,float,C,,,,,,missing,SimulatedDroppingStream,{},observed.temp-1
reconstructed,temp-1,temp-1-1758914833347,1758914833.347659,1758914833.3564577,1758914833.347659,float,C,30.01592733238032,30.01592733238032,KalmanFilter,0.5972165133566572,True,reconstructed,SimulatedDroppingStream,{},reconstructed.temp-1
groundtruth,temp-1,temp-1-1758914943362,1758914943.3625412,1758914943.3625412,1758914943.3625412,float,C,22.38938080350189,,,,,groundtruth,GroundTruthStream,{'ground_truth': 22.38938080350189},groundtruth.temp-1
observed,temp-1,temp-1-1758914834356,1758914834.3560658,1758914834.3560658,1758914834.3560658,float,C,16.697070429757456,,,,,observed,SimulatedDroppingStream,{'ground_truth': 16.697070429757456},observed.temp-1
reconstructed,temp-1,temp-1-1758914834356,1758914834.3560658,1758914834.3560658,1758914834.3560658,float,C,16.697070429757456,17.256093373487623,observed,1.0,False,observed,SimulatedDroppingStream,{'ground_truth': 16.697070429757456},reconstructed.temp-1
groundtruth,temp-1,temp-1-1758914944357,1758914944.357018,1758914944.357018,1758914944.357018,float,C,24.807582168683567,,,,,groundtruth,GroundTruthStream,{'ground_truth': 24.807582168683567},groundtruth.temp-1
observed,temp-1,temp-1-1758914835359,1758914835.3595958,1758914835.3595958,1758914835.3595958,float,C,16.292748801002862,,,,,observed,SimulatedDroppingStream,{'ground_truth': 16.292748801002862},observed.temp-1
reconstructed,temp-1,temp-1-1758914835359,1758914835.3595958,1758914835.3595958,1758914835.3595958,float,C,16.292748801002862,15.45178310173171,observed,1.0,False,observed,SimulatedDroppingStream,{'ground_truth': 16.292748801002862},reconstructed.temp-1
groundtruth,temp-1,temp-1-1758914945357,1758914945.3579352,1758914945.3579352,1758914945.3579352,float,C,26.23825387434189,,,,,groundtruth,GroundTruthStream,{'ground_truth': 26.23825387434189},groundtruth.temp-1
observed,temp-1,temp-1-1758914836351,1758914836.351042,1758914836.351042,1758914836.351042,float,C,19.05211458080018,,,,,observed,SimulatedDroppingStream,{'ground_truth': 19.05211458080018},observed.temp-1
reconstructed,temp-1,temp-1-1758914836351,1758914836.351042,1758914836.351042,1758914836.351042,float,C,19.05211458080018,18.07322156650491,observed,1.0,False,observed,SimulatedDroppingStream,{'ground_truth': 19.05211458080018},reconstructed.temp-1
groundtruth,temp-1,temp-1-1758914947358,1758914947.358712,1758914947.358712,1758914947.358712,float,C,29.304373114543537,,,,,groundtruth,GroundTruthStream,{'ground_truth': 29.304373114543537},groundtruth.temp-1
observed,temp-1,temp-1-1758914837364,1758914837.3641217,1758914837.3641217,1758914837.3641217,float,C,26.075875658553297,,,,,observed,SimulatedDroppingStream,{'ground_truth': 26.075875658553297},observed.temp-1
reconstructed,temp-1,temp-1-1758914837364,1758914837.3641217,1758914837.3641217,1758914837.3641217,float,C,26.075875658553297,25.28345525180865,observed,1.0,False,observed,SimulatedDroppingStream,{'ground_truth': 26.075875658553297},reconstructed.temp-1
groundtruth,temp-1,temp-1-1758914948360,1758914948.3606544,1758914948.3606544,1758914948.3606544,float,C,21.179662130354565,,,,,groundtruth,GroundTruthStream,{'ground_truth': 21.179662130354565},groundtruth.temp-1
observed,temp-1,temp-1-1758914838361,1758914838.3615222,1758914838.3615222,1758914838.3615222,float,C,18.081288138545112,,,,,observed,SimulatedDroppingStream,{'ground_truth': 18.081288138545112},observed.temp-1
reconstructed,temp-1,temp-1-1758914838361,1758914838.3615222,1758914838.3615222,1758914838.3615222,float,C,18.081288138545112,20.087607605544846,observed,1.0,False,observed,SimulatedDroppingStream,{'ground_truth': 18.081288138545112},reconstructed.temp-1
groundtruth,temp-1,temp-1-1758914949361,1758914949.3618336,1758914949.3618336,1758914949.3618336,float,C,16.828237653909415,,,,,groundtruth,GroundTruthStream,{'ground_truth': 16.828237653909415},groundtruth.temp-1
observed,temp-1,temp-1-1758914839362,1758914839.3629868,1758914839.3629868,1758914839.3629868,float,C,15.8804829659945,,,,,observed,SimulatedDroppingStream,{'ground_truth': 15.8804829659945},observed.temp-1
reconstructed,temp-1,temp-1-1758914839362,1758914839.3629868,1758914839.3629868,1758914839.3629868,float,C,15.8804829659945,16.191918880596432,observed,1.0,False,observed,SimulatedDroppingStream,{'ground_truth': 15.8804829659945},reconstructed.temp-1
groundtruth,temp-1,temp-1-1758914953349,1758914953.3498118,1758914953.3498118,1758914953.3498118,float,C,18.21204848507027,,,,,groundtruth,GroundTruthStream,{'ground_truth': 18.21204848507027},groundtruth.temp-1
observed,temp-1,temp-1-1758914840360,1758914840.3608081,1758914840.3608081,1758914840.3608081,float,C,24.10601016972649,,,,,observed,SimulatedDroppingStream,{'ground_truth': 24.10601016972649},observed.temp-1
reconstructed,temp-1,temp-1-1758914840360,1758914840.3608081,1758914840.3608081,1758914840.3608081,float,C,24.10601016972649,22.4563774612355,observed,1.0,False,observed,SimulatedDroppingStream,{'ground_truth': 24.10601016972649},reconstructed.temp-1
groundtruth,temp-1,temp-1-1758914954354,1758914954.3540308,1758914954.3540308,1758914954.3540308,float,C,20.276508800742317,,,,,groundtruth,GroundTruthStream,{'ground_truth': 20.276508800742317},groundtruth.temp-1
observed,temp-1,temp-1-1758914841357,1758914841.3579364,1758914841.3579364,1758914841.3579364,float,C,26.824731072198283,,,,,observed,SimulatedDroppingStream,{'ground_truth': 26.824731072198283},observed.temp-1
reconstructed,temp-1,temp-1-1758914841357,1758914841.3579364,1758914841.3579364,1758914841.3579364,float,C,26.824731072198283,26.80464036002935,observed,1.0,False,observed,SimulatedDroppingStream,{'ground_truth': 26.824731072198283},reconstructed.temp-1
groundtruth,temp-1,temp-1-1758914955354,1758914955.3542893,1758914955.3542893,1758914955.3542893,float,C,22.05701942401528,,,,,groundtruth,GroundTruthStream,{'ground_truth': 22.05701942401528},groundtruth.temp-1
observed,temp-1,temp-1-1758914842354,1758914842.3540845,1758914842.3540845,1758914842.3540845,float,C,22.62128940997885,,,,,observed,SimulatedDroppingStream,{'ground_truth': 22.62128940997885},observed.temp-1
reconstructed,temp-1,temp-1-1758914842354,1758914842.3540845,1758914842.3540845,1758914842.3540845,float,C,22.62128940997885,23.92924677467858,observed,1.0,False,observed,SimulatedDroppingStream,{'ground_truth': 22.62128940997885},reconstructed.temp-1
groundtruth,temp-1,temp-1-1758914957350,1758914957.3501432,1758914957.3501432,1758914957.3501432,float,C,26.68825070303481,,,,,groundtruth,GroundTruthStream,{'ground_truth': 26.68825070303481},groundtruth.temp-1
observed,temp-1,temp-1-1758914843350,1758914843.3504505,1758914843.3504505,1758914843.3504505,float,C,29.044002645448685,,,,,observed,SimulatedDroppingStream,{'ground_truth': 29.044002645448685},observed.temp-1
reconstructed,temp-1,temp-1-1758914843350,1758914843.3504505,1758914843.3504505,1758914843.3504505,float,C,29.044002645448685,28.26381989628879,observed,1.0,False,observed,SimulatedDroppingStream,{'ground_truth': 29.044002645448685},reconstructed.temp-1
groundtruth,temp-1,temp-1-1758914958362,1758914958.3626134,1758914958.3626134,1758914958.3626134,float,C,26.7899350971414,,,,,groundtruth,GroundTruthStream,{'ground_truth': 26.7899350971414},groundtruth.temp-1
observed,temp-1,temp-1-1758914844359,1758914844.3597236,1758914844.3597236,1758914844.3597236,float,C,18.10327351753995,,,,,observed,SimulatedDroppingStream,{'ground_truth': 18.10327351753995},observed.temp-1
reconstructed,temp-1,temp-1-1758914844359,1758914844.3597236,1758914844.3597236,1758914844.3597236,float,C,18.10327351753995,19.83073511052502,observed,1.0,False,observed,SimulatedDroppingStream,{'ground_truth': 18.10327351753995},reconstructed.temp-1
groundtruth,temp-1,temp-1-1758914960353,1758914960.3539891,1758914960.3539891,1758914960.3539891,float,C,21.316107296811946,,,,,groundtruth,GroundTruthStream,{'ground_truth': 21.316107296811946},groundtruth.temp-1
observed,temp-1,temp-1-1758914845347,1758914845.347659,1758914845.3577135,1758914845.347659,float,C,,,,,,missing,SimulatedDroppingStream,{},observed.temp-1
reconstructed,temp-1,temp-1-1758914845347,1758914845.347659,1758914845.3577135,1758914845.347659,float,C,12.414181923079928,12.414181923079928,KalmanFilter,0.5974370681646792,True,reconstructed,SimulatedDroppingStream,{},reconstructed.temp-1
groundtruth,temp-1,temp-1-1758914962355,1758914962.355197,1758914962.355197,1758914962.355197,float,C,29.876004966725144,,,,,groundtruth,GroundTruthStream,{'ground_truth': 29.876004966725144},groundtruth.temp-1
observed,temp-1,temp-1-1758914846347,1758914846.347659,1758914846.3545752,1758914846.347659,float,C,,,,,,missing,SimulatedDroppingStream,{},observed.temp-1
reconstructed,temp-1,temp-1-1758914846347,1758914846.347659,1758914846.3545752,1758914846.347659,float,C,2.196264824258396,2.196264824258396,KalmanFilter,0.25400975641121015,True,reconstructed,SimulatedDroppingStream,{},reconstructed.temp-1
groundtruth,temp-1,temp-1-1758914963357,1758914963.357449,1758914963.357449,1758914963.357449,float,C,24.117826191200542,,,,,groundtruth,GroundTruthStream,{'ground_truth': 24.117826191200542},groundtruth.temp-1
observed,temp-1,temp-1-1758914847351,1758914847.351387,1758914847.351387,1758914847.351387,float,C,27.203870078331512,,,,,observed,SimulatedDroppingStream,{'ground_truth': 27.203870078331512},observed.temp-1
reconstructed,temp-1,temp-1-1758914847351,1758914847.351387,1758914847.351387,1758914847.351387,float,C,27.203870078331512,26.78688505894327,observed,1.0,False,observed,SimulatedDroppingStream,{'ground_truth': 27.203870078331512},reconstructed.temp-1
groundtruth,temp-1,temp-1-1758914964355,1758914964.3558757,1758914964.3558757,1758914964.3558757,float,C,15.643000605261298,,,,,groundtruth,GroundTruthStream,{'ground_truth': 15.643000605261298},groundtruth.temp-1
observed,temp-1,temp-1-1758914848350,1758914848.350316,1758914848.350316,1758914848.350316,float,C,20.720574530041265,,,,,observed,SimulatedDroppingStream,{'ground_truth': 20.720574530041265},observed.temp-1
reconstructed,temp-1,temp-1-1758914848350,1758914848.350316,1758914848.350316,1758914848.350316,float,C,20.720574530041265,22.05164730901453,observed,1.0,False,observed,SimulatedDroppingStream,{'ground_truth': 20.720574530041265},reconstructed.temp-1
groundtruth,temp-1,temp-1-1758914965355,1758914965.3551807,1758914965.3551807,1758914965.3551807,float,C,26.031025968591106,,,,,groundtruth,GroundTruthStream,{'ground_truth': 26.031025968591106},groundtruth.temp-1
observed,temp-1,temp-1-1758914849359,1758914849.3594801,1758914849.3594801,1758914849.3594801,float,C,20.025893193716577,,,,,observed,SimulatedDroppingStream,{'ground_truth': 20.025893193716577},observed.temp-1
reconstructed,temp-1,temp-1-1758914849359,1758914849.3594801,1758914849.3594801,1758914849.3594801,float,C,20.025893193716577,19.869107098355872,observed,1.0,False,observed,SimulatedDroppingStream,{'ground_truth': 20.025893193716577},reconstructed.temp-1
groundtruth,temp-1,temp-1-1758914966358,1758914966.358691,1758914966.358691,1758914966.358691,float,C,15.717450449443378,,,,,groundtruth,GroundTruthStream,{'ground_truth': 15.717450449443378},groundtruth.temp-1
observed,temp-1,temp-1-1758914850358,1758914850.3582363,1758914850.3582363,1758914850.3582363,float,C,17.467522024053746,,,,,observed,SimulatedDroppingStream,{'ground_truth': 17.467522024053746},observed.temp-1
reconstructed,temp-1,temp-1-1758914850358,1758914850.3582363,1758914850.3582363,1758914850.3582363,float,C,17.467522024053746,17.322252640988484,observed,1.0,False,observed,SimulatedDroppingStream,{'ground_truth': 17.467522024053746},reconstructed.temp-1
groundtruth,temp-1,temp-1-1758914967348,1758914967.3480663,1758914967.3480663,1758914967.3480663,float,C,20.323444445224677,,,,,groundtruth,GroundTruthStream,{'ground_truth': 20.323444445224677},groundtruth.temp-1
observed,temp-1,temp-1-1758914851347,1758914851.347659,1758914851.3602366,1758914851.347659,float,C,,,,,,missing,SimulatedDroppingStream,{},observed.temp-1
reconstructed,temp-1,temp-1-1758914851347,1758914851.347659,1758914851.3602366,1758914851.347659,float,C,13.723929818357227,13.723929818357227,KalmanFilter,0.5971837197177784,True,reconstructed,SimulatedDroppingStream,{},reconstructed.temp-1
groundtruth,temp-1,temp-1-1758914969353,1758914969.3530843,1758914969.3530843,1758914969.3530843,float,C,25.050170621945064,,,,,groundtruth,GroundTruthStream,{'ground_truth': 25.050170621945064},groundtruth.temp-1
observed,temp-1,temp-1-1758914852358,1758914852.3580983,1758914852.3580983,1758914852.3580983,float,C,23.605670154005463,,,,,observed,SimulatedDroppingStream,{'ground_truth': 23.605670154005463},observed.temp-1
reconstructed,temp-1,temp-1-1758914852358,1758914852.3580983,1758914852.3580983,1758914852.3580983,float,C,23.605670154005463,23.138513391004246,observed,1.0,False,observed,SimulatedDroppingStream,{'ground_truth': 23.605670154005463},reconstructed.temp-1
groundtruth,temp-1,temp-1-1758914970362,1758914970.3620892,1758914970.3620892,1758914970.3620892,float,C,21.852690853876485,,,,,groundtruth,GroundTruthStream,{'ground_truth': 21.852690853876485},groundtruth.temp-1
observed,temp-1,temp-1-1758914853347,1758914853.347659,1758914853.356085,1758914853.347659,float,C,,,,,,missing,SimulatedDroppingStream,{},observed.temp-1
reconstructed,temp-1,temp-1-1758914853347,1758914853.347659,1758914853.356085,1758914853.347659,float,C,27.90457534119937,27.90457534119937,KalmanFilter,0.5957027015238361,True,reconstructed,SimulatedDroppingStream,{},reconstructed.temp-1
groundtruth,temp-1,temp-1-1758914971352,1758914971.35233,1758914971.35233,1758914971.35233,float,C,17.70698791526884,,,,,groundtruth,GroundTruthStream,{'ground_truth': 17.70698791526884},groundtruth.temp-1
observed,temp-1,temp-1-1758914854357,1758914854.3577805,1758914854.3577805,1758914854.3577805,float,C,18.550515597899853,,,,,observed,SimulatedDroppingStream,{'ground_truth': 18.550515597899853},observed.temp-1
reconstructed,temp-1,temp-1-1758914854357,1758914854.3577805,1758914854.3577805,1758914854.3577805,float,C,18.550515597899853,19.058146412275875,observed,1.0,False,observed,SimulatedDroppingStream,{'ground_truth': 18.550515597899853},reconstructed.temp-1
groundtruth,temp-1,temp-1-1758914972362,1758914972.3623722,1758914972.3623722,1758914972.3623722,float,C,26.65010068186022,,,,,groundtruth,GroundTruthStream,{'ground_truth': 26.65010068186022},groundtruth.temp-1
observed,temp-1,temp-1-1758914855359,1758914855.3596141,1758914855.3596141,1758914855.3596141,float,C,16.257359269323203,,,,,observed,SimulatedDroppingStream,{'ground_truth': 16.257359269323203},observed.temp-1
reconstructed,temp-1,temp-1-1758914855359,1758914855.3596141,1758914855.3596141,1758914855.3596141,float,C,16.257359269323203,16.253069101051274,observed,1.0,False,observed,SimulatedDroppingStream,{'ground_truth': 16.257359269323203},reconstructed.temp-1
groundtruth,temp-1,temp-1-1758914975356,1758914975.3566647,1758914975.3566647,1758914975.3566647,float,C,25.921667295137457,,,,,groundtruth,GroundTruthStream,{'ground_truth': 25.921667295137457},groundtruth.temp-1
observed,temp-1,temp-1-1758914856356,1758914856.3564572,1758914856.3564572,1758914856.3564572,float,C,26.37115678949263,,,,,observed,SimulatedDroppingStream,{'ground_truth': 26.37115678949263},observed.temp-1
reconstructed,temp-1,temp-1-1758914856356,1758914856.3564572,1758914856.3564572,1758914856.3564572,float,C,26.37115678949263,24.653257383456612,observed,1.0,False,observed,SimulatedDroppingStream,{'ground_truth': 26.37115678949263},reconstructed.temp-1
groundtruth,temp-1,temp-1-1758914977358,1758914977.3585043,1758914977.3585043,1758914977.3585043,float,C,17.185486482670957,,,,,groundtruth,GroundTruthStream,{'ground_truth': 17.185486482670957},groundtruth.temp-1
observed,temp-1,temp-1-1758914857356,1758914857.3569667,1758914857.3569667,1758914857.3569667,float,C,25.426579069082926,,,,,observed,SimulatedDroppingStream,{'ground_truth': 25.426579069082926},observed.temp-1
reconstructed,temp-1,temp-1-1758914857356,1758914857.3569667,1758914857.3569667,1758914857.3569667,float,C,25.426579069082926,26.232166093798465,observed,1.0,False,observed,SimulatedDroppingStream,{'ground_truth': 25.426579069082926},reconstructed.temp-1
groundtruth,temp-1,temp-1-1758914978357,1758914978.3574858,1758914978.3574858,1758914978.3574858,float,C,21.600925260494208,,,,,groundtruth,GroundTruthStream,{'ground_truth': 21.600925260494208},groundtruth.temp-1
observed,temp-1,temp-1-1758914858354,1758914858.3546164,1758914858.3546164,1758914858.3546164,float,C,18.311470922964855,,,,,observed,SimulatedDroppingStream,{'ground_truth': 18.311470922964855},observed.temp-1
reconstructed,temp-1,temp-1-1758914858354,1758914858.3546164,1758914858.3546164,1758914858.3546164,float,C,18.311470922964855,19.891553021936893,observed,1.0,False,observed,SimulatedDroppingStream,{'ground_truth': 18.311470922964855},reconstructed.temp-1
groundtruth,temp-1,temp-1-1758914979362,1758914979.3622894,1758914979.3622894,1758914979.3622894,float,C,20.737877401405115,,,,,groundtruth,GroundTruthStream,{'ground_truth': 20.737877401405115},groundtruth.temp-1
observed,temp-1,temp-1-1758914859354,1758914859.3544207,1758914859.3544207,1758914859.3544207,float,C,28.526717748818864,,,,,observed,SimulatedDroppingStream,{'ground_truth': 28.526717748818864},observed.temp-1
reconstructed,temp-1,temp-1-1758914859354,1758914859.3544207,1758914859.3544207,1758914859.3544207,float,C,28.526717748818864,26.76548690103278,observed,1.0,False,observed,SimulatedDroppingStream,{'ground_truth': 28.526717748818864},reconstructed.temp-1
groundtruth,temp-1,temp-1-1758914980359,1758914980.3596082,1758914980.3596082,1758914980.3596082,float,C,19.43855223543282,,,,,groundtruth,GroundTruthStream,{'ground_truth': 19.43855223543282},groundtruth.temp-1
observed,temp-1,temp-1-1758914860353,1758914860.3531976,1758914860.3531976,1758914860.3531976,float,C,15.968724982690787,,,,,observed,SimulatedDroppingStream,{'ground_truth': 15.968724982690787},observed.temp-1
reconstructed,temp-1,temp-1-1758914860353,1758914860.3531976,1758914860.3531976,1758914860.3531976,float,C,15.968724982690787,17.916158671309113,observed,1.0,False,observed,SimulatedDroppingStream,{'ground_truth': 15.968724982690787},reconstructed.temp-1
groundtruth,temp-1,temp-1-1758914981351,1758914981.351625,1758914981.351625,1758914981.351625,float,C,16.769540781566814,,,,,groundtruth,GroundTruthStream,{'ground_truth': 16.769540781566814},groundtruth.temp-1
observed,temp-1,temp-1-1758914861353,1758914861.3530169,1758914861.3530169,1758914861.3530169,float,C,20.18027965905383,,,,,observed,SimulatedDroppingStream,{'ground_truth': 20.18027965905383},observed.temp-1
reconstructed,temp-1,temp-1-1758914861353,1758914861.3530169,1758914861.3530169,1758914861.3530169,float,C,20.18027965905383,18.974169957938066,observed,1.0,False,observed,SimulatedDroppingStream,{'ground_truth': 20.18027965905383},reconstructed.temp-1
groundtruth,temp-1,temp-1-1758914982355,1758914982.3551672,1758914982.3551672,1758914982.3551672,float,C,27.16278451376853,,,,,groundtruth,GroundTruthStream,{'ground_truth': 27.16278451376853},groundtruth.temp-1
observed,temp-1,temp-1-1758914862353,1758914862.3532627,1758914862.3532627,1758914862.3532627,float,C,26.227887034232893,,,,,observed,SimulatedDroppingStream,{'ground_truth': 26.227887034232893},observed.temp-1
reconstructed,temp-1,temp-1-1758914862353,1758914862.3532627,1758914862.3532627,1758914862.3532627,float,C,26.227887034232893,25.062553543368807,observed,1.0,False,observed,SimulatedDroppingStream,{'ground_truth': 26.227887034232893},reconstructed.temp-1
groundtruth,temp-1,temp-1-1758914984349,1758914984.3499022,1758914984.3499022,1758914984.3499022,float,C,25.20780591986965,,,,,groundtruth,GroundTruthStream,{'ground_truth': 25.20780591986965},groundtruth.temp-1
observed,temp-1,temp-1-1758914863357,1758914863.3575766,1758914863.3575766,1758914863.3575766,float,C,17.222556629347867,,,,,observed,SimulatedDroppingStream,{'ground_truth': 17.222556629347867},observed.temp-1
reconstructed,temp-1,temp-1-1758914863357,1758914863.3575766,1758914863.3575766,1758914863.3575766,float,C,17.222556629347867,18.96571215943603,observed,1.0,False,observed,SimulatedDroppingStream,{'ground_truth': 17.222556629347867},reconstructed.temp-1
groundtruth,temp-1,temp-1-1758914985349,1758914985.3498294,1758914985.3498294,1758914985.3498294,float,C,22.213395596056834,,,,,groundtruth,GroundTruthStream,{'ground_truth': 22.213395596056834},groundtruth.temp-1
observed,temp-1,temp-1-1758914864360,1758914864.360299,1758914864.360299,1758914864.360299,float,C,26.239996468810084,,,,,observed,SimulatedDroppingStream,{'ground_truth': 26.239996468810084},observed.temp-1
reconstructed,temp-1,temp-1-1758914864360,1758914864.360299,1758914864.360299,1758914864.360299,float,C,26.239996468810084,24.84289038630297,observed,1.0,False,observed,SimulatedDroppingStream,{'ground_truth': 26.239996468810084},reconstructed.temp-1
groundtruth,temp-1,temp-1-1758914986358,1758914986.3589022,1758914986.3589022,1758914986.3589022,float,C,19.301031642996954,,,,,groundtruth,GroundTruthStream,{'ground_truth': 19.301031642996954},groundtruth.temp-1
observed,temp-1,temp-1-1758914865347,1758914865.347659,1758914865.350042,1758914865.347659,float,C,,,,,,missing,SimulatedDroppingStream,{},observed.temp-1
reconstructed,temp-1,temp-1-1758914865347,1758914865.347659,1758914865.350042,1758914865.347659,float,C,29.08788455034688,29.08788455034688,KalmanFilter,0.597436975295285,True,reconstructed,SimulatedDroppingStream,{},reconstructed.temp-1
groundtruth,temp-1,temp-1-1758914988349,1758914988.3496685,1758914988.3496685,1758914988.3496685,float,C,27.143958973778084,,,,,groundtruth,GroundTruthStream,{'ground_truth': 27.143958973778084},groundtruth.temp-1
observed,temp-1,temp-1-1758914866354,1758914866.3544035,1758914866.3544035,1758914866.3544035,float,C,27.19762296746582,,,,,observed,SimulatedDroppingStream,{'ground_truth': 27.19762296746582},observed.temp-1
reconstructed,temp-1,temp-1-1758914866354,1758914866.3544035,1758914866.3544035,1758914866.3544035,float,C,27.19762296746582,27.447580166716627,observed,1.0,False,observed,SimulatedDroppingStream,{'ground_truth': 27.19762296746582},reconstructed.temp-1
groundtruth,temp-1,temp-1-1758914989348,1758914989.3488584,1758914989.3488584,1758914989.3488584,float,C,23.350661543066114,,,,,groundtruth,GroundTruthStream,{'ground_truth': 23.350661543066114},groundtruth.temp-1
observed,temp-1,temp-1-1758914867350,1758914867.3507247,1758914867.3507247,1758914867.3507247,float,C,29.128053151805833,,,,,observed,SimulatedDroppingStream,{'ground_truth': 29.128053151805833},observed.temp-1
reconstructed,temp-1,temp-1-1758914867350,1758914867.3507247,1758914867.3507247,1758914867.3507247,float,C,29.128053151805833,29.158316167473682,observed,1.0,False,observed,SimulatedDroppingStream,{'ground_truth': 29.128053151805833},reconstructed.temp-1
groundtruth,temp-1,temp-1-1758914991363,1758914991.363584,1758914991.363584,1758914991.363584,float,C,26.89931724282647,,,,,groundtruth,GroundTruthStream,{'ground_truth': 26.89931724282647},groundtruth.temp-1
observed,temp-1,temp-1-1758914868359,1758914868.359514,1758914868.359514,1758914868.359514,float,C,21.134657829124116,,,,,observed,SimulatedDroppingStream,{'ground_truth': 21.134657829124116},observed.temp-1
reconstructed,temp-1,temp-1-1758914868359,1758914868.359514,1758914868.359514,1758914868.359514,float,C,21.134657829124116,22.350308659747952,observed,1.0,False,observed,SimulatedDroppingStream,{'ground_truth': 21.134657829124116},reconstructed.temp-1
groundtruth,temp-1,temp-1-1758914992360,1758914992.3602238,1758914992.3602238,1758914992.3602238,float,C,23.494318750320446,,,,,groundtruth,GroundTruthStream,{'ground_truth': 23.494318750320446},groundtruth.temp-1
observed,temp-1,temp-1-1758914869353,1758914869.3535755,1758914869.3535755,1758914869.3535755,float,C,22.47360994175626,,,,,observed,SimulatedDroppingStream,{'ground_truth': 22.47360994175626},observed.temp-1
reconstructed,temp-1,temp-1-1758914869353,1758914869.3535755,1758914869.3535755,1758914869.3535755,float,C,22.47360994175626,21.620093679408512,observed,1.0,False,observed,SimulatedDroppingStream,{'ground_truth': 22.47360994175626},reconstructed.temp-1
groundtruth,temp-1,temp-1-1758914996354,1758914996.3540878,1758914996.3540878,1758914996.3540878,float,C,27.144846787839434,,,,,groundtruth,GroundTruthStream,{'ground_truth': 27.144846787839434},groundtruth.temp-1
observed,temp-1,temp-1-1758914870358,1758914870.3583448,1758914870.3583448,1758914870.3583448,float,C,20.420724579355,,,,,observed,SimulatedDroppingStream,{'ground_truth': 20.420724579355},observed.temp-1
reconstructed,temp-1,temp-1-1758914870358,1758914870.3583448,1758914870.3583448,1758914870.3583448,float,C,20.420724579355,20.1326766694422,observed,1.0,False,observed,SimulatedDroppingStream,{'ground_truth': 20.420724579355},reconstructed.temp-1
groundtruth,temp-1,temp-1-1758914998357,1758914998.3577187,1758914998.3577187,1758914998.3577187,float,C,22.120306297946627,,,,,groundtruth,GroundTruthStream,{'ground_truth': 22.120306297946627},groundtruth.temp-1
observed,temp-1,temp-1-1758914871356,1758914871.3567355,1758914871.3567355,1758914871.3567355,float,C,28.96755501271336,,,,,observed,SimulatedDroppingStream,{'ground_truth': 28.96755501271336},observed.temp-1
reconstructed,temp-1,temp-1-1758914871356,1758914871.3567355,1758914871.3567355,1758914871.3567355,float,C,28.96755501271336,27.522896403778937,observed,1.0,False,observed,SimulatedDroppingStream,{'ground_truth': 28.96755501271336},reconstructed.temp-1
groundtruth,temp-1,temp-1-1758915002356,1758915002.3569663,1758915002.3569663,1758915002.3569663,float,C,19.027566720813862,,,,,groundtruth,GroundTruthStream,{'ground_truth': 19.027566720813862},groundtruth.temp-1
observed,temp-1,temp-1-1758914872347,1758914872.347659,1758914872.3587825,1758914872.347659,float,C,,,,,,missing,SimulatedDroppingStream,{},observed.temp-1
reconstructed,temp-1,temp-1-1758914872347,1758914872.347659,1758914872.3587825,1758914872.347659,float,C,34.343488603684406,34.343488603684406,KalmanFilter,0.5971808725386715,True,reconstructed,SimulatedDroppingStream,{},reconstructed.temp-1
groundtruth,temp-1,temp-1-1758915003356,1758915003.3565896,1758915003.3565896,1758915003.3565896,float,C,17.504213749455932,,,,,groundtruth,GroundTruthStream,{'ground_truth': 17.504213749455932},groundtruth.temp-1
observed,temp-1,temp-1-1758914873360,1758914873.3602018,1758914873.3602018,1758914873.3602018,float,C,16.738717527463656,,,,,observed,SimulatedDroppingStream,{'ground_truth': 16.738717527463656},observed.temp-1
reconstructed,temp-1,temp-1-1758914873360,1758914873.3602018,1758914873.3602018,1758914873.3602018,float,C,16.738717527463656,17.62815175663465,observed,1.0,False,observed,SimulatedDroppingStream,{'ground_truth': 16.738717527463656},reconstructed.temp-1
groundtruth,temp-1,temp-1-1758915004352,1758915004.3527958,1758915004.3527958,1758915004.3527958,float,C,16.39613715301014,,,,,groundtruth,GroundTruthStream,{'ground_truth': 16.39613715301014},groundtruth.temp-1
observed,temp-1,temp-1-1758914874347,1758914874.347659,1758914874.3487356,1758914874.347659,float,C,,,,,,missing,SimulatedDroppingStream,{},observed.temp-1
reconstructed,temp-1,temp-1-1758914874347,1758914874.347659,1758914874.3487356,1758914874.347659,float,C,11.01630760588418,11.01630760588418,KalmanFilter,0.5963859096911518,True,reconstructed,SimulatedDroppingStream,{},reconstructed.temp-1
groundtruth,temp-1,temp-1-1758915005356,1758915005.3561234,1758915005.3561234,1758915005.3561234,float,C,21.625982203600316,,,,,groundtruth,GroundTruthStream,{'ground_truth': 21.625982203600316},groundtruth.temp-1
observed,temp-1,temp-1-1758914875350,1758914875.3504963,1758914875.3504963,1758914875.3504963,float,C,25.600447604823678,,,,,observed,SimulatedDroppingStream,{'ground_truth': 25.600447604823678},observed.temp-1
reconstructed,temp-1,temp-1-1758914875350,1758914875.3504963,1758914875.3504963,1758914875.3504963,float,C,25.600447604823678,24.85261677088729,observed,1.0,False,observed,SimulatedDroppingStream,{'ground_truth': 25.600447604823678},reconstructed.temp-1
groundtruth,temp-1,temp-1-1758915007357,1758915007.3573089,1758915007.3573089,1758915007.3573089,float,C,23.857237800370058,,,,,groundtruth,GroundTruthStream,{'ground_truth': 23.857237800370058},groundtruth.temp-1
observed,temp-1,temp-1-1758914876349,1758914876.3499253,1758914876.3499253,1758914876.3499253,float,C,23.035859369223648,,,,,observed,SimulatedDroppingStream,{'ground_truth': 23.035859369223648},observed.temp-1
reconstructed,temp-1,temp-1-1758914876349,1758914876.3499253,1758914876.3499253,1758914876.3499253,float,C,23.035859369223648,23.957697516398966,observed,1.0,False,observed,SimulatedDroppingStream,{'ground_truth': 23.035859369223648},reconstructed.temp-1
groundtruth,temp-1,temp-1-1758915010354,1758915010.3546104,1758915010.3546104,1758915010.3546104,float,C,17.74079553799504,,,,,groundtruth,GroundTruthStream,{'ground_truth': 17.74079553799504},groundtruth.temp-1
observed,temp-1,temp-1-1758914877350,1758914877.350207,1758914877.350207,1758914877.350207,float,C,16.690348162687794,,,,,observed,SimulatedDroppingStream,{'ground_truth': 16.690348162687794},observed.temp-1
reconstructed,temp-1,temp-1-1758914877350,1758914877.350207,1758914877.350207,1758914877.350207,float,C,16.690348162687794,17.73643985526012,observed,1.0,False,observed,SimulatedDroppingStream,{'ground_truth': 16.690348162687794},reconstructed.temp-1
groundtruth,temp-1,temp-1-1758915011363,1758915011.363452,1758915011.363452,1758915011.363452,float,C,26.926160356593023,,,,,groundtruth,GroundTruthStream,{'ground_truth': 26.926160356593023},groundtruth.temp-1
observed,temp-1,temp-1-1758914878352,1758914878.3522282,1758914878.3522282,1758914878.3522282,float,C,17.857444775542472,,,,,observed,SimulatedDroppingStream,{'ground_truth': 17.857444775542472},observed.temp-1
reconstructed,temp-1,temp-1-1758914878352,1758914878.3522282,1758914878.3522282,1758914878.3522282,float,C,17.857444775542472,17.087845502264585,observed,1.0,False,observed,SimulatedDroppingStream,{'ground_truth': 17.857444775542472},reconstructed.temp-1
groundtruth,temp-1,temp-1-1758915012363,1758915012.3631587,1758915012.3631587,1758915012.3631587,float,C,21.52391235106421,,,,,groundtruth,GroundTruthStream,{'ground_truth': 21.52391235106421},groundtruth.temp-1
observed,temp-1,temp-1-1758914879351,1758914879.3513744,1758914879.3513744,1758914879.3513744,float,C,28.50865035127494,,,,,observed,SimulatedDroppingStream,{'ground_truth': 28.50865035127494},observed.temp-1
reconstructed,temp-1,temp-1-1758914879351,1758914879.3513744,1758914879.3513744,1758914879.3513744,float,C,28.50865035127494,26.662383557840734,observed,1.0,False,observed,SimulatedDroppingStream,{'ground_truth': 28.50865035127494},reconstructed.temp-1
groundtruth,temp-1,temp-1-1758915013359,1758915013.3593524,1758915013.3593524,1758915013.3593524,float,C,25.281837574875624,,,,,groundtruth,GroundTruthStream,{'ground_truth': 25.281837574875624},groundtruth.temp-1
observed,temp-1,temp-1-1758914880347,1758914880.347659,1758914880.3609178,1758914880.347659,float,C,,,,,,missing,SimulatedDroppingStream,{},observed.temp-1
reconstructed,temp-1,temp-1-1758914880347,1758914880.347659,1758914880.3609178,1758914880.347659,float,C,35.26524109799585,35.26524109799585,KalmanFilter,0.5971447580582192,True,reconstructed,SimulatedDroppingStream,{},reconstructed.temp-1
groundtruth,temp-1,temp-1-1758915014353,1758915014.3534384,1758915014.3534384,1758915014.3534384,float,C,22.469309516493055,,,,,groundtruth,GroundTruthStream,{'ground_truth': 22.469309516493055},groundtruth.temp-1
observed,temp-1,temp-1-1758914881363,1758914881.3632553,1758914881.3632553,1758914881.3632553,float,C,29.946953300430017,,,,,observed,SimulatedDroppingStream,{'ground_truth': 29.946953300430017},observed.temp-1
reconstructed,temp-1,temp-1-1758914881363,1758914881.3632553,1758914881.3632553,1758914881.3632553,float,C,29.946953300430017,30.50686592700941,observed,1.0,False,observed,SimulatedDroppingStream,{'ground_truth': 29.946953300430017},reconstructed.temp-1
groundtruth,temp-1,temp-1-1758915015356,1758915015.3564265,1758915015.3564265,1758915015.3564265,float,C,21.6409266240484,,,,,groundtruth,GroundTruthStream,{'ground_truth': 21.6409266240484},groundtruth.temp-1
observed,temp-1,temp-1-1758914882349,1758914882.3491545,1758914882.3491545,1758914882.3491545,float,C,18.98567302917543,,,,,observed,SimulatedDroppingStream,{'ground_truth': 18.98567302917543},observed.temp-1
reconstructed,temp-1,temp-1-1758914882349,1758914882.3491545,1758914882.3491545,1758914882.3491545,float,C,18.98567302917543,20.862773093838353,observed,1.0,False,observed,SimulatedDroppingStream,{'ground_truth': 18.98567302917543},reconstructed.temp-1
groundtruth,temp-1,temp-1-1758915016361,1758915016.3613987,1758915016.3613987,1758915016.3613987,float,C,15.99269617745671,,,,,groundtruth,GroundTruthStream,{'ground_truth': 15.99269617745671},groundtruth.temp-1
observed,temp-1,temp-1-1758914883348,1758914883.348681,1758914883.348681,1758914883.348681,float,C,26.003319982705918,,,,,observed,SimulatedDroppingStream,{'ground_truth': 26.003319982705918},observed.temp-1
reconstructed,temp-1,temp-1-1758914883348,1758914883.348681,1758914883.348681,1758914883.348681,float,C,26.003319982705918,24.230094237971564,observed,1.0,False,observed,SimulatedDroppingStream,{'ground_truth': 26.003319982705918},reconstructed.temp-1
groundtruth,temp-1,temp-1-1758915017357,1758915017.3579004,1758915017.3579004,1758915017.3579004,float,C,18.233793947619795,,,,,groundtruth,GroundTruthStream,{'ground_truth': 18.233793947619795},groundtruth.temp-1
observed,temp-1,temp-1-1758914884349,1758914884.3498473,1758914884.3498473,1758914884.3498473,float,C,20.00457254668727,,,,,observed,SimulatedDroppingStream,{'ground_truth': 20.00457254668727},observed.temp-1
reconstructed,temp-1,temp-1-1758914884349,1758914884.3498473,1758914884.3498473,1758914884.3498473,float,C,20.00457254668727,20.476542232914955,observed,1.0,False,observed,SimulatedDroppingStream,{'ground_truth': 20.00457254668727},reconstructed.temp-1
groundtruth,temp-1,temp-1-1758915018356,1758915018.356571,1758915018.356571,1758915018.356571,float,C,28.223003816107976,,,,,groundtruth,GroundTruthStream,{'ground_truth': 28.223003816107976},groundtruth.temp-1
observed,temp-1,temp-1-1758914885347,1758914885.347659,1758914885.3555763,1758914885.347659,float,C,,,,,,missing,SimulatedDroppingStream,{},observed.temp-1
reconstructed,temp-1,temp-1-1758914885347,1758914885.347659,1758914885.3555763,1758914885.347659,float,C,16.90458797409521,16.90458797409521,KalmanFilter,0.5972160216303701,True,reconstructed,SimulatedDroppingStream,{},reconstructed.temp-1
groundtruth,temp-1,temp-1-1758915019361,1758915019.3611789,1758915019.3611789,1758915019.3611789,float,C,29.477559167459717,,,,,groundtruth,GroundTruthStream,{'ground_truth': 29.477559167459717},groundtruth.temp-1
observed,temp-1,temp-1-1758914886351,1758914886.3510745,1758914886.3510745,1758914886.3510745,float,C,29.37287147954339,,,,,observed,SimulatedDroppingStream,{'ground_truth': 29.37287147954339},observed.temp-1
reconstructed,temp-1,temp-1-1758914886351,1758914886.3510745,1758914886.3510745,1758914886.3510745,float,C,29.37287147954339,28.815990514935542,observed,1.0,False,observed,SimulatedDroppingStream,{'ground_truth': 29.37287147954339},reconstructed.temp-1
groundtruth,temp-1,temp-1-1758915020352,1758915020.3524108,1758915020.3524108,1758915020.3524108,float,C,18.44929231956874,,,,,groundtruth,GroundTruthStream,{'ground_truth': 18.44929231956874},groundtruth.temp-1
observed,temp-1,temp-1-1758914887360,1758914887.3604789,1758914887.3604789,1758914887.3604789,float,C,23.995835219561776,,,,,observed,SimulatedDroppingStream,{'ground_truth': 23.995835219561776},observed.temp-1
reconstructed,temp-1,temp-1-1758914887360,1758914887.3604789,1758914887.3604789,1758914887.3604789,float,C,23.995835219561776,25.43286119535116,observed,1.0,False,observed,SimulatedDroppingStream,{'ground_truth': 23.995835219561776},reconstructed.temp-1
groundtruth,temp-1,temp-1-1758915021354,1758915021.3545558,1758915021.3545558,1758915021.3545558,float,C,29.69003598384512,,,,,groundtruth,GroundTruthStream,{'ground_truth': 29.69003598384512},groundtruth.temp-1
observed,temp-1,temp-1-1758914888363,1758914888.3637097,1758914888.3637097,1758914888.3637097,float,C,24.930426461460364,,,,,observed,SimulatedDroppingStream,{'ground_truth': 24.930426461460364},observed.temp-1
reconstructed,temp-1,temp-1-1758914888363,1758914888.3637097,1758914888.3637097,1758914888.3637097,float,C,24.930426461460364,24.858601398353066,observed,1.0,False,observed,SimulatedDroppingStream,{'ground_truth': 24.930426461460364},reconstructed.temp-1
groundtruth,temp-1,temp-1-1758915023362,1758915023.3626862,1758915023.3626862,1758915023.3626862,float,C,22.922640625814473,,,,,groundtruth,GroundTruthStream,{'ground_truth': 22.922640625814473},groundtruth.temp-1
observed,temp-1,temp-1-1758914889348,1758914889.3482835,1758914889.3482835,1758914889.3482835,float,C,15.266257403077107,,,,,observed,SimulatedDroppingStream,{'ground_truth': 15.266257403077107},observed.temp-1
reconstructed,temp-1,temp-1-1758914889348,1758914889.3482835,1758914889.3482835,1758914889.3482835,float,C,15.266257403077107,16.3094459520476,observed,1.0,False,observed,SimulatedDroppingStream,{'ground_truth': 15.266257403077107},reconstructed.temp-1
groundtruth,temp-1,temp-1-1758915024348,1758915024.3482404,1758915024.3482404,1758915024.3482404,float,C,25.174860151146923,,,,,groundtruth,GroundTruthStream,{'ground_truth': 25.174860151146923},groundtruth.temp-1
observed,temp-1,temp-1-1758914890347,1758914890.347659,1758914890.3543813,1758914890.347659,float,C,,,,,,missing,SimulatedDroppingStream,{},observed.temp-1
reconstructed,temp-1,temp-1-1758914890347,1758914890.347659,1758914890.3543813,1758914890.347659,float,C,7.371207082727994,7.371207082727994,KalmanFilter,0.5972145955857163,True,reconstructed,SimulatedDroppingStream,{},reconstructed.temp-1
groundtruth,temp-1,temp-1-1758915025362,1758915025.362893,1758915025.362893,1758915025.362893,float,C,18.530613570362455,,,,,groundtruth,GroundTruthStream,{'ground_truth': 18.530613570362455},groundtruth.temp-1
observed,temp-1,temp-1-1758914891361,1758914891.3610733,1758914891.3610733,1758914891.3610733,float,C,22.27792021787154,,,,,observed,SimulatedDroppingStream,{'ground_truth': 22.27792021787154},observed.temp-1
reconstructed,temp-1,temp-1-1758914891361,1758914891.3610733,1758914891.3610733,1758914891.3610733,float,C,22.27792021787154,21.40320334075006,observed,1.0,False,observed,SimulatedDroppingStream,{'ground_truth': 22.27792021787154},reconstructed.temp-1
groundtruth,temp-1,temp-1-1758915026361,1758915026.3615339,1758915026.3615339,1758915026.3615339,float,C,27.795391577353108,,,,,groundtruth,GroundTruthStream,{'ground_truth': 27.795391577353108},groundtruth.temp-1
observed,temp-1,temp-1-1758914892350,1758914892.3505595,1758914892.3505595,1758914892.3505595,float,C,28.861216684464093,,,,,observed,SimulatedDroppingStream,{'ground_truth': 28.861216684464093},observed.temp-1
reconstructed,temp-1,temp-1-1758914892350,1758914892.3505595,1758914892.3505595,1758914892.3505595,float,C,28.861216684464093,28.41015334080917,observed,1.0,False,observed,SimulatedDroppingStream,{'ground_truth': 28.861216684464093},reconstructed.temp-1
groundtruth,temp-1,temp-1-1758915027360,1758915027.360388,1758915027.360388,1758915027.360388,float,C,28.235009093479928,,,,,groundtruth,GroundTruthStream,{'ground_truth': 28.235009093479928},groundtruth.temp-1
observed,temp-1,temp-1-1758914893347,1758914893.347659,1758914893.3500068,1758914893.347659,float,C,,,,,,missing,SimulatedDroppingStream,{},observed.temp-1
reconstructed,temp-1,temp-1-1758914893347,1758914893.347659,1758914893.3500068,1758914893.347659,float,C,37.28949175477481,37.28949175477481,KalmanFilter,0.5841605579921723,True,reconstructed,SimulatedDroppingStream,{},reconstructed.temp-1
groundtruth,temp-1,temp-1-1758915028357,1758915028.3575752,1758915028.3575752,1758915028.3575752,float,C,25.558801818096896,,,,,groundtruth,GroundTruthStream,{'ground_truth': 25.558801818096896},groundtruth.temp-1
observed,temp-1,temp-1-1758914894363,1758914894.3636298,1758914894.3636298,1758914894.3636298,float,C,16.731611644649586,,,,,observed,SimulatedDroppingStream,{'ground_truth': 16.731611644649586},observed.temp-1
reconstructed,temp-1,temp-1-1758914894363,1758914894.3636298,1758914894.3636298,1758914894.3636298,float,C,16.731611644649586,17.728272564171437,observed,1.0,False,observed,SimulatedDroppingStream,{'ground_truth': 16.731611644649586},reconstructed.temp-1
groundtruth,temp-1,temp-1-1758915029361,1758915029.3610158,1758915029.3610158,1758915029.3610158,float,C,24.017405565074863,,,,,groundtruth,GroundTruthStream,{'ground_truth': 24.017405565074863},groundtruth.temp-1
observed,temp-1,temp-1-1758914895350,1758914895.3501666,1758914895.3501666,1758914895.3501666,float,C,19.44383693868084,,,,,observed,SimulatedDroppingStream,{'ground_truth': 19.44383693868084},observed.temp-1
reconstructed,temp-1,temp-1-1758914895350,1758914895.3501666,1758914895.3501666,1758914895.3501666,float,C,19.44383693868084,18.223905222233107,observed,1.0,False,observed,SimulatedDroppingStream,{'ground_truth': 19.44383693868084},reconstructed.temp-1
groundtruth,temp-1,temp-1-1758915030359,1758915030.3596764,1758915030.3596764,1758915030.3596764,float,C,22.750352551225365,,,,,groundtruth,GroundTruthStream,{'ground_truth': 22.750352551225365},groundtruth.temp-1
observed,temp-1,temp-1-1758914896360,1758914896.3609135,1758914896.3609135,1758914896.3609135,float,C,19.590202974239364,,,,,observed,SimulatedDroppingStream,{'ground_truth': 19.590202974239364},observed.temp-1
reconstructed,temp-1,temp-1-1758914896360,1758914896.3609135,1758914896.3609135,1758914896.3609135,float,C,19.590202974239364,19.118787595009636,observed,1.0,False,observed,SimulatedDroppingStream,{'ground_truth': 19.590202974239364},reconstructed.temp-1
groundtruth,temp-1,temp-1-1758915031357,1758915031.3571281,1758915031.3571281,1758915031.3571281,float,C,26.875886833503866,,,,,groundtruth,GroundTruthStream,{'ground_truth': 26.875886833503866},groundtruth.temp-1
observed,temp-1,temp-1-1758914897352,1758914897.3525143,1758914897.3525143,1758914897.3525143,float,C,29.012615361335193,,,,,observed,SimulatedDroppingStream,{'ground_truth': 29.012615361335193},observed.temp-1
reconstructed,temp-1,temp-1-1758914897352,1758914897.3525143,1758914897.3525143,1758914897.3525143,float,C,29.012615361335193,27.821569418651357,observed,1.0,False,observed,SimulatedDroppingStream,{'ground_truth': 29.012615361335193},reconstructed.temp-1
groundtruth,temp-1,temp-1-1758915033348,1758915033.3486388,1758915033.3486388,1758915033.3486388,float,C,16.532082159199593,,,,,groundtruth,GroundTruthStream,{'ground_truth': 16.532082159199593},groundtruth.temp-1
observed,temp-1,temp-1-1758914898358,1758914898.3581517,1758914898.3581517,1758914898.3581517,float,C,16.055650578253076,,,,,observed,SimulatedDroppingStream,{'ground_truth': 16.055650578253076},observed.temp-1
reconstructed,temp-1,temp-1-1758914898358,1758914898.3581517,1758914898.3581517,1758914898.3581517,float,C,16.055650578253076,18.745819193858736,observed,1.0,False,observed,SimulatedDroppingStream,{'ground_truth': 16.055650578253076},reconstructed.temp-1
groundtruth,temp-1,temp-1-1758915035350,1758915035.3502402,1758915035.3502402,1758915035.3502402,float,C,23.102372712630608,,,,,groundtruth,GroundTruthStream,{'ground_truth': 23.102372712630608},groundtruth.temp-1
observed,temp-1,temp-1-1758914899347,1758914899.347659,1758914899.3602207,1758914899.347659,float,C,,,,,,missing,SimulatedDroppingStream,{},observed.temp-1
reconstructed,temp-1,temp-1-1758914899347,1758914899.347659,1758914899.3602207,1758914899.347659,float,C,13.380027835442045,13.380027835442045,KalmanFilter,0.5972824118300737,True,reconstructed,SimulatedDroppingStream,{},reconstructed.temp-1
groundtruth,temp-1,temp-1-1758915036354,1758915036.354277,1758915036.354277,1758915036.354277,float,C,23.943540730288063,,,,,groundtruth,GroundTruthStream,{'ground_truth': 23.943540730288063},groundtruth.temp-1
observed,temp-1,temp-1-1758914900352,1758914900.3526566,1758914900.3526566,1758914900.3526566,float,C,28.3302270152027,,,,,observed,SimulatedDroppingStream,{'ground_truth': 28.3302270152027},observed.temp-1
reconstructed,temp-1,temp-1-1758914900352,1758914900.3526566,1758914900.3526566,1758914900.3526566,float,C,28.3302270152027,27.58818218192268,observed,1.0,False,observed,SimulatedDroppingStream,{'ground_truth': 28.3302270152027},reconstructed.temp-1
groundtruth,temp-1,temp-1-1758915038359,1758915038.359807,1758915038.359807,1758915038.359807,float,C,15.814024049481787,,,,,groundtruth,GroundTruthStream,{'ground_truth': 15.814024049481787},groundtruth.temp-1
observed,temp-1,temp-1-1758914901348,1758914901.3487902,1758914901.3487902,1758914901.3487902,float,C,23.592413233416266,,,,,observed,SimulatedDroppingStream,{'ground_truth': 23.592413233416266},observed.temp-1
reconstructed,temp-1,temp-1-1758914901348,1758914901.3487902,1758914901.3487902,1758914901.3487902,float,C,23.592413233416266,24.843362634892586,observed,1.0,False,observed,SimulatedDroppingStream,{'ground_truth': 23.592413233416266},reconstructed.temp-1
groundtruth,temp-1,temp-1-1758915043353,1758915043.35399,1758915043.35399,1758915043.35399,float,C,22.278017017477904,,,,,groundtruth,GroundTruthStream,{'ground_truth': 22.278017017477904},groundtruth.temp-1
observed,temp-1,temp-1-1758914902351,1758914902.3512938,1758914902.3512938,1758914902.3512938,float,C,27.92258598234855,,,,,observed,SimulatedDroppingStream,{'ground_truth': 27.92258598234855},observed.temp-1
reconstructed,temp-1,temp-1-1758914902351,1758914902.3512938,1758914902.3512938,1758914902.3512938,float,C,27.92258598234855,27.438953704074354,observed,1.0,False,observed,SimulatedDroppingStream,{'ground_truth': 27.92258598234855},reconstructed.temp-1
groundtruth,temp-1,temp-1-1758915045361,1758915045.3610668,1758915045.3610668,1758915045.3610668,float,C,18.14781714219544,,,,,groundtruth,GroundTruthStream,{'ground_truth': 18.14781714219544},groundtruth.temp-1
observed,temp-1,temp-1-1758914903347,1758914903.347659,1758914903.3619509,1758914903.347659,float,C,,,,,,missing,SimulatedDroppingStream,{},observed.temp-1
reconstructed,temp-1,temp-1-1758914903347,1758914903.347659,1758914903.3619509,1758914903.347659,float,C,29.17324435642099,29.17324435642099,KalmanFilter,0.592922162925905,True,reconstructed,SimulatedDroppingStream,{},reconstructed.temp-1
groundtruth,temp-1,temp-1-1758915046357,1758915046.3576572,1758915046.3576572,1758915046.3576572,float,C,23.006425785434693,,,,,groundtruth,GroundTruthStream,{'ground_truth': 23.006425785434693},groundtruth.temp-1
observed,temp-1,temp-1-1758914904348,1758914904.348874,1758914904.348874,1758914904.348874,float,C,17.09395474449876,,,,,observed,SimulatedDroppingStream,{'ground_truth': 17.09395474449876},observed.temp-1
reconstructed,temp-1,temp-1-1758914904348,1758914904.348874,1758914904.348874,1758914904.348874,float,C,17.09395474449876,17.548746415026027,observed,1.0,False,observed,SimulatedDroppingStream,{'ground_truth': 17.09395474449876},reconstructed.temp-1
groundtruth,temp-1,temp-1-1758915048358,1758915048.3582542,1758915048.3582542,1758915048.3582542,float,C,17.098407377523703,,,,,groundtruth,GroundTruthStream,{'ground_truth': 17.098407377523703},groundtruth.temp-1
observed,temp-1,temp-1-1758914905361,1758914905.36176,1758914905.36176,1758914905.36176,float,C,19.509292214886948,,,,,observed,SimulatedDroppingStream,{'ground_truth': 19.509292214886948},observed.temp-1
reconstructed,temp-1,temp-1-1758914905361,1758914905.36176,1758914905.36176,1758914905.36176,float,C,19.509292214886948,18.292767463739516,observed,1.0,False,observed,SimulatedDroppingStream,{'ground_truth': 19.509292214886948},reconstructed.temp-1
groundtruth,temp-1,temp-1-1758915050349,1758915050.3495128,1758915050.3495128,1758915050.3495128,float,C,29.314793507461907,,,,,groundtruth,GroundTruthStream,{'ground_truth': 29.314793507461907},groundtruth.temp-1
observed,temp-1,temp-1-1758914906360,1758914906.3601234,1758914906.3601234,1758914906.3601234,float,C,27.950019848488253,,,,,observed,SimulatedDroppingStream,{'ground_truth': 27.950019848488253},observed.temp-1
reconstructed,temp-1,temp-1-1758914906360,1758914906.3601234,1758914906.3601234,1758914906.3601234,float,C,27.950019848488253,26.557634014427272,observed,1.0,False,observed,SimulatedDroppingStream,{'ground_truth': 27.950019848488253},reconstructed.temp-1
groundtruth,temp-1,temp-1-1758915052363,1758915052.3638046,1758915052.3638046,1758915052.3638046,float,C,23.984711708612807,,,,,groundtruth,GroundTruthStream,{'ground_truth': 23.984711708612807},groundtruth.temp-1
observed,temp-1,temp-1-1758914907363,1758914907.3634248,1758914907.3634248,1758914907.3634248,float,C,29.956389096169488,,,,,observed,SimulatedDroppingStream,{'ground_truth': 29.956389096169488},observed.temp-1
reconstructed,temp-1,temp-1-1758914907363,1758914907.3634248,1758914907.3634248,1758914907.3634248,float,C,29.956389096169488,30.581252436862485,observed,1.0,False,observed,SimulatedDroppingStream,{'ground_truth': 29.956389096169488},reconstructed.temp-1
groundtruth,temp-1,temp-1-1758915053351,1758915053.3518267,1758915053.3518267,1758915053.3518267,float,C,21.80669918848481,,,,,groundtruth,GroundTruthStream,{'ground_truth': 21.80669918848481},groundtruth.temp-1
observed,temp-1,temp-1-1758914908351,1758914908.3511312,1758914908.3511312,1758914908.3511312,float,C,18.15302290799573,,,,,observed,SimulatedDroppingStream,{'ground_truth': 18.15302290799573},observed.temp-1
reconstructed,temp-1,temp-1-1758914908351,1758914908.3511312,1758914908.3511312,1758914908.3511312,float,C,18.15302290799573,20.70401580927301,observed,1.0,False,observed,SimulatedDroppingStream,{'ground_truth': 18.15302290799573},reconstructed.temp-1
groundtruth,temp-1,temp-1-1758915054361,1758915054.3615367,1758915054.3615367,1758915054.3615367,float,C,29.34772969639967,,,,,groundtruth,GroundTruthStream,{'ground_truth': 29.34772969639967},groundtruth.temp-1
observed,temp-1,temp-1-1758914909350,1758914909.3504508,1758914909.3504508,1758914909.3504508,float,C,22.396052300380074,,,,,observed,SimulatedDroppingStream,{'ground_truth': 22.396052300380074},observed.temp-1
reconstructed,temp-1,temp-1-1758914909350,1758914909.3504508,1758914909.3504508,1758914909.3504508,float,C,22.396052300380074,21.23031597211515,observed,1.0,False,observed,SimulatedDroppingStream,{'ground_truth': 22.396052300380074},reconstructed.temp-1
groundtruth,temp-1,temp-1-1758915056356,1758915056.3564785,1758915056.3564785,1758915056.3564785,float,C,20.363159433749573,,,,,groundtruth,GroundTruthStream,{'ground_truth': 20.363159433749573},groundtruth.temp-1
observed,temp-1,temp-1-1758914910347,1758914910.347659,1758914910.3511882,1758914910.347659,float,C,,,,,,missing,SimulatedDroppingStream,{},observed.temp-1
reconstructed,temp-1,temp-1-1758914910347,1758914910.347659,1758914910.3511882,1758914910.347659,float,C,18.374454082592823,18.374454082592823,KalmanFilter,0.5971798048716892,True,reconstructed,SimulatedDroppingStream,{},reconstructed.temp-1
groundtruth,temp-1,temp-1-1758915057362,1758915057.362261,1758915057.362261,1758915057.362261,float,C,17.321134878517103,,,,,groundtruth,GroundTruthStream,{'ground_truth': 17.321134878517103},groundtruth.temp-1
observed,temp-1,temp-1-1758914911362,1758914911.3629732,1758914911.3629732,1758914911.3629732,float,C,20.66767188741881,,,,,observed,SimulatedDroppingStream,{'ground_truth': 20.66767188741881},observed.temp-1
reconstructed,temp-1,temp-1-1758914911362,1758914911.3629732,1758914911.3629732,1758914911.3629732,float,C,20.66767188741881,20.471832747924694,observed,1.0,False,observed,SimulatedDroppingStream,{'ground_truth': 20.66767188741881},reconstructed.temp-1
groundtruth,temp-1,temp-1-1758915060360,1758915060.3607988,1758915060.3607988,1758915060.3607988,float,C,17.444458474225122,,,,,groundtruth,GroundTruthStream,{'ground_truth': 17.444458474225122},groundtruth.temp-1
observed,temp-1,temp-1-1758914912357,1758914912.3578389,1758914912.3578389,1758914912.3578389,float,C,17.721597994025355,,,,,observed,SimulatedDroppingStream,{'ground_truth': 17.721597994025355},observed.temp-1
reconstructed,temp-1,temp-1-1758914912357,1758914912.3578389,1758914912.3578389,1758914912.3578389,float,C,17.721597994025355,18.02979076711779,observed,1.0,False,observed,SimulatedDroppingStream,{'ground_truth': 17.721597994025355},reconstructed.temp-1
groundtruth,temp-1,temp-1-1758915061357,1758915061.3579123,1758915061.3579123,1758915061.3579123,float,C,20.175347080971587,,,,,groundtruth,GroundTruthStream,{'ground_truth': 20.175347080971587},groundtruth.temp-1
observed,temp-1,temp-1-1758914913352,1758914913.3523579,1758914913.3523579,1758914913.3523579,float,C,15.532880485205412,,,,,observed,SimulatedDroppingStream,{'ground_truth': 15.532880485205412},observed.temp-1
reconstructed,temp-1,temp-1-1758914913352,1758914913.3523579,1758914913.3523579,1758914913.3523579,float,C,15.532880485205412,15.574734313115156,observed,1.0,False,observed,SimulatedDroppingStream,{'ground_truth': 15.532880485205412},reconstructed.temp-1
groundtruth,temp-1,temp-1-1758915062359,1758915062.3597882,1758915062.3597882,1758915062.3597882,float,C,15.63135342350822,,,,,groundtruth,GroundTruthStream,{'ground_truth': 15.63135342350822},groundtruth.temp-1
observed,temp-1,temp-1-1758914914356,1758914914.3563485,1758914914.3563485,1758914914.3563485,float,C,24.661574944486023,,,,,observed,SimulatedDroppingStream,{'ground_truth': 24.661574944486023},observed.temp-1
reconstructed,temp-1,temp-1-1758914914356,1758914914.3563485,1758914914.3563485,1758914914.3563485,float,C,24.661574944486023,23.146502316696377,observed,1.0,False,observed,SimulatedDroppingStream,{'ground_truth': 24.661574944486023},reconstructed.temp-1
groundtruth,temp-1,temp-1-1758915063351,1758915063.3513806,1758915063.3513806,1758915063.3513806,float,C,15.708944995551775,,,,,groundtruth,GroundTruthStream,{'ground_truth': 15.708944995551775},groundtruth.temp-1
observed,temp-1,temp-1-1758914915352,1758914915.3521967,1758914915.3521967,1758914915.3521967,float,C,24.86748598176687,,,,,observed,SimulatedDroppingStream,{'ground_truth': 24.86748598176687},observed.temp-1
reconstructed,temp-1,temp-1-1758914915352,1758914915.3521967,1758914915.3521967,1758914915.3521967,float,C,24.86748598176687,25.51330113502412,observed,1.0,False,observed,SimulatedDroppingStream,{'ground_truth': 24.86748598176687},reconstructed.temp-1
groundtruth,temp-1,temp-1-1758915064361,1758915064.3619463,1758915064.3619463,1758915064.3619463,float,C,27.207699914437597,,,,,groundtruth,GroundTruthStream,{'ground_truth': 27.207699914437597},groundtruth.temp-1
observed,temp-1,temp-1-1758914916360,1758914916.3609622,1758914916.3609622,1758914916.3609622,float,C,22.830351009663737,,,,,observed,SimulatedDroppingStream,{'ground_truth': 22.830351009663737},observed.temp-1
reconstructed,temp-1,temp-1-1758914916360,1758914916.3609622,1758914916.3609622,1758914916.3609622,float,C,22.830351009663737,23.831654665656096,observed,1.0,False,observed,SimulatedDroppingStream,{'ground_truth': 22.830351009663737},reconstructed.temp-1
groundtruth,temp-1,temp-1-1758915067357,1758915067.3576713,1758915067.3576713,1758915067.3576713,float,C,20.91492017486012,,,,,groundtruth,GroundTruthStream,{'ground_truth': 20.91492017486012},groundtruth.temp-1
observed,temp-1,temp-1-1758914917356,1758914917.356992,1758914917.356992,1758914917.356992,float,C,19.076943647208594,,,,,observed,SimulatedDroppingStream,{'ground_truth': 19.076943647208594},observed.temp-1
reconstructed,temp-1,temp-1-1758914917356,1758914917.356992,1758914917.356992,1758914917.356992,float,C,19.076943647208594,19.66889968869497,observed,1.0,False,observed,SimulatedDroppingStream,{'ground_truth': 19.076943647208594},reconstructed.temp-1
groundtruth,temp-1,temp-1-1758915070354,1758915070.354332,1758915070.354332,1758915070.354332,float,C,21.701220830446815,,,,,groundtruth,GroundTruthStream,{'ground_truth': 21.701220830446815},groundtruth.temp-1
observed,temp-1,temp-1-1758914918356,1758914918.35642,1758914918.35642,1758914918.35642,float,C,18.76424850105935,,,,,observed,SimulatedDroppingStream,{'ground_truth': 18.76424850105935},observed.temp-1
reconstructed,temp-1,temp-1-1758914918356,1758914918.35642,1758914918.35642,1758914918.35642,float,C,18.76424850105935,18.271268619065815,observed,1.0,False,observed,SimulatedDroppingStream,{'ground_truth': 18.76424850105935},reconstructed.temp-1
groundtruth,temp-1,temp-1-1758915071348,1758915071.348906,1758915071.348906,1758915071.348906,float,C,24.323547694615918,,,,,groundtruth,GroundTruthStream,{'ground_truth': 24.323547694615918},groundtruth.temp-1
observed,temp-1,temp-1-1758914919349,1758914919.3492124,1758914919.3492124,1758914919.3492124,float,C,17.210471372294364,,,,,observed,SimulatedDroppingStream,{'ground_truth': 17.210471372294364},observed.temp-1
reconstructed,temp-1,temp-1-1758914919349,1758914919.3492124,1758914919.3492124,1758914919.3492124,float,C,17.210471372294364,16.910239206467168,observed,1.0,False,observed,SimulatedDroppingStream,{'ground_truth': 17.210471372294364},reconstructed.temp-1
groundtruth,temp-1,temp-1-1758915072358,1758915072.3584394,1758915072.3584394,1758915072.3584394,float,C,18.674504685065116,,,,,groundtruth,GroundTruthStream,{'ground_truth': 18.674504685065116},groundtruth.temp-1
observed,temp-1,temp-1-1758914920347,1758914920.347659,1758914920.3605971,1758914920.347659,float,C,,,,,,missing,SimulatedDroppingStream,{},observed.temp-1
reconstructed,temp-1,temp-1-1758914920347,1758914920.347659,1758914920.3605971,1758914920.347659,float,C,14.579444993911094,14.579444993911094,KalmanFilter,0.5974366425887979,True,reconstructed,SimulatedDroppingStream,{},reconstructed.temp-1
groundtruth,temp-1,temp-1-1758915073360,1758915073.360859,1758915073.360859,1758915073.360859,float,C,28.948432374712752,,,,,groundtruth,GroundTruthStream,{'ground_truth': 28.948432374712752},groundtruth.temp-1
observed,temp-1,temp-1-1758914921347,1758914921.347659,1758914921.3619602,1758914921.347659,float,C,,,,,,missing,SimulatedDroppingStream,{},observed.temp-1
reconstructed,temp-1,temp-1-1758914921347,1758914921.347659,1758914921.3619602,1758914921.347659,float,C,11.94249568311302,11.94249568311302,KalmanFilter,0.254010155229091,True,reconstructed,SimulatedDroppingStream,{},reconstructed.temp-1
groundtruth,temp-1,temp-1-1758915074362,1758915074.3621545,1758915074.3621545,1758915074.3621545,float,C,22.066060636495138,,,,,groundtruth,GroundTruthStream,{'ground_truth': 22.066060636495138},groundtruth.temp-1
observed,temp-1,temp-1-1758914922361,1758914922.3617575,1758914922.3617575,1758914922.3617575,float,C,19.70377372583881,,,,,observed,SimulatedDroppingStream,{'ground_truth': 19.70377372583881},observed.temp-1
reconstructed,temp-1,temp-1-1758914922361,1758914922.3617575,1758914922.3617575,1758914922.3617575,float,C,19.70377372583881,19.58639411991755,observed,1.0,False,observed,SimulatedDroppingStream,{'ground_truth': 19.70377372583881},reconstructed.temp-1
groundtruth,temp-1,temp-1-1758915075363,1758915075.3639839,1758915075.3639839,1758915075.3639839,float,C,24.217995997234112,,,,,groundtruth,GroundTruthStream,{'ground_truth': 24.217995997234112},groundtruth.temp-1
observed,temp-1,temp-1-1758914923347,1758914923.347659,1758914923.3574862,1758914923.347659,float,C,,,,,,missing,SimulatedDroppingStream,{},observed.temp-1
reconstructed,temp-1,temp-1-1758914923347,1758914923.347659,1758914923.3574862,1758914923.347659,float,C,22.230243759237318,22.230243759237318,KalmanFilter,0.5747193631473922,True,reconstructed,SimulatedDroppingStream,{},reconstructed.temp-1
groundtruth,temp-1,temp-1-1758915076361,1758915076.3619566,1758915076.3619566,1758915076.3619566,float,C,25.051127338615437,,,,,groundtruth,GroundTruthStream,{'ground_truth': 25.051127338615437},groundtruth.temp-1
observed,temp-1,temp-1-1758914924351,1758914924.3512816,1758914924.3512816,1758914924.3512816,float,C,20.032235111316098,,,,,observed,SimulatedDroppingStream,{'ground_truth': 20.032235111316098},observed.temp-1
reconstructed,temp-1,temp-1-1758914924351,1758914924.3512816,1758914924.3512816,1758914924.3512816,float,C,20.032235111316098,20.195019256903876,observed,1.0,False,observed,SimulatedDroppingStream,{'ground_truth': 20.032235111316098},reconstructed.temp-1
groundtruth,temp-1,temp-1-1758915077361,1758915077.3610268,1758915077.3610268,1758915077.3610268,float,C,23.87726411289804,,,,,groundtruth,GroundTruthStream,{'ground_truth': 23.87726411289804},groundtruth.temp-1
observed,temp-1,temp-1-1758914925359,1758914925.359978,1758914925.359978,1758914925.359978,float,C,22.285634766748963,,,,,observed,SimulatedDroppingStream,{'ground_truth': 22.285634766748963},observed.temp-1
reconstructed,temp-1,temp-1-1758914925359,1758914925.359978,1758914925.359978,1758914925.359978,float,C,22.285634766748963,22.077799012637477,observed,1.0,False,observed,SimulatedDroppingStream,{'ground_truth': 22.285634766748963},reconstructed.temp-1
groundtruth,temp-1,temp-1-1758915079356,1758915079.3564155,1758915079.3564155,1758915079.3564155,float,C,19.958579450354378,,,,,groundtruth,GroundTruthStream,{'ground_truth': 19.958579450354378},groundtruth.temp-1
observed,temp-1,temp-1-1758914926356,1758914926.356972,1758914926.356972,1758914926.356972,float,C,29.60283860887388,,,,,observed,SimulatedDroppingStream,{'ground_truth': 29.60283860887388},observed.temp-1
reconstructed,temp-1,temp-1-1758914926356,1758914926.356972,1758914926.356972,1758914926.356972,float,C,29.60283860887388,28.89767376305391,observed,1.0,False,observed,SimulatedDroppingStream,{'ground_truth': 29.60283860887388},reconstructed.temp-1
groundtruth,temp-1,temp-1-1758915082361,1758915082.3614368,1758915082.3614368,1758915082.3614368,float,C,21.305871112557924,,,,,groundtruth,GroundTruthStream,{'ground_truth': 21.305871112557924},groundtruth.temp-1
observed,temp-1,temp-1-1758914927356,1758914927.3563392,1758914927.3563392,1758914927.3563392,float,C,18.96697724615346,,,,,observed,SimulatedDroppingStream,{'ground_truth': 18.96697724615346},observed.temp-1
reconstructed,temp-1,temp-1-1758914927356,1758914927.3563392,1758914927.3563392,1758914927.3563392,float,C,18.96697724615346,21.126742595085318,observed,1.0,False,observed,SimulatedDroppingStream,{'ground_truth': 18.96697724615346},reconstructed.temp-1
groundtruth,temp-1,temp-1-1758915083359,1758915083.35936,1758915083.35936,1758915083.35936,float,C,19.06583789772047,,,,,groundtruth,GroundTruthStream,{'ground_truth': 19.06583789772047},groundtruth.temp-1
observed,temp-1,temp-1-1758914928355,1758914928.355587,1758914928.355587,1758914928.355587,float,C,18.443985773976387,,,,,observed,SimulatedDroppingStream,{'ground_truth': 18.443985773976387},observed.temp-1
reconstructed,temp-1,temp-1-1758914928355,1758914928.355587,1758914928.355587,1758914928.355587,float,C,18.443985773976387,18.092250588582075,observed,1.0,False,observed,SimulatedDroppingStream,{'ground_truth': 18.443985773976387},reconstructed.temp-1
groundtruth,temp-1,temp-1-1758915084351,1758915084.3516865,1758915084.3516865,1758915084.3516865,float,C,28.5821908136676,,,,,groundtruth,GroundTruthStream,{'ground_truth': 28.5821908136676},groundtruth.temp-1
observed,temp-1,temp-1-1758914929352,1758914929.3527687,1758914929.3527687,1758914929.3527687,float,C,22.045118581993854,,,,,observed,SimulatedDroppingStream,{'ground_truth': 22.045118581993854},observed.temp-1
reconstructed,temp-1,temp-1-1758914929352,1758914929.3527687,1758914929.3527687,1758914929.3527687,float,C,22.045118581993854,20.81338404840364,observed,1.0,False,observed,SimulatedDroppingStream,{'ground_truth': 22.045118581993854},reconstructed.temp-1
groundtruth,temp-1,temp-1-1758915086356,1758915086.3565419,1758915086.3565419,1758915086.3565419,float,C,19.886918837488892,,,,,groundtruth,GroundTruthStream,{'ground_truth': 19.886918837488892},groundtruth.temp-1
observed,temp-1,temp-1-1758914930347,1758914930.347659,1758914930.359652,1758914930.347659,float,C,,,,,,missing,SimulatedDroppingStream,{},observed.temp-1
reconstructed,temp-1,temp-1-1758914930347,1758914930.347659,1758914930.359652,1758914930.347659,float,C,21.46261364889062,21.46261364889062,KalmanFilter,0.5971062548008969,True,reconstructed,SimulatedDroppingStream,{},reconstructed.temp-1
groundtruth,temp-1,temp-1-1758915087354,1758915087.3542306,1758915087.3542306,1758915087.3542306,float,C,16.191293150037815,,,,,groundtruth,GroundTruthStream,{'ground_truth': 16.191293150037815},groundtruth.temp-1
observed,temp-1,temp-1-1758914931360,1758914931.360501,1758914931.360501,1758914931.360501,float,C,21.58565483311854,,,,,observed,SimulatedDroppingStream,{'ground_truth': 21.58565483311854},observed.temp-1
reconstructed,temp-1,temp-1-1758914931360,1758914931.360501,1758914931.360501,1758914931.360501,float,C,21.58565483311854,21.624367077293293,observed,1.0,False,observed,SimulatedDroppingStream,{'ground_truth': 21.58565483311854},reconstructed.temp-1
groundtruth,temp-1,temp-1-1758915088356,1758915088.3561733,1758915088.3561733,1758915088.3561733,float,C,23.027483849654278,,,,,groundtruth,GroundTruthStream,{'ground_truth': 23.027483849654278},groundtruth.temp-1
observed,temp-1,temp-1-1758914932358,1758914932.358153,1758914932.358153,1758914932.358153,float,C,25.80886446241461,,,,,observed,SimulatedDroppingStream,{'ground_truth': 25.80886446241461},observed.temp-1
reconstructed,temp-1,temp-1-1758914932358,1758914932.358153,1758914932.358153,1758914932.358153,float,C,25.80886446241461,25.416774599906205,observed,1.0,False,observed,SimulatedDroppingStream,{'ground_truth': 25.80886446241461},reconstructed.temp-1
groundtruth,temp-1,temp-1-1758915091352,1758915091.3525057,1758915091.3525057,1758915091.3525057,float,C,21.24620402120172,,,,,groundtruth,GroundTruthStream,{'ground_truth': 21.24620402120172},groundtruth.temp-1
observed,temp-1,temp-1-1758914933357,1758914933.357872,1758914933.357872,1758914933.357872,float,C,23.30166048377024,,,,,observed,SimulatedDroppingStream,{'ground_truth': 23.30166048377024},observed.temp-1
reconstructed,temp-1,temp-1-1758914933357,1758914933.357872,1758914933.357872,1758914933.357872,float,C,23.30166048377024,24.077531722853927,observed,1.0,False,observed,SimulatedDroppingStream,{'ground_truth': 23.30166048377024},reconstructed.temp-1
groundtruth,temp-1,temp-1-1758915092363,1758915092.3638566,1758915092.3638566,1758915092.3638566,float,C,20.513543261625117,,,,,groundtruth,GroundTruthStream,{'ground_truth': 20.513543261625117},groundtruth.temp-1
observed,temp-1,temp-1-1758914934347,1758914934.347659,1758914934.3609831,1758914934.347659,float,C,,,,,,missing,SimulatedDroppingStream,{},observed.temp-1
reconstructed,temp-1,temp-1-1758914934347,1758914934.347659,1758914934.3609831,1758914934.347659,float,C,24.07046614419798,24.07046614419798,KalmanFilter,0.5929246627989926,True,reconstructed,SimulatedDroppingStream,{},reconstructed.temp-1
groundtruth,temp-1,temp-1-1758915093348,1758915093.3488073,1758915093.3488073,1758915093.3488073,float,C,26.580056177302353,,,,,groundtruth,GroundTruthStream,{'ground_truth': 26.580056177302353},groundtruth.temp-1
observed,temp-1,temp-1-1758914935349,1758914935.3492255,1758914935.3492255,1758914935.3492255,float,C,15.622071637327226,,,,,observed,SimulatedDroppingStream,{'ground_truth': 15.622071637327226},observed.temp-1
reconstructed,temp-1,temp-1-1758914935349,1758914935.3492255,1758914935.3492255,1758914935.3492255,float,C,15.622071637327226,15.8830052134476,observed,1.0,False,observed,SimulatedDroppingStream,{'ground_truth': 15.622071637327226},reconstructed.temp-1
groundtruth,temp-1,temp-1-1758915094360,1758915094.3605413,1758915094.3605413,1758915094.3605413,float,C,29.442778500021284,,,,,groundtruth,GroundTruthStream,{'ground_truth': 29.442778500021284},groundtruth.temp-1
observed,temp-1,temp-1-1758914936347,1758914936.347659,1758914936.3589563,1758914936.347659,float,C,,,,,,missing,SimulatedDroppingStream,{},observed.temp-1
reconstructed,temp-1,temp-1-1758914936347,1758914936.347659,1758914936.3589563,1758914936.347659,float,C,9.549673780244442,9.549673780244442,KalmanFilter,0.5962518682842578,True,reconstructed,SimulatedDroppingStream,{},reconstructed.temp-1
groundtruth,temp-1,temp-1-1758915095354,1758915095.354296,1758915095.354296,1758915095.354296,float,C,16.658138250731902,,,,,groundtruth,GroundTruthStream,{'ground_truth': 16.658138250731902},groundtruth.temp-1
observed,temp-1,temp-1-1758914937354,1758914937.3547175,1758914937.3547175,1758914937.3547175,float,C,26.3156829816306,,,,,observed,SimulatedDroppingStream,{'ground_truth': 26.3156829816306},observed.temp-1
reconstructed,temp-1,temp-1-1758914937354,1758914937.3547175,1758914937.3547175,1758914937.3547175,float,C,26.3156829816306,25.51871125502605,observed,1.0,False,observed,SimulatedDroppingStream,{'ground_truth': 26.3156829816306},reconstructed.temp-1
groundtruth,temp-1,temp-1-1758915096361,1758915096.3618255,1758915096.3618255,1758915096.3618255,float,C,26.854420562277674,,,,,groundtruth,GroundTruthStream,{'ground_truth': 26.854420562277674},groundtruth.temp-1
observed,temp-1,temp-1-1758914938349,1758914938.3490038,1758914938.3490038,1758914938.3490038,float,C,23.766517951842886,,,,,observed,SimulatedDroppingStream,{'ground_truth': 23.766517951842886},observed.temp-1
reconstructed,temp-1,temp-1-1758914938349,1758914938.3490038,1758914938.3490038,1758914938.3490038,float,C,23.766517951842886,24.9392512941224,observed,1.0,False,observed,SimulatedDroppingStream,{'ground_truth': 23.766517951842886},reconstructed.temp-1
groundtruth,temp-1,temp-1-1758915098351,1758915098.3510635,1758915098.3510635,1758915098.3510635,float,C,21.229645560843032,,,,,groundtruth,GroundTruthStream,{'ground_truth': 21.229645560843032},groundtruth.temp-1
observed,temp-1,temp-1-1758914939347,1758914939.347659,1758914939.352542,1758914939.347659,float,C,,,,,,missing,SimulatedDroppingStream,{},observed.temp-1
reconstructed,temp-1,temp-1-1758914939347,1758914939.347659,1758914939.352542,1758914939.347659,float,C,27.151085615032446,27.151085615032446,KalmanFilter,0.5833282261848399,True,reconstructed,SimulatedDroppingStream,{},reconstructed.temp-1
groundtruth,temp-1,temp-1-1758915099360,1758915099.3605194,1758915099.3605194,1758915099.3605194,float,C,21.085797911292314,,,,,groundtruth,GroundTruthStream,{'ground_truth': 21.085797911292314},groundtruth.temp-1
observed,temp-1,temp-1-1758914940350,1758914940.3503625,1758914940.3503625,1758914940.3503625,float,C,16.535551045425965,,,,,observed,SimulatedDroppingStream,{'ground_truth': 16.535551045425965},observed.temp-1
reconstructed,temp-1,temp-1-1758914940350,1758914940.3503625,1758914940.3503625,1758914940.3503625,float,C,16.535551045425965,16.93848590392456,observed,1.0,False,observed,SimulatedDroppingStream,{'ground_truth': 16.535551045425965},reconstructed.temp-1
groundtruth,temp-1,temp-1-1758915100358,1758915100.358273,1758915100.358273,1758915100.358273,float,C,15.030498990921071,,,,,groundtruth,GroundTruthStream,{'ground_truth': 15.030498990921071},groundtruth.temp-1
observed,temp-1,temp-1-1758914941363,1758914941.363976,1758914941.363976,1758914941.363976,float,C,29.320009674317063,,,,,observed,SimulatedDroppingStream,{'ground_truth': 29.320009674317063},observed.temp-1
reconstructed,temp-1,temp-1-1758914941363,1758914941.363976,1758914941.363976,1758914941.363976,float,C,29.320009674317063,26.91483486337235,observed,1.0,False,observed,SimulatedDroppingStream,{'ground_truth': 29.320009674317063},reconstructed.temp-1
groundtruth,temp-1,temp-1-1758915101351,1758915101.3510184,1758915101.3510184,1758915101.3510184,float,C,28.57559102263774,,,,,groundtruth,GroundTruthStream,{'ground_truth': 28.57559102263774},groundtruth.temp-1
observed,temp-1,temp-1-1758914942353,1758914942.35336,1758914942.35336,1758914942.35336,float,C,17.892054158337842,,,,,observed,SimulatedDroppingStream,{'ground_truth': 17.892054158337842},observed.temp-1
reconstructed,temp-1,temp-1-1758914942353,1758914942.35336,1758914942.35336,1758914942.35336,float,C,17.892054158337842,19.938138499729455,observed,1.0,False,observed,SimulatedDroppingStream,{'ground_truth': 17.892054158337842},reconstructed.temp-1
groundtruth,temp-1,temp-1-1758915102362,1758915102.3620684,1758915102.3620684,1758915102.3620684,float,C,27.670262790721488,,,,,groundtruth,GroundTruthStream,{'ground_truth': 27.670262790721488},groundtruth.temp-1
observed,temp-1,temp-1-1758914943362,1758914943.3625412,1758914943.3625412,1758914943.3625412,float,C,22.38938080350189,,,,,observed,SimulatedDroppingStream,{'ground_truth': 22.38938080350189},observed.temp-1
reconstructed,temp-1,temp-1-1758914943362,1758914943.3625412,1758914943.3625412,1758914943.3625412,float,C,22.38938080350189,21.581728029702163,observed,1.0,False,observed,SimulatedDroppingStream,{'ground_truth': 22.38938080350189},reconstructed.temp-1
groundtruth,temp-1,temp-1-1758915104349,1758915104.3491852,1758915104.3491852,1758915104.3491852,float,C,24.383609691532797,,,,,groundtruth,GroundTruthStream,{'ground_truth': 24.383609691532797},groundtruth.temp-1
observed,temp-1,temp-1-1758914944357,1758914944.357018,1758914944.357018,1758914944.357018,float,C,24.807582168683567,,,,,observed,SimulatedDroppingStream,{'ground_truth': 24.807582168683567},observed.temp-1
reconstructed,temp-1,temp-1-1758914944357,1758914944.357018,1758914944.357018,1758914944.357018,float,C,24.807582168683567,24.38613306637069,observed,1.0,False,observed,SimulatedDroppingStream,{'ground_truth': 24.807582168683567},reconstructed.temp-1
groundtruth,temp-1,temp-1-1758915105356,1758915105.3568525,1758915105.3568525,1758915105.3568525,float,C,17.828329218233673,,,,,groundtruth,GroundTruthStream,{'ground_truth': 17.828329218233673},groundtruth.temp-1
observed,temp-1,temp-1-1758914945357,1758914945.3579352,1758914945.3579352,1758914945.3579352,float,C,26.23825387434189,,,,,observed,SimulatedDroppingStream,{'ground_truth': 26.23825387434189},observed.temp-1
reconstructed,temp-1,temp-1-1758914945357,1758914945.3579352,1758914945.3579352,1758914945.3579352,float,C,26.23825387434189,26.363840133176577,observed,1.0,False,observed,SimulatedDroppingStream,{'ground_truth': 26.23825387434189},reconstructed.temp-1
groundtruth,temp-1,temp-1-1758915106350,1758915106.3507981,1758915106.3507981,1758915106.3507981,float,C,29.824925123340677,,,,,groundtruth,GroundTruthStream,{'ground_truth': 29.824925123340677},groundtruth.temp-1
observed,temp-1,temp-1-1758914946347,1758914946.347659,1758914946.3578165,1758914946.347659,float,C,,,,,,missing,SimulatedDroppingStream,{},observed.temp-1
reconstructed,temp-1,temp-1-1758914946347,1758914946.347659,1758914946.3578165,1758914946.347659,float,C,29.324912300976337,29.324912300976337,KalmanFilter,0.5971783471744142,True,reconstructed,SimulatedDroppingStream,{},reconstructed.temp-1
groundtruth,temp-1,temp-1-1758915107360,1758915107.3609695,1758915107.3609695,1758915107.3609695,float,C,29.63567562987083,,,,,groundtruth,GroundTruthStream,{'ground_truth': 29.63567562987083},groundtruth.temp-1
observed,temp-1,temp-1-1758914947358,1758914947.358712,1758914947.358712,1758914947.358712,float,C,29.304373114543537,,,,,observed,SimulatedDroppingStream,{'ground_truth': 29.304373114543537},observed.temp-1
reconstructed,temp-1,temp-1-1758914947358,1758914947.358712,1758914947.358712,1758914947.358712,float,C,29.304373114543537,29.4256303039475,observed,1.0,False,observed,SimulatedDroppingStream,{'ground_truth': 29.304373114543537},reconstructed.temp-1
groundtruth,temp-1,temp-1-1758915109353,1758915109.3530905,1758915109.3530905,1758915109.3530905,float,C,18.52149871611961,,,,,groundtruth,GroundTruthStream,{'ground_truth': 18.52149871611961},groundtruth.temp-1
observed,temp-1,temp-1-1758914948360,1758914948.3606544,1758914948.3606544,1758914948.3606544,float,C,21.179662130354565,,,,,observed,SimulatedDroppingStream,{'ground_truth': 21.179662130354565},observed.temp-1
reconstructed,temp-1,temp-1-1758914948360,1758914948.3606544,1758914948.3606544,1758914948.3606544,float,C,21.179662130354565,22.47637457243003,observed,1.0,False,observed,SimulatedDroppingStream,{'ground_truth': 21.179662130354565},reconstructed.temp-1
groundtruth,temp-1,temp-1-1758915110362,1758915110.3622665,1758915110.3622665,1758915110.3622665,float,C,27.116071239302315,,,,,groundtruth,GroundTruthStream,{'ground_truth': 27.116071239302315},groundtruth.temp-1
observed,temp-1,temp-1-1758914949361,1758914949.3618336,1758914949.3618336,1758914949.3618336,float,C,16.828237653909415,,,,,observed,SimulatedDroppingStream,{'ground_truth': 16.828237653909415},observed.temp-1
reconstructed,temp-1,temp-1-1758914949361,1758914949.3618336,1758914949.3618336,1758914949.3618336,float,C,16.828237653909415,16.698624753098784,observed,1.0,False,observed,SimulatedDroppingStream,{'ground_truth': 16.828237653909415},reconstructed.temp-1
groundtruth,temp-1,temp-1-1758915112356,1758915112.3569045,1758915112.3569045,1758915112.3569045,float,C,22.555406483650433,,,,,groundtruth,GroundTruthStream,{'ground_truth': 22.555406483650433},groundtruth.temp-1
observed,temp-1,temp-1-1758914950347,1758914950.347659,1758914950.357215,1758914950.347659,float,C,,,,,,missing,SimulatedDroppingStream,{},observed.temp-1
reconstructed,temp-1,temp-1-1758914950347,1758914950.347659,1758914950.357215,1758914950.347659,float,C,8.356057242533817,8.356057242533817,KalmanFilter,0.5929256148542708,True,reconstructed,SimulatedDroppingStream,{},reconstructed.temp-1
groundtruth,temp-1,temp-1-1758915113359,1758915113.3596907,1758915113.3596907,1758915113.3596907,float,C,25.785911275026194,,,,,groundtruth,GroundTruthStream,{'ground_truth': 25.785911275026194},groundtruth.temp-1
observed,temp-1,temp-1-1758914951347,1758914951.347659,1758914951.351926,1758914951.347659,float,C,,,,,,missing,SimulatedDroppingStream,{},observed.temp-1
reconstructed,temp-1,temp-1-1758914951347,1758914951.347659,1758914951.351926,1758914951.347659,float,C,-2.263128504554338,-2.263128504554338,KalmanFilter,0.25097743031295217,True,reconstructed,SimulatedDroppingStream,{},reconstructed.temp-1
groundtruth,temp-1,temp-1-1758915115355,1758915115.3559926,1758915115.3559926,1758915115.3559926,float,C,22.788457018984495,,,,,groundtruth,GroundTruthStream,{'ground_truth': 22.788457018984495},groundtruth.temp-1
observed,temp-1,temp-1-1758914952347,1758914952.347659,1758914952.3499804,1758914952.347659,float,C,,,,,,missing,SimulatedDroppingStream,{},observed.temp-1
reconstructed,temp-1,temp-1-1758914952347,1758914952.347659,1758914952.3499804,1758914952.347659,float,C,-15.15893248816568,-15.15893248816568,KalmanFilter,0.09866617773811119,True,reconstructed,SimulatedDroppingStream,{},reconstructed.temp-1
groundtruth,temp-1,temp-1-1758915117349,1758915117.349632,1758915117.349632,1758915117.349632,float,C,17.888958506480567,,,,,groundtruth,GroundTruthStream,{'ground_truth': 17.888958506480567},groundtruth.temp-1
observed,temp-1,temp-1-1758914953349,1758914953.3498118,1758914953.3498118,1758914953.3498118,float,C,18.21204848507027,,,,,observed,SimulatedDroppingStream,{'ground_truth': 18.21204848507027},observed.temp-1
reconstructed,temp-1,temp-1-1758914953349,1758914953.3498118,1758914953.3498118,1758914953.3498118,float,C,18.21204848507027,17.998059901222184,observed,1.0,False,observed,SimulatedDroppingStream,{'ground_truth': 18.21204848507027},reconstructed.temp-1
groundtruth,temp-1,temp-1-1758915118362,1758915118.3622932,1758915118.3622932,1758915118.3622932,float,C,28.68438680325867,,,,,groundtruth,GroundTruthStream,{'ground_truth': 28.68438680325867},groundtruth.temp-1
observed,temp-1,temp-1-1758914954354,1758914954.3540308,1758914954.3540308,1758914954.3540308,float,C,20.276508800742317,,,,,observed,SimulatedDroppingStream,{'ground_truth': 20.276508800742317},observed.temp-1
reconstructed,temp-1,temp-1-1758914954354,1758914954.3540308,1758914954.3540308,1758914954.3540308,float,C,20.276508800742317,20.50172024486329,observed,1.0,False,observed,SimulatedDroppingStream,{'ground_truth': 20.276508800742317},reconstructed.temp-1
groundtruth,temp-1,temp-1-1758915119363,1758915119.363195,1758915119.363195,1758915119.363195,float,C,23.46344792164482,,,,,groundtruth,GroundTruthStream,{'ground_truth': 23.46344792164482},groundtruth.temp-1
observed,temp-1,temp-1-1758914955354,1758914955.3542893,1758914955.3542893,1758914955.3542893,float,C,22.05701942401528,,,,,observed,SimulatedDroppingStream,{'ground_truth': 22.05701942401528},observed.temp-1
reconstructed,temp-1,temp-1-1758914955354,1758914955.3542893,1758914955.3542893,1758914955.3542893,float,C,22.05701942401528,22.338215327248616,observed,1.0,False,observed,SimulatedDroppingStream,{'ground_truth': 22.05701942401528},reconstructed.temp-1
groundtruth,temp-1,temp-1-1758915120361,1758915120.361429,1758915120.361429,1758915120.361429,float,C,16.68666939880246,,,,,groundtruth,GroundTruthStream,{'ground_truth': 16.68666939880246},groundtruth.temp-1
observed,temp-1,temp-1-1758914956347,1758914956.347659,1758914956.3541834,1758914956.347659,float,C,,,,,,missing,SimulatedDroppingStream,{},observed.temp-1
reconstructed,temp-1,temp-1-1758914956347,1758914956.347659,1758914956.3541834,1758914956.347659,float,C,25.376635321036503,25.376635321036503,KalmanFilter,0.5899803059880143,True,reconstructed,SimulatedDroppingStream,{},reconstructed.temp-1
groundtruth,temp-1,temp-1-1758915121361,1758915121.3612103,1758915121.3612103,1758915121.3612103,float,C,20.738201470138993,,,,,groundtruth,GroundTruthStream,{'ground_truth': 20.738201470138993},groundtruth.temp-1
observed,temp-1,temp-1-1758914957350,1758914957.3501432,1758914957.3501432,1758914957.3501432,float,C,26.68825070303481,,,,,observed,SimulatedDroppingStream,{'ground_truth': 26.68825070303481},observed.temp-1
reconstructed,temp-1,temp-1-1758914957350,1758914957.3501432,1758914957.3501432,1758914957.3501432,float,C,26.68825070303481,26.76105349037152,observed,1.0,False,observed,SimulatedDroppingStream,{'ground_truth': 26.68825070303481},reconstructed.temp-1
groundtruth,temp-1,temp-1-1758915122359,1758915122.3599389,1758915122.3599389,1758915122.3599389,float,C,23.81828976215235,,,,,groundtruth,GroundTruthStream,{'ground_truth': 23.81828976215235},groundtruth.temp-1
observed,temp-1,temp-1-1758914958362,1758914958.3626134,1758914958.3626134,1758914958.3626134,float,C,26.7899350971414,,,,,observed,SimulatedDroppingStream,{'ground_truth': 26.7899350971414},observed.temp-1
reconstructed,temp-1,temp-1-1758914958362,1758914958.3626134,1758914958.3626134,1758914958.3626134,float,C,26.7899350971414,27.112938460523864,observed,1.0,False,observed,SimulatedDroppingStream,{'ground_truth': 26.7899350971414},reconstructed.temp-1
groundtruth,temp-1,temp-1-1758915124360,1758915124.3603573,1758915124.3603573,1758915124.3603573,float,C,17.731712651543624,,,,,groundtruth,GroundTruthStream,{'ground_truth': 17.731712651543624},groundtruth.temp-1
observed,temp-1,temp-1-1758914959347,1758914959.347659,1758914959.3523736,1758914959.347659,float,C,,,,,,missing,SimulatedDroppingStream,{},observed.temp-1
reconstructed,temp-1,temp-1-1758914959347,1758914959.347659,1758914959.3523736,1758914959.347659,float,C,27.643454188215095,27.643454188215095,KalmanFilter,0.582655720265538,True,reconstructed,SimulatedDroppingStream,{},reconstructed.temp-1
groundtruth,temp-1,temp-1-1758915125362,1758915125.3627355,1758915125.3627355,1758915125.3627355,float,C,16.95643565067895,,,,,groundtruth,GroundTruthStream,{'ground_truth': 16.95643565067895},groundtruth.temp-1
observed,temp-1,temp-1-1758914960353,1758914960.3539891,1758914960.3539891,1758914960.3539891,float,C,21.316107296811946,,,,,observed,SimulatedDroppingStream,{'ground_truth': 21.316107296811946},observed.temp-1
reconstructed,temp-1,temp-1-1758914960353,1758914960.3539891,1758914960.3539891,1758914960.3539891,float,C,21.316107296811946,21.51049123937145,observed,1.0,False,observed,SimulatedDroppingStream,{'ground_truth': 21.316107296811946},reconstructed.temp-1
groundtruth,temp-1,temp-1-1758915126357,1758915126.3573353,1758915126.3573353,1758915126.3573353,float,C,23.903346896196943,,,,,groundtruth,GroundTruthStream,{'ground_truth': 23.903346896196943},groundtruth.temp-1
observed,temp-1,temp-1-1758914961347,1758914961.347659,1758914961.3621452,1758914961.347659,float,C,,,,,,missing,SimulatedDroppingStream,{},observed.temp-1
reconstructed,temp-1,temp-1-1758914961347,1758914961.347659,1758914961.3621452,1758914961.347659,float,C,16.61760342814175,16.61760342814175,KalmanFilter,0.5961360200982007,True,reconstructed,SimulatedDroppingStream,{},reconstructed.temp-1
groundtruth,temp-1,temp-1-1758915127357,1758915127.3574948,1758915127.3574948,1758915127.3574948,float,C,15.541711273285385,,,,,groundtruth,GroundTruthStream,{'ground_truth': 15.541711273285385},groundtruth.temp-1
observed,temp-1,temp-1-1758914962355,1758914962.355197,1758914962.355197,1758914962.355197,float,C,29.876004966725144,,,,,observed,SimulatedDroppingStream,{'ground_truth': 29.876004966725144},observed.temp-1
reconstructed,temp-1,temp-1-1758914962355,1758914962.355197,1758914962.355197,1758914962.355197,float,C,29.876004966725144,29.24221073409248,observed,1.0,False,observed,SimulatedDroppingStream,{'ground_truth': 29.876004966725144},reconstructed.temp-1
groundtruth,temp-1,temp-1-1758915128355,1758915128.3557734,1758915128.3557734,1758915128.3557734,float,C,22.503098167727824,,,,,groundtruth,GroundTruthStream,{'ground_truth': 22.503098167727824},groundtruth.temp-1
observed,temp-1,temp-1-1758914963357,1758914963.357449,1758914963.357449,1758914963.357449,float,C,24.117826191200542,,,,,observed,SimulatedDroppingStream,{'ground_truth': 24.117826191200542},observed.temp-1
reconstructed,temp-1,temp-1-1758914963357,1758914963.357449,1758914963.357449,1758914963.357449,float,C,24.117826191200542,25.486108663214516,observed,1.0,False,observed,SimulatedDroppingStream,{'ground_truth': 24.117826191200542},reconstructed.temp-1
groundtruth,temp-1,temp-1-1758915129352,1758915129.352346,1758915129.352346,1758915129.352346,float,C,29.303840845190688,,,,,groundtruth,GroundTruthStream,{'ground_truth': 29.303840845190688},groundtruth.temp-1
observed,temp-1,temp-1-1758914964355,1758914964.3558757,1758914964.3558757,1758914964.3558757,float,C,15.643000605261298,,,,,observed,SimulatedDroppingStream,{'ground_truth': 15.643000605261298},observed.temp-1
reconstructed,temp-1,temp-1-1758914964355,1758914964.3558757,1758914964.3558757,1758914964.3558757,float,C,15.643000605261298,16.643335987280512,observed,1.0,False,observed,SimulatedDroppingStream,{'ground_truth': 15.643000605261298},reconstructed.temp-1
groundtruth,temp-1,temp-1-1758915130362,1758915130.3624642,1758915130.3624642,1758915130.3624642,float,C,18.191656781350233,,,,,groundtruth,GroundTruthStream,{'ground_truth': 18.191656781350233},groundtruth.temp-1
observed,temp-1,temp-1-1758914965355,1758914965.3551807,1758914965.3551807,1758914965.3551807,float,C,26.031025968591106,,,,,observed,SimulatedDroppingStream,{'ground_truth': 26.031025968591106},observed.temp-1
reconstructed,temp-1,temp-1-1758914965355,1758914965.3551807,1758914965.3551807,1758914965.3551807,float,C,26.031025968591106,23.616125966420544,observed,1.0,False,observed,SimulatedDroppingStream,{'ground_truth': 26.031025968591106},reconstructed.temp-1
groundtruth,temp-1,temp-1-1758915131359,1758915131.359252,1758915131.359252,1758915131.359252,float,C,24.246105767387828,,,,,groundtruth,GroundTruthStream,{'ground_truth': 24.246105767387828},groundtruth.temp-1
observed,temp-1,temp-1-1758914966358,1758914966.358691,1758914966.358691,1758914966.358691,float,C,15.717450449443378,,,,,observed,SimulatedDroppingStream,{'ground_truth': 15.717450449443378},observed.temp-1
reconstructed,temp-1,temp-1-1758914966358,1758914966.358691,1758914966.358691,1758914966.358691,float,C,15.717450449443378,17.170904680282167,observed,1.0,False,observed,SimulatedDroppingStream,{'ground_truth': 15.717450449443378},reconstructed.temp-1
groundtruth,temp-1,temp-1-1758915132354,1758915132.354031,1758915132.354031,1758915132.354031,float,C,21.50471496494313,,,,,groundtruth,GroundTruthStream,{'ground_truth': 21.50471496494313},groundtruth.temp-1
observed,temp-1,temp-1-1758914967348,1758914967.3480663,1758914967.3480663,1758914967.3480663,float,C,20.323444445224677,,,,,observed,SimulatedDroppingStream,{'ground_truth': 20.323444445224677},observed.temp-1
reconstructed,temp-1,temp-1-1758914967348,1758914967.3480663,1758914967.3480663,1758914967.3480663,float,C,20.323444445224677,19.362610750303034,observed,1.0,False,observed,SimulatedDroppingStream,{'ground_truth': 20.323444445224677},reconstructed.temp-1
groundtruth,temp-1,temp-1-1758915133350,1758915133.3507304,1758915133.3507304,1758915133.3507304,float,C,17.254714112392445,,,,,groundtruth,GroundTruthStream,{'ground_truth': 17.254714112392445},groundtruth.temp-1
observed,temp-1,temp-1-1758914968347,1758914968.347659,1758914968.3513916,1758914968.347659,float,C,,,,,,missing,SimulatedDroppingStream,{},observed.temp-1
reconstructed,temp-1,temp-1-1758914968347,1758914968.347659,1758914968.3513916,1758914968.347659,float,C,20.26289056549932,20.26289056549932,KalmanFilter,0.5971264419452904,True,reconstructed,SimulatedDroppingStream,{},reconstructed.temp-1
groundtruth,temp-1,temp-1-1758915134362,1758915134.362145,1758915134.362145,1758915134.362145,float,C,16.44375616409358,,,,,groundtruth,GroundTruthStream,{'ground_truth': 16.44375616409358},groundtruth.temp-1
observed,temp-1,temp-1-1758914969353,1758914969.3530843,1758914969.3530843,1758914969.3530843,float,C,25.050170621945064,,,,,observed,SimulatedDroppingStream,{'ground_truth': 25.050170621945064},observed.temp-1
reconstructed,temp-1,temp-1-1758914969353,1758914969.3530843,1758914969.3530843,1758914969.3530843,float,C,25.050170621945064,24.949737600525477,observed,1.0,False,observed,SimulatedDroppingStream,{'ground_truth': 25.050170621945064},reconstructed.temp-1
groundtruth,temp-1,temp-1-1758915135358,1758915135.3586125,1758915135.3586125,1758915135.3586125,float,C,29.15889601209465,,,,,groundtruth,GroundTruthStream,{'ground_truth': 29.15889601209465},groundtruth.temp-1
observed,temp-1,temp-1-1758914970362,1758914970.3620892,1758914970.3620892,1758914970.3620892,float,C,21.852690853876485,,,,,observed,SimulatedDroppingStream,{'ground_truth': 21.852690853876485},observed.temp-1
reconstructed,temp-1,temp-1-1758914970362,1758914970.3620892,1758914970.3620892,1758914970.3620892,float,C,21.852690853876485,22.85313059989538,observed,1.0,False,observed,SimulatedDroppingStream,{'ground_truth': 21.852690853876485},reconstructed.temp-1
groundtruth,temp-1,temp-1-1758915137362,1758915137.3623185,1758915137.3623185,1758915137.3623185,float,C,16.898046301376073,,,,,groundtruth,GroundTruthStream,{'ground_truth': 16.898046301376073},groundtruth.temp-1
observed,temp-1,temp-1-1758914971352,1758914971.35233,1758914971.35233,1758914971.35233,float,C,17.70698791526884,,,,,observed,SimulatedDroppingStream,{'ground_truth': 17.70698791526884},observed.temp-1
reconstructed,temp-1,temp-1-1758914971352,1758914971.35233,1758914971.35233,1758914971.35233,float,C,17.70698791526884,18.26976603477103,observed,1.0,False,observed,SimulatedDroppingStream,{'ground_truth': 17.70698791526884},reconstructed.temp-1
groundtruth,temp-1,temp-1-1758915138361,1758915138.3611693,1758915138.3611693,1758915138.3611693,float,C,28.094832816111797,,,,,groundtruth,GroundTruthStream,{'ground_truth': 28.094832816111797},groundtruth.temp-1
observed,temp-1,temp-1-1758914972362,1758914972.3623722,1758914972.3623722,1758914972.3623722,float,C,26.65010068186022,,,,,observed,SimulatedDroppingStream,{'ground_truth': 26.65010068186022},observed.temp-1
reconstructed,temp-1,temp-1-1758914972362,1758914972.3623722,1758914972.3623722,1758914972.3623722,float,C,26.65010068186022,24.929408523869974,observed,1.0,False,observed,SimulatedDroppingStream,{'ground_truth': 26.65010068186022},reconstructed.temp-1
groundtruth,temp-1,temp-1-1758915139359,1758915139.3591855,1758915139.3591855,1758915139.3591855,float,C,15.641663960087767,,,,,groundtruth,GroundTruthStream,{'ground_truth': 15.641663960087767},groundtruth.temp-1
observed,temp-1,temp-1-1758914973347,1758914973.347659,1758914973.3517394,1758914973.347659,float,C,,,,,,missing,SimulatedDroppingStream,{},observed.temp-1
reconstructed,temp-1,temp-1-1758914973347,1758914973.347659,1758914973.3517394,1758914973.347659,float,C,29.334116174575207,29.334116174575207,KalmanFilter,0.5972158325903423,True,reconstructed,SimulatedDroppingStream,{},reconstructed.temp-1
groundtruth,temp-1,temp-1-1758915141356,1758915141.356014,1758915141.356014,1758915141.356014,float,C,29.544565193557546,,,,,groundtruth,GroundTruthStream,{'ground_truth': 29.544565193557546},groundtruth.temp-1
observed,temp-1,temp-1-1758914974347,1758914974.347659,1758914974.3562117,1758914974.347659,float,C,,,,,,missing,SimulatedDroppingStream,{},observed.temp-1
reconstructed,temp-1,temp-1-1758914974347,1758914974.347659,1758914974.3562117,1758914974.347659,float,C,35.33424972569971,35.33424972569971,KalmanFilter,0.2539739431593987,True,reconstructed,SimulatedDroppingStream,{},reconstructed.temp-1
groundtruth,temp-1,temp-1-1758915142359,1758915142.3592994,1758915142.3592994,1758915142.3592994,float,C,23.117793230656183,,,,,groundtruth,GroundTruthStream,{'ground_truth': 23.117793230656183},groundtruth.temp-1
observed,temp-1,temp-1-1758914975356,1758914975.3566647,1758914975.3566647,1758914975.3566647,float,C,25.921667295137457,,,,,observed,SimulatedDroppingStream,{'ground_truth': 25.921667295137457},observed.temp-1
reconstructed,temp-1,temp-1-1758914975356,1758914975.3566647,1758914975.3566647,1758914975.3566647,float,C,25.921667295137457,26.10816834418974,observed,1.0,False,observed,SimulatedDroppingStream,{'ground_truth': 25.921667295137457},reconstructed.temp-1
groundtruth,temp-1,temp-1-1758915143349,1758915143.3492632,1758915143.3492632,1758915143.3492632,float,C,24.90259511046834,,,,,groundtruth,GroundTruthStream,{'ground_truth': 24.90259511046834},groundtruth.temp-1
observed,temp-1,temp-1-1758914976347,1758914976.347659,1758914976.363191,1758914976.347659,float,C,,,,,,missing,SimulatedDroppingStream,{},observed.temp-1
reconstructed,temp-1,temp-1-1758914976347,1758914976.347659,1758914976.363191,1758914976.347659,float,C,25.936210934688972,25.936210934688972,KalmanFilter,0.5744122879024836,True,reconstructed,SimulatedDroppingStream,{},reconstructed.temp-1
groundtruth,temp-1,temp-1-1758915146360,1758915146.3600924,1758915146.3600924,1758915146.3600924,float,C,21.663007105585553,,,,,groundtruth,GroundTruthStream,{'ground_truth': 21.663007105585553},groundtruth.temp-1
observed,temp-1,temp-1-1758914977358,1758914977.3585043,1758914977.3585043,1758914977.3585043,float,C,17.185486482670957,,,,,observed,SimulatedDroppingStream,{'ground_truth': 17.185486482670957},observed.temp-1
reconstructed,temp-1,temp-1-1758914977358,1758914977.3585043,1758914977.3585043,1758914977.3585043,float,C,17.185486482670957,17.41357800956223,observed,1.0,False,observed,SimulatedDroppingStream,{'ground_truth': 17.185486482670957},reconstructed.temp-1
groundtruth,temp-1,temp-1-1758915147361,1758915147.361444,1758915147.361444,1758915147.361444,float,C,20.65742847516601,,,,,groundtruth,GroundTruthStream,{'ground_truth': 20.65742847516601},groundtruth.temp-1
observed,temp-1,temp-1-1758914978357,1758914978.3574858,1758914978.3574858,1758914978.3574858,float,C,21.600925260494208,,,,,observed,SimulatedDroppingStream,{'ground_truth': 21.600925260494208},observed.temp-1
reconstructed,temp-1,temp-1-1758914978357,1758914978.3574858,1758914978.3574858,1758914978.3574858,float,C,21.600925260494208,20.219982620247894,observed,1.0,False,observed,SimulatedDroppingStream,{'ground_truth': 21.600925260494208},reconstructed.temp-1
groundtruth,temp-1,temp-1-1758915149358,1758915149.3583832,1758915149.3583832,1758915149.3583832,float,C,28.708016091459882,,,,,groundtruth,GroundTruthStream,{'ground_truth': 28.708016091459882},groundtruth.temp-1
observed,temp-1,temp-1-1758914979362,1758914979.3622894,1758914979.3622894,1758914979.3622894,float,C,20.737877401405115,,,,,observed,SimulatedDroppingStream,{'ground_truth': 20.737877401405115},observed.temp-1
reconstructed,temp-1,temp-1-1758914979362,1758914979.3622894,1758914979.3622894,1758914979.3622894,float,C,20.737877401405115,20.764231775456576,observed,1.0,False,observed,SimulatedDroppingStream,{'ground_truth': 20.737877401405115},reconstructed.temp-1
groundtruth,temp-1,temp-1-1758915150357,1758915150.3571928,1758915150.3571928,1758915150.3571928,float,C,29.27143072847599,,,,,groundtruth,GroundTruthStream,{'ground_truth': 29.27143072847599},groundtruth.temp-1
observed,temp-1,temp-1-1758914980359,1758914980.3596082,1758914980.3596082,1758914980.3596082,float,C,19.43855223543282,,,,,observed,SimulatedDroppingStream,{'ground_truth': 19.43855223543282},observed.temp-1
reconstructed,temp-1,temp-1-1758914980359,1758914980.3596082,1758914980.3596082,1758914980.3596082,float,C,19.43855223543282,19.796464295138037,observed,1.0,False,observed,SimulatedDroppingStream,{'ground_truth': 19.43855223543282},reconstructed.temp-1
groundtruth,temp-1,temp-1-1758915152360,1758915152.3608792,1758915152.3608792,1758915152.3608792,float,C,26.543303671174478,,,,,groundtruth,GroundTruthStream,{'ground_truth': 26.543303671174478},groundtruth.temp-1
observed,temp-1,temp-1-1758914981351,1758914981.351625,1758914981.351625,1758914981.351625,float,C,16.769540781566814,,,,,observed,SimulatedDroppingStream,{'ground_truth': 16.769540781566814},observed.temp-1
reconstructed,temp-1,temp-1-1758914981351,1758914981.351625,1758914981.351625,1758914981.351625,float,C,16.769540781566814,17.16083780100111,observed,1.0,False,observed,SimulatedDroppingStream,{'ground_truth': 16.769540781566814},reconstructed.temp-1
groundtruth,temp-1,temp-1-1758915153356,1758915153.3567374,1758915153.3567374,1758915153.3567374,float,C,21.80373254424766,,,,,groundtruth,GroundTruthStream,{'ground_truth': 21.80373254424766},groundtruth.temp-1
observed,temp-1,temp-1-1758914982355,1758914982.3551672,1758914982.3551672,1758914982.3551672,float,C,27.16278451376853,,,,,observed,SimulatedDroppingStream,{'ground_truth': 27.16278451376853},observed.temp-1
reconstructed,temp-1,temp-1-1758914982355,1758914982.3551672,1758914982.3551672,1758914982.3551672,float,C,27.16278451376853,25.567176748180586,observed,1.0,False,observed,SimulatedDroppingStream,{'ground_truth': 27.16278451376853},reconstructed.temp-1
groundtruth,temp-1,temp-1-1758915155357,1758915155.3574295,1758915155.3574295,1758915155.3574295,float,C,21.508886835544658,,,,,groundtruth,GroundTruthStream,{'ground_truth': 21.508886835544658},groundtruth.temp-1
observed,temp-1,temp-1-1758914983347,1758914983.347659,1758914983.3518856,1758914983.347659,float,C,,,,,,missing,SimulatedDroppingStream,{},observed.temp-1
reconstructed,temp-1,temp-1-1758914983347,1758914983.347659,1758914983.3518856,1758914983.347659,float,C,32.9995512704749,32.9995512704749,KalmanFilter,0.5971062123636293,True,reconstructed,SimulatedDroppingStream,{},reconstructed.temp-1
groundtruth,temp-1,temp-1-1758915156357,1758915156.3571966,1758915156.3571966,1758915156.3571966,float,C,27.747978905523862,,,,,groundtruth,GroundTruthStream,{'ground_truth': 27.747978905523862},groundtruth.temp-1
observed,temp-1,temp-1-1758914984349,1758914984.3499022,1758914984.3499022,1758914984.3499022,float,C,25.20780591986965,,,,,observed,SimulatedDroppingStream,{'ground_truth': 25.20780591986965},observed.temp-1
reconstructed,temp-1,temp-1-1758914984349,1758914984.3499022,1758914984.3499022,1758914984.3499022,float,C,25.20780591986965,25.79225157240684,observed,1.0,False,observed,SimulatedDroppingStream,{'ground_truth': 25.20780591986965},reconstructed.temp-1
groundtruth,temp-1,temp-1-1758915157354,1758915157.3548822,1758915157.3548822,1758915157.3548822,float,C,25.183702076591395,,,,,groundtruth,GroundTruthStream,{'ground_truth': 25.183702076591395},groundtruth.temp-1
observed,temp-1,temp-1-1758914985349,1758914985.3498294,1758914985.3498294,1758914985.3498294,float,C,22.213395596056834,,,,,observed,SimulatedDroppingStream,{'ground_truth': 22.213395596056834},observed.temp-1
reconstructed,temp-1,temp-1-1758914985349,1758914985.3498294,1758914985.3498294,1758914985.3498294,float,C,22.213395596056834,22.708141215323167,observed,1.0,False,observed,SimulatedDroppingStream,{'ground_truth': 22.213395596056834},reconstructed.temp-1
groundtruth,temp-1,temp-1-1758915158355,1758915158.3553016,1758915158.3553016,1758915158.3553016,float,C,20.133430442629926,,,,,groundtruth,GroundTruthStream,{'ground_truth': 20.133430442629926},groundtruth.temp-1
observed,temp-1,temp-1-1758914986358,1758914986.3589022,1758914986.3589022,1758914986.3589022,float,C,19.301031642996954,,,,,observed,SimulatedDroppingStream,{'ground_truth': 19.301031642996954},observed.temp-1
reconstructed,temp-1,temp-1-1758914986358,1758914986.3589022,1758914986.3589022,1758914986.3589022,float,C,19.301031642996954,19.279899942503427,observed,1.0,False,observed,SimulatedDroppingStream,{'ground_truth': 19.301031642996954},reconstructed.temp-1
groundtruth,temp-1,temp-1-1758915159349,1758915159.3499334,1758915159.3499334,1758915159.3499334,float,C,22.44695935934504,,,,,groundtruth,GroundTruthStream,{'ground_truth': 22.44695935934504},groundtruth.temp-1
observed,temp-1,temp-1-1758914987347,1758914987.347659,1758914987.3628416,1758914987.347659,float,C,,,,,,missing,SimulatedDroppingStream,{},observed.temp-1
reconstructed,temp-1,temp-1-1758914987347,1758914987.347659,1758914987.3628416,1758914987.347659,float,C,14.287039187508661,14.287039187508661,KalmanFilter,0.5929246609985808,True,reconstructed,SimulatedDroppingStream,{},reconstructed.temp-1
groundtruth,temp-1,temp-1-1758915160353,1758915160.3537726,1758915160.3537726,1758915160.3537726,float,C,15.814339132982354,,,,,groundtruth,GroundTruthStream,{'ground_truth': 15.814339132982354},groundtruth.temp-1
observed,temp-1,temp-1-1758914988349,1758914988.3496685,1758914988.3496685,1758914988.3496685,float,C,27.143958973778084,,,,,observed,SimulatedDroppingStream,{'ground_truth': 27.143958973778084},observed.temp-1
reconstructed,temp-1,temp-1-1758914988349,1758914988.3496685,1758914988.3496685,1758914988.3496685,float,C,27.143958973778084,26.516050847917597,observed,1.0,False,observed,SimulatedDroppingStream,{'ground_truth': 27.143958973778084},reconstructed.temp-1
groundtruth,temp-1,temp-1-1758915161352,1758915161.3521938,1758915161.3521938,1758915161.3521938,float,C,29.853116449714726,,,,,groundtruth,GroundTruthStream,{'ground_truth': 29.853116449714726},groundtruth.temp-1
observed,temp-1,temp-1-1758914989348,1758914989.3488584,1758914989.3488584,1758914989.3488584,float,C,23.350661543066114,,,,,observed,SimulatedDroppingStream,{'ground_truth': 23.350661543066114},observed.temp-1
reconstructed,temp-1,temp-1-1758914989348,1758914989.3488584,1758914989.3488584,1758914989.3488584,float,C,23.350661543066114,24.44045836001676,observed,1.0,False,observed,SimulatedDroppingStream,{'ground_truth': 23.350661543066114},reconstructed.temp-1
groundtruth,temp-1,temp-1-1758915162357,1758915162.357218,1758915162.357218,1758915162.357218,float,C,16.09991659050893,,,,,groundtruth,GroundTruthStream,{'ground_truth': 16.09991659050893},groundtruth.temp-1
observed,temp-1,temp-1-1758914990347,1758914990.347659,1758914990.3601933,1758914990.347659,float,C,,,,,,missing,SimulatedDroppingStream,{},observed.temp-1
reconstructed,temp-1,temp-1-1758914990347,1758914990.347659,1758914990.3601933,1758914990.347659,float,C,24.37165264181613,24.37165264181613,KalmanFilter,0.5839668754413829,True,reconstructed,SimulatedDroppingStream,{},reconstructed.temp-1
groundtruth,temp-1,temp-1-1758915163354,1758915163.354747,1758915163.354747,1758915163.354747,float,C,27.246350420481043,,,,,groundtruth,GroundTruthStream,{'ground_truth': 27.246350420481043},groundtruth.temp-1
observed,temp-1,temp-1-1758914991363,1758914991.363584,1758914991.363584,1758914991.363584,float,C,26.89931724282647,,,,,observed,SimulatedDroppingStream,{'ground_truth': 26.89931724282647},observed.temp-1
reconstructed,temp-1,temp-1-1758914991363,1758914991.363584,1758914991.363584,1758914991.363584,float,C,26.89931724282647,26.808679043117365,observed,1.0,False,observed,SimulatedDroppingStream,{'ground_truth': 26.89931724282647},reconstructed.temp-1
groundtruth,temp-1,temp-1-1758915164357,1758915164.3572226,1758915164.3572226,1758915164.3572226,float,C,23.856778621507107,,,,,groundtruth,GroundTruthStream,{'ground_truth': 23.856778621507107},groundtruth.temp-1
observed,temp-1,temp-1-1758914992360,1758914992.3602238,1758914992.3602238,1758914992.3602238,float,C,23.494318750320446,,,,,observed,SimulatedDroppingStream,{'ground_truth': 23.494318750320446},observed.temp-1
reconstructed,temp-1,temp-1-1758914992360,1758914992.3602238,1758914992.3602238,1758914992.3602238,float,C,23.494318750320446,24.085291634296603,observed,1.0,False,observed,SimulatedDroppingStream,{'ground_truth': 23.494318750320446},reconstructed.temp-1
groundtruth,temp-1,temp-1-1758915165351,1758915165.3515966,1758915165.3515966,1758915165.3515966,float,C,22.440051852198643,,,,,groundtruth,GroundTruthStream,{'ground_truth': 22.440051852198643},groundtruth.temp-1
observed,temp-1,temp-1-1758914993347,1758914993.347659,1758914993.3521113,1758914993.347659,float,C,,,,,,missing,SimulatedDroppingStream,{},observed.temp-1
reconstructed,temp-1,temp-1-1758914993347,1758914993.347659,1758914993.3521113,1758914993.347659,float,C,21.62136082605807,21.62136082605807,KalmanFilter,0.5842449952946391,True,reconstructed,SimulatedDroppingStream,{},reconstructed.temp-1
groundtruth,temp-1,temp-1-1758915166359,1758915166.359244,1758915166.359244,1758915166.359244,float,C,21.587331754226312,,,,,groundtruth,GroundTruthStream,{'ground_truth': 21.587331754226312},groundtruth.temp-1
observed,temp-1,temp-1-1758914994347,1758914994.347659,1758914994.352832,1758914994.347659,float,C,,,,,,missing,SimulatedDroppingStream,{},observed.temp-1
reconstructed,temp-1,temp-1-1758914994347,1758914994.347659,1758914994.352832,1758914994.347659,float,C,18.139642418944682,18.139642418944682,KalmanFilter,0.24156651561124787,True,reconstructed,SimulatedDroppingStream,{},reconstructed.temp-1
groundtruth,temp-1,temp-1-1758915168348,1758915168.3484395,1758915168.3484395,1758915168.3484395,float,C,26.90773469813521,,,,,groundtruth,GroundTruthStream,{'ground_truth': 26.90773469813521},groundtruth.temp-1
observed,temp-1,temp-1-1758914995347,1758914995.347659,1758914995.3621192,1758914995.347659,float,C,,,,,,missing,SimulatedDroppingStream,{},observed.temp-1
reconstructed,temp-1,temp-1-1758914995347,1758914995.347659,1758914995.3621192,1758914995.347659,float,C,13.640136412956442,13.640136412956442,KalmanFilter,0.09416510154077092,True,reconstructed,SimulatedDroppingStream,{},reconstructed.temp-1
groundtruth,temp-1,temp-1-1758915169352,1758915169.352129,1758915169.352129,1758915169.352129,float,C,15.90736984830601,,,,,groundtruth,GroundTruthStream,{'ground_truth': 15.90736984830601},groundtruth.temp-1
observed,temp-1,temp-1-1758914996354,1758914996.3540878,1758914996.3540878,1758914996.3540878,float,C,27.144846787839434,,,,,observed,SimulatedDroppingStream,{'ground_truth': 27.144846787839434},observed.temp-1
reconstructed,temp-1,temp-1-1758914996354,1758914996.3540878,1758914996.3540878,1758914996.3540878,float,C,27.144846787839434,27.064986212712597,observed,1.0,False,observed,SimulatedDroppingStream,{'ground_truth': 27.144846787839434},reconstructed.temp-1
groundtruth,temp-1,temp-1-1758915171362,1758915171.3620048,1758915171.3620048,1758915171.3620048,float,C,15.947813298821446,,,,,groundtruth,GroundTruthStream,{'ground_truth': 15.947813298821446},groundtruth.temp-1
observed,temp-1,temp-1-1758914997347,1758914997.347659,1758914997.3491,1758914997.347659,float,C,,,,,,missing,SimulatedDroppingStream,{},observed.temp-1
reconstructed,temp-1,temp-1-1758914997347,1758914997.347659,1758914997.3491,1758914997.347659,float,C,29.079426701740804,29.079426701740804,KalmanFilter,0.5342300367539381,True,reconstructed,SimulatedDroppingStream,{},reconstructed.temp-1
groundtruth,temp-1,temp-1-1758915172355,1758915172.3555298,1758915172.3555298,1758915172.3555298,float,C,24.83353428558528,,,,,groundtruth,GroundTruthStream,{'ground_truth': 24.83353428558528},groundtruth.temp-1
observed,temp-1,temp-1-1758914998357,1758914998.3577187,1758914998.3577187,1758914998.3577187,float,C,22.120306297946627,,,,,observed,SimulatedDroppingStream,{'ground_truth': 22.120306297946627},observed.temp-1
reconstructed,temp-1,temp-1-1758914998357,1758914998.3577187,1758914998.3577187,1758914998.3577187,float,C,22.120306297946627,22.339061833729698,observed,1.0,False,observed,SimulatedDroppingStream,{'ground_truth': 22.120306297946627},reconstructed.temp-1
groundtruth,temp-1,temp-1-1758915174359,1758915174.3599105,1758915174.3599105,1758915174.3599105,float,C,18.231562723417948,,,,,groundtruth,GroundTruthStream,{'ground_truth': 18.231562723417948},groundtruth.temp-1
observed,temp-1,temp-1-1758914999347,1758914999.347659,1758914999.3492484,1758914999.347659,float,C,,,,,,missing,SimulatedDroppingStream,{},observed.temp-1
reconstructed,temp-1,temp-1-1758914999347,1758914999.347659,1758914999.3492484,1758914999.347659,float,C,18.61553809035419,18.61553809035419,KalmanFilter,0.5877223840006726,True,reconstructed,SimulatedDroppingStream,{},reconstructed.temp-1
groundtruth,temp-1,temp-1-1758915175360,1758915175.3609357,1758915175.3609357,1758915175.3609357,float,C,27.351345859312854,,,,,groundtruth,GroundTruthStream,{'ground_truth': 27.351345859312854},groundtruth.temp-1
observed,temp-1,temp-1-1758915000347,1758915000.347659,1758915000.3610828,1758915000.347659,float,C,,,,,,missing,SimulatedDroppingStream,{},observed.temp-1
reconstructed,temp-1,temp-1-1758915000347,1758915000.347659,1758915000.3610828,1758915000.347659,float,C,13.795174961742749,13.795174961742749,KalmanFilter,0.242972659362265,True,reconstructed,SimulatedDroppingStream,{},reconstructed.temp-1
groundtruth,temp-1,temp-1-1758915176358,1758915176.3580024,1758915176.3580024,1758915176.3580024,float,C,16.890529229529104,,,,,groundtruth,GroundTruthStream,{'ground_truth': 16.890529229529104},groundtruth.temp-1
observed,temp-1,temp-1-1758915001347,1758915001.347659,1758915001.3585715,1758915001.347659,float,C,,,,,,missing,SimulatedDroppingStream,{},observed.temp-1
reconstructed,temp-1,temp-1-1758915001347,1758915001.347659,1758915001.3585715,1758915001.347659,float,C,7.877972447895377,7.877972447895377,KalmanFilter,0.09415552559131533,True,reconstructed,SimulatedDroppingStream,{},reconstructed.temp-1
groundtruth,temp-1,temp-1-1758915177357,1758915177.3573163,1758915177.3573163,1758915177.3573163,float,C,19.40682595381444,,,,,groundtruth,GroundTruthStream,{'ground_truth': 19.40682595381444},groundtruth.temp-1
observed,temp-1,temp-1-1758915002356,1758915002.3569663,1758915002.3569663,1758915002.3569663,float,C,19.027566720813862,,,,,observed,SimulatedDroppingStream,{'ground_truth': 19.027566720813862},observed.temp-1
reconstructed,temp-1,temp-1-1758915002356,1758915002.3569663,1758915002.3569663,1758915002.3569663,float,C,19.027566720813862,18.951675684241135,observed,1.0,False,observed,SimulatedDroppingStream,{'ground_truth': 19.027566720813862},reconstructed.temp-1
groundtruth,temp-1,temp-1-1758915178356,1758915178.356863,1758915178.356863,1758915178.356863,float,C,29.893924184436084,,,,,groundtruth,GroundTruthStream,{'ground_truth': 29.893924184436084},groundtruth.temp-1
observed,temp-1,temp-1-1758915003356,1758915003.3565896,1758915003.3565896,1758915003.3565896,float,C,17.504213749455932,,,,,observed,SimulatedDroppingStream,{'ground_truth': 17.504213749455932},observed.temp-1
reconstructed,temp-1,temp-1-1758915003356,1758915003.3565896,1758915003.3565896,1758915003.3565896,float,C,17.504213749455932,17.661231036581498,observed,1.0,False,observed,SimulatedDroppingStream,{'ground_truth': 17.504213749455932},reconstructed.temp-1
groundtruth,temp-1,temp-1-1758915179351,1758915179.3513217,1758915179.3513217,1758915179.3513217,float,C,27.623180180734504,,,,,groundtruth,GroundTruthStream,{'ground_truth': 27.623180180734504},groundtruth.temp-1
observed,temp-1,temp-1-1758915004352,1758915004.3527958,1758915004.3527958,1758915004.3527958,float,C,16.39613715301014,,,,,observed,SimulatedDroppingStream,{'ground_truth': 16.39613715301014},observed.temp-1
reconstructed,temp-1,temp-1-1758915004352,1758915004.3527958,1758915004.3527958,1758915004.3527958,float,C,16.39613715301014,16.42424879174982,observed,1.0,False,observed,SimulatedDroppingStream,{'ground_truth': 16.39613715301014},reconstructed.temp-1
groundtruth,temp-1,temp-1-1758915180354,1758915180.3542259,1758915180.3542259,1758915180.3542259,float,C,20.96485020590099,,,,,groundtruth,GroundTruthStream,{'ground_truth': 20.96485020590099},groundtruth.temp-1
observed,temp-1,temp-1-1758915005356,1758915005.3561234,1758915005.3561234,1758915005.3561234,float,C,21.625982203600316,,,,,observed,SimulatedDroppingStream,{'ground_truth': 21.625982203600316},observed.temp-1
reconstructed,temp-1,temp-1-1758915005356,1758915005.3561234,1758915005.3561234,1758915005.3561234,float,C,21.625982203600316,20.813752671061827,observed,1.0,False,observed,SimulatedDroppingStream,{'ground_truth': 21.625982203600316},reconstructed.temp-1
groundtruth,temp-1,temp-1-1758915181357,1758915181.3577163,1758915181.3577163,1758915181.3577163,float,C,21.436367247922323,,,,,groundtruth,GroundTruthStream,{'ground_truth': 21.436367247922323},groundtruth.temp-1
observed,temp-1,temp-1-1758915006347,1758915006.347659,1758915006.351535,1758915006.347659,float,C,,,,,,missing,SimulatedDroppingStream,{},observed.temp-1
reconstructed,temp-1,temp-1-1758915006347,1758915006.347659,1758915006.351535,1758915006.347659,float,C,24.873167654900346,24.873167654900346,KalmanFilter,0.5966962141450328,True,reconstructed,SimulatedDroppingStream,{},reconstructed.temp-1
groundtruth,temp-1,temp-1-1758915184358,1758915184.3581793,1758915184.3581793,1758915184.3581793,float,C,25.740575798219687,,,,,groundtruth,GroundTruthStream,{'ground_truth': 25.740575798219687},groundtruth.temp-1
observed,temp-1,temp-1-1758915007357,1758915007.3573089,1758915007.3573089,1758915007.3573089,float,C,23.857237800370058,,,,,observed,SimulatedDroppingStream,{'ground_truth': 23.857237800370058},observed.temp-1
reconstructed,temp-1,temp-1-1758915007357,1758915007.3573089,1758915007.3573089,1758915007.3573089,float,C,23.857237800370058,24.073087911661506,observed,1.0,False,observed,SimulatedDroppingStream,{'ground_truth': 23.857237800370058},reconstructed.temp-1
groundtruth,temp-1,temp-1-1758915185364,1758915185.3641024,1758915185.3641024,1758915185.3641024,float,C,23.8808134065405,,,,,groundtruth,GroundTruthStream,{'ground_truth': 23.8808134065405},groundtruth.temp-1
observed,temp-1,temp-1-1758915008347,1758915008.347659,1758915008.3546002,1758915008.347659,float,C,,,,,,missing,SimulatedDroppingStream,{},observed.temp-1
reconstructed,temp-1,temp-1-1758915008347,1758915008.347659,1758915008.3546002,1758915008.347659,float,C,26.601996167907668,26.601996167907668,KalmanFilter,0.5952310456203544,True,reconstructed,SimulatedDroppingStream,{},reconstructed.temp-1
groundtruth,temp-1,temp-1-1758915186349,1758915186.3498907,1758915186.3498907,1758915186.3498907,float,C,23.989398950742938,,,,,groundtruth,GroundTruthStream,{'ground_truth': 23.989398950742938},groundtruth.temp-1
observed,temp-1,temp-1-1758915009347,1758915009.347659,1758915009.3540733,1758915009.347659,float,C,,,,,,missing,SimulatedDroppingStream,{},observed.temp-1
reconstructed,temp-1,temp-1-1758915009347,1758915009.347659,1758915009.3540733,1758915009.347659,float,C,29.484255140660338,29.484255140660338,KalmanFilter,0.24766258117436077,True,reconstructed,SimulatedDroppingStream,{},reconstructed.temp-1
groundtruth,temp-1,temp-1-1758915187354,1758915187.3544052,1758915187.3544052,1758915187.3544052,float,C,28.758175989598605,,,,,groundtruth,GroundTruthStream,{'ground_truth': 28.758175989598605},groundtruth.temp-1
observed,temp-1,temp-1-1758915010354,1758915010.3546104,1758915010.3546104,1758915010.3546104,float,C,17.74079553799504,,,,,observed,SimulatedDroppingStream,{'ground_truth': 17.74079553799504},observed.temp-1
reconstructed,temp-1,temp-1-1758915010354,1758915010.3546104,1758915010.3546104,1758915010.3546104,float,C,17.74079553799504,17.897844897533368,observed,1.0,False,observed,SimulatedDroppingStream,{'ground_truth': 17.74079553799504},reconstructed.temp-1
groundtruth,temp-1,temp-1-1758915188360,1758915188.3607383,1758915188.3607383,1758915188.3607383,float,C,19.400783205203425,,,,,groundtruth,GroundTruthStream,{'ground_truth': 19.400783205203425},groundtruth.temp-1
observed,temp-1,temp-1-1758915011363,1758915011.363452,1758915011.363452,1758915011.363452,float,C,26.926160356593023,,,,,observed,SimulatedDroppingStream,{'ground_truth': 26.926160356593023},observed.temp-1
reconstructed,temp-1,temp-1-1758915011363,1758915011.363452,1758915011.363452,1758915011.363452,float,C,26.926160356593023,25.29895551827515,observed,1.0,False,observed,SimulatedDroppingStream,{'ground_truth': 26.926160356593023},reconstructed.temp-1
groundtruth,temp-1,temp-1-1758915190351,1758915190.3516922,1758915190.3516922,1758915190.3516922,float,C,27.473522489074732,,,,,groundtruth,GroundTruthStream,{'ground_truth': 27.473522489074732},groundtruth.temp-1
observed,temp-1,temp-1-1758915012363,1758915012.3631587,1758915012.3631587,1758915012.3631587,float,C,21.52391235106421,,,,,observed,SimulatedDroppingStream,{'ground_truth': 21.52391235106421},observed.temp-1
reconstructed,temp-1,temp-1-1758915012363,1758915012.3631587,1758915012.3631587,1758915012.3631587,float,C,21.52391235106421,22.703851498890113,observed,1.0,False,observed,SimulatedDroppingStream,{'ground_truth': 21.52391235106421},reconstructed.temp-1
groundtruth,temp-1,temp-1-1758915191360,1758915191.360064,1758915191.360064,1758915191.360064,float,C,23.657938815421907,,,,,groundtruth,GroundTruthStream,{'ground_truth': 23.657938815421907},groundtruth.temp-1
observed,temp-1,temp-1-1758915013359,1758915013.3593524,1758915013.3593524,1758915013.3593524,float,C,25.281837574875624,,,,,observed,SimulatedDroppingStream,{'ground_truth': 25.281837574875624},observed.temp-1
reconstructed,temp-1,temp-1-1758915013359,1758915013.3593524,1758915013.3593524,1758915013.3593524,float,C,25.281837574875624,24.936450228298117,observed,1.0,False,observed,SimulatedDroppingStream,{'ground_truth': 25.281837574875624},reconstructed.temp-1
groundtruth,temp-1,temp-1-1758915192350,1758915192.3508232,1758915192.3508232,1758915192.3508232,float,C,22.003887273341068,,,,,groundtruth,GroundTruthStream,{'ground_truth': 22.003887273341068},groundtruth.temp-1
observed,temp-1,temp-1-1758915014353,1758915014.3534384,1758915014.3534384,1758915014.3534384,float,C,22.469309516493055,,,,,observed,SimulatedDroppingStream,{'ground_truth': 22.469309516493055},observed.temp-1
reconstructed,temp-1,temp-1-1758915014353,1758915014.3534384,1758915014.3534384,1758915014.3534384,float,C,22.469309516493055,23.027983822733173,observed,1.0,False,observed,SimulatedDroppingStream,{'ground_truth': 22.469309516493055},reconstructed.temp-1
groundtruth,temp-1,temp-1-1758915193350,1758915193.3509734,1758915193.3509734,1758915193.3509734,float,C,27.96140571229821,,,,,groundtruth,GroundTruthStream,{'ground_truth': 27.96140571229821},groundtruth.temp-1
observed,temp-1,temp-1-1758915015356,1758915015.3564265,1758915015.3564265,1758915015.3564265,float,C,21.6409266240484,,,,,observed,SimulatedDroppingStream,{'ground_truth': 21.6409266240484},observed.temp-1
reconstructed,temp-1,temp-1-1758915015356,1758915015.3564265,1758915015.3564265,1758915015.3564265,float,C,21.6409266240484,21.644161352545755,observed,1.0,False,observed,SimulatedDroppingStream,{'ground_truth': 21.6409266240484},reconstructed.temp-1
groundtruth,temp-1,temp-1-1758915194355,1758915194.3558626,1758915194.3558626,1758915194.3558626,float,C,18.561330112868795,,,,,groundtruth,GroundTruthStream,{'ground_truth': 18.561330112868795},groundtruth.temp-1
observed,temp-1,temp-1-1758915016361,1758915016.3613987,1758915016.3613987,1758915016.3613987,float,C,15.99269617745671,,,,,observed,SimulatedDroppingStream,{'ground_truth': 15.99269617745671},observed.temp-1
reconstructed,temp-1,temp-1-1758915016361,1758915016.3613987,1758915016.3613987,1758915016.3613987,float,C,15.99269617745671,16.454051299169038,observed,1.0,False,observed,SimulatedDroppingStream,{'ground_truth': 15.99269617745671},reconstructed.temp-1
groundtruth,temp-1,temp-1-1758915195358,1758915195.3586245,1758915195.3586245,1758915195.3586245,float,C,22.54163006171028,,,,,groundtruth,GroundTruthStream,{'ground_truth': 22.54163006171028},groundtruth.temp-1
observed,temp-1,temp-1-1758915017357,1758915017.3579004,1758915017.3579004,1758915017.3579004,float,C,18.233793947619795,,,,,observed,SimulatedDroppingStream,{'ground_truth': 18.233793947619795},observed.temp-1
reconstructed,temp-1,temp-1-1758915017357,1758915017.3579004,1758915017.3579004,1758915017.3579004,float,C,18.233793947619795,17.258089591603447,observed,1.0,False,observed,SimulatedDroppingStream,{'ground_truth': 18.233793947619795},reconstructed.temp-1
groundtruth,temp-1,temp-1-1758915196363,1758915196.363611,1758915196.363611,1758915196.363611,float,C,17.110021719071923,,,,,groundtruth,GroundTruthStream,{'ground_truth': 17.110021719071923},groundtruth.temp-1
observed,temp-1,temp-1-1758915018356,1758915018.356571,1758915018.356571,1758915018.356571,float,C,28.223003816107976,,,,,observed,SimulatedDroppingStream,{'ground_truth': 28.223003816107976},observed.temp-1
reconstructed,temp-1,temp-1-1758915018356,1758915018.356571,1758915018.356571,1758915018.356571,float,C,28.223003816107976,26.671812712693004,observed,1.0,False,observed,SimulatedDroppingStream,{'ground_truth': 28.223003816107976},reconstructed.temp-1
groundtruth,temp-1,temp-1-1758915197360,1758915197.3600075,1758915197.3600075,1758915197.3600075,float,C,18.847643133657,,,,,groundtruth,GroundTruthStream,{'ground_truth': 18.847643133657},groundtruth.temp-1
observed,temp-1,temp-1-1758915019361,1758915019.3611789,1758915019.3611789,1758915019.3611789,float,C,29.477559167459717,,,,,observed,SimulatedDroppingStream,{'ground_truth': 29.477559167459717},observed.temp-1
reconstructed,temp-1,temp-1-1758915019361,1758915019.3611789,1758915019.3611789,1758915019.3611789,float,C,29.477559167459717,30.32327715952494,observed,1.0,False,observed,SimulatedDroppingStream,{'ground_truth': 29.477559167459717},reconstructed.temp-1
groundtruth,temp-1,temp-1-1758915198350,1758915198.3501954,1758915198.3501954,1758915198.3501954,float,C,18.11029263633162,,,,,groundtruth,GroundTruthStream,{'ground_truth': 18.11029263633162},groundtruth.temp-1
observed,temp-1,temp-1-1758915020352,1758915020.3524108,1758915020.3524108,1758915020.3524108,float,C,18.44929231956874,,,,,observed,SimulatedDroppingStream,{'ground_truth': 18.44929231956874},observed.temp-1
reconstructed,temp-1,temp-1-1758915020352,1758915020.3524108,1758915020.3524108,1758915020.3524108,float,C,18.44929231956874,20.91708360129283,observed,1.0,False,observed,SimulatedDroppingStream,{'ground_truth': 18.44929231956874},reconstructed.temp-1
groundtruth,temp-1,temp-1-1758915199364,1758915199.364367,1758915199.364367,1758915199.364367,float,C,25.694540807572206,,,,,groundtruth,GroundTruthStream,{'ground_truth': 25.694540807572206},groundtruth.temp-1
observed,temp-1,temp-1-1758915021354,1758915021.3545558,1758915021.3545558,1758915021.3545558,float,C,29.69003598384512,,,,,observed,SimulatedDroppingStream,{'ground_truth': 29.69003598384512},observed.temp-1
reconstructed,temp-1,temp-1-1758915021354,1758915021.3545558,1758915021.3545558,1758915021.3545558,float,C,29.69003598384512,27.63818831147698,observed,1.0,False,observed,SimulatedDroppingStream,{'ground_truth': 29.69003598384512},reconstructed.temp-1
groundtruth,temp-1,temp-1-1758915200354,1758915200.354417,1758915200.354417,1758915200.354417,float,C,22.71113790798418,,,,,groundtruth,GroundTruthStream,{'ground_truth': 22.71113790798418},groundtruth.temp-1
observed,temp-1,temp-1-1758915022347,1758915022.347659,1758915022.3494468,1758915022.347659,float,C,,,,,,missing,SimulatedDroppingStream,{},observed.temp-1
reconstructed,temp-1,temp-1-1758915022347,1758915022.347659,1758915022.3494468,1758915022.347659,float,C,30.7079033766709,30.7079033766709,KalmanFilter,0.5974372602045608,True,reconstructed,SimulatedDroppingStream,{},reconstructed.temp-1
groundtruth,temp-1,temp-1-1758915201361,1758915201.3612185,1758915201.3612185,1758915201.3612185,float,C,19.630970268722056,,,,,groundtruth,GroundTruthStream,{'ground_truth': 19.630970268722056},groundtruth.temp-1
observed,temp-1,temp-1-1758915023362,1758915023.3626862,1758915023.3626862,1758915023.3626862,float,C,22.922640625814473,,,,,observed,SimulatedDroppingStream,{'ground_truth': 22.922640625814473},observed.temp-1
reconstructed,temp-1,temp-1-1758915023362,1758915023.3626862,1758915023.3626862,1758915023.3626862,float,C,22.922640625814473,23.309173545910568,observed,1.0,False,observed,SimulatedDroppingStream,{'ground_truth': 22.922640625814473},reconstructed.temp-1
groundtruth,temp-1,temp-1-1758915202359,1758915202.3595624,1758915202.3595624,1758915202.3595624,float,C,17.74097944043602,,,,,groundtruth,GroundTruthStream,{'ground_truth': 17.74097944043602},groundtruth.temp-1
observed,temp-1,temp-1-1758915024348,1758915024.3482404,1758915024.3482404,1758915024.3482404,float,C,25.174860151146923,,,,,observed,SimulatedDroppingStream,{'ground_truth': 25.174860151146923},observed.temp-1
reconstructed,temp-1,temp-1-1758915024348,1758915024.3482404,1758915024.3482404,1758915024.3482404,float,C,25.174860151146923,24.513961407960025,observed,1.0,False,observed,SimulatedDroppingStream,{'ground_truth': 25.174860151146923},reconstructed.temp-1
groundtruth,temp-1,temp-1-1758915203361,1758915203.3616664,1758915203.3616664,1758915203.3616664,float,C,29.59212006686443,,,,,groundtruth,GroundTruthStream,{'ground_truth': 29.59212006686443},groundtruth.temp-1
observed,temp-1,temp-1-1758915025362,1758915025.362893,1758915025.362893,1758915025.362893,float,C,18.530613570362455,,,,,observed,SimulatedDroppingStream,{'ground_truth': 18.530613570362455},observed.temp-1
reconstructed,temp-1,temp-1-1758915025362,1758915025.362893,1758915025.362893,1758915025.362893,float,C,18.530613570362455,19.259563396509932,observed,1.0,False,observed,SimulatedDroppingStream,{'ground_truth': 18.530613570362455},reconstructed.temp-1
groundtruth,temp-1,temp-1-1758915205360,1758915205.3602037,1758915205.3602037,1758915205.3602037,float,C,20.97103610081261,,,,,groundtruth,GroundTruthStream,{'ground_truth': 20.97103610081261},groundtruth.temp-1
observed,temp-1,temp-1-1758915026361,1758915026.3615339,1758915026.3615339,1758915026.3615339,float,C,27.795391577353108,,,,,observed,SimulatedDroppingStream,{'ground_truth': 27.795391577353108},observed.temp-1
reconstructed,temp-1,temp-1-1758915026361,1758915026.3615339,1758915026.3615339,1758915026.3615339,float,C,27.795391577353108,26.073248558142303,observed,1.0,False,observed,SimulatedDroppingStream,{'ground_truth': 27.795391577353108},reconstructed.temp-1
groundtruth,temp-1,temp-1-1758915206362,1758915206.3625324,1758915206.3625324,1758915206.3625324,float,C,21.723851148221712,,,,,groundtruth,GroundTruthStream,{'ground_truth': 21.723851148221712},groundtruth.temp-1
observed,temp-1,temp-1-1758915027360,1758915027.360388,1758915027.360388,1758915027.360388,float,C,28.235009093479928,,,,,observed,SimulatedDroppingStream,{'ground_truth': 28.235009093479928},observed.temp-1
reconstructed,temp-1,temp-1-1758915027360,1758915027.360388,1758915027.360388,1758915027.360388,float,C,28.235009093479928,28.602023661617693,observed,1.0,False,observed,SimulatedDroppingStream,{'ground_truth': 28.235009093479928},reconstructed.temp-1
groundtruth,temp-1,temp-1-1758915208359,1758915208.3591478,1758915208.3591478,1758915208.3591478,float,C,23.695248207089396,,,,,groundtruth,GroundTruthStream,{'ground_truth': 23.695248207089396},groundtruth.temp-1
observed,temp-1,temp-1-1758915028357,1758915028.3575752,1758915028.3575752,1758915028.3575752,float,C,25.558801818096896,,,,,observed,SimulatedDroppingStream,{'ground_truth': 25.558801818096896},observed.temp-1
reconstructed,temp-1,temp-1-1758915028357,1758915028.3575752,1758915028.3575752,1758915028.3575752,float,C,25.558801818096896,26.554387992618267,observed,1.0,False,observed,SimulatedDroppingStream,{'ground_truth': 25.558801818096896},reconstructed.temp-1
groundtruth,temp-1,temp-1-1758915209361,1758915209.3619893,1758915209.3619893,1758915209.3619893,float,C,17.906158753155683,,,,,groundtruth,GroundTruthStream,{'ground_truth': 17.906158753155683},groundtruth.temp-1
observed,temp-1,temp-1-1758915029361,1758915029.3610158,1758915029.3610158,1758915029.3610158,float,C,24.017405565074863,,,,,observed,SimulatedDroppingStream,{'ground_truth': 24.017405565074863},observed.temp-1
reconstructed,temp-1,temp-1-1758915029361,1758915029.3610158,1758915029.3610158,1758915029.3610158,float,C,24.017405565074863,24.282143877395324,observed,1.0,False,observed,SimulatedDroppingStream,{'ground_truth': 24.017405565074863},reconstructed.temp-1
groundtruth,temp-1,temp-1-1758915210361,1758915210.361753,1758915210.361753,1758915210.361753,float,C,23.18331507502066,,,,,groundtruth,GroundTruthStream,{'ground_truth': 23.18331507502066},groundtruth.temp-1
observed,temp-1,temp-1-1758915030359,1758915030.3596764,1758915030.3596764,1758915030.3596764,float,C,22.750352551225365,,,,,observed,SimulatedDroppingStream,{'ground_truth': 22.750352551225365},observed.temp-1
reconstructed,temp-1,temp-1-1758915030359,1758915030.3596764,1758915030.3596764,1758915030.3596764,float,C,22.750352551225365,22.580430268424564,observed,1.0,False,observed,SimulatedDroppingStream,{'ground_truth': 22.750352551225365},reconstructed.temp-1
groundtruth,temp-1,temp-1-1758915211348,1758915211.3488135,1758915211.3488135,1758915211.3488135,float,C,23.812893905573276,,,,,groundtruth,GroundTruthStream,{'ground_truth': 23.812893905573276},groundtruth.temp-1
observed,temp-1,temp-1-1758915031357,1758915031.3571281,1758915031.3571281,1758915031.3571281,float,C,26.875886833503866,,,,,observed,SimulatedDroppingStream,{'ground_truth': 26.875886833503866},observed.temp-1
reconstructed,temp-1,temp-1-1758915031357,1758915031.3571281,1758915031.3571281,1758915031.3571281,float,C,26.875886833503866,25.94568550676876,observed,1.0,False,observed,SimulatedDroppingStream,{'ground_truth': 26.875886833503866},reconstructed.temp-1
groundtruth,temp-1,temp-1-1758915213356,1758915213.3561532,1758915213.3561532,1758915213.3561532,float,C,25.949750022495408,,,,,groundtruth,GroundTruthStream,{'ground_truth': 25.949750022495408},groundtruth.temp-1
observed,temp-1,temp-1-1758915032347,1758915032.347659,1758915032.3509815,1758915032.347659,float,C,,,,,,missing,SimulatedDroppingStream,{},observed.temp-1
reconstructed,temp-1,temp-1-1758915032347,1758915032.347659,1758915032.3509815,1758915032.347659,float,C,28.258876900271712,28.258876900271712,KalmanFilter,0.597436644808903,True,reconstructed,SimulatedDroppingStream,{},reconstructed.temp-1
groundtruth,temp-1,temp-1-1758915214354,1758915214.3544772,1758915214.3544772,1758915214.3544772,float,C,28.498461306529634,,,,,groundtruth,GroundTruthStream,{'ground_truth': 28.498461306529634},groundtruth.temp-1
observed,temp-1,temp-1-1758915033348,1758915033.3486388,1758915033.3486388,1758915033.3486388,float,C,16.532082159199593,,,,,observed,SimulatedDroppingStream,{'ground_truth': 16.532082159199593},observed.temp-1
reconstructed,temp-1,temp-1-1758915033348,1758915033.3486388,1758915033.3486388,1758915033.3486388,float,C,16.532082159199593,17.027462714140206,observed,1.0,False,observed,SimulatedDroppingStream,{'ground_truth': 16.532082159199593},reconstructed.temp-1
groundtruth,temp-1,temp-1-1758915216359,1758915216.3592012,1758915216.3592012,1758915216.3592012,float,C,29.97047102044494,,,,,groundtruth,GroundTruthStream,{'ground_truth': 29.97047102044494},groundtruth.temp-1
observed,temp-1,temp-1-1758915034347,1758915034.347659,1758915034.3507438,1758915034.347659,float,C,,,,,,missing,SimulatedDroppingStream,{},observed.temp-1
reconstructed,temp-1,temp-1-1758915034347,1758915034.347659,1758915034.3507438,1758915034.347659,float,C,10.962420863235952,10.962420863235952,KalmanFilter,0.5964109300938457,True,reconstructed,SimulatedDroppingStream,{},reconstructed.temp-1
groundtruth,temp-1,temp-1-1758915218355,1758915218.3550274,1758915218.3550274,1758915218.3550274,float,C,17.80571812224418,,,,,groundtruth,GroundTruthStream,{'ground_truth': 17.80571812224418},groundtruth.temp-1
observed,temp-1,temp-1-1758915035350,1758915035.3502402,1758915035.3502402,1758915035.3502402,float,C,23.102372712630608,,,,,observed,SimulatedDroppingStream,{'ground_truth': 23.102372712630608},observed.temp-1
reconstructed,temp-1,temp-1-1758915035350,1758915035.3502402,1758915035.3502402,1758915035.3502402,float,C,23.102372712630608,22.466098679518176,observed,1.0,False,observed,SimulatedDroppingStream,{'ground_truth': 23.102372712630608},reconstructed.temp-1
groundtruth,temp-1,temp-1-1758915219353,1758915219.3539033,1758915219.3539033,1758915219.3539033,float,C,22.82638622723736,,,,,groundtruth,GroundTruthStream,{'ground_truth': 22.82638622723736},groundtruth.temp-1
observed,temp-1,temp-1-1758915036354,1758915036.354277,1758915036.354277,1758915036.354277,float,C,23.943540730288063,,,,,observed,SimulatedDroppingStream,{'ground_truth': 23.943540730288063},observed.temp-1
reconstructed,temp-1,temp-1-1758915036354,1758915036.354277,1758915036.354277,1758915036.354277,float,C,23.943540730288063,24.333989303592407,observed,1.0,False,observed,SimulatedDroppingStream,{'ground_truth': 23.943540730288063},reconstructed.temp-1
groundtruth,temp-1,temp-1-1758915220352,1758915220.3523824,1758915220.3523824,1758915220.3523824,float,C,25.7496230897878,,,,,groundtruth,GroundTruthStream,{'ground_truth': 25.7496230897878},groundtruth.temp-1
observed,temp-1,temp-1-1758915037347,1758915037.347659,1758915037.3617089,1758915037.347659,float,C,,,,,,missing,SimulatedDroppingStream,{},observed.temp-1
reconstructed,temp-1,temp-1-1758915037347,1758915037.347659,1758915037.3617089,1758915037.347659,float,C,28.150445976877478,28.150445976877478,KalmanFilter,0.5833833482206626,True,reconstructed,SimulatedDroppingStream,{},reconstructed.temp-1
groundtruth,temp-1,temp-1-1758915223348,1758915223.3487923,1758915223.3487923,1758915223.3487923,float,C,19.05683193626914,,,,,groundtruth,GroundTruthStream,{'ground_truth': 19.05683193626914},groundtruth.temp-1
observed,temp-1,temp-1-1758915038359,1758915038.359807,1758915038.359807,1758915038.359807,float,C,15.814024049481787,,,,,observed,SimulatedDroppingStream,{'ground_truth': 15.814024049481787},observed.temp-1
reconstructed,temp-1,temp-1-1758915038359,1758915038.359807,1758915038.359807,1758915038.359807,float,C,15.814024049481787,16.34588422774198,observed,1.0,False,observed,SimulatedDroppingStream,{'ground_truth': 15.814024049481787},reconstructed.temp-1
groundtruth,temp-1,temp-1-1758915225350,1758915225.3506134,1758915225.3506134,1758915225.3506134,float,C,29.04142624110017,,,,,groundtruth,GroundTruthStream,{'ground_truth': 29.04142624110017},groundtruth.temp-1
observed,temp-1,temp-1-1758915039347,1758915039.347659,1758915039.3564517,1758915039.347659,float,C,,,,,,missing,SimulatedDroppingStream,{},observed.temp-1
reconstructed,temp-1,temp-1-1758915039347,1758915039.347659,1758915039.3564517,1758915039.347659,float,C,10.440377216414566,10.440377216414566,KalmanFilter,0.5959598429888433,True,reconstructed,SimulatedDroppingStream,{},reconstructed.temp-1
groundtruth,temp-1,temp-1-1758915227364,1758915227.3640206,1758915227.3640206,1758915227.3640206,float,C,23.755107557278837,,,,,groundtruth,GroundTruthStream,{'ground_truth': 23.755107557278837},groundtruth.temp-1
observed,temp-1,temp-1-1758915040347,1758915040.347659,1758915040.3509634,1758915040.347659,float,C,,,,,,missing,SimulatedDroppingStream,{},observed.temp-1
reconstructed,temp-1,temp-1-1758915040347,1758915040.347659,1758915040.3509634,1758915040.347659,float,C,2.6447425991523175,2.6447425991523175,KalmanFilter,0.24850380393227123,True,reconstructed,SimulatedDroppingStream,{},reconstructed.temp-1
groundtruth,temp-1,temp-1-1758915228360,1758915228.3608406,1758915228.3608406,1758915228.3608406,float,C,26.41920307420083,,,,,groundtruth,GroundTruthStream,{'ground_truth': 26.41920307420083},groundtruth.temp-1
observed,temp-1,temp-1-1758915041347,1758915041.347659,1758915041.3549993,1758915041.347659,float,C,,,,,,missing,SimulatedDroppingStream,{},observed.temp-1
reconstructed,temp-1,temp-1-1758915041347,1758915041.347659,1758915041.3549993,1758915041.347659,float,C,-7.0410196240447664,-7.0410196240447664,KalmanFilter,0.09619985649565553,True,reconstructed,SimulatedDroppingStream,{},reconstructed.temp-1
groundtruth,temp-1,temp-1-1758915231348,1758915231.3485928,1758915231.3485928,1758915231.3485928,float,C,17.05508824856452,,,,,groundtruth,GroundTruthStream,{'ground_truth': 17.05508824856452},groundtruth.temp-1
observed,temp-1,temp-1-1758915042347,1758915042.347659,1758915042.3574567,1758915042.347659,float,C,,,,,,missing,SimulatedDroppingStream,{},observed.temp-1
reconstructed,temp-1,temp-1-1758915042347,1758915042.347659,1758915042.3574567,1758915042.347659,float,C,-18.61690945317669,-18.61690945317669,KalmanFilter,0.04101322200682985,True,reconstructed,SimulatedDroppingStream,{},reconstructed.temp-1
groundtruth,temp-1,temp-1-1758915232362,1758915232.3629274,1758915232.3629274,1758915232.3629274,float,C,22.832794024262917,,,,,groundtruth,GroundTruthStream,{'ground_truth': 22.832794024262917},groundtruth.temp-1
observed,temp-1,temp-1-1758915043353,1758915043.35399,1758915043.35399,1758915043.35399,float,C,22.278017017477904,,,,,observed,SimulatedDroppingStream,{'ground_truth': 22.278017017477904},observed.temp-1
reconstructed,temp-1,temp-1-1758915043353,1758915043.35399,1758915043.35399,1758915043.35399,float,C,22.278017017477904,22.169964125368537,observed,1.0,False,observed,SimulatedDroppingStream,{'ground_truth': 22.278017017477904},reconstructed.temp-1
groundtruth,temp-1,temp-1-1758915234362,1758915234.3627713,1758915234.3627713,1758915234.3627713,float,C,29.524537101582666,,,,,groundtruth,GroundTruthStream,{'ground_truth': 29.524537101582666},groundtruth.temp-1
observed,temp-1,temp-1-1758915044347,1758915044.347659,1758915044.3621728,1758915044.347659,float,C,,,,,,missing,SimulatedDroppingStream,{},observed.temp-1
reconstructed,temp-1,temp-1-1758915044347,1758915044.347659,1758915044.3621728,1758915044.347659,float,C,27.64341731112797,27.64341731112797,KalmanFilter,0.48596385076684967,True,reconstructed,SimulatedDroppingStream,{},reconstructed.temp-1
groundtruth,temp-1,temp-1-1758915235357,1758915235.3572073,1758915235.3572073,1758915235.3572073,float,C,27.699389957975445,,,,,groundtruth,GroundTruthStream,{'ground_truth': 27.699389957975445},groundtruth.temp-1
observed,temp-1,temp-1-1758915045361,1758915045.3610668,1758915045.3610668,1758915045.3610668,float,C,18.14781714219544,,,,,observed,SimulatedDroppingStream,{'ground_truth': 18.14781714219544},observed.temp-1
reconstructed,temp-1,temp-1-1758915045361,1758915045.3610668,1758915045.3610668,1758915045.3610668,float,C,18.14781714219544,18.45375603640486,observed,1.0,False,observed,SimulatedDroppingStream,{'ground_truth': 18.14781714219544},reconstructed.temp-1
groundtruth,temp-1,temp-1-1758915236356,1758915236.3560188,1758915236.3560188,1758915236.3560188,float,C,22.062302928446734,,,,,groundtruth,GroundTruthStream,{'ground_truth': 22.062302928446734},groundtruth.temp-1
observed,temp-1,temp-1-1758915046357,1758915046.3576572,1758915046.3576572,1758915046.3576572,float,C,23.006425785434693,,,,,observed,SimulatedDroppingStream,{'ground_truth': 23.006425785434693},observed.temp-1
reconstructed,temp-1,temp-1-1758915046357,1758915046.3576572,1758915046.3576572,1758915046.3576572,float,C,23.006425785434693,22.023377077589164,observed,1.0,False,observed,SimulatedDroppingStream,{'ground_truth': 23.006425785434693},reconstructed.temp-1
groundtruth,temp-1,temp-1-1758915237351,1758915237.351246,1758915237.351246,1758915237.351246,float,C,20.14597306291295,,,,,groundtruth,GroundTruthStream,{'ground_truth': 20.14597306291295},groundtruth.temp-1
observed,temp-1,temp-1-1758915047347,1758915047.347659,1758915047.359341,1758915047.347659,float,C,,,,,,missing,SimulatedDroppingStream,{},observed.temp-1
reconstructed,temp-1,temp-1-1758915047347,1758915047.347659,1758915047.359341,1758915047.347659,float,C,24.20039107856208,24.20039107856208,KalmanFilter,0.5821258350504818,True,reconstructed,SimulatedDroppingStream,{},reconstructed.temp-1
groundtruth,temp-1,temp-1-1758915242362,1758915242.3624709,1758915242.3624709,1758915242.3624709,float,C,19.316570199383634,,,,,groundtruth,GroundTruthStream,{'ground_truth': 19.316570199383634},groundtruth.temp-1
observed,temp-1,temp-1-1758915048358,1758915048.3582542,1758915048.3582542,1758915048.3582542,float,C,17.098407377523703,,,,,observed,SimulatedDroppingStream,{'ground_truth': 17.098407377523703},observed.temp-1
reconstructed,temp-1,temp-1-1758915048358,1758915048.3582542,1758915048.3582542,1758915048.3582542,float,C,17.098407377523703,17.405197866678495,observed,1.0,False,observed,SimulatedDroppingStream,{'ground_truth': 17.098407377523703},reconstructed.temp-1
groundtruth,temp-1,temp-1-1758915244361,1758915244.361537,1758915244.361537,1758915244.361537,float,C,16.59497821399959,,,,,groundtruth,GroundTruthStream,{'ground_truth': 16.59497821399959},groundtruth.temp-1
observed,temp-1,temp-1-1758915049347,1758915049.347659,1758915049.3584023,1758915049.347659,float,C,,,,,,missing,SimulatedDroppingStream,{},observed.temp-1
reconstructed,temp-1,temp-1-1758915049347,1758915049.347659,1758915049.3584023,1758915049.347659,float,C,14.150969671072929,14.150969671072929,KalmanFilter,0.5947089095170283,True,reconstructed,SimulatedDroppingStream,{},reconstructed.temp-1
groundtruth,temp-1,temp-1-1758915245360,1758915245.3601172,1758915245.3601172,1758915245.3601172,float,C,22.17584544417012,,,,,groundtruth,GroundTruthStream,{'ground_truth': 22.17584544417012},groundtruth.temp-1
observed,temp-1,temp-1-1758915050349,1758915050.3495128,1758915050.3495128,1758915050.3495128,float,C,29.314793507461907,,,,,observed,SimulatedDroppingStream,{'ground_truth': 29.314793507461907},observed.temp-1
reconstructed,temp-1,temp-1-1758915050349,1758915050.3495128,1758915050.3495128,1758915050.3495128,float,C,29.314793507461907,28.697610776258582,observed,1.0,False,observed,SimulatedDroppingStream,{'ground_truth': 29.314793507461907},reconstructed.temp-1
groundtruth,temp-1,temp-1-1758915246350,1758915246.350125,1758915246.350125,1758915246.350125,float,C,25.612316864849994,,,,,groundtruth,GroundTruthStream,{'ground_truth': 25.612316864849994},groundtruth.temp-1
observed,temp-1,temp-1-1758915051347,1758915051.347659,1758915051.357662,1758915051.347659,float,C,,,,,,missing,SimulatedDroppingStream,{},observed.temp-1
reconstructed,temp-1,temp-1-1758915051347,1758915051.347659,1758915051.357662,1758915051.347659,float,C,37.083181070681064,37.083181070681064,KalmanFilter,0.5906655318223344,True,reconstructed,SimulatedDroppingStream,{},reconstructed.temp-1
groundtruth,temp-1,temp-1-1758915247363,1758915247.3636127,1758915247.3636127,1758915247.3636127,float,C,26.95379145652513,,,,,groundtruth,GroundTruthStream,{'ground_truth': 26.95379145652513},groundtruth.temp-1
observed,temp-1,temp-1-1758915052363,1758915052.3638046,1758915052.3638046,1758915052.3638046,float,C,23.984711708612807,,,,,observed,SimulatedDroppingStream,{'ground_truth': 23.984711708612807},observed.temp-1
reconstructed,temp-1,temp-1-1758915052363,1758915052.3638046,1758915052.3638046,1758915052.3638046,float,C,23.984711708612807,24.734315449465424,observed,1.0,False,observed,SimulatedDroppingStream,{'ground_truth': 23.984711708612807},reconstructed.temp-1
groundtruth,temp-1,temp-1-1758915248360,1758915248.3606677,1758915248.3606677,1758915248.3606677,float,C,16.416047789483226,,,,,groundtruth,GroundTruthStream,{'ground_truth': 16.416047789483226},groundtruth.temp-1
observed,temp-1,temp-1-1758915053351,1758915053.3518267,1758915053.3518267,1758915053.3518267,float,C,21.80669918848481,,,,,observed,SimulatedDroppingStream,{'ground_truth': 21.80669918848481},observed.temp-1
reconstructed,temp-1,temp-1-1758915053351,1758915053.3518267,1758915053.3518267,1758915053.3518267,float,C,21.80669918848481,21.7427423001626,observed,1.0,False,observed,SimulatedDroppingStream,{'ground_truth': 21.80669918848481},reconstructed.temp-1
groundtruth,temp-1,temp-1-1758915251354,1758915251.354364,1758915251.354364,1758915251.354364,float,C,24.37781117794667,,,,,groundtruth,GroundTruthStream,{'ground_truth': 24.37781117794667},groundtruth.temp-1
observed,temp-1,temp-1-1758915054361,1758915054.3615367,1758915054.3615367,1758915054.3615367,float,C,29.34772969639967,,,,,observed,SimulatedDroppingStream,{'ground_truth': 29.34772969639967},observed.temp-1
reconstructed,temp-1,temp-1-1758915054361,1758915054.3615367,1758915054.3615367,1758915054.3615367,float,C,29.34772969639967,27.830322895261745,observed,1.0,False,observed,SimulatedDroppingStream,{'ground_truth': 29.34772969639967},reconstructed.temp-1
groundtruth,temp-1,temp-1-1758915252358,1758915252.3589346,1758915252.3589346,1758915252.3589346,float,C,28.666918147646395,,,,,groundtruth,GroundTruthStream,{'ground_truth': 28.666918147646395},groundtruth.temp-1
observed,temp-1,temp-1-1758915055347,1758915055.347659,1758915055.3590314,1758915055.347659,float,C,,,,,,missing,SimulatedDroppingStream,{},observed.temp-1
reconstructed,temp-1,temp-1-1758915055347,1758915055.347659,1758915055.3590314,1758915055.347659,float,C,32.085120636900285,32.085120636900285,KalmanFilter,0.592735154558531,True,reconstructed,SimulatedDroppingStream,{},reconstructed.temp-1
groundtruth,temp-1,temp-1-1758915253348,1758915253.3486333,1758915253.3486333,1758915253.3486333,float,C,28.410132536505028,,,,,groundtruth,GroundTruthStream,{'ground_truth': 28.410132536505028},groundtruth.temp-1
observed,temp-1,temp-1-1758915056356,1758915056.3564785,1758915056.3564785,1758915056.3564785,float,C,20.363159433749573,,,,,observed,SimulatedDroppingStream,{'ground_truth': 20.363159433749573},observed.temp-1
reconstructed,temp-1,temp-1-1758915056356,1758915056.3564785,1758915056.3564785,1758915056.3564785,float,C,20.363159433749573,20.93087548671819,observed,1.0,False,observed,SimulatedDroppingStream,{'ground_truth': 20.363159433749573},reconstructed.temp-1
groundtruth,temp-1,temp-1-1758915254361,1758915254.361573,1758915254.361573,1758915254.361573,float,C,24.966812502199197,,,,,groundtruth,GroundTruthStream,{'ground_truth': 24.966812502199197},groundtruth.temp-1
observed,temp-1,temp-1-1758915057362,1758915057.362261,1758915057.362261,1758915057.362261,float,C,17.321134878517103,,,,,observed,SimulatedDroppingStream,{'ground_truth': 17.321134878517103},observed.temp-1
reconstructed,temp-1,temp-1-1758915057362,1758915057.362261,1758915057.362261,1758915057.362261,float,C,17.321134878517103,17.17979900146151,observed,1.0,False,observed,SimulatedDroppingStream,{'ground_truth': 17.321134878517103},reconstructed.temp-1
groundtruth,temp-1,temp-1-1758915255356,1758915255.3560874,1758915255.3560874,1758915255.3560874,float,C,28.993782959991407,,,,,groundtruth,GroundTruthStream,{'ground_truth': 28.993782959991407},groundtruth.temp-1
observed,temp-1,temp-1-1758915058347,1758915058.347659,1758915058.3554523,1758915058.347659,float,C,,,,,,missing,SimulatedDroppingStream,{},observed.temp-1
reconstructed,temp-1,temp-1-1758915058347,1758915058.347659,1758915058.3554523,1758915058.347659,float,C,11.91073483866424,11.91073483866424,KalmanFilter,0.5838791527802596,True,reconstructed,SimulatedDroppingStream,{},reconstructed.temp-1
groundtruth,temp-1,temp-1-1758915257363,1758915257.3638582,1758915257.3638582,1758915257.3638582,float,C,20.62285214008056,,,,,groundtruth,GroundTruthStream,{'ground_truth': 20.62285214008056},groundtruth.temp-1
observed,temp-1,temp-1-1758915059347,1758915059.347659,1758915059.3497252,1758915059.347659,float,C,,,,,,missing,SimulatedDroppingStream,{},observed.temp-1
reconstructed,temp-1,temp-1-1758915059347,1758915059.347659,1758915059.3497252,1758915059.347659,float,C,5.428437235387934,5.428437235387934,KalmanFilter,0.2413135724427358,True,reconstructed,SimulatedDroppingStream,{},reconstructed.temp-1
groundtruth,temp-1,temp-1-1758915258359,1758915258.3599093,1758915258.3599093,1758915258.3599093,float,C,16.85779802147662,,,,,groundtruth,GroundTruthStream,{'ground_truth': 16.85779802147662},groundtruth.temp-1
observed,temp-1,temp-1-1758915060360,1758915060.3607988,1758915060.3607988,1758915060.3607988,float,C,17.444458474225122,,,,,observed,SimulatedDroppingStream,{'ground_truth': 17.444458474225122},observed.temp-1
reconstructed,temp-1,temp-1-1758915060360,1758915060.3607988,1758915060.3607988,1758915060.3607988,float,C,17.444458474225122,17.241875860090236,observed,1.0,False,observed,SimulatedDroppingStream,{'ground_truth': 17.444458474225122},reconstructed.temp-1
groundtruth,temp-1,temp-1-1758915259355,1758915259.3558912,1758915259.3558912,1758915259.3558912,float,C,21.058640890361545,,,,,groundtruth,GroundTruthStream,{'ground_truth': 21.058640890361545},groundtruth.temp-1
observed,temp-1,temp-1-1758915061357,1758915061.3579123,1758915061.3579123,1758915061.3579123,float,C,20.175347080971587,,,,,observed,SimulatedDroppingStream,{'ground_truth': 20.175347080971587},observed.temp-1
reconstructed,temp-1,temp-1-1758915061357,1758915061.3579123,1758915061.3579123,1758915061.3579123,float,C,20.175347080971587,20.05085322007445,observed,1.0,False,observed,SimulatedDroppingStream,{'ground_truth': 20.175347080971587},reconstructed.temp-1
groundtruth,temp-1,temp-1-1758915260352,1758915260.3524075,1758915260.3524075,1758915260.3524075,float,C,21.10314729363661,,,,,groundtruth,GroundTruthStream,{'ground_truth': 21.10314729363661},groundtruth.temp-1
observed,temp-1,temp-1-1758915062359,1758915062.3597882,1758915062.3597882,1758915062.3597882,float,C,15.63135342350822,,,,,observed,SimulatedDroppingStream,{'ground_truth': 15.63135342350822},observed.temp-1
reconstructed,temp-1,temp-1-1758915062359,1758915062.3597882,1758915062.3597882,1758915062.3597882,float,C,15.63135342350822,16.597675919848548,observed,1.0,False,observed,SimulatedDroppingStream,{'ground_truth': 15.63135342350822},reconstructed.temp-1
groundtruth,temp-1,temp-1-1758915261359,1758915261.3592343,1758915261.3592343,1758915261.3592343,float,C,26.809524450471777,,,,,groundtruth,GroundTruthStream,{'ground_truth': 26.809524450471777},groundtruth.temp-1
observed,temp-1,temp-1-1758915063351,1758915063.3513806,1758915063.3513806,1758915063.3513806,float,C,15.708944995551775,,,,,observed,SimulatedDroppingStream,{'ground_truth': 15.708944995551775},observed.temp-1
reconstructed,temp-1,temp-1-1758915063351,1758915063.3513806,1758915063.3513806,1758915063.3513806,float,C,15.708944995551775,15.568535555805653,observed,1.0,False,observed,SimulatedDroppingStream,{'ground_truth': 15.708944995551775},reconstructed.temp-1
groundtruth,temp-1,temp-1-1758915262354,1758915262.3547955,1758915262.3547955,1758915262.3547955,float,C,16.06426442276674,,,,,groundtruth,GroundTruthStream,{'ground_truth': 16.06426442276674},groundtruth.temp-1
observed,temp-1,temp-1-1758915064361,1758915064.3619463,1758915064.3619463,1758915064.3619463,float,C,27.207699914437597,,,,,observed,SimulatedDroppingStream,{'ground_truth': 27.207699914437597},observed.temp-1
reconstructed,temp-1,temp-1-1758915064361,1758915064.3619463,1758915064.3619463,1758915064.3619463,float,C,27.207699914437597,25.468086131088825,observed,1.0,False,observed,SimulatedDroppingStream,{'ground_truth': 27.207699914437597},reconstructed.temp-1
groundtruth,temp-1,temp-1-1758915264359,1758915264.359615,1758915264.359615,1758915264.359615,float,C,22.761105375928274,,,,,groundtruth,GroundTruthStream,{'ground_truth': 22.761105375928274},groundtruth.temp-1
observed,temp-1,temp-1-1758915065347,1758915065.347659,1758915065.3616931,1758915065.347659,float,C,,,,,,missing,SimulatedDroppingStream,{},observed.temp-1
reconstructed,temp-1,temp-1-1758915065347,1758915065.347659,1758915065.3616931,1758915065.347659,float,C,34.44945281500679,34.44945281500679,KalmanFilter,0.5967902746914007,True,reconstructed,SimulatedDroppingStream,{},reconstructed.temp-1
groundtruth,temp-1,temp-1-1758915265357,1758915265.3578377,1758915265.3578377,1758915265.3578377,float,C,26.884208560321895,,,,,groundtruth,GroundTruthStream,{'ground_truth': 26.884208560321895},groundtruth.temp-1
observed,temp-1,temp-1-1758915066347,1758915066.347659,1758915066.358223,1758915066.347659,float,C,,,,,,missing,SimulatedDroppingStream,{},observed.temp-1
reconstructed,temp-1,temp-1-1758915066347,1758915066.347659,1758915066.358223,1758915066.347659,float,C,46.362423839081984,46.362423839081984,KalmanFilter,0.25316884280451996,True,reconstructed,SimulatedDroppingStream,{},reconstructed.temp-1
groundtruth,temp-1,temp-1-1758915266355,1758915266.3554008,1758915266.3554008,1758915266.3554008,float,C,19.889091172824465,,,,,groundtruth,GroundTruthStream,{'ground_truth': 19.889091172824465},groundtruth.temp-1
observed,temp-1,temp-1-1758915067357,1758915067.3576713,1758915067.3576713,1758915067.3576713,float,C,20.91492017486012,,,,,observed,SimulatedDroppingStream,{'ground_truth': 20.91492017486012},observed.temp-1
reconstructed,temp-1,temp-1-1758915067357,1758915067.3576713,1758915067.3576713,1758915067.3576713,float,C,20.91492017486012,21.354510292750035,observed,1.0,False,observed,SimulatedDroppingStream,{'ground_truth': 20.91492017486012},reconstructed.temp-1
groundtruth,temp-1,temp-1-1758915269357,1758915269.3577225,1758915269.3577225,1758915269.3577225,float,C,29.14634947176694,,,,,groundtruth,GroundTruthStream,{'ground_truth': 29.14634947176694},groundtruth.temp-1
observed,temp-1,temp-1-1758915068347,1758915068.347659,1758915068.3500488,1758915068.347659,float,C,,,,,,missing,SimulatedDroppingStream,{},observed.temp-1
reconstructed,temp-1,temp-1-1758915068347,1758915068.347659,1758915068.3500488,1758915068.347659,float,C,16.937734877472753,16.937734877472753,KalmanFilter,0.5746423825630942,True,reconstructed,SimulatedDroppingStream,{},reconstructed.temp-1
groundtruth,temp-1,temp-1-1758915270354,1758915270.3546145,1758915270.3546145,1758915270.3546145,float,C,28.572053603010836,,,,,groundtruth,GroundTruthStream,{'ground_truth': 28.572053603010836},groundtruth.temp-1
observed,temp-1,temp-1-1758915069347,1758915069.347659,1758915069.3632812,1758915069.347659,float,C,,,,,,missing,SimulatedDroppingStream,{},observed.temp-1
reconstructed,temp-1,temp-1-1758915069347,1758915069.347659,1758915069.3632812,1758915069.347659,float,C,10.65749777468969,10.65749777468969,KalmanFilter,0.22374136232861958,True,reconstructed,SimulatedDroppingStream,{},reconstructed.temp-1
groundtruth,temp-1,temp-1-1758915271363,1758915271.36372,1758915271.36372,1758915271.36372,float,C,17.37579830587508,,,,,groundtruth,GroundTruthStream,{'ground_truth': 17.37579830587508},groundtruth.temp-1
observed,temp-1,temp-1-1758915070354,1758915070.354332,1758915070.354332,1758915070.354332,float,C,21.701220830446815,,,,,observed,SimulatedDroppingStream,{'ground_truth': 21.701220830446815},observed.temp-1
reconstructed,temp-1,temp-1-1758915070354,1758915070.354332,1758915070.354332,1758915070.354332,float,C,21.701220830446815,21.525924822302528,observed,1.0,False,observed,SimulatedDroppingStream,{'ground_truth': 21.701220830446815},reconstructed.temp-1
groundtruth,temp-1,temp-1-1758915272359,1758915272.3593607,1758915272.3593607,1758915272.3593607,float,C,19.724420316795417,,,,,groundtruth,GroundTruthStream,{'ground_truth': 19.724420316795417},groundtruth.temp-1
observed,temp-1,temp-1-1758915071348,1758915071.348906,1758915071.348906,1758915071.348906,float,C,24.323547694615918,,,,,observed,SimulatedDroppingStream,{'ground_truth': 24.323547694615918},observed.temp-1
reconstructed,temp-1,temp-1-1758915071348,1758915071.348906,1758915071.348906,1758915071.348906,float,C,24.323547694615918,24.064525531656788,observed,1.0,False,observed,SimulatedDroppingStream,{'ground_truth': 24.323547694615918},reconstructed.temp-1
groundtruth,temp-1,temp-1-1758915273355,1758915273.3553984,1758915273.3553984,1758915273.3553984,float,C,18.73207441818883,,,,,groundtruth,GroundTruthStream,{'ground_truth': 18.73207441818883},groundtruth.temp-1
observed,temp-1,temp-1-1758915072358,1758915072.3584394,1758915072.3584394,1758915072.3584394,float,C,18.674504685065116,,,,,observed,SimulatedDroppingStream,{'ground_truth': 18.674504685065116},observed.temp-1
reconstructed,temp-1,temp-1-1758915072358,1758915072.3584394,1758915072.3584394,1758915072.3584394,float,C,18.674504685065116,19.643449266009185,observed,1.0,False,observed,SimulatedDroppingStream,{'ground_truth': 18.674504685065116},reconstructed.temp-1
groundtruth,temp-1,temp-1-1758915274362,1758915274.3628185,1758915274.3628185,1758915274.3628185,float,C,27.687283737701982,,,,,groundtruth,GroundTruthStream,{'ground_truth': 27.687283737701982},groundtruth.temp-1
observed,temp-1,temp-1-1758915073360,1758915073.360859,1758915073.360859,1758915073.360859,float,C,28.948432374712752,,,,,observed,SimulatedDroppingStream,{'ground_truth': 28.948432374712752},observed.temp-1
reconstructed,temp-1,temp-1-1758915073360,1758915073.360859,1758915073.360859,1758915073.360859,float,C,28.948432374712752,27.352009464930816,observed,1.0,False,observed,SimulatedDroppingStream,{'ground_truth': 28.948432374712752},reconstructed.temp-1
groundtruth,temp-1,temp-1-1758915275356,1758915275.3564956,1758915275.3564956,1758915275.3564956,float,C,17.534794049338448,,,,,groundtruth,GroundTruthStream,{'ground_truth': 17.534794049338448},groundtruth.temp-1
observed,temp-1,temp-1-1758915074362,1758915074.3621545,1758915074.3621545,1758915074.3621545,float,C,22.066060636495138,,,,,observed,SimulatedDroppingStream,{'ground_truth': 22.066060636495138},observed.temp-1
reconstructed,temp-1,temp-1-1758915074362,1758915074.3621545,1758915074.3621545,1758915074.3621545,float,C,22.066060636495138,23.534495408138234,observed,1.0,False,observed,SimulatedDroppingStream,{'ground_truth': 22.066060636495138},reconstructed.temp-1
groundtruth,temp-1,temp-1-1758915276352,1758915276.3528016,1758915276.3528016,1758915276.3528016,float,C,25.140709707386947,,,,,groundtruth,GroundTruthStream,{'ground_truth': 25.140709707386947},groundtruth.temp-1
observed,temp-1,temp-1-1758915075363,1758915075.3639839,1758915075.3639839,1758915075.3639839,float,C,24.217995997234112,,,,,observed,SimulatedDroppingStream,{'ground_truth': 24.217995997234112},observed.temp-1
reconstructed,temp-1,temp-1-1758915075363,1758915075.3639839,1758915075.3639839,1758915075.3639839,float,C,24.217995997234112,23.941681134018467,observed,1.0,False,observed,SimulatedDroppingStream,{'ground_truth': 24.217995997234112},reconstructed.temp-1
groundtruth,temp-1,temp-1-1758915277361,1758915277.3613694,1758915277.3613694,1758915277.3613694,float,C,23.210490437879706,,,,,groundtruth,GroundTruthStream,{'ground_truth': 23.210490437879706},groundtruth.temp-1
observed,temp-1,temp-1-1758915076361,1758915076.3619566,1758915076.3619566,1758915076.3619566,float,C,25.051127338615437,,,,,observed,SimulatedDroppingStream,{'ground_truth': 25.051127338615437},observed.temp-1
reconstructed,temp-1,temp-1-1758915076361,1758915076.3619566,1758915076.3619566,1758915076.3619566,float,C,25.051127338615437,24.83713828216619,observed,1.0,False,observed,SimulatedDroppingStream,{'ground_truth': 25.051127338615437},reconstructed.temp-1
groundtruth,temp-1,temp-1-1758915278352,1758915278.3522015,1758915278.3522015,1758915278.3522015,float,C,20.004435216905158,,,,,groundtruth,GroundTruthStream,{'ground_truth': 20.004435216905158},groundtruth.temp-1
observed,temp-1,temp-1-1758915077361,1758915077.3610268,1758915077.3610268,1758915077.3610268,float,C,23.87726411289804,,,,,observed,SimulatedDroppingStream,{'ground_truth': 23.87726411289804},observed.temp-1
reconstructed,temp-1,temp-1-1758915077361,1758915077.3610268,1758915077.3610268,1758915077.3610268,float,C,23.87726411289804,24.065489991599375,observed,1.0,False,observed,SimulatedDroppingStream,{'ground_truth': 23.87726411289804},reconstructed.temp-1
groundtruth,temp-1,temp-1-1758915279360,1758915279.3601396,1758915279.3601396,1758915279.3601396,float,C,23.069492893097973,,,,,groundtruth,GroundTruthStream,{'ground_truth': 23.069492893097973},groundtruth.temp-1
observed,temp-1,temp-1-1758915078347,1758915078.347659,1758915078.3593948,1758915078.347659,float,C,,,,,,missing,SimulatedDroppingStream,{},observed.temp-1
reconstructed,temp-1,temp-1-1758915078347,1758915078.347659,1758915078.3593948,1758915078.347659,float,C,23.41536712585987,23.41536712585987,KalmanFilter,0.597400475442134,True,reconstructed,SimulatedDroppingStream,{},reconstructed.temp-1
groundtruth,temp-1,temp-1-1758915280354,1758915280.3542318,1758915280.3542318,1758915280.3542318,float,C,20.136297941273327,,,,,groundtruth,GroundTruthStream,{'ground_truth': 20.136297941273327},groundtruth.temp-1
observed,temp-1,temp-1-1758915079356,1758915079.3564155,1758915079.3564155,1758915079.3564155,float,C,19.958579450354378,,,,,observed,SimulatedDroppingStream,{'ground_truth': 19.958579450354378},observed.temp-1
reconstructed,temp-1,temp-1-1758915079356,1758915079.3564155,1758915079.3564155,1758915079.3564155,float,C,19.958579450354378,20.04128458522872,observed,1.0,False,observed,SimulatedDroppingStream,{'ground_truth': 19.958579450354378},reconstructed.temp-1
groundtruth,temp-1,temp-1-1758915281362,1758915281.3620834,1758915281.3620834,1758915281.3620834,float,C,24.079780888475312,,,,,groundtruth,GroundTruthStream,{'ground_truth': 24.079780888475312},groundtruth.temp-1
observed,temp-1,temp-1-1758915080347,1758915080.347659,1758915080.3573036,1758915080.347659,float,C,,,,,,missing,SimulatedDroppingStream,{},observed.temp-1
reconstructed,temp-1,temp-1-1758915080347,1758915080.347659,1758915080.3573036,1758915080.347659,float,C,17.067513457221096,17.067513457221096,KalmanFilter,0.5964094296761716,True,reconstructed,SimulatedDroppingStream,{},reconstructed.temp-1
groundtruth,temp-1,temp-1-1758915283354,1758915283.35468,1758915283.35468,1758915283.35468,float,C,25.253803400045747,,,,,groundtruth,GroundTruthStream,{'ground_truth': 25.253803400045747},groundtruth.temp-1
observed,temp-1,temp-1-1758915081347,1758915081.347659,1758915081.3606858,1758915081.347659,float,C,,,,,,missing,SimulatedDroppingStream,{},observed.temp-1
reconstructed,temp-1,temp-1-1758915081347,1758915081.347659,1758915081.3606858,1758915081.347659,float,C,13.358090712561223,13.358090712561223,KalmanFilter,0.2488508065552935,True,reconstructed,SimulatedDroppingStream,{},reconstructed.temp-1
groundtruth,temp-1,temp-1-1758915284363,1758915284.3631065,1758915284.3631065,1758915284.3631065,float,C,20.22547904867135,,,,,groundtruth,GroundTruthStream,{'ground_truth': 20.22547904867135},groundtruth.temp-1
observed,temp-1,temp-1-1758915082361,1758915082.3614368,1758915082.3614368,1758915082.3614368,float,C,21.305871112557924,,,,,observed,SimulatedDroppingStream,{'ground_truth': 21.305871112557924},observed.temp-1
reconstructed,temp-1,temp-1-1758915082361,1758915082.3614368,1758915082.3614368,1758915082.3614368,float,C,21.305871112557924,21.175102055890093,observed,1.0,False,observed,SimulatedDroppingStream,{'ground_truth': 21.305871112557924},reconstructed.temp-1
groundtruth,temp-1,temp-1-1758915285354,1758915285.354961,1758915285.354961,1758915285.354961,float,C,18.873935247996748,,,,,groundtruth,GroundTruthStream,{'ground_truth': 18.873935247996748},groundtruth.temp-1
observed,temp-1,temp-1-1758915083359,1758915083.35936,1758915083.35936,1758915083.35936,float,C,19.06583789772047,,,,,observed,SimulatedDroppingStream,{'ground_truth': 19.06583789772047},observed.temp-1
reconstructed,temp-1,temp-1-1758915083359,1758915083.35936,1758915083.35936,1758915083.35936,float,C,19.06583789772047,19.515796289486005,observed,1.0,False,observed,SimulatedDroppingStream,{'ground_truth': 19.06583789772047},reconstructed.temp-1
groundtruth,temp-1,temp-1-1758915286361,1758915286.3619113,1758915286.3619113,1758915286.3619113,float,C,17.608888265855946,,,,,groundtruth,GroundTruthStream,{'ground_truth': 17.608888265855946},groundtruth.temp-1
observed,temp-1,temp-1-1758915084351,1758915084.3516865,1758915084.3516865,1758915084.3516865,float,C,28.5821908136676,,,,,observed,SimulatedDroppingStream,{'ground_truth': 28.5821908136676},observed.temp-1
reconstructed,temp-1,temp-1-1758915084351,1758915084.3516865,1758915084.3516865,1758915084.3516865,float,C,28.5821908136676,27.412070407082574,observed,1.0,False,observed,SimulatedDroppingStream,{'ground_truth': 28.5821908136676},reconstructed.temp-1
groundtruth,temp-1,temp-1-1758915287359,1758915287.359504,1758915287.359504,1758915287.359504,float,C,23.766499439344386,,,,,groundtruth,GroundTruthStream,{'ground_truth': 23.766499439344386},groundtruth.temp-1
observed,temp-1,temp-1-1758915085347,1758915085.347659,1758915085.3600028,1758915085.347659,float,C,,,,,,missing,SimulatedDroppingStream,{},observed.temp-1
reconstructed,temp-1,temp-1-1758915085347,1758915085.347659,1758915085.3600028,1758915085.347659,float,C,34.916229307599075,34.916229307599075,KalmanFilter,0.5906306039860525,True,reconstructed,SimulatedDroppingStream,{},reconstructed.temp-1
groundtruth,temp-1,temp-1-1758915288353,1758915288.3538747,1758915288.3538747,1758915288.3538747,float,C,27.928311927341852,,,,,groundtruth,GroundTruthStream,{'ground_truth': 27.928311927341852},groundtruth.temp-1
observed,temp-1,temp-1-1758915086356,1758915086.3565419,1758915086.3565419,1758915086.3565419,float,C,19.886918837488892,,,,,observed,SimulatedDroppingStream,{'ground_truth': 19.886918837488892},observed.temp-1
reconstructed,temp-1,temp-1-1758915086356,1758915086.3565419,1758915086.3565419,1758915086.3565419,float,C,19.886918837488892,20.687171931489654,observed,1.0,False,observed,SimulatedDroppingStream,{'ground_truth': 19.886918837488892},reconstructed.temp-1
groundtruth,temp-1,temp-1-1758915289350,1758915289.3506646,1758915289.3506646,1758915289.3506646,float,C,24.675295867683197,,,,,groundtruth,GroundTruthStream,{'ground_truth': 24.675295867683197},groundtruth.temp-1
observed,temp-1,temp-1-1758915087354,1758915087.3542306,1758915087.3542306,1758915087.3542306,float,C,16.191293150037815,,,,,observed,SimulatedDroppingStream,{'ground_truth': 16.191293150037815},observed.temp-1
reconstructed,temp-1,temp-1-1758915087354,1758915087.3542306,1758915087.3542306,1758915087.3542306,float,C,16.191293150037815,16.132135905922727,observed,1.0,False,observed,SimulatedDroppingStream,{'ground_truth': 16.191293150037815},reconstructed.temp-1
groundtruth,temp-1,temp-1-1758915290363,1758915290.3632548,1758915290.3632548,1758915290.3632548,float,C,25.050180325680444,,,,,groundtruth,GroundTruthStream,{'ground_truth': 25.050180325680444},groundtruth.temp-1
observed,temp-1,temp-1-1758915088356,1758915088.3561733,1758915088.3561733,1758915088.3561733,float,C,23.027483849654278,,,,,observed,SimulatedDroppingStream,{'ground_truth': 23.027483849654278},observed.temp-1
reconstructed,temp-1,temp-1-1758915088356,1758915088.3561733,1758915088.3561733,1758915088.3561733,float,C,23.027483849654278,21.374756348212806,observed,1.0,False,observed,SimulatedDroppingStream,{'ground_truth': 23.027483849654278},reconstructed.temp-1
groundtruth,temp-1,temp-1-1758915291357,1758915291.357955,1758915291.357955,1758915291.357955,float,C,28.943262098179577,,,,,groundtruth,GroundTruthStream,{'ground_truth': 28.943262098179577},groundtruth.temp-1
observed,temp-1,temp-1-1758915089347,1758915089.347659,1758915089.354755,1758915089.347659,float,C,,,,,,missing,SimulatedDroppingStream,{},observed.temp-1
reconstructed,temp-1,temp-1-1758915089347,1758915089.347659,1758915089.354755,1758915089.347659,float,C,24.5403708165365,24.5403708165365,KalmanFilter,0.5925756060461443,True,reconstructed,SimulatedDroppingStream,{},reconstructed.temp-1
groundtruth,temp-1,temp-1-1758915292354,1758915292.354776,1758915292.354776,1758915292.354776,float,C,20.03500477829723,,,,,groundtruth,GroundTruthStream,{'ground_truth': 20.03500477829723},groundtruth.temp-1
observed,temp-1,temp-1-1758915090347,1758915090.347659,1758915090.3548517,1758915090.347659,float,C,,,,,,missing,SimulatedDroppingStream,{},observed.temp-1
reconstructed,temp-1,temp-1-1758915090347,1758915090.347659,1758915090.3548517,1758915090.347659,float,C,29.309412381420636,29.309412381420636,KalmanFilter,0.2507103693801742,True,reconstructed,SimulatedDroppingStream,{},reconstructed.temp-1
groundtruth,temp-1,temp-1-1758915294358,1758915294.358467,1758915294.358467,1758915294.358467,float,C,28.949402031023396,,,,,groundtruth,GroundTruthStream,{'ground_truth': 28.949402031023396},groundtruth.temp-1
observed,temp-1,temp-1-1758915091352,1758915091.3525057,1758915091.3525057,1758915091.3525057,float,C,21.24620402120172,,,,,observed,SimulatedDroppingStream,{'ground_truth': 21.24620402120172},observed.temp-1
reconstructed,temp-1,temp-1-1758915091352,1758915091.3525057,1758915091.3525057,1758915091.3525057,float,C,21.24620402120172,21.40232013738818,observed,1.0,False,observed,SimulatedDroppingStream,{'ground_truth': 21.24620402120172},reconstructed.temp-1
groundtruth,temp-1,temp-1-1758915295353,1758915295.3530657,1758915295.3530657,1758915295.3530657,float,C,15.261220394003939,,,,,groundtruth,GroundTruthStream,{'ground_truth': 15.261220394003939},groundtruth.temp-1
observed,temp-1,temp-1-1758915092363,1758915092.3638566,1758915092.3638566,1758915092.3638566,float,C,20.513543261625117,,,,,observed,SimulatedDroppingStream,{'ground_truth': 20.513543261625117},observed.temp-1
reconstructed,temp-1,temp-1-1758915092363,1758915092.3638566,1758915092.3638566,1758915092.3638566,float,C,20.513543261625117,20.6257053984766,observed,1.0,False,observed,SimulatedDroppingStream,{'ground_truth': 20.513543261625117},reconstructed.temp-1
groundtruth,temp-1,temp-1-1758915296363,1758915296.3638477,1758915296.3638477,1758915296.3638477,float,C,16.428690830596608,,,,,groundtruth,GroundTruthStream,{'ground_truth': 16.428690830596608},groundtruth.temp-1
observed,temp-1,temp-1-1758915093348,1758915093.3488073,1758915093.3488073,1758915093.3488073,float,C,26.580056177302353,,,,,observed,SimulatedDroppingStream,{'ground_truth': 26.580056177302353},observed.temp-1
reconstructed,temp-1,temp-1-1758915093348,1758915093.3488073,1758915093.3488073,1758915093.3488073,float,C,26.580056177302353,25.78628084794623,observed,1.0,False,observed,SimulatedDroppingStream,{'ground_truth': 26.580056177302353},reconstructed.temp-1
groundtruth,temp-1,temp-1-1758915299350,1758915299.3504431,1758915299.3504431,1758915299.3504431,float,C,16.37000416914582,,,,,groundtruth,GroundTruthStream,{'ground_truth': 16.37000416914582},groundtruth.temp-1
observed,temp-1,temp-1-1758915094360,1758915094.3605413,1758915094.3605413,1758915094.3605413,float,C,29.442778500021284,,,,,observed,SimulatedDroppingStream,{'ground_truth': 29.442778500021284},observed.temp-1
reconstructed,temp-1,temp-1-1758915094360,1758915094.3605413,1758915094.3605413,1758915094.3605413,float,C,29.442778500021284,29.579438116133492,observed,1.0,False,observed,SimulatedDroppingStream,{'ground_truth': 29.442778500021284},reconstructed.temp-1
groundtruth,temp-1,temp-1-1758915300349,1758915300.349945,1758915300.349945,1758915300.349945,float,C,16.42105932347435,,,,,groundtruth,GroundTruthStream,{'ground_truth': 16.42105932347435},groundtruth.temp-1
observed,temp-1,temp-1-1758915095354,1758915095.354296,1758915095.354296,1758915095.354296,float,C,16.658138250731902,,,,,observed,SimulatedDroppingStream,{'ground_truth': 16.658138250731902},observed.temp-1
reconstructed,temp-1,temp-1-1758915095354,1758915095.354296,1758915095.354296,1758915095.354296,float,C,16.658138250731902,19.00216122260332,observed,1.0,False,observed,SimulatedDroppingStream,{'ground_truth': 16.658138250731902},reconstructed.temp-1
groundtruth,temp-1,temp-1-1758915301360,1758915301.3601477,1758915301.3601477,1758915301.3601477,float,C,21.547232401912023,,,,,groundtruth,GroundTruthStream,{'ground_truth': 21.547232401912023},groundtruth.temp-1
observed,temp-1,temp-1-1758915096361,1758915096.3618255,1758915096.3618255,1758915096.3618255,float,C,26.854420562277674,,,,,observed,SimulatedDroppingStream,{'ground_truth': 26.854420562277674},observed.temp-1
reconstructed,temp-1,temp-1-1758915096361,1758915096.3618255,1758915096.3618255,1758915096.3618255,float,C,26.854420562277674,24.69874628119812,observed,1.0,False,observed,SimulatedDroppingStream,{'ground_truth': 26.854420562277674},reconstructed.temp-1
groundtruth,temp-1,temp-1-1758915302357,1758915302.3574162,1758915302.3574162,1758915302.3574162,float,C,19.37098924289651,,,,,groundtruth,GroundTruthStream,{'ground_truth': 19.37098924289651},groundtruth.temp-1
observed,temp-1,temp-1-1758915097347,1758915097.347659,1758915097.3580096,1758915097.347659,float,C,,,,,,missing,SimulatedDroppingStream,{},observed.temp-1
reconstructed,temp-1,temp-1-1758915097347,1758915097.347659,1758915097.3580096,1758915097.347659,float,C,26.42031683727258,26.42031683727258,KalmanFilter,0.5967991595394078,True,reconstructed,SimulatedDroppingStream,{},reconstructed.temp-1
groundtruth,temp-1,temp-1-1758915304351,1758915304.351198,1758915304.351198,1758915304.351198,float,C,22.429647991235175,,,,,groundtruth,GroundTruthStream,{'ground_truth': 22.429647991235175},groundtruth.temp-1
observed,temp-1,temp-1-1758915098351,1758915098.3510635,1758915098.3510635,1758915098.3510635,float,C,21.229645560843032,,,,,observed,SimulatedDroppingStream,{'ground_truth': 21.229645560843032},observed.temp-1
reconstructed,temp-1,temp-1-1758915098351,1758915098.3510635,1758915098.3510635,1758915098.3510635,float,C,21.229645560843032,21.48243991146461,observed,1.0,False,observed,SimulatedDroppingStream,{'ground_truth': 21.229645560843032},reconstructed.temp-1
groundtruth,temp-1,temp-1-1758915305351,1758915305.351049,1758915305.351049,1758915305.351049,float,C,23.0573808429343,,,,,groundtruth,GroundTruthStream,{'ground_truth': 23.0573808429343},groundtruth.temp-1
observed,temp-1,temp-1-1758915099360,1758915099.3605194,1758915099.3605194,1758915099.3605194,float,C,21.085797911292314,,,,,observed,SimulatedDroppingStream,{'ground_truth': 21.085797911292314},observed.temp-1
reconstructed,temp-1,temp-1-1758915099360,1758915099.3605194,1758915099.3605194,1758915099.3605194,float,C,21.085797911292314,20.876948395320596,observed,1.0,False,observed,SimulatedDroppingStream,{'ground_truth': 21.085797911292314},reconstructed.temp-1
groundtruth,temp-1,temp-1-1758915306358,1758915306.3586454,1758915306.3586454,1758915306.3586454,float,C,16.978406847317437,,,,,groundtruth,GroundTruthStream,{'ground_truth': 16.978406847317437},groundtruth.temp-1
observed,temp-1,temp-1-1758915100358,1758915100.358273,1758915100.358273,1758915100.358273,float,C,15.030498990921071,,,,,observed,SimulatedDroppingStream,{'ground_truth': 15.030498990921071},observed.temp-1
reconstructed,temp-1,temp-1-1758915100358,1758915100.358273,1758915100.358273,1758915100.358273,float,C,15.030498990921071,15.603301592793006,observed,1.0,False,observed,SimulatedDroppingStream,{'ground_truth': 15.030498990921071},reconstructed.temp-1
groundtruth,temp-1,temp-1-1758915307357,1758915307.3575542,1758915307.3575542,1758915307.3575542,float,C,21.41799747052555,,,,,groundtruth,GroundTruthStream,{'ground_truth': 21.41799747052555},groundtruth.temp-1
observed,temp-1,temp-1-1758915101351,1758915101.3510184,1758915101.3510184,1758915101.3510184,float,C,28.57559102263774,,,,,observed,SimulatedDroppingStream,{'ground_truth': 28.57559102263774},observed.temp-1
reconstructed,temp-1,temp-1-1758915101351,1758915101.3510184,1758915101.3510184,1758915101.3510184,float,C,28.57559102263774,26.24696151398365,observed,1.0,False,observed,SimulatedDroppingStream,{'ground_truth': 28.57559102263774},reconstructed.temp-1
groundtruth,temp-1,temp-1-1758915309363,1758915309.363057,1758915309.363057,1758915309.363057,float,C,28.225343838230643,,,,,groundtruth,GroundTruthStream,{'ground_truth': 28.225343838230643},groundtruth.temp-1
observed,temp-1,temp-1-1758915102362,1758915102.3620684,1758915102.3620684,1758915102.3620684,float,C,27.670262790721488,,,,,observed,SimulatedDroppingStream,{'ground_truth': 27.670262790721488},observed.temp-1
reconstructed,temp-1,temp-1-1758915102362,1758915102.3620684,1758915102.3620684,1758915102.3620684,float,C,27.670262790721488,28.611663804726515,observed,1.0,False,observed,SimulatedDroppingStream,{'ground_truth': 27.670262790721488},reconstructed.temp-1
groundtruth,temp-1,temp-1-1758915310356,1758915310.3563228,1758915310.3563228,1758915310.3563228,float,C,29.388640751410875,,,,,groundtruth,GroundTruthStream,{'ground_truth': 29.388640751410875},groundtruth.temp-1
observed,temp-1,temp-1-1758915103347,1758915103.347659,1758915103.353328,1758915103.347659,float,C,,,,,,missing,SimulatedDroppingStream,{},observed.temp-1
reconstructed,temp-1,temp-1-1758915103347,1758915103.347659,1758915103.353328,1758915103.347659,float,C,34.49233084753833,34.49233084753833,KalmanFilter,0.5973080657835751,True,reconstructed,SimulatedDroppingStream,{},reconstructed.temp-1
groundtruth,temp-1,temp-1-1758915311348,1758915311.3488803,1758915311.3488803,1758915311.3488803,float,C,21.335648627444023,,,,,groundtruth,GroundTruthStream,{'ground_truth': 21.335648627444023},groundtruth.temp-1
observed,temp-1,temp-1-1758915104349,1758915104.3491852,1758915104.3491852,1758915104.3491852,float,C,24.383609691532797,,,,,observed,SimulatedDroppingStream,{'ground_truth': 24.383609691532797},observed.temp-1
reconstructed,temp-1,temp-1-1758915104349,1758915104.3491852,1758915104.3491852,1758915104.3491852,float,C,24.383609691532797,24.95660916070985,observed,1.0,False,observed,SimulatedDroppingStream,{'ground_truth': 24.383609691532797},reconstructed.temp-1
groundtruth,temp-1,temp-1-1758915313357,1758915313.3570178,1758915313.3570178,1758915313.3570178,float,C,24.259584032056715,,,,,groundtruth,GroundTruthStream,{'ground_truth': 24.259584032056715},groundtruth.temp-1
observed,temp-1,temp-1-1758915105356,1758915105.3568525,1758915105.3568525,1758915105.3568525,float,C,17.828329218233673,,,,,observed,SimulatedDroppingStream,{'ground_truth': 17.828329218233673},observed.temp-1
reconstructed,temp-1,temp-1-1758915105356,1758915105.3568525,1758915105.3568525,1758915105.3568525,float,C,17.828329218233673,18.322414798648293,observed,1.0,False,observed,SimulatedDroppingStream,{'ground_truth': 17.828329218233673},reconstructed.temp-1
groundtruth,temp-1,temp-1-1758915314359,1758915314.359901,1758915314.359901,1758915314.359901,float,C,29.59350671985219,,,,,groundtruth,GroundTruthStream,{'ground_truth': 29.59350671985219},groundtruth.temp-1
observed,temp-1,temp-1-1758915106350,1758915106.3507981,1758915106.3507981,1758915106.3507981,float,C,29.824925123340677,,,,,observed,SimulatedDroppingStream,{'ground_truth': 29.824925123340677},observed.temp-1
reconstructed,temp-1,temp-1-1758915106350,1758915106.3507981,1758915106.3507981,1758915106.3507981,float,C,29.824925123340677,27.39778674765377,observed,1.0,False,observed,SimulatedDroppingStream,{'ground_truth': 29.824925123340677},reconstructed.temp-1
groundtruth,temp-1,temp-1-1758915315350,1758915315.3502007,1758915315.3502007,1758915315.3502007,float,C,16.607090493922296,,,,,groundtruth,GroundTruthStream,{'ground_truth': 16.607090493922296},groundtruth.temp-1
observed,temp-1,temp-1-1758915107360,1758915107.3609695,1758915107.3609695,1758915107.3609695,float,C,29.63567562987083,,,,,observed,SimulatedDroppingStream,{'ground_truth': 29.63567562987083},observed.temp-1
reconstructed,temp-1,temp-1-1758915107360,1758915107.3609695,1758915107.3609695,1758915107.3609695,float,C,29.63567562987083,30.132025563512233,observed,1.0,False,observed,SimulatedDroppingStream,{'ground_truth': 29.63567562987083},reconstructed.temp-1
groundtruth,temp-1,temp-1-1758915316356,1758915316.3563943,1758915316.3563943,1758915316.3563943,float,C,19.169228075515605,,,,,groundtruth,GroundTruthStream,{'ground_truth': 19.169228075515605},groundtruth.temp-1
observed,temp-1,temp-1-1758915108347,1758915108.347659,1758915108.355455,1758915108.347659,float,C,,,,,,missing,SimulatedDroppingStream,{},observed.temp-1
reconstructed,temp-1,temp-1-1758915108347,1758915108.347659,1758915108.355455,1758915108.347659,float,C,35.45528686445566,35.45528686445566,KalmanFilter,0.5972163933996888,True,reconstructed,SimulatedDroppingStream,{},reconstructed.temp-1
groundtruth,temp-1,temp-1-1758915317359,1758915317.3595881,1758915317.3595881,1758915317.3595881,float,C,21.78965439442537,,,,,groundtruth,GroundTruthStream,{'ground_truth': 21.78965439442537},groundtruth.temp-1
observed,temp-1,temp-1-1758915109353,1758915109.3530905,1758915109.3530905,1758915109.3530905,float,C,18.52149871611961,,,,,observed,SimulatedDroppingStream,{'ground_truth': 18.52149871611961},observed.temp-1
reconstructed,temp-1,temp-1-1758915109353,1758915109.3530905,1758915109.3530905,1758915109.3530905,float,C,18.52149871611961,19.302933929966997,observed,1.0,False,observed,SimulatedDroppingStream,{'ground_truth': 18.52149871611961},reconstructed.temp-1
groundtruth,temp-1,temp-1-1758915320360,1758915320.3608456,1758915320.3608456,1758915320.3608456,float,C,21.979765117729283,,,,,groundtruth,GroundTruthStream,{'ground_truth': 21.979765117729283},groundtruth.temp-1
observed,temp-1,temp-1-1758915110362,1758915110.3622665,1758915110.3622665,1758915110.3622665,float,C,27.116071239302315,,,,,observed,SimulatedDroppingStream,{'ground_truth': 27.116071239302315},observed.temp-1
reconstructed,temp-1,temp-1-1758915110362,1758915110.3622665,1758915110.3622665,1758915110.3622665,float,C,27.116071239302315,25.069226910531768,observed,1.0,False,observed,SimulatedDroppingStream,{'ground_truth': 27.116071239302315},reconstructed.temp-1
groundtruth,temp-1,temp-1-1758915321362,1758915321.362234,1758915321.362234,1758915321.362234,float,C,16.873210280522446,,,,,groundtruth,GroundTruthStream,{'ground_truth': 16.873210280522446},groundtruth.temp-1
observed,temp-1,temp-1-1758915111347,1758915111.347659,1758915111.350368,1758915111.347659,float,C,,,,,,missing,SimulatedDroppingStream,{},observed.temp-1
reconstructed,temp-1,temp-1-1758915111347,1758915111.347659,1758915111.350368,1758915111.347659,float,C,27.858294599160413,27.858294599160413,KalmanFilter,0.584161503385291,True,reconstructed,SimulatedDroppingStream,{},reconstructed.temp-1
groundtruth,temp-1,temp-1-1758915322356,1758915322.3563867,1758915322.3563867,1758915322.3563867,float,C,26.513229875466735,,,,,groundtruth,GroundTruthStream,{'ground_truth': 26.513229875466735},groundtruth.temp-1
observed,temp-1,temp-1-1758915112356,1758915112.3569045,1758915112.3569045,1758915112.3569045,float,C,22.555406483650433,,,,,observed,SimulatedDroppingStream,{'ground_truth': 22.555406483650433},observed.temp-1
reconstructed,temp-1,temp-1-1758915112356,1758915112.3569045,1758915112.3569045,1758915112.3569045,float,C,22.555406483650433,22.84963514993356,observed,1.0,False,observed,SimulatedDroppingStream,{'ground_truth': 22.555406483650433},reconstructed.temp-1
groundtruth,temp-1,temp-1-1758915323358,1758915323.3586442,1758915323.3586442,1758915323.3586442,float,C,22.4474508778421,,,,,groundtruth,GroundTruthStream,{'ground_truth': 22.4474508778421},groundtruth.temp-1
observed,temp-1,temp-1-1758915113359,1758915113.3596907,1758915113.3596907,1758915113.3596907,float,C,25.785911275026194,,,,,observed,SimulatedDroppingStream,{'ground_truth': 25.785911275026194},observed.temp-1
reconstructed,temp-1,temp-1-1758915113359,1758915113.3596907,1758915113.3596907,1758915113.3596907,float,C,25.785911275026194,25.288705149676233,observed,1.0,False,observed,SimulatedDroppingStream,{'ground_truth': 25.785911275026194},reconstructed.temp-1
groundtruth,temp-1,temp-1-1758915324356,1758915324.356372,1758915324.356372,1758915324.356372,float,C,26.495433931460703,,,,,groundtruth,GroundTruthStream,{'ground_truth': 26.495433931460703},groundtruth.temp-1
observed,temp-1,temp-1-1758915114347,1758915114.347659,1758915114.361397,1758915114.347659,float,C,,,,,,missing,SimulatedDroppingStream,{},observed.temp-1
reconstructed,temp-1,temp-1-1758915114347,1758915114.347659,1758915114.361397,1758915114.347659,float,C,27.432496686557588,27.432496686557588,KalmanFilter,0.5842446515063526,True,reconstructed,SimulatedDroppingStream,{},reconstructed.temp-1
groundtruth,temp-1,temp-1-1758915326364,1758915326.3647003,1758915326.3647003,1758915326.3647003,float,C,29.878868824669304,,,,,groundtruth,GroundTruthStream,{'ground_truth': 29.878868824669304},groundtruth.temp-1
observed,temp-1,temp-1-1758915115355,1758915115.3559926,1758915115.3559926,1758915115.3559926,float,C,22.788457018984495,,,,,observed,SimulatedDroppingStream,{'ground_truth': 22.788457018984495},observed.temp-1
reconstructed,temp-1,temp-1-1758915115355,1758915115.3559926,1758915115.3559926,1758915115.3559926,float,C,22.788457018984495,23.02203115242963,observed,1.0,False,observed,SimulatedDroppingStream,{'ground_truth': 22.788457018984495},reconstructed.temp-1
groundtruth,temp-1,temp-1-1758915327354,1758915327.3545303,1758915327.3545303,1758915327.3545303,float,C,26.080113767072476,,,,,groundtruth,GroundTruthStream,{'ground_truth': 26.080113767072476},groundtruth.temp-1
observed,temp-1,temp-1-1758915116347,1758915116.347659,1758915116.3605664,1758915116.347659,float,C,,,,,,missing,SimulatedDroppingStream,{},observed.temp-1
reconstructed,temp-1,temp-1-1758915116347,1758915116.347659,1758915116.3605664,1758915116.347659,float,C,21.48600602866072,21.48600602866072,KalmanFilter,0.5960576145786474,True,reconstructed,SimulatedDroppingStream,{},reconstructed.temp-1
groundtruth,temp-1,temp-1-1758915330356,1758915330.35676,1758915330.35676,1758915330.35676,float,C,17.919663023590427,,,,,groundtruth,GroundTruthStream,{'ground_truth': 17.919663023590427},groundtruth.temp-1
observed,temp-1,temp-1-1758915117349,1758915117.349632,1758915117.349632,1758915117.349632,float,C,17.888958506480567,,,,,observed,SimulatedDroppingStream,{'ground_truth': 17.888958506480567},observed.temp-1
reconstructed,temp-1,temp-1-1758915117349,1758915117.349632,1758915117.349632,1758915117.349632,float,C,17.888958506480567,17.937768756225694,observed,1.0,False,observed,SimulatedDroppingStream,{'ground_truth': 17.888958506480567},reconstructed.temp-1
groundtruth,temp-1,temp-1-1758915331356,1758915331.3566408,1758915331.3566408,1758915331.3566408,float,C,20.991141027504113,,,,,groundtruth,GroundTruthStream,{'ground_truth': 20.991141027504113},groundtruth.temp-1
observed,temp-1,temp-1-1758915118362,1758915118.3622932,1758915118.3622932,1758915118.3622932,float,C,28.68438680325867,,,,,observed,SimulatedDroppingStream,{'ground_truth': 28.68438680325867},observed.temp-1
reconstructed,temp-1,temp-1-1758915118362,1758915118.3622932,1758915118.3622932,1758915118.3622932,float,C,28.68438680325867,26.86431926111085,observed,1.0,False,observed,SimulatedDroppingStream,{'ground_truth': 28.68438680325867},reconstructed.temp-1
groundtruth,temp-1,temp-1-1758915333362,1758915333.362234,1758915333.362234,1758915333.362234,float,C,20.255215824282597,,,,,groundtruth,GroundTruthStream,{'ground_truth': 20.255215824282597},groundtruth.temp-1
observed,temp-1,temp-1-1758915119363,1758915119.363195,1758915119.363195,1758915119.363195,float,C,23.46344792164482,,,,,observed,SimulatedDroppingStream,{'ground_truth': 23.46344792164482},observed.temp-1
reconstructed,temp-1,temp-1-1758915119363,1758915119.363195,1758915119.363195,1758915119.363195,float,C,23.46344792164482,24.85089818938679,observed,1.0,False,observed,SimulatedDroppingStream,{'ground_truth': 23.46344792164482},reconstructed.temp-1
groundtruth,temp-1,temp-1-1758915335354,1758915335.3548317,1758915335.3548317,1758915335.3548317,float,C,19.512510964965983,,,,,groundtruth,GroundTruthStream,{'ground_truth': 19.512510964965983},groundtruth.temp-1
observed,temp-1,temp-1-1758915120361,1758915120.361429,1758915120.361429,1758915120.361429,float,C,16.68666939880246,,,,,observed,SimulatedDroppingStream,{'ground_truth': 16.68666939880246},observed.temp-1
reconstructed,temp-1,temp-1-1758915120361,1758915120.361429,1758915120.361429,1758915120.361429,float,C,16.68666939880246,17.864225244135255,observed,1.0,False,observed,SimulatedDroppingStream,{'ground_truth': 16.68666939880246},reconstructed.temp-1
groundtruth,temp-1,temp-1-1758915337348,1758915337.3487332,1758915337.3487332,1758915337.3487332,float,C,21.747394317780174,,,,,groundtruth,GroundTruthStream,{'ground_truth': 21.747394317780174},groundtruth.temp-1
observed,temp-1,temp-1-1758915121361,1758915121.3612103,1758915121.3612103,1758915121.3612103,float,C,20.738201470138993,,,,,observed,SimulatedDroppingStream,{'ground_truth': 20.738201470138993},observed.temp-1
reconstructed,temp-1,temp-1-1758915121361,1758915121.3612103,1758915121.3612103,1758915121.3612103,float,C,20.738201470138993,19.50593561306136,observed,1.0,False,observed,SimulatedDroppingStream,{'ground_truth': 20.738201470138993},reconstructed.temp-1
groundtruth,temp-1,temp-1-1758915338357,1758915338.357045,1758915338.357045,1758915338.357045,float,C,20.677590699694854,,,,,groundtruth,GroundTruthStream,{'ground_truth': 20.677590699694854},groundtruth.temp-1
observed,temp-1,temp-1-1758915122359,1758915122.3599389,1758915122.3599389,1758915122.3599389,float,C,23.81828976215235,,,,,observed,SimulatedDroppingStream,{'ground_truth': 23.81828976215235},observed.temp-1
reconstructed,temp-1,temp-1-1758915122359,1758915122.3599389,1758915122.3599389,1758915122.3599389,float,C,23.81828976215235,23.134276165302115,observed,1.0,False,observed,SimulatedDroppingStream,{'ground_truth': 23.81828976215235},reconstructed.temp-1
groundtruth,temp-1,temp-1-1758915339353,1758915339.3539426,1758915339.3539426,1758915339.3539426,float,C,18.438654655593293,,,,,groundtruth,GroundTruthStream,{'ground_truth': 18.438654655593293},groundtruth.temp-1
observed,temp-1,temp-1-1758915123347,1758915123.347659,1758915123.3492088,1758915123.347659,float,C,,,,,,missing,SimulatedDroppingStream,{},observed.temp-1
reconstructed,temp-1,temp-1-1758915123347,1758915123.347659,1758915123.3492088,1758915123.347659,float,C,26.700076221356404,26.700076221356404,KalmanFilter,0.5971265261618681,True,reconstructed,SimulatedDroppingStream,{},reconstructed.temp-1
groundtruth,temp-1,temp-1-1758915340357,1758915340.3579283,1758915340.3579283,1758915340.3579283,float,C,26.90195035999389,,,,,groundtruth,GroundTruthStream,{'ground_truth': 26.90195035999389},groundtruth.temp-1
observed,temp-1,temp-1-1758915124360,1758915124.3603573,1758915124.3603573,1758915124.3603573,float,C,17.731712651543624,,,,,observed,SimulatedDroppingStream,{'ground_truth': 17.731712651543624},observed.temp-1
reconstructed,temp-1,temp-1-1758915124360,1758915124.3603573,1758915124.3603573,1758915124.3603573,float,C,17.731712651543624,18.191441987310768,observed,1.0,False,observed,SimulatedDroppingStream,{'ground_truth': 17.731712651543624},reconstructed.temp-1
groundtruth,temp-1,temp-1-1758915341361,1758915341.3611534,1758915341.3611534,1758915341.3611534,float,C,27.506795486929974,,,,,groundtruth,GroundTruthStream,{'ground_truth': 27.506795486929974},groundtruth.temp-1
observed,temp-1,temp-1-1758915125362,1758915125.3627355,1758915125.3627355,1758915125.3627355,float,C,16.95643565067895,,,,,observed,SimulatedDroppingStream,{'ground_truth': 16.95643565067895},observed.temp-1
reconstructed,temp-1,temp-1-1758915125362,1758915125.3627355,1758915125.3627355,1758915125.3627355,float,C,16.95643565067895,16.704553869403433,observed,1.0,False,observed,SimulatedDroppingStream,{'ground_truth': 16.95643565067895},reconstructed.temp-1
groundtruth,temp-1,temp-1-1758915342362,1758915342.3623438,1758915342.3623438,1758915342.3623438,float,C,27.85216801774891,,,,,groundtruth,GroundTruthStream,{'ground_truth': 27.85216801774891},groundtruth.temp-1
observed,temp-1,temp-1-1758915126357,1758915126.3573353,1758915126.3573353,1758915126.3573353,float,C,23.903346896196943,,,,,observed,SimulatedDroppingStream,{'ground_truth': 23.903346896196943},observed.temp-1
reconstructed,temp-1,temp-1-1758915126357,1758915126.3573353,1758915126.3573353,1758915126.3573353,float,C,23.903346896196943,22.7041373624794,observed,1.0,False,observed,SimulatedDroppingStream,{'ground_truth': 23.903346896196943},reconstructed.temp-1
groundtruth,temp-1,temp-1-1758915345355,1758915345.3559854,1758915345.3559854,1758915345.3559854,float,C,26.92430501472923,,,,,groundtruth,GroundTruthStream,{'ground_truth': 26.92430501472923},groundtruth.temp-1
observed,temp-1,temp-1-1758915127357,1758915127.3574948,1758915127.3574948,1758915127.3574948,float,C,15.541711273285385,,,,,observed,SimulatedDroppingStream,{'ground_truth': 15.541711273285385},observed.temp-1
reconstructed,temp-1,temp-1-1758915127357,1758915127.3574948,1758915127.3574948,1758915127.3574948,float,C,15.541711273285385,17.132052757846868,observed,1.0,False,observed,SimulatedDroppingStream,{'ground_truth': 15.541711273285385},reconstructed.temp-1
groundtruth,temp-1,temp-1-1758915346352,1758915346.352555,1758915346.352555,1758915346.352555,float,C,18.174407569783707,,,,,groundtruth,GroundTruthStream,{'ground_truth': 18.174407569783707},groundtruth.temp-1
observed,temp-1,temp-1-1758915128355,1758915128.3557734,1758915128.3557734,1758915128.3557734,float,C,22.503098167727824,,,,,observed,SimulatedDroppingStream,{'ground_truth': 22.503098167727824},observed.temp-1
reconstructed,temp-1,temp-1-1758915128355,1758915128.3557734,1758915128.3557734,1758915128.3557734,float,C,22.503098167727824,21.40172132857793,observed,1.0,False,observed,SimulatedDroppingStream,{'ground_truth': 22.503098167727824},reconstructed.temp-1
groundtruth,temp-1,temp-1-1758915347351,1758915347.3518982,1758915347.3518982,1758915347.3518982,float,C,15.677313894606714,,,,,groundtruth,GroundTruthStream,{'ground_truth': 15.677313894606714},groundtruth.temp-1
observed,temp-1,temp-1-1758915129352,1758915129.352346,1758915129.352346,1758915129.352346,float,C,29.303840845190688,,,,,observed,SimulatedDroppingStream,{'ground_truth': 29.303840845190688},observed.temp-1
reconstructed,temp-1,temp-1-1758915129352,1758915129.352346,1758915129.352346,1758915129.352346,float,C,29.303840845190688,28.65122218870036,observed,1.0,False,observed,SimulatedDroppingStream,{'ground_truth': 29.303840845190688},reconstructed.temp-1
groundtruth,temp-1,temp-1-1758915348352,1758915348.3520896,1758915348.3520896,1758915348.3520896,float,C,29.90365686802739,,,,,groundtruth,GroundTruthStream,{'ground_truth': 29.90365686802739},groundtruth.temp-1
observed,temp-1,temp-1-1758915130362,1758915130.3624642,1758915130.3624642,1758915130.3624642,float,C,18.191656781350233,,,,,observed,SimulatedDroppingStream,{'ground_truth': 18.191656781350233},observed.temp-1
reconstructed,temp-1,temp-1-1758915130362,1758915130.3624642,1758915130.3624642,1758915130.3624642,float,C,18.191656781350233,20.589382331577465,observed,1.0,False,observed,SimulatedDroppingStream,{'ground_truth': 18.191656781350233},reconstructed.temp-1
groundtruth,temp-1,temp-1-1758915349361,1758915349.361666,1758915349.361666,1758915349.361666,float,C,25.13126448401671,,,,,groundtruth,GroundTruthStream,{'ground_truth': 25.13126448401671},groundtruth.temp-1
observed,temp-1,temp-1-1758915131359,1758915131.359252,1758915131.359252,1758915131.359252,float,C,24.246105767387828,,,,,observed,SimulatedDroppingStream,{'ground_truth': 24.246105767387828},observed.temp-1
reconstructed,temp-1,temp-1-1758915131359,1758915131.359252,1758915131.359252,1758915131.359252,float,C,24.246105767387828,23.10442266552695,observed,1.0,False,observed,SimulatedDroppingStream,{'ground_truth': 24.246105767387828},reconstructed.temp-1
groundtruth,temp-1,temp-1-1758915350355,1758915350.3553681,1758915350.3553681,1758915350.3553681,float,C,19.334650481684832,,,,,groundtruth,GroundTruthStream,{'ground_truth': 19.334650481684832},groundtruth.temp-1
observed,temp-1,temp-1-1758915132354,1758915132.354031,1758915132.354031,1758915132.354031,float,C,21.50471496494313,,,,,observed,SimulatedDroppingStream,{'ground_truth': 21.50471496494313},observed.temp-1
reconstructed,temp-1,temp-1-1758915132354,1758915132.354031,1758915132.354031,1758915132.354031,float,C,21.50471496494313,21.68782669730955,observed,1.0,False,observed,SimulatedDroppingStream,{'ground_truth': 21.50471496494313},reconstructed.temp-1
groundtruth,temp-1,temp-1-1758915352351,1758915352.351696,1758915352.351696,1758915352.351696,float,C,16.3306165257873,,,,,groundtruth,GroundTruthStream,{'ground_truth': 16.3306165257873},groundtruth.temp-1
observed,temp-1,temp-1-1758915133350,1758915133.3507304,1758915133.3507304,1758915133.3507304,float,C,17.254714112392445,,,,,observed,SimulatedDroppingStream,{'ground_truth': 17.254714112392445},observed.temp-1
reconstructed,temp-1,temp-1-1758915133350,1758915133.3507304,1758915133.3507304,1758915133.3507304,float,C,17.254714112392445,17.62784652692839,observed,1.0,False,observed,SimulatedDroppingStream,{'ground_truth': 17.254714112392445},reconstructed.temp-1
groundtruth,temp-1,temp-1-1758915356364,1758915356.364317,1758915356.364317,1758915356.364317,float,C,18.753565368701494,,,,,groundtruth,GroundTruthStream,{'ground_truth': 18.753565368701494},groundtruth.temp-1
observed,temp-1,temp-1-1758915134362,1758915134.362145,1758915134.362145,1758915134.362145,float,C,16.44375616409358,,,,,observed,SimulatedDroppingStream,{'ground_truth': 16.44375616409358},observed.temp-1
reconstructed,temp-1,temp-1-1758915134362,1758915134.362145,1758915134.362145,1758915134.362145,float,C,16.44375616409358,16.014836099455312,observed,1.0,False,observed,SimulatedDroppingStream,{'ground_truth': 16.44375616409358},reconstructed.temp-1
groundtruth,temp-1,temp-1-1758915357348,1758915357.3488178,1758915357.3488178,1758915357.3488178,float,C,15.421827148060737,,,,,groundtruth,GroundTruthStream,{'ground_truth': 15.421827148060737},groundtruth.temp-1
observed,temp-1,temp-1-1758915135358,1758915135.3586125,1758915135.3586125,1758915135.3586125,float,C,29.15889601209465,,,,,observed,SimulatedDroppingStream,{'ground_truth': 29.15889601209465},observed.temp-1
reconstructed,temp-1,temp-1-1758915135358,1758915135.3586125,1758915135.3586125,1758915135.3586125,float,C,29.15889601209465,27.074528021008657,observed,1.0,False,observed,SimulatedDroppingStream,{'ground_truth': 29.15889601209465},reconstructed.temp-1
groundtruth,temp-1,temp-1-1758915358353,1758915358.353552,1758915358.353552,1758915358.353552,float,C,23.59970546127476,,,,,groundtruth,GroundTruthStream,{'ground_truth': 23.59970546127476},groundtruth.temp-1
observed,temp-1,temp-1-1758915136347,1758915136.347659,1758915136.358695,1758915136.347659,float,C,,,,,,missing,SimulatedDroppingStream,{},observed.temp-1
reconstructed,temp-1,temp-1-1758915136347,1758915136.347659,1758915136.358695,1758915136.347659,float,C,37.20332328179047,37.20332328179047,KalmanFilter,0.597437462847245,True,reconstructed,SimulatedDroppingStream,{},reconstructed.temp-1
groundtruth,temp-1,temp-1-1758915359354,1758915359.354572,1758915359.354572,1758915359.354572,float,C,29.542189894093994,,,,,groundtruth,GroundTruthStream,{'ground_truth': 29.542189894093994},groundtruth.temp-1
observed,temp-1,temp-1-1758915137362,1758915137.3623185,1758915137.3623185,1758915137.3623185,float,C,16.898046301376073,,,,,observed,SimulatedDroppingStream,{'ground_truth': 16.898046301376073},observed.temp-1
reconstructed,temp-1,temp-1-1758915137362,1758915137.3623185,1758915137.3623185,1758915137.3623185,float,C,16.898046301376073,18.021245937958206,observed,1.0,False,observed,SimulatedDroppingStream,{'ground_truth': 16.898046301376073},reconstructed.temp-1
groundtruth,temp-1,temp-1-1758915360354,1758915360.354254,1758915360.354254,1758915360.354254,float,C,17.664170207353514,,,,,groundtruth,GroundTruthStream,{'ground_truth': 17.664170207353514},groundtruth.temp-1
observed,temp-1,temp-1-1758915138361,1758915138.3611693,1758915138.3611693,1758915138.3611693,float,C,28.094832816111797,,,,,observed,SimulatedDroppingStream,{'ground_truth': 28.094832816111797},observed.temp-1
reconstructed,temp-1,temp-1-1758915138361,1758915138.3611693,1758915138.3611693,1758915138.3611693,float,C,28.094832816111797,26.016498598689886,observed,1.0,False,observed,SimulatedDroppingStream,{'ground_truth': 28.094832816111797},reconstructed.temp-1
groundtruth,temp-1,temp-1-1758915361353,1758915361.3530369,1758915361.3530369,1758915361.3530369,float,C,15.179806464049712,,,,,groundtruth,GroundTruthStream,{'ground_truth': 15.179806464049712},groundtruth.temp-1
observed,temp-1,temp-1-1758915139359,1758915139.3591855,1758915139.3591855,1758915139.3591855,float,C,15.641663960087767,,,,,observed,SimulatedDroppingStream,{'ground_truth': 15.641663960087767},observed.temp-1
reconstructed,temp-1,temp-1-1758915139359,1758915139.3591855,1758915139.3591855,1758915139.3591855,float,C,15.641663960087767,17.58334460442601,observed,1.0,False,observed,SimulatedDroppingStream,{'ground_truth': 15.641663960087767},reconstructed.temp-1
groundtruth,temp-1,temp-1-1758915362350,1758915362.3502114,1758915362.3502114,1758915362.3502114,float,C,16.785518165365644,,,,,groundtruth,GroundTruthStream,{'ground_truth': 16.785518165365644},groundtruth.temp-1
observed,temp-1,temp-1-1758915140347,1758915140.347659,1758915140.356859,1758915140.347659,float,C,,,,,,missing,SimulatedDroppingStream,{},observed.temp-1
reconstructed,temp-1,temp-1-1758915140347,1758915140.347659,1758915140.356859,1758915140.347659,float,C,11.26457664022542,11.26457664022542,KalmanFilter,0.5929259195741257,True,reconstructed,SimulatedDroppingStream,{},reconstructed.temp-1
groundtruth,temp-1,temp-1-1758915363355,1758915363.355982,1758915363.355982,1758915363.355982,float,C,29.378127612717503,,,,,groundtruth,GroundTruthStream,{'ground_truth': 29.378127612717503},groundtruth.temp-1
observed,temp-1,temp-1-1758915141356,1758915141.356014,1758915141.356014,1758915141.356014,float,C,29.544565193557546,,,,,observed,SimulatedDroppingStream,{'ground_truth': 29.544565193557546},observed.temp-1
reconstructed,temp-1,temp-1-1758915141356,1758915141.356014,1758915141.356014,1758915141.356014,float,C,29.544565193557546,28.675624686849723,observed,1.0,False,observed,SimulatedDroppingStream,{'ground_truth': 29.544565193557546},reconstructed.temp-1
groundtruth,temp-1,temp-1-1758915365356,1758915365.3567448,1758915365.3567448,1758915365.3567448,float,C,24.22071562507879,,,,,groundtruth,GroundTruthStream,{'ground_truth': 24.22071562507879},groundtruth.temp-1
observed,temp-1,temp-1-1758915142359,1758915142.3592994,1758915142.3592994,1758915142.3592994,float,C,23.117793230656183,,,,,observed,SimulatedDroppingStream,{'ground_truth': 23.117793230656183},observed.temp-1
reconstructed,temp-1,temp-1-1758915142359,1758915142.3592994,1758915142.3592994,1758915142.3592994,float,C,23.117793230656183,24.826967232868874,observed,1.0,False,observed,SimulatedDroppingStream,{'ground_truth': 23.117793230656183},reconstructed.temp-1
groundtruth,temp-1,temp-1-1758915366348,1758915366.348271,1758915366.348271,1758915366.348271,float,C,20.39462730982507,,,,,groundtruth,GroundTruthStream,{'ground_truth': 20.39462730982507},groundtruth.temp-1
observed,temp-1,temp-1-1758915143349,1758915143.3492632,1758915143.3492632,1758915143.3492632,float,C,24.90259511046834,,,,,observed,SimulatedDroppingStream,{'ground_truth': 24.90259511046834},observed.temp-1
reconstructed,temp-1,temp-1-1758915143349,1758915143.3492632,1758915143.3492632,1758915143.3492632,float,C,24.90259511046834,24.75223958925934,observed,1.0,False,observed,SimulatedDroppingStream,{'ground_truth': 24.90259511046834},reconstructed.temp-1
groundtruth,temp-1,temp-1-1758915368359,1758915368.359216,1758915368.359216,1758915368.359216,float,C,18.787480522717356,,,,,groundtruth,GroundTruthStream,{'ground_truth': 18.787480522717356},groundtruth.temp-1
observed,temp-1,temp-1-1758915144347,1758915144.347659,1758915144.3517828,1758915144.347659,float,C,,,,,,missing,SimulatedDroppingStream,{},observed.temp-1
reconstructed,temp-1,temp-1-1758915144347,1758915144.347659,1758915144.3517828,1758915144.347659,float,C,23.67679321768593,23.67679321768593,KalmanFilter,0.5927545980064539,True,reconstructed,SimulatedDroppingStream,{},reconstructed.temp-1
groundtruth,temp-1,temp-1-1758915369357,1758915369.3572705,1758915369.3572705,1758915369.3572705,float,C,23.967166453441273,,,,,groundtruth,GroundTruthStream,{'ground_truth': 23.967166453441273},groundtruth.temp-1
observed,temp-1,temp-1-1758915145347,1758915145.347659,1758915145.357121,1758915145.347659,float,C,,,,,,missing,SimulatedDroppingStream,{},observed.temp-1
reconstructed,temp-1,temp-1-1758915145347,1758915145.347659,1758915145.357121,1758915145.347659,float,C,21.93508617970254,21.93508617970254,KalmanFilter,0.2508394483966429,True,reconstructed,SimulatedDroppingStream,{},reconstructed.temp-1
groundtruth,temp-1,temp-1-1758915370365,1758915370.3653576,1758915370.3653576,1758915370.3653576,float,C,20.217423008314064,,,,,groundtruth,GroundTruthStream,{'ground_truth': 20.217423008314064},groundtruth.temp-1
observed,temp-1,temp-1-1758915146360,1758915146.3600924,1758915146.3600924,1758915146.3600924,float,C,21.663007105585553,,,,,observed,SimulatedDroppingStream,{'ground_truth': 21.663007105585553},observed.temp-1
reconstructed,temp-1,temp-1-1758915146360,1758915146.3600924,1758915146.3600924,1758915146.3600924,float,C,21.663007105585553,21.639894796429704,observed,1.0,False,observed,SimulatedDroppingStream,{'ground_truth': 21.663007105585553},reconstructed.temp-1
groundtruth,temp-1,temp-1-1758915371349,1758915371.3496928,1758915371.3496928,1758915371.3496928,float,C,26.18701119172404,,,,,groundtruth,GroundTruthStream,{'ground_truth': 26.18701119172404},groundtruth.temp-1
observed,temp-1,temp-1-1758915147361,1758915147.361444,1758915147.361444,1758915147.361444,float,C,20.65742847516601,,,,,observed,SimulatedDroppingStream,{'ground_truth': 20.65742847516601},observed.temp-1
reconstructed,temp-1,temp-1-1758915147361,1758915147.361444,1758915147.361444,1758915147.361444,float,C,20.65742847516601,20.5481865900102,observed,1.0,False,observed,SimulatedDroppingStream,{'ground_truth': 20.65742847516601},reconstructed.temp-1
groundtruth,temp-1,temp-1-1758915372354,1758915372.3549724,1758915372.3549724,1758915372.3549724,float,C,29.487040081638007,,,,,groundtruth,GroundTruthStream,{'ground_truth': 29.487040081638007},groundtruth.temp-1
observed,temp-1,temp-1-1758915148347,1758915148.347659,1758915148.363019,1758915148.347659,float,C,,,,,,missing,SimulatedDroppingStream,{},observed.temp-1
reconstructed,temp-1,temp-1-1758915148347,1758915148.347659,1758915148.363019,1758915148.347659,float,C,19.073630011903813,19.073630011903813,KalmanFilter,0.5666970530660953,True,reconstructed,SimulatedDroppingStream,{},reconstructed.temp-1
groundtruth,temp-1,temp-1-1758915373351,1758915373.3513448,1758915373.3513448,1758915373.3513448,float,C,20.87308797827203,,,,,groundtruth,GroundTruthStream,{'ground_truth': 20.87308797827203},groundtruth.temp-1
observed,temp-1,temp-1-1758915149358,1758915149.3583832,1758915149.3583832,1758915149.3583832,float,C,28.708016091459882,,,,,observed,SimulatedDroppingStream,{'ground_truth': 28.708016091459882},observed.temp-1
reconstructed,temp-1,temp-1-1758915149358,1758915149.3583832,1758915149.3583832,1758915149.3583832,float,C,28.708016091459882,28.383392563454258,observed,1.0,False,observed,SimulatedDroppingStream,{'ground_truth': 28.708016091459882},reconstructed.temp-1
groundtruth,temp-1,temp-1-1758915374359,1758915374.3598347,1758915374.3598347,1758915374.3598347,float,C,29.507126888782466,,,,,groundtruth,GroundTruthStream,{'ground_truth': 29.507126888782466},groundtruth.temp-1
observed,temp-1,temp-1-1758915150357,1758915150.3571928,1758915150.3571928,1758915150.3571928,float,C,29.27143072847599,,,,,observed,SimulatedDroppingStream,{'ground_truth': 29.27143072847599},observed.temp-1
reconstructed,temp-1,temp-1-1758915150357,1758915150.3571928,1758915150.3571928,1758915150.3571928,float,C,29.27143072847599,29.923815446404546,observed,1.0,False,observed,SimulatedDroppingStream,{'ground_truth': 29.27143072847599},reconstructed.temp-1
groundtruth,temp-1,temp-1-1758915375359,1758915375.3595479,1758915375.3595479,1758915375.3595479,float,C,15.095956112817516,,,,,groundtruth,GroundTruthStream,{'ground_truth': 15.095956112817516},groundtruth.temp-1
observed,temp-1,temp-1-1758915151347,1758915151.347659,1758915151.3613238,1758915151.347659,float,C,,,,,,missing,SimulatedDroppingStream,{},observed.temp-1
reconstructed,temp-1,temp-1-1758915151347,1758915151.347659,1758915151.3613238,1758915151.347659,float,C,33.31396723118598,33.31396723118598,KalmanFilter,0.583511304120121,True,reconstructed,SimulatedDroppingStream,{},reconstructed.temp-1
groundtruth,temp-1,temp-1-1758915377350,1758915377.3502421,1758915377.3502421,1758915377.3502421,float,C,21.442802087943207,,,,,groundtruth,GroundTruthStream,{'ground_truth': 21.442802087943207},groundtruth.temp-1
observed,temp-1,temp-1-1758915152360,1758915152.3608792,1758915152.3608792,1758915152.3608792,float,C,26.543303671174478,,,,,observed,SimulatedDroppingStream,{'ground_truth': 26.543303671174478},observed.temp-1
reconstructed,temp-1,temp-1-1758915152360,1758915152.3608792,1758915152.3608792,1758915152.3608792,float,C,26.543303671174478,26.86917750947846,observed,1.0,False,observed,SimulatedDroppingStream,{'ground_truth': 26.543303671174478},reconstructed.temp-1
groundtruth,temp-1,temp-1-1758915378350,1758915378.3501737,1758915378.3501737,1758915378.3501737,float,C,28.221335135350213,,,,,groundtruth,GroundTruthStream,{'ground_truth': 28.221335135350213},groundtruth.temp-1
observed,temp-1,temp-1-1758915153356,1758915153.3567374,1758915153.3567374,1758915153.3567374,float,C,21.80373254424766,,,,,observed,SimulatedDroppingStream,{'ground_truth': 21.80373254424766},observed.temp-1
reconstructed,temp-1,temp-1-1758915153356,1758915153.3567374,1758915153.3567374,1758915153.3567374,float,C,21.80373254424766,22.05985044744878,observed,1.0,False,observed,SimulatedDroppingStream,{'ground_truth': 21.80373254424766},reconstructed.temp-1
groundtruth,temp-1,temp-1-1758915379350,1758915379.3508525,1758915379.3508525,1758915379.3508525,float,C,21.3317046384035,,,,,groundtruth,GroundTruthStream,{'ground_truth': 21.3317046384035},groundtruth.temp-1
observed,temp-1,temp-1-1758915154347,1758915154.347659,1758915154.3574517,1758915154.347659,float,C,,,,,,missing,SimulatedDroppingStream,{},observed.temp-1
reconstructed,temp-1,temp-1-1758915154347,1758915154.347659,1758915154.3574517,1758915154.347659,float,C,15.883514765688304,15.883514765688304,KalmanFilter,0.584185969848739,True,reconstructed,SimulatedDroppingStream,{},reconstructed.temp-1
groundtruth,temp-1,temp-1-1758915381350,1758915381.3503926,1758915381.3503926,1758915381.3503926,float,C,24.79901822886344,,,,,groundtruth,GroundTruthStream,{'ground_truth': 24.79901822886344},groundtruth.temp-1
observed,temp-1,temp-1-1758915155357,1758915155.3574295,1758915155.3574295,1758915155.3574295,float,C,21.508886835544658,,,,,observed,SimulatedDroppingStream,{'ground_truth': 21.508886835544658},observed.temp-1
reconstructed,temp-1,temp-1-1758915155357,1758915155.3574295,1758915155.3574295,1758915155.3574295,float,C,21.508886835544658,21.085395089380548,observed,1.0,False,observed,SimulatedDroppingStream,{'ground_truth': 21.508886835544658},reconstructed.temp-1
groundtruth,temp-1,temp-1-1758915383349,1758915383.3491232,1758915383.3491232,1758915383.3491232,float,C,16.0936261171598,,,,,groundtruth,GroundTruthStream,{'ground_truth': 16.0936261171598},groundtruth.temp-1
observed,temp-1,temp-1-1758915156357,1758915156.3571966,1758915156.3571966,1758915156.3571966,float,C,27.747978905523862,,,,,observed,SimulatedDroppingStream,{'ground_truth': 27.747978905523862},observed.temp-1
reconstructed,temp-1,temp-1-1758915156357,1758915156.3571966,1758915156.3571966,1758915156.3571966,float,C,27.747978905523862,26.82455328565055,observed,1.0,False,observed,SimulatedDroppingStream,{'ground_truth': 27.747978905523862},reconstructed.temp-1
groundtruth,temp-1,temp-1-1758915384351,1758915384.3513381,1758915384.3513381,1758915384.3513381,float,C,25.59528802761797,,,,,groundtruth,GroundTruthStream,{'ground_truth': 25.59528802761797},groundtruth.temp-1
observed,temp-1,temp-1-1758915157354,1758915157.3548822,1758915157.3548822,1758915157.3548822,float,C,25.183702076591395,,,,,observed,SimulatedDroppingStream,{'ground_truth': 25.183702076591395},observed.temp-1
reconstructed,temp-1,temp-1-1758915157354,1758915157.3548822,1758915157.3548822,1758915157.3548822,float,C,25.183702076591395,26.133029029445417,observed,1.0,False,observed,SimulatedDroppingStream,{'ground_truth': 25.183702076591395},reconstructed.temp-1
groundtruth,temp-1,temp-1-1758915386352,1758915386.3522358,1758915386.3522358,1758915386.3522358,float,C,15.262531035534169,,,,,groundtruth,GroundTruthStream,{'ground_truth': 15.262531035534169},groundtruth.temp-1
observed,temp-1,temp-1-1758915158355,1758915158.3553016,1758915158.3553016,1758915158.3553016,float,C,20.133430442629926,,,,,observed,SimulatedDroppingStream,{'ground_truth': 20.133430442629926},observed.temp-1
reconstructed,temp-1,temp-1-1758915158355,1758915158.3553016,1758915158.3553016,1758915158.3553016,float,C,20.133430442629926,21.117574892931135,observed,1.0,False,observed,SimulatedDroppingStream,{'ground_truth': 20.133430442629926},reconstructed.temp-1
groundtruth,temp-1,temp-1-1758915387351,1758915387.3516467,1758915387.3516467,1758915387.3516467,float,C,19.851745998662444,,,,,groundtruth,GroundTruthStream,{'ground_truth': 19.851745998662444},groundtruth.temp-1
observed,temp-1,temp-1-1758915159349,1758915159.3499334,1758915159.3499334,1758915159.3499334,float,C,22.44695935934504,,,,,observed,SimulatedDroppingStream,{'ground_truth': 22.44695935934504},observed.temp-1
reconstructed,temp-1,temp-1-1758915159349,1758915159.3499334,1758915159.3499334,1758915159.3499334,float,C,22.44695935934504,21.702127099628488,observed,1.0,False,observed,SimulatedDroppingStream,{'ground_truth': 22.44695935934504},reconstructed.temp-1
groundtruth,temp-1,temp-1-1758915388350,1758915388.350826,1758915388.350826,1758915388.350826,float,C,18.65818165024282,,,,,groundtruth,GroundTruthStream,{'ground_truth': 18.65818165024282},groundtruth.temp-1
observed,temp-1,temp-1-1758915160353,1758915160.3537726,1758915160.3537726,1758915160.3537726,float,C,15.814339132982354,,,,,observed,SimulatedDroppingStream,{'ground_truth': 15.814339132982354},observed.temp-1
reconstructed,temp-1,temp-1-1758915160353,1758915160.3537726,1758915160.3537726,1758915160.3537726,float,C,15.814339132982354,16.41595963176769,observed,1.0,False,observed,SimulatedDroppingStream,{'ground_truth': 15.814339132982354},reconstructed.temp-1
groundtruth,temp-1,temp-1-1758915389364,1758915389.3641334,1758915389.3641334,1758915389.3641334,float,C,16.73889552226373,,,,,groundtruth,GroundTruthStream,{'ground_truth': 16.73889552226373},groundtruth.temp-1
observed,temp-1,temp-1-1758915161352,1758915161.3521938,1758915161.3521938,1758915161.3521938,float,C,29.853116449714726,,,,,observed,SimulatedDroppingStream,{'ground_truth': 29.853116449714726},observed.temp-1
reconstructed,temp-1,temp-1-1758915161352,1758915161.3521938,1758915161.3521938,1758915161.3521938,float,C,29.853116449714726,27.433040730248628,observed,1.0,False,observed,SimulatedDroppingStream,{'ground_truth': 29.853116449714726},reconstructed.temp-1
groundtruth,temp-1,temp-1-1758915390350,1758915390.3500934,1758915390.3500934,1758915390.3500934,float,C,18.907713422644818,,,,,groundtruth,GroundTruthStream,{'ground_truth': 18.907713422644818},groundtruth.temp-1
observed,temp-1,temp-1-1758915162357,1758915162.357218,1758915162.357218,1758915162.357218,float,C,16.09991659050893,,,,,observed,SimulatedDroppingStream,{'ground_truth': 16.09991659050893},observed.temp-1
reconstructed,temp-1,temp-1-1758915162357,1758915162.357218,1758915162.357218,1758915162.357218,float,C,16.09991659050893,18.737385086475093,observed,1.0,False,observed,SimulatedDroppingStream,{'ground_truth': 16.09991659050893},reconstructed.temp-1
groundtruth,temp-1,temp-1-1758915391352,1758915391.3524995,1758915391.3524995,1758915391.3524995,float,C,27.652514177474167,,,,,groundtruth,GroundTruthStream,{'ground_truth': 27.652514177474167},groundtruth.temp-1
observed,temp-1,temp-1-1758915163354,1758915163.354747,1758915163.354747,1758915163.354747,float,C,27.246350420481043,,,,,observed,SimulatedDroppingStream,{'ground_truth': 27.246350420481043},observed.temp-1
reconstructed,temp-1,temp-1-1758915163354,1758915163.354747,1758915163.354747,1758915163.354747,float,C,27.246350420481043,25.547584960369694,observed,1.0,False,observed,SimulatedDroppingStream,{'ground_truth': 27.246350420481043},reconstructed.temp-1
groundtruth,temp-1,temp-1-1758915392351,1758915392.3518121,1758915392.3518121,1758915392.3518121,float,C,24.51493608512144,,,,,groundtruth,GroundTruthStream,{'ground_truth': 24.51493608512144},groundtruth.temp-1
observed,temp-1,temp-1-1758915164357,1758915164.3572226,1758915164.3572226,1758915164.3572226,float,C,23.856778621507107,,,,,observed,SimulatedDroppingStream,{'ground_truth': 23.856778621507107},observed.temp-1
reconstructed,temp-1,temp-1-1758915164357,1758915164.3572226,1758915164.3572226,1758915164.3572226,float,C,23.856778621507107,24.672887082876315,observed,1.0,False,observed,SimulatedDroppingStream,{'ground_truth': 23.856778621507107},reconstructed.temp-1
groundtruth,temp-1,temp-1-1758915393352,1758915393.3522987,1758915393.3522987,1758915393.3522987,float,C,27.32814092266535,,,,,groundtruth,GroundTruthStream,{'ground_truth': 27.32814092266535},groundtruth.temp-1
observed,temp-1,temp-1-1758915165351,1758915165.3515966,1758915165.3515966,1758915165.3515966,float,C,22.440051852198643,,,,,observed,SimulatedDroppingStream,{'ground_truth': 22.440051852198643},observed.temp-1
reconstructed,temp-1,temp-1-1758915165351,1758915165.3515966,1758915165.3515966,1758915165.3515966,float,C,22.440051852198643,22.843970535744713,observed,1.0,False,observed,SimulatedDroppingStream,{'ground_truth': 22.440051852198643},reconstructed.temp-1
groundtruth,temp-1,temp-1-1758915395356,1758915395.3567746,1758915395.3567746,1758915395.3567746,float,C,26.221187039936236,,,,,groundtruth,GroundTruthStream,{'ground_truth': 26.221187039936236},groundtruth.temp-1
observed,temp-1,temp-1-1758915166359,1758915166.359244,1758915166.359244,1758915166.359244,float,C,21.587331754226312,,,,,observed,SimulatedDroppingStream,{'ground_truth': 21.587331754226312},observed.temp-1
reconstructed,temp-1,temp-1-1758915166359,1758915166.359244,1758915166.359244,1758915166.359244,float,C,21.587331754226312,21.521380016156893,observed,1.0,False,observed,SimulatedDroppingStream,{'ground_truth': 21.587331754226312},reconstructed.temp-1
groundtruth,temp-1,temp-1-1758915396351,1758915396.3512933,1758915396.3512933,1758915396.3512933,float,C,16.363501758599497,,,,,groundtruth,GroundTruthStream,{'ground_truth': 16.363501758599497},groundtruth.temp-1
observed,temp-1,temp-1-1758915167347,1758915167.347659,1758915167.3567755,1758915167.347659,float,C,,,,,,missing,SimulatedDroppingStream,{},observed.temp-1
reconstructed,temp-1,temp-1-1758915167347,1758915167.347659,1758915167.3567755,1758915167.347659,float,C,19.351979283548435,19.351979283548435,KalmanFilter,0.5974374603688677,True,reconstructed,SimulatedDroppingStream,{},reconstructed.temp-1
groundtruth,temp-1,temp-1-1758915397352,1758915397.3526769,1758915397.3526769,1758915397.3526769,float,C,22.928121902612222,,,,,groundtruth,GroundTruthStream,{'ground_truth': 22.928121902612222},groundtruth.temp-1
observed,temp-1,temp-1-1758915168348,1758915168.3484395,1758915168.3484395,1758915168.3484395,float,C,26.90773469813521,,,,,observed,SimulatedDroppingStream,{'ground_truth': 26.90773469813521},observed.temp-1
reconstructed,temp-1,temp-1-1758915168348,1758915168.3484395,1758915168.3484395,1758915168.3484395,float,C,26.90773469813521,26.564411657529746,observed,1.0,False,observed,SimulatedDroppingStream,{'ground_truth': 26.90773469813521},reconstructed.temp-1
groundtruth,temp-1,temp-1-1758915399357,1758915399.3575172,1758915399.3575172,1758915399.3575172,float,C,15.129031872841026,,,,,groundtruth,GroundTruthStream,{'ground_truth': 15.129031872841026},groundtruth.temp-1
observed,temp-1,temp-1-1758915169352,1758915169.352129,1758915169.352129,1758915169.352129,float,C,15.90736984830601,,,,,observed,SimulatedDroppingStream,{'ground_truth': 15.90736984830601},observed.temp-1
reconstructed,temp-1,temp-1-1758915169352,1758915169.352129,1758915169.352129,1758915169.352129,float,C,15.90736984830601,17.746407031036767,observed,1.0,False,observed,SimulatedDroppingStream,{'ground_truth': 15.90736984830601},reconstructed.temp-1
groundtruth,temp-1,temp-1-1758915400352,1758915400.3521256,1758915400.3521256,1758915400.3521256,float,C,19.6424153905058,,,,,groundtruth,GroundTruthStream,{'ground_truth': 19.6424153905058},groundtruth.temp-1
observed,temp-1,temp-1-1758915170347,1758915170.347659,1758915170.3554862,1758915170.347659,float,C,,,,,,missing,SimulatedDroppingStream,{},observed.temp-1
reconstructed,temp-1,temp-1-1758915170347,1758915170.347659,1758915170.3554862,1758915170.347659,float,C,10.32871372430133,10.32871372430133,KalmanFilter,0.5843681023958075,True,reconstructed,SimulatedDroppingStream,{},reconstructed.temp-1
groundtruth,temp-1,temp-1-1758915401359,1758915401.3596203,1758915401.3596203,1758915401.3596203,float,C,25.57888099341624,,,,,groundtruth,GroundTruthStream,{'ground_truth': 25.57888099341624},groundtruth.temp-1
observed,temp-1,temp-1-1758915171362,1758915171.3620048,1758915171.3620048,1758915171.3620048,float,C,15.947813298821446,,,,,observed,SimulatedDroppingStream,{'ground_truth': 15.947813298821446},observed.temp-1
reconstructed,temp-1,temp-1-1758915171362,1758915171.3620048,1758915171.3620048,1758915171.3620048,float,C,15.947813298821446,15.465631179562799,observed,1.0,False,observed,SimulatedDroppingStream,{'ground_truth': 15.947813298821446},reconstructed.temp-1
groundtruth,temp-1,temp-1-1758915403352,1758915403.3522525,1758915403.3522525,1758915403.3522525,float,C,27.384502880214647,,,,,groundtruth,GroundTruthStream,{'ground_truth': 27.384502880214647},groundtruth.temp-1
observed,temp-1,temp-1-1758915172355,1758915172.3555298,1758915172.3555298,1758915172.3555298,float,C,24.83353428558528,,,,,observed,SimulatedDroppingStream,{'ground_truth': 24.83353428558528},observed.temp-1
reconstructed,temp-1,temp-1-1758915172355,1758915172.3555298,1758915172.3555298,1758915172.3555298,float,C,24.83353428558528,23.402543353365573,observed,1.0,False,observed,SimulatedDroppingStream,{'ground_truth': 24.83353428558528},reconstructed.temp-1
groundtruth,temp-1,temp-1-1758915404351,1758915404.3516772,1758915404.3516772,1758915404.3516772,float,C,27.330513630471135,,,,,groundtruth,GroundTruthStream,{'ground_truth': 27.330513630471135},groundtruth.temp-1
observed,temp-1,temp-1-1758915173347,1758915173.347659,1758915173.3594177,1758915173.347659,float,C,,,,,,missing,SimulatedDroppingStream,{},observed.temp-1
reconstructed,temp-1,temp-1-1758915173347,1758915173.347659,1758915173.3594177,1758915173.347659,float,C,31.265185525713,31.265185525713,KalmanFilter,0.5842459384133665,True,reconstructed,SimulatedDroppingStream,{},reconstructed.temp-1
groundtruth,temp-1,temp-1-1758915405351,1758915405.351563,1758915405.351563,1758915405.351563,float,C,29.04612743388823,,,,,groundtruth,GroundTruthStream,{'ground_truth': 29.04612743388823},groundtruth.temp-1
observed,temp-1,temp-1-1758915174359,1758915174.3599105,1758915174.3599105,1758915174.3599105,float,C,18.231562723417948,,,,,observed,SimulatedDroppingStream,{'ground_truth': 18.231562723417948},observed.temp-1
reconstructed,temp-1,temp-1-1758915174359,1758915174.3599105,1758915174.3599105,1758915174.3599105,float,C,18.231562723417948,18.969742503532004,observed,1.0,False,observed,SimulatedDroppingStream,{'ground_truth': 18.231562723417948},reconstructed.temp-1
groundtruth,temp-1,temp-1-1758915406352,1758915406.3524778,1758915406.3524778,1758915406.3524778,float,C,28.61808300564027,,,,,groundtruth,GroundTruthStream,{'ground_truth': 28.61808300564027},groundtruth.temp-1
observed,temp-1,temp-1-1758915175360,1758915175.3609357,1758915175.3609357,1758915175.3609357,float,C,27.351345859312854,,,,,observed,SimulatedDroppingStream,{'ground_truth': 27.351345859312854},observed.temp-1
reconstructed,temp-1,temp-1-1758915175360,1758915175.3609357,1758915175.3609357,1758915175.3609357,float,C,27.351345859312854,25.93210740673986,observed,1.0,False,observed,SimulatedDroppingStream,{'ground_truth': 27.351345859312854},reconstructed.temp-1
groundtruth,temp-1,temp-1-1758915407352,1758915407.3528116,1758915407.3528116,1758915407.3528116,float,C,20.936828095532018,,,,,groundtruth,GroundTruthStream,{'ground_truth': 20.936828095532018},groundtruth.temp-1
observed,temp-1,temp-1-1758915176358,1758915176.3580024,1758915176.3580024,1758915176.3580024,float,C,16.890529229529104,,,,,observed,SimulatedDroppingStream,{'ground_truth': 16.890529229529104},observed.temp-1
reconstructed,temp-1,temp-1-1758915176358,1758915176.3580024,1758915176.3580024,1758915176.3580024,float,C,16.890529229529104,18.694503930292804,observed,1.0,False,observed,SimulatedDroppingStream,{'ground_truth': 16.890529229529104},reconstructed.temp-1
groundtruth,temp-1,temp-1-1758915409356,1758915409.3561122,1758915409.3561122,1758915409.3561122,float,C,16.513195776311324,,,,,groundtruth,GroundTruthStream,{'ground_truth': 16.513195776311324},groundtruth.temp-1
observed,temp-1,temp-1-1758915177357,1758915177.3573163,1758915177.3573163,1758915177.3573163,float,C,19.40682595381444,,,,,observed,SimulatedDroppingStream,{'ground_truth': 19.40682595381444},observed.temp-1
reconstructed,temp-1,temp-1-1758915177357,1758915177.3573163,1758915177.3573163,1758915177.3573163,float,C,19.40682595381444,18.64224375666202,observed,1.0,False,observed,SimulatedDroppingStream,{'ground_truth': 19.40682595381444},reconstructed.temp-1
groundtruth,temp-1,temp-1-1758915410351,1758915410.351663,1758915410.351663,1758915410.351663,float,C,21.49918108769565,,,,,groundtruth,GroundTruthStream,{'ground_truth': 21.49918108769565},groundtruth.temp-1
observed,temp-1,temp-1-1758915178356,1758915178.356863,1758915178.356863,1758915178.356863,float,C,29.893924184436084,,,,,observed,SimulatedDroppingStream,{'ground_truth': 29.893924184436084},observed.temp-1
reconstructed,temp-1,temp-1-1758915178356,1758915178.356863,1758915178.356863,1758915178.356863,float,C,29.893924184436084,28.141913452906223,observed,1.0,False,observed,SimulatedDroppingStream,{'ground_truth': 29.893924184436084},reconstructed.temp-1
groundtruth,temp-1,temp-1-1758915411352,1758915411.352312,1758915411.352312,1758915411.352312,float,C,24.999639121600424,,,,,groundtruth,GroundTruthStream,{'ground_truth': 24.999639121600424},groundtruth.temp-1
observed,temp-1,temp-1-1758915179351,1758915179.3513217,1758915179.3513217,1758915179.3513217,float,C,27.623180180734504,,,,,observed,SimulatedDroppingStream,{'ground_truth': 27.623180180734504},observed.temp-1
reconstructed,temp-1,temp-1-1758915179351,1758915179.3513217,1758915179.3513217,1758915179.3513217,float,C,27.623180180734504,28.78860116972993,observed,1.0,False,observed,SimulatedDroppingStream,{'ground_truth': 27.623180180734504},reconstructed.temp-1
groundtruth,temp-1,temp-1-1758915415369,1758915415.3691225,1758915415.3691225,1758915415.3691225,float,C,25.976802832738493,,,,,groundtruth,GroundTruthStream,{'ground_truth': 25.976802832738493},groundtruth.temp-1
observed,temp-1,temp-1-1758915180354,1758915180.3542259,1758915180.3542259,1758915180.3542259,float,C,20.96485020590099,,,,,observed,SimulatedDroppingStream,{'ground_truth': 20.96485020590099},observed.temp-1
reconstructed,temp-1,temp-1-1758915180354,1758915180.3542259,1758915180.3542259,1758915180.3542259,float,C,20.96485020590099,22.466840527554808,observed,1.0,False,observed,SimulatedDroppingStream,{'ground_truth': 20.96485020590099},reconstructed.temp-1
groundtruth,temp-1,temp-1-1758915416351,1758915416.3511465,1758915416.3511465,1758915416.3511465,float,C,17.404595720584272,,,,,groundtruth,GroundTruthStream,{'ground_truth': 17.404595720584272},groundtruth.temp-1
observed,temp-1,temp-1-1758915181357,1758915181.3577163,1758915181.3577163,1758915181.3577163,float,C,21.436367247922323,,,,,observed,SimulatedDroppingStream,{'ground_truth': 21.436367247922323},observed.temp-1
reconstructed,temp-1,temp-1-1758915181357,1758915181.3577163,1758915181.3577163,1758915181.3577163,float,C,21.436367247922323,20.87542370555873,observed,1.0,False,observed,SimulatedDroppingStream,{'ground_truth': 21.436367247922323},reconstructed.temp-1
groundtruth,temp-1,temp-1-1758915417363,1758915417.3639772,1758915417.3639772,1758915417.3639772,float,C,17.567882400164947,,,,,groundtruth,GroundTruthStream,{'ground_truth': 17.567882400164947},groundtruth.temp-1
observed,temp-1,temp-1-1758915182347,1758915182.347659,1758915182.3512816,1758915182.347659,float,C,,,,,,missing,SimulatedDroppingStream,{},observed.temp-1
reconstructed,temp-1,temp-1-1758915182347,1758915182.347659,1758915182.3512816,1758915182.347659,float,C,16.776017588055232,16.776017588055232,KalmanFilter,0.5974121893068775,True,reconstructed,SimulatedDroppingStream,{},reconstructed.temp-1
groundtruth,temp-1,temp-1-1758915418351,1758915418.3513618,1758915418.3513618,1758915418.3513618,float,C,22.157323920094626,,,,,groundtruth,GroundTruthStream,{'ground_truth': 22.157323920094626},groundtruth.temp-1
observed,temp-1,temp-1-1758915183347,1758915183.347659,1758915183.3607528,1758915183.347659,float,C,,,,,,missing,SimulatedDroppingStream,{},observed.temp-1
reconstructed,temp-1,temp-1-1758915183347,1758915183.347659,1758915183.3607528,1758915183.347659,float,C,11.408735815791397,11.408735815791397,KalmanFilter,0.2539932150455206,True,reconstructed,SimulatedDroppingStream,{},reconstructed.temp-1
groundtruth,temp-1,temp-1-1758915419357,1758915419.3572667,1758915419.3572667,1758915419.3572667,float,C,15.549586461730144,,,,,groundtruth,GroundTruthStream,{'ground_truth': 15.549586461730144},groundtruth.temp-1
observed,temp-1,temp-1-1758915184358,1758915184.3581793,1758915184.3581793,1758915184.3581793,float,C,25.740575798219687,,,,,observed,SimulatedDroppingStream,{'ground_truth': 25.740575798219687},observed.temp-1
reconstructed,temp-1,temp-1-1758915184358,1758915184.3581793,1758915184.3581793,1758915184.3581793,float,C,25.740575798219687,25.510677778702686,observed,1.0,False,observed,SimulatedDroppingStream,{'ground_truth': 25.740575798219687},reconstructed.temp-1
groundtruth,temp-1,temp-1-1758915420362,1758915420.3622737,1758915420.3622737,1758915420.3622737,float,C,23.65238995688792,,,,,groundtruth,GroundTruthStream,{'ground_truth': 23.65238995688792},groundtruth.temp-1
observed,temp-1,temp-1-1758915185364,1758915185.3641024,1758915185.3641024,1758915185.3641024,float,C,23.8808134065405,,,,,observed,SimulatedDroppingStream,{'ground_truth': 23.8808134065405},observed.temp-1
reconstructed,temp-1,temp-1-1758915185364,1758915185.3641024,1758915185.3641024,1758915185.3641024,float,C,23.8808134065405,24.508168141325303,observed,1.0,False,observed,SimulatedDroppingStream,{'ground_truth': 23.8808134065405},reconstructed.temp-1
groundtruth,temp-1,temp-1-1758915421352,1758915421.3526666,1758915421.3526666,1758915421.3526666,float,C,23.40356494407289,,,,,groundtruth,GroundTruthStream,{'ground_truth': 23.40356494407289},groundtruth.temp-1
observed,temp-1,temp-1-1758915186349,1758915186.3498907,1758915186.3498907,1758915186.3498907,float,C,23.989398950742938,,,,,observed,SimulatedDroppingStream,{'ground_truth': 23.989398950742938},observed.temp-1
reconstructed,temp-1,temp-1-1758915186349,1758915186.3498907,1758915186.3498907,1758915186.3498907,float,C,23.989398950742938,24.055398136614762,observed,1.0,False,observed,SimulatedDroppingStream,{'ground_truth': 23.989398950742938},reconstructed.temp-1
groundtruth,temp-1,temp-1-1758915422368,1758915422.3683207,1758915422.3683207,1758915422.3683207,float,C,20.93587219549148,,,,,groundtruth,GroundTruthStream,{'ground_truth': 20.93587219549148},groundtruth.temp-1
observed,temp-1,temp-1-1758915187354,1758915187.3544052,1758915187.3544052,1758915187.3544052,float,C,28.758175989598605,,,,,observed,SimulatedDroppingStream,{'ground_truth': 28.758175989598605},observed.temp-1
reconstructed,temp-1,temp-1-1758915187354,1758915187.3544052,1758915187.3544052,1758915187.3544052,float,C,28.758175989598605,28.08010284143647,observed,1.0,False,observed,SimulatedDroppingStream,{'ground_truth': 28.758175989598605},reconstructed.temp-1
groundtruth,temp-1,temp-1-1758915423352,1758915423.3524072,1758915423.3524072,1758915423.3524072,float,C,22.640327828212254,,,,,groundtruth,GroundTruthStream,{'ground_truth': 22.640327828212254},groundtruth.temp-1
observed,temp-1,temp-1-1758915188360,1758915188.3607383,1758915188.3607383,1758915188.3607383,float,C,19.400783205203425,,,,,observed,SimulatedDroppingStream,{'ground_truth': 19.400783205203425},observed.temp-1
reconstructed,temp-1,temp-1-1758915188360,1758915188.3607383,1758915188.3607383,1758915188.3607383,float,C,19.400783205203425,20.96863205273594,observed,1.0,False,observed,SimulatedDroppingStream,{'ground_truth': 19.400783205203425},reconstructed.temp-1
groundtruth,temp-1,temp-1-1758915424363,1758915424.3630724,1758915424.3630724,1758915424.3630724,float,C,21.111938596849484,,,,,groundtruth,GroundTruthStream,{'ground_truth': 21.111938596849484},groundtruth.temp-1
observed,temp-1,temp-1-1758915189347,1758915189.347659,1758915189.3514094,1758915189.347659,float,C,,,,,,missing,SimulatedDroppingStream,{},observed.temp-1
reconstructed,temp-1,temp-1-1758915189347,1758915189.347659,1758915189.3514094,1758915189.347659,float,C,15.214705245001806,15.214705245001806,KalmanFilter,0.5967907744089855,True,reconstructed,SimulatedDroppingStream,{},reconstructed.temp-1
groundtruth,temp-1,temp-1-1758915425352,1758915425.3525574,1758915425.3525574,1758915425.3525574,float,C,25.137266520580944,,,,,groundtruth,GroundTruthStream,{'ground_truth': 25.137266520580944},groundtruth.temp-1
observed,temp-1,temp-1-1758915190351,1758915190.3516922,1758915190.3516922,1758915190.3516922,float,C,27.473522489074732,,,,,observed,SimulatedDroppingStream,{'ground_truth': 27.473522489074732},observed.temp-1
reconstructed,temp-1,temp-1-1758915190351,1758915190.3516922,1758915190.3516922,1758915190.3516922,float,C,27.473522489074732,26.813689469815174,observed,1.0,False,observed,SimulatedDroppingStream,{'ground_truth': 27.473522489074732},reconstructed.temp-1
groundtruth,temp-1,temp-1-1758915426353,1758915426.3530018,1758915426.3530018,1758915426.3530018,float,C,24.401592741851967,,,,,groundtruth,GroundTruthStream,{'ground_truth': 24.401592741851967},groundtruth.temp-1
observed,temp-1,temp-1-1758915191360,1758915191.360064,1758915191.360064,1758915191.360064,float,C,23.657938815421907,,,,,observed,SimulatedDroppingStream,{'ground_truth': 23.657938815421907},observed.temp-1
reconstructed,temp-1,temp-1-1758915191360,1758915191.360064,1758915191.360064,1758915191.360064,float,C,23.657938815421907,24.569776053832154,observed,1.0,False,observed,SimulatedDroppingStream,{'ground_truth': 23.657938815421907},reconstructed.temp-1
groundtruth,temp-1,temp-1-1758915427362,1758915427.362027,1758915427.362027,1758915427.362027,float,C,25.683746683150737,,,,,groundtruth,GroundTruthStream,{'ground_truth': 25.683746683150737},groundtruth.temp-1
observed,temp-1,temp-1-1758915192350,1758915192.3508232,1758915192.3508232,1758915192.3508232,float,C,22.003887273341068,,,,,observed,SimulatedDroppingStream,{'ground_truth': 22.003887273341068},observed.temp-1
reconstructed,temp-1,temp-1-1758915192350,1758915192.3508232,1758915192.3508232,1758915192.3508232,float,C,22.003887273341068,22.235890364769645,observed,1.0,False,observed,SimulatedDroppingStream,{'ground_truth': 22.003887273341068},reconstructed.temp-1
groundtruth,temp-1,temp-1-1758915428358,1758915428.3587883,1758915428.3587883,1758915428.3587883,float,C,25.272099863056077,,,,,groundtruth,GroundTruthStream,{'ground_truth': 25.272099863056077},groundtruth.temp-1
observed,temp-1,temp-1-1758915193350,1758915193.3509734,1758915193.3509734,1758915193.3509734,float,C,27.96140571229821,,,,,observed,SimulatedDroppingStream,{'ground_truth': 27.96140571229821},observed.temp-1
reconstructed,temp-1,temp-1-1758915193350,1758915193.3509734,1758915193.3509734,1758915193.3509734,float,C,27.96140571229821,26.888731508844824,observed,1.0,False,observed,SimulatedDroppingStream,{'ground_truth': 27.96140571229821},reconstructed.temp-1
groundtruth,temp-1,temp-1-1758915429358,1758915429.358155,1758915429.358155,1758915429.358155,float,C,23.2719897721585,,,,,groundtruth,GroundTruthStream,{'ground_truth': 23.2719897721585},groundtruth.temp-1
observed,temp-1,temp-1-1758915194355,1758915194.3558626,1758915194.3558626,1758915194.3558626,float,C,18.561330112868795,,,,,observed,SimulatedDroppingStream,{'ground_truth': 18.561330112868795},observed.temp-1
reconstructed,temp-1,temp-1-1758915194355,1758915194.3558626,1758915194.3558626,1758915194.3558626,float,C,18.561330112868795,20.08712894245016,observed,1.0,False,observed,SimulatedDroppingStream,{'ground_truth': 18.561330112868795},reconstructed.temp-1
groundtruth,temp-1,temp-1-1758915430352,1758915430.3529837,1758915430.3529837,1758915430.3529837,float,C,22.853588344543,,,,,groundtruth,GroundTruthStream,{'ground_truth': 22.853588344543},groundtruth.temp-1
observed,temp-1,temp-1-1758915195358,1758915195.3586245,1758915195.3586245,1758915195.3586245,float,C,22.54163006171028,,,,,observed,SimulatedDroppingStream,{'ground_truth': 22.54163006171028},observed.temp-1
reconstructed,temp-1,temp-1-1758915195358,1758915195.3586245,1758915195.3586245,1758915195.3586245,float,C,22.54163006171028,21.554944514647076,observed,1.0,False,observed,SimulatedDroppingStream,{'ground_truth': 22.54163006171028},reconstructed.temp-1
groundtruth,temp-1,temp-1-1758915431353,1758915431.3537762,1758915431.3537762,1758915431.3537762,float,C,24.165620204713093,,,,,groundtruth,GroundTruthStream,{'ground_truth': 24.165620204713093},groundtruth.temp-1
observed,temp-1,temp-1-1758915196363,1758915196.363611,1758915196.363611,1758915196.363611,float,C,17.110021719071923,,,,,observed,SimulatedDroppingStream,{'ground_truth': 17.110021719071923},observed.temp-1
reconstructed,temp-1,temp-1-1758915196363,1758915196.363611,1758915196.363611,1758915196.363611,float,C,17.110021719071923,17.61568449893594,observed,1.0,False,observed,SimulatedDroppingStream,{'ground_truth': 17.110021719071923},reconstructed.temp-1
groundtruth,temp-1,temp-1-1758915432352,1758915432.3520298,1758915432.3520298,1758915432.3520298,float,C,23.636426982296303,,,,,groundtruth,GroundTruthStream,{'ground_truth': 23.636426982296303},groundtruth.temp-1
observed,temp-1,temp-1-1758915197360,1758915197.3600075,1758915197.3600075,1758915197.3600075,float,C,18.847643133657,,,,,observed,SimulatedDroppingStream,{'ground_truth': 18.847643133657},observed.temp-1
reconstructed,temp-1,temp-1-1758915197360,1758915197.3600075,1758915197.3600075,1758915197.3600075,float,C,18.847643133657,18.21911100776238,observed,1.0,False,observed,SimulatedDroppingStream,{'ground_truth': 18.847643133657},reconstructed.temp-1
groundtruth,temp-1,temp-1-1758915433358,1758915433.358559,1758915433.358559,1758915433.358559,float,C,26.78341101814978,,,,,groundtruth,GroundTruthStream,{'ground_truth': 26.78341101814978},groundtruth.temp-1
observed,temp-1,temp-1-1758915198350,1758915198.3501954,1758915198.3501954,1758915198.3501954,float,C,18.11029263633162,,,,,observed,SimulatedDroppingStream,{'ground_truth': 18.11029263633162},observed.temp-1
reconstructed,temp-1,temp-1-1758915198350,1758915198.3501954,1758915198.3501954,1758915198.3501954,float,C,18.11029263633162,18.077631687649856,observed,1.0,False,observed,SimulatedDroppingStream,{'ground_truth': 18.11029263633162},reconstructed.temp-1
groundtruth,temp-1,temp-1-1758915434355,1758915434.355776,1758915434.355776,1758915434.355776,float,C,21.193254305030347,,,,,groundtruth,GroundTruthStream,{'ground_truth': 21.193254305030347},groundtruth.temp-1
observed,temp-1,temp-1-1758915199364,1758915199.364367,1758915199.364367,1758915199.364367,float,C,25.694540807572206,,,,,observed,SimulatedDroppingStream,{'ground_truth': 25.694540807572206},observed.temp-1
reconstructed,temp-1,temp-1-1758915199364,1758915199.364367,1758915199.364367,1758915199.364367,float,C,25.694540807572206,24.745764803525393,observed,1.0,False,observed,SimulatedDroppingStream,{'ground_truth': 25.694540807572206},reconstructed.temp-1
groundtruth,temp-1,temp-1-1758915436350,1758915436.350152,1758915436.350152,1758915436.350152,float,C,24.613644961991977,,,,,groundtruth,GroundTruthStream,{'ground_truth': 24.613644961991977},groundtruth.temp-1
observed,temp-1,temp-1-1758915200354,1758915200.354417,1758915200.354417,1758915200.354417,float,C,22.71113790798418,,,,,observed,SimulatedDroppingStream,{'ground_truth': 22.71113790798418},observed.temp-1
reconstructed,temp-1,temp-1-1758915200354,1758915200.354417,1758915200.354417,1758915200.354417,float,C,22.71113790798418,23.86914605873333,observed,1.0,False,observed,SimulatedDroppingStream,{'ground_truth': 22.71113790798418},reconstructed.temp-1
groundtruth,temp-1,temp-1-1758915437352,1758915437.3527548,1758915437.3527548,1758915437.3527548,float,C,25.03269639480984,,,,,groundtruth,GroundTruthStream,{'ground_truth': 25.03269639480984},groundtruth.temp-1
observed,temp-1,temp-1-1758915201361,1758915201.3612185,1758915201.3612185,1758915201.3612185,float,C,19.630970268722056,,,,,observed,SimulatedDroppingStream,{'ground_truth': 19.630970268722056},observed.temp-1
reconstructed,temp-1,temp-1-1758915201361,1758915201.3612185,1758915201.3612185,1758915201.3612185,float,C,19.630970268722056,20.406102534047058,observed,1.0,False,observed,SimulatedDroppingStream,{'ground_truth': 19.630970268722056},reconstructed.temp-1
groundtruth,temp-1,temp-1-1758915438362,1758915438.3626919,1758915438.3626919,1758915438.3626919,float,C,28.260663145051893,,,,,groundtruth,GroundTruthStream,{'ground_truth': 28.260663145051893},groundtruth.temp-1
observed,temp-1,temp-1-1758915202359,1758915202.3595624,1758915202.3595624,1758915202.3595624,float,C,17.74097944043602,,,,,observed,SimulatedDroppingStream,{'ground_truth': 17.74097944043602},observed.temp-1
reconstructed,temp-1,temp-1-1758915202359,1758915202.3595624,1758915202.3595624,1758915202.3595624,float,C,17.74097944043602,17.672195202187556,observed,1.0,False,observed,SimulatedDroppingStream,{'ground_truth': 17.74097944043602},reconstructed.temp-1
groundtruth,temp-1,temp-1-1758915439349,1758915439.349703,1758915439.349703,1758915439.349703,float,C,28.738315308953226,,,,,groundtruth,GroundTruthStream,{'ground_truth': 28.738315308953226},groundtruth.temp-1
observed,temp-1,temp-1-1758915203361,1758915203.3616664,1758915203.3616664,1758915203.3616664,float,C,29.59212006686443,,,,,observed,SimulatedDroppingStream,{'ground_truth': 29.59212006686443},observed.temp-1
reconstructed,temp-1,temp-1-1758915203361,1758915203.3616664,1758915203.3616664,1758915203.3616664,float,C,29.59212006686443,27.509187925745117,observed,1.0,False,observed,SimulatedDroppingStream,{'ground_truth': 29.59212006686443},reconstructed.temp-1
groundtruth,temp-1,temp-1-1758915440363,1758915440.3633738,1758915440.3633738,1758915440.3633738,float,C,24.611433189018335,,,,,groundtruth,GroundTruthStream,{'ground_truth': 24.611433189018335},groundtruth.temp-1
observed,temp-1,temp-1-1758915204347,1758915204.347659,1758915204.3643222,1758915204.347659,float,C,,,,,,missing,SimulatedDroppingStream,{},observed.temp-1
reconstructed,temp-1,temp-1-1758915204347,1758915204.347659,1758915204.3643222,1758915204.347659,float,C,35.527585255144885,35.527585255144885,KalmanFilter,0.5974377303187333,True,reconstructed,SimulatedDroppingStream,{},reconstructed.temp-1
groundtruth,temp-1,temp-1-1758915441363,1758915441.3636465,1758915441.3636465,1758915441.3636465,float,C,25.108988828025133,,,,,groundtruth,GroundTruthStream,{'ground_truth': 25.108988828025133},groundtruth.temp-1
observed,temp-1,temp-1-1758915205360,1758915205.3602037,1758915205.3602037,1758915205.3602037,float,C,20.97103610081261,,,,,observed,SimulatedDroppingStream,{'ground_truth': 20.97103610081261},observed.temp-1
reconstructed,temp-1,temp-1-1758915205360,1758915205.3602037,1758915205.3602037,1758915205.3602037,float,C,20.97103610081261,21.80610908583428,observed,1.0,False,observed,SimulatedDroppingStream,{'ground_truth': 20.97103610081261},reconstructed.temp-1
groundtruth,temp-1,temp-1-1758915444355,1758915444.3552115,1758915444.3552115,1758915444.3552115,float,C,17.66685788194134,,,,,groundtruth,GroundTruthStream,{'ground_truth': 17.66685788194134},groundtruth.temp-1
observed,temp-1,temp-1-1758915206362,1758915206.3625324,1758915206.3625324,1758915206.3625324,float,C,21.723851148221712,,,,,observed,SimulatedDroppingStream,{'ground_truth': 21.723851148221712},observed.temp-1
reconstructed,temp-1,temp-1-1758915206362,1758915206.3625324,1758915206.3625324,1758915206.3625324,float,C,21.723851148221712,21.229745647756932,observed,1.0,False,observed,SimulatedDroppingStream,{'ground_truth': 21.723851148221712},reconstructed.temp-1
groundtruth,temp-1,temp-1-1758915445358,1758915445.3589513,1758915445.3589513,1758915445.3589513,float,C,19.987530919669293,,,,,groundtruth,GroundTruthStream,{'ground_truth': 19.987530919669293},groundtruth.temp-1
observed,temp-1,temp-1-1758915207347,1758915207.347659,1758915207.3610575,1758915207.347659,float,C,,,,,,missing,SimulatedDroppingStream,{},observed.temp-1
reconstructed,temp-1,temp-1-1758915207347,1758915207.347659,1758915207.3610575,1758915207.347659,float,C,18.913857407266846,18.913857407266846,KalmanFilter,0.5843681062511595,True,reconstructed,SimulatedDroppingStream,{},reconstructed.temp-1
groundtruth,temp-1,temp-1-1758915447360,1758915447.360491,1758915447.360491,1758915447.360491,float,C,21.340434615669448,,,,,groundtruth,GroundTruthStream,{'ground_truth': 21.340434615669448},groundtruth.temp-1
observed,temp-1,temp-1-1758915208359,1758915208.3591478,1758915208.3591478,1758915208.3591478,float,C,23.695248207089396,,,,,observed,SimulatedDroppingStream,{'ground_truth': 23.695248207089396},observed.temp-1
reconstructed,temp-1,temp-1-1758915208359,1758915208.3591478,1758915208.3591478,1758915208.3591478,float,C,23.695248207089396,23.455123611996388,observed,1.0,False,observed,SimulatedDroppingStream,{'ground_truth': 23.695248207089396},reconstructed.temp-1
groundtruth,temp-1,temp-1-1758915449354,1758915449.3547854,1758915449.3547854,1758915449.3547854,float,C,27.362202162899777,,,,,groundtruth,GroundTruthStream,{'ground_truth': 27.362202162899777},groundtruth.temp-1
observed,temp-1,temp-1-1758915209361,1758915209.3619893,1758915209.3619893,1758915209.3619893,float,C,17.906158753155683,,,,,observed,SimulatedDroppingStream,{'ground_truth': 17.906158753155683},observed.temp-1
reconstructed,temp-1,temp-1-1758915209361,1758915209.3619893,1758915209.3619893,1758915209.3619893,float,C,17.906158753155683,18.840504942917924,observed,1.0,False,observed,SimulatedDroppingStream,{'ground_truth': 17.906158753155683},reconstructed.temp-1
groundtruth,temp-1,temp-1-1758915450357,1758915450.357125,1758915450.357125,1758915450.357125,float,C,23.11058046165303,,,,,groundtruth,GroundTruthStream,{'ground_truth': 23.11058046165303},groundtruth.temp-1
observed,temp-1,temp-1-1758915210361,1758915210.361753,1758915210.361753,1758915210.361753,float,C,23.18331507502066,,,,,observed,SimulatedDroppingStream,{'ground_truth': 23.18331507502066},observed.temp-1
reconstructed,temp-1,temp-1-1758915210361,1758915210.361753,1758915210.361753,1758915210.361753,float,C,23.18331507502066,22.180872878976658,observed,1.0,False,observed,SimulatedDroppingStream,{'ground_truth': 23.18331507502066},reconstructed.temp-1
groundtruth,temp-1,temp-1-1758915452348,1758915452.348797,1758915452.348797,1758915452.348797,float,C,16.60017736401296,,,,,groundtruth,GroundTruthStream,{'ground_truth': 16.60017736401296},groundtruth.temp-1
observed,temp-1,temp-1-1758915211348,1758915211.3488135,1758915211.3488135,1758915211.3488135,float,C,23.812893905573276,,,,,observed,SimulatedDroppingStream,{'ground_truth': 23.812893905573276},observed.temp-1
reconstructed,temp-1,temp-1-1758915211348,1758915211.3488135,1758915211.3488135,1758915211.3488135,float,C,23.812893905573276,23.861975453451006,observed,1.0,False,observed,SimulatedDroppingStream,{'ground_truth': 23.812893905573276},reconstructed.temp-1
groundtruth,temp-1,temp-1-1758915453362,1758915453.3620894,1758915453.3620894,1758915453.3620894,float,C,22.577875029812297,,,,,groundtruth,GroundTruthStream,{'ground_truth': 22.577875029812297},groundtruth.temp-1
observed,temp-1,temp-1-1758915212347,1758915212.347659,1758915212.3593352,1758915212.347659,float,C,,,,,,missing,SimulatedDroppingStream,{},observed.temp-1
reconstructed,temp-1,temp-1-1758915212347,1758915212.347659,1758915212.3593352,1758915212.347659,float,C,26.46166897464872,26.46166897464872,KalmanFilter,0.5970964435017432,True,reconstructed,SimulatedDroppingStream,{},reconstructed.temp-1
groundtruth,temp-1,temp-1-1758915454357,1758915454.3578503,1758915454.3578503,1758915454.3578503,float,C,29.242073606098707,,,,,groundtruth,GroundTruthStream,{'ground_truth': 29.242073606098707},groundtruth.temp-1
observed,temp-1,temp-1-1758915213356,1758915213.3561532,1758915213.3561532,1758915213.3561532,float,C,25.949750022495408,,,,,observed,SimulatedDroppingStream,{'ground_truth': 25.949750022495408},observed.temp-1
reconstructed,temp-1,temp-1-1758915213356,1758915213.3561532,1758915213.3561532,1758915213.3561532,float,C,25.949750022495408,26.078751392732837,observed,1.0,False,observed,SimulatedDroppingStream,{'ground_truth': 25.949750022495408},reconstructed.temp-1
groundtruth,temp-1,temp-1-1758915455353,1758915455.3531628,1758915455.3531628,1758915455.3531628,float,C,26.83296360747518,,,,,groundtruth,GroundTruthStream,{'ground_truth': 26.83296360747518},groundtruth.temp-1
observed,temp-1,temp-1-1758915214354,1758915214.3544772,1758915214.3544772,1758915214.3544772,float,C,28.498461306529634,,,,,observed,SimulatedDroppingStream,{'ground_truth': 28.498461306529634},observed.temp-1
reconstructed,temp-1,temp-1-1758915214354,1758915214.3544772,1758915214.3544772,1758915214.3544772,float,C,28.498461306529634,28.381646260355605,observed,1.0,False,observed,SimulatedDroppingStream,{'ground_truth': 28.498461306529634},reconstructed.temp-1
groundtruth,temp-1,temp-1-1758915456360,1758915456.3602521,1758915456.3602521,1758915456.3602521,float,C,19.08265910071499,,,,,groundtruth,GroundTruthStream,{'ground_truth': 19.08265910071499},groundtruth.temp-1
observed,temp-1,temp-1-1758915215347,1758915215.347659,1758915215.3605242,1758915215.347659,float,C,,,,,,missing,SimulatedDroppingStream,{},observed.temp-1
reconstructed,temp-1,temp-1-1758915215347,1758915215.347659,1758915215.3605242,1758915215.347659,float,C,30.78894287100028,30.78894287100028,KalmanFilter,0.584161161352596,True,reconstructed,SimulatedDroppingStream,{},reconstructed.temp-1
groundtruth,temp-1,temp-1-1758915457351,1758915457.351528,1758915457.351528,1758915457.351528,float,C,16.709859616195295,,,,,groundtruth,GroundTruthStream,{'ground_truth': 16.709859616195295},groundtruth.temp-1
observed,temp-1,temp-1-1758915216359,1758915216.3592012,1758915216.3592012,1758915216.3592012,float,C,29.97047102044494,,,,,observed,SimulatedDroppingStream,{'ground_truth': 29.97047102044494},observed.temp-1
reconstructed,temp-1,temp-1-1758915216359,1758915216.3592012,1758915216.3592012,1758915216.3592012,float,C,29.97047102044494,30.08106328699005,observed,1.0,False,observed,SimulatedDroppingStream,{'ground_truth': 29.97047102044494},reconstructed.temp-1
groundtruth,temp-1,temp-1-1758915458364,1758915458.3649445,1758915458.3649445,1758915458.3649445,float,C,15.730813089111571,,,,,groundtruth,GroundTruthStream,{'ground_truth': 15.730813089111571},groundtruth.temp-1
observed,temp-1,temp-1-1758915217347,1758915217.347659,1758915217.3567777,1758915217.347659,float,C,,,,,,missing,SimulatedDroppingStream,{},observed.temp-1
reconstructed,temp-1,temp-1-1758915217347,1758915217.347659,1758915217.3567777,1758915217.347659,float,C,30.722533617365244,30.722533617365244,KalmanFilter,0.5961870335062073,True,reconstructed,SimulatedDroppingStream,{},reconstructed.temp-1
groundtruth,temp-1,temp-1-1758915460354,1758915460.3540518,1758915460.3540518,1758915460.3540518,float,C,28.377645967795665,,,,,groundtruth,GroundTruthStream,{'ground_truth': 28.377645967795665},groundtruth.temp-1
observed,temp-1,temp-1-1758915218355,1758915218.3550274,1758915218.3550274,1758915218.3550274,float,C,17.80571812224418,,,,,observed,SimulatedDroppingStream,{'ground_truth': 17.80571812224418},observed.temp-1
reconstructed,temp-1,temp-1-1758915218355,1758915218.3550274,1758915218.3550274,1758915218.3550274,float,C,17.80571812224418,18.231873904651177,observed,1.0,False,observed,SimulatedDroppingStream,{'ground_truth': 17.80571812224418},reconstructed.temp-1
groundtruth,temp-1,temp-1-1758915461354,1758915461.3547628,1758915461.3547628,1758915461.3547628,float,C,16.97461283273493,,,,,groundtruth,GroundTruthStream,{'ground_truth': 16.97461283273493},groundtruth.temp-1
observed,temp-1,temp-1-1758915219353,1758915219.3539033,1758915219.3539033,1758915219.3539033,float,C,22.82638622723736,,,,,observed,SimulatedDroppingStream,{'ground_truth': 22.82638622723736},observed.temp-1
reconstructed,temp-1,temp-1-1758915219353,1758915219.3539033,1758915219.3539033,1758915219.3539033,float,C,22.82638622723736,21.085302379705645,observed,1.0,False,observed,SimulatedDroppingStream,{'ground_truth': 22.82638622723736},reconstructed.temp-1
groundtruth,temp-1,temp-1-1758915462361,1758915462.3619485,1758915462.3619485,1758915462.3619485,float,C,17.270704094118557,,,,,groundtruth,GroundTruthStream,{'ground_truth': 17.270704094118557},groundtruth.temp-1
observed,temp-1,temp-1-1758915220352,1758915220.3523824,1758915220.3523824,1758915220.3523824,float,C,25.7496230897878,,,,,observed,SimulatedDroppingStream,{'ground_truth': 25.7496230897878},observed.temp-1
reconstructed,temp-1,temp-1-1758915220352,1758915220.3523824,1758915220.3523824,1758915220.3523824,float,C,25.7496230897878,25.178843678178808,observed,1.0,False,observed,SimulatedDroppingStream,{'ground_truth': 25.7496230897878},reconstructed.temp-1
groundtruth,temp-1,temp-1-1758915464350,1758915464.3509848,1758915464.3509848,1758915464.3509848,float,C,23.991522284188235,,,,,groundtruth,GroundTruthStream,{'ground_truth': 23.991522284188235},groundtruth.temp-1
observed,temp-1,temp-1-1758915221347,1758915221.347659,1758915221.3620017,1758915221.347659,float,C,,,,,,missing,SimulatedDroppingStream,{},observed.temp-1
reconstructed,temp-1,temp-1-1758915221347,1758915221.347659,1758915221.3620017,1758915221.347659,float,C,30.130835927962718,30.130835927962718,KalmanFilter,0.5928761982882538,True,reconstructed,SimulatedDroppingStream,{},reconstructed.temp-1
groundtruth,temp-1,temp-1-1758915465362,1758915465.3625352,1758915465.3625352,1758915465.3625352,float,C,23.11730701174612,,,,,groundtruth,GroundTruthStream,{'ground_truth': 23.11730701174612},groundtruth.temp-1
observed,temp-1,temp-1-1758915222347,1758915222.347659,1758915222.3639429,1758915222.347659,float,C,,,,,,missing,SimulatedDroppingStream,{},observed.temp-1
reconstructed,temp-1,temp-1-1758915222347,1758915222.347659,1758915222.3639429,1758915222.347659,float,C,37.21571966501897,37.21571966501897,KalmanFilter,0.2508915687176354,True,reconstructed,SimulatedDroppingStream,{},reconstructed.temp-1
groundtruth,temp-1,temp-1-1758915466355,1758915466.3550057,1758915466.3550057,1758915466.3550057,float,C,22.910337787005652,,,,,groundtruth,GroundTruthStream,{'ground_truth': 22.910337787005652},groundtruth.temp-1
observed,temp-1,temp-1-1758915223348,1758915223.3487923,1758915223.3487923,1758915223.3487923,float,C,19.05683193626914,,,,,observed,SimulatedDroppingStream,{'ground_truth': 19.05683193626914},observed.temp-1
reconstructed,temp-1,temp-1-1758915223348,1758915223.3487923,1758915223.3487923,1758915223.3487923,float,C,19.05683193626914,19.353066421895644,observed,1.0,False,observed,SimulatedDroppingStream,{'ground_truth': 19.05683193626914},reconstructed.temp-1
groundtruth,temp-1,temp-1-1758915467352,1758915467.3520544,1758915467.3520544,1758915467.3520544,float,C,28.91398713193065,,,,,groundtruth,GroundTruthStream,{'ground_truth': 28.91398713193065},groundtruth.temp-1
observed,temp-1,temp-1-1758915224347,1758915224.347659,1758915224.3482661,1758915224.347659,float,C,,,,,,missing,SimulatedDroppingStream,{},observed.temp-1
reconstructed,temp-1,temp-1-1758915224347,1758915224.347659,1758915224.3482661,1758915224.347659,float,C,15.677234303079942,15.677234303079942,KalmanFilter,0.5739417959421074,True,reconstructed,SimulatedDroppingStream,{},reconstructed.temp-1
groundtruth,temp-1,temp-1-1758915468357,1758915468.3575404,1758915468.3575404,1758915468.3575404,float,C,15.343536082721757,,,,,groundtruth,GroundTruthStream,{'ground_truth': 15.343536082721757},groundtruth.temp-1
observed,temp-1,temp-1-1758915225350,1758915225.3506134,1758915225.3506134,1758915225.3506134,float,C,29.04142624110017,,,,,observed,SimulatedDroppingStream,{'ground_truth': 29.04142624110017},observed.temp-1
reconstructed,temp-1,temp-1-1758915225350,1758915225.3506134,1758915225.3506134,1758915225.3506134,float,C,29.04142624110017,28.535268883392995,observed,1.0,False,observed,SimulatedDroppingStream,{'ground_truth': 29.04142624110017},reconstructed.temp-1
groundtruth,temp-1,temp-1-1758915469350,1758915469.3508751,1758915469.3508751,1758915469.3508751,float,C,25.46468989903797,,,,,groundtruth,GroundTruthStream,{'ground_truth': 25.46468989903797},groundtruth.temp-1
observed,temp-1,temp-1-1758915226347,1758915226.347659,1758915226.3649762,1758915226.347659,float,C,,,,,,missing,SimulatedDroppingStream,{},observed.temp-1
reconstructed,temp-1,temp-1-1758915226347,1758915226.347659,1758915226.3649762,1758915226.347659,float,C,35.61907300327746,35.61907300327746,KalmanFilter,0.5884819083362156,True,reconstructed,SimulatedDroppingStream,{},reconstructed.temp-1
groundtruth,temp-1,temp-1-1758915471364,1758915471.364504,1758915471.364504,1758915471.364504,float,C,17.96096602505528,,,,,groundtruth,GroundTruthStream,{'ground_truth': 17.96096602505528},groundtruth.temp-1
observed,temp-1,temp-1-1758915227364,1758915227.3640206,1758915227.3640206,1758915227.3640206,float,C,23.755107557278837,,,,,observed,SimulatedDroppingStream,{'ground_truth': 23.755107557278837},observed.temp-1
reconstructed,temp-1,temp-1-1758915227364,1758915227.3640206,1758915227.3640206,1758915227.3640206,float,C,23.755107557278837,24.411407359847523,observed,1.0,False,observed,SimulatedDroppingStream,{'ground_truth': 23.755107557278837},reconstructed.temp-1
groundtruth,temp-1,temp-1-1758915472364,1758915472.3647187,1758915472.3647187,1758915472.3647187,float,C,16.725076256732528,,,,,groundtruth,GroundTruthStream,{'ground_truth': 16.725076256732528},groundtruth.temp-1
observed,temp-1,temp-1-1758915228360,1758915228.3608406,1758915228.3608406,1758915228.3608406,float,C,26.41920307420083,,,,,observed,SimulatedDroppingStream,{'ground_truth': 26.41920307420083},observed.temp-1
reconstructed,temp-1,temp-1-1758915228360,1758915228.3608406,1758915228.3608406,1758915228.3608406,float,C,26.41920307420083,25.74291477062168,observed,1.0,False,observed,SimulatedDroppingStream,{'ground_truth': 26.41920307420083},reconstructed.temp-1
groundtruth,temp-1,temp-1-1758915473359,1758915473.359878,1758915473.359878,1758915473.359878,float,C,23.755528642292184,,,,,groundtruth,GroundTruthStream,{'ground_truth': 23.755528642292184},groundtruth.temp-1
observed,temp-1,temp-1-1758915229347,1758915229.347659,1758915229.3547852,1758915229.347659,float,C,,,,,,missing,SimulatedDroppingStream,{},observed.temp-1
reconstructed,temp-1,temp-1-1758915229347,1758915229.347659,1758915229.3547852,1758915229.347659,float,C,25.436596486628577,25.436596486628577,KalmanFilter,0.5825947629326841,True,reconstructed,SimulatedDroppingStream,{},reconstructed.temp-1
groundtruth,temp-1,temp-1-1758915474352,1758915474.3529074,1758915474.3529074,1758915474.3529074,float,C,21.692838596195482,,,,,groundtruth,GroundTruthStream,{'ground_truth': 21.692838596195482},groundtruth.temp-1
observed,temp-1,temp-1-1758915230347,1758915230.347659,1758915230.3517566,1758915230.347659,float,C,,,,,,missing,SimulatedDroppingStream,{},observed.temp-1
reconstructed,temp-1,temp-1-1758915230347,1758915230.347659,1758915230.3517566,1758915230.347659,float,C,24.95783073659759,24.95783073659759,KalmanFilter,0.24052265684516963,True,reconstructed,SimulatedDroppingStream,{},reconstructed.temp-1
groundtruth,temp-1,temp-1-1758915475350,1758915475.3506057,1758915475.3506057,1758915475.3506057,float,C,23.29018476375477,,,,,groundtruth,GroundTruthStream,{'ground_truth': 23.29018476375477},groundtruth.temp-1
observed,temp-1,temp-1-1758915231348,1758915231.3485928,1758915231.3485928,1758915231.3485928,float,C,17.05508824856452,,,,,observed,SimulatedDroppingStream,{'ground_truth': 17.05508824856452},observed.temp-1
reconstructed,temp-1,temp-1-1758915231348,1758915231.3485928,1758915231.3485928,1758915231.3485928,float,C,17.05508824856452,17.129356539930292,observed,1.0,False,observed,SimulatedDroppingStream,{'ground_truth': 17.05508824856452},reconstructed.temp-1
groundtruth,temp-1,temp-1-1758915478363,1758915478.3638914,1758915478.3638914,1758915478.3638914,float,C,19.569443996431406,,,,,groundtruth,GroundTruthStream,{'ground_truth': 19.569443996431406},groundtruth.temp-1
observed,temp-1,temp-1-1758915232362,1758915232.3629274,1758915232.3629274,1758915232.3629274,float,C,22.832794024262917,,,,,observed,SimulatedDroppingStream,{'ground_truth': 22.832794024262917},observed.temp-1
reconstructed,temp-1,temp-1-1758915232362,1758915232.3629274,1758915232.3629274,1758915232.3629274,float,C,22.832794024262917,21.586157610006484,observed,1.0,False,observed,SimulatedDroppingStream,{'ground_truth': 22.832794024262917},reconstructed.temp-1
groundtruth,temp-1,temp-1-1758915479361,1758915479.3611288,1758915479.3611288,1758915479.3611288,float,C,17.572875471678362,,,,,groundtruth,GroundTruthStream,{'ground_truth': 17.572875471678362},groundtruth.temp-1
observed,temp-1,temp-1-1758915233347,1758915233.347659,1758915233.3480856,1758915233.347659,float,C,,,,,,missing,SimulatedDroppingStream,{},observed.temp-1
reconstructed,temp-1,temp-1-1758915233347,1758915233.347659,1758915233.3480856,1758915233.347659,float,C,25.384157101826492,25.384157101826492,KalmanFilter,0.5664695226253809,True,reconstructed,SimulatedDroppingStream,{},reconstructed.temp-1
groundtruth,temp-1,temp-1-1758915480349,1758915480.349649,1758915480.349649,1758915480.349649,float,C,21.383596544249226,,,,,groundtruth,GroundTruthStream,{'ground_truth': 21.383596544249226},groundtruth.temp-1
observed,temp-1,temp-1-1758915234362,1758915234.3627713,1758915234.3627713,1758915234.3627713,float,C,29.524537101582666,,,,,observed,SimulatedDroppingStream,{'ground_truth': 29.524537101582666},observed.temp-1
reconstructed,temp-1,temp-1-1758915234362,1758915234.3627713,1758915234.3627713,1758915234.3627713,float,C,29.524537101582666,29.568792228363638,observed,1.0,False,observed,SimulatedDroppingStream,{'ground_truth': 29.524537101582666},reconstructed.temp-1
groundtruth,temp-1,temp-1-1758915481362,1758915481.36292,1758915481.36292,1758915481.36292,float,C,25.239295872004526,,,,,groundtruth,GroundTruthStream,{'ground_truth': 25.239295872004526},groundtruth.temp-1
observed,temp-1,temp-1-1758915235357,1758915235.3572073,1758915235.3572073,1758915235.3572073,float,C,27.699389957975445,,,,,observed,SimulatedDroppingStream,{'ground_truth': 27.699389957975445},observed.temp-1
reconstructed,temp-1,temp-1-1758915235357,1758915235.3572073,1758915235.3572073,1758915235.3572073,float,C,27.699389957975445,28.775829560289022,observed,1.0,False,observed,SimulatedDroppingStream,{'ground_truth': 27.699389957975445},reconstructed.temp-1
groundtruth,temp-1,temp-1-1758915482365,1758915482.3656864,1758915482.3656864,1758915482.3656864,float,C,29.033539153003723,,,,,groundtruth,GroundTruthStream,{'ground_truth': 29.033539153003723},groundtruth.temp-1
observed,temp-1,temp-1-1758915236356,1758915236.3560188,1758915236.3560188,1758915236.3560188,float,C,22.062302928446734,,,,,observed,SimulatedDroppingStream,{'ground_truth': 22.062302928446734},observed.temp-1
reconstructed,temp-1,temp-1-1758915236356,1758915236.3560188,1758915236.3560188,1758915236.3560188,float,C,22.062302928446734,23.008558515436796,observed,1.0,False,observed,SimulatedDroppingStream,{'ground_truth': 22.062302928446734},reconstructed.temp-1
groundtruth,temp-1,temp-1-1758915483363,1758915483.3633115,1758915483.3633115,1758915483.3633115,float,C,20.846255835368353,,,,,groundtruth,GroundTruthStream,{'ground_truth': 20.846255835368353},groundtruth.temp-1
observed,temp-1,temp-1-1758915237351,1758915237.351246,1758915237.351246,1758915237.351246,float,C,20.14597306291295,,,,,observed,SimulatedDroppingStream,{'ground_truth': 20.14597306291295},observed.temp-1
reconstructed,temp-1,temp-1-1758915237351,1758915237.351246,1758915237.351246,1758915237.351246,float,C,20.14597306291295,19.72205829606154,observed,1.0,False,observed,SimulatedDroppingStream,{'ground_truth': 20.14597306291295},reconstructed.temp-1
groundtruth,temp-1,temp-1-1758915484357,1758915484.3574016,1758915484.3574016,1758915484.3574016,float,C,28.454308444357842,,,,,groundtruth,GroundTruthStream,{'ground_truth': 28.454308444357842},groundtruth.temp-1
observed,temp-1,temp-1-1758915238347,1758915238.347659,1758915238.3492172,1758915238.347659,float,C,,,,,,missing,SimulatedDroppingStream,{},observed.temp-1
reconstructed,temp-1,temp-1-1758915238347,1758915238.347659,1758915238.3492172,1758915238.347659,float,C,13.789043494698191,13.789043494698191,KalmanFilter,0.5969759691164449,True,reconstructed,SimulatedDroppingStream,{},reconstructed.temp-1
groundtruth,temp-1,temp-1-1758915485363,1758915485.3633163,1758915485.3633163,1758915485.3633163,float,C,25.119824776895257,,,,,groundtruth,GroundTruthStream,{'ground_truth': 25.119824776895257},groundtruth.temp-1
observed,temp-1,temp-1-1758915239347,1758915239.347659,1758915239.354514,1758915239.347659,float,C,,,,,,missing,SimulatedDroppingStream,{},observed.temp-1
reconstructed,temp-1,temp-1-1758915239347,1758915239.347659,1758915239.354514,1758915239.347659,float,C,6.159235217361586,6.159235217361586,KalmanFilter,0.2537849500453877,True,reconstructed,SimulatedDroppingStream,{},reconstructed.temp-1
groundtruth,temp-1,temp-1-1758915486350,1758915486.3504922,1758915486.3504922,1758915486.3504922,float,C,28.39025773575223,,,,,groundtruth,GroundTruthStream,{'ground_truth': 28.39025773575223},groundtruth.temp-1
observed,temp-1,temp-1-1758915240347,1758915240.347659,1758915240.3592587,1758915240.347659,float,C,,,,,,missing,SimulatedDroppingStream,{},observed.temp-1
reconstructed,temp-1,temp-1-1758915240347,1758915240.347659,1758915240.3592587,1758915240.347659,float,C,-3.1673665359482754,-3.1673665359482754,KalmanFilter,0.09972326908631872,True,reconstructed,SimulatedDroppingStream,{},reconstructed.temp-1
groundtruth,temp-1,temp-1-1758915487355,1758915487.3557224,1758915487.3557224,1758915487.3557224,float,C,22.36745792483936,,,,,groundtruth,GroundTruthStream,{'ground_truth': 22.36745792483936},groundtruth.temp-1
observed,temp-1,temp-1-1758915241347,1758915241.347659,1758915241.3641589,1758915241.347659,float,C,,,,,,missing,SimulatedDroppingStream,{},observed.temp-1
reconstructed,temp-1,temp-1-1758915241347,1758915241.347659,1758915241.3641589,1758915241.347659,float,C,-14.190761765231393,-14.190761765231393,KalmanFilter,0.04278281595134137,True,reconstructed,SimulatedDroppingStream,{},reconstructed.temp-1
groundtruth,temp-1,temp-1-1758915488354,1758915488.3540905,1758915488.3540905,1758915488.3540905,float,C,17.20923285655989,,,,,groundtruth,GroundTruthStream,{'ground_truth': 17.20923285655989},groundtruth.temp-1
observed,temp-1,temp-1-1758915242362,1758915242.3624709,1758915242.3624709,1758915242.3624709,float,C,19.316570199383634,,,,,observed,SimulatedDroppingStream,{'ground_truth': 19.316570199383634},observed.temp-1
reconstructed,temp-1,temp-1-1758915242362,1758915242.3624709,1758915242.3624709,1758915242.3624709,float,C,19.316570199383634,19.22047720322749,observed,1.0,False,observed,SimulatedDroppingStream,{'ground_truth': 19.316570199383634},reconstructed.temp-1
groundtruth,temp-1,temp-1-1758915489351,1758915489.3513622,1758915489.3513622,1758915489.3513622,float,C,29.87864766670632,,,,,groundtruth,GroundTruthStream,{'ground_truth': 29.87864766670632},groundtruth.temp-1
observed,temp-1,temp-1-1758915243347,1758915243.347659,1758915243.3618143,1758915243.347659,float,C,,,,,,missing,SimulatedDroppingStream,{},observed.temp-1
reconstructed,temp-1,temp-1-1758915243347,1758915243.347659,1758915243.3618143,1758915243.347659,float,C,22.526791545203135,22.526791545203135,KalmanFilter,0.4859422996725423,True,reconstructed,SimulatedDroppingStream,{},reconstructed.temp-1
groundtruth,temp-1,temp-1-1758915490356,1758915490.3567932,1758915490.3567932,1758915490.3567932,float,C,18.77768595006648,,,,,groundtruth,GroundTruthStream,{'ground_truth': 18.77768595006648},groundtruth.temp-1
observed,temp-1,temp-1-1758915244361,1758915244.361537,1758915244.361537,1758915244.361537,float,C,16.59497821399959,,,,,observed,SimulatedDroppingStream,{'ground_truth': 16.59497821399959},observed.temp-1
reconstructed,temp-1,temp-1-1758915244361,1758915244.361537,1758915244.361537,1758915244.361537,float,C,16.59497821399959,16.78900779590699,observed,1.0,False,observed,SimulatedDroppingStream,{'ground_truth': 16.59497821399959},reconstructed.temp-1
groundtruth,temp-1,temp-1-1758915491357,1758915491.3570764,1758915491.3570764,1758915491.3570764,float,C,19.20144013047526,,,,,groundtruth,GroundTruthStream,{'ground_truth': 19.20144013047526},groundtruth.temp-1
observed,temp-1,temp-1-1758915245360,1758915245.3601172,1758915245.3601172,1758915245.3601172,float,C,22.17584544417012,,,,,observed,SimulatedDroppingStream,{'ground_truth': 22.17584544417012},observed.temp-1
reconstructed,temp-1,temp-1-1758915245360,1758915245.3601172,1758915245.3601172,1758915245.3601172,float,C,22.17584544417012,21.2835835484063,observed,1.0,False,observed,SimulatedDroppingStream,{'ground_truth': 22.17584544417012},reconstructed.temp-1
groundtruth,temp-1,temp-1-1758915492357,1758915492.357958,1758915492.357958,1758915492.357958,float,C,26.633327372615682,,,,,groundtruth,GroundTruthStream,{'ground_truth': 26.633327372615682},groundtruth.temp-1
observed,temp-1,temp-1-1758915246350,1758915246.350125,1758915246.350125,1758915246.350125,float,C,25.612316864849994,,,,,observed,SimulatedDroppingStream,{'ground_truth': 25.612316864849994},observed.temp-1
reconstructed,temp-1,temp-1-1758915246350,1758915246.350125,1758915246.350125,1758915246.350125,float,C,25.612316864849994,25.550319637184845,observed,1.0,False,observed,SimulatedDroppingStream,{'ground_truth': 25.612316864849994},reconstructed.temp-1
groundtruth,temp-1,temp-1-1758915494362,1758915494.3622317,1758915494.3622317,1758915494.3622317,float,C,18.911523119788143,,,,,groundtruth,GroundTruthStream,{'ground_truth': 18.911523119788143},groundtruth.temp-1
observed,temp-1,temp-1-1758915247363,1758915247.3636127,1758915247.3636127,1758915247.3636127,float,C,26.95379145652513,,,,,observed,SimulatedDroppingStream,{'ground_truth': 26.95379145652513},observed.temp-1
reconstructed,temp-1,temp-1-1758915247363,1758915247.3636127,1758915247.3636127,1758915247.3636127,float,C,26.95379145652513,27.477041889165896,observed,1.0,False,observed,SimulatedDroppingStream,{'ground_truth': 26.95379145652513},reconstructed.temp-1
groundtruth,temp-1,temp-1-1758915495363,1758915495.3630965,1758915495.3630965,1758915495.3630965,float,C,22.1713999185137,,,,,groundtruth,GroundTruthStream,{'ground_truth': 22.1713999185137},groundtruth.temp-1
observed,temp-1,temp-1-1758915248360,1758915248.3606677,1758915248.3606677,1758915248.3606677,float,C,16.416047789483226,,,,,observed,SimulatedDroppingStream,{'ground_truth': 16.416047789483226},observed.temp-1
reconstructed,temp-1,temp-1-1758915248360,1758915248.3606677,1758915248.3606677,1758915248.3606677,float,C,16.416047789483226,18.282742878926463,observed,1.0,False,observed,SimulatedDroppingStream,{'ground_truth': 16.416047789483226},reconstructed.temp-1
groundtruth,temp-1,temp-1-1758915496364,1758915496.3649135,1758915496.3649135,1758915496.3649135,float,C,29.166604733138588,,,,,groundtruth,GroundTruthStream,{'ground_truth': 29.166604733138588},groundtruth.temp-1
observed,temp-1,temp-1-1758915249347,1758915249.347659,1758915249.3550482,1758915249.347659,float,C,,,,,,missing,SimulatedDroppingStream,{},observed.temp-1
reconstructed,temp-1,temp-1-1758915249347,1758915249.347659,1758915249.3550482,1758915249.347659,float,C,9.900681098469061,9.900681098469061,KalmanFilter,0.5968436380749247,True,reconstructed,SimulatedDroppingStream,{},reconstructed.temp-1
groundtruth,temp-1,temp-1-1758915497354,1758915497.3545837,1758915497.3545837,1758915497.3545837,float,C,16.86335517080821,,,,,groundtruth,GroundTruthStream,{'ground_truth': 16.86335517080821},groundtruth.temp-1
observed,temp-1,temp-1-1758915250347,1758915250.347659,1758915250.3516574,1758915250.347659,float,C,,,,,,missing,SimulatedDroppingStream,{},observed.temp-1
reconstructed,temp-1,temp-1-1758915250347,1758915250.347659,1758915250.3516574,1758915250.347659,float,C,-1.8117868090683933,-1.8117868090683933,KalmanFilter,0.2534072690249069,True,reconstructed,SimulatedDroppingStream,{},reconstructed.temp-1
groundtruth,temp-1,temp-1-1758915498354,1758915498.3542194,1758915498.3542194,1758915498.3542194,float,C,21.390786629957756,,,,,groundtruth,GroundTruthStream,{'ground_truth': 21.390786629957756},groundtruth.temp-1
observed,temp-1,temp-1-1758915251354,1758915251.354364,1758915251.354364,1758915251.354364,float,C,24.37781117794667,,,,,observed,SimulatedDroppingStream,{'ground_truth': 24.37781117794667},observed.temp-1
reconstructed,temp-1,temp-1-1758915251354,1758915251.354364,1758915251.354364,1758915251.354364,float,C,24.37781117794667,23.927179536315442,observed,1.0,False,observed,SimulatedDroppingStream,{'ground_truth': 24.37781117794667},reconstructed.temp-1
groundtruth,temp-1,temp-1-1758915500360,1758915500.360895,1758915500.360895,1758915500.360895,float,C,28.289577504831954,,,,,groundtruth,GroundTruthStream,{'ground_truth': 28.289577504831954},groundtruth.temp-1
observed,temp-1,temp-1-1758915252358,1758915252.3589346,1758915252.3589346,1758915252.3589346,float,C,28.666918147646395,,,,,observed,SimulatedDroppingStream,{'ground_truth': 28.666918147646395},observed.temp-1
reconstructed,temp-1,temp-1-1758915252358,1758915252.3589346,1758915252.3589346,1758915252.3589346,float,C,28.666918147646395,28.618023537460868,observed,1.0,False,observed,SimulatedDroppingStream,{'ground_truth': 28.666918147646395},reconstructed.temp-1
groundtruth,temp-1,temp-1-1758915502364,1758915502.3645632,1758915502.3645632,1758915502.3645632,float,C,25.090180908085742,,,,,groundtruth,GroundTruthStream,{'ground_truth': 25.090180908085742},groundtruth.temp-1
observed,temp-1,temp-1-1758915253348,1758915253.3486333,1758915253.3486333,1758915253.3486333,float,C,28.410132536505028,,,,,observed,SimulatedDroppingStream,{'ground_truth': 28.410132536505028},observed.temp-1
reconstructed,temp-1,temp-1-1758915253348,1758915253.3486333,1758915253.3486333,1758915253.3486333,float,C,28.410132536505028,29.161353353947533,observed,1.0,False,observed,SimulatedDroppingStream,{'ground_truth': 28.410132536505028},reconstructed.temp-1
groundtruth,temp-1,temp-1-1758915503355,1758915503.3558261,1758915503.3558261,1758915503.3558261,float,C,21.81981226068617,,,,,groundtruth,GroundTruthStream,{'ground_truth': 21.81981226068617},groundtruth.temp-1
observed,temp-1,temp-1-1758915254361,1758915254.361573,1758915254.361573,1758915254.361573,float,C,24.966812502199197,,,,,observed,SimulatedDroppingStream,{'ground_truth': 24.966812502199197},observed.temp-1
reconstructed,temp-1,temp-1-1758915254361,1758915254.361573,1758915254.361573,1758915254.361573,float,C,24.966812502199197,25.784344041448627,observed,1.0,False,observed,SimulatedDroppingStream,{'ground_truth': 24.966812502199197},reconstructed.temp-1
groundtruth,temp-1,temp-1-1758915504349,1758915504.3496141,1758915504.3496141,1758915504.3496141,float,C,27.452385466191885,,,,,groundtruth,GroundTruthStream,{'ground_truth': 27.452385466191885},groundtruth.temp-1
observed,temp-1,temp-1-1758915255356,1758915255.3560874,1758915255.3560874,1758915255.3560874,float,C,28.993782959991407,,,,,observed,SimulatedDroppingStream,{'ground_truth': 28.993782959991407},observed.temp-1
reconstructed,temp-1,temp-1-1758915255356,1758915255.3560874,1758915255.3560874,1758915255.3560874,float,C,28.993782959991407,28.17536957893423,observed,1.0,False,observed,SimulatedDroppingStream,{'ground_truth': 28.993782959991407},reconstructed.temp-1
groundtruth,temp-1,temp-1-1758915505361,1758915505.3617563,1758915505.3617563,1758915505.3617563,float,C,28.05920362707946,,,,,groundtruth,GroundTruthStream,{'ground_truth': 28.05920362707946},groundtruth.temp-1
observed,temp-1,temp-1-1758915256347,1758915256.347659,1758915256.3492575,1758915256.347659,float,C,,,,,,missing,SimulatedDroppingStream,{},observed.temp-1
reconstructed,temp-1,temp-1-1758915256347,1758915256.347659,1758915256.3492575,1758915256.347659,float,C,28.76529431415591,28.76529431415591,KalmanFilter,0.5967899368894404,True,reconstructed,SimulatedDroppingStream,{},reconstructed.temp-1
groundtruth,temp-1,temp-1-1758915507352,1758915507.3527884,1758915507.3527884,1758915507.3527884,float,C,20.78147262155928,,,,,groundtruth,GroundTruthStream,{'ground_truth': 20.78147262155928},groundtruth.temp-1
observed,temp-1,temp-1-1758915257363,1758915257.3638582,1758915257.3638582,1758915257.3638582,float,C,20.62285214008056,,,,,observed,SimulatedDroppingStream,{'ground_truth': 20.62285214008056},observed.temp-1
reconstructed,temp-1,temp-1-1758915257363,1758915257.3638582,1758915257.3638582,1758915257.3638582,float,C,20.62285214008056,20.909487205894525,observed,1.0,False,observed,SimulatedDroppingStream,{'ground_truth': 20.62285214008056},reconstructed.temp-1
groundtruth,temp-1,temp-1-1758915510359,1758915510.3595188,1758915510.3595188,1758915510.3595188,float,C,15.434560288573614,,,,,groundtruth,GroundTruthStream,{'ground_truth': 15.434560288573614},groundtruth.temp-1
observed,temp-1,temp-1-1758915258359,1758915258.3599093,1758915258.3599093,1758915258.3599093,float,C,16.85779802147662,,,,,observed,SimulatedDroppingStream,{'ground_truth': 16.85779802147662},observed.temp-1
reconstructed,temp-1,temp-1-1758915258359,1758915258.3599093,1758915258.3599093,1758915258.3599093,float,C,16.85779802147662,16.68010307691768,observed,1.0,False,observed,SimulatedDroppingStream,{'ground_truth': 16.85779802147662},reconstructed.temp-1
groundtruth,temp-1,temp-1-1758915511349,1758915511.3495016,1758915511.3495016,1758915511.3495016,float,C,29.878844506678888,,,,,groundtruth,GroundTruthStream,{'ground_truth': 29.878844506678888},groundtruth.temp-1
observed,temp-1,temp-1-1758915259355,1758915259.3558912,1758915259.3558912,1758915259.3558912,float,C,21.058640890361545,,,,,observed,SimulatedDroppingStream,{'ground_truth': 21.058640890361545},observed.temp-1
reconstructed,temp-1,temp-1-1758915259355,1758915259.3558912,1758915259.3558912,1758915259.3558912,float,C,21.058640890361545,19.80634560182559,observed,1.0,False,observed,SimulatedDroppingStream,{'ground_truth': 21.058640890361545},reconstructed.temp-1
groundtruth,temp-1,temp-1-1758915512355,1758915512.35545,1758915512.35545,1758915512.35545,float,C,25.276089827064993,,,,,groundtruth,GroundTruthStream,{'ground_truth': 25.276089827064993},groundtruth.temp-1
observed,temp-1,temp-1-1758915260352,1758915260.3524075,1758915260.3524075,1758915260.3524075,float,C,21.10314729363661,,,,,observed,SimulatedDroppingStream,{'ground_truth': 21.10314729363661},observed.temp-1
reconstructed,temp-1,temp-1-1758915260352,1758915260.3524075,1758915260.3524075,1758915260.3524075,float,C,21.10314729363661,21.166581315730276,observed,1.0,False,observed,SimulatedDroppingStream,{'ground_truth': 21.10314729363661},reconstructed.temp-1
groundtruth,temp-1,temp-1-1758915513362,1758915513.362341,1758915513.362341,1758915513.362341,float,C,17.37809745274442,,,,,groundtruth,GroundTruthStream,{'ground_truth': 17.37809745274442},groundtruth.temp-1
observed,temp-1,temp-1-1758915261359,1758915261.3592343,1758915261.3592343,1758915261.3592343,float,C,26.809524450471777,,,,,observed,SimulatedDroppingStream,{'ground_truth': 26.809524450471777},observed.temp-1
reconstructed,temp-1,temp-1-1758915261359,1758915261.3592343,1758915261.3592343,1758915261.3592343,float,C,26.809524450471777,26.446400328034134,observed,1.0,False,observed,SimulatedDroppingStream,{'ground_truth': 26.809524450471777},reconstructed.temp-1
groundtruth,temp-1,temp-1-1758915515350,1758915515.3506446,1758915515.3506446,1758915515.3506446,float,C,15.292985783786568,,,,,groundtruth,GroundTruthStream,{'ground_truth': 15.292985783786568},groundtruth.temp-1
observed,temp-1,temp-1-1758915262354,1758915262.3547955,1758915262.3547955,1758915262.3547955,float,C,16.06426442276674,,,,,observed,SimulatedDroppingStream,{'ground_truth': 16.06426442276674},observed.temp-1
reconstructed,temp-1,temp-1-1758915262354,1758915262.3547955,1758915262.3547955,1758915262.3547955,float,C,16.06426442276674,18.24720029233813,observed,1.0,False,observed,SimulatedDroppingStream,{'ground_truth': 16.06426442276674},reconstructed.temp-1
groundtruth,temp-1,temp-1-1758915516355,1758915516.3552277,1758915516.3552277,1758915516.3552277,float,C,28.129427724961253,,,,,groundtruth,GroundTruthStream,{'ground_truth': 28.129427724961253},groundtruth.temp-1
observed,temp-1,temp-1-1758915263347,1758915263.347659,1758915263.3642519,1758915263.347659,float,C,,,,,,missing,SimulatedDroppingStream,{},observed.temp-1
reconstructed,temp-1,temp-1-1758915263347,1758915263.347659,1758915263.3642519,1758915263.347659,float,C,12.611625453288688,12.611625453288688,KalmanFilter,0.5971800639155873,True,reconstructed,SimulatedDroppingStream,{},reconstructed.temp-1
groundtruth,temp-1,temp-1-1758915517357,1758915517.3572776,1758915517.3572776,1758915517.3572776,float,C,15.901667700688854,,,,,groundtruth,GroundTruthStream,{'ground_truth': 15.901667700688854},groundtruth.temp-1
observed,temp-1,temp-1-1758915264359,1758915264.359615,1758915264.359615,1758915264.359615,float,C,22.761105375928274,,,,,observed,SimulatedDroppingStream,{'ground_truth': 22.761105375928274},observed.temp-1
reconstructed,temp-1,temp-1-1758915264359,1758915264.359615,1758915264.359615,1758915264.359615,float,C,22.761105375928274,22.167728873758605,observed,1.0,False,observed,SimulatedDroppingStream,{'ground_truth': 22.761105375928274},reconstructed.temp-1
groundtruth,temp-1,temp-1-1758915518364,1758915518.3642545,1758915518.3642545,1758915518.3642545,float,C,23.436722376310406,,,,,groundtruth,GroundTruthStream,{'ground_truth': 23.436722376310406},groundtruth.temp-1
observed,temp-1,temp-1-1758915265357,1758915265.3578377,1758915265.3578377,1758915265.3578377,float,C,26.884208560321895,,,,,observed,SimulatedDroppingStream,{'ground_truth': 26.884208560321895},observed.temp-1
reconstructed,temp-1,temp-1-1758915265357,1758915265.3578377,1758915265.3578377,1758915265.3578377,float,C,26.884208560321895,26.573824860206354,observed,1.0,False,observed,SimulatedDroppingStream,{'ground_truth': 26.884208560321895},reconstructed.temp-1
groundtruth,temp-1,temp-1-1758915519361,1758915519.3613093,1758915519.3613093,1758915519.3613093,float,C,18.31757160590758,,,,,groundtruth,GroundTruthStream,{'ground_truth': 18.31757160590758},groundtruth.temp-1
observed,temp-1,temp-1-1758915266355,1758915266.3554008,1758915266.3554008,1758915266.3554008,float,C,19.889091172824465,,,,,observed,SimulatedDroppingStream,{'ground_truth': 19.889091172824465},observed.temp-1
reconstructed,temp-1,temp-1-1758915266355,1758915266.3554008,1758915266.3554008,1758915266.3554008,float,C,19.889091172824465,21.362574846672857,observed,1.0,False,observed,SimulatedDroppingStream,{'ground_truth': 19.889091172824465},reconstructed.temp-1
groundtruth,temp-1,temp-1-1758915520350,1758915520.3503256,1758915520.3503256,1758915520.3503256,float,C,21.86119895825221,,,,,groundtruth,GroundTruthStream,{'ground_truth': 21.86119895825221},groundtruth.temp-1
observed,temp-1,temp-1-1758915267347,1758915267.347659,1758915267.3507018,1758915267.347659,float,C,,,,,,missing,SimulatedDroppingStream,{},observed.temp-1
reconstructed,temp-1,temp-1-1758915267347,1758915267.347659,1758915267.3507018,1758915267.347659,float,C,17.872645087198865,17.872645087198865,KalmanFilter,0.5929257008489398,True,reconstructed,SimulatedDroppingStream,{},reconstructed.temp-1
groundtruth,temp-1,temp-1-1758915521348,1758915521.3487585,1758915521.3487585,1758915521.3487585,float,C,19.561510565504776,,,,,groundtruth,GroundTruthStream,{'ground_truth': 19.561510565504776},groundtruth.temp-1
observed,temp-1,temp-1-1758915268347,1758915268.347659,1758915268.3495522,1758915268.347659,float,C,,,,,,missing,SimulatedDroppingStream,{},observed.temp-1
reconstructed,temp-1,temp-1-1758915268347,1758915268.347659,1758915268.3495522,1758915268.347659,float,C,12.827689387472391,12.827689387472391,KalmanFilter,0.250977481750528,True,reconstructed,SimulatedDroppingStream,{},reconstructed.temp-1
groundtruth,temp-1,temp-1-1758915523356,1758915523.3566854,1758915523.3566854,1758915523.3566854,float,C,15.643935399517197,,,,,groundtruth,GroundTruthStream,{'ground_truth': 15.643935399517197},groundtruth.temp-1
observed,temp-1,temp-1-1758915269357,1758915269.3577225,1758915269.3577225,1758915269.3577225,float,C,29.14634947176694,,,,,observed,SimulatedDroppingStream,{'ground_truth': 29.14634947176694},observed.temp-1
reconstructed,temp-1,temp-1-1758915269357,1758915269.3577225,1758915269.3577225,1758915269.3577225,float,C,29.14634947176694,28.89818286163076,observed,1.0,False,observed,SimulatedDroppingStream,{'ground_truth': 29.14634947176694},reconstructed.temp-1
groundtruth,temp-1,temp-1-1758915524363,1758915524.363254,1758915524.363254,1758915524.363254,float,C,17.8339498411056,,,,,groundtruth,GroundTruthStream,{'ground_truth': 17.8339498411056},groundtruth.temp-1
observed,temp-1,temp-1-1758915270354,1758915270.3546145,1758915270.3546145,1758915270.3546145,float,C,28.572053603010836,,,,,observed,SimulatedDroppingStream,{'ground_truth': 28.572053603010836},observed.temp-1
reconstructed,temp-1,temp-1-1758915270354,1758915270.3546145,1758915270.3546145,1758915270.3546145,float,C,28.572053603010836,29.135951055729983,observed,1.0,False,observed,SimulatedDroppingStream,{'ground_truth': 28.572053603010836},reconstructed.temp-1
groundtruth,temp-1,temp-1-1758915525351,1758915525.351992,1758915525.351992,1758915525.351992,float,C,19.39589304953293,,,,,groundtruth,GroundTruthStream,{'ground_truth': 19.39589304953293},groundtruth.temp-1
observed,temp-1,temp-1-1758915271363,1758915271.36372,1758915271.36372,1758915271.36372,float,C,17.37579830587508,,,,,observed,SimulatedDroppingStream,{'ground_truth': 17.37579830587508},observed.temp-1
reconstructed,temp-1,temp-1-1758915271363,1758915271.36372,1758915271.36372,1758915271.36372,float,C,17.37579830587508,18.877900387131852,observed,1.0,False,observed,SimulatedDroppingStream,{'ground_truth': 17.37579830587508},reconstructed.temp-1
groundtruth,temp-1,temp-1-1758915526348,1758915526.3485167,1758915526.3485167,1758915526.3485167,float,C,24.38669041427891,,,,,groundtruth,GroundTruthStream,{'ground_truth': 24.38669041427891},groundtruth.temp-1
observed,temp-1,temp-1-1758915272359,1758915272.3593607,1758915272.3593607,1758915272.3593607,float,C,19.724420316795417,,,,,observed,SimulatedDroppingStream,{'ground_truth': 19.724420316795417},observed.temp-1
reconstructed,temp-1,temp-1-1758915272359,1758915272.3593607,1758915272.3593607,1758915272.3593607,float,C,19.724420316795417,18.31830641309321,observed,1.0,False,observed,SimulatedDroppingStream,{'ground_truth': 19.724420316795417},reconstructed.temp-1
groundtruth,temp-1,temp-1-1758915527352,1758915527.352501,1758915527.352501,1758915527.352501,float,C,22.481346343797686,,,,,groundtruth,GroundTruthStream,{'ground_truth': 22.481346343797686},groundtruth.temp-1
observed,temp-1,temp-1-1758915273355,1758915273.3553984,1758915273.3553984,1758915273.3553984,float,C,18.73207441818883,,,,,observed,SimulatedDroppingStream,{'ground_truth': 18.73207441818883},observed.temp-1
reconstructed,temp-1,temp-1-1758915273355,1758915273.3553984,1758915273.3553984,1758915273.3553984,float,C,18.73207441818883,18.10442437324049,observed,1.0,False,observed,SimulatedDroppingStream,{'ground_truth': 18.73207441818883},reconstructed.temp-1
groundtruth,temp-1,temp-1-1758915528351,1758915528.3512676,1758915528.3512676,1758915528.3512676,float,C,17.481153789263153,,,,,groundtruth,GroundTruthStream,{'ground_truth': 17.481153789263153},groundtruth.temp-1
observed,temp-1,temp-1-1758915274362,1758915274.3628185,1758915274.3628185,1758915274.3628185,float,C,27.687283737701982,,,,,observed,SimulatedDroppingStream,{'ground_truth': 27.687283737701982},observed.temp-1
reconstructed,temp-1,temp-1-1758915274362,1758915274.3628185,1758915274.3628185,1758915274.3628185,float,C,27.687283737701982,26.312741030849548,observed,1.0,False,observed,SimulatedDroppingStream,{'ground_truth': 27.687283737701982},reconstructed.temp-1
groundtruth,temp-1,temp-1-1758915530354,1758915530.3545468,1758915530.3545468,1758915530.3545468,float,C,22.473520222690745,,,,,groundtruth,GroundTruthStream,{'ground_truth': 22.473520222690745},groundtruth.temp-1
observed,temp-1,temp-1-1758915275356,1758915275.3564956,1758915275.3564956,1758915275.3564956,float,C,17.534794049338448,,,,,observed,SimulatedDroppingStream,{'ground_truth': 17.534794049338448},observed.temp-1
reconstructed,temp-1,temp-1-1758915275356,1758915275.3564956,1758915275.3564956,1758915275.3564956,float,C,17.534794049338448,19.75153663330425,observed,1.0,False,observed,SimulatedDroppingStream,{'ground_truth': 17.534794049338448},reconstructed.temp-1
groundtruth,temp-1,temp-1-1758915532359,1758915532.3593543,1758915532.3593543,1758915532.3593543,float,C,24.11058858573661,,,,,groundtruth,GroundTruthStream,{'ground_truth': 24.11058858573661},groundtruth.temp-1
observed,temp-1,temp-1-1758915276352,1758915276.3528016,1758915276.3528016,1758915276.3528016,float,C,25.140709707386947,,,,,observed,SimulatedDroppingStream,{'ground_truth': 25.140709707386947},observed.temp-1
reconstructed,temp-1,temp-1-1758915276352,1758915276.3528016,1758915276.3528016,1758915276.3528016,float,C,25.140709707386947,24.084607520334824,observed,1.0,False,observed,SimulatedDroppingStream,{'ground_truth': 25.140709707386947},reconstructed.temp-1
groundtruth,temp-1,temp-1-1758915533357,1758915533.3578303,1758915533.3578303,1758915533.3578303,float,C,15.46745090289851,,,,,groundtruth,GroundTruthStream,{'ground_truth': 15.46745090289851},groundtruth.temp-1
observed,temp-1,temp-1-1758915277361,1758915277.3613694,1758915277.3613694,1758915277.3613694,float,C,23.210490437879706,,,,,observed,SimulatedDroppingStream,{'ground_truth': 23.210490437879706},observed.temp-1
reconstructed,temp-1,temp-1-1758915277361,1758915277.3613694,1758915277.3613694,1758915277.3613694,float,C,23.210490437879706,23.703820755881406,observed,1.0,False,observed,SimulatedDroppingStream,{'ground_truth': 23.210490437879706},reconstructed.temp-1
groundtruth,temp-1,temp-1-1758915534359,1758915534.359211,1758915534.359211,1758915534.359211,float,C,19.309006186978934,,,,,groundtruth,GroundTruthStream,{'ground_truth': 19.309006186978934},groundtruth.temp-1
observed,temp-1,temp-1-1758915278352,1758915278.3522015,1758915278.3522015,1758915278.3522015,float,C,20.004435216905158,,,,,observed,SimulatedDroppingStream,{'ground_truth': 20.004435216905158},observed.temp-1
reconstructed,temp-1,temp-1-1758915278352,1758915278.3522015,1758915278.3522015,1758915278.3522015,float,C,20.004435216905158,20.571104366274124,observed,1.0,False,observed,SimulatedDroppingStream,{'ground_truth': 20.004435216905158},reconstructed.temp-1
groundtruth,temp-1,temp-1-1758915535355,1758915535.355646,1758915535.355646,1758915535.355646,float,C,17.539432041730475,,,,,groundtruth,GroundTruthStream,{'ground_truth': 17.539432041730475},groundtruth.temp-1
observed,temp-1,temp-1-1758915279360,1758915279.3601396,1758915279.3601396,1758915279.3601396,float,C,23.069492893097973,,,,,observed,SimulatedDroppingStream,{'ground_truth': 23.069492893097973},observed.temp-1
reconstructed,temp-1,temp-1-1758915279360,1758915279.3601396,1758915279.3601396,1758915279.3601396,float,C,23.069492893097973,22.35648182711635,observed,1.0,False,observed,SimulatedDroppingStream,{'ground_truth': 23.069492893097973},reconstructed.temp-1
groundtruth,temp-1,temp-1-1758915537358,1758915537.358317,1758915537.358317,1758915537.358317,float,C,27.075799413979365,,,,,groundtruth,GroundTruthStream,{'ground_truth': 27.075799413979365},groundtruth.temp-1
observed,temp-1,temp-1-1758915280354,1758915280.3542318,1758915280.3542318,1758915280.3542318,float,C,20.136297941273327,,,,,observed,SimulatedDroppingStream,{'ground_truth': 20.136297941273327},observed.temp-1
reconstructed,temp-1,temp-1-1758915280354,1758915280.3542318,1758915280.3542318,1758915280.3542318,float,C,20.136297941273327,20.48437709643953,observed,1.0,False,observed,SimulatedDroppingStream,{'ground_truth': 20.136297941273327},reconstructed.temp-1
groundtruth,temp-1,temp-1-1758915538361,1758915538.3617876,1758915538.3617876,1758915538.3617876,float,C,27.812508804329166,,,,,groundtruth,GroundTruthStream,{'ground_truth': 27.812508804329166},groundtruth.temp-1
observed,temp-1,temp-1-1758915281362,1758915281.3620834,1758915281.3620834,1758915281.3620834,float,C,24.079780888475312,,,,,observed,SimulatedDroppingStream,{'ground_truth': 24.079780888475312},observed.temp-1
reconstructed,temp-1,temp-1-1758915281362,1758915281.3620834,1758915281.3620834,1758915281.3620834,float,C,24.079780888475312,23.41824051002186,observed,1.0,False,observed,SimulatedDroppingStream,{'ground_truth': 24.079780888475312},reconstructed.temp-1
groundtruth,temp-1,temp-1-1758915539360,1758915539.3602934,1758915539.3602934,1758915539.3602934,float,C,20.921859572642216,,,,,groundtruth,GroundTruthStream,{'ground_truth': 20.921859572642216},groundtruth.temp-1
observed,temp-1,temp-1-1758915282347,1758915282.347659,1758915282.3510041,1758915282.347659,float,C,,,,,,missing,SimulatedDroppingStream,{},observed.temp-1
reconstructed,temp-1,temp-1-1758915282347,1758915282.347659,1758915282.3510041,1758915282.347659,float,C,25.770371624289638,25.770371624289638,KalmanFilter,0.5974376813421876,True,reconstructed,SimulatedDroppingStream,{},reconstructed.temp-1
groundtruth,temp-1,temp-1-1758915541350,1758915541.35073,1758915541.35073,1758915541.35073,float,C,23.90045514694203,,,,,groundtruth,GroundTruthStream,{'ground_truth': 23.90045514694203},groundtruth.temp-1
observed,temp-1,temp-1-1758915283354,1758915283.35468,1758915283.35468,1758915283.35468,float,C,25.253803400045747,,,,,observed,SimulatedDroppingStream,{'ground_truth': 25.253803400045747},observed.temp-1
reconstructed,temp-1,temp-1-1758915283354,1758915283.35468,1758915283.35468,1758915283.35468,float,C,25.253803400045747,25.37725557453619,observed,1.0,False,observed,SimulatedDroppingStream,{'ground_truth': 25.253803400045747},reconstructed.temp-1
groundtruth,temp-1,temp-1-1758915542360,1758915542.360952,1758915542.360952,1758915542.360952,float,C,15.180303969597933,,,,,groundtruth,GroundTruthStream,{'ground_truth': 15.180303969597933},groundtruth.temp-1
observed,temp-1,temp-1-1758915284363,1758915284.3631065,1758915284.3631065,1758915284.3631065,float,C,20.22547904867135,,,,,observed,SimulatedDroppingStream,{'ground_truth': 20.22547904867135},observed.temp-1
reconstructed,temp-1,temp-1-1758915284363,1758915284.3631065,1758915284.3631065,1758915284.3631065,float,C,20.22547904867135,21.085058755060924,observed,1.0,False,observed,SimulatedDroppingStream,{'ground_truth': 20.22547904867135},reconstructed.temp-1
groundtruth,temp-1,temp-1-1758915543360,1758915543.360351,1758915543.360351,1758915543.360351,float,C,27.097437675571136,,,,,groundtruth,GroundTruthStream,{'ground_truth': 27.097437675571136},groundtruth.temp-1
observed,temp-1,temp-1-1758915285354,1758915285.354961,1758915285.354961,1758915285.354961,float,C,18.873935247996748,,,,,observed,SimulatedDroppingStream,{'ground_truth': 18.873935247996748},observed.temp-1
reconstructed,temp-1,temp-1-1758915285354,1758915285.354961,1758915285.354961,1758915285.354961,float,C,18.873935247996748,18.66042901319403,observed,1.0,False,observed,SimulatedDroppingStream,{'ground_truth': 18.873935247996748},reconstructed.temp-1
groundtruth,temp-1,temp-1-1758915545356,1758915545.356107,1758915545.356107,1758915545.356107,float,C,17.539165722897085,,,,,groundtruth,GroundTruthStream,{'ground_truth': 17.539165722897085},groundtruth.temp-1
observed,temp-1,temp-1-1758915286361,1758915286.3619113,1758915286.3619113,1758915286.3619113,float,C,17.608888265855946,,,,,observed,SimulatedDroppingStream,{'ground_truth': 17.608888265855946},observed.temp-1
reconstructed,temp-1,temp-1-1758915286361,1758915286.3619113,1758915286.3619113,1758915286.3619113,float,C,17.608888265855946,17.239435203542826,observed,1.0,False,observed,SimulatedDroppingStream,{'ground_truth': 17.608888265855946},reconstructed.temp-1
groundtruth,temp-1,temp-1-1758915546352,1758915546.3528306,1758915546.3528306,1758915546.3528306,float,C,26.339404659695653,,,,,groundtruth,GroundTruthStream,{'ground_truth': 26.339404659695653},groundtruth.temp-1
observed,temp-1,temp-1-1758915287359,1758915287.359504,1758915287.359504,1758915287.359504,float,C,23.766499439344386,,,,,observed,SimulatedDroppingStream,{'ground_truth': 23.766499439344386},observed.temp-1
reconstructed,temp-1,temp-1-1758915287359,1758915287.359504,1758915287.359504,1758915287.359504,float,C,23.766499439344386,22.591555460676318,observed,1.0,False,observed,SimulatedDroppingStream,{'ground_truth': 23.766499439344386},reconstructed.temp-1
groundtruth,temp-1,temp-1-1758915547355,1758915547.3556414,1758915547.3556414,1758915547.3556414,float,C,29.248821452367114,,,,,groundtruth,GroundTruthStream,{'ground_truth': 29.248821452367114},groundtruth.temp-1
observed,temp-1,temp-1-1758915288353,1758915288.3538747,1758915288.3538747,1758915288.3538747,float,C,27.928311927341852,,,,,observed,SimulatedDroppingStream,{'ground_truth': 27.928311927341852},observed.temp-1
reconstructed,temp-1,temp-1-1758915288353,1758915288.3538747,1758915288.3538747,1758915288.3538747,float,C,27.928311927341852,27.85050427395575,observed,1.0,False,observed,SimulatedDroppingStream,{'ground_truth': 27.928311927341852},reconstructed.temp-1
groundtruth,temp-1,temp-1-1758915548355,1758915548.3553984,1758915548.3553984,1758915548.3553984,float,C,19.130357737596164,,,,,groundtruth,GroundTruthStream,{'ground_truth': 19.130357737596164},groundtruth.temp-1
observed,temp-1,temp-1-1758915289350,1758915289.3506646,1758915289.3506646,1758915289.3506646,float,C,24.675295867683197,,,,,observed,SimulatedDroppingStream,{'ground_truth': 24.675295867683197},observed.temp-1
reconstructed,temp-1,temp-1-1758915289350,1758915289.3506646,1758915289.3506646,1758915289.3506646,float,C,24.675295867683197,26.017885897212427,observed,1.0,False,observed,SimulatedDroppingStream,{'ground_truth': 24.675295867683197},reconstructed.temp-1
groundtruth,temp-1,temp-1-1758915550350,1758915550.3500655,1758915550.3500655,1758915550.3500655,float,C,15.547378148001641,,,,,groundtruth,GroundTruthStream,{'ground_truth': 15.547378148001641},groundtruth.temp-1
observed,temp-1,temp-1-1758915290363,1758915290.3632548,1758915290.3632548,1758915290.3632548,float,C,25.050180325680444,,,,,observed,SimulatedDroppingStream,{'ground_truth': 25.050180325680444},observed.temp-1
reconstructed,temp-1,temp-1-1758915290363,1758915290.3632548,1758915290.3632548,1758915290.3632548,float,C,25.050180325680444,25.25610603472649,observed,1.0,False,observed,SimulatedDroppingStream,{'ground_truth': 25.050180325680444},reconstructed.temp-1
groundtruth,temp-1,temp-1-1758915551348,1758915551.3483965,1758915551.3483965,1758915551.3483965,float,C,25.25003828417846,,,,,groundtruth,GroundTruthStream,{'ground_truth': 25.25003828417846},groundtruth.temp-1
observed,temp-1,temp-1-1758915291357,1758915291.357955,1758915291.357955,1758915291.357955,float,C,28.943262098179577,,,,,observed,SimulatedDroppingStream,{'ground_truth': 28.943262098179577},observed.temp-1
reconstructed,temp-1,temp-1-1758915291357,1758915291.357955,1758915291.357955,1758915291.357955,float,C,28.943262098179577,28.309052553641422,observed,1.0,False,observed,SimulatedDroppingStream,{'ground_truth': 28.943262098179577},reconstructed.temp-1
groundtruth,temp-1,temp-1-1758915553353,1758915553.3536782,1758915553.3536782,1758915553.3536782,float,C,25.724736868799006,,,,,groundtruth,GroundTruthStream,{'ground_truth': 25.724736868799006},groundtruth.temp-1
observed,temp-1,temp-1-1758915292354,1758915292.354776,1758915292.354776,1758915292.354776,float,C,20.03500477829723,,,,,observed,SimulatedDroppingStream,{'ground_truth': 20.03500477829723},observed.temp-1
reconstructed,temp-1,temp-1-1758915292354,1758915292.354776,1758915292.354776,1758915292.354776,float,C,20.03500477829723,21.360691660720057,observed,1.0,False,observed,SimulatedDroppingStream,{'ground_truth': 20.03500477829723},reconstructed.temp-1
groundtruth,temp-1,temp-1-1758915554356,1758915554.3569038,1758915554.3569038,1758915554.3569038,float,C,18.637387898919158,,,,,groundtruth,GroundTruthStream,{'ground_truth': 18.637387898919158},groundtruth.temp-1
observed,temp-1,temp-1-1758915293347,1758915293.347659,1758915293.3505106,1758915293.347659,float,C,,,,,,missing,SimulatedDroppingStream,{},observed.temp-1
reconstructed,temp-1,temp-1-1758915293347,1758915293.347659,1758915293.3505106,1758915293.347659,float,C,15.067884908038332,15.067884908038332,KalmanFilter,0.5974373879531099,True,reconstructed,SimulatedDroppingStream,{},reconstructed.temp-1
groundtruth,temp-1,temp-1-1758915555353,1758915555.353541,1758915555.353541,1758915555.353541,float,C,26.025482402750335,,,,,groundtruth,GroundTruthStream,{'ground_truth': 26.025482402750335},groundtruth.temp-1
observed,temp-1,temp-1-1758915294358,1758915294.358467,1758915294.358467,1758915294.358467,float,C,28.949402031023396,,,,,observed,SimulatedDroppingStream,{'ground_truth': 28.949402031023396},observed.temp-1
reconstructed,temp-1,temp-1-1758915294358,1758915294.358467,1758915294.358467,1758915294.358467,float,C,28.949402031023396,28.21019259692678,observed,1.0,False,observed,SimulatedDroppingStream,{'ground_truth': 28.949402031023396},reconstructed.temp-1
groundtruth,temp-1,temp-1-1758915556350,1758915556.3505607,1758915556.3505607,1758915556.3505607,float,C,15.764093669645531,,,,,groundtruth,GroundTruthStream,{'ground_truth': 15.764093669645531},groundtruth.temp-1
observed,temp-1,temp-1-1758915295353,1758915295.3530657,1758915295.3530657,1758915295.3530657,float,C,15.261220394003939,,,,,observed,SimulatedDroppingStream,{'ground_truth': 15.261220394003939},observed.temp-1
reconstructed,temp-1,temp-1-1758915295353,1758915295.3530657,1758915295.3530657,1758915295.3530657,float,C,15.261220394003939,17.52797464318259,observed,1.0,False,observed,SimulatedDroppingStream,{'ground_truth': 15.261220394003939},reconstructed.temp-1
groundtruth,temp-1,temp-1-1758915559362,1758915559.362638,1758915559.362638,1758915559.362638,float,C,24.262949294453517,,,,,groundtruth,GroundTruthStream,{'ground_truth': 24.262949294453517},groundtruth.temp-1
observed,temp-1,temp-1-1758915296363,1758915296.3638477,1758915296.3638477,1758915296.3638477,float,C,16.428690830596608,,,,,observed,SimulatedDroppingStream,{'ground_truth': 16.428690830596608},observed.temp-1
reconstructed,temp-1,temp-1-1758915296363,1758915296.3638477,1758915296.3638477,1758915296.3638477,float,C,16.428690830596608,15.494022271120006,observed,1.0,False,observed,SimulatedDroppingStream,{'ground_truth': 16.428690830596608},reconstructed.temp-1
groundtruth,temp-1,temp-1-1758915560361,1758915560.3616824,1758915560.3616824,1758915560.3616824,float,C,19.526071970954565,,,,,groundtruth,GroundTruthStream,{'ground_truth': 19.526071970954565},groundtruth.temp-1
observed,temp-1,temp-1-1758915297347,1758915297.347659,1758915297.3621151,1758915297.347659,float,C,,,,,,missing,SimulatedDroppingStream,{},observed.temp-1
reconstructed,temp-1,temp-1-1758915297347,1758915297.347659,1758915297.3621151,1758915297.347659,float,C,10.4503670606145,10.4503670606145,KalmanFilter,0.5929259203727308,True,reconstructed,SimulatedDroppingStream,{},reconstructed.temp-1
groundtruth,temp-1,temp-1-1758915564359,1758915564.35939,1758915564.35939,1758915564.35939,float,C,29.304696429694655,,,,,groundtruth,GroundTruthStream,{'ground_truth': 29.304696429694655},groundtruth.temp-1
observed,temp-1,temp-1-1758915298347,1758915298.347659,1758915298.3506067,1758915298.347659,float,C,,,,,,missing,SimulatedDroppingStream,{},observed.temp-1
reconstructed,temp-1,temp-1-1758915298347,1758915298.347659,1758915298.3506067,1758915298.347659,float,C,4.4752577704565555,4.4752577704565555,KalmanFilter,0.2509779297598239,True,reconstructed,SimulatedDroppingStream,{},reconstructed.temp-1
groundtruth,temp-1,temp-1-1758915565353,1758915565.353622,1758915565.353622,1758915565.353622,float,C,22.38605945890968,,,,,groundtruth,GroundTruthStream,{'ground_truth': 22.38605945890968},groundtruth.temp-1
observed,temp-1,temp-1-1758915299350,1758915299.3504431,1758915299.3504431,1758915299.3504431,float,C,16.37000416914582,,,,,observed,SimulatedDroppingStream,{'ground_truth': 16.37000416914582},observed.temp-1
reconstructed,temp-1,temp-1-1758915299350,1758915299.3504431,1758915299.3504431,1758915299.3504431,float,C,16.37000416914582,16.166420034638943,observed,1.0,False,observed,SimulatedDroppingStream,{'ground_truth': 16.37000416914582},reconstructed.temp-1
groundtruth,temp-1,temp-1-1758915566356,1758915566.356226,1758915566.356226,1758915566.356226,float,C,29.1537620150702,,,,,groundtruth,GroundTruthStream,{'ground_truth': 29.1537620150702},groundtruth.temp-1
observed,temp-1,temp-1-1758915300349,1758915300.349945,1758915300.349945,1758915300.349945,float,C,16.42105932347435,,,,,observed,SimulatedDroppingStream,{'ground_truth': 16.42105932347435},observed.temp-1
reconstructed,temp-1,temp-1-1758915300349,1758915300.349945,1758915300.349945,1758915300.349945,float,C,16.42105932347435,16.68527467788544,observed,1.0,False,observed,SimulatedDroppingStream,{'ground_truth': 16.42105932347435},reconstructed.temp-1
groundtruth,temp-1,temp-1-1758915567357,1758915567.3577483,1758915567.3577483,1758915567.3577483,float,C,23.739979284085045,,,,,groundtruth,GroundTruthStream,{'ground_truth': 23.739979284085045},groundtruth.temp-1
observed,temp-1,temp-1-1758915301360,1758915301.3601477,1758915301.3601477,1758915301.3601477,float,C,21.547232401912023,,,,,observed,SimulatedDroppingStream,{'ground_truth': 21.547232401912023},observed.temp-1
reconstructed,temp-1,temp-1-1758915301360,1758915301.3601477,1758915301.3601477,1758915301.3601477,float,C,21.547232401912023,21.1851448675749,observed,1.0,False,observed,SimulatedDroppingStream,{'ground_truth': 21.547232401912023},reconstructed.temp-1
groundtruth,temp-1,temp-1-1758915568358,1758915568.3586037,1758915568.3586037,1758915568.3586037,float,C,19.075144837455433,,,,,groundtruth,GroundTruthStream,{'ground_truth': 19.075144837455433},groundtruth.temp-1
observed,temp-1,temp-1-1758915302357,1758915302.3574162,1758915302.3574162,1758915302.3574162,float,C,19.37098924289651,,,,,observed,SimulatedDroppingStream,{'ground_truth': 19.37098924289651},observed.temp-1
reconstructed,temp-1,temp-1-1758915302357,1758915302.3574162,1758915302.3574162,1758915302.3574162,float,C,19.37098924289651,20.248659235690184,observed,1.0,False,observed,SimulatedDroppingStream,{'ground_truth': 19.37098924289651},reconstructed.temp-1
groundtruth,temp-1,temp-1-1758915569354,1758915569.354252,1758915569.354252,1758915569.354252,float,C,25.17763188639966,,,,,groundtruth,GroundTruthStream,{'ground_truth': 25.17763188639966},groundtruth.temp-1
observed,temp-1,temp-1-1758915303347,1758915303.347659,1758915303.3528461,1758915303.347659,float,C,,,,,,missing,SimulatedDroppingStream,{},observed.temp-1
reconstructed,temp-1,temp-1-1758915303347,1758915303.347659,1758915303.3528461,1758915303.347659,float,C,21.03460563092261,21.03460563092261,KalmanFilter,0.5971823587719047,True,reconstructed,SimulatedDroppingStream,{},reconstructed.temp-1
groundtruth,temp-1,temp-1-1758915571352,1758915571.3528583,1758915571.3528583,1758915571.3528583,float,C,20.507440642691343,,,,,groundtruth,GroundTruthStream,{'ground_truth': 20.507440642691343},groundtruth.temp-1
observed,temp-1,temp-1-1758915304351,1758915304.351198,1758915304.351198,1758915304.351198,float,C,22.429647991235175,,,,,observed,SimulatedDroppingStream,{'ground_truth': 22.429647991235175},observed.temp-1
reconstructed,temp-1,temp-1-1758915304351,1758915304.351198,1758915304.351198,1758915304.351198,float,C,22.429647991235175,22.40102575345437,observed,1.0,False,observed,SimulatedDroppingStream,{'ground_truth': 22.429647991235175},reconstructed.temp-1
groundtruth,temp-1,temp-1-1758915573350,1758915573.350992,1758915573.350992,1758915573.350992,float,C,20.84248542787491,,,,,groundtruth,GroundTruthStream,{'ground_truth': 20.84248542787491},groundtruth.temp-1
observed,temp-1,temp-1-1758915305351,1758915305.351049,1758915305.351049,1758915305.351049,float,C,23.0573808429343,,,,,observed,SimulatedDroppingStream,{'ground_truth': 23.0573808429343},observed.temp-1
reconstructed,temp-1,temp-1-1758915305351,1758915305.351049,1758915305.351049,1758915305.351049,float,C,23.0573808429343,23.084148442646548,observed,1.0,False,observed,SimulatedDroppingStream,{'ground_truth': 23.0573808429343},reconstructed.temp-1
groundtruth,temp-1,temp-1-1758915574353,1758915574.3535004,1758915574.3535004,1758915574.3535004,float,C,19.760341718786627,,,,,groundtruth,GroundTruthStream,{'ground_truth': 19.760341718786627},groundtruth.temp-1
observed,temp-1,temp-1-1758915306358,1758915306.3586454,1758915306.3586454,1758915306.3586454,float,C,16.978406847317437,,,,,observed,SimulatedDroppingStream,{'ground_truth': 16.978406847317437},observed.temp-1
reconstructed,temp-1,temp-1-1758915306358,1758915306.3586454,1758915306.3586454,1758915306.3586454,float,C,16.978406847317437,17.801188189760506,observed,1.0,False,observed,SimulatedDroppingStream,{'ground_truth': 16.978406847317437},reconstructed.temp-1
groundtruth,temp-1,temp-1-1758915575352,1758915575.352316,1758915575.352316,1758915575.352316,float,C,18.05279607046903,,,,,groundtruth,GroundTruthStream,{'ground_truth': 18.05279607046903},groundtruth.temp-1
observed,temp-1,temp-1-1758915307357,1758915307.3575542,1758915307.3575542,1758915307.3575542,float,C,21.41799747052555,,,,,observed,SimulatedDroppingStream,{'ground_truth': 21.41799747052555},observed.temp-1
reconstructed,temp-1,temp-1-1758915307357,1758915307.3575542,1758915307.3575542,1758915307.3575542,float,C,21.41799747052555,20.279372996453045,observed,1.0,False,observed,SimulatedDroppingStream,{'ground_truth': 21.41799747052555},reconstructed.temp-1
groundtruth,temp-1,temp-1-1758915577353,1758915577.3536713,1758915577.3536713,1758915577.3536713,float,C,24.553683169402618,,,,,groundtruth,GroundTruthStream,{'ground_truth': 24.553683169402618},groundtruth.temp-1
observed,temp-1,temp-1-1758915308347,1758915308.347659,1758915308.3614483,1758915308.347659,float,C,,,,,,missing,SimulatedDroppingStream,{},observed.temp-1
reconstructed,temp-1,temp-1-1758915308347,1758915308.347659,1758915308.3614483,1758915308.347659,float,C,20.581187614005778,20.581187614005778,KalmanFilter,0.5972145604106939,True,reconstructed,SimulatedDroppingStream,{},reconstructed.temp-1
groundtruth,temp-1,temp-1-1758915578362,1758915578.3623931,1758915578.3623931,1758915578.3623931,float,C,24.52055500376556,,,,,groundtruth,GroundTruthStream,{'ground_truth': 24.52055500376556},groundtruth.temp-1
observed,temp-1,temp-1-1758915309363,1758915309.363057,1758915309.363057,1758915309.363057,float,C,28.225343838230643,,,,,observed,SimulatedDroppingStream,{'ground_truth': 28.225343838230643},observed.temp-1
reconstructed,temp-1,temp-1-1758915309363,1758915309.363057,1758915309.363057,1758915309.363057,float,C,28.225343838230643,27.995866680086262,observed,1.0,False,observed,SimulatedDroppingStream,{'ground_truth': 28.225343838230643},reconstructed.temp-1
groundtruth,temp-1,temp-1-1758915579360,1758915579.360058,1758915579.360058,1758915579.360058,float,C,24.927615181283784,,,,,groundtruth,GroundTruthStream,{'ground_truth': 24.927615181283784},groundtruth.temp-1
observed,temp-1,temp-1-1758915310356,1758915310.3563228,1758915310.3563228,1758915310.3563228,float,C,29.388640751410875,,,,,observed,SimulatedDroppingStream,{'ground_truth': 29.388640751410875},observed.temp-1
reconstructed,temp-1,temp-1-1758915310356,1758915310.3563228,1758915310.3563228,1758915310.3563228,float,C,29.388640751410875,29.962763623074398,observed,1.0,False,observed,SimulatedDroppingStream,{'ground_truth': 29.388640751410875},reconstructed.temp-1
groundtruth,temp-1,temp-1-1758915580357,1758915580.3575563,1758915580.3575563,1758915580.3575563,float,C,21.705243476662602,,,,,groundtruth,GroundTruthStream,{'ground_truth': 21.705243476662602},groundtruth.temp-1
observed,temp-1,temp-1-1758915311348,1758915311.3488803,1758915311.3488803,1758915311.3488803,float,C,21.335648627444023,,,,,observed,SimulatedDroppingStream,{'ground_truth': 21.335648627444023},observed.temp-1
reconstructed,temp-1,temp-1-1758915311348,1758915311.3488803,1758915311.3488803,1758915311.3488803,float,C,21.335648627444023,22.8470820526004,observed,1.0,False,observed,SimulatedDroppingStream,{'ground_truth': 21.335648627444023},reconstructed.temp-1
groundtruth,temp-1,temp-1-1758915581354,1758915581.3544245,1758915581.3544245,1758915581.3544245,float,C,24.754492502070264,,,,,groundtruth,GroundTruthStream,{'ground_truth': 24.754492502070264},groundtruth.temp-1
observed,temp-1,temp-1-1758915312347,1758915312.347659,1758915312.3523636,1758915312.347659,float,C,,,,,,missing,SimulatedDroppingStream,{},observed.temp-1
reconstructed,temp-1,temp-1-1758915312347,1758915312.347659,1758915312.3523636,1758915312.347659,float,C,16.361360290952412,16.361360290952412,KalmanFilter,0.592880929439644,True,reconstructed,SimulatedDroppingStream,{},reconstructed.temp-1
groundtruth,temp-1,temp-1-1758915583359,1758915583.3599255,1758915583.3599255,1758915583.3599255,float,C,19.739540874153114,,,,,groundtruth,GroundTruthStream,{'ground_truth': 19.739540874153114},groundtruth.temp-1
observed,temp-1,temp-1-1758915313357,1758915313.3570178,1758915313.3570178,1758915313.3570178,float,C,24.259584032056715,,,,,observed,SimulatedDroppingStream,{'ground_truth': 24.259584032056715},observed.temp-1
reconstructed,temp-1,temp-1-1758915313357,1758915313.3570178,1758915313.3570178,1758915313.3570178,float,C,24.259584032056715,23.704748009634375,observed,1.0,False,observed,SimulatedDroppingStream,{'ground_truth': 24.259584032056715},reconstructed.temp-1
groundtruth,temp-1,temp-1-1758915584357,1758915584.3571644,1758915584.3571644,1758915584.3571644,float,C,23.821868928703154,,,,,groundtruth,GroundTruthStream,{'ground_truth': 23.821868928703154},groundtruth.temp-1
observed,temp-1,temp-1-1758915314359,1758915314.359901,1758915314.359901,1758915314.359901,float,C,29.59350671985219,,,,,observed,SimulatedDroppingStream,{'ground_truth': 29.59350671985219},observed.temp-1
reconstructed,temp-1,temp-1-1758915314359,1758915314.359901,1758915314.359901,1758915314.359901,float,C,29.59350671985219,28.814146787204766,observed,1.0,False,observed,SimulatedDroppingStream,{'ground_truth': 29.59350671985219},reconstructed.temp-1
groundtruth,temp-1,temp-1-1758915585361,1758915585.3616216,1758915585.3616216,1758915585.3616216,float,C,24.892196739176985,,,,,groundtruth,GroundTruthStream,{'ground_truth': 24.892196739176985},groundtruth.temp-1
observed,temp-1,temp-1-1758915315350,1758915315.3502007,1758915315.3502007,1758915315.3502007,float,C,16.607090493922296,,,,,observed,SimulatedDroppingStream,{'ground_truth': 16.607090493922296},observed.temp-1
reconstructed,temp-1,temp-1-1758915315350,1758915315.3502007,1758915315.3502007,1758915315.3502007,float,C,16.607090493922296,18.755261601635212,observed,1.0,False,observed,SimulatedDroppingStream,{'ground_truth': 16.607090493922296},reconstructed.temp-1
groundtruth,temp-1,temp-1-1758915586362,1758915586.3628871,1758915586.3628871,1758915586.3628871,float,C,19.727447667917556,,,,,groundtruth,GroundTruthStream,{'ground_truth': 19.727447667917556},groundtruth.temp-1
observed,temp-1,temp-1-1758915316356,1758915316.3563943,1758915316.3563943,1758915316.3563943,float,C,19.169228075515605,,,,,observed,SimulatedDroppingStream,{'ground_truth': 19.169228075515605},observed.temp-1
reconstructed,temp-1,temp-1-1758915316356,1758915316.3563943,1758915316.3563943,1758915316.3563943,float,C,19.169228075515605,18.103058723394643,observed,1.0,False,observed,SimulatedDroppingStream,{'ground_truth': 19.169228075515605},reconstructed.temp-1
groundtruth,temp-1,temp-1-1758915587351,1758915587.351485,1758915587.351485,1758915587.351485,float,C,28.727382859578054,,,,,groundtruth,GroundTruthStream,{'ground_truth': 28.727382859578054},groundtruth.temp-1
observed,temp-1,temp-1-1758915317359,1758915317.3595881,1758915317.3595881,1758915317.3595881,float,C,21.78965439442537,,,,,observed,SimulatedDroppingStream,{'ground_truth': 21.78965439442537},observed.temp-1
reconstructed,temp-1,temp-1-1758915317359,1758915317.3595881,1758915317.3595881,1758915317.3595881,float,C,21.78965439442537,20.84669521037617,observed,1.0,False,observed,SimulatedDroppingStream,{'ground_truth': 21.78965439442537},reconstructed.temp-1
groundtruth,temp-1,temp-1-1758915588353,1758915588.3532925,1758915588.3532925,1758915588.3532925,float,C,24.36805268403236,,,,,groundtruth,GroundTruthStream,{'ground_truth': 24.36805268403236},groundtruth.temp-1
observed,temp-1,temp-1-1758915318347,1758915318.347659,1758915318.3561435,1758915318.347659,float,C,,,,,,missing,SimulatedDroppingStream,{},observed.temp-1
reconstructed,temp-1,temp-1-1758915318347,1758915318.347659,1758915318.3561435,1758915318.347659,float,C,22.776956803174453,22.776956803174453,KalmanFilter,0.5973080197053862,True,reconstructed,SimulatedDroppingStream,{},reconstructed.temp-1
groundtruth,temp-1,temp-1-1758915589358,1758915589.3580747,1758915589.3580747,1758915589.3580747,float,C,18.37985706899607,,,,,groundtruth,GroundTruthStream,{'ground_truth': 18.37985706899607},groundtruth.temp-1
observed,temp-1,temp-1-1758915319347,1758915319.347659,1758915319.3555145,1758915319.347659,float,C,,,,,,missing,SimulatedDroppingStream,{},observed.temp-1
reconstructed,temp-1,temp-1-1758915319347,1758915319.347659,1758915319.3555145,1758915319.347659,float,C,25.981534648864848,25.981534648864848,KalmanFilter,0.2537831442698058,True,reconstructed,SimulatedDroppingStream,{},reconstructed.temp-1
groundtruth,temp-1,temp-1-1758915591359,1758915591.3598132,1758915591.3598132,1758915591.3598132,float,C,21.878471320051418,,,,,groundtruth,GroundTruthStream,{'ground_truth': 21.878471320051418},groundtruth.temp-1
observed,temp-1,temp-1-1758915320360,1758915320.3608456,1758915320.3608456,1758915320.3608456,float,C,21.979765117729283,,,,,observed,SimulatedDroppingStream,{'ground_truth': 21.979765117729283},observed.temp-1
reconstructed,temp-1,temp-1-1758915320360,1758915320.3608456,1758915320.3608456,1758915320.3608456,float,C,21.979765117729283,22.072619035943738,observed,1.0,False,observed,SimulatedDroppingStream,{'ground_truth': 21.979765117729283},reconstructed.temp-1
groundtruth,temp-1,temp-1-1758915592362,1758915592.3624907,1758915592.3624907,1758915592.3624907,float,C,17.085817050966423,,,,,groundtruth,GroundTruthStream,{'ground_truth': 17.085817050966423},groundtruth.temp-1
observed,temp-1,temp-1-1758915321362,1758915321.362234,1758915321.362234,1758915321.362234,float,C,16.873210280522446,,,,,observed,SimulatedDroppingStream,{'ground_truth': 16.873210280522446},observed.temp-1
reconstructed,temp-1,temp-1-1758915321362,1758915321.362234,1758915321.362234,1758915321.362234,float,C,16.873210280522446,17.620988672671075,observed,1.0,False,observed,SimulatedDroppingStream,{'ground_truth': 16.873210280522446},reconstructed.temp-1
groundtruth,temp-1,temp-1-1758915593354,1758915593.354729,1758915593.354729,1758915593.354729,float,C,16.59882183824459,,,,,groundtruth,GroundTruthStream,{'ground_truth': 16.59882183824459},groundtruth.temp-1
observed,temp-1,temp-1-1758915322356,1758915322.3563867,1758915322.3563867,1758915322.3563867,float,C,26.513229875466735,,,,,observed,SimulatedDroppingStream,{'ground_truth': 26.513229875466735},observed.temp-1
reconstructed,temp-1,temp-1-1758915322356,1758915322.3563867,1758915322.3563867,1758915322.3563867,float,C,26.513229875466735,24.974502624645673,observed,1.0,False,observed,SimulatedDroppingStream,{'ground_truth': 26.513229875466735},reconstructed.temp-1
groundtruth,temp-1,temp-1-1758915594362,1758915594.3623877,1758915594.3623877,1758915594.3623877,float,C,27.86461667247103,,,,,groundtruth,GroundTruthStream,{'ground_truth': 27.86461667247103},groundtruth.temp-1
observed,temp-1,temp-1-1758915323358,1758915323.3586442,1758915323.3586442,1758915323.3586442,float,C,22.4474508778421,,,,,observed,SimulatedDroppingStream,{'ground_truth': 22.4474508778421},observed.temp-1
reconstructed,temp-1,temp-1-1758915323358,1758915323.3586442,1758915323.3586442,1758915323.3586442,float,C,22.4474508778421,23.49381149638768,observed,1.0,False,observed,SimulatedDroppingStream,{'ground_truth': 22.4474508778421},reconstructed.temp-1
groundtruth,temp-1,temp-1-1758915595355,1758915595.3552008,1758915595.3552008,1758915595.3552008,float,C,27.066485569488595,,,,,groundtruth,GroundTruthStream,{'ground_truth': 27.066485569488595},groundtruth.temp-1
observed,temp-1,temp-1-1758915324356,1758915324.356372,1758915324.356372,1758915324.356372,float,C,26.495433931460703,,,,,observed,SimulatedDroppingStream,{'ground_truth': 26.495433931460703},observed.temp-1
reconstructed,temp-1,temp-1-1758915324356,1758915324.356372,1758915324.356372,1758915324.356372,float,C,26.495433931460703,26.205591873964696,observed,1.0,False,observed,SimulatedDroppingStream,{'ground_truth': 26.495433931460703},reconstructed.temp-1
groundtruth,temp-1,temp-1-1758915597352,1758915597.3527246,1758915597.3527246,1758915597.3527246,float,C,22.114397607077493,,,,,groundtruth,GroundTruthStream,{'ground_truth': 22.114397607077493},groundtruth.temp-1
observed,temp-1,temp-1-1758915325347,1758915325.347659,1758915325.3592908,1758915325.347659,float,C,,,,,,missing,SimulatedDroppingStream,{},observed.temp-1
reconstructed,temp-1,temp-1-1758915325347,1758915325.347659,1758915325.3592908,1758915325.347659,float,C,28.71923972699351,28.71923972699351,KalmanFilter,0.596790070164717,True,reconstructed,SimulatedDroppingStream,{},reconstructed.temp-1
groundtruth,temp-1,temp-1-1758915598357,1758915598.3573954,1758915598.3573954,1758915598.3573954,float,C,18.299484388582588,,,,,groundtruth,GroundTruthStream,{'ground_truth': 18.299484388582588},groundtruth.temp-1
observed,temp-1,temp-1-1758915326364,1758915326.3647003,1758915326.3647003,1758915326.3647003,float,C,29.878868824669304,,,,,observed,SimulatedDroppingStream,{'ground_truth': 29.878868824669304},observed.temp-1
reconstructed,temp-1,temp-1-1758915326364,1758915326.3647003,1758915326.3647003,1758915326.3647003,float,C,29.878868824669304,29.937795668537227,observed,1.0,False,observed,SimulatedDroppingStream,{'ground_truth': 29.878868824669304},reconstructed.temp-1
groundtruth,temp-1,temp-1-1758915600358,1758915600.3580272,1758915600.3580272,1758915600.3580272,float,C,18.357246933004813,,,,,groundtruth,GroundTruthStream,{'ground_truth': 18.357246933004813},groundtruth.temp-1
observed,temp-1,temp-1-1758915327354,1758915327.3545303,1758915327.3545303,1758915327.3545303,float,C,26.080113767072476,,,,,observed,SimulatedDroppingStream,{'ground_truth': 26.080113767072476},observed.temp-1
reconstructed,temp-1,temp-1-1758915327354,1758915327.3545303,1758915327.3545303,1758915327.3545303,float,C,26.080113767072476,26.85391157730782,observed,1.0,False,observed,SimulatedDroppingStream,{'ground_truth': 26.080113767072476},reconstructed.temp-1
groundtruth,temp-1,temp-1-1758915601350,1758915601.3504179,1758915601.3504179,1758915601.3504179,float,C,16.550756383017745,,,,,groundtruth,GroundTruthStream,{'ground_truth': 16.550756383017745},groundtruth.temp-1
observed,temp-1,temp-1-1758915328347,1758915328.347659,1758915328.354131,1758915328.347659,float,C,,,,,,missing,SimulatedDroppingStream,{},observed.temp-1
reconstructed,temp-1,temp-1-1758915328347,1758915328.347659,1758915328.354131,1758915328.347659,float,C,24.01007267726698,24.01007267726698,KalmanFilter,0.5843074374498015,True,reconstructed,SimulatedDroppingStream,{},reconstructed.temp-1
groundtruth,temp-1,temp-1-1758915603357,1758915603.357903,1758915603.357903,1758915603.357903,float,C,20.773355545858447,,,,,groundtruth,GroundTruthStream,{'ground_truth': 20.773355545858447},groundtruth.temp-1
observed,temp-1,temp-1-1758915329347,1758915329.347659,1758915329.3547368,1758915329.347659,float,C,,,,,,missing,SimulatedDroppingStream,{},observed.temp-1
reconstructed,temp-1,temp-1-1758915329347,1758915329.347659,1758915329.3547368,1758915329.347659,float,C,19.736096346417625,19.736096346417625,KalmanFilter,0.2417311472774841,True,reconstructed,SimulatedDroppingStream,{},reconstructed.temp-1
groundtruth,temp-1,temp-1-1758915604355,1758915604.3553596,1758915604.3553596,1758915604.3553596,float,C,22.70870954432872,,,,,groundtruth,GroundTruthStream,{'ground_truth': 22.70870954432872},groundtruth.temp-1
observed,temp-1,temp-1-1758915330356,1758915330.35676,1758915330.35676,1758915330.35676,float,C,17.919663023590427,,,,,observed,SimulatedDroppingStream,{'ground_truth': 17.919663023590427},observed.temp-1
reconstructed,temp-1,temp-1-1758915330356,1758915330.35676,1758915330.35676,1758915330.35676,float,C,17.919663023590427,17.87961517372596,observed,1.0,False,observed,SimulatedDroppingStream,{'ground_truth': 17.919663023590427},reconstructed.temp-1
groundtruth,temp-1,temp-1-1758915605352,1758915605.3520846,1758915605.3520846,1758915605.3520846,float,C,22.439931532476116,,,,,groundtruth,GroundTruthStream,{'ground_truth': 22.439931532476116},groundtruth.temp-1
observed,temp-1,temp-1-1758915331356,1758915331.3566408,1758915331.3566408,1758915331.3566408,float,C,20.991141027504113,,,,,observed,SimulatedDroppingStream,{'ground_truth': 20.991141027504113},observed.temp-1
reconstructed,temp-1,temp-1-1758915331356,1758915331.3566408,1758915331.3566408,1758915331.3566408,float,C,20.991141027504113,20.025693224120225,observed,1.0,False,observed,SimulatedDroppingStream,{'ground_truth': 20.991141027504113},reconstructed.temp-1
groundtruth,temp-1,temp-1-1758915606363,1758915606.3634226,1758915606.3634226,1758915606.3634226,float,C,16.000348817459013,,,,,groundtruth,GroundTruthStream,{'ground_truth': 16.000348817459013},groundtruth.temp-1
observed,temp-1,temp-1-1758915332347,1758915332.347659,1758915332.3636653,1758915332.347659,float,C,,,,,,missing,SimulatedDroppingStream,{},observed.temp-1
reconstructed,temp-1,temp-1-1758915332347,1758915332.347659,1758915332.3636653,1758915332.347659,float,C,21.46955402094769,21.46955402094769,KalmanFilter,0.566668958115571,True,reconstructed,SimulatedDroppingStream,{},reconstructed.temp-1
groundtruth,temp-1,temp-1-1758915607349,1758915607.34907,1758915607.34907,1758915607.34907,float,C,18.087266285248795,,,,,groundtruth,GroundTruthStream,{'ground_truth': 18.087266285248795},groundtruth.temp-1
observed,temp-1,temp-1-1758915333362,1758915333.362234,1758915333.362234,1758915333.362234,float,C,20.255215824282597,,,,,observed,SimulatedDroppingStream,{'ground_truth': 20.255215824282597},observed.temp-1
reconstructed,temp-1,temp-1-1758915333362,1758915333.362234,1758915333.362234,1758915333.362234,float,C,20.255215824282597,20.368169105524995,observed,1.0,False,observed,SimulatedDroppingStream,{'ground_truth': 20.255215824282597},reconstructed.temp-1
groundtruth,temp-1,temp-1-1758915608352,1758915608.3525476,1758915608.3525476,1758915608.3525476,float,C,23.718740382991978,,,,,groundtruth,GroundTruthStream,{'ground_truth': 23.718740382991978},groundtruth.temp-1
observed,temp-1,temp-1-1758915334347,1758915334.347659,1758915334.3606758,1758915334.347659,float,C,,,,,,missing,SimulatedDroppingStream,{},observed.temp-1
reconstructed,temp-1,temp-1-1758915334347,1758915334.347659,1758915334.3606758,1758915334.347659,float,C,21.64118980373434,21.64118980373434,KalmanFilter,0.5961087390984887,True,reconstructed,SimulatedDroppingStream,{},reconstructed.temp-1
groundtruth,temp-1,temp-1-1758915609350,1758915609.3503206,1758915609.3503206,1758915609.3503206,float,C,17.66147402512062,,,,,groundtruth,GroundTruthStream,{'ground_truth': 17.66147402512062},groundtruth.temp-1
observed,temp-1,temp-1-1758915335354,1758915335.3548317,1758915335.3548317,1758915335.3548317,float,C,19.512510964965983,,,,,observed,SimulatedDroppingStream,{'ground_truth': 19.512510964965983},observed.temp-1
reconstructed,temp-1,temp-1-1758915335354,1758915335.3548317,1758915335.3548317,1758915335.3548317,float,C,19.512510964965983,19.640569415827446,observed,1.0,False,observed,SimulatedDroppingStream,{'ground_truth': 19.512510964965983},reconstructed.temp-1
groundtruth,temp-1,temp-1-1758915610357,1758915610.357724,1758915610.357724,1758915610.357724,float,C,18.75919137604016,,,,,groundtruth,GroundTruthStream,{'ground_truth': 18.75919137604016},groundtruth.temp-1
observed,temp-1,temp-1-1758915336347,1758915336.347659,1758915336.3536017,1758915336.347659,float,C,,,,,,missing,SimulatedDroppingStream,{},observed.temp-1
reconstructed,temp-1,temp-1-1758915336347,1758915336.347659,1758915336.3536017,1758915336.347659,float,C,19.30467059400805,19.30467059400805,KalmanFilter,0.5902911077923925,True,reconstructed,SimulatedDroppingStream,{},reconstructed.temp-1
groundtruth,temp-1,temp-1-1758915611359,1758915611.3590982,1758915611.3590982,1758915611.3590982,float,C,15.020255131164143,,,,,groundtruth,GroundTruthStream,{'ground_truth': 15.020255131164143},groundtruth.temp-1
observed,temp-1,temp-1-1758915337348,1758915337.3487332,1758915337.3487332,1758915337.3487332,float,C,21.747394317780174,,,,,observed,SimulatedDroppingStream,{'ground_truth': 21.747394317780174},observed.temp-1
reconstructed,temp-1,temp-1-1758915337348,1758915337.3487332,1758915337.3487332,1758915337.3487332,float,C,21.747394317780174,21.657037649650537,observed,1.0,False,observed,SimulatedDroppingStream,{'ground_truth': 21.747394317780174},reconstructed.temp-1
groundtruth,temp-1,temp-1-1758915612356,1758915612.356544,1758915612.356544,1758915612.356544,float,C,17.542817794370087,,,,,groundtruth,GroundTruthStream,{'ground_truth': 17.542817794370087},groundtruth.temp-1
observed,temp-1,temp-1-1758915338357,1758915338.357045,1758915338.357045,1758915338.357045,float,C,20.677590699694854,,,,,observed,SimulatedDroppingStream,{'ground_truth': 20.677590699694854},observed.temp-1
reconstructed,temp-1,temp-1-1758915338357,1758915338.357045,1758915338.357045,1758915338.357045,float,C,20.677590699694854,20.985532127120162,observed,1.0,False,observed,SimulatedDroppingStream,{'ground_truth': 20.677590699694854},reconstructed.temp-1
groundtruth,temp-1,temp-1-1758915613361,1758915613.361313,1758915613.361313,1758915613.361313,float,C,17.865702081387933,,,,,groundtruth,GroundTruthStream,{'ground_truth': 17.865702081387933},groundtruth.temp-1
observed,temp-1,temp-1-1758915339353,1758915339.3539426,1758915339.3539426,1758915339.3539426,float,C,18.438654655593293,,,,,observed,SimulatedDroppingStream,{'ground_truth': 18.438654655593293},observed.temp-1
reconstructed,temp-1,temp-1-1758915339353,1758915339.3539426,1758915339.3539426,1758915339.3539426,float,C,18.438654655593293,18.722017952904917,observed,1.0,False,observed,SimulatedDroppingStream,{'ground_truth': 18.438654655593293},reconstructed.temp-1
groundtruth,temp-1,temp-1-1758915614357,1758915614.357817,1758915614.357817,1758915614.357817,float,C,23.788631256568905,,,,,groundtruth,GroundTruthStream,{'ground_truth': 23.788631256568905},groundtruth.temp-1
observed,temp-1,temp-1-1758915340357,1758915340.3579283,1758915340.3579283,1758915340.3579283,float,C,26.90195035999389,,,,,observed,SimulatedDroppingStream,{'ground_truth': 26.90195035999389},observed.temp-1
reconstructed,temp-1,temp-1-1758915340357,1758915340.3579283,1758915340.3579283,1758915340.3579283,float,C,26.90195035999389,25.550165312330797,observed,1.0,False,observed,SimulatedDroppingStream,{'ground_truth': 26.90195035999389},reconstructed.temp-1
groundtruth,temp-1,temp-1-1758915616355,1758915616.355577,1758915616.355577,1758915616.355577,float,C,21.240759734506334,,,,,groundtruth,GroundTruthStream,{'ground_truth': 21.240759734506334},groundtruth.temp-1
observed,temp-1,temp-1-1758915341361,1758915341.3611534,1758915341.3611534,1758915341.3611534,float,C,27.506795486929974,,,,,observed,SimulatedDroppingStream,{'ground_truth': 27.506795486929974},observed.temp-1
reconstructed,temp-1,temp-1-1758915341361,1758915341.3611534,1758915341.3611534,1758915341.3611534,float,C,27.506795486929974,27.98481403289703,observed,1.0,False,observed,SimulatedDroppingStream,{'ground_truth': 27.506795486929974},reconstructed.temp-1
groundtruth,temp-1,temp-1-1758915617356,1758915617.3561952,1758915617.3561952,1758915617.3561952,float,C,23.15677183739195,,,,,groundtruth,GroundTruthStream,{'ground_truth': 23.15677183739195},groundtruth.temp-1
observed,temp-1,temp-1-1758915342362,1758915342.3623438,1758915342.3623438,1758915342.3623438,float,C,27.85216801774891,,,,,observed,SimulatedDroppingStream,{'ground_truth': 27.85216801774891},observed.temp-1
reconstructed,temp-1,temp-1-1758915342362,1758915342.3623438,1758915342.3623438,1758915342.3623438,float,C,27.85216801774891,28.438799154722165,observed,1.0,False,observed,SimulatedDroppingStream,{'ground_truth': 27.85216801774891},reconstructed.temp-1
groundtruth,temp-1,temp-1-1758915618360,1758915618.3608267,1758915618.3608267,1758915618.3608267,float,C,26.698539241314087,,,,,groundtruth,GroundTruthStream,{'ground_truth': 26.698539241314087},groundtruth.temp-1
observed,temp-1,temp-1-1758915343347,1758915343.347659,1758915343.3616395,1758915343.347659,float,C,,,,,,missing,SimulatedDroppingStream,{},observed.temp-1
reconstructed,temp-1,temp-1-1758915343347,1758915343.347659,1758915343.3616395,1758915343.347659,float,C,29.950958483608833,29.950958483608833,KalmanFilter,0.5971276309132221,True,reconstructed,SimulatedDroppingStream,{},reconstructed.temp-1
groundtruth,temp-1,temp-1-1758915619362,1758915619.3620133,1758915619.3620133,1758915619.3620133,float,C,19.004854557622835,,,,,groundtruth,GroundTruthStream,{'ground_truth': 19.004854557622835},groundtruth.temp-1
observed,temp-1,temp-1-1758915344347,1758915344.347659,1758915344.3597174,1758915344.347659,float,C,,,,,,missing,SimulatedDroppingStream,{},observed.temp-1
reconstructed,temp-1,temp-1-1758915344347,1758915344.347659,1758915344.3597174,1758915344.347659,float,C,31.224698339407542,31.224698339407542,KalmanFilter,0.25370132164774994,True,reconstructed,SimulatedDroppingStream,{},reconstructed.temp-1
groundtruth,temp-1,temp-1-1758915620351,1758915620.351162,1758915620.351162,1758915620.351162,float,C,28.472570654900395,,,,,groundtruth,GroundTruthStream,{'ground_truth': 28.472570654900395},groundtruth.temp-1
observed,temp-1,temp-1-1758915345355,1758915345.3559854,1758915345.3559854,1758915345.3559854,float,C,26.92430501472923,,,,,observed,SimulatedDroppingStream,{'ground_truth': 26.92430501472923},observed.temp-1
reconstructed,temp-1,temp-1-1758915345355,1758915345.3559854,1758915345.3559854,1758915345.3559854,float,C,26.92430501472923,26.982717570758872,observed,1.0,False,observed,SimulatedDroppingStream,{'ground_truth': 26.92430501472923},reconstructed.temp-1
groundtruth,temp-1,temp-1-1758915621352,1758915621.3525934,1758915621.3525934,1758915621.3525934,float,C,20.4654045076063,,,,,groundtruth,GroundTruthStream,{'ground_truth': 20.4654045076063},groundtruth.temp-1
observed,temp-1,temp-1-1758915346352,1758915346.352555,1758915346.352555,1758915346.352555,float,C,18.174407569783707,,,,,observed,SimulatedDroppingStream,{'ground_truth': 18.174407569783707},observed.temp-1
reconstructed,temp-1,temp-1-1758915346352,1758915346.352555,1758915346.352555,1758915346.352555,float,C,18.174407569783707,18.968199105110138,observed,1.0,False,observed,SimulatedDroppingStream,{'ground_truth': 18.174407569783707},reconstructed.temp-1
groundtruth,temp-1,temp-1-1758915622357,1758915622.3571186,1758915622.3571186,1758915622.3571186,float,C,24.57330371398326,,,,,groundtruth,GroundTruthStream,{'ground_truth': 24.57330371398326},groundtruth.temp-1
observed,temp-1,temp-1-1758915347351,1758915347.3518982,1758915347.3518982,1758915347.3518982,float,C,15.677313894606714,,,,,observed,SimulatedDroppingStream,{'ground_truth': 15.677313894606714},observed.temp-1
reconstructed,temp-1,temp-1-1758915347351,1758915347.3518982,1758915347.3518982,1758915347.3518982,float,C,15.677313894606714,15.003805755665768,observed,1.0,False,observed,SimulatedDroppingStream,{'ground_truth': 15.677313894606714},reconstructed.temp-1
groundtruth,temp-1,temp-1-1758915623359,1758915623.3590753,1758915623.3590753,1758915623.3590753,float,C,22.81845447918358,,,,,groundtruth,GroundTruthStream,{'ground_truth': 22.81845447918358},groundtruth.temp-1
observed,temp-1,temp-1-1758915348352,1758915348.3520896,1758915348.3520896,1758915348.3520896,float,C,29.90365686802739,,,,,observed,SimulatedDroppingStream,{'ground_truth': 29.90365686802739},observed.temp-1
reconstructed,temp-1,temp-1-1758915348352,1758915348.3520896,1758915348.3520896,1758915348.3520896,float,C,29.90365686802739,27.176271081761517,observed,1.0,False,observed,SimulatedDroppingStream,{'ground_truth': 29.90365686802739},reconstructed.temp-1
groundtruth,temp-1,temp-1-1758915625352,1758915625.3528168,1758915625.3528168,1758915625.3528168,float,C,18.883541502731426,,,,,groundtruth,GroundTruthStream,{'ground_truth': 18.883541502731426},groundtruth.temp-1
observed,temp-1,temp-1-1758915349361,1758915349.361666,1758915349.361666,1758915349.361666,float,C,25.13126448401671,,,,,observed,SimulatedDroppingStream,{'ground_truth': 25.13126448401671},observed.temp-1
reconstructed,temp-1,temp-1-1758915349361,1758915349.361666,1758915349.361666,1758915349.361666,float,C,25.13126448401671,26.712137093090412,observed,1.0,False,observed,SimulatedDroppingStream,{'ground_truth': 25.13126448401671},reconstructed.temp-1
groundtruth,temp-1,temp-1-1758915626360,1758915626.3606074,1758915626.3606074,1758915626.3606074,float,C,29.99923323549394,,,,,groundtruth,GroundTruthStream,{'ground_truth': 29.99923323549394},groundtruth.temp-1
observed,temp-1,temp-1-1758915350355,1758915350.3553681,1758915350.3553681,1758915350.3553681,float,C,19.334650481684832,,,,,observed,SimulatedDroppingStream,{'ground_truth': 19.334650481684832},observed.temp-1
reconstructed,temp-1,temp-1-1758915350355,1758915350.3553681,1758915350.3553681,1758915350.3553681,float,C,19.334650481684832,20.81625975800411,observed,1.0,False,observed,SimulatedDroppingStream,{'ground_truth': 19.334650481684832},reconstructed.temp-1
groundtruth,temp-1,temp-1-1758915628359,1758915628.3590982,1758915628.3590982,1758915628.3590982,float,C,28.73276037285302,,,,,groundtruth,GroundTruthStream,{'ground_truth': 28.73276037285302},groundtruth.temp-1
observed,temp-1,temp-1-1758915351347,1758915351.347659,1758915351.3544953,1758915351.347659,float,C,,,,,,missing,SimulatedDroppingStream,{},observed.temp-1
reconstructed,temp-1,temp-1-1758915351347,1758915351.347659,1758915351.3544953,1758915351.347659,float,C,16.34277327406754,16.34277327406754,KalmanFilter,0.596803296111124,True,reconstructed,SimulatedDroppingStream,{},reconstructed.temp-1
groundtruth,temp-1,temp-1-1758915629357,1758915629.3579433,1758915629.3579433,1758915629.3579433,float,C,22.414622548898702,,,,,groundtruth,GroundTruthStream,{'ground_truth': 22.414622548898702},groundtruth.temp-1
observed,temp-1,temp-1-1758915352351,1758915352.351696,1758915352.351696,1758915352.351696,float,C,16.3306165257873,,,,,observed,SimulatedDroppingStream,{'ground_truth': 16.3306165257873},observed.temp-1
reconstructed,temp-1,temp-1-1758915352351,1758915352.351696,1758915352.351696,1758915352.351696,float,C,16.3306165257873,16.123377499408118,observed,1.0,False,observed,SimulatedDroppingStream,{'ground_truth': 16.3306165257873},reconstructed.temp-1
groundtruth,temp-1,temp-1-1758915631361,1758915631.3611982,1758915631.3611982,1758915631.3611982,float,C,25.079453482553383,,,,,groundtruth,GroundTruthStream,{'ground_truth': 25.079453482553383},groundtruth.temp-1
observed,temp-1,temp-1-1758915353347,1758915353.347659,1758915353.3581111,1758915353.347659,float,C,,,,,,missing,SimulatedDroppingStream,{},observed.temp-1
reconstructed,temp-1,temp-1-1758915353347,1758915353.347659,1758915353.3581111,1758915353.347659,float,C,12.305976272215968,12.305976272215968,KalmanFilter,0.5963747069507193,True,reconstructed,SimulatedDroppingStream,{},reconstructed.temp-1
groundtruth,temp-1,temp-1-1758915632351,1758915632.3513124,1758915632.3513124,1758915632.3513124,float,C,28.50703698838488,,,,,groundtruth,GroundTruthStream,{'ground_truth': 28.50703698838488},groundtruth.temp-1
observed,temp-1,temp-1-1758915354347,1758915354.347659,1758915354.3604343,1758915354.347659,float,C,,,,,,missing,SimulatedDroppingStream,{},observed.temp-1
reconstructed,temp-1,temp-1-1758915354347,1758915354.347659,1758915354.3604343,1758915354.347659,float,C,7.7451445619610375,7.7451445619610375,KalmanFilter,0.24883141266558462,True,reconstructed,SimulatedDroppingStream,{},reconstructed.temp-1
groundtruth,temp-1,temp-1-1758915633354,1758915633.3542557,1758915633.3542557,1758915633.3542557,float,C,18.924310880818666,,,,,groundtruth,GroundTruthStream,{'ground_truth': 18.924310880818666},groundtruth.temp-1
observed,temp-1,temp-1-1758915355347,1758915355.347659,1758915355.3630023,1758915355.347659,float,C,,,,,,missing,SimulatedDroppingStream,{},observed.temp-1
reconstructed,temp-1,temp-1-1758915355347,1758915355.347659,1758915355.3630023,1758915355.347659,float,C,2.440882368643326,2.440882368643326,KalmanFilter,0.09636129344139112,True,reconstructed,SimulatedDroppingStream,{},reconstructed.temp-1
groundtruth,temp-1,temp-1-1758915636353,1758915636.3531456,1758915636.3531456,1758915636.3531456,float,C,17.310217703173546,,,,,groundtruth,GroundTruthStream,{'ground_truth': 17.310217703173546},groundtruth.temp-1
observed,temp-1,temp-1-1758915356364,1758915356.364317,1758915356.364317,1758915356.364317,float,C,18.753565368701494,,,,,observed,SimulatedDroppingStream,{'ground_truth': 18.753565368701494},observed.temp-1
reconstructed,temp-1,temp-1-1758915356364,1758915356.364317,1758915356.364317,1758915356.364317,float,C,18.753565368701494,18.658160603026047,observed,1.0,False,observed,SimulatedDroppingStream,{'ground_truth': 18.753565368701494},reconstructed.temp-1
groundtruth,temp-1,temp-1-1758915637349,1758915637.3495286,1758915637.3495286,1758915637.3495286,float,C,22.57057328635546,,,,,groundtruth,GroundTruthStream,{'ground_truth': 22.57057328635546},groundtruth.temp-1
observed,temp-1,temp-1-1758915357348,1758915357.3488178,1758915357.3488178,1758915357.3488178,float,C,15.421827148060737,,,,,observed,SimulatedDroppingStream,{'ground_truth': 15.421827148060737},observed.temp-1
reconstructed,temp-1,temp-1-1758915357348,1758915357.3488178,1758915357.3488178,1758915357.3488178,float,C,15.421827148060737,16.102261648755352,observed,1.0,False,observed,SimulatedDroppingStream,{'ground_truth': 15.421827148060737},reconstructed.temp-1
groundtruth,temp-1,temp-1-1758915640362,1758915640.362409,1758915640.362409,1758915640.362409,float,C,28.92013997497252,,,,,groundtruth,GroundTruthStream,{'ground_truth': 28.92013997497252},groundtruth.temp-1
observed,temp-1,temp-1-1758915358353,1758915358.353552,1758915358.353552,1758915358.353552,float,C,23.59970546127476,,,,,observed,SimulatedDroppingStream,{'ground_truth': 23.59970546127476},observed.temp-1
reconstructed,temp-1,temp-1-1758915358353,1758915358.353552,1758915358.353552,1758915358.353552,float,C,23.59970546127476,22.558411443657086,observed,1.0,False,observed,SimulatedDroppingStream,{'ground_truth': 23.59970546127476},reconstructed.temp-1
groundtruth,temp-1,temp-1-1758915641358,1758915641.35814,1758915641.35814,1758915641.35814,float,C,20.09885050680124,,,,,groundtruth,GroundTruthStream,{'ground_truth': 20.09885050680124},groundtruth.temp-1
observed,temp-1,temp-1-1758915359354,1758915359.354572,1758915359.354572,1758915359.354572,float,C,29.542189894093994,,,,,observed,SimulatedDroppingStream,{'ground_truth': 29.542189894093994},observed.temp-1
reconstructed,temp-1,temp-1-1758915359354,1758915359.354572,1758915359.354572,1758915359.354572,float,C,29.542189894093994,29.36914716551331,observed,1.0,False,observed,SimulatedDroppingStream,{'ground_truth': 29.542189894093994},reconstructed.temp-1
groundtruth,temp-1,temp-1-1758915642358,1758915642.358565,1758915642.358565,1758915642.358565,float,C,26.234206744185244,,,,,groundtruth,GroundTruthStream,{'ground_truth': 26.234206744185244},groundtruth.temp-1
observed,temp-1,temp-1-1758915360354,1758915360.354254,1758915360.354254,1758915360.354254,float,C,17.664170207353514,,,,,observed,SimulatedDroppingStream,{'ground_truth': 17.664170207353514},observed.temp-1
reconstructed,temp-1,temp-1-1758915360354,1758915360.354254,1758915360.354254,1758915360.354254,float,C,17.664170207353514,20.254183850636355,observed,1.0,False,observed,SimulatedDroppingStream,{'ground_truth': 17.664170207353514},reconstructed.temp-1
groundtruth,temp-1,temp-1-1758915643364,1758915643.3640985,1758915643.3640985,1758915643.3640985,float,C,18.886009418604807,,,,,groundtruth,GroundTruthStream,{'ground_truth': 18.886009418604807},groundtruth.temp-1
observed,temp-1,temp-1-1758915361353,1758915361.3530369,1758915361.3530369,1758915361.3530369,float,C,15.179806464049712,,,,,observed,SimulatedDroppingStream,{'ground_truth': 15.179806464049712},observed.temp-1
reconstructed,temp-1,temp-1-1758915361353,1758915361.3530369,1758915361.3530369,1758915361.3530369,float,C,15.179806464049712,14.99138795755956,observed,1.0,False,observed,SimulatedDroppingStream,{'ground_truth': 15.179806464049712},reconstructed.temp-1
groundtruth,temp-1,temp-1-1758915644355,1758915644.3552356,1758915644.3552356,1758915644.3552356,float,C,19.150495760059105,,,,,groundtruth,GroundTruthStream,{'ground_truth': 19.150495760059105},groundtruth.temp-1
observed,temp-1,temp-1-1758915362350,1758915362.3502114,1758915362.3502114,1758915362.3502114,float,C,16.785518165365644,,,,,observed,SimulatedDroppingStream,{'ground_truth': 16.785518165365644},observed.temp-1
reconstructed,temp-1,temp-1-1758915362350,1758915362.3502114,1758915362.3502114,1758915362.3502114,float,C,16.785518165365644,15.465834330539646,observed,1.0,False,observed,SimulatedDroppingStream,{'ground_truth': 16.785518165365644},reconstructed.temp-1
groundtruth,temp-1,temp-1-1758915645352,1758915645.3526666,1758915645.3526666,1758915645.3526666,float,C,19.05787553414512,,,,,groundtruth,GroundTruthStream,{'ground_truth': 19.05787553414512},groundtruth.temp-1
observed,temp-1,temp-1-1758915363355,1758915363.355982,1758915363.355982,1758915363.355982,float,C,29.378127612717503,,,,,observed,SimulatedDroppingStream,{'ground_truth': 29.378127612717503},observed.temp-1
reconstructed,temp-1,temp-1-1758915363355,1758915363.355982,1758915363.355982,1758915363.355982,float,C,29.378127612717503,27.244981577157382,observed,1.0,False,observed,SimulatedDroppingStream,{'ground_truth': 29.378127612717503},reconstructed.temp-1
groundtruth,temp-1,temp-1-1758915646353,1758915646.3536704,1758915646.3536704,1758915646.3536704,float,C,18.125431245661066,,,,,groundtruth,GroundTruthStream,{'ground_truth': 18.125431245661066},groundtruth.temp-1
observed,temp-1,temp-1-1758915364347,1758915364.347659,1758915364.3544161,1758915364.347659,float,C,,,,,,missing,SimulatedDroppingStream,{},observed.temp-1
reconstructed,temp-1,temp-1-1758915364347,1758915364.347659,1758915364.3544161,1758915364.347659,float,C,38.341108643464885,38.341108643464885,KalmanFilter,0.5973963672499398,True,reconstructed,SimulatedDroppingStream,{},reconstructed.temp-1
groundtruth,temp-1,temp-1-1758915647351,1758915647.351287,1758915647.351287,1758915647.351287,float,C,17.7830064368304,,,,,groundtruth,GroundTruthStream,{'ground_truth': 17.7830064368304},groundtruth.temp-1
observed,temp-1,temp-1-1758915365356,1758915365.3567448,1758915365.3567448,1758915365.3567448,float,C,24.22071562507879,,,,,observed,SimulatedDroppingStream,{'ground_truth': 24.22071562507879},observed.temp-1
reconstructed,temp-1,temp-1-1758915365356,1758915365.3567448,1758915365.3567448,1758915365.3567448,float,C,24.22071562507879,25.183848306247402,observed,1.0,False,observed,SimulatedDroppingStream,{'ground_truth': 24.22071562507879},reconstructed.temp-1
groundtruth,temp-1,temp-1-1758915648353,1758915648.353081,1758915648.353081,1758915648.353081,float,C,18.997042334049492,,,,,groundtruth,GroundTruthStream,{'ground_truth': 18.997042334049492},groundtruth.temp-1
observed,temp-1,temp-1-1758915366348,1758915366.348271,1758915366.348271,1758915366.348271,float,C,20.39462730982507,,,,,observed,SimulatedDroppingStream,{'ground_truth': 20.39462730982507},observed.temp-1
reconstructed,temp-1,temp-1-1758915366348,1758915366.348271,1758915366.348271,1758915366.348271,float,C,20.39462730982507,20.879003468916792,observed,1.0,False,observed,SimulatedDroppingStream,{'ground_truth': 20.39462730982507},reconstructed.temp-1
groundtruth,temp-1,temp-1-1758915649349,1758915649.349033,1758915649.349033,1758915649.349033,float,C,15.066482250386525,,,,,groundtruth,GroundTruthStream,{'ground_truth': 15.066482250386525},groundtruth.temp-1
observed,temp-1,temp-1-1758915367347,1758915367.347659,1758915367.36068,1758915367.347659,float,C,,,,,,missing,SimulatedDroppingStream,{},observed.temp-1
reconstructed,temp-1,temp-1-1758915367347,1758915367.347659,1758915367.36068,1758915367.347659,float,C,15.546911886650898,15.546911886650898,KalmanFilter,0.5843634532831699,True,reconstructed,SimulatedDroppingStream,{},reconstructed.temp-1
groundtruth,temp-1,temp-1-1758915650361,1758915650.3613274,1758915650.3613274,1758915650.3613274,float,C,27.428420935113454,,,,,groundtruth,GroundTruthStream,{'ground_truth': 27.428420935113454},groundtruth.temp-1
observed,temp-1,temp-1-1758915368359,1758915368.359216,1758915368.359216,1758915368.359216,float,C,18.787480522717356,,,,,observed,SimulatedDroppingStream,{'ground_truth': 18.787480522717356},observed.temp-1
reconstructed,temp-1,temp-1-1758915368359,1758915368.359216,1758915368.359216,1758915368.359216,float,C,18.787480522717356,18.458549525344615,observed,1.0,False,observed,SimulatedDroppingStream,{'ground_truth': 18.787480522717356},reconstructed.temp-1
groundtruth,temp-1,temp-1-1758915651350,1758915651.350741,1758915651.350741,1758915651.350741,float,C,26.547667386647998,,,,,groundtruth,GroundTruthStream,{'ground_truth': 26.547667386647998},groundtruth.temp-1
observed,temp-1,temp-1-1758915369357,1758915369.3572705,1758915369.3572705,1758915369.3572705,float,C,23.967166453441273,,,,,observed,SimulatedDroppingStream,{'ground_truth': 23.967166453441273},observed.temp-1
reconstructed,temp-1,temp-1-1758915369357,1758915369.3572705,1758915369.3572705,1758915369.3572705,float,C,23.967166453441273,22.986909693595543,observed,1.0,False,observed,SimulatedDroppingStream,{'ground_truth': 23.967166453441273},reconstructed.temp-1
groundtruth,temp-1,temp-1-1758915652349,1758915652.3490582,1758915652.3490582,1758915652.3490582,float,C,29.672667455747607,,,,,groundtruth,GroundTruthStream,{'ground_truth': 29.672667455747607},groundtruth.temp-1
observed,temp-1,temp-1-1758915370365,1758915370.3653576,1758915370.3653576,1758915370.3653576,float,C,20.217423008314064,,,,,observed,SimulatedDroppingStream,{'ground_truth': 20.217423008314064},observed.temp-1
reconstructed,temp-1,temp-1-1758915370365,1758915370.3653576,1758915370.3653576,1758915370.3653576,float,C,20.217423008314064,21.07075290160087,observed,1.0,False,observed,SimulatedDroppingStream,{'ground_truth': 20.217423008314064},reconstructed.temp-1
groundtruth,temp-1,temp-1-1758915653358,1758915653.3580122,1758915653.3580122,1758915653.3580122,float,C,17.064149638886466,,,,,groundtruth,GroundTruthStream,{'ground_truth': 17.064149638886466},groundtruth.temp-1
observed,temp-1,temp-1-1758915371349,1758915371.3496928,1758915371.3496928,1758915371.3496928,float,C,26.18701119172404,,,,,observed,SimulatedDroppingStream,{'ground_truth': 26.18701119172404},observed.temp-1
reconstructed,temp-1,temp-1-1758915371349,1758915371.3496928,1758915371.3496928,1758915371.3496928,float,C,26.18701119172404,25.528970200639733,observed,1.0,False,observed,SimulatedDroppingStream,{'ground_truth': 26.18701119172404},reconstructed.temp-1
groundtruth,temp-1,temp-1-1758915655354,1758915655.3540735,1758915655.3540735,1758915655.3540735,float,C,16.45924261350115,,,,,groundtruth,GroundTruthStream,{'ground_truth': 16.45924261350115},groundtruth.temp-1
observed,temp-1,temp-1-1758915372354,1758915372.3549724,1758915372.3549724,1758915372.3549724,float,C,29.487040081638007,,,,,observed,SimulatedDroppingStream,{'ground_truth': 29.487040081638007},observed.temp-1
reconstructed,temp-1,temp-1-1758915372354,1758915372.3549724,1758915372.3549724,1758915372.3549724,float,C,29.487040081638007,29.524671976077236,observed,1.0,False,observed,SimulatedDroppingStream,{'ground_truth': 29.487040081638007},reconstructed.temp-1
groundtruth,temp-1,temp-1-1758915656353,1758915656.3535192,1758915656.3535192,1758915656.3535192,float,C,17.697708307736672,,,,,groundtruth,GroundTruthStream,{'ground_truth': 17.697708307736672},groundtruth.temp-1
observed,temp-1,temp-1-1758915373351,1758915373.3513448,1758915373.3513448,1758915373.3513448,float,C,20.87308797827203,,,,,observed,SimulatedDroppingStream,{'ground_truth': 20.87308797827203},observed.temp-1
reconstructed,temp-1,temp-1-1758915373351,1758915373.3513448,1758915373.3513448,1758915373.3513448,float,C,20.87308797827203,22.671081851495657,observed,1.0,False,observed,SimulatedDroppingStream,{'ground_truth': 20.87308797827203},reconstructed.temp-1
groundtruth,temp-1,temp-1-1758915658359,1758915658.3595972,1758915658.3595972,1758915658.3595972,float,C,21.8164906612606,,,,,groundtruth,GroundTruthStream,{'ground_truth': 21.8164906612606},groundtruth.temp-1
observed,temp-1,temp-1-1758915374359,1758915374.3598347,1758915374.3598347,1758915374.3598347,float,C,29.507126888782466,,,,,observed,SimulatedDroppingStream,{'ground_truth': 29.507126888782466},observed.temp-1
reconstructed,temp-1,temp-1-1758915374359,1758915374.3598347,1758915374.3598347,1758915374.3598347,float,C,29.507126888782466,27.94886051962559,observed,1.0,False,observed,SimulatedDroppingStream,{'ground_truth': 29.507126888782466},reconstructed.temp-1
groundtruth,temp-1,temp-1-1758915659360,1758915659.3600235,1758915659.3600235,1758915659.3600235,float,C,27.666202185288466,,,,,groundtruth,GroundTruthStream,{'ground_truth': 27.666202185288466},groundtruth.temp-1
observed,temp-1,temp-1-1758915375359,1758915375.3595479,1758915375.3595479,1758915375.3595479,float,C,15.095956112817516,,,,,observed,SimulatedDroppingStream,{'ground_truth': 15.095956112817516},observed.temp-1
reconstructed,temp-1,temp-1-1758915375359,1758915375.3595479,1758915375.3595479,1758915375.3595479,float,C,15.095956112817516,17.085662521660247,observed,1.0,False,observed,SimulatedDroppingStream,{'ground_truth': 15.095956112817516},reconstructed.temp-1
groundtruth,temp-1,temp-1-1758915660350,1758915660.350794,1758915660.350794,1758915660.350794,float,C,16.07939660671247,,,,,groundtruth,GroundTruthStream,{'ground_truth': 16.07939660671247},groundtruth.temp-1
observed,temp-1,temp-1-1758915376347,1758915376.347659,1758915376.351372,1758915376.347659,float,C,,,,,,missing,SimulatedDroppingStream,{},observed.temp-1
reconstructed,temp-1,temp-1-1758915376347,1758915376.347659,1758915376.351372,1758915376.347659,float,C,7.422950344341128,7.422950344341128,KalmanFilter,0.5974121946520381,True,reconstructed,SimulatedDroppingStream,{},reconstructed.temp-1
groundtruth,temp-1,temp-1-1758915662355,1758915662.3551478,1758915662.3551478,1758915662.3551478,float,C,18.29899042502332,,,,,groundtruth,GroundTruthStream,{'ground_truth': 18.29899042502332},groundtruth.temp-1
observed,temp-1,temp-1-1758915377350,1758915377.3502421,1758915377.3502421,1758915377.3502421,float,C,21.442802087943207,,,,,observed,SimulatedDroppingStream,{'ground_truth': 21.442802087943207},observed.temp-1
reconstructed,temp-1,temp-1-1758915377350,1758915377.3502421,1758915377.3502421,1758915377.3502421,float,C,21.442802087943207,20.55772316431657,observed,1.0,False,observed,SimulatedDroppingStream,{'ground_truth': 21.442802087943207},reconstructed.temp-1
groundtruth,temp-1,temp-1-1758915663356,1758915663.3568223,1758915663.3568223,1758915663.3568223,float,C,27.3479889201461,,,,,groundtruth,GroundTruthStream,{'ground_truth': 27.3479889201461},groundtruth.temp-1
observed,temp-1,temp-1-1758915378350,1758915378.3501737,1758915378.3501737,1758915378.3501737,float,C,28.221335135350213,,,,,observed,SimulatedDroppingStream,{'ground_truth': 28.221335135350213},observed.temp-1
reconstructed,temp-1,temp-1-1758915378350,1758915378.3501737,1758915378.3501737,1758915378.3501737,float,C,28.221335135350213,27.556358468812444,observed,1.0,False,observed,SimulatedDroppingStream,{'ground_truth': 28.221335135350213},reconstructed.temp-1
groundtruth,temp-1,temp-1-1758915665355,1758915665.3559706,1758915665.3559706,1758915665.3559706,float,C,17.48350587885487,,,,,groundtruth,GroundTruthStream,{'ground_truth': 17.48350587885487},groundtruth.temp-1
observed,temp-1,temp-1-1758915379350,1758915379.3508525,1758915379.3508525,1758915379.3508525,float,C,21.3317046384035,,,,,observed,SimulatedDroppingStream,{'ground_truth': 21.3317046384035},observed.temp-1
reconstructed,temp-1,temp-1-1758915379350,1758915379.3508525,1758915379.3508525,1758915379.3508525,float,C,21.3317046384035,23.13698422753938,observed,1.0,False,observed,SimulatedDroppingStream,{'ground_truth': 21.3317046384035},reconstructed.temp-1
groundtruth,temp-1,temp-1-1758915669361,1758915669.361941,1758915669.361941,1758915669.361941,float,C,18.857049084096754,,,,,groundtruth,GroundTruthStream,{'ground_truth': 18.857049084096754},groundtruth.temp-1
observed,temp-1,temp-1-1758915380347,1758915380.347659,1758915380.3514433,1758915380.347659,float,C,,,,,,missing,SimulatedDroppingStream,{},observed.temp-1
reconstructed,temp-1,temp-1-1758915380347,1758915380.347659,1758915380.3514433,1758915380.347659,float,C,21.805549182502716,21.805549182502716,KalmanFilter,0.5929254477052877,True,reconstructed,SimulatedDroppingStream,{},reconstructed.temp-1
groundtruth,temp-1,temp-1-1758915670349,1758915670.34967,1758915670.34967,1758915670.34967,float,C,25.207832980654565,,,,,groundtruth,GroundTruthStream,{'ground_truth': 25.207832980654565},groundtruth.temp-1
observed,temp-1,temp-1-1758915381350,1758915381.3503926,1758915381.3503926,1758915381.3503926,float,C,24.79901822886344,,,,,observed,SimulatedDroppingStream,{'ground_truth': 24.79901822886344},observed.temp-1
reconstructed,temp-1,temp-1-1758915381350,1758915381.3503926,1758915381.3503926,1758915381.3503926,float,C,24.79901822886344,24.6287744175299,observed,1.0,False,observed,SimulatedDroppingStream,{'ground_truth': 24.79901822886344},reconstructed.temp-1
groundtruth,temp-1,temp-1-1758915671350,1758915671.3508701,1758915671.3508701,1758915671.3508701,float,C,18.296290998370065,,,,,groundtruth,GroundTruthStream,{'ground_truth': 18.296290998370065},groundtruth.temp-1
observed,temp-1,temp-1-1758915382347,1758915382.347659,1758915382.3523004,1758915382.347659,float,C,,,,,,missing,SimulatedDroppingStream,{},observed.temp-1
reconstructed,temp-1,temp-1-1758915382347,1758915382.347659,1758915382.3523004,1758915382.347659,float,C,25.059751046195817,25.059751046195817,KalmanFilter,0.5962521928239624,True,reconstructed,SimulatedDroppingStream,{},reconstructed.temp-1
groundtruth,temp-1,temp-1-1758915672353,1758915672.353656,1758915672.353656,1758915672.353656,float,C,17.451233781749924,,,,,groundtruth,GroundTruthStream,{'ground_truth': 17.451233781749924},groundtruth.temp-1
observed,temp-1,temp-1-1758915383349,1758915383.3491232,1758915383.3491232,1758915383.3491232,float,C,16.0936261171598,,,,,observed,SimulatedDroppingStream,{'ground_truth': 16.0936261171598},observed.temp-1
reconstructed,temp-1,temp-1-1758915383349,1758915383.3491232,1758915383.3491232,1758915383.3491232,float,C,16.0936261171598,16.394088878726286,observed,1.0,False,observed,SimulatedDroppingStream,{'ground_truth': 16.0936261171598},reconstructed.temp-1
groundtruth,temp-1,temp-1-1758915673360,1758915673.3604622,1758915673.3604622,1758915673.3604622,float,C,25.909344416584126,,,,,groundtruth,GroundTruthStream,{'ground_truth': 25.909344416584126},groundtruth.temp-1
observed,temp-1,temp-1-1758915384351,1758915384.3513381,1758915384.3513381,1758915384.3513381,float,C,25.59528802761797,,,,,observed,SimulatedDroppingStream,{'ground_truth': 25.59528802761797},observed.temp-1
reconstructed,temp-1,temp-1-1758915384351,1758915384.3513381,1758915384.3513381,1758915384.3513381,float,C,25.59528802761797,23.65443883894323,observed,1.0,False,observed,SimulatedDroppingStream,{'ground_truth': 25.59528802761797},reconstructed.temp-1
groundtruth,temp-1,temp-1-1758915674362,1758915674.362945,1758915674.362945,1758915674.362945,float,C,16.918047608033326,,,,,groundtruth,GroundTruthStream,{'ground_truth': 16.918047608033326},groundtruth.temp-1
observed,temp-1,temp-1-1758915385347,1758915385.347659,1758915385.3520653,1758915385.347659,float,C,,,,,,missing,SimulatedDroppingStream,{},observed.temp-1
reconstructed,temp-1,temp-1-1758915385347,1758915385.347659,1758915385.3520653,1758915385.347659,float,C,28.992599202473464,28.992599202473464,KalmanFilter,0.583328231914101,True,reconstructed,SimulatedDroppingStream,{},reconstructed.temp-1
groundtruth,temp-1,temp-1-1758915675363,1758915675.3634665,1758915675.3634665,1758915675.3634665,float,C,27.0481742627031,,,,,groundtruth,GroundTruthStream,{'ground_truth': 27.0481742627031},groundtruth.temp-1
observed,temp-1,temp-1-1758915386352,1758915386.3522358,1758915386.3522358,1758915386.3522358,float,C,15.262531035534169,,,,,observed,SimulatedDroppingStream,{'ground_truth': 15.262531035534169},observed.temp-1
reconstructed,temp-1,temp-1-1758915386352,1758915386.3522358,1758915386.3522358,1758915386.3522358,float,C,15.262531035534169,15.920700379863622,observed,1.0,False,observed,SimulatedDroppingStream,{'ground_truth': 15.262531035534169},reconstructed.temp-1
groundtruth,temp-1,temp-1-1758915676355,1758915676.355507,1758915676.355507,1758915676.355507,float,C,29.24706824762423,,,,,groundtruth,GroundTruthStream,{'ground_truth': 29.24706824762423},groundtruth.temp-1
observed,temp-1,temp-1-1758915387351,1758915387.3516467,1758915387.3516467,1758915387.3516467,float,C,19.851745998662444,,,,,observed,SimulatedDroppingStream,{'ground_truth': 19.851745998662444},observed.temp-1
reconstructed,temp-1,temp-1-1758915387351,1758915387.3516467,1758915387.3516467,1758915387.3516467,float,C,19.851745998662444,18.72362607307464,observed,1.0,False,observed,SimulatedDroppingStream,{'ground_truth': 19.851745998662444},reconstructed.temp-1
groundtruth,temp-1,temp-1-1758915677356,1758915677.3564992,1758915677.3564992,1758915677.3564992,float,C,17.86827352601744,,,,,groundtruth,GroundTruthStream,{'ground_truth': 17.86827352601744},groundtruth.temp-1
observed,temp-1,temp-1-1758915388350,1758915388.350826,1758915388.350826,1758915388.350826,float,C,18.65818165024282,,,,,observed,SimulatedDroppingStream,{'ground_truth': 18.65818165024282},observed.temp-1
reconstructed,temp-1,temp-1-1758915388350,1758915388.350826,1758915388.350826,1758915388.350826,float,C,18.65818165024282,18.816492075187814,observed,1.0,False,observed,SimulatedDroppingStream,{'ground_truth': 18.65818165024282},reconstructed.temp-1
groundtruth,temp-1,temp-1-1758915678354,1758915678.35475,1758915678.35475,1758915678.35475,float,C,18.552706850517566,,,,,groundtruth,GroundTruthStream,{'ground_truth': 18.552706850517566},groundtruth.temp-1
observed,temp-1,temp-1-1758915389364,1758915389.3641334,1758915389.3641334,1758915389.3641334,float,C,16.73889552226373,,,,,observed,SimulatedDroppingStream,{'ground_truth': 16.73889552226373},observed.temp-1
reconstructed,temp-1,temp-1-1758915389364,1758915389.3641334,1758915389.3641334,1758915389.3641334,float,C,16.73889552226373,17.125518268750646,observed,1.0,False,observed,SimulatedDroppingStream,{'ground_truth': 16.73889552226373},reconstructed.temp-1
groundtruth,temp-1,temp-1-1758915679352,1758915679.3527389,1758915679.3527389,1758915679.3527389,float,C,16.56930382764445,,,,,groundtruth,GroundTruthStream,{'ground_truth': 16.56930382764445},groundtruth.temp-1
observed,temp-1,temp-1-1758915390350,1758915390.3500934,1758915390.3500934,1758915390.3500934,float,C,18.907713422644818,,,,,observed,SimulatedDroppingStream,{'ground_truth': 18.907713422644818},observed.temp-1
reconstructed,temp-1,temp-1-1758915390350,1758915390.3500934,1758915390.3500934,1758915390.3500934,float,C,18.907713422644818,18.53923405776534,observed,1.0,False,observed,SimulatedDroppingStream,{'ground_truth': 18.907713422644818},reconstructed.temp-1
groundtruth,temp-1,temp-1-1758915680352,1758915680.352746,1758915680.352746,1758915680.352746,float,C,23.996804692039404,,,,,groundtruth,GroundTruthStream,{'ground_truth': 23.996804692039404},groundtruth.temp-1
observed,temp-1,temp-1-1758915391352,1758915391.3524995,1758915391.3524995,1758915391.3524995,float,C,27.652514177474167,,,,,observed,SimulatedDroppingStream,{'ground_truth': 27.652514177474167},observed.temp-1
reconstructed,temp-1,temp-1-1758915391352,1758915391.3524995,1758915391.3524995,1758915391.3524995,float,C,27.652514177474167,26.614251904502257,observed,1.0,False,observed,SimulatedDroppingStream,{'ground_truth': 27.652514177474167},reconstructed.temp-1
groundtruth,temp-1,temp-1-1758915681359,1758915681.3599477,1758915681.3599477,1758915681.3599477,float,C,29.000369294736068,,,,,groundtruth,GroundTruthStream,{'ground_truth': 29.000369294736068},groundtruth.temp-1
observed,temp-1,temp-1-1758915392351,1758915392.3518121,1758915392.3518121,1758915392.3518121,float,C,24.51493608512144,,,,,observed,SimulatedDroppingStream,{'ground_truth': 24.51493608512144},observed.temp-1
reconstructed,temp-1,temp-1-1758915392351,1758915392.3518121,1758915392.3518121,1758915392.3518121,float,C,24.51493608512144,25.85803684093039,observed,1.0,False,observed,SimulatedDroppingStream,{'ground_truth': 24.51493608512144},reconstructed.temp-1
groundtruth,temp-1,temp-1-1758915684360,1758915684.3605464,1758915684.3605464,1758915684.3605464,float,C,22.14205995646995,,,,,groundtruth,GroundTruthStream,{'ground_truth': 22.14205995646995},groundtruth.temp-1
observed,temp-1,temp-1-1758915393352,1758915393.3522987,1758915393.3522987,1758915393.3522987,float,C,27.32814092266535,,,,,observed,SimulatedDroppingStream,{'ground_truth': 27.32814092266535},observed.temp-1
reconstructed,temp-1,temp-1-1758915393352,1758915393.3522987,1758915393.3522987,1758915393.3522987,float,C,27.32814092266535,27.408116559291056,observed,1.0,False,observed,SimulatedDroppingStream,{'ground_truth': 27.32814092266535},reconstructed.temp-1
groundtruth,temp-1,temp-1-1758915685363,1758915685.363179,1758915685.363179,1758915685.363179,float,C,28.673115066171558,,,,,groundtruth,GroundTruthStream,{'ground_truth': 28.673115066171558},groundtruth.temp-1
observed,temp-1,temp-1-1758915394347,1758915394.347659,1758915394.3520107,1758915394.347659,float,C,,,,,,missing,SimulatedDroppingStream,{},observed.temp-1
reconstructed,temp-1,temp-1-1758915394347,1758915394.347659,1758915394.3520107,1758915394.347659,float,C,28.853724038524476,28.853724038524476,KalmanFilter,0.5974120089014138,True,reconstructed,SimulatedDroppingStream,{},reconstructed.temp-1
groundtruth,temp-1,temp-1-1758915686361,1758915686.3610864,1758915686.3610864,1758915686.3610864,float,C,29.845601527934356,,,,,groundtruth,GroundTruthStream,{'ground_truth': 29.845601527934356},groundtruth.temp-1
observed,temp-1,temp-1-1758915395356,1758915395.3567746,1758915395.3567746,1758915395.3567746,float,C,26.221187039936236,,,,,observed,SimulatedDroppingStream,{'ground_truth': 26.221187039936236},observed.temp-1
reconstructed,temp-1,temp-1-1758915395356,1758915395.3567746,1758915395.3567746,1758915395.3567746,float,C,26.221187039936236,26.34620254883255,observed,1.0,False,observed,SimulatedDroppingStream,{'ground_truth': 26.221187039936236},reconstructed.temp-1
groundtruth,temp-1,temp-1-1758915689353,1758915689.353198,1758915689.353198,1758915689.353198,float,C,15.434995955595847,,,,,groundtruth,GroundTruthStream,{'ground_truth': 15.434995955595847},groundtruth.temp-1
observed,temp-1,temp-1-1758915396351,1758915396.3512933,1758915396.3512933,1758915396.3512933,float,C,16.363501758599497,,,,,observed,SimulatedDroppingStream,{'ground_truth': 16.363501758599497},observed.temp-1
reconstructed,temp-1,temp-1-1758915396351,1758915396.3512933,1758915396.3512933,1758915396.3512933,float,C,16.363501758599497,17.4249810568867,observed,1.0,False,observed,SimulatedDroppingStream,{'ground_truth': 16.363501758599497},reconstructed.temp-1
groundtruth,temp-1,temp-1-1758915690362,1758915690.3628652,1758915690.3628652,1758915690.3628652,float,C,26.42400608436906,,,,,groundtruth,GroundTruthStream,{'ground_truth': 26.42400608436906},groundtruth.temp-1
observed,temp-1,temp-1-1758915397352,1758915397.3526769,1758915397.3526769,1758915397.3526769,float,C,22.928121902612222,,,,,observed,SimulatedDroppingStream,{'ground_truth': 22.928121902612222},observed.temp-1
reconstructed,temp-1,temp-1-1758915397352,1758915397.3526769,1758915397.3526769,1758915397.3526769,float,C,22.928121902612222,21.052554771272693,observed,1.0,False,observed,SimulatedDroppingStream,{'ground_truth': 22.928121902612222},reconstructed.temp-1
groundtruth,temp-1,temp-1-1758915694357,1758915694.357935,1758915694.357935,1758915694.357935,float,C,22.287059591270953,,,,,groundtruth,GroundTruthStream,{'ground_truth': 22.287059591270953},groundtruth.temp-1
observed,temp-1,temp-1-1758915398347,1758915398.347659,1758915398.3525524,1758915398.347659,float,C,,,,,,missing,SimulatedDroppingStream,{},observed.temp-1
reconstructed,temp-1,temp-1-1758915398347,1758915398.347659,1758915398.3525524,1758915398.347659,float,C,21.358614478520767,21.358614478520767,KalmanFilter,0.5929254441759867,True,reconstructed,SimulatedDroppingStream,{},reconstructed.temp-1
groundtruth,temp-1,temp-1-1758915695356,1758915695.3569095,1758915695.3569095,1758915695.3569095,float,C,29.623327175896026,,,,,groundtruth,GroundTruthStream,{'ground_truth': 29.623327175896026},groundtruth.temp-1
observed,temp-1,temp-1-1758915399357,1758915399.3575172,1758915399.3575172,1758915399.3575172,float,C,15.129031872841026,,,,,observed,SimulatedDroppingStream,{'ground_truth': 15.129031872841026},observed.temp-1
reconstructed,temp-1,temp-1-1758915399357,1758915399.3575172,1758915399.3575172,1758915399.3575172,float,C,15.129031872841026,15.368444247122888,observed,1.0,False,observed,SimulatedDroppingStream,{'ground_truth': 15.129031872841026},reconstructed.temp-1
groundtruth,temp-1,temp-1-1758915696359,1758915696.3598835,1758915696.3598835,1758915696.3598835,float,C,25.23964648143363,,,,,groundtruth,GroundTruthStream,{'ground_truth': 25.23964648143363},groundtruth.temp-1
observed,temp-1,temp-1-1758915400352,1758915400.3521256,1758915400.3521256,1758915400.3521256,float,C,19.6424153905058,,,,,observed,SimulatedDroppingStream,{'ground_truth': 19.6424153905058},observed.temp-1
reconstructed,temp-1,temp-1-1758915400352,1758915400.3521256,1758915400.3521256,1758915400.3521256,float,C,19.6424153905058,18.69619135773219,observed,1.0,False,observed,SimulatedDroppingStream,{'ground_truth': 19.6424153905058},reconstructed.temp-1
groundtruth,temp-1,temp-1-1758915697358,1758915697.3580434,1758915697.3580434,1758915697.3580434,float,C,25.46897807016823,,,,,groundtruth,GroundTruthStream,{'ground_truth': 25.46897807016823},groundtruth.temp-1
observed,temp-1,temp-1-1758915401359,1758915401.3596203,1758915401.3596203,1758915401.3596203,float,C,25.57888099341624,,,,,observed,SimulatedDroppingStream,{'ground_truth': 25.57888099341624},observed.temp-1
reconstructed,temp-1,temp-1-1758915401359,1758915401.3596203,1758915401.3596203,1758915401.3596203,float,C,25.57888099341624,25.071146689363772,observed,1.0,False,observed,SimulatedDroppingStream,{'ground_truth': 25.57888099341624},reconstructed.temp-1
groundtruth,temp-1,temp-1-1758915698357,1758915698.3578508,1758915698.3578508,1758915698.3578508,float,C,21.405792433048887,,,,,groundtruth,GroundTruthStream,{'ground_truth': 21.405792433048887},groundtruth.temp-1
observed,temp-1,temp-1-1758915402347,1758915402.347659,1758915402.353377,1758915402.347659,float,C,,,,,,missing,SimulatedDroppingStream,{},observed.temp-1
reconstructed,temp-1,temp-1-1758915402347,1758915402.347659,1758915402.353377,1758915402.347659,float,C,32.85335289156203,32.85335289156203,KalmanFilter,0.5927545897615027,True,reconstructed,SimulatedDroppingStream,{},reconstructed.temp-1
groundtruth,temp-1,temp-1-1758915699359,1758915699.3599768,1758915699.3599768,1758915699.3599768,float,C,18.7170640641525,,,,,groundtruth,GroundTruthStream,{'ground_truth': 18.7170640641525},groundtruth.temp-1
observed,temp-1,temp-1-1758915403352,1758915403.3522525,1758915403.3522525,1758915403.3522525,float,C,27.384502880214647,,,,,observed,SimulatedDroppingStream,{'ground_truth': 27.384502880214647},observed.temp-1
reconstructed,temp-1,temp-1-1758915403352,1758915403.3522525,1758915403.3522525,1758915403.3522525,float,C,27.384502880214647,27.895993345709353,observed,1.0,False,observed,SimulatedDroppingStream,{'ground_truth': 27.384502880214647},reconstructed.temp-1
groundtruth,temp-1,temp-1-1758915701361,1758915701.3614428,1758915701.3614428,1758915701.3614428,float,C,22.123121161962494,,,,,groundtruth,GroundTruthStream,{'ground_truth': 22.123121161962494},groundtruth.temp-1
observed,temp-1,temp-1-1758915404351,1758915404.3516772,1758915404.3516772,1758915404.3516772,float,C,27.330513630471135,,,,,observed,SimulatedDroppingStream,{'ground_truth': 27.330513630471135},observed.temp-1
reconstructed,temp-1,temp-1-1758915404351,1758915404.3516772,1758915404.3516772,1758915404.3516772,float,C,27.330513630471135,27.65906392461825,observed,1.0,False,observed,SimulatedDroppingStream,{'ground_truth': 27.330513630471135},reconstructed.temp-1
groundtruth,temp-1,temp-1-1758915702357,1758915702.3574977,1758915702.3574977,1758915702.3574977,float,C,27.512528924942504,,,,,groundtruth,GroundTruthStream,{'ground_truth': 27.512528924942504},groundtruth.temp-1
observed,temp-1,temp-1-1758915405351,1758915405.351563,1758915405.351563,1758915405.351563,float,C,29.04612743388823,,,,,observed,SimulatedDroppingStream,{'ground_truth': 29.04612743388823},observed.temp-1
reconstructed,temp-1,temp-1-1758915405351,1758915405.351563,1758915405.351563,1758915405.351563,float,C,29.04612743388823,28.826058590745255,observed,1.0,False,observed,SimulatedDroppingStream,{'ground_truth': 29.04612743388823},reconstructed.temp-1
groundtruth,temp-1,temp-1-1758915703353,1758915703.3535745,1758915703.3535745,1758915703.3535745,float,C,24.0897107521763,,,,,groundtruth,GroundTruthStream,{'ground_truth': 24.0897107521763},groundtruth.temp-1
observed,temp-1,temp-1-1758915406352,1758915406.3524778,1758915406.3524778,1758915406.3524778,float,C,28.61808300564027,,,,,observed,SimulatedDroppingStream,{'ground_truth': 28.61808300564027},observed.temp-1
reconstructed,temp-1,temp-1-1758915406352,1758915406.3524778,1758915406.3524778,1758915406.3524778,float,C,28.61808300564027,28.678502111118913,observed,1.0,False,observed,SimulatedDroppingStream,{'ground_truth': 28.61808300564027},reconstructed.temp-1
groundtruth,temp-1,temp-1-1758915704353,1758915704.3533523,1758915704.3533523,1758915704.3533523,float,C,15.902429595311704,,,,,groundtruth,GroundTruthStream,{'ground_truth': 15.902429595311704},groundtruth.temp-1
observed,temp-1,temp-1-1758915407352,1758915407.3528116,1758915407.3528116,1758915407.3528116,float,C,20.936828095532018,,,,,observed,SimulatedDroppingStream,{'ground_truth': 20.936828095532018},observed.temp-1
reconstructed,temp-1,temp-1-1758915407352,1758915407.3528116,1758915407.3528116,1758915407.3528116,float,C,20.936828095532018,21.866357818086826,observed,1.0,False,observed,SimulatedDroppingStream,{'ground_truth': 20.936828095532018},reconstructed.temp-1
groundtruth,temp-1,temp-1-1758915705357,1758915705.3572302,1758915705.3572302,1758915705.3572302,float,C,20.59351924276632,,,,,groundtruth,GroundTruthStream,{'ground_truth': 20.59351924276632},groundtruth.temp-1
observed,temp-1,temp-1-1758915408347,1758915408.347659,1758915408.3518188,1758915408.347659,float,C,,,,,,missing,SimulatedDroppingStream,{},observed.temp-1
reconstructed,temp-1,temp-1-1758915408347,1758915408.347659,1758915408.3518188,1758915408.347659,float,C,14.756401433313162,14.756401433313162,KalmanFilter,0.5973079820804986,True,reconstructed,SimulatedDroppingStream,{},reconstructed.temp-1
groundtruth,temp-1,temp-1-1758915706355,1758915706.3552802,1758915706.3552802,1758915706.3552802,float,C,27.515465115093342,,,,,groundtruth,GroundTruthStream,{'ground_truth': 27.515465115093342},groundtruth.temp-1
observed,temp-1,temp-1-1758915409356,1758915409.3561122,1758915409.3561122,1758915409.3561122,float,C,16.513195776311324,,,,,observed,SimulatedDroppingStream,{'ground_truth': 16.513195776311324},observed.temp-1
reconstructed,temp-1,temp-1-1758915409356,1758915409.3561122,1758915409.3561122,1758915409.3561122,float,C,16.513195776311324,16.14407901907464,observed,1.0,False,observed,SimulatedDroppingStream,{'ground_truth': 16.513195776311324},reconstructed.temp-1
groundtruth,temp-1,temp-1-1758915708363,1758915708.3636124,1758915708.3636124,1758915708.3636124,float,C,26.977134592572533,,,,,groundtruth,GroundTruthStream,{'ground_truth': 26.977134592572533},groundtruth.temp-1
observed,temp-1,temp-1-1758915410351,1758915410.351663,1758915410.351663,1758915410.351663,float,C,21.49918108769565,,,,,observed,SimulatedDroppingStream,{'ground_truth': 21.49918108769565},observed.temp-1
reconstructed,temp-1,temp-1-1758915410351,1758915410.351663,1758915410.351663,1758915410.351663,float,C,21.49918108769565,20.286317535946157,observed,1.0,False,observed,SimulatedDroppingStream,{'ground_truth': 21.49918108769565},reconstructed.temp-1
groundtruth,temp-1,temp-1-1758915709363,1758915709.363446,1758915709.363446,1758915709.363446,float,C,27.762334149558193,,,,,groundtruth,GroundTruthStream,{'ground_truth': 27.762334149558193},groundtruth.temp-1
observed,temp-1,temp-1-1758915411352,1758915411.352312,1758915411.352312,1758915411.352312,float,C,24.999639121600424,,,,,observed,SimulatedDroppingStream,{'ground_truth': 24.999639121600424},observed.temp-1
reconstructed,temp-1,temp-1-1758915411352,1758915411.352312,1758915411.352312,1758915411.352312,float,C,24.999639121600424,24.860040187839886,observed,1.0,False,observed,SimulatedDroppingStream,{'ground_truth': 24.999639121600424},reconstructed.temp-1
groundtruth,temp-1,temp-1-1758915710359,1758915710.359567,1758915710.359567,1758915710.359567,float,C,29.561568519296152,,,,,groundtruth,GroundTruthStream,{'ground_truth': 29.561568519296152},groundtruth.temp-1
observed,temp-1,temp-1-1758915412347,1758915412.347659,1758915412.3518972,1758915412.347659,float,C,,,,,,missing,SimulatedDroppingStream,{},observed.temp-1
reconstructed,temp-1,temp-1-1758915412347,1758915412.347659,1758915412.3518972,1758915412.347659,float,C,31.471465578482547,31.471465578482547,KalmanFilter,0.5929224890278672,True,reconstructed,SimulatedDroppingStream,{},reconstructed.temp-1
groundtruth,temp-1,temp-1-1758915712357,1758915712.357795,1758915712.357795,1758915712.357795,float,C,28.438672760382524,,,,,groundtruth,GroundTruthStream,{'ground_truth': 28.438672760382524},groundtruth.temp-1
observed,temp-1,temp-1-1758915413347,1758915413.347659,1758915413.362468,1758915413.347659,float,C,,,,,,missing,SimulatedDroppingStream,{},observed.temp-1
reconstructed,temp-1,temp-1-1758915413347,1758915413.347659,1758915413.362468,1758915413.347659,float,C,40.43103306176922,40.43103306176922,KalmanFilter,0.2509765486323211,True,reconstructed,SimulatedDroppingStream,{},reconstructed.temp-1
groundtruth,temp-1,temp-1-1758915713361,1758915713.3618941,1758915713.3618941,1758915713.3618941,float,C,25.89653698390076,,,,,groundtruth,GroundTruthStream,{'ground_truth': 25.89653698390076},groundtruth.temp-1
observed,temp-1,temp-1-1758915414347,1758915414.347659,1758915414.3510942,1758915414.347659,float,C,,,,,,missing,SimulatedDroppingStream,{},observed.temp-1
reconstructed,temp-1,temp-1-1758915414347,1758915414.347659,1758915414.3510942,1758915414.347659,float,C,51.73874263769989,51.73874263769989,KalmanFilter,0.09866611895447071,True,reconstructed,SimulatedDroppingStream,{},reconstructed.temp-1
groundtruth,temp-1,temp-1-1758915715353,1758915715.3535316,1758915715.3535316,1758915715.3535316,float,C,28.757096073069018,,,,,groundtruth,GroundTruthStream,{'ground_truth': 28.757096073069018},groundtruth.temp-1
observed,temp-1,temp-1-1758915415369,1758915415.3691225,1758915415.3691225,1758915415.3691225,float,C,25.976802832738493,,,,,observed,SimulatedDroppingStream,{'ground_truth': 25.976802832738493},observed.temp-1
reconstructed,temp-1,temp-1-1758915415369,1758915415.3691225,1758915415.3691225,1758915415.3691225,float,C,25.976802832738493,26.150564207621095,observed,1.0,False,observed,SimulatedDroppingStream,{'ground_truth': 25.976802832738493},reconstructed.temp-1
groundtruth,temp-1,temp-1-1758915716356,1758915716.356435,1758915716.356435,1758915716.356435,float,C,15.554369930267518,,,,,groundtruth,GroundTruthStream,{'ground_truth': 15.554369930267518},groundtruth.temp-1
observed,temp-1,temp-1-1758915416351,1758915416.3511465,1758915416.3511465,1758915416.3511465,float,C,17.404595720584272,,,,,observed,SimulatedDroppingStream,{'ground_truth': 17.404595720584272},observed.temp-1
reconstructed,temp-1,temp-1-1758915416351,1758915416.3511465,1758915416.3511465,1758915416.3511465,float,C,17.404595720584272,18.12056722731803,observed,1.0,False,observed,SimulatedDroppingStream,{'ground_truth': 17.404595720584272},reconstructed.temp-1
groundtruth,temp-1,temp-1-1758915717362,1758915717.3628702,1758915717.3628702,1758915717.3628702,float,C,16.8315102138947,,,,,groundtruth,GroundTruthStream,{'ground_truth': 16.8315102138947},groundtruth.temp-1
observed,temp-1,temp-1-1758915417363,1758915417.3639772,1758915417.3639772,1758915417.3639772,float,C,17.567882400164947,,,,,observed,SimulatedDroppingStream,{'ground_truth': 17.567882400164947},observed.temp-1
reconstructed,temp-1,temp-1-1758915417363,1758915417.3639772,1758915417.3639772,1758915417.3639772,float,C,17.567882400164947,16.573663745159,observed,1.0,False,observed,SimulatedDroppingStream,{'ground_truth': 17.567882400164947},reconstructed.temp-1
groundtruth,temp-1,temp-1-1758915722353,1758915722.3534346,1758915722.3534346,1758915722.3534346,float,C,18.619438470299958,,,,,groundtruth,GroundTruthStream,{'ground_truth': 18.619438470299958},groundtruth.temp-1
observed,temp-1,temp-1-1758915418351,1758915418.3513618,1758915418.3513618,1758915418.3513618,float,C,22.157323920094626,,,,,observed,SimulatedDroppingStream,{'ground_truth': 22.157323920094626},observed.temp-1
reconstructed,temp-1,temp-1-1758915418351,1758915418.3513618,1758915418.3513618,1758915418.3513618,float,C,22.157323920094626,20.874209296569624,observed,1.0,False,observed,SimulatedDroppingStream,{'ground_truth': 22.157323920094626},reconstructed.temp-1
groundtruth,temp-1,temp-1-1758915724360,1758915724.360534,1758915724.360534,1758915724.360534,float,C,29.00278231120528,,,,,groundtruth,GroundTruthStream,{'ground_truth': 29.00278231120528},groundtruth.temp-1
observed,temp-1,temp-1-1758915419357,1758915419.3572667,1758915419.3572667,1758915419.3572667,float,C,15.549586461730144,,,,,observed,SimulatedDroppingStream,{'ground_truth': 15.549586461730144},observed.temp-1
reconstructed,temp-1,temp-1-1758915419357,1758915419.3572667,1758915419.3572667,1758915419.3572667,float,C,15.549586461730144,16.65070342247678,observed,1.0,False,observed,SimulatedDroppingStream,{'ground_truth': 15.549586461730144},reconstructed.temp-1
groundtruth,temp-1,temp-1-1758915726356,1758915726.3562298,1758915726.3562298,1758915726.3562298,float,C,21.453243003024227,,,,,groundtruth,GroundTruthStream,{'ground_truth': 21.453243003024227},groundtruth.temp-1
observed,temp-1,temp-1-1758915420362,1758915420.3622737,1758915420.3622737,1758915420.3622737,float,C,23.65238995688792,,,,,observed,SimulatedDroppingStream,{'ground_truth': 23.65238995688792},observed.temp-1
reconstructed,temp-1,temp-1-1758915420362,1758915420.3622737,1758915420.3622737,1758915420.3622737,float,C,23.65238995688792,22.47768841426068,observed,1.0,False,observed,SimulatedDroppingStream,{'ground_truth': 23.65238995688792},reconstructed.temp-1
groundtruth,temp-1,temp-1-1758915728351,1758915728.3510551,1758915728.3510551,1758915728.3510551,float,C,28.924331898735623,,,,,groundtruth,GroundTruthStream,{'ground_truth': 28.924331898735623},groundtruth.temp-1
observed,temp-1,temp-1-1758915421352,1758915421.3526666,1758915421.3526666,1758915421.3526666,float,C,23.40356494407289,,,,,observed,SimulatedDroppingStream,{'ground_truth': 23.40356494407289},observed.temp-1
reconstructed,temp-1,temp-1-1758915421352,1758915421.3526666,1758915421.3526666,1758915421.3526666,float,C,23.40356494407289,23.95626205474079,observed,1.0,False,observed,SimulatedDroppingStream,{'ground_truth': 23.40356494407289},reconstructed.temp-1
groundtruth,temp-1,temp-1-1758915729360,1758915729.360869,1758915729.360869,1758915729.360869,float,C,19.11420525411411,,,,,groundtruth,GroundTruthStream,{'ground_truth': 19.11420525411411},groundtruth.temp-1
observed,temp-1,temp-1-1758915422368,1758915422.3683207,1758915422.3683207,1758915422.3683207,float,C,20.93587219549148,,,,,observed,SimulatedDroppingStream,{'ground_truth': 20.93587219549148},observed.temp-1
reconstructed,temp-1,temp-1-1758915422368,1758915422.3683207,1758915422.3683207,1758915422.3683207,float,C,20.93587219549148,21.790344186196055,observed,1.0,False,observed,SimulatedDroppingStream,{'ground_truth': 20.93587219549148},reconstructed.temp-1
groundtruth,temp-1,temp-1-1758915730349,1758915730.3490758,1758915730.3490758,1758915730.3490758,float,C,29.819101731143313,,,,,groundtruth,GroundTruthStream,{'ground_truth': 29.819101731143313},groundtruth.temp-1
observed,temp-1,temp-1-1758915423352,1758915423.3524072,1758915423.3524072,1758915423.3524072,float,C,22.640327828212254,,,,,observed,SimulatedDroppingStream,{'ground_truth': 22.640327828212254},observed.temp-1
reconstructed,temp-1,temp-1-1758915423352,1758915423.3524072,1758915423.3524072,1758915423.3524072,float,C,22.640327828212254,22.39330814199605,observed,1.0,False,observed,SimulatedDroppingStream,{'ground_truth': 22.640327828212254},reconstructed.temp-1
groundtruth,temp-1,temp-1-1758915731351,1758915731.3511558,1758915731.3511558,1758915731.3511558,float,C,26.4185730427941,,,,,groundtruth,GroundTruthStream,{'ground_truth': 26.4185730427941},groundtruth.temp-1
observed,temp-1,temp-1-1758915424363,1758915424.3630724,1758915424.3630724,1758915424.3630724,float,C,21.111938596849484,,,,,observed,SimulatedDroppingStream,{'ground_truth': 21.111938596849484},observed.temp-1
reconstructed,temp-1,temp-1-1758915424363,1758915424.3630724,1758915424.3630724,1758915424.3630724,float,C,21.111938596849484,21.246089553424024,observed,1.0,False,observed,SimulatedDroppingStream,{'ground_truth': 21.111938596849484},reconstructed.temp-1
groundtruth,temp-1,temp-1-1758915732349,1758915732.349587,1758915732.349587,1758915732.349587,float,C,22.511678402003106,,,,,groundtruth,GroundTruthStream,{'ground_truth': 22.511678402003106},groundtruth.temp-1
observed,temp-1,temp-1-1758915425352,1758915425.3525574,1758915425.3525574,1758915425.3525574,float,C,25.137266520580944,,,,,observed,SimulatedDroppingStream,{'ground_truth': 25.137266520580944},observed.temp-1
reconstructed,temp-1,temp-1-1758915425352,1758915425.3525574,1758915425.3525574,1758915425.3525574,float,C,25.137266520580944,24.451583724429614,observed,1.0,False,observed,SimulatedDroppingStream,{'ground_truth': 25.137266520580944},reconstructed.temp-1
groundtruth,temp-1,temp-1-1758915733350,1758915733.3504055,1758915733.3504055,1758915733.3504055,float,C,20.390694734431516,,,,,groundtruth,GroundTruthStream,{'ground_truth': 20.390694734431516},groundtruth.temp-1
observed,temp-1,temp-1-1758915426353,1758915426.3530018,1758915426.3530018,1758915426.3530018,float,C,24.401592741851967,,,,,observed,SimulatedDroppingStream,{'ground_truth': 24.401592741851967},observed.temp-1
reconstructed,temp-1,temp-1-1758915426353,1758915426.3530018,1758915426.3530018,1758915426.3530018,float,C,24.401592741851967,24.727860987473544,observed,1.0,False,observed,SimulatedDroppingStream,{'ground_truth': 24.401592741851967},reconstructed.temp-1
groundtruth,temp-1,temp-1-1758915735363,1758915735.363913,1758915735.363913,1758915735.363913,float,C,24.326528775150013,,,,,groundtruth,GroundTruthStream,{'ground_truth': 24.326528775150013},groundtruth.temp-1
observed,temp-1,temp-1-1758915427362,1758915427.362027,1758915427.362027,1758915427.362027,float,C,25.683746683150737,,,,,observed,SimulatedDroppingStream,{'ground_truth': 25.683746683150737},observed.temp-1
reconstructed,temp-1,temp-1-1758915427362,1758915427.362027,1758915427.362027,1758915427.362027,float,C,25.683746683150737,25.707577076249066,observed,1.0,False,observed,SimulatedDroppingStream,{'ground_truth': 25.683746683150737},reconstructed.temp-1
groundtruth,temp-1,temp-1-1758915736364,1758915736.3643696,1758915736.3643696,1758915736.3643696,float,C,26.319457295199648,,,,,groundtruth,GroundTruthStream,{'ground_truth': 26.319457295199648},groundtruth.temp-1
observed,temp-1,temp-1-1758915428358,1758915428.3587883,1758915428.3587883,1758915428.3587883,float,C,25.272099863056077,,,,,observed,SimulatedDroppingStream,{'ground_truth': 25.272099863056077},observed.temp-1
reconstructed,temp-1,temp-1-1758915428358,1758915428.3587883,1758915428.3587883,1758915428.3587883,float,C,25.272099863056077,25.47420291824854,observed,1.0,False,observed,SimulatedDroppingStream,{'ground_truth': 25.272099863056077},reconstructed.temp-1
groundtruth,temp-1,temp-1-1758915737362,1758915737.3627238,1758915737.3627238,1758915737.3627238,float,C,19.74637792895681,,,,,groundtruth,GroundTruthStream,{'ground_truth': 19.74637792895681},groundtruth.temp-1
observed,temp-1,temp-1-1758915429358,1758915429.358155,1758915429.358155,1758915429.358155,float,C,23.2719897721585,,,,,observed,SimulatedDroppingStream,{'ground_truth': 23.2719897721585},observed.temp-1
reconstructed,temp-1,temp-1-1758915429358,1758915429.358155,1758915429.358155,1758915429.358155,float,C,23.2719897721585,23.545184039602994,observed,1.0,False,observed,SimulatedDroppingStream,{'ground_truth': 23.2719897721585},reconstructed.temp-1
groundtruth,temp-1,temp-1-1758915738348,1758915738.3487194,1758915738.3487194,1758915738.3487194,float,C,25.7163072801257,,,,,groundtruth,GroundTruthStream,{'ground_truth': 25.7163072801257},groundtruth.temp-1
observed,temp-1,temp-1-1758915430352,1758915430.3529837,1758915430.3529837,1758915430.3529837,float,C,22.853588344543,,,,,observed,SimulatedDroppingStream,{'ground_truth': 22.853588344543},observed.temp-1
reconstructed,temp-1,temp-1-1758915430352,1758915430.3529837,1758915430.3529837,1758915430.3529837,float,C,22.853588344543,22.663297692600853,observed,1.0,False,observed,SimulatedDroppingStream,{'ground_truth': 22.853588344543},reconstructed.temp-1
groundtruth,temp-1,temp-1-1758915739351,1758915739.3518062,1758915739.3518062,1758915739.3518062,float,C,18.507005270885628,,,,,groundtruth,GroundTruthStream,{'ground_truth': 18.507005270885628},groundtruth.temp-1
observed,temp-1,temp-1-1758915431353,1758915431.3537762,1758915431.3537762,1758915431.3537762,float,C,24.165620204713093,,,,,observed,SimulatedDroppingStream,{'ground_truth': 24.165620204713093},observed.temp-1
reconstructed,temp-1,temp-1-1758915431353,1758915431.3537762,1758915431.3537762,1758915431.3537762,float,C,24.165620204713093,23.743123739419612,observed,1.0,False,observed,SimulatedDroppingStream,{'ground_truth': 24.165620204713093},reconstructed.temp-1
groundtruth,temp-1,temp-1-1758915740353,1758915740.3532019,1758915740.3532019,1758915740.3532019,float,C,28.305590753256585,,,,,groundtruth,GroundTruthStream,{'ground_truth': 28.305590753256585},groundtruth.temp-1
observed,temp-1,temp-1-1758915432352,1758915432.3520298,1758915432.3520298,1758915432.3520298,float,C,23.636426982296303,,,,,observed,SimulatedDroppingStream,{'ground_truth': 23.636426982296303},observed.temp-1
reconstructed,temp-1,temp-1-1758915432352,1758915432.3520298,1758915432.3520298,1758915432.3520298,float,C,23.636426982296303,23.71645107146509,observed,1.0,False,observed,SimulatedDroppingStream,{'ground_truth': 23.636426982296303},reconstructed.temp-1
groundtruth,temp-1,temp-1-1758915741357,1758915741.3573027,1758915741.3573027,1758915741.3573027,float,C,27.290471923148743,,,,,groundtruth,GroundTruthStream,{'ground_truth': 27.290471923148743},groundtruth.temp-1
observed,temp-1,temp-1-1758915433358,1758915433.358559,1758915433.358559,1758915433.358559,float,C,26.78341101814978,,,,,observed,SimulatedDroppingStream,{'ground_truth': 26.78341101814978},observed.temp-1
reconstructed,temp-1,temp-1-1758915433358,1758915433.358559,1758915433.358559,1758915433.358559,float,C,26.78341101814978,26.43349605739697,observed,1.0,False,observed,SimulatedDroppingStream,{'ground_truth': 26.78341101814978},reconstructed.temp-1
groundtruth,temp-1,temp-1-1758915743351,1758915743.3518384,1758915743.3518384,1758915743.3518384,float,C,20.611960459838237,,,,,groundtruth,GroundTruthStream,{'ground_truth': 20.611960459838237},groundtruth.temp-1
observed,temp-1,temp-1-1758915434355,1758915434.355776,1758915434.355776,1758915434.355776,float,C,21.193254305030347,,,,,observed,SimulatedDroppingStream,{'ground_truth': 21.193254305030347},observed.temp-1
reconstructed,temp-1,temp-1-1758915434355,1758915434.355776,1758915434.355776,1758915434.355776,float,C,21.193254305030347,22.237598794586717,observed,1.0,False,observed,SimulatedDroppingStream,{'ground_truth': 21.193254305030347},reconstructed.temp-1
groundtruth,temp-1,temp-1-1758915744355,1758915744.3554652,1758915744.3554652,1758915744.3554652,float,C,21.46335946688629,,,,,groundtruth,GroundTruthStream,{'ground_truth': 21.46335946688629},groundtruth.temp-1
observed,temp-1,temp-1-1758915435347,1758915435.347659,1758915435.3573818,1758915435.347659,float,C,,,,,,missing,SimulatedDroppingStream,{},observed.temp-1
reconstructed,temp-1,temp-1-1758915435347,1758915435.347659,1758915435.3573818,1758915435.347659,float,C,19.192965876896565,19.192965876896565,KalmanFilter,0.5974377304034099,True,reconstructed,SimulatedDroppingStream,{},reconstructed.temp-1
groundtruth,temp-1,temp-1-1758915745362,1758915745.3624744,1758915745.3624744,1758915745.3624744,float,C,28.6683070711628,,,,,groundtruth,GroundTruthStream,{'ground_truth': 28.6683070711628},groundtruth.temp-1
observed,temp-1,temp-1-1758915436350,1758915436.350152,1758915436.350152,1758915436.350152,float,C,24.613644961991977,,,,,observed,SimulatedDroppingStream,{'ground_truth': 24.613644961991977},observed.temp-1
reconstructed,temp-1,temp-1-1758915436350,1758915436.350152,1758915436.350152,1758915436.350152,float,C,24.613644961991977,24.296797347709703,observed,1.0,False,observed,SimulatedDroppingStream,{'ground_truth': 24.613644961991977},reconstructed.temp-1
groundtruth,temp-1,temp-1-1758915746363,1758915746.3630612,1758915746.3630612,1758915746.3630612,float,C,25.478675799090055,,,,,groundtruth,GroundTruthStream,{'ground_truth': 25.478675799090055},groundtruth.temp-1
observed,temp-1,temp-1-1758915437352,1758915437.3527548,1758915437.3527548,1758915437.3527548,float,C,25.03269639480984,,,,,observed,SimulatedDroppingStream,{'ground_truth': 25.03269639480984},observed.temp-1
reconstructed,temp-1,temp-1-1758915437352,1758915437.3527548,1758915437.3527548,1758915437.3527548,float,C,25.03269639480984,25.103354600381184,observed,1.0,False,observed,SimulatedDroppingStream,{'ground_truth': 25.03269639480984},reconstructed.temp-1
groundtruth,temp-1,temp-1-1758915747355,1758915747.355557,1758915747.355557,1758915747.355557,float,C,21.798593447734884,,,,,groundtruth,GroundTruthStream,{'ground_truth': 21.798593447734884},groundtruth.temp-1
observed,temp-1,temp-1-1758915438362,1758915438.3626919,1758915438.3626919,1758915438.3626919,float,C,28.260663145051893,,,,,observed,SimulatedDroppingStream,{'ground_truth': 28.260663145051893},observed.temp-1
reconstructed,temp-1,temp-1-1758915438362,1758915438.3626919,1758915438.3626919,1758915438.3626919,float,C,28.260663145051893,28.037779291808054,observed,1.0,False,observed,SimulatedDroppingStream,{'ground_truth': 28.260663145051893},reconstructed.temp-1
groundtruth,temp-1,temp-1-1758915748354,1758915748.3540168,1758915748.3540168,1758915748.3540168,float,C,26.49657671960503,,,,,groundtruth,GroundTruthStream,{'ground_truth': 26.49657671960503},groundtruth.temp-1
observed,temp-1,temp-1-1758915439349,1758915439.349703,1758915439.349703,1758915439.349703,float,C,28.738315308953226,,,,,observed,SimulatedDroppingStream,{'ground_truth': 28.738315308953226},observed.temp-1
reconstructed,temp-1,temp-1-1758915439349,1758915439.349703,1758915439.349703,1758915439.349703,float,C,28.738315308953226,29.068301218612437,observed,1.0,False,observed,SimulatedDroppingStream,{'ground_truth': 28.738315308953226},reconstructed.temp-1
groundtruth,temp-1,temp-1-1758915749355,1758915749.3559637,1758915749.3559637,1758915749.3559637,float,C,21.63473300147422,,,,,groundtruth,GroundTruthStream,{'ground_truth': 21.63473300147422},groundtruth.temp-1
observed,temp-1,temp-1-1758915440363,1758915440.3633738,1758915440.3633738,1758915440.3633738,float,C,24.611433189018335,,,,,observed,SimulatedDroppingStream,{'ground_truth': 24.611433189018335},observed.temp-1
reconstructed,temp-1,temp-1-1758915440363,1758915440.3633738,1758915440.3633738,1758915440.3633738,float,C,24.611433189018335,25.44141414718127,observed,1.0,False,observed,SimulatedDroppingStream,{'ground_truth': 24.611433189018335},reconstructed.temp-1
groundtruth,temp-1,temp-1-1758915751361,1758915751.3611152,1758915751.3611152,1758915751.3611152,float,C,23.850778391170458,,,,,groundtruth,GroundTruthStream,{'ground_truth': 23.850778391170458},groundtruth.temp-1
observed,temp-1,temp-1-1758915441363,1758915441.3636465,1758915441.3636465,1758915441.3636465,float,C,25.108988828025133,,,,,observed,SimulatedDroppingStream,{'ground_truth': 25.108988828025133},observed.temp-1
reconstructed,temp-1,temp-1-1758915441363,1758915441.3636465,1758915441.3636465,1758915441.3636465,float,C,25.108988828025133,24.73628542259088,observed,1.0,False,observed,SimulatedDroppingStream,{'ground_truth': 25.108988828025133},reconstructed.temp-1
groundtruth,temp-1,temp-1-1758915752364,1758915752.3645582,1758915752.3645582,1758915752.3645582,float,C,29.606419187487656,,,,,groundtruth,GroundTruthStream,{'ground_truth': 29.606419187487656},groundtruth.temp-1
observed,temp-1,temp-1-1758915442347,1758915442.347659,1758915442.3577037,1758915442.347659,float,C,,,,,,missing,SimulatedDroppingStream,{},observed.temp-1
reconstructed,temp-1,temp-1-1758915442347,1758915442.347659,1758915442.3577037,1758915442.347659,float,C,22.51378664690602,22.51378664690602,KalmanFilter,0.5971808726401981,True,reconstructed,SimulatedDroppingStream,{},reconstructed.temp-1
groundtruth,temp-1,temp-1-1758915754354,1758915754.3547602,1758915754.3547602,1758915754.3547602,float,C,20.584021134236774,,,,,groundtruth,GroundTruthStream,{'ground_truth': 20.584021134236774},groundtruth.temp-1
observed,temp-1,temp-1-1758915443347,1758915443.347659,1758915443.3547711,1758915443.347659,float,C,,,,,,missing,SimulatedDroppingStream,{},observed.temp-1
reconstructed,temp-1,temp-1-1758915443347,1758915443.347659,1758915443.3547711,1758915443.347659,float,C,19.597409424189056,19.597409424189056,KalmanFilter,0.2537425071217943,True,reconstructed,SimulatedDroppingStream,{},reconstructed.temp-1
groundtruth,temp-1,temp-1-1758915755361,1758915755.3613245,1758915755.3613245,1758915755.3613245,float,C,22.027132011979333,,,,,groundtruth,GroundTruthStream,{'ground_truth': 22.027132011979333},groundtruth.temp-1
observed,temp-1,temp-1-1758915444355,1758915444.3552115,1758915444.3552115,1758915444.3552115,float,C,17.66685788194134,,,,,observed,SimulatedDroppingStream,{'ground_truth': 17.66685788194134},observed.temp-1
reconstructed,temp-1,temp-1-1758915444355,1758915444.3552115,1758915444.3552115,1758915444.3552115,float,C,17.66685788194134,17.648465817675444,observed,1.0,False,observed,SimulatedDroppingStream,{'ground_truth': 17.66685788194134},reconstructed.temp-1
groundtruth,temp-1,temp-1-1758915756353,1758915756.3531249,1758915756.3531249,1758915756.3531249,float,C,27.980892972655752,,,,,groundtruth,GroundTruthStream,{'ground_truth': 27.980892972655752},groundtruth.temp-1
observed,temp-1,temp-1-1758915445358,1758915445.3589513,1758915445.3589513,1758915445.3589513,float,C,19.987530919669293,,,,,observed,SimulatedDroppingStream,{'ground_truth': 19.987530919669293},observed.temp-1
reconstructed,temp-1,temp-1-1758915445358,1758915445.3589513,1758915445.3589513,1758915445.3589513,float,C,19.987530919669293,19.306747211533843,observed,1.0,False,observed,SimulatedDroppingStream,{'ground_truth': 19.987530919669293},reconstructed.temp-1
groundtruth,temp-1,temp-1-1758915757359,1758915757.3598225,1758915757.3598225,1758915757.3598225,float,C,21.224675993713262,,,,,groundtruth,GroundTruthStream,{'ground_truth': 21.224675993713262},groundtruth.temp-1
observed,temp-1,temp-1-1758915446347,1758915446.347659,1758915446.3642614,1758915446.347659,float,C,,,,,,missing,SimulatedDroppingStream,{},observed.temp-1
reconstructed,temp-1,temp-1-1758915446347,1758915446.347659,1758915446.3642614,1758915446.347659,float,C,20.65762511075855,20.65762511075855,KalmanFilter,0.5671244948308994,True,reconstructed,SimulatedDroppingStream,{},reconstructed.temp-1
groundtruth,temp-1,temp-1-1758915758356,1758915758.3563747,1758915758.3563747,1758915758.3563747,float,C,29.274248954119436,,,,,groundtruth,GroundTruthStream,{'ground_truth': 29.274248954119436},groundtruth.temp-1
observed,temp-1,temp-1-1758915447360,1758915447.360491,1758915447.360491,1758915447.360491,float,C,21.340434615669448,,,,,observed,SimulatedDroppingStream,{'ground_truth': 21.340434615669448},observed.temp-1
reconstructed,temp-1,temp-1-1758915447360,1758915447.360491,1758915447.360491,1758915447.360491,float,C,21.340434615669448,21.390912846838365,observed,1.0,False,observed,SimulatedDroppingStream,{'ground_truth': 21.340434615669448},reconstructed.temp-1
groundtruth,temp-1,temp-1-1758915759359,1758915759.3599224,1758915759.3599224,1758915759.3599224,float,C,21.242507829607007,,,,,groundtruth,GroundTruthStream,{'ground_truth': 21.242507829607007},groundtruth.temp-1
observed,temp-1,temp-1-1758915448347,1758915448.347659,1758915448.357132,1758915448.347659,float,C,,,,,,missing,SimulatedDroppingStream,{},observed.temp-1
reconstructed,temp-1,temp-1-1758915448347,1758915448.347659,1758915448.357132,1758915448.347659,float,C,23.70026502864194,23.70026502864194,KalmanFilter,0.596138444072094,True,reconstructed,SimulatedDroppingStream,{},reconstructed.temp-1
groundtruth,temp-1,temp-1-1758915760361,1758915760.3617353,1758915760.3617353,1758915760.3617353,float,C,18.599322321354606,,,,,groundtruth,GroundTruthStream,{'ground_truth': 18.599322321354606},groundtruth.temp-1
observed,temp-1,temp-1-1758915449354,1758915449.3547854,1758915449.3547854,1758915449.3547854,float,C,27.362202162899777,,,,,observed,SimulatedDroppingStream,{'ground_truth': 27.362202162899777},observed.temp-1
reconstructed,temp-1,temp-1-1758915449354,1758915449.3547854,1758915449.3547854,1758915449.3547854,float,C,27.362202162899777,27.344002591165818,observed,1.0,False,observed,SimulatedDroppingStream,{'ground_truth': 27.362202162899777},reconstructed.temp-1
groundtruth,temp-1,temp-1-1758915761360,1758915761.3607728,1758915761.3607728,1758915761.3607728,float,C,27.81700960239334,,,,,groundtruth,GroundTruthStream,{'ground_truth': 27.81700960239334},groundtruth.temp-1
observed,temp-1,temp-1-1758915450357,1758915450.357125,1758915450.357125,1758915450.357125,float,C,23.11058046165303,,,,,observed,SimulatedDroppingStream,{'ground_truth': 23.11058046165303},observed.temp-1
reconstructed,temp-1,temp-1-1758915450357,1758915450.357125,1758915450.357125,1758915450.357125,float,C,23.11058046165303,24.18223986922621,observed,1.0,False,observed,SimulatedDroppingStream,{'ground_truth': 23.11058046165303},reconstructed.temp-1
groundtruth,temp-1,temp-1-1758915762357,1758915762.357833,1758915762.357833,1758915762.357833,float,C,23.149519863945294,,,,,groundtruth,GroundTruthStream,{'ground_truth': 23.149519863945294},groundtruth.temp-1
observed,temp-1,temp-1-1758915451347,1758915451.347659,1758915451.35997,1758915451.347659,float,C,,,,,,missing,SimulatedDroppingStream,{},observed.temp-1
reconstructed,temp-1,temp-1-1758915451347,1758915451.347659,1758915451.35997,1758915451.347659,float,C,22.026150932812577,22.026150932812577,KalmanFilter,0.5829693770281437,True,reconstructed,SimulatedDroppingStream,{},reconstructed.temp-1
groundtruth,temp-1,temp-1-1758915764351,1758915764.351495,1758915764.351495,1758915764.351495,float,C,16.500679194207105,,,,,groundtruth,GroundTruthStream,{'ground_truth': 16.500679194207105},groundtruth.temp-1
observed,temp-1,temp-1-1758915452348,1758915452.348797,1758915452.348797,1758915452.348797,float,C,16.60017736401296,,,,,observed,SimulatedDroppingStream,{'ground_truth': 16.60017736401296},observed.temp-1
reconstructed,temp-1,temp-1-1758915452348,1758915452.348797,1758915452.348797,1758915452.348797,float,C,16.60017736401296,16.66020151322963,observed,1.0,False,observed,SimulatedDroppingStream,{'ground_truth': 16.60017736401296},reconstructed.temp-1
groundtruth,temp-1,temp-1-1758915765351,1758915765.3517299,1758915765.3517299,1758915765.3517299,float,C,23.67043186326609,,,,,groundtruth,GroundTruthStream,{'ground_truth': 23.67043186326609},groundtruth.temp-1
observed,temp-1,temp-1-1758915453362,1758915453.3620894,1758915453.3620894,1758915453.3620894,float,C,22.577875029812297,,,,,observed,SimulatedDroppingStream,{'ground_truth': 22.577875029812297},observed.temp-1
reconstructed,temp-1,temp-1-1758915453362,1758915453.3620894,1758915453.3620894,1758915453.3620894,float,C,22.577875029812297,21.027640810064323,observed,1.0,False,observed,SimulatedDroppingStream,{'ground_truth': 22.577875029812297},reconstructed.temp-1
groundtruth,temp-1,temp-1-1758915766350,1758915766.350994,1758915766.350994,1758915766.350994,float,C,26.192693164540927,,,,,groundtruth,GroundTruthStream,{'ground_truth': 26.192693164540927},groundtruth.temp-1
observed,temp-1,temp-1-1758915454357,1758915454.3578503,1758915454.3578503,1758915454.3578503,float,C,29.242073606098707,,,,,observed,SimulatedDroppingStream,{'ground_truth': 29.242073606098707},observed.temp-1
reconstructed,temp-1,temp-1-1758915454357,1758915454.3578503,1758915454.3578503,1758915454.3578503,float,C,29.242073606098707,28.53612863565225,observed,1.0,False,observed,SimulatedDroppingStream,{'ground_truth': 29.242073606098707},reconstructed.temp-1
groundtruth,temp-1,temp-1-1758915768360,1758915768.360665,1758915768.360665,1758915768.360665,float,C,22.947453602790908,,,,,groundtruth,GroundTruthStream,{'ground_truth': 22.947453602790908},groundtruth.temp-1
observed,temp-1,temp-1-1758915455353,1758915455.3531628,1758915455.3531628,1758915455.3531628,float,C,26.83296360747518,,,,,observed,SimulatedDroppingStream,{'ground_truth': 26.83296360747518},observed.temp-1
reconstructed,temp-1,temp-1-1758915455353,1758915455.3531628,1758915455.3531628,1758915455.3531628,float,C,26.83296360747518,28.177346758035625,observed,1.0,False,observed,SimulatedDroppingStream,{'ground_truth': 26.83296360747518},reconstructed.temp-1
groundtruth,temp-1,temp-1-1758915770350,1758915770.3501115,1758915770.3501115,1758915770.3501115,float,C,27.763366727482413,,,,,groundtruth,GroundTruthStream,{'ground_truth': 27.763366727482413},groundtruth.temp-1
observed,temp-1,temp-1-1758915456360,1758915456.3602521,1758915456.3602521,1758915456.3602521,float,C,19.08265910071499,,,,,observed,SimulatedDroppingStream,{'ground_truth': 19.08265910071499},observed.temp-1
reconstructed,temp-1,temp-1-1758915456360,1758915456.3602521,1758915456.3602521,1758915456.3602521,float,C,19.08265910071499,20.6334213966526,observed,1.0,False,observed,SimulatedDroppingStream,{'ground_truth': 19.08265910071499},reconstructed.temp-1
groundtruth,temp-1,temp-1-1758915772357,1758915772.357682,1758915772.357682,1758915772.357682,float,C,22.27331740357033,,,,,groundtruth,GroundTruthStream,{'ground_truth': 22.27331740357033},groundtruth.temp-1
observed,temp-1,temp-1-1758915457351,1758915457.351528,1758915457.351528,1758915457.351528,float,C,16.709859616195295,,,,,observed,SimulatedDroppingStream,{'ground_truth': 16.709859616195295},observed.temp-1
reconstructed,temp-1,temp-1-1758915457351,1758915457.351528,1758915457.351528,1758915457.351528,float,C,16.709859616195295,16.326982321027863,observed,1.0,False,observed,SimulatedDroppingStream,{'ground_truth': 16.709859616195295},reconstructed.temp-1
groundtruth,temp-1,temp-1-1758915773350,1758915773.3504333,1758915773.3504333,1758915773.3504333,float,C,25.045614943024695,,,,,groundtruth,GroundTruthStream,{'ground_truth': 25.045614943024695},groundtruth.temp-1
observed,temp-1,temp-1-1758915458364,1758915458.3649445,1758915458.3649445,1758915458.3649445,float,C,15.730813089111571,,,,,observed,SimulatedDroppingStream,{'ground_truth': 15.730813089111571},observed.temp-1
reconstructed,temp-1,temp-1-1758915458364,1758915458.3649445,1758915458.3649445,1758915458.3649445,float,C,15.730813089111571,14.881284937141784,observed,1.0,False,observed,SimulatedDroppingStream,{'ground_truth': 15.730813089111571},reconstructed.temp-1
groundtruth,temp-1,temp-1-1758915774354,1758915774.3547523,1758915774.3547523,1758915774.3547523,float,C,26.72581572442499,,,,,groundtruth,GroundTruthStream,{'ground_truth': 26.72581572442499},groundtruth.temp-1
observed,temp-1,temp-1-1758915459347,1758915459.347659,1758915459.3530874,1758915459.347659,float,C,,,,,,missing,SimulatedDroppingStream,{},observed.temp-1
reconstructed,temp-1,temp-1-1758915459347,1758915459.347659,1758915459.3530874,1758915459.347659,float,C,11.207869334851333,11.207869334851333,KalmanFilter,0.5973135611141998,True,reconstructed,SimulatedDroppingStream,{},reconstructed.temp-1
groundtruth,temp-1,temp-1-1758915775359,1758915775.3597143,1758915775.3597143,1758915775.3597143,float,C,16.990918604585158,,,,,groundtruth,GroundTruthStream,{'ground_truth': 16.990918604585158},groundtruth.temp-1
observed,temp-1,temp-1-1758915460354,1758915460.3540518,1758915460.3540518,1758915460.3540518,float,C,28.377645967795665,,,,,observed,SimulatedDroppingStream,{'ground_truth': 28.377645967795665},observed.temp-1
reconstructed,temp-1,temp-1-1758915460354,1758915460.3540518,1758915460.3540518,1758915460.3540518,float,C,28.377645967795665,27.680165415784185,observed,1.0,False,observed,SimulatedDroppingStream,{'ground_truth': 28.377645967795665},reconstructed.temp-1
groundtruth,temp-1,temp-1-1758915776348,1758915776.3485217,1758915776.3485217,1758915776.3485217,float,C,17.847503887789017,,,,,groundtruth,GroundTruthStream,{'ground_truth': 17.847503887789017},groundtruth.temp-1
observed,temp-1,temp-1-1758915461354,1758915461.3547628,1758915461.3547628,1758915461.3547628,float,C,16.97461283273493,,,,,observed,SimulatedDroppingStream,{'ground_truth': 16.97461283273493},observed.temp-1
reconstructed,temp-1,temp-1-1758915461354,1758915461.3547628,1758915461.3547628,1758915461.3547628,float,C,16.97461283273493,19.67377947776411,observed,1.0,False,observed,SimulatedDroppingStream,{'ground_truth': 16.97461283273493},reconstructed.temp-1
groundtruth,temp-1,temp-1-1758915778357,1758915778.3572505,1758915778.3572505,1758915778.3572505,float,C,29.808907961462666,,,,,groundtruth,GroundTruthStream,{'ground_truth': 29.808907961462666},groundtruth.temp-1
observed,temp-1,temp-1-1758915462361,1758915462.3619485,1758915462.3619485,1758915462.3619485,float,C,17.270704094118557,,,,,observed,SimulatedDroppingStream,{'ground_truth': 17.270704094118557},observed.temp-1
reconstructed,temp-1,temp-1-1758915462361,1758915462.3619485,1758915462.3619485,1758915462.3619485,float,C,17.270704094118557,17.04452912502689,observed,1.0,False,observed,SimulatedDroppingStream,{'ground_truth': 17.270704094118557},reconstructed.temp-1
groundtruth,temp-1,temp-1-1758915780364,1758915780.3640835,1758915780.3640835,1758915780.3640835,float,C,27.023653997459746,,,,,groundtruth,GroundTruthStream,{'ground_truth': 27.023653997459746},groundtruth.temp-1
observed,temp-1,temp-1-1758915463347,1758915463.347659,1758915463.3550527,1758915463.347659,float,C,,,,,,missing,SimulatedDroppingStream,{},observed.temp-1
reconstructed,temp-1,temp-1-1758915463347,1758915463.347659,1758915463.3550527,1758915463.347659,float,C,12.331370078604749,12.331370078604749,KalmanFilter,0.592924998523888,True,reconstructed,SimulatedDroppingStream,{},reconstructed.temp-1
groundtruth,temp-1,temp-1-1758915781354,1758915781.354238,1758915781.354238,1758915781.354238,float,C,15.815440540021582,,,,,groundtruth,GroundTruthStream,{'ground_truth': 15.815440540021582},groundtruth.temp-1
observed,temp-1,temp-1-1758915464350,1758915464.3509848,1758915464.3509848,1758915464.3509848,float,C,23.991522284188235,,,,,observed,SimulatedDroppingStream,{'ground_truth': 23.991522284188235},observed.temp-1
reconstructed,temp-1,temp-1-1758915464350,1758915464.3509848,1758915464.3509848,1758915464.3509848,float,C,23.991522284188235,23.409426709660003,observed,1.0,False,observed,SimulatedDroppingStream,{'ground_truth': 23.991522284188235},reconstructed.temp-1
groundtruth,temp-1,temp-1-1758915782362,1758915782.362709,1758915782.362709,1758915782.362709,float,C,22.243650355670304,,,,,groundtruth,GroundTruthStream,{'ground_truth': 22.243650355670304},groundtruth.temp-1
observed,temp-1,temp-1-1758915465362,1758915465.3625352,1758915465.3625352,1758915465.3625352,float,C,23.11730701174612,,,,,observed,SimulatedDroppingStream,{'ground_truth': 23.11730701174612},observed.temp-1
reconstructed,temp-1,temp-1-1758915465362,1758915465.3625352,1758915465.3625352,1758915465.3625352,float,C,23.11730701174612,23.73189486844027,observed,1.0,False,observed,SimulatedDroppingStream,{'ground_truth': 23.11730701174612},reconstructed.temp-1
groundtruth,temp-1,temp-1-1758915784353,1758915784.3533716,1758915784.3533716,1758915784.3533716,float,C,18.6413849989736,,,,,groundtruth,GroundTruthStream,{'ground_truth': 18.6413849989736},groundtruth.temp-1
observed,temp-1,temp-1-1758915466355,1758915466.3550057,1758915466.3550057,1758915466.3550057,float,C,22.910337787005652,,,,,observed,SimulatedDroppingStream,{'ground_truth': 22.910337787005652},observed.temp-1
reconstructed,temp-1,temp-1-1758915466355,1758915466.3550057,1758915466.3550057,1758915466.3550057,float,C,22.910337787005652,23.251824383589724,observed,1.0,False,observed,SimulatedDroppingStream,{'ground_truth': 22.910337787005652},reconstructed.temp-1
groundtruth,temp-1,temp-1-1758915786353,1758915786.3539865,1758915786.3539865,1758915786.3539865,float,C,16.488046642589453,,,,,groundtruth,GroundTruthStream,{'ground_truth': 16.488046642589453},groundtruth.temp-1
observed,temp-1,temp-1-1758915467352,1758915467.3520544,1758915467.3520544,1758915467.3520544,float,C,28.91398713193065,,,,,observed,SimulatedDroppingStream,{'ground_truth': 28.91398713193065},observed.temp-1
reconstructed,temp-1,temp-1-1758915467352,1758915467.3520544,1758915467.3520544,1758915467.3520544,float,C,28.91398713193065,28.177713661271344,observed,1.0,False,observed,SimulatedDroppingStream,{'ground_truth': 28.91398713193065},reconstructed.temp-1
groundtruth,temp-1,temp-1-1758915787350,1758915787.3506937,1758915787.3506937,1758915787.3506937,float,C,19.444185751950734,,,,,groundtruth,GroundTruthStream,{'ground_truth': 19.444185751950734},groundtruth.temp-1
observed,temp-1,temp-1-1758915468357,1758915468.3575404,1758915468.3575404,1758915468.3575404,float,C,15.343536082721757,,,,,observed,SimulatedDroppingStream,{'ground_truth': 15.343536082721757},observed.temp-1
reconstructed,temp-1,temp-1-1758915468357,1758915468.3575404,1758915468.3575404,1758915468.3575404,float,C,15.343536082721757,17.559503581135523,observed,1.0,False,observed,SimulatedDroppingStream,{'ground_truth': 15.343536082721757},reconstructed.temp-1
groundtruth,temp-1,temp-1-1758915790362,1758915790.3626008,1758915790.3626008,1758915790.3626008,float,C,24.71135967007459,,,,,groundtruth,GroundTruthStream,{'ground_truth': 24.71135967007459},groundtruth.temp-1
observed,temp-1,temp-1-1758915469350,1758915469.3508751,1758915469.3508751,1758915469.3508751,float,C,25.46468989903797,,,,,observed,SimulatedDroppingStream,{'ground_truth': 25.46468989903797},observed.temp-1
reconstructed,temp-1,temp-1-1758915469350,1758915469.3508751,1758915469.3508751,1758915469.3508751,float,C,25.46468989903797,23.279317827640305,observed,1.0,False,observed,SimulatedDroppingStream,{'ground_truth': 25.46468989903797},reconstructed.temp-1
groundtruth,temp-1,temp-1-1758915792350,1758915792.3509405,1758915792.3509405,1758915792.3509405,float,C,28.56440063328953,,,,,groundtruth,GroundTruthStream,{'ground_truth': 28.56440063328953},groundtruth.temp-1
observed,temp-1,temp-1-1758915470347,1758915470.347659,1758915470.3572512,1758915470.347659,float,C,,,,,,missing,SimulatedDroppingStream,{},observed.temp-1
reconstructed,temp-1,temp-1-1758915470347,1758915470.347659,1758915470.3572512,1758915470.347659,float,C,25.175247292230093,25.175247292230093,KalmanFilter,0.5971798121224463,True,reconstructed,SimulatedDroppingStream,{},reconstructed.temp-1
groundtruth,temp-1,temp-1-1758915795357,1758915795.3576384,1758915795.3576384,1758915795.3576384,float,C,16.240220038915194,,,,,groundtruth,GroundTruthStream,{'ground_truth': 16.240220038915194},groundtruth.temp-1
observed,temp-1,temp-1-1758915471364,1758915471.364504,1758915471.364504,1758915471.364504,float,C,17.96096602505528,,,,,observed,SimulatedDroppingStream,{'ground_truth': 17.96096602505528},observed.temp-1
reconstructed,temp-1,temp-1-1758915471364,1758915471.364504,1758915471.364504,1758915471.364504,float,C,17.96096602505528,18.293582572967015,observed,1.0,False,observed,SimulatedDroppingStream,{'ground_truth': 17.96096602505528},reconstructed.temp-1
groundtruth,temp-1,temp-1-1758915796353,1758915796.3535576,1758915796.3535576,1758915796.3535576,float,C,16.152930145919726,,,,,groundtruth,GroundTruthStream,{'ground_truth': 16.152930145919726},groundtruth.temp-1
observed,temp-1,temp-1-1758915472364,1758915472.3647187,1758915472.3647187,1758915472.3647187,float,C,16.725076256732528,,,,,observed,SimulatedDroppingStream,{'ground_truth': 16.725076256732528},observed.temp-1
reconstructed,temp-1,temp-1-1758915472364,1758915472.3647187,1758915472.3647187,1758915472.3647187,float,C,16.725076256732528,16.530587271805558,observed,1.0,False,observed,SimulatedDroppingStream,{'ground_truth': 16.725076256732528},reconstructed.temp-1
groundtruth,temp-1,temp-1-1758915797351,1758915797.3512433,1758915797.3512433,1758915797.3512433,float,C,26.888320145634413,,,,,groundtruth,GroundTruthStream,{'ground_truth': 26.888320145634413},groundtruth.temp-1
observed,temp-1,temp-1-1758915473359,1758915473.359878,1758915473.359878,1758915473.359878,float,C,23.755528642292184,,,,,observed,SimulatedDroppingStream,{'ground_truth': 23.755528642292184},observed.temp-1
reconstructed,temp-1,temp-1-1758915473359,1758915473.359878,1758915473.359878,1758915473.359878,float,C,23.755528642292184,22.549022046638505,observed,1.0,False,observed,SimulatedDroppingStream,{'ground_truth': 23.755528642292184},reconstructed.temp-1
groundtruth,temp-1,temp-1-1758915798350,1758915798.3501737,1758915798.3501737,1758915798.3501737,float,C,25.643892953662395,,,,,groundtruth,GroundTruthStream,{'ground_truth': 25.643892953662395},groundtruth.temp-1
observed,temp-1,temp-1-1758915474352,1758915474.3529074,1758915474.3529074,1758915474.3529074,float,C,21.692838596195482,,,,,observed,SimulatedDroppingStream,{'ground_truth': 21.692838596195482},observed.temp-1
reconstructed,temp-1,temp-1-1758915474352,1758915474.3529074,1758915474.3529074,1758915474.3529074,float,C,21.692838596195482,22.498862812636652,observed,1.0,False,observed,SimulatedDroppingStream,{'ground_truth': 21.692838596195482},reconstructed.temp-1
groundtruth,temp-1,temp-1-1758915799349,1758915799.3494475,1758915799.3494475,1758915799.3494475,float,C,26.309977382245137,,,,,groundtruth,GroundTruthStream,{'ground_truth': 26.309977382245137},groundtruth.temp-1
observed,temp-1,temp-1-1758915475350,1758915475.3506057,1758915475.3506057,1758915475.3506057,float,C,23.29018476375477,,,,,observed,SimulatedDroppingStream,{'ground_truth': 23.29018476375477},observed.temp-1
reconstructed,temp-1,temp-1-1758915475350,1758915475.3506057,1758915475.3506057,1758915475.3506057,float,C,23.29018476375477,23.4850745973636,observed,1.0,False,observed,SimulatedDroppingStream,{'ground_truth': 23.29018476375477},reconstructed.temp-1
groundtruth,temp-1,temp-1-1758915800351,1758915800.3514292,1758915800.3514292,1758915800.3514292,float,C,22.803065142950913,,,,,groundtruth,GroundTruthStream,{'ground_truth': 22.803065142950913},groundtruth.temp-1
observed,temp-1,temp-1-1758915476347,1758915476.347659,1758915476.3650146,1758915476.347659,float,C,,,,,,missing,SimulatedDroppingStream,{},observed.temp-1
reconstructed,temp-1,temp-1-1758915476347,1758915476.347659,1758915476.3650146,1758915476.347659,float,C,25.067096678426118,25.067096678426118,KalmanFilter,0.5973082527002028,True,reconstructed,SimulatedDroppingStream,{},reconstructed.temp-1
groundtruth,temp-1,temp-1-1758915801350,1758915801.350875,1758915801.350875,1758915801.350875,float,C,28.409527031988215,,,,,groundtruth,GroundTruthStream,{'ground_truth': 28.409527031988215},groundtruth.temp-1
observed,temp-1,temp-1-1758915477347,1758915477.347659,1758915477.362293,1758915477.347659,float,C,,,,,,missing,SimulatedDroppingStream,{},observed.temp-1
reconstructed,temp-1,temp-1-1758915477347,1758915477.347659,1758915477.362293,1758915477.347659,float,C,26.81349676190235,26.81349676190235,KalmanFilter,0.25378291134108455,True,reconstructed,SimulatedDroppingStream,{},reconstructed.temp-1
groundtruth,temp-1,temp-1-1758915805357,1758915805.357536,1758915805.357536,1758915805.357536,float,C,23.790962505533933,,,,,groundtruth,GroundTruthStream,{'ground_truth': 23.790962505533933},groundtruth.temp-1
observed,temp-1,temp-1-1758915478363,1758915478.3638914,1758915478.3638914,1758915478.3638914,float,C,19.569443996431406,,,,,observed,SimulatedDroppingStream,{'ground_truth': 19.569443996431406},observed.temp-1
reconstructed,temp-1,temp-1-1758915478363,1758915478.3638914,1758915478.3638914,1758915478.3638914,float,C,19.569443996431406,19.669679209560933,observed,1.0,False,observed,SimulatedDroppingStream,{'ground_truth': 19.569443996431406},reconstructed.temp-1
groundtruth,temp-1,temp-1-1758915806362,1758915806.3629606,1758915806.3629606,1758915806.3629606,float,C,16.44338782521997,,,,,groundtruth,GroundTruthStream,{'ground_truth': 16.44338782521997},groundtruth.temp-1
observed,temp-1,temp-1-1758915479361,1758915479.3611288,1758915479.3611288,1758915479.3611288,float,C,17.572875471678362,,,,,observed,SimulatedDroppingStream,{'ground_truth': 17.572875471678362},observed.temp-1
reconstructed,temp-1,temp-1-1758915479361,1758915479.3611288,1758915479.3611288,1758915479.3611288,float,C,17.572875471678362,17.469386948894734,observed,1.0,False,observed,SimulatedDroppingStream,{'ground_truth': 17.572875471678362},reconstructed.temp-1
groundtruth,temp-1,temp-1-1758915808351,1758915808.351338,1758915808.351338,1758915808.351338,float,C,16.663187598160256,,,,,groundtruth,GroundTruthStream,{'ground_truth': 16.663187598160256},groundtruth.temp-1
observed,temp-1,temp-1-1758915480349,1758915480.349649,1758915480.349649,1758915480.349649,float,C,21.383596544249226,,,,,observed,SimulatedDroppingStream,{'ground_truth': 21.383596544249226},observed.temp-1
reconstructed,temp-1,temp-1-1758915480349,1758915480.349649,1758915480.349649,1758915480.349649,float,C,21.383596544249226,20.571494979102876,observed,1.0,False,observed,SimulatedDroppingStream,{'ground_truth': 21.383596544249226},reconstructed.temp-1
groundtruth,temp-1,temp-1-1758915809361,1758915809.3617651,1758915809.3617651,1758915809.3617651,float,C,21.84308058742974,,,,,groundtruth,GroundTruthStream,{'ground_truth': 21.84308058742974},groundtruth.temp-1
observed,temp-1,temp-1-1758915481362,1758915481.36292,1758915481.36292,1758915481.36292,float,C,25.239295872004526,,,,,observed,SimulatedDroppingStream,{'ground_truth': 25.239295872004526},observed.temp-1
reconstructed,temp-1,temp-1-1758915481362,1758915481.36292,1758915481.36292,1758915481.36292,float,C,25.239295872004526,24.9475099447028,observed,1.0,False,observed,SimulatedDroppingStream,{'ground_truth': 25.239295872004526},reconstructed.temp-1
groundtruth,temp-1,temp-1-1758915810351,1758915810.351812,1758915810.351812,1758915810.351812,float,C,15.383642784353578,,,,,groundtruth,GroundTruthStream,{'ground_truth': 15.383642784353578},groundtruth.temp-1
observed,temp-1,temp-1-1758915482365,1758915482.3656864,1758915482.3656864,1758915482.3656864,float,C,29.033539153003723,,,,,observed,SimulatedDroppingStream,{'ground_truth': 29.033539153003723},observed.temp-1
reconstructed,temp-1,temp-1-1758915482365,1758915482.3656864,1758915482.3656864,1758915482.3656864,float,C,29.033539153003723,29.204554978055214,observed,1.0,False,observed,SimulatedDroppingStream,{'ground_truth': 29.033539153003723},reconstructed.temp-1
groundtruth,temp-1,temp-1-1758915811354,1758915811.354496,1758915811.354496,1758915811.354496,float,C,28.200102052843242,,,,,groundtruth,GroundTruthStream,{'ground_truth': 28.200102052843242},groundtruth.temp-1
observed,temp-1,temp-1-1758915483363,1758915483.3633115,1758915483.3633115,1758915483.3633115,float,C,20.846255835368353,,,,,observed,SimulatedDroppingStream,{'ground_truth': 20.846255835368353},observed.temp-1
reconstructed,temp-1,temp-1-1758915483363,1758915483.3633115,1758915483.3633115,1758915483.3633115,float,C,20.846255835368353,22.696530328520915,observed,1.0,False,observed,SimulatedDroppingStream,{'ground_truth': 20.846255835368353},reconstructed.temp-1
groundtruth,temp-1,temp-1-1758915813363,1758915813.36308,1758915813.36308,1758915813.36308,float,C,24.191455061021657,,,,,groundtruth,GroundTruthStream,{'ground_truth': 24.191455061021657},groundtruth.temp-1
observed,temp-1,temp-1-1758915484357,1758915484.3574016,1758915484.3574016,1758915484.3574016,float,C,28.454308444357842,,,,,observed,SimulatedDroppingStream,{'ground_truth': 28.454308444357842},observed.temp-1
reconstructed,temp-1,temp-1-1758915484357,1758915484.3574016,1758915484.3574016,1758915484.3574016,float,C,28.454308444357842,27.10294153822059,observed,1.0,False,observed,SimulatedDroppingStream,{'ground_truth': 28.454308444357842},reconstructed.temp-1
groundtruth,temp-1,temp-1-1758915814364,1758915814.3641284,1758915814.3641284,1758915814.3641284,float,C,25.65356148115344,,,,,groundtruth,GroundTruthStream,{'ground_truth': 25.65356148115344},groundtruth.temp-1
observed,temp-1,temp-1-1758915485363,1758915485.3633163,1758915485.3633163,1758915485.3633163,float,C,25.119824776895257,,,,,observed,SimulatedDroppingStream,{'ground_truth': 25.119824776895257},observed.temp-1
reconstructed,temp-1,temp-1-1758915485363,1758915485.3633163,1758915485.3633163,1758915485.3633163,float,C,25.119824776895257,25.60584651168133,observed,1.0,False,observed,SimulatedDroppingStream,{'ground_truth': 25.119824776895257},reconstructed.temp-1
groundtruth,temp-1,temp-1-1758915815348,1758915815.3489697,1758915815.3489697,1758915815.3489697,float,C,28.763677533593523,,,,,groundtruth,GroundTruthStream,{'ground_truth': 28.763677533593523},groundtruth.temp-1
observed,temp-1,temp-1-1758915486350,1758915486.3504922,1758915486.3504922,1758915486.3504922,float,C,28.39025773575223,,,,,observed,SimulatedDroppingStream,{'ground_truth': 28.39025773575223},observed.temp-1
reconstructed,temp-1,temp-1-1758915486350,1758915486.3504922,1758915486.3504922,1758915486.3504922,float,C,28.39025773575223,27.89933108023673,observed,1.0,False,observed,SimulatedDroppingStream,{'ground_truth': 28.39025773575223},reconstructed.temp-1
groundtruth,temp-1,temp-1-1758915816350,1758915816.350968,1758915816.350968,1758915816.350968,float,C,18.40664743434327,,,,,groundtruth,GroundTruthStream,{'ground_truth': 18.40664743434327},groundtruth.temp-1
observed,temp-1,temp-1-1758915487355,1758915487.3557224,1758915487.3557224,1758915487.3557224,float,C,22.36745792483936,,,,,observed,SimulatedDroppingStream,{'ground_truth': 22.36745792483936},observed.temp-1
reconstructed,temp-1,temp-1-1758915487355,1758915487.3557224,1758915487.3557224,1758915487.3557224,float,C,22.36745792483936,23.286695414034934,observed,1.0,False,observed,SimulatedDroppingStream,{'ground_truth': 22.36745792483936},reconstructed.temp-1
groundtruth,temp-1,temp-1-1758915818359,1758915818.359749,1758915818.359749,1758915818.359749,float,C,27.28524522136572,,,,,groundtruth,GroundTruthStream,{'ground_truth': 27.28524522136572},groundtruth.temp-1
observed,temp-1,temp-1-1758915488354,1758915488.3540905,1758915488.3540905,1758915488.3540905,float,C,17.20923285655989,,,,,observed,SimulatedDroppingStream,{'ground_truth': 17.20923285655989},observed.temp-1
reconstructed,temp-1,temp-1-1758915488354,1758915488.3540905,1758915488.3540905,1758915488.3540905,float,C,17.20923285655989,17.475621895699703,observed,1.0,False,observed,SimulatedDroppingStream,{'ground_truth': 17.20923285655989},reconstructed.temp-1
groundtruth,temp-1,temp-1-1758915819349,1758915819.3492494,1758915819.3492494,1758915819.3492494,float,C,16.28301177391733,,,,,groundtruth,GroundTruthStream,{'ground_truth': 16.28301177391733},groundtruth.temp-1
observed,temp-1,temp-1-1758915489351,1758915489.3513622,1758915489.3513622,1758915489.3513622,float,C,29.87864766670632,,,,,observed,SimulatedDroppingStream,{'ground_truth': 29.87864766670632},observed.temp-1
reconstructed,temp-1,temp-1-1758915489351,1758915489.3513622,1758915489.3513622,1758915489.3513622,float,C,29.87864766670632,27.34776605763213,observed,1.0,False,observed,SimulatedDroppingStream,{'ground_truth': 29.87864766670632},reconstructed.temp-1
groundtruth,temp-1,temp-1-1758915820358,1758915820.3589194,1758915820.3589194,1758915820.3589194,float,C,19.244194286187486,,,,,groundtruth,GroundTruthStream,{'ground_truth': 19.244194286187486},groundtruth.temp-1
observed,temp-1,temp-1-1758915490356,1758915490.3567932,1758915490.3567932,1758915490.3567932,float,C,18.77768595006648,,,,,observed,SimulatedDroppingStream,{'ground_truth': 18.77768595006648},observed.temp-1
reconstructed,temp-1,temp-1-1758915490356,1758915490.3567932,1758915490.3567932,1758915490.3567932,float,C,18.77768595006648,20.82828202436866,observed,1.0,False,observed,SimulatedDroppingStream,{'ground_truth': 18.77768595006648},reconstructed.temp-1
groundtruth,temp-1,temp-1-1758915822350,1758915822.3503451,1758915822.3503451,1758915822.3503451,float,C,21.304561170911573,,,,,groundtruth,GroundTruthStream,{'ground_truth': 21.304561170911573},groundtruth.temp-1
observed,temp-1,temp-1-1758915491357,1758915491.3570764,1758915491.3570764,1758915491.3570764,float,C,19.20144013047526,,,,,observed,SimulatedDroppingStream,{'ground_truth': 19.20144013047526},observed.temp-1
reconstructed,temp-1,temp-1-1758915491357,1758915491.3570764,1758915491.3570764,1758915491.3570764,float,C,19.20144013047526,19.023760979056682,observed,1.0,False,observed,SimulatedDroppingStream,{'ground_truth': 19.20144013047526},reconstructed.temp-1
groundtruth,temp-1,temp-1-1758915823361,1758915823.3618257,1758915823.3618257,1758915823.3618257,float,C,16.815800098490737,,,,,groundtruth,GroundTruthStream,{'ground_truth': 16.815800098490737},groundtruth.temp-1
observed,temp-1,temp-1-1758915492357,1758915492.357958,1758915492.357958,1758915492.357958,float,C,26.633327372615682,,,,,observed,SimulatedDroppingStream,{'ground_truth': 26.633327372615682},observed.temp-1
reconstructed,temp-1,temp-1-1758915492357,1758915492.357958,1758915492.357958,1758915492.357958,float,C,26.633327372615682,25.28008037594121,observed,1.0,False,observed,SimulatedDroppingStream,{'ground_truth': 26.633327372615682},reconstructed.temp-1
groundtruth,temp-1,temp-1-1758915824363,1758915824.3632889,1758915824.3632889,1758915824.3632889,float,C,24.336755653277294,,,,,groundtruth,GroundTruthStream,{'ground_truth': 24.336755653277294},groundtruth.temp-1
observed,temp-1,temp-1-1758915493347,1758915493.347659,1758915493.352959,1758915493.347659,float,C,,,,,,missing,SimulatedDroppingStream,{},observed.temp-1
reconstructed,temp-1,temp-1-1758915493347,1758915493.347659,1758915493.352959,1758915493.347659,float,C,30.542548406292152,30.542548406292152,KalmanFilter,0.597437721752522,True,reconstructed,SimulatedDroppingStream,{},reconstructed.temp-1
groundtruth,temp-1,temp-1-1758915825352,1758915825.3522155,1758915825.3522155,1758915825.3522155,float,C,21.380756367383494,,,,,groundtruth,GroundTruthStream,{'ground_truth': 21.380756367383494},groundtruth.temp-1
observed,temp-1,temp-1-1758915494362,1758915494.3622317,1758915494.3622317,1758915494.3622317,float,C,18.911523119788143,,,,,observed,SimulatedDroppingStream,{'ground_truth': 18.911523119788143},observed.temp-1
reconstructed,temp-1,temp-1-1758915494362,1758915494.3622317,1758915494.3622317,1758915494.3622317,float,C,18.911523119788143,19.53356579506019,observed,1.0,False,observed,SimulatedDroppingStream,{'ground_truth': 18.911523119788143},reconstructed.temp-1
groundtruth,temp-1,temp-1-1758915826350,1758915826.350516,1758915826.350516,1758915826.350516,float,C,24.92451732282846,,,,,groundtruth,GroundTruthStream,{'ground_truth': 24.92451732282846},groundtruth.temp-1
observed,temp-1,temp-1-1758915495363,1758915495.3630965,1758915495.3630965,1758915495.3630965,float,C,22.1713999185137,,,,,observed,SimulatedDroppingStream,{'ground_truth': 22.1713999185137},observed.temp-1
reconstructed,temp-1,temp-1-1758915495363,1758915495.3630965,1758915495.3630965,1758915495.3630965,float,C,22.1713999185137,21.344408301852283,observed,1.0,False,observed,SimulatedDroppingStream,{'ground_truth': 22.1713999185137},reconstructed.temp-1
groundtruth,temp-1,temp-1-1758915827349,1758915827.349933,1758915827.349933,1758915827.349933,float,C,18.75449879103829,,,,,groundtruth,GroundTruthStream,{'ground_truth': 18.75449879103829},groundtruth.temp-1
observed,temp-1,temp-1-1758915496364,1758915496.3649135,1758915496.3649135,1758915496.3649135,float,C,29.166604733138588,,,,,observed,SimulatedDroppingStream,{'ground_truth': 29.166604733138588},observed.temp-1
reconstructed,temp-1,temp-1-1758915496364,1758915496.3649135,1758915496.3649135,1758915496.3649135,float,C,29.166604733138588,28.247986435917646,observed,1.0,False,observed,SimulatedDroppingStream,{'ground_truth': 29.166604733138588},reconstructed.temp-1
groundtruth,temp-1,temp-1-1758915828355,1758915828.3553803,1758915828.3553803,1758915828.3553803,float,C,29.403501234452946,,,,,groundtruth,GroundTruthStream,{'ground_truth': 29.403501234452946},groundtruth.temp-1
observed,temp-1,temp-1-1758915497354,1758915497.3545837,1758915497.3545837,1758915497.3545837,float,C,16.86335517080821,,,,,observed,SimulatedDroppingStream,{'ground_truth': 16.86335517080821},observed.temp-1
reconstructed,temp-1,temp-1-1758915497354,1758915497.3545837,1758915497.3545837,1758915497.3545837,float,C,16.86335517080821,19.217153419821088,observed,1.0,False,observed,SimulatedDroppingStream,{'ground_truth': 16.86335517080821},reconstructed.temp-1
groundtruth,temp-1,temp-1-1758915829361,1758915829.361521,1758915829.361521,1758915829.361521,float,C,15.222283479541547,,,,,groundtruth,GroundTruthStream,{'ground_truth': 15.222283479541547},groundtruth.temp-1
observed,temp-1,temp-1-1758915498354,1758915498.3542194,1758915498.3542194,1758915498.3542194,float,C,21.390786629957756,,,,,observed,SimulatedDroppingStream,{'ground_truth': 21.390786629957756},observed.temp-1
reconstructed,temp-1,temp-1-1758915498354,1758915498.3542194,1758915498.3542194,1758915498.3542194,float,C,21.390786629957756,20.31338229823662,observed,1.0,False,observed,SimulatedDroppingStream,{'ground_truth': 21.390786629957756},reconstructed.temp-1
groundtruth,temp-1,temp-1-1758915833360,1758915833.3604248,1758915833.3604248,1758915833.3604248,float,C,26.127733919072938,,,,,groundtruth,GroundTruthStream,{'ground_truth': 26.127733919072938},groundtruth.temp-1
observed,temp-1,temp-1-1758915499347,1758915499.347659,1758915499.353547,1758915499.347659,float,C,,,,,,missing,SimulatedDroppingStream,{},observed.temp-1
reconstructed,temp-1,temp-1-1758915499347,1758915499.347659,1758915499.353547,1758915499.347659,float,C,18.734252112326114,18.734252112326114,KalmanFilter,0.5973085485666781,True,reconstructed,SimulatedDroppingStream,{},reconstructed.temp-1
groundtruth,temp-1,temp-1-1758915835359,1758915835.359526,1758915835.359526,1758915835.359526,float,C,26.8335943089724,,,,,groundtruth,GroundTruthStream,{'ground_truth': 26.8335943089724},groundtruth.temp-1
observed,temp-1,temp-1-1758915500360,1758915500.360895,1758915500.360895,1758915500.360895,float,C,28.289577504831954,,,,,observed,SimulatedDroppingStream,{'ground_truth': 28.289577504831954},observed.temp-1
reconstructed,temp-1,temp-1-1758915500360,1758915500.360895,1758915500.360895,1758915500.360895,float,C,28.289577504831954,27.913809644336993,observed,1.0,False,observed,SimulatedDroppingStream,{'ground_truth': 28.289577504831954},reconstructed.temp-1
groundtruth,temp-1,temp-1-1758915837355,1758915837.3556828,1758915837.3556828,1758915837.3556828,float,C,22.875859642354797,,,,,groundtruth,GroundTruthStream,{'ground_truth': 22.875859642354797},groundtruth.temp-1
observed,temp-1,temp-1-1758915501347,1758915501.347659,1758915501.3523324,1758915501.347659,float,C,,,,,,missing,SimulatedDroppingStream,{},observed.temp-1
reconstructed,temp-1,temp-1-1758915501347,1758915501.347659,1758915501.3523324,1758915501.347659,float,C,33.645536769255685,33.645536769255685,KalmanFilter,0.5962777483297548,True,reconstructed,SimulatedDroppingStream,{},reconstructed.temp-1
groundtruth,temp-1,temp-1-1758915838356,1758915838.3564737,1758915838.3564737,1758915838.3564737,float,C,19.233952899307248,,,,,groundtruth,GroundTruthStream,{'ground_truth': 19.233952899307248},groundtruth.temp-1
observed,temp-1,temp-1-1758915502364,1758915502.3645632,1758915502.3645632,1758915502.3645632,float,C,25.090180908085742,,,,,observed,SimulatedDroppingStream,{'ground_truth': 25.090180908085742},observed.temp-1
reconstructed,temp-1,temp-1-1758915502364,1758915502.3645632,1758915502.3645632,1758915502.3645632,float,C,25.090180908085742,25.60306271095562,observed,1.0,False,observed,SimulatedDroppingStream,{'ground_truth': 25.090180908085742},reconstructed.temp-1
groundtruth,temp-1,temp-1-1758915839351,1758915839.3517053,1758915839.3517053,1758915839.3517053,float,C,20.857527200139316,,,,,groundtruth,GroundTruthStream,{'ground_truth': 20.857527200139316},groundtruth.temp-1
observed,temp-1,temp-1-1758915503355,1758915503.3558261,1758915503.3558261,1758915503.3558261,float,C,21.81981226068617,,,,,observed,SimulatedDroppingStream,{'ground_truth': 21.81981226068617},observed.temp-1
reconstructed,temp-1,temp-1-1758915503355,1758915503.3558261,1758915503.3558261,1758915503.3558261,float,C,21.81981226068617,22.0384363129708,observed,1.0,False,observed,SimulatedDroppingStream,{'ground_truth': 21.81981226068617},reconstructed.temp-1
groundtruth,temp-1,temp-1-1758915840354,1758915840.3548555,1758915840.3548555,1758915840.3548555,float,C,18.586651329094362,,,,,groundtruth,GroundTruthStream,{'ground_truth': 18.586651329094362},groundtruth.temp-1
observed,temp-1,temp-1-1758915504349,1758915504.3496141,1758915504.3496141,1758915504.3496141,float,C,27.452385466191885,,,,,observed,SimulatedDroppingStream,{'ground_truth': 27.452385466191885},observed.temp-1
reconstructed,temp-1,temp-1-1758915504349,1758915504.3496141,1758915504.3496141,1758915504.3496141,float,C,27.452385466191885,26.213270767478605,observed,1.0,False,observed,SimulatedDroppingStream,{'ground_truth': 27.452385466191885},reconstructed.temp-1
groundtruth,temp-1,temp-1-1758915841353,1758915841.3533387,1758915841.3533387,1758915841.3533387,float,C,21.378961882893982,,,,,groundtruth,GroundTruthStream,{'ground_truth': 21.378961882893982},groundtruth.temp-1
observed,temp-1,temp-1-1758915505361,1758915505.3617563,1758915505.3617563,1758915505.3617563,float,C,28.05920362707946,,,,,observed,SimulatedDroppingStream,{'ground_truth': 28.05920362707946},observed.temp-1
reconstructed,temp-1,temp-1-1758915505361,1758915505.3617563,1758915505.3617563,1758915505.3617563,float,C,28.05920362707946,28.132266615410575,observed,1.0,False,observed,SimulatedDroppingStream,{'ground_truth': 28.05920362707946},reconstructed.temp-1
groundtruth,temp-1,temp-1-1758915842353,1758915842.3533323,1758915842.3533323,1758915842.3533323,float,C,24.293815753246854,,,,,groundtruth,GroundTruthStream,{'ground_truth': 24.293815753246854},groundtruth.temp-1
observed,temp-1,temp-1-1758915506347,1758915506.347659,1758915506.3509748,1758915506.347659,float,C,,,,,,missing,SimulatedDroppingStream,{},observed.temp-1
reconstructed,temp-1,temp-1-1758915506347,1758915506.347659,1758915506.3509748,1758915506.347659,float,C,31.080984297190124,31.080984297190124,KalmanFilter,0.5970171868365903,True,reconstructed,SimulatedDroppingStream,{},reconstructed.temp-1
groundtruth,temp-1,temp-1-1758915843360,1758915843.3609874,1758915843.3609874,1758915843.3609874,float,C,25.11948694020522,,,,,groundtruth,GroundTruthStream,{'ground_truth': 25.11948694020522},groundtruth.temp-1
observed,temp-1,temp-1-1758915507352,1758915507.3527884,1758915507.3527884,1758915507.3527884,float,C,20.78147262155928,,,,,observed,SimulatedDroppingStream,{'ground_truth': 20.78147262155928},observed.temp-1
reconstructed,temp-1,temp-1-1758915507352,1758915507.3527884,1758915507.3527884,1758915507.3527884,float,C,20.78147262155928,21.245577173323746,observed,1.0,False,observed,SimulatedDroppingStream,{'ground_truth': 20.78147262155928},reconstructed.temp-1
groundtruth,temp-1,temp-1-1758915844353,1758915844.3531184,1758915844.3531184,1758915844.3531184,float,C,16.690261214243183,,,,,groundtruth,GroundTruthStream,{'ground_truth': 16.690261214243183},groundtruth.temp-1
observed,temp-1,temp-1-1758915508347,1758915508.347659,1758915508.3569605,1758915508.347659,float,C,,,,,,missing,SimulatedDroppingStream,{},observed.temp-1
reconstructed,temp-1,temp-1-1758915508347,1758915508.347659,1758915508.3569605,1758915508.347659,float,C,16.182473780172877,16.182473780172877,KalmanFilter,0.5960641534050256,True,reconstructed,SimulatedDroppingStream,{},reconstructed.temp-1
groundtruth,temp-1,temp-1-1758915845360,1758915845.3604603,1758915845.3604603,1758915845.3604603,float,C,28.707848372104948,,,,,groundtruth,GroundTruthStream,{'ground_truth': 28.707848372104948},groundtruth.temp-1
observed,temp-1,temp-1-1758915509347,1758915509.347659,1758915509.3580678,1758915509.347659,float,C,,,,,,missing,SimulatedDroppingStream,{},observed.temp-1
reconstructed,temp-1,temp-1-1758915509347,1758915509.347659,1758915509.3580678,1758915509.347659,float,C,9.508539277572654,9.508539277572654,KalmanFilter,0.2484698910337936,True,reconstructed,SimulatedDroppingStream,{},reconstructed.temp-1
groundtruth,temp-1,temp-1-1758915846351,1758915846.3510022,1758915846.3510022,1758915846.3510022,float,C,25.712583569532136,,,,,groundtruth,GroundTruthStream,{'ground_truth': 25.712583569532136},groundtruth.temp-1
observed,temp-1,temp-1-1758915510359,1758915510.3595188,1758915510.3595188,1758915510.3595188,float,C,15.434560288573614,,,,,observed,SimulatedDroppingStream,{'ground_truth': 15.434560288573614},observed.temp-1
reconstructed,temp-1,temp-1-1758915510359,1758915510.3595188,1758915510.3595188,1758915510.3595188,float,C,15.434560288573614,15.284927736154804,observed,1.0,False,observed,SimulatedDroppingStream,{'ground_truth': 15.434560288573614},reconstructed.temp-1
groundtruth,temp-1,temp-1-1758915847353,1758915847.3539758,1758915847.3539758,1758915847.3539758,float,C,15.464962307549435,,,,,groundtruth,GroundTruthStream,{'ground_truth': 15.464962307549435},groundtruth.temp-1
observed,temp-1,temp-1-1758915511349,1758915511.3495016,1758915511.3495016,1758915511.3495016,float,C,29.878844506678888,,,,,observed,SimulatedDroppingStream,{'ground_truth': 29.878844506678888},observed.temp-1
reconstructed,temp-1,temp-1-1758915511349,1758915511.3495016,1758915511.3495016,1758915511.3495016,float,C,29.878844506678888,27.9125172982913,observed,1.0,False,observed,SimulatedDroppingStream,{'ground_truth': 29.878844506678888},reconstructed.temp-1
groundtruth,temp-1,temp-1-1758915848357,1758915848.3577876,1758915848.3577876,1758915848.3577876,float,C,29.871194380847918,,,,,groundtruth,GroundTruthStream,{'ground_truth': 29.871194380847918},groundtruth.temp-1
observed,temp-1,temp-1-1758915512355,1758915512.35545,1758915512.35545,1758915512.35545,float,C,25.276089827064993,,,,,observed,SimulatedDroppingStream,{'ground_truth': 25.276089827064993},observed.temp-1
reconstructed,temp-1,temp-1-1758915512355,1758915512.35545,1758915512.35545,1758915512.35545,float,C,25.276089827064993,27.116603874460655,observed,1.0,False,observed,SimulatedDroppingStream,{'ground_truth': 25.276089827064993},reconstructed.temp-1
groundtruth,temp-1,temp-1-1758915849363,1758915849.3637834,1758915849.3637834,1758915849.3637834,float,C,15.628449385481737,,,,,groundtruth,GroundTruthStream,{'ground_truth': 15.628449385481737},groundtruth.temp-1
observed,temp-1,temp-1-1758915513362,1758915513.362341,1758915513.362341,1758915513.362341,float,C,17.37809745274442,,,,,observed,SimulatedDroppingStream,{'ground_truth': 17.37809745274442},observed.temp-1
reconstructed,temp-1,temp-1-1758915513362,1758915513.362341,1758915513.362341,1758915513.362341,float,C,17.37809745274442,19.11035495685941,observed,1.0,False,observed,SimulatedDroppingStream,{'ground_truth': 17.37809745274442},reconstructed.temp-1
groundtruth,temp-1,temp-1-1758915850357,1758915850.3579478,1758915850.3579478,1758915850.3579478,float,C,17.06296178257398,,,,,groundtruth,GroundTruthStream,{'ground_truth': 17.06296178257398},groundtruth.temp-1
observed,temp-1,temp-1-1758915514347,1758915514.347659,1758915514.3571627,1758915514.347659,float,C,,,,,,missing,SimulatedDroppingStream,{},observed.temp-1
reconstructed,temp-1,temp-1-1758915514347,1758915514.347659,1758915514.3571627,1758915514.347659,float,C,12.151520480678615,12.151520480678615,KalmanFilter,0.5970388472933779,True,reconstructed,SimulatedDroppingStream,{},reconstructed.temp-1
groundtruth,temp-1,temp-1-1758915851353,1758915851.3531017,1758915851.3531017,1758915851.3531017,float,C,22.06294971830807,,,,,groundtruth,GroundTruthStream,{'ground_truth': 22.06294971830807},groundtruth.temp-1
observed,temp-1,temp-1-1758915515350,1758915515.3506446,1758915515.3506446,1758915515.3506446,float,C,15.292985783786568,,,,,observed,SimulatedDroppingStream,{'ground_truth': 15.292985783786568},observed.temp-1
reconstructed,temp-1,temp-1-1758915515350,1758915515.3506446,1758915515.3506446,1758915515.3506446,float,C,15.292985783786568,14.866853635985452,observed,1.0,False,observed,SimulatedDroppingStream,{'ground_truth': 15.292985783786568},reconstructed.temp-1
groundtruth,temp-1,temp-1-1758915852358,1758915852.358397,1758915852.358397,1758915852.358397,float,C,22.0290493240479,,,,,groundtruth,GroundTruthStream,{'ground_truth': 22.0290493240479},groundtruth.temp-1
observed,temp-1,temp-1-1758915516355,1758915516.3552277,1758915516.3552277,1758915516.3552277,float,C,28.129427724961253,,,,,observed,SimulatedDroppingStream,{'ground_truth': 28.129427724961253},observed.temp-1
reconstructed,temp-1,temp-1-1758915516355,1758915516.3552277,1758915516.3552277,1758915516.3552277,float,C,28.129427724961253,25.946961205305918,observed,1.0,False,observed,SimulatedDroppingStream,{'ground_truth': 28.129427724961253},reconstructed.temp-1
groundtruth,temp-1,temp-1-1758915853362,1758915853.3624089,1758915853.3624089,1758915853.3624089,float,C,15.681062110084593,,,,,groundtruth,GroundTruthStream,{'ground_truth': 15.681062110084593},groundtruth.temp-1
observed,temp-1,temp-1-1758915517357,1758915517.3572776,1758915517.3572776,1758915517.3572776,float,C,15.901667700688854,,,,,observed,SimulatedDroppingStream,{'ground_truth': 15.901667700688854},observed.temp-1
reconstructed,temp-1,temp-1-1758915517357,1758915517.3572776,1758915517.3572776,1758915517.3572776,float,C,15.901667700688854,18.392668587457738,observed,1.0,False,observed,SimulatedDroppingStream,{'ground_truth': 15.901667700688854},reconstructed.temp-1
groundtruth,temp-1,temp-1-1758915854362,1758915854.362466,1758915854.362466,1758915854.362466,float,C,15.762326316459234,,,,,groundtruth,GroundTruthStream,{'ground_truth': 15.762326316459234},groundtruth.temp-1
observed,temp-1,temp-1-1758915518364,1758915518.3642545,1758915518.3642545,1758915518.3642545,float,C,23.436722376310406,,,,,observed,SimulatedDroppingStream,{'ground_truth': 23.436722376310406},observed.temp-1
reconstructed,temp-1,temp-1-1758915518364,1758915518.3642545,1758915518.3642545,1758915518.3642545,float,C,23.436722376310406,22.361116569743317,observed,1.0,False,observed,SimulatedDroppingStream,{'ground_truth': 23.436722376310406},reconstructed.temp-1
groundtruth,temp-1,temp-1-1758915855362,1758915855.3623788,1758915855.3623788,1758915855.3623788,float,C,28.87072410547114,,,,,groundtruth,GroundTruthStream,{'ground_truth': 28.87072410547114},groundtruth.temp-1
observed,temp-1,temp-1-1758915519361,1758915519.3613093,1758915519.3613093,1758915519.3613093,float,C,18.31757160590758,,,,,observed,SimulatedDroppingStream,{'ground_truth': 18.31757160590758},observed.temp-1
reconstructed,temp-1,temp-1-1758915519361,1758915519.3613093,1758915519.3613093,1758915519.3613093,float,C,18.31757160590758,19.13536409984419,observed,1.0,False,observed,SimulatedDroppingStream,{'ground_truth': 18.31757160590758},reconstructed.temp-1
groundtruth,temp-1,temp-1-1758915857356,1758915857.3568456,1758915857.3568456,1758915857.3568456,float,C,23.90533285361498,,,,,groundtruth,GroundTruthStream,{'ground_truth': 23.90533285361498},groundtruth.temp-1
observed,temp-1,temp-1-1758915520350,1758915520.3503256,1758915520.3503256,1758915520.3503256,float,C,21.86119895825221,,,,,observed,SimulatedDroppingStream,{'ground_truth': 21.86119895825221},observed.temp-1
reconstructed,temp-1,temp-1-1758915520350,1758915520.3503256,1758915520.3503256,1758915520.3503256,float,C,21.86119895825221,21.21296141423249,observed,1.0,False,observed,SimulatedDroppingStream,{'ground_truth': 21.86119895825221},reconstructed.temp-1
groundtruth,temp-1,temp-1-1758915858356,1758915858.3569505,1758915858.3569505,1758915858.3569505,float,C,26.464683303992764,,,,,groundtruth,GroundTruthStream,{'ground_truth': 26.464683303992764},groundtruth.temp-1
observed,temp-1,temp-1-1758915521348,1758915521.3487585,1758915521.3487585,1758915521.3487585,float,C,19.561510565504776,,,,,observed,SimulatedDroppingStream,{'ground_truth': 19.561510565504776},observed.temp-1
reconstructed,temp-1,temp-1-1758915521348,1758915521.3487585,1758915521.3487585,1758915521.3487585,float,C,19.561510565504776,19.909683186066385,observed,1.0,False,observed,SimulatedDroppingStream,{'ground_truth': 19.561510565504776},reconstructed.temp-1
groundtruth,temp-1,temp-1-1758915859354,1758915859.3548236,1758915859.3548236,1758915859.3548236,float,C,25.818384871353082,,,,,groundtruth,GroundTruthStream,{'ground_truth': 25.818384871353082},groundtruth.temp-1
observed,temp-1,temp-1-1758915522347,1758915522.347659,1758915522.3556895,1758915522.347659,float,C,,,,,,missing,SimulatedDroppingStream,{},observed.temp-1
reconstructed,temp-1,temp-1-1758915522347,1758915522.347659,1758915522.3556895,1758915522.347659,float,C,19.090019475706068,19.090019475706068,KalmanFilter,0.5973134413402595,True,reconstructed,SimulatedDroppingStream,{},reconstructed.temp-1
groundtruth,temp-1,temp-1-1758915861361,1758915861.3610473,1758915861.3610473,1758915861.3610473,float,C,23.602209698116976,,,,,groundtruth,GroundTruthStream,{'ground_truth': 23.602209698116976},groundtruth.temp-1
observed,temp-1,temp-1-1758915523356,1758915523.3566854,1758915523.3566854,1758915523.3566854,float,C,15.643935399517197,,,,,observed,SimulatedDroppingStream,{'ground_truth': 15.643935399517197},observed.temp-1
reconstructed,temp-1,temp-1-1758915523356,1758915523.3566854,1758915523.3566854,1758915523.3566854,float,C,15.643935399517197,15.720957629637333,observed,1.0,False,observed,SimulatedDroppingStream,{'ground_truth': 15.643935399517197},reconstructed.temp-1
groundtruth,temp-1,temp-1-1758915862361,1758915862.3611133,1758915862.3611133,1758915862.3611133,float,C,23.474849890967004,,,,,groundtruth,GroundTruthStream,{'ground_truth': 23.474849890967004},groundtruth.temp-1
observed,temp-1,temp-1-1758915524363,1758915524.363254,1758915524.363254,1758915524.363254,float,C,17.8339498411056,,,,,observed,SimulatedDroppingStream,{'ground_truth': 17.8339498411056},observed.temp-1
reconstructed,temp-1,temp-1-1758915524363,1758915524.363254,1758915524.363254,1758915524.363254,float,C,17.8339498411056,17.17466698440176,observed,1.0,False,observed,SimulatedDroppingStream,{'ground_truth': 17.8339498411056},reconstructed.temp-1
groundtruth,temp-1,temp-1-1758915864364,1758915864.3647594,1758915864.3647594,1758915864.3647594,float,C,17.488374137802616,,,,,groundtruth,GroundTruthStream,{'ground_truth': 17.488374137802616},groundtruth.temp-1
observed,temp-1,temp-1-1758915525351,1758915525.351992,1758915525.351992,1758915525.351992,float,C,19.39589304953293,,,,,observed,SimulatedDroppingStream,{'ground_truth': 19.39589304953293},observed.temp-1
reconstructed,temp-1,temp-1-1758915525351,1758915525.351992,1758915525.351992,1758915525.351992,float,C,19.39589304953293,19.20339267475677,observed,1.0,False,observed,SimulatedDroppingStream,{'ground_truth': 19.39589304953293},reconstructed.temp-1
groundtruth,temp-1,temp-1-1758915865363,1758915865.363864,1758915865.363864,1758915865.363864,float,C,15.462340923482003,,,,,groundtruth,GroundTruthStream,{'ground_truth': 15.462340923482003},groundtruth.temp-1
observed,temp-1,temp-1-1758915526348,1758915526.3485167,1758915526.3485167,1758915526.3485167,float,C,24.38669041427891,,,,,observed,SimulatedDroppingStream,{'ground_truth': 24.38669041427891},observed.temp-1
reconstructed,temp-1,temp-1-1758915526348,1758915526.3485167,1758915526.3485167,1758915526.3485167,float,C,24.38669041427891,24.06236724541109,observed,1.0,False,observed,SimulatedDroppingStream,{'ground_truth': 24.38669041427891},reconstructed.temp-1
groundtruth,temp-1,temp-1-1758915867356,1758915867.3567803,1758915867.3567803,1758915867.3567803,float,C,27.248940862232757,,,,,groundtruth,GroundTruthStream,{'ground_truth': 27.248940862232757},groundtruth.temp-1
observed,temp-1,temp-1-1758915527352,1758915527.352501,1758915527.352501,1758915527.352501,float,C,22.481346343797686,,,,,observed,SimulatedDroppingStream,{'ground_truth': 22.481346343797686},observed.temp-1
reconstructed,temp-1,temp-1-1758915527352,1758915527.352501,1758915527.352501,1758915527.352501,float,C,22.481346343797686,23.435587671907605,observed,1.0,False,observed,SimulatedDroppingStream,{'ground_truth': 22.481346343797686},reconstructed.temp-1
groundtruth,temp-1,temp-1-1758915868350,1758915868.3501737,1758915868.3501737,1758915868.3501737,float,C,27.7489497837291,,,,,groundtruth,GroundTruthStream,{'ground_truth': 27.7489497837291},groundtruth.temp-1
observed,temp-1,temp-1-1758915528351,1758915528.3512676,1758915528.3512676,1758915528.3512676,float,C,17.481153789263153,,,,,observed,SimulatedDroppingStream,{'ground_truth': 17.481153789263153},observed.temp-1
reconstructed,temp-1,temp-1-1758915528351,1758915528.3512676,1758915528.3512676,1758915528.3512676,float,C,17.481153789263153,18.416548751967476,observed,1.0,False,observed,SimulatedDroppingStream,{'ground_truth': 17.481153789263153},reconstructed.temp-1
groundtruth,temp-1,temp-1-1758915869359,1758915869.3595529,1758915869.3595529,1758915869.3595529,float,C,21.947775653540457,,,,,groundtruth,GroundTruthStream,{'ground_truth': 21.947775653540457},groundtruth.temp-1
observed,temp-1,temp-1-1758915529347,1758915529.347659,1758915529.358653,1758915529.347659,float,C,,,,,,missing,SimulatedDroppingStream,{},observed.temp-1
reconstructed,temp-1,temp-1-1758915529347,1758915529.347659,1758915529.358653,1758915529.347659,float,C,13.422661421509822,13.422661421509822,KalmanFilter,0.5971808720605253,True,reconstructed,SimulatedDroppingStream,{},reconstructed.temp-1
groundtruth,temp-1,temp-1-1758915870359,1758915870.3597922,1758915870.3597922,1758915870.3597922,float,C,24.037601203422376,,,,,groundtruth,GroundTruthStream,{'ground_truth': 24.037601203422376},groundtruth.temp-1
observed,temp-1,temp-1-1758915530354,1758915530.3545468,1758915530.3545468,1758915530.3545468,float,C,22.473520222690745,,,,,observed,SimulatedDroppingStream,{'ground_truth': 22.473520222690745},observed.temp-1
reconstructed,temp-1,temp-1-1758915530354,1758915530.3545468,1758915530.3545468,1758915530.3545468,float,C,22.473520222690745,21.944538236619728,observed,1.0,False,observed,SimulatedDroppingStream,{'ground_truth': 22.473520222690745},reconstructed.temp-1
groundtruth,temp-1,temp-1-1758915872358,1758915872.3584113,1758915872.3584113,1758915872.3584113,float,C,19.601492210921723,,,,,groundtruth,GroundTruthStream,{'ground_truth': 19.601492210921723},groundtruth.temp-1
observed,temp-1,temp-1-1758915531347,1758915531.347659,1758915531.3585086,1758915531.347659,float,C,,,,,,missing,SimulatedDroppingStream,{},observed.temp-1
reconstructed,temp-1,temp-1-1758915531347,1758915531.347659,1758915531.3585086,1758915531.347659,float,C,23.975474175012817,23.975474175012817,KalmanFilter,0.5963859057807376,True,reconstructed,SimulatedDroppingStream,{},reconstructed.temp-1
groundtruth,temp-1,temp-1-1758915873355,1758915873.3550918,1758915873.3550918,1758915873.3550918,float,C,22.161296896205553,,,,,groundtruth,GroundTruthStream,{'ground_truth': 22.161296896205553},groundtruth.temp-1
observed,temp-1,temp-1-1758915532359,1758915532.3593543,1758915532.3593543,1758915532.3593543,float,C,24.11058858573661,,,,,observed,SimulatedDroppingStream,{'ground_truth': 24.11058858573661},observed.temp-1
reconstructed,temp-1,temp-1-1758915532359,1758915532.3593543,1758915532.3593543,1758915532.3593543,float,C,24.11058858573661,24.196477782145013,observed,1.0,False,observed,SimulatedDroppingStream,{'ground_truth': 24.11058858573661},reconstructed.temp-1
groundtruth,temp-1,temp-1-1758915875353,1758915875.3531077,1758915875.3531077,1758915875.3531077,float,C,18.973953205826096,,,,,groundtruth,GroundTruthStream,{'ground_truth': 18.973953205826096},groundtruth.temp-1
observed,temp-1,temp-1-1758915533357,1758915533.3578303,1758915533.3578303,1758915533.3578303,float,C,15.46745090289851,,,,,observed,SimulatedDroppingStream,{'ground_truth': 15.46745090289851},observed.temp-1
reconstructed,temp-1,temp-1-1758915533357,1758915533.3578303,1758915533.3578303,1758915533.3578303,float,C,15.46745090289851,16.787077165399282,observed,1.0,False,observed,SimulatedDroppingStream,{'ground_truth': 15.46745090289851},reconstructed.temp-1
groundtruth,temp-1,temp-1-1758915876355,1758915876.3557696,1758915876.3557696,1758915876.3557696,float,C,18.6148040330064,,,,,groundtruth,GroundTruthStream,{'ground_truth': 18.6148040330064},groundtruth.temp-1
observed,temp-1,temp-1-1758915534359,1758915534.359211,1758915534.359211,1758915534.359211,float,C,19.309006186978934,,,,,observed,SimulatedDroppingStream,{'ground_truth': 19.309006186978934},observed.temp-1
reconstructed,temp-1,temp-1-1758915534359,1758915534.359211,1758915534.359211,1758915534.359211,float,C,19.309006186978934,18.146501396466682,observed,1.0,False,observed,SimulatedDroppingStream,{'ground_truth': 19.309006186978934},reconstructed.temp-1
groundtruth,temp-1,temp-1-1758915877354,1758915877.3547223,1758915877.3547223,1758915877.3547223,float,C,22.44676672126617,,,,,groundtruth,GroundTruthStream,{'ground_truth': 22.44676672126617},groundtruth.temp-1
observed,temp-1,temp-1-1758915535355,1758915535.355646,1758915535.355646,1758915535.355646,float,C,17.539432041730475,,,,,observed,SimulatedDroppingStream,{'ground_truth': 17.539432041730475},observed.temp-1
reconstructed,temp-1,temp-1-1758915535355,1758915535.355646,1758915535.355646,1758915535.355646,float,C,17.539432041730475,17.464596227242613,observed,1.0,False,observed,SimulatedDroppingStream,{'ground_truth': 17.539432041730475},reconstructed.temp-1
groundtruth,temp-1,temp-1-1758915878353,1758915878.3535528,1758915878.3535528,1758915878.3535528,float,C,19.065907765660423,,,,,groundtruth,GroundTruthStream,{'ground_truth': 19.065907765660423},groundtruth.temp-1
observed,temp-1,temp-1-1758915536347,1758915536.347659,1758915536.3544989,1758915536.347659,float,C,,,,,,missing,SimulatedDroppingStream,{},observed.temp-1
reconstructed,temp-1,temp-1-1758915536347,1758915536.347659,1758915536.3544989,1758915536.347659,float,C,16.803411594474362,16.803411594474362,KalmanFilter,0.5970176186827155,True,reconstructed,SimulatedDroppingStream,{},reconstructed.temp-1
groundtruth,temp-1,temp-1-1758915879353,1758915879.353624,1758915879.353624,1758915879.353624,float,C,17.727319067096673,,,,,groundtruth,GroundTruthStream,{'ground_truth': 17.727319067096673},groundtruth.temp-1
observed,temp-1,temp-1-1758915537358,1758915537.358317,1758915537.358317,1758915537.358317,float,C,27.075799413979365,,,,,observed,SimulatedDroppingStream,{'ground_truth': 27.075799413979365},observed.temp-1
reconstructed,temp-1,temp-1-1758915537358,1758915537.358317,1758915537.358317,1758915537.358317,float,C,27.075799413979365,26.722473962373755,observed,1.0,False,observed,SimulatedDroppingStream,{'ground_truth': 27.075799413979365},reconstructed.temp-1
groundtruth,temp-1,temp-1-1758915880353,1758915880.3535511,1758915880.3535511,1758915880.3535511,float,C,25.912887899702667,,,,,groundtruth,GroundTruthStream,{'ground_truth': 25.912887899702667},groundtruth.temp-1
observed,temp-1,temp-1-1758915538361,1758915538.3617876,1758915538.3617876,1758915538.3617876,float,C,27.812508804329166,,,,,observed,SimulatedDroppingStream,{'ground_truth': 27.812508804329166},observed.temp-1
reconstructed,temp-1,temp-1-1758915538361,1758915538.3617876,1758915538.3617876,1758915538.3617876,float,C,27.812508804329166,28.589635123643088,observed,1.0,False,observed,SimulatedDroppingStream,{'ground_truth': 27.812508804329166},reconstructed.temp-1
groundtruth,temp-1,temp-1-1758915881357,1758915881.3577187,1758915881.3577187,1758915881.3577187,float,C,21.15521690713774,,,,,groundtruth,GroundTruthStream,{'ground_truth': 21.15521690713774},groundtruth.temp-1
observed,temp-1,temp-1-1758915539360,1758915539.3602934,1758915539.3602934,1758915539.3602934,float,C,20.921859572642216,,,,,observed,SimulatedDroppingStream,{'ground_truth': 20.921859572642216},observed.temp-1
reconstructed,temp-1,temp-1-1758915539360,1758915539.3602934,1758915539.3602934,1758915539.3602934,float,C,20.921859572642216,22.36535872240433,observed,1.0,False,observed,SimulatedDroppingStream,{'ground_truth': 20.921859572642216},reconstructed.temp-1
groundtruth,temp-1,temp-1-1758915882348,1758915882.348935,1758915882.348935,1758915882.348935,float,C,17.014421785584634,,,,,groundtruth,GroundTruthStream,{'ground_truth': 17.014421785584634},groundtruth.temp-1
observed,temp-1,temp-1-1758915540347,1758915540.347659,1758915540.3546927,1758915540.347659,float,C,,,,,,missing,SimulatedDroppingStream,{},observed.temp-1
reconstructed,temp-1,temp-1-1758915540347,1758915540.347659,1758915540.3546927,1758915540.347659,float,C,16.832279110553536,16.832279110553536,KalmanFilter,0.5928810510069047,True,reconstructed,SimulatedDroppingStream,{},reconstructed.temp-1
groundtruth,temp-1,temp-1-1758915883354,1758915883.3541687,1758915883.3541687,1758915883.3541687,float,C,28.958684872574025,,,,,groundtruth,GroundTruthStream,{'ground_truth': 28.958684872574025},groundtruth.temp-1
observed,temp-1,temp-1-1758915541350,1758915541.35073,1758915541.35073,1758915541.35073,float,C,23.90045514694203,,,,,observed,SimulatedDroppingStream,{'ground_truth': 23.90045514694203},observed.temp-1
reconstructed,temp-1,temp-1-1758915541350,1758915541.35073,1758915541.35073,1758915541.35073,float,C,23.90045514694203,23.410286323183566,observed,1.0,False,observed,SimulatedDroppingStream,{'ground_truth': 23.90045514694203},reconstructed.temp-1
groundtruth,temp-1,temp-1-1758915885353,1758915885.3538885,1758915885.3538885,1758915885.3538885,float,C,21.52289578960063,,,,,groundtruth,GroundTruthStream,{'ground_truth': 21.52289578960063},groundtruth.temp-1
observed,temp-1,temp-1-1758915542360,1758915542.360952,1758915542.360952,1758915542.360952,float,C,15.180303969597933,,,,,observed,SimulatedDroppingStream,{'ground_truth': 15.180303969597933},observed.temp-1
reconstructed,temp-1,temp-1-1758915542360,1758915542.360952,1758915542.360952,1758915542.360952,float,C,15.180303969597933,16.218186726166376,observed,1.0,False,observed,SimulatedDroppingStream,{'ground_truth': 15.180303969597933},reconstructed.temp-1
groundtruth,temp-1,temp-1-1758915888349,1758915888.3492434,1758915888.3492434,1758915888.3492434,float,C,23.913969351075067,,,,,groundtruth,GroundTruthStream,{'ground_truth': 23.913969351075067},groundtruth.temp-1
observed,temp-1,temp-1-1758915543360,1758915543.360351,1758915543.360351,1758915543.360351,float,C,27.097437675571136,,,,,observed,SimulatedDroppingStream,{'ground_truth': 27.097437675571136},observed.temp-1
reconstructed,temp-1,temp-1-1758915543360,1758915543.360351,1758915543.360351,1758915543.360351,float,C,27.097437675571136,24.90485293850071,observed,1.0,False,observed,SimulatedDroppingStream,{'ground_truth': 27.097437675571136},reconstructed.temp-1
groundtruth,temp-1,temp-1-1758915889362,1758915889.3629596,1758915889.3629596,1758915889.3629596,float,C,23.969999644830075,,,,,groundtruth,GroundTruthStream,{'ground_truth': 23.969999644830075},groundtruth.temp-1
observed,temp-1,temp-1-1758915544347,1758915544.347659,1758915544.3568213,1758915544.347659,float,C,,,,,,missing,SimulatedDroppingStream,{},observed.temp-1
reconstructed,temp-1,temp-1-1758915544347,1758915544.347659,1758915544.3568213,1758915544.347659,float,C,31.341067754814677,31.341067754814677,KalmanFilter,0.5927535391363062,True,reconstructed,SimulatedDroppingStream,{},reconstructed.temp-1
groundtruth,temp-1,temp-1-1758915890352,1758915890.3526933,1758915890.3526933,1758915890.3526933,float,C,17.024353085282918,,,,,groundtruth,GroundTruthStream,{'ground_truth': 17.024353085282918},groundtruth.temp-1
observed,temp-1,temp-1-1758915545356,1758915545.356107,1758915545.356107,1758915545.356107,float,C,17.539165722897085,,,,,observed,SimulatedDroppingStream,{'ground_truth': 17.539165722897085},observed.temp-1
reconstructed,temp-1,temp-1-1758915545356,1758915545.356107,1758915545.356107,1758915545.356107,float,C,17.539165722897085,18.279941193807456,observed,1.0,False,observed,SimulatedDroppingStream,{'ground_truth': 17.539165722897085},reconstructed.temp-1
groundtruth,temp-1,temp-1-1758915891359,1758915891.3597004,1758915891.3597004,1758915891.3597004,float,C,25.02025579863576,,,,,groundtruth,GroundTruthStream,{'ground_truth': 25.02025579863576},groundtruth.temp-1
observed,temp-1,temp-1-1758915546352,1758915546.3528306,1758915546.3528306,1758915546.3528306,float,C,26.339404659695653,,,,,observed,SimulatedDroppingStream,{'ground_truth': 26.339404659695653},observed.temp-1
reconstructed,temp-1,temp-1-1758915546352,1758915546.3528306,1758915546.3528306,1758915546.3528306,float,C,26.339404659695653,24.78126334197424,observed,1.0,False,observed,SimulatedDroppingStream,{'ground_truth': 26.339404659695653},reconstructed.temp-1
groundtruth,temp-1,temp-1-1758915893354,1758915893.354211,1758915893.354211,1758915893.354211,float,C,26.07210450738692,,,,,groundtruth,GroundTruthStream,{'ground_truth': 26.07210450738692},groundtruth.temp-1
observed,temp-1,temp-1-1758915547355,1758915547.3556414,1758915547.3556414,1758915547.3556414,float,C,29.248821452367114,,,,,observed,SimulatedDroppingStream,{'ground_truth': 29.248821452367114},observed.temp-1
reconstructed,temp-1,temp-1-1758915547355,1758915547.3556414,1758915547.3556414,1758915547.3556414,float,C,29.248821452367114,29.305650659665517,observed,1.0,False,observed,SimulatedDroppingStream,{'ground_truth': 29.248821452367114},reconstructed.temp-1
groundtruth,temp-1,temp-1-1758915895360,1758915895.3606288,1758915895.3606288,1758915895.3606288,float,C,29.748037811217227,,,,,groundtruth,GroundTruthStream,{'ground_truth': 29.748037811217227},groundtruth.temp-1
observed,temp-1,temp-1-1758915548355,1758915548.3553984,1758915548.3553984,1758915548.3553984,float,C,19.130357737596164,,,,,observed,SimulatedDroppingStream,{'ground_truth': 19.130357737596164},observed.temp-1
reconstructed,temp-1,temp-1-1758915548355,1758915548.3553984,1758915548.3553984,1758915548.3553984,float,C,19.130357737596164,21.22604001034044,observed,1.0,False,observed,SimulatedDroppingStream,{'ground_truth': 19.130357737596164},reconstructed.temp-1
groundtruth,temp-1,temp-1-1758915896355,1758915896.3553421,1758915896.3553421,1758915896.3553421,float,C,29.902598943094596,,,,,groundtruth,GroundTruthStream,{'ground_truth': 29.902598943094596},groundtruth.temp-1
observed,temp-1,temp-1-1758915549347,1758915549.347659,1758915549.3588061,1758915549.347659,float,C,,,,,,missing,SimulatedDroppingStream,{},observed.temp-1
reconstructed,temp-1,temp-1-1758915549347,1758915549.347659,1758915549.3588061,1758915549.347659,float,C,15.34049987697686,15.34049987697686,KalmanFilter,0.5971867934817566,True,reconstructed,SimulatedDroppingStream,{},reconstructed.temp-1
groundtruth,temp-1,temp-1-1758915897351,1758915897.3512104,1758915897.3512104,1758915897.3512104,float,C,21.83872313219592,,,,,groundtruth,GroundTruthStream,{'ground_truth': 21.83872313219592},groundtruth.temp-1
observed,temp-1,temp-1-1758915550350,1758915550.3500655,1758915550.3500655,1758915550.3500655,float,C,15.547378148001641,,,,,observed,SimulatedDroppingStream,{'ground_truth': 15.547378148001641},observed.temp-1
reconstructed,temp-1,temp-1-1758915550350,1758915550.3500655,1758915550.3500655,1758915550.3500655,float,C,15.547378148001641,15.264604150313628,observed,1.0,False,observed,SimulatedDroppingStream,{'ground_truth': 15.547378148001641},reconstructed.temp-1
groundtruth,temp-1,temp-1-1758915898363,1758915898.3636932,1758915898.3636932,1758915898.3636932,float,C,28.485228840657864,,,,,groundtruth,GroundTruthStream,{'ground_truth': 28.485228840657864},groundtruth.temp-1
observed,temp-1,temp-1-1758915551348,1758915551.3483965,1758915551.3483965,1758915551.3483965,float,C,25.25003828417846,,,,,observed,SimulatedDroppingStream,{'ground_truth': 25.25003828417846},observed.temp-1
reconstructed,temp-1,temp-1-1758915551348,1758915551.3483965,1758915551.3483965,1758915551.3483965,float,C,25.25003828417846,23.328860736492594,observed,1.0,False,observed,SimulatedDroppingStream,{'ground_truth': 25.25003828417846},reconstructed.temp-1
groundtruth,temp-1,temp-1-1758915899358,1758915899.3586705,1758915899.3586705,1758915899.3586705,float,C,18.64071215156558,,,,,groundtruth,GroundTruthStream,{'ground_truth': 18.64071215156558},groundtruth.temp-1
observed,temp-1,temp-1-1758915552347,1758915552.347659,1758915552.3536737,1758915552.347659,float,C,,,,,,missing,SimulatedDroppingStream,{},observed.temp-1
reconstructed,temp-1,temp-1-1758915552347,1758915552.347659,1758915552.3536737,1758915552.347659,float,C,30.128415025121104,30.128415025121104,KalmanFilter,0.5841593218914689,True,reconstructed,SimulatedDroppingStream,{},reconstructed.temp-1
groundtruth,temp-1,temp-1-1758915901359,1758915901.3598454,1758915901.3598454,1758915901.3598454,float,C,19.792631685482153,,,,,groundtruth,GroundTruthStream,{'ground_truth': 19.792631685482153},groundtruth.temp-1
observed,temp-1,temp-1-1758915553353,1758915553.3536782,1758915553.3536782,1758915553.3536782,float,C,25.724736868799006,,,,,observed,SimulatedDroppingStream,{'ground_truth': 25.724736868799006},observed.temp-1
reconstructed,temp-1,temp-1-1758915553353,1758915553.3536782,1758915553.3536782,1758915553.3536782,float,C,25.724736868799006,26.15951625391382,observed,1.0,False,observed,SimulatedDroppingStream,{'ground_truth': 25.724736868799006},reconstructed.temp-1
groundtruth,temp-1,temp-1-1758915902353,1758915902.3536627,1758915902.3536627,1758915902.3536627,float,C,15.697436331901647,,,,,groundtruth,GroundTruthStream,{'ground_truth': 15.697436331901647},groundtruth.temp-1
observed,temp-1,temp-1-1758915554356,1758915554.3569038,1758915554.3569038,1758915554.3569038,float,C,18.637387898919158,,,,,observed,SimulatedDroppingStream,{'ground_truth': 18.637387898919158},observed.temp-1
reconstructed,temp-1,temp-1-1758915554356,1758915554.3569038,1758915554.3569038,1758915554.3569038,float,C,18.637387898919158,19.967156690707142,observed,1.0,False,observed,SimulatedDroppingStream,{'ground_truth': 18.637387898919158},reconstructed.temp-1
groundtruth,temp-1,temp-1-1758915903354,1758915903.354207,1758915903.354207,1758915903.354207,float,C,15.366310047222898,,,,,groundtruth,GroundTruthStream,{'ground_truth': 15.366310047222898},groundtruth.temp-1
observed,temp-1,temp-1-1758915555353,1758915555.353541,1758915555.353541,1758915555.353541,float,C,26.025482402750335,,,,,observed,SimulatedDroppingStream,{'ground_truth': 26.025482402750335},observed.temp-1
reconstructed,temp-1,temp-1-1758915555353,1758915555.353541,1758915555.353541,1758915555.353541,float,C,26.025482402750335,24.594401209440747,observed,1.0,False,observed,SimulatedDroppingStream,{'ground_truth': 26.025482402750335},reconstructed.temp-1
groundtruth,temp-1,temp-1-1758915904355,1758915904.3559208,1758915904.3559208,1758915904.3559208,float,C,29.476518819832794,,,,,groundtruth,GroundTruthStream,{'ground_truth': 29.476518819832794},groundtruth.temp-1
observed,temp-1,temp-1-1758915556350,1758915556.3505607,1758915556.3505607,1758915556.3505607,float,C,15.764093669645531,,,,,observed,SimulatedDroppingStream,{'ground_truth': 15.764093669645531},observed.temp-1
reconstructed,temp-1,temp-1-1758915556350,1758915556.3505607,1758915556.3505607,1758915556.3505607,float,C,15.764093669645531,17.16673691649055,observed,1.0,False,observed,SimulatedDroppingStream,{'ground_truth': 15.764093669645531},reconstructed.temp-1
groundtruth,temp-1,temp-1-1758915905359,1758915905.3599994,1758915905.3599994,1758915905.3599994,float,C,15.112898038468863,,,,,groundtruth,GroundTruthStream,{'ground_truth': 15.112898038468863},groundtruth.temp-1
observed,temp-1,temp-1-1758915557347,1758915557.347659,1758915557.3526094,1758915557.347659,float,C,,,,,,missing,SimulatedDroppingStream,{},observed.temp-1
reconstructed,temp-1,temp-1-1758915557347,1758915557.347659,1758915557.3526094,1758915557.347659,float,C,10.853965682984057,10.853965682984057,KalmanFilter,0.5970957737705815,True,reconstructed,SimulatedDroppingStream,{},reconstructed.temp-1
groundtruth,temp-1,temp-1-1758915906353,1758915906.3537781,1758915906.3537781,1758915906.3537781,float,C,20.82430183701532,,,,,groundtruth,GroundTruthStream,{'ground_truth': 20.82430183701532},groundtruth.temp-1
observed,temp-1,temp-1-1758915558347,1758915558.347659,1758915558.3617656,1758915558.347659,float,C,,,,,,missing,SimulatedDroppingStream,{},observed.temp-1
reconstructed,temp-1,temp-1-1758915558347,1758915558.347659,1758915558.3617656,1758915558.347659,float,C,2.516553848521274,2.516553848521274,KalmanFilter,0.25387137293519424,True,reconstructed,SimulatedDroppingStream,{},reconstructed.temp-1
groundtruth,temp-1,temp-1-1758915907361,1758915907.3613389,1758915907.3613389,1758915907.3613389,float,C,22.260834099449927,,,,,groundtruth,GroundTruthStream,{'ground_truth': 22.260834099449927},groundtruth.temp-1
observed,temp-1,temp-1-1758915559362,1758915559.362638,1758915559.362638,1758915559.362638,float,C,24.262949294453517,,,,,observed,SimulatedDroppingStream,{'ground_truth': 24.262949294453517},observed.temp-1
reconstructed,temp-1,temp-1-1758915559362,1758915559.362638,1758915559.362638,1758915559.362638,float,C,24.262949294453517,23.91104555767405,observed,1.0,False,observed,SimulatedDroppingStream,{'ground_truth': 24.262949294453517},reconstructed.temp-1
groundtruth,temp-1,temp-1-1758915909350,1758915909.3503773,1758915909.3503773,1758915909.3503773,float,C,20.609420965422512,,,,,groundtruth,GroundTruthStream,{'ground_truth': 20.609420965422512},groundtruth.temp-1
observed,temp-1,temp-1-1758915560361,1758915560.3616824,1758915560.3616824,1758915560.3616824,float,C,19.526071970954565,,,,,observed,SimulatedDroppingStream,{'ground_truth': 19.526071970954565},observed.temp-1
reconstructed,temp-1,temp-1-1758915560361,1758915560.3616824,1758915560.3616824,1758915560.3616824,float,C,19.526071970954565,20.676395907725635,observed,1.0,False,observed,SimulatedDroppingStream,{'ground_truth': 19.526071970954565},reconstructed.temp-1
groundtruth,temp-1,temp-1-1758915911364,1758915911.3642352,1758915911.3642352,1758915911.3642352,float,C,20.440769575158804,,,,,groundtruth,GroundTruthStream,{'ground_truth': 20.440769575158804},groundtruth.temp-1
observed,temp-1,temp-1-1758915561347,1758915561.347659,1758915561.3620324,1758915561.347659,float,C,,,,,,missing,SimulatedDroppingStream,{},observed.temp-1
reconstructed,temp-1,temp-1-1758915561347,1758915561.347659,1758915561.3620324,1758915561.347659,float,C,18.91464636126815,18.91464636126815,KalmanFilter,0.5670016687393815,True,reconstructed,SimulatedDroppingStream,{},reconstructed.temp-1
groundtruth,temp-1,temp-1-1758915912360,1758915912.3604305,1758915912.3604305,1758915912.3604305,float,C,18.85053992995713,,,,,groundtruth,GroundTruthStream,{'ground_truth': 18.85053992995713},groundtruth.temp-1
observed,temp-1,temp-1-1758915562347,1758915562.347659,1758915562.3496246,1758915562.347659,float,C,,,,,,missing,SimulatedDroppingStream,{},observed.temp-1
reconstructed,temp-1,temp-1-1758915562347,1758915562.347659,1758915562.3496246,1758915562.347659,float,C,16.279691780265672,16.279691780265672,KalmanFilter,0.22899893935294408,True,reconstructed,SimulatedDroppingStream,{},reconstructed.temp-1
groundtruth,temp-1,temp-1-1758915913351,1758915913.3515642,1758915913.3515642,1758915913.3515642,float,C,18.973216661884727,,,,,groundtruth,GroundTruthStream,{'ground_truth': 18.973216661884727},groundtruth.temp-1
observed,temp-1,temp-1-1758915563347,1758915563.347659,1758915563.353436,1758915563.347659,float,C,,,,,,missing,SimulatedDroppingStream,{},observed.temp-1
reconstructed,temp-1,temp-1-1758915563347,1758915563.347659,1758915563.353436,1758915563.347659,float,C,12.771532164718195,12.771532164718195,KalmanFilter,0.08910487865798968,True,reconstructed,SimulatedDroppingStream,{},reconstructed.temp-1
groundtruth,temp-1,temp-1-1758915914349,1758915914.3491902,1758915914.3491902,1758915914.3491902,float,C,29.450265507404815,,,,,groundtruth,GroundTruthStream,{'ground_truth': 29.450265507404815},groundtruth.temp-1
observed,temp-1,temp-1-1758915564359,1758915564.35939,1758915564.35939,1758915564.35939,float,C,29.304696429694655,,,,,observed,SimulatedDroppingStream,{'ground_truth': 29.304696429694655},observed.temp-1
reconstructed,temp-1,temp-1-1758915564359,1758915564.35939,1758915564.35939,1758915564.35939,float,C,29.304696429694655,29.221341245818916,observed,1.0,False,observed,SimulatedDroppingStream,{'ground_truth': 29.304696429694655},reconstructed.temp-1
groundtruth,temp-1,temp-1-1758915915354,1758915915.3547447,1758915915.3547447,1758915915.3547447,float,C,29.55220692294568,,,,,groundtruth,GroundTruthStream,{'ground_truth': 29.55220692294568},groundtruth.temp-1
observed,temp-1,temp-1-1758915565353,1758915565.353622,1758915565.353622,1758915565.353622,float,C,22.38605945890968,,,,,observed,SimulatedDroppingStream,{'ground_truth': 22.38605945890968},observed.temp-1
reconstructed,temp-1,temp-1-1758915565353,1758915565.353622,1758915565.353622,1758915565.353622,float,C,22.38605945890968,23.49578549212081,observed,1.0,False,observed,SimulatedDroppingStream,{'ground_truth': 22.38605945890968},reconstructed.temp-1
groundtruth,temp-1,temp-1-1758915916349,1758915916.3499324,1758915916.3499324,1758915916.3499324,float,C,15.90929997989165,,,,,groundtruth,GroundTruthStream,{'ground_truth': 15.90929997989165},groundtruth.temp-1
observed,temp-1,temp-1-1758915566356,1758915566.356226,1758915566.356226,1758915566.356226,float,C,29.1537620150702,,,,,observed,SimulatedDroppingStream,{'ground_truth': 29.1537620150702},observed.temp-1
reconstructed,temp-1,temp-1-1758915566356,1758915566.356226,1758915566.356226,1758915566.356226,float,C,29.1537620150702,27.89017983128774,observed,1.0,False,observed,SimulatedDroppingStream,{'ground_truth': 29.1537620150702},reconstructed.temp-1
groundtruth,temp-1,temp-1-1758915917355,1758915917.3558497,1758915917.3558497,1758915917.3558497,float,C,21.294346869787528,,,,,groundtruth,GroundTruthStream,{'ground_truth': 21.294346869787528},groundtruth.temp-1
observed,temp-1,temp-1-1758915567357,1758915567.3577483,1758915567.3577483,1758915567.3577483,float,C,23.739979284085045,,,,,observed,SimulatedDroppingStream,{'ground_truth': 23.739979284085045},observed.temp-1
reconstructed,temp-1,temp-1-1758915567357,1758915567.3577483,1758915567.3577483,1758915567.3577483,float,C,23.739979284085045,24.506640597660173,observed,1.0,False,observed,SimulatedDroppingStream,{'ground_truth': 23.739979284085045},reconstructed.temp-1
groundtruth,temp-1,temp-1-1758915918356,1758915918.3561316,1758915918.3561316,1758915918.3561316,float,C,22.676122769588243,,,,,groundtruth,GroundTruthStream,{'ground_truth': 22.676122769588243},groundtruth.temp-1
observed,temp-1,temp-1-1758915568358,1758915568.3586037,1758915568.3586037,1758915568.3586037,float,C,19.075144837455433,,,,,observed,SimulatedDroppingStream,{'ground_truth': 19.075144837455433},observed.temp-1
reconstructed,temp-1,temp-1-1758915568358,1758915568.3586037,1758915568.3586037,1758915568.3586037,float,C,19.075144837455433,19.442567306707996,observed,1.0,False,observed,SimulatedDroppingStream,{'ground_truth': 19.075144837455433},reconstructed.temp-1
groundtruth,temp-1,temp-1-1758915920352,1758915920.3528025,1758915920.3528025,1758915920.3528025,float,C,29.983256069630368,,,,,groundtruth,GroundTruthStream,{'ground_truth': 29.983256069630368},groundtruth.temp-1
observed,temp-1,temp-1-1758915569354,1758915569.354252,1758915569.354252,1758915569.354252,float,C,25.17763188639966,,,,,observed,SimulatedDroppingStream,{'ground_truth': 25.17763188639966},observed.temp-1
reconstructed,temp-1,temp-1-1758915569354,1758915569.354252,1758915569.354252,1758915569.354252,float,C,25.17763188639966,23.67985713904192,observed,1.0,False,observed,SimulatedDroppingStream,{'ground_truth': 25.17763188639966},reconstructed.temp-1
groundtruth,temp-1,temp-1-1758915923356,1758915923.3564172,1758915923.3564172,1758915923.3564172,float,C,26.28369955962188,,,,,groundtruth,GroundTruthStream,{'ground_truth': 26.28369955962188},groundtruth.temp-1
observed,temp-1,temp-1-1758915570347,1758915570.347659,1758915570.3509407,1758915570.347659,float,C,,,,,,missing,SimulatedDroppingStream,{},observed.temp-1
reconstructed,temp-1,temp-1-1758915570347,1758915570.347659,1758915570.3509407,1758915570.347659,float,C,25.920102122498967,25.920102122498967,KalmanFilter,0.5963706809970905,True,reconstructed,SimulatedDroppingStream,{},reconstructed.temp-1
groundtruth,temp-1,temp-1-1758915925361,1758915925.3618057,1758915925.3618057,1758915925.3618057,float,C,23.2384163846763,,,,,groundtruth,GroundTruthStream,{'ground_truth': 23.2384163846763},groundtruth.temp-1
observed,temp-1,temp-1-1758915571352,1758915571.3528583,1758915571.3528583,1758915571.3528583,float,C,20.507440642691343,,,,,observed,SimulatedDroppingStream,{'ground_truth': 20.507440642691343},observed.temp-1
reconstructed,temp-1,temp-1-1758915571352,1758915571.3528583,1758915571.3528583,1758915571.3528583,float,C,20.507440642691343,20.80130339176523,observed,1.0,False,observed,SimulatedDroppingStream,{'ground_truth': 20.507440642691343},reconstructed.temp-1
groundtruth,temp-1,temp-1-1758915926351,1758915926.3511293,1758915926.3511293,1758915926.3511293,float,C,27.310957647641942,,,,,groundtruth,GroundTruthStream,{'ground_truth': 27.310957647641942},groundtruth.temp-1
observed,temp-1,temp-1-1758915572347,1758915572.347659,1758915572.349189,1758915572.347659,float,C,,,,,,missing,SimulatedDroppingStream,{},observed.temp-1
reconstructed,temp-1,temp-1-1758915572347,1758915572.347659,1758915572.349189,1758915572.347659,float,C,19.47957110044976,19.47957110044976,KalmanFilter,0.5963699780364682,True,reconstructed,SimulatedDroppingStream,{},reconstructed.temp-1
groundtruth,temp-1,temp-1-1758915927350,1758915927.3509383,1758915927.3509383,1758915927.3509383,float,C,22.917406376764806,,,,,groundtruth,GroundTruthStream,{'ground_truth': 22.917406376764806},groundtruth.temp-1
observed,temp-1,temp-1-1758915573350,1758915573.350992,1758915573.350992,1758915573.350992,float,C,20.84248542787491,,,,,observed,SimulatedDroppingStream,{'ground_truth': 20.84248542787491},observed.temp-1
reconstructed,temp-1,temp-1-1758915573350,1758915573.350992,1758915573.350992,1758915573.350992,float,C,20.84248542787491,20.748118602824707,observed,1.0,False,observed,SimulatedDroppingStream,{'ground_truth': 20.84248542787491},reconstructed.temp-1
groundtruth,temp-1,temp-1-1758915928358,1758915928.35857,1758915928.35857,1758915928.35857,float,C,17.776905149968886,,,,,groundtruth,GroundTruthStream,{'ground_truth': 17.776905149968886},groundtruth.temp-1
observed,temp-1,temp-1-1758915574353,1758915574.3535004,1758915574.3535004,1758915574.3535004,float,C,19.760341718786627,,,,,observed,SimulatedDroppingStream,{'ground_truth': 19.760341718786627},observed.temp-1
reconstructed,temp-1,temp-1-1758915574353,1758915574.3535004,1758915574.3535004,1758915574.3535004,float,C,19.760341718786627,19.913408325771698,observed,1.0,False,observed,SimulatedDroppingStream,{'ground_truth': 19.760341718786627},reconstructed.temp-1
groundtruth,temp-1,temp-1-1758915929350,1758915929.3504338,1758915929.3504338,1758915929.3504338,float,C,28.94826463708688,,,,,groundtruth,GroundTruthStream,{'ground_truth': 28.94826463708688},groundtruth.temp-1
observed,temp-1,temp-1-1758915575352,1758915575.352316,1758915575.352316,1758915575.352316,float,C,18.05279607046903,,,,,observed,SimulatedDroppingStream,{'ground_truth': 18.05279607046903},observed.temp-1
reconstructed,temp-1,temp-1-1758915575352,1758915575.352316,1758915575.352316,1758915575.352316,float,C,18.05279607046903,18.213803914298943,observed,1.0,False,observed,SimulatedDroppingStream,{'ground_truth': 18.05279607046903},reconstructed.temp-1
groundtruth,temp-1,temp-1-1758915930360,1758915930.3608117,1758915930.3608117,1758915930.3608117,float,C,15.35672861292398,,,,,groundtruth,GroundTruthStream,{'ground_truth': 15.35672861292398},groundtruth.temp-1
observed,temp-1,temp-1-1758915576347,1758915576.347659,1758915576.3491771,1758915576.347659,float,C,,,,,,missing,SimulatedDroppingStream,{},observed.temp-1
reconstructed,temp-1,temp-1-1758915576347,1758915576.347659,1758915576.3491771,1758915576.347659,float,C,16.489323768714083,16.489323768714083,KalmanFilter,0.5929200310908973,True,reconstructed,SimulatedDroppingStream,{},reconstructed.temp-1
groundtruth,temp-1,temp-1-1758915931358,1758915931.3589058,1758915931.3589058,1758915931.3589058,float,C,24.633959913444663,,,,,groundtruth,GroundTruthStream,{'ground_truth': 24.633959913444663},groundtruth.temp-1
observed,temp-1,temp-1-1758915577353,1758915577.3536713,1758915577.3536713,1758915577.3536713,float,C,24.553683169402618,,,,,observed,SimulatedDroppingStream,{'ground_truth': 24.553683169402618},observed.temp-1
reconstructed,temp-1,temp-1-1758915577353,1758915577.3536713,1758915577.3536713,1758915577.3536713,float,C,24.553683169402618,24.223957947830655,observed,1.0,False,observed,SimulatedDroppingStream,{'ground_truth': 24.553683169402618},reconstructed.temp-1
groundtruth,temp-1,temp-1-1758915932356,1758915932.3560245,1758915932.3560245,1758915932.3560245,float,C,20.13247097634789,,,,,groundtruth,GroundTruthStream,{'ground_truth': 20.13247097634789},groundtruth.temp-1
observed,temp-1,temp-1-1758915578362,1758915578.3623931,1758915578.3623931,1758915578.3623931,float,C,24.52055500376556,,,,,observed,SimulatedDroppingStream,{'ground_truth': 24.52055500376556},observed.temp-1
reconstructed,temp-1,temp-1-1758915578362,1758915578.3623931,1758915578.3623931,1758915578.3623931,float,C,24.52055500376556,25.06262836914463,observed,1.0,False,observed,SimulatedDroppingStream,{'ground_truth': 24.52055500376556},reconstructed.temp-1
groundtruth,temp-1,temp-1-1758915933359,1758915933.359929,1758915933.359929,1758915933.359929,float,C,20.904178600354214,,,,,groundtruth,GroundTruthStream,{'ground_truth': 20.904178600354214},groundtruth.temp-1
observed,temp-1,temp-1-1758915579360,1758915579.360058,1758915579.360058,1758915579.360058,float,C,24.927615181283784,,,,,observed,SimulatedDroppingStream,{'ground_truth': 24.927615181283784},observed.temp-1
reconstructed,temp-1,temp-1-1758915579360,1758915579.360058,1758915579.360058,1758915579.360058,float,C,24.927615181283784,25.22739706763165,observed,1.0,False,observed,SimulatedDroppingStream,{'ground_truth': 24.927615181283784},reconstructed.temp-1
groundtruth,temp-1,temp-1-1758915934359,1758915934.35912,1758915934.35912,1758915934.35912,float,C,23.847980882578653,,,,,groundtruth,GroundTruthStream,{'ground_truth': 23.847980882578653},groundtruth.temp-1
observed,temp-1,temp-1-1758915580357,1758915580.3575563,1758915580.3575563,1758915580.3575563,float,C,21.705243476662602,,,,,observed,SimulatedDroppingStream,{'ground_truth': 21.705243476662602},observed.temp-1
reconstructed,temp-1,temp-1-1758915580357,1758915580.3575563,1758915580.3575563,1758915580.3575563,float,C,21.705243476662602,22.215696456183277,observed,1.0,False,observed,SimulatedDroppingStream,{'ground_truth': 21.705243476662602},reconstructed.temp-1
groundtruth,temp-1,temp-1-1758915936358,1758915936.3580713,1758915936.3580713,1758915936.3580713,float,C,18.2420482267389,,,,,groundtruth,GroundTruthStream,{'ground_truth': 18.2420482267389},groundtruth.temp-1
observed,temp-1,temp-1-1758915581354,1758915581.3544245,1758915581.3544245,1758915581.3544245,float,C,24.754492502070264,,,,,observed,SimulatedDroppingStream,{'ground_truth': 24.754492502070264},observed.temp-1
reconstructed,temp-1,temp-1-1758915581354,1758915581.3544245,1758915581.3544245,1758915581.3544245,float,C,24.754492502070264,24.010992905348026,observed,1.0,False,observed,SimulatedDroppingStream,{'ground_truth': 24.754492502070264},reconstructed.temp-1
groundtruth,temp-1,temp-1-1758915937352,1758915937.3528907,1758915937.3528907,1758915937.3528907,float,C,15.262088317799646,,,,,groundtruth,GroundTruthStream,{'ground_truth': 15.262088317799646},groundtruth.temp-1
observed,temp-1,temp-1-1758915582347,1758915582.347659,1758915582.3608708,1758915582.347659,float,C,,,,,,missing,SimulatedDroppingStream,{},observed.temp-1
reconstructed,temp-1,temp-1-1758915582347,1758915582.347659,1758915582.3608708,1758915582.347659,float,C,24.269762248029334,24.269762248029334,KalmanFilter,0.5973073007029481,True,reconstructed,SimulatedDroppingStream,{},reconstructed.temp-1
groundtruth,temp-1,temp-1-1758915938354,1758915938.354517,1758915938.354517,1758915938.354517,float,C,20.144608320809894,,,,,groundtruth,GroundTruthStream,{'ground_truth': 20.144608320809894},groundtruth.temp-1
observed,temp-1,temp-1-1758915583359,1758915583.3599255,1758915583.3599255,1758915583.3599255,float,C,19.739540874153114,,,,,observed,SimulatedDroppingStream,{'ground_truth': 19.739540874153114},observed.temp-1
reconstructed,temp-1,temp-1-1758915583359,1758915583.3599255,1758915583.3599255,1758915583.3599255,float,C,19.739540874153114,19.9006571463238,observed,1.0,False,observed,SimulatedDroppingStream,{'ground_truth': 19.739540874153114},reconstructed.temp-1
groundtruth,temp-1,temp-1-1758915939353,1758915939.3532214,1758915939.3532214,1758915939.3532214,float,C,22.100091964957485,,,,,groundtruth,GroundTruthStream,{'ground_truth': 22.100091964957485},groundtruth.temp-1
observed,temp-1,temp-1-1758915584357,1758915584.3571644,1758915584.3571644,1758915584.3571644,float,C,23.821868928703154,,,,,observed,SimulatedDroppingStream,{'ground_truth': 23.821868928703154},observed.temp-1
reconstructed,temp-1,temp-1-1758915584357,1758915584.3571644,1758915584.3571644,1758915584.3571644,float,C,23.821868928703154,22.943331522689718,observed,1.0,False,observed,SimulatedDroppingStream,{'ground_truth': 23.821868928703154},reconstructed.temp-1
groundtruth,temp-1,temp-1-1758915940357,1758915940.3576298,1758915940.3576298,1758915940.3576298,float,C,17.92001177252381,,,,,groundtruth,GroundTruthStream,{'ground_truth': 17.92001177252381},groundtruth.temp-1
observed,temp-1,temp-1-1758915585361,1758915585.3616216,1758915585.3616216,1758915585.3616216,float,C,24.892196739176985,,,,,observed,SimulatedDroppingStream,{'ground_truth': 24.892196739176985},observed.temp-1
reconstructed,temp-1,temp-1-1758915585361,1758915585.3616216,1758915585.3616216,1758915585.3616216,float,C,24.892196739176985,24.918597771309756,observed,1.0,False,observed,SimulatedDroppingStream,{'ground_truth': 24.892196739176985},reconstructed.temp-1
groundtruth,temp-1,temp-1-1758915942361,1758915942.3611705,1758915942.3611705,1758915942.3611705,float,C,17.528993370954236,,,,,groundtruth,GroundTruthStream,{'ground_truth': 17.528993370954236},groundtruth.temp-1
observed,temp-1,temp-1-1758915586362,1758915586.3628871,1758915586.3628871,1758915586.3628871,float,C,19.727447667917556,,,,,observed,SimulatedDroppingStream,{'ground_truth': 19.727447667917556},observed.temp-1
reconstructed,temp-1,temp-1-1758915586362,1758915586.3628871,1758915586.3628871,1758915586.3628871,float,C,19.727447667917556,20.768173409727282,observed,1.0,False,observed,SimulatedDroppingStream,{'ground_truth': 19.727447667917556},reconstructed.temp-1
groundtruth,temp-1,temp-1-1758915943364,1758915943.3641357,1758915943.3641357,1758915943.3641357,float,C,25.90533158467722,,,,,groundtruth,GroundTruthStream,{'ground_truth': 25.90533158467722},groundtruth.temp-1
observed,temp-1,temp-1-1758915587351,1758915587.351485,1758915587.351485,1758915587.351485,float,C,28.727382859578054,,,,,observed,SimulatedDroppingStream,{'ground_truth': 28.727382859578054},observed.temp-1
reconstructed,temp-1,temp-1-1758915587351,1758915587.351485,1758915587.351485,1758915587.351485,float,C,28.727382859578054,27.32161000744354,observed,1.0,False,observed,SimulatedDroppingStream,{'ground_truth': 28.727382859578054},reconstructed.temp-1
groundtruth,temp-1,temp-1-1758915945361,1758915945.3617992,1758915945.3617992,1758915945.3617992,float,C,20.154151752468252,,,,,groundtruth,GroundTruthStream,{'ground_truth': 20.154151752468252},groundtruth.temp-1
observed,temp-1,temp-1-1758915588353,1758915588.3532925,1758915588.3532925,1758915588.3532925,float,C,24.36805268403236,,,,,observed,SimulatedDroppingStream,{'ground_truth': 24.36805268403236},observed.temp-1
reconstructed,temp-1,temp-1-1758915588353,1758915588.3532925,1758915588.3532925,1758915588.3532925,float,C,24.36805268403236,25.407866514824285,observed,1.0,False,observed,SimulatedDroppingStream,{'ground_truth': 24.36805268403236},reconstructed.temp-1
groundtruth,temp-1,temp-1-1758915946361,1758915946.3615432,1758915946.3615432,1758915946.3615432,float,C,25.961157646664503,,,,,groundtruth,GroundTruthStream,{'ground_truth': 25.961157646664503},groundtruth.temp-1
observed,temp-1,temp-1-1758915589358,1758915589.3580747,1758915589.3580747,1758915589.3580747,float,C,18.37985706899607,,,,,observed,SimulatedDroppingStream,{'ground_truth': 18.37985706899607},observed.temp-1
reconstructed,temp-1,temp-1-1758915589358,1758915589.3580747,1758915589.3580747,1758915589.3580747,float,C,18.37985706899607,19.28592936908143,observed,1.0,False,observed,SimulatedDroppingStream,{'ground_truth': 18.37985706899607},reconstructed.temp-1
groundtruth,temp-1,temp-1-1758915947359,1758915947.359947,1758915947.359947,1758915947.359947,float,C,15.878337702798627,,,,,groundtruth,GroundTruthStream,{'ground_truth': 15.878337702798627},groundtruth.temp-1
observed,temp-1,temp-1-1758915590347,1758915590.347659,1758915590.357411,1758915590.347659,float,C,,,,,,missing,SimulatedDroppingStream,{},observed.temp-1
reconstructed,temp-1,temp-1-1758915590347,1758915590.347659,1758915590.357411,1758915590.347659,float,C,12.987761209015884,12.987761209015884,KalmanFilter,0.5973144561388426,True,reconstructed,SimulatedDroppingStream,{},reconstructed.temp-1
groundtruth,temp-1,temp-1-1758915948359,1758915948.359842,1758915948.359842,1758915948.359842,float,C,20.168471061521075,,,,,groundtruth,GroundTruthStream,{'ground_truth': 20.168471061521075},groundtruth.temp-1
observed,temp-1,temp-1-1758915591359,1758915591.3598132,1758915591.3598132,1758915591.3598132,float,C,21.878471320051418,,,,,observed,SimulatedDroppingStream,{'ground_truth': 21.878471320051418},observed.temp-1
reconstructed,temp-1,temp-1-1758915591359,1758915591.3598132,1758915591.3598132,1758915591.3598132,float,C,21.878471320051418,21.306857785457957,observed,1.0,False,observed,SimulatedDroppingStream,{'ground_truth': 21.878471320051418},reconstructed.temp-1
groundtruth,temp-1,temp-1-1758915951356,1758915951.3563647,1758915951.3563647,1758915951.3563647,float,C,20.086393180797828,,,,,groundtruth,GroundTruthStream,{'ground_truth': 20.086393180797828},groundtruth.temp-1
observed,temp-1,temp-1-1758915592362,1758915592.3624907,1758915592.3624907,1758915592.3624907,float,C,17.085817050966423,,,,,observed,SimulatedDroppingStream,{'ground_truth': 17.085817050966423},observed.temp-1
reconstructed,temp-1,temp-1-1758915592362,1758915592.3624907,1758915592.3624907,1758915592.3624907,float,C,17.085817050966423,17.801035977441778,observed,1.0,False,observed,SimulatedDroppingStream,{'ground_truth': 17.085817050966423},reconstructed.temp-1
groundtruth,temp-1,temp-1-1758915952359,1758915952.3594916,1758915952.3594916,1758915952.3594916,float,C,18.568211743298757,,,,,groundtruth,GroundTruthStream,{'ground_truth': 18.568211743298757},groundtruth.temp-1
observed,temp-1,temp-1-1758915593354,1758915593.354729,1758915593.354729,1758915593.354729,float,C,16.59882183824459,,,,,observed,SimulatedDroppingStream,{'ground_truth': 16.59882183824459},observed.temp-1
reconstructed,temp-1,temp-1-1758915593354,1758915593.354729,1758915593.354729,1758915593.354729,float,C,16.59882183824459,16.435019598833662,observed,1.0,False,observed,SimulatedDroppingStream,{'ground_truth': 16.59882183824459},reconstructed.temp-1
groundtruth,temp-1,temp-1-1758915953357,1758915953.3579214,1758915953.3579214,1758915953.3579214,float,C,27.32410314048561,,,,,groundtruth,GroundTruthStream,{'ground_truth': 27.32410314048561},groundtruth.temp-1
observed,temp-1,temp-1-1758915594362,1758915594.3623877,1758915594.3623877,1758915594.3623877,float,C,27.86461667247103,,,,,observed,SimulatedDroppingStream,{'ground_truth': 27.86461667247103},observed.temp-1
reconstructed,temp-1,temp-1-1758915594362,1758915594.3623877,1758915594.3623877,1758915594.3623877,float,C,27.86461667247103,26.16290221051322,observed,1.0,False,observed,SimulatedDroppingStream,{'ground_truth': 27.86461667247103},reconstructed.temp-1
groundtruth,temp-1,temp-1-1758915955362,1758915955.3626037,1758915955.3626037,1758915955.3626037,float,C,27.981138469694358,,,,,groundtruth,GroundTruthStream,{'ground_truth': 27.981138469694358},groundtruth.temp-1
observed,temp-1,temp-1-1758915595355,1758915595.3552008,1758915595.3552008,1758915595.3552008,float,C,27.066485569488595,,,,,observed,SimulatedDroppingStream,{'ground_truth': 27.066485569488595},observed.temp-1
reconstructed,temp-1,temp-1-1758915595355,1758915595.3552008,1758915595.3552008,1758915595.3552008,float,C,27.066485569488595,28.121562322291044,observed,1.0,False,observed,SimulatedDroppingStream,{'ground_truth': 27.066485569488595},reconstructed.temp-1
groundtruth,temp-1,temp-1-1758915956362,1758915956.3622217,1758915956.3622217,1758915956.3622217,float,C,21.525495452878857,,,,,groundtruth,GroundTruthStream,{'ground_truth': 21.525495452878857},groundtruth.temp-1
observed,temp-1,temp-1-1758915596347,1758915596.347659,1758915596.3632796,1758915596.347659,float,C,,,,,,missing,SimulatedDroppingStream,{},observed.temp-1
reconstructed,temp-1,temp-1-1758915596347,1758915596.347659,1758915596.3632796,1758915596.347659,float,C,33.49811995706168,33.49811995706168,KalmanFilter,0.5973085183720612,True,reconstructed,SimulatedDroppingStream,{},reconstructed.temp-1
groundtruth,temp-1,temp-1-1758915957349,1758915957.3490536,1758915957.3490536,1758915957.3490536,float,C,17.727401861024845,,,,,groundtruth,GroundTruthStream,{'ground_truth': 17.727401861024845},groundtruth.temp-1
observed,temp-1,temp-1-1758915597352,1758915597.3527246,1758915597.3527246,1758915597.3527246,float,C,22.114397607077493,,,,,observed,SimulatedDroppingStream,{'ground_truth': 22.114397607077493},observed.temp-1
reconstructed,temp-1,temp-1-1758915597352,1758915597.3527246,1758915597.3527246,1758915597.3527246,float,C,22.114397607077493,22.70125105243177,observed,1.0,False,observed,SimulatedDroppingStream,{'ground_truth': 22.114397607077493},reconstructed.temp-1
groundtruth,temp-1,temp-1-1758915958351,1758915958.3514626,1758915958.3514626,1758915958.3514626,float,C,16.6274297864459,,,,,groundtruth,GroundTruthStream,{'ground_truth': 16.6274297864459},groundtruth.temp-1
observed,temp-1,temp-1-1758915598357,1758915598.3573954,1758915598.3573954,1758915598.3573954,float,C,18.299484388582588,,,,,observed,SimulatedDroppingStream,{'ground_truth': 18.299484388582588},observed.temp-1
reconstructed,temp-1,temp-1-1758915598357,1758915598.3573954,1758915598.3573954,1758915598.3573954,float,C,18.299484388582588,18.250380359556925,observed,1.0,False,observed,SimulatedDroppingStream,{'ground_truth': 18.299484388582588},reconstructed.temp-1
groundtruth,temp-1,temp-1-1758915959354,1758915959.354282,1758915959.354282,1758915959.354282,float,C,26.24166098603302,,,,,groundtruth,GroundTruthStream,{'ground_truth': 26.24166098603302},groundtruth.temp-1
observed,temp-1,temp-1-1758915599347,1758915599.347659,1758915599.3569677,1758915599.347659,float,C,,,,,,missing,SimulatedDroppingStream,{},observed.temp-1
reconstructed,temp-1,temp-1-1758915599347,1758915599.347659,1758915599.3569677,1758915599.347659,float,C,11.739866040433684,11.739866040433684,KalmanFilter,0.5843261165999146,True,reconstructed,SimulatedDroppingStream,{},reconstructed.temp-1
groundtruth,temp-1,temp-1-1758915960364,1758915960.3640275,1758915960.3640275,1758915960.3640275,float,C,27.630085812531597,,,,,groundtruth,GroundTruthStream,{'ground_truth': 27.630085812531597},groundtruth.temp-1
observed,temp-1,temp-1-1758915600358,1758915600.3580272,1758915600.3580272,1758915600.3580272,float,C,18.357246933004813,,,,,observed,SimulatedDroppingStream,{'ground_truth': 18.357246933004813},observed.temp-1
reconstructed,temp-1,temp-1-1758915600358,1758915600.3580272,1758915600.3580272,1758915600.3580272,float,C,18.357246933004813,17.891284020759503,observed,1.0,False,observed,SimulatedDroppingStream,{'ground_truth': 18.357246933004813},reconstructed.temp-1
groundtruth,temp-1,temp-1-1758915961354,1758915961.3544881,1758915961.3544881,1758915961.3544881,float,C,16.861004716606402,,,,,groundtruth,GroundTruthStream,{'ground_truth': 16.861004716606402},groundtruth.temp-1
observed,temp-1,temp-1-1758915601350,1758915601.3504179,1758915601.3504179,1758915601.3504179,float,C,16.550756383017745,,,,,observed,SimulatedDroppingStream,{'ground_truth': 16.550756383017745},observed.temp-1
reconstructed,temp-1,temp-1-1758915601350,1758915601.3504179,1758915601.3504179,1758915601.3504179,float,C,16.550756383017745,16.725434614136677,observed,1.0,False,observed,SimulatedDroppingStream,{'ground_truth': 16.550756383017745},reconstructed.temp-1
groundtruth,temp-1,temp-1-1758915963351,1758915963.3512745,1758915963.3512745,1758915963.3512745,float,C,27.33366402190133,,,,,groundtruth,GroundTruthStream,{'ground_truth': 27.33366402190133},groundtruth.temp-1
observed,temp-1,temp-1-1758915602347,1758915602.347659,1758915602.351286,1758915602.347659,float,C,,,,,,missing,SimulatedDroppingStream,{},observed.temp-1
reconstructed,temp-1,temp-1-1758915602347,1758915602.347659,1758915602.351286,1758915602.347659,float,C,16.25511946565163,16.25511946565163,KalmanFilter,0.584244351840585,True,reconstructed,SimulatedDroppingStream,{},reconstructed.temp-1
groundtruth,temp-1,temp-1-1758915964351,1758915964.351616,1758915964.351616,1758915964.351616,float,C,16.817537316042863,,,,,groundtruth,GroundTruthStream,{'ground_truth': 16.817537316042863},groundtruth.temp-1
observed,temp-1,temp-1-1758915603357,1758915603.357903,1758915603.357903,1758915603.357903,float,C,20.773355545858447,,,,,observed,SimulatedDroppingStream,{'ground_truth': 20.773355545858447},observed.temp-1
reconstructed,temp-1,temp-1-1758915603357,1758915603.357903,1758915603.357903,1758915603.357903,float,C,20.773355545858447,20.62918970787935,observed,1.0,False,observed,SimulatedDroppingStream,{'ground_truth': 20.773355545858447},reconstructed.temp-1
groundtruth,temp-1,temp-1-1758915965353,1758915965.3537266,1758915965.3537266,1758915965.3537266,float,C,19.78623053824131,,,,,groundtruth,GroundTruthStream,{'ground_truth': 19.78623053824131},groundtruth.temp-1
observed,temp-1,temp-1-1758915604355,1758915604.3553596,1758915604.3553596,1758915604.3553596,float,C,22.70870954432872,,,,,observed,SimulatedDroppingStream,{'ground_truth': 22.70870954432872},observed.temp-1
reconstructed,temp-1,temp-1-1758915604355,1758915604.3553596,1758915604.3553596,1758915604.3553596,float,C,22.70870954432872,22.87836471975825,observed,1.0,False,observed,SimulatedDroppingStream,{'ground_truth': 22.70870954432872},reconstructed.temp-1
groundtruth,temp-1,temp-1-1758915966353,1758915966.3535738,1758915966.3535738,1758915966.3535738,float,C,16.92745788160732,,,,,groundtruth,GroundTruthStream,{'ground_truth': 16.92745788160732},groundtruth.temp-1
observed,temp-1,temp-1-1758915605352,1758915605.3520846,1758915605.3520846,1758915605.3520846,float,C,22.439931532476116,,,,,observed,SimulatedDroppingStream,{'ground_truth': 22.439931532476116},observed.temp-1
reconstructed,temp-1,temp-1-1758915605352,1758915605.3520846,1758915605.3520846,1758915605.3520846,float,C,22.439931532476116,22.913531197556786,observed,1.0,False,observed,SimulatedDroppingStream,{'ground_truth': 22.439931532476116},reconstructed.temp-1
groundtruth,temp-1,temp-1-1758915967355,1758915967.3557272,1758915967.3557272,1758915967.3557272,float,C,28.290860451878597,,,,,groundtruth,GroundTruthStream,{'ground_truth': 28.290860451878597},groundtruth.temp-1
observed,temp-1,temp-1-1758915606363,1758915606.3634226,1758915606.3634226,1758915606.3634226,float,C,16.000348817459013,,,,,observed,SimulatedDroppingStream,{'ground_truth': 16.000348817459013},observed.temp-1
reconstructed,temp-1,temp-1-1758915606363,1758915606.3634226,1758915606.3634226,1758915606.3634226,float,C,16.000348817459013,16.99077626748662,observed,1.0,False,observed,SimulatedDroppingStream,{'ground_truth': 16.000348817459013},reconstructed.temp-1
groundtruth,temp-1,temp-1-1758915968358,1758915968.3585973,1758915968.3585973,1758915968.3585973,float,C,27.440877309914796,,,,,groundtruth,GroundTruthStream,{'ground_truth': 27.440877309914796},groundtruth.temp-1
observed,temp-1,temp-1-1758915607349,1758915607.34907,1758915607.34907,1758915607.34907,float,C,18.087266285248795,,,,,observed,SimulatedDroppingStream,{'ground_truth': 18.087266285248795},observed.temp-1
reconstructed,temp-1,temp-1-1758915607349,1758915607.34907,1758915607.34907,1758915607.34907,float,C,18.087266285248795,17.186768094696575,observed,1.0,False,observed,SimulatedDroppingStream,{'ground_truth': 18.087266285248795},reconstructed.temp-1
groundtruth,temp-1,temp-1-1758915969356,1758915969.3563404,1758915969.3563404,1758915969.3563404,float,C,24.42258559967089,,,,,groundtruth,GroundTruthStream,{'ground_truth': 24.42258559967089},groundtruth.temp-1
observed,temp-1,temp-1-1758915608352,1758915608.3525476,1758915608.3525476,1758915608.3525476,float,C,23.718740382991978,,,,,observed,SimulatedDroppingStream,{'ground_truth': 23.718740382991978},observed.temp-1
reconstructed,temp-1,temp-1-1758915608352,1758915608.3525476,1758915608.3525476,1758915608.3525476,float,C,23.718740382991978,22.59058897405957,observed,1.0,False,observed,SimulatedDroppingStream,{'ground_truth': 23.718740382991978},reconstructed.temp-1
groundtruth,temp-1,temp-1-1758915971361,1758915971.361949,1758915971.361949,1758915971.361949,float,C,20.84774407855513,,,,,groundtruth,GroundTruthStream,{'ground_truth': 20.84774407855513},groundtruth.temp-1
observed,temp-1,temp-1-1758915609350,1758915609.3503206,1758915609.3503206,1758915609.3503206,float,C,17.66147402512062,,,,,observed,SimulatedDroppingStream,{'ground_truth': 17.66147402512062},observed.temp-1
reconstructed,temp-1,temp-1-1758915609350,1758915609.3503206,1758915609.3503206,1758915609.3503206,float,C,17.66147402512062,18.908465591020374,observed,1.0,False,observed,SimulatedDroppingStream,{'ground_truth': 17.66147402512062},reconstructed.temp-1
groundtruth,temp-1,temp-1-1758915972352,1758915972.352072,1758915972.352072,1758915972.352072,float,C,28.3408940198414,,,,,groundtruth,GroundTruthStream,{'ground_truth': 28.3408940198414},groundtruth.temp-1
observed,temp-1,temp-1-1758915610357,1758915610.357724,1758915610.357724,1758915610.357724,float,C,18.75919137604016,,,,,observed,SimulatedDroppingStream,{'ground_truth': 18.75919137604016},observed.temp-1
reconstructed,temp-1,temp-1-1758915610357,1758915610.357724,1758915610.357724,1758915610.357724,float,C,18.75919137604016,18.57643114895459,observed,1.0,False,observed,SimulatedDroppingStream,{'ground_truth': 18.75919137604016},reconstructed.temp-1
groundtruth,temp-1,temp-1-1758915973354,1758915973.3543174,1758915973.3543174,1758915973.3543174,float,C,26.385883664031212,,,,,groundtruth,GroundTruthStream,{'ground_truth': 26.385883664031212},groundtruth.temp-1
observed,temp-1,temp-1-1758915611359,1758915611.3590982,1758915611.3590982,1758915611.3590982,float,C,15.020255131164143,,,,,observed,SimulatedDroppingStream,{'ground_truth': 15.020255131164143},observed.temp-1
reconstructed,temp-1,temp-1-1758915611359,1758915611.3590982,1758915611.3590982,1758915611.3590982,float,C,15.020255131164143,15.348591113940733,observed,1.0,False,observed,SimulatedDroppingStream,{'ground_truth': 15.020255131164143},reconstructed.temp-1
groundtruth,temp-1,temp-1-1758915974361,1758915974.3610914,1758915974.3610914,1758915974.3610914,float,C,15.091834400301343,,,,,groundtruth,GroundTruthStream,{'ground_truth': 15.091834400301343},groundtruth.temp-1
observed,temp-1,temp-1-1758915612356,1758915612.356544,1758915612.356544,1758915612.356544,float,C,17.542817794370087,,,,,observed,SimulatedDroppingStream,{'ground_truth': 17.542817794370087},observed.temp-1
reconstructed,temp-1,temp-1-1758915612356,1758915612.356544,1758915612.356544,1758915612.356544,float,C,17.542817794370087,16.816371044500805,observed,1.0,False,observed,SimulatedDroppingStream,{'ground_truth': 17.542817794370087},reconstructed.temp-1
groundtruth,temp-1,temp-1-1758915975361,1758915975.3616948,1758915975.3616948,1758915975.3616948,float,C,17.718065602953047,,,,,groundtruth,GroundTruthStream,{'ground_truth': 17.718065602953047},groundtruth.temp-1
observed,temp-1,temp-1-1758915613361,1758915613.361313,1758915613.361313,1758915613.361313,float,C,17.865702081387933,,,,,observed,SimulatedDroppingStream,{'ground_truth': 17.865702081387933},observed.temp-1
reconstructed,temp-1,temp-1-1758915613361,1758915613.361313,1758915613.361313,1758915613.361313,float,C,17.865702081387933,17.77740881212657,observed,1.0,False,observed,SimulatedDroppingStream,{'ground_truth': 17.865702081387933},reconstructed.temp-1
groundtruth,temp-1,temp-1-1758915976360,1758915976.3601453,1758915976.3601453,1758915976.3601453,float,C,15.287508477494686,,,,,groundtruth,GroundTruthStream,{'ground_truth': 15.287508477494686},groundtruth.temp-1
observed,temp-1,temp-1-1758915614357,1758915614.357817,1758915614.357817,1758915614.357817,float,C,23.788631256568905,,,,,observed,SimulatedDroppingStream,{'ground_truth': 23.788631256568905},observed.temp-1
reconstructed,temp-1,temp-1-1758915614357,1758915614.357817,1758915614.357817,1758915614.357817,float,C,23.788631256568905,23.19833931813533,observed,1.0,False,observed,SimulatedDroppingStream,{'ground_truth': 23.788631256568905},reconstructed.temp-1
groundtruth,temp-1,temp-1-1758915977359,1758915977.3596292,1758915977.3596292,1758915977.3596292,float,C,29.133051208218085,,,,,groundtruth,GroundTruthStream,{'ground_truth': 29.133051208218085},groundtruth.temp-1
observed,temp-1,temp-1-1758915615347,1758915615.347659,1758915615.3526769,1758915615.347659,float,C,,,,,,missing,SimulatedDroppingStream,{},observed.temp-1
reconstructed,temp-1,temp-1-1758915615347,1758915615.347659,1758915615.3526769,1758915615.347659,float,C,29.153305956021626,29.153305956021626,KalmanFilter,0.597437460410597,True,reconstructed,SimulatedDroppingStream,{},reconstructed.temp-1
groundtruth,temp-1,temp-1-1758915978364,1758915978.3642244,1758915978.3642244,1758915978.3642244,float,C,24.224478636212503,,,,,groundtruth,GroundTruthStream,{'ground_truth': 24.224478636212503},groundtruth.temp-1
observed,temp-1,temp-1-1758915616355,1758915616.355577,1758915616.355577,1758915616.355577,float,C,21.240759734506334,,,,,observed,SimulatedDroppingStream,{'ground_truth': 21.240759734506334},observed.temp-1
reconstructed,temp-1,temp-1-1758915616355,1758915616.355577,1758915616.355577,1758915616.355577,float,C,21.240759734506334,21.75794589662436,observed,1.0,False,observed,SimulatedDroppingStream,{'ground_truth': 21.240759734506334},reconstructed.temp-1
groundtruth,temp-1,temp-1-1758915980360,1758915980.3605793,1758915980.3605793,1758915980.3605793,float,C,17.65429800700113,,,,,groundtruth,GroundTruthStream,{'ground_truth': 17.65429800700113},groundtruth.temp-1
observed,temp-1,temp-1-1758915617356,1758915617.3561952,1758915617.3561952,1758915617.3561952,float,C,23.15677183739195,,,,,observed,SimulatedDroppingStream,{'ground_truth': 23.15677183739195},observed.temp-1
reconstructed,temp-1,temp-1-1758915617356,1758915617.3561952,1758915617.3561952,1758915617.3561952,float,C,23.15677183739195,22.82074033772147,observed,1.0,False,observed,SimulatedDroppingStream,{'ground_truth': 23.15677183739195},reconstructed.temp-1
groundtruth,temp-1,temp-1-1758915981360,1758915981.3602858,1758915981.3602858,1758915981.3602858,float,C,28.871799321677877,,,,,groundtruth,GroundTruthStream,{'ground_truth': 28.871799321677877},groundtruth.temp-1
observed,temp-1,temp-1-1758915618360,1758915618.3608267,1758915618.3608267,1758915618.3608267,float,C,26.698539241314087,,,,,observed,SimulatedDroppingStream,{'ground_truth': 26.698539241314087},observed.temp-1
reconstructed,temp-1,temp-1-1758915618360,1758915618.3608267,1758915618.3608267,1758915618.3608267,float,C,26.698539241314087,26.23223217703663,observed,1.0,False,observed,SimulatedDroppingStream,{'ground_truth': 26.698539241314087},reconstructed.temp-1
groundtruth,temp-1,temp-1-1758915984350,1758915984.3500454,1758915984.3500454,1758915984.3500454,float,C,26.716755545702753,,,,,groundtruth,GroundTruthStream,{'ground_truth': 26.716755545702753},groundtruth.temp-1
observed,temp-1,temp-1-1758915619362,1758915619.3620133,1758915619.3620133,1758915619.3620133,float,C,19.004854557622835,,,,,observed,SimulatedDroppingStream,{'ground_truth': 19.004854557622835},observed.temp-1
reconstructed,temp-1,temp-1-1758915619362,1758915619.3620133,1758915619.3620133,1758915619.3620133,float,C,19.004854557622835,20.31897283415632,observed,1.0,False,observed,SimulatedDroppingStream,{'ground_truth': 19.004854557622835},reconstructed.temp-1
groundtruth,temp-1,temp-1-1758915986354,1758915986.354557,1758915986.354557,1758915986.354557,float,C,17.84762107824613,,,,,groundtruth,GroundTruthStream,{'ground_truth': 17.84762107824613},groundtruth.temp-1
observed,temp-1,temp-1-1758915620351,1758915620.351162,1758915620.351162,1758915620.351162,float,C,28.472570654900395,,,,,observed,SimulatedDroppingStream,{'ground_truth': 28.472570654900395},observed.temp-1
reconstructed,temp-1,temp-1-1758915620351,1758915620.351162,1758915620.351162,1758915620.351162,float,C,28.472570654900395,26.79368302654249,observed,1.0,False,observed,SimulatedDroppingStream,{'ground_truth': 28.472570654900395},reconstructed.temp-1
groundtruth,temp-1,temp-1-1758915987355,1758915987.355833,1758915987.355833,1758915987.355833,float,C,24.368124889480843,,,,,groundtruth,GroundTruthStream,{'ground_truth': 24.368124889480843},groundtruth.temp-1
observed,temp-1,temp-1-1758915621352,1758915621.3525934,1758915621.3525934,1758915621.3525934,float,C,20.4654045076063,,,,,observed,SimulatedDroppingStream,{'ground_truth': 20.4654045076063},observed.temp-1
reconstructed,temp-1,temp-1-1758915621352,1758915621.3525934,1758915621.3525934,1758915621.3525934,float,C,20.4654045076063,21.822747474282355,observed,1.0,False,observed,SimulatedDroppingStream,{'ground_truth': 20.4654045076063},reconstructed.temp-1
groundtruth,temp-1,temp-1-1758915988357,1758915988.3578103,1758915988.3578103,1758915988.3578103,float,C,23.86564586272562,,,,,groundtruth,GroundTruthStream,{'ground_truth': 23.86564586272562},groundtruth.temp-1
observed,temp-1,temp-1-1758915622357,1758915622.3571186,1758915622.3571186,1758915622.3571186,float,C,24.57330371398326,,,,,observed,SimulatedDroppingStream,{'ground_truth': 24.57330371398326},observed.temp-1
reconstructed,temp-1,temp-1-1758915622357,1758915622.3571186,1758915622.3571186,1758915622.3571186,float,C,24.57330371398326,23.801852064404713,observed,1.0,False,observed,SimulatedDroppingStream,{'ground_truth': 24.57330371398326},reconstructed.temp-1
groundtruth,temp-1,temp-1-1758915989362,1758915989.3625848,1758915989.3625848,1758915989.3625848,float,C,16.08056002756699,,,,,groundtruth,GroundTruthStream,{'ground_truth': 16.08056002756699},groundtruth.temp-1
observed,temp-1,temp-1-1758915623359,1758915623.3590753,1758915623.3590753,1758915623.3590753,float,C,22.81845447918358,,,,,observed,SimulatedDroppingStream,{'ground_truth': 22.81845447918358},observed.temp-1
reconstructed,temp-1,temp-1-1758915623359,1758915623.3590753,1758915623.3590753,1758915623.3590753,float,C,22.81845447918358,23.015371291309595,observed,1.0,False,observed,SimulatedDroppingStream,{'ground_truth': 22.81845447918358},reconstructed.temp-1
groundtruth,temp-1,temp-1-1758915990351,1758915990.351639,1758915990.351639,1758915990.351639,float,C,16.179617392490325,,,,,groundtruth,GroundTruthStream,{'ground_truth': 16.179617392490325},groundtruth.temp-1
observed,temp-1,temp-1-1758915624347,1758915624.347659,1758915624.3604116,1758915624.347659,float,C,,,,,,missing,SimulatedDroppingStream,{},observed.temp-1
reconstructed,temp-1,temp-1-1758915624347,1758915624.347659,1758915624.3604116,1758915624.347659,float,C,22.544115953721523,22.544115953721523,KalmanFilter,0.5974127786227988,True,reconstructed,SimulatedDroppingStream,{},reconstructed.temp-1
groundtruth,temp-1,temp-1-1758915991357,1758915991.357069,1758915991.357069,1758915991.357069,float,C,29.86172562589315,,,,,groundtruth,GroundTruthStream,{'ground_truth': 29.86172562589315},groundtruth.temp-1
observed,temp-1,temp-1-1758915625352,1758915625.3528168,1758915625.3528168,1758915625.3528168,float,C,18.883541502731426,,,,,observed,SimulatedDroppingStream,{'ground_truth': 18.883541502731426},observed.temp-1
reconstructed,temp-1,temp-1-1758915625352,1758915625.3528168,1758915625.3528168,1758915625.3528168,float,C,18.883541502731426,18.984598560924393,observed,1.0,False,observed,SimulatedDroppingStream,{'ground_truth': 18.883541502731426},reconstructed.temp-1
groundtruth,temp-1,temp-1-1758915992362,1758915992.3624048,1758915992.3624048,1758915992.3624048,float,C,28.65521854218205,,,,,groundtruth,GroundTruthStream,{'ground_truth': 28.65521854218205},groundtruth.temp-1
observed,temp-1,temp-1-1758915626360,1758915626.3606074,1758915626.3606074,1758915626.3606074,float,C,29.99923323549394,,,,,observed,SimulatedDroppingStream,{'ground_truth': 29.99923323549394},observed.temp-1
reconstructed,temp-1,temp-1-1758915626360,1758915626.3606074,1758915626.3606074,1758915626.3606074,float,C,29.99923323549394,28.216676559120664,observed,1.0,False,observed,SimulatedDroppingStream,{'ground_truth': 29.99923323549394},reconstructed.temp-1
groundtruth,temp-1,temp-1-1758915993359,1758915993.359746,1758915993.359746,1758915993.359746,float,C,19.623930261375158,,,,,groundtruth,GroundTruthStream,{'ground_truth': 19.623930261375158},groundtruth.temp-1
observed,temp-1,temp-1-1758915627347,1758915627.347659,1758915627.3515744,1758915627.347659,float,C,,,,,,missing,SimulatedDroppingStream,{},observed.temp-1
reconstructed,temp-1,temp-1-1758915627347,1758915627.347659,1758915627.3515744,1758915627.347659,float,C,36.52708907637555,36.52708907637555,KalmanFilter,0.5843668220138706,True,reconstructed,SimulatedDroppingStream,{},reconstructed.temp-1
groundtruth,temp-1,temp-1-1758915995361,1758915995.3617992,1758915995.3617992,1758915995.3617992,float,C,22.833140003260617,,,,,groundtruth,GroundTruthStream,{'ground_truth': 22.833140003260617},groundtruth.temp-1
observed,temp-1,temp-1-1758915628359,1758915628.3590982,1758915628.3590982,1758915628.3590982,float,C,28.73276037285302,,,,,observed,SimulatedDroppingStream,{'ground_truth': 28.73276037285302},observed.temp-1
reconstructed,temp-1,temp-1-1758915628359,1758915628.3590982,1758915628.3590982,1758915628.3590982,float,C,28.73276037285302,29.320766059492865,observed,1.0,False,observed,SimulatedDroppingStream,{'ground_truth': 28.73276037285302},reconstructed.temp-1
groundtruth,temp-1,temp-1-1758915996360,1758915996.3606122,1758915996.3606122,1758915996.3606122,float,C,22.884083461046984,,,,,groundtruth,GroundTruthStream,{'ground_truth': 22.884083461046984},groundtruth.temp-1
observed,temp-1,temp-1-1758915629357,1758915629.3579433,1758915629.3579433,1758915629.3579433,float,C,22.414622548898702,,,,,observed,SimulatedDroppingStream,{'ground_truth': 22.414622548898702},observed.temp-1
reconstructed,temp-1,temp-1-1758915629357,1758915629.3579433,1758915629.3579433,1758915629.3579433,float,C,22.414622548898702,23.43070792925581,observed,1.0,False,observed,SimulatedDroppingStream,{'ground_truth': 22.414622548898702},reconstructed.temp-1
groundtruth,temp-1,temp-1-1758915998357,1758915998.357043,1758915998.357043,1758915998.357043,float,C,19.65318397194017,,,,,groundtruth,GroundTruthStream,{'ground_truth': 19.65318397194017},groundtruth.temp-1
observed,temp-1,temp-1-1758915630347,1758915630.347659,1758915630.3572357,1758915630.347659,float,C,,,,,,missing,SimulatedDroppingStream,{},observed.temp-1
reconstructed,temp-1,temp-1-1758915630347,1758915630.347659,1758915630.3572357,1758915630.347659,float,C,17.31232892396392,17.31232892396392,KalmanFilter,0.5842459383874886,True,reconstructed,SimulatedDroppingStream,{},reconstructed.temp-1
groundtruth,temp-1,temp-1-1758915999357,1758915999.3578606,1758915999.3578606,1758915999.3578606,float,C,19.335439762841265,,,,,groundtruth,GroundTruthStream,{'ground_truth': 19.335439762841265},groundtruth.temp-1
observed,temp-1,temp-1-1758915631361,1758915631.3611982,1758915631.3611982,1758915631.3611982,float,C,25.079453482553383,,,,,observed,SimulatedDroppingStream,{'ground_truth': 25.079453482553383},observed.temp-1
reconstructed,temp-1,temp-1-1758915631361,1758915631.3611982,1758915631.3611982,1758915631.3611982,float,C,25.079453482553383,24.576015228854544,observed,1.0,False,observed,SimulatedDroppingStream,{'ground_truth': 25.079453482553383},reconstructed.temp-1
groundtruth,temp-1,temp-1-1758916000362,1758916000.3622797,1758916000.3622797,1758916000.3622797,float,C,18.653093156098734,,,,,groundtruth,GroundTruthStream,{'ground_truth': 18.653093156098734},groundtruth.temp-1
observed,temp-1,temp-1-1758915632351,1758915632.3513124,1758915632.3513124,1758915632.3513124,float,C,28.50703698838488,,,,,observed,SimulatedDroppingStream,{'ground_truth': 28.50703698838488},observed.temp-1
reconstructed,temp-1,temp-1-1758915632351,1758915632.3513124,1758915632.3513124,1758915632.3513124,float,C,28.50703698838488,28.04317347093678,observed,1.0,False,observed,SimulatedDroppingStream,{'ground_truth': 28.50703698838488},reconstructed.temp-1
groundtruth,temp-1,temp-1-1758916001362,1758916001.3625352,1758916001.3625352,1758916001.3625352,float,C,29.03813796459478,,,,,groundtruth,GroundTruthStream,{'ground_truth': 29.03813796459478},groundtruth.temp-1
observed,temp-1,temp-1-1758915633354,1758915633.3542557,1758915633.3542557,1758915633.3542557,float,C,18.924310880818666,,,,,observed,SimulatedDroppingStream,{'ground_truth': 18.924310880818666},observed.temp-1
reconstructed,temp-1,temp-1-1758915633354,1758915633.3542557,1758915633.3542557,1758915633.3542557,float,C,18.924310880818666,20.517116966665334,observed,1.0,False,observed,SimulatedDroppingStream,{'ground_truth': 18.924310880818666},reconstructed.temp-1
groundtruth,temp-1,temp-1-1758916002350,1758916002.350549,1758916002.350549,1758916002.350549,float,C,24.667091900668034,,,,,groundtruth,GroundTruthStream,{'ground_truth': 24.667091900668034},groundtruth.temp-1
observed,temp-1,temp-1-1758915634347,1758915634.347659,1758915634.356447,1758915634.347659,float,C,,,,,,missing,SimulatedDroppingStream,{},observed.temp-1
reconstructed,temp-1,temp-1-1758915634347,1758915634.347659,1758915634.356447,1758915634.347659,float,C,14.534489551283297,14.534489551283297,KalmanFilter,0.5926800086322452,True,reconstructed,SimulatedDroppingStream,{},reconstructed.temp-1
groundtruth,temp-1,temp-1-1758916003351,1758916003.3519814,1758916003.3519814,1758916003.3519814,float,C,17.134940141337434,,,,,groundtruth,GroundTruthStream,{'ground_truth': 17.134940141337434},groundtruth.temp-1
observed,temp-1,temp-1-1758915635347,1758915635.347659,1758915635.3538017,1758915635.347659,float,C,,,,,,missing,SimulatedDroppingStream,{},observed.temp-1
reconstructed,temp-1,temp-1-1758915635347,1758915635.347659,1758915635.3538017,1758915635.347659,float,C,6.554192494092604,6.554192494092604,KalmanFilter,0.2507238120981476,True,reconstructed,SimulatedDroppingStream,{},reconstructed.temp-1
groundtruth,temp-1,temp-1-1758916005349,1758916005.3495743,1758916005.3495743,1758916005.3495743,float,C,28.483044328556495,,,,,groundtruth,GroundTruthStream,{'ground_truth': 28.483044328556495},groundtruth.temp-1
observed,temp-1,temp-1-1758915636353,1758915636.3531456,1758915636.3531456,1758915636.3531456,float,C,17.310217703173546,,,,,observed,SimulatedDroppingStream,{'ground_truth': 17.310217703173546},observed.temp-1
reconstructed,temp-1,temp-1-1758915636353,1758915636.3531456,1758915636.3531456,1758915636.3531456,float,C,17.310217703173546,17.086020634163418,observed,1.0,False,observed,SimulatedDroppingStream,{'ground_truth': 17.310217703173546},reconstructed.temp-1
groundtruth,temp-1,temp-1-1758916007348,1758916007.3485656,1758916007.3485656,1758916007.3485656,float,C,29.011106157638054,,,,,groundtruth,GroundTruthStream,{'ground_truth': 29.011106157638054},groundtruth.temp-1
observed,temp-1,temp-1-1758915637349,1758915637.3495286,1758915637.3495286,1758915637.3495286,float,C,22.57057328635546,,,,,observed,SimulatedDroppingStream,{'ground_truth': 22.57057328635546},observed.temp-1
reconstructed,temp-1,temp-1-1758915637349,1758915637.3495286,1758915637.3495286,1758915637.3495286,float,C,22.57057328635546,21.848189652294792,observed,1.0,False,observed,SimulatedDroppingStream,{'ground_truth': 22.57057328635546},reconstructed.temp-1
groundtruth,temp-1,temp-1-1758916008359,1758916008.3594167,1758916008.3594167,1758916008.3594167,float,C,17.92736626480123,,,,,groundtruth,GroundTruthStream,{'ground_truth': 17.92736626480123},groundtruth.temp-1
observed,temp-1,temp-1-1758915638347,1758915638.347659,1758915638.360737,1758915638.347659,float,C,,,,,,missing,SimulatedDroppingStream,{},observed.temp-1
reconstructed,temp-1,temp-1-1758915638347,1758915638.347659,1758915638.360737,1758915638.347659,float,C,27.26728154529651,27.26728154529651,KalmanFilter,0.566701007396073,True,reconstructed,SimulatedDroppingStream,{},reconstructed.temp-1
groundtruth,temp-1,temp-1-1758916009352,1758916009.3525624,1758916009.3525624,1758916009.3525624,float,C,15.673810294569448,,,,,groundtruth,GroundTruthStream,{'ground_truth': 15.673810294569448},groundtruth.temp-1
observed,temp-1,temp-1-1758915639347,1758915639.347659,1758915639.3549592,1758915639.347659,float,C,,,,,,missing,SimulatedDroppingStream,{},observed.temp-1
reconstructed,temp-1,temp-1-1758915639347,1758915639.347659,1758915639.3549592,1758915639.347659,float,C,34.81547713374801,34.81547713374801,KalmanFilter,0.22875968353037715,True,reconstructed,SimulatedDroppingStream,{},reconstructed.temp-1
groundtruth,temp-1,temp-1-1758916011362,1758916011.3628144,1758916011.3628144,1758916011.3628144,float,C,23.47360051929047,,,,,groundtruth,GroundTruthStream,{'ground_truth': 23.47360051929047},groundtruth.temp-1
observed,temp-1,temp-1-1758915640362,1758915640.362409,1758915640.362409,1758915640.362409,float,C,28.92013997497252,,,,,observed,SimulatedDroppingStream,{'ground_truth': 28.92013997497252},observed.temp-1
reconstructed,temp-1,temp-1-1758915640362,1758915640.362409,1758915640.362409,1758915640.362409,float,C,28.92013997497252,29.070805137091508,observed,1.0,False,observed,SimulatedDroppingStream,{'ground_truth': 28.92013997497252},reconstructed.temp-1
groundtruth,temp-1,temp-1-1758916012361,1758916012.3618903,1758916012.3618903,1758916012.3618903,float,C,19.680736391327688,,,,,groundtruth,GroundTruthStream,{'ground_truth': 19.680736391327688},groundtruth.temp-1
observed,temp-1,temp-1-1758915641358,1758915641.35814,1758915641.35814,1758915641.35814,float,C,20.09885050680124,,,,,observed,SimulatedDroppingStream,{'ground_truth': 20.09885050680124},observed.temp-1
reconstructed,temp-1,temp-1-1758915641358,1758915641.35814,1758915641.35814,1758915641.35814,float,C,20.09885050680124,21.55950072885197,observed,1.0,False,observed,SimulatedDroppingStream,{'ground_truth': 20.09885050680124},reconstructed.temp-1
groundtruth,temp-1,temp-1-1758916014364,1758916014.3646684,1758916014.3646684,1758916014.3646684,float,C,15.387774174466992,,,,,groundtruth,GroundTruthStream,{'ground_truth': 15.387774174466992},groundtruth.temp-1
observed,temp-1,temp-1-1758915642358,1758915642.358565,1758915642.358565,1758915642.358565,float,C,26.234206744185244,,,,,observed,SimulatedDroppingStream,{'ground_truth': 26.234206744185244},observed.temp-1
reconstructed,temp-1,temp-1-1758915642358,1758915642.358565,1758915642.358565,1758915642.358565,float,C,26.234206744185244,24.818690652266774,observed,1.0,False,observed,SimulatedDroppingStream,{'ground_truth': 26.234206744185244},reconstructed.temp-1
groundtruth,temp-1,temp-1-1758916016353,1758916016.353414,1758916016.353414,1758916016.353414,float,C,17.47800052106553,,,,,groundtruth,GroundTruthStream,{'ground_truth': 17.47800052106553},groundtruth.temp-1
observed,temp-1,temp-1-1758915643364,1758915643.3640985,1758915643.3640985,1758915643.3640985,float,C,18.886009418604807,,,,,observed,SimulatedDroppingStream,{'ground_truth': 18.886009418604807},observed.temp-1
reconstructed,temp-1,temp-1-1758915643364,1758915643.3640985,1758915643.3640985,1758915643.3640985,float,C,18.886009418604807,19.645505147921394,observed,1.0,False,observed,SimulatedDroppingStream,{'ground_truth': 18.886009418604807},reconstructed.temp-1
groundtruth,temp-1,temp-1-1758916017354,1758916017.3544714,1758916017.3544714,1758916017.3544714,float,C,27.517630151289044,,,,,groundtruth,GroundTruthStream,{'ground_truth': 27.517630151289044},groundtruth.temp-1
observed,temp-1,temp-1-1758915644355,1758915644.3552356,1758915644.3552356,1758915644.3552356,float,C,19.150495760059105,,,,,observed,SimulatedDroppingStream,{'ground_truth': 19.150495760059105},observed.temp-1
reconstructed,temp-1,temp-1-1758915644355,1758915644.3552356,1758915644.3552356,1758915644.3552356,float,C,19.150495760059105,18.58603663746658,observed,1.0,False,observed,SimulatedDroppingStream,{'ground_truth': 19.150495760059105},reconstructed.temp-1
groundtruth,temp-1,temp-1-1758916018360,1758916018.3606641,1758916018.3606641,1758916018.3606641,float,C,15.0605345007385,,,,,groundtruth,GroundTruthStream,{'ground_truth': 15.0605345007385},groundtruth.temp-1
observed,temp-1,temp-1-1758915645352,1758915645.3526666,1758915645.3526666,1758915645.3526666,float,C,19.05787553414512,,,,,observed,SimulatedDroppingStream,{'ground_truth': 19.05787553414512},observed.temp-1
reconstructed,temp-1,temp-1-1758915645352,1758915645.3526666,1758915645.3526666,1758915645.3526666,float,C,19.05787553414512,18.660391468332136,observed,1.0,False,observed,SimulatedDroppingStream,{'ground_truth': 19.05787553414512},reconstructed.temp-1
groundtruth,temp-1,temp-1-1758916019355,1758916019.3556283,1758916019.3556283,1758916019.3556283,float,C,26.016240827974393,,,,,groundtruth,GroundTruthStream,{'ground_truth': 26.016240827974393},groundtruth.temp-1
observed,temp-1,temp-1-1758915646353,1758915646.3536704,1758915646.3536704,1758915646.3536704,float,C,18.125431245661066,,,,,observed,SimulatedDroppingStream,{'ground_truth': 18.125431245661066},observed.temp-1
reconstructed,temp-1,temp-1-1758915646353,1758915646.3536704,1758915646.3536704,1758915646.3536704,float,C,18.125431245661066,18.153167534340643,observed,1.0,False,observed,SimulatedDroppingStream,{'ground_truth': 18.125431245661066},reconstructed.temp-1
groundtruth,temp-1,temp-1-1758916020357,1758916020.3577607,1758916020.3577607,1758916020.3577607,float,C,20.540546923551826,,,,,groundtruth,GroundTruthStream,{'ground_truth': 20.540546923551826},groundtruth.temp-1
observed,temp-1,temp-1-1758915647351,1758915647.351287,1758915647.351287,1758915647.351287,float,C,17.7830064368304,,,,,observed,SimulatedDroppingStream,{'ground_truth': 17.7830064368304},observed.temp-1
reconstructed,temp-1,temp-1-1758915647351,1758915647.351287,1758915647.351287,1758915647.351287,float,C,17.7830064368304,17.828684011060023,observed,1.0,False,observed,SimulatedDroppingStream,{'ground_truth': 17.7830064368304},reconstructed.temp-1
groundtruth,temp-1,temp-1-1758916021351,1758916021.3510845,1758916021.3510845,1758916021.3510845,float,C,18.76414847060409,,,,,groundtruth,GroundTruthStream,{'ground_truth': 18.76414847060409},groundtruth.temp-1
observed,temp-1,temp-1-1758915648353,1758915648.353081,1758915648.353081,1758915648.353081,float,C,18.997042334049492,,,,,observed,SimulatedDroppingStream,{'ground_truth': 18.997042334049492},observed.temp-1
reconstructed,temp-1,temp-1-1758915648353,1758915648.353081,1758915648.353081,1758915648.353081,float,C,18.997042334049492,18.861071678542054,observed,1.0,False,observed,SimulatedDroppingStream,{'ground_truth': 18.997042334049492},reconstructed.temp-1
groundtruth,temp-1,temp-1-1758916022351,1758916022.3518932,1758916022.3518932,1758916022.3518932,float,C,23.81049111185384,,,,,groundtruth,GroundTruthStream,{'ground_truth': 23.81049111185384},groundtruth.temp-1
observed,temp-1,temp-1-1758915649349,1758915649.349033,1758915649.349033,1758915649.349033,float,C,15.066482250386525,,,,,observed,SimulatedDroppingStream,{'ground_truth': 15.066482250386525},observed.temp-1
reconstructed,temp-1,temp-1-1758915649349,1758915649.349033,1758915649.349033,1758915649.349033,float,C,15.066482250386525,15.729870479103635,observed,1.0,False,observed,SimulatedDroppingStream,{'ground_truth': 15.066482250386525},reconstructed.temp-1
groundtruth,temp-1,temp-1-1758916023350,1758916023.350119,1758916023.350119,1758916023.350119,float,C,26.033017023497685,,,,,groundtruth,GroundTruthStream,{'ground_truth': 26.033017023497685},groundtruth.temp-1
observed,temp-1,temp-1-1758915650361,1758915650.3613274,1758915650.3613274,1758915650.3613274,float,C,27.428420935113454,,,,,observed,SimulatedDroppingStream,{'ground_truth': 27.428420935113454},observed.temp-1
reconstructed,temp-1,temp-1-1758915650361,1758915650.3613274,1758915650.3613274,1758915650.3613274,float,C,27.428420935113454,25.611271554730717,observed,1.0,False,observed,SimulatedDroppingStream,{'ground_truth': 27.428420935113454},reconstructed.temp-1
groundtruth,temp-1,temp-1-1758916024349,1758916024.3493698,1758916024.3493698,1758916024.3493698,float,C,15.337895024522007,,,,,groundtruth,GroundTruthStream,{'ground_truth': 15.337895024522007},groundtruth.temp-1
observed,temp-1,temp-1-1758915651350,1758915651.350741,1758915651.350741,1758915651.350741,float,C,26.547667386647998,,,,,observed,SimulatedDroppingStream,{'ground_truth': 26.547667386647998},observed.temp-1
reconstructed,temp-1,temp-1-1758915651350,1758915651.350741,1758915651.350741,1758915651.350741,float,C,26.547667386647998,27.556350819818626,observed,1.0,False,observed,SimulatedDroppingStream,{'ground_truth': 26.547667386647998},reconstructed.temp-1
groundtruth,temp-1,temp-1-1758916025364,1758916025.3640509,1758916025.3640509,1758916025.3640509,float,C,15.032284477207828,,,,,groundtruth,GroundTruthStream,{'ground_truth': 15.032284477207828},groundtruth.temp-1
observed,temp-1,temp-1-1758915652349,1758915652.3490582,1758915652.3490582,1758915652.3490582,float,C,29.672667455747607,,,,,observed,SimulatedDroppingStream,{'ground_truth': 29.672667455747607},observed.temp-1
reconstructed,temp-1,temp-1-1758915652349,1758915652.3490582,1758915652.3490582,1758915652.3490582,float,C,29.672667455747607,30.05395752301311,observed,1.0,False,observed,SimulatedDroppingStream,{'ground_truth': 29.672667455747607},reconstructed.temp-1
groundtruth,temp-1,temp-1-1758916027358,1758916027.358775,1758916027.358775,1758916027.358775,float,C,16.33383485271932,,,,,groundtruth,GroundTruthStream,{'ground_truth': 16.33383485271932},groundtruth.temp-1
observed,temp-1,temp-1-1758915653358,1758915653.3580122,1758915653.3580122,1758915653.3580122,float,C,17.064149638886466,,,,,observed,SimulatedDroppingStream,{'ground_truth': 17.064149638886466},observed.temp-1
reconstructed,temp-1,temp-1-1758915653358,1758915653.3580122,1758915653.3580122,1758915653.3580122,float,C,17.064149638886466,19.19289145183523,observed,1.0,False,observed,SimulatedDroppingStream,{'ground_truth': 17.064149638886466},reconstructed.temp-1
groundtruth,temp-1,temp-1-1758916028361,1758916028.361454,1758916028.361454,1758916028.361454,float,C,15.577655855243297,,,,,groundtruth,GroundTruthStream,{'ground_truth': 15.577655855243297},groundtruth.temp-1
observed,temp-1,temp-1-1758915654347,1758915654.347659,1758915654.3538923,1758915654.347659,float,C,,,,,,missing,SimulatedDroppingStream,{},observed.temp-1
reconstructed,temp-1,temp-1-1758915654347,1758915654.347659,1758915654.3538923,1758915654.347659,float,C,8.991782289925254,8.991782289925254,KalmanFilter,0.597437727515075,True,reconstructed,SimulatedDroppingStream,{},reconstructed.temp-1
groundtruth,temp-1,temp-1-1758916030361,1758916030.3617857,1758916030.3617857,1758916030.3617857,float,C,24.75396573317977,,,,,groundtruth,GroundTruthStream,{'ground_truth': 24.75396573317977},groundtruth.temp-1
observed,temp-1,temp-1-1758915655354,1758915655.3540735,1758915655.3540735,1758915655.3540735,float,C,16.45924261350115,,,,,observed,SimulatedDroppingStream,{'ground_truth': 16.45924261350115},observed.temp-1
reconstructed,temp-1,temp-1-1758915655354,1758915655.3540735,1758915655.3540735,1758915655.3540735,float,C,16.45924261350115,15.744244641386286,observed,1.0,False,observed,SimulatedDroppingStream,{'ground_truth': 16.45924261350115},reconstructed.temp-1
groundtruth,temp-1,temp-1-1758916031348,1758916031.3484287,1758916031.3484287,1758916031.3484287,float,C,15.00075040596549,,,,,groundtruth,GroundTruthStream,{'ground_truth': 15.00075040596549},groundtruth.temp-1
observed,temp-1,temp-1-1758915656353,1758915656.3535192,1758915656.3535192,1758915656.3535192,float,C,17.697708307736672,,,,,observed,SimulatedDroppingStream,{'ground_truth': 17.697708307736672},observed.temp-1
reconstructed,temp-1,temp-1-1758915656353,1758915656.3535192,1758915656.3535192,1758915656.3535192,float,C,17.697708307736672,17.021315943027005,observed,1.0,False,observed,SimulatedDroppingStream,{'ground_truth': 17.697708307736672},reconstructed.temp-1
groundtruth,temp-1,temp-1-1758916032354,1758916032.3541977,1758916032.3541977,1758916032.3541977,float,C,15.606200263447425,,,,,groundtruth,GroundTruthStream,{'ground_truth': 15.606200263447425},groundtruth.temp-1
observed,temp-1,temp-1-1758915657347,1758915657.347659,1758915657.3544693,1758915657.347659,float,C,,,,,,missing,SimulatedDroppingStream,{},observed.temp-1
reconstructed,temp-1,temp-1-1758915657347,1758915657.347659,1758915657.3544693,1758915657.347659,float,C,17.965338593090113,17.965338593090113,KalmanFilter,0.5843681053799465,True,reconstructed,SimulatedDroppingStream,{},reconstructed.temp-1
groundtruth,temp-1,temp-1-1758916033358,1758916033.3581908,1758916033.3581908,1758916033.3581908,float,C,15.599906180313281,,,,,groundtruth,GroundTruthStream,{'ground_truth': 15.599906180313281},groundtruth.temp-1
observed,temp-1,temp-1-1758915658359,1758915658.3595972,1758915658.3595972,1758915658.3595972,float,C,21.8164906612606,,,,,observed,SimulatedDroppingStream,{'ground_truth': 21.8164906612606},observed.temp-1
reconstructed,temp-1,temp-1-1758915658359,1758915658.3595972,1758915658.3595972,1758915658.3595972,float,C,21.8164906612606,21.761459589740983,observed,1.0,False,observed,SimulatedDroppingStream,{'ground_truth': 21.8164906612606},reconstructed.temp-1
groundtruth,temp-1,temp-1-1758916034359,1758916034.3593562,1758916034.3593562,1758916034.3593562,float,C,21.77090090194177,,,,,groundtruth,GroundTruthStream,{'ground_truth': 21.77090090194177},groundtruth.temp-1
observed,temp-1,temp-1-1758915659360,1758915659.3600235,1758915659.3600235,1758915659.3600235,float,C,27.666202185288466,,,,,observed,SimulatedDroppingStream,{'ground_truth': 27.666202185288466},observed.temp-1
reconstructed,temp-1,temp-1-1758915659360,1758915659.3600235,1758915659.3600235,1758915659.3600235,float,C,27.666202185288466,27.47631968617187,observed,1.0,False,observed,SimulatedDroppingStream,{'ground_truth': 27.666202185288466},reconstructed.temp-1
groundtruth,temp-1,temp-1-1758916035363,1758916035.363128,1758916035.363128,1758916035.363128,float,C,18.088122302032147,,,,,groundtruth,GroundTruthStream,{'ground_truth': 18.088122302032147},groundtruth.temp-1
observed,temp-1,temp-1-1758915660350,1758915660.350794,1758915660.350794,1758915660.350794,float,C,16.07939660671247,,,,,observed,SimulatedDroppingStream,{'ground_truth': 16.07939660671247},observed.temp-1
reconstructed,temp-1,temp-1-1758915660350,1758915660.350794,1758915660.350794,1758915660.350794,float,C,16.07939660671247,18.361097777369267,observed,1.0,False,observed,SimulatedDroppingStream,{'ground_truth': 16.07939660671247},reconstructed.temp-1
groundtruth,temp-1,temp-1-1758916036359,1758916036.3594685,1758916036.3594685,1758916036.3594685,float,C,29.634677747351923,,,,,groundtruth,GroundTruthStream,{'ground_truth': 29.634677747351923},groundtruth.temp-1
observed,temp-1,temp-1-1758915661347,1758915661.347659,1758915661.3523428,1758915661.347659,float,C,,,,,,missing,SimulatedDroppingStream,{},observed.temp-1
reconstructed,temp-1,temp-1-1758915661347,1758915661.347659,1758915661.3523428,1758915661.347659,float,C,11.345918254456135,11.345918254456135,KalmanFilter,0.5926838634965562,True,reconstructed,SimulatedDroppingStream,{},reconstructed.temp-1
groundtruth,temp-1,temp-1-1758916037349,1758916037.3497014,1758916037.3497014,1758916037.3497014,float,C,18.72082525510736,,,,,groundtruth,GroundTruthStream,{'ground_truth': 18.72082525510736},groundtruth.temp-1
observed,temp-1,temp-1-1758915662355,1758915662.3551478,1758915662.3551478,1758915662.3551478,float,C,18.29899042502332,,,,,observed,SimulatedDroppingStream,{'ground_truth': 18.29899042502332},observed.temp-1
reconstructed,temp-1,temp-1-1758915662355,1758915662.3551478,1758915662.3551478,1758915662.3551478,float,C,18.29899042502332,17.75048404539206,observed,1.0,False,observed,SimulatedDroppingStream,{'ground_truth': 18.29899042502332},reconstructed.temp-1
groundtruth,temp-1,temp-1-1758916038360,1758916038.3606977,1758916038.3606977,1758916038.3606977,float,C,22.43532862356357,,,,,groundtruth,GroundTruthStream,{'ground_truth': 22.43532862356357},groundtruth.temp-1
observed,temp-1,temp-1-1758915663356,1758915663.3568223,1758915663.3568223,1758915663.3568223,float,C,27.3479889201461,,,,,observed,SimulatedDroppingStream,{'ground_truth': 27.3479889201461},observed.temp-1
reconstructed,temp-1,temp-1-1758915663356,1758915663.3568223,1758915663.3568223,1758915663.3568223,float,C,27.3479889201461,25.94644030877013,observed,1.0,False,observed,SimulatedDroppingStream,{'ground_truth': 27.3479889201461},reconstructed.temp-1
groundtruth,temp-1,temp-1-1758916039350,1758916039.3500526,1758916039.3500526,1758916039.3500526,float,C,23.263703404259054,,,,,groundtruth,GroundTruthStream,{'ground_truth': 23.263703404259054},groundtruth.temp-1
observed,temp-1,temp-1-1758915664347,1758915664.347659,1758915664.355391,1758915664.347659,float,C,,,,,,missing,SimulatedDroppingStream,{},observed.temp-1
reconstructed,temp-1,temp-1-1758915664347,1758915664.347659,1758915664.355391,1758915664.347659,float,C,33.92088560171526,33.92088560171526,KalmanFilter,0.5839648552113555,True,reconstructed,SimulatedDroppingStream,{},reconstructed.temp-1
groundtruth,temp-1,temp-1-1758916040352,1758916040.3521025,1758916040.3521025,1758916040.3521025,float,C,25.845122813475257,,,,,groundtruth,GroundTruthStream,{'ground_truth': 25.845122813475257},groundtruth.temp-1
observed,temp-1,temp-1-1758915665355,1758915665.3559706,1758915665.3559706,1758915665.3559706,float,C,17.48350587885487,,,,,observed,SimulatedDroppingStream,{'ground_truth': 17.48350587885487},observed.temp-1
reconstructed,temp-1,temp-1-1758915665355,1758915665.3559706,1758915665.3559706,1758915665.3559706,float,C,17.48350587885487,18.322655861071294,observed,1.0,False,observed,SimulatedDroppingStream,{'ground_truth': 17.48350587885487},reconstructed.temp-1
groundtruth,temp-1,temp-1-1758916041356,1758916041.356002,1758916041.356002,1758916041.356002,float,C,20.294908976144786,,,,,groundtruth,GroundTruthStream,{'ground_truth': 20.294908976144786},groundtruth.temp-1
observed,temp-1,temp-1-1758915666347,1758915666.347659,1758915666.3545008,1758915666.347659,float,C,,,,,,missing,SimulatedDroppingStream,{},observed.temp-1
reconstructed,temp-1,temp-1-1758915666347,1758915666.347659,1758915666.3545008,1758915666.347659,float,C,13.064538676908706,13.064538676908706,KalmanFilter,0.5961582758806198,True,reconstructed,SimulatedDroppingStream,{},reconstructed.temp-1
groundtruth,temp-1,temp-1-1758916042356,1758916042.3565953,1758916042.3565953,1758916042.3565953,float,C,23.79408453197758,,,,,groundtruth,GroundTruthStream,{'ground_truth': 23.79408453197758},groundtruth.temp-1
observed,temp-1,temp-1-1758915667347,1758915667.347659,1758915667.3612497,1758915667.347659,float,C,,,,,,missing,SimulatedDroppingStream,{},observed.temp-1
reconstructed,temp-1,temp-1-1758915667347,1758915667.347659,1758915667.3612497,1758915667.347659,float,C,5.873938074885902,5.873938074885902,KalmanFilter,0.24879798831004413,True,reconstructed,SimulatedDroppingStream,{},reconstructed.temp-1
groundtruth,temp-1,temp-1-1758916043360,1758916043.3609374,1758916043.3609374,1758916043.3609374,float,C,18.87078069420306,,,,,groundtruth,GroundTruthStream,{'ground_truth': 18.87078069420306},groundtruth.temp-1
observed,temp-1,temp-1-1758915668347,1758915668.347659,1758915668.3490453,1758915668.347659,float,C,,,,,,missing,SimulatedDroppingStream,{},observed.temp-1
reconstructed,temp-1,temp-1-1758915668347,1758915668.347659,1758915668.3490453,1758915668.347659,float,C,-3.249145944997119,-3.249145944997119,KalmanFilter,0.09636093445232453,True,reconstructed,SimulatedDroppingStream,{},reconstructed.temp-1
groundtruth,temp-1,temp-1-1758916044353,1758916044.3539064,1758916044.3539064,1758916044.3539064,float,C,18.587837912999426,,,,,groundtruth,GroundTruthStream,{'ground_truth': 18.587837912999426},groundtruth.temp-1
observed,temp-1,temp-1-1758915669361,1758915669.361941,1758915669.361941,1758915669.361941,float,C,18.857049084096754,,,,,observed,SimulatedDroppingStream,{'ground_truth': 18.857049084096754},observed.temp-1
reconstructed,temp-1,temp-1-1758915669361,1758915669.361941,1758915669.361941,1758915669.361941,float,C,18.857049084096754,18.715557891015713,observed,1.0,False,observed,SimulatedDroppingStream,{'ground_truth': 18.857049084096754},reconstructed.temp-1
groundtruth,temp-1,temp-1-1758916046353,1758916046.3535903,1758916046.3535903,1758916046.3535903,float,C,19.495431762819372,,,,,groundtruth,GroundTruthStream,{'ground_truth': 19.495431762819372},groundtruth.temp-1
observed,temp-1,temp-1-1758915670349,1758915670.34967,1758915670.34967,1758915670.34967,float,C,25.207832980654565,,,,,observed,SimulatedDroppingStream,{'ground_truth': 25.207832980654565},observed.temp-1
reconstructed,temp-1,temp-1-1758915670349,1758915670.34967,1758915670.34967,1758915670.34967,float,C,25.207832980654565,24.7507140400773,observed,1.0,False,observed,SimulatedDroppingStream,{'ground_truth': 25.207832980654565},reconstructed.temp-1
groundtruth,temp-1,temp-1-1758916048356,1758916048.3563857,1758916048.3563857,1758916048.3563857,float,C,17.051523136751733,,,,,groundtruth,GroundTruthStream,{'ground_truth': 17.051523136751733},groundtruth.temp-1
observed,temp-1,temp-1-1758915671350,1758915671.3508701,1758915671.3508701,1758915671.3508701,float,C,18.296290998370065,,,,,observed,SimulatedDroppingStream,{'ground_truth': 18.296290998370065},observed.temp-1
reconstructed,temp-1,temp-1-1758915671350,1758915671.3508701,1758915671.3508701,1758915671.3508701,float,C,18.296290998370065,19.805711428644823,observed,1.0,False,observed,SimulatedDroppingStream,{'ground_truth': 18.296290998370065},reconstructed.temp-1
groundtruth,temp-1,temp-1-1758916049350,1758916049.3507643,1758916049.3507643,1758916049.3507643,float,C,24.849705671044475,,,,,groundtruth,GroundTruthStream,{'ground_truth': 24.849705671044475},groundtruth.temp-1
observed,temp-1,temp-1-1758915672353,1758915672.353656,1758915672.353656,1758915672.353656,float,C,17.451233781749924,,,,,observed,SimulatedDroppingStream,{'ground_truth': 17.451233781749924},observed.temp-1
reconstructed,temp-1,temp-1-1758915672353,1758915672.353656,1758915672.353656,1758915672.353656,float,C,17.451233781749924,17.412762124865683,observed,1.0,False,observed,SimulatedDroppingStream,{'ground_truth': 17.451233781749924},reconstructed.temp-1
groundtruth,temp-1,temp-1-1758916051357,1758916051.3574061,1758916051.3574061,1758916051.3574061,float,C,27.963473834329363,,,,,groundtruth,GroundTruthStream,{'ground_truth': 27.963473834329363},groundtruth.temp-1
observed,temp-1,temp-1-1758915673360,1758915673.3604622,1758915673.3604622,1758915673.3604622,float,C,25.909344416584126,,,,,observed,SimulatedDroppingStream,{'ground_truth': 25.909344416584126},observed.temp-1
reconstructed,temp-1,temp-1-1758915673360,1758915673.3604622,1758915673.3604622,1758915673.3604622,float,C,25.909344416584126,24.335579774486938,observed,1.0,False,observed,SimulatedDroppingStream,{'ground_truth': 25.909344416584126},reconstructed.temp-1
groundtruth,temp-1,temp-1-1758916052361,1758916052.3614187,1758916052.3614187,1758916052.3614187,float,C,20.004770875513984,,,,,groundtruth,GroundTruthStream,{'ground_truth': 20.004770875513984},groundtruth.temp-1
observed,temp-1,temp-1-1758915674362,1758915674.362945,1758915674.362945,1758915674.362945,float,C,16.918047608033326,,,,,observed,SimulatedDroppingStream,{'ground_truth': 16.918047608033326},observed.temp-1
reconstructed,temp-1,temp-1-1758915674362,1758915674.362945,1758915674.362945,1758915674.362945,float,C,16.918047608033326,18.555568233948776,observed,1.0,False,observed,SimulatedDroppingStream,{'ground_truth': 16.918047608033326},reconstructed.temp-1
groundtruth,temp-1,temp-1-1758916053363,1758916053.3637538,1758916053.3637538,1758916053.3637538,float,C,16.619398687327546,,,,,groundtruth,GroundTruthStream,{'ground_truth': 16.619398687327546},groundtruth.temp-1
observed,temp-1,temp-1-1758915675363,1758915675.3634665,1758915675.3634665,1758915675.3634665,float,C,27.0481742627031,,,,,observed,SimulatedDroppingStream,{'ground_truth': 27.0481742627031},observed.temp-1
reconstructed,temp-1,temp-1-1758915675363,1758915675.3634665,1758915675.3634665,1758915675.3634665,float,C,27.0481742627031,25.499397705150322,observed,1.0,False,observed,SimulatedDroppingStream,{'ground_truth': 27.0481742627031},reconstructed.temp-1
groundtruth,temp-1,temp-1-1758916054351,1758916054.3514588,1758916054.3514588,1758916054.3514588,float,C,17.32608093180922,,,,,groundtruth,GroundTruthStream,{'ground_truth': 17.32608093180922},groundtruth.temp-1
observed,temp-1,temp-1-1758915676355,1758915676.355507,1758915676.355507,1758915676.355507,float,C,29.24706824762423,,,,,observed,SimulatedDroppingStream,{'ground_truth': 29.24706824762423},observed.temp-1
reconstructed,temp-1,temp-1-1758915676355,1758915676.355507,1758915676.355507,1758915676.355507,float,C,29.24706824762423,29.434347185710884,observed,1.0,False,observed,SimulatedDroppingStream,{'ground_truth': 29.24706824762423},reconstructed.temp-1
groundtruth,temp-1,temp-1-1758916056359,1758916056.3590658,1758916056.3590658,1758916056.3590658,float,C,17.192180568267897,,,,,groundtruth,GroundTruthStream,{'ground_truth': 17.192180568267897},groundtruth.temp-1
observed,temp-1,temp-1-1758915677356,1758915677.3564992,1758915677.3564992,1758915677.3564992,float,C,17.86827352601744,,,,,observed,SimulatedDroppingStream,{'ground_truth': 17.86827352601744},observed.temp-1
reconstructed,temp-1,temp-1-1758915677356,1758915677.3564992,1758915677.3564992,1758915677.3564992,float,C,17.86827352601744,20.094704799211883,observed,1.0,False,observed,SimulatedDroppingStream,{'ground_truth': 17.86827352601744},reconstructed.temp-1
groundtruth,temp-1,temp-1-1758916057350,1758916057.3507457,1758916057.3507457,1758916057.3507457,float,C,23.985942296142394,,,,,groundtruth,GroundTruthStream,{'ground_truth': 23.985942296142394},groundtruth.temp-1
observed,temp-1,temp-1-1758915678354,1758915678.35475,1758915678.35475,1758915678.35475,float,C,18.552706850517566,,,,,observed,SimulatedDroppingStream,{'ground_truth': 18.552706850517566},observed.temp-1
reconstructed,temp-1,temp-1-1758915678354,1758915678.35475,1758915678.35475,1758915678.35475,float,C,18.552706850517566,17.78507921624994,observed,1.0,False,observed,SimulatedDroppingStream,{'ground_truth': 18.552706850517566},reconstructed.temp-1
groundtruth,temp-1,temp-1-1758916058352,1758916058.352672,1758916058.352672,1758916058.352672,float,C,25.279055583019055,,,,,groundtruth,GroundTruthStream,{'ground_truth': 25.279055583019055},groundtruth.temp-1
observed,temp-1,temp-1-1758915679352,1758915679.3527389,1758915679.3527389,1758915679.3527389,float,C,16.56930382764445,,,,,observed,SimulatedDroppingStream,{'ground_truth': 16.56930382764445},observed.temp-1
reconstructed,temp-1,temp-1-1758915679352,1758915679.3527389,1758915679.3527389,1758915679.3527389,float,C,16.56930382764445,16.007876004840984,observed,1.0,False,observed,SimulatedDroppingStream,{'ground_truth': 16.56930382764445},reconstructed.temp-1
groundtruth,temp-1,temp-1-1758916059354,1758916059.3545294,1758916059.3545294,1758916059.3545294,float,C,20.61767960273898,,,,,groundtruth,GroundTruthStream,{'ground_truth': 20.61767960273898},groundtruth.temp-1
observed,temp-1,temp-1-1758915680352,1758915680.352746,1758915680.352746,1758915680.352746,float,C,23.996804692039404,,,,,observed,SimulatedDroppingStream,{'ground_truth': 23.996804692039404},observed.temp-1
reconstructed,temp-1,temp-1-1758915680352,1758915680.352746,1758915680.352746,1758915680.352746,float,C,23.996804692039404,22.516274117801807,observed,1.0,False,observed,SimulatedDroppingStream,{'ground_truth': 23.996804692039404},reconstructed.temp-1
groundtruth,temp-1,temp-1-1758916061355,1758916061.3558888,1758916061.3558888,1758916061.3558888,float,C,16.69000450075226,,,,,groundtruth,GroundTruthStream,{'ground_truth': 16.69000450075226},groundtruth.temp-1
observed,temp-1,temp-1-1758915681359,1758915681.3599477,1758915681.3599477,1758915681.3599477,float,C,29.000369294736068,,,,,observed,SimulatedDroppingStream,{'ground_truth': 29.000369294736068},observed.temp-1
reconstructed,temp-1,temp-1-1758915681359,1758915681.3599477,1758915681.3599477,1758915681.3599477,float,C,29.000369294736068,28.898880689173517,observed,1.0,False,observed,SimulatedDroppingStream,{'ground_truth': 29.000369294736068},reconstructed.temp-1
groundtruth,temp-1,temp-1-1758916063352,1758916063.352439,1758916063.352439,1758916063.352439,float,C,17.72632602263087,,,,,groundtruth,GroundTruthStream,{'ground_truth': 17.72632602263087},groundtruth.temp-1
observed,temp-1,temp-1-1758915682347,1758915682.347659,1758915682.3569582,1758915682.347659,float,C,,,,,,missing,SimulatedDroppingStream,{},observed.temp-1
reconstructed,temp-1,temp-1-1758915682347,1758915682.347659,1758915682.3569582,1758915682.347659,float,C,37.71934178245595,37.71934178245595,KalmanFilter,0.5974376798873369,True,reconstructed,SimulatedDroppingStream,{},reconstructed.temp-1
groundtruth,temp-1,temp-1-1758916064353,1758916064.3537161,1758916064.3537161,1758916064.3537161,float,C,21.72368082299198,,,,,groundtruth,GroundTruthStream,{'ground_truth': 21.72368082299198},groundtruth.temp-1
observed,temp-1,temp-1-1758915683347,1758915683.347659,1758915683.3599734,1758915683.347659,float,C,,,,,,missing,SimulatedDroppingStream,{},observed.temp-1
reconstructed,temp-1,temp-1-1758915683347,1758915683.347659,1758915683.3599734,1758915683.347659,float,C,49.201959942269454,49.201959942269454,KalmanFilter,0.2540103907452624,True,reconstructed,SimulatedDroppingStream,{},reconstructed.temp-1
groundtruth,temp-1,temp-1-1758916065350,1758916065.3504374,1758916065.3504374,1758916065.3504374,float,C,24.758387596001285,,,,,groundtruth,GroundTruthStream,{'ground_truth': 24.758387596001285},groundtruth.temp-1
observed,temp-1,temp-1-1758915684360,1758915684.3605464,1758915684.3605464,1758915684.3605464,float,C,22.14205995646995,,,,,observed,SimulatedDroppingStream,{'ground_truth': 22.14205995646995},observed.temp-1
reconstructed,temp-1,temp-1-1758915684360,1758915684.3605464,1758915684.3605464,1758915684.3605464,float,C,22.14205995646995,22.59389264908046,observed,1.0,False,observed,SimulatedDroppingStream,{'ground_truth': 22.14205995646995},reconstructed.temp-1
groundtruth,temp-1,temp-1-1758916066352,1758916066.3527977,1758916066.3527977,1758916066.3527977,float,C,24.018965830811513,,,,,groundtruth,GroundTruthStream,{'ground_truth': 24.018965830811513},groundtruth.temp-1
observed,temp-1,temp-1-1758915685363,1758915685.363179,1758915685.363179,1758915685.363179,float,C,28.673115066171558,,,,,observed,SimulatedDroppingStream,{'ground_truth': 28.673115066171558},observed.temp-1
reconstructed,temp-1,temp-1-1758915685363,1758915685.363179,1758915685.363179,1758915685.363179,float,C,28.673115066171558,27.24964677724686,observed,1.0,False,observed,SimulatedDroppingStream,{'ground_truth': 28.673115066171558},reconstructed.temp-1
groundtruth,temp-1,temp-1-1758916067352,1758916067.3525531,1758916067.3525531,1758916067.3525531,float,C,16.173304989168994,,,,,groundtruth,GroundTruthStream,{'ground_truth': 16.173304989168994},groundtruth.temp-1
observed,temp-1,temp-1-1758915686361,1758915686.3610864,1758915686.3610864,1758915686.3610864,float,C,29.845601527934356,,,,,observed,SimulatedDroppingStream,{'ground_truth': 29.845601527934356},observed.temp-1
reconstructed,temp-1,temp-1-1758915686361,1758915686.3610864,1758915686.3610864,1758915686.3610864,float,C,29.845601527934356,29.87016207915749,observed,1.0,False,observed,SimulatedDroppingStream,{'ground_truth': 29.845601527934356},reconstructed.temp-1
groundtruth,temp-1,temp-1-1758916068352,1758916068.3521733,1758916068.3521733,1758916068.3521733,float,C,24.78436776999078,,,,,groundtruth,GroundTruthStream,{'ground_truth': 24.78436776999078},groundtruth.temp-1
observed,temp-1,temp-1-1758915687347,1758915687.347659,1758915687.3569126,1758915687.347659,float,C,,,,,,missing,SimulatedDroppingStream,{},observed.temp-1
reconstructed,temp-1,temp-1-1758915687347,1758915687.347659,1758915687.3569126,1758915687.347659,float,C,33.548053401217665,33.548053401217665,KalmanFilter,0.59069978860635,True,reconstructed,SimulatedDroppingStream,{},reconstructed.temp-1
groundtruth,temp-1,temp-1-1758916070361,1758916070.3615463,1758916070.3615463,1758916070.3615463,float,C,26.954241567293977,,,,,groundtruth,GroundTruthStream,{'ground_truth': 26.954241567293977},groundtruth.temp-1
observed,temp-1,temp-1-1758915688347,1758915688.347659,1758915688.3568373,1758915688.347659,float,C,,,,,,missing,SimulatedDroppingStream,{},observed.temp-1
reconstructed,temp-1,temp-1-1758915688347,1758915688.347659,1758915688.3568373,1758915688.347659,float,C,38.22696521523034,38.22696521523034,KalmanFilter,0.24996621751790435,True,reconstructed,SimulatedDroppingStream,{},reconstructed.temp-1
groundtruth,temp-1,temp-1-1758916071358,1758916071.358883,1758916071.358883,1758916071.358883,float,C,15.921957988899898,,,,,groundtruth,GroundTruthStream,{'ground_truth': 15.921957988899898},groundtruth.temp-1
observed,temp-1,temp-1-1758915689353,1758915689.353198,1758915689.353198,1758915689.353198,float,C,15.434995955595847,,,,,observed,SimulatedDroppingStream,{'ground_truth': 15.434995955595847},observed.temp-1
reconstructed,temp-1,temp-1-1758915689353,1758915689.353198,1758915689.353198,1758915689.353198,float,C,15.434995955595847,15.742343967014214,observed,1.0,False,observed,SimulatedDroppingStream,{'ground_truth': 15.434995955595847},reconstructed.temp-1
groundtruth,temp-1,temp-1-1758916073355,1758916073.3550339,1758916073.3550339,1758916073.3550339,float,C,19.45265062024494,,,,,groundtruth,GroundTruthStream,{'ground_truth': 19.45265062024494},groundtruth.temp-1
observed,temp-1,temp-1-1758915690362,1758915690.3628652,1758915690.3628652,1758915690.3628652,float,C,26.42400608436906,,,,,observed,SimulatedDroppingStream,{'ground_truth': 26.42400608436906},observed.temp-1
reconstructed,temp-1,temp-1-1758915690362,1758915690.3628652,1758915690.3628652,1758915690.3628652,float,C,26.42400608436906,24.104624764896204,observed,1.0,False,observed,SimulatedDroppingStream,{'ground_truth': 26.42400608436906},reconstructed.temp-1
groundtruth,temp-1,temp-1-1758916075359,1758916075.3593044,1758916075.3593044,1758916075.3593044,float,C,27.473525112939804,,,,,groundtruth,GroundTruthStream,{'ground_truth': 27.473525112939804},groundtruth.temp-1
observed,temp-1,temp-1-1758915691347,1758915691.347659,1758915691.3598983,1758915691.347659,float,C,,,,,,missing,SimulatedDroppingStream,{},observed.temp-1
reconstructed,temp-1,temp-1-1758915691347,1758915691.347659,1758915691.3598983,1758915691.347659,float,C,30.817669045675355,30.817669045675355,KalmanFilter,0.5662416707264598,True,reconstructed,SimulatedDroppingStream,{},reconstructed.temp-1
groundtruth,temp-1,temp-1-1758916077355,1758916077.3556986,1758916077.3556986,1758916077.3556986,float,C,21.039065341325784,,,,,groundtruth,GroundTruthStream,{'ground_truth': 21.039065341325784},groundtruth.temp-1
observed,temp-1,temp-1-1758915692347,1758915692.347659,1758915692.3569937,1758915692.347659,float,C,,,,,,missing,SimulatedDroppingStream,{},observed.temp-1
reconstructed,temp-1,temp-1-1758915692347,1758915692.347659,1758915692.3569937,1758915692.347659,float,C,40.60590510493121,40.60590510493121,KalmanFilter,0.2284300067032449,True,reconstructed,SimulatedDroppingStream,{},reconstructed.temp-1
groundtruth,temp-1,temp-1-1758916078350,1758916078.3505738,1758916078.3505738,1758916078.3505738,float,C,25.064261702558696,,,,,groundtruth,GroundTruthStream,{'ground_truth': 25.064261702558696},groundtruth.temp-1
observed,temp-1,temp-1-1758915693347,1758915693.347659,1758915693.3626008,1758915693.347659,float,C,,,,,,missing,SimulatedDroppingStream,{},observed.temp-1
reconstructed,temp-1,temp-1-1758915693347,1758915693.347659,1758915693.3626008,1758915693.347659,float,C,53.469332942663776,53.469332942663776,KalmanFilter,0.08886414396864675,True,reconstructed,SimulatedDroppingStream,{},reconstructed.temp-1
groundtruth,temp-1,temp-1-1758916079349,1758916079.3497665,1758916079.3497665,1758916079.3497665,float,C,26.09175861129305,,,,,groundtruth,GroundTruthStream,{'ground_truth': 26.09175861129305},groundtruth.temp-1
observed,temp-1,temp-1-1758915694357,1758915694.357935,1758915694.357935,1758915694.357935,float,C,22.287059591270953,,,,,observed,SimulatedDroppingStream,{'ground_truth': 22.287059591270953},observed.temp-1
reconstructed,temp-1,temp-1-1758915694357,1758915694.357935,1758915694.357935,1758915694.357935,float,C,22.287059591270953,22.47436037125472,observed,1.0,False,observed,SimulatedDroppingStream,{'ground_truth': 22.287059591270953},reconstructed.temp-1
groundtruth,temp-1,temp-1-1758916080362,1758916080.36277,1758916080.36277,1758916080.36277,float,C,27.06992104108852,,,,,groundtruth,GroundTruthStream,{'ground_truth': 27.06992104108852},groundtruth.temp-1
observed,temp-1,temp-1-1758915695356,1758915695.3569095,1758915695.3569095,1758915695.3569095,float,C,29.623327175896026,,,,,observed,SimulatedDroppingStream,{'ground_truth': 29.623327175896026},observed.temp-1
reconstructed,temp-1,temp-1-1758915695356,1758915695.3569095,1758915695.3569095,1758915695.3569095,float,C,29.623327175896026,28.697146671083047,observed,1.0,False,observed,SimulatedDroppingStream,{'ground_truth': 29.623327175896026},reconstructed.temp-1
groundtruth,temp-1,temp-1-1758916081353,1758916081.3530204,1758916081.3530204,1758916081.3530204,float,C,24.2836967693601,,,,,groundtruth,GroundTruthStream,{'ground_truth': 24.2836967693601},groundtruth.temp-1
observed,temp-1,temp-1-1758915696359,1758915696.3598835,1758915696.3598835,1758915696.3598835,float,C,25.23964648143363,,,,,observed,SimulatedDroppingStream,{'ground_truth': 25.23964648143363},observed.temp-1
reconstructed,temp-1,temp-1-1758915696359,1758915696.3598835,1758915696.3598835,1758915696.3598835,float,C,25.23964648143363,26.307173220647655,observed,1.0,False,observed,SimulatedDroppingStream,{'ground_truth': 25.23964648143363},reconstructed.temp-1
groundtruth,temp-1,temp-1-1758916082355,1758916082.3553965,1758916082.3553965,1758916082.3553965,float,C,25.757121924419003,,,,,groundtruth,GroundTruthStream,{'ground_truth': 25.757121924419003},groundtruth.temp-1
observed,temp-1,temp-1-1758915697358,1758915697.3580434,1758915697.3580434,1758915697.3580434,float,C,25.46897807016823,,,,,observed,SimulatedDroppingStream,{'ground_truth': 25.46897807016823},observed.temp-1
reconstructed,temp-1,temp-1-1758915697358,1758915697.3580434,1758915697.3580434,1758915697.3580434,float,C,25.46897807016823,25.523139763241886,observed,1.0,False,observed,SimulatedDroppingStream,{'ground_truth': 25.46897807016823},reconstructed.temp-1
groundtruth,temp-1,temp-1-1758916083359,1758916083.3598106,1758916083.3598106,1758916083.3598106,float,C,18.88885588909501,,,,,groundtruth,GroundTruthStream,{'ground_truth': 18.88885588909501},groundtruth.temp-1
observed,temp-1,temp-1-1758915698357,1758915698.3578508,1758915698.3578508,1758915698.3578508,float,C,21.405792433048887,,,,,observed,SimulatedDroppingStream,{'ground_truth': 21.405792433048887},observed.temp-1
reconstructed,temp-1,temp-1-1758915698357,1758915698.3578508,1758915698.3578508,1758915698.3578508,float,C,21.405792433048887,21.76443108191143,observed,1.0,False,observed,SimulatedDroppingStream,{'ground_truth': 21.405792433048887},reconstructed.temp-1
groundtruth,temp-1,temp-1-1758916084349,1758916084.3499103,1758916084.3499103,1758916084.3499103,float,C,26.371162649285903,,,,,groundtruth,GroundTruthStream,{'ground_truth': 26.371162649285903},groundtruth.temp-1
observed,temp-1,temp-1-1758915699359,1758915699.3599768,1758915699.3599768,1758915699.3599768,float,C,18.7170640641525,,,,,observed,SimulatedDroppingStream,{'ground_truth': 18.7170640641525},observed.temp-1
reconstructed,temp-1,temp-1-1758915699359,1758915699.3599768,1758915699.3599768,1758915699.3599768,float,C,18.7170640641525,18.549686782276282,observed,1.0,False,observed,SimulatedDroppingStream,{'ground_truth': 18.7170640641525},reconstructed.temp-1
groundtruth,temp-1,temp-1-1758916086352,1758916086.3522432,1758916086.3522432,1758916086.3522432,float,C,27.981105268614087,,,,,groundtruth,GroundTruthStream,{'ground_truth': 27.981105268614087},groundtruth.temp-1
observed,temp-1,temp-1-1758915700347,1758915700.347659,1758915700.3611574,1758915700.347659,float,C,,,,,,missing,SimulatedDroppingStream,{},observed.temp-1
reconstructed,temp-1,temp-1-1758915700347,1758915700.347659,1758915700.3611574,1758915700.347659,float,C,13.914185573575587,13.914185573575587,KalmanFilter,0.596370279599634,True,reconstructed,SimulatedDroppingStream,{},reconstructed.temp-1
groundtruth,temp-1,temp-1-1758916088363,1758916088.36387,1758916088.36387,1758916088.36387,float,C,15.929660699690025,,,,,groundtruth,GroundTruthStream,{'ground_truth': 15.929660699690025},groundtruth.temp-1
observed,temp-1,temp-1-1758915701361,1758915701.3614428,1758915701.3614428,1758915701.3614428,float,C,22.123121161962494,,,,,observed,SimulatedDroppingStream,{'ground_truth': 22.123121161962494},observed.temp-1
reconstructed,temp-1,temp-1-1758915701361,1758915701.3614428,1758915701.3614428,1758915701.3614428,float,C,22.123121161962494,21.667868576827217,observed,1.0,False,observed,SimulatedDroppingStream,{'ground_truth': 22.123121161962494},reconstructed.temp-1
groundtruth,temp-1,temp-1-1758916089362,1758916089.362112,1758916089.362112,1758916089.362112,float,C,20.590784970447885,,,,,groundtruth,GroundTruthStream,{'ground_truth': 20.590784970447885},groundtruth.temp-1
observed,temp-1,temp-1-1758915702357,1758915702.3574977,1758915702.3574977,1758915702.3574977,float,C,27.512528924942504,,,,,observed,SimulatedDroppingStream,{'ground_truth': 27.512528924942504},observed.temp-1
reconstructed,temp-1,temp-1-1758915702357,1758915702.3574977,1758915702.3574977,1758915702.3574977,float,C,27.512528924942504,27.128280304219857,observed,1.0,False,observed,SimulatedDroppingStream,{'ground_truth': 27.512528924942504},reconstructed.temp-1
groundtruth,temp-1,temp-1-1758916090358,1758916090.3581874,1758916090.3581874,1758916090.3581874,float,C,22.103764529367982,,,,,groundtruth,GroundTruthStream,{'ground_truth': 22.103764529367982},groundtruth.temp-1
observed,temp-1,temp-1-1758915703353,1758915703.3535745,1758915703.3535745,1758915703.3535745,float,C,24.0897107521763,,,,,observed,SimulatedDroppingStream,{'ground_truth': 24.0897107521763},observed.temp-1
reconstructed,temp-1,temp-1-1758915703353,1758915703.3535745,1758915703.3535745,1758915703.3535745,float,C,24.0897107521763,25.30154856143981,observed,1.0,False,observed,SimulatedDroppingStream,{'ground_truth': 24.0897107521763},reconstructed.temp-1
groundtruth,temp-1,temp-1-1758916091356,1758916091.3560505,1758916091.3560505,1758916091.3560505,float,C,17.854220036672686,,,,,groundtruth,GroundTruthStream,{'ground_truth': 17.854220036672686},groundtruth.temp-1
observed,temp-1,temp-1-1758915704353,1758915704.3533523,1758915704.3533523,1758915704.3533523,float,C,15.902429595311704,,,,,observed,SimulatedDroppingStream,{'ground_truth': 15.902429595311704},observed.temp-1
reconstructed,temp-1,temp-1-1758915704353,1758915704.3533523,1758915704.3533523,1758915704.3533523,float,C,15.902429595311704,17.159653907779685,observed,1.0,False,observed,SimulatedDroppingStream,{'ground_truth': 15.902429595311704},reconstructed.temp-1
groundtruth,temp-1,temp-1-1758916093363,1758916093.3633971,1758916093.3633971,1758916093.3633971,float,C,25.282548927654577,,,,,groundtruth,GroundTruthStream,{'ground_truth': 25.282548927654577},groundtruth.temp-1
observed,temp-1,temp-1-1758915705357,1758915705.3572302,1758915705.3572302,1758915705.3572302,float,C,20.59351924276632,,,,,observed,SimulatedDroppingStream,{'ground_truth': 20.59351924276632},observed.temp-1
reconstructed,temp-1,temp-1-1758915705357,1758915705.3572302,1758915705.3572302,1758915705.3572302,float,C,20.59351924276632,19.0908341501694,observed,1.0,False,observed,SimulatedDroppingStream,{'ground_truth': 20.59351924276632},reconstructed.temp-1
groundtruth,temp-1,temp-1-1758916094362,1758916094.3622205,1758916094.3622205,1758916094.3622205,float,C,27.364494139295452,,,,,groundtruth,GroundTruthStream,{'ground_truth': 27.364494139295452},groundtruth.temp-1
observed,temp-1,temp-1-1758915706355,1758915706.3552802,1758915706.3552802,1758915706.3552802,float,C,27.515465115093342,,,,,observed,SimulatedDroppingStream,{'ground_truth': 27.515465115093342},observed.temp-1
reconstructed,temp-1,temp-1-1758915706355,1758915706.3552802,1758915706.3552802,1758915706.3552802,float,C,27.515465115093342,26.256901270289255,observed,1.0,False,observed,SimulatedDroppingStream,{'ground_truth': 27.515465115093342},reconstructed.temp-1
groundtruth,temp-1,temp-1-1758916095354,1758916095.3546097,1758916095.3546097,1758916095.3546097,float,C,19.544451588420124,,,,,groundtruth,GroundTruthStream,{'ground_truth': 19.544451588420124},groundtruth.temp-1
observed,temp-1,temp-1-1758915707347,1758915707.347659,1758915707.3519678,1758915707.347659,float,C,,,,,,missing,SimulatedDroppingStream,{},observed.temp-1
reconstructed,temp-1,temp-1-1758915707347,1758915707.347659,1758915707.3519678,1758915707.347659,float,C,33.19855324136702,33.19855324136702,KalmanFilter,0.5971808137296981,True,reconstructed,SimulatedDroppingStream,{},reconstructed.temp-1
groundtruth,temp-1,temp-1-1758916098350,1758916098.3507547,1758916098.3507547,1758916098.3507547,float,C,29.67961256022792,,,,,groundtruth,GroundTruthStream,{'ground_truth': 29.67961256022792},groundtruth.temp-1
observed,temp-1,temp-1-1758915708363,1758915708.3636124,1758915708.3636124,1758915708.3636124,float,C,26.977134592572533,,,,,observed,SimulatedDroppingStream,{'ground_truth': 26.977134592572533},observed.temp-1
reconstructed,temp-1,temp-1-1758915708363,1758915708.3636124,1758915708.3636124,1758915708.3636124,float,C,26.977134592572533,27.494051736214736,observed,1.0,False,observed,SimulatedDroppingStream,{'ground_truth': 26.977134592572533},reconstructed.temp-1
groundtruth,temp-1,temp-1-1758916099358,1758916099.3586578,1758916099.3586578,1758916099.3586578,float,C,22.190096939997723,,,,,groundtruth,GroundTruthStream,{'ground_truth': 22.190096939997723},groundtruth.temp-1
observed,temp-1,temp-1-1758915709363,1758915709.363446,1758915709.363446,1758915709.363446,float,C,27.762334149558193,,,,,observed,SimulatedDroppingStream,{'ground_truth': 27.762334149558193},observed.temp-1
reconstructed,temp-1,temp-1-1758915709363,1758915709.363446,1758915709.363446,1758915709.363446,float,C,27.762334149558193,27.88224988439835,observed,1.0,False,observed,SimulatedDroppingStream,{'ground_truth': 27.762334149558193},reconstructed.temp-1
groundtruth,temp-1,temp-1-1758916100359,1758916100.3597693,1758916100.3597693,1758916100.3597693,float,C,15.297577109781747,,,,,groundtruth,GroundTruthStream,{'ground_truth': 15.297577109781747},groundtruth.temp-1
observed,temp-1,temp-1-1758915710359,1758915710.359567,1758915710.359567,1758915710.359567,float,C,29.561568519296152,,,,,observed,SimulatedDroppingStream,{'ground_truth': 29.561568519296152},observed.temp-1
reconstructed,temp-1,temp-1-1758915710359,1758915710.359567,1758915710.359567,1758915710.359567,float,C,29.561568519296152,29.37949993326361,observed,1.0,False,observed,SimulatedDroppingStream,{'ground_truth': 29.561568519296152},reconstructed.temp-1
groundtruth,temp-1,temp-1-1758916101363,1758916101.3637927,1758916101.3637927,1758916101.3637927,float,C,26.85642266317133,,,,,groundtruth,GroundTruthStream,{'ground_truth': 26.85642266317133},groundtruth.temp-1
observed,temp-1,temp-1-1758915711347,1758915711.347659,1758915711.3610013,1758915711.347659,float,C,,,,,,missing,SimulatedDroppingStream,{},observed.temp-1
reconstructed,temp-1,temp-1-1758915711347,1758915711.347659,1758915711.3610013,1758915711.347659,float,C,30.408772974336426,30.408772974336426,KalmanFilter,0.592925706847577,True,reconstructed,SimulatedDroppingStream,{},reconstructed.temp-1
groundtruth,temp-1,temp-1-1758916102348,1758916102.3488798,1758916102.3488798,1758916102.3488798,float,C,15.348276448470411,,,,,groundtruth,GroundTruthStream,{'ground_truth': 15.348276448470411},groundtruth.temp-1
observed,temp-1,temp-1-1758915712357,1758915712.357795,1758915712.357795,1758915712.357795,float,C,28.438672760382524,,,,,observed,SimulatedDroppingStream,{'ground_truth': 28.438672760382524},observed.temp-1
reconstructed,temp-1,temp-1-1758915712357,1758915712.357795,1758915712.357795,1758915712.357795,float,C,28.438672760382524,28.53386834110589,observed,1.0,False,observed,SimulatedDroppingStream,{'ground_truth': 28.438672760382524},reconstructed.temp-1
groundtruth,temp-1,temp-1-1758916107353,1758916107.3536634,1758916107.3536634,1758916107.3536634,float,C,28.53584837023722,,,,,groundtruth,GroundTruthStream,{'ground_truth': 28.53584837023722},groundtruth.temp-1
observed,temp-1,temp-1-1758915713361,1758915713.3618941,1758915713.3618941,1758915713.3618941,float,C,25.89653698390076,,,,,observed,SimulatedDroppingStream,{'ground_truth': 25.89653698390076},observed.temp-1
reconstructed,temp-1,temp-1-1758915713361,1758915713.3618941,1758915713.3618941,1758915713.3618941,float,C,25.89653698390076,26.092008806900704,observed,1.0,False,observed,SimulatedDroppingStream,{'ground_truth': 25.89653698390076},reconstructed.temp-1
groundtruth,temp-1,temp-1-1758916108356,1758916108.3565621,1758916108.3565621,1758916108.3565621,float,C,25.966425185870005,,,,,groundtruth,GroundTruthStream,{'ground_truth': 25.966425185870005},groundtruth.temp-1
observed,temp-1,temp-1-1758915714347,1758915714.347659,1758915714.3526313,1758915714.347659,float,C,,,,,,missing,SimulatedDroppingStream,{},observed.temp-1
reconstructed,temp-1,temp-1-1758915714347,1758915714.347659,1758915714.3526313,1758915714.347659,float,C,23.103694180260202,23.103694180260202,KalmanFilter,0.5839669009211164,True,reconstructed,SimulatedDroppingStream,{},reconstructed.temp-1
groundtruth,temp-1,temp-1-1758916109354,1758916109.354129,1758916109.354129,1758916109.354129,float,C,20.43339906169852,,,,,groundtruth,GroundTruthStream,{'ground_truth': 20.43339906169852},groundtruth.temp-1
observed,temp-1,temp-1-1758915715353,1758915715.3535316,1758915715.3535316,1758915715.3535316,float,C,28.757096073069018,,,,,observed,SimulatedDroppingStream,{'ground_truth': 28.757096073069018},observed.temp-1
reconstructed,temp-1,temp-1-1758915715353,1758915715.3535316,1758915715.3535316,1758915715.3535316,float,C,28.757096073069018,28.46076143649728,observed,1.0,False,observed,SimulatedDroppingStream,{'ground_truth': 28.757096073069018},reconstructed.temp-1
groundtruth,temp-1,temp-1-1758916110355,1758916110.3555138,1758916110.3555138,1758916110.3555138,float,C,18.664486620643924,,,,,groundtruth,GroundTruthStream,{'ground_truth': 18.664486620643924},groundtruth.temp-1
observed,temp-1,temp-1-1758915716356,1758915716.356435,1758915716.356435,1758915716.356435,float,C,15.554369930267518,,,,,observed,SimulatedDroppingStream,{'ground_truth': 15.554369930267518},observed.temp-1
reconstructed,temp-1,temp-1-1758915716356,1758915716.356435,1758915716.356435,1758915716.356435,float,C,15.554369930267518,17.43666502985854,observed,1.0,False,observed,SimulatedDroppingStream,{'ground_truth': 15.554369930267518},reconstructed.temp-1
groundtruth,temp-1,temp-1-1758916112362,1758916112.3629644,1758916112.3629644,1758916112.3629644,float,C,22.815793319975,,,,,groundtruth,GroundTruthStream,{'ground_truth': 22.815793319975},groundtruth.temp-1
observed,temp-1,temp-1-1758915717362,1758915717.3628702,1758915717.3628702,1758915717.3628702,float,C,16.8315102138947,,,,,observed,SimulatedDroppingStream,{'ground_truth': 16.8315102138947},observed.temp-1
reconstructed,temp-1,temp-1-1758915717362,1758915717.3628702,1758915717.3628702,1758915717.3628702,float,C,16.8315102138947,15.670166859228162,observed,1.0,False,observed,SimulatedDroppingStream,{'ground_truth': 16.8315102138947},reconstructed.temp-1
groundtruth,temp-1,temp-1-1758916113360,1758916113.3609178,1758916113.3609178,1758916113.3609178,float,C,18.24661552419638,,,,,groundtruth,GroundTruthStream,{'ground_truth': 18.24661552419638},groundtruth.temp-1
observed,temp-1,temp-1-1758915718347,1758915718.347659,1758915718.3546362,1758915718.347659,float,C,,,,,,missing,SimulatedDroppingStream,{},observed.temp-1
reconstructed,temp-1,temp-1-1758915718347,1758915718.347659,1758915718.3546362,1758915718.347659,float,C,10.68481252040289,10.68481252040289,KalmanFilter,0.5926830628805778,True,reconstructed,SimulatedDroppingStream,{},reconstructed.temp-1
groundtruth,temp-1,temp-1-1758916114360,1758916114.36078,1758916114.36078,1758916114.36078,float,C,18.403658437762537,,,,,groundtruth,GroundTruthStream,{'ground_truth': 18.403658437762537},groundtruth.temp-1
observed,temp-1,temp-1-1758915719347,1758915719.347659,1758915719.3591053,1758915719.347659,float,C,,,,,,missing,SimulatedDroppingStream,{},observed.temp-1
reconstructed,temp-1,temp-1-1758915719347,1758915719.347659,1758915719.3591053,1758915719.347659,float,C,5.062180187654397,5.062180187654397,KalmanFilter,0.2507242600832678,True,reconstructed,SimulatedDroppingStream,{},reconstructed.temp-1
groundtruth,temp-1,temp-1-1758916115359,1758916115.3598268,1758916115.3598268,1758916115.3598268,float,C,26.985997397158755,,,,,groundtruth,GroundTruthStream,{'ground_truth': 26.985997397158755},groundtruth.temp-1
observed,temp-1,temp-1-1758915720347,1758915720.347659,1758915720.358262,1758915720.347659,float,C,,,,,,missing,SimulatedDroppingStream,{},observed.temp-1
reconstructed,temp-1,temp-1-1758915720347,1758915720.347659,1758915720.358262,1758915720.347659,float,C,-1.1977301390173165,-1.1977301390173165,KalmanFilter,0.09854027854745576,True,reconstructed,SimulatedDroppingStream,{},reconstructed.temp-1
groundtruth,temp-1,temp-1-1758916116360,1758916116.360649,1758916116.360649,1758916116.360649,float,C,20.59387581703288,,,,,groundtruth,GroundTruthStream,{'ground_truth': 20.59387581703288},groundtruth.temp-1
observed,temp-1,temp-1-1758915721347,1758915721.347659,1758915721.3629777,1758915721.347659,float,C,,,,,,missing,SimulatedDroppingStream,{},observed.temp-1
reconstructed,temp-1,temp-1-1758915721347,1758915721.347659,1758915721.3629777,1758915721.347659,float,C,-8.09491845961225,-8.09491845961225,KalmanFilter,0.042343272861194194,True,reconstructed,SimulatedDroppingStream,{},reconstructed.temp-1
groundtruth,temp-1,temp-1-1758916117363,1758916117.3630295,1758916117.3630295,1758916117.3630295,float,C,27.389584246146082,,,,,groundtruth,GroundTruthStream,{'ground_truth': 27.389584246146082},groundtruth.temp-1
observed,temp-1,temp-1-1758915722353,1758915722.3534346,1758915722.3534346,1758915722.3534346,float,C,18.619438470299958,,,,,observed,SimulatedDroppingStream,{'ground_truth': 18.619438470299958},observed.temp-1
reconstructed,temp-1,temp-1-1758915722353,1758915722.3534346,1758915722.3534346,1758915722.3534346,float,C,18.619438470299958,18.54887629643174,observed,1.0,False,observed,SimulatedDroppingStream,{'ground_truth': 18.619438470299958},reconstructed.temp-1
groundtruth,temp-1,temp-1-1758916118363,1758916118.36305,1758916118.36305,1758916118.36305,float,C,17.382901389322768,,,,,groundtruth,GroundTruthStream,{'ground_truth': 17.382901389322768},groundtruth.temp-1
observed,temp-1,temp-1-1758915723347,1758915723.347659,1758915723.3556812,1758915723.347659,float,C,,,,,,missing,SimulatedDroppingStream,{},observed.temp-1
reconstructed,temp-1,temp-1-1758915723347,1758915723.347659,1758915723.3556812,1758915723.347659,float,C,23.475286681375433,23.475286681375433,KalmanFilter,0.48502922935067216,True,reconstructed,SimulatedDroppingStream,{},reconstructed.temp-1
groundtruth,temp-1,temp-1-1758916119359,1758916119.3598063,1758916119.3598063,1758916119.3598063,float,C,21.763517612746423,,,,,groundtruth,GroundTruthStream,{'ground_truth': 21.763517612746423},groundtruth.temp-1
observed,temp-1,temp-1-1758915724360,1758915724.360534,1758915724.360534,1758915724.360534,float,C,29.00278231120528,,,,,observed,SimulatedDroppingStream,{'ground_truth': 29.00278231120528},observed.temp-1
reconstructed,temp-1,temp-1-1758915724360,1758915724.360534,1758915724.360534,1758915724.360534,float,C,29.00278231120528,29.01962743861103,observed,1.0,False,observed,SimulatedDroppingStream,{'ground_truth': 29.00278231120528},reconstructed.temp-1
groundtruth,temp-1,temp-1-1758916121363,1758916121.3637762,1758916121.3637762,1758916121.3637762,float,C,28.122452504883725,,,,,groundtruth,GroundTruthStream,{'ground_truth': 28.122452504883725},groundtruth.temp-1
observed,temp-1,temp-1-1758915725347,1758915725.347659,1758915725.3520656,1758915725.347659,float,C,,,,,,missing,SimulatedDroppingStream,{},observed.temp-1
reconstructed,temp-1,temp-1-1758915725347,1758915725.347659,1758915725.3520656,1758915725.347659,float,C,36.31674389930594,36.31674389930594,KalmanFilter,0.5877370338431992,True,reconstructed,SimulatedDroppingStream,{},reconstructed.temp-1
groundtruth,temp-1,temp-1-1758916122363,1758916122.3634322,1758916122.3634322,1758916122.3634322,float,C,25.17992415651318,,,,,groundtruth,GroundTruthStream,{'ground_truth': 25.17992415651318},groundtruth.temp-1
observed,temp-1,temp-1-1758915726356,1758915726.3562298,1758915726.3562298,1758915726.3562298,float,C,21.453243003024227,,,,,observed,SimulatedDroppingStream,{'ground_truth': 21.453243003024227},observed.temp-1
reconstructed,temp-1,temp-1-1758915726356,1758915726.3562298,1758915726.3562298,1758915726.3562298,float,C,21.453243003024227,22.184771098256647,observed,1.0,False,observed,SimulatedDroppingStream,{'ground_truth': 21.453243003024227},reconstructed.temp-1
groundtruth,temp-1,temp-1-1758916123357,1758916123.3578002,1758916123.3578002,1758916123.3578002,float,C,29.768297183594942,,,,,groundtruth,GroundTruthStream,{'ground_truth': 29.768297183594942},groundtruth.temp-1
observed,temp-1,temp-1-1758915727347,1758915727.347659,1758915727.3522642,1758915727.347659,float,C,,,,,,missing,SimulatedDroppingStream,{},observed.temp-1
reconstructed,temp-1,temp-1-1758915727347,1758915727.347659,1758915727.3522642,1758915727.347659,float,C,15.794658484288675,15.794658484288675,KalmanFilter,0.5886596918460528,True,reconstructed,SimulatedDroppingStream,{},reconstructed.temp-1
groundtruth,temp-1,temp-1-1758916125352,1758916125.3529193,1758916125.3529193,1758916125.3529193,float,C,27.885798681022244,,,,,groundtruth,GroundTruthStream,{'ground_truth': 27.885798681022244},groundtruth.temp-1
observed,temp-1,temp-1-1758915728351,1758915728.3510551,1758915728.3510551,1758915728.3510551,float,C,28.924331898735623,,,,,observed,SimulatedDroppingStream,{'ground_truth': 28.924331898735623},observed.temp-1
reconstructed,temp-1,temp-1-1758915728351,1758915728.3510551,1758915728.3510551,1758915728.3510551,float,C,28.924331898735623,28.236129137955214,observed,1.0,False,observed,SimulatedDroppingStream,{'ground_truth': 28.924331898735623},reconstructed.temp-1
