# Logger: PatternLogger | Started: Sun Oct 19 13:51:44 EDT 2025
fired_at,fired_offset_sec,pattern_name,pattern_type,subpatterns,subpattern_confidences,num_subpatterns,num_events,confidence,nested_event_ids
2025-10-19 13:51:51.598,7.516,Calumet_LowWaterTemp_65,atomic,[Calumet_LowWaterTemp_65],[1.0000],1,1,1.0000,[[CalumetBeach201505191200_Water_Temperature]]
2025-10-19 13:51:51.617,7.535,Calumet_LowWaterTemp_75,atomic,[Calumet_LowWaterTemp_75],[1.0000],1,1,1.0000,[[CalumetBeach201505191200_Water_Temperature]]
2025-10-19 13:51:51.618,7.536,Calumet_LowWaterTemp_85,atomic,[Calumet_LowWaterTemp_85],[1.0000],1,1,1.0000,[[CalumetBeach201505191200_Water_Temperature]]
2025-10-19 13:51:51.619,7.537,Calumet_LowWaterTemp_95,atomic,[Calumet_LowWaterTemp_95],[1.0000],1,1,1.0000,[[CalumetBeach201505191200_Water_Temperature]]
2025-10-19 13:51:51.674,7.592,Calumet_LowWaterTemp_65,atomic,[Calumet_LowWaterTemp_65],[1.0000],1,1,1.0000,[[CalumetBeach201505191500_Water_Temperature]]
2025-10-19 13:51:51.675,7.593,Calumet_LowWaterTemp_75,atomic,[Calumet_LowWaterTemp_75],[1.0000],1,1,1.0000,[[CalumetBeach201505191500_Water_Temperature]]
2025-10-19 13:51:51.676,7.594,Calumet_LowWaterTemp_85,atomic,[Calumet_LowWaterTemp_85],[1.0000],1,1,1.0000,[[CalumetBeach201505191500_Water_Temperature]]
2025-10-19 13:51:51.678,7.596,Calumet_LowWaterTemp_95,atomic,[Calumet_LowWaterTemp_95],[1.0000],1,1,1.0000,[[CalumetBeach201505191500_Water_Temperature]]
2025-10-19 13:51:51.854,7.772,Calumet_LowWaterTemp_65,atomic,[Calumet_LowWaterTemp_65],[1.0000],1,1,1.0000,[[CalumetBeach201505191800_Water_Temperature]]
2025-10-19 13:51:51.854,7.772,Calumet_LowWaterTemp_75,atomic,[Calumet_LowWaterTemp_75],[1.0000],1,1,1.0000,[[CalumetBeach201505191800_Water_Temperature]]
2025-10-19 13:51:51.855,7.773,Calumet_LowWaterTemp_85,atomic,[Calumet_LowWaterTemp_85],[1.0000],1,1,1.0000,[[CalumetBeach201505191800_Water_Temperature]]
2025-10-19 13:51:51.855,7.773,Calumet_LowWaterTemp_95,atomic,[Calumet_LowWaterTemp_95],[1.0000],1,1,1.0000,[[CalumetBeach201505191800_Water_Temperature]]
2025-10-19 13:51:51.976,7.894,Calumet_LowWaterTemp_65,atomic,[Calumet_LowWaterTemp_65],[1.0000],1,1,1.0000,[[CalumetBeach201505192000_Water_Temperature]]
2025-10-19 13:51:51.976,7.894,Calumet_LowWaterTemp_75,atomic,[Calumet_LowWaterTemp_75],[1.0000],1,1,1.0000,[[CalumetBeach201505192000_Water_Temperature]]
2025-10-19 13:51:51.977,7.895,Calumet_LowWaterTemp_85,atomic,[Calumet_LowWaterTemp_85],[1.0000],1,1,1.0000,[[CalumetBeach201505192000_Water_Temperature]]
2025-10-19 13:51:51.978,7.896,Calumet_LowWaterTemp_95,atomic,[Calumet_LowWaterTemp_95],[1.0000],1,1,1.0000,[[CalumetBeach201505192000_Water_Temperature]]
2025-10-19 13:51:52.039,7.957,Calumet_LowWaterTemp_65,atomic,[Calumet_LowWaterTemp_65],[1.0000],1,1,1.0000,[[CalumetBeach201505192100_Water_Temperature]]
2025-10-19 13:51:52.040,7.958,Calumet_LowWaterTemp_75,atomic,[Calumet_LowWaterTemp_75],[1.0000],1,1,1.0000,[[CalumetBeach201505192100_Water_Temperature]]
2025-10-19 13:51:52.040,7.958,Calumet_LowWaterTemp_85,atomic,[Calumet_LowWaterTemp_85],[1.0000],1,1,1.0000,[[CalumetBeach201505192100_Water_Temperature]]
2025-10-19 13:51:52.041,7.959,Calumet_LowWaterTemp_95,atomic,[Calumet_LowWaterTemp_95],[1.0000],1,1,1.0000,[[CalumetBeach201505192100_Water_Temperature]]
2025-10-19 13:51:52.365,8.283,Montrose_HighWave_65,atomic,[Montrose_HighWave_65],[1.0000],1,1,1.0000,[[MontroseBeach201505200200_Wave_Height]]
2025-10-19 13:51:52.366,8.284,Montrose_HighWave_75,atomic,[Montrose_HighWave_75],[1.0000],1,1,1.0000,[[MontroseBeach201505200200_Wave_Height]]
2025-10-19 13:51:52.366,8.284,Montrose_HighWave_85,atomic,[Montrose_HighWave_85],[1.0000],1,1,1.0000,[[MontroseBeach201505200200_Wave_Height]]
2025-10-19 13:51:52.367,8.285,Montrose_HighWave_95,atomic,[Montrose_HighWave_95],[1.0000],1,1,1.0000,[[MontroseBeach201505200200_Wave_Height]]
2025-10-19 13:51:52.982,8.900,Calumet_LowWaterTemp_65,atomic,[Calumet_LowWaterTemp_65],[1.0000],1,1,1.0000,[[CalumetBeach201505201200_Water_Temperature]]
2025-10-19 13:51:52.983,8.901,Calumet_LowWaterTemp_75,atomic,[Calumet_LowWaterTemp_75],[1.0000],1,1,1.0000,[[CalumetBeach201505201200_Water_Temperature]]
2025-10-19 13:51:52.984,8.902,Calumet_LowWaterTemp_85,atomic,[Calumet_LowWaterTemp_85],[1.0000],1,1,1.0000,[[CalumetBeach201505201200_Water_Temperature]]
2025-10-19 13:51:52.984,8.902,Calumet_LowWaterTemp_95,atomic,[Calumet_LowWaterTemp_95],[1.0000],1,1,1.0000,[[CalumetBeach201505201200_Water_Temperature]]
2025-10-19 13:51:53.242,9.160,Calumet_LowWaterTemp_65,atomic,[Calumet_LowWaterTemp_65],[1.0000],1,1,1.0000,[[CalumetBeach201505201600_Water_Temperature]]
2025-10-19 13:51:53.243,9.161,Calumet_LowWaterTemp_75,atomic,[Calumet_LowWaterTemp_75],[1.0000],1,1,1.0000,[[CalumetBeach201505201600_Water_Temperature]]
2025-10-19 13:51:53.243,9.161,Calumet_LowWaterTemp_85,atomic,[Calumet_LowWaterTemp_85],[1.0000],1,1,1.0000,[[CalumetBeach201505201600_Water_Temperature]]
2025-10-19 13:51:53.243,9.161,Calumet_LowWaterTemp_95,atomic,[Calumet_LowWaterTemp_95],[1.0000],1,1,1.0000,[[CalumetBeach201505201600_Water_Temperature]]
2025-10-19 13:51:53.369,9.287,Calumet_LowWaterTemp_65,atomic,[Calumet_LowWaterTemp_65],[1.0000],1,1,1.0000,[[CalumetBeach201505201800_Water_Temperature]]
2025-10-19 13:51:53.371,9.289,Calumet_LowWaterTemp_75,atomic,[Calumet_LowWaterTemp_75],[1.0000],1,1,1.0000,[[CalumetBeach201505201800_Water_Temperature]]
2025-10-19 13:51:53.372,9.290,Calumet_LowWaterTemp_85,atomic,[Calumet_LowWaterTemp_85],[1.0000],1,1,1.0000,[[CalumetBeach201505201800_Water_Temperature]]
2025-10-19 13:51:53.372,9.290,Calumet_LowWaterTemp_95,atomic,[Calumet_LowWaterTemp_95],[1.0000],1,1,1.0000,[[CalumetBeach201505201800_Water_Temperature]]
2025-10-19 13:51:53.433,9.351,Calumet_LowWaterTemp_65,atomic,[Calumet_LowWaterTemp_65],[1.0000],1,1,1.0000,[[CalumetBeach201505201900_Water_Temperature]]
2025-10-19 13:51:53.433,9.351,Calumet_LowWaterTemp_75,atomic,[Calumet_LowWaterTemp_75],[1.0000],1,1,1.0000,[[CalumetBeach201505201900_Water_Temperature]]
2025-10-19 13:51:53.435,9.353,Calumet_LowWaterTemp_85,atomic,[Calumet_LowWaterTemp_85],[1.0000],1,1,1.0000,[[CalumetBeach201505201900_Water_Temperature]]
2025-10-19 13:51:53.435,9.353,Calumet_LowWaterTemp_95,atomic,[Calumet_LowWaterTemp_95],[1.0000],1,1,1.0000,[[CalumetBeach201505201900_Water_Temperature]]
2025-10-19 13:51:53.925,9.843,63rd_HighWavePeriod_65,atomic,[63rd_HighWavePeriod_65],[1.0000],1,1,1.0000,[[63rdStreetBeach201505210300_Wave_Period]]
2025-10-19 13:51:53.926,9.844,63rd_HighWavePeriod_75,atomic,[63rd_HighWavePeriod_75],[1.0000],1,1,1.0000,[[63rdStreetBeach201505210300_Wave_Period]]
2025-10-19 13:51:53.926,9.844,63rd_HighWavePeriod_85,atomic,[63rd_HighWavePeriod_85],[1.0000],1,1,1.0000,[[63rdStreetBeach201505210300_Wave_Period]]
2025-10-19 13:51:53.928,9.846,63rd_HighWavePeriod_95,atomic,[63rd_HighWavePeriod_95],[1.0000],1,1,1.0000,[[63rdStreetBeach201505210300_Wave_Period]]
2025-10-19 13:51:54.678,10.596,Calumet_LowWaterTemp_65,atomic,[Calumet_LowWaterTemp_65],[1.0000],1,1,1.0000,[[CalumetBeach201505211500_Water_Temperature]]
2025-10-19 13:51:54.678,10.596,Calumet_LowWaterTemp_75,atomic,[Calumet_LowWaterTemp_75],[1.0000],1,1,1.0000,[[CalumetBeach201505211500_Water_Temperature]]
2025-10-19 13:51:54.679,10.597,Calumet_LowWaterTemp_85,atomic,[Calumet_LowWaterTemp_85],[1.0000],1,1,1.0000,[[CalumetBeach201505211500_Water_Temperature]]
2025-10-19 13:51:54.679,10.597,Calumet_LowWaterTemp_95,atomic,[Calumet_LowWaterTemp_95],[1.0000],1,1,1.0000,[[CalumetBeach201505211500_Water_Temperature]]
2025-10-19 13:51:54.879,10.797,Calumet_LowWaterTemp_65,atomic,[Calumet_LowWaterTemp_65],[1.0000],1,1,1.0000,[[CalumetBeach201505211800_Water_Temperature]]
2025-10-19 13:51:54.880,10.798,Calumet_LowWaterTemp_75,atomic,[Calumet_LowWaterTemp_75],[1.0000],1,1,1.0000,[[CalumetBeach201505211800_Water_Temperature]]
2025-10-19 13:51:54.881,10.799,Calumet_LowWaterTemp_85,atomic,[Calumet_LowWaterTemp_85],[1.0000],1,1,1.0000,[[CalumetBeach201505211800_Water_Temperature]]
2025-10-19 13:51:54.881,10.799,Calumet_LowWaterTemp_95,atomic,[Calumet_LowWaterTemp_95],[1.0000],1,1,1.0000,[[CalumetBeach201505211800_Water_Temperature]]
2025-10-19 13:51:55.385,11.303,Calumet_LowWaterTemp_65,atomic,[Calumet_LowWaterTemp_65],[1.0000],1,1,1.0000,[[CalumetBeach201505220200_Water_Temperature]]
2025-10-19 13:51:55.386,11.304,Calumet_LowWaterTemp_75,atomic,[Calumet_LowWaterTemp_75],[1.0000],1,1,1.0000,[[CalumetBeach201505220200_Water_Temperature]]
2025-10-19 13:51:55.387,11.305,Calumet_LowWaterTemp_85,atomic,[Calumet_LowWaterTemp_85],[1.0000],1,1,1.0000,[[CalumetBeach201505220200_Water_Temperature]]
2025-10-19 13:51:55.387,11.305,Calumet_LowWaterTemp_95,atomic,[Calumet_LowWaterTemp_95],[1.0000],1,1,1.0000,[[CalumetBeach201505220200_Water_Temperature]]
2025-10-19 13:51:55.623,11.541,Calumet_LowWaterTemp_65,atomic,[Calumet_LowWaterTemp_65],[1.0000],1,1,1.0000,[[CalumetBeach201505220600_Water_Temperature]]
2025-10-19 13:51:55.624,11.542,Calumet_LowWaterTemp_75,atomic,[Calumet_LowWaterTemp_75],[1.0000],1,1,1.0000,[[CalumetBeach201505220600_Water_Temperature]]
2025-10-19 13:51:55.624,11.542,Calumet_LowWaterTemp_85,atomic,[Calumet_LowWaterTemp_85],[1.0000],1,1,1.0000,[[CalumetBeach201505220600_Water_Temperature]]
2025-10-19 13:51:55.624,11.542,Calumet_LowWaterTemp_95,atomic,[Calumet_LowWaterTemp_95],[1.0000],1,1,1.0000,[[CalumetBeach201505220600_Water_Temperature]]
2025-10-19 13:51:56.078,11.996,Calumet_LowWaterTemp_65,atomic,[Calumet_LowWaterTemp_65],[1.0000],1,1,1.0000,[[CalumetBeach201505221300_Water_Temperature]]
2025-10-19 13:51:56.079,11.997,Calumet_LowWaterTemp_75,atomic,[Calumet_LowWaterTemp_75],[1.0000],1,1,1.0000,[[CalumetBeach201505221300_Water_Temperature]]
2025-10-19 13:51:56.080,11.998,Calumet_LowWaterTemp_85,atomic,[Calumet_LowWaterTemp_85],[1.0000],1,1,1.0000,[[CalumetBeach201505221300_Water_Temperature]]
2025-10-19 13:51:56.081,11.999,Calumet_LowWaterTemp_95,atomic,[Calumet_LowWaterTemp_95],[1.0000],1,1,1.0000,[[CalumetBeach201505221300_Water_Temperature]]
2025-10-19 13:51:56.568,12.486,Calumet_LowWaterTemp_65,atomic,[Calumet_LowWaterTemp_65],[1.0000],1,1,1.0000,[[CalumetBeach201505222100_Water_Temperature]]
2025-10-19 13:51:56.569,12.487,Calumet_LowWaterTemp_75,atomic,[Calumet_LowWaterTemp_75],[1.0000],1,1,1.0000,[[CalumetBeach201505222100_Water_Temperature]]
2025-10-19 13:51:56.570,12.488,Calumet_LowWaterTemp_85,atomic,[Calumet_LowWaterTemp_85],[1.0000],1,1,1.0000,[[CalumetBeach201505222100_Water_Temperature]]
2025-10-19 13:51:56.571,12.489,Calumet_LowWaterTemp_95,atomic,[Calumet_LowWaterTemp_95],[1.0000],1,1,1.0000,[[CalumetBeach201505222100_Water_Temperature]]
2025-10-19 13:51:56.819,12.737,Calumet_LowWaterTemp_65,atomic,[Calumet_LowWaterTemp_65],[1.0000],1,1,1.0000,[[CalumetBeach201505231000_Water_Temperature]]
2025-10-19 13:51:56.820,12.738,Calumet_LowWaterTemp_75,atomic,[Calumet_LowWaterTemp_75],[1.0000],1,1,1.0000,[[CalumetBeach201505231000_Water_Temperature]]
2025-10-19 13:51:56.820,12.738,Calumet_LowWaterTemp_85,atomic,[Calumet_LowWaterTemp_85],[1.0000],1,1,1.0000,[[CalumetBeach201505231000_Water_Temperature]]
2025-10-19 13:51:56.821,12.739,Calumet_LowWaterTemp_95,atomic,[Calumet_LowWaterTemp_95],[1.0000],1,1,1.0000,[[CalumetBeach201505231000_Water_Temperature]]
2025-10-19 13:51:57.086,13.004,Calumet_LowWaterTemp_65,atomic,[Calumet_LowWaterTemp_65],[1.0000],1,1,1.0000,[[CalumetBeach201505231400_Water_Temperature]]
2025-10-19 13:51:57.086,13.004,Calumet_LowWaterTemp_75,atomic,[Calumet_LowWaterTemp_75],[1.0000],1,1,1.0000,[[CalumetBeach201505231400_Water_Temperature]]
2025-10-19 13:51:57.087,13.005,Calumet_LowWaterTemp_85,atomic,[Calumet_LowWaterTemp_85],[1.0000],1,1,1.0000,[[CalumetBeach201505231400_Water_Temperature]]
2025-10-19 13:51:57.087,13.005,Calumet_LowWaterTemp_95,atomic,[Calumet_LowWaterTemp_95],[1.0000],1,1,1.0000,[[CalumetBeach201505231400_Water_Temperature]]
2025-10-19 13:51:57.388,13.306,Calumet_LowWaterTemp_65,atomic,[Calumet_LowWaterTemp_65],[1.0000],1,1,1.0000,[[CalumetBeach201505231900_Water_Temperature]]
2025-10-19 13:51:57.389,13.307,Calumet_LowWaterTemp_75,atomic,[Calumet_LowWaterTemp_75],[1.0000],1,1,1.0000,[[CalumetBeach201505231900_Water_Temperature]]
2025-10-19 13:51:57.389,13.307,Calumet_LowWaterTemp_85,atomic,[Calumet_LowWaterTemp_85],[1.0000],1,1,1.0000,[[CalumetBeach201505231900_Water_Temperature]]
2025-10-19 13:51:57.389,13.307,Calumet_LowWaterTemp_95,atomic,[Calumet_LowWaterTemp_95],[1.0000],1,1,1.0000,[[CalumetBeach201505231900_Water_Temperature]]
2025-10-19 13:51:58.084,14.002,Calumet_LowWaterTemp_65,atomic,[Calumet_LowWaterTemp_65],[1.0000],1,1,1.0000,[[CalumetBeach201505240700_Water_Temperature]]
2025-10-19 13:51:58.084,14.002,Calumet_LowWaterTemp_75,atomic,[Calumet_LowWaterTemp_75],[1.0000],1,1,1.0000,[[CalumetBeach201505240700_Water_Temperature]]
2025-10-19 13:51:58.085,14.003,Calumet_LowWaterTemp_85,atomic,[Calumet_LowWaterTemp_85],[1.0000],1,1,1.0000,[[CalumetBeach201505240700_Water_Temperature]]
2025-10-19 13:51:58.085,14.003,Calumet_LowWaterTemp_95,atomic,[Calumet_LowWaterTemp_95],[1.0000],1,1,1.0000,[[CalumetBeach201505240700_Water_Temperature]]
2025-10-19 13:51:58.160,14.078,Calumet_LowWaterTemp_65,atomic,[Calumet_LowWaterTemp_65],[1.0000],1,1,1.0000,[[CalumetBeach201505240800_Water_Temperature]]
2025-10-19 13:51:58.161,14.079,Calumet_LowWaterTemp_75,atomic,[Calumet_LowWaterTemp_75],[1.0000],1,1,1.0000,[[CalumetBeach201505240800_Water_Temperature]]
2025-10-19 13:51:58.162,14.080,Calumet_LowWaterTemp_85,atomic,[Calumet_LowWaterTemp_85],[1.0000],1,1,1.0000,[[CalumetBeach201505240800_Water_Temperature]]
2025-10-19 13:51:58.162,14.080,Calumet_LowWaterTemp_95,atomic,[Calumet_LowWaterTemp_95],[1.0000],1,1,1.0000,[[CalumetBeach201505240800_Water_Temperature]]
2025-10-19 13:51:58.334,14.252,Calumet_LowWaterTemp_65,atomic,[Calumet_LowWaterTemp_65],[1.0000],1,1,1.0000,[[CalumetBeach201505241100_Water_Temperature]]
2025-10-19 13:51:58.336,14.254,Calumet_LowWaterTemp_75,atomic,[Calumet_LowWaterTemp_75],[1.0000],1,1,1.0000,[[CalumetBeach201505241100_Water_Temperature]]
2025-10-19 13:51:58.336,14.254,Calumet_LowWaterTemp_85,atomic,[Calumet_LowWaterTemp_85],[1.0000],1,1,1.0000,[[CalumetBeach201505241100_Water_Temperature]]
2025-10-19 13:51:58.336,14.254,Calumet_LowWaterTemp_95,atomic,[Calumet_LowWaterTemp_95],[1.0000],1,1,1.0000,[[CalumetBeach201505241100_Water_Temperature]]
2025-10-19 13:51:58.461,14.379,Calumet_LowWaterTemp_65,atomic,[Calumet_LowWaterTemp_65],[1.0000],1,1,1.0000,[[CalumetBeach201505241300_Water_Temperature]]
2025-10-19 13:51:58.462,14.380,Calumet_LowWaterTemp_75,atomic,[Calumet_LowWaterTemp_75],[1.0000],1,1,1.0000,[[CalumetBeach201505241300_Water_Temperature]]
2025-10-19 13:51:58.463,14.381,Calumet_LowWaterTemp_85,atomic,[Calumet_LowWaterTemp_85],[1.0000],1,1,1.0000,[[CalumetBeach201505241300_Water_Temperature]]
2025-10-19 13:51:58.463,14.381,Calumet_LowWaterTemp_95,atomic,[Calumet_LowWaterTemp_95],[1.0000],1,1,1.0000,[[CalumetBeach201505241300_Water_Temperature]]
2025-10-19 13:51:58.666,14.584,Calumet_LowWaterTemp_65,atomic,[Calumet_LowWaterTemp_65],[1.0000],1,1,1.0000,[[CalumetBeach201505241600_Water_Temperature]]
2025-10-19 13:51:58.667,14.585,Calumet_LowWaterTemp_75,atomic,[Calumet_LowWaterTemp_75],[1.0000],1,1,1.0000,[[CalumetBeach201505241600_Water_Temperature]]
2025-10-19 13:51:58.669,14.587,Calumet_LowWaterTemp_85,atomic,[Calumet_LowWaterTemp_85],[1.0000],1,1,1.0000,[[CalumetBeach201505241600_Water_Temperature]]
2025-10-19 13:51:58.669,14.587,Calumet_LowWaterTemp_95,atomic,[Calumet_LowWaterTemp_95],[1.0000],1,1,1.0000,[[CalumetBeach201505241600_Water_Temperature]]
2025-10-19 13:51:58.786,14.704,Calumet_LowWaterTemp_65,atomic,[Calumet_LowWaterTemp_65],[1.0000],1,1,1.0000,[[CalumetBeach201505241800_Water_Temperature]]
2025-10-19 13:51:58.787,14.705,Calumet_LowWaterTemp_75,atomic,[Calumet_LowWaterTemp_75],[1.0000],1,1,1.0000,[[CalumetBeach201505241800_Water_Temperature]]
2025-10-19 13:51:58.788,14.706,Calumet_LowWaterTemp_85,atomic,[Calumet_LowWaterTemp_85],[1.0000],1,1,1.0000,[[CalumetBeach201505241800_Water_Temperature]]
2025-10-19 13:51:58.788,14.706,Calumet_LowWaterTemp_95,atomic,[Calumet_LowWaterTemp_95],[1.0000],1,1,1.0000,[[CalumetBeach201505241800_Water_Temperature]]
2025-10-19 13:51:59.669,15.587,Calumet_LowWaterTemp_65,atomic,[Calumet_LowWaterTemp_65],[1.0000],1,1,1.0000,[[CalumetBeach201505250800_Water_Temperature]]
2025-10-19 13:51:59.670,15.588,Calumet_LowWaterTemp_75,atomic,[Calumet_LowWaterTemp_75],[1.0000],1,1,1.0000,[[CalumetBeach201505250800_Water_Temperature]]
2025-10-19 13:51:59.670,15.588,Calumet_LowWaterTemp_85,atomic,[Calumet_LowWaterTemp_85],[1.0000],1,1,1.0000,[[CalumetBeach201505250800_Water_Temperature]]
2025-10-19 13:51:59.670,15.588,Calumet_LowWaterTemp_95,atomic,[Calumet_LowWaterTemp_95],[1.0000],1,1,1.0000,[[CalumetBeach201505250800_Water_Temperature]]
2025-10-19 13:51:59.718,15.636,Calumet_LowWaterTemp_65,atomic,[Calumet_LowWaterTemp_65],[1.0000],1,1,1.0000,[[CalumetBeach201505250900_Water_Temperature]]
2025-10-19 13:51:59.719,15.637,Calumet_LowWaterTemp_75,atomic,[Calumet_LowWaterTemp_75],[1.0000],1,1,1.0000,[[CalumetBeach201505250900_Water_Temperature]]
2025-10-19 13:51:59.719,15.637,Calumet_LowWaterTemp_85,atomic,[Calumet_LowWaterTemp_85],[1.0000],1,1,1.0000,[[CalumetBeach201505250900_Water_Temperature]]
2025-10-19 13:51:59.719,15.637,Calumet_LowWaterTemp_95,atomic,[Calumet_LowWaterTemp_95],[1.0000],1,1,1.0000,[[CalumetBeach201505250900_Water_Temperature]]
2025-10-19 13:51:59.779,15.697,Calumet_LowWaterTemp_65,atomic,[Calumet_LowWaterTemp_65],[1.0000],1,1,1.0000,[[CalumetBeach201505251000_Water_Temperature]]
2025-10-19 13:51:59.780,15.698,Calumet_LowWaterTemp_75,atomic,[Calumet_LowWaterTemp_75],[1.0000],1,1,1.0000,[[CalumetBeach201505251000_Water_Temperature]]
2025-10-19 13:51:59.781,15.699,Calumet_LowWaterTemp_85,atomic,[Calumet_LowWaterTemp_85],[1.0000],1,1,1.0000,[[CalumetBeach201505251000_Water_Temperature]]
2025-10-19 13:51:59.781,15.699,Calumet_LowWaterTemp_95,atomic,[Calumet_LowWaterTemp_95],[1.0000],1,1,1.0000,[[CalumetBeach201505251000_Water_Temperature]]
2025-10-19 13:52:00.100,16.018,63rd_HighWavePeriod_65,atomic,[63rd_HighWavePeriod_65],[1.0000],1,1,1.0000,[[63rdStreetBeach201505251500_Wave_Period]]
2025-10-19 13:52:00.101,16.019,63rd_HighWavePeriod_75,atomic,[63rd_HighWavePeriod_75],[1.0000],1,1,1.0000,[[63rdStreetBeach201505251500_Wave_Period]]
2025-10-19 13:52:00.101,16.019,63rd_HighWavePeriod_85,atomic,[63rd_HighWavePeriod_85],[1.0000],1,1,1.0000,[[63rdStreetBeach201505251500_Wave_Period]]
2025-10-19 13:52:00.102,16.020,63rd_HighWavePeriod_95,atomic,[63rd_HighWavePeriod_95],[1.0000],1,1,1.0000,[[63rdStreetBeach201505251500_Wave_Period]]
2025-10-19 13:52:00.103,16.021,Calumet_LowWaterTemp_65,atomic,[Calumet_LowWaterTemp_65],[1.0000],1,1,1.0000,[[CalumetBeach201505251500_Water_Temperature]]
2025-10-19 13:52:00.103,16.021,Calumet_LowWaterTemp_75,atomic,[Calumet_LowWaterTemp_75],[1.0000],1,1,1.0000,[[CalumetBeach201505251500_Water_Temperature]]
2025-10-19 13:52:00.104,16.022,Calumet_LowWaterTemp_85,atomic,[Calumet_LowWaterTemp_85],[1.0000],1,1,1.0000,[[CalumetBeach201505251500_Water_Temperature]]
2025-10-19 13:52:00.104,16.022,Calumet_LowWaterTemp_95,atomic,[Calumet_LowWaterTemp_95],[1.0000],1,1,1.0000,[[CalumetBeach201505251500_Water_Temperature]]
2025-10-19 13:52:00.411,16.329,Calumet_LowWaterTemp_65,atomic,[Calumet_LowWaterTemp_65],[1.0000],1,1,1.0000,[[CalumetBeach201505252000_Water_Temperature]]
2025-10-19 13:52:00.412,16.330,Calumet_LowWaterTemp_75,atomic,[Calumet_LowWaterTemp_75],[1.0000],1,1,1.0000,[[CalumetBeach201505252000_Water_Temperature]]
2025-10-19 13:52:00.412,16.330,Calumet_LowWaterTemp_85,atomic,[Calumet_LowWaterTemp_85],[1.0000],1,1,1.0000,[[CalumetBeach201505252000_Water_Temperature]]
2025-10-19 13:52:00.412,16.330,Calumet_LowWaterTemp_95,atomic,[Calumet_LowWaterTemp_95],[1.0000],1,1,1.0000,[[CalumetBeach201505252000_Water_Temperature]]
2025-10-19 13:52:00.493,16.411,63rd_HighWavePeriod_65,atomic,[63rd_HighWavePeriod_65],[1.0000],1,1,1.0000,[[63rdStreetBeach201505252100_Wave_Period]]
2025-10-19 13:52:00.494,16.412,63rd_HighWavePeriod_75,atomic,[63rd_HighWavePeriod_75],[1.0000],1,1,1.0000,[[63rdStreetBeach201505252100_Wave_Period]]
2025-10-19 13:52:00.495,16.413,63rd_HighWavePeriod_85,atomic,[63rd_HighWavePeriod_85],[1.0000],1,1,1.0000,[[63rdStreetBeach201505252100_Wave_Period]]
2025-10-19 13:52:00.495,16.413,63rd_HighWavePeriod_95,atomic,[63rd_HighWavePeriod_95],[1.0000],1,1,1.0000,[[63rdStreetBeach201505252100_Wave_Period]]
2025-10-19 13:52:00.496,16.414,Calumet_LowWaterTemp_65,atomic,[Calumet_LowWaterTemp_65],[1.0000],1,1,1.0000,[[CalumetBeach201505252100_Water_Temperature]]
2025-10-19 13:52:00.497,16.415,Calumet_LowWaterTemp_75,atomic,[Calumet_LowWaterTemp_75],[1.0000],1,1,1.0000,[[CalumetBeach201505252100_Water_Temperature]]
2025-10-19 13:52:00.498,16.416,Calumet_LowWaterTemp_85,atomic,[Calumet_LowWaterTemp_85],[1.0000],1,1,1.0000,[[CalumetBeach201505252100_Water_Temperature]]
2025-10-19 13:52:00.498,16.416,Calumet_LowWaterTemp_95,atomic,[Calumet_LowWaterTemp_95],[1.0000],1,1,1.0000,[[CalumetBeach201505252100_Water_Temperature]]
2025-10-19 13:52:00.604,16.522,63rd_HighWavePeriod_65,atomic,[63rd_HighWavePeriod_65],[1.0000],1,1,1.0000,[[63rdStreetBeach201505252300_Wave_Period]]
2025-10-19 13:52:00.604,16.522,63rd_HighWavePeriod_75,atomic,[63rd_HighWavePeriod_75],[1.0000],1,1,1.0000,[[63rdStreetBeach201505252300_Wave_Period]]
2025-10-19 13:52:00.605,16.523,63rd_HighWavePeriod_85,atomic,[63rd_HighWavePeriod_85],[1.0000],1,1,1.0000,[[63rdStreetBeach201505252300_Wave_Period]]
2025-10-19 13:52:00.605,16.523,63rd_HighWavePeriod_95,atomic,[63rd_HighWavePeriod_95],[1.0000],1,1,1.0000,[[63rdStreetBeach201505252300_Wave_Period]]
2025-10-19 13:52:00.806,16.724,Calumet_LowWaterTemp_65,atomic,[Calumet_LowWaterTemp_65],[1.0000],1,1,1.0000,[[CalumetBeach201505260200_Water_Temperature]]
2025-10-19 13:52:00.813,16.731,Calumet_LowWaterTemp_75,atomic,[Calumet_LowWaterTemp_75],[1.0000],1,1,1.0000,[[CalumetBeach201505260200_Water_Temperature]]
2025-10-19 13:52:00.814,16.732,Calumet_LowWaterTemp_85,atomic,[Calumet_LowWaterTemp_85],[1.0000],1,1,1.0000,[[CalumetBeach201505260200_Water_Temperature]]
2025-10-19 13:52:00.814,16.732,Calumet_LowWaterTemp_95,atomic,[Calumet_LowWaterTemp_95],[1.0000],1,1,1.0000,[[CalumetBeach201505260200_Water_Temperature]]
2025-10-19 13:52:01.489,17.407,Calumet_LowWaterTemp_65,atomic,[Calumet_LowWaterTemp_65],[1.0000],1,1,1.0000,[[CalumetBeach201505261600_Water_Temperature]]
2025-10-19 13:52:01.489,17.407,Calumet_LowWaterTemp_75,atomic,[Calumet_LowWaterTemp_75],[1.0000],1,1,1.0000,[[CalumetBeach201505261600_Water_Temperature]]
2025-10-19 13:52:01.489,17.407,Calumet_LowWaterTemp_85,atomic,[Calumet_LowWaterTemp_85],[1.0000],1,1,1.0000,[[CalumetBeach201505261600_Water_Temperature]]
2025-10-19 13:52:01.489,17.407,Calumet_LowWaterTemp_95,atomic,[Calumet_LowWaterTemp_95],[1.0000],1,1,1.0000,[[CalumetBeach201505261600_Water_Temperature]]
2025-10-19 13:52:01.753,17.671,Calumet_LowWaterTemp_65,atomic,[Calumet_LowWaterTemp_65],[1.0000],1,1,1.0000,[[CalumetBeach201505262000_Water_Temperature]]
2025-10-19 13:52:01.754,17.672,Calumet_LowWaterTemp_75,atomic,[Calumet_LowWaterTemp_75],[1.0000],1,1,1.0000,[[CalumetBeach201505262000_Water_Temperature]]
2025-10-19 13:52:01.754,17.672,Calumet_LowWaterTemp_85,atomic,[Calumet_LowWaterTemp_85],[1.0000],1,1,1.0000,[[CalumetBeach201505262000_Water_Temperature]]
2025-10-19 13:52:01.756,17.674,Calumet_LowWaterTemp_95,atomic,[Calumet_LowWaterTemp_95],[1.0000],1,1,1.0000,[[CalumetBeach201505262000_Water_Temperature]]
2025-10-19 13:52:01.878,17.796,Calumet_LowWaterTemp_65,atomic,[Calumet_LowWaterTemp_65],[1.0000],1,1,1.0000,[[CalumetBeach201505262200_Water_Temperature]]
2025-10-19 13:52:01.878,17.796,Calumet_LowWaterTemp_75,atomic,[Calumet_LowWaterTemp_75],[1.0000],1,1,1.0000,[[CalumetBeach201505262200_Water_Temperature]]
2025-10-19 13:52:01.879,17.797,Calumet_LowWaterTemp_85,atomic,[Calumet_LowWaterTemp_85],[1.0000],1,1,1.0000,[[CalumetBeach201505262200_Water_Temperature]]
2025-10-19 13:52:01.879,17.797,Calumet_LowWaterTemp_95,atomic,[Calumet_LowWaterTemp_95],[1.0000],1,1,1.0000,[[CalumetBeach201505262200_Water_Temperature]]
2025-10-19 13:52:01.929,17.847,Calumet_LowWaterTemp_65,atomic,[Calumet_LowWaterTemp_65],[1.0000],1,1,1.0000,[[CalumetBeach201505262300_Water_Temperature]]
2025-10-19 13:52:01.929,17.847,Calumet_LowWaterTemp_75,atomic,[Calumet_LowWaterTemp_75],[1.0000],1,1,1.0000,[[CalumetBeach201505262300_Water_Temperature]]
2025-10-19 13:52:01.930,17.848,Calumet_LowWaterTemp_85,atomic,[Calumet_LowWaterTemp_85],[1.0000],1,1,1.0000,[[CalumetBeach201505262300_Water_Temperature]]
2025-10-19 13:52:01.930,17.848,Calumet_LowWaterTemp_95,atomic,[Calumet_LowWaterTemp_95],[1.0000],1,1,1.0000,[[CalumetBeach201505262300_Water_Temperature]]
2025-10-19 13:52:02.068,17.986,63rd_HighWavePeriod_65,atomic,[63rd_HighWavePeriod_65],[1.0000],1,1,1.0000,[[63rdStreetBeach201505270100_Wave_Period]]
2025-10-19 13:52:02.069,17.987,63rd_HighWavePeriod_75,atomic,[63rd_HighWavePeriod_75],[1.0000],1,1,1.0000,[[63rdStreetBeach201505270100_Wave_Period]]
2025-10-19 13:52:02.069,17.987,63rd_HighWavePeriod_85,atomic,[63rd_HighWavePeriod_85],[1.0000],1,1,1.0000,[[63rdStreetBeach201505270100_Wave_Period]]
2025-10-19 13:52:02.069,17.987,63rd_HighWavePeriod_95,atomic,[63rd_HighWavePeriod_95],[1.0000],1,1,1.0000,[[63rdStreetBeach201505270100_Wave_Period]]
2025-10-19 13:52:02.116,18.034,Calumet_LowWaterTemp_65,atomic,[Calumet_LowWaterTemp_65],[1.0000],1,1,1.0000,[[CalumetBeach201505270200_Water_Temperature]]
2025-10-19 13:52:02.116,18.034,Calumet_LowWaterTemp_75,atomic,[Calumet_LowWaterTemp_75],[1.0000],1,1,1.0000,[[CalumetBeach201505270200_Water_Temperature]]
2025-10-19 13:52:02.117,18.035,Calumet_LowWaterTemp_85,atomic,[Calumet_LowWaterTemp_85],[1.0000],1,1,1.0000,[[CalumetBeach201505270200_Water_Temperature]]
2025-10-19 13:52:02.117,18.035,Calumet_LowWaterTemp_95,atomic,[Calumet_LowWaterTemp_95],[1.0000],1,1,1.0000,[[CalumetBeach201505270200_Water_Temperature]]
2025-10-19 13:52:02.460,18.378,Calumet_LowWaterTemp_65,atomic,[Calumet_LowWaterTemp_65],[1.0000],1,1,1.0000,[[CalumetBeach201505271200_Water_Temperature]]
2025-10-19 13:52:02.461,18.379,Calumet_LowWaterTemp_75,atomic,[Calumet_LowWaterTemp_75],[1.0000],1,1,1.0000,[[CalumetBeach201505271200_Water_Temperature]]
2025-10-19 13:52:02.461,18.379,Calumet_LowWaterTemp_85,atomic,[Calumet_LowWaterTemp_85],[1.0000],1,1,1.0000,[[CalumetBeach201505271200_Water_Temperature]]
2025-10-19 13:52:02.461,18.379,Calumet_LowWaterTemp_95,atomic,[Calumet_LowWaterTemp_95],[1.0000],1,1,1.0000,[[CalumetBeach201505271200_Water_Temperature]]
2025-10-19 13:52:02.663,18.581,Calumet_LowWaterTemp_65,atomic,[Calumet_LowWaterTemp_65],[1.0000],1,1,1.0000,[[CalumetBeach201505271700_Water_Temperature]]
2025-10-19 13:52:02.664,18.582,Calumet_LowWaterTemp_75,atomic,[Calumet_LowWaterTemp_75],[1.0000],1,1,1.0000,[[CalumetBeach201505271700_Water_Temperature]]
2025-10-19 13:52:02.664,18.582,Calumet_LowWaterTemp_85,atomic,[Calumet_LowWaterTemp_85],[1.0000],1,1,1.0000,[[CalumetBeach201505271700_Water_Temperature]]
2025-10-19 13:52:02.664,18.582,Calumet_LowWaterTemp_95,atomic,[Calumet_LowWaterTemp_95],[1.0000],1,1,1.0000,[[CalumetBeach201505271700_Water_Temperature]]
2025-10-19 13:52:02.839,18.757,Calumet_LowWaterTemp_65,atomic,[Calumet_LowWaterTemp_65],[1.0000],1,1,1.0000,[[CalumetBeach201505281200_Water_Temperature]]
2025-10-19 13:52:02.839,18.757,Calumet_LowWaterTemp_75,atomic,[Calumet_LowWaterTemp_75],[1.0000],1,1,1.0000,[[CalumetBeach201505281200_Water_Temperature]]
2025-10-19 13:52:02.839,18.757,Calumet_LowWaterTemp_85,atomic,[Calumet_LowWaterTemp_85],[1.0000],1,1,1.0000,[[CalumetBeach201505281200_Water_Temperature]]
2025-10-19 13:52:02.840,18.758,Calumet_LowWaterTemp_95,atomic,[Calumet_LowWaterTemp_95],[1.0000],1,1,1.0000,[[CalumetBeach201505281200_Water_Temperature]]
2025-10-19 13:52:03.043,18.961,63rd_HighWavePeriod_65,atomic,[63rd_HighWavePeriod_65],[1.0000],1,1,1.0000,[[63rdStreetBeach201505281500_Wave_Period]]
2025-10-19 13:52:03.044,18.962,63rd_HighWavePeriod_75,atomic,[63rd_HighWavePeriod_75],[1.0000],1,1,1.0000,[[63rdStreetBeach201505281500_Wave_Period]]
2025-10-19 13:52:03.045,18.963,63rd_HighWavePeriod_85,atomic,[63rd_HighWavePeriod_85],[1.0000],1,1,1.0000,[[63rdStreetBeach201505281500_Wave_Period]]
2025-10-19 13:52:03.045,18.963,63rd_HighWavePeriod_95,atomic,[63rd_HighWavePeriod_95],[1.0000],1,1,1.0000,[[63rdStreetBeach201505281500_Wave_Period]]
2025-10-19 13:52:03.046,18.964,Calumet_LowWaterTemp_65,atomic,[Calumet_LowWaterTemp_65],[1.0000],1,1,1.0000,[[CalumetBeach201505281500_Water_Temperature]]
2025-10-19 13:52:03.046,18.964,Calumet_LowWaterTemp_75,atomic,[Calumet_LowWaterTemp_75],[1.0000],1,1,1.0000,[[CalumetBeach201505281500_Water_Temperature]]
2025-10-19 13:52:03.047,18.965,Calumet_LowWaterTemp_85,atomic,[Calumet_LowWaterTemp_85],[1.0000],1,1,1.0000,[[CalumetBeach201505281500_Water_Temperature]]
2025-10-19 13:52:03.047,18.965,Calumet_LowWaterTemp_95,atomic,[Calumet_LowWaterTemp_95],[1.0000],1,1,1.0000,[[CalumetBeach201505281500_Water_Temperature]]
2025-10-19 13:52:03.286,19.204,Calumet_LowWaterTemp_65,atomic,[Calumet_LowWaterTemp_65],[1.0000],1,1,1.0000,[[CalumetBeach201505281900_Water_Temperature]]
2025-10-19 13:52:03.286,19.204,Calumet_LowWaterTemp_75,atomic,[Calumet_LowWaterTemp_75],[1.0000],1,1,1.0000,[[CalumetBeach201505281900_Water_Temperature]]
2025-10-19 13:52:03.287,19.205,Calumet_LowWaterTemp_85,atomic,[Calumet_LowWaterTemp_85],[1.0000],1,1,1.0000,[[CalumetBeach201505281900_Water_Temperature]]
2025-10-19 13:52:03.287,19.205,Calumet_LowWaterTemp_95,atomic,[Calumet_LowWaterTemp_95],[1.0000],1,1,1.0000,[[CalumetBeach201505281900_Water_Temperature]]
2025-10-19 13:52:03.343,19.261,Calumet_LowWaterTemp_65,atomic,[Calumet_LowWaterTemp_65],[1.0000],1,1,1.0000,[[CalumetBeach201505282000_Water_Temperature]]
2025-10-19 13:52:03.344,19.262,Calumet_LowWaterTemp_75,atomic,[Calumet_LowWaterTemp_75],[1.0000],1,1,1.0000,[[CalumetBeach201505282000_Water_Temperature]]
2025-10-19 13:52:03.344,19.262,Calumet_LowWaterTemp_85,atomic,[Calumet_LowWaterTemp_85],[1.0000],1,1,1.0000,[[CalumetBeach201505282000_Water_Temperature]]
2025-10-19 13:52:03.344,19.262,Calumet_LowWaterTemp_95,atomic,[Calumet_LowWaterTemp_95],[1.0000],1,1,1.0000,[[CalumetBeach201505282000_Water_Temperature]]
2025-10-19 13:52:03.407,19.325,Calumet_LowWaterTemp_65,atomic,[Calumet_LowWaterTemp_65],[1.0000],1,1,1.0000,[[CalumetBeach201505282100_Water_Temperature]]
2025-10-19 13:52:03.407,19.325,Calumet_LowWaterTemp_75,atomic,[Calumet_LowWaterTemp_75],[1.0000],1,1,1.0000,[[CalumetBeach201505282100_Water_Temperature]]
2025-10-19 13:52:03.408,19.326,Calumet_LowWaterTemp_85,atomic,[Calumet_LowWaterTemp_85],[1.0000],1,1,1.0000,[[CalumetBeach201505282100_Water_Temperature]]
2025-10-19 13:52:03.408,19.326,Calumet_LowWaterTemp_95,atomic,[Calumet_LowWaterTemp_95],[1.0000],1,1,1.0000,[[CalumetBeach201505282100_Water_Temperature]]
2025-10-19 13:52:03.485,19.403,Calumet_LowWaterTemp_65,atomic,[Calumet_LowWaterTemp_65],[1.0000],1,1,1.0000,[[CalumetBeach201505282200_Water_Temperature]]
2025-10-19 13:52:03.486,19.404,Calumet_LowWaterTemp_75,atomic,[Calumet_LowWaterTemp_75],[1.0000],1,1,1.0000,[[CalumetBeach201505282200_Water_Temperature]]
2025-10-19 13:52:03.486,19.404,Calumet_LowWaterTemp_85,atomic,[Calumet_LowWaterTemp_85],[1.0000],1,1,1.0000,[[CalumetBeach201505282200_Water_Temperature]]
2025-10-19 13:52:03.486,19.404,Calumet_LowWaterTemp_95,atomic,[Calumet_LowWaterTemp_95],[1.0000],1,1,1.0000,[[CalumetBeach201505282200_Water_Temperature]]
2025-10-19 13:52:04.305,20.223,Calumet_LowWaterTemp_65,atomic,[Calumet_LowWaterTemp_65],[1.0000],1,1,1.0000,[[CalumetBeach201505291100_Water_Temperature]]
2025-10-19 13:52:04.306,20.224,Calumet_LowWaterTemp_75,atomic,[Calumet_LowWaterTemp_75],[1.0000],1,1,1.0000,[[CalumetBeach201505291100_Water_Temperature]]
2025-10-19 13:52:04.306,20.224,Calumet_LowWaterTemp_85,atomic,[Calumet_LowWaterTemp_85],[1.0000],1,1,1.0000,[[CalumetBeach201505291100_Water_Temperature]]
2025-10-19 13:52:04.307,20.225,Calumet_LowWaterTemp_95,atomic,[Calumet_LowWaterTemp_95],[1.0000],1,1,1.0000,[[CalumetBeach201505291100_Water_Temperature]]
2025-10-19 13:52:04.478,20.396,Calumet_LowWaterTemp_65,atomic,[Calumet_LowWaterTemp_65],[1.0000],1,1,1.0000,[[CalumetBeach201505291400_Water_Temperature]]
2025-10-19 13:52:04.479,20.397,Calumet_LowWaterTemp_75,atomic,[Calumet_LowWaterTemp_75],[1.0000],1,1,1.0000,[[CalumetBeach201505291400_Water_Temperature]]
2025-10-19 13:52:04.479,20.397,Calumet_LowWaterTemp_85,atomic,[Calumet_LowWaterTemp_85],[1.0000],1,1,1.0000,[[CalumetBeach201505291400_Water_Temperature]]
2025-10-19 13:52:04.479,20.397,Calumet_LowWaterTemp_95,atomic,[Calumet_LowWaterTemp_95],[1.0000],1,1,1.0000,[[CalumetBeach201505291400_Water_Temperature]]
2025-10-19 13:52:04.619,20.537,Calumet_LowWaterTemp_65,atomic,[Calumet_LowWaterTemp_65],[1.0000],1,1,1.0000,[[CalumetBeach201505291600_Water_Temperature]]
2025-10-19 13:52:04.619,20.537,Calumet_LowWaterTemp_75,atomic,[Calumet_LowWaterTemp_75],[1.0000],1,1,1.0000,[[CalumetBeach201505291600_Water_Temperature]]
2025-10-19 13:52:04.619,20.537,Calumet_LowWaterTemp_85,atomic,[Calumet_LowWaterTemp_85],[1.0000],1,1,1.0000,[[CalumetBeach201505291600_Water_Temperature]]
2025-10-19 13:52:04.620,20.538,Calumet_LowWaterTemp_95,atomic,[Calumet_LowWaterTemp_95],[1.0000],1,1,1.0000,[[CalumetBeach201505291600_Water_Temperature]]
2025-10-19 13:52:04.799,20.717,63rd_HighWavePeriod_65,atomic,[63rd_HighWavePeriod_65],[1.0000],1,1,1.0000,[[63rdStreetBeach201505291900_Wave_Period]]
2025-10-19 13:52:04.800,20.718,63rd_HighWavePeriod_75,atomic,[63rd_HighWavePeriod_75],[1.0000],1,1,1.0000,[[63rdStreetBeach201505291900_Wave_Period]]
2025-10-19 13:52:04.800,20.718,63rd_HighWavePeriod_85,atomic,[63rd_HighWavePeriod_85],[1.0000],1,1,1.0000,[[63rdStreetBeach201505291900_Wave_Period]]
2025-10-19 13:52:04.800,20.718,63rd_HighWavePeriod_95,atomic,[63rd_HighWavePeriod_95],[1.0000],1,1,1.0000,[[63rdStreetBeach201505291900_Wave_Period]]
2025-10-19 13:52:04.801,20.719,Calumet_LowWaterTemp_65,atomic,[Calumet_LowWaterTemp_65],[1.0000],1,1,1.0000,[[CalumetBeach201505291900_Water_Temperature]]
2025-10-19 13:52:04.801,20.719,Calumet_LowWaterTemp_75,atomic,[Calumet_LowWaterTemp_75],[1.0000],1,1,1.0000,[[CalumetBeach201505291900_Water_Temperature]]
2025-10-19 13:52:04.801,20.719,Calumet_LowWaterTemp_85,atomic,[Calumet_LowWaterTemp_85],[1.0000],1,1,1.0000,[[CalumetBeach201505291900_Water_Temperature]]
2025-10-19 13:52:04.801,20.719,Calumet_LowWaterTemp_95,atomic,[Calumet_LowWaterTemp_95],[1.0000],1,1,1.0000,[[CalumetBeach201505291900_Water_Temperature]]
2025-10-19 13:52:04.990,20.908,Calumet_LowWaterTemp_65,atomic,[Calumet_LowWaterTemp_65],[1.0000],1,1,1.0000,[[CalumetBeach201505292200_Water_Temperature]]
2025-10-19 13:52:04.991,20.909,Calumet_LowWaterTemp_75,atomic,[Calumet_LowWaterTemp_75],[1.0000],1,1,1.0000,[[CalumetBeach201505292200_Water_Temperature]]
2025-10-19 13:52:04.991,20.909,Calumet_LowWaterTemp_85,atomic,[Calumet_LowWaterTemp_85],[1.0000],1,1,1.0000,[[CalumetBeach201505292200_Water_Temperature]]
2025-10-19 13:52:04.991,20.909,Calumet_LowWaterTemp_95,atomic,[Calumet_LowWaterTemp_95],[1.0000],1,1,1.0000,[[CalumetBeach201505292200_Water_Temperature]]
2025-10-19 13:52:05.299,21.217,63rd_HighWavePeriod_65,atomic,[63rd_HighWavePeriod_65],[1.0000],1,1,1.0000,[[63rdStreetBeach201505300300_Wave_Period]]
2025-10-19 13:52:05.299,21.217,63rd_HighWavePeriod_75,atomic,[63rd_HighWavePeriod_75],[1.0000],1,1,1.0000,[[63rdStreetBeach201505300300_Wave_Period]]
2025-10-19 13:52:05.300,21.218,63rd_HighWavePeriod_85,atomic,[63rd_HighWavePeriod_85],[1.0000],1,1,1.0000,[[63rdStreetBeach201505300300_Wave_Period]]
2025-10-19 13:52:05.300,21.218,63rd_HighWavePeriod_95,atomic,[63rd_HighWavePeriod_95],[1.0000],1,1,1.0000,[[63rdStreetBeach201505300300_Wave_Period]]
2025-10-19 13:52:05.301,21.219,Calumet_LowWaterTemp_65,atomic,[Calumet_LowWaterTemp_65],[1.0000],1,1,1.0000,[[CalumetBeach201505300300_Water_Temperature]]
2025-10-19 13:52:05.301,21.219,Calumet_LowWaterTemp_75,atomic,[Calumet_LowWaterTemp_75],[1.0000],1,1,1.0000,[[CalumetBeach201505300300_Water_Temperature]]
2025-10-19 13:52:05.301,21.219,Calumet_LowWaterTemp_85,atomic,[Calumet_LowWaterTemp_85],[1.0000],1,1,1.0000,[[CalumetBeach201505300300_Water_Temperature]]
2025-10-19 13:52:05.302,21.220,Calumet_LowWaterTemp_95,atomic,[Calumet_LowWaterTemp_95],[1.0000],1,1,1.0000,[[CalumetBeach201505300300_Water_Temperature]]
2025-10-19 13:52:05.879,21.797,Montrose_HighWave_65,atomic,[Montrose_HighWave_65],[1.0000],1,1,1.0000,[[MontroseBeach201505301200_Wave_Height]]
2025-10-19 13:52:05.880,21.798,Montrose_HighWave_75,atomic,[Montrose_HighWave_75],[1.0000],1,1,1.0000,[[MontroseBeach201505301200_Wave_Height]]
2025-10-19 13:52:05.880,21.798,Montrose_HighWave_85,atomic,[Montrose_HighWave_85],[1.0000],1,1,1.0000,[[MontroseBeach201505301200_Wave_Height]]
2025-10-19 13:52:05.880,21.798,Montrose_HighWave_95,atomic,[Montrose_HighWave_95],[1.0000],1,1,1.0000,[[MontroseBeach201505301200_Wave_Height]]
2025-10-19 13:52:05.940,21.858,Montrose_HighWave_65,atomic,[Montrose_HighWave_65],[1.0000],1,1,1.0000,[[MontroseBeach201505301300_Wave_Height]]
2025-10-19 13:52:05.941,21.859,Montrose_HighWave_75,atomic,[Montrose_HighWave_75],[1.0000],1,1,1.0000,[[MontroseBeach201505301300_Wave_Height]]
2025-10-19 13:52:05.941,21.859,Montrose_HighWave_85,atomic,[Montrose_HighWave_85],[1.0000],1,1,1.0000,[[MontroseBeach201505301300_Wave_Height]]
2025-10-19 13:52:05.941,21.859,Montrose_HighWave_95,atomic,[Montrose_HighWave_95],[1.0000],1,1,1.0000,[[MontroseBeach201505301300_Wave_Height]]
2025-10-19 13:52:06.064,21.982,Montrose_HighWave_65,atomic,[Montrose_HighWave_65],[1.0000],1,1,1.0000,[[MontroseBeach201505301500_Wave_Height]]
2025-10-19 13:52:06.066,21.984,Montrose_HighWave_75,atomic,[Montrose_HighWave_75],[1.0000],1,1,1.0000,[[MontroseBeach201505301500_Wave_Height]]
2025-10-19 13:52:06.066,21.984,Montrose_HighWave_85,atomic,[Montrose_HighWave_85],[1.0000],1,1,1.0000,[[MontroseBeach201505301500_Wave_Height]]
2025-10-19 13:52:06.066,21.984,Montrose_HighWave_95,atomic,[Montrose_HighWave_95],[1.0000],1,1,1.0000,[[MontroseBeach201505301500_Wave_Height]]
2025-10-19 13:52:06.178,22.096,Calumet_LowWaterTemp_65,atomic,[Calumet_LowWaterTemp_65],[1.0000],1,1,1.0000,[[CalumetBeach201505301700_Water_Temperature]]
2025-10-19 13:52:06.179,22.097,Calumet_LowWaterTemp_75,atomic,[Calumet_LowWaterTemp_75],[1.0000],1,1,1.0000,[[CalumetBeach201505301700_Water_Temperature]]
2025-10-19 13:52:06.179,22.097,Calumet_LowWaterTemp_85,atomic,[Calumet_LowWaterTemp_85],[1.0000],1,1,1.0000,[[CalumetBeach201505301700_Water_Temperature]]
2025-10-19 13:52:06.179,22.097,Calumet_LowWaterTemp_95,atomic,[Calumet_LowWaterTemp_95],[1.0000],1,1,1.0000,[[CalumetBeach201505301700_Water_Temperature]]
2025-10-19 13:52:06.318,22.236,Calumet_LowWaterTemp_65,atomic,[Calumet_LowWaterTemp_65],[1.0000],1,1,1.0000,[[CalumetBeach201505301900_Water_Temperature]]
2025-10-19 13:52:06.319,22.237,Calumet_LowWaterTemp_75,atomic,[Calumet_LowWaterTemp_75],[1.0000],1,1,1.0000,[[CalumetBeach201505301900_Water_Temperature]]
2025-10-19 13:52:06.319,22.237,Calumet_LowWaterTemp_85,atomic,[Calumet_LowWaterTemp_85],[1.0000],1,1,1.0000,[[CalumetBeach201505301900_Water_Temperature]]
2025-10-19 13:52:06.320,22.238,Calumet_LowWaterTemp_95,atomic,[Calumet_LowWaterTemp_95],[1.0000],1,1,1.0000,[[CalumetBeach201505301900_Water_Temperature]]
2025-10-19 13:52:06.935,22.853,Calumet_LowWaterTemp_65,atomic,[Calumet_LowWaterTemp_65],[1.0000],1,1,1.0000,[[CalumetBeach201505310600_Water_Temperature]]
2025-10-19 13:52:06.936,22.854,Calumet_LowWaterTemp_75,atomic,[Calumet_LowWaterTemp_75],[1.0000],1,1,1.0000,[[CalumetBeach201505310600_Water_Temperature]]
2025-10-19 13:52:06.936,22.854,Calumet_LowWaterTemp_85,atomic,[Calumet_LowWaterTemp_85],[1.0000],1,1,1.0000,[[CalumetBeach201505310600_Water_Temperature]]
2025-10-19 13:52:06.936,22.854,Calumet_LowWaterTemp_95,atomic,[Calumet_LowWaterTemp_95],[1.0000],1,1,1.0000,[[CalumetBeach201505310600_Water_Temperature]]
2025-10-19 13:52:06.936,22.854,Calumet_HighTurbidity_65,atomic,[Calumet_HighTurbidity_65],[1.0000],1,1,1.0000,[[CalumetBeach201505310600_Turbidity]]
2025-10-19 13:52:06.937,22.855,Calumet_HighTurbidity_75,atomic,[Calumet_HighTurbidity_75],[1.0000],1,1,1.0000,[[CalumetBeach201505310600_Turbidity]]
2025-10-19 13:52:06.937,22.855,Calumet_HighTurbidity_85,atomic,[Calumet_HighTurbidity_85],[1.0000],1,1,1.0000,[[CalumetBeach201505310600_Turbidity]]
2025-10-19 13:52:06.937,22.855,Calumet_HighTurbidity_95,atomic,[Calumet_HighTurbidity_95],[1.0000],1,1,1.0000,[[CalumetBeach201505310600_Turbidity]]
2025-10-19 13:52:06.940,22.858,Calumet_LocalAlert_65,complex,[Calumet_HighTurbidity_65;Calumet_LowWaterTemp_65],[1.0000;1.0000],2,2,1.0000,[[CalumetBeach201505310600_Turbidity];[CalumetBeach201505301900_Water_Temperature]]
2025-10-19 13:52:06.941,22.859,Calumet_LocalAlert_75,complex,[Calumet_HighTurbidity_75;Calumet_LowWaterTemp_75],[1.0000;1.0000],2,2,1.0000,[[CalumetBeach201505310600_Turbidity];[CalumetBeach201505301700_Water_Temperature]]
2025-10-19 13:52:06.941,22.859,Calumet_LocalAlert_85,complex,[Calumet_HighTurbidity_85;Calumet_LowWaterTemp_85],[1.0000;1.0000],2,2,1.0000,[[CalumetBeach201505310600_Turbidity];[CalumetBeach201505300300_Water_Temperature]]
2025-10-19 13:52:06.941,22.859,Calumet_LocalAlert_95,complex,[Calumet_HighTurbidity_95;Calumet_LowWaterTemp_95],[1.0000;1.0000],2,2,1.0000,[[CalumetBeach201505310600_Turbidity];[CalumetBeach201505291100_Water_Temperature]]
2025-10-19 13:52:07.014,22.932,Calumet_LowWaterTemp_65,atomic,[Calumet_LowWaterTemp_65],[1.0000],1,1,1.0000,[[CalumetBeach201505310700_Water_Temperature]]
2025-10-19 13:52:07.014,22.932,Calumet_LowWaterTemp_75,atomic,[Calumet_LowWaterTemp_75],[1.0000],1,1,1.0000,[[CalumetBeach201505310700_Water_Temperature]]
2025-10-19 13:52:07.015,22.933,Calumet_LowWaterTemp_85,atomic,[Calumet_LowWaterTemp_85],[1.0000],1,1,1.0000,[[CalumetBeach201505310700_Water_Temperature]]
2025-10-19 13:52:07.015,22.933,Calumet_LowWaterTemp_95,atomic,[Calumet_LowWaterTemp_95],[1.0000],1,1,1.0000,[[CalumetBeach201505310700_Water_Temperature]]
2025-10-19 13:52:07.015,22.933,Calumet_HighTurbidity_65,atomic,[Calumet_HighTurbidity_65],[1.0000],1,1,1.0000,[[CalumetBeach201505310700_Turbidity]]
2025-10-19 13:52:07.015,22.933,Calumet_HighTurbidity_75,atomic,[Calumet_HighTurbidity_75],[1.0000],1,1,1.0000,[[CalumetBeach201505310700_Turbidity]]
2025-10-19 13:52:07.016,22.934,Calumet_HighTurbidity_85,atomic,[Calumet_HighTurbidity_85],[1.0000],1,1,1.0000,[[CalumetBeach201505310700_Turbidity]]
2025-10-19 13:52:07.016,22.934,Calumet_HighTurbidity_95,atomic,[Calumet_HighTurbidity_95],[1.0000],1,1,1.0000,[[CalumetBeach201505310700_Turbidity]]
2025-10-19 13:52:07.016,22.934,Calumet_LocalAlert_65,complex,[Calumet_HighTurbidity_65;Calumet_LowWaterTemp_65],[1.0000;1.0000],2,2,1.0000,[[CalumetBeach201505310700_Turbidity];[CalumetBeach201505310700_Water_Temperature]]
2025-10-19 13:52:07.016,22.934,Calumet_LocalAlert_75,complex,[Calumet_HighTurbidity_75;Calumet_LowWaterTemp_75],[1.0000;1.0000],2,2,1.0000,[[CalumetBeach201505310700_Turbidity];[CalumetBeach201505310700_Water_Temperature]]
2025-10-19 13:52:07.017,22.935,Calumet_LocalAlert_85,complex,[Calumet_HighTurbidity_85;Calumet_LowWaterTemp_85],[1.0000;1.0000],2,2,1.0000,[[CalumetBeach201505310700_Turbidity];[CalumetBeach201505310700_Water_Temperature]]
2025-10-19 13:52:07.017,22.935,Calumet_LocalAlert_95,complex,[Calumet_HighTurbidity_95;Calumet_LowWaterTemp_95],[1.0000;1.0000],2,2,1.0000,[[CalumetBeach201505310700_Turbidity];[CalumetBeach201505310700_Water_Temperature]]
2025-10-19 13:52:07.127,23.045,Calumet_LowWaterTemp_65,atomic,[Calumet_LowWaterTemp_65],[1.0000],1,1,1.0000,[[CalumetBeach201505310900_Water_Temperature]]
2025-10-19 13:52:07.128,23.046,Calumet_LowWaterTemp_75,atomic,[Calumet_LowWaterTemp_75],[1.0000],1,1,1.0000,[[CalumetBeach201505310900_Water_Temperature]]
2025-10-19 13:52:07.128,23.046,Calumet_LowWaterTemp_85,atomic,[Calumet_LowWaterTemp_85],[1.0000],1,1,1.0000,[[CalumetBeach201505310900_Water_Temperature]]
2025-10-19 13:52:07.129,23.047,Calumet_LowWaterTemp_95,atomic,[Calumet_LowWaterTemp_95],[1.0000],1,1,1.0000,[[CalumetBeach201505310900_Water_Temperature]]
2025-10-19 13:52:07.129,23.047,Calumet_HighTurbidity_65,atomic,[Calumet_HighTurbidity_65],[1.0000],1,1,1.0000,[[CalumetBeach201505310900_Turbidity]]
2025-10-19 13:52:07.130,23.048,Calumet_HighTurbidity_75,atomic,[Calumet_HighTurbidity_75],[1.0000],1,1,1.0000,[[CalumetBeach201505310900_Turbidity]]
2025-10-19 13:52:07.130,23.048,Calumet_HighTurbidity_85,atomic,[Calumet_HighTurbidity_85],[1.0000],1,1,1.0000,[[CalumetBeach201505310900_Turbidity]]
2025-10-19 13:52:07.130,23.048,Calumet_HighTurbidity_95,atomic,[Calumet_HighTurbidity_95],[1.0000],1,1,1.0000,[[CalumetBeach201505310900_Turbidity]]
2025-10-19 13:52:07.131,23.049,Calumet_LocalAlert_65,complex,[Calumet_HighTurbidity_65;Calumet_LowWaterTemp_65],[1.0000;1.0000],2,2,1.0000,[[CalumetBeach201505310900_Turbidity];[CalumetBeach201505310900_Water_Temperature]]
2025-10-19 13:52:07.131,23.049,Calumet_LocalAlert_75,complex,[Calumet_HighTurbidity_75;Calumet_LowWaterTemp_75],[1.0000;1.0000],2,2,1.0000,[[CalumetBeach201505310900_Turbidity];[CalumetBeach201505310900_Water_Temperature]]
2025-10-19 13:52:07.131,23.049,Calumet_LocalAlert_85,complex,[Calumet_HighTurbidity_85;Calumet_LowWaterTemp_85],[1.0000;1.0000],2,2,1.0000,[[CalumetBeach201505310900_Turbidity];[CalumetBeach201505310900_Water_Temperature]]
2025-10-19 13:52:07.131,23.049,Calumet_LocalAlert_95,complex,[Calumet_HighTurbidity_95;Calumet_LowWaterTemp_95],[1.0000;1.0000],2,2,1.0000,[[CalumetBeach201505310900_Turbidity];[CalumetBeach201505310900_Water_Temperature]]
2025-10-19 13:52:07.507,23.425,Calumet_LowWaterTemp_65,atomic,[Calumet_LowWaterTemp_65],[1.0000],1,1,1.0000,[[CalumetBeach201505311500_Water_Temperature]]
2025-10-19 13:52:07.508,23.426,Calumet_LowWaterTemp_75,atomic,[Calumet_LowWaterTemp_75],[1.0000],1,1,1.0000,[[CalumetBeach201505311500_Water_Temperature]]
2025-10-19 13:52:07.508,23.426,Calumet_LowWaterTemp_85,atomic,[Calumet_LowWaterTemp_85],[1.0000],1,1,1.0000,[[CalumetBeach201505311500_Water_Temperature]]
2025-10-19 13:52:07.508,23.426,Calumet_LowWaterTemp_95,atomic,[Calumet_LowWaterTemp_95],[1.0000],1,1,1.0000,[[CalumetBeach201505311500_Water_Temperature]]
2025-10-19 13:52:07.509,23.427,Calumet_HighTurbidity_65,atomic,[Calumet_HighTurbidity_65],[1.0000],1,1,1.0000,[[CalumetBeach201505311500_Turbidity]]
2025-10-19 13:52:07.509,23.427,Calumet_HighTurbidity_75,atomic,[Calumet_HighTurbidity_75],[1.0000],1,1,1.0000,[[CalumetBeach201505311500_Turbidity]]
2025-10-19 13:52:07.509,23.427,Calumet_HighTurbidity_85,atomic,[Calumet_HighTurbidity_85],[1.0000],1,1,1.0000,[[CalumetBeach201505311500_Turbidity]]
2025-10-19 13:52:07.510,23.428,Calumet_HighTurbidity_95,atomic,[Calumet_HighTurbidity_95],[1.0000],1,1,1.0000,[[CalumetBeach201505311500_Turbidity]]
2025-10-19 13:52:07.510,23.428,Calumet_LocalAlert_65,complex,[Calumet_HighTurbidity_65;Calumet_LowWaterTemp_65],[1.0000;1.0000],2,2,1.0000,[[CalumetBeach201505311500_Turbidity];[CalumetBeach201505311500_Water_Temperature]]
2025-10-19 13:52:07.510,23.428,Calumet_LocalAlert_75,complex,[Calumet_HighTurbidity_75;Calumet_LowWaterTemp_75],[1.0000;1.0000],2,2,1.0000,[[CalumetBeach201505311500_Turbidity];[CalumetBeach201505311500_Water_Temperature]]
2025-10-19 13:52:07.510,23.428,Calumet_LocalAlert_85,complex,[Calumet_HighTurbidity_85;Calumet_LowWaterTemp_85],[1.0000;1.0000],2,2,1.0000,[[CalumetBeach201505311500_Turbidity];[CalumetBeach201505311500_Water_Temperature]]
2025-10-19 13:52:07.510,23.428,Calumet_LocalAlert_95,complex,[Calumet_HighTurbidity_95;Calumet_LowWaterTemp_95],[1.0000;1.0000],2,2,1.0000,[[CalumetBeach201505311500_Turbidity];[CalumetBeach201505311500_Water_Temperature]]
2025-10-19 13:52:07.570,23.488,Calumet_LowWaterTemp_65,atomic,[Calumet_LowWaterTemp_65],[1.0000],1,1,1.0000,[[CalumetBeach201505311600_Water_Temperature]]
2025-10-19 13:52:07.570,23.488,Calumet_LowWaterTemp_75,atomic,[Calumet_LowWaterTemp_75],[1.0000],1,1,1.0000,[[CalumetBeach201505311600_Water_Temperature]]
2025-10-19 13:52:07.570,23.488,Calumet_LowWaterTemp_85,atomic,[Calumet_LowWaterTemp_85],[1.0000],1,1,1.0000,[[CalumetBeach201505311600_Water_Temperature]]
2025-10-19 13:52:07.571,23.489,Calumet_LowWaterTemp_95,atomic,[Calumet_LowWaterTemp_95],[1.0000],1,1,1.0000,[[CalumetBeach201505311600_Water_Temperature]]
2025-10-19 13:52:07.571,23.489,Calumet_HighTurbidity_65,atomic,[Calumet_HighTurbidity_65],[1.0000],1,1,1.0000,[[CalumetBeach201505311600_Turbidity]]
2025-10-19 13:52:07.571,23.489,Calumet_HighTurbidity_75,atomic,[Calumet_HighTurbidity_75],[1.0000],1,1,1.0000,[[CalumetBeach201505311600_Turbidity]]
2025-10-19 13:52:07.572,23.490,Calumet_HighTurbidity_85,atomic,[Calumet_HighTurbidity_85],[1.0000],1,1,1.0000,[[CalumetBeach201505311600_Turbidity]]
2025-10-19 13:52:07.573,23.491,Calumet_HighTurbidity_95,atomic,[Calumet_HighTurbidity_95],[1.0000],1,1,1.0000,[[CalumetBeach201505311600_Turbidity]]
2025-10-19 13:52:07.573,23.491,Calumet_LocalAlert_65,complex,[Calumet_HighTurbidity_65;Calumet_LowWaterTemp_65],[1.0000;1.0000],2,2,1.0000,[[CalumetBeach201505311600_Turbidity];[CalumetBeach201505311600_Water_Temperature]]
2025-10-19 13:52:07.574,23.492,Calumet_LocalAlert_75,complex,[Calumet_HighTurbidity_75;Calumet_LowWaterTemp_75],[1.0000;1.0000],2,2,1.0000,[[CalumetBeach201505311600_Turbidity];[CalumetBeach201505311600_Water_Temperature]]
2025-10-19 13:52:07.574,23.492,Calumet_LocalAlert_85,complex,[Calumet_HighTurbidity_85;Calumet_LowWaterTemp_85],[1.0000;1.0000],2,2,1.0000,[[CalumetBeach201505311600_Turbidity];[CalumetBeach201505311600_Water_Temperature]]
2025-10-19 13:52:07.574,23.492,Calumet_LocalAlert_95,complex,[Calumet_HighTurbidity_95;Calumet_LowWaterTemp_95],[1.0000;1.0000],2,2,1.0000,[[CalumetBeach201505311600_Turbidity];[CalumetBeach201505311600_Water_Temperature]]
2025-10-19 13:52:07.771,23.689,Calumet_LowWaterTemp_65,atomic,[Calumet_LowWaterTemp_65],[1.0000],1,1,1.0000,[[CalumetBeach201505311900_Water_Temperature]]
2025-10-19 13:52:07.772,23.690,Calumet_LowWaterTemp_75,atomic,[Calumet_LowWaterTemp_75],[1.0000],1,1,1.0000,[[CalumetBeach201505311900_Water_Temperature]]
2025-10-19 13:52:07.772,23.690,Calumet_LowWaterTemp_85,atomic,[Calumet_LowWaterTemp_85],[1.0000],1,1,1.0000,[[CalumetBeach201505311900_Water_Temperature]]
2025-10-19 13:52:07.772,23.690,Calumet_LowWaterTemp_95,atomic,[Calumet_LowWaterTemp_95],[1.0000],1,1,1.0000,[[CalumetBeach201505311900_Water_Temperature]]
2025-10-19 13:52:07.772,23.690,Calumet_HighTurbidity_65,atomic,[Calumet_HighTurbidity_65],[1.0000],1,1,1.0000,[[CalumetBeach201505311900_Turbidity]]
2025-10-19 13:52:07.772,23.690,Calumet_HighTurbidity_75,atomic,[Calumet_HighTurbidity_75],[1.0000],1,1,1.0000,[[CalumetBeach201505311900_Turbidity]]
2025-10-19 13:52:07.773,23.691,Calumet_HighTurbidity_85,atomic,[Calumet_HighTurbidity_85],[1.0000],1,1,1.0000,[[CalumetBeach201505311900_Turbidity]]
2025-10-19 13:52:07.773,23.691,Calumet_HighTurbidity_95,atomic,[Calumet_HighTurbidity_95],[1.0000],1,1,1.0000,[[CalumetBeach201505311900_Turbidity]]
2025-10-19 13:52:07.773,23.691,Calumet_LocalAlert_65,complex,[Calumet_HighTurbidity_65;Calumet_LowWaterTemp_65],[1.0000;1.0000],2,2,1.0000,[[CalumetBeach201505311900_Turbidity];[CalumetBeach201505311900_Water_Temperature]]
2025-10-19 13:52:07.773,23.691,Calumet_LocalAlert_75,complex,[Calumet_HighTurbidity_75;Calumet_LowWaterTemp_75],[1.0000;1.0000],2,2,1.0000,[[CalumetBeach201505311900_Turbidity];[CalumetBeach201505311900_Water_Temperature]]
2025-10-19 13:52:07.773,23.691,Calumet_LocalAlert_85,complex,[Calumet_HighTurbidity_85;Calumet_LowWaterTemp_85],[1.0000;1.0000],2,2,1.0000,[[CalumetBeach201505311900_Turbidity];[CalumetBeach201505311900_Water_Temperature]]
2025-10-19 13:52:07.773,23.691,Calumet_LocalAlert_95,complex,[Calumet_HighTurbidity_95;Calumet_LowWaterTemp_95],[1.0000;1.0000],2,2,1.0000,[[CalumetBeach201505311900_Turbidity];[CalumetBeach201505311900_Water_Temperature]]
2025-10-19 13:52:07.820,23.738,Calumet_LowWaterTemp_65,atomic,[Calumet_LowWaterTemp_65],[1.0000],1,1,1.0000,[[CalumetBeach201505312000_Water_Temperature]]
2025-10-19 13:52:07.821,23.739,Calumet_LowWaterTemp_75,atomic,[Calumet_LowWaterTemp_75],[1.0000],1,1,1.0000,[[CalumetBeach201505312000_Water_Temperature]]
2025-10-19 13:52:07.821,23.739,Calumet_LowWaterTemp_85,atomic,[Calumet_LowWaterTemp_85],[1.0000],1,1,1.0000,[[CalumetBeach201505312000_Water_Temperature]]
2025-10-19 13:52:07.821,23.739,Calumet_LowWaterTemp_95,atomic,[Calumet_LowWaterTemp_95],[1.0000],1,1,1.0000,[[CalumetBeach201505312000_Water_Temperature]]
2025-10-19 13:52:07.822,23.740,Calumet_HighTurbidity_65,atomic,[Calumet_HighTurbidity_65],[1.0000],1,1,1.0000,[[CalumetBeach201505312000_Turbidity]]
2025-10-19 13:52:07.822,23.740,Calumet_HighTurbidity_75,atomic,[Calumet_HighTurbidity_75],[1.0000],1,1,1.0000,[[CalumetBeach201505312000_Turbidity]]
2025-10-19 13:52:07.823,23.741,Calumet_HighTurbidity_85,atomic,[Calumet_HighTurbidity_85],[1.0000],1,1,1.0000,[[CalumetBeach201505312000_Turbidity]]
2025-10-19 13:52:07.823,23.741,Calumet_HighTurbidity_95,atomic,[Calumet_HighTurbidity_95],[1.0000],1,1,1.0000,[[CalumetBeach201505312000_Turbidity]]
2025-10-19 13:52:07.823,23.741,Calumet_LocalAlert_65,complex,[Calumet_HighTurbidity_65;Calumet_LowWaterTemp_65],[1.0000;1.0000],2,2,1.0000,[[CalumetBeach201505312000_Turbidity];[CalumetBeach201505312000_Water_Temperature]]
2025-10-19 13:52:07.823,23.741,Calumet_LocalAlert_75,complex,[Calumet_HighTurbidity_75;Calumet_LowWaterTemp_75],[1.0000;1.0000],2,2,1.0000,[[CalumetBeach201505312000_Turbidity];[CalumetBeach201505312000_Water_Temperature]]
2025-10-19 13:52:07.823,23.741,Calumet_LocalAlert_85,complex,[Calumet_HighTurbidity_85;Calumet_LowWaterTemp_85],[1.0000;1.0000],2,2,1.0000,[[CalumetBeach201505312000_Turbidity];[CalumetBeach201505312000_Water_Temperature]]
2025-10-19 13:52:07.823,23.741,Calumet_LocalAlert_95,complex,[Calumet_HighTurbidity_95;Calumet_LowWaterTemp_95],[1.0000;1.0000],2,2,1.0000,[[CalumetBeach201505312000_Turbidity];[CalumetBeach201505312000_Water_Temperature]]
2025-10-19 13:52:08.199,24.117,Calumet_LowWaterTemp_65,atomic,[Calumet_LowWaterTemp_65],[1.0000],1,1,1.0000,[[CalumetBeach201506010200_Water_Temperature]]
2025-10-19 13:52:08.205,24.123,Calumet_LowWaterTemp_75,atomic,[Calumet_LowWaterTemp_75],[1.0000],1,1,1.0000,[[CalumetBeach201506010200_Water_Temperature]]
2025-10-19 13:52:08.205,24.123,Calumet_LowWaterTemp_85,atomic,[Calumet_LowWaterTemp_85],[1.0000],1,1,1.0000,[[CalumetBeach201506010200_Water_Temperature]]
2025-10-19 13:52:08.205,24.123,Calumet_LowWaterTemp_95,atomic,[Calumet_LowWaterTemp_95],[1.0000],1,1,1.0000,[[CalumetBeach201506010200_Water_Temperature]]
2025-10-19 13:52:08.206,24.124,Calumet_HighTurbidity_65,atomic,[Calumet_HighTurbidity_65],[1.0000],1,1,1.0000,[[CalumetBeach201506010200_Turbidity]]
2025-10-19 13:52:08.206,24.124,Calumet_HighTurbidity_75,atomic,[Calumet_HighTurbidity_75],[1.0000],1,1,1.0000,[[CalumetBeach201506010200_Turbidity]]
2025-10-19 13:52:08.206,24.124,Calumet_HighTurbidity_85,atomic,[Calumet_HighTurbidity_85],[1.0000],1,1,1.0000,[[CalumetBeach201506010200_Turbidity]]
2025-10-19 13:52:08.206,24.124,Calumet_HighTurbidity_95,atomic,[Calumet_HighTurbidity_95],[1.0000],1,1,1.0000,[[CalumetBeach201506010200_Turbidity]]
2025-10-19 13:52:08.207,24.125,Calumet_LocalAlert_65,complex,[Calumet_HighTurbidity_65;Calumet_LowWaterTemp_65],[1.0000;1.0000],2,2,1.0000,[[CalumetBeach201506010200_Turbidity];[CalumetBeach201506010200_Water_Temperature]]
2025-10-19 13:52:08.207,24.125,Calumet_LocalAlert_75,complex,[Calumet_HighTurbidity_75;Calumet_LowWaterTemp_75],[1.0000;1.0000],2,2,1.0000,[[CalumetBeach201506010200_Turbidity];[CalumetBeach201506010200_Water_Temperature]]
2025-10-19 13:52:08.207,24.125,Calumet_LocalAlert_85,complex,[Calumet_HighTurbidity_85;Calumet_LowWaterTemp_85],[1.0000;1.0000],2,2,1.0000,[[CalumetBeach201506010200_Turbidity];[CalumetBeach201506010200_Water_Temperature]]
2025-10-19 13:52:08.207,24.125,Calumet_LocalAlert_95,complex,[Calumet_HighTurbidity_95;Calumet_LowWaterTemp_95],[1.0000;1.0000],2,2,1.0000,[[CalumetBeach201506010200_Turbidity];[CalumetBeach201506010200_Water_Temperature]]
2025-10-19 13:52:08.341,24.259,63rd_HighTurbidity_65,atomic,[63rd_HighTurbidity_65],[1.0000],1,1,1.0000,[[63rdStreetBeach201506010400_Turbidity]]
2025-10-19 13:52:08.342,24.260,63rd_HighTurbidity_75,atomic,[63rd_HighTurbidity_75],[1.0000],1,1,1.0000,[[63rdStreetBeach201506010400_Turbidity]]
2025-10-19 13:52:08.345,24.263,63rd_HighTurbidity_85,atomic,[63rd_HighTurbidity_85],[1.0000],1,1,1.0000,[[63rdStreetBeach201506010400_Turbidity]]
2025-10-19 13:52:08.345,24.263,63rd_HighTurbidity_95,atomic,[63rd_HighTurbidity_95],[1.0000],1,1,1.0000,[[63rdStreetBeach201506010400_Turbidity]]
2025-10-19 13:52:08.346,24.264,63rd_HighWavePeriod_65,atomic,[63rd_HighWavePeriod_65],[1.0000],1,1,1.0000,[[63rdStreetBeach201506010400_Wave_Period]]
2025-10-19 13:52:08.347,24.265,63rd_HighWavePeriod_75,atomic,[63rd_HighWavePeriod_75],[1.0000],1,1,1.0000,[[63rdStreetBeach201506010400_Wave_Period]]
2025-10-19 13:52:08.347,24.265,63rd_HighWavePeriod_85,atomic,[63rd_HighWavePeriod_85],[1.0000],1,1,1.0000,[[63rdStreetBeach201506010400_Wave_Period]]
2025-10-19 13:52:08.348,24.266,63rd_HighWavePeriod_95,atomic,[63rd_HighWavePeriod_95],[1.0000],1,1,1.0000,[[63rdStreetBeach201506010400_Wave_Period]]
2025-10-19 13:52:08.348,24.266,63rd_LocalAlert_65,complex,[63rd_HighTurbidity_65;63rd_HighWavePeriod_65],[1.0000;1.0000],2,2,1.0000,[[63rdStreetBeach201506010400_Turbidity];[63rdStreetBeach201506010400_Wave_Period]]
2025-10-19 13:52:08.348,24.266,63rd_LocalAlert_75,complex,[63rd_HighTurbidity_75;63rd_HighWavePeriod_75],[1.0000;1.0000],2,2,1.0000,[[63rdStreetBeach201506010400_Turbidity];[63rdStreetBeach201506010400_Wave_Period]]
2025-10-19 13:52:08.349,24.267,63rd_LocalAlert_85,complex,[63rd_HighTurbidity_85;63rd_HighWavePeriod_85],[1.0000;1.0000],2,2,1.0000,[[63rdStreetBeach201506010400_Turbidity];[63rdStreetBeach201506010400_Wave_Period]]
2025-10-19 13:52:08.350,24.268,63rd_LocalAlert_95,complex,[63rd_HighTurbidity_95;63rd_HighWavePeriod_95],[1.0000;1.0000],2,2,1.0000,[[63rdStreetBeach201506010400_Turbidity];[63rdStreetBeach201506010400_Wave_Period]]
2025-10-19 13:52:08.350,24.268,CalumetTo63rd_AlertSpread_65,complex,[Calumet_LocalAlert_65;63rd_LocalAlert_65],[1.0000;1.0000],4,4,1.0000,[[CalumetBeach201505310600_Turbidity];[CalumetBeach201505301900_Water_Temperature];[63rdStreetBeach201506010400_Turbidity];[63rdStreetBeach201506010400_Wave_Period]]
2025-10-19 13:52:08.351,24.269,CalumetTo63rd_AlertSpread_75,complex,[Calumet_LocalAlert_75;63rd_LocalAlert_75],[1.0000;1.0000],4,4,1.0000,[[CalumetBeach201505310600_Turbidity];[CalumetBeach201505301700_Water_Temperature];[63rdStreetBeach201506010400_Turbidity];[63rdStreetBeach201506010400_Wave_Period]]
2025-10-19 13:52:08.351,24.269,CalumetTo63rd_AlertSpread_85,complex,[Calumet_LocalAlert_85;63rd_LocalAlert_85],[1.0000;1.0000],4,4,1.0000,[[CalumetBeach201505310600_Turbidity];[CalumetBeach201505300300_Water_Temperature];[63rdStreetBeach201506010400_Turbidity];[63rdStreetBeach201506010400_Wave_Period]]
2025-10-19 13:52:08.351,24.269,CalumetTo63rd_AlertSpread_95,complex,[Calumet_LocalAlert_95;63rd_LocalAlert_95],[1.0000;1.0000],4,4,1.0000,[[CalumetBeach201505310600_Turbidity];[CalumetBeach201505291100_Water_Temperature];[63rdStreetBeach201506010400_Turbidity];[63rdStreetBeach201506010400_Wave_Period]]
2025-10-19 13:52:08.640,24.558,Calumet_LowWaterTemp_65,atomic,[Calumet_LowWaterTemp_65],[1.0000],1,1,1.0000,[[CalumetBeach201506010900_Water_Temperature]]
2025-10-19 13:52:08.640,24.558,Calumet_LowWaterTemp_75,atomic,[Calumet_LowWaterTemp_75],[1.0000],1,1,1.0000,[[CalumetBeach201506010900_Water_Temperature]]
2025-10-19 13:52:08.640,24.558,Calumet_LowWaterTemp_85,atomic,[Calumet_LowWaterTemp_85],[1.0000],1,1,1.0000,[[CalumetBeach201506010900_Water_Temperature]]
2025-10-19 13:52:08.641,24.559,Calumet_LowWaterTemp_95,atomic,[Calumet_LowWaterTemp_95],[1.0000],1,1,1.0000,[[CalumetBeach201506010900_Water_Temperature]]
2025-10-19 13:52:08.641,24.559,Calumet_HighTurbidity_65,atomic,[Calumet_HighTurbidity_65],[1.0000],1,1,1.0000,[[CalumetBeach201506010900_Turbidity]]
2025-10-19 13:52:08.641,24.559,Calumet_HighTurbidity_75,atomic,[Calumet_HighTurbidity_75],[1.0000],1,1,1.0000,[[CalumetBeach201506010900_Turbidity]]
2025-10-19 13:52:08.641,24.559,Calumet_HighTurbidity_85,atomic,[Calumet_HighTurbidity_85],[1.0000],1,1,1.0000,[[CalumetBeach201506010900_Turbidity]]
2025-10-19 13:52:08.641,24.559,Calumet_HighTurbidity_95,atomic,[Calumet_HighTurbidity_95],[1.0000],1,1,1.0000,[[CalumetBeach201506010900_Turbidity]]
2025-10-19 13:52:08.642,24.560,Calumet_LocalAlert_65,complex,[Calumet_HighTurbidity_65;Calumet_LowWaterTemp_65],[1.0000;1.0000],2,2,1.0000,[[CalumetBeach201506010900_Turbidity];[CalumetBeach201506010900_Water_Temperature]]
2025-10-19 13:52:08.642,24.560,Calumet_LocalAlert_75,complex,[Calumet_HighTurbidity_75;Calumet_LowWaterTemp_75],[1.0000;1.0000],2,2,1.0000,[[CalumetBeach201506010900_Turbidity];[CalumetBeach201506010900_Water_Temperature]]
2025-10-19 13:52:08.642,24.560,Calumet_LocalAlert_85,complex,[Calumet_HighTurbidity_85;Calumet_LowWaterTemp_85],[1.0000;1.0000],2,2,1.0000,[[CalumetBeach201506010900_Turbidity];[CalumetBeach201506010900_Water_Temperature]]
2025-10-19 13:52:08.642,24.560,Calumet_LocalAlert_95,complex,[Calumet_HighTurbidity_95;Calumet_LowWaterTemp_95],[1.0000;1.0000],2,2,1.0000,[[CalumetBeach201506010900_Turbidity];[CalumetBeach201506010900_Water_Temperature]]
2025-10-19 13:52:08.718,24.636,Calumet_LowWaterTemp_65,atomic,[Calumet_LowWaterTemp_65],[1.0000],1,1,1.0000,[[CalumetBeach201506011000_Water_Temperature]]
2025-10-19 13:52:08.719,24.637,Calumet_LowWaterTemp_75,atomic,[Calumet_LowWaterTemp_75],[1.0000],1,1,1.0000,[[CalumetBeach201506011000_Water_Temperature]]
2025-10-19 13:52:08.719,24.637,Calumet_LowWaterTemp_85,atomic,[Calumet_LowWaterTemp_85],[1.0000],1,1,1.0000,[[CalumetBeach201506011000_Water_Temperature]]
2025-10-19 13:52:08.719,24.637,Calumet_LowWaterTemp_95,atomic,[Calumet_LowWaterTemp_95],[1.0000],1,1,1.0000,[[CalumetBeach201506011000_Water_Temperature]]
2025-10-19 13:52:08.829,24.747,Calumet_LowWaterTemp_65,atomic,[Calumet_LowWaterTemp_65],[1.0000],1,1,1.0000,[[CalumetBeach201506011200_Water_Temperature]]
2025-10-19 13:52:08.830,24.748,Calumet_LowWaterTemp_75,atomic,[Calumet_LowWaterTemp_75],[1.0000],1,1,1.0000,[[CalumetBeach201506011200_Water_Temperature]]
2025-10-19 13:52:08.830,24.748,Calumet_LowWaterTemp_85,atomic,[Calumet_LowWaterTemp_85],[1.0000],1,1,1.0000,[[CalumetBeach201506011200_Water_Temperature]]
2025-10-19 13:52:08.830,24.748,Calumet_LowWaterTemp_95,atomic,[Calumet_LowWaterTemp_95],[1.0000],1,1,1.0000,[[CalumetBeach201506011200_Water_Temperature]]
2025-10-19 13:52:08.895,24.813,Calumet_LowWaterTemp_65,atomic,[Calumet_LowWaterTemp_65],[1.0000],1,1,1.0000,[[CalumetBeach201506011300_Water_Temperature]]
2025-10-19 13:52:08.895,24.813,Calumet_LowWaterTemp_75,atomic,[Calumet_LowWaterTemp_75],[1.0000],1,1,1.0000,[[CalumetBeach201506011300_Water_Temperature]]
2025-10-19 13:52:08.895,24.813,Calumet_LowWaterTemp_85,atomic,[Calumet_LowWaterTemp_85],[1.0000],1,1,1.0000,[[CalumetBeach201506011300_Water_Temperature]]
2025-10-19 13:52:08.896,24.814,Calumet_LowWaterTemp_95,atomic,[Calumet_LowWaterTemp_95],[1.0000],1,1,1.0000,[[CalumetBeach201506011300_Water_Temperature]]
2025-10-19 13:52:09.586,25.504,63rd_HighTurbidity_65,atomic,[63rd_HighTurbidity_65],[1.0000],1,1,1.0000,[[63rdStreetBeach201506022400_Turbidity]]
2025-10-19 13:52:09.586,25.504,63rd_HighTurbidity_75,atomic,[63rd_HighTurbidity_75],[1.0000],1,1,1.0000,[[63rdStreetBeach201506022400_Turbidity]]
2025-10-19 13:52:09.586,25.504,63rd_HighTurbidity_85,atomic,[63rd_HighTurbidity_85],[1.0000],1,1,1.0000,[[63rdStreetBeach201506022400_Turbidity]]
2025-10-19 13:52:09.587,25.505,63rd_HighTurbidity_95,atomic,[63rd_HighTurbidity_95],[1.0000],1,1,1.0000,[[63rdStreetBeach201506022400_Turbidity]]
2025-10-19 13:52:09.724,25.642,63rd_HighTurbidity_65,atomic,[63rd_HighTurbidity_65],[1.0000],1,1,1.0000,[[63rdStreetBeach201506020200_Turbidity]]
2025-10-19 13:52:09.724,25.642,63rd_HighTurbidity_75,atomic,[63rd_HighTurbidity_75],[1.0000],1,1,1.0000,[[63rdStreetBeach201506020200_Turbidity]]
2025-10-19 13:52:09.724,25.642,63rd_HighTurbidity_85,atomic,[63rd_HighTurbidity_85],[1.0000],1,1,1.0000,[[63rdStreetBeach201506020200_Turbidity]]
2025-10-19 13:52:09.724,25.642,63rd_HighTurbidity_95,atomic,[63rd_HighTurbidity_95],[1.0000],1,1,1.0000,[[63rdStreetBeach201506020200_Turbidity]]
2025-10-19 13:52:09.836,25.754,Calumet_LowWaterTemp_65,atomic,[Calumet_LowWaterTemp_65],[1.0000],1,1,1.0000,[[CalumetBeach201506020400_Water_Temperature]]
2025-10-19 13:52:09.836,25.754,Calumet_LowWaterTemp_75,atomic,[Calumet_LowWaterTemp_75],[1.0000],1,1,1.0000,[[CalumetBeach201506020400_Water_Temperature]]
2025-10-19 13:52:09.836,25.754,Calumet_LowWaterTemp_85,atomic,[Calumet_LowWaterTemp_85],[1.0000],1,1,1.0000,[[CalumetBeach201506020400_Water_Temperature]]
2025-10-19 13:52:09.837,25.755,Calumet_LowWaterTemp_95,atomic,[Calumet_LowWaterTemp_95],[1.0000],1,1,1.0000,[[CalumetBeach201506020400_Water_Temperature]]
2025-10-19 13:52:10.040,25.958,Calumet_LowWaterTemp_65,atomic,[Calumet_LowWaterTemp_65],[1.0000],1,1,1.0000,[[CalumetBeach201506020700_Water_Temperature]]
2025-10-19 13:52:10.041,25.959,Calumet_LowWaterTemp_75,atomic,[Calumet_LowWaterTemp_75],[1.0000],1,1,1.0000,[[CalumetBeach201506020700_Water_Temperature]]
2025-10-19 13:52:10.041,25.959,Calumet_LowWaterTemp_85,atomic,[Calumet_LowWaterTemp_85],[1.0000],1,1,1.0000,[[CalumetBeach201506020700_Water_Temperature]]
2025-10-19 13:52:10.043,25.961,Calumet_LowWaterTemp_95,atomic,[Calumet_LowWaterTemp_95],[1.0000],1,1,1.0000,[[CalumetBeach201506020700_Water_Temperature]]
2025-10-19 13:52:10.152,26.070,Calumet_LowWaterTemp_65,atomic,[Calumet_LowWaterTemp_65],[1.0000],1,1,1.0000,[[CalumetBeach201506020900_Water_Temperature]]
2025-10-19 13:52:10.153,26.071,Calumet_LowWaterTemp_75,atomic,[Calumet_LowWaterTemp_75],[1.0000],1,1,1.0000,[[CalumetBeach201506020900_Water_Temperature]]
2025-10-19 13:52:10.153,26.071,Calumet_LowWaterTemp_85,atomic,[Calumet_LowWaterTemp_85],[1.0000],1,1,1.0000,[[CalumetBeach201506020900_Water_Temperature]]
2025-10-19 13:52:10.153,26.071,Calumet_LowWaterTemp_95,atomic,[Calumet_LowWaterTemp_95],[1.0000],1,1,1.0000,[[CalumetBeach201506020900_Water_Temperature]]
2025-10-19 13:52:10.230,26.148,Calumet_LowWaterTemp_65,atomic,[Calumet_LowWaterTemp_65],[1.0000],1,1,1.0000,[[CalumetBeach201506021000_Water_Temperature]]
2025-10-19 13:52:10.230,26.148,Calumet_LowWaterTemp_75,atomic,[Calumet_LowWaterTemp_75],[1.0000],1,1,1.0000,[[CalumetBeach201506021000_Water_Temperature]]
2025-10-19 13:52:10.231,26.149,Calumet_LowWaterTemp_85,atomic,[Calumet_LowWaterTemp_85],[1.0000],1,1,1.0000,[[CalumetBeach201506021000_Water_Temperature]]
2025-10-19 13:52:10.231,26.149,Calumet_LowWaterTemp_95,atomic,[Calumet_LowWaterTemp_95],[1.0000],1,1,1.0000,[[CalumetBeach201506021000_Water_Temperature]]
2025-10-19 13:52:10.404,26.322,63rd_HighTurbidity_65,atomic,[63rd_HighTurbidity_65],[1.0000],1,1,1.0000,[[63rdStreetBeach201506021300_Turbidity]]
2025-10-19 13:52:10.405,26.323,63rd_HighTurbidity_75,atomic,[63rd_HighTurbidity_75],[1.0000],1,1,1.0000,[[63rdStreetBeach201506021300_Turbidity]]
2025-10-19 13:52:10.406,26.324,63rd_HighTurbidity_85,atomic,[63rd_HighTurbidity_85],[1.0000],1,1,1.0000,[[63rdStreetBeach201506021300_Turbidity]]
2025-10-19 13:52:10.406,26.324,63rd_HighTurbidity_95,atomic,[63rd_HighTurbidity_95],[1.0000],1,1,1.0000,[[63rdStreetBeach201506021300_Turbidity]]
2025-10-19 13:52:10.482,26.400,Montrose_HighTurbidity_65,atomic,[Montrose_HighTurbidity_65],[1.0000],1,1,1.0000,[[MontroseBeach201506021400_Turbidity]]
2025-10-19 13:52:10.483,26.401,Montrose_HighTurbidity_75,atomic,[Montrose_HighTurbidity_75],[1.0000],1,1,1.0000,[[MontroseBeach201506021400_Turbidity]]
2025-10-19 13:52:10.483,26.401,Montrose_HighTurbidity_85,atomic,[Montrose_HighTurbidity_85],[1.0000],1,1,1.0000,[[MontroseBeach201506021400_Turbidity]]
2025-10-19 13:52:10.483,26.401,Montrose_HighTurbidity_95,atomic,[Montrose_HighTurbidity_95],[1.0000],1,1,1.0000,[[MontroseBeach201506021400_Turbidity]]
2025-10-19 13:52:10.841,26.759,Calumet_LowWaterTemp_65,atomic,[Calumet_LowWaterTemp_65],[1.0000],1,1,1.0000,[[CalumetBeach201506022000_Water_Temperature]]
2025-10-19 13:52:10.842,26.760,Calumet_LowWaterTemp_75,atomic,[Calumet_LowWaterTemp_75],[1.0000],1,1,1.0000,[[CalumetBeach201506022000_Water_Temperature]]
2025-10-19 13:52:10.842,26.760,Calumet_LowWaterTemp_85,atomic,[Calumet_LowWaterTemp_85],[1.0000],1,1,1.0000,[[CalumetBeach201506022000_Water_Temperature]]
2025-10-19 13:52:10.842,26.760,Calumet_LowWaterTemp_95,atomic,[Calumet_LowWaterTemp_95],[1.0000],1,1,1.0000,[[CalumetBeach201506022000_Water_Temperature]]
2025-10-19 13:52:10.918,26.836,63rd_HighTurbidity_65,atomic,[63rd_HighTurbidity_65],[1.0000],1,1,1.0000,[[63rdStreetBeach201506022100_Turbidity]]
2025-10-19 13:52:10.924,26.842,63rd_HighTurbidity_75,atomic,[63rd_HighTurbidity_75],[1.0000],1,1,1.0000,[[63rdStreetBeach201506022100_Turbidity]]
2025-10-19 13:52:10.925,26.843,63rd_HighTurbidity_85,atomic,[63rd_HighTurbidity_85],[1.0000],1,1,1.0000,[[63rdStreetBeach201506022100_Turbidity]]
2025-10-19 13:52:10.925,26.843,63rd_HighTurbidity_95,atomic,[63rd_HighTurbidity_95],[1.0000],1,1,1.0000,[[63rdStreetBeach201506022100_Turbidity]]
2025-10-19 13:52:10.926,26.844,Montrose_HighTurbidity_65,atomic,[Montrose_HighTurbidity_65],[1.0000],1,1,1.0000,[[MontroseBeach201506022100_Turbidity]]
2025-10-19 13:52:10.926,26.844,Montrose_HighTurbidity_75,atomic,[Montrose_HighTurbidity_75],[1.0000],1,1,1.0000,[[MontroseBeach201506022100_Turbidity]]
2025-10-19 13:52:10.926,26.844,Montrose_HighTurbidity_85,atomic,[Montrose_HighTurbidity_85],[1.0000],1,1,1.0000,[[MontroseBeach201506022100_Turbidity]]
2025-10-19 13:52:10.926,26.844,Montrose_HighTurbidity_95,atomic,[Montrose_HighTurbidity_95],[1.0000],1,1,1.0000,[[MontroseBeach201506022100_Turbidity]]
2025-10-19 13:52:10.970,26.888,63rd_HighTurbidity_65,atomic,[63rd_HighTurbidity_65],[1.0000],1,1,1.0000,[[63rdStreetBeach201506022200_Turbidity]]
2025-10-19 13:52:10.971,26.889,63rd_HighTurbidity_75,atomic,[63rd_HighTurbidity_75],[1.0000],1,1,1.0000,[[63rdStreetBeach201506022200_Turbidity]]
2025-10-19 13:52:10.971,26.889,63rd_HighTurbidity_85,atomic,[63rd_HighTurbidity_85],[1.0000],1,1,1.0000,[[63rdStreetBeach201506022200_Turbidity]]
2025-10-19 13:52:10.971,26.889,63rd_HighTurbidity_95,atomic,[63rd_HighTurbidity_95],[1.0000],1,1,1.0000,[[63rdStreetBeach201506022200_Turbidity]]
2025-10-19 13:52:11.281,27.199,Montrose_HighTurbidity_65,atomic,[Montrose_HighTurbidity_65],[1.0000],1,1,1.0000,[[MontroseBeach201506030300_Turbidity]]
2025-10-19 13:52:11.281,27.199,Montrose_HighTurbidity_75,atomic,[Montrose_HighTurbidity_75],[1.0000],1,1,1.0000,[[MontroseBeach201506030300_Turbidity]]
2025-10-19 13:52:11.282,27.200,Montrose_HighTurbidity_85,atomic,[Montrose_HighTurbidity_85],[1.0000],1,1,1.0000,[[MontroseBeach201506030300_Turbidity]]
2025-10-19 13:52:11.282,27.200,Montrose_HighTurbidity_95,atomic,[Montrose_HighTurbidity_95],[1.0000],1,1,1.0000,[[MontroseBeach201506030300_Turbidity]]
2025-10-19 13:52:11.346,27.264,63rd_HighTurbidity_65,atomic,[63rd_HighTurbidity_65],[1.0000],1,1,1.0000,[[63rdStreetBeach201506030400_Turbidity]]
2025-10-19 13:52:11.347,27.265,63rd_HighTurbidity_75,atomic,[63rd_HighTurbidity_75],[1.0000],1,1,1.0000,[[63rdStreetBeach201506030400_Turbidity]]
2025-10-19 13:52:11.347,27.265,63rd_HighTurbidity_85,atomic,[63rd_HighTurbidity_85],[1.0000],1,1,1.0000,[[63rdStreetBeach201506030400_Turbidity]]
2025-10-19 13:52:11.347,27.265,63rd_HighTurbidity_95,atomic,[63rd_HighTurbidity_95],[1.0000],1,1,1.0000,[[63rdStreetBeach201506030400_Turbidity]]
2025-10-19 13:52:11.657,27.575,Calumet_LowWaterTemp_65,atomic,[Calumet_LowWaterTemp_65],[1.0000],1,1,1.0000,[[CalumetBeach201506031400_Water_Temperature]]
2025-10-19 13:52:11.658,27.576,Calumet_LowWaterTemp_75,atomic,[Calumet_LowWaterTemp_75],[1.0000],1,1,1.0000,[[CalumetBeach201506031400_Water_Temperature]]
2025-10-19 13:52:11.658,27.576,Calumet_LowWaterTemp_85,atomic,[Calumet_LowWaterTemp_85],[1.0000],1,1,1.0000,[[CalumetBeach201506031400_Water_Temperature]]
2025-10-19 13:52:11.658,27.576,Calumet_LowWaterTemp_95,atomic,[Calumet_LowWaterTemp_95],[1.0000],1,1,1.0000,[[CalumetBeach201506031400_Water_Temperature]]
2025-10-19 13:52:11.977,27.895,Montrose_HighTurbidity_65,atomic,[Montrose_HighTurbidity_65],[1.0000],1,1,1.0000,[[MontroseBeach201506031900_Turbidity]]
2025-10-19 13:52:11.977,27.895,Montrose_HighTurbidity_75,atomic,[Montrose_HighTurbidity_75],[1.0000],1,1,1.0000,[[MontroseBeach201506031900_Turbidity]]
2025-10-19 13:52:11.978,27.896,Montrose_HighTurbidity_85,atomic,[Montrose_HighTurbidity_85],[1.0000],1,1,1.0000,[[MontroseBeach201506031900_Turbidity]]
2025-10-19 13:52:11.978,27.896,Montrose_HighTurbidity_95,atomic,[Montrose_HighTurbidity_95],[1.0000],1,1,1.0000,[[MontroseBeach201506031900_Turbidity]]
2025-10-19 13:52:12.173,28.091,Montrose_HighTurbidity_65,atomic,[Montrose_HighTurbidity_65],[1.0000],1,1,1.0000,[[MontroseBeach201506032200_Turbidity]]
2025-10-19 13:52:12.173,28.091,Montrose_HighTurbidity_75,atomic,[Montrose_HighTurbidity_75],[1.0000],1,1,1.0000,[[MontroseBeach201506032200_Turbidity]]
2025-10-19 13:52:12.173,28.091,Montrose_HighTurbidity_85,atomic,[Montrose_HighTurbidity_85],[1.0000],1,1,1.0000,[[MontroseBeach201506032200_Turbidity]]
2025-10-19 13:52:12.173,28.091,Montrose_HighTurbidity_95,atomic,[Montrose_HighTurbidity_95],[1.0000],1,1,1.0000,[[MontroseBeach201506032200_Turbidity]]
2025-10-19 13:52:12.174,28.092,Calumet_LowWaterTemp_65,atomic,[Calumet_LowWaterTemp_65],[1.0000],1,1,1.0000,[[CalumetBeach201506032200_Water_Temperature]]
2025-10-19 13:52:12.174,28.092,Calumet_LowWaterTemp_75,atomic,[Calumet_LowWaterTemp_75],[1.0000],1,1,1.0000,[[CalumetBeach201506032200_Water_Temperature]]
2025-10-19 13:52:12.174,28.092,Calumet_LowWaterTemp_85,atomic,[Calumet_LowWaterTemp_85],[1.0000],1,1,1.0000,[[CalumetBeach201506032200_Water_Temperature]]
2025-10-19 13:52:12.175,28.093,Calumet_LowWaterTemp_95,atomic,[Calumet_LowWaterTemp_95],[1.0000],1,1,1.0000,[[CalumetBeach201506032200_Water_Temperature]]
2025-10-19 13:52:12.232,28.150,Montrose_HighTurbidity_65,atomic,[Montrose_HighTurbidity_65],[1.0000],1,1,1.0000,[[MontroseBeach201506032300_Turbidity]]
2025-10-19 13:52:12.232,28.150,Montrose_HighTurbidity_75,atomic,[Montrose_HighTurbidity_75],[1.0000],1,1,1.0000,[[MontroseBeach201506032300_Turbidity]]
2025-10-19 13:52:12.232,28.150,Montrose_HighTurbidity_85,atomic,[Montrose_HighTurbidity_85],[1.0000],1,1,1.0000,[[MontroseBeach201506032300_Turbidity]]
2025-10-19 13:52:12.232,28.150,Montrose_HighTurbidity_95,atomic,[Montrose_HighTurbidity_95],[1.0000],1,1,1.0000,[[MontroseBeach201506032300_Turbidity]]
2025-10-19 13:52:12.280,28.198,Calumet_LowWaterTemp_65,atomic,[Calumet_LowWaterTemp_65],[1.0000],1,1,1.0000,[[CalumetBeach201506042400_Water_Temperature]]
2025-10-19 13:52:12.287,28.205,Calumet_LowWaterTemp_75,atomic,[Calumet_LowWaterTemp_75],[1.0000],1,1,1.0000,[[CalumetBeach201506042400_Water_Temperature]]
2025-10-19 13:52:12.287,28.205,Calumet_LowWaterTemp_85,atomic,[Calumet_LowWaterTemp_85],[1.0000],1,1,1.0000,[[CalumetBeach201506042400_Water_Temperature]]
2025-10-19 13:52:12.287,28.205,Calumet_LowWaterTemp_95,atomic,[Calumet_LowWaterTemp_95],[1.0000],1,1,1.0000,[[CalumetBeach201506042400_Water_Temperature]]
2025-10-19 13:52:12.469,28.387,Montrose_HighTurbidity_65,atomic,[Montrose_HighTurbidity_65],[1.0000],1,1,1.0000,[[MontroseBeach201506040300_Turbidity]]
2025-10-19 13:52:12.470,28.388,Montrose_HighTurbidity_75,atomic,[Montrose_HighTurbidity_75],[1.0000],1,1,1.0000,[[MontroseBeach201506040300_Turbidity]]
2025-10-19 13:52:12.470,28.388,Montrose_HighTurbidity_85,atomic,[Montrose_HighTurbidity_85],[1.0000],1,1,1.0000,[[MontroseBeach201506040300_Turbidity]]
2025-10-19 13:52:12.470,28.388,Montrose_HighTurbidity_95,atomic,[Montrose_HighTurbidity_95],[1.0000],1,1,1.0000,[[MontroseBeach201506040300_Turbidity]]
2025-10-19 13:52:12.472,28.390,Calumet_LowWaterTemp_65,atomic,[Calumet_LowWaterTemp_65],[1.0000],1,1,1.0000,[[CalumetBeach201506040300_Water_Temperature]]
2025-10-19 13:52:12.472,28.390,Calumet_LowWaterTemp_75,atomic,[Calumet_LowWaterTemp_75],[1.0000],1,1,1.0000,[[CalumetBeach201506040300_Water_Temperature]]
2025-10-19 13:52:12.472,28.390,Calumet_LowWaterTemp_85,atomic,[Calumet_LowWaterTemp_85],[1.0000],1,1,1.0000,[[CalumetBeach201506040300_Water_Temperature]]
2025-10-19 13:52:12.472,28.390,Calumet_LowWaterTemp_95,atomic,[Calumet_LowWaterTemp_95],[1.0000],1,1,1.0000,[[CalumetBeach201506040300_Water_Temperature]]
2025-10-19 13:52:12.656,28.574,Calumet_LowWaterTemp_65,atomic,[Calumet_LowWaterTemp_65],[1.0000],1,1,1.0000,[[CalumetBeach201506040600_Water_Temperature]]
2025-10-19 13:52:12.656,28.574,Calumet_LowWaterTemp_75,atomic,[Calumet_LowWaterTemp_75],[1.0000],1,1,1.0000,[[CalumetBeach201506040600_Water_Temperature]]
2025-10-19 13:52:12.656,28.574,Calumet_LowWaterTemp_85,atomic,[Calumet_LowWaterTemp_85],[1.0000],1,1,1.0000,[[CalumetBeach201506040600_Water_Temperature]]
2025-10-19 13:52:12.656,28.574,Calumet_LowWaterTemp_95,atomic,[Calumet_LowWaterTemp_95],[1.0000],1,1,1.0000,[[CalumetBeach201506040600_Water_Temperature]]
2025-10-19 13:52:12.852,28.770,Calumet_LowWaterTemp_65,atomic,[Calumet_LowWaterTemp_65],[1.0000],1,1,1.0000,[[CalumetBeach201506040900_Water_Temperature]]
2025-10-19 13:52:12.853,28.771,Calumet_LowWaterTemp_75,atomic,[Calumet_LowWaterTemp_75],[1.0000],1,1,1.0000,[[CalumetBeach201506040900_Water_Temperature]]
2025-10-19 13:52:12.853,28.771,Calumet_LowWaterTemp_85,atomic,[Calumet_LowWaterTemp_85],[1.0000],1,1,1.0000,[[CalumetBeach201506040900_Water_Temperature]]
2025-10-19 13:52:12.853,28.771,Calumet_LowWaterTemp_95,atomic,[Calumet_LowWaterTemp_95],[1.0000],1,1,1.0000,[[CalumetBeach201506040900_Water_Temperature]]
2025-10-19 13:52:13.363,29.281,Calumet_LowWaterTemp_65,atomic,[Calumet_LowWaterTemp_65],[1.0000],1,1,1.0000,[[CalumetBeach201506041700_Water_Temperature]]
2025-10-19 13:52:13.364,29.282,Calumet_LowWaterTemp_75,atomic,[Calumet_LowWaterTemp_75],[1.0000],1,1,1.0000,[[CalumetBeach201506041700_Water_Temperature]]
2025-10-19 13:52:13.364,29.282,Calumet_LowWaterTemp_85,atomic,[Calumet_LowWaterTemp_85],[1.0000],1,1,1.0000,[[CalumetBeach201506041700_Water_Temperature]]
2025-10-19 13:52:13.365,29.283,Calumet_LowWaterTemp_95,atomic,[Calumet_LowWaterTemp_95],[1.0000],1,1,1.0000,[[CalumetBeach201506041700_Water_Temperature]]
2025-10-19 13:52:14.158,30.076,Montrose_HighTurbidity_65,atomic,[Montrose_HighTurbidity_65],[1.0000],1,1,1.0000,[[MontroseBeach201506050600_Turbidity]]
2025-10-19 13:52:14.158,30.076,Montrose_HighTurbidity_75,atomic,[Montrose_HighTurbidity_75],[1.0000],1,1,1.0000,[[MontroseBeach201506050600_Turbidity]]
2025-10-19 13:52:14.158,30.076,Montrose_HighTurbidity_85,atomic,[Montrose_HighTurbidity_85],[1.0000],1,1,1.0000,[[MontroseBeach201506050600_Turbidity]]
2025-10-19 13:52:14.158,30.076,Montrose_HighTurbidity_95,atomic,[Montrose_HighTurbidity_95],[1.0000],1,1,1.0000,[[MontroseBeach201506050600_Turbidity]]
2025-10-19 13:52:14.842,30.760,Montrose_HighTurbidity_65,atomic,[Montrose_HighTurbidity_65],[1.0000],1,1,1.0000,[[MontroseBeach201506051800_Turbidity]]
2025-10-19 13:52:14.842,30.760,Montrose_HighTurbidity_75,atomic,[Montrose_HighTurbidity_75],[1.0000],1,1,1.0000,[[MontroseBeach201506051800_Turbidity]]
2025-10-19 13:52:14.842,30.760,Montrose_HighTurbidity_85,atomic,[Montrose_HighTurbidity_85],[1.0000],1,1,1.0000,[[MontroseBeach201506051800_Turbidity]]
2025-10-19 13:52:14.843,30.761,Montrose_HighTurbidity_95,atomic,[Montrose_HighTurbidity_95],[1.0000],1,1,1.0000,[[MontroseBeach201506051800_Turbidity]]
2025-10-19 13:52:14.843,30.761,Montrose_HighWave_65,atomic,[Montrose_HighWave_65],[1.0000],1,1,1.0000,[[MontroseBeach201506051800_Wave_Height]]
2025-10-19 13:52:14.843,30.761,Montrose_HighWave_75,atomic,[Montrose_HighWave_75],[1.0000],1,1,1.0000,[[MontroseBeach201506051800_Wave_Height]]
2025-10-19 13:52:14.843,30.761,Montrose_HighWave_85,atomic,[Montrose_HighWave_85],[1.0000],1,1,1.0000,[[MontroseBeach201506051800_Wave_Height]]
2025-10-19 13:52:14.843,30.761,Montrose_HighWave_95,atomic,[Montrose_HighWave_95],[1.0000],1,1,1.0000,[[MontroseBeach201506051800_Wave_Height]]
2025-10-19 13:52:14.844,30.762,Montrose_LocalAlert_65,complex,[Montrose_HighTurbidity_65;Montrose_HighWave_65],[1.0000;1.0000],2,2,1.0000,[[MontroseBeach201506040300_Turbidity];[MontroseBeach201506051800_Wave_Height]]
2025-10-19 13:52:14.844,30.762,Montrose_LocalAlert_75,complex,[Montrose_HighTurbidity_75;Montrose_HighWave_75],[1.0000;1.0000],2,2,1.0000,[[MontroseBeach201506051800_Turbidity];[MontroseBeach201506051800_Wave_Height]]
2025-10-19 13:52:14.844,30.762,Montrose_LocalAlert_85,complex,[Montrose_HighTurbidity_85;Montrose_HighWave_85],[1.0000;1.0000],2,2,1.0000,[[MontroseBeach201506051800_Turbidity];[MontroseBeach201506051800_Wave_Height]]
2025-10-19 13:52:14.844,30.762,Montrose_LocalAlert_95,complex,[Montrose_HighTurbidity_95;Montrose_HighWave_95],[1.0000;1.0000],2,2,1.0000,[[MontroseBeach201506050600_Turbidity];[MontroseBeach201506051800_Wave_Height]]
2025-10-19 13:52:14.844,30.762,Regional_TripleAlert_85,complex,[Montrose_LocalAlert_85;Calumet_LocalAlert_85;63rd_LocalAlert_85],[1.0000;1.0000;1.0000],6,6,1.0000,[[MontroseBeach201506051800_Turbidity];[MontroseBeach201506051800_Wave_Height];[CalumetBeach201506010200_Turbidity];[CalumetBeach201506010200_Water_Temperature];[63rdStreetBeach201506010400_Turbidity];[63rdStreetBeach201506010400_Wave_Period]]
2025-10-19 13:52:14.918,30.836,Calumet_LowWaterTemp_65,atomic,[Calumet_LowWaterTemp_65],[1.0000],1,1,1.0000,[[CalumetBeach201506051900_Water_Temperature]]
2025-10-19 13:52:14.918,30.836,Calumet_LowWaterTemp_75,atomic,[Calumet_LowWaterTemp_75],[1.0000],1,1,1.0000,[[CalumetBeach201506051900_Water_Temperature]]
2025-10-19 13:52:14.919,30.837,Calumet_LowWaterTemp_85,atomic,[Calumet_LowWaterTemp_85],[1.0000],1,1,1.0000,[[CalumetBeach201506051900_Water_Temperature]]
2025-10-19 13:52:14.919,30.837,Calumet_LowWaterTemp_95,atomic,[Calumet_LowWaterTemp_95],[1.0000],1,1,1.0000,[[CalumetBeach201506051900_Water_Temperature]]
2025-10-19 13:52:14.966,30.884,Montrose_HighTurbidity_65,atomic,[Montrose_HighTurbidity_65],[1.0000],1,1,1.0000,[[MontroseBeach201506052000_Turbidity]]
2025-10-19 13:52:14.966,30.884,Montrose_HighTurbidity_75,atomic,[Montrose_HighTurbidity_75],[1.0000],1,1,1.0000,[[MontroseBeach201506052000_Turbidity]]
2025-10-19 13:52:14.966,30.884,Montrose_HighTurbidity_85,atomic,[Montrose_HighTurbidity_85],[1.0000],1,1,1.0000,[[MontroseBeach201506052000_Turbidity]]
2025-10-19 13:52:14.966,30.884,Montrose_HighTurbidity_95,atomic,[Montrose_HighTurbidity_95],[1.0000],1,1,1.0000,[[MontroseBeach201506052000_Turbidity]]
2025-10-19 13:52:14.967,30.885,Montrose_HighWave_65,atomic,[Montrose_HighWave_65],[1.0000],1,1,1.0000,[[MontroseBeach201506052000_Wave_Height]]
2025-10-19 13:52:14.967,30.885,Montrose_HighWave_75,atomic,[Montrose_HighWave_75],[1.0000],1,1,1.0000,[[MontroseBeach201506052000_Wave_Height]]
2025-10-19 13:52:14.967,30.885,Montrose_HighWave_85,atomic,[Montrose_HighWave_85],[1.0000],1,1,1.0000,[[MontroseBeach201506052000_Wave_Height]]
2025-10-19 13:52:14.967,30.885,Montrose_HighWave_95,atomic,[Montrose_HighWave_95],[1.0000],1,1,1.0000,[[MontroseBeach201506052000_Wave_Height]]
2025-10-19 13:52:14.967,30.885,Montrose_LocalAlert_65,complex,[Montrose_HighTurbidity_65;Montrose_HighWave_65],[1.0000;1.0000],2,2,1.0000,[[MontroseBeach201506052000_Turbidity];[MontroseBeach201506052000_Wave_Height]]
2025-10-19 13:52:14.968,30.886,Montrose_LocalAlert_75,complex,[Montrose_HighTurbidity_75;Montrose_HighWave_75],[1.0000;1.0000],2,2,1.0000,[[MontroseBeach201506052000_Turbidity];[MontroseBeach201506052000_Wave_Height]]
2025-10-19 13:52:14.968,30.886,Montrose_LocalAlert_85,complex,[Montrose_HighTurbidity_85;Montrose_HighWave_85],[1.0000;1.0000],2,2,1.0000,[[MontroseBeach201506052000_Turbidity];[MontroseBeach201506052000_Wave_Height]]
2025-10-19 13:52:14.968,30.886,Montrose_LocalAlert_95,complex,[Montrose_HighTurbidity_95;Montrose_HighWave_95],[1.0000;1.0000],2,2,1.0000,[[MontroseBeach201506052000_Turbidity];[MontroseBeach201506052000_Wave_Height]]
2025-10-19 13:52:15.169,31.087,Montrose_HighTurbidity_65,atomic,[Montrose_HighTurbidity_65],[1.0000],1,1,1.0000,[[MontroseBeach201506052300_Turbidity]]
2025-10-19 13:52:15.170,31.088,Montrose_HighTurbidity_75,atomic,[Montrose_HighTurbidity_75],[1.0000],1,1,1.0000,[[MontroseBeach201506052300_Turbidity]]
2025-10-19 13:52:15.170,31.088,Montrose_HighTurbidity_85,atomic,[Montrose_HighTurbidity_85],[1.0000],1,1,1.0000,[[MontroseBeach201506052300_Turbidity]]
2025-10-19 13:52:15.170,31.088,Montrose_HighTurbidity_95,atomic,[Montrose_HighTurbidity_95],[1.0000],1,1,1.0000,[[MontroseBeach201506052300_Turbidity]]
2025-10-19 13:52:15.170,31.088,Montrose_HighWave_65,atomic,[Montrose_HighWave_65],[1.0000],1,1,1.0000,[[MontroseBeach201506052300_Wave_Height]]
2025-10-19 13:52:15.170,31.088,Montrose_HighWave_75,atomic,[Montrose_HighWave_75],[1.0000],1,1,1.0000,[[MontroseBeach201506052300_Wave_Height]]
2025-10-19 13:52:15.170,31.088,Montrose_HighWave_85,atomic,[Montrose_HighWave_85],[1.0000],1,1,1.0000,[[MontroseBeach201506052300_Wave_Height]]
2025-10-19 13:52:15.171,31.089,Montrose_HighWave_95,atomic,[Montrose_HighWave_95],[1.0000],1,1,1.0000,[[MontroseBeach201506052300_Wave_Height]]
2025-10-19 13:52:15.171,31.089,Montrose_LocalAlert_65,complex,[Montrose_HighTurbidity_65;Montrose_HighWave_65],[1.0000;1.0000],2,2,1.0000,[[MontroseBeach201506052300_Turbidity];[MontroseBeach201506052300_Wave_Height]]
2025-10-19 13:52:15.171,31.089,Montrose_LocalAlert_75,complex,[Montrose_HighTurbidity_75;Montrose_HighWave_75],[1.0000;1.0000],2,2,1.0000,[[MontroseBeach201506052300_Turbidity];[MontroseBeach201506052300_Wave_Height]]
2025-10-19 13:52:15.171,31.089,Montrose_LocalAlert_85,complex,[Montrose_HighTurbidity_85;Montrose_HighWave_85],[1.0000;1.0000],2,2,1.0000,[[MontroseBeach201506052300_Turbidity];[MontroseBeach201506052300_Wave_Height]]
2025-10-19 13:52:15.171,31.089,Montrose_LocalAlert_95,complex,[Montrose_HighTurbidity_95;Montrose_HighWave_95],[1.0000;1.0000],2,2,1.0000,[[MontroseBeach201506052300_Turbidity];[MontroseBeach201506052300_Wave_Height]]
2025-10-19 13:52:15.283,31.201,63rd_HighTurbidity_65,atomic,[63rd_HighTurbidity_65],[1.0000],1,1,1.0000,[[63rdStreetBeach201506060100_Turbidity]]
2025-10-19 13:52:15.283,31.201,63rd_HighTurbidity_75,atomic,[63rd_HighTurbidity_75],[1.0000],1,1,1.0000,[[63rdStreetBeach201506060100_Turbidity]]
2025-10-19 13:52:15.283,31.201,63rd_HighTurbidity_85,atomic,[63rd_HighTurbidity_85],[1.0000],1,1,1.0000,[[63rdStreetBeach201506060100_Turbidity]]
2025-10-19 13:52:15.283,31.201,63rd_HighTurbidity_95,atomic,[63rd_HighTurbidity_95],[1.0000],1,1,1.0000,[[63rdStreetBeach201506060100_Turbidity]]
2025-10-19 13:52:15.284,31.202,63rd_HighWavePeriod_65,atomic,[63rd_HighWavePeriod_65],[1.0000],1,1,1.0000,[[63rdStreetBeach201506060100_Wave_Period]]
2025-10-19 13:52:15.284,31.202,63rd_HighWavePeriod_75,atomic,[63rd_HighWavePeriod_75],[1.0000],1,1,1.0000,[[63rdStreetBeach201506060100_Wave_Period]]
2025-10-19 13:52:15.284,31.202,63rd_HighWavePeriod_85,atomic,[63rd_HighWavePeriod_85],[1.0000],1,1,1.0000,[[63rdStreetBeach201506060100_Wave_Period]]
2025-10-19 13:52:15.285,31.203,63rd_HighWavePeriod_95,atomic,[63rd_HighWavePeriod_95],[1.0000],1,1,1.0000,[[63rdStreetBeach201506060100_Wave_Period]]
2025-10-19 13:52:15.285,31.203,63rd_LocalAlert_65,complex,[63rd_HighTurbidity_65;63rd_HighWavePeriod_65],[1.0000;1.0000],2,2,1.0000,[[63rdStreetBeach201506060100_Turbidity];[63rdStreetBeach201506060100_Wave_Period]]
2025-10-19 13:52:15.285,31.203,63rd_LocalAlert_75,complex,[63rd_HighTurbidity_75;63rd_HighWavePeriod_75],[1.0000;1.0000],2,2,1.0000,[[63rdStreetBeach201506060100_Turbidity];[63rdStreetBeach201506060100_Wave_Period]]
2025-10-19 13:52:15.285,31.203,63rd_LocalAlert_85,complex,[63rd_HighTurbidity_85;63rd_HighWavePeriod_85],[1.0000;1.0000],2,2,1.0000,[[63rdStreetBeach201506060100_Turbidity];[63rdStreetBeach201506060100_Wave_Period]]
2025-10-19 13:52:15.285,31.203,63rd_LocalAlert_95,complex,[63rd_HighTurbidity_95;63rd_HighWavePeriod_95],[1.0000;1.0000],2,2,1.0000,[[63rdStreetBeach201506060100_Turbidity];[63rdStreetBeach201506060100_Wave_Period]]
2025-10-19 13:52:15.286,31.204,Montrose_HighTurbidity_65,atomic,[Montrose_HighTurbidity_65],[1.0000],1,1,1.0000,[[MontroseBeach201506060100_Turbidity]]
2025-10-19 13:52:15.286,31.204,Montrose_HighTurbidity_75,atomic,[Montrose_HighTurbidity_75],[1.0000],1,1,1.0000,[[MontroseBeach201506060100_Turbidity]]
2025-10-19 13:52:15.286,31.204,Montrose_HighTurbidity_85,atomic,[Montrose_HighTurbidity_85],[1.0000],1,1,1.0000,[[MontroseBeach201506060100_Turbidity]]
2025-10-19 13:52:15.286,31.204,Montrose_HighTurbidity_95,atomic,[Montrose_HighTurbidity_95],[1.0000],1,1,1.0000,[[MontroseBeach201506060100_Turbidity]]
2025-10-19 13:52:15.287,31.205,Montrose_HighWave_65,atomic,[Montrose_HighWave_65],[1.0000],1,1,1.0000,[[MontroseBeach201506060100_Wave_Height]]
2025-10-19 13:52:15.287,31.205,Montrose_HighWave_75,atomic,[Montrose_HighWave_75],[1.0000],1,1,1.0000,[[MontroseBeach201506060100_Wave_Height]]
2025-10-19 13:52:15.287,31.205,Montrose_HighWave_85,atomic,[Montrose_HighWave_85],[1.0000],1,1,1.0000,[[MontroseBeach201506060100_Wave_Height]]
2025-10-19 13:52:15.287,31.205,Montrose_HighWave_95,atomic,[Montrose_HighWave_95],[1.0000],1,1,1.0000,[[MontroseBeach201506060100_Wave_Height]]
2025-10-19 13:52:15.287,31.205,Montrose_LocalAlert_65,complex,[Montrose_HighTurbidity_65;Montrose_HighWave_65],[1.0000;1.0000],2,2,1.0000,[[MontroseBeach201506060100_Turbidity];[MontroseBeach201506060100_Wave_Height]]
2025-10-19 13:52:15.287,31.205,Montrose_LocalAlert_75,complex,[Montrose_HighTurbidity_75;Montrose_HighWave_75],[1.0000;1.0000],2,2,1.0000,[[MontroseBeach201506060100_Turbidity];[MontroseBeach201506060100_Wave_Height]]
2025-10-19 13:52:15.287,31.205,Montrose_LocalAlert_85,complex,[Montrose_HighTurbidity_85;Montrose_HighWave_85],[1.0000;1.0000],2,2,1.0000,[[MontroseBeach201506060100_Turbidity];[MontroseBeach201506060100_Wave_Height]]
2025-10-19 13:52:15.287,31.205,Montrose_LocalAlert_95,complex,[Montrose_HighTurbidity_95;Montrose_HighWave_95],[1.0000;1.0000],2,2,1.0000,[[MontroseBeach201506060100_Turbidity];[MontroseBeach201506060100_Wave_Height]]
2025-10-19 13:52:15.343,31.261,Calumet_LowWaterTemp_65,atomic,[Calumet_LowWaterTemp_65],[1.0000],1,1,1.0000,[[CalumetBeach201506060200_Water_Temperature]]
2025-10-19 13:52:15.343,31.261,Calumet_LowWaterTemp_75,atomic,[Calumet_LowWaterTemp_75],[1.0000],1,1,1.0000,[[CalumetBeach201506060200_Water_Temperature]]
2025-10-19 13:52:15.343,31.261,Calumet_LowWaterTemp_85,atomic,[Calumet_LowWaterTemp_85],[1.0000],1,1,1.0000,[[CalumetBeach201506060200_Water_Temperature]]
2025-10-19 13:52:15.344,31.262,Calumet_LowWaterTemp_95,atomic,[Calumet_LowWaterTemp_95],[1.0000],1,1,1.0000,[[CalumetBeach201506060200_Water_Temperature]]
2025-10-19 13:52:15.420,31.338,Calumet_LowWaterTemp_65,atomic,[Calumet_LowWaterTemp_65],[1.0000],1,1,1.0000,[[CalumetBeach201506060300_Water_Temperature]]
2025-10-19 13:52:15.420,31.338,Calumet_LowWaterTemp_75,atomic,[Calumet_LowWaterTemp_75],[1.0000],1,1,1.0000,[[CalumetBeach201506060300_Water_Temperature]]
2025-10-19 13:52:15.420,31.338,Calumet_LowWaterTemp_85,atomic,[Calumet_LowWaterTemp_85],[1.0000],1,1,1.0000,[[CalumetBeach201506060300_Water_Temperature]]
2025-10-19 13:52:15.420,31.338,Calumet_LowWaterTemp_95,atomic,[Calumet_LowWaterTemp_95],[1.0000],1,1,1.0000,[[CalumetBeach201506060300_Water_Temperature]]
2025-10-19 13:52:15.422,31.340,Montrose_HighTurbidity_65,atomic,[Montrose_HighTurbidity_65],[1.0000],1,1,1.0000,[[MontroseBeach201506060300_Turbidity]]
2025-10-19 13:52:15.423,31.341,Montrose_HighTurbidity_75,atomic,[Montrose_HighTurbidity_75],[1.0000],1,1,1.0000,[[MontroseBeach201506060300_Turbidity]]
2025-10-19 13:52:15.423,31.341,Montrose_HighTurbidity_85,atomic,[Montrose_HighTurbidity_85],[1.0000],1,1,1.0000,[[MontroseBeach201506060300_Turbidity]]
2025-10-19 13:52:15.423,31.341,Montrose_HighTurbidity_95,atomic,[Montrose_HighTurbidity_95],[1.0000],1,1,1.0000,[[MontroseBeach201506060300_Turbidity]]
2025-10-19 13:52:15.423,31.341,Montrose_HighWave_65,atomic,[Montrose_HighWave_65],[1.0000],1,1,1.0000,[[MontroseBeach201506060300_Wave_Height]]
2025-10-19 13:52:15.423,31.341,Montrose_HighWave_75,atomic,[Montrose_HighWave_75],[1.0000],1,1,1.0000,[[MontroseBeach201506060300_Wave_Height]]
2025-10-19 13:52:15.423,31.341,Montrose_HighWave_85,atomic,[Montrose_HighWave_85],[1.0000],1,1,1.0000,[[MontroseBeach201506060300_Wave_Height]]
2025-10-19 13:52:15.423,31.341,Montrose_HighWave_95,atomic,[Montrose_HighWave_95],[1.0000],1,1,1.0000,[[MontroseBeach201506060300_Wave_Height]]
2025-10-19 13:52:15.424,31.342,Montrose_LocalAlert_65,complex,[Montrose_HighTurbidity_65;Montrose_HighWave_65],[1.0000;1.0000],2,2,1.0000,[[MontroseBeach201506060300_Turbidity];[MontroseBeach201506060300_Wave_Height]]
2025-10-19 13:52:15.424,31.342,Montrose_LocalAlert_75,complex,[Montrose_HighTurbidity_75;Montrose_HighWave_75],[1.0000;1.0000],2,2,1.0000,[[MontroseBeach201506060300_Turbidity];[MontroseBeach201506060300_Wave_Height]]
2025-10-19 13:52:15.424,31.342,Montrose_LocalAlert_85,complex,[Montrose_HighTurbidity_85;Montrose_HighWave_85],[1.0000;1.0000],2,2,1.0000,[[MontroseBeach201506060300_Turbidity];[MontroseBeach201506060300_Wave_Height]]
2025-10-19 13:52:15.424,31.342,Montrose_LocalAlert_95,complex,[Montrose_HighTurbidity_95;Montrose_HighWave_95],[1.0000;1.0000],2,2,1.0000,[[MontroseBeach201506060300_Turbidity];[MontroseBeach201506060300_Wave_Height]]
2025-10-19 13:52:15.545,31.463,Montrose_HighTurbidity_65,atomic,[Montrose_HighTurbidity_65],[1.0000],1,1,1.0000,[[MontroseBeach201506060500_Turbidity]]
2025-10-19 13:52:15.545,31.463,Montrose_HighTurbidity_75,atomic,[Montrose_HighTurbidity_75],[1.0000],1,1,1.0000,[[MontroseBeach201506060500_Turbidity]]
2025-10-19 13:52:15.545,31.463,Montrose_HighTurbidity_85,atomic,[Montrose_HighTurbidity_85],[1.0000],1,1,1.0000,[[MontroseBeach201506060500_Turbidity]]
2025-10-19 13:52:15.545,31.463,Montrose_HighTurbidity_95,atomic,[Montrose_HighTurbidity_95],[1.0000],1,1,1.0000,[[MontroseBeach201506060500_Turbidity]]
2025-10-19 13:52:15.546,31.464,Montrose_HighWave_65,atomic,[Montrose_HighWave_65],[1.0000],1,1,1.0000,[[MontroseBeach201506060500_Wave_Height]]
2025-10-19 13:52:15.546,31.464,Montrose_HighWave_75,atomic,[Montrose_HighWave_75],[1.0000],1,1,1.0000,[[MontroseBeach201506060500_Wave_Height]]
2025-10-19 13:52:15.546,31.464,Montrose_HighWave_85,atomic,[Montrose_HighWave_85],[1.0000],1,1,1.0000,[[MontroseBeach201506060500_Wave_Height]]
2025-10-19 13:52:15.546,31.464,Montrose_HighWave_95,atomic,[Montrose_HighWave_95],[1.0000],1,1,1.0000,[[MontroseBeach201506060500_Wave_Height]]
2025-10-19 13:52:15.546,31.464,Montrose_LocalAlert_65,complex,[Montrose_HighTurbidity_65;Montrose_HighWave_65],[1.0000;1.0000],2,2,1.0000,[[MontroseBeach201506060500_Turbidity];[MontroseBeach201506060500_Wave_Height]]
2025-10-19 13:52:15.546,31.464,Montrose_LocalAlert_75,complex,[Montrose_HighTurbidity_75;Montrose_HighWave_75],[1.0000;1.0000],2,2,1.0000,[[MontroseBeach201506060500_Turbidity];[MontroseBeach201506060500_Wave_Height]]
2025-10-19 13:52:15.547,31.465,Montrose_LocalAlert_85,complex,[Montrose_HighTurbidity_85;Montrose_HighWave_85],[1.0000;1.0000],2,2,1.0000,[[MontroseBeach201506060500_Turbidity];[MontroseBeach201506060500_Wave_Height]]
2025-10-19 13:52:15.547,31.465,Montrose_LocalAlert_95,complex,[Montrose_HighTurbidity_95;Montrose_HighWave_95],[1.0000;1.0000],2,2,1.0000,[[MontroseBeach201506060500_Turbidity];[MontroseBeach201506060500_Wave_Height]]
2025-10-19 13:52:15.593,31.511,Calumet_LowWaterTemp_65,atomic,[Calumet_LowWaterTemp_65],[1.0000],1,1,1.0000,[[CalumetBeach201506060600_Water_Temperature]]
2025-10-19 13:52:15.594,31.512,Calumet_LowWaterTemp_75,atomic,[Calumet_LowWaterTemp_75],[1.0000],1,1,1.0000,[[CalumetBeach201506060600_Water_Temperature]]
2025-10-19 13:52:15.594,31.512,Calumet_LowWaterTemp_85,atomic,[Calumet_LowWaterTemp_85],[1.0000],1,1,1.0000,[[CalumetBeach201506060600_Water_Temperature]]
2025-10-19 13:52:15.594,31.512,Calumet_LowWaterTemp_95,atomic,[Calumet_LowWaterTemp_95],[1.0000],1,1,1.0000,[[CalumetBeach201506060600_Water_Temperature]]
2025-10-19 13:52:15.721,31.639,Montrose_HighTurbidity_65,atomic,[Montrose_HighTurbidity_65],[1.0000],1,1,1.0000,[[MontroseBeach201506060800_Turbidity]]
2025-10-19 13:52:15.721,31.639,Montrose_HighTurbidity_75,atomic,[Montrose_HighTurbidity_75],[1.0000],1,1,1.0000,[[MontroseBeach201506060800_Turbidity]]
2025-10-19 13:52:15.721,31.639,Montrose_HighTurbidity_85,atomic,[Montrose_HighTurbidity_85],[1.0000],1,1,1.0000,[[MontroseBeach201506060800_Turbidity]]
2025-10-19 13:52:15.721,31.639,Montrose_HighTurbidity_95,atomic,[Montrose_HighTurbidity_95],[1.0000],1,1,1.0000,[[MontroseBeach201506060800_Turbidity]]
2025-10-19 13:52:15.722,31.640,Montrose_HighWave_65,atomic,[Montrose_HighWave_65],[1.0000],1,1,1.0000,[[MontroseBeach201506060800_Wave_Height]]
2025-10-19 13:52:15.722,31.640,Montrose_HighWave_75,atomic,[Montrose_HighWave_75],[1.0000],1,1,1.0000,[[MontroseBeach201506060800_Wave_Height]]
2025-10-19 13:52:15.722,31.640,Montrose_HighWave_85,atomic,[Montrose_HighWave_85],[1.0000],1,1,1.0000,[[MontroseBeach201506060800_Wave_Height]]
2025-10-19 13:52:15.722,31.640,Montrose_HighWave_95,atomic,[Montrose_HighWave_95],[1.0000],1,1,1.0000,[[MontroseBeach201506060800_Wave_Height]]
2025-10-19 13:52:15.723,31.641,Montrose_LocalAlert_65,complex,[Montrose_HighTurbidity_65;Montrose_HighWave_65],[1.0000;1.0000],2,2,1.0000,[[MontroseBeach201506060800_Turbidity];[MontroseBeach201506060800_Wave_Height]]
2025-10-19 13:52:15.723,31.641,Montrose_LocalAlert_75,complex,[Montrose_HighTurbidity_75;Montrose_HighWave_75],[1.0000;1.0000],2,2,1.0000,[[MontroseBeach201506060800_Turbidity];[MontroseBeach201506060800_Wave_Height]]
2025-10-19 13:52:15.723,31.641,Montrose_LocalAlert_85,complex,[Montrose_HighTurbidity_85;Montrose_HighWave_85],[1.0000;1.0000],2,2,1.0000,[[MontroseBeach201506060800_Turbidity];[MontroseBeach201506060800_Wave_Height]]
2025-10-19 13:52:15.723,31.641,Montrose_LocalAlert_95,complex,[Montrose_HighTurbidity_95;Montrose_HighWave_95],[1.0000;1.0000],2,2,1.0000,[[MontroseBeach201506060800_Turbidity];[MontroseBeach201506060800_Wave_Height]]
2025-10-19 13:52:15.782,31.700,Calumet_LowWaterTemp_65,atomic,[Calumet_LowWaterTemp_65],[1.0000],1,1,1.0000,[[CalumetBeach201506060900_Water_Temperature]]
2025-10-19 13:52:15.782,31.700,Calumet_LowWaterTemp_75,atomic,[Calumet_LowWaterTemp_75],[1.0000],1,1,1.0000,[[CalumetBeach201506060900_Water_Temperature]]
2025-10-19 13:52:15.783,31.701,Calumet_LowWaterTemp_85,atomic,[Calumet_LowWaterTemp_85],[1.0000],1,1,1.0000,[[CalumetBeach201506060900_Water_Temperature]]
2025-10-19 13:52:15.783,31.701,Calumet_LowWaterTemp_95,atomic,[Calumet_LowWaterTemp_95],[1.0000],1,1,1.0000,[[CalumetBeach201506060900_Water_Temperature]]
2025-10-19 13:52:15.812,31.730,Montrose_HighTurbidity_65,atomic,[Montrose_HighTurbidity_65],[1.0000],1,1,1.0000,[[MontroseBeach201506060900_Turbidity]]
2025-10-19 13:52:15.812,31.730,Montrose_HighTurbidity_75,atomic,[Montrose_HighTurbidity_75],[1.0000],1,1,1.0000,[[MontroseBeach201506060900_Turbidity]]
2025-10-19 13:52:15.812,31.730,Montrose_HighTurbidity_85,atomic,[Montrose_HighTurbidity_85],[1.0000],1,1,1.0000,[[MontroseBeach201506060900_Turbidity]]
2025-10-19 13:52:15.812,31.730,Montrose_HighTurbidity_95,atomic,[Montrose_HighTurbidity_95],[1.0000],1,1,1.0000,[[MontroseBeach201506060900_Turbidity]]
2025-10-19 13:52:15.863,31.781,Calumet_LowWaterTemp_65,atomic,[Calumet_LowWaterTemp_65],[1.0000],1,1,1.0000,[[CalumetBeach201506061000_Water_Temperature]]
2025-10-19 13:52:15.863,31.781,Calumet_LowWaterTemp_75,atomic,[Calumet_LowWaterTemp_75],[1.0000],1,1,1.0000,[[CalumetBeach201506061000_Water_Temperature]]
2025-10-19 13:52:15.863,31.781,Calumet_LowWaterTemp_85,atomic,[Calumet_LowWaterTemp_85],[1.0000],1,1,1.0000,[[CalumetBeach201506061000_Water_Temperature]]
2025-10-19 13:52:15.863,31.781,Calumet_LowWaterTemp_95,atomic,[Calumet_LowWaterTemp_95],[1.0000],1,1,1.0000,[[CalumetBeach201506061000_Water_Temperature]]
2025-10-19 13:52:15.865,31.783,Montrose_HighTurbidity_65,atomic,[Montrose_HighTurbidity_65],[1.0000],1,1,1.0000,[[MontroseBeach201506061000_Turbidity]]
2025-10-19 13:52:15.865,31.783,Montrose_HighTurbidity_75,atomic,[Montrose_HighTurbidity_75],[1.0000],1,1,1.0000,[[MontroseBeach201506061000_Turbidity]]
2025-10-19 13:52:15.865,31.783,Montrose_HighTurbidity_85,atomic,[Montrose_HighTurbidity_85],[1.0000],1,1,1.0000,[[MontroseBeach201506061000_Turbidity]]
2025-10-19 13:52:15.865,31.783,Montrose_HighTurbidity_95,atomic,[Montrose_HighTurbidity_95],[1.0000],1,1,1.0000,[[MontroseBeach201506061000_Turbidity]]
2025-10-19 13:52:15.866,31.784,63rd_HighTurbidity_65,atomic,[63rd_HighTurbidity_65],[1.0000],1,1,1.0000,[[63rdStreetBeach201506061000_Turbidity]]
2025-10-19 13:52:15.866,31.784,63rd_HighTurbidity_75,atomic,[63rd_HighTurbidity_75],[1.0000],1,1,1.0000,[[63rdStreetBeach201506061000_Turbidity]]
2025-10-19 13:52:15.866,31.784,63rd_HighTurbidity_85,atomic,[63rd_HighTurbidity_85],[1.0000],1,1,1.0000,[[63rdStreetBeach201506061000_Turbidity]]
2025-10-19 13:52:15.867,31.785,63rd_HighTurbidity_95,atomic,[63rd_HighTurbidity_95],[1.0000],1,1,1.0000,[[63rdStreetBeach201506061000_Turbidity]]
2025-10-19 13:52:15.867,31.785,63rd_HighWavePeriod_65,atomic,[63rd_HighWavePeriod_65],[1.0000],1,1,1.0000,[[63rdStreetBeach201506061000_Wave_Period]]
2025-10-19 13:52:15.867,31.785,63rd_HighWavePeriod_75,atomic,[63rd_HighWavePeriod_75],[1.0000],1,1,1.0000,[[63rdStreetBeach201506061000_Wave_Period]]
2025-10-19 13:52:15.867,31.785,63rd_HighWavePeriod_85,atomic,[63rd_HighWavePeriod_85],[1.0000],1,1,1.0000,[[63rdStreetBeach201506061000_Wave_Period]]
2025-10-19 13:52:15.867,31.785,63rd_HighWavePeriod_95,atomic,[63rd_HighWavePeriod_95],[1.0000],1,1,1.0000,[[63rdStreetBeach201506061000_Wave_Period]]
2025-10-19 13:52:15.867,31.785,63rd_LocalAlert_65,complex,[63rd_HighTurbidity_65;63rd_HighWavePeriod_65],[1.0000;1.0000],2,2,1.0000,[[63rdStreetBeach201506061000_Turbidity];[63rdStreetBeach201506061000_Wave_Period]]
2025-10-19 13:52:15.868,31.786,63rd_LocalAlert_75,complex,[63rd_HighTurbidity_75;63rd_HighWavePeriod_75],[1.0000;1.0000],2,2,1.0000,[[63rdStreetBeach201506061000_Turbidity];[63rdStreetBeach201506061000_Wave_Period]]
2025-10-19 13:52:15.868,31.786,63rd_LocalAlert_85,complex,[63rd_HighTurbidity_85;63rd_HighWavePeriod_85],[1.0000;1.0000],2,2,1.0000,[[63rdStreetBeach201506061000_Turbidity];[63rdStreetBeach201506061000_Wave_Period]]
2025-10-19 13:52:15.868,31.786,63rd_LocalAlert_95,complex,[63rd_HighTurbidity_95;63rd_HighWavePeriod_95],[1.0000;1.0000],2,2,1.0000,[[63rdStreetBeach201506061000_Turbidity];[63rdStreetBeach201506061000_Wave_Period]]
2025-10-19 13:52:15.986,31.904,Calumet_LowWaterTemp_65,atomic,[Calumet_LowWaterTemp_65],[1.0000],1,1,1.0000,[[CalumetBeach201506061200_Water_Temperature]]
2025-10-19 13:52:15.986,31.904,Calumet_LowWaterTemp_75,atomic,[Calumet_LowWaterTemp_75],[1.0000],1,1,1.0000,[[CalumetBeach201506061200_Water_Temperature]]
2025-10-19 13:52:15.987,31.905,Calumet_LowWaterTemp_85,atomic,[Calumet_LowWaterTemp_85],[1.0000],1,1,1.0000,[[CalumetBeach201506061200_Water_Temperature]]
2025-10-19 13:52:15.988,31.906,Calumet_LowWaterTemp_95,atomic,[Calumet_LowWaterTemp_95],[1.0000],1,1,1.0000,[[CalumetBeach201506061200_Water_Temperature]]
2025-10-19 13:52:16.052,31.970,63rd_HighTurbidity_65,atomic,[63rd_HighTurbidity_65],[1.0000],1,1,1.0000,[[63rdStreetBeach201506061300_Turbidity]]
2025-10-19 13:52:16.053,31.971,63rd_HighTurbidity_75,atomic,[63rd_HighTurbidity_75],[1.0000],1,1,1.0000,[[63rdStreetBeach201506061300_Turbidity]]
2025-10-19 13:52:16.053,31.971,63rd_HighTurbidity_85,atomic,[63rd_HighTurbidity_85],[1.0000],1,1,1.0000,[[63rdStreetBeach201506061300_Turbidity]]
2025-10-19 13:52:16.053,31.971,63rd_HighTurbidity_95,atomic,[63rd_HighTurbidity_95],[1.0000],1,1,1.0000,[[63rdStreetBeach201506061300_Turbidity]]
2025-10-19 13:52:16.053,31.971,63rd_HighWavePeriod_65,atomic,[63rd_HighWavePeriod_65],[1.0000],1,1,1.0000,[[63rdStreetBeach201506061300_Wave_Period]]
2025-10-19 13:52:16.054,31.972,63rd_HighWavePeriod_75,atomic,[63rd_HighWavePeriod_75],[1.0000],1,1,1.0000,[[63rdStreetBeach201506061300_Wave_Period]]
2025-10-19 13:52:16.054,31.972,63rd_HighWavePeriod_85,atomic,[63rd_HighWavePeriod_85],[1.0000],1,1,1.0000,[[63rdStreetBeach201506061300_Wave_Period]]
2025-10-19 13:52:16.054,31.972,63rd_HighWavePeriod_95,atomic,[63rd_HighWavePeriod_95],[1.0000],1,1,1.0000,[[63rdStreetBeach201506061300_Wave_Period]]
2025-10-19 13:52:16.055,31.973,63rd_LocalAlert_65,complex,[63rd_HighTurbidity_65;63rd_HighWavePeriod_65],[1.0000;1.0000],2,2,1.0000,[[63rdStreetBeach201506061300_Turbidity];[63rdStreetBeach201506061300_Wave_Period]]
2025-10-19 13:52:16.055,31.973,63rd_LocalAlert_75,complex,[63rd_HighTurbidity_75;63rd_HighWavePeriod_75],[1.0000;1.0000],2,2,1.0000,[[63rdStreetBeach201506061300_Turbidity];[63rdStreetBeach201506061300_Wave_Period]]
2025-10-19 13:52:16.055,31.973,63rd_LocalAlert_85,complex,[63rd_HighTurbidity_85;63rd_HighWavePeriod_85],[1.0000;1.0000],2,2,1.0000,[[63rdStreetBeach201506061300_Turbidity];[63rdStreetBeach201506061300_Wave_Period]]
2025-10-19 13:52:16.055,31.973,63rd_LocalAlert_95,complex,[63rd_HighTurbidity_95;63rd_HighWavePeriod_95],[1.0000;1.0000],2,2,1.0000,[[63rdStreetBeach201506061300_Turbidity];[63rdStreetBeach201506061300_Wave_Period]]
2025-10-19 13:52:16.114,32.032,Montrose_HighTurbidity_65,atomic,[Montrose_HighTurbidity_65],[1.0000],1,1,1.0000,[[MontroseBeach201506061400_Turbidity]]
2025-10-19 13:52:16.114,32.032,Montrose_HighTurbidity_75,atomic,[Montrose_HighTurbidity_75],[1.0000],1,1,1.0000,[[MontroseBeach201506061400_Turbidity]]
2025-10-19 13:52:16.114,32.032,Montrose_HighTurbidity_85,atomic,[Montrose_HighTurbidity_85],[1.0000],1,1,1.0000,[[MontroseBeach201506061400_Turbidity]]
2025-10-19 13:52:16.114,32.032,Montrose_HighTurbidity_95,atomic,[Montrose_HighTurbidity_95],[1.0000],1,1,1.0000,[[MontroseBeach201506061400_Turbidity]]
2025-10-19 13:52:16.116,32.034,63rd_HighTurbidity_65,atomic,[63rd_HighTurbidity_65],[1.0000],1,1,1.0000,[[63rdStreetBeach201506061400_Turbidity]]
2025-10-19 13:52:16.116,32.034,63rd_HighTurbidity_75,atomic,[63rd_HighTurbidity_75],[1.0000],1,1,1.0000,[[63rdStreetBeach201506061400_Turbidity]]
2025-10-19 13:52:16.116,32.034,63rd_HighTurbidity_85,atomic,[63rd_HighTurbidity_85],[1.0000],1,1,1.0000,[[63rdStreetBeach201506061400_Turbidity]]
2025-10-19 13:52:16.116,32.034,63rd_HighTurbidity_95,atomic,[63rd_HighTurbidity_95],[1.0000],1,1,1.0000,[[63rdStreetBeach201506061400_Turbidity]]
2025-10-19 13:52:16.116,32.034,63rd_HighWavePeriod_65,atomic,[63rd_HighWavePeriod_65],[1.0000],1,1,1.0000,[[63rdStreetBeach201506061400_Wave_Period]]
2025-10-19 13:52:16.117,32.035,63rd_HighWavePeriod_75,atomic,[63rd_HighWavePeriod_75],[1.0000],1,1,1.0000,[[63rdStreetBeach201506061400_Wave_Period]]
2025-10-19 13:52:16.117,32.035,63rd_HighWavePeriod_85,atomic,[63rd_HighWavePeriod_85],[1.0000],1,1,1.0000,[[63rdStreetBeach201506061400_Wave_Period]]
2025-10-19 13:52:16.117,32.035,63rd_HighWavePeriod_95,atomic,[63rd_HighWavePeriod_95],[1.0000],1,1,1.0000,[[63rdStreetBeach201506061400_Wave_Period]]
2025-10-19 13:52:16.118,32.036,63rd_LocalAlert_65,complex,[63rd_HighTurbidity_65;63rd_HighWavePeriod_65],[1.0000;1.0000],2,2,1.0000,[[63rdStreetBeach201506061400_Turbidity];[63rdStreetBeach201506061400_Wave_Period]]
2025-10-19 13:52:16.118,32.036,63rd_LocalAlert_75,complex,[63rd_HighTurbidity_75;63rd_HighWavePeriod_75],[1.0000;1.0000],2,2,1.0000,[[63rdStreetBeach201506061400_Turbidity];[63rdStreetBeach201506061400_Wave_Period]]
2025-10-19 13:52:16.118,32.036,63rd_LocalAlert_85,complex,[63rd_HighTurbidity_85;63rd_HighWavePeriod_85],[1.0000;1.0000],2,2,1.0000,[[63rdStreetBeach201506061400_Turbidity];[63rdStreetBeach201506061400_Wave_Period]]
2025-10-19 13:52:16.118,32.036,63rd_LocalAlert_95,complex,[63rd_HighTurbidity_95;63rd_HighWavePeriod_95],[1.0000;1.0000],2,2,1.0000,[[63rdStreetBeach201506061400_Turbidity];[63rdStreetBeach201506061400_Wave_Period]]
2025-10-19 13:52:16.303,32.221,Calumet_LowWaterTemp_65,atomic,[Calumet_LowWaterTemp_65],[1.0000],1,1,1.0000,[[CalumetBeach201506061700_Water_Temperature]]
2025-10-19 13:52:16.304,32.222,Calumet_LowWaterTemp_75,atomic,[Calumet_LowWaterTemp_75],[1.0000],1,1,1.0000,[[CalumetBeach201506061700_Water_Temperature]]
2025-10-19 13:52:16.304,32.222,Calumet_LowWaterTemp_85,atomic,[Calumet_LowWaterTemp_85],[1.0000],1,1,1.0000,[[CalumetBeach201506061700_Water_Temperature]]
2025-10-19 13:52:16.304,32.222,Calumet_LowWaterTemp_95,atomic,[Calumet_LowWaterTemp_95],[1.0000],1,1,1.0000,[[CalumetBeach201506061700_Water_Temperature]]
2025-10-19 13:52:16.380,32.298,Montrose_HighTurbidity_65,atomic,[Montrose_HighTurbidity_65],[1.0000],1,1,1.0000,[[MontroseBeach201506061800_Turbidity]]
2025-10-19 13:52:16.380,32.298,Montrose_HighTurbidity_75,atomic,[Montrose_HighTurbidity_75],[1.0000],1,1,1.0000,[[MontroseBeach201506061800_Turbidity]]
2025-10-19 13:52:16.381,32.299,Montrose_HighTurbidity_85,atomic,[Montrose_HighTurbidity_85],[1.0000],1,1,1.0000,[[MontroseBeach201506061800_Turbidity]]
2025-10-19 13:52:16.381,32.299,Montrose_HighTurbidity_95,atomic,[Montrose_HighTurbidity_95],[1.0000],1,1,1.0000,[[MontroseBeach201506061800_Turbidity]]
2025-10-19 13:52:16.503,32.421,Calumet_LowWaterTemp_65,atomic,[Calumet_LowWaterTemp_65],[1.0000],1,1,1.0000,[[CalumetBeach201506062000_Water_Temperature]]
2025-10-19 13:52:16.503,32.421,Calumet_LowWaterTemp_75,atomic,[Calumet_LowWaterTemp_75],[1.0000],1,1,1.0000,[[CalumetBeach201506062000_Water_Temperature]]
2025-10-19 13:52:16.504,32.422,Calumet_LowWaterTemp_85,atomic,[Calumet_LowWaterTemp_85],[1.0000],1,1,1.0000,[[CalumetBeach201506062000_Water_Temperature]]
2025-10-19 13:52:16.504,32.422,Calumet_LowWaterTemp_95,atomic,[Calumet_LowWaterTemp_95],[1.0000],1,1,1.0000,[[CalumetBeach201506062000_Water_Temperature]]
2025-10-19 13:52:16.506,32.424,Montrose_HighTurbidity_65,atomic,[Montrose_HighTurbidity_65],[1.0000],1,1,1.0000,[[MontroseBeach201506062000_Turbidity]]
2025-10-19 13:52:16.506,32.424,Montrose_HighTurbidity_75,atomic,[Montrose_HighTurbidity_75],[1.0000],1,1,1.0000,[[MontroseBeach201506062000_Turbidity]]
2025-10-19 13:52:16.506,32.424,Montrose_HighTurbidity_85,atomic,[Montrose_HighTurbidity_85],[1.0000],1,1,1.0000,[[MontroseBeach201506062000_Turbidity]]
2025-10-19 13:52:16.507,32.425,Montrose_HighTurbidity_95,atomic,[Montrose_HighTurbidity_95],[1.0000],1,1,1.0000,[[MontroseBeach201506062000_Turbidity]]
2025-10-19 13:52:16.565,32.483,Calumet_LowWaterTemp_65,atomic,[Calumet_LowWaterTemp_65],[1.0000],1,1,1.0000,[[CalumetBeach201506062100_Water_Temperature]]
2025-10-19 13:52:16.566,32.484,Calumet_LowWaterTemp_75,atomic,[Calumet_LowWaterTemp_75],[1.0000],1,1,1.0000,[[CalumetBeach201506062100_Water_Temperature]]
2025-10-19 13:52:16.566,32.484,Calumet_LowWaterTemp_85,atomic,[Calumet_LowWaterTemp_85],[1.0000],1,1,1.0000,[[CalumetBeach201506062100_Water_Temperature]]
2025-10-19 13:52:16.566,32.484,Calumet_LowWaterTemp_95,atomic,[Calumet_LowWaterTemp_95],[1.0000],1,1,1.0000,[[CalumetBeach201506062100_Water_Temperature]]
2025-10-19 13:52:16.615,32.533,Montrose_HighTurbidity_65,atomic,[Montrose_HighTurbidity_65],[1.0000],1,1,1.0000,[[MontroseBeach201506062200_Turbidity]]
2025-10-19 13:52:16.615,32.533,Montrose_HighTurbidity_75,atomic,[Montrose_HighTurbidity_75],[1.0000],1,1,1.0000,[[MontroseBeach201506062200_Turbidity]]
2025-10-19 13:52:16.615,32.533,Montrose_HighTurbidity_85,atomic,[Montrose_HighTurbidity_85],[1.0000],1,1,1.0000,[[MontroseBeach201506062200_Turbidity]]
2025-10-19 13:52:16.615,32.533,Montrose_HighTurbidity_95,atomic,[Montrose_HighTurbidity_95],[1.0000],1,1,1.0000,[[MontroseBeach201506062200_Turbidity]]
2025-10-19 13:52:16.676,32.594,Calumet_LowWaterTemp_65,atomic,[Calumet_LowWaterTemp_65],[1.0000],1,1,1.0000,[[CalumetBeach201506062300_Water_Temperature]]
2025-10-19 13:52:16.676,32.594,Calumet_LowWaterTemp_75,atomic,[Calumet_LowWaterTemp_75],[1.0000],1,1,1.0000,[[CalumetBeach201506062300_Water_Temperature]]
2025-10-19 13:52:16.676,32.594,Calumet_LowWaterTemp_85,atomic,[Calumet_LowWaterTemp_85],[1.0000],1,1,1.0000,[[CalumetBeach201506062300_Water_Temperature]]
2025-10-19 13:52:16.676,32.594,Calumet_LowWaterTemp_95,atomic,[Calumet_LowWaterTemp_95],[1.0000],1,1,1.0000,[[CalumetBeach201506062300_Water_Temperature]]
2025-10-19 13:52:16.929,32.847,Montrose_HighTurbidity_65,atomic,[Montrose_HighTurbidity_65],[1.0000],1,1,1.0000,[[MontroseBeach201506070400_Turbidity]]
2025-10-19 13:52:16.929,32.847,Montrose_HighTurbidity_75,atomic,[Montrose_HighTurbidity_75],[1.0000],1,1,1.0000,[[MontroseBeach201506070400_Turbidity]]
2025-10-19 13:52:16.929,32.847,Montrose_HighTurbidity_85,atomic,[Montrose_HighTurbidity_85],[1.0000],1,1,1.0000,[[MontroseBeach201506070400_Turbidity]]
2025-10-19 13:52:16.929,32.847,Montrose_HighTurbidity_95,atomic,[Montrose_HighTurbidity_95],[1.0000],1,1,1.0000,[[MontroseBeach201506070400_Turbidity]]
2025-10-19 13:52:16.931,32.849,Calumet_LowWaterTemp_65,atomic,[Calumet_LowWaterTemp_65],[1.0000],1,1,1.0000,[[CalumetBeach201506070400_Water_Temperature]]
2025-10-19 13:52:16.931,32.849,Calumet_LowWaterTemp_75,atomic,[Calumet_LowWaterTemp_75],[1.0000],1,1,1.0000,[[CalumetBeach201506070400_Water_Temperature]]
2025-10-19 13:52:16.931,32.849,Calumet_LowWaterTemp_85,atomic,[Calumet_LowWaterTemp_85],[1.0000],1,1,1.0000,[[CalumetBeach201506070400_Water_Temperature]]
2025-10-19 13:52:16.931,32.849,Calumet_LowWaterTemp_95,atomic,[Calumet_LowWaterTemp_95],[1.0000],1,1,1.0000,[[CalumetBeach201506070400_Water_Temperature]]
2025-10-19 13:52:16.995,32.913,Calumet_LowWaterTemp_65,atomic,[Calumet_LowWaterTemp_65],[1.0000],1,1,1.0000,[[CalumetBeach201506070500_Water_Temperature]]
2025-10-19 13:52:16.995,32.913,Calumet_LowWaterTemp_75,atomic,[Calumet_LowWaterTemp_75],[1.0000],1,1,1.0000,[[CalumetBeach201506070500_Water_Temperature]]
2025-10-19 13:52:16.995,32.913,Calumet_LowWaterTemp_85,atomic,[Calumet_LowWaterTemp_85],[1.0000],1,1,1.0000,[[CalumetBeach201506070500_Water_Temperature]]
2025-10-19 13:52:16.996,32.914,Calumet_LowWaterTemp_95,atomic,[Calumet_LowWaterTemp_95],[1.0000],1,1,1.0000,[[CalumetBeach201506070500_Water_Temperature]]
2025-10-19 13:52:17.129,33.047,Calumet_LowWaterTemp_65,atomic,[Calumet_LowWaterTemp_65],[1.0000],1,1,1.0000,[[CalumetBeach201506070700_Water_Temperature]]
2025-10-19 13:52:17.129,33.047,Calumet_LowWaterTemp_75,atomic,[Calumet_LowWaterTemp_75],[1.0000],1,1,1.0000,[[CalumetBeach201506070700_Water_Temperature]]
2025-10-19 13:52:17.129,33.047,Calumet_LowWaterTemp_85,atomic,[Calumet_LowWaterTemp_85],[1.0000],1,1,1.0000,[[CalumetBeach201506070700_Water_Temperature]]
2025-10-19 13:52:17.129,33.047,Calumet_LowWaterTemp_95,atomic,[Calumet_LowWaterTemp_95],[1.0000],1,1,1.0000,[[CalumetBeach201506070700_Water_Temperature]]
2025-10-19 13:52:17.567,33.485,Calumet_LowWaterTemp_65,atomic,[Calumet_LowWaterTemp_65],[1.0000],1,1,1.0000,[[CalumetBeach201506071400_Water_Temperature]]
2025-10-19 13:52:17.567,33.485,Calumet_LowWaterTemp_75,atomic,[Calumet_LowWaterTemp_75],[1.0000],1,1,1.0000,[[CalumetBeach201506071400_Water_Temperature]]
2025-10-19 13:52:17.567,33.485,Calumet_LowWaterTemp_85,atomic,[Calumet_LowWaterTemp_85],[1.0000],1,1,1.0000,[[CalumetBeach201506071400_Water_Temperature]]
2025-10-19 13:52:17.567,33.485,Calumet_LowWaterTemp_95,atomic,[Calumet_LowWaterTemp_95],[1.0000],1,1,1.0000,[[CalumetBeach201506071400_Water_Temperature]]
2025-10-19 13:52:17.744,33.662,63rd_HighWavePeriod_65,atomic,[63rd_HighWavePeriod_65],[1.0000],1,1,1.0000,[[63rdStreetBeach201506071700_Wave_Period]]
2025-10-19 13:52:17.745,33.663,63rd_HighWavePeriod_75,atomic,[63rd_HighWavePeriod_75],[1.0000],1,1,1.0000,[[63rdStreetBeach201506071700_Wave_Period]]
2025-10-19 13:52:17.745,33.663,63rd_HighWavePeriod_85,atomic,[63rd_HighWavePeriod_85],[1.0000],1,1,1.0000,[[63rdStreetBeach201506071700_Wave_Period]]
2025-10-19 13:52:17.745,33.663,63rd_HighWavePeriod_95,atomic,[63rd_HighWavePeriod_95],[1.0000],1,1,1.0000,[[63rdStreetBeach201506071700_Wave_Period]]
2025-10-19 13:52:17.820,33.738,63rd_HighWavePeriod_65,atomic,[63rd_HighWavePeriod_65],[1.0000],1,1,1.0000,[[63rdStreetBeach201506071800_Wave_Period]]
2025-10-19 13:52:17.820,33.738,63rd_HighWavePeriod_75,atomic,[63rd_HighWavePeriod_75],[1.0000],1,1,1.0000,[[63rdStreetBeach201506071800_Wave_Period]]
2025-10-19 13:52:17.820,33.738,63rd_HighWavePeriod_85,atomic,[63rd_HighWavePeriod_85],[1.0000],1,1,1.0000,[[63rdStreetBeach201506071800_Wave_Period]]
2025-10-19 13:52:17.820,33.738,63rd_HighWavePeriod_95,atomic,[63rd_HighWavePeriod_95],[1.0000],1,1,1.0000,[[63rdStreetBeach201506071800_Wave_Period]]
2025-10-19 13:52:18.628,34.546,Calumet_LowWaterTemp_65,atomic,[Calumet_LowWaterTemp_65],[1.0000],1,1,1.0000,[[CalumetBeach201506080700_Water_Temperature]]
2025-10-19 13:52:18.628,34.546,Calumet_LowWaterTemp_75,atomic,[Calumet_LowWaterTemp_75],[1.0000],1,1,1.0000,[[CalumetBeach201506080700_Water_Temperature]]
2025-10-19 13:52:18.628,34.546,Calumet_LowWaterTemp_85,atomic,[Calumet_LowWaterTemp_85],[1.0000],1,1,1.0000,[[CalumetBeach201506080700_Water_Temperature]]
2025-10-19 13:52:18.628,34.546,Calumet_LowWaterTemp_95,atomic,[Calumet_LowWaterTemp_95],[1.0000],1,1,1.0000,[[CalumetBeach201506080700_Water_Temperature]]
2025-10-19 13:52:18.679,34.597,Calumet_LowWaterTemp_65,atomic,[Calumet_LowWaterTemp_65],[1.0000],1,1,1.0000,[[CalumetBeach201506080800_Water_Temperature]]
2025-10-19 13:52:18.679,34.597,Calumet_LowWaterTemp_75,atomic,[Calumet_LowWaterTemp_75],[1.0000],1,1,1.0000,[[CalumetBeach201506080800_Water_Temperature]]
2025-10-19 13:52:18.680,34.598,Calumet_LowWaterTemp_85,atomic,[Calumet_LowWaterTemp_85],[1.0000],1,1,1.0000,[[CalumetBeach201506080800_Water_Temperature]]
2025-10-19 13:52:18.680,34.598,Calumet_LowWaterTemp_95,atomic,[Calumet_LowWaterTemp_95],[1.0000],1,1,1.0000,[[CalumetBeach201506080800_Water_Temperature]]
2025-10-19 13:52:18.756,34.674,63rd_HighWavePeriod_65,atomic,[63rd_HighWavePeriod_65],[1.0000],1,1,1.0000,[[63rdStreetBeach201506080900_Wave_Period]]
2025-10-19 13:52:18.756,34.674,63rd_HighWavePeriod_75,atomic,[63rd_HighWavePeriod_75],[1.0000],1,1,1.0000,[[63rdStreetBeach201506080900_Wave_Period]]
2025-10-19 13:52:18.756,34.674,63rd_HighWavePeriod_85,atomic,[63rd_HighWavePeriod_85],[1.0000],1,1,1.0000,[[63rdStreetBeach201506080900_Wave_Period]]
2025-10-19 13:52:18.756,34.674,63rd_HighWavePeriod_95,atomic,[63rd_HighWavePeriod_95],[1.0000],1,1,1.0000,[[63rdStreetBeach201506080900_Wave_Period]]
2025-10-19 13:52:19.051,34.969,Calumet_LowWaterTemp_65,atomic,[Calumet_LowWaterTemp_65],[1.0000],1,1,1.0000,[[CalumetBeach201506081400_Water_Temperature]]
2025-10-19 13:52:19.051,34.969,Calumet_LowWaterTemp_75,atomic,[Calumet_LowWaterTemp_75],[1.0000],1,1,1.0000,[[CalumetBeach201506081400_Water_Temperature]]
2025-10-19 13:52:19.051,34.969,Calumet_LowWaterTemp_85,atomic,[Calumet_LowWaterTemp_85],[1.0000],1,1,1.0000,[[CalumetBeach201506081400_Water_Temperature]]
2025-10-19 13:52:19.051,34.969,Calumet_LowWaterTemp_95,atomic,[Calumet_LowWaterTemp_95],[1.0000],1,1,1.0000,[[CalumetBeach201506081400_Water_Temperature]]
2025-10-19 13:52:19.505,35.423,Calumet_LowWaterTemp_65,atomic,[Calumet_LowWaterTemp_65],[1.0000],1,1,1.0000,[[CalumetBeach201506082100_Water_Temperature]]
2025-10-19 13:52:19.505,35.423,Calumet_LowWaterTemp_75,atomic,[Calumet_LowWaterTemp_75],[1.0000],1,1,1.0000,[[CalumetBeach201506082100_Water_Temperature]]
2025-10-19 13:52:19.505,35.423,Calumet_LowWaterTemp_85,atomic,[Calumet_LowWaterTemp_85],[1.0000],1,1,1.0000,[[CalumetBeach201506082100_Water_Temperature]]
2025-10-19 13:52:19.505,35.423,Calumet_LowWaterTemp_95,atomic,[Calumet_LowWaterTemp_95],[1.0000],1,1,1.0000,[[CalumetBeach201506082100_Water_Temperature]]
2025-10-19 13:52:19.691,35.609,Calumet_LowWaterTemp_65,atomic,[Calumet_LowWaterTemp_65],[1.0000],1,1,1.0000,[[CalumetBeach201506092400_Water_Temperature]]
2025-10-19 13:52:19.691,35.609,Calumet_LowWaterTemp_75,atomic,[Calumet_LowWaterTemp_75],[1.0000],1,1,1.0000,[[CalumetBeach201506092400_Water_Temperature]]
2025-10-19 13:52:19.691,35.609,Calumet_LowWaterTemp_85,atomic,[Calumet_LowWaterTemp_85],[1.0000],1,1,1.0000,[[CalumetBeach201506092400_Water_Temperature]]
2025-10-19 13:52:19.691,35.609,Calumet_LowWaterTemp_95,atomic,[Calumet_LowWaterTemp_95],[1.0000],1,1,1.0000,[[CalumetBeach201506092400_Water_Temperature]]
2025-10-19 13:52:19.818,35.736,63rd_HighWavePeriod_65,atomic,[63rd_HighWavePeriod_65],[1.0000],1,1,1.0000,[[63rdStreetBeach201506090200_Wave_Period]]
2025-10-19 13:52:19.818,35.736,63rd_HighWavePeriod_75,atomic,[63rd_HighWavePeriod_75],[1.0000],1,1,1.0000,[[63rdStreetBeach201506090200_Wave_Period]]
2025-10-19 13:52:19.818,35.736,63rd_HighWavePeriod_85,atomic,[63rd_HighWavePeriod_85],[1.0000],1,1,1.0000,[[63rdStreetBeach201506090200_Wave_Period]]
2025-10-19 13:52:19.818,35.736,63rd_HighWavePeriod_95,atomic,[63rd_HighWavePeriod_95],[1.0000],1,1,1.0000,[[63rdStreetBeach201506090200_Wave_Period]]
2025-10-19 13:52:20.432,36.350,Calumet_LowWaterTemp_65,atomic,[Calumet_LowWaterTemp_65],[1.0000],1,1,1.0000,[[CalumetBeach201506091200_Water_Temperature]]
2025-10-19 13:52:20.432,36.350,Calumet_LowWaterTemp_75,atomic,[Calumet_LowWaterTemp_75],[1.0000],1,1,1.0000,[[CalumetBeach201506091200_Water_Temperature]]
2025-10-19 13:52:20.432,36.350,Calumet_LowWaterTemp_85,atomic,[Calumet_LowWaterTemp_85],[1.0000],1,1,1.0000,[[CalumetBeach201506091200_Water_Temperature]]
2025-10-19 13:52:20.433,36.351,Calumet_LowWaterTemp_95,atomic,[Calumet_LowWaterTemp_95],[1.0000],1,1,1.0000,[[CalumetBeach201506091200_Water_Temperature]]
2025-10-19 13:52:20.869,36.787,Calumet_LowWaterTemp_65,atomic,[Calumet_LowWaterTemp_65],[1.0000],1,1,1.0000,[[CalumetBeach201506091900_Water_Temperature]]
2025-10-19 13:52:20.869,36.787,Calumet_LowWaterTemp_75,atomic,[Calumet_LowWaterTemp_75],[1.0000],1,1,1.0000,[[CalumetBeach201506091900_Water_Temperature]]
2025-10-19 13:52:20.869,36.787,Calumet_LowWaterTemp_85,atomic,[Calumet_LowWaterTemp_85],[1.0000],1,1,1.0000,[[CalumetBeach201506091900_Water_Temperature]]
2025-10-19 13:52:20.869,36.787,Calumet_LowWaterTemp_95,atomic,[Calumet_LowWaterTemp_95],[1.0000],1,1,1.0000,[[CalumetBeach201506091900_Water_Temperature]]
2025-10-19 13:52:20.929,36.847,Calumet_LowWaterTemp_65,atomic,[Calumet_LowWaterTemp_65],[1.0000],1,1,1.0000,[[CalumetBeach201506092000_Water_Temperature]]
2025-10-19 13:52:20.929,36.847,Calumet_LowWaterTemp_75,atomic,[Calumet_LowWaterTemp_75],[1.0000],1,1,1.0000,[[CalumetBeach201506092000_Water_Temperature]]
2025-10-19 13:52:20.929,36.847,Calumet_LowWaterTemp_85,atomic,[Calumet_LowWaterTemp_85],[1.0000],1,1,1.0000,[[CalumetBeach201506092000_Water_Temperature]]
2025-10-19 13:52:20.929,36.847,Calumet_LowWaterTemp_95,atomic,[Calumet_LowWaterTemp_95],[1.0000],1,1,1.0000,[[CalumetBeach201506092000_Water_Temperature]]
2025-10-19 13:52:21.067,36.985,Calumet_LowWaterTemp_65,atomic,[Calumet_LowWaterTemp_65],[1.0000],1,1,1.0000,[[CalumetBeach201506092200_Water_Temperature]]
2025-10-19 13:52:21.067,36.985,Calumet_LowWaterTemp_75,atomic,[Calumet_LowWaterTemp_75],[1.0000],1,1,1.0000,[[CalumetBeach201506092200_Water_Temperature]]
2025-10-19 13:52:21.067,36.985,Calumet_LowWaterTemp_85,atomic,[Calumet_LowWaterTemp_85],[1.0000],1,1,1.0000,[[CalumetBeach201506092200_Water_Temperature]]
2025-10-19 13:52:21.067,36.985,Calumet_LowWaterTemp_95,atomic,[Calumet_LowWaterTemp_95],[1.0000],1,1,1.0000,[[CalumetBeach201506092200_Water_Temperature]]
2025-10-19 13:52:21.260,37.178,63rd_HighWavePeriod_65,atomic,[63rd_HighWavePeriod_65],[1.0000],1,1,1.0000,[[63rdStreetBeach201506100100_Wave_Period]]
2025-10-19 13:52:21.261,37.179,63rd_HighWavePeriod_75,atomic,[63rd_HighWavePeriod_75],[1.0000],1,1,1.0000,[[63rdStreetBeach201506100100_Wave_Period]]
2025-10-19 13:52:21.261,37.179,63rd_HighWavePeriod_85,atomic,[63rd_HighWavePeriod_85],[1.0000],1,1,1.0000,[[63rdStreetBeach201506100100_Wave_Period]]
2025-10-19 13:52:21.261,37.179,63rd_HighWavePeriod_95,atomic,[63rd_HighWavePeriod_95],[1.0000],1,1,1.0000,[[63rdStreetBeach201506100100_Wave_Period]]
2025-10-19 13:52:21.309,37.227,Calumet_LowWaterTemp_65,atomic,[Calumet_LowWaterTemp_65],[1.0000],1,1,1.0000,[[CalumetBeach201506100200_Water_Temperature]]
2025-10-19 13:52:21.310,37.228,Calumet_LowWaterTemp_75,atomic,[Calumet_LowWaterTemp_75],[1.0000],1,1,1.0000,[[CalumetBeach201506100200_Water_Temperature]]
2025-10-19 13:52:21.310,37.228,Calumet_LowWaterTemp_85,atomic,[Calumet_LowWaterTemp_85],[1.0000],1,1,1.0000,[[CalumetBeach201506100200_Water_Temperature]]
2025-10-19 13:52:21.310,37.228,Calumet_LowWaterTemp_95,atomic,[Calumet_LowWaterTemp_95],[1.0000],1,1,1.0000,[[CalumetBeach201506100200_Water_Temperature]]
2025-10-19 13:52:21.450,37.368,63rd_HighWavePeriod_65,atomic,[63rd_HighWavePeriod_65],[1.0000],1,1,1.0000,[[63rdStreetBeach201506100400_Wave_Period]]
2025-10-19 13:52:21.450,37.368,63rd_HighWavePeriod_75,atomic,[63rd_HighWavePeriod_75],[1.0000],1,1,1.0000,[[63rdStreetBeach201506100400_Wave_Period]]
2025-10-19 13:52:21.450,37.368,63rd_HighWavePeriod_85,atomic,[63rd_HighWavePeriod_85],[1.0000],1,1,1.0000,[[63rdStreetBeach201506100400_Wave_Period]]
2025-10-19 13:52:21.450,37.368,63rd_HighWavePeriod_95,atomic,[63rd_HighWavePeriod_95],[1.0000],1,1,1.0000,[[63rdStreetBeach201506100400_Wave_Period]]
2025-10-19 13:52:21.496,37.414,Calumet_LowWaterTemp_65,atomic,[Calumet_LowWaterTemp_65],[1.0000],1,1,1.0000,[[CalumetBeach201506100500_Water_Temperature]]
2025-10-19 13:52:21.496,37.414,Calumet_LowWaterTemp_75,atomic,[Calumet_LowWaterTemp_75],[1.0000],1,1,1.0000,[[CalumetBeach201506100500_Water_Temperature]]
2025-10-19 13:52:21.497,37.415,Calumet_LowWaterTemp_85,atomic,[Calumet_LowWaterTemp_85],[1.0000],1,1,1.0000,[[CalumetBeach201506100500_Water_Temperature]]
2025-10-19 13:52:21.497,37.415,Calumet_LowWaterTemp_95,atomic,[Calumet_LowWaterTemp_95],[1.0000],1,1,1.0000,[[CalumetBeach201506100500_Water_Temperature]]
2025-10-19 13:52:21.571,37.489,Calumet_LowWaterTemp_65,atomic,[Calumet_LowWaterTemp_65],[1.0000],1,1,1.0000,[[CalumetBeach201506100600_Water_Temperature]]
2025-10-19 13:52:21.571,37.489,Calumet_LowWaterTemp_75,atomic,[Calumet_LowWaterTemp_75],[1.0000],1,1,1.0000,[[CalumetBeach201506100600_Water_Temperature]]
2025-10-19 13:52:21.571,37.489,Calumet_LowWaterTemp_85,atomic,[Calumet_LowWaterTemp_85],[1.0000],1,1,1.0000,[[CalumetBeach201506100600_Water_Temperature]]
2025-10-19 13:52:21.571,37.489,Calumet_LowWaterTemp_95,atomic,[Calumet_LowWaterTemp_95],[1.0000],1,1,1.0000,[[CalumetBeach201506100600_Water_Temperature]]
2025-10-19 13:52:21.623,37.541,63rd_HighWavePeriod_65,atomic,[63rd_HighWavePeriod_65],[1.0000],1,1,1.0000,[[63rdStreetBeach201506100700_Wave_Period]]
2025-10-19 13:52:21.624,37.542,63rd_HighWavePeriod_75,atomic,[63rd_HighWavePeriod_75],[1.0000],1,1,1.0000,[[63rdStreetBeach201506100700_Wave_Period]]
2025-10-19 13:52:21.624,37.542,63rd_HighWavePeriod_85,atomic,[63rd_HighWavePeriod_85],[1.0000],1,1,1.0000,[[63rdStreetBeach201506100700_Wave_Period]]
2025-10-19 13:52:21.624,37.542,63rd_HighWavePeriod_95,atomic,[63rd_HighWavePeriod_95],[1.0000],1,1,1.0000,[[63rdStreetBeach201506100700_Wave_Period]]
2025-10-19 13:52:21.696,37.614,Calumet_LowWaterTemp_65,atomic,[Calumet_LowWaterTemp_65],[1.0000],1,1,1.0000,[[CalumetBeach201506100800_Water_Temperature]]
2025-10-19 13:52:21.696,37.614,Calumet_LowWaterTemp_75,atomic,[Calumet_LowWaterTemp_75],[1.0000],1,1,1.0000,[[CalumetBeach201506100800_Water_Temperature]]
2025-10-19 13:52:21.696,37.614,Calumet_LowWaterTemp_85,atomic,[Calumet_LowWaterTemp_85],[1.0000],1,1,1.0000,[[CalumetBeach201506100800_Water_Temperature]]
2025-10-19 13:52:21.696,37.614,Calumet_LowWaterTemp_95,atomic,[Calumet_LowWaterTemp_95],[1.0000],1,1,1.0000,[[CalumetBeach201506100800_Water_Temperature]]
2025-10-19 13:52:21.996,37.914,Calumet_LowWaterTemp_65,atomic,[Calumet_LowWaterTemp_65],[1.0000],1,1,1.0000,[[CalumetBeach201506101300_Water_Temperature]]
2025-10-19 13:52:21.997,37.915,Calumet_LowWaterTemp_75,atomic,[Calumet_LowWaterTemp_75],[1.0000],1,1,1.0000,[[CalumetBeach201506101300_Water_Temperature]]
2025-10-19 13:52:21.997,37.915,Calumet_LowWaterTemp_85,atomic,[Calumet_LowWaterTemp_85],[1.0000],1,1,1.0000,[[CalumetBeach201506101300_Water_Temperature]]
2025-10-19 13:52:21.997,37.915,Calumet_LowWaterTemp_95,atomic,[Calumet_LowWaterTemp_95],[1.0000],1,1,1.0000,[[CalumetBeach201506101300_Water_Temperature]]
2025-10-19 13:52:22.071,37.989,Calumet_LowWaterTemp_65,atomic,[Calumet_LowWaterTemp_65],[1.0000],1,1,1.0000,[[CalumetBeach201506101400_Water_Temperature]]
2025-10-19 13:52:22.071,37.989,Calumet_LowWaterTemp_75,atomic,[Calumet_LowWaterTemp_75],[1.0000],1,1,1.0000,[[CalumetBeach201506101400_Water_Temperature]]
2025-10-19 13:52:22.071,37.989,Calumet_LowWaterTemp_85,atomic,[Calumet_LowWaterTemp_85],[1.0000],1,1,1.0000,[[CalumetBeach201506101400_Water_Temperature]]
2025-10-19 13:52:22.071,37.989,Calumet_LowWaterTemp_95,atomic,[Calumet_LowWaterTemp_95],[1.0000],1,1,1.0000,[[CalumetBeach201506101400_Water_Temperature]]
2025-10-19 13:52:22.119,38.037,Calumet_LowWaterTemp_65,atomic,[Calumet_LowWaterTemp_65],[1.0000],1,1,1.0000,[[CalumetBeach201506101500_Water_Temperature]]
2025-10-19 13:52:22.119,38.037,Calumet_LowWaterTemp_75,atomic,[Calumet_LowWaterTemp_75],[1.0000],1,1,1.0000,[[CalumetBeach201506101500_Water_Temperature]]
2025-10-19 13:52:22.119,38.037,Calumet_LowWaterTemp_85,atomic,[Calumet_LowWaterTemp_85],[1.0000],1,1,1.0000,[[CalumetBeach201506101500_Water_Temperature]]
2025-10-19 13:52:22.119,38.037,Calumet_LowWaterTemp_95,atomic,[Calumet_LowWaterTemp_95],[1.0000],1,1,1.0000,[[CalumetBeach201506101500_Water_Temperature]]
2025-10-19 13:52:22.260,38.178,63rd_HighWavePeriod_65,atomic,[63rd_HighWavePeriod_65],[1.0000],1,1,1.0000,[[63rdStreetBeach201506101700_Wave_Period]]
2025-10-19 13:52:22.261,38.179,63rd_HighWavePeriod_75,atomic,[63rd_HighWavePeriod_75],[1.0000],1,1,1.0000,[[63rdStreetBeach201506101700_Wave_Period]]
2025-10-19 13:52:22.261,38.179,63rd_HighWavePeriod_85,atomic,[63rd_HighWavePeriod_85],[1.0000],1,1,1.0000,[[63rdStreetBeach201506101700_Wave_Period]]
2025-10-19 13:52:22.261,38.179,63rd_HighWavePeriod_95,atomic,[63rd_HighWavePeriod_95],[1.0000],1,1,1.0000,[[63rdStreetBeach201506101700_Wave_Period]]
2025-10-19 13:52:22.371,38.289,Calumet_LowWaterTemp_65,atomic,[Calumet_LowWaterTemp_65],[1.0000],1,1,1.0000,[[CalumetBeach201506101900_Water_Temperature]]
2025-10-19 13:52:22.372,38.290,Calumet_LowWaterTemp_75,atomic,[Calumet_LowWaterTemp_75],[1.0000],1,1,1.0000,[[CalumetBeach201506101900_Water_Temperature]]
2025-10-19 13:52:22.372,38.290,Calumet_LowWaterTemp_85,atomic,[Calumet_LowWaterTemp_85],[1.0000],1,1,1.0000,[[CalumetBeach201506101900_Water_Temperature]]
2025-10-19 13:52:22.372,38.290,Calumet_LowWaterTemp_95,atomic,[Calumet_LowWaterTemp_95],[1.0000],1,1,1.0000,[[CalumetBeach201506101900_Water_Temperature]]
2025-10-19 13:52:22.698,38.616,63rd_HighWavePeriod_65,atomic,[63rd_HighWavePeriod_65],[1.0000],1,1,1.0000,[[63rdStreetBeach201506112400_Wave_Period]]
2025-10-19 13:52:22.698,38.616,63rd_HighWavePeriod_75,atomic,[63rd_HighWavePeriod_75],[1.0000],1,1,1.0000,[[63rdStreetBeach201506112400_Wave_Period]]
2025-10-19 13:52:22.698,38.616,63rd_HighWavePeriod_85,atomic,[63rd_HighWavePeriod_85],[1.0000],1,1,1.0000,[[63rdStreetBeach201506112400_Wave_Period]]
2025-10-19 13:52:22.698,38.616,63rd_HighWavePeriod_95,atomic,[63rd_HighWavePeriod_95],[1.0000],1,1,1.0000,[[63rdStreetBeach201506112400_Wave_Period]]
2025-10-19 13:52:22.874,38.792,Calumet_LowWaterTemp_65,atomic,[Calumet_LowWaterTemp_65],[1.0000],1,1,1.0000,[[CalumetBeach201506110300_Water_Temperature]]
2025-10-19 13:52:22.875,38.793,Calumet_LowWaterTemp_75,atomic,[Calumet_LowWaterTemp_75],[1.0000],1,1,1.0000,[[CalumetBeach201506110300_Water_Temperature]]
2025-10-19 13:52:22.875,38.793,Calumet_LowWaterTemp_85,atomic,[Calumet_LowWaterTemp_85],[1.0000],1,1,1.0000,[[CalumetBeach201506110300_Water_Temperature]]
2025-10-19 13:52:22.875,38.793,Calumet_LowWaterTemp_95,atomic,[Calumet_LowWaterTemp_95],[1.0000],1,1,1.0000,[[CalumetBeach201506110300_Water_Temperature]]
2025-10-19 13:52:22.880,38.798,63rd_HighWavePeriod_65,atomic,[63rd_HighWavePeriod_65],[1.0000],1,1,1.0000,[[63rdStreetBeach201506110300_Wave_Period]]
2025-10-19 13:52:22.880,38.798,63rd_HighWavePeriod_75,atomic,[63rd_HighWavePeriod_75],[1.0000],1,1,1.0000,[[63rdStreetBeach201506110300_Wave_Period]]
2025-10-19 13:52:22.880,38.798,63rd_HighWavePeriod_85,atomic,[63rd_HighWavePeriod_85],[1.0000],1,1,1.0000,[[63rdStreetBeach201506110300_Wave_Period]]
2025-10-19 13:52:22.880,38.798,63rd_HighWavePeriod_95,atomic,[63rd_HighWavePeriod_95],[1.0000],1,1,1.0000,[[63rdStreetBeach201506110300_Wave_Period]]
2025-10-19 13:52:23.000,38.918,Calumet_LowWaterTemp_65,atomic,[Calumet_LowWaterTemp_65],[1.0000],1,1,1.0000,[[CalumetBeach201506110500_Water_Temperature]]
2025-10-19 13:52:23.000,38.918,Calumet_LowWaterTemp_75,atomic,[Calumet_LowWaterTemp_75],[1.0000],1,1,1.0000,[[CalumetBeach201506110500_Water_Temperature]]
2025-10-19 13:52:23.000,38.918,Calumet_LowWaterTemp_85,atomic,[Calumet_LowWaterTemp_85],[1.0000],1,1,1.0000,[[CalumetBeach201506110500_Water_Temperature]]
2025-10-19 13:52:23.000,38.918,Calumet_LowWaterTemp_95,atomic,[Calumet_LowWaterTemp_95],[1.0000],1,1,1.0000,[[CalumetBeach201506110500_Water_Temperature]]
2025-10-19 13:52:23.057,38.975,Calumet_LowWaterTemp_65,atomic,[Calumet_LowWaterTemp_65],[1.0000],1,1,1.0000,[[CalumetBeach201506110600_Water_Temperature]]
2025-10-19 13:52:23.057,38.975,Calumet_LowWaterTemp_75,atomic,[Calumet_LowWaterTemp_75],[1.0000],1,1,1.0000,[[CalumetBeach201506110600_Water_Temperature]]
2025-10-19 13:52:23.057,38.975,Calumet_LowWaterTemp_85,atomic,[Calumet_LowWaterTemp_85],[1.0000],1,1,1.0000,[[CalumetBeach201506110600_Water_Temperature]]
2025-10-19 13:52:23.057,38.975,Calumet_LowWaterTemp_95,atomic,[Calumet_LowWaterTemp_95],[1.0000],1,1,1.0000,[[CalumetBeach201506110600_Water_Temperature]]
2025-10-19 13:52:23.444,39.362,Calumet_LowWaterTemp_65,atomic,[Calumet_LowWaterTemp_65],[1.0000],1,1,1.0000,[[CalumetBeach201506111400_Water_Temperature]]
2025-10-19 13:52:23.444,39.362,Calumet_LowWaterTemp_75,atomic,[Calumet_LowWaterTemp_75],[1.0000],1,1,1.0000,[[CalumetBeach201506111400_Water_Temperature]]
2025-10-19 13:52:23.444,39.362,Calumet_LowWaterTemp_85,atomic,[Calumet_LowWaterTemp_85],[1.0000],1,1,1.0000,[[CalumetBeach201506111400_Water_Temperature]]
2025-10-19 13:52:23.445,39.363,Calumet_LowWaterTemp_95,atomic,[Calumet_LowWaterTemp_95],[1.0000],1,1,1.0000,[[CalumetBeach201506111400_Water_Temperature]]
2025-10-19 13:52:23.930,39.848,Montrose_HighWave_65,atomic,[Montrose_HighWave_65],[1.0000],1,1,1.0000,[[MontroseBeach201506112200_Wave_Height]]
2025-10-19 13:52:23.930,39.848,Montrose_HighWave_75,atomic,[Montrose_HighWave_75],[1.0000],1,1,1.0000,[[MontroseBeach201506112200_Wave_Height]]
2025-10-19 13:52:23.930,39.848,Montrose_HighWave_85,atomic,[Montrose_HighWave_85],[1.0000],1,1,1.0000,[[MontroseBeach201506112200_Wave_Height]]
2025-10-19 13:52:23.931,39.849,Montrose_HighWave_95,atomic,[Montrose_HighWave_95],[1.0000],1,1,1.0000,[[MontroseBeach201506112200_Wave_Height]]
2025-10-19 13:52:24.372,40.290,Calumet_LowWaterTemp_65,atomic,[Calumet_LowWaterTemp_65],[1.0000],1,1,1.0000,[[CalumetBeach201506120500_Water_Temperature]]
2025-10-19 13:52:24.373,40.291,Calumet_LowWaterTemp_75,atomic,[Calumet_LowWaterTemp_75],[1.0000],1,1,1.0000,[[CalumetBeach201506120500_Water_Temperature]]
2025-10-19 13:52:24.373,40.291,Calumet_LowWaterTemp_85,atomic,[Calumet_LowWaterTemp_85],[1.0000],1,1,1.0000,[[CalumetBeach201506120500_Water_Temperature]]
2025-10-19 13:52:24.373,40.291,Calumet_LowWaterTemp_95,atomic,[Calumet_LowWaterTemp_95],[1.0000],1,1,1.0000,[[CalumetBeach201506120500_Water_Temperature]]
2025-10-19 13:52:24.703,40.621,63rd_HighWavePeriod_65,atomic,[63rd_HighWavePeriod_65],[1.0000],1,1,1.0000,[[63rdStreetBeach201506121000_Wave_Period]]
2025-10-19 13:52:24.704,40.622,63rd_HighWavePeriod_75,atomic,[63rd_HighWavePeriod_75],[1.0000],1,1,1.0000,[[63rdStreetBeach201506121000_Wave_Period]]
2025-10-19 13:52:24.704,40.622,63rd_HighWavePeriod_85,atomic,[63rd_HighWavePeriod_85],[1.0000],1,1,1.0000,[[63rdStreetBeach201506121000_Wave_Period]]
2025-10-19 13:52:24.704,40.622,63rd_HighWavePeriod_95,atomic,[63rd_HighWavePeriod_95],[1.0000],1,1,1.0000,[[63rdStreetBeach201506121000_Wave_Period]]
2025-10-19 13:52:24.886,40.804,Montrose_HighWave_65,atomic,[Montrose_HighWave_65],[1.0000],1,1,1.0000,[[MontroseBeach201506121300_Wave_Height]]
2025-10-19 13:52:24.886,40.804,Montrose_HighWave_75,atomic,[Montrose_HighWave_75],[1.0000],1,1,1.0000,[[MontroseBeach201506121300_Wave_Height]]
2025-10-19 13:52:24.886,40.804,Montrose_HighWave_85,atomic,[Montrose_HighWave_85],[1.0000],1,1,1.0000,[[MontroseBeach201506121300_Wave_Height]]
2025-10-19 13:52:24.886,40.804,Montrose_HighWave_95,atomic,[Montrose_HighWave_95],[1.0000],1,1,1.0000,[[MontroseBeach201506121300_Wave_Height]]
2025-10-19 13:52:24.945,40.863,Calumet_LowWaterTemp_65,atomic,[Calumet_LowWaterTemp_65],[1.0000],1,1,1.0000,[[CalumetBeach201506121400_Water_Temperature]]
2025-10-19 13:52:24.945,40.863,Calumet_LowWaterTemp_75,atomic,[Calumet_LowWaterTemp_75],[1.0000],1,1,1.0000,[[CalumetBeach201506121400_Water_Temperature]]
2025-10-19 13:52:24.945,40.863,Calumet_LowWaterTemp_85,atomic,[Calumet_LowWaterTemp_85],[1.0000],1,1,1.0000,[[CalumetBeach201506121400_Water_Temperature]]
2025-10-19 13:52:24.945,40.863,Calumet_LowWaterTemp_95,atomic,[Calumet_LowWaterTemp_95],[1.0000],1,1,1.0000,[[CalumetBeach201506121400_Water_Temperature]]
2025-10-19 13:52:25.007,40.925,Calumet_LowWaterTemp_65,atomic,[Calumet_LowWaterTemp_65],[1.0000],1,1,1.0000,[[CalumetBeach201506121500_Water_Temperature]]
2025-10-19 13:52:25.008,40.926,Calumet_LowWaterTemp_75,atomic,[Calumet_LowWaterTemp_75],[1.0000],1,1,1.0000,[[CalumetBeach201506121500_Water_Temperature]]
2025-10-19 13:52:25.008,40.926,Calumet_LowWaterTemp_85,atomic,[Calumet_LowWaterTemp_85],[1.0000],1,1,1.0000,[[CalumetBeach201506121500_Water_Temperature]]
2025-10-19 13:52:25.008,40.926,Calumet_LowWaterTemp_95,atomic,[Calumet_LowWaterTemp_95],[1.0000],1,1,1.0000,[[CalumetBeach201506121500_Water_Temperature]]
2025-10-19 13:52:25.150,41.068,Montrose_HighWave_65,atomic,[Montrose_HighWave_65],[1.0000],1,1,1.0000,[[MontroseBeach201506121700_Wave_Height]]
2025-10-19 13:52:25.150,41.068,Montrose_HighWave_75,atomic,[Montrose_HighWave_75],[1.0000],1,1,1.0000,[[MontroseBeach201506121700_Wave_Height]]
2025-10-19 13:52:25.150,41.068,Montrose_HighWave_85,atomic,[Montrose_HighWave_85],[1.0000],1,1,1.0000,[[MontroseBeach201506121700_Wave_Height]]
2025-10-19 13:52:25.150,41.068,Montrose_HighWave_95,atomic,[Montrose_HighWave_95],[1.0000],1,1,1.0000,[[MontroseBeach201506121700_Wave_Height]]
2025-10-19 13:52:25.211,41.129,Calumet_LowWaterTemp_65,atomic,[Calumet_LowWaterTemp_65],[1.0000],1,1,1.0000,[[CalumetBeach201506121800_Water_Temperature]]
2025-10-19 13:52:25.211,41.129,Calumet_LowWaterTemp_75,atomic,[Calumet_LowWaterTemp_75],[1.0000],1,1,1.0000,[[CalumetBeach201506121800_Water_Temperature]]
2025-10-19 13:52:25.211,41.129,Calumet_LowWaterTemp_85,atomic,[Calumet_LowWaterTemp_85],[1.0000],1,1,1.0000,[[CalumetBeach201506121800_Water_Temperature]]
2025-10-19 13:52:25.212,41.130,Calumet_LowWaterTemp_95,atomic,[Calumet_LowWaterTemp_95],[1.0000],1,1,1.0000,[[CalumetBeach201506121800_Water_Temperature]]
2025-10-19 13:52:25.324,41.242,Calumet_LowWaterTemp_65,atomic,[Calumet_LowWaterTemp_65],[1.0000],1,1,1.0000,[[CalumetBeach201506122000_Water_Temperature]]
2025-10-19 13:52:25.325,41.243,Calumet_LowWaterTemp_75,atomic,[Calumet_LowWaterTemp_75],[1.0000],1,1,1.0000,[[CalumetBeach201506122000_Water_Temperature]]
2025-10-19 13:52:25.325,41.243,Calumet_LowWaterTemp_85,atomic,[Calumet_LowWaterTemp_85],[1.0000],1,1,1.0000,[[CalumetBeach201506122000_Water_Temperature]]
2025-10-19 13:52:25.325,41.243,Calumet_LowWaterTemp_95,atomic,[Calumet_LowWaterTemp_95],[1.0000],1,1,1.0000,[[CalumetBeach201506122000_Water_Temperature]]
2025-10-19 13:52:25.525,41.443,Calumet_LowWaterTemp_65,atomic,[Calumet_LowWaterTemp_65],[1.0000],1,1,1.0000,[[CalumetBeach201506122300_Water_Temperature]]
2025-10-19 13:52:25.526,41.444,Calumet_LowWaterTemp_75,atomic,[Calumet_LowWaterTemp_75],[1.0000],1,1,1.0000,[[CalumetBeach201506122300_Water_Temperature]]
2025-10-19 13:52:25.526,41.444,Calumet_LowWaterTemp_85,atomic,[Calumet_LowWaterTemp_85],[1.0000],1,1,1.0000,[[CalumetBeach201506122300_Water_Temperature]]
2025-10-19 13:52:25.526,41.444,Calumet_LowWaterTemp_95,atomic,[Calumet_LowWaterTemp_95],[1.0000],1,1,1.0000,[[CalumetBeach201506122300_Water_Temperature]]
2025-10-19 13:52:25.650,41.568,Calumet_LowWaterTemp_65,atomic,[Calumet_LowWaterTemp_65],[1.0000],1,1,1.0000,[[CalumetBeach201506130100_Water_Temperature]]
2025-10-19 13:52:25.651,41.569,Calumet_LowWaterTemp_75,atomic,[Calumet_LowWaterTemp_75],[1.0000],1,1,1.0000,[[CalumetBeach201506130100_Water_Temperature]]
2025-10-19 13:52:25.651,41.569,Calumet_LowWaterTemp_85,atomic,[Calumet_LowWaterTemp_85],[1.0000],1,1,1.0000,[[CalumetBeach201506130100_Water_Temperature]]
2025-10-19 13:52:25.651,41.569,Calumet_LowWaterTemp_95,atomic,[Calumet_LowWaterTemp_95],[1.0000],1,1,1.0000,[[CalumetBeach201506130100_Water_Temperature]]
2025-10-19 13:52:25.702,41.620,63rd_HighWavePeriod_65,atomic,[63rd_HighWavePeriod_65],[1.0000],1,1,1.0000,[[63rdStreetBeach201506130200_Wave_Period]]
2025-10-19 13:52:25.702,41.620,63rd_HighWavePeriod_75,atomic,[63rd_HighWavePeriod_75],[1.0000],1,1,1.0000,[[63rdStreetBeach201506130200_Wave_Period]]
2025-10-19 13:52:25.703,41.621,63rd_HighWavePeriod_85,atomic,[63rd_HighWavePeriod_85],[1.0000],1,1,1.0000,[[63rdStreetBeach201506130200_Wave_Period]]
2025-10-19 13:52:25.703,41.621,63rd_HighWavePeriod_95,atomic,[63rd_HighWavePeriod_95],[1.0000],1,1,1.0000,[[63rdStreetBeach201506130200_Wave_Period]]
2025-10-19 13:52:25.890,41.808,Calumet_LowWaterTemp_65,atomic,[Calumet_LowWaterTemp_65],[1.0000],1,1,1.0000,[[CalumetBeach201506130500_Water_Temperature]]
2025-10-19 13:52:25.890,41.808,Calumet_LowWaterTemp_75,atomic,[Calumet_LowWaterTemp_75],[1.0000],1,1,1.0000,[[CalumetBeach201506130500_Water_Temperature]]
2025-10-19 13:52:25.890,41.808,Calumet_LowWaterTemp_85,atomic,[Calumet_LowWaterTemp_85],[1.0000],1,1,1.0000,[[CalumetBeach201506130500_Water_Temperature]]
2025-10-19 13:52:25.890,41.808,Calumet_LowWaterTemp_95,atomic,[Calumet_LowWaterTemp_95],[1.0000],1,1,1.0000,[[CalumetBeach201506130500_Water_Temperature]]
2025-10-19 13:52:26.158,42.076,Calumet_LowWaterTemp_65,atomic,[Calumet_LowWaterTemp_65],[1.0000],1,1,1.0000,[[CalumetBeach201506130900_Water_Temperature]]
2025-10-19 13:52:26.158,42.076,Calumet_LowWaterTemp_75,atomic,[Calumet_LowWaterTemp_75],[1.0000],1,1,1.0000,[[CalumetBeach201506130900_Water_Temperature]]
2025-10-19 13:52:26.159,42.077,Calumet_LowWaterTemp_85,atomic,[Calumet_LowWaterTemp_85],[1.0000],1,1,1.0000,[[CalumetBeach201506130900_Water_Temperature]]
2025-10-19 13:52:26.159,42.077,Calumet_LowWaterTemp_95,atomic,[Calumet_LowWaterTemp_95],[1.0000],1,1,1.0000,[[CalumetBeach201506130900_Water_Temperature]]
2025-10-19 13:52:26.164,42.082,63rd_HighWavePeriod_65,atomic,[63rd_HighWavePeriod_65],[1.0000],1,1,1.0000,[[63rdStreetBeach201506130900_Wave_Period]]
2025-10-19 13:52:26.165,42.083,63rd_HighWavePeriod_75,atomic,[63rd_HighWavePeriod_75],[1.0000],1,1,1.0000,[[63rdStreetBeach201506130900_Wave_Period]]
2025-10-19 13:52:26.165,42.083,63rd_HighWavePeriod_85,atomic,[63rd_HighWavePeriod_85],[1.0000],1,1,1.0000,[[63rdStreetBeach201506130900_Wave_Period]]
2025-10-19 13:52:26.165,42.083,63rd_HighWavePeriod_95,atomic,[63rd_HighWavePeriod_95],[1.0000],1,1,1.0000,[[63rdStreetBeach201506130900_Wave_Period]]
2025-10-19 13:52:26.234,42.152,63rd_HighWavePeriod_65,atomic,[63rd_HighWavePeriod_65],[1.0000],1,1,1.0000,[[63rdStreetBeach201506131000_Wave_Period]]
2025-10-19 13:52:26.235,42.153,63rd_HighWavePeriod_75,atomic,[63rd_HighWavePeriod_75],[1.0000],1,1,1.0000,[[63rdStreetBeach201506131000_Wave_Period]]
2025-10-19 13:52:26.235,42.153,63rd_HighWavePeriod_85,atomic,[63rd_HighWavePeriod_85],[1.0000],1,1,1.0000,[[63rdStreetBeach201506131000_Wave_Period]]
2025-10-19 13:52:26.235,42.153,63rd_HighWavePeriod_95,atomic,[63rd_HighWavePeriod_95],[1.0000],1,1,1.0000,[[63rdStreetBeach201506131000_Wave_Period]]
2025-10-19 13:52:26.970,42.888,63rd_HighWavePeriod_65,atomic,[63rd_HighWavePeriod_65],[1.0000],1,1,1.0000,[[63rdStreetBeach201506132200_Wave_Period]]
2025-10-19 13:52:26.970,42.888,63rd_HighWavePeriod_75,atomic,[63rd_HighWavePeriod_75],[1.0000],1,1,1.0000,[[63rdStreetBeach201506132200_Wave_Period]]
2025-10-19 13:52:26.970,42.888,63rd_HighWavePeriod_85,atomic,[63rd_HighWavePeriod_85],[1.0000],1,1,1.0000,[[63rdStreetBeach201506132200_Wave_Period]]
2025-10-19 13:52:26.970,42.888,63rd_HighWavePeriod_95,atomic,[63rd_HighWavePeriod_95],[1.0000],1,1,1.0000,[[63rdStreetBeach201506132200_Wave_Period]]
2025-10-19 13:52:27.092,43.010,Calumet_LowWaterTemp_65,atomic,[Calumet_LowWaterTemp_65],[1.0000],1,1,1.0000,[[CalumetBeach201506142400_Water_Temperature]]
2025-10-19 13:52:27.092,43.010,Calumet_LowWaterTemp_75,atomic,[Calumet_LowWaterTemp_75],[1.0000],1,1,1.0000,[[CalumetBeach201506142400_Water_Temperature]]
2025-10-19 13:52:27.092,43.010,Calumet_LowWaterTemp_85,atomic,[Calumet_LowWaterTemp_85],[1.0000],1,1,1.0000,[[CalumetBeach201506142400_Water_Temperature]]
2025-10-19 13:52:27.093,43.011,Calumet_LowWaterTemp_95,atomic,[Calumet_LowWaterTemp_95],[1.0000],1,1,1.0000,[[CalumetBeach201506142400_Water_Temperature]]
2025-10-19 13:52:27.851,43.769,Calumet_LowWaterTemp_65,atomic,[Calumet_LowWaterTemp_65],[1.0000],1,1,1.0000,[[CalumetBeach201506141300_Water_Temperature]]
2025-10-19 13:52:27.851,43.769,Calumet_LowWaterTemp_75,atomic,[Calumet_LowWaterTemp_75],[1.0000],1,1,1.0000,[[CalumetBeach201506141300_Water_Temperature]]
2025-10-19 13:52:27.852,43.770,Calumet_LowWaterTemp_85,atomic,[Calumet_LowWaterTemp_85],[1.0000],1,1,1.0000,[[CalumetBeach201506141300_Water_Temperature]]
2025-10-19 13:52:27.852,43.770,Calumet_LowWaterTemp_95,atomic,[Calumet_LowWaterTemp_95],[1.0000],1,1,1.0000,[[CalumetBeach201506141300_Water_Temperature]]
2025-10-19 13:52:28.292,44.210,Calumet_LowWaterTemp_65,atomic,[Calumet_LowWaterTemp_65],[1.0000],1,1,1.0000,[[CalumetBeach201506142000_Water_Temperature]]
2025-10-19 13:52:28.293,44.211,Calumet_LowWaterTemp_75,atomic,[Calumet_LowWaterTemp_75],[1.0000],1,1,1.0000,[[CalumetBeach201506142000_Water_Temperature]]
2025-10-19 13:52:28.293,44.211,Calumet_LowWaterTemp_85,atomic,[Calumet_LowWaterTemp_85],[1.0000],1,1,1.0000,[[CalumetBeach201506142000_Water_Temperature]]
2025-10-19 13:52:28.293,44.211,Calumet_LowWaterTemp_95,atomic,[Calumet_LowWaterTemp_95],[1.0000],1,1,1.0000,[[CalumetBeach201506142000_Water_Temperature]]
2025-10-19 13:52:28.532,44.450,Calumet_LowWaterTemp_65,atomic,[Calumet_LowWaterTemp_65],[1.0000],1,1,1.0000,[[CalumetBeach201506152400_Water_Temperature]]
2025-10-19 13:52:28.532,44.450,Calumet_LowWaterTemp_75,atomic,[Calumet_LowWaterTemp_75],[1.0000],1,1,1.0000,[[CalumetBeach201506152400_Water_Temperature]]
2025-10-19 13:52:28.532,44.450,Calumet_LowWaterTemp_85,atomic,[Calumet_LowWaterTemp_85],[1.0000],1,1,1.0000,[[CalumetBeach201506152400_Water_Temperature]]
2025-10-19 13:52:28.532,44.450,Calumet_LowWaterTemp_95,atomic,[Calumet_LowWaterTemp_95],[1.0000],1,1,1.0000,[[CalumetBeach201506152400_Water_Temperature]]
2025-10-19 13:52:28.656,44.574,Calumet_LowWaterTemp_65,atomic,[Calumet_LowWaterTemp_65],[1.0000],1,1,1.0000,[[CalumetBeach201506150200_Water_Temperature]]
2025-10-19 13:52:28.656,44.574,Calumet_LowWaterTemp_75,atomic,[Calumet_LowWaterTemp_75],[1.0000],1,1,1.0000,[[CalumetBeach201506150200_Water_Temperature]]
2025-10-19 13:52:28.656,44.574,Calumet_LowWaterTemp_85,atomic,[Calumet_LowWaterTemp_85],[1.0000],1,1,1.0000,[[CalumetBeach201506150200_Water_Temperature]]
2025-10-19 13:52:28.656,44.574,Calumet_LowWaterTemp_95,atomic,[Calumet_LowWaterTemp_95],[1.0000],1,1,1.0000,[[CalumetBeach201506150200_Water_Temperature]]
2025-10-19 13:52:28.723,44.641,Calumet_LowWaterTemp_65,atomic,[Calumet_LowWaterTemp_65],[1.0000],1,1,1.0000,[[CalumetBeach201506150300_Water_Temperature]]
2025-10-19 13:52:28.723,44.641,Calumet_LowWaterTemp_75,atomic,[Calumet_LowWaterTemp_75],[1.0000],1,1,1.0000,[[CalumetBeach201506150300_Water_Temperature]]
2025-10-19 13:52:28.723,44.641,Calumet_LowWaterTemp_85,atomic,[Calumet_LowWaterTemp_85],[1.0000],1,1,1.0000,[[CalumetBeach201506150300_Water_Temperature]]
2025-10-19 13:52:28.723,44.641,Calumet_LowWaterTemp_95,atomic,[Calumet_LowWaterTemp_95],[1.0000],1,1,1.0000,[[CalumetBeach201506150300_Water_Temperature]]
2025-10-19 13:52:28.858,44.776,Calumet_LowWaterTemp_65,atomic,[Calumet_LowWaterTemp_65],[1.0000],1,1,1.0000,[[CalumetBeach201506150500_Water_Temperature]]
2025-10-19 13:52:28.858,44.776,Calumet_LowWaterTemp_75,atomic,[Calumet_LowWaterTemp_75],[1.0000],1,1,1.0000,[[CalumetBeach201506150500_Water_Temperature]]
2025-10-19 13:52:28.858,44.776,Calumet_LowWaterTemp_85,atomic,[Calumet_LowWaterTemp_85],[1.0000],1,1,1.0000,[[CalumetBeach201506150500_Water_Temperature]]
2025-10-19 13:52:28.858,44.776,Calumet_LowWaterTemp_95,atomic,[Calumet_LowWaterTemp_95],[1.0000],1,1,1.0000,[[CalumetBeach201506150500_Water_Temperature]]
2025-10-19 13:52:29.040,44.958,Calumet_LowWaterTemp_65,atomic,[Calumet_LowWaterTemp_65],[1.0000],1,1,1.0000,[[CalumetBeach201506150800_Water_Temperature]]
2025-10-19 13:52:29.041,44.959,Calumet_LowWaterTemp_75,atomic,[Calumet_LowWaterTemp_75],[1.0000],1,1,1.0000,[[CalumetBeach201506150800_Water_Temperature]]
2025-10-19 13:52:29.041,44.959,Calumet_LowWaterTemp_85,atomic,[Calumet_LowWaterTemp_85],[1.0000],1,1,1.0000,[[CalumetBeach201506150800_Water_Temperature]]
2025-10-19 13:52:29.041,44.959,Calumet_LowWaterTemp_95,atomic,[Calumet_LowWaterTemp_95],[1.0000],1,1,1.0000,[[CalumetBeach201506150800_Water_Temperature]]
2025-10-19 13:52:29.175,45.093,63rd_HighWavePeriod_65,atomic,[63rd_HighWavePeriod_65],[1.0000],1,1,1.0000,[[63rdStreetBeach201506151000_Wave_Period]]
2025-10-19 13:52:29.175,45.093,63rd_HighWavePeriod_75,atomic,[63rd_HighWavePeriod_75],[1.0000],1,1,1.0000,[[63rdStreetBeach201506151000_Wave_Period]]
2025-10-19 13:52:29.175,45.093,63rd_HighWavePeriod_85,atomic,[63rd_HighWavePeriod_85],[1.0000],1,1,1.0000,[[63rdStreetBeach201506151000_Wave_Period]]
2025-10-19 13:52:29.176,45.094,63rd_HighWavePeriod_95,atomic,[63rd_HighWavePeriod_95],[1.0000],1,1,1.0000,[[63rdStreetBeach201506151000_Wave_Period]]
2025-10-19 13:52:29.235,45.153,Calumet_LowWaterTemp_65,atomic,[Calumet_LowWaterTemp_65],[1.0000],1,1,1.0000,[[CalumetBeach201506151100_Water_Temperature]]
2025-10-19 13:52:29.235,45.153,Calumet_LowWaterTemp_75,atomic,[Calumet_LowWaterTemp_75],[1.0000],1,1,1.0000,[[CalumetBeach201506151100_Water_Temperature]]
2025-10-19 13:52:29.235,45.153,Calumet_LowWaterTemp_85,atomic,[Calumet_LowWaterTemp_85],[1.0000],1,1,1.0000,[[CalumetBeach201506151100_Water_Temperature]]
2025-10-19 13:52:29.235,45.153,Calumet_LowWaterTemp_95,atomic,[Calumet_LowWaterTemp_95],[1.0000],1,1,1.0000,[[CalumetBeach201506151100_Water_Temperature]]
2025-10-19 13:52:29.423,45.341,Calumet_LowWaterTemp_65,atomic,[Calumet_LowWaterTemp_65],[1.0000],1,1,1.0000,[[CalumetBeach201506151400_Water_Temperature]]
2025-10-19 13:52:29.423,45.341,Calumet_LowWaterTemp_75,atomic,[Calumet_LowWaterTemp_75],[1.0000],1,1,1.0000,[[CalumetBeach201506151400_Water_Temperature]]
2025-10-19 13:52:29.423,45.341,Calumet_LowWaterTemp_85,atomic,[Calumet_LowWaterTemp_85],[1.0000],1,1,1.0000,[[CalumetBeach201506151400_Water_Temperature]]
2025-10-19 13:52:29.424,45.342,Calumet_LowWaterTemp_95,atomic,[Calumet_LowWaterTemp_95],[1.0000],1,1,1.0000,[[CalumetBeach201506151400_Water_Temperature]]
2025-10-19 13:52:29.488,45.406,Calumet_LowWaterTemp_65,atomic,[Calumet_LowWaterTemp_65],[1.0000],1,1,1.0000,[[CalumetBeach201506151500_Water_Temperature]]
2025-10-19 13:52:29.489,45.407,Calumet_LowWaterTemp_75,atomic,[Calumet_LowWaterTemp_75],[1.0000],1,1,1.0000,[[CalumetBeach201506151500_Water_Temperature]]
2025-10-19 13:52:29.489,45.407,Calumet_LowWaterTemp_85,atomic,[Calumet_LowWaterTemp_85],[1.0000],1,1,1.0000,[[CalumetBeach201506151500_Water_Temperature]]
2025-10-19 13:52:29.489,45.407,Calumet_LowWaterTemp_95,atomic,[Calumet_LowWaterTemp_95],[1.0000],1,1,1.0000,[[CalumetBeach201506151500_Water_Temperature]]
2025-10-19 13:52:29.550,45.468,63rd_HighWavePeriod_65,atomic,[63rd_HighWavePeriod_65],[1.0000],1,1,1.0000,[[63rdStreetBeach201506151600_Wave_Period]]
2025-10-19 13:52:29.550,45.468,63rd_HighWavePeriod_75,atomic,[63rd_HighWavePeriod_75],[1.0000],1,1,1.0000,[[63rdStreetBeach201506151600_Wave_Period]]
2025-10-19 13:52:29.551,45.469,63rd_HighWavePeriod_85,atomic,[63rd_HighWavePeriod_85],[1.0000],1,1,1.0000,[[63rdStreetBeach201506151600_Wave_Period]]
2025-10-19 13:52:29.551,45.469,63rd_HighWavePeriod_95,atomic,[63rd_HighWavePeriod_95],[1.0000],1,1,1.0000,[[63rdStreetBeach201506151600_Wave_Period]]
2025-10-19 13:52:29.987,45.905,63rd_HighWavePeriod_65,atomic,[63rd_HighWavePeriod_65],[1.0000],1,1,1.0000,[[63rdStreetBeach201506152300_Wave_Period]]
2025-10-19 13:52:29.987,45.905,63rd_HighWavePeriod_75,atomic,[63rd_HighWavePeriod_75],[1.0000],1,1,1.0000,[[63rdStreetBeach201506152300_Wave_Period]]
2025-10-19 13:52:29.987,45.905,63rd_HighWavePeriod_85,atomic,[63rd_HighWavePeriod_85],[1.0000],1,1,1.0000,[[63rdStreetBeach201506152300_Wave_Period]]
2025-10-19 13:52:29.987,45.905,63rd_HighWavePeriod_95,atomic,[63rd_HighWavePeriod_95],[1.0000],1,1,1.0000,[[63rdStreetBeach201506152300_Wave_Period]]
2025-10-19 13:52:30.503,46.421,Calumet_LowWaterTemp_65,atomic,[Calumet_LowWaterTemp_65],[1.0000],1,1,1.0000,[[CalumetBeach201506160700_Water_Temperature]]
2025-10-19 13:52:30.503,46.421,Calumet_LowWaterTemp_75,atomic,[Calumet_LowWaterTemp_75],[1.0000],1,1,1.0000,[[CalumetBeach201506160700_Water_Temperature]]
2025-10-19 13:52:30.503,46.421,Calumet_LowWaterTemp_85,atomic,[Calumet_LowWaterTemp_85],[1.0000],1,1,1.0000,[[CalumetBeach201506160700_Water_Temperature]]
2025-10-19 13:52:30.503,46.421,Calumet_LowWaterTemp_95,atomic,[Calumet_LowWaterTemp_95],[1.0000],1,1,1.0000,[[CalumetBeach201506160700_Water_Temperature]]
2025-10-19 13:52:30.756,46.674,Montrose_HighWave_65,atomic,[Montrose_HighWave_65],[1.0000],1,1,1.0000,[[MontroseBeach201506161100_Wave_Height]]
2025-10-19 13:52:30.756,46.674,Montrose_HighWave_75,atomic,[Montrose_HighWave_75],[1.0000],1,1,1.0000,[[MontroseBeach201506161100_Wave_Height]]
2025-10-19 13:52:30.756,46.674,Montrose_HighWave_85,atomic,[Montrose_HighWave_85],[1.0000],1,1,1.0000,[[MontroseBeach201506161100_Wave_Height]]
2025-10-19 13:52:30.756,46.674,Montrose_HighWave_95,atomic,[Montrose_HighWave_95],[1.0000],1,1,1.0000,[[MontroseBeach201506161100_Wave_Height]]
2025-10-19 13:52:30.867,46.785,Montrose_HighWave_65,atomic,[Montrose_HighWave_65],[1.0000],1,1,1.0000,[[MontroseBeach201506161300_Wave_Height]]
2025-10-19 13:52:30.867,46.785,Montrose_HighWave_75,atomic,[Montrose_HighWave_75],[1.0000],1,1,1.0000,[[MontroseBeach201506161300_Wave_Height]]
2025-10-19 13:52:30.867,46.785,Montrose_HighWave_85,atomic,[Montrose_HighWave_85],[1.0000],1,1,1.0000,[[MontroseBeach201506161300_Wave_Height]]
2025-10-19 13:52:30.867,46.785,Montrose_HighWave_95,atomic,[Montrose_HighWave_95],[1.0000],1,1,1.0000,[[MontroseBeach201506161300_Wave_Height]]
2025-10-19 13:52:30.943,46.861,Calumet_LowWaterTemp_65,atomic,[Calumet_LowWaterTemp_65],[1.0000],1,1,1.0000,[[CalumetBeach201506161400_Water_Temperature]]
2025-10-19 13:52:30.943,46.861,Calumet_LowWaterTemp_75,atomic,[Calumet_LowWaterTemp_75],[1.0000],1,1,1.0000,[[CalumetBeach201506161400_Water_Temperature]]
2025-10-19 13:52:30.944,46.862,Calumet_LowWaterTemp_85,atomic,[Calumet_LowWaterTemp_85],[1.0000],1,1,1.0000,[[CalumetBeach201506161400_Water_Temperature]]
2025-10-19 13:52:30.944,46.862,Calumet_LowWaterTemp_95,atomic,[Calumet_LowWaterTemp_95],[1.0000],1,1,1.0000,[[CalumetBeach201506161400_Water_Temperature]]
2025-10-19 13:52:31.056,46.974,Calumet_LowWaterTemp_65,atomic,[Calumet_LowWaterTemp_65],[1.0000],1,1,1.0000,[[CalumetBeach201506161600_Water_Temperature]]
2025-10-19 13:52:31.056,46.974,Calumet_LowWaterTemp_75,atomic,[Calumet_LowWaterTemp_75],[1.0000],1,1,1.0000,[[CalumetBeach201506161600_Water_Temperature]]
2025-10-19 13:52:31.056,46.974,Calumet_LowWaterTemp_85,atomic,[Calumet_LowWaterTemp_85],[1.0000],1,1,1.0000,[[CalumetBeach201506161600_Water_Temperature]]
2025-10-19 13:52:31.056,46.974,Calumet_LowWaterTemp_95,atomic,[Calumet_LowWaterTemp_95],[1.0000],1,1,1.0000,[[CalumetBeach201506161600_Water_Temperature]]
2025-10-19 13:52:31.058,46.976,Montrose_HighWave_65,atomic,[Montrose_HighWave_65],[1.0000],1,1,1.0000,[[MontroseBeach201506161600_Wave_Height]]
2025-10-19 13:52:31.058,46.976,Montrose_HighWave_75,atomic,[Montrose_HighWave_75],[1.0000],1,1,1.0000,[[MontroseBeach201506161600_Wave_Height]]
2025-10-19 13:52:31.058,46.976,Montrose_HighWave_85,atomic,[Montrose_HighWave_85],[1.0000],1,1,1.0000,[[MontroseBeach201506161600_Wave_Height]]
2025-10-19 13:52:31.058,46.976,Montrose_HighWave_95,atomic,[Montrose_HighWave_95],[1.0000],1,1,1.0000,[[MontroseBeach201506161600_Wave_Height]]
2025-10-19 13:52:31.197,47.115,Calumet_LowWaterTemp_65,atomic,[Calumet_LowWaterTemp_65],[1.0000],1,1,1.0000,[[CalumetBeach201506161800_Water_Temperature]]
2025-10-19 13:52:31.197,47.115,Calumet_LowWaterTemp_75,atomic,[Calumet_LowWaterTemp_75],[1.0000],1,1,1.0000,[[CalumetBeach201506161800_Water_Temperature]]
2025-10-19 13:52:31.198,47.116,Calumet_LowWaterTemp_85,atomic,[Calumet_LowWaterTemp_85],[1.0000],1,1,1.0000,[[CalumetBeach201506161800_Water_Temperature]]
2025-10-19 13:52:31.198,47.116,Calumet_LowWaterTemp_95,atomic,[Calumet_LowWaterTemp_95],[1.0000],1,1,1.0000,[[CalumetBeach201506161800_Water_Temperature]]
2025-10-19 13:52:31.320,47.238,Calumet_LowWaterTemp_65,atomic,[Calumet_LowWaterTemp_65],[1.0000],1,1,1.0000,[[CalumetBeach201506162000_Water_Temperature]]
2025-10-19 13:52:31.320,47.238,Calumet_LowWaterTemp_75,atomic,[Calumet_LowWaterTemp_75],[1.0000],1,1,1.0000,[[CalumetBeach201506162000_Water_Temperature]]
2025-10-19 13:52:31.320,47.238,Calumet_LowWaterTemp_85,atomic,[Calumet_LowWaterTemp_85],[1.0000],1,1,1.0000,[[CalumetBeach201506162000_Water_Temperature]]
2025-10-19 13:52:31.320,47.238,Calumet_LowWaterTemp_95,atomic,[Calumet_LowWaterTemp_95],[1.0000],1,1,1.0000,[[CalumetBeach201506162000_Water_Temperature]]
2025-10-19 13:52:31.625,47.543,Calumet_LowWaterTemp_65,atomic,[Calumet_LowWaterTemp_65],[1.0000],1,1,1.0000,[[CalumetBeach201506170100_Water_Temperature]]
2025-10-19 13:52:31.625,47.543,Calumet_LowWaterTemp_75,atomic,[Calumet_LowWaterTemp_75],[1.0000],1,1,1.0000,[[CalumetBeach201506170100_Water_Temperature]]
2025-10-19 13:52:31.625,47.543,Calumet_LowWaterTemp_85,atomic,[Calumet_LowWaterTemp_85],[1.0000],1,1,1.0000,[[CalumetBeach201506170100_Water_Temperature]]
2025-10-19 13:52:31.625,47.543,Calumet_LowWaterTemp_95,atomic,[Calumet_LowWaterTemp_95],[1.0000],1,1,1.0000,[[CalumetBeach201506170100_Water_Temperature]]
2025-10-19 13:52:31.684,47.602,Calumet_LowWaterTemp_65,atomic,[Calumet_LowWaterTemp_65],[1.0000],1,1,1.0000,[[CalumetBeach201506170200_Water_Temperature]]
2025-10-19 13:52:31.685,47.603,Calumet_LowWaterTemp_75,atomic,[Calumet_LowWaterTemp_75],[1.0000],1,1,1.0000,[[CalumetBeach201506170200_Water_Temperature]]
2025-10-19 13:52:31.685,47.603,Calumet_LowWaterTemp_85,atomic,[Calumet_LowWaterTemp_85],[1.0000],1,1,1.0000,[[CalumetBeach201506170200_Water_Temperature]]
2025-10-19 13:52:31.685,47.603,Calumet_LowWaterTemp_95,atomic,[Calumet_LowWaterTemp_95],[1.0000],1,1,1.0000,[[CalumetBeach201506170200_Water_Temperature]]
2025-10-19 13:52:31.693,47.611,63rd_HighWavePeriod_65,atomic,[63rd_HighWavePeriod_65],[1.0000],1,1,1.0000,[[63rdStreetBeach201506170200_Wave_Period]]
2025-10-19 13:52:31.694,47.612,63rd_HighWavePeriod_75,atomic,[63rd_HighWavePeriod_75],[1.0000],1,1,1.0000,[[63rdStreetBeach201506170200_Wave_Period]]
2025-10-19 13:52:31.694,47.612,63rd_HighWavePeriod_85,atomic,[63rd_HighWavePeriod_85],[1.0000],1,1,1.0000,[[63rdStreetBeach201506170200_Wave_Period]]
2025-10-19 13:52:31.694,47.612,63rd_HighWavePeriod_95,atomic,[63rd_HighWavePeriod_95],[1.0000],1,1,1.0000,[[63rdStreetBeach201506170200_Wave_Period]]
2025-10-19 13:52:31.747,47.665,Montrose_HighWave_65,atomic,[Montrose_HighWave_65],[1.0000],1,1,1.0000,[[MontroseBeach201506170300_Wave_Height]]
2025-10-19 13:52:31.747,47.665,Montrose_HighWave_75,atomic,[Montrose_HighWave_75],[1.0000],1,1,1.0000,[[MontroseBeach201506170300_Wave_Height]]
2025-10-19 13:52:31.747,47.665,Montrose_HighWave_85,atomic,[Montrose_HighWave_85],[1.0000],1,1,1.0000,[[MontroseBeach201506170300_Wave_Height]]
2025-10-19 13:52:31.747,47.665,Montrose_HighWave_95,atomic,[Montrose_HighWave_95],[1.0000],1,1,1.0000,[[MontroseBeach201506170300_Wave_Height]]
2025-10-19 13:52:31.749,47.667,63rd_HighWavePeriod_65,atomic,[63rd_HighWavePeriod_65],[1.0000],1,1,1.0000,[[63rdStreetBeach201506170300_Wave_Period]]
2025-10-19 13:52:31.749,47.667,63rd_HighWavePeriod_75,atomic,[63rd_HighWavePeriod_75],[1.0000],1,1,1.0000,[[63rdStreetBeach201506170300_Wave_Period]]
2025-10-19 13:52:31.749,47.667,63rd_HighWavePeriod_85,atomic,[63rd_HighWavePeriod_85],[1.0000],1,1,1.0000,[[63rdStreetBeach201506170300_Wave_Period]]
2025-10-19 13:52:31.749,47.667,63rd_HighWavePeriod_95,atomic,[63rd_HighWavePeriod_95],[1.0000],1,1,1.0000,[[63rdStreetBeach201506170300_Wave_Period]]
2025-10-19 13:52:31.939,47.857,Calumet_LowWaterTemp_65,atomic,[Calumet_LowWaterTemp_65],[1.0000],1,1,1.0000,[[CalumetBeach201506170600_Water_Temperature]]
2025-10-19 13:52:31.939,47.857,Calumet_LowWaterTemp_75,atomic,[Calumet_LowWaterTemp_75],[1.0000],1,1,1.0000,[[CalumetBeach201506170600_Water_Temperature]]
2025-10-19 13:52:31.939,47.857,Calumet_LowWaterTemp_85,atomic,[Calumet_LowWaterTemp_85],[1.0000],1,1,1.0000,[[CalumetBeach201506170600_Water_Temperature]]
2025-10-19 13:52:31.939,47.857,Calumet_LowWaterTemp_95,atomic,[Calumet_LowWaterTemp_95],[1.0000],1,1,1.0000,[[CalumetBeach201506170600_Water_Temperature]]
2025-10-19 13:52:31.998,47.916,Calumet_LowWaterTemp_65,atomic,[Calumet_LowWaterTemp_65],[1.0000],1,1,1.0000,[[CalumetBeach201506170700_Water_Temperature]]
2025-10-19 13:52:31.998,47.916,Calumet_LowWaterTemp_75,atomic,[Calumet_LowWaterTemp_75],[1.0000],1,1,1.0000,[[CalumetBeach201506170700_Water_Temperature]]
2025-10-19 13:52:31.998,47.916,Calumet_LowWaterTemp_85,atomic,[Calumet_LowWaterTemp_85],[1.0000],1,1,1.0000,[[CalumetBeach201506170700_Water_Temperature]]
2025-10-19 13:52:31.998,47.916,Calumet_LowWaterTemp_95,atomic,[Calumet_LowWaterTemp_95],[1.0000],1,1,1.0000,[[CalumetBeach201506170700_Water_Temperature]]
2025-10-19 13:52:32.643,48.561,Calumet_LowWaterTemp_65,atomic,[Calumet_LowWaterTemp_65],[1.0000],1,1,1.0000,[[CalumetBeach201506171700_Water_Temperature]]
2025-10-19 13:52:32.643,48.561,Calumet_LowWaterTemp_75,atomic,[Calumet_LowWaterTemp_75],[1.0000],1,1,1.0000,[[CalumetBeach201506171700_Water_Temperature]]
2025-10-19 13:52:32.643,48.561,Calumet_LowWaterTemp_85,atomic,[Calumet_LowWaterTemp_85],[1.0000],1,1,1.0000,[[CalumetBeach201506171700_Water_Temperature]]
2025-10-19 13:52:32.643,48.561,Calumet_LowWaterTemp_95,atomic,[Calumet_LowWaterTemp_95],[1.0000],1,1,1.0000,[[CalumetBeach201506171700_Water_Temperature]]
2025-10-19 13:52:33.323,49.241,63rd_HighWavePeriod_65,atomic,[63rd_HighWavePeriod_65],[1.0000],1,1,1.0000,[[63rdStreetBeach201506180400_Wave_Period]]
2025-10-19 13:52:33.323,49.241,63rd_HighWavePeriod_75,atomic,[63rd_HighWavePeriod_75],[1.0000],1,1,1.0000,[[63rdStreetBeach201506180400_Wave_Period]]
2025-10-19 13:52:33.323,49.241,63rd_HighWavePeriod_85,atomic,[63rd_HighWavePeriod_85],[1.0000],1,1,1.0000,[[63rdStreetBeach201506180400_Wave_Period]]
2025-10-19 13:52:33.323,49.241,63rd_HighWavePeriod_95,atomic,[63rd_HighWavePeriod_95],[1.0000],1,1,1.0000,[[63rdStreetBeach201506180400_Wave_Period]]
2025-10-19 13:52:33.386,49.304,Calumet_LowWaterTemp_65,atomic,[Calumet_LowWaterTemp_65],[1.0000],1,1,1.0000,[[CalumetBeach201506180500_Water_Temperature]]
2025-10-19 13:52:33.387,49.305,Calumet_LowWaterTemp_75,atomic,[Calumet_LowWaterTemp_75],[1.0000],1,1,1.0000,[[CalumetBeach201506180500_Water_Temperature]]
2025-10-19 13:52:33.387,49.305,Calumet_LowWaterTemp_85,atomic,[Calumet_LowWaterTemp_85],[1.0000],1,1,1.0000,[[CalumetBeach201506180500_Water_Temperature]]
2025-10-19 13:52:33.387,49.305,Calumet_LowWaterTemp_95,atomic,[Calumet_LowWaterTemp_95],[1.0000],1,1,1.0000,[[CalumetBeach201506180500_Water_Temperature]]
2025-10-19 13:52:33.526,49.444,Calumet_LowWaterTemp_65,atomic,[Calumet_LowWaterTemp_65],[1.0000],1,1,1.0000,[[CalumetBeach201506180700_Water_Temperature]]
2025-10-19 13:52:33.526,49.444,Calumet_LowWaterTemp_75,atomic,[Calumet_LowWaterTemp_75],[1.0000],1,1,1.0000,[[CalumetBeach201506180700_Water_Temperature]]
2025-10-19 13:52:33.526,49.444,Calumet_LowWaterTemp_85,atomic,[Calumet_LowWaterTemp_85],[1.0000],1,1,1.0000,[[CalumetBeach201506180700_Water_Temperature]]
2025-10-19 13:52:33.526,49.444,Calumet_LowWaterTemp_95,atomic,[Calumet_LowWaterTemp_95],[1.0000],1,1,1.0000,[[CalumetBeach201506180700_Water_Temperature]]
2025-10-19 13:52:33.573,49.491,Calumet_LowWaterTemp_65,atomic,[Calumet_LowWaterTemp_65],[1.0000],1,1,1.0000,[[CalumetBeach201506180800_Water_Temperature]]
2025-10-19 13:52:33.574,49.492,Calumet_LowWaterTemp_75,atomic,[Calumet_LowWaterTemp_75],[1.0000],1,1,1.0000,[[CalumetBeach201506180800_Water_Temperature]]
2025-10-19 13:52:33.574,49.492,Calumet_LowWaterTemp_85,atomic,[Calumet_LowWaterTemp_85],[1.0000],1,1,1.0000,[[CalumetBeach201506180800_Water_Temperature]]
2025-10-19 13:52:33.574,49.492,Calumet_LowWaterTemp_95,atomic,[Calumet_LowWaterTemp_95],[1.0000],1,1,1.0000,[[CalumetBeach201506180800_Water_Temperature]]
2025-10-19 13:52:33.962,49.880,Calumet_LowWaterTemp_65,atomic,[Calumet_LowWaterTemp_65],[1.0000],1,1,1.0000,[[CalumetBeach201506181400_Water_Temperature]]
2025-10-19 13:52:33.963,49.881,Calumet_LowWaterTemp_75,atomic,[Calumet_LowWaterTemp_75],[1.0000],1,1,1.0000,[[CalumetBeach201506181400_Water_Temperature]]
2025-10-19 13:52:33.963,49.881,Calumet_LowWaterTemp_85,atomic,[Calumet_LowWaterTemp_85],[1.0000],1,1,1.0000,[[CalumetBeach201506181400_Water_Temperature]]
2025-10-19 13:52:33.963,49.881,Calumet_LowWaterTemp_95,atomic,[Calumet_LowWaterTemp_95],[1.0000],1,1,1.0000,[[CalumetBeach201506181400_Water_Temperature]]
2025-10-19 13:52:34.517,50.435,Montrose_HighWave_65,atomic,[Montrose_HighWave_65],[1.0000],1,1,1.0000,[[MontroseBeach201506182300_Wave_Height]]
2025-10-19 13:52:34.518,50.436,Montrose_HighWave_75,atomic,[Montrose_HighWave_75],[1.0000],1,1,1.0000,[[MontroseBeach201506182300_Wave_Height]]
2025-10-19 13:52:34.518,50.436,Montrose_HighWave_85,atomic,[Montrose_HighWave_85],[1.0000],1,1,1.0000,[[MontroseBeach201506182300_Wave_Height]]
2025-10-19 13:52:34.518,50.436,Montrose_HighWave_95,atomic,[Montrose_HighWave_95],[1.0000],1,1,1.0000,[[MontroseBeach201506182300_Wave_Height]]
2025-10-19 13:52:34.580,50.498,Calumet_LowWaterTemp_65,atomic,[Calumet_LowWaterTemp_65],[1.0000],1,1,1.0000,[[CalumetBeach201506192400_Water_Temperature]]
2025-10-19 13:52:34.580,50.498,Calumet_LowWaterTemp_75,atomic,[Calumet_LowWaterTemp_75],[1.0000],1,1,1.0000,[[CalumetBeach201506192400_Water_Temperature]]
2025-10-19 13:52:34.580,50.498,Calumet_LowWaterTemp_85,atomic,[Calumet_LowWaterTemp_85],[1.0000],1,1,1.0000,[[CalumetBeach201506192400_Water_Temperature]]
2025-10-19 13:52:34.581,50.499,Calumet_LowWaterTemp_95,atomic,[Calumet_LowWaterTemp_95],[1.0000],1,1,1.0000,[[CalumetBeach201506192400_Water_Temperature]]
2025-10-19 13:52:34.644,50.562,Montrose_HighWave_65,atomic,[Montrose_HighWave_65],[1.0000],1,1,1.0000,[[MontroseBeach201506190100_Wave_Height]]
2025-10-19 13:52:34.644,50.562,Montrose_HighWave_75,atomic,[Montrose_HighWave_75],[1.0000],1,1,1.0000,[[MontroseBeach201506190100_Wave_Height]]
2025-10-19 13:52:34.644,50.562,Montrose_HighWave_85,atomic,[Montrose_HighWave_85],[1.0000],1,1,1.0000,[[MontroseBeach201506190100_Wave_Height]]
2025-10-19 13:52:34.644,50.562,Montrose_HighWave_95,atomic,[Montrose_HighWave_95],[1.0000],1,1,1.0000,[[MontroseBeach201506190100_Wave_Height]]
2025-10-19 13:52:34.835,50.753,Calumet_LowWaterTemp_65,atomic,[Calumet_LowWaterTemp_65],[1.0000],1,1,1.0000,[[CalumetBeach201506190400_Water_Temperature]]
2025-10-19 13:52:34.836,50.754,Calumet_LowWaterTemp_75,atomic,[Calumet_LowWaterTemp_75],[1.0000],1,1,1.0000,[[CalumetBeach201506190400_Water_Temperature]]
2025-10-19 13:52:34.836,50.754,Calumet_LowWaterTemp_85,atomic,[Calumet_LowWaterTemp_85],[1.0000],1,1,1.0000,[[CalumetBeach201506190400_Water_Temperature]]
2025-10-19 13:52:34.836,50.754,Calumet_LowWaterTemp_95,atomic,[Calumet_LowWaterTemp_95],[1.0000],1,1,1.0000,[[CalumetBeach201506190400_Water_Temperature]]
2025-10-19 13:52:35.032,50.950,Calumet_LowWaterTemp_65,atomic,[Calumet_LowWaterTemp_65],[1.0000],1,1,1.0000,[[CalumetBeach201506190700_Water_Temperature]]
2025-10-19 13:52:35.032,50.950,Calumet_LowWaterTemp_75,atomic,[Calumet_LowWaterTemp_75],[1.0000],1,1,1.0000,[[CalumetBeach201506190700_Water_Temperature]]
2025-10-19 13:52:35.032,50.950,Calumet_LowWaterTemp_85,atomic,[Calumet_LowWaterTemp_85],[1.0000],1,1,1.0000,[[CalumetBeach201506190700_Water_Temperature]]
2025-10-19 13:52:35.033,50.951,Calumet_LowWaterTemp_95,atomic,[Calumet_LowWaterTemp_95],[1.0000],1,1,1.0000,[[CalumetBeach201506190700_Water_Temperature]]
2025-10-19 13:52:35.085,51.003,Montrose_HighWave_65,atomic,[Montrose_HighWave_65],[1.0000],1,1,1.0000,[[MontroseBeach201506190800_Wave_Height]]
2025-10-19 13:52:35.085,51.003,Montrose_HighWave_75,atomic,[Montrose_HighWave_75],[1.0000],1,1,1.0000,[[MontroseBeach201506190800_Wave_Height]]
2025-10-19 13:52:35.085,51.003,Montrose_HighWave_85,atomic,[Montrose_HighWave_85],[1.0000],1,1,1.0000,[[MontroseBeach201506190800_Wave_Height]]
2025-10-19 13:52:35.085,51.003,Montrose_HighWave_95,atomic,[Montrose_HighWave_95],[1.0000],1,1,1.0000,[[MontroseBeach201506190800_Wave_Height]]
2025-10-19 13:52:35.086,51.004,Calumet_LowWaterTemp_65,atomic,[Calumet_LowWaterTemp_65],[1.0000],1,1,1.0000,[[CalumetBeach201506190800_Water_Temperature]]
2025-10-19 13:52:35.086,51.004,Calumet_LowWaterTemp_75,atomic,[Calumet_LowWaterTemp_75],[1.0000],1,1,1.0000,[[CalumetBeach201506190800_Water_Temperature]]
2025-10-19 13:52:35.086,51.004,Calumet_LowWaterTemp_85,atomic,[Calumet_LowWaterTemp_85],[1.0000],1,1,1.0000,[[CalumetBeach201506190800_Water_Temperature]]
2025-10-19 13:52:35.086,51.004,Calumet_LowWaterTemp_95,atomic,[Calumet_LowWaterTemp_95],[1.0000],1,1,1.0000,[[CalumetBeach201506190800_Water_Temperature]]
2025-10-19 13:52:35.283,51.201,Montrose_HighWave_65,atomic,[Montrose_HighWave_65],[1.0000],1,1,1.0000,[[MontroseBeach201506191100_Wave_Height]]
2025-10-19 13:52:35.283,51.201,Montrose_HighWave_75,atomic,[Montrose_HighWave_75],[1.0000],1,1,1.0000,[[MontroseBeach201506191100_Wave_Height]]
2025-10-19 13:52:35.283,51.201,Montrose_HighWave_85,atomic,[Montrose_HighWave_85],[1.0000],1,1,1.0000,[[MontroseBeach201506191100_Wave_Height]]
2025-10-19 13:52:35.283,51.201,Montrose_HighWave_95,atomic,[Montrose_HighWave_95],[1.0000],1,1,1.0000,[[MontroseBeach201506191100_Wave_Height]]
2025-10-19 13:52:35.283,51.201,Calumet_LowWaterTemp_65,atomic,[Calumet_LowWaterTemp_65],[1.0000],1,1,1.0000,[[CalumetBeach201506191100_Water_Temperature]]
2025-10-19 13:52:35.283,51.201,Calumet_LowWaterTemp_75,atomic,[Calumet_LowWaterTemp_75],[1.0000],1,1,1.0000,[[CalumetBeach201506191100_Water_Temperature]]
2025-10-19 13:52:35.283,51.201,Calumet_LowWaterTemp_85,atomic,[Calumet_LowWaterTemp_85],[1.0000],1,1,1.0000,[[CalumetBeach201506191100_Water_Temperature]]
2025-10-19 13:52:35.284,51.202,Calumet_LowWaterTemp_95,atomic,[Calumet_LowWaterTemp_95],[1.0000],1,1,1.0000,[[CalumetBeach201506191100_Water_Temperature]]
2025-10-19 13:52:35.406,51.324,Montrose_HighWave_65,atomic,[Montrose_HighWave_65],[1.0000],1,1,1.0000,[[MontroseBeach201506191300_Wave_Height]]
2025-10-19 13:52:35.407,51.325,Montrose_HighWave_75,atomic,[Montrose_HighWave_75],[1.0000],1,1,1.0000,[[MontroseBeach201506191300_Wave_Height]]
2025-10-19 13:52:35.407,51.325,Montrose_HighWave_85,atomic,[Montrose_HighWave_85],[1.0000],1,1,1.0000,[[MontroseBeach201506191300_Wave_Height]]
2025-10-19 13:52:35.407,51.325,Montrose_HighWave_95,atomic,[Montrose_HighWave_95],[1.0000],1,1,1.0000,[[MontroseBeach201506191300_Wave_Height]]
2025-10-19 13:52:35.533,51.451,63rd_HighWavePeriod_65,atomic,[63rd_HighWavePeriod_65],[1.0000],1,1,1.0000,[[63rdStreetBeach201506191500_Wave_Period]]
2025-10-19 13:52:35.533,51.451,63rd_HighWavePeriod_75,atomic,[63rd_HighWavePeriod_75],[1.0000],1,1,1.0000,[[63rdStreetBeach201506191500_Wave_Period]]
2025-10-19 13:52:35.533,51.451,63rd_HighWavePeriod_85,atomic,[63rd_HighWavePeriod_85],[1.0000],1,1,1.0000,[[63rdStreetBeach201506191500_Wave_Period]]
2025-10-19 13:52:35.533,51.451,63rd_HighWavePeriod_95,atomic,[63rd_HighWavePeriod_95],[1.0000],1,1,1.0000,[[63rdStreetBeach201506191500_Wave_Period]]
2025-10-19 13:52:35.723,51.641,Calumet_LowWaterTemp_65,atomic,[Calumet_LowWaterTemp_65],[1.0000],1,1,1.0000,[[CalumetBeach201506191800_Water_Temperature]]
2025-10-19 13:52:35.723,51.641,Calumet_LowWaterTemp_75,atomic,[Calumet_LowWaterTemp_75],[1.0000],1,1,1.0000,[[CalumetBeach201506191800_Water_Temperature]]
2025-10-19 13:52:35.723,51.641,Calumet_LowWaterTemp_85,atomic,[Calumet_LowWaterTemp_85],[1.0000],1,1,1.0000,[[CalumetBeach201506191800_Water_Temperature]]
2025-10-19 13:52:35.723,51.641,Calumet_LowWaterTemp_95,atomic,[Calumet_LowWaterTemp_95],[1.0000],1,1,1.0000,[[CalumetBeach201506191800_Water_Temperature]]
2025-10-19 13:52:36.146,52.064,Calumet_LowWaterTemp_65,atomic,[Calumet_LowWaterTemp_65],[1.0000],1,1,1.0000,[[CalumetBeach201506200100_Water_Temperature]]
2025-10-19 13:52:36.147,52.065,Calumet_LowWaterTemp_75,atomic,[Calumet_LowWaterTemp_75],[1.0000],1,1,1.0000,[[CalumetBeach201506200100_Water_Temperature]]
2025-10-19 13:52:36.147,52.065,Calumet_LowWaterTemp_85,atomic,[Calumet_LowWaterTemp_85],[1.0000],1,1,1.0000,[[CalumetBeach201506200100_Water_Temperature]]
2025-10-19 13:52:36.147,52.065,Calumet_LowWaterTemp_95,atomic,[Calumet_LowWaterTemp_95],[1.0000],1,1,1.0000,[[CalumetBeach201506200100_Water_Temperature]]
2025-10-19 13:52:36.527,52.445,Calumet_LowWaterTemp_65,atomic,[Calumet_LowWaterTemp_65],[1.0000],1,1,1.0000,[[CalumetBeach201506200700_Water_Temperature]]
2025-10-19 13:52:36.527,52.445,Calumet_LowWaterTemp_75,atomic,[Calumet_LowWaterTemp_75],[1.0000],1,1,1.0000,[[CalumetBeach201506200700_Water_Temperature]]
2025-10-19 13:52:36.527,52.445,Calumet_LowWaterTemp_85,atomic,[Calumet_LowWaterTemp_85],[1.0000],1,1,1.0000,[[CalumetBeach201506200700_Water_Temperature]]
2025-10-19 13:52:36.527,52.445,Calumet_LowWaterTemp_95,atomic,[Calumet_LowWaterTemp_95],[1.0000],1,1,1.0000,[[CalumetBeach201506200700_Water_Temperature]]
2025-10-19 13:52:37.540,53.458,Calumet_LowWaterTemp_65,atomic,[Calumet_LowWaterTemp_65],[1.0000],1,1,1.0000,[[CalumetBeach201506210300_Water_Temperature]]
2025-10-19 13:52:37.541,53.459,Calumet_LowWaterTemp_75,atomic,[Calumet_LowWaterTemp_75],[1.0000],1,1,1.0000,[[CalumetBeach201506210300_Water_Temperature]]
2025-10-19 13:52:37.541,53.459,Calumet_LowWaterTemp_85,atomic,[Calumet_LowWaterTemp_85],[1.0000],1,1,1.0000,[[CalumetBeach201506210300_Water_Temperature]]
2025-10-19 13:52:37.541,53.459,Calumet_LowWaterTemp_95,atomic,[Calumet_LowWaterTemp_95],[1.0000],1,1,1.0000,[[CalumetBeach201506210300_Water_Temperature]]
2025-10-19 13:52:37.790,53.708,Calumet_LowWaterTemp_65,atomic,[Calumet_LowWaterTemp_65],[1.0000],1,1,1.0000,[[CalumetBeach201506210700_Water_Temperature]]
2025-10-19 13:52:37.791,53.709,Calumet_LowWaterTemp_75,atomic,[Calumet_LowWaterTemp_75],[1.0000],1,1,1.0000,[[CalumetBeach201506210700_Water_Temperature]]
2025-10-19 13:52:37.791,53.709,Calumet_LowWaterTemp_85,atomic,[Calumet_LowWaterTemp_85],[1.0000],1,1,1.0000,[[CalumetBeach201506210700_Water_Temperature]]
2025-10-19 13:52:37.791,53.709,Calumet_LowWaterTemp_95,atomic,[Calumet_LowWaterTemp_95],[1.0000],1,1,1.0000,[[CalumetBeach201506210700_Water_Temperature]]
2025-10-19 13:52:38.413,54.331,Calumet_LowWaterTemp_65,atomic,[Calumet_LowWaterTemp_65],[1.0000],1,1,1.0000,[[CalumetBeach201506220200_Water_Temperature]]
2025-10-19 13:52:38.414,54.332,Calumet_LowWaterTemp_75,atomic,[Calumet_LowWaterTemp_75],[1.0000],1,1,1.0000,[[CalumetBeach201506220200_Water_Temperature]]
2025-10-19 13:52:38.414,54.332,Calumet_LowWaterTemp_85,atomic,[Calumet_LowWaterTemp_85],[1.0000],1,1,1.0000,[[CalumetBeach201506220200_Water_Temperature]]
2025-10-19 13:52:38.414,54.332,Calumet_LowWaterTemp_95,atomic,[Calumet_LowWaterTemp_95],[1.0000],1,1,1.0000,[[CalumetBeach201506220200_Water_Temperature]]
2025-10-19 13:52:38.538,54.456,Calumet_LowWaterTemp_65,atomic,[Calumet_LowWaterTemp_65],[1.0000],1,1,1.0000,[[CalumetBeach201506220400_Water_Temperature]]
2025-10-19 13:52:38.538,54.456,Calumet_LowWaterTemp_75,atomic,[Calumet_LowWaterTemp_75],[1.0000],1,1,1.0000,[[CalumetBeach201506220400_Water_Temperature]]
2025-10-19 13:52:38.539,54.457,Calumet_LowWaterTemp_85,atomic,[Calumet_LowWaterTemp_85],[1.0000],1,1,1.0000,[[CalumetBeach201506220400_Water_Temperature]]
2025-10-19 13:52:38.539,54.457,Calumet_LowWaterTemp_95,atomic,[Calumet_LowWaterTemp_95],[1.0000],1,1,1.0000,[[CalumetBeach201506220400_Water_Temperature]]
2025-10-19 13:52:38.588,54.506,Calumet_LowWaterTemp_65,atomic,[Calumet_LowWaterTemp_65],[1.0000],1,1,1.0000,[[CalumetBeach201506220500_Water_Temperature]]
2025-10-19 13:52:38.588,54.506,Calumet_LowWaterTemp_75,atomic,[Calumet_LowWaterTemp_75],[1.0000],1,1,1.0000,[[CalumetBeach201506220500_Water_Temperature]]
2025-10-19 13:52:38.588,54.506,Calumet_LowWaterTemp_85,atomic,[Calumet_LowWaterTemp_85],[1.0000],1,1,1.0000,[[CalumetBeach201506220500_Water_Temperature]]
2025-10-19 13:52:38.588,54.506,Calumet_LowWaterTemp_95,atomic,[Calumet_LowWaterTemp_95],[1.0000],1,1,1.0000,[[CalumetBeach201506220500_Water_Temperature]]
2025-10-19 13:52:38.716,54.634,Calumet_LowWaterTemp_65,atomic,[Calumet_LowWaterTemp_65],[1.0000],1,1,1.0000,[[CalumetBeach201506220700_Water_Temperature]]
2025-10-19 13:52:38.717,54.635,Calumet_LowWaterTemp_75,atomic,[Calumet_LowWaterTemp_75],[1.0000],1,1,1.0000,[[CalumetBeach201506220700_Water_Temperature]]
2025-10-19 13:52:38.717,54.635,Calumet_LowWaterTemp_85,atomic,[Calumet_LowWaterTemp_85],[1.0000],1,1,1.0000,[[CalumetBeach201506220700_Water_Temperature]]
2025-10-19 13:52:38.717,54.635,Calumet_LowWaterTemp_95,atomic,[Calumet_LowWaterTemp_95],[1.0000],1,1,1.0000,[[CalumetBeach201506220700_Water_Temperature]]
2025-10-19 13:52:39.227,55.145,Calumet_LowWaterTemp_65,atomic,[Calumet_LowWaterTemp_65],[1.0000],1,1,1.0000,[[CalumetBeach201506221500_Water_Temperature]]
2025-10-19 13:52:39.227,55.145,Calumet_LowWaterTemp_75,atomic,[Calumet_LowWaterTemp_75],[1.0000],1,1,1.0000,[[CalumetBeach201506221500_Water_Temperature]]
2025-10-19 13:52:39.228,55.146,Calumet_LowWaterTemp_85,atomic,[Calumet_LowWaterTemp_85],[1.0000],1,1,1.0000,[[CalumetBeach201506221500_Water_Temperature]]
2025-10-19 13:52:39.228,55.146,Calumet_LowWaterTemp_95,atomic,[Calumet_LowWaterTemp_95],[1.0000],1,1,1.0000,[[CalumetBeach201506221500_Water_Temperature]]
2025-10-19 13:52:39.480,55.398,63rd_HighWavePeriod_65,atomic,[63rd_HighWavePeriod_65],[1.0000],1,1,1.0000,[[63rdStreetBeach201506221900_Wave_Period]]
2025-10-19 13:52:39.480,55.398,63rd_HighWavePeriod_75,atomic,[63rd_HighWavePeriod_75],[1.0000],1,1,1.0000,[[63rdStreetBeach201506221900_Wave_Period]]
2025-10-19 13:52:39.481,55.399,63rd_HighWavePeriod_85,atomic,[63rd_HighWavePeriod_85],[1.0000],1,1,1.0000,[[63rdStreetBeach201506221900_Wave_Period]]
2025-10-19 13:52:39.481,55.399,63rd_HighWavePeriod_95,atomic,[63rd_HighWavePeriod_95],[1.0000],1,1,1.0000,[[63rdStreetBeach201506221900_Wave_Period]]
2025-10-19 13:52:39.713,55.631,Calumet_LowWaterTemp_65,atomic,[Calumet_LowWaterTemp_65],[1.0000],1,1,1.0000,[[CalumetBeach201506222300_Water_Temperature]]
2025-10-19 13:52:39.714,55.632,Calumet_LowWaterTemp_75,atomic,[Calumet_LowWaterTemp_75],[1.0000],1,1,1.0000,[[CalumetBeach201506222300_Water_Temperature]]
2025-10-19 13:52:39.714,55.632,Calumet_LowWaterTemp_85,atomic,[Calumet_LowWaterTemp_85],[1.0000],1,1,1.0000,[[CalumetBeach201506222300_Water_Temperature]]
2025-10-19 13:52:39.714,55.632,Calumet_LowWaterTemp_95,atomic,[Calumet_LowWaterTemp_95],[1.0000],1,1,1.0000,[[CalumetBeach201506222300_Water_Temperature]]
2025-10-19 13:52:39.790,55.708,Calumet_LowWaterTemp_65,atomic,[Calumet_LowWaterTemp_65],[1.0000],1,1,1.0000,[[CalumetBeach201506232400_Water_Temperature]]
2025-10-19 13:52:39.790,55.708,Calumet_LowWaterTemp_75,atomic,[Calumet_LowWaterTemp_75],[1.0000],1,1,1.0000,[[CalumetBeach201506232400_Water_Temperature]]
2025-10-19 13:52:39.790,55.708,Calumet_LowWaterTemp_85,atomic,[Calumet_LowWaterTemp_85],[1.0000],1,1,1.0000,[[CalumetBeach201506232400_Water_Temperature]]
2025-10-19 13:52:39.790,55.708,Calumet_LowWaterTemp_95,atomic,[Calumet_LowWaterTemp_95],[1.0000],1,1,1.0000,[[CalumetBeach201506232400_Water_Temperature]]
2025-10-19 13:52:39.975,55.893,Calumet_LowWaterTemp_65,atomic,[Calumet_LowWaterTemp_65],[1.0000],1,1,1.0000,[[CalumetBeach201506230300_Water_Temperature]]
2025-10-19 13:52:39.975,55.893,Calumet_LowWaterTemp_75,atomic,[Calumet_LowWaterTemp_75],[1.0000],1,1,1.0000,[[CalumetBeach201506230300_Water_Temperature]]
2025-10-19 13:52:39.975,55.893,Calumet_LowWaterTemp_85,atomic,[Calumet_LowWaterTemp_85],[1.0000],1,1,1.0000,[[CalumetBeach201506230300_Water_Temperature]]
2025-10-19 13:52:39.975,55.893,Calumet_LowWaterTemp_95,atomic,[Calumet_LowWaterTemp_95],[1.0000],1,1,1.0000,[[CalumetBeach201506230300_Water_Temperature]]
2025-10-19 13:52:40.095,56.013,Calumet_LowWaterTemp_65,atomic,[Calumet_LowWaterTemp_65],[1.0000],1,1,1.0000,[[CalumetBeach201506230500_Water_Temperature]]
2025-10-19 13:52:40.095,56.013,Calumet_LowWaterTemp_75,atomic,[Calumet_LowWaterTemp_75],[1.0000],1,1,1.0000,[[CalumetBeach201506230500_Water_Temperature]]
2025-10-19 13:52:40.095,56.013,Calumet_LowWaterTemp_85,atomic,[Calumet_LowWaterTemp_85],[1.0000],1,1,1.0000,[[CalumetBeach201506230500_Water_Temperature]]
2025-10-19 13:52:40.095,56.013,Calumet_LowWaterTemp_95,atomic,[Calumet_LowWaterTemp_95],[1.0000],1,1,1.0000,[[CalumetBeach201506230500_Water_Temperature]]
2025-10-19 13:52:40.231,56.149,Calumet_LowWaterTemp_65,atomic,[Calumet_LowWaterTemp_65],[1.0000],1,1,1.0000,[[CalumetBeach201506230700_Water_Temperature]]
2025-10-19 13:52:40.231,56.149,Calumet_LowWaterTemp_75,atomic,[Calumet_LowWaterTemp_75],[1.0000],1,1,1.0000,[[CalumetBeach201506230700_Water_Temperature]]
2025-10-19 13:52:40.231,56.149,Calumet_LowWaterTemp_85,atomic,[Calumet_LowWaterTemp_85],[1.0000],1,1,1.0000,[[CalumetBeach201506230700_Water_Temperature]]
2025-10-19 13:52:40.231,56.149,Calumet_LowWaterTemp_95,atomic,[Calumet_LowWaterTemp_95],[1.0000],1,1,1.0000,[[CalumetBeach201506230700_Water_Temperature]]
2025-10-19 13:52:40.471,56.389,Calumet_LowWaterTemp_65,atomic,[Calumet_LowWaterTemp_65],[1.0000],1,1,1.0000,[[CalumetBeach201506231100_Water_Temperature]]
2025-10-19 13:52:40.471,56.389,Calumet_LowWaterTemp_75,atomic,[Calumet_LowWaterTemp_75],[1.0000],1,1,1.0000,[[CalumetBeach201506231100_Water_Temperature]]
2025-10-19 13:52:40.471,56.389,Calumet_LowWaterTemp_85,atomic,[Calumet_LowWaterTemp_85],[1.0000],1,1,1.0000,[[CalumetBeach201506231100_Water_Temperature]]
2025-10-19 13:52:40.471,56.389,Calumet_LowWaterTemp_95,atomic,[Calumet_LowWaterTemp_95],[1.0000],1,1,1.0000,[[CalumetBeach201506231100_Water_Temperature]]
2025-10-19 13:52:40.533,56.451,Calumet_LowWaterTemp_65,atomic,[Calumet_LowWaterTemp_65],[1.0000],1,1,1.0000,[[CalumetBeach201506231200_Water_Temperature]]
2025-10-19 13:52:40.533,56.451,Calumet_LowWaterTemp_75,atomic,[Calumet_LowWaterTemp_75],[1.0000],1,1,1.0000,[[CalumetBeach201506231200_Water_Temperature]]
2025-10-19 13:52:40.533,56.451,Calumet_LowWaterTemp_85,atomic,[Calumet_LowWaterTemp_85],[1.0000],1,1,1.0000,[[CalumetBeach201506231200_Water_Temperature]]
2025-10-19 13:52:40.533,56.451,Calumet_LowWaterTemp_95,atomic,[Calumet_LowWaterTemp_95],[1.0000],1,1,1.0000,[[CalumetBeach201506231200_Water_Temperature]]
2025-10-19 13:52:40.911,56.829,Calumet_LowWaterTemp_65,atomic,[Calumet_LowWaterTemp_65],[1.0000],1,1,1.0000,[[CalumetBeach201506231800_Water_Temperature]]
2025-10-19 13:52:40.914,56.832,Calumet_LowWaterTemp_75,atomic,[Calumet_LowWaterTemp_75],[1.0000],1,1,1.0000,[[CalumetBeach201506231800_Water_Temperature]]
2025-10-19 13:52:40.914,56.832,Calumet_LowWaterTemp_85,atomic,[Calumet_LowWaterTemp_85],[1.0000],1,1,1.0000,[[CalumetBeach201506231800_Water_Temperature]]
2025-10-19 13:52:40.915,56.833,Calumet_LowWaterTemp_95,atomic,[Calumet_LowWaterTemp_95],[1.0000],1,1,1.0000,[[CalumetBeach201506231800_Water_Temperature]]
2025-10-19 13:52:41.049,56.967,Calumet_LowWaterTemp_65,atomic,[Calumet_LowWaterTemp_65],[1.0000],1,1,1.0000,[[CalumetBeach201506232000_Water_Temperature]]
2025-10-19 13:52:41.049,56.967,Calumet_LowWaterTemp_75,atomic,[Calumet_LowWaterTemp_75],[1.0000],1,1,1.0000,[[CalumetBeach201506232000_Water_Temperature]]
2025-10-19 13:52:41.049,56.967,Calumet_LowWaterTemp_85,atomic,[Calumet_LowWaterTemp_85],[1.0000],1,1,1.0000,[[CalumetBeach201506232000_Water_Temperature]]
2025-10-19 13:52:41.049,56.967,Calumet_LowWaterTemp_95,atomic,[Calumet_LowWaterTemp_95],[1.0000],1,1,1.0000,[[CalumetBeach201506232000_Water_Temperature]]
2025-10-19 13:52:41.104,57.022,Calumet_LowWaterTemp_65,atomic,[Calumet_LowWaterTemp_65],[1.0000],1,1,1.0000,[[CalumetBeach201506232100_Water_Temperature]]
2025-10-19 13:52:41.105,57.023,Calumet_LowWaterTemp_75,atomic,[Calumet_LowWaterTemp_75],[1.0000],1,1,1.0000,[[CalumetBeach201506232100_Water_Temperature]]
2025-10-19 13:52:41.105,57.023,Calumet_LowWaterTemp_85,atomic,[Calumet_LowWaterTemp_85],[1.0000],1,1,1.0000,[[CalumetBeach201506232100_Water_Temperature]]
2025-10-19 13:52:41.105,57.023,Calumet_LowWaterTemp_95,atomic,[Calumet_LowWaterTemp_95],[1.0000],1,1,1.0000,[[CalumetBeach201506232100_Water_Temperature]]
2025-10-19 13:52:41.301,57.219,Calumet_LowWaterTemp_65,atomic,[Calumet_LowWaterTemp_65],[1.0000],1,1,1.0000,[[CalumetBeach201506242400_Water_Temperature]]
2025-10-19 13:52:41.301,57.219,Calumet_LowWaterTemp_75,atomic,[Calumet_LowWaterTemp_75],[1.0000],1,1,1.0000,[[CalumetBeach201506242400_Water_Temperature]]
2025-10-19 13:52:41.301,57.219,Calumet_LowWaterTemp_85,atomic,[Calumet_LowWaterTemp_85],[1.0000],1,1,1.0000,[[CalumetBeach201506242400_Water_Temperature]]
2025-10-19 13:52:41.301,57.219,Calumet_LowWaterTemp_95,atomic,[Calumet_LowWaterTemp_95],[1.0000],1,1,1.0000,[[CalumetBeach201506242400_Water_Temperature]]
2025-10-19 13:52:42.036,57.954,Calumet_LowWaterTemp_65,atomic,[Calumet_LowWaterTemp_65],[1.0000],1,1,1.0000,[[CalumetBeach201506241200_Water_Temperature]]
2025-10-19 13:52:42.036,57.954,Calumet_LowWaterTemp_75,atomic,[Calumet_LowWaterTemp_75],[1.0000],1,1,1.0000,[[CalumetBeach201506241200_Water_Temperature]]
2025-10-19 13:52:42.036,57.954,Calumet_LowWaterTemp_85,atomic,[Calumet_LowWaterTemp_85],[1.0000],1,1,1.0000,[[CalumetBeach201506241200_Water_Temperature]]
2025-10-19 13:52:42.036,57.954,Calumet_LowWaterTemp_95,atomic,[Calumet_LowWaterTemp_95],[1.0000],1,1,1.0000,[[CalumetBeach201506241200_Water_Temperature]]
2025-10-19 13:52:42.248,58.166,Calumet_LowWaterTemp_65,atomic,[Calumet_LowWaterTemp_65],[1.0000],1,1,1.0000,[[CalumetBeach201506241500_Water_Temperature]]
2025-10-19 13:52:42.248,58.166,Calumet_LowWaterTemp_75,atomic,[Calumet_LowWaterTemp_75],[1.0000],1,1,1.0000,[[CalumetBeach201506241500_Water_Temperature]]
2025-10-19 13:52:42.248,58.166,Calumet_LowWaterTemp_85,atomic,[Calumet_LowWaterTemp_85],[1.0000],1,1,1.0000,[[CalumetBeach201506241500_Water_Temperature]]
2025-10-19 13:52:42.248,58.166,Calumet_LowWaterTemp_95,atomic,[Calumet_LowWaterTemp_95],[1.0000],1,1,1.0000,[[CalumetBeach201506241500_Water_Temperature]]
2025-10-19 13:52:42.672,58.590,63rd_HighWavePeriod_65,atomic,[63rd_HighWavePeriod_65],[1.0000],1,1,1.0000,[[63rdStreetBeach201506242200_Wave_Period]]
2025-10-19 13:52:42.672,58.590,63rd_HighWavePeriod_75,atomic,[63rd_HighWavePeriod_75],[1.0000],1,1,1.0000,[[63rdStreetBeach201506242200_Wave_Period]]
2025-10-19 13:52:42.672,58.590,63rd_HighWavePeriod_85,atomic,[63rd_HighWavePeriod_85],[1.0000],1,1,1.0000,[[63rdStreetBeach201506242200_Wave_Period]]
2025-10-19 13:52:42.672,58.590,63rd_HighWavePeriod_95,atomic,[63rd_HighWavePeriod_95],[1.0000],1,1,1.0000,[[63rdStreetBeach201506242200_Wave_Period]]
2025-10-19 13:52:42.735,58.653,Calumet_LowWaterTemp_65,atomic,[Calumet_LowWaterTemp_65],[1.0000],1,1,1.0000,[[CalumetBeach201506242300_Water_Temperature]]
2025-10-19 13:52:42.736,58.654,Calumet_LowWaterTemp_75,atomic,[Calumet_LowWaterTemp_75],[1.0000],1,1,1.0000,[[CalumetBeach201506242300_Water_Temperature]]
2025-10-19 13:52:42.736,58.654,Calumet_LowWaterTemp_85,atomic,[Calumet_LowWaterTemp_85],[1.0000],1,1,1.0000,[[CalumetBeach201506242300_Water_Temperature]]
2025-10-19 13:52:42.736,58.654,Calumet_LowWaterTemp_95,atomic,[Calumet_LowWaterTemp_95],[1.0000],1,1,1.0000,[[CalumetBeach201506242300_Water_Temperature]]
2025-10-19 13:52:42.739,58.657,63rd_HighWavePeriod_65,atomic,[63rd_HighWavePeriod_65],[1.0000],1,1,1.0000,[[63rdStreetBeach201506242300_Wave_Period]]
2025-10-19 13:52:42.739,58.657,63rd_HighWavePeriod_75,atomic,[63rd_HighWavePeriod_75],[1.0000],1,1,1.0000,[[63rdStreetBeach201506242300_Wave_Period]]
2025-10-19 13:52:42.739,58.657,63rd_HighWavePeriod_85,atomic,[63rd_HighWavePeriod_85],[1.0000],1,1,1.0000,[[63rdStreetBeach201506242300_Wave_Period]]
2025-10-19 13:52:42.739,58.657,63rd_HighWavePeriod_95,atomic,[63rd_HighWavePeriod_95],[1.0000],1,1,1.0000,[[63rdStreetBeach201506242300_Wave_Period]]
2025-10-19 13:52:42.861,58.779,63rd_HighWavePeriod_65,atomic,[63rd_HighWavePeriod_65],[1.0000],1,1,1.0000,[[63rdStreetBeach201506250100_Wave_Period]]
2025-10-19 13:52:42.861,58.779,63rd_HighWavePeriod_75,atomic,[63rd_HighWavePeriod_75],[1.0000],1,1,1.0000,[[63rdStreetBeach201506250100_Wave_Period]]
2025-10-19 13:52:42.862,58.780,63rd_HighWavePeriod_85,atomic,[63rd_HighWavePeriod_85],[1.0000],1,1,1.0000,[[63rdStreetBeach201506250100_Wave_Period]]
2025-10-19 13:52:42.862,58.780,63rd_HighWavePeriod_95,atomic,[63rd_HighWavePeriod_95],[1.0000],1,1,1.0000,[[63rdStreetBeach201506250100_Wave_Period]]
2025-10-19 13:52:43.047,58.965,Calumet_LowWaterTemp_65,atomic,[Calumet_LowWaterTemp_65],[1.0000],1,1,1.0000,[[CalumetBeach201506250400_Water_Temperature]]
2025-10-19 13:52:43.047,58.965,Calumet_LowWaterTemp_75,atomic,[Calumet_LowWaterTemp_75],[1.0000],1,1,1.0000,[[CalumetBeach201506250400_Water_Temperature]]
2025-10-19 13:52:43.047,58.965,Calumet_LowWaterTemp_85,atomic,[Calumet_LowWaterTemp_85],[1.0000],1,1,1.0000,[[CalumetBeach201506250400_Water_Temperature]]
2025-10-19 13:52:43.048,58.966,Calumet_LowWaterTemp_95,atomic,[Calumet_LowWaterTemp_95],[1.0000],1,1,1.0000,[[CalumetBeach201506250400_Water_Temperature]]
2025-10-19 13:52:43.111,59.029,Calumet_LowWaterTemp_65,atomic,[Calumet_LowWaterTemp_65],[1.0000],1,1,1.0000,[[CalumetBeach201506250500_Water_Temperature]]
2025-10-19 13:52:43.112,59.030,Calumet_LowWaterTemp_75,atomic,[Calumet_LowWaterTemp_75],[1.0000],1,1,1.0000,[[CalumetBeach201506250500_Water_Temperature]]
2025-10-19 13:52:43.112,59.030,Calumet_LowWaterTemp_85,atomic,[Calumet_LowWaterTemp_85],[1.0000],1,1,1.0000,[[CalumetBeach201506250500_Water_Temperature]]
2025-10-19 13:52:43.112,59.030,Calumet_LowWaterTemp_95,atomic,[Calumet_LowWaterTemp_95],[1.0000],1,1,1.0000,[[CalumetBeach201506250500_Water_Temperature]]
2025-10-19 13:52:43.298,59.216,Calumet_LowWaterTemp_65,atomic,[Calumet_LowWaterTemp_65],[1.0000],1,1,1.0000,[[CalumetBeach201506250800_Water_Temperature]]
2025-10-19 13:52:43.298,59.216,Calumet_LowWaterTemp_75,atomic,[Calumet_LowWaterTemp_75],[1.0000],1,1,1.0000,[[CalumetBeach201506250800_Water_Temperature]]
2025-10-19 13:52:43.298,59.216,Calumet_LowWaterTemp_85,atomic,[Calumet_LowWaterTemp_85],[1.0000],1,1,1.0000,[[CalumetBeach201506250800_Water_Temperature]]
2025-10-19 13:52:43.298,59.216,Calumet_LowWaterTemp_95,atomic,[Calumet_LowWaterTemp_95],[1.0000],1,1,1.0000,[[CalumetBeach201506250800_Water_Temperature]]
2025-10-19 13:52:43.610,59.528,Calumet_LowWaterTemp_65,atomic,[Calumet_LowWaterTemp_65],[1.0000],1,1,1.0000,[[CalumetBeach201506251400_Water_Temperature]]
2025-10-19 13:52:43.610,59.528,Calumet_LowWaterTemp_75,atomic,[Calumet_LowWaterTemp_75],[1.0000],1,1,1.0000,[[CalumetBeach201506251400_Water_Temperature]]
2025-10-19 13:52:43.610,59.528,Calumet_LowWaterTemp_85,atomic,[Calumet_LowWaterTemp_85],[1.0000],1,1,1.0000,[[CalumetBeach201506251400_Water_Temperature]]
2025-10-19 13:52:43.610,59.528,Calumet_LowWaterTemp_95,atomic,[Calumet_LowWaterTemp_95],[1.0000],1,1,1.0000,[[CalumetBeach201506251400_Water_Temperature]]
2025-10-19 13:52:43.678,59.596,Calumet_LowWaterTemp_65,atomic,[Calumet_LowWaterTemp_65],[1.0000],1,1,1.0000,[[CalumetBeach201506251500_Water_Temperature]]
2025-10-19 13:52:43.678,59.596,Calumet_LowWaterTemp_75,atomic,[Calumet_LowWaterTemp_75],[1.0000],1,1,1.0000,[[CalumetBeach201506251500_Water_Temperature]]
2025-10-19 13:52:43.678,59.596,Calumet_LowWaterTemp_85,atomic,[Calumet_LowWaterTemp_85],[1.0000],1,1,1.0000,[[CalumetBeach201506251500_Water_Temperature]]
2025-10-19 13:52:43.678,59.596,Calumet_LowWaterTemp_95,atomic,[Calumet_LowWaterTemp_95],[1.0000],1,1,1.0000,[[CalumetBeach201506251500_Water_Temperature]]
2025-10-19 13:52:43.681,59.599,63rd_HighWavePeriod_65,atomic,[63rd_HighWavePeriod_65],[1.0000],1,1,1.0000,[[63rdStreetBeach201506251500_Wave_Period]]
2025-10-19 13:52:43.682,59.600,63rd_HighWavePeriod_75,atomic,[63rd_HighWavePeriod_75],[1.0000],1,1,1.0000,[[63rdStreetBeach201506251500_Wave_Period]]
2025-10-19 13:52:43.682,59.600,63rd_HighWavePeriod_85,atomic,[63rd_HighWavePeriod_85],[1.0000],1,1,1.0000,[[63rdStreetBeach201506251500_Wave_Period]]
2025-10-19 13:52:43.682,59.600,63rd_HighWavePeriod_95,atomic,[63rd_HighWavePeriod_95],[1.0000],1,1,1.0000,[[63rdStreetBeach201506251500_Wave_Period]]
2025-10-19 13:52:43.741,59.659,Calumet_LowWaterTemp_65,atomic,[Calumet_LowWaterTemp_65],[1.0000],1,1,1.0000,[[CalumetBeach201506251600_Water_Temperature]]
2025-10-19 13:52:43.742,59.660,Calumet_LowWaterTemp_75,atomic,[Calumet_LowWaterTemp_75],[1.0000],1,1,1.0000,[[CalumetBeach201506251600_Water_Temperature]]
2025-10-19 13:52:43.742,59.660,Calumet_LowWaterTemp_85,atomic,[Calumet_LowWaterTemp_85],[1.0000],1,1,1.0000,[[CalumetBeach201506251600_Water_Temperature]]
2025-10-19 13:52:43.742,59.660,Calumet_LowWaterTemp_95,atomic,[Calumet_LowWaterTemp_95],[1.0000],1,1,1.0000,[[CalumetBeach201506251600_Water_Temperature]]
2025-10-19 13:52:43.801,59.719,63rd_HighWavePeriod_65,atomic,[63rd_HighWavePeriod_65],[1.0000],1,1,1.0000,[[63rdStreetBeach201506251700_Wave_Period]]
2025-10-19 13:52:43.801,59.719,63rd_HighWavePeriod_75,atomic,[63rd_HighWavePeriod_75],[1.0000],1,1,1.0000,[[63rdStreetBeach201506251700_Wave_Period]]
2025-10-19 13:52:43.801,59.719,63rd_HighWavePeriod_85,atomic,[63rd_HighWavePeriod_85],[1.0000],1,1,1.0000,[[63rdStreetBeach201506251700_Wave_Period]]
2025-10-19 13:52:43.801,59.719,63rd_HighWavePeriod_95,atomic,[63rd_HighWavePeriod_95],[1.0000],1,1,1.0000,[[63rdStreetBeach201506251700_Wave_Period]]
2025-10-19 13:52:43.989,59.907,Calumet_LowWaterTemp_65,atomic,[Calumet_LowWaterTemp_65],[1.0000],1,1,1.0000,[[CalumetBeach201506252000_Water_Temperature]]
2025-10-19 13:52:43.989,59.907,Calumet_LowWaterTemp_75,atomic,[Calumet_LowWaterTemp_75],[1.0000],1,1,1.0000,[[CalumetBeach201506252000_Water_Temperature]]
2025-10-19 13:52:43.989,59.907,Calumet_LowWaterTemp_85,atomic,[Calumet_LowWaterTemp_85],[1.0000],1,1,1.0000,[[CalumetBeach201506252000_Water_Temperature]]
2025-10-19 13:52:43.989,59.907,Calumet_LowWaterTemp_95,atomic,[Calumet_LowWaterTemp_95],[1.0000],1,1,1.0000,[[CalumetBeach201506252000_Water_Temperature]]
2025-10-19 13:52:44.115,60.033,Calumet_LowWaterTemp_65,atomic,[Calumet_LowWaterTemp_65],[1.0000],1,1,1.0000,[[CalumetBeach201506252200_Water_Temperature]]
2025-10-19 13:52:44.115,60.033,Calumet_LowWaterTemp_75,atomic,[Calumet_LowWaterTemp_75],[1.0000],1,1,1.0000,[[CalumetBeach201506252200_Water_Temperature]]
2025-10-19 13:52:44.115,60.033,Calumet_LowWaterTemp_85,atomic,[Calumet_LowWaterTemp_85],[1.0000],1,1,1.0000,[[CalumetBeach201506252200_Water_Temperature]]
2025-10-19 13:52:44.115,60.033,Calumet_LowWaterTemp_95,atomic,[Calumet_LowWaterTemp_95],[1.0000],1,1,1.0000,[[CalumetBeach201506252200_Water_Temperature]]
2025-10-19 13:52:44.312,60.230,Calumet_LowWaterTemp_65,atomic,[Calumet_LowWaterTemp_65],[1.0000],1,1,1.0000,[[CalumetBeach201506260100_Water_Temperature]]
2025-10-19 13:52:44.312,60.230,Calumet_LowWaterTemp_75,atomic,[Calumet_LowWaterTemp_75],[1.0000],1,1,1.0000,[[CalumetBeach201506260100_Water_Temperature]]
2025-10-19 13:52:44.312,60.230,Calumet_LowWaterTemp_85,atomic,[Calumet_LowWaterTemp_85],[1.0000],1,1,1.0000,[[CalumetBeach201506260100_Water_Temperature]]
2025-10-19 13:52:44.312,60.230,Calumet_LowWaterTemp_95,atomic,[Calumet_LowWaterTemp_95],[1.0000],1,1,1.0000,[[CalumetBeach201506260100_Water_Temperature]]
2025-10-19 13:52:45.005,60.923,Calumet_LowWaterTemp_65,atomic,[Calumet_LowWaterTemp_65],[1.0000],1,1,1.0000,[[CalumetBeach201506261200_Water_Temperature]]
2025-10-19 13:52:45.014,60.932,Calumet_LowWaterTemp_75,atomic,[Calumet_LowWaterTemp_75],[1.0000],1,1,1.0000,[[CalumetBeach201506261200_Water_Temperature]]
2025-10-19 13:52:45.014,60.932,Calumet_LowWaterTemp_85,atomic,[Calumet_LowWaterTemp_85],[1.0000],1,1,1.0000,[[CalumetBeach201506261200_Water_Temperature]]
2025-10-19 13:52:45.014,60.932,Calumet_LowWaterTemp_95,atomic,[Calumet_LowWaterTemp_95],[1.0000],1,1,1.0000,[[CalumetBeach201506261200_Water_Temperature]]
2025-10-19 13:52:45.118,61.036,Calumet_LowWaterTemp_65,atomic,[Calumet_LowWaterTemp_65],[1.0000],1,1,1.0000,[[CalumetBeach201506261400_Water_Temperature]]
2025-10-19 13:52:45.118,61.036,Calumet_LowWaterTemp_75,atomic,[Calumet_LowWaterTemp_75],[1.0000],1,1,1.0000,[[CalumetBeach201506261400_Water_Temperature]]
2025-10-19 13:52:45.118,61.036,Calumet_LowWaterTemp_85,atomic,[Calumet_LowWaterTemp_85],[1.0000],1,1,1.0000,[[CalumetBeach201506261400_Water_Temperature]]
2025-10-19 13:52:45.118,61.036,Calumet_LowWaterTemp_95,atomic,[Calumet_LowWaterTemp_95],[1.0000],1,1,1.0000,[[CalumetBeach201506261400_Water_Temperature]]
2025-10-19 13:52:45.194,61.112,Montrose_HighWave_65,atomic,[Montrose_HighWave_65],[1.0000],1,1,1.0000,[[MontroseBeach201506261500_Wave_Height]]
2025-10-19 13:52:45.195,61.113,Montrose_HighWave_75,atomic,[Montrose_HighWave_75],[1.0000],1,1,1.0000,[[MontroseBeach201506261500_Wave_Height]]
2025-10-19 13:52:45.195,61.113,Montrose_HighWave_85,atomic,[Montrose_HighWave_85],[1.0000],1,1,1.0000,[[MontroseBeach201506261500_Wave_Height]]
2025-10-19 13:52:45.195,61.113,Montrose_HighWave_95,atomic,[Montrose_HighWave_95],[1.0000],1,1,1.0000,[[MontroseBeach201506261500_Wave_Height]]
2025-10-19 13:52:46.325,62.243,Montrose_HighWave_65,atomic,[Montrose_HighWave_65],[1.0000],1,1,1.0000,[[MontroseBeach201506270900_Wave_Height]]
2025-10-19 13:52:46.326,62.244,Montrose_HighWave_75,atomic,[Montrose_HighWave_75],[1.0000],1,1,1.0000,[[MontroseBeach201506270900_Wave_Height]]
2025-10-19 13:52:46.326,62.244,Montrose_HighWave_85,atomic,[Montrose_HighWave_85],[1.0000],1,1,1.0000,[[MontroseBeach201506270900_Wave_Height]]
2025-10-19 13:52:46.326,62.244,Montrose_HighWave_95,atomic,[Montrose_HighWave_95],[1.0000],1,1,1.0000,[[MontroseBeach201506270900_Wave_Height]]
2025-10-19 13:52:46.333,62.251,Calumet_LowWaterTemp_65,atomic,[Calumet_LowWaterTemp_65],[1.0000],1,1,1.0000,[[CalumetBeach201506270900_Water_Temperature]]
2025-10-19 13:52:46.333,62.251,Calumet_LowWaterTemp_75,atomic,[Calumet_LowWaterTemp_75],[1.0000],1,1,1.0000,[[CalumetBeach201506270900_Water_Temperature]]
2025-10-19 13:52:46.333,62.251,Calumet_LowWaterTemp_85,atomic,[Calumet_LowWaterTemp_85],[1.0000],1,1,1.0000,[[CalumetBeach201506270900_Water_Temperature]]
2025-10-19 13:52:46.333,62.251,Calumet_LowWaterTemp_95,atomic,[Calumet_LowWaterTemp_95],[1.0000],1,1,1.0000,[[CalumetBeach201506270900_Water_Temperature]]
2025-10-19 13:52:46.393,62.311,Calumet_LowWaterTemp_65,atomic,[Calumet_LowWaterTemp_65],[1.0000],1,1,1.0000,[[CalumetBeach201506271000_Water_Temperature]]
2025-10-19 13:52:46.393,62.311,Calumet_LowWaterTemp_75,atomic,[Calumet_LowWaterTemp_75],[1.0000],1,1,1.0000,[[CalumetBeach201506271000_Water_Temperature]]
2025-10-19 13:52:46.393,62.311,Calumet_LowWaterTemp_85,atomic,[Calumet_LowWaterTemp_85],[1.0000],1,1,1.0000,[[CalumetBeach201506271000_Water_Temperature]]
2025-10-19 13:52:46.393,62.311,Calumet_LowWaterTemp_95,atomic,[Calumet_LowWaterTemp_95],[1.0000],1,1,1.0000,[[CalumetBeach201506271000_Water_Temperature]]
2025-10-19 13:52:46.457,62.375,Calumet_LowWaterTemp_65,atomic,[Calumet_LowWaterTemp_65],[1.0000],1,1,1.0000,[[CalumetBeach201506271100_Water_Temperature]]
2025-10-19 13:52:46.457,62.375,Calumet_LowWaterTemp_75,atomic,[Calumet_LowWaterTemp_75],[1.0000],1,1,1.0000,[[CalumetBeach201506271100_Water_Temperature]]
2025-10-19 13:52:46.457,62.375,Calumet_LowWaterTemp_85,atomic,[Calumet_LowWaterTemp_85],[1.0000],1,1,1.0000,[[CalumetBeach201506271100_Water_Temperature]]
2025-10-19 13:52:46.457,62.375,Calumet_LowWaterTemp_95,atomic,[Calumet_LowWaterTemp_95],[1.0000],1,1,1.0000,[[CalumetBeach201506271100_Water_Temperature]]
2025-10-19 13:52:46.506,62.424,Montrose_HighWave_65,atomic,[Montrose_HighWave_65],[1.0000],1,1,1.0000,[[MontroseBeach201506271200_Wave_Height]]
2025-10-19 13:52:46.506,62.424,Montrose_HighWave_75,atomic,[Montrose_HighWave_75],[1.0000],1,1,1.0000,[[MontroseBeach201506271200_Wave_Height]]
2025-10-19 13:52:46.506,62.424,Montrose_HighWave_85,atomic,[Montrose_HighWave_85],[1.0000],1,1,1.0000,[[MontroseBeach201506271200_Wave_Height]]
2025-10-19 13:52:46.506,62.424,Montrose_HighWave_95,atomic,[Montrose_HighWave_95],[1.0000],1,1,1.0000,[[MontroseBeach201506271200_Wave_Height]]
2025-10-19 13:52:46.508,62.426,Calumet_LowWaterTemp_65,atomic,[Calumet_LowWaterTemp_65],[1.0000],1,1,1.0000,[[CalumetBeach201506271200_Water_Temperature]]
2025-10-19 13:52:46.508,62.426,Calumet_LowWaterTemp_75,atomic,[Calumet_LowWaterTemp_75],[1.0000],1,1,1.0000,[[CalumetBeach201506271200_Water_Temperature]]
2025-10-19 13:52:46.508,62.426,Calumet_LowWaterTemp_85,atomic,[Calumet_LowWaterTemp_85],[1.0000],1,1,1.0000,[[CalumetBeach201506271200_Water_Temperature]]
2025-10-19 13:52:46.508,62.426,Calumet_LowWaterTemp_95,atomic,[Calumet_LowWaterTemp_95],[1.0000],1,1,1.0000,[[CalumetBeach201506271200_Water_Temperature]]
2025-10-19 13:52:46.636,62.554,Montrose_HighWave_65,atomic,[Montrose_HighWave_65],[1.0000],1,1,1.0000,[[MontroseBeach201506271400_Wave_Height]]
2025-10-19 13:52:46.636,62.554,Montrose_HighWave_75,atomic,[Montrose_HighWave_75],[1.0000],1,1,1.0000,[[MontroseBeach201506271400_Wave_Height]]
2025-10-19 13:52:46.637,62.555,Montrose_HighWave_85,atomic,[Montrose_HighWave_85],[1.0000],1,1,1.0000,[[MontroseBeach201506271400_Wave_Height]]
2025-10-19 13:52:46.637,62.555,Montrose_HighWave_95,atomic,[Montrose_HighWave_95],[1.0000],1,1,1.0000,[[MontroseBeach201506271400_Wave_Height]]
2025-10-19 13:52:46.756,62.674,Montrose_HighWave_65,atomic,[Montrose_HighWave_65],[1.0000],1,1,1.0000,[[MontroseBeach201506271600_Wave_Height]]
2025-10-19 13:52:46.757,62.675,Montrose_HighWave_75,atomic,[Montrose_HighWave_75],[1.0000],1,1,1.0000,[[MontroseBeach201506271600_Wave_Height]]
2025-10-19 13:52:46.757,62.675,Montrose_HighWave_85,atomic,[Montrose_HighWave_85],[1.0000],1,1,1.0000,[[MontroseBeach201506271600_Wave_Height]]
2025-10-19 13:52:46.757,62.675,Montrose_HighWave_95,atomic,[Montrose_HighWave_95],[1.0000],1,1,1.0000,[[MontroseBeach201506271600_Wave_Height]]
2025-10-19 13:52:46.816,62.734,Montrose_HighWave_65,atomic,[Montrose_HighWave_65],[1.0000],1,1,1.0000,[[MontroseBeach201506271700_Wave_Height]]
2025-10-19 13:52:46.816,62.734,Montrose_HighWave_75,atomic,[Montrose_HighWave_75],[1.0000],1,1,1.0000,[[MontroseBeach201506271700_Wave_Height]]
2025-10-19 13:52:46.816,62.734,Montrose_HighWave_85,atomic,[Montrose_HighWave_85],[1.0000],1,1,1.0000,[[MontroseBeach201506271700_Wave_Height]]
2025-10-19 13:52:46.816,62.734,Montrose_HighWave_95,atomic,[Montrose_HighWave_95],[1.0000],1,1,1.0000,[[MontroseBeach201506271700_Wave_Height]]
2025-10-19 13:52:47.067,62.985,Calumet_LowWaterTemp_65,atomic,[Calumet_LowWaterTemp_65],[1.0000],1,1,1.0000,[[CalumetBeach201506272100_Water_Temperature]]
2025-10-19 13:52:47.067,62.985,Calumet_LowWaterTemp_75,atomic,[Calumet_LowWaterTemp_75],[1.0000],1,1,1.0000,[[CalumetBeach201506272100_Water_Temperature]]
2025-10-19 13:52:47.067,62.985,Calumet_LowWaterTemp_85,atomic,[Calumet_LowWaterTemp_85],[1.0000],1,1,1.0000,[[CalumetBeach201506272100_Water_Temperature]]
2025-10-19 13:52:47.067,62.985,Calumet_LowWaterTemp_95,atomic,[Calumet_LowWaterTemp_95],[1.0000],1,1,1.0000,[[CalumetBeach201506272100_Water_Temperature]]
2025-10-19 13:52:47.688,63.606,Calumet_LowWaterTemp_65,atomic,[Calumet_LowWaterTemp_65],[1.0000],1,1,1.0000,[[CalumetBeach201506280800_Water_Temperature]]
2025-10-19 13:52:47.689,63.607,Calumet_LowWaterTemp_75,atomic,[Calumet_LowWaterTemp_75],[1.0000],1,1,1.0000,[[CalumetBeach201506280800_Water_Temperature]]
2025-10-19 13:52:47.689,63.607,Calumet_LowWaterTemp_85,atomic,[Calumet_LowWaterTemp_85],[1.0000],1,1,1.0000,[[CalumetBeach201506280800_Water_Temperature]]
2025-10-19 13:52:47.689,63.607,Calumet_LowWaterTemp_95,atomic,[Calumet_LowWaterTemp_95],[1.0000],1,1,1.0000,[[CalumetBeach201506280800_Water_Temperature]]
2025-10-19 13:52:47.942,63.860,Calumet_LowWaterTemp_65,atomic,[Calumet_LowWaterTemp_65],[1.0000],1,1,1.0000,[[CalumetBeach201506281200_Water_Temperature]]
2025-10-19 13:52:47.942,63.860,Calumet_LowWaterTemp_75,atomic,[Calumet_LowWaterTemp_75],[1.0000],1,1,1.0000,[[CalumetBeach201506281200_Water_Temperature]]
2025-10-19 13:52:47.942,63.860,Calumet_LowWaterTemp_85,atomic,[Calumet_LowWaterTemp_85],[1.0000],1,1,1.0000,[[CalumetBeach201506281200_Water_Temperature]]
2025-10-19 13:52:47.942,63.860,Calumet_LowWaterTemp_95,atomic,[Calumet_LowWaterTemp_95],[1.0000],1,1,1.0000,[[CalumetBeach201506281200_Water_Temperature]]
2025-10-19 13:52:48.014,63.932,Calumet_LowWaterTemp_65,atomic,[Calumet_LowWaterTemp_65],[1.0000],1,1,1.0000,[[CalumetBeach201506281300_Water_Temperature]]
2025-10-19 13:52:48.014,63.932,Calumet_LowWaterTemp_75,atomic,[Calumet_LowWaterTemp_75],[1.0000],1,1,1.0000,[[CalumetBeach201506281300_Water_Temperature]]
2025-10-19 13:52:48.014,63.932,Calumet_LowWaterTemp_85,atomic,[Calumet_LowWaterTemp_85],[1.0000],1,1,1.0000,[[CalumetBeach201506281300_Water_Temperature]]
2025-10-19 13:52:48.014,63.932,Calumet_LowWaterTemp_95,atomic,[Calumet_LowWaterTemp_95],[1.0000],1,1,1.0000,[[CalumetBeach201506281300_Water_Temperature]]
2025-10-19 13:52:48.201,64.119,Calumet_LowWaterTemp_65,atomic,[Calumet_LowWaterTemp_65],[1.0000],1,1,1.0000,[[CalumetBeach201506281600_Water_Temperature]]
2025-10-19 13:52:48.201,64.119,Calumet_LowWaterTemp_75,atomic,[Calumet_LowWaterTemp_75],[1.0000],1,1,1.0000,[[CalumetBeach201506281600_Water_Temperature]]
2025-10-19 13:52:48.201,64.119,Calumet_LowWaterTemp_85,atomic,[Calumet_LowWaterTemp_85],[1.0000],1,1,1.0000,[[CalumetBeach201506281600_Water_Temperature]]
2025-10-19 13:52:48.201,64.119,Calumet_LowWaterTemp_95,atomic,[Calumet_LowWaterTemp_95],[1.0000],1,1,1.0000,[[CalumetBeach201506281600_Water_Temperature]]
2025-10-19 13:52:48.253,64.171,Calumet_LowWaterTemp_65,atomic,[Calumet_LowWaterTemp_65],[1.0000],1,1,1.0000,[[CalumetBeach201506281700_Water_Temperature]]
2025-10-19 13:52:48.253,64.171,Calumet_LowWaterTemp_75,atomic,[Calumet_LowWaterTemp_75],[1.0000],1,1,1.0000,[[CalumetBeach201506281700_Water_Temperature]]
2025-10-19 13:52:48.254,64.172,Calumet_LowWaterTemp_85,atomic,[Calumet_LowWaterTemp_85],[1.0000],1,1,1.0000,[[CalumetBeach201506281700_Water_Temperature]]
2025-10-19 13:52:48.254,64.172,Calumet_LowWaterTemp_95,atomic,[Calumet_LowWaterTemp_95],[1.0000],1,1,1.0000,[[CalumetBeach201506281700_Water_Temperature]]
2025-10-19 13:52:48.315,64.233,Calumet_LowWaterTemp_65,atomic,[Calumet_LowWaterTemp_65],[1.0000],1,1,1.0000,[[CalumetBeach201506281800_Water_Temperature]]
2025-10-19 13:52:48.315,64.233,Calumet_LowWaterTemp_75,atomic,[Calumet_LowWaterTemp_75],[1.0000],1,1,1.0000,[[CalumetBeach201506281800_Water_Temperature]]
2025-10-19 13:52:48.315,64.233,Calumet_LowWaterTemp_85,atomic,[Calumet_LowWaterTemp_85],[1.0000],1,1,1.0000,[[CalumetBeach201506281800_Water_Temperature]]
2025-10-19 13:52:48.315,64.233,Calumet_LowWaterTemp_95,atomic,[Calumet_LowWaterTemp_95],[1.0000],1,1,1.0000,[[CalumetBeach201506281800_Water_Temperature]]
2025-10-19 13:52:48.823,64.741,Calumet_LowWaterTemp_65,atomic,[Calumet_LowWaterTemp_65],[1.0000],1,1,1.0000,[[CalumetBeach201506290200_Water_Temperature]]
2025-10-19 13:52:48.823,64.741,Calumet_LowWaterTemp_75,atomic,[Calumet_LowWaterTemp_75],[1.0000],1,1,1.0000,[[CalumetBeach201506290200_Water_Temperature]]
2025-10-19 13:52:48.823,64.741,Calumet_LowWaterTemp_85,atomic,[Calumet_LowWaterTemp_85],[1.0000],1,1,1.0000,[[CalumetBeach201506290200_Water_Temperature]]
2025-10-19 13:52:48.823,64.741,Calumet_LowWaterTemp_95,atomic,[Calumet_LowWaterTemp_95],[1.0000],1,1,1.0000,[[CalumetBeach201506290200_Water_Temperature]]
2025-10-19 13:52:48.891,64.809,63rd_HighWavePeriod_65,atomic,[63rd_HighWavePeriod_65],[1.0000],1,1,1.0000,[[63rdStreetBeach201506290300_Wave_Period]]
2025-10-19 13:52:48.891,64.809,63rd_HighWavePeriod_75,atomic,[63rd_HighWavePeriod_75],[1.0000],1,1,1.0000,[[63rdStreetBeach201506290300_Wave_Period]]
2025-10-19 13:52:48.891,64.809,63rd_HighWavePeriod_85,atomic,[63rd_HighWavePeriod_85],[1.0000],1,1,1.0000,[[63rdStreetBeach201506290300_Wave_Period]]
2025-10-19 13:52:48.891,64.809,63rd_HighWavePeriod_95,atomic,[63rd_HighWavePeriod_95],[1.0000],1,1,1.0000,[[63rdStreetBeach201506290300_Wave_Period]]
2025-10-19 13:52:49.136,65.054,Calumet_LowWaterTemp_65,atomic,[Calumet_LowWaterTemp_65],[1.0000],1,1,1.0000,[[CalumetBeach201506290700_Water_Temperature]]
2025-10-19 13:52:49.136,65.054,Calumet_LowWaterTemp_75,atomic,[Calumet_LowWaterTemp_75],[1.0000],1,1,1.0000,[[CalumetBeach201506290700_Water_Temperature]]
2025-10-19 13:52:49.136,65.054,Calumet_LowWaterTemp_85,atomic,[Calumet_LowWaterTemp_85],[1.0000],1,1,1.0000,[[CalumetBeach201506290700_Water_Temperature]]
2025-10-19 13:52:49.136,65.054,Calumet_LowWaterTemp_95,atomic,[Calumet_LowWaterTemp_95],[1.0000],1,1,1.0000,[[CalumetBeach201506290700_Water_Temperature]]
2025-10-19 13:52:49.213,65.131,Calumet_LowWaterTemp_65,atomic,[Calumet_LowWaterTemp_65],[1.0000],1,1,1.0000,[[CalumetBeach201506290800_Water_Temperature]]
2025-10-19 13:52:49.214,65.132,Calumet_LowWaterTemp_75,atomic,[Calumet_LowWaterTemp_75],[1.0000],1,1,1.0000,[[CalumetBeach201506290800_Water_Temperature]]
2025-10-19 13:52:49.214,65.132,Calumet_LowWaterTemp_85,atomic,[Calumet_LowWaterTemp_85],[1.0000],1,1,1.0000,[[CalumetBeach201506290800_Water_Temperature]]
2025-10-19 13:52:49.214,65.132,Calumet_LowWaterTemp_95,atomic,[Calumet_LowWaterTemp_95],[1.0000],1,1,1.0000,[[CalumetBeach201506290800_Water_Temperature]]
2025-10-19 13:52:49.384,65.302,Calumet_LowWaterTemp_65,atomic,[Calumet_LowWaterTemp_65],[1.0000],1,1,1.0000,[[CalumetBeach201506291100_Water_Temperature]]
2025-10-19 13:52:49.384,65.302,Calumet_LowWaterTemp_75,atomic,[Calumet_LowWaterTemp_75],[1.0000],1,1,1.0000,[[CalumetBeach201506291100_Water_Temperature]]
2025-10-19 13:52:49.384,65.302,Calumet_LowWaterTemp_85,atomic,[Calumet_LowWaterTemp_85],[1.0000],1,1,1.0000,[[CalumetBeach201506291100_Water_Temperature]]
2025-10-19 13:52:49.384,65.302,Calumet_LowWaterTemp_95,atomic,[Calumet_LowWaterTemp_95],[1.0000],1,1,1.0000,[[CalumetBeach201506291100_Water_Temperature]]
2025-10-19 13:52:49.464,65.382,Calumet_LowWaterTemp_65,atomic,[Calumet_LowWaterTemp_65],[1.0000],1,1,1.0000,[[CalumetBeach201506291200_Water_Temperature]]
2025-10-19 13:52:49.464,65.382,Calumet_LowWaterTemp_75,atomic,[Calumet_LowWaterTemp_75],[1.0000],1,1,1.0000,[[CalumetBeach201506291200_Water_Temperature]]
2025-10-19 13:52:49.465,65.383,Calumet_LowWaterTemp_85,atomic,[Calumet_LowWaterTemp_85],[1.0000],1,1,1.0000,[[CalumetBeach201506291200_Water_Temperature]]
2025-10-19 13:52:49.465,65.383,Calumet_LowWaterTemp_95,atomic,[Calumet_LowWaterTemp_95],[1.0000],1,1,1.0000,[[CalumetBeach201506291200_Water_Temperature]]
2025-10-19 13:52:50.251,66.169,63rd_HighWavePeriod_65,atomic,[63rd_HighWavePeriod_65],[1.0000],1,1,1.0000,[[63rdStreetBeach201506300100_Wave_Period]]
2025-10-19 13:52:50.252,66.170,63rd_HighWavePeriod_75,atomic,[63rd_HighWavePeriod_75],[1.0000],1,1,1.0000,[[63rdStreetBeach201506300100_Wave_Period]]
2025-10-19 13:52:50.252,66.170,63rd_HighWavePeriod_85,atomic,[63rd_HighWavePeriod_85],[1.0000],1,1,1.0000,[[63rdStreetBeach201506300100_Wave_Period]]
2025-10-19 13:52:50.252,66.170,63rd_HighWavePeriod_95,atomic,[63rd_HighWavePeriod_95],[1.0000],1,1,1.0000,[[63rdStreetBeach201506300100_Wave_Period]]
2025-10-19 13:52:50.437,66.355,63rd_HighWavePeriod_65,atomic,[63rd_HighWavePeriod_65],[1.0000],1,1,1.0000,[[63rdStreetBeach201506300400_Wave_Period]]
2025-10-19 13:52:50.437,66.355,63rd_HighWavePeriod_75,atomic,[63rd_HighWavePeriod_75],[1.0000],1,1,1.0000,[[63rdStreetBeach201506300400_Wave_Period]]
2025-10-19 13:52:50.437,66.355,63rd_HighWavePeriod_85,atomic,[63rd_HighWavePeriod_85],[1.0000],1,1,1.0000,[[63rdStreetBeach201506300400_Wave_Period]]
2025-10-19 13:52:50.437,66.355,63rd_HighWavePeriod_95,atomic,[63rd_HighWavePeriod_95],[1.0000],1,1,1.0000,[[63rdStreetBeach201506300400_Wave_Period]]
2025-10-19 13:52:51.878,67.796,Montrose_HighWave_65,atomic,[Montrose_HighWave_65],[1.0000],1,1,1.0000,[[MontroseBeach201507010300_Wave_Height]]
2025-10-19 13:52:51.879,67.797,Montrose_HighWave_75,atomic,[Montrose_HighWave_75],[1.0000],1,1,1.0000,[[MontroseBeach201507010300_Wave_Height]]
2025-10-19 13:52:51.879,67.797,Montrose_HighWave_85,atomic,[Montrose_HighWave_85],[1.0000],1,1,1.0000,[[MontroseBeach201507010300_Wave_Height]]
2025-10-19 13:52:51.879,67.797,Montrose_HighWave_95,atomic,[Montrose_HighWave_95],[1.0000],1,1,1.0000,[[MontroseBeach201507010300_Wave_Height]]
2025-10-19 13:52:51.928,67.846,63rd_HighWavePeriod_65,atomic,[63rd_HighWavePeriod_65],[1.0000],1,1,1.0000,[[63rdStreetBeach201507010400_Wave_Period]]
2025-10-19 13:52:51.928,67.846,63rd_HighWavePeriod_75,atomic,[63rd_HighWavePeriod_75],[1.0000],1,1,1.0000,[[63rdStreetBeach201507010400_Wave_Period]]
2025-10-19 13:52:51.928,67.846,63rd_HighWavePeriod_85,atomic,[63rd_HighWavePeriod_85],[1.0000],1,1,1.0000,[[63rdStreetBeach201507010400_Wave_Period]]
2025-10-19 13:52:51.928,67.846,63rd_HighWavePeriod_95,atomic,[63rd_HighWavePeriod_95],[1.0000],1,1,1.0000,[[63rdStreetBeach201507010400_Wave_Period]]
2025-10-19 13:52:52.189,68.107,63rd_HighWavePeriod_65,atomic,[63rd_HighWavePeriod_65],[1.0000],1,1,1.0000,[[63rdStreetBeach201507010800_Wave_Period]]
2025-10-19 13:52:52.189,68.107,63rd_HighWavePeriod_75,atomic,[63rd_HighWavePeriod_75],[1.0000],1,1,1.0000,[[63rdStreetBeach201507010800_Wave_Period]]
2025-10-19 13:52:52.189,68.107,63rd_HighWavePeriod_85,atomic,[63rd_HighWavePeriod_85],[1.0000],1,1,1.0000,[[63rdStreetBeach201507010800_Wave_Period]]
2025-10-19 13:52:52.189,68.107,63rd_HighWavePeriod_95,atomic,[63rd_HighWavePeriod_95],[1.0000],1,1,1.0000,[[63rdStreetBeach201507010800_Wave_Period]]
2025-10-19 13:52:52.252,68.170,Montrose_HighWave_65,atomic,[Montrose_HighWave_65],[1.0000],1,1,1.0000,[[MontroseBeach201507010900_Wave_Height]]
2025-10-19 13:52:52.252,68.170,Montrose_HighWave_75,atomic,[Montrose_HighWave_75],[1.0000],1,1,1.0000,[[MontroseBeach201507010900_Wave_Height]]
2025-10-19 13:52:52.252,68.170,Montrose_HighWave_85,atomic,[Montrose_HighWave_85],[1.0000],1,1,1.0000,[[MontroseBeach201507010900_Wave_Height]]
2025-10-19 13:52:52.252,68.170,Montrose_HighWave_95,atomic,[Montrose_HighWave_95],[1.0000],1,1,1.0000,[[MontroseBeach201507010900_Wave_Height]]
2025-10-19 13:52:52.393,68.311,Montrose_HighWave_65,atomic,[Montrose_HighWave_65],[1.0000],1,1,1.0000,[[MontroseBeach201507011100_Wave_Height]]
2025-10-19 13:52:52.394,68.312,Montrose_HighWave_75,atomic,[Montrose_HighWave_75],[1.0000],1,1,1.0000,[[MontroseBeach201507011100_Wave_Height]]
2025-10-19 13:52:52.394,68.312,Montrose_HighWave_85,atomic,[Montrose_HighWave_85],[1.0000],1,1,1.0000,[[MontroseBeach201507011100_Wave_Height]]
2025-10-19 13:52:52.394,68.312,Montrose_HighWave_95,atomic,[Montrose_HighWave_95],[1.0000],1,1,1.0000,[[MontroseBeach201507011100_Wave_Height]]
2025-10-19 13:52:52.395,68.313,63rd_HighWavePeriod_65,atomic,[63rd_HighWavePeriod_65],[1.0000],1,1,1.0000,[[63rdStreetBeach201507011100_Wave_Period]]
2025-10-19 13:52:52.395,68.313,63rd_HighWavePeriod_75,atomic,[63rd_HighWavePeriod_75],[1.0000],1,1,1.0000,[[63rdStreetBeach201507011100_Wave_Period]]
2025-10-19 13:52:52.395,68.313,63rd_HighWavePeriod_85,atomic,[63rd_HighWavePeriod_85],[1.0000],1,1,1.0000,[[63rdStreetBeach201507011100_Wave_Period]]
2025-10-19 13:52:52.395,68.313,63rd_HighWavePeriod_95,atomic,[63rd_HighWavePeriod_95],[1.0000],1,1,1.0000,[[63rdStreetBeach201507011100_Wave_Period]]
2025-10-19 13:52:52.488,68.406,Calumet_LowWaterTemp_65,atomic,[Calumet_LowWaterTemp_65],[1.0000],1,1,1.0000,[[CalumetBeach201507011300_Water_Temperature]]
2025-10-19 13:52:52.488,68.406,Calumet_LowWaterTemp_75,atomic,[Calumet_LowWaterTemp_75],[1.0000],1,1,1.0000,[[CalumetBeach201507011300_Water_Temperature]]
2025-10-19 13:52:52.488,68.406,Calumet_LowWaterTemp_85,atomic,[Calumet_LowWaterTemp_85],[1.0000],1,1,1.0000,[[CalumetBeach201507011300_Water_Temperature]]
2025-10-19 13:52:52.488,68.406,Calumet_LowWaterTemp_95,atomic,[Calumet_LowWaterTemp_95],[1.0000],1,1,1.0000,[[CalumetBeach201507011300_Water_Temperature]]
2025-10-19 13:52:52.489,68.407,Montrose_HighWave_65,atomic,[Montrose_HighWave_65],[1.0000],1,1,1.0000,[[MontroseBeach201507011300_Wave_Height]]
2025-10-19 13:52:52.489,68.407,Montrose_HighWave_75,atomic,[Montrose_HighWave_75],[1.0000],1,1,1.0000,[[MontroseBeach201507011300_Wave_Height]]
2025-10-19 13:52:52.489,68.407,Montrose_HighWave_85,atomic,[Montrose_HighWave_85],[1.0000],1,1,1.0000,[[MontroseBeach201507011300_Wave_Height]]
2025-10-19 13:52:52.490,68.408,Montrose_HighWave_95,atomic,[Montrose_HighWave_95],[1.0000],1,1,1.0000,[[MontroseBeach201507011300_Wave_Height]]
2025-10-19 13:52:52.550,68.468,63rd_HighWavePeriod_65,atomic,[63rd_HighWavePeriod_65],[1.0000],1,1,1.0000,[[63rdStreetBeach201507011400_Wave_Period]]
2025-10-19 13:52:52.550,68.468,63rd_HighWavePeriod_75,atomic,[63rd_HighWavePeriod_75],[1.0000],1,1,1.0000,[[63rdStreetBeach201507011400_Wave_Period]]
2025-10-19 13:52:52.550,68.468,63rd_HighWavePeriod_85,atomic,[63rd_HighWavePeriod_85],[1.0000],1,1,1.0000,[[63rdStreetBeach201507011400_Wave_Period]]
2025-10-19 13:52:52.550,68.468,63rd_HighWavePeriod_95,atomic,[63rd_HighWavePeriod_95],[1.0000],1,1,1.0000,[[63rdStreetBeach201507011400_Wave_Period]]
2025-10-19 13:52:52.612,68.530,63rd_HighWavePeriod_65,atomic,[63rd_HighWavePeriod_65],[1.0000],1,1,1.0000,[[63rdStreetBeach201507011500_Wave_Period]]
2025-10-19 13:52:52.612,68.530,63rd_HighWavePeriod_75,atomic,[63rd_HighWavePeriod_75],[1.0000],1,1,1.0000,[[63rdStreetBeach201507011500_Wave_Period]]
2025-10-19 13:52:52.612,68.530,63rd_HighWavePeriod_85,atomic,[63rd_HighWavePeriod_85],[1.0000],1,1,1.0000,[[63rdStreetBeach201507011500_Wave_Period]]
2025-10-19 13:52:52.612,68.530,63rd_HighWavePeriod_95,atomic,[63rd_HighWavePeriod_95],[1.0000],1,1,1.0000,[[63rdStreetBeach201507011500_Wave_Period]]
2025-10-19 13:52:52.861,68.779,Montrose_HighWave_65,atomic,[Montrose_HighWave_65],[1.0000],1,1,1.0000,[[MontroseBeach201507011900_Wave_Height]]
2025-10-19 13:52:52.861,68.779,Montrose_HighWave_75,atomic,[Montrose_HighWave_75],[1.0000],1,1,1.0000,[[MontroseBeach201507011900_Wave_Height]]
2025-10-19 13:52:52.861,68.779,Montrose_HighWave_85,atomic,[Montrose_HighWave_85],[1.0000],1,1,1.0000,[[MontroseBeach201507011900_Wave_Height]]
2025-10-19 13:52:52.861,68.779,Montrose_HighWave_95,atomic,[Montrose_HighWave_95],[1.0000],1,1,1.0000,[[MontroseBeach201507011900_Wave_Height]]
2025-10-19 13:52:52.986,68.904,Calumet_LowWaterTemp_65,atomic,[Calumet_LowWaterTemp_65],[1.0000],1,1,1.0000,[[CalumetBeach201507021400_Water_Temperature]]
2025-10-19 13:52:52.986,68.904,Calumet_LowWaterTemp_75,atomic,[Calumet_LowWaterTemp_75],[1.0000],1,1,1.0000,[[CalumetBeach201507021400_Water_Temperature]]
2025-10-19 13:52:52.986,68.904,Calumet_LowWaterTemp_85,atomic,[Calumet_LowWaterTemp_85],[1.0000],1,1,1.0000,[[CalumetBeach201507021400_Water_Temperature]]
2025-10-19 13:52:52.986,68.904,Calumet_LowWaterTemp_95,atomic,[Calumet_LowWaterTemp_95],[1.0000],1,1,1.0000,[[CalumetBeach201507021400_Water_Temperature]]
2025-10-19 13:52:53.062,68.980,Calumet_LowWaterTemp_65,atomic,[Calumet_LowWaterTemp_65],[1.0000],1,1,1.0000,[[CalumetBeach201507021500_Water_Temperature]]
2025-10-19 13:52:53.063,68.981,Calumet_LowWaterTemp_75,atomic,[Calumet_LowWaterTemp_75],[1.0000],1,1,1.0000,[[CalumetBeach201507021500_Water_Temperature]]
2025-10-19 13:52:53.063,68.981,Calumet_LowWaterTemp_85,atomic,[Calumet_LowWaterTemp_85],[1.0000],1,1,1.0000,[[CalumetBeach201507021500_Water_Temperature]]
2025-10-19 13:52:53.063,68.981,Calumet_LowWaterTemp_95,atomic,[Calumet_LowWaterTemp_95],[1.0000],1,1,1.0000,[[CalumetBeach201507021500_Water_Temperature]]
2025-10-19 13:52:53.127,69.045,Montrose_HighWave_65,atomic,[Montrose_HighWave_65],[1.0000],1,1,1.0000,[[MontroseBeach201507021600_Wave_Height]]
2025-10-19 13:52:53.127,69.045,Montrose_HighWave_75,atomic,[Montrose_HighWave_75],[1.0000],1,1,1.0000,[[MontroseBeach201507021600_Wave_Height]]
2025-10-19 13:52:53.128,69.046,Montrose_HighWave_85,atomic,[Montrose_HighWave_85],[1.0000],1,1,1.0000,[[MontroseBeach201507021600_Wave_Height]]
2025-10-19 13:52:53.128,69.046,Montrose_HighWave_95,atomic,[Montrose_HighWave_95],[1.0000],1,1,1.0000,[[MontroseBeach201507021600_Wave_Height]]
2025-10-19 13:52:53.181,69.099,Montrose_HighWave_65,atomic,[Montrose_HighWave_65],[1.0000],1,1,1.0000,[[MontroseBeach201507021700_Wave_Height]]
2025-10-19 13:52:53.181,69.099,Montrose_HighWave_75,atomic,[Montrose_HighWave_75],[1.0000],1,1,1.0000,[[MontroseBeach201507021700_Wave_Height]]
2025-10-19 13:52:53.181,69.099,Montrose_HighWave_85,atomic,[Montrose_HighWave_85],[1.0000],1,1,1.0000,[[MontroseBeach201507021700_Wave_Height]]
2025-10-19 13:52:53.181,69.099,Montrose_HighWave_95,atomic,[Montrose_HighWave_95],[1.0000],1,1,1.0000,[[MontroseBeach201507021700_Wave_Height]]
2025-10-19 13:52:53.366,69.284,Calumet_LowWaterTemp_65,atomic,[Calumet_LowWaterTemp_65],[1.0000],1,1,1.0000,[[CalumetBeach201507022000_Water_Temperature]]
2025-10-19 13:52:53.366,69.284,Calumet_LowWaterTemp_75,atomic,[Calumet_LowWaterTemp_75],[1.0000],1,1,1.0000,[[CalumetBeach201507022000_Water_Temperature]]
2025-10-19 13:52:53.366,69.284,Calumet_LowWaterTemp_85,atomic,[Calumet_LowWaterTemp_85],[1.0000],1,1,1.0000,[[CalumetBeach201507022000_Water_Temperature]]
2025-10-19 13:52:53.366,69.284,Calumet_LowWaterTemp_95,atomic,[Calumet_LowWaterTemp_95],[1.0000],1,1,1.0000,[[CalumetBeach201507022000_Water_Temperature]]
2025-10-19 13:52:53.555,69.473,Montrose_HighWave_65,atomic,[Montrose_HighWave_65],[1.0000],1,1,1.0000,[[MontroseBeach201507022300_Wave_Height]]
2025-10-19 13:52:53.556,69.474,Montrose_HighWave_75,atomic,[Montrose_HighWave_75],[1.0000],1,1,1.0000,[[MontroseBeach201507022300_Wave_Height]]
2025-10-19 13:52:53.556,69.474,Montrose_HighWave_85,atomic,[Montrose_HighWave_85],[1.0000],1,1,1.0000,[[MontroseBeach201507022300_Wave_Height]]
2025-10-19 13:52:53.556,69.474,Montrose_HighWave_95,atomic,[Montrose_HighWave_95],[1.0000],1,1,1.0000,[[MontroseBeach201507022300_Wave_Height]]
2025-10-19 13:52:53.629,69.547,Calumet_LowWaterTemp_65,atomic,[Calumet_LowWaterTemp_65],[1.0000],1,1,1.0000,[[CalumetBeach201507032400_Water_Temperature]]
2025-10-19 13:52:53.630,69.548,Calumet_LowWaterTemp_75,atomic,[Calumet_LowWaterTemp_75],[1.0000],1,1,1.0000,[[CalumetBeach201507032400_Water_Temperature]]
2025-10-19 13:52:53.630,69.548,Calumet_LowWaterTemp_85,atomic,[Calumet_LowWaterTemp_85],[1.0000],1,1,1.0000,[[CalumetBeach201507032400_Water_Temperature]]
2025-10-19 13:52:53.630,69.548,Calumet_LowWaterTemp_95,atomic,[Calumet_LowWaterTemp_95],[1.0000],1,1,1.0000,[[CalumetBeach201507032400_Water_Temperature]]
2025-10-19 13:52:53.681,69.599,Calumet_LowWaterTemp_65,atomic,[Calumet_LowWaterTemp_65],[1.0000],1,1,1.0000,[[CalumetBeach201507030100_Water_Temperature]]
2025-10-19 13:52:53.681,69.599,Calumet_LowWaterTemp_75,atomic,[Calumet_LowWaterTemp_75],[1.0000],1,1,1.0000,[[CalumetBeach201507030100_Water_Temperature]]
2025-10-19 13:52:53.681,69.599,Calumet_LowWaterTemp_85,atomic,[Calumet_LowWaterTemp_85],[1.0000],1,1,1.0000,[[CalumetBeach201507030100_Water_Temperature]]
2025-10-19 13:52:53.681,69.599,Calumet_LowWaterTemp_95,atomic,[Calumet_LowWaterTemp_95],[1.0000],1,1,1.0000,[[CalumetBeach201507030100_Water_Temperature]]
2025-10-19 13:52:53.683,69.601,Montrose_HighWave_65,atomic,[Montrose_HighWave_65],[1.0000],1,1,1.0000,[[MontroseBeach201507030100_Wave_Height]]
2025-10-19 13:52:53.683,69.601,Montrose_HighWave_75,atomic,[Montrose_HighWave_75],[1.0000],1,1,1.0000,[[MontroseBeach201507030100_Wave_Height]]
2025-10-19 13:52:53.683,69.601,Montrose_HighWave_85,atomic,[Montrose_HighWave_85],[1.0000],1,1,1.0000,[[MontroseBeach201507030100_Wave_Height]]
2025-10-19 13:52:53.683,69.601,Montrose_HighWave_95,atomic,[Montrose_HighWave_95],[1.0000],1,1,1.0000,[[MontroseBeach201507030100_Wave_Height]]
2025-10-19 13:52:53.931,69.849,63rd_HighWavePeriod_65,atomic,[63rd_HighWavePeriod_65],[1.0000],1,1,1.0000,[[63rdStreetBeach201507030500_Wave_Period]]
2025-10-19 13:52:53.931,69.849,63rd_HighWavePeriod_75,atomic,[63rd_HighWavePeriod_75],[1.0000],1,1,1.0000,[[63rdStreetBeach201507030500_Wave_Period]]
2025-10-19 13:52:53.931,69.849,63rd_HighWavePeriod_85,atomic,[63rd_HighWavePeriod_85],[1.0000],1,1,1.0000,[[63rdStreetBeach201507030500_Wave_Period]]
2025-10-19 13:52:53.931,69.849,63rd_HighWavePeriod_95,atomic,[63rd_HighWavePeriod_95],[1.0000],1,1,1.0000,[[63rdStreetBeach201507030500_Wave_Period]]
2025-10-19 13:52:54.685,70.603,Calumet_LowWaterTemp_65,atomic,[Calumet_LowWaterTemp_65],[1.0000],1,1,1.0000,[[CalumetBeach201507031700_Water_Temperature]]
2025-10-19 13:52:54.686,70.604,Calumet_LowWaterTemp_75,atomic,[Calumet_LowWaterTemp_75],[1.0000],1,1,1.0000,[[CalumetBeach201507031700_Water_Temperature]]
2025-10-19 13:52:54.686,70.604,Calumet_LowWaterTemp_85,atomic,[Calumet_LowWaterTemp_85],[1.0000],1,1,1.0000,[[CalumetBeach201507031700_Water_Temperature]]
2025-10-19 13:52:54.686,70.604,Calumet_LowWaterTemp_95,atomic,[Calumet_LowWaterTemp_95],[1.0000],1,1,1.0000,[[CalumetBeach201507031700_Water_Temperature]]
2025-10-19 13:52:54.862,70.780,63rd_HighWavePeriod_65,atomic,[63rd_HighWavePeriod_65],[1.0000],1,1,1.0000,[[63rdStreetBeach201507032000_Wave_Period]]
2025-10-19 13:52:54.862,70.780,63rd_HighWavePeriod_75,atomic,[63rd_HighWavePeriod_75],[1.0000],1,1,1.0000,[[63rdStreetBeach201507032000_Wave_Period]]
2025-10-19 13:52:54.862,70.780,63rd_HighWavePeriod_85,atomic,[63rd_HighWavePeriod_85],[1.0000],1,1,1.0000,[[63rdStreetBeach201507032000_Wave_Period]]
2025-10-19 13:52:54.862,70.780,63rd_HighWavePeriod_95,atomic,[63rd_HighWavePeriod_95],[1.0000],1,1,1.0000,[[63rdStreetBeach201507032000_Wave_Period]]
2025-10-19 13:52:54.923,70.841,Calumet_LowWaterTemp_65,atomic,[Calumet_LowWaterTemp_65],[1.0000],1,1,1.0000,[[CalumetBeach201507032100_Water_Temperature]]
2025-10-19 13:52:54.923,70.841,Calumet_LowWaterTemp_75,atomic,[Calumet_LowWaterTemp_75],[1.0000],1,1,1.0000,[[CalumetBeach201507032100_Water_Temperature]]
2025-10-19 13:52:54.923,70.841,Calumet_LowWaterTemp_85,atomic,[Calumet_LowWaterTemp_85],[1.0000],1,1,1.0000,[[CalumetBeach201507032100_Water_Temperature]]
2025-10-19 13:52:54.923,70.841,Calumet_LowWaterTemp_95,atomic,[Calumet_LowWaterTemp_95],[1.0000],1,1,1.0000,[[CalumetBeach201507032100_Water_Temperature]]
2025-10-19 13:52:55.501,71.419,Calumet_LowWaterTemp_65,atomic,[Calumet_LowWaterTemp_65],[1.0000],1,1,1.0000,[[CalumetBeach201507040600_Water_Temperature]]
2025-10-19 13:52:55.501,71.419,Calumet_LowWaterTemp_75,atomic,[Calumet_LowWaterTemp_75],[1.0000],1,1,1.0000,[[CalumetBeach201507040600_Water_Temperature]]
2025-10-19 13:52:55.501,71.419,Calumet_LowWaterTemp_85,atomic,[Calumet_LowWaterTemp_85],[1.0000],1,1,1.0000,[[CalumetBeach201507040600_Water_Temperature]]
2025-10-19 13:52:55.501,71.419,Calumet_LowWaterTemp_95,atomic,[Calumet_LowWaterTemp_95],[1.0000],1,1,1.0000,[[CalumetBeach201507040600_Water_Temperature]]
2025-10-19 13:52:55.507,71.425,63rd_HighWavePeriod_65,atomic,[63rd_HighWavePeriod_65],[1.0000],1,1,1.0000,[[63rdStreetBeach201507040600_Wave_Period]]
2025-10-19 13:52:55.507,71.425,63rd_HighWavePeriod_75,atomic,[63rd_HighWavePeriod_75],[1.0000],1,1,1.0000,[[63rdStreetBeach201507040600_Wave_Period]]
2025-10-19 13:52:55.507,71.425,63rd_HighWavePeriod_85,atomic,[63rd_HighWavePeriod_85],[1.0000],1,1,1.0000,[[63rdStreetBeach201507040600_Wave_Period]]
2025-10-19 13:52:55.507,71.425,63rd_HighWavePeriod_95,atomic,[63rd_HighWavePeriod_95],[1.0000],1,1,1.0000,[[63rdStreetBeach201507040600_Wave_Period]]
2025-10-19 13:52:55.567,71.485,Calumet_LowWaterTemp_65,atomic,[Calumet_LowWaterTemp_65],[1.0000],1,1,1.0000,[[CalumetBeach201507040700_Water_Temperature]]
2025-10-19 13:52:55.567,71.485,Calumet_LowWaterTemp_75,atomic,[Calumet_LowWaterTemp_75],[1.0000],1,1,1.0000,[[CalumetBeach201507040700_Water_Temperature]]
2025-10-19 13:52:55.567,71.485,Calumet_LowWaterTemp_85,atomic,[Calumet_LowWaterTemp_85],[1.0000],1,1,1.0000,[[CalumetBeach201507040700_Water_Temperature]]
2025-10-19 13:52:55.567,71.485,Calumet_LowWaterTemp_95,atomic,[Calumet_LowWaterTemp_95],[1.0000],1,1,1.0000,[[CalumetBeach201507040700_Water_Temperature]]
2025-10-19 13:52:55.690,71.608,63rd_HighWavePeriod_65,atomic,[63rd_HighWavePeriod_65],[1.0000],1,1,1.0000,[[63rdStreetBeach201507040900_Wave_Period]]
2025-10-19 13:52:55.691,71.609,63rd_HighWavePeriod_75,atomic,[63rd_HighWavePeriod_75],[1.0000],1,1,1.0000,[[63rdStreetBeach201507040900_Wave_Period]]
2025-10-19 13:52:55.691,71.609,63rd_HighWavePeriod_85,atomic,[63rd_HighWavePeriod_85],[1.0000],1,1,1.0000,[[63rdStreetBeach201507040900_Wave_Period]]
2025-10-19 13:52:55.691,71.609,63rd_HighWavePeriod_95,atomic,[63rd_HighWavePeriod_95],[1.0000],1,1,1.0000,[[63rdStreetBeach201507040900_Wave_Period]]
2025-10-19 13:52:55.767,71.685,Calumet_LowWaterTemp_65,atomic,[Calumet_LowWaterTemp_65],[1.0000],1,1,1.0000,[[CalumetBeach201507041000_Water_Temperature]]
2025-10-19 13:52:55.767,71.685,Calumet_LowWaterTemp_75,atomic,[Calumet_LowWaterTemp_75],[1.0000],1,1,1.0000,[[CalumetBeach201507041000_Water_Temperature]]
2025-10-19 13:52:55.767,71.685,Calumet_LowWaterTemp_85,atomic,[Calumet_LowWaterTemp_85],[1.0000],1,1,1.0000,[[CalumetBeach201507041000_Water_Temperature]]
2025-10-19 13:52:55.767,71.685,Calumet_LowWaterTemp_95,atomic,[Calumet_LowWaterTemp_95],[1.0000],1,1,1.0000,[[CalumetBeach201507041000_Water_Temperature]]
2025-10-19 13:52:55.816,71.734,Calumet_LowWaterTemp_65,atomic,[Calumet_LowWaterTemp_65],[1.0000],1,1,1.0000,[[CalumetBeach201507041100_Water_Temperature]]
2025-10-19 13:52:55.816,71.734,Calumet_LowWaterTemp_75,atomic,[Calumet_LowWaterTemp_75],[1.0000],1,1,1.0000,[[CalumetBeach201507041100_Water_Temperature]]
2025-10-19 13:52:55.816,71.734,Calumet_LowWaterTemp_85,atomic,[Calumet_LowWaterTemp_85],[1.0000],1,1,1.0000,[[CalumetBeach201507041100_Water_Temperature]]
2025-10-19 13:52:55.816,71.734,Calumet_LowWaterTemp_95,atomic,[Calumet_LowWaterTemp_95],[1.0000],1,1,1.0000,[[CalumetBeach201507041100_Water_Temperature]]
2025-10-19 13:52:56.004,71.922,63rd_HighWavePeriod_65,atomic,[63rd_HighWavePeriod_65],[1.0000],1,1,1.0000,[[63rdStreetBeach201507041400_Wave_Period]]
2025-10-19 13:52:56.004,71.922,63rd_HighWavePeriod_75,atomic,[63rd_HighWavePeriod_75],[1.0000],1,1,1.0000,[[63rdStreetBeach201507041400_Wave_Period]]
2025-10-19 13:52:56.004,71.922,63rd_HighWavePeriod_85,atomic,[63rd_HighWavePeriod_85],[1.0000],1,1,1.0000,[[63rdStreetBeach201507041400_Wave_Period]]
2025-10-19 13:52:56.005,71.923,63rd_HighWavePeriod_95,atomic,[63rd_HighWavePeriod_95],[1.0000],1,1,1.0000,[[63rdStreetBeach201507041400_Wave_Period]]
2025-10-19 13:52:56.706,72.624,Calumet_LowWaterTemp_65,atomic,[Calumet_LowWaterTemp_65],[1.0000],1,1,1.0000,[[CalumetBeach201507050300_Water_Temperature]]
2025-10-19 13:52:56.706,72.624,Calumet_LowWaterTemp_75,atomic,[Calumet_LowWaterTemp_75],[1.0000],1,1,1.0000,[[CalumetBeach201507050300_Water_Temperature]]
2025-10-19 13:52:56.706,72.624,Calumet_LowWaterTemp_85,atomic,[Calumet_LowWaterTemp_85],[1.0000],1,1,1.0000,[[CalumetBeach201507050300_Water_Temperature]]
2025-10-19 13:52:56.706,72.624,Calumet_LowWaterTemp_95,atomic,[Calumet_LowWaterTemp_95],[1.0000],1,1,1.0000,[[CalumetBeach201507050300_Water_Temperature]]
2025-10-19 13:52:56.709,72.627,63rd_HighWavePeriod_65,atomic,[63rd_HighWavePeriod_65],[1.0000],1,1,1.0000,[[63rdStreetBeach201507050300_Wave_Period]]
2025-10-19 13:52:56.709,72.627,63rd_HighWavePeriod_75,atomic,[63rd_HighWavePeriod_75],[1.0000],1,1,1.0000,[[63rdStreetBeach201507050300_Wave_Period]]
2025-10-19 13:52:56.709,72.627,63rd_HighWavePeriod_85,atomic,[63rd_HighWavePeriod_85],[1.0000],1,1,1.0000,[[63rdStreetBeach201507050300_Wave_Period]]
2025-10-19 13:52:56.709,72.627,63rd_HighWavePeriod_95,atomic,[63rd_HighWavePeriod_95],[1.0000],1,1,1.0000,[[63rdStreetBeach201507050300_Wave_Period]]
2025-10-19 13:52:56.831,72.749,Calumet_LowWaterTemp_65,atomic,[Calumet_LowWaterTemp_65],[1.0000],1,1,1.0000,[[CalumetBeach201507050500_Water_Temperature]]
2025-10-19 13:52:56.832,72.750,Calumet_LowWaterTemp_75,atomic,[Calumet_LowWaterTemp_75],[1.0000],1,1,1.0000,[[CalumetBeach201507050500_Water_Temperature]]
2025-10-19 13:52:56.832,72.750,Calumet_LowWaterTemp_85,atomic,[Calumet_LowWaterTemp_85],[1.0000],1,1,1.0000,[[CalumetBeach201507050500_Water_Temperature]]
2025-10-19 13:52:56.832,72.750,Calumet_LowWaterTemp_95,atomic,[Calumet_LowWaterTemp_95],[1.0000],1,1,1.0000,[[CalumetBeach201507050500_Water_Temperature]]
2025-10-19 13:52:56.975,72.893,Calumet_LowWaterTemp_65,atomic,[Calumet_LowWaterTemp_65],[1.0000],1,1,1.0000,[[CalumetBeach201507050700_Water_Temperature]]
2025-10-19 13:52:56.975,72.893,Calumet_LowWaterTemp_75,atomic,[Calumet_LowWaterTemp_75],[1.0000],1,1,1.0000,[[CalumetBeach201507050700_Water_Temperature]]
2025-10-19 13:52:56.975,72.893,Calumet_LowWaterTemp_85,atomic,[Calumet_LowWaterTemp_85],[1.0000],1,1,1.0000,[[CalumetBeach201507050700_Water_Temperature]]
2025-10-19 13:52:56.976,72.894,Calumet_LowWaterTemp_95,atomic,[Calumet_LowWaterTemp_95],[1.0000],1,1,1.0000,[[CalumetBeach201507050700_Water_Temperature]]
2025-10-19 13:52:57.215,73.133,Calumet_LowWaterTemp_65,atomic,[Calumet_LowWaterTemp_65],[1.0000],1,1,1.0000,[[CalumetBeach201507051100_Water_Temperature]]
2025-10-19 13:52:57.215,73.133,Calumet_LowWaterTemp_75,atomic,[Calumet_LowWaterTemp_75],[1.0000],1,1,1.0000,[[CalumetBeach201507051100_Water_Temperature]]
2025-10-19 13:52:57.215,73.133,Calumet_LowWaterTemp_85,atomic,[Calumet_LowWaterTemp_85],[1.0000],1,1,1.0000,[[CalumetBeach201507051100_Water_Temperature]]
2025-10-19 13:52:57.216,73.134,Calumet_LowWaterTemp_95,atomic,[Calumet_LowWaterTemp_95],[1.0000],1,1,1.0000,[[CalumetBeach201507051100_Water_Temperature]]
2025-10-19 13:52:57.854,73.772,63rd_HighWavePeriod_65,atomic,[63rd_HighWavePeriod_65],[1.0000],1,1,1.0000,[[63rdStreetBeach201507052100_Wave_Period]]
2025-10-19 13:52:57.854,73.772,63rd_HighWavePeriod_75,atomic,[63rd_HighWavePeriod_75],[1.0000],1,1,1.0000,[[63rdStreetBeach201507052100_Wave_Period]]
2025-10-19 13:52:57.854,73.772,63rd_HighWavePeriod_85,atomic,[63rd_HighWavePeriod_85],[1.0000],1,1,1.0000,[[63rdStreetBeach201507052100_Wave_Period]]
2025-10-19 13:52:57.854,73.772,63rd_HighWavePeriod_95,atomic,[63rd_HighWavePeriod_95],[1.0000],1,1,1.0000,[[63rdStreetBeach201507052100_Wave_Period]]
2025-10-19 13:52:58.279,74.197,63rd_HighWavePeriod_65,atomic,[63rd_HighWavePeriod_65],[1.0000],1,1,1.0000,[[63rdStreetBeach201507060400_Wave_Period]]
2025-10-19 13:52:58.279,74.197,63rd_HighWavePeriod_75,atomic,[63rd_HighWavePeriod_75],[1.0000],1,1,1.0000,[[63rdStreetBeach201507060400_Wave_Period]]
2025-10-19 13:52:58.279,74.197,63rd_HighWavePeriod_85,atomic,[63rd_HighWavePeriod_85],[1.0000],1,1,1.0000,[[63rdStreetBeach201507060400_Wave_Period]]
2025-10-19 13:52:58.279,74.197,63rd_HighWavePeriod_95,atomic,[63rd_HighWavePeriod_95],[1.0000],1,1,1.0000,[[63rdStreetBeach201507060400_Wave_Period]]
2025-10-19 13:52:58.539,74.457,Calumet_LowWaterTemp_65,atomic,[Calumet_LowWaterTemp_65],[1.0000],1,1,1.0000,[[CalumetBeach201507060800_Water_Temperature]]
2025-10-19 13:52:58.539,74.457,Calumet_LowWaterTemp_75,atomic,[Calumet_LowWaterTemp_75],[1.0000],1,1,1.0000,[[CalumetBeach201507060800_Water_Temperature]]
2025-10-19 13:52:58.539,74.457,Calumet_LowWaterTemp_85,atomic,[Calumet_LowWaterTemp_85],[1.0000],1,1,1.0000,[[CalumetBeach201507060800_Water_Temperature]]
2025-10-19 13:52:58.540,74.458,Calumet_LowWaterTemp_95,atomic,[Calumet_LowWaterTemp_95],[1.0000],1,1,1.0000,[[CalumetBeach201507060800_Water_Temperature]]
2025-10-19 13:52:58.974,74.892,63rd_HighWavePeriod_65,atomic,[63rd_HighWavePeriod_65],[1.0000],1,1,1.0000,[[63rdStreetBeach201507061500_Wave_Period]]
2025-10-19 13:52:58.974,74.892,63rd_HighWavePeriod_75,atomic,[63rd_HighWavePeriod_75],[1.0000],1,1,1.0000,[[63rdStreetBeach201507061500_Wave_Period]]
2025-10-19 13:52:58.974,74.892,63rd_HighWavePeriod_85,atomic,[63rd_HighWavePeriod_85],[1.0000],1,1,1.0000,[[63rdStreetBeach201507061500_Wave_Period]]
2025-10-19 13:52:58.974,74.892,63rd_HighWavePeriod_95,atomic,[63rd_HighWavePeriod_95],[1.0000],1,1,1.0000,[[63rdStreetBeach201507061500_Wave_Period]]
2025-10-19 13:52:58.974,74.892,Calumet_LowWaterTemp_65,atomic,[Calumet_LowWaterTemp_65],[1.0000],1,1,1.0000,[[CalumetBeach201507061500_Water_Temperature]]
2025-10-19 13:52:58.974,74.892,Calumet_LowWaterTemp_75,atomic,[Calumet_LowWaterTemp_75],[1.0000],1,1,1.0000,[[CalumetBeach201507061500_Water_Temperature]]
2025-10-19 13:52:58.975,74.893,Calumet_LowWaterTemp_85,atomic,[Calumet_LowWaterTemp_85],[1.0000],1,1,1.0000,[[CalumetBeach201507061500_Water_Temperature]]
2025-10-19 13:52:58.975,74.893,Calumet_LowWaterTemp_95,atomic,[Calumet_LowWaterTemp_95],[1.0000],1,1,1.0000,[[CalumetBeach201507061500_Water_Temperature]]
2025-10-19 13:52:59.038,74.956,63rd_HighWavePeriod_65,atomic,[63rd_HighWavePeriod_65],[1.0000],1,1,1.0000,[[63rdStreetBeach201507061600_Wave_Period]]
2025-10-19 13:52:59.039,74.957,63rd_HighWavePeriod_75,atomic,[63rd_HighWavePeriod_75],[1.0000],1,1,1.0000,[[63rdStreetBeach201507061600_Wave_Period]]
2025-10-19 13:52:59.039,74.957,63rd_HighWavePeriod_85,atomic,[63rd_HighWavePeriod_85],[1.0000],1,1,1.0000,[[63rdStreetBeach201507061600_Wave_Period]]
2025-10-19 13:52:59.039,74.957,63rd_HighWavePeriod_95,atomic,[63rd_HighWavePeriod_95],[1.0000],1,1,1.0000,[[63rdStreetBeach201507061600_Wave_Period]]
2025-10-19 13:52:59.226,75.144,63rd_HighWavePeriod_65,atomic,[63rd_HighWavePeriod_65],[1.0000],1,1,1.0000,[[63rdStreetBeach201507061900_Wave_Period]]
2025-10-19 13:52:59.227,75.145,63rd_HighWavePeriod_75,atomic,[63rd_HighWavePeriod_75],[1.0000],1,1,1.0000,[[63rdStreetBeach201507061900_Wave_Period]]
2025-10-19 13:52:59.227,75.145,63rd_HighWavePeriod_85,atomic,[63rd_HighWavePeriod_85],[1.0000],1,1,1.0000,[[63rdStreetBeach201507061900_Wave_Period]]
2025-10-19 13:52:59.227,75.145,63rd_HighWavePeriod_95,atomic,[63rd_HighWavePeriod_95],[1.0000],1,1,1.0000,[[63rdStreetBeach201507061900_Wave_Period]]
2025-10-19 13:52:59.385,75.303,63rd_HighWavePeriod_65,atomic,[63rd_HighWavePeriod_65],[1.0000],1,1,1.0000,[[63rdStreetBeach201507062100_Wave_Period]]
2025-10-19 13:52:59.386,75.304,63rd_HighWavePeriod_75,atomic,[63rd_HighWavePeriod_75],[1.0000],1,1,1.0000,[[63rdStreetBeach201507062100_Wave_Period]]
2025-10-19 13:52:59.386,75.304,63rd_HighWavePeriod_85,atomic,[63rd_HighWavePeriod_85],[1.0000],1,1,1.0000,[[63rdStreetBeach201507062100_Wave_Period]]
2025-10-19 13:52:59.386,75.304,63rd_HighWavePeriod_95,atomic,[63rd_HighWavePeriod_95],[1.0000],1,1,1.0000,[[63rdStreetBeach201507062100_Wave_Period]]
2025-10-19 13:52:59.386,75.304,Calumet_LowWaterTemp_65,atomic,[Calumet_LowWaterTemp_65],[1.0000],1,1,1.0000,[[CalumetBeach201507062100_Water_Temperature]]
2025-10-19 13:52:59.386,75.304,Calumet_LowWaterTemp_75,atomic,[Calumet_LowWaterTemp_75],[1.0000],1,1,1.0000,[[CalumetBeach201507062100_Water_Temperature]]
2025-10-19 13:52:59.387,75.305,Calumet_LowWaterTemp_85,atomic,[Calumet_LowWaterTemp_85],[1.0000],1,1,1.0000,[[CalumetBeach201507062100_Water_Temperature]]
2025-10-19 13:52:59.387,75.305,Calumet_LowWaterTemp_95,atomic,[Calumet_LowWaterTemp_95],[1.0000],1,1,1.0000,[[CalumetBeach201507062100_Water_Temperature]]
2025-10-19 13:52:59.431,75.349,Calumet_LowWaterTemp_65,atomic,[Calumet_LowWaterTemp_65],[1.0000],1,1,1.0000,[[CalumetBeach201507062200_Water_Temperature]]
2025-10-19 13:52:59.431,75.349,Calumet_LowWaterTemp_75,atomic,[Calumet_LowWaterTemp_75],[1.0000],1,1,1.0000,[[CalumetBeach201507062200_Water_Temperature]]
2025-10-19 13:52:59.431,75.349,Calumet_LowWaterTemp_85,atomic,[Calumet_LowWaterTemp_85],[1.0000],1,1,1.0000,[[CalumetBeach201507062200_Water_Temperature]]
2025-10-19 13:52:59.431,75.349,Calumet_LowWaterTemp_95,atomic,[Calumet_LowWaterTemp_95],[1.0000],1,1,1.0000,[[CalumetBeach201507062200_Water_Temperature]]
2025-10-19 13:52:59.506,75.424,Calumet_LowWaterTemp_65,atomic,[Calumet_LowWaterTemp_65],[1.0000],1,1,1.0000,[[CalumetBeach201507062300_Water_Temperature]]
2025-10-19 13:52:59.506,75.424,Calumet_LowWaterTemp_75,atomic,[Calumet_LowWaterTemp_75],[1.0000],1,1,1.0000,[[CalumetBeach201507062300_Water_Temperature]]
2025-10-19 13:52:59.506,75.424,Calumet_LowWaterTemp_85,atomic,[Calumet_LowWaterTemp_85],[1.0000],1,1,1.0000,[[CalumetBeach201507062300_Water_Temperature]]
2025-10-19 13:52:59.506,75.424,Calumet_LowWaterTemp_95,atomic,[Calumet_LowWaterTemp_95],[1.0000],1,1,1.0000,[[CalumetBeach201507062300_Water_Temperature]]
2025-10-19 13:52:59.616,75.534,Calumet_LowWaterTemp_65,atomic,[Calumet_LowWaterTemp_65],[1.0000],1,1,1.0000,[[CalumetBeach201507070100_Water_Temperature]]
2025-10-19 13:52:59.616,75.534,Calumet_LowWaterTemp_75,atomic,[Calumet_LowWaterTemp_75],[1.0000],1,1,1.0000,[[CalumetBeach201507070100_Water_Temperature]]
2025-10-19 13:52:59.616,75.534,Calumet_LowWaterTemp_85,atomic,[Calumet_LowWaterTemp_85],[1.0000],1,1,1.0000,[[CalumetBeach201507070100_Water_Temperature]]
2025-10-19 13:52:59.616,75.534,Calumet_LowWaterTemp_95,atomic,[Calumet_LowWaterTemp_95],[1.0000],1,1,1.0000,[[CalumetBeach201507070100_Water_Temperature]]
2025-10-19 13:52:59.741,75.659,63rd_HighWavePeriod_65,atomic,[63rd_HighWavePeriod_65],[1.0000],1,1,1.0000,[[63rdStreetBeach201507070300_Wave_Period]]
2025-10-19 13:52:59.741,75.659,63rd_HighWavePeriod_75,atomic,[63rd_HighWavePeriod_75],[1.0000],1,1,1.0000,[[63rdStreetBeach201507070300_Wave_Period]]
2025-10-19 13:52:59.741,75.659,63rd_HighWavePeriod_85,atomic,[63rd_HighWavePeriod_85],[1.0000],1,1,1.0000,[[63rdStreetBeach201507070300_Wave_Period]]
2025-10-19 13:52:59.741,75.659,63rd_HighWavePeriod_95,atomic,[63rd_HighWavePeriod_95],[1.0000],1,1,1.0000,[[63rdStreetBeach201507070300_Wave_Period]]
2025-10-19 13:53:00.126,76.044,Calumet_LowWaterTemp_65,atomic,[Calumet_LowWaterTemp_65],[1.0000],1,1,1.0000,[[CalumetBeach201507070900_Water_Temperature]]
2025-10-19 13:53:00.126,76.044,Calumet_LowWaterTemp_75,atomic,[Calumet_LowWaterTemp_75],[1.0000],1,1,1.0000,[[CalumetBeach201507070900_Water_Temperature]]
2025-10-19 13:53:00.126,76.044,Calumet_LowWaterTemp_85,atomic,[Calumet_LowWaterTemp_85],[1.0000],1,1,1.0000,[[CalumetBeach201507070900_Water_Temperature]]
2025-10-19 13:53:00.126,76.044,Calumet_LowWaterTemp_95,atomic,[Calumet_LowWaterTemp_95],[1.0000],1,1,1.0000,[[CalumetBeach201507070900_Water_Temperature]]
2025-10-19 13:53:00.190,76.108,Montrose_HighWave_65,atomic,[Montrose_HighWave_65],[1.0000],1,1,1.0000,[[MontroseBeach201507071000_Wave_Height]]
2025-10-19 13:53:00.191,76.109,Montrose_HighWave_75,atomic,[Montrose_HighWave_75],[1.0000],1,1,1.0000,[[MontroseBeach201507071000_Wave_Height]]
2025-10-19 13:53:00.191,76.109,Montrose_HighWave_85,atomic,[Montrose_HighWave_85],[1.0000],1,1,1.0000,[[MontroseBeach201507071000_Wave_Height]]
2025-10-19 13:53:00.191,76.109,Montrose_HighWave_95,atomic,[Montrose_HighWave_95],[1.0000],1,1,1.0000,[[MontroseBeach201507071000_Wave_Height]]
2025-10-19 13:53:00.241,76.159,Montrose_HighWave_65,atomic,[Montrose_HighWave_65],[1.0000],1,1,1.0000,[[MontroseBeach201507071100_Wave_Height]]
2025-10-19 13:53:00.241,76.159,Montrose_HighWave_75,atomic,[Montrose_HighWave_75],[1.0000],1,1,1.0000,[[MontroseBeach201507071100_Wave_Height]]
2025-10-19 13:53:00.243,76.161,Montrose_HighWave_85,atomic,[Montrose_HighWave_85],[1.0000],1,1,1.0000,[[MontroseBeach201507071100_Wave_Height]]
2025-10-19 13:53:00.243,76.161,Montrose_HighWave_95,atomic,[Montrose_HighWave_95],[1.0000],1,1,1.0000,[[MontroseBeach201507071100_Wave_Height]]
2025-10-19 13:53:00.377,76.295,Montrose_HighTurbidity_65,atomic,[Montrose_HighTurbidity_65],[1.0000],1,1,1.0000,[[MontroseBeach201507071300_Turbidity]]
2025-10-19 13:53:00.378,76.296,Montrose_HighTurbidity_75,atomic,[Montrose_HighTurbidity_75],[1.0000],1,1,1.0000,[[MontroseBeach201507071300_Turbidity]]
2025-10-19 13:53:00.378,76.296,Montrose_HighTurbidity_85,atomic,[Montrose_HighTurbidity_85],[1.0000],1,1,1.0000,[[MontroseBeach201507071300_Turbidity]]
2025-10-19 13:53:00.378,76.296,Montrose_HighTurbidity_95,atomic,[Montrose_HighTurbidity_95],[1.0000],1,1,1.0000,[[MontroseBeach201507071300_Turbidity]]
2025-10-19 13:53:00.378,76.296,Montrose_LocalAlert_65,complex,[Montrose_HighTurbidity_65;Montrose_HighWave_65],[1.0000;1.0000],2,2,1.0000,[[MontroseBeach201507071300_Turbidity];[MontroseBeach201507071000_Wave_Height]]
2025-10-19 13:53:00.378,76.296,Montrose_LocalAlert_75,complex,[Montrose_HighTurbidity_75;Montrose_HighWave_75],[1.0000;1.0000],2,2,1.0000,[[MontroseBeach201507071300_Turbidity];[MontroseBeach201507071000_Wave_Height]]
2025-10-19 13:53:00.378,76.296,Montrose_LocalAlert_85,complex,[Montrose_HighTurbidity_85;Montrose_HighWave_85],[1.0000;1.0000],2,2,1.0000,[[MontroseBeach201507071300_Turbidity];[MontroseBeach201507071000_Wave_Height]]
2025-10-19 13:53:00.378,76.296,Montrose_LocalAlert_95,complex,[Montrose_HighTurbidity_95;Montrose_HighWave_95],[1.0000;1.0000],2,2,1.0000,[[MontroseBeach201507071300_Turbidity];[MontroseBeach201507071000_Wave_Height]]
2025-10-19 13:53:00.379,76.297,Montrose_HighWave_65,atomic,[Montrose_HighWave_65],[1.0000],1,1,1.0000,[[MontroseBeach201507071300_Wave_Height]]
2025-10-19 13:53:00.379,76.297,Montrose_HighWave_75,atomic,[Montrose_HighWave_75],[1.0000],1,1,1.0000,[[MontroseBeach201507071300_Wave_Height]]
2025-10-19 13:53:00.379,76.297,Montrose_HighWave_85,atomic,[Montrose_HighWave_85],[1.0000],1,1,1.0000,[[MontroseBeach201507071300_Wave_Height]]
2025-10-19 13:53:00.379,76.297,Montrose_HighWave_95,atomic,[Montrose_HighWave_95],[1.0000],1,1,1.0000,[[MontroseBeach201507071300_Wave_Height]]
2025-10-19 13:53:00.426,76.344,Calumet_LowWaterTemp_65,atomic,[Calumet_LowWaterTemp_65],[1.0000],1,1,1.0000,[[CalumetBeach201507071400_Water_Temperature]]
2025-10-19 13:53:00.427,76.345,Calumet_LowWaterTemp_75,atomic,[Calumet_LowWaterTemp_75],[1.0000],1,1,1.0000,[[CalumetBeach201507071400_Water_Temperature]]
2025-10-19 13:53:00.427,76.345,Calumet_LowWaterTemp_85,atomic,[Calumet_LowWaterTemp_85],[1.0000],1,1,1.0000,[[CalumetBeach201507071400_Water_Temperature]]
2025-10-19 13:53:00.427,76.345,Calumet_LowWaterTemp_95,atomic,[Calumet_LowWaterTemp_95],[1.0000],1,1,1.0000,[[CalumetBeach201507071400_Water_Temperature]]
2025-10-19 13:53:00.553,76.471,Montrose_HighTurbidity_65,atomic,[Montrose_HighTurbidity_65],[1.0000],1,1,1.0000,[[MontroseBeach201507071600_Turbidity]]
2025-10-19 13:53:00.554,76.472,Montrose_HighTurbidity_75,atomic,[Montrose_HighTurbidity_75],[1.0000],1,1,1.0000,[[MontroseBeach201507071600_Turbidity]]
2025-10-19 13:53:00.554,76.472,Montrose_HighTurbidity_85,atomic,[Montrose_HighTurbidity_85],[1.0000],1,1,1.0000,[[MontroseBeach201507071600_Turbidity]]
2025-10-19 13:53:00.554,76.472,Montrose_HighTurbidity_95,atomic,[Montrose_HighTurbidity_95],[1.0000],1,1,1.0000,[[MontroseBeach201507071600_Turbidity]]
2025-10-19 13:53:00.554,76.472,Montrose_LocalAlert_65,complex,[Montrose_HighTurbidity_65;Montrose_HighWave_65],[1.0000;1.0000],2,2,1.0000,[[MontroseBeach201507071600_Turbidity];[MontroseBeach201507071300_Wave_Height]]
2025-10-19 13:53:00.554,76.472,Montrose_LocalAlert_75,complex,[Montrose_HighTurbidity_75;Montrose_HighWave_75],[1.0000;1.0000],2,2,1.0000,[[MontroseBeach201507071600_Turbidity];[MontroseBeach201507071300_Wave_Height]]
2025-10-19 13:53:00.555,76.473,Montrose_LocalAlert_85,complex,[Montrose_HighTurbidity_85;Montrose_HighWave_85],[1.0000;1.0000],2,2,1.0000,[[MontroseBeach201507071600_Turbidity];[MontroseBeach201507071300_Wave_Height]]
2025-10-19 13:53:00.555,76.473,Montrose_LocalAlert_95,complex,[Montrose_HighTurbidity_95;Montrose_HighWave_95],[1.0000;1.0000],2,2,1.0000,[[MontroseBeach201507071600_Turbidity];[MontroseBeach201507071300_Wave_Height]]
2025-10-19 13:53:00.555,76.473,Montrose_HighWave_65,atomic,[Montrose_HighWave_65],[1.0000],1,1,1.0000,[[MontroseBeach201507071600_Wave_Height]]
2025-10-19 13:53:00.555,76.473,Montrose_HighWave_75,atomic,[Montrose_HighWave_75],[1.0000],1,1,1.0000,[[MontroseBeach201507071600_Wave_Height]]
2025-10-19 13:53:00.555,76.473,Montrose_HighWave_85,atomic,[Montrose_HighWave_85],[1.0000],1,1,1.0000,[[MontroseBeach201507071600_Wave_Height]]
2025-10-19 13:53:00.555,76.473,Montrose_HighWave_95,atomic,[Montrose_HighWave_95],[1.0000],1,1,1.0000,[[MontroseBeach201507071600_Wave_Height]]
2025-10-19 13:53:00.682,76.600,Calumet_LowWaterTemp_65,atomic,[Calumet_LowWaterTemp_65],[1.0000],1,1,1.0000,[[CalumetBeach201507071800_Water_Temperature]]
2025-10-19 13:53:00.682,76.600,Calumet_LowWaterTemp_75,atomic,[Calumet_LowWaterTemp_75],[1.0000],1,1,1.0000,[[CalumetBeach201507071800_Water_Temperature]]
2025-10-19 13:53:00.682,76.600,Calumet_LowWaterTemp_85,atomic,[Calumet_LowWaterTemp_85],[1.0000],1,1,1.0000,[[CalumetBeach201507071800_Water_Temperature]]
2025-10-19 13:53:00.682,76.600,Calumet_LowWaterTemp_95,atomic,[Calumet_LowWaterTemp_95],[1.0000],1,1,1.0000,[[CalumetBeach201507071800_Water_Temperature]]
2025-10-19 13:53:00.684,76.602,Montrose_HighTurbidity_65,atomic,[Montrose_HighTurbidity_65],[1.0000],1,1,1.0000,[[MontroseBeach201507071800_Turbidity]]
2025-10-19 13:53:00.685,76.603,Montrose_HighTurbidity_75,atomic,[Montrose_HighTurbidity_75],[1.0000],1,1,1.0000,[[MontroseBeach201507071800_Turbidity]]
2025-10-19 13:53:00.685,76.603,Montrose_HighTurbidity_85,atomic,[Montrose_HighTurbidity_85],[1.0000],1,1,1.0000,[[MontroseBeach201507071800_Turbidity]]
2025-10-19 13:53:00.685,76.603,Montrose_HighTurbidity_95,atomic,[Montrose_HighTurbidity_95],[1.0000],1,1,1.0000,[[MontroseBeach201507071800_Turbidity]]
2025-10-19 13:53:00.686,76.604,Montrose_LocalAlert_65,complex,[Montrose_HighTurbidity_65;Montrose_HighWave_65],[1.0000;1.0000],2,2,1.0000,[[MontroseBeach201507071800_Turbidity];[MontroseBeach201507071600_Wave_Height]]
2025-10-19 13:53:00.686,76.604,Montrose_LocalAlert_75,complex,[Montrose_HighTurbidity_75;Montrose_HighWave_75],[1.0000;1.0000],2,2,1.0000,[[MontroseBeach201507071800_Turbidity];[MontroseBeach201507071600_Wave_Height]]
2025-10-19 13:53:00.686,76.604,Montrose_LocalAlert_85,complex,[Montrose_HighTurbidity_85;Montrose_HighWave_85],[1.0000;1.0000],2,2,1.0000,[[MontroseBeach201507071800_Turbidity];[MontroseBeach201507071600_Wave_Height]]
2025-10-19 13:53:00.686,76.604,Montrose_LocalAlert_95,complex,[Montrose_HighTurbidity_95;Montrose_HighWave_95],[1.0000;1.0000],2,2,1.0000,[[MontroseBeach201507071800_Turbidity];[MontroseBeach201507071600_Wave_Height]]
2025-10-19 13:53:00.686,76.604,Montrose_HighWave_65,atomic,[Montrose_HighWave_65],[1.0000],1,1,1.0000,[[MontroseBeach201507071800_Wave_Height]]
2025-10-19 13:53:00.686,76.604,Montrose_HighWave_75,atomic,[Montrose_HighWave_75],[1.0000],1,1,1.0000,[[MontroseBeach201507071800_Wave_Height]]
2025-10-19 13:53:00.687,76.605,Montrose_HighWave_85,atomic,[Montrose_HighWave_85],[1.0000],1,1,1.0000,[[MontroseBeach201507071800_Wave_Height]]
2025-10-19 13:53:00.687,76.605,Montrose_HighWave_95,atomic,[Montrose_HighWave_95],[1.0000],1,1,1.0000,[[MontroseBeach201507071800_Wave_Height]]
2025-10-19 13:53:00.804,76.722,Calumet_LowWaterTemp_65,atomic,[Calumet_LowWaterTemp_65],[1.0000],1,1,1.0000,[[CalumetBeach201507072000_Water_Temperature]]
2025-10-19 13:53:00.804,76.722,Calumet_LowWaterTemp_75,atomic,[Calumet_LowWaterTemp_75],[1.0000],1,1,1.0000,[[CalumetBeach201507072000_Water_Temperature]]
2025-10-19 13:53:00.805,76.723,Calumet_LowWaterTemp_85,atomic,[Calumet_LowWaterTemp_85],[1.0000],1,1,1.0000,[[CalumetBeach201507072000_Water_Temperature]]
2025-10-19 13:53:00.805,76.723,Calumet_LowWaterTemp_95,atomic,[Calumet_LowWaterTemp_95],[1.0000],1,1,1.0000,[[CalumetBeach201507072000_Water_Temperature]]
2025-10-19 13:53:00.862,76.780,Montrose_HighTurbidity_65,atomic,[Montrose_HighTurbidity_65],[1.0000],1,1,1.0000,[[MontroseBeach201507072100_Turbidity]]
2025-10-19 13:53:00.862,76.780,Montrose_HighTurbidity_75,atomic,[Montrose_HighTurbidity_75],[1.0000],1,1,1.0000,[[MontroseBeach201507072100_Turbidity]]
2025-10-19 13:53:00.863,76.781,Montrose_HighTurbidity_85,atomic,[Montrose_HighTurbidity_85],[1.0000],1,1,1.0000,[[MontroseBeach201507072100_Turbidity]]
2025-10-19 13:53:00.863,76.781,Montrose_HighTurbidity_95,atomic,[Montrose_HighTurbidity_95],[1.0000],1,1,1.0000,[[MontroseBeach201507072100_Turbidity]]
2025-10-19 13:53:00.863,76.781,Montrose_LocalAlert_65,complex,[Montrose_HighTurbidity_65;Montrose_HighWave_65],[1.0000;1.0000],2,2,1.0000,[[MontroseBeach201507072100_Turbidity];[MontroseBeach201507071800_Wave_Height]]
2025-10-19 13:53:00.863,76.781,Montrose_LocalAlert_75,complex,[Montrose_HighTurbidity_75;Montrose_HighWave_75],[1.0000;1.0000],2,2,1.0000,[[MontroseBeach201507072100_Turbidity];[MontroseBeach201507071800_Wave_Height]]
2025-10-19 13:53:00.863,76.781,Montrose_LocalAlert_85,complex,[Montrose_HighTurbidity_85;Montrose_HighWave_85],[1.0000;1.0000],2,2,1.0000,[[MontroseBeach201507072100_Turbidity];[MontroseBeach201507071800_Wave_Height]]
2025-10-19 13:53:00.863,76.781,Montrose_LocalAlert_95,complex,[Montrose_HighTurbidity_95;Montrose_HighWave_95],[1.0000;1.0000],2,2,1.0000,[[MontroseBeach201507072100_Turbidity];[MontroseBeach201507071800_Wave_Height]]
2025-10-19 13:53:00.863,76.781,Montrose_HighWave_65,atomic,[Montrose_HighWave_65],[1.0000],1,1,1.0000,[[MontroseBeach201507072100_Wave_Height]]
2025-10-19 13:53:00.863,76.781,Montrose_HighWave_75,atomic,[Montrose_HighWave_75],[1.0000],1,1,1.0000,[[MontroseBeach201507072100_Wave_Height]]
2025-10-19 13:53:00.863,76.781,Montrose_HighWave_85,atomic,[Montrose_HighWave_85],[1.0000],1,1,1.0000,[[MontroseBeach201507072100_Wave_Height]]
2025-10-19 13:53:00.863,76.781,Montrose_HighWave_95,atomic,[Montrose_HighWave_95],[1.0000],1,1,1.0000,[[MontroseBeach201507072100_Wave_Height]]
2025-10-19 13:53:00.925,76.843,63rd_HighTurbidity_65,atomic,[63rd_HighTurbidity_65],[1.0000],1,1,1.0000,[[63rdStreetBeach201507072200_Turbidity]]
2025-10-19 13:53:00.926,76.844,63rd_HighTurbidity_75,atomic,[63rd_HighTurbidity_75],[1.0000],1,1,1.0000,[[63rdStreetBeach201507072200_Turbidity]]
2025-10-19 13:53:00.926,76.844,63rd_HighTurbidity_85,atomic,[63rd_HighTurbidity_85],[1.0000],1,1,1.0000,[[63rdStreetBeach201507072200_Turbidity]]
2025-10-19 13:53:00.926,76.844,63rd_HighTurbidity_95,atomic,[63rd_HighTurbidity_95],[1.0000],1,1,1.0000,[[63rdStreetBeach201507072200_Turbidity]]
2025-10-19 13:53:00.926,76.844,63rd_LocalAlert_65,complex,[63rd_HighTurbidity_65;63rd_HighWavePeriod_65],[1.0000;1.0000],2,2,1.0000,[[63rdStreetBeach201507072200_Turbidity];[63rdStreetBeach201507061500_Wave_Period]]
2025-10-19 13:53:00.927,76.845,63rd_LocalAlert_75,complex,[63rd_HighTurbidity_75;63rd_HighWavePeriod_75],[1.0000;1.0000],2,2,1.0000,[[63rdStreetBeach201507072200_Turbidity];[63rdStreetBeach201507061500_Wave_Period]]
2025-10-19 13:53:00.927,76.845,63rd_LocalAlert_85,complex,[63rd_HighTurbidity_85;63rd_HighWavePeriod_85],[1.0000;1.0000],2,2,1.0000,[[63rdStreetBeach201507072200_Turbidity];[63rdStreetBeach201507061500_Wave_Period]]
2025-10-19 13:53:00.927,76.845,63rd_LocalAlert_95,complex,[63rd_HighTurbidity_95;63rd_HighWavePeriod_95],[1.0000;1.0000],2,2,1.0000,[[63rdStreetBeach201507072200_Turbidity];[63rdStreetBeach201507061500_Wave_Period]]
2025-10-19 13:53:00.927,76.845,63rd_HighWavePeriod_65,atomic,[63rd_HighWavePeriod_65],[1.0000],1,1,1.0000,[[63rdStreetBeach201507072200_Wave_Period]]
2025-10-19 13:53:00.927,76.845,63rd_HighWavePeriod_75,atomic,[63rd_HighWavePeriod_75],[1.0000],1,1,1.0000,[[63rdStreetBeach201507072200_Wave_Period]]
2025-10-19 13:53:00.927,76.845,63rd_HighWavePeriod_85,atomic,[63rd_HighWavePeriod_85],[1.0000],1,1,1.0000,[[63rdStreetBeach201507072200_Wave_Period]]
2025-10-19 13:53:00.927,76.845,63rd_HighWavePeriod_95,atomic,[63rd_HighWavePeriod_95],[1.0000],1,1,1.0000,[[63rdStreetBeach201507072200_Wave_Period]]
2025-10-19 13:53:00.928,76.846,Montrose_HighTurbidity_65,atomic,[Montrose_HighTurbidity_65],[1.0000],1,1,1.0000,[[MontroseBeach201507072200_Turbidity]]
2025-10-19 13:53:00.928,76.846,Montrose_HighTurbidity_75,atomic,[Montrose_HighTurbidity_75],[1.0000],1,1,1.0000,[[MontroseBeach201507072200_Turbidity]]
2025-10-19 13:53:00.928,76.846,Montrose_HighTurbidity_85,atomic,[Montrose_HighTurbidity_85],[1.0000],1,1,1.0000,[[MontroseBeach201507072200_Turbidity]]
2025-10-19 13:53:00.928,76.846,Montrose_HighTurbidity_95,atomic,[Montrose_HighTurbidity_95],[1.0000],1,1,1.0000,[[MontroseBeach201507072200_Turbidity]]
2025-10-19 13:53:00.928,76.846,Montrose_LocalAlert_65,complex,[Montrose_HighTurbidity_65;Montrose_HighWave_65],[1.0000;1.0000],2,2,1.0000,[[MontroseBeach201507072200_Turbidity];[MontroseBeach201507072100_Wave_Height]]
2025-10-19 13:53:00.928,76.846,Montrose_LocalAlert_75,complex,[Montrose_HighTurbidity_75;Montrose_HighWave_75],[1.0000;1.0000],2,2,1.0000,[[MontroseBeach201507072200_Turbidity];[MontroseBeach201507072100_Wave_Height]]
2025-10-19 13:53:00.928,76.846,Montrose_LocalAlert_85,complex,[Montrose_HighTurbidity_85;Montrose_HighWave_85],[1.0000;1.0000],2,2,1.0000,[[MontroseBeach201507072200_Turbidity];[MontroseBeach201507072100_Wave_Height]]
2025-10-19 13:53:00.929,76.847,Montrose_LocalAlert_95,complex,[Montrose_HighTurbidity_95;Montrose_HighWave_95],[1.0000;1.0000],2,2,1.0000,[[MontroseBeach201507072200_Turbidity];[MontroseBeach201507072100_Wave_Height]]
2025-10-19 13:53:00.929,76.847,Montrose_HighWave_65,atomic,[Montrose_HighWave_65],[1.0000],1,1,1.0000,[[MontroseBeach201507072200_Wave_Height]]
2025-10-19 13:53:00.929,76.847,Montrose_HighWave_75,atomic,[Montrose_HighWave_75],[1.0000],1,1,1.0000,[[MontroseBeach201507072200_Wave_Height]]
2025-10-19 13:53:00.929,76.847,Montrose_HighWave_85,atomic,[Montrose_HighWave_85],[1.0000],1,1,1.0000,[[MontroseBeach201507072200_Wave_Height]]
2025-10-19 13:53:00.929,76.847,Montrose_HighWave_95,atomic,[Montrose_HighWave_95],[1.0000],1,1,1.0000,[[MontroseBeach201507072200_Wave_Height]]
2025-10-19 13:53:01.111,77.029,Calumet_LowWaterTemp_65,atomic,[Calumet_LowWaterTemp_65],[1.0000],1,1,1.0000,[[CalumetBeach201507080100_Water_Temperature]]
2025-10-19 13:53:01.112,77.030,Calumet_LowWaterTemp_75,atomic,[Calumet_LowWaterTemp_75],[1.0000],1,1,1.0000,[[CalumetBeach201507080100_Water_Temperature]]
2025-10-19 13:53:01.112,77.030,Calumet_LowWaterTemp_85,atomic,[Calumet_LowWaterTemp_85],[1.0000],1,1,1.0000,[[CalumetBeach201507080100_Water_Temperature]]
2025-10-19 13:53:01.112,77.030,Calumet_LowWaterTemp_95,atomic,[Calumet_LowWaterTemp_95],[1.0000],1,1,1.0000,[[CalumetBeach201507080100_Water_Temperature]]
2025-10-19 13:53:01.112,77.030,Calumet_HighTurbidity_65,atomic,[Calumet_HighTurbidity_65],[1.0000],1,1,1.0000,[[CalumetBeach201507080100_Turbidity]]
2025-10-19 13:53:01.112,77.030,Calumet_HighTurbidity_75,atomic,[Calumet_HighTurbidity_75],[1.0000],1,1,1.0000,[[CalumetBeach201507080100_Turbidity]]
2025-10-19 13:53:01.112,77.030,Calumet_HighTurbidity_85,atomic,[Calumet_HighTurbidity_85],[1.0000],1,1,1.0000,[[CalumetBeach201507080100_Turbidity]]
2025-10-19 13:53:01.112,77.030,Calumet_HighTurbidity_95,atomic,[Calumet_HighTurbidity_95],[1.0000],1,1,1.0000,[[CalumetBeach201507080100_Turbidity]]
2025-10-19 13:53:01.113,77.031,Calumet_LocalAlert_65,complex,[Calumet_HighTurbidity_65;Calumet_LowWaterTemp_65],[1.0000;1.0000],2,2,1.0000,[[CalumetBeach201507080100_Turbidity];[CalumetBeach201507071400_Water_Temperature]]
2025-10-19 13:53:01.113,77.031,Calumet_LocalAlert_75,complex,[Calumet_HighTurbidity_75;Calumet_LowWaterTemp_75],[1.0000;1.0000],2,2,1.0000,[[CalumetBeach201507080100_Turbidity];[CalumetBeach201507071400_Water_Temperature]]
2025-10-19 13:53:01.113,77.031,Calumet_LocalAlert_85,complex,[Calumet_HighTurbidity_85;Calumet_LowWaterTemp_85],[1.0000;1.0000],2,2,1.0000,[[CalumetBeach201507080100_Turbidity];[CalumetBeach201507071400_Water_Temperature]]
2025-10-19 13:53:01.114,77.032,Calumet_LocalAlert_95,complex,[Calumet_HighTurbidity_95;Calumet_LowWaterTemp_95],[1.0000;1.0000],2,2,1.0000,[[CalumetBeach201507080100_Turbidity];[CalumetBeach201507071400_Water_Temperature]]
2025-10-19 13:53:01.114,77.032,MontroseToCalumet_AlertSpread_65,complex,[Montrose_LocalAlert_65;Calumet_LocalAlert_65],[1.0000;1.0000],4,4,1.0000,[[MontroseBeach201507071300_Turbidity];[MontroseBeach201507071000_Wave_Height];[CalumetBeach201507080100_Turbidity];[CalumetBeach201507071400_Water_Temperature]]
2025-10-19 13:53:01.114,77.032,Regional_TripleAlert_65,complex,[Montrose_LocalAlert_65;Calumet_LocalAlert_65;63rd_LocalAlert_65],[1.0000;1.0000;1.0000],6,6,1.0000,[[MontroseBeach201507071300_Turbidity];[MontroseBeach201507071000_Wave_Height];[CalumetBeach201507080100_Turbidity];[CalumetBeach201507071400_Water_Temperature];[63rdStreetBeach201507072200_Turbidity];[63rdStreetBeach201507061500_Wave_Period]]
2025-10-19 13:53:01.114,77.032,Regional_TripleAlert_75,complex,[Montrose_LocalAlert_75;Calumet_LocalAlert_75;63rd_LocalAlert_75],[1.0000;1.0000;1.0000],6,6,1.0000,[[MontroseBeach201507071300_Turbidity];[MontroseBeach201507071000_Wave_Height];[CalumetBeach201507080100_Turbidity];[CalumetBeach201507071400_Water_Temperature];[63rdStreetBeach201507072200_Turbidity];[63rdStreetBeach201507061500_Wave_Period]]
2025-10-19 13:53:01.114,77.032,MontroseToCalumet_AlertSpread_75,complex,[Montrose_LocalAlert_75;Calumet_LocalAlert_75],[1.0000;1.0000],4,4,1.0000,[[MontroseBeach201507071300_Turbidity];[MontroseBeach201507071000_Wave_Height];[CalumetBeach201507080100_Turbidity];[CalumetBeach201507071400_Water_Temperature]]
2025-10-19 13:53:01.114,77.032,Regional_TripleAlert_85,complex,[Montrose_LocalAlert_85;Calumet_LocalAlert_85;63rd_LocalAlert_85],[1.0000;1.0000;1.0000],6,6,1.0000,[[MontroseBeach201507071300_Turbidity];[MontroseBeach201507071000_Wave_Height];[CalumetBeach201507080100_Turbidity];[CalumetBeach201507071400_Water_Temperature];[63rdStreetBeach201507072200_Turbidity];[63rdStreetBeach201507061500_Wave_Period]]
2025-10-19 13:53:01.114,77.032,MontroseToCalumet_AlertSpread_85,complex,[Montrose_LocalAlert_85;Calumet_LocalAlert_85],[1.0000;1.0000],4,4,1.0000,[[MontroseBeach201507071300_Turbidity];[MontroseBeach201507071000_Wave_Height];[CalumetBeach201507080100_Turbidity];[CalumetBeach201507071400_Water_Temperature]]
2025-10-19 13:53:01.114,77.032,Regional_TripleAlert_95,complex,[Montrose_LocalAlert_95;Calumet_LocalAlert_95;63rd_LocalAlert_95],[1.0000;1.0000;1.0000],6,6,1.0000,[[MontroseBeach201507071300_Turbidity];[MontroseBeach201507071000_Wave_Height];[CalumetBeach201507080100_Turbidity];[CalumetBeach201507071400_Water_Temperature];[63rdStreetBeach201507072200_Turbidity];[63rdStreetBeach201507061500_Wave_Period]]
2025-10-19 13:53:01.114,77.032,MontroseToCalumet_AlertSpread_95,complex,[Montrose_LocalAlert_95;Calumet_LocalAlert_95],[1.0000;1.0000],4,4,1.0000,[[MontroseBeach201507071300_Turbidity];[MontroseBeach201507071000_Wave_Height];[CalumetBeach201507080100_Turbidity];[CalumetBeach201507071400_Water_Temperature]]
2025-10-19 13:53:01.174,77.092,Calumet_LowWaterTemp_65,atomic,[Calumet_LowWaterTemp_65],[1.0000],1,1,1.0000,[[CalumetBeach201507080200_Water_Temperature]]
2025-10-19 13:53:01.174,77.092,Calumet_LowWaterTemp_75,atomic,[Calumet_LowWaterTemp_75],[1.0000],1,1,1.0000,[[CalumetBeach201507080200_Water_Temperature]]
2025-10-19 13:53:01.174,77.092,Calumet_LowWaterTemp_85,atomic,[Calumet_LowWaterTemp_85],[1.0000],1,1,1.0000,[[CalumetBeach201507080200_Water_Temperature]]
2025-10-19 13:53:01.174,77.092,Calumet_LowWaterTemp_95,atomic,[Calumet_LowWaterTemp_95],[1.0000],1,1,1.0000,[[CalumetBeach201507080200_Water_Temperature]]
2025-10-19 13:53:01.175,77.093,Calumet_HighTurbidity_65,atomic,[Calumet_HighTurbidity_65],[1.0000],1,1,1.0000,[[CalumetBeach201507080200_Turbidity]]
2025-10-19 13:53:01.175,77.093,Calumet_HighTurbidity_75,atomic,[Calumet_HighTurbidity_75],[1.0000],1,1,1.0000,[[CalumetBeach201507080200_Turbidity]]
2025-10-19 13:53:01.175,77.093,Calumet_HighTurbidity_85,atomic,[Calumet_HighTurbidity_85],[1.0000],1,1,1.0000,[[CalumetBeach201507080200_Turbidity]]
2025-10-19 13:53:01.175,77.093,Calumet_HighTurbidity_95,atomic,[Calumet_HighTurbidity_95],[1.0000],1,1,1.0000,[[CalumetBeach201507080200_Turbidity]]
2025-10-19 13:53:01.175,77.093,Calumet_LocalAlert_65,complex,[Calumet_HighTurbidity_65;Calumet_LowWaterTemp_65],[1.0000;1.0000],2,2,1.0000,[[CalumetBeach201507080200_Turbidity];[CalumetBeach201507080200_Water_Temperature]]
2025-10-19 13:53:01.175,77.093,Calumet_LocalAlert_75,complex,[Calumet_HighTurbidity_75;Calumet_LowWaterTemp_75],[1.0000;1.0000],2,2,1.0000,[[CalumetBeach201507080200_Turbidity];[CalumetBeach201507080200_Water_Temperature]]
2025-10-19 13:53:01.175,77.093,Calumet_LocalAlert_85,complex,[Calumet_HighTurbidity_85;Calumet_LowWaterTemp_85],[1.0000;1.0000],2,2,1.0000,[[CalumetBeach201507080200_Turbidity];[CalumetBeach201507080200_Water_Temperature]]
2025-10-19 13:53:01.175,77.093,Calumet_LocalAlert_95,complex,[Calumet_HighTurbidity_95;Calumet_LowWaterTemp_95],[1.0000;1.0000],2,2,1.0000,[[CalumetBeach201507080200_Turbidity];[CalumetBeach201507080200_Water_Temperature]]
2025-10-19 13:53:01.238,77.156,Montrose_HighTurbidity_65,atomic,[Montrose_HighTurbidity_65],[1.0000],1,1,1.0000,[[MontroseBeach201507080300_Turbidity]]
2025-10-19 13:53:01.238,77.156,Montrose_HighTurbidity_75,atomic,[Montrose_HighTurbidity_75],[1.0000],1,1,1.0000,[[MontroseBeach201507080300_Turbidity]]
2025-10-19 13:53:01.238,77.156,Montrose_HighTurbidity_85,atomic,[Montrose_HighTurbidity_85],[1.0000],1,1,1.0000,[[MontroseBeach201507080300_Turbidity]]
2025-10-19 13:53:01.238,77.156,Montrose_HighTurbidity_95,atomic,[Montrose_HighTurbidity_95],[1.0000],1,1,1.0000,[[MontroseBeach201507080300_Turbidity]]
2025-10-19 13:53:01.239,77.157,Montrose_LocalAlert_65,complex,[Montrose_HighTurbidity_65;Montrose_HighWave_65],[1.0000;1.0000],2,2,1.0000,[[MontroseBeach201507080300_Turbidity];[MontroseBeach201507072200_Wave_Height]]
2025-10-19 13:53:01.239,77.157,Montrose_LocalAlert_75,complex,[Montrose_HighTurbidity_75;Montrose_HighWave_75],[1.0000;1.0000],2,2,1.0000,[[MontroseBeach201507080300_Turbidity];[MontroseBeach201507072200_Wave_Height]]
2025-10-19 13:53:01.239,77.157,Montrose_LocalAlert_85,complex,[Montrose_HighTurbidity_85;Montrose_HighWave_85],[1.0000;1.0000],2,2,1.0000,[[MontroseBeach201507080300_Turbidity];[MontroseBeach201507072200_Wave_Height]]
2025-10-19 13:53:01.239,77.157,Montrose_LocalAlert_95,complex,[Montrose_HighTurbidity_95;Montrose_HighWave_95],[1.0000;1.0000],2,2,1.0000,[[MontroseBeach201507080300_Turbidity];[MontroseBeach201507072200_Wave_Height]]
2025-10-19 13:53:01.239,77.157,Montrose_HighWave_65,atomic,[Montrose_HighWave_65],[1.0000],1,1,1.0000,[[MontroseBeach201507080300_Wave_Height]]
2025-10-19 13:53:01.239,77.157,Montrose_HighWave_75,atomic,[Montrose_HighWave_75],[1.0000],1,1,1.0000,[[MontroseBeach201507080300_Wave_Height]]
2025-10-19 13:53:01.239,77.157,Montrose_HighWave_85,atomic,[Montrose_HighWave_85],[1.0000],1,1,1.0000,[[MontroseBeach201507080300_Wave_Height]]
2025-10-19 13:53:01.239,77.157,Montrose_HighWave_95,atomic,[Montrose_HighWave_95],[1.0000],1,1,1.0000,[[MontroseBeach201507080300_Wave_Height]]
2025-10-19 13:53:01.362,77.280,Calumet_LowWaterTemp_65,atomic,[Calumet_LowWaterTemp_65],[1.0000],1,1,1.0000,[[CalumetBeach201507080500_Water_Temperature]]
2025-10-19 13:53:01.363,77.281,Calumet_LowWaterTemp_75,atomic,[Calumet_LowWaterTemp_75],[1.0000],1,1,1.0000,[[CalumetBeach201507080500_Water_Temperature]]
2025-10-19 13:53:01.363,77.281,Calumet_LowWaterTemp_85,atomic,[Calumet_LowWaterTemp_85],[1.0000],1,1,1.0000,[[CalumetBeach201507080500_Water_Temperature]]
2025-10-19 13:53:01.363,77.281,Calumet_LowWaterTemp_95,atomic,[Calumet_LowWaterTemp_95],[1.0000],1,1,1.0000,[[CalumetBeach201507080500_Water_Temperature]]
2025-10-19 13:53:01.364,77.282,Montrose_HighTurbidity_65,atomic,[Montrose_HighTurbidity_65],[1.0000],1,1,1.0000,[[MontroseBeach201507080500_Turbidity]]
2025-10-19 13:53:01.364,77.282,Montrose_HighTurbidity_75,atomic,[Montrose_HighTurbidity_75],[1.0000],1,1,1.0000,[[MontroseBeach201507080500_Turbidity]]
2025-10-19 13:53:01.365,77.283,Montrose_HighTurbidity_85,atomic,[Montrose_HighTurbidity_85],[1.0000],1,1,1.0000,[[MontroseBeach201507080500_Turbidity]]
2025-10-19 13:53:01.365,77.283,Montrose_HighTurbidity_95,atomic,[Montrose_HighTurbidity_95],[1.0000],1,1,1.0000,[[MontroseBeach201507080500_Turbidity]]
2025-10-19 13:53:01.365,77.283,Montrose_LocalAlert_65,complex,[Montrose_HighTurbidity_65;Montrose_HighWave_65],[1.0000;1.0000],2,2,1.0000,[[MontroseBeach201507080500_Turbidity];[MontroseBeach201507080300_Wave_Height]]
2025-10-19 13:53:01.365,77.283,Montrose_LocalAlert_75,complex,[Montrose_HighTurbidity_75;Montrose_HighWave_75],[1.0000;1.0000],2,2,1.0000,[[MontroseBeach201507080500_Turbidity];[MontroseBeach201507080300_Wave_Height]]
2025-10-19 13:53:01.365,77.283,Montrose_LocalAlert_85,complex,[Montrose_HighTurbidity_85;Montrose_HighWave_85],[1.0000;1.0000],2,2,1.0000,[[MontroseBeach201507080500_Turbidity];[MontroseBeach201507080300_Wave_Height]]
2025-10-19 13:53:01.365,77.283,Montrose_LocalAlert_95,complex,[Montrose_HighTurbidity_95;Montrose_HighWave_95],[1.0000;1.0000],2,2,1.0000,[[MontroseBeach201507080500_Turbidity];[MontroseBeach201507080300_Wave_Height]]
2025-10-19 13:53:01.365,77.283,Montrose_HighWave_65,atomic,[Montrose_HighWave_65],[1.0000],1,1,1.0000,[[MontroseBeach201507080500_Wave_Height]]
2025-10-19 13:53:01.365,77.283,Montrose_HighWave_75,atomic,[Montrose_HighWave_75],[1.0000],1,1,1.0000,[[MontroseBeach201507080500_Wave_Height]]
2025-10-19 13:53:01.365,77.283,Montrose_HighWave_85,atomic,[Montrose_HighWave_85],[1.0000],1,1,1.0000,[[MontroseBeach201507080500_Wave_Height]]
2025-10-19 13:53:01.365,77.283,Montrose_HighWave_95,atomic,[Montrose_HighWave_95],[1.0000],1,1,1.0000,[[MontroseBeach201507080500_Wave_Height]]
2025-10-19 13:53:01.423,77.341,Calumet_LowWaterTemp_65,atomic,[Calumet_LowWaterTemp_65],[1.0000],1,1,1.0000,[[CalumetBeach201507080600_Water_Temperature]]
2025-10-19 13:53:01.423,77.341,Calumet_LowWaterTemp_75,atomic,[Calumet_LowWaterTemp_75],[1.0000],1,1,1.0000,[[CalumetBeach201507080600_Water_Temperature]]
2025-10-19 13:53:01.423,77.341,Calumet_LowWaterTemp_85,atomic,[Calumet_LowWaterTemp_85],[1.0000],1,1,1.0000,[[CalumetBeach201507080600_Water_Temperature]]
2025-10-19 13:53:01.423,77.341,Calumet_LowWaterTemp_95,atomic,[Calumet_LowWaterTemp_95],[1.0000],1,1,1.0000,[[CalumetBeach201507080600_Water_Temperature]]
2025-10-19 13:53:01.423,77.341,Calumet_HighTurbidity_65,atomic,[Calumet_HighTurbidity_65],[1.0000],1,1,1.0000,[[CalumetBeach201507080600_Turbidity]]
2025-10-19 13:53:01.424,77.342,Calumet_HighTurbidity_75,atomic,[Calumet_HighTurbidity_75],[1.0000],1,1,1.0000,[[CalumetBeach201507080600_Turbidity]]
2025-10-19 13:53:01.424,77.342,Calumet_HighTurbidity_85,atomic,[Calumet_HighTurbidity_85],[1.0000],1,1,1.0000,[[CalumetBeach201507080600_Turbidity]]
2025-10-19 13:53:01.424,77.342,Calumet_HighTurbidity_95,atomic,[Calumet_HighTurbidity_95],[1.0000],1,1,1.0000,[[CalumetBeach201507080600_Turbidity]]
2025-10-19 13:53:01.424,77.342,Calumet_LocalAlert_65,complex,[Calumet_HighTurbidity_65;Calumet_LowWaterTemp_65],[1.0000;1.0000],2,2,1.0000,[[CalumetBeach201507080600_Turbidity];[CalumetBeach201507080500_Water_Temperature]]
2025-10-19 13:53:01.424,77.342,Calumet_LocalAlert_75,complex,[Calumet_HighTurbidity_75;Calumet_LowWaterTemp_75],[1.0000;1.0000],2,2,1.0000,[[CalumetBeach201507080600_Turbidity];[CalumetBeach201507080500_Water_Temperature]]
2025-10-19 13:53:01.424,77.342,Calumet_LocalAlert_85,complex,[Calumet_HighTurbidity_85;Calumet_LowWaterTemp_85],[1.0000;1.0000],2,2,1.0000,[[CalumetBeach201507080600_Turbidity];[CalumetBeach201507080500_Water_Temperature]]
2025-10-19 13:53:01.424,77.342,Calumet_LocalAlert_95,complex,[Calumet_HighTurbidity_95;Calumet_LowWaterTemp_95],[1.0000;1.0000],2,2,1.0000,[[CalumetBeach201507080600_Turbidity];[CalumetBeach201507080500_Water_Temperature]]
2025-10-19 13:53:01.424,77.342,MontroseToCalumet_AlertSpread_65,complex,[Montrose_LocalAlert_65;Calumet_LocalAlert_65],[1.0000;1.0000],4,4,1.0000,[[MontroseBeach201507080300_Turbidity];[MontroseBeach201507072200_Wave_Height];[CalumetBeach201507080600_Turbidity];[CalumetBeach201507080500_Water_Temperature]]
2025-10-19 13:53:01.424,77.342,MontroseToCalumet_AlertSpread_75,complex,[Montrose_LocalAlert_75;Calumet_LocalAlert_75],[1.0000;1.0000],4,4,1.0000,[[MontroseBeach201507080300_Turbidity];[MontroseBeach201507072200_Wave_Height];[CalumetBeach201507080600_Turbidity];[CalumetBeach201507080500_Water_Temperature]]
2025-10-19 13:53:01.424,77.342,MontroseToCalumet_AlertSpread_85,complex,[Montrose_LocalAlert_85;Calumet_LocalAlert_85],[1.0000;1.0000],4,4,1.0000,[[MontroseBeach201507080300_Turbidity];[MontroseBeach201507072200_Wave_Height];[CalumetBeach201507080600_Turbidity];[CalumetBeach201507080500_Water_Temperature]]
2025-10-19 13:53:01.424,77.342,MontroseToCalumet_AlertSpread_95,complex,[Montrose_LocalAlert_95;Calumet_LocalAlert_95],[1.0000;1.0000],4,4,1.0000,[[MontroseBeach201507080300_Turbidity];[MontroseBeach201507072200_Wave_Height];[CalumetBeach201507080600_Turbidity];[CalumetBeach201507080500_Water_Temperature]]
2025-10-19 13:53:01.732,77.650,Calumet_LowWaterTemp_65,atomic,[Calumet_LowWaterTemp_65],[1.0000],1,1,1.0000,[[CalumetBeach201507081100_Water_Temperature]]
2025-10-19 13:53:01.733,77.651,Calumet_LowWaterTemp_75,atomic,[Calumet_LowWaterTemp_75],[1.0000],1,1,1.0000,[[CalumetBeach201507081100_Water_Temperature]]
2025-10-19 13:53:01.733,77.651,Calumet_LowWaterTemp_85,atomic,[Calumet_LowWaterTemp_85],[1.0000],1,1,1.0000,[[CalumetBeach201507081100_Water_Temperature]]
2025-10-19 13:53:01.733,77.651,Calumet_LowWaterTemp_95,atomic,[Calumet_LowWaterTemp_95],[1.0000],1,1,1.0000,[[CalumetBeach201507081100_Water_Temperature]]
2025-10-19 13:53:01.996,77.914,Montrose_HighTurbidity_65,atomic,[Montrose_HighTurbidity_65],[1.0000],1,1,1.0000,[[MontroseBeach201507081500_Turbidity]]
2025-10-19 13:53:01.996,77.914,Montrose_HighTurbidity_75,atomic,[Montrose_HighTurbidity_75],[1.0000],1,1,1.0000,[[MontroseBeach201507081500_Turbidity]]
2025-10-19 13:53:01.996,77.914,Montrose_HighTurbidity_85,atomic,[Montrose_HighTurbidity_85],[1.0000],1,1,1.0000,[[MontroseBeach201507081500_Turbidity]]
2025-10-19 13:53:01.996,77.914,Montrose_HighTurbidity_95,atomic,[Montrose_HighTurbidity_95],[1.0000],1,1,1.0000,[[MontroseBeach201507081500_Turbidity]]
2025-10-19 13:53:01.996,77.914,Montrose_LocalAlert_65,complex,[Montrose_HighTurbidity_65;Montrose_HighWave_65],[1.0000;1.0000],2,2,1.0000,[[MontroseBeach201507081500_Turbidity];[MontroseBeach201507080500_Wave_Height]]
2025-10-19 13:53:01.996,77.914,Montrose_LocalAlert_75,complex,[Montrose_HighTurbidity_75;Montrose_HighWave_75],[1.0000;1.0000],2,2,1.0000,[[MontroseBeach201507081500_Turbidity];[MontroseBeach201507080500_Wave_Height]]
2025-10-19 13:53:01.996,77.914,Montrose_LocalAlert_85,complex,[Montrose_HighTurbidity_85;Montrose_HighWave_85],[1.0000;1.0000],2,2,1.0000,[[MontroseBeach201507081500_Turbidity];[MontroseBeach201507080500_Wave_Height]]
2025-10-19 13:53:01.997,77.915,Montrose_LocalAlert_95,complex,[Montrose_HighTurbidity_95;Montrose_HighWave_95],[1.0000;1.0000],2,2,1.0000,[[MontroseBeach201507081500_Turbidity];[MontroseBeach201507080500_Wave_Height]]
2025-10-19 13:53:02.061,77.979,Calumet_LowWaterTemp_65,atomic,[Calumet_LowWaterTemp_65],[1.0000],1,1,1.0000,[[CalumetBeach201507081600_Water_Temperature]]
2025-10-19 13:53:02.061,77.979,Calumet_LowWaterTemp_75,atomic,[Calumet_LowWaterTemp_75],[1.0000],1,1,1.0000,[[CalumetBeach201507081600_Water_Temperature]]
2025-10-19 13:53:02.061,77.979,Calumet_LowWaterTemp_85,atomic,[Calumet_LowWaterTemp_85],[1.0000],1,1,1.0000,[[CalumetBeach201507081600_Water_Temperature]]
2025-10-19 13:53:02.061,77.979,Calumet_LowWaterTemp_95,atomic,[Calumet_LowWaterTemp_95],[1.0000],1,1,1.0000,[[CalumetBeach201507081600_Water_Temperature]]
2025-10-19 13:53:02.186,78.104,Montrose_HighTurbidity_65,atomic,[Montrose_HighTurbidity_65],[1.0000],1,1,1.0000,[[MontroseBeach201507081800_Turbidity]]
2025-10-19 13:53:02.186,78.104,Montrose_HighTurbidity_75,atomic,[Montrose_HighTurbidity_75],[1.0000],1,1,1.0000,[[MontroseBeach201507081800_Turbidity]]
2025-10-19 13:53:02.186,78.104,Montrose_HighTurbidity_85,atomic,[Montrose_HighTurbidity_85],[1.0000],1,1,1.0000,[[MontroseBeach201507081800_Turbidity]]
2025-10-19 13:53:02.187,78.105,Montrose_HighTurbidity_95,atomic,[Montrose_HighTurbidity_95],[1.0000],1,1,1.0000,[[MontroseBeach201507081800_Turbidity]]
2025-10-19 13:53:02.248,78.166,Calumet_LowWaterTemp_65,atomic,[Calumet_LowWaterTemp_65],[1.0000],1,1,1.0000,[[CalumetBeach201507081900_Water_Temperature]]
2025-10-19 13:53:02.248,78.166,Calumet_LowWaterTemp_75,atomic,[Calumet_LowWaterTemp_75],[1.0000],1,1,1.0000,[[CalumetBeach201507081900_Water_Temperature]]
2025-10-19 13:53:02.248,78.166,Calumet_LowWaterTemp_85,atomic,[Calumet_LowWaterTemp_85],[1.0000],1,1,1.0000,[[CalumetBeach201507081900_Water_Temperature]]
2025-10-19 13:53:02.248,78.166,Calumet_LowWaterTemp_95,atomic,[Calumet_LowWaterTemp_95],[1.0000],1,1,1.0000,[[CalumetBeach201507081900_Water_Temperature]]
2025-10-19 13:53:02.299,78.217,Calumet_LowWaterTemp_65,atomic,[Calumet_LowWaterTemp_65],[1.0000],1,1,1.0000,[[CalumetBeach201507082000_Water_Temperature]]
2025-10-19 13:53:02.299,78.217,Calumet_LowWaterTemp_75,atomic,[Calumet_LowWaterTemp_75],[1.0000],1,1,1.0000,[[CalumetBeach201507082000_Water_Temperature]]
2025-10-19 13:53:02.300,78.218,Calumet_LowWaterTemp_85,atomic,[Calumet_LowWaterTemp_85],[1.0000],1,1,1.0000,[[CalumetBeach201507082000_Water_Temperature]]
2025-10-19 13:53:02.300,78.218,Calumet_LowWaterTemp_95,atomic,[Calumet_LowWaterTemp_95],[1.0000],1,1,1.0000,[[CalumetBeach201507082000_Water_Temperature]]
2025-10-19 13:53:02.432,78.350,Montrose_HighTurbidity_65,atomic,[Montrose_HighTurbidity_65],[1.0000],1,1,1.0000,[[MontroseBeach201507082200_Turbidity]]
2025-10-19 13:53:02.432,78.350,Montrose_HighTurbidity_75,atomic,[Montrose_HighTurbidity_75],[1.0000],1,1,1.0000,[[MontroseBeach201507082200_Turbidity]]
2025-10-19 13:53:02.432,78.350,Montrose_HighTurbidity_85,atomic,[Montrose_HighTurbidity_85],[1.0000],1,1,1.0000,[[MontroseBeach201507082200_Turbidity]]
2025-10-19 13:53:02.432,78.350,Montrose_HighTurbidity_95,atomic,[Montrose_HighTurbidity_95],[1.0000],1,1,1.0000,[[MontroseBeach201507082200_Turbidity]]
2025-10-19 13:53:02.487,78.405,Montrose_HighTurbidity_65,atomic,[Montrose_HighTurbidity_65],[1.0000],1,1,1.0000,[[MontroseBeach201507082300_Turbidity]]
2025-10-19 13:53:02.487,78.405,Montrose_HighTurbidity_75,atomic,[Montrose_HighTurbidity_75],[1.0000],1,1,1.0000,[[MontroseBeach201507082300_Turbidity]]
2025-10-19 13:53:02.487,78.405,Montrose_HighTurbidity_85,atomic,[Montrose_HighTurbidity_85],[1.0000],1,1,1.0000,[[MontroseBeach201507082300_Turbidity]]
2025-10-19 13:53:02.487,78.405,Montrose_HighTurbidity_95,atomic,[Montrose_HighTurbidity_95],[1.0000],1,1,1.0000,[[MontroseBeach201507082300_Turbidity]]
2025-10-19 13:53:02.551,78.469,Montrose_HighTurbidity_65,atomic,[Montrose_HighTurbidity_65],[1.0000],1,1,1.0000,[[MontroseBeach201507092400_Turbidity]]
2025-10-19 13:53:02.552,78.470,Montrose_HighTurbidity_75,atomic,[Montrose_HighTurbidity_75],[1.0000],1,1,1.0000,[[MontroseBeach201507092400_Turbidity]]
2025-10-19 13:53:02.552,78.470,Montrose_HighTurbidity_85,atomic,[Montrose_HighTurbidity_85],[1.0000],1,1,1.0000,[[MontroseBeach201507092400_Turbidity]]
2025-10-19 13:53:02.552,78.470,Montrose_HighTurbidity_95,atomic,[Montrose_HighTurbidity_95],[1.0000],1,1,1.0000,[[MontroseBeach201507092400_Turbidity]]
2025-10-19 13:53:02.615,78.533,Calumet_LowWaterTemp_65,atomic,[Calumet_LowWaterTemp_65],[1.0000],1,1,1.0000,[[CalumetBeach201507090100_Water_Temperature]]
2025-10-19 13:53:02.616,78.534,Calumet_LowWaterTemp_75,atomic,[Calumet_LowWaterTemp_75],[1.0000],1,1,1.0000,[[CalumetBeach201507090100_Water_Temperature]]
2025-10-19 13:53:02.616,78.534,Calumet_LowWaterTemp_85,atomic,[Calumet_LowWaterTemp_85],[1.0000],1,1,1.0000,[[CalumetBeach201507090100_Water_Temperature]]
2025-10-19 13:53:02.616,78.534,Calumet_LowWaterTemp_95,atomic,[Calumet_LowWaterTemp_95],[1.0000],1,1,1.0000,[[CalumetBeach201507090100_Water_Temperature]]
2025-10-19 13:53:02.753,78.671,Calumet_LowWaterTemp_65,atomic,[Calumet_LowWaterTemp_65],[1.0000],1,1,1.0000,[[CalumetBeach201507090300_Water_Temperature]]
2025-10-19 13:53:02.753,78.671,Calumet_LowWaterTemp_75,atomic,[Calumet_LowWaterTemp_75],[1.0000],1,1,1.0000,[[CalumetBeach201507090300_Water_Temperature]]
2025-10-19 13:53:02.753,78.671,Calumet_LowWaterTemp_85,atomic,[Calumet_LowWaterTemp_85],[1.0000],1,1,1.0000,[[CalumetBeach201507090300_Water_Temperature]]
2025-10-19 13:53:02.753,78.671,Calumet_LowWaterTemp_95,atomic,[Calumet_LowWaterTemp_95],[1.0000],1,1,1.0000,[[CalumetBeach201507090300_Water_Temperature]]
2025-10-19 13:53:02.940,78.858,Calumet_LowWaterTemp_65,atomic,[Calumet_LowWaterTemp_65],[1.0000],1,1,1.0000,[[CalumetBeach201507090600_Water_Temperature]]
2025-10-19 13:53:02.940,78.858,Calumet_LowWaterTemp_75,atomic,[Calumet_LowWaterTemp_75],[1.0000],1,1,1.0000,[[CalumetBeach201507090600_Water_Temperature]]
2025-10-19 13:53:02.940,78.858,Calumet_LowWaterTemp_85,atomic,[Calumet_LowWaterTemp_85],[1.0000],1,1,1.0000,[[CalumetBeach201507090600_Water_Temperature]]
2025-10-19 13:53:02.940,78.858,Calumet_LowWaterTemp_95,atomic,[Calumet_LowWaterTemp_95],[1.0000],1,1,1.0000,[[CalumetBeach201507090600_Water_Temperature]]
2025-10-19 13:53:03.002,78.920,Calumet_LowWaterTemp_65,atomic,[Calumet_LowWaterTemp_65],[1.0000],1,1,1.0000,[[CalumetBeach201507090700_Water_Temperature]]
2025-10-19 13:53:03.002,78.920,Calumet_LowWaterTemp_75,atomic,[Calumet_LowWaterTemp_75],[1.0000],1,1,1.0000,[[CalumetBeach201507090700_Water_Temperature]]
2025-10-19 13:53:03.002,78.920,Calumet_LowWaterTemp_85,atomic,[Calumet_LowWaterTemp_85],[1.0000],1,1,1.0000,[[CalumetBeach201507090700_Water_Temperature]]
2025-10-19 13:53:03.002,78.920,Calumet_LowWaterTemp_95,atomic,[Calumet_LowWaterTemp_95],[1.0000],1,1,1.0000,[[CalumetBeach201507090700_Water_Temperature]]
2025-10-19 13:53:03.248,79.166,Montrose_HighTurbidity_65,atomic,[Montrose_HighTurbidity_65],[1.0000],1,1,1.0000,[[MontroseBeach201507091100_Turbidity]]
2025-10-19 13:53:03.249,79.167,Montrose_HighTurbidity_75,atomic,[Montrose_HighTurbidity_75],[1.0000],1,1,1.0000,[[MontroseBeach201507091100_Turbidity]]
2025-10-19 13:53:03.249,79.167,Montrose_HighTurbidity_85,atomic,[Montrose_HighTurbidity_85],[1.0000],1,1,1.0000,[[MontroseBeach201507091100_Turbidity]]
2025-10-19 13:53:03.249,79.167,Montrose_HighTurbidity_95,atomic,[Montrose_HighTurbidity_95],[1.0000],1,1,1.0000,[[MontroseBeach201507091100_Turbidity]]
2025-10-19 13:53:03.249,79.167,Montrose_HighWave_65,atomic,[Montrose_HighWave_65],[1.0000],1,1,1.0000,[[MontroseBeach201507091100_Wave_Height]]
2025-10-19 13:53:03.249,79.167,Montrose_HighWave_75,atomic,[Montrose_HighWave_75],[1.0000],1,1,1.0000,[[MontroseBeach201507091100_Wave_Height]]
2025-10-19 13:53:03.249,79.167,Montrose_HighWave_85,atomic,[Montrose_HighWave_85],[1.0000],1,1,1.0000,[[MontroseBeach201507091100_Wave_Height]]
2025-10-19 13:53:03.249,79.167,Montrose_HighWave_95,atomic,[Montrose_HighWave_95],[1.0000],1,1,1.0000,[[MontroseBeach201507091100_Wave_Height]]
2025-10-19 13:53:03.250,79.168,Montrose_LocalAlert_65,complex,[Montrose_HighTurbidity_65;Montrose_HighWave_65],[1.0000;1.0000],2,2,1.0000,[[MontroseBeach201507081800_Turbidity];[MontroseBeach201507091100_Wave_Height]]
2025-10-19 13:53:03.250,79.168,Montrose_LocalAlert_75,complex,[Montrose_HighTurbidity_75;Montrose_HighWave_75],[1.0000;1.0000],2,2,1.0000,[[MontroseBeach201507081800_Turbidity];[MontroseBeach201507091100_Wave_Height]]
2025-10-19 13:53:03.250,79.168,Montrose_LocalAlert_85,complex,[Montrose_HighTurbidity_85;Montrose_HighWave_85],[1.0000;1.0000],2,2,1.0000,[[MontroseBeach201507081800_Turbidity];[MontroseBeach201507091100_Wave_Height]]
2025-10-19 13:53:03.250,79.168,Montrose_LocalAlert_95,complex,[Montrose_HighTurbidity_95;Montrose_HighWave_95],[1.0000;1.0000],2,2,1.0000,[[MontroseBeach201507081800_Turbidity];[MontroseBeach201507091100_Wave_Height]]
2025-10-19 13:53:03.254,79.172,Calumet_LowWaterTemp_65,atomic,[Calumet_LowWaterTemp_65],[1.0000],1,1,1.0000,[[CalumetBeach201507091100_Water_Temperature]]
2025-10-19 13:53:03.254,79.172,Calumet_LowWaterTemp_75,atomic,[Calumet_LowWaterTemp_75],[1.0000],1,1,1.0000,[[CalumetBeach201507091100_Water_Temperature]]
2025-10-19 13:53:03.254,79.172,Calumet_LowWaterTemp_85,atomic,[Calumet_LowWaterTemp_85],[1.0000],1,1,1.0000,[[CalumetBeach201507091100_Water_Temperature]]
2025-10-19 13:53:03.255,79.173,Calumet_LowWaterTemp_95,atomic,[Calumet_LowWaterTemp_95],[1.0000],1,1,1.0000,[[CalumetBeach201507091100_Water_Temperature]]
2025-10-19 13:53:03.362,79.280,Calumet_LowWaterTemp_65,atomic,[Calumet_LowWaterTemp_65],[1.0000],1,1,1.0000,[[CalumetBeach201507091300_Water_Temperature]]
2025-10-19 13:53:03.362,79.280,Calumet_LowWaterTemp_75,atomic,[Calumet_LowWaterTemp_75],[1.0000],1,1,1.0000,[[CalumetBeach201507091300_Water_Temperature]]
2025-10-19 13:53:03.362,79.280,Calumet_LowWaterTemp_85,atomic,[Calumet_LowWaterTemp_85],[1.0000],1,1,1.0000,[[CalumetBeach201507091300_Water_Temperature]]
2025-10-19 13:53:03.362,79.280,Calumet_LowWaterTemp_95,atomic,[Calumet_LowWaterTemp_95],[1.0000],1,1,1.0000,[[CalumetBeach201507091300_Water_Temperature]]
2025-10-19 13:53:03.561,79.479,Calumet_LowWaterTemp_65,atomic,[Calumet_LowWaterTemp_65],[1.0000],1,1,1.0000,[[CalumetBeach201507091600_Water_Temperature]]
2025-10-19 13:53:03.562,79.480,Calumet_LowWaterTemp_75,atomic,[Calumet_LowWaterTemp_75],[1.0000],1,1,1.0000,[[CalumetBeach201507091600_Water_Temperature]]
2025-10-19 13:53:03.562,79.480,Calumet_LowWaterTemp_85,atomic,[Calumet_LowWaterTemp_85],[1.0000],1,1,1.0000,[[CalumetBeach201507091600_Water_Temperature]]
2025-10-19 13:53:03.562,79.480,Calumet_LowWaterTemp_95,atomic,[Calumet_LowWaterTemp_95],[1.0000],1,1,1.0000,[[CalumetBeach201507091600_Water_Temperature]]
2025-10-19 13:53:03.612,79.530,Calumet_LowWaterTemp_65,atomic,[Calumet_LowWaterTemp_65],[1.0000],1,1,1.0000,[[CalumetBeach201507091700_Water_Temperature]]
2025-10-19 13:53:03.613,79.531,Calumet_LowWaterTemp_75,atomic,[Calumet_LowWaterTemp_75],[1.0000],1,1,1.0000,[[CalumetBeach201507091700_Water_Temperature]]
2025-10-19 13:53:03.613,79.531,Calumet_LowWaterTemp_85,atomic,[Calumet_LowWaterTemp_85],[1.0000],1,1,1.0000,[[CalumetBeach201507091700_Water_Temperature]]
2025-10-19 13:53:03.613,79.531,Calumet_LowWaterTemp_95,atomic,[Calumet_LowWaterTemp_95],[1.0000],1,1,1.0000,[[CalumetBeach201507091700_Water_Temperature]]
2025-10-19 13:53:03.734,79.652,Calumet_LowWaterTemp_65,atomic,[Calumet_LowWaterTemp_65],[1.0000],1,1,1.0000,[[CalumetBeach201507091900_Water_Temperature]]
2025-10-19 13:53:03.734,79.652,Calumet_LowWaterTemp_75,atomic,[Calumet_LowWaterTemp_75],[1.0000],1,1,1.0000,[[CalumetBeach201507091900_Water_Temperature]]
2025-10-19 13:53:03.734,79.652,Calumet_LowWaterTemp_85,atomic,[Calumet_LowWaterTemp_85],[1.0000],1,1,1.0000,[[CalumetBeach201507091900_Water_Temperature]]
2025-10-19 13:53:03.734,79.652,Calumet_LowWaterTemp_95,atomic,[Calumet_LowWaterTemp_95],[1.0000],1,1,1.0000,[[CalumetBeach201507091900_Water_Temperature]]
2025-10-19 13:53:03.981,79.899,Calumet_LowWaterTemp_65,atomic,[Calumet_LowWaterTemp_65],[1.0000],1,1,1.0000,[[CalumetBeach201507092300_Water_Temperature]]
2025-10-19 13:53:03.981,79.899,Calumet_LowWaterTemp_75,atomic,[Calumet_LowWaterTemp_75],[1.0000],1,1,1.0000,[[CalumetBeach201507092300_Water_Temperature]]
2025-10-19 13:53:03.981,79.899,Calumet_LowWaterTemp_85,atomic,[Calumet_LowWaterTemp_85],[1.0000],1,1,1.0000,[[CalumetBeach201507092300_Water_Temperature]]
2025-10-19 13:53:03.981,79.899,Calumet_LowWaterTemp_95,atomic,[Calumet_LowWaterTemp_95],[1.0000],1,1,1.0000,[[CalumetBeach201507092300_Water_Temperature]]
2025-10-19 13:53:04.602,80.520,Calumet_LowWaterTemp_65,atomic,[Calumet_LowWaterTemp_65],[1.0000],1,1,1.0000,[[CalumetBeach201507100900_Water_Temperature]]
2025-10-19 13:53:04.603,80.521,Calumet_LowWaterTemp_75,atomic,[Calumet_LowWaterTemp_75],[1.0000],1,1,1.0000,[[CalumetBeach201507100900_Water_Temperature]]
2025-10-19 13:53:04.603,80.521,Calumet_LowWaterTemp_85,atomic,[Calumet_LowWaterTemp_85],[1.0000],1,1,1.0000,[[CalumetBeach201507100900_Water_Temperature]]
2025-10-19 13:53:04.603,80.521,Calumet_LowWaterTemp_95,atomic,[Calumet_LowWaterTemp_95],[1.0000],1,1,1.0000,[[CalumetBeach201507100900_Water_Temperature]]
2025-10-19 13:53:05.055,80.973,Calumet_LowWaterTemp_65,atomic,[Calumet_LowWaterTemp_65],[1.0000],1,1,1.0000,[[CalumetBeach201507101600_Water_Temperature]]
2025-10-19 13:53:05.055,80.973,Calumet_LowWaterTemp_75,atomic,[Calumet_LowWaterTemp_75],[1.0000],1,1,1.0000,[[CalumetBeach201507101600_Water_Temperature]]
2025-10-19 13:53:05.055,80.973,Calumet_LowWaterTemp_85,atomic,[Calumet_LowWaterTemp_85],[1.0000],1,1,1.0000,[[CalumetBeach201507101600_Water_Temperature]]
2025-10-19 13:53:05.056,80.974,Calumet_LowWaterTemp_95,atomic,[Calumet_LowWaterTemp_95],[1.0000],1,1,1.0000,[[CalumetBeach201507101600_Water_Temperature]]
2025-10-19 13:53:05.232,81.150,63rd_HighWavePeriod_65,atomic,[63rd_HighWavePeriod_65],[1.0000],1,1,1.0000,[[63rdStreetBeach201507101900_Wave_Period]]
2025-10-19 13:53:05.232,81.150,63rd_HighWavePeriod_75,atomic,[63rd_HighWavePeriod_75],[1.0000],1,1,1.0000,[[63rdStreetBeach201507101900_Wave_Period]]
2025-10-19 13:53:05.232,81.150,63rd_HighWavePeriod_85,atomic,[63rd_HighWavePeriod_85],[1.0000],1,1,1.0000,[[63rdStreetBeach201507101900_Wave_Period]]
2025-10-19 13:53:05.232,81.150,63rd_HighWavePeriod_95,atomic,[63rd_HighWavePeriod_95],[1.0000],1,1,1.0000,[[63rdStreetBeach201507101900_Wave_Period]]
2025-10-19 13:53:05.350,81.268,Calumet_LowWaterTemp_65,atomic,[Calumet_LowWaterTemp_65],[1.0000],1,1,1.0000,[[CalumetBeach201507102100_Water_Temperature]]
2025-10-19 13:53:05.350,81.268,Calumet_LowWaterTemp_75,atomic,[Calumet_LowWaterTemp_75],[1.0000],1,1,1.0000,[[CalumetBeach201507102100_Water_Temperature]]
2025-10-19 13:53:05.350,81.268,Calumet_LowWaterTemp_85,atomic,[Calumet_LowWaterTemp_85],[1.0000],1,1,1.0000,[[CalumetBeach201507102100_Water_Temperature]]
2025-10-19 13:53:05.350,81.268,Calumet_LowWaterTemp_95,atomic,[Calumet_LowWaterTemp_95],[1.0000],1,1,1.0000,[[CalumetBeach201507102100_Water_Temperature]]
2025-10-19 13:53:05.503,81.421,63rd_HighWavePeriod_65,atomic,[63rd_HighWavePeriod_65],[1.0000],1,1,1.0000,[[63rdStreetBeach201507102300_Wave_Period]]
2025-10-19 13:53:05.503,81.421,63rd_HighWavePeriod_75,atomic,[63rd_HighWavePeriod_75],[1.0000],1,1,1.0000,[[63rdStreetBeach201507102300_Wave_Period]]
2025-10-19 13:53:05.503,81.421,63rd_HighWavePeriod_85,atomic,[63rd_HighWavePeriod_85],[1.0000],1,1,1.0000,[[63rdStreetBeach201507102300_Wave_Period]]
2025-10-19 13:53:05.503,81.421,63rd_HighWavePeriod_95,atomic,[63rd_HighWavePeriod_95],[1.0000],1,1,1.0000,[[63rdStreetBeach201507102300_Wave_Period]]
2025-10-19 13:53:05.675,81.593,Calumet_LowWaterTemp_65,atomic,[Calumet_LowWaterTemp_65],[1.0000],1,1,1.0000,[[CalumetBeach201507110200_Water_Temperature]]
2025-10-19 13:53:05.676,81.594,Calumet_LowWaterTemp_75,atomic,[Calumet_LowWaterTemp_75],[1.0000],1,1,1.0000,[[CalumetBeach201507110200_Water_Temperature]]
2025-10-19 13:53:05.676,81.594,Calumet_LowWaterTemp_85,atomic,[Calumet_LowWaterTemp_85],[1.0000],1,1,1.0000,[[CalumetBeach201507110200_Water_Temperature]]
2025-10-19 13:53:05.676,81.594,Calumet_LowWaterTemp_95,atomic,[Calumet_LowWaterTemp_95],[1.0000],1,1,1.0000,[[CalumetBeach201507110200_Water_Temperature]]
2025-10-19 13:53:05.729,81.647,63rd_HighWavePeriod_65,atomic,[63rd_HighWavePeriod_65],[1.0000],1,1,1.0000,[[63rdStreetBeach201507110300_Wave_Period]]
2025-10-19 13:53:05.729,81.647,63rd_HighWavePeriod_75,atomic,[63rd_HighWavePeriod_75],[1.0000],1,1,1.0000,[[63rdStreetBeach201507110300_Wave_Period]]
2025-10-19 13:53:05.729,81.647,63rd_HighWavePeriod_85,atomic,[63rd_HighWavePeriod_85],[1.0000],1,1,1.0000,[[63rdStreetBeach201507110300_Wave_Period]]
2025-10-19 13:53:05.729,81.647,63rd_HighWavePeriod_95,atomic,[63rd_HighWavePeriod_95],[1.0000],1,1,1.0000,[[63rdStreetBeach201507110300_Wave_Period]]
2025-10-19 13:53:05.729,81.647,Calumet_LowWaterTemp_65,atomic,[Calumet_LowWaterTemp_65],[1.0000],1,1,1.0000,[[CalumetBeach201507110300_Water_Temperature]]
2025-10-19 13:53:05.729,81.647,Calumet_LowWaterTemp_75,atomic,[Calumet_LowWaterTemp_75],[1.0000],1,1,1.0000,[[CalumetBeach201507110300_Water_Temperature]]
2025-10-19 13:53:05.729,81.647,Calumet_LowWaterTemp_85,atomic,[Calumet_LowWaterTemp_85],[1.0000],1,1,1.0000,[[CalumetBeach201507110300_Water_Temperature]]
2025-10-19 13:53:05.729,81.647,Calumet_LowWaterTemp_95,atomic,[Calumet_LowWaterTemp_95],[1.0000],1,1,1.0000,[[CalumetBeach201507110300_Water_Temperature]]
2025-10-19 13:53:05.925,81.843,Calumet_LowWaterTemp_65,atomic,[Calumet_LowWaterTemp_65],[1.0000],1,1,1.0000,[[CalumetBeach201507110600_Water_Temperature]]
2025-10-19 13:53:05.926,81.844,Calumet_LowWaterTemp_75,atomic,[Calumet_LowWaterTemp_75],[1.0000],1,1,1.0000,[[CalumetBeach201507110600_Water_Temperature]]
2025-10-19 13:53:05.926,81.844,Calumet_LowWaterTemp_85,atomic,[Calumet_LowWaterTemp_85],[1.0000],1,1,1.0000,[[CalumetBeach201507110600_Water_Temperature]]
2025-10-19 13:53:05.926,81.844,Calumet_LowWaterTemp_95,atomic,[Calumet_LowWaterTemp_95],[1.0000],1,1,1.0000,[[CalumetBeach201507110600_Water_Temperature]]
2025-10-19 13:53:06.049,81.967,63rd_HighWavePeriod_65,atomic,[63rd_HighWavePeriod_65],[1.0000],1,1,1.0000,[[63rdStreetBeach201507110800_Wave_Period]]
2025-10-19 13:53:06.049,81.967,63rd_HighWavePeriod_75,atomic,[63rd_HighWavePeriod_75],[1.0000],1,1,1.0000,[[63rdStreetBeach201507110800_Wave_Period]]
2025-10-19 13:53:06.049,81.967,63rd_HighWavePeriod_85,atomic,[63rd_HighWavePeriod_85],[1.0000],1,1,1.0000,[[63rdStreetBeach201507110800_Wave_Period]]
2025-10-19 13:53:06.049,81.967,63rd_HighWavePeriod_95,atomic,[63rd_HighWavePeriod_95],[1.0000],1,1,1.0000,[[63rdStreetBeach201507110800_Wave_Period]]
2025-10-19 13:53:06.173,82.091,63rd_HighWavePeriod_65,atomic,[63rd_HighWavePeriod_65],[1.0000],1,1,1.0000,[[63rdStreetBeach201507111000_Wave_Period]]
2025-10-19 13:53:06.173,82.091,63rd_HighWavePeriod_75,atomic,[63rd_HighWavePeriod_75],[1.0000],1,1,1.0000,[[63rdStreetBeach201507111000_Wave_Period]]
2025-10-19 13:53:06.173,82.091,63rd_HighWavePeriod_85,atomic,[63rd_HighWavePeriod_85],[1.0000],1,1,1.0000,[[63rdStreetBeach201507111000_Wave_Period]]
2025-10-19 13:53:06.173,82.091,63rd_HighWavePeriod_95,atomic,[63rd_HighWavePeriod_95],[1.0000],1,1,1.0000,[[63rdStreetBeach201507111000_Wave_Period]]
2025-10-19 13:53:06.174,82.092,Calumet_LowWaterTemp_65,atomic,[Calumet_LowWaterTemp_65],[1.0000],1,1,1.0000,[[CalumetBeach201507111000_Water_Temperature]]
2025-10-19 13:53:06.174,82.092,Calumet_LowWaterTemp_75,atomic,[Calumet_LowWaterTemp_75],[1.0000],1,1,1.0000,[[CalumetBeach201507111000_Water_Temperature]]
2025-10-19 13:53:06.174,82.092,Calumet_LowWaterTemp_85,atomic,[Calumet_LowWaterTemp_85],[1.0000],1,1,1.0000,[[CalumetBeach201507111000_Water_Temperature]]
2025-10-19 13:53:06.174,82.092,Calumet_LowWaterTemp_95,atomic,[Calumet_LowWaterTemp_95],[1.0000],1,1,1.0000,[[CalumetBeach201507111000_Water_Temperature]]
2025-10-19 13:53:06.814,82.732,Calumet_LowWaterTemp_65,atomic,[Calumet_LowWaterTemp_65],[1.0000],1,1,1.0000,[[CalumetBeach201507112000_Water_Temperature]]
2025-10-19 13:53:06.814,82.732,Calumet_LowWaterTemp_75,atomic,[Calumet_LowWaterTemp_75],[1.0000],1,1,1.0000,[[CalumetBeach201507112000_Water_Temperature]]
2025-10-19 13:53:06.814,82.732,Calumet_LowWaterTemp_85,atomic,[Calumet_LowWaterTemp_85],[1.0000],1,1,1.0000,[[CalumetBeach201507112000_Water_Temperature]]
2025-10-19 13:53:06.814,82.732,Calumet_LowWaterTemp_95,atomic,[Calumet_LowWaterTemp_95],[1.0000],1,1,1.0000,[[CalumetBeach201507112000_Water_Temperature]]
2025-10-19 13:53:07.000,82.918,Calumet_LowWaterTemp_65,atomic,[Calumet_LowWaterTemp_65],[1.0000],1,1,1.0000,[[CalumetBeach201507112300_Water_Temperature]]
2025-10-19 13:53:07.001,82.919,Calumet_LowWaterTemp_75,atomic,[Calumet_LowWaterTemp_75],[1.0000],1,1,1.0000,[[CalumetBeach201507112300_Water_Temperature]]
2025-10-19 13:53:07.001,82.919,Calumet_LowWaterTemp_85,atomic,[Calumet_LowWaterTemp_85],[1.0000],1,1,1.0000,[[CalumetBeach201507112300_Water_Temperature]]
2025-10-19 13:53:07.001,82.919,Calumet_LowWaterTemp_95,atomic,[Calumet_LowWaterTemp_95],[1.0000],1,1,1.0000,[[CalumetBeach201507112300_Water_Temperature]]
2025-10-19 13:53:07.051,82.969,Calumet_LowWaterTemp_65,atomic,[Calumet_LowWaterTemp_65],[1.0000],1,1,1.0000,[[CalumetBeach201507122400_Water_Temperature]]
2025-10-19 13:53:07.051,82.969,Calumet_LowWaterTemp_75,atomic,[Calumet_LowWaterTemp_75],[1.0000],1,1,1.0000,[[CalumetBeach201507122400_Water_Temperature]]
2025-10-19 13:53:07.051,82.969,Calumet_LowWaterTemp_85,atomic,[Calumet_LowWaterTemp_85],[1.0000],1,1,1.0000,[[CalumetBeach201507122400_Water_Temperature]]
2025-10-19 13:53:07.051,82.969,Calumet_LowWaterTemp_95,atomic,[Calumet_LowWaterTemp_95],[1.0000],1,1,1.0000,[[CalumetBeach201507122400_Water_Temperature]]
2025-10-19 13:53:07.239,83.157,63rd_HighWavePeriod_65,atomic,[63rd_HighWavePeriod_65],[1.0000],1,1,1.0000,[[63rdStreetBeach201507120300_Wave_Period]]
2025-10-19 13:53:07.239,83.157,63rd_HighWavePeriod_75,atomic,[63rd_HighWavePeriod_75],[1.0000],1,1,1.0000,[[63rdStreetBeach201507120300_Wave_Period]]
2025-10-19 13:53:07.239,83.157,63rd_HighWavePeriod_85,atomic,[63rd_HighWavePeriod_85],[1.0000],1,1,1.0000,[[63rdStreetBeach201507120300_Wave_Period]]
2025-10-19 13:53:07.239,83.157,63rd_HighWavePeriod_95,atomic,[63rd_HighWavePeriod_95],[1.0000],1,1,1.0000,[[63rdStreetBeach201507120300_Wave_Period]]
2025-10-19 13:53:07.366,83.284,Calumet_LowWaterTemp_65,atomic,[Calumet_LowWaterTemp_65],[1.0000],1,1,1.0000,[[CalumetBeach201507120500_Water_Temperature]]
2025-10-19 13:53:07.366,83.284,Calumet_LowWaterTemp_75,atomic,[Calumet_LowWaterTemp_75],[1.0000],1,1,1.0000,[[CalumetBeach201507120500_Water_Temperature]]
2025-10-19 13:53:07.366,83.284,Calumet_LowWaterTemp_85,atomic,[Calumet_LowWaterTemp_85],[1.0000],1,1,1.0000,[[CalumetBeach201507120500_Water_Temperature]]
2025-10-19 13:53:07.366,83.284,Calumet_LowWaterTemp_95,atomic,[Calumet_LowWaterTemp_95],[1.0000],1,1,1.0000,[[CalumetBeach201507120500_Water_Temperature]]
2025-10-19 13:53:07.494,83.412,63rd_HighWavePeriod_65,atomic,[63rd_HighWavePeriod_65],[1.0000],1,1,1.0000,[[63rdStreetBeach201507120700_Wave_Period]]
2025-10-19 13:53:07.494,83.412,63rd_HighWavePeriod_75,atomic,[63rd_HighWavePeriod_75],[1.0000],1,1,1.0000,[[63rdStreetBeach201507120700_Wave_Period]]
2025-10-19 13:53:07.494,83.412,63rd_HighWavePeriod_85,atomic,[63rd_HighWavePeriod_85],[1.0000],1,1,1.0000,[[63rdStreetBeach201507120700_Wave_Period]]
2025-10-19 13:53:07.494,83.412,63rd_HighWavePeriod_95,atomic,[63rd_HighWavePeriod_95],[1.0000],1,1,1.0000,[[63rdStreetBeach201507120700_Wave_Period]]
2025-10-19 13:53:07.567,83.485,Calumet_LowWaterTemp_65,atomic,[Calumet_LowWaterTemp_65],[1.0000],1,1,1.0000,[[CalumetBeach201507120800_Water_Temperature]]
2025-10-19 13:53:07.567,83.485,Calumet_LowWaterTemp_75,atomic,[Calumet_LowWaterTemp_75],[1.0000],1,1,1.0000,[[CalumetBeach201507120800_Water_Temperature]]
2025-10-19 13:53:07.567,83.485,Calumet_LowWaterTemp_85,atomic,[Calumet_LowWaterTemp_85],[1.0000],1,1,1.0000,[[CalumetBeach201507120800_Water_Temperature]]
2025-10-19 13:53:07.567,83.485,Calumet_LowWaterTemp_95,atomic,[Calumet_LowWaterTemp_95],[1.0000],1,1,1.0000,[[CalumetBeach201507120800_Water_Temperature]]
2025-10-19 13:53:08.056,83.974,63rd_HighWavePeriod_65,atomic,[63rd_HighWavePeriod_65],[1.0000],1,1,1.0000,[[63rdStreetBeach201507121600_Wave_Period]]
2025-10-19 13:53:08.056,83.974,63rd_HighWavePeriod_75,atomic,[63rd_HighWavePeriod_75],[1.0000],1,1,1.0000,[[63rdStreetBeach201507121600_Wave_Period]]
2025-10-19 13:53:08.056,83.974,63rd_HighWavePeriod_85,atomic,[63rd_HighWavePeriod_85],[1.0000],1,1,1.0000,[[63rdStreetBeach201507121600_Wave_Period]]
2025-10-19 13:53:08.056,83.974,63rd_HighWavePeriod_95,atomic,[63rd_HighWavePeriod_95],[1.0000],1,1,1.0000,[[63rdStreetBeach201507121600_Wave_Period]]
2025-10-19 13:53:08.745,84.663,63rd_HighWavePeriod_65,atomic,[63rd_HighWavePeriod_65],[1.0000],1,1,1.0000,[[63rdStreetBeach201507130300_Wave_Period]]
2025-10-19 13:53:08.745,84.663,63rd_HighWavePeriod_75,atomic,[63rd_HighWavePeriod_75],[1.0000],1,1,1.0000,[[63rdStreetBeach201507130300_Wave_Period]]
2025-10-19 13:53:08.745,84.663,63rd_HighWavePeriod_85,atomic,[63rd_HighWavePeriod_85],[1.0000],1,1,1.0000,[[63rdStreetBeach201507130300_Wave_Period]]
2025-10-19 13:53:08.745,84.663,63rd_HighWavePeriod_95,atomic,[63rd_HighWavePeriod_95],[1.0000],1,1,1.0000,[[63rdStreetBeach201507130300_Wave_Period]]
2025-10-19 13:53:08.745,84.663,Calumet_LowWaterTemp_65,atomic,[Calumet_LowWaterTemp_65],[1.0000],1,1,1.0000,[[CalumetBeach201507130300_Water_Temperature]]
2025-10-19 13:53:08.745,84.663,Calumet_LowWaterTemp_75,atomic,[Calumet_LowWaterTemp_75],[1.0000],1,1,1.0000,[[CalumetBeach201507130300_Water_Temperature]]
2025-10-19 13:53:08.745,84.663,Calumet_LowWaterTemp_85,atomic,[Calumet_LowWaterTemp_85],[1.0000],1,1,1.0000,[[CalumetBeach201507130300_Water_Temperature]]
2025-10-19 13:53:08.745,84.663,Calumet_LowWaterTemp_95,atomic,[Calumet_LowWaterTemp_95],[1.0000],1,1,1.0000,[[CalumetBeach201507130300_Water_Temperature]]
2025-10-19 13:53:08.989,84.907,Calumet_LowWaterTemp_65,atomic,[Calumet_LowWaterTemp_65],[1.0000],1,1,1.0000,[[CalumetBeach201507130700_Water_Temperature]]
2025-10-19 13:53:08.989,84.907,Calumet_LowWaterTemp_75,atomic,[Calumet_LowWaterTemp_75],[1.0000],1,1,1.0000,[[CalumetBeach201507130700_Water_Temperature]]
2025-10-19 13:53:08.989,84.907,Calumet_LowWaterTemp_85,atomic,[Calumet_LowWaterTemp_85],[1.0000],1,1,1.0000,[[CalumetBeach201507130700_Water_Temperature]]
2025-10-19 13:53:08.989,84.907,Calumet_LowWaterTemp_95,atomic,[Calumet_LowWaterTemp_95],[1.0000],1,1,1.0000,[[CalumetBeach201507130700_Water_Temperature]]
2025-10-19 13:53:09.066,84.984,Calumet_LowWaterTemp_65,atomic,[Calumet_LowWaterTemp_65],[1.0000],1,1,1.0000,[[CalumetBeach201507130800_Water_Temperature]]
2025-10-19 13:53:09.066,84.984,Calumet_LowWaterTemp_75,atomic,[Calumet_LowWaterTemp_75],[1.0000],1,1,1.0000,[[CalumetBeach201507130800_Water_Temperature]]
2025-10-19 13:53:09.066,84.984,Calumet_LowWaterTemp_85,atomic,[Calumet_LowWaterTemp_85],[1.0000],1,1,1.0000,[[CalumetBeach201507130800_Water_Temperature]]
2025-10-19 13:53:09.066,84.984,Calumet_LowWaterTemp_95,atomic,[Calumet_LowWaterTemp_95],[1.0000],1,1,1.0000,[[CalumetBeach201507130800_Water_Temperature]]
2025-10-19 13:53:09.222,85.140,Calumet_LowWaterTemp_65,atomic,[Calumet_LowWaterTemp_65],[1.0000],1,1,1.0000,[[CalumetBeach201507131000_Water_Temperature]]
2025-10-19 13:53:09.222,85.140,Calumet_LowWaterTemp_75,atomic,[Calumet_LowWaterTemp_75],[1.0000],1,1,1.0000,[[CalumetBeach201507131000_Water_Temperature]]
2025-10-19 13:53:09.222,85.140,Calumet_LowWaterTemp_85,atomic,[Calumet_LowWaterTemp_85],[1.0000],1,1,1.0000,[[CalumetBeach201507131000_Water_Temperature]]
2025-10-19 13:53:09.222,85.140,Calumet_LowWaterTemp_95,atomic,[Calumet_LowWaterTemp_95],[1.0000],1,1,1.0000,[[CalumetBeach201507131000_Water_Temperature]]
2025-10-19 13:53:09.286,85.204,Calumet_LowWaterTemp_65,atomic,[Calumet_LowWaterTemp_65],[1.0000],1,1,1.0000,[[CalumetBeach201507131100_Water_Temperature]]
2025-10-19 13:53:09.286,85.204,Calumet_LowWaterTemp_75,atomic,[Calumet_LowWaterTemp_75],[1.0000],1,1,1.0000,[[CalumetBeach201507131100_Water_Temperature]]
2025-10-19 13:53:09.286,85.204,Calumet_LowWaterTemp_85,atomic,[Calumet_LowWaterTemp_85],[1.0000],1,1,1.0000,[[CalumetBeach201507131100_Water_Temperature]]
2025-10-19 13:53:09.286,85.204,Calumet_LowWaterTemp_95,atomic,[Calumet_LowWaterTemp_95],[1.0000],1,1,1.0000,[[CalumetBeach201507131100_Water_Temperature]]
2025-10-19 13:53:09.599,85.517,Calumet_LowWaterTemp_65,atomic,[Calumet_LowWaterTemp_65],[1.0000],1,1,1.0000,[[CalumetBeach201507131600_Water_Temperature]]
2025-10-19 13:53:09.599,85.517,Calumet_LowWaterTemp_75,atomic,[Calumet_LowWaterTemp_75],[1.0000],1,1,1.0000,[[CalumetBeach201507131600_Water_Temperature]]
2025-10-19 13:53:09.599,85.517,Calumet_LowWaterTemp_85,atomic,[Calumet_LowWaterTemp_85],[1.0000],1,1,1.0000,[[CalumetBeach201507131600_Water_Temperature]]
2025-10-19 13:53:09.599,85.517,Calumet_LowWaterTemp_95,atomic,[Calumet_LowWaterTemp_95],[1.0000],1,1,1.0000,[[CalumetBeach201507131600_Water_Temperature]]
2025-10-19 13:53:09.648,85.566,Calumet_LowWaterTemp_65,atomic,[Calumet_LowWaterTemp_65],[1.0000],1,1,1.0000,[[CalumetBeach201507131700_Water_Temperature]]
2025-10-19 13:53:09.648,85.566,Calumet_LowWaterTemp_75,atomic,[Calumet_LowWaterTemp_75],[1.0000],1,1,1.0000,[[CalumetBeach201507131700_Water_Temperature]]
2025-10-19 13:53:09.648,85.566,Calumet_LowWaterTemp_85,atomic,[Calumet_LowWaterTemp_85],[1.0000],1,1,1.0000,[[CalumetBeach201507131700_Water_Temperature]]
2025-10-19 13:53:09.648,85.566,Calumet_LowWaterTemp_95,atomic,[Calumet_LowWaterTemp_95],[1.0000],1,1,1.0000,[[CalumetBeach201507131700_Water_Temperature]]
2025-10-19 13:53:09.723,85.641,Calumet_LowWaterTemp_65,atomic,[Calumet_LowWaterTemp_65],[1.0000],1,1,1.0000,[[CalumetBeach201507131800_Water_Temperature]]
2025-10-19 13:53:09.723,85.641,Calumet_LowWaterTemp_75,atomic,[Calumet_LowWaterTemp_75],[1.0000],1,1,1.0000,[[CalumetBeach201507131800_Water_Temperature]]
2025-10-19 13:53:09.723,85.641,Calumet_LowWaterTemp_85,atomic,[Calumet_LowWaterTemp_85],[1.0000],1,1,1.0000,[[CalumetBeach201507131800_Water_Temperature]]
2025-10-19 13:53:09.723,85.641,Calumet_LowWaterTemp_95,atomic,[Calumet_LowWaterTemp_95],[1.0000],1,1,1.0000,[[CalumetBeach201507131800_Water_Temperature]]
2025-10-19 13:53:10.086,86.004,Calumet_LowWaterTemp_65,atomic,[Calumet_LowWaterTemp_65],[1.0000],1,1,1.0000,[[CalumetBeach201507142400_Water_Temperature]]
2025-10-19 13:53:10.087,86.005,Calumet_LowWaterTemp_75,atomic,[Calumet_LowWaterTemp_75],[1.0000],1,1,1.0000,[[CalumetBeach201507142400_Water_Temperature]]
2025-10-19 13:53:10.087,86.005,Calumet_LowWaterTemp_85,atomic,[Calumet_LowWaterTemp_85],[1.0000],1,1,1.0000,[[CalumetBeach201507142400_Water_Temperature]]
2025-10-19 13:53:10.087,86.005,Calumet_LowWaterTemp_95,atomic,[Calumet_LowWaterTemp_95],[1.0000],1,1,1.0000,[[CalumetBeach201507142400_Water_Temperature]]
2025-10-19 13:53:10.160,86.078,63rd_HighWavePeriod_65,atomic,[63rd_HighWavePeriod_65],[1.0000],1,1,1.0000,[[63rdStreetBeach201507140100_Wave_Period]]
2025-10-19 13:53:10.161,86.079,63rd_HighWavePeriod_75,atomic,[63rd_HighWavePeriod_75],[1.0000],1,1,1.0000,[[63rdStreetBeach201507140100_Wave_Period]]
2025-10-19 13:53:10.161,86.079,63rd_HighWavePeriod_85,atomic,[63rd_HighWavePeriod_85],[1.0000],1,1,1.0000,[[63rdStreetBeach201507140100_Wave_Period]]
2025-10-19 13:53:10.161,86.079,63rd_HighWavePeriod_95,atomic,[63rd_HighWavePeriod_95],[1.0000],1,1,1.0000,[[63rdStreetBeach201507140100_Wave_Period]]
2025-10-19 13:53:11.208,87.126,Calumet_LowWaterTemp_65,atomic,[Calumet_LowWaterTemp_65],[1.0000],1,1,1.0000,[[CalumetBeach201507141800_Water_Temperature]]
2025-10-19 13:53:11.208,87.126,Calumet_LowWaterTemp_75,atomic,[Calumet_LowWaterTemp_75],[1.0000],1,1,1.0000,[[CalumetBeach201507141800_Water_Temperature]]
2025-10-19 13:53:11.208,87.126,Calumet_LowWaterTemp_85,atomic,[Calumet_LowWaterTemp_85],[1.0000],1,1,1.0000,[[CalumetBeach201507141800_Water_Temperature]]
2025-10-19 13:53:11.208,87.126,Calumet_LowWaterTemp_95,atomic,[Calumet_LowWaterTemp_95],[1.0000],1,1,1.0000,[[CalumetBeach201507141800_Water_Temperature]]
2025-10-19 13:53:11.347,87.265,Calumet_LowWaterTemp_65,atomic,[Calumet_LowWaterTemp_65],[1.0000],1,1,1.0000,[[CalumetBeach201507142000_Water_Temperature]]
2025-10-19 13:53:11.347,87.265,Calumet_LowWaterTemp_75,atomic,[Calumet_LowWaterTemp_75],[1.0000],1,1,1.0000,[[CalumetBeach201507142000_Water_Temperature]]
2025-10-19 13:53:11.348,87.266,Calumet_LowWaterTemp_85,atomic,[Calumet_LowWaterTemp_85],[1.0000],1,1,1.0000,[[CalumetBeach201507142000_Water_Temperature]]
2025-10-19 13:53:11.348,87.266,Calumet_LowWaterTemp_95,atomic,[Calumet_LowWaterTemp_95],[1.0000],1,1,1.0000,[[CalumetBeach201507142000_Water_Temperature]]
2025-10-19 13:53:11.353,87.271,63rd_HighWavePeriod_65,atomic,[63rd_HighWavePeriod_65],[1.0000],1,1,1.0000,[[63rdStreetBeach201507142000_Wave_Period]]
2025-10-19 13:53:11.353,87.271,63rd_HighWavePeriod_75,atomic,[63rd_HighWavePeriod_75],[1.0000],1,1,1.0000,[[63rdStreetBeach201507142000_Wave_Period]]
2025-10-19 13:53:11.353,87.271,63rd_HighWavePeriod_85,atomic,[63rd_HighWavePeriod_85],[1.0000],1,1,1.0000,[[63rdStreetBeach201507142000_Wave_Period]]
2025-10-19 13:53:11.353,87.271,63rd_HighWavePeriod_95,atomic,[63rd_HighWavePeriod_95],[1.0000],1,1,1.0000,[[63rdStreetBeach201507142000_Wave_Period]]
2025-10-19 13:53:11.644,87.562,Montrose_HighTurbidity_65,atomic,[Montrose_HighTurbidity_65],[1.0000],1,1,1.0000,[[MontroseBeach201507150100_Turbidity]]
2025-10-19 13:53:11.644,87.562,Montrose_HighTurbidity_75,atomic,[Montrose_HighTurbidity_75],[1.0000],1,1,1.0000,[[MontroseBeach201507150100_Turbidity]]
2025-10-19 13:53:11.645,87.563,Montrose_HighTurbidity_85,atomic,[Montrose_HighTurbidity_85],[1.0000],1,1,1.0000,[[MontroseBeach201507150100_Turbidity]]
2025-10-19 13:53:11.645,87.563,Montrose_HighTurbidity_95,atomic,[Montrose_HighTurbidity_95],[1.0000],1,1,1.0000,[[MontroseBeach201507150100_Turbidity]]
2025-10-19 13:53:11.645,87.563,Montrose_HighWave_65,atomic,[Montrose_HighWave_65],[1.0000],1,1,1.0000,[[MontroseBeach201507150100_Wave_Height]]
2025-10-19 13:53:11.645,87.563,Montrose_HighWave_75,atomic,[Montrose_HighWave_75],[1.0000],1,1,1.0000,[[MontroseBeach201507150100_Wave_Height]]
2025-10-19 13:53:11.645,87.563,Montrose_HighWave_85,atomic,[Montrose_HighWave_85],[1.0000],1,1,1.0000,[[MontroseBeach201507150100_Wave_Height]]
2025-10-19 13:53:11.645,87.563,Montrose_HighWave_95,atomic,[Montrose_HighWave_95],[1.0000],1,1,1.0000,[[MontroseBeach201507150100_Wave_Height]]
2025-10-19 13:53:11.645,87.563,Montrose_LocalAlert_65,complex,[Montrose_HighTurbidity_65;Montrose_HighWave_65],[1.0000;1.0000],2,2,1.0000,[[MontroseBeach201507150100_Turbidity];[MontroseBeach201507150100_Wave_Height]]
2025-10-19 13:53:11.645,87.563,Montrose_LocalAlert_75,complex,[Montrose_HighTurbidity_75;Montrose_HighWave_75],[1.0000;1.0000],2,2,1.0000,[[MontroseBeach201507150100_Turbidity];[MontroseBeach201507150100_Wave_Height]]
2025-10-19 13:53:11.645,87.563,Montrose_LocalAlert_85,complex,[Montrose_HighTurbidity_85;Montrose_HighWave_85],[1.0000;1.0000],2,2,1.0000,[[MontroseBeach201507150100_Turbidity];[MontroseBeach201507150100_Wave_Height]]
2025-10-19 13:53:11.645,87.563,Montrose_LocalAlert_95,complex,[Montrose_HighTurbidity_95;Montrose_HighWave_95],[1.0000;1.0000],2,2,1.0000,[[MontroseBeach201507150100_Turbidity];[MontroseBeach201507150100_Wave_Height]]
2025-10-19 13:53:11.722,87.640,63rd_HighTurbidity_65,atomic,[63rd_HighTurbidity_65],[1.0000],1,1,1.0000,[[63rdStreetBeach201507150200_Turbidity]]
2025-10-19 13:53:11.723,87.641,63rd_HighTurbidity_75,atomic,[63rd_HighTurbidity_75],[1.0000],1,1,1.0000,[[63rdStreetBeach201507150200_Turbidity]]
2025-10-19 13:53:11.723,87.641,63rd_HighTurbidity_85,atomic,[63rd_HighTurbidity_85],[1.0000],1,1,1.0000,[[63rdStreetBeach201507150200_Turbidity]]
2025-10-19 13:53:11.723,87.641,63rd_HighTurbidity_95,atomic,[63rd_HighTurbidity_95],[1.0000],1,1,1.0000,[[63rdStreetBeach201507150200_Turbidity]]
2025-10-19 13:53:11.723,87.641,63rd_LocalAlert_65,complex,[63rd_HighTurbidity_65;63rd_HighWavePeriod_65],[1.0000;1.0000],2,2,1.0000,[[63rdStreetBeach201507150200_Turbidity];[63rdStreetBeach201507140100_Wave_Period]]
2025-10-19 13:53:11.723,87.641,63rd_LocalAlert_75,complex,[63rd_HighTurbidity_75;63rd_HighWavePeriod_75],[1.0000;1.0000],2,2,1.0000,[[63rdStreetBeach201507150200_Turbidity];[63rdStreetBeach201507140100_Wave_Period]]
2025-10-19 13:53:11.723,87.641,63rd_LocalAlert_85,complex,[63rd_HighTurbidity_85;63rd_HighWavePeriod_85],[1.0000;1.0000],2,2,1.0000,[[63rdStreetBeach201507150200_Turbidity];[63rdStreetBeach201507140100_Wave_Period]]
2025-10-19 13:53:11.723,87.641,63rd_LocalAlert_95,complex,[63rd_HighTurbidity_95;63rd_HighWavePeriod_95],[1.0000;1.0000],2,2,1.0000,[[63rdStreetBeach201507150200_Turbidity];[63rdStreetBeach201507140100_Wave_Period]]
2025-10-19 13:53:11.723,87.641,63rd_HighWavePeriod_65,atomic,[63rd_HighWavePeriod_65],[1.0000],1,1,1.0000,[[63rdStreetBeach201507150200_Wave_Period]]
2025-10-19 13:53:11.723,87.641,63rd_HighWavePeriod_75,atomic,[63rd_HighWavePeriod_75],[1.0000],1,1,1.0000,[[63rdStreetBeach201507150200_Wave_Period]]
2025-10-19 13:53:11.723,87.641,63rd_HighWavePeriod_85,atomic,[63rd_HighWavePeriod_85],[1.0000],1,1,1.0000,[[63rdStreetBeach201507150200_Wave_Period]]
2025-10-19 13:53:11.723,87.641,63rd_HighWavePeriod_95,atomic,[63rd_HighWavePeriod_95],[1.0000],1,1,1.0000,[[63rdStreetBeach201507150200_Wave_Period]]
2025-10-19 13:53:11.800,87.718,Calumet_LowWaterTemp_65,atomic,[Calumet_LowWaterTemp_65],[1.0000],1,1,1.0000,[[CalumetBeach201507150300_Water_Temperature]]
2025-10-19 13:53:11.800,87.718,Calumet_LowWaterTemp_75,atomic,[Calumet_LowWaterTemp_75],[1.0000],1,1,1.0000,[[CalumetBeach201507150300_Water_Temperature]]
2025-10-19 13:53:11.800,87.718,Calumet_LowWaterTemp_85,atomic,[Calumet_LowWaterTemp_85],[1.0000],1,1,1.0000,[[CalumetBeach201507150300_Water_Temperature]]
2025-10-19 13:53:11.800,87.718,Calumet_LowWaterTemp_95,atomic,[Calumet_LowWaterTemp_95],[1.0000],1,1,1.0000,[[CalumetBeach201507150300_Water_Temperature]]
2025-10-19 13:53:11.846,87.764,Calumet_LowWaterTemp_65,atomic,[Calumet_LowWaterTemp_65],[1.0000],1,1,1.0000,[[CalumetBeach201507150400_Water_Temperature]]
2025-10-19 13:53:11.847,87.765,Calumet_LowWaterTemp_75,atomic,[Calumet_LowWaterTemp_75],[1.0000],1,1,1.0000,[[CalumetBeach201507150400_Water_Temperature]]
2025-10-19 13:53:11.847,87.765,Calumet_LowWaterTemp_85,atomic,[Calumet_LowWaterTemp_85],[1.0000],1,1,1.0000,[[CalumetBeach201507150400_Water_Temperature]]
2025-10-19 13:53:11.847,87.765,Calumet_LowWaterTemp_95,atomic,[Calumet_LowWaterTemp_95],[1.0000],1,1,1.0000,[[CalumetBeach201507150400_Water_Temperature]]
2025-10-19 13:53:11.847,87.765,Calumet_HighTurbidity_65,atomic,[Calumet_HighTurbidity_65],[1.0000],1,1,1.0000,[[CalumetBeach201507150400_Turbidity]]
2025-10-19 13:53:11.848,87.766,Calumet_HighTurbidity_75,atomic,[Calumet_HighTurbidity_75],[1.0000],1,1,1.0000,[[CalumetBeach201507150400_Turbidity]]
2025-10-19 13:53:11.848,87.766,Calumet_HighTurbidity_85,atomic,[Calumet_HighTurbidity_85],[1.0000],1,1,1.0000,[[CalumetBeach201507150400_Turbidity]]
2025-10-19 13:53:11.848,87.766,Calumet_HighTurbidity_95,atomic,[Calumet_HighTurbidity_95],[1.0000],1,1,1.0000,[[CalumetBeach201507150400_Turbidity]]
2025-10-19 13:53:11.848,87.766,Calumet_LocalAlert_65,complex,[Calumet_HighTurbidity_65;Calumet_LowWaterTemp_65],[1.0000;1.0000],2,2,1.0000,[[CalumetBeach201507150400_Turbidity];[CalumetBeach201507141800_Water_Temperature]]
2025-10-19 13:53:11.848,87.766,Calumet_LocalAlert_75,complex,[Calumet_HighTurbidity_75;Calumet_LowWaterTemp_75],[1.0000;1.0000],2,2,1.0000,[[CalumetBeach201507150400_Turbidity];[CalumetBeach201507141800_Water_Temperature]]
2025-10-19 13:53:11.848,87.766,Calumet_LocalAlert_85,complex,[Calumet_HighTurbidity_85;Calumet_LowWaterTemp_85],[1.0000;1.0000],2,2,1.0000,[[CalumetBeach201507150400_Turbidity];[CalumetBeach201507141800_Water_Temperature]]
2025-10-19 13:53:11.848,87.766,Calumet_LocalAlert_95,complex,[Calumet_HighTurbidity_95;Calumet_LowWaterTemp_95],[1.0000;1.0000],2,2,1.0000,[[CalumetBeach201507150400_Turbidity];[CalumetBeach201507141800_Water_Temperature]]
2025-10-19 13:53:11.848,87.766,MontroseToCalumet_AlertSpread_65,complex,[Montrose_LocalAlert_65;Calumet_LocalAlert_65],[1.0000;1.0000],4,4,1.0000,[[MontroseBeach201507150100_Turbidity];[MontroseBeach201507150100_Wave_Height];[CalumetBeach201507150400_Turbidity];[CalumetBeach201507141800_Water_Temperature]]
2025-10-19 13:53:11.849,87.767,Regional_TripleAlert_65,complex,[Montrose_LocalAlert_65;Calumet_LocalAlert_65;63rd_LocalAlert_65],[1.0000;1.0000;1.0000],6,6,1.0000,[[MontroseBeach201507150100_Turbidity];[MontroseBeach201507150100_Wave_Height];[CalumetBeach201507150400_Turbidity];[CalumetBeach201507141800_Water_Temperature];[63rdStreetBeach201507150200_Turbidity];[63rdStreetBeach201507140100_Wave_Period]]
2025-10-19 13:53:11.849,87.767,Regional_TripleAlert_75,complex,[Montrose_LocalAlert_75;Calumet_LocalAlert_75;63rd_LocalAlert_75],[1.0000;1.0000;1.0000],6,6,1.0000,[[MontroseBeach201507150100_Turbidity];[MontroseBeach201507150100_Wave_Height];[CalumetBeach201507150400_Turbidity];[CalumetBeach201507141800_Water_Temperature];[63rdStreetBeach201507150200_Turbidity];[63rdStreetBeach201507140100_Wave_Period]]
2025-10-19 13:53:11.849,87.767,MontroseToCalumet_AlertSpread_75,complex,[Montrose_LocalAlert_75;Calumet_LocalAlert_75],[1.0000;1.0000],4,4,1.0000,[[MontroseBeach201507150100_Turbidity];[MontroseBeach201507150100_Wave_Height];[CalumetBeach201507150400_Turbidity];[CalumetBeach201507141800_Water_Temperature]]
2025-10-19 13:53:11.849,87.767,Regional_TripleAlert_85,complex,[Montrose_LocalAlert_85;Calumet_LocalAlert_85;63rd_LocalAlert_85],[1.0000;1.0000;1.0000],6,6,1.0000,[[MontroseBeach201507150100_Turbidity];[MontroseBeach201507150100_Wave_Height];[CalumetBeach201507150400_Turbidity];[CalumetBeach201507141800_Water_Temperature];[63rdStreetBeach201507150200_Turbidity];[63rdStreetBeach201507140100_Wave_Period]]
2025-10-19 13:53:11.849,87.767,MontroseToCalumet_AlertSpread_85,complex,[Montrose_LocalAlert_85;Calumet_LocalAlert_85],[1.0000;1.0000],4,4,1.0000,[[MontroseBeach201507150100_Turbidity];[MontroseBeach201507150100_Wave_Height];[CalumetBeach201507150400_Turbidity];[CalumetBeach201507141800_Water_Temperature]]
2025-10-19 13:53:11.849,87.767,Regional_TripleAlert_95,complex,[Montrose_LocalAlert_95;Calumet_LocalAlert_95;63rd_LocalAlert_95],[1.0000;1.0000;1.0000],6,6,1.0000,[[MontroseBeach201507150100_Turbidity];[MontroseBeach201507150100_Wave_Height];[CalumetBeach201507150400_Turbidity];[CalumetBeach201507141800_Water_Temperature];[63rdStreetBeach201507150200_Turbidity];[63rdStreetBeach201507140100_Wave_Period]]
2025-10-19 13:53:11.849,87.767,MontroseToCalumet_AlertSpread_95,complex,[Montrose_LocalAlert_95;Calumet_LocalAlert_95],[1.0000;1.0000],4,4,1.0000,[[MontroseBeach201507150100_Turbidity];[MontroseBeach201507150100_Wave_Height];[CalumetBeach201507150400_Turbidity];[CalumetBeach201507141800_Water_Temperature]]
2025-10-19 13:53:11.972,87.890,Calumet_LowWaterTemp_65,atomic,[Calumet_LowWaterTemp_65],[1.0000],1,1,1.0000,[[CalumetBeach201507150600_Water_Temperature]]
2025-10-19 13:53:11.972,87.890,Calumet_LowWaterTemp_75,atomic,[Calumet_LowWaterTemp_75],[1.0000],1,1,1.0000,[[CalumetBeach201507150600_Water_Temperature]]
2025-10-19 13:53:11.972,87.890,Calumet_LowWaterTemp_85,atomic,[Calumet_LowWaterTemp_85],[1.0000],1,1,1.0000,[[CalumetBeach201507150600_Water_Temperature]]
2025-10-19 13:53:11.972,87.890,Calumet_LowWaterTemp_95,atomic,[Calumet_LowWaterTemp_95],[1.0000],1,1,1.0000,[[CalumetBeach201507150600_Water_Temperature]]
2025-10-19 13:53:12.034,87.952,63rd_HighTurbidity_65,atomic,[63rd_HighTurbidity_65],[1.0000],1,1,1.0000,[[63rdStreetBeach201507150700_Turbidity]]
2025-10-19 13:53:12.034,87.952,63rd_HighTurbidity_75,atomic,[63rd_HighTurbidity_75],[1.0000],1,1,1.0000,[[63rdStreetBeach201507150700_Turbidity]]
2025-10-19 13:53:12.034,87.952,63rd_HighTurbidity_85,atomic,[63rd_HighTurbidity_85],[1.0000],1,1,1.0000,[[63rdStreetBeach201507150700_Turbidity]]
2025-10-19 13:53:12.034,87.952,63rd_HighTurbidity_95,atomic,[63rd_HighTurbidity_95],[1.0000],1,1,1.0000,[[63rdStreetBeach201507150700_Turbidity]]
2025-10-19 13:53:12.035,87.953,63rd_LocalAlert_65,complex,[63rd_HighTurbidity_65;63rd_HighWavePeriod_65],[1.0000;1.0000],2,2,1.0000,[[63rdStreetBeach201507150700_Turbidity];[63rdStreetBeach201507150200_Wave_Period]]
2025-10-19 13:53:12.035,87.953,63rd_LocalAlert_75,complex,[63rd_HighTurbidity_75;63rd_HighWavePeriod_75],[1.0000;1.0000],2,2,1.0000,[[63rdStreetBeach201507150700_Turbidity];[63rdStreetBeach201507150200_Wave_Period]]
2025-10-19 13:53:12.035,87.953,63rd_LocalAlert_85,complex,[63rd_HighTurbidity_85;63rd_HighWavePeriod_85],[1.0000;1.0000],2,2,1.0000,[[63rdStreetBeach201507150700_Turbidity];[63rdStreetBeach201507150200_Wave_Period]]
2025-10-19 13:53:12.035,87.953,63rd_LocalAlert_95,complex,[63rd_HighTurbidity_95;63rd_HighWavePeriod_95],[1.0000;1.0000],2,2,1.0000,[[63rdStreetBeach201507150700_Turbidity];[63rdStreetBeach201507150200_Wave_Period]]
2025-10-19 13:53:12.035,87.953,CalumetTo63rd_AlertSpread_65,complex,[Calumet_LocalAlert_65;63rd_LocalAlert_65],[1.0000;1.0000],4,4,1.0000,[[CalumetBeach201507150400_Turbidity];[CalumetBeach201507141800_Water_Temperature];[63rdStreetBeach201507150700_Turbidity];[63rdStreetBeach201507150200_Wave_Period]]
2025-10-19 13:53:12.035,87.953,CalumetTo63rd_AlertSpread_75,complex,[Calumet_LocalAlert_75;63rd_LocalAlert_75],[1.0000;1.0000],4,4,1.0000,[[CalumetBeach201507150400_Turbidity];[CalumetBeach201507141800_Water_Temperature];[63rdStreetBeach201507150700_Turbidity];[63rdStreetBeach201507150200_Wave_Period]]
2025-10-19 13:53:12.035,87.953,CalumetTo63rd_AlertSpread_85,complex,[Calumet_LocalAlert_85;63rd_LocalAlert_85],[1.0000;1.0000],4,4,1.0000,[[CalumetBeach201507150400_Turbidity];[CalumetBeach201507141800_Water_Temperature];[63rdStreetBeach201507150700_Turbidity];[63rdStreetBeach201507150200_Wave_Period]]
2025-10-19 13:53:12.035,87.953,CalumetTo63rd_AlertSpread_95,complex,[Calumet_LocalAlert_95;63rd_LocalAlert_95],[1.0000;1.0000],4,4,1.0000,[[CalumetBeach201507150400_Turbidity];[CalumetBeach201507141800_Water_Temperature];[63rdStreetBeach201507150700_Turbidity];[63rdStreetBeach201507150200_Wave_Period]]
2025-10-19 13:53:12.035,87.953,63rd_HighWavePeriod_65,atomic,[63rd_HighWavePeriod_65],[1.0000],1,1,1.0000,[[63rdStreetBeach201507150700_Wave_Period]]
2025-10-19 13:53:12.035,87.953,63rd_HighWavePeriod_75,atomic,[63rd_HighWavePeriod_75],[1.0000],1,1,1.0000,[[63rdStreetBeach201507150700_Wave_Period]]
2025-10-19 13:53:12.035,87.953,63rd_HighWavePeriod_85,atomic,[63rd_HighWavePeriod_85],[1.0000],1,1,1.0000,[[63rdStreetBeach201507150700_Wave_Period]]
2025-10-19 13:53:12.035,87.953,63rd_HighWavePeriod_95,atomic,[63rd_HighWavePeriod_95],[1.0000],1,1,1.0000,[[63rdStreetBeach201507150700_Wave_Period]]
2025-10-19 13:53:12.099,88.017,63rd_HighTurbidity_65,atomic,[63rd_HighTurbidity_65],[1.0000],1,1,1.0000,[[63rdStreetBeach201507150800_Turbidity]]
2025-10-19 13:53:12.099,88.017,63rd_HighTurbidity_75,atomic,[63rd_HighTurbidity_75],[1.0000],1,1,1.0000,[[63rdStreetBeach201507150800_Turbidity]]
2025-10-19 13:53:12.099,88.017,63rd_HighTurbidity_85,atomic,[63rd_HighTurbidity_85],[1.0000],1,1,1.0000,[[63rdStreetBeach201507150800_Turbidity]]
2025-10-19 13:53:12.099,88.017,63rd_HighTurbidity_95,atomic,[63rd_HighTurbidity_95],[1.0000],1,1,1.0000,[[63rdStreetBeach201507150800_Turbidity]]
2025-10-19 13:53:12.099,88.017,63rd_LocalAlert_65,complex,[63rd_HighTurbidity_65;63rd_HighWavePeriod_65],[1.0000;1.0000],2,2,1.0000,[[63rdStreetBeach201507150800_Turbidity];[63rdStreetBeach201507150700_Wave_Period]]
2025-10-19 13:53:12.099,88.017,63rd_LocalAlert_75,complex,[63rd_HighTurbidity_75;63rd_HighWavePeriod_75],[1.0000;1.0000],2,2,1.0000,[[63rdStreetBeach201507150800_Turbidity];[63rdStreetBeach201507150700_Wave_Period]]
2025-10-19 13:53:12.099,88.017,63rd_LocalAlert_85,complex,[63rd_HighTurbidity_85;63rd_HighWavePeriod_85],[1.0000;1.0000],2,2,1.0000,[[63rdStreetBeach201507150800_Turbidity];[63rdStreetBeach201507150700_Wave_Period]]
2025-10-19 13:53:12.099,88.017,63rd_LocalAlert_95,complex,[63rd_HighTurbidity_95;63rd_HighWavePeriod_95],[1.0000;1.0000],2,2,1.0000,[[63rdStreetBeach201507150800_Turbidity];[63rdStreetBeach201507150700_Wave_Period]]
2025-10-19 13:53:12.100,88.018,63rd_HighWavePeriod_65,atomic,[63rd_HighWavePeriod_65],[1.0000],1,1,1.0000,[[63rdStreetBeach201507150800_Wave_Period]]
2025-10-19 13:53:12.100,88.018,63rd_HighWavePeriod_75,atomic,[63rd_HighWavePeriod_75],[1.0000],1,1,1.0000,[[63rdStreetBeach201507150800_Wave_Period]]
2025-10-19 13:53:12.100,88.018,63rd_HighWavePeriod_85,atomic,[63rd_HighWavePeriod_85],[1.0000],1,1,1.0000,[[63rdStreetBeach201507150800_Wave_Period]]
2025-10-19 13:53:12.100,88.018,63rd_HighWavePeriod_95,atomic,[63rd_HighWavePeriod_95],[1.0000],1,1,1.0000,[[63rdStreetBeach201507150800_Wave_Period]]
2025-10-19 13:53:12.179,88.097,63rd_HighTurbidity_65,atomic,[63rd_HighTurbidity_65],[1.0000],1,1,1.0000,[[63rdStreetBeach201507150900_Turbidity]]
2025-10-19 13:53:12.180,88.098,63rd_HighTurbidity_75,atomic,[63rd_HighTurbidity_75],[1.0000],1,1,1.0000,[[63rdStreetBeach201507150900_Turbidity]]
2025-10-19 13:53:12.180,88.098,63rd_HighTurbidity_85,atomic,[63rd_HighTurbidity_85],[1.0000],1,1,1.0000,[[63rdStreetBeach201507150900_Turbidity]]
2025-10-19 13:53:12.180,88.098,63rd_HighTurbidity_95,atomic,[63rd_HighTurbidity_95],[1.0000],1,1,1.0000,[[63rdStreetBeach201507150900_Turbidity]]
2025-10-19 13:53:12.181,88.099,63rd_LocalAlert_65,complex,[63rd_HighTurbidity_65;63rd_HighWavePeriod_65],[1.0000;1.0000],2,2,1.0000,[[63rdStreetBeach201507150900_Turbidity];[63rdStreetBeach201507150800_Wave_Period]]
2025-10-19 13:53:12.181,88.099,63rd_LocalAlert_75,complex,[63rd_HighTurbidity_75;63rd_HighWavePeriod_75],[1.0000;1.0000],2,2,1.0000,[[63rdStreetBeach201507150900_Turbidity];[63rdStreetBeach201507150800_Wave_Period]]
2025-10-19 13:53:12.181,88.099,63rd_LocalAlert_85,complex,[63rd_HighTurbidity_85;63rd_HighWavePeriod_85],[1.0000;1.0000],2,2,1.0000,[[63rdStreetBeach201507150900_Turbidity];[63rdStreetBeach201507150800_Wave_Period]]
2025-10-19 13:53:12.181,88.099,63rd_LocalAlert_95,complex,[63rd_HighTurbidity_95;63rd_HighWavePeriod_95],[1.0000;1.0000],2,2,1.0000,[[63rdStreetBeach201507150900_Turbidity];[63rdStreetBeach201507150800_Wave_Period]]
2025-10-19 13:53:12.183,88.101,63rd_HighWavePeriod_65,atomic,[63rd_HighWavePeriod_65],[1.0000],1,1,1.0000,[[63rdStreetBeach201507150900_Wave_Period]]
2025-10-19 13:53:12.183,88.101,63rd_HighWavePeriod_75,atomic,[63rd_HighWavePeriod_75],[1.0000],1,1,1.0000,[[63rdStreetBeach201507150900_Wave_Period]]
2025-10-19 13:53:12.183,88.101,63rd_HighWavePeriod_85,atomic,[63rd_HighWavePeriod_85],[1.0000],1,1,1.0000,[[63rdStreetBeach201507150900_Wave_Period]]
2025-10-19 13:53:12.183,88.101,63rd_HighWavePeriod_95,atomic,[63rd_HighWavePeriod_95],[1.0000],1,1,1.0000,[[63rdStreetBeach201507150900_Wave_Period]]
2025-10-19 13:53:12.183,88.101,Calumet_LowWaterTemp_65,atomic,[Calumet_LowWaterTemp_65],[1.0000],1,1,1.0000,[[CalumetBeach201507150900_Water_Temperature]]
2025-10-19 13:53:12.183,88.101,Calumet_LowWaterTemp_75,atomic,[Calumet_LowWaterTemp_75],[1.0000],1,1,1.0000,[[CalumetBeach201507150900_Water_Temperature]]
2025-10-19 13:53:12.183,88.101,Calumet_LowWaterTemp_85,atomic,[Calumet_LowWaterTemp_85],[1.0000],1,1,1.0000,[[CalumetBeach201507150900_Water_Temperature]]
2025-10-19 13:53:12.183,88.101,Calumet_LowWaterTemp_95,atomic,[Calumet_LowWaterTemp_95],[1.0000],1,1,1.0000,[[CalumetBeach201507150900_Water_Temperature]]
2025-10-19 13:53:12.183,88.101,Montrose_HighTurbidity_65,atomic,[Montrose_HighTurbidity_65],[1.0000],1,1,1.0000,[[MontroseBeach201507150900_Turbidity]]
2025-10-19 13:53:12.184,88.102,Montrose_HighTurbidity_75,atomic,[Montrose_HighTurbidity_75],[1.0000],1,1,1.0000,[[MontroseBeach201507150900_Turbidity]]
2025-10-19 13:53:12.184,88.102,Montrose_HighTurbidity_85,atomic,[Montrose_HighTurbidity_85],[1.0000],1,1,1.0000,[[MontroseBeach201507150900_Turbidity]]
2025-10-19 13:53:12.184,88.102,Montrose_HighTurbidity_95,atomic,[Montrose_HighTurbidity_95],[1.0000],1,1,1.0000,[[MontroseBeach201507150900_Turbidity]]
2025-10-19 13:53:12.184,88.102,Montrose_HighWave_65,atomic,[Montrose_HighWave_65],[1.0000],1,1,1.0000,[[MontroseBeach201507150900_Wave_Height]]
2025-10-19 13:53:12.184,88.102,Montrose_HighWave_75,atomic,[Montrose_HighWave_75],[1.0000],1,1,1.0000,[[MontroseBeach201507150900_Wave_Height]]
2025-10-19 13:53:12.184,88.102,Montrose_HighWave_85,atomic,[Montrose_HighWave_85],[1.0000],1,1,1.0000,[[MontroseBeach201507150900_Wave_Height]]
2025-10-19 13:53:12.184,88.102,Montrose_HighWave_95,atomic,[Montrose_HighWave_95],[1.0000],1,1,1.0000,[[MontroseBeach201507150900_Wave_Height]]
2025-10-19 13:53:12.185,88.103,Montrose_LocalAlert_65,complex,[Montrose_HighTurbidity_65;Montrose_HighWave_65],[1.0000;1.0000],2,2,1.0000,[[MontroseBeach201507150900_Turbidity];[MontroseBeach201507150900_Wave_Height]]
2025-10-19 13:53:12.185,88.103,Montrose_LocalAlert_75,complex,[Montrose_HighTurbidity_75;Montrose_HighWave_75],[1.0000;1.0000],2,2,1.0000,[[MontroseBeach201507150900_Turbidity];[MontroseBeach201507150900_Wave_Height]]
2025-10-19 13:53:12.185,88.103,Montrose_LocalAlert_85,complex,[Montrose_HighTurbidity_85;Montrose_HighWave_85],[1.0000;1.0000],2,2,1.0000,[[MontroseBeach201507150900_Turbidity];[MontroseBeach201507150900_Wave_Height]]
2025-10-19 13:53:12.185,88.103,Montrose_LocalAlert_95,complex,[Montrose_HighTurbidity_95;Montrose_HighWave_95],[1.0000;1.0000],2,2,1.0000,[[MontroseBeach201507150900_Turbidity];[MontroseBeach201507150900_Wave_Height]]
2025-10-19 13:53:12.224,88.142,63rd_HighTurbidity_65,atomic,[63rd_HighTurbidity_65],[1.0000],1,1,1.0000,[[63rdStreetBeach201507151000_Turbidity]]
2025-10-19 13:53:12.224,88.142,63rd_HighTurbidity_75,atomic,[63rd_HighTurbidity_75],[1.0000],1,1,1.0000,[[63rdStreetBeach201507151000_Turbidity]]
2025-10-19 13:53:12.225,88.143,63rd_HighTurbidity_85,atomic,[63rd_HighTurbidity_85],[1.0000],1,1,1.0000,[[63rdStreetBeach201507151000_Turbidity]]
2025-10-19 13:53:12.225,88.143,63rd_HighTurbidity_95,atomic,[63rd_HighTurbidity_95],[1.0000],1,1,1.0000,[[63rdStreetBeach201507151000_Turbidity]]
2025-10-19 13:53:12.225,88.143,63rd_LocalAlert_65,complex,[63rd_HighTurbidity_65;63rd_HighWavePeriod_65],[1.0000;1.0000],2,2,1.0000,[[63rdStreetBeach201507151000_Turbidity];[63rdStreetBeach201507150900_Wave_Period]]
2025-10-19 13:53:12.225,88.143,63rd_LocalAlert_75,complex,[63rd_HighTurbidity_75;63rd_HighWavePeriod_75],[1.0000;1.0000],2,2,1.0000,[[63rdStreetBeach201507151000_Turbidity];[63rdStreetBeach201507150900_Wave_Period]]
2025-10-19 13:53:12.225,88.143,63rd_LocalAlert_85,complex,[63rd_HighTurbidity_85;63rd_HighWavePeriod_85],[1.0000;1.0000],2,2,1.0000,[[63rdStreetBeach201507151000_Turbidity];[63rdStreetBeach201507150900_Wave_Period]]
2025-10-19 13:53:12.225,88.143,63rd_LocalAlert_95,complex,[63rd_HighTurbidity_95;63rd_HighWavePeriod_95],[1.0000;1.0000],2,2,1.0000,[[63rdStreetBeach201507151000_Turbidity];[63rdStreetBeach201507150900_Wave_Period]]
2025-10-19 13:53:12.225,88.143,63rd_HighWavePeriod_65,atomic,[63rd_HighWavePeriod_65],[1.0000],1,1,1.0000,[[63rdStreetBeach201507151000_Wave_Period]]
2025-10-19 13:53:12.225,88.143,63rd_HighWavePeriod_75,atomic,[63rd_HighWavePeriod_75],[1.0000],1,1,1.0000,[[63rdStreetBeach201507151000_Wave_Period]]
2025-10-19 13:53:12.225,88.143,63rd_HighWavePeriod_85,atomic,[63rd_HighWavePeriod_85],[1.0000],1,1,1.0000,[[63rdStreetBeach201507151000_Wave_Period]]
2025-10-19 13:53:12.225,88.143,63rd_HighWavePeriod_95,atomic,[63rd_HighWavePeriod_95],[1.0000],1,1,1.0000,[[63rdStreetBeach201507151000_Wave_Period]]
2025-10-19 13:53:12.301,88.219,Calumet_LowWaterTemp_65,atomic,[Calumet_LowWaterTemp_65],[1.0000],1,1,1.0000,[[CalumetBeach201507151100_Water_Temperature]]
2025-10-19 13:53:12.301,88.219,Calumet_LowWaterTemp_75,atomic,[Calumet_LowWaterTemp_75],[1.0000],1,1,1.0000,[[CalumetBeach201507151100_Water_Temperature]]
2025-10-19 13:53:12.301,88.219,Calumet_LowWaterTemp_85,atomic,[Calumet_LowWaterTemp_85],[1.0000],1,1,1.0000,[[CalumetBeach201507151100_Water_Temperature]]
2025-10-19 13:53:12.301,88.219,Calumet_LowWaterTemp_95,atomic,[Calumet_LowWaterTemp_95],[1.0000],1,1,1.0000,[[CalumetBeach201507151100_Water_Temperature]]
2025-10-19 13:53:12.349,88.267,63rd_HighTurbidity_65,atomic,[63rd_HighTurbidity_65],[1.0000],1,1,1.0000,[[63rdStreetBeach201507151200_Turbidity]]
2025-10-19 13:53:12.349,88.267,63rd_HighTurbidity_75,atomic,[63rd_HighTurbidity_75],[1.0000],1,1,1.0000,[[63rdStreetBeach201507151200_Turbidity]]
2025-10-19 13:53:12.349,88.267,63rd_HighTurbidity_85,atomic,[63rd_HighTurbidity_85],[1.0000],1,1,1.0000,[[63rdStreetBeach201507151200_Turbidity]]
2025-10-19 13:53:12.349,88.267,63rd_HighTurbidity_95,atomic,[63rd_HighTurbidity_95],[1.0000],1,1,1.0000,[[63rdStreetBeach201507151200_Turbidity]]
2025-10-19 13:53:12.349,88.267,63rd_LocalAlert_65,complex,[63rd_HighTurbidity_65;63rd_HighWavePeriod_65],[1.0000;1.0000],2,2,1.0000,[[63rdStreetBeach201507151200_Turbidity];[63rdStreetBeach201507151000_Wave_Period]]
2025-10-19 13:53:12.349,88.267,63rd_LocalAlert_75,complex,[63rd_HighTurbidity_75;63rd_HighWavePeriod_75],[1.0000;1.0000],2,2,1.0000,[[63rdStreetBeach201507151200_Turbidity];[63rdStreetBeach201507151000_Wave_Period]]
2025-10-19 13:53:12.349,88.267,63rd_LocalAlert_85,complex,[63rd_HighTurbidity_85;63rd_HighWavePeriod_85],[1.0000;1.0000],2,2,1.0000,[[63rdStreetBeach201507151200_Turbidity];[63rdStreetBeach201507151000_Wave_Period]]
2025-10-19 13:53:12.350,88.268,63rd_LocalAlert_95,complex,[63rd_HighTurbidity_95;63rd_HighWavePeriod_95],[1.0000;1.0000],2,2,1.0000,[[63rdStreetBeach201507151200_Turbidity];[63rdStreetBeach201507151000_Wave_Period]]
2025-10-19 13:53:12.350,88.268,63rd_HighWavePeriod_65,atomic,[63rd_HighWavePeriod_65],[1.0000],1,1,1.0000,[[63rdStreetBeach201507151200_Wave_Period]]
2025-10-19 13:53:12.350,88.268,63rd_HighWavePeriod_75,atomic,[63rd_HighWavePeriod_75],[1.0000],1,1,1.0000,[[63rdStreetBeach201507151200_Wave_Period]]
2025-10-19 13:53:12.350,88.268,63rd_HighWavePeriod_85,atomic,[63rd_HighWavePeriod_85],[1.0000],1,1,1.0000,[[63rdStreetBeach201507151200_Wave_Period]]
2025-10-19 13:53:12.350,88.268,63rd_HighWavePeriod_95,atomic,[63rd_HighWavePeriod_95],[1.0000],1,1,1.0000,[[63rdStreetBeach201507151200_Wave_Period]]
2025-10-19 13:53:12.426,88.344,Montrose_HighTurbidity_65,atomic,[Montrose_HighTurbidity_65],[1.0000],1,1,1.0000,[[MontroseBeach201507151300_Turbidity]]
2025-10-19 13:53:12.426,88.344,Montrose_HighTurbidity_75,atomic,[Montrose_HighTurbidity_75],[1.0000],1,1,1.0000,[[MontroseBeach201507151300_Turbidity]]
2025-10-19 13:53:12.426,88.344,Montrose_HighTurbidity_85,atomic,[Montrose_HighTurbidity_85],[1.0000],1,1,1.0000,[[MontroseBeach201507151300_Turbidity]]
2025-10-19 13:53:12.426,88.344,Montrose_HighTurbidity_95,atomic,[Montrose_HighTurbidity_95],[1.0000],1,1,1.0000,[[MontroseBeach201507151300_Turbidity]]
2025-10-19 13:53:12.427,88.345,Montrose_HighWave_65,atomic,[Montrose_HighWave_65],[1.0000],1,1,1.0000,[[MontroseBeach201507151300_Wave_Height]]
2025-10-19 13:53:12.427,88.345,Montrose_HighWave_75,atomic,[Montrose_HighWave_75],[1.0000],1,1,1.0000,[[MontroseBeach201507151300_Wave_Height]]
2025-10-19 13:53:12.427,88.345,Montrose_HighWave_85,atomic,[Montrose_HighWave_85],[1.0000],1,1,1.0000,[[MontroseBeach201507151300_Wave_Height]]
2025-10-19 13:53:12.427,88.345,Montrose_HighWave_95,atomic,[Montrose_HighWave_95],[1.0000],1,1,1.0000,[[MontroseBeach201507151300_Wave_Height]]
2025-10-19 13:53:12.427,88.345,Montrose_LocalAlert_65,complex,[Montrose_HighTurbidity_65;Montrose_HighWave_65],[1.0000;1.0000],2,2,1.0000,[[MontroseBeach201507151300_Turbidity];[MontroseBeach201507151300_Wave_Height]]
2025-10-19 13:53:12.427,88.345,Montrose_LocalAlert_75,complex,[Montrose_HighTurbidity_75;Montrose_HighWave_75],[1.0000;1.0000],2,2,1.0000,[[MontroseBeach201507151300_Turbidity];[MontroseBeach201507151300_Wave_Height]]
2025-10-19 13:53:12.427,88.345,Montrose_LocalAlert_85,complex,[Montrose_HighTurbidity_85;Montrose_HighWave_85],[1.0000;1.0000],2,2,1.0000,[[MontroseBeach201507151300_Turbidity];[MontroseBeach201507151300_Wave_Height]]
2025-10-19 13:53:12.427,88.345,Montrose_LocalAlert_95,complex,[Montrose_HighTurbidity_95;Montrose_HighWave_95],[1.0000;1.0000],2,2,1.0000,[[MontroseBeach201507151300_Turbidity];[MontroseBeach201507151300_Wave_Height]]
2025-10-19 13:53:12.476,88.394,Montrose_HighTurbidity_65,atomic,[Montrose_HighTurbidity_65],[1.0000],1,1,1.0000,[[MontroseBeach201507151400_Turbidity]]
2025-10-19 13:53:12.476,88.394,Montrose_HighTurbidity_75,atomic,[Montrose_HighTurbidity_75],[1.0000],1,1,1.0000,[[MontroseBeach201507151400_Turbidity]]
2025-10-19 13:53:12.476,88.394,Montrose_HighTurbidity_85,atomic,[Montrose_HighTurbidity_85],[1.0000],1,1,1.0000,[[MontroseBeach201507151400_Turbidity]]
2025-10-19 13:53:12.476,88.394,Montrose_HighTurbidity_95,atomic,[Montrose_HighTurbidity_95],[1.0000],1,1,1.0000,[[MontroseBeach201507151400_Turbidity]]
2025-10-19 13:53:12.477,88.395,Montrose_HighWave_65,atomic,[Montrose_HighWave_65],[1.0000],1,1,1.0000,[[MontroseBeach201507151400_Wave_Height]]
2025-10-19 13:53:12.477,88.395,Montrose_HighWave_75,atomic,[Montrose_HighWave_75],[1.0000],1,1,1.0000,[[MontroseBeach201507151400_Wave_Height]]
2025-10-19 13:53:12.477,88.395,Montrose_HighWave_85,atomic,[Montrose_HighWave_85],[1.0000],1,1,1.0000,[[MontroseBeach201507151400_Wave_Height]]
2025-10-19 13:53:12.477,88.395,Montrose_HighWave_95,atomic,[Montrose_HighWave_95],[1.0000],1,1,1.0000,[[MontroseBeach201507151400_Wave_Height]]
2025-10-19 13:53:12.477,88.395,Montrose_LocalAlert_65,complex,[Montrose_HighTurbidity_65;Montrose_HighWave_65],[1.0000;1.0000],2,2,1.0000,[[MontroseBeach201507151400_Turbidity];[MontroseBeach201507151400_Wave_Height]]
2025-10-19 13:53:12.477,88.395,Montrose_LocalAlert_75,complex,[Montrose_HighTurbidity_75;Montrose_HighWave_75],[1.0000;1.0000],2,2,1.0000,[[MontroseBeach201507151400_Turbidity];[MontroseBeach201507151400_Wave_Height]]
2025-10-19 13:53:12.477,88.395,Montrose_LocalAlert_85,complex,[Montrose_HighTurbidity_85;Montrose_HighWave_85],[1.0000;1.0000],2,2,1.0000,[[MontroseBeach201507151400_Turbidity];[MontroseBeach201507151400_Wave_Height]]
2025-10-19 13:53:12.477,88.395,Montrose_LocalAlert_95,complex,[Montrose_HighTurbidity_95;Montrose_HighWave_95],[1.0000;1.0000],2,2,1.0000,[[MontroseBeach201507151400_Turbidity];[MontroseBeach201507151400_Wave_Height]]
2025-10-19 13:53:12.478,88.396,Calumet_LowWaterTemp_65,atomic,[Calumet_LowWaterTemp_65],[1.0000],1,1,1.0000,[[CalumetBeach201507151400_Water_Temperature]]
2025-10-19 13:53:12.478,88.396,Calumet_LowWaterTemp_75,atomic,[Calumet_LowWaterTemp_75],[1.0000],1,1,1.0000,[[CalumetBeach201507151400_Water_Temperature]]
2025-10-19 13:53:12.478,88.396,Calumet_LowWaterTemp_85,atomic,[Calumet_LowWaterTemp_85],[1.0000],1,1,1.0000,[[CalumetBeach201507151400_Water_Temperature]]
2025-10-19 13:53:12.478,88.396,Calumet_LowWaterTemp_95,atomic,[Calumet_LowWaterTemp_95],[1.0000],1,1,1.0000,[[CalumetBeach201507151400_Water_Temperature]]
2025-10-19 13:53:12.735,88.653,Calumet_LowWaterTemp_65,atomic,[Calumet_LowWaterTemp_65],[1.0000],1,1,1.0000,[[CalumetBeach201507151800_Water_Temperature]]
2025-10-19 13:53:12.736,88.654,Calumet_LowWaterTemp_75,atomic,[Calumet_LowWaterTemp_75],[1.0000],1,1,1.0000,[[CalumetBeach201507151800_Water_Temperature]]
2025-10-19 13:53:12.736,88.654,Calumet_LowWaterTemp_85,atomic,[Calumet_LowWaterTemp_85],[1.0000],1,1,1.0000,[[CalumetBeach201507151800_Water_Temperature]]
2025-10-19 13:53:12.736,88.654,Calumet_LowWaterTemp_95,atomic,[Calumet_LowWaterTemp_95],[1.0000],1,1,1.0000,[[CalumetBeach201507151800_Water_Temperature]]
2025-10-19 13:53:12.849,88.767,Montrose_HighTurbidity_65,atomic,[Montrose_HighTurbidity_65],[1.0000],1,1,1.0000,[[MontroseBeach201507152000_Turbidity]]
2025-10-19 13:53:12.849,88.767,Montrose_HighTurbidity_75,atomic,[Montrose_HighTurbidity_75],[1.0000],1,1,1.0000,[[MontroseBeach201507152000_Turbidity]]
2025-10-19 13:53:12.849,88.767,Montrose_HighTurbidity_85,atomic,[Montrose_HighTurbidity_85],[1.0000],1,1,1.0000,[[MontroseBeach201507152000_Turbidity]]
2025-10-19 13:53:12.849,88.767,Montrose_HighTurbidity_95,atomic,[Montrose_HighTurbidity_95],[1.0000],1,1,1.0000,[[MontroseBeach201507152000_Turbidity]]
2025-10-19 13:53:12.851,88.769,Calumet_LowWaterTemp_65,atomic,[Calumet_LowWaterTemp_65],[1.0000],1,1,1.0000,[[CalumetBeach201507152000_Water_Temperature]]
2025-10-19 13:53:12.851,88.769,Calumet_LowWaterTemp_75,atomic,[Calumet_LowWaterTemp_75],[1.0000],1,1,1.0000,[[CalumetBeach201507152000_Water_Temperature]]
2025-10-19 13:53:12.851,88.769,Calumet_LowWaterTemp_85,atomic,[Calumet_LowWaterTemp_85],[1.0000],1,1,1.0000,[[CalumetBeach201507152000_Water_Temperature]]
2025-10-19 13:53:12.851,88.769,Calumet_LowWaterTemp_95,atomic,[Calumet_LowWaterTemp_95],[1.0000],1,1,1.0000,[[CalumetBeach201507152000_Water_Temperature]]
2025-10-19 13:53:12.909,88.827,Calumet_LowWaterTemp_65,atomic,[Calumet_LowWaterTemp_65],[1.0000],1,1,1.0000,[[CalumetBeach201507152100_Water_Temperature]]
2025-10-19 13:53:12.909,88.827,Calumet_LowWaterTemp_75,atomic,[Calumet_LowWaterTemp_75],[1.0000],1,1,1.0000,[[CalumetBeach201507152100_Water_Temperature]]
2025-10-19 13:53:12.909,88.827,Calumet_LowWaterTemp_85,atomic,[Calumet_LowWaterTemp_85],[1.0000],1,1,1.0000,[[CalumetBeach201507152100_Water_Temperature]]
2025-10-19 13:53:12.909,88.827,Calumet_LowWaterTemp_95,atomic,[Calumet_LowWaterTemp_95],[1.0000],1,1,1.0000,[[CalumetBeach201507152100_Water_Temperature]]
2025-10-19 13:53:13.160,89.078,Montrose_HighTurbidity_65,atomic,[Montrose_HighTurbidity_65],[1.0000],1,1,1.0000,[[MontroseBeach201507160100_Turbidity]]
2025-10-19 13:53:13.160,89.078,Montrose_HighTurbidity_75,atomic,[Montrose_HighTurbidity_75],[1.0000],1,1,1.0000,[[MontroseBeach201507160100_Turbidity]]
2025-10-19 13:53:13.160,89.078,Montrose_HighTurbidity_85,atomic,[Montrose_HighTurbidity_85],[1.0000],1,1,1.0000,[[MontroseBeach201507160100_Turbidity]]
2025-10-19 13:53:13.160,89.078,Montrose_HighTurbidity_95,atomic,[Montrose_HighTurbidity_95],[1.0000],1,1,1.0000,[[MontroseBeach201507160100_Turbidity]]
2025-10-19 13:53:13.407,89.325,Calumet_LowWaterTemp_65,atomic,[Calumet_LowWaterTemp_65],[1.0000],1,1,1.0000,[[CalumetBeach201507160500_Water_Temperature]]
2025-10-19 13:53:13.407,89.325,Calumet_LowWaterTemp_75,atomic,[Calumet_LowWaterTemp_75],[1.0000],1,1,1.0000,[[CalumetBeach201507160500_Water_Temperature]]
2025-10-19 13:53:13.407,89.325,Calumet_LowWaterTemp_85,atomic,[Calumet_LowWaterTemp_85],[1.0000],1,1,1.0000,[[CalumetBeach201507160500_Water_Temperature]]
2025-10-19 13:53:13.407,89.325,Calumet_LowWaterTemp_95,atomic,[Calumet_LowWaterTemp_95],[1.0000],1,1,1.0000,[[CalumetBeach201507160500_Water_Temperature]]
2025-10-19 13:53:13.610,89.528,Calumet_LowWaterTemp_65,atomic,[Calumet_LowWaterTemp_65],[1.0000],1,1,1.0000,[[CalumetBeach201507160800_Water_Temperature]]
2025-10-19 13:53:13.610,89.528,Calumet_LowWaterTemp_75,atomic,[Calumet_LowWaterTemp_75],[1.0000],1,1,1.0000,[[CalumetBeach201507160800_Water_Temperature]]
2025-10-19 13:53:13.610,89.528,Calumet_LowWaterTemp_85,atomic,[Calumet_LowWaterTemp_85],[1.0000],1,1,1.0000,[[CalumetBeach201507160800_Water_Temperature]]
2025-10-19 13:53:13.611,89.529,Calumet_LowWaterTemp_95,atomic,[Calumet_LowWaterTemp_95],[1.0000],1,1,1.0000,[[CalumetBeach201507160800_Water_Temperature]]
2025-10-19 13:53:13.799,89.717,Calumet_LowWaterTemp_65,atomic,[Calumet_LowWaterTemp_65],[1.0000],1,1,1.0000,[[CalumetBeach201507161200_Water_Temperature]]
2025-10-19 13:53:13.799,89.717,Calumet_LowWaterTemp_75,atomic,[Calumet_LowWaterTemp_75],[1.0000],1,1,1.0000,[[CalumetBeach201507161200_Water_Temperature]]
2025-10-19 13:53:13.799,89.717,Calumet_LowWaterTemp_85,atomic,[Calumet_LowWaterTemp_85],[1.0000],1,1,1.0000,[[CalumetBeach201507161200_Water_Temperature]]
2025-10-19 13:53:13.799,89.717,Calumet_LowWaterTemp_95,atomic,[Calumet_LowWaterTemp_95],[1.0000],1,1,1.0000,[[CalumetBeach201507161200_Water_Temperature]]
2025-10-19 13:53:13.801,89.719,63rd_HighTurbidity_65,atomic,[63rd_HighTurbidity_65],[1.0000],1,1,1.0000,[[63rdStreetBeach201507161200_Turbidity]]
2025-10-19 13:53:13.801,89.719,63rd_HighTurbidity_75,atomic,[63rd_HighTurbidity_75],[1.0000],1,1,1.0000,[[63rdStreetBeach201507161200_Turbidity]]
2025-10-19 13:53:13.801,89.719,63rd_HighTurbidity_85,atomic,[63rd_HighTurbidity_85],[1.0000],1,1,1.0000,[[63rdStreetBeach201507161200_Turbidity]]
2025-10-19 13:53:13.801,89.719,63rd_HighTurbidity_95,atomic,[63rd_HighTurbidity_95],[1.0000],1,1,1.0000,[[63rdStreetBeach201507161200_Turbidity]]
2025-10-19 13:53:13.801,89.719,63rd_LocalAlert_65,complex,[63rd_HighTurbidity_65;63rd_HighWavePeriod_65],[1.0000;1.0000],2,2,1.0000,[[63rdStreetBeach201507161200_Turbidity];[63rdStreetBeach201507151200_Wave_Period]]
2025-10-19 13:53:13.801,89.719,63rd_LocalAlert_75,complex,[63rd_HighTurbidity_75;63rd_HighWavePeriod_75],[1.0000;1.0000],2,2,1.0000,[[63rdStreetBeach201507161200_Turbidity];[63rdStreetBeach201507151200_Wave_Period]]
2025-10-19 13:53:13.801,89.719,63rd_LocalAlert_85,complex,[63rd_HighTurbidity_85;63rd_HighWavePeriod_85],[1.0000;1.0000],2,2,1.0000,[[63rdStreetBeach201507161200_Turbidity];[63rdStreetBeach201507151200_Wave_Period]]
2025-10-19 13:53:13.801,89.719,63rd_LocalAlert_95,complex,[63rd_HighTurbidity_95;63rd_HighWavePeriod_95],[1.0000;1.0000],2,2,1.0000,[[63rdStreetBeach201507161200_Turbidity];[63rdStreetBeach201507151200_Wave_Period]]
2025-10-19 13:53:13.976,89.894,63rd_HighWavePeriod_65,atomic,[63rd_HighWavePeriod_65],[1.0000],1,1,1.0000,[[63rdStreetBeach201507161500_Wave_Period]]
2025-10-19 13:53:13.976,89.894,63rd_HighWavePeriod_75,atomic,[63rd_HighWavePeriod_75],[1.0000],1,1,1.0000,[[63rdStreetBeach201507161500_Wave_Period]]
2025-10-19 13:53:13.977,89.895,63rd_HighWavePeriod_85,atomic,[63rd_HighWavePeriod_85],[1.0000],1,1,1.0000,[[63rdStreetBeach201507161500_Wave_Period]]
2025-10-19 13:53:13.977,89.895,63rd_HighWavePeriod_95,atomic,[63rd_HighWavePeriod_95],[1.0000],1,1,1.0000,[[63rdStreetBeach201507161500_Wave_Period]]
2025-10-19 13:53:14.240,90.158,Calumet_LowWaterTemp_65,atomic,[Calumet_LowWaterTemp_65],[1.0000],1,1,1.0000,[[CalumetBeach201507161900_Water_Temperature]]
2025-10-19 13:53:14.240,90.158,Calumet_LowWaterTemp_75,atomic,[Calumet_LowWaterTemp_75],[1.0000],1,1,1.0000,[[CalumetBeach201507161900_Water_Temperature]]
2025-10-19 13:53:14.240,90.158,Calumet_LowWaterTemp_85,atomic,[Calumet_LowWaterTemp_85],[1.0000],1,1,1.0000,[[CalumetBeach201507161900_Water_Temperature]]
2025-10-19 13:53:14.240,90.158,Calumet_LowWaterTemp_95,atomic,[Calumet_LowWaterTemp_95],[1.0000],1,1,1.0000,[[CalumetBeach201507161900_Water_Temperature]]
2025-10-19 13:53:14.363,90.281,Calumet_LowWaterTemp_65,atomic,[Calumet_LowWaterTemp_65],[1.0000],1,1,1.0000,[[CalumetBeach201507162100_Water_Temperature]]
2025-10-19 13:53:14.364,90.282,Calumet_LowWaterTemp_75,atomic,[Calumet_LowWaterTemp_75],[1.0000],1,1,1.0000,[[CalumetBeach201507162100_Water_Temperature]]
2025-10-19 13:53:14.364,90.282,Calumet_LowWaterTemp_85,atomic,[Calumet_LowWaterTemp_85],[1.0000],1,1,1.0000,[[CalumetBeach201507162100_Water_Temperature]]
2025-10-19 13:53:14.364,90.282,Calumet_LowWaterTemp_95,atomic,[Calumet_LowWaterTemp_95],[1.0000],1,1,1.0000,[[CalumetBeach201507162100_Water_Temperature]]
2025-10-19 13:53:14.549,90.467,Calumet_LowWaterTemp_65,atomic,[Calumet_LowWaterTemp_65],[1.0000],1,1,1.0000,[[CalumetBeach201507172400_Water_Temperature]]
2025-10-19 13:53:14.549,90.467,Calumet_LowWaterTemp_75,atomic,[Calumet_LowWaterTemp_75],[1.0000],1,1,1.0000,[[CalumetBeach201507172400_Water_Temperature]]
2025-10-19 13:53:14.549,90.467,Calumet_LowWaterTemp_85,atomic,[Calumet_LowWaterTemp_85],[1.0000],1,1,1.0000,[[CalumetBeach201507172400_Water_Temperature]]
2025-10-19 13:53:14.549,90.467,Calumet_LowWaterTemp_95,atomic,[Calumet_LowWaterTemp_95],[1.0000],1,1,1.0000,[[CalumetBeach201507172400_Water_Temperature]]
2025-10-19 13:53:14.609,90.527,Calumet_LowWaterTemp_65,atomic,[Calumet_LowWaterTemp_65],[1.0000],1,1,1.0000,[[CalumetBeach201507170100_Water_Temperature]]
2025-10-19 13:53:14.610,90.528,Calumet_LowWaterTemp_75,atomic,[Calumet_LowWaterTemp_75],[1.0000],1,1,1.0000,[[CalumetBeach201507170100_Water_Temperature]]
2025-10-19 13:53:14.610,90.528,Calumet_LowWaterTemp_85,atomic,[Calumet_LowWaterTemp_85],[1.0000],1,1,1.0000,[[CalumetBeach201507170100_Water_Temperature]]
2025-10-19 13:53:14.610,90.528,Calumet_LowWaterTemp_95,atomic,[Calumet_LowWaterTemp_95],[1.0000],1,1,1.0000,[[CalumetBeach201507170100_Water_Temperature]]
2025-10-19 13:53:14.735,90.653,Calumet_LowWaterTemp_65,atomic,[Calumet_LowWaterTemp_65],[1.0000],1,1,1.0000,[[CalumetBeach201507170300_Water_Temperature]]
2025-10-19 13:53:14.735,90.653,Calumet_LowWaterTemp_75,atomic,[Calumet_LowWaterTemp_75],[1.0000],1,1,1.0000,[[CalumetBeach201507170300_Water_Temperature]]
2025-10-19 13:53:14.735,90.653,Calumet_LowWaterTemp_85,atomic,[Calumet_LowWaterTemp_85],[1.0000],1,1,1.0000,[[CalumetBeach201507170300_Water_Temperature]]
2025-10-19 13:53:14.735,90.653,Calumet_LowWaterTemp_95,atomic,[Calumet_LowWaterTemp_95],[1.0000],1,1,1.0000,[[CalumetBeach201507170300_Water_Temperature]]
2025-10-19 13:53:14.861,90.779,Calumet_LowWaterTemp_65,atomic,[Calumet_LowWaterTemp_65],[1.0000],1,1,1.0000,[[CalumetBeach201507170500_Water_Temperature]]
2025-10-19 13:53:14.862,90.780,Calumet_LowWaterTemp_75,atomic,[Calumet_LowWaterTemp_75],[1.0000],1,1,1.0000,[[CalumetBeach201507170500_Water_Temperature]]
2025-10-19 13:53:14.862,90.780,Calumet_LowWaterTemp_85,atomic,[Calumet_LowWaterTemp_85],[1.0000],1,1,1.0000,[[CalumetBeach201507170500_Water_Temperature]]
2025-10-19 13:53:14.862,90.780,Calumet_LowWaterTemp_95,atomic,[Calumet_LowWaterTemp_95],[1.0000],1,1,1.0000,[[CalumetBeach201507170500_Water_Temperature]]
2025-10-19 13:53:15.235,91.153,Calumet_LowWaterTemp_65,atomic,[Calumet_LowWaterTemp_65],[1.0000],1,1,1.0000,[[CalumetBeach201507171100_Water_Temperature]]
2025-10-19 13:53:15.235,91.153,Calumet_LowWaterTemp_75,atomic,[Calumet_LowWaterTemp_75],[1.0000],1,1,1.0000,[[CalumetBeach201507171100_Water_Temperature]]
2025-10-19 13:53:15.235,91.153,Calumet_LowWaterTemp_85,atomic,[Calumet_LowWaterTemp_85],[1.0000],1,1,1.0000,[[CalumetBeach201507171100_Water_Temperature]]
2025-10-19 13:53:15.235,91.153,Calumet_LowWaterTemp_95,atomic,[Calumet_LowWaterTemp_95],[1.0000],1,1,1.0000,[[CalumetBeach201507171100_Water_Temperature]]
2025-10-19 13:53:15.346,91.264,Calumet_LowWaterTemp_65,atomic,[Calumet_LowWaterTemp_65],[1.0000],1,1,1.0000,[[CalumetBeach201507171300_Water_Temperature]]
2025-10-19 13:53:15.346,91.264,Calumet_LowWaterTemp_75,atomic,[Calumet_LowWaterTemp_75],[1.0000],1,1,1.0000,[[CalumetBeach201507171300_Water_Temperature]]
2025-10-19 13:53:15.346,91.264,Calumet_LowWaterTemp_85,atomic,[Calumet_LowWaterTemp_85],[1.0000],1,1,1.0000,[[CalumetBeach201507171300_Water_Temperature]]
2025-10-19 13:53:15.346,91.264,Calumet_LowWaterTemp_95,atomic,[Calumet_LowWaterTemp_95],[1.0000],1,1,1.0000,[[CalumetBeach201507171300_Water_Temperature]]
2025-10-19 13:53:15.535,91.453,Calumet_LowWaterTemp_65,atomic,[Calumet_LowWaterTemp_65],[1.0000],1,1,1.0000,[[CalumetBeach201507171600_Water_Temperature]]
2025-10-19 13:53:15.535,91.453,Calumet_LowWaterTemp_75,atomic,[Calumet_LowWaterTemp_75],[1.0000],1,1,1.0000,[[CalumetBeach201507171600_Water_Temperature]]
2025-10-19 13:53:15.535,91.453,Calumet_LowWaterTemp_85,atomic,[Calumet_LowWaterTemp_85],[1.0000],1,1,1.0000,[[CalumetBeach201507171600_Water_Temperature]]
2025-10-19 13:53:15.535,91.453,Calumet_LowWaterTemp_95,atomic,[Calumet_LowWaterTemp_95],[1.0000],1,1,1.0000,[[CalumetBeach201507171600_Water_Temperature]]
2025-10-19 13:53:15.616,91.534,Calumet_LowWaterTemp_65,atomic,[Calumet_LowWaterTemp_65],[1.0000],1,1,1.0000,[[CalumetBeach201507171700_Water_Temperature]]
2025-10-19 13:53:15.616,91.534,Calumet_LowWaterTemp_75,atomic,[Calumet_LowWaterTemp_75],[1.0000],1,1,1.0000,[[CalumetBeach201507171700_Water_Temperature]]
2025-10-19 13:53:15.616,91.534,Calumet_LowWaterTemp_85,atomic,[Calumet_LowWaterTemp_85],[1.0000],1,1,1.0000,[[CalumetBeach201507171700_Water_Temperature]]
2025-10-19 13:53:15.616,91.534,Calumet_LowWaterTemp_95,atomic,[Calumet_LowWaterTemp_95],[1.0000],1,1,1.0000,[[CalumetBeach201507171700_Water_Temperature]]
2025-10-19 13:53:15.917,91.835,Calumet_LowWaterTemp_65,atomic,[Calumet_LowWaterTemp_65],[1.0000],1,1,1.0000,[[CalumetBeach201507172200_Water_Temperature]]
2025-10-19 13:53:15.919,91.837,Calumet_LowWaterTemp_75,atomic,[Calumet_LowWaterTemp_75],[1.0000],1,1,1.0000,[[CalumetBeach201507172200_Water_Temperature]]
2025-10-19 13:53:15.919,91.837,Calumet_LowWaterTemp_85,atomic,[Calumet_LowWaterTemp_85],[1.0000],1,1,1.0000,[[CalumetBeach201507172200_Water_Temperature]]
2025-10-19 13:53:15.919,91.837,Calumet_LowWaterTemp_95,atomic,[Calumet_LowWaterTemp_95],[1.0000],1,1,1.0000,[[CalumetBeach201507172200_Water_Temperature]]
2025-10-19 13:53:16.168,92.086,Calumet_LowWaterTemp_65,atomic,[Calumet_LowWaterTemp_65],[1.0000],1,1,1.0000,[[CalumetBeach201507180200_Water_Temperature]]
2025-10-19 13:53:16.168,92.086,Calumet_LowWaterTemp_75,atomic,[Calumet_LowWaterTemp_75],[1.0000],1,1,1.0000,[[CalumetBeach201507180200_Water_Temperature]]
2025-10-19 13:53:16.168,92.086,Calumet_LowWaterTemp_85,atomic,[Calumet_LowWaterTemp_85],[1.0000],1,1,1.0000,[[CalumetBeach201507180200_Water_Temperature]]
2025-10-19 13:53:16.168,92.086,Calumet_LowWaterTemp_95,atomic,[Calumet_LowWaterTemp_95],[1.0000],1,1,1.0000,[[CalumetBeach201507180200_Water_Temperature]]
2025-10-19 13:53:16.241,92.159,Calumet_LowWaterTemp_65,atomic,[Calumet_LowWaterTemp_65],[1.0000],1,1,1.0000,[[CalumetBeach201507180300_Water_Temperature]]
2025-10-19 13:53:16.241,92.159,Calumet_LowWaterTemp_75,atomic,[Calumet_LowWaterTemp_75],[1.0000],1,1,1.0000,[[CalumetBeach201507180300_Water_Temperature]]
2025-10-19 13:53:16.241,92.159,Calumet_LowWaterTemp_85,atomic,[Calumet_LowWaterTemp_85],[1.0000],1,1,1.0000,[[CalumetBeach201507180300_Water_Temperature]]
2025-10-19 13:53:16.242,92.160,Calumet_LowWaterTemp_95,atomic,[Calumet_LowWaterTemp_95],[1.0000],1,1,1.0000,[[CalumetBeach201507180300_Water_Temperature]]
2025-10-19 13:53:16.365,92.283,Calumet_LowWaterTemp_65,atomic,[Calumet_LowWaterTemp_65],[1.0000],1,1,1.0000,[[CalumetBeach201507180500_Water_Temperature]]
2025-10-19 13:53:16.365,92.283,Calumet_LowWaterTemp_75,atomic,[Calumet_LowWaterTemp_75],[1.0000],1,1,1.0000,[[CalumetBeach201507180500_Water_Temperature]]
2025-10-19 13:53:16.365,92.283,Calumet_LowWaterTemp_85,atomic,[Calumet_LowWaterTemp_85],[1.0000],1,1,1.0000,[[CalumetBeach201507180500_Water_Temperature]]
2025-10-19 13:53:16.365,92.283,Calumet_LowWaterTemp_95,atomic,[Calumet_LowWaterTemp_95],[1.0000],1,1,1.0000,[[CalumetBeach201507180500_Water_Temperature]]
2025-10-19 13:53:16.585,92.503,63rd_HighWavePeriod_65,atomic,[63rd_HighWavePeriod_65],[1.0000],1,1,1.0000,[[63rdStreetBeach201507180800_Wave_Period]]
2025-10-19 13:53:16.586,92.504,63rd_HighWavePeriod_75,atomic,[63rd_HighWavePeriod_75],[1.0000],1,1,1.0000,[[63rdStreetBeach201507180800_Wave_Period]]
2025-10-19 13:53:16.586,92.504,63rd_HighWavePeriod_85,atomic,[63rd_HighWavePeriod_85],[1.0000],1,1,1.0000,[[63rdStreetBeach201507180800_Wave_Period]]
2025-10-19 13:53:16.586,92.504,63rd_HighWavePeriod_95,atomic,[63rd_HighWavePeriod_95],[1.0000],1,1,1.0000,[[63rdStreetBeach201507180800_Wave_Period]]
2025-10-19 13:53:16.646,92.564,63rd_HighWavePeriod_65,atomic,[63rd_HighWavePeriod_65],[1.0000],1,1,1.0000,[[63rdStreetBeach201507180900_Wave_Period]]
2025-10-19 13:53:16.647,92.565,63rd_HighWavePeriod_75,atomic,[63rd_HighWavePeriod_75],[1.0000],1,1,1.0000,[[63rdStreetBeach201507180900_Wave_Period]]
2025-10-19 13:53:16.647,92.565,63rd_HighWavePeriod_85,atomic,[63rd_HighWavePeriod_85],[1.0000],1,1,1.0000,[[63rdStreetBeach201507180900_Wave_Period]]
2025-10-19 13:53:16.647,92.565,63rd_HighWavePeriod_95,atomic,[63rd_HighWavePeriod_95],[1.0000],1,1,1.0000,[[63rdStreetBeach201507180900_Wave_Period]]
2025-10-19 13:53:16.696,92.614,Calumet_LowWaterTemp_65,atomic,[Calumet_LowWaterTemp_65],[1.0000],1,1,1.0000,[[CalumetBeach201507181000_Water_Temperature]]
2025-10-19 13:53:16.696,92.614,Calumet_LowWaterTemp_75,atomic,[Calumet_LowWaterTemp_75],[1.0000],1,1,1.0000,[[CalumetBeach201507181000_Water_Temperature]]
2025-10-19 13:53:16.696,92.614,Calumet_LowWaterTemp_85,atomic,[Calumet_LowWaterTemp_85],[1.0000],1,1,1.0000,[[CalumetBeach201507181000_Water_Temperature]]
2025-10-19 13:53:16.696,92.614,Calumet_LowWaterTemp_95,atomic,[Calumet_LowWaterTemp_95],[1.0000],1,1,1.0000,[[CalumetBeach201507181000_Water_Temperature]]
2025-10-19 13:53:16.773,92.691,Calumet_LowWaterTemp_65,atomic,[Calumet_LowWaterTemp_65],[1.0000],1,1,1.0000,[[CalumetBeach201507181100_Water_Temperature]]
2025-10-19 13:53:16.773,92.691,Calumet_LowWaterTemp_75,atomic,[Calumet_LowWaterTemp_75],[1.0000],1,1,1.0000,[[CalumetBeach201507181100_Water_Temperature]]
2025-10-19 13:53:16.773,92.691,Calumet_LowWaterTemp_85,atomic,[Calumet_LowWaterTemp_85],[1.0000],1,1,1.0000,[[CalumetBeach201507181100_Water_Temperature]]
2025-10-19 13:53:16.773,92.691,Calumet_LowWaterTemp_95,atomic,[Calumet_LowWaterTemp_95],[1.0000],1,1,1.0000,[[CalumetBeach201507181100_Water_Temperature]]
2025-10-19 13:53:17.631,93.549,Calumet_LowWaterTemp_65,atomic,[Calumet_LowWaterTemp_65],[1.0000],1,1,1.0000,[[CalumetBeach201507190400_Water_Temperature]]
2025-10-19 13:53:17.631,93.549,Calumet_LowWaterTemp_75,atomic,[Calumet_LowWaterTemp_75],[1.0000],1,1,1.0000,[[CalumetBeach201507190400_Water_Temperature]]
2025-10-19 13:53:17.631,93.549,Calumet_LowWaterTemp_85,atomic,[Calumet_LowWaterTemp_85],[1.0000],1,1,1.0000,[[CalumetBeach201507190400_Water_Temperature]]
2025-10-19 13:53:17.631,93.549,Calumet_LowWaterTemp_95,atomic,[Calumet_LowWaterTemp_95],[1.0000],1,1,1.0000,[[CalumetBeach201507190400_Water_Temperature]]
2025-10-19 13:53:17.757,93.675,Calumet_LowWaterTemp_65,atomic,[Calumet_LowWaterTemp_65],[1.0000],1,1,1.0000,[[CalumetBeach201507190600_Water_Temperature]]
2025-10-19 13:53:17.757,93.675,Calumet_LowWaterTemp_75,atomic,[Calumet_LowWaterTemp_75],[1.0000],1,1,1.0000,[[CalumetBeach201507190600_Water_Temperature]]
2025-10-19 13:53:17.757,93.675,Calumet_LowWaterTemp_85,atomic,[Calumet_LowWaterTemp_85],[1.0000],1,1,1.0000,[[CalumetBeach201507190600_Water_Temperature]]
2025-10-19 13:53:17.758,93.676,Calumet_LowWaterTemp_95,atomic,[Calumet_LowWaterTemp_95],[1.0000],1,1,1.0000,[[CalumetBeach201507190600_Water_Temperature]]
2025-10-19 13:53:17.894,93.812,63rd_HighWavePeriod_65,atomic,[63rd_HighWavePeriod_65],[1.0000],1,1,1.0000,[[63rdStreetBeach201507190800_Wave_Period]]
2025-10-19 13:53:17.894,93.812,63rd_HighWavePeriod_75,atomic,[63rd_HighWavePeriod_75],[1.0000],1,1,1.0000,[[63rdStreetBeach201507190800_Wave_Period]]
2025-10-19 13:53:17.895,93.813,63rd_HighWavePeriod_85,atomic,[63rd_HighWavePeriod_85],[1.0000],1,1,1.0000,[[63rdStreetBeach201507190800_Wave_Period]]
2025-10-19 13:53:17.895,93.813,63rd_HighWavePeriod_95,atomic,[63rd_HighWavePeriod_95],[1.0000],1,1,1.0000,[[63rdStreetBeach201507190800_Wave_Period]]
2025-10-19 13:53:18.587,94.505,63rd_HighWavePeriod_65,atomic,[63rd_HighWavePeriod_65],[1.0000],1,1,1.0000,[[63rdStreetBeach201507191900_Wave_Period]]
2025-10-19 13:53:18.589,94.507,63rd_HighWavePeriod_75,atomic,[63rd_HighWavePeriod_75],[1.0000],1,1,1.0000,[[63rdStreetBeach201507191900_Wave_Period]]
2025-10-19 13:53:18.589,94.507,63rd_HighWavePeriod_85,atomic,[63rd_HighWavePeriod_85],[1.0000],1,1,1.0000,[[63rdStreetBeach201507191900_Wave_Period]]
2025-10-19 13:53:18.589,94.507,63rd_HighWavePeriod_95,atomic,[63rd_HighWavePeriod_95],[1.0000],1,1,1.0000,[[63rdStreetBeach201507191900_Wave_Period]]
2025-10-19 13:53:18.776,94.694,63rd_HighWavePeriod_65,atomic,[63rd_HighWavePeriod_65],[1.0000],1,1,1.0000,[[63rdStreetBeach201507192200_Wave_Period]]
2025-10-19 13:53:18.776,94.694,63rd_HighWavePeriod_75,atomic,[63rd_HighWavePeriod_75],[1.0000],1,1,1.0000,[[63rdStreetBeach201507192200_Wave_Period]]
2025-10-19 13:53:18.776,94.694,63rd_HighWavePeriod_85,atomic,[63rd_HighWavePeriod_85],[1.0000],1,1,1.0000,[[63rdStreetBeach201507192200_Wave_Period]]
2025-10-19 13:53:18.776,94.694,63rd_HighWavePeriod_95,atomic,[63rd_HighWavePeriod_95],[1.0000],1,1,1.0000,[[63rdStreetBeach201507192200_Wave_Period]]
2025-10-19 13:53:19.092,95.010,63rd_HighWavePeriod_65,atomic,[63rd_HighWavePeriod_65],[1.0000],1,1,1.0000,[[63rdStreetBeach201507201000_Wave_Period]]
2025-10-19 13:53:19.092,95.010,63rd_HighWavePeriod_75,atomic,[63rd_HighWavePeriod_75],[1.0000],1,1,1.0000,[[63rdStreetBeach201507201000_Wave_Period]]
2025-10-19 13:53:19.092,95.010,63rd_HighWavePeriod_85,atomic,[63rd_HighWavePeriod_85],[1.0000],1,1,1.0000,[[63rdStreetBeach201507201000_Wave_Period]]
2025-10-19 13:53:19.092,95.010,63rd_HighWavePeriod_95,atomic,[63rd_HighWavePeriod_95],[1.0000],1,1,1.0000,[[63rdStreetBeach201507201000_Wave_Period]]
2025-10-19 13:53:19.145,95.063,63rd_HighWavePeriod_65,atomic,[63rd_HighWavePeriod_65],[1.0000],1,1,1.0000,[[63rdStreetBeach201507201100_Wave_Period]]
2025-10-19 13:53:19.145,95.063,63rd_HighWavePeriod_75,atomic,[63rd_HighWavePeriod_75],[1.0000],1,1,1.0000,[[63rdStreetBeach201507201100_Wave_Period]]
2025-10-19 13:53:19.146,95.064,63rd_HighWavePeriod_85,atomic,[63rd_HighWavePeriod_85],[1.0000],1,1,1.0000,[[63rdStreetBeach201507201100_Wave_Period]]
2025-10-19 13:53:19.146,95.064,63rd_HighWavePeriod_95,atomic,[63rd_HighWavePeriod_95],[1.0000],1,1,1.0000,[[63rdStreetBeach201507201100_Wave_Period]]
2025-10-19 13:53:19.469,95.387,63rd_HighWavePeriod_65,atomic,[63rd_HighWavePeriod_65],[1.0000],1,1,1.0000,[[63rdStreetBeach201507201600_Wave_Period]]
2025-10-19 13:53:19.470,95.388,63rd_HighWavePeriod_75,atomic,[63rd_HighWavePeriod_75],[1.0000],1,1,1.0000,[[63rdStreetBeach201507201600_Wave_Period]]
2025-10-19 13:53:19.470,95.388,63rd_HighWavePeriod_85,atomic,[63rd_HighWavePeriod_85],[1.0000],1,1,1.0000,[[63rdStreetBeach201507201600_Wave_Period]]
2025-10-19 13:53:19.470,95.388,63rd_HighWavePeriod_95,atomic,[63rd_HighWavePeriod_95],[1.0000],1,1,1.0000,[[63rdStreetBeach201507201600_Wave_Period]]
2025-10-19 13:53:19.520,95.438,Calumet_LowWaterTemp_65,atomic,[Calumet_LowWaterTemp_65],[1.0000],1,1,1.0000,[[CalumetBeach201507201700_Water_Temperature]]
2025-10-19 13:53:19.521,95.439,Calumet_LowWaterTemp_75,atomic,[Calumet_LowWaterTemp_75],[1.0000],1,1,1.0000,[[CalumetBeach201507201700_Water_Temperature]]
2025-10-19 13:53:19.521,95.439,Calumet_LowWaterTemp_85,atomic,[Calumet_LowWaterTemp_85],[1.0000],1,1,1.0000,[[CalumetBeach201507201700_Water_Temperature]]
2025-10-19 13:53:19.521,95.439,Calumet_LowWaterTemp_95,atomic,[Calumet_LowWaterTemp_95],[1.0000],1,1,1.0000,[[CalumetBeach201507201700_Water_Temperature]]
2025-10-19 13:53:19.704,95.622,Calumet_LowWaterTemp_65,atomic,[Calumet_LowWaterTemp_65],[1.0000],1,1,1.0000,[[CalumetBeach201507202000_Water_Temperature]]
2025-10-19 13:53:19.704,95.622,Calumet_LowWaterTemp_75,atomic,[Calumet_LowWaterTemp_75],[1.0000],1,1,1.0000,[[CalumetBeach201507202000_Water_Temperature]]
2025-10-19 13:53:19.704,95.622,Calumet_LowWaterTemp_85,atomic,[Calumet_LowWaterTemp_85],[1.0000],1,1,1.0000,[[CalumetBeach201507202000_Water_Temperature]]
2025-10-19 13:53:19.704,95.622,Calumet_LowWaterTemp_95,atomic,[Calumet_LowWaterTemp_95],[1.0000],1,1,1.0000,[[CalumetBeach201507202000_Water_Temperature]]
2025-10-19 13:53:20.151,96.069,Calumet_LowWaterTemp_65,atomic,[Calumet_LowWaterTemp_65],[1.0000],1,1,1.0000,[[CalumetBeach201507210300_Water_Temperature]]
2025-10-19 13:53:20.151,96.069,Calumet_LowWaterTemp_75,atomic,[Calumet_LowWaterTemp_75],[1.0000],1,1,1.0000,[[CalumetBeach201507210300_Water_Temperature]]
2025-10-19 13:53:20.151,96.069,Calumet_LowWaterTemp_85,atomic,[Calumet_LowWaterTemp_85],[1.0000],1,1,1.0000,[[CalumetBeach201507210300_Water_Temperature]]
2025-10-19 13:53:20.151,96.069,Calumet_LowWaterTemp_95,atomic,[Calumet_LowWaterTemp_95],[1.0000],1,1,1.0000,[[CalumetBeach201507210300_Water_Temperature]]
2025-10-19 13:53:21.769,97.687,Calumet_LowWaterTemp_65,atomic,[Calumet_LowWaterTemp_65],[1.0000],1,1,1.0000,[[CalumetBeach201507220500_Water_Temperature]]
2025-10-19 13:53:21.769,97.687,Calumet_LowWaterTemp_75,atomic,[Calumet_LowWaterTemp_75],[1.0000],1,1,1.0000,[[CalumetBeach201507220500_Water_Temperature]]
2025-10-19 13:53:21.769,97.687,Calumet_LowWaterTemp_85,atomic,[Calumet_LowWaterTemp_85],[1.0000],1,1,1.0000,[[CalumetBeach201507220500_Water_Temperature]]
2025-10-19 13:53:21.769,97.687,Calumet_LowWaterTemp_95,atomic,[Calumet_LowWaterTemp_95],[1.0000],1,1,1.0000,[[CalumetBeach201507220500_Water_Temperature]]
2025-10-19 13:53:21.957,97.875,Calumet_LowWaterTemp_65,atomic,[Calumet_LowWaterTemp_65],[1.0000],1,1,1.0000,[[CalumetBeach201507220800_Water_Temperature]]
2025-10-19 13:53:21.957,97.875,Calumet_LowWaterTemp_75,atomic,[Calumet_LowWaterTemp_75],[1.0000],1,1,1.0000,[[CalumetBeach201507220800_Water_Temperature]]
2025-10-19 13:53:21.958,97.876,Calumet_LowWaterTemp_85,atomic,[Calumet_LowWaterTemp_85],[1.0000],1,1,1.0000,[[CalumetBeach201507220800_Water_Temperature]]
2025-10-19 13:53:21.958,97.876,Calumet_LowWaterTemp_95,atomic,[Calumet_LowWaterTemp_95],[1.0000],1,1,1.0000,[[CalumetBeach201507220800_Water_Temperature]]
2025-10-19 13:53:22.656,98.574,63rd_HighWavePeriod_65,atomic,[63rd_HighWavePeriod_65],[1.0000],1,1,1.0000,[[63rdStreetBeach201507221900_Wave_Period]]
2025-10-19 13:53:22.656,98.574,63rd_HighWavePeriod_75,atomic,[63rd_HighWavePeriod_75],[1.0000],1,1,1.0000,[[63rdStreetBeach201507221900_Wave_Period]]
2025-10-19 13:53:22.656,98.574,63rd_HighWavePeriod_85,atomic,[63rd_HighWavePeriod_85],[1.0000],1,1,1.0000,[[63rdStreetBeach201507221900_Wave_Period]]
2025-10-19 13:53:22.656,98.574,63rd_HighWavePeriod_95,atomic,[63rd_HighWavePeriod_95],[1.0000],1,1,1.0000,[[63rdStreetBeach201507221900_Wave_Period]]
2025-10-19 13:53:23.213,99.131,63rd_HighWavePeriod_65,atomic,[63rd_HighWavePeriod_65],[1.0000],1,1,1.0000,[[63rdStreetBeach201507230400_Wave_Period]]
2025-10-19 13:53:23.213,99.131,63rd_HighWavePeriod_75,atomic,[63rd_HighWavePeriod_75],[1.0000],1,1,1.0000,[[63rdStreetBeach201507230400_Wave_Period]]
2025-10-19 13:53:23.214,99.132,63rd_HighWavePeriod_85,atomic,[63rd_HighWavePeriod_85],[1.0000],1,1,1.0000,[[63rdStreetBeach201507230400_Wave_Period]]
2025-10-19 13:53:23.214,99.132,63rd_HighWavePeriod_95,atomic,[63rd_HighWavePeriod_95],[1.0000],1,1,1.0000,[[63rdStreetBeach201507230400_Wave_Period]]
2025-10-19 13:53:24.215,100.133,63rd_HighWavePeriod_65,atomic,[63rd_HighWavePeriod_65],[1.0000],1,1,1.0000,[[63rdStreetBeach201507232000_Wave_Period]]
2025-10-19 13:53:24.215,100.133,63rd_HighWavePeriod_75,atomic,[63rd_HighWavePeriod_75],[1.0000],1,1,1.0000,[[63rdStreetBeach201507232000_Wave_Period]]
2025-10-19 13:53:24.215,100.133,63rd_HighWavePeriod_85,atomic,[63rd_HighWavePeriod_85],[1.0000],1,1,1.0000,[[63rdStreetBeach201507232000_Wave_Period]]
2025-10-19 13:53:24.215,100.133,63rd_HighWavePeriod_95,atomic,[63rd_HighWavePeriod_95],[1.0000],1,1,1.0000,[[63rdStreetBeach201507232000_Wave_Period]]
2025-10-19 13:53:24.450,100.368,63rd_HighWavePeriod_65,atomic,[63rd_HighWavePeriod_65],[1.0000],1,1,1.0000,[[63rdStreetBeach201507242400_Wave_Period]]
2025-10-19 13:53:24.451,100.369,63rd_HighWavePeriod_75,atomic,[63rd_HighWavePeriod_75],[1.0000],1,1,1.0000,[[63rdStreetBeach201507242400_Wave_Period]]
2025-10-19 13:53:24.451,100.369,63rd_HighWavePeriod_85,atomic,[63rd_HighWavePeriod_85],[1.0000],1,1,1.0000,[[63rdStreetBeach201507242400_Wave_Period]]
2025-10-19 13:53:24.451,100.369,63rd_HighWavePeriod_95,atomic,[63rd_HighWavePeriod_95],[1.0000],1,1,1.0000,[[63rdStreetBeach201507242400_Wave_Period]]
2025-10-19 13:53:24.527,100.445,63rd_HighWavePeriod_65,atomic,[63rd_HighWavePeriod_65],[1.0000],1,1,1.0000,[[63rdStreetBeach201507240100_Wave_Period]]
2025-10-19 13:53:24.527,100.445,63rd_HighWavePeriod_75,atomic,[63rd_HighWavePeriod_75],[1.0000],1,1,1.0000,[[63rdStreetBeach201507240100_Wave_Period]]
2025-10-19 13:53:24.527,100.445,63rd_HighWavePeriod_85,atomic,[63rd_HighWavePeriod_85],[1.0000],1,1,1.0000,[[63rdStreetBeach201507240100_Wave_Period]]
2025-10-19 13:53:24.527,100.445,63rd_HighWavePeriod_95,atomic,[63rd_HighWavePeriod_95],[1.0000],1,1,1.0000,[[63rdStreetBeach201507240100_Wave_Period]]
2025-10-19 13:53:24.638,100.556,63rd_HighWavePeriod_65,atomic,[63rd_HighWavePeriod_65],[1.0000],1,1,1.0000,[[63rdStreetBeach201507240300_Wave_Period]]
2025-10-19 13:53:24.638,100.556,63rd_HighWavePeriod_75,atomic,[63rd_HighWavePeriod_75],[1.0000],1,1,1.0000,[[63rdStreetBeach201507240300_Wave_Period]]
2025-10-19 13:53:24.638,100.556,63rd_HighWavePeriod_85,atomic,[63rd_HighWavePeriod_85],[1.0000],1,1,1.0000,[[63rdStreetBeach201507240300_Wave_Period]]
2025-10-19 13:53:24.638,100.556,63rd_HighWavePeriod_95,atomic,[63rd_HighWavePeriod_95],[1.0000],1,1,1.0000,[[63rdStreetBeach201507240300_Wave_Period]]
2025-10-19 13:53:24.892,100.810,63rd_HighWavePeriod_65,atomic,[63rd_HighWavePeriod_65],[1.0000],1,1,1.0000,[[63rdStreetBeach201507240700_Wave_Period]]
2025-10-19 13:53:24.892,100.810,63rd_HighWavePeriod_75,atomic,[63rd_HighWavePeriod_75],[1.0000],1,1,1.0000,[[63rdStreetBeach201507240700_Wave_Period]]
2025-10-19 13:53:24.892,100.810,63rd_HighWavePeriod_85,atomic,[63rd_HighWavePeriod_85],[1.0000],1,1,1.0000,[[63rdStreetBeach201507240700_Wave_Period]]
2025-10-19 13:53:24.892,100.810,63rd_HighWavePeriod_95,atomic,[63rd_HighWavePeriod_95],[1.0000],1,1,1.0000,[[63rdStreetBeach201507240700_Wave_Period]]
2025-10-19 13:53:25.712,101.630,63rd_HighWavePeriod_65,atomic,[63rd_HighWavePeriod_65],[1.0000],1,1,1.0000,[[63rdStreetBeach201507242000_Wave_Period]]
2025-10-19 13:53:25.712,101.630,63rd_HighWavePeriod_75,atomic,[63rd_HighWavePeriod_75],[1.0000],1,1,1.0000,[[63rdStreetBeach201507242000_Wave_Period]]
2025-10-19 13:53:25.712,101.630,63rd_HighWavePeriod_85,atomic,[63rd_HighWavePeriod_85],[1.0000],1,1,1.0000,[[63rdStreetBeach201507242000_Wave_Period]]
2025-10-19 13:53:25.712,101.630,63rd_HighWavePeriod_95,atomic,[63rd_HighWavePeriod_95],[1.0000],1,1,1.0000,[[63rdStreetBeach201507242000_Wave_Period]]
2025-10-19 13:53:26.214,102.132,63rd_HighWavePeriod_65,atomic,[63rd_HighWavePeriod_65],[1.0000],1,1,1.0000,[[63rdStreetBeach201507250400_Wave_Period]]
2025-10-19 13:53:26.214,102.132,63rd_HighWavePeriod_75,atomic,[63rd_HighWavePeriod_75],[1.0000],1,1,1.0000,[[63rdStreetBeach201507250400_Wave_Period]]
2025-10-19 13:53:26.214,102.132,63rd_HighWavePeriod_85,atomic,[63rd_HighWavePeriod_85],[1.0000],1,1,1.0000,[[63rdStreetBeach201507250400_Wave_Period]]
2025-10-19 13:53:26.214,102.132,63rd_HighWavePeriod_95,atomic,[63rd_HighWavePeriod_95],[1.0000],1,1,1.0000,[[63rdStreetBeach201507250400_Wave_Period]]
2025-10-19 13:53:31.710,107.628,63rd_HighWavePeriod_65,atomic,[63rd_HighWavePeriod_65],[1.0000],1,1,1.0000,[[63rdStreetBeach201507282200_Wave_Period]]
2025-10-19 13:53:31.710,107.628,63rd_HighWavePeriod_75,atomic,[63rd_HighWavePeriod_75],[1.0000],1,1,1.0000,[[63rdStreetBeach201507282200_Wave_Period]]
2025-10-19 13:53:31.710,107.628,63rd_HighWavePeriod_85,atomic,[63rd_HighWavePeriod_85],[1.0000],1,1,1.0000,[[63rdStreetBeach201507282200_Wave_Period]]
2025-10-19 13:53:31.710,107.628,63rd_HighWavePeriod_95,atomic,[63rd_HighWavePeriod_95],[1.0000],1,1,1.0000,[[63rdStreetBeach201507282200_Wave_Period]]
2025-10-19 13:53:32.285,108.203,63rd_HighWavePeriod_65,atomic,[63rd_HighWavePeriod_65],[1.0000],1,1,1.0000,[[63rdStreetBeach201507290700_Wave_Period]]
2025-10-19 13:53:32.285,108.203,63rd_HighWavePeriod_75,atomic,[63rd_HighWavePeriod_75],[1.0000],1,1,1.0000,[[63rdStreetBeach201507290700_Wave_Period]]
2025-10-19 13:53:32.285,108.203,63rd_HighWavePeriod_85,atomic,[63rd_HighWavePeriod_85],[1.0000],1,1,1.0000,[[63rdStreetBeach201507290700_Wave_Period]]
2025-10-19 13:53:32.285,108.203,63rd_HighWavePeriod_95,atomic,[63rd_HighWavePeriod_95],[1.0000],1,1,1.0000,[[63rdStreetBeach201507290700_Wave_Period]]
2025-10-19 13:53:33.212,109.130,63rd_HighWavePeriod_65,atomic,[63rd_HighWavePeriod_65],[1.0000],1,1,1.0000,[[63rdStreetBeach201507302100_Wave_Period]]
2025-10-19 13:53:33.212,109.130,63rd_HighWavePeriod_75,atomic,[63rd_HighWavePeriod_75],[1.0000],1,1,1.0000,[[63rdStreetBeach201507302100_Wave_Period]]
2025-10-19 13:53:33.212,109.130,63rd_HighWavePeriod_85,atomic,[63rd_HighWavePeriod_85],[1.0000],1,1,1.0000,[[63rdStreetBeach201507302100_Wave_Period]]
2025-10-19 13:53:33.212,109.130,63rd_HighWavePeriod_95,atomic,[63rd_HighWavePeriod_95],[1.0000],1,1,1.0000,[[63rdStreetBeach201507302100_Wave_Period]]
2025-10-19 13:53:34.013,109.931,63rd_HighWavePeriod_65,atomic,[63rd_HighWavePeriod_65],[1.0000],1,1,1.0000,[[63rdStreetBeach201507311000_Wave_Period]]
2025-10-19 13:53:34.013,109.931,63rd_HighWavePeriod_75,atomic,[63rd_HighWavePeriod_75],[1.0000],1,1,1.0000,[[63rdStreetBeach201507311000_Wave_Period]]
2025-10-19 13:53:34.013,109.931,63rd_HighWavePeriod_85,atomic,[63rd_HighWavePeriod_85],[1.0000],1,1,1.0000,[[63rdStreetBeach201507311000_Wave_Period]]
2025-10-19 13:53:34.013,109.931,63rd_HighWavePeriod_95,atomic,[63rd_HighWavePeriod_95],[1.0000],1,1,1.0000,[[63rdStreetBeach201507311000_Wave_Period]]
2025-10-19 13:53:36.492,112.410,63rd_HighWavePeriod_65,atomic,[63rd_HighWavePeriod_65],[1.0000],1,1,1.0000,[[63rdStreetBeach201508020500_Wave_Period]]
2025-10-19 13:53:36.492,112.410,63rd_HighWavePeriod_75,atomic,[63rd_HighWavePeriod_75],[1.0000],1,1,1.0000,[[63rdStreetBeach201508020500_Wave_Period]]
2025-10-19 13:53:36.492,112.410,63rd_HighWavePeriod_85,atomic,[63rd_HighWavePeriod_85],[1.0000],1,1,1.0000,[[63rdStreetBeach201508020500_Wave_Period]]
2025-10-19 13:53:36.492,112.410,63rd_HighWavePeriod_95,atomic,[63rd_HighWavePeriod_95],[1.0000],1,1,1.0000,[[63rdStreetBeach201508020500_Wave_Period]]
2025-10-19 13:53:37.069,112.987,63rd_HighWavePeriod_65,atomic,[63rd_HighWavePeriod_65],[1.0000],1,1,1.0000,[[63rdStreetBeach201508021400_Wave_Period]]
2025-10-19 13:53:37.069,112.987,63rd_HighWavePeriod_75,atomic,[63rd_HighWavePeriod_75],[1.0000],1,1,1.0000,[[63rdStreetBeach201508021400_Wave_Period]]
2025-10-19 13:53:37.069,112.987,63rd_HighWavePeriod_85,atomic,[63rd_HighWavePeriod_85],[1.0000],1,1,1.0000,[[63rdStreetBeach201508021400_Wave_Period]]
2025-10-19 13:53:37.069,112.987,63rd_HighWavePeriod_95,atomic,[63rd_HighWavePeriod_95],[1.0000],1,1,1.0000,[[63rdStreetBeach201508021400_Wave_Period]]
2025-10-19 13:53:37.318,113.236,63rd_HighWavePeriod_65,atomic,[63rd_HighWavePeriod_65],[1.0000],1,1,1.0000,[[63rdStreetBeach201508021800_Wave_Period]]
2025-10-19 13:53:37.319,113.237,63rd_HighWavePeriod_75,atomic,[63rd_HighWavePeriod_75],[1.0000],1,1,1.0000,[[63rdStreetBeach201508021800_Wave_Period]]
2025-10-19 13:53:37.319,113.237,63rd_HighWavePeriod_85,atomic,[63rd_HighWavePeriod_85],[1.0000],1,1,1.0000,[[63rdStreetBeach201508021800_Wave_Period]]
2025-10-19 13:53:37.319,113.237,63rd_HighWavePeriod_95,atomic,[63rd_HighWavePeriod_95],[1.0000],1,1,1.0000,[[63rdStreetBeach201508021800_Wave_Period]]
2025-10-19 13:53:40.323,116.241,63rd_HighWavePeriod_65,atomic,[63rd_HighWavePeriod_65],[1.0000],1,1,1.0000,[[63rdStreetBeach201508041800_Wave_Period]]
2025-10-19 13:53:40.323,116.241,63rd_HighWavePeriod_75,atomic,[63rd_HighWavePeriod_75],[1.0000],1,1,1.0000,[[63rdStreetBeach201508041800_Wave_Period]]
2025-10-19 13:53:40.323,116.241,63rd_HighWavePeriod_85,atomic,[63rd_HighWavePeriod_85],[1.0000],1,1,1.0000,[[63rdStreetBeach201508041800_Wave_Period]]
2025-10-19 13:53:40.324,116.242,63rd_HighWavePeriod_95,atomic,[63rd_HighWavePeriod_95],[1.0000],1,1,1.0000,[[63rdStreetBeach201508041800_Wave_Period]]
2025-10-19 13:53:42.321,118.239,Montrose_HighWave_65,atomic,[Montrose_HighWave_65],[1.0000],1,1,1.0000,[[MontroseBeach201508060500_Wave_Height]]
2025-10-19 13:53:42.321,118.239,Montrose_HighWave_75,atomic,[Montrose_HighWave_75],[1.0000],1,1,1.0000,[[MontroseBeach201508060500_Wave_Height]]
2025-10-19 13:53:42.321,118.239,Montrose_HighWave_85,atomic,[Montrose_HighWave_85],[1.0000],1,1,1.0000,[[MontroseBeach201508060500_Wave_Height]]
2025-10-19 13:53:42.321,118.239,Montrose_HighWave_95,atomic,[Montrose_HighWave_95],[1.0000],1,1,1.0000,[[MontroseBeach201508060500_Wave_Height]]
2025-10-19 13:53:50.565,126.483,Montrose_HighWave_65,atomic,[Montrose_HighWave_65],[1.0000],1,1,1.0000,[[MontroseBeach201508111800_Wave_Height]]
2025-10-19 13:53:50.565,126.483,Montrose_HighWave_75,atomic,[Montrose_HighWave_75],[1.0000],1,1,1.0000,[[MontroseBeach201508111800_Wave_Height]]
2025-10-19 13:53:50.565,126.483,Montrose_HighWave_85,atomic,[Montrose_HighWave_85],[1.0000],1,1,1.0000,[[MontroseBeach201508111800_Wave_Height]]
2025-10-19 13:53:50.565,126.483,Montrose_HighWave_95,atomic,[Montrose_HighWave_95],[1.0000],1,1,1.0000,[[MontroseBeach201508111800_Wave_Height]]
2025-10-19 13:53:50.996,126.914,63rd_HighWavePeriod_65,atomic,[63rd_HighWavePeriod_65],[1.0000],1,1,1.0000,[[63rdStreetBeach201508120100_Wave_Period]]
2025-10-19 13:53:50.996,126.914,63rd_HighWavePeriod_75,atomic,[63rd_HighWavePeriod_75],[1.0000],1,1,1.0000,[[63rdStreetBeach201508120100_Wave_Period]]
2025-10-19 13:53:50.996,126.914,63rd_HighWavePeriod_85,atomic,[63rd_HighWavePeriod_85],[1.0000],1,1,1.0000,[[63rdStreetBeach201508120100_Wave_Period]]
2025-10-19 13:53:50.996,126.914,63rd_HighWavePeriod_95,atomic,[63rd_HighWavePeriod_95],[1.0000],1,1,1.0000,[[63rdStreetBeach201508120100_Wave_Period]]
2025-10-19 13:53:51.612,127.530,63rd_HighWavePeriod_65,atomic,[63rd_HighWavePeriod_65],[1.0000],1,1,1.0000,[[63rdStreetBeach201508121100_Wave_Period]]
2025-10-19 13:53:51.612,127.530,63rd_HighWavePeriod_75,atomic,[63rd_HighWavePeriod_75],[1.0000],1,1,1.0000,[[63rdStreetBeach201508121100_Wave_Period]]
2025-10-19 13:53:51.612,127.530,63rd_HighWavePeriod_85,atomic,[63rd_HighWavePeriod_85],[1.0000],1,1,1.0000,[[63rdStreetBeach201508121100_Wave_Period]]
2025-10-19 13:53:51.612,127.530,63rd_HighWavePeriod_95,atomic,[63rd_HighWavePeriod_95],[1.0000],1,1,1.0000,[[63rdStreetBeach201508121100_Wave_Period]]
2025-10-19 13:53:52.166,128.084,63rd_HighWavePeriod_65,atomic,[63rd_HighWavePeriod_65],[1.0000],1,1,1.0000,[[63rdStreetBeach201508122000_Wave_Period]]
2025-10-19 13:53:52.166,128.084,63rd_HighWavePeriod_75,atomic,[63rd_HighWavePeriod_75],[1.0000],1,1,1.0000,[[63rdStreetBeach201508122000_Wave_Period]]
2025-10-19 13:53:52.166,128.084,63rd_HighWavePeriod_85,atomic,[63rd_HighWavePeriod_85],[1.0000],1,1,1.0000,[[63rdStreetBeach201508122000_Wave_Period]]
2025-10-19 13:53:52.166,128.084,63rd_HighWavePeriod_95,atomic,[63rd_HighWavePeriod_95],[1.0000],1,1,1.0000,[[63rdStreetBeach201508122000_Wave_Period]]
2025-10-19 13:53:52.242,128.160,63rd_HighWavePeriod_65,atomic,[63rd_HighWavePeriod_65],[1.0000],1,1,1.0000,[[63rdStreetBeach201508122100_Wave_Period]]
2025-10-19 13:53:52.242,128.160,63rd_HighWavePeriod_75,atomic,[63rd_HighWavePeriod_75],[1.0000],1,1,1.0000,[[63rdStreetBeach201508122100_Wave_Period]]
2025-10-19 13:53:52.242,128.160,63rd_HighWavePeriod_85,atomic,[63rd_HighWavePeriod_85],[1.0000],1,1,1.0000,[[63rdStreetBeach201508122100_Wave_Period]]
2025-10-19 13:53:52.242,128.160,63rd_HighWavePeriod_95,atomic,[63rd_HighWavePeriod_95],[1.0000],1,1,1.0000,[[63rdStreetBeach201508122100_Wave_Period]]
2025-10-19 13:53:52.351,128.269,63rd_HighWavePeriod_65,atomic,[63rd_HighWavePeriod_65],[1.0000],1,1,1.0000,[[63rdStreetBeach201508122300_Wave_Period]]
2025-10-19 13:53:52.352,128.270,63rd_HighWavePeriod_75,atomic,[63rd_HighWavePeriod_75],[1.0000],1,1,1.0000,[[63rdStreetBeach201508122300_Wave_Period]]
2025-10-19 13:53:52.352,128.270,63rd_HighWavePeriod_85,atomic,[63rd_HighWavePeriod_85],[1.0000],1,1,1.0000,[[63rdStreetBeach201508122300_Wave_Period]]
2025-10-19 13:53:52.352,128.270,63rd_HighWavePeriod_95,atomic,[63rd_HighWavePeriod_95],[1.0000],1,1,1.0000,[[63rdStreetBeach201508122300_Wave_Period]]
2025-10-19 13:53:52.428,128.346,63rd_HighWavePeriod_65,atomic,[63rd_HighWavePeriod_65],[1.0000],1,1,1.0000,[[63rdStreetBeach201508132400_Wave_Period]]
2025-10-19 13:53:52.428,128.346,63rd_HighWavePeriod_75,atomic,[63rd_HighWavePeriod_75],[1.0000],1,1,1.0000,[[63rdStreetBeach201508132400_Wave_Period]]
2025-10-19 13:53:52.428,128.346,63rd_HighWavePeriod_85,atomic,[63rd_HighWavePeriod_85],[1.0000],1,1,1.0000,[[63rdStreetBeach201508132400_Wave_Period]]
2025-10-19 13:53:52.428,128.346,63rd_HighWavePeriod_95,atomic,[63rd_HighWavePeriod_95],[1.0000],1,1,1.0000,[[63rdStreetBeach201508132400_Wave_Period]]
2025-10-19 13:53:52.676,128.594,63rd_HighWavePeriod_65,atomic,[63rd_HighWavePeriod_65],[1.0000],1,1,1.0000,[[63rdStreetBeach201508130400_Wave_Period]]
2025-10-19 13:53:52.676,128.594,63rd_HighWavePeriod_75,atomic,[63rd_HighWavePeriod_75],[1.0000],1,1,1.0000,[[63rdStreetBeach201508130400_Wave_Period]]
2025-10-19 13:53:52.676,128.594,63rd_HighWavePeriod_85,atomic,[63rd_HighWavePeriod_85],[1.0000],1,1,1.0000,[[63rdStreetBeach201508130400_Wave_Period]]
2025-10-19 13:53:52.676,128.594,63rd_HighWavePeriod_95,atomic,[63rd_HighWavePeriod_95],[1.0000],1,1,1.0000,[[63rdStreetBeach201508130400_Wave_Period]]
2025-10-19 13:53:52.803,128.721,63rd_HighWavePeriod_65,atomic,[63rd_HighWavePeriod_65],[1.0000],1,1,1.0000,[[63rdStreetBeach201508130600_Wave_Period]]
2025-10-19 13:53:52.804,128.722,63rd_HighWavePeriod_75,atomic,[63rd_HighWavePeriod_75],[1.0000],1,1,1.0000,[[63rdStreetBeach201508130600_Wave_Period]]
2025-10-19 13:53:52.804,128.722,63rd_HighWavePeriod_85,atomic,[63rd_HighWavePeriod_85],[1.0000],1,1,1.0000,[[63rdStreetBeach201508130600_Wave_Period]]
2025-10-19 13:53:52.804,128.722,63rd_HighWavePeriod_95,atomic,[63rd_HighWavePeriod_95],[1.0000],1,1,1.0000,[[63rdStreetBeach201508130600_Wave_Period]]
2025-10-19 13:53:52.881,128.799,63rd_HighWavePeriod_65,atomic,[63rd_HighWavePeriod_65],[1.0000],1,1,1.0000,[[63rdStreetBeach201508130700_Wave_Period]]
2025-10-19 13:53:52.881,128.799,63rd_HighWavePeriod_75,atomic,[63rd_HighWavePeriod_75],[1.0000],1,1,1.0000,[[63rdStreetBeach201508130700_Wave_Period]]
2025-10-19 13:53:52.881,128.799,63rd_HighWavePeriod_85,atomic,[63rd_HighWavePeriod_85],[1.0000],1,1,1.0000,[[63rdStreetBeach201508130700_Wave_Period]]
2025-10-19 13:53:52.881,128.799,63rd_HighWavePeriod_95,atomic,[63rd_HighWavePeriod_95],[1.0000],1,1,1.0000,[[63rdStreetBeach201508130700_Wave_Period]]
2025-10-19 13:53:53.385,129.303,63rd_HighWavePeriod_65,atomic,[63rd_HighWavePeriod_65],[1.0000],1,1,1.0000,[[63rdStreetBeach201508131500_Wave_Period]]
2025-10-19 13:53:53.385,129.303,63rd_HighWavePeriod_75,atomic,[63rd_HighWavePeriod_75],[1.0000],1,1,1.0000,[[63rdStreetBeach201508131500_Wave_Period]]
2025-10-19 13:53:53.385,129.303,63rd_HighWavePeriod_85,atomic,[63rd_HighWavePeriod_85],[1.0000],1,1,1.0000,[[63rdStreetBeach201508131500_Wave_Period]]
2025-10-19 13:53:53.385,129.303,63rd_HighWavePeriod_95,atomic,[63rd_HighWavePeriod_95],[1.0000],1,1,1.0000,[[63rdStreetBeach201508131500_Wave_Period]]
2025-10-19 13:53:53.562,129.480,63rd_HighWavePeriod_65,atomic,[63rd_HighWavePeriod_65],[1.0000],1,1,1.0000,[[63rdStreetBeach201508131800_Wave_Period]]
2025-10-19 13:53:53.562,129.480,63rd_HighWavePeriod_75,atomic,[63rd_HighWavePeriod_75],[1.0000],1,1,1.0000,[[63rdStreetBeach201508131800_Wave_Period]]
2025-10-19 13:53:53.562,129.480,63rd_HighWavePeriod_85,atomic,[63rd_HighWavePeriod_85],[1.0000],1,1,1.0000,[[63rdStreetBeach201508131800_Wave_Period]]
2025-10-19 13:53:53.562,129.480,63rd_HighWavePeriod_95,atomic,[63rd_HighWavePeriod_95],[1.0000],1,1,1.0000,[[63rdStreetBeach201508131800_Wave_Period]]
2025-10-19 13:53:53.764,129.682,63rd_HighWavePeriod_65,atomic,[63rd_HighWavePeriod_65],[1.0000],1,1,1.0000,[[63rdStreetBeach201508132100_Wave_Period]]
2025-10-19 13:53:53.764,129.682,63rd_HighWavePeriod_75,atomic,[63rd_HighWavePeriod_75],[1.0000],1,1,1.0000,[[63rdStreetBeach201508132100_Wave_Period]]
2025-10-19 13:53:53.764,129.682,63rd_HighWavePeriod_85,atomic,[63rd_HighWavePeriod_85],[1.0000],1,1,1.0000,[[63rdStreetBeach201508132100_Wave_Period]]
2025-10-19 13:53:53.764,129.682,63rd_HighWavePeriod_95,atomic,[63rd_HighWavePeriod_95],[1.0000],1,1,1.0000,[[63rdStreetBeach201508132100_Wave_Period]]
2025-10-19 13:53:54.016,129.934,63rd_HighWavePeriod_65,atomic,[63rd_HighWavePeriod_65],[1.0000],1,1,1.0000,[[63rdStreetBeach201508140100_Wave_Period]]
2025-10-19 13:53:54.016,129.934,63rd_HighWavePeriod_75,atomic,[63rd_HighWavePeriod_75],[1.0000],1,1,1.0000,[[63rdStreetBeach201508140100_Wave_Period]]
2025-10-19 13:53:54.016,129.934,63rd_HighWavePeriod_85,atomic,[63rd_HighWavePeriod_85],[1.0000],1,1,1.0000,[[63rdStreetBeach201508140100_Wave_Period]]
2025-10-19 13:53:54.016,129.934,63rd_HighWavePeriod_95,atomic,[63rd_HighWavePeriod_95],[1.0000],1,1,1.0000,[[63rdStreetBeach201508140100_Wave_Period]]
2025-10-19 13:53:54.440,130.358,63rd_HighWavePeriod_65,atomic,[63rd_HighWavePeriod_65],[1.0000],1,1,1.0000,[[63rdStreetBeach201508140800_Wave_Period]]
2025-10-19 13:53:54.440,130.358,63rd_HighWavePeriod_75,atomic,[63rd_HighWavePeriod_75],[1.0000],1,1,1.0000,[[63rdStreetBeach201508140800_Wave_Period]]
2025-10-19 13:53:54.440,130.358,63rd_HighWavePeriod_85,atomic,[63rd_HighWavePeriod_85],[1.0000],1,1,1.0000,[[63rdStreetBeach201508140800_Wave_Period]]
2025-10-19 13:53:54.440,130.358,63rd_HighWavePeriod_95,atomic,[63rd_HighWavePeriod_95],[1.0000],1,1,1.0000,[[63rdStreetBeach201508140800_Wave_Period]]
2025-10-19 13:53:54.624,130.542,63rd_HighWavePeriod_65,atomic,[63rd_HighWavePeriod_65],[1.0000],1,1,1.0000,[[63rdStreetBeach201508141100_Wave_Period]]
2025-10-19 13:53:54.624,130.542,63rd_HighWavePeriod_75,atomic,[63rd_HighWavePeriod_75],[1.0000],1,1,1.0000,[[63rdStreetBeach201508141100_Wave_Period]]
2025-10-19 13:53:54.624,130.542,63rd_HighWavePeriod_85,atomic,[63rd_HighWavePeriod_85],[1.0000],1,1,1.0000,[[63rdStreetBeach201508141100_Wave_Period]]
2025-10-19 13:53:54.624,130.542,63rd_HighWavePeriod_95,atomic,[63rd_HighWavePeriod_95],[1.0000],1,1,1.0000,[[63rdStreetBeach201508141100_Wave_Period]]
2025-10-19 13:53:55.125,131.043,63rd_HighWavePeriod_65,atomic,[63rd_HighWavePeriod_65],[1.0000],1,1,1.0000,[[63rdStreetBeach201508141900_Wave_Period]]
2025-10-19 13:53:55.125,131.043,63rd_HighWavePeriod_75,atomic,[63rd_HighWavePeriod_75],[1.0000],1,1,1.0000,[[63rdStreetBeach201508141900_Wave_Period]]
2025-10-19 13:53:55.125,131.043,63rd_HighWavePeriod_85,atomic,[63rd_HighWavePeriod_85],[1.0000],1,1,1.0000,[[63rdStreetBeach201508141900_Wave_Period]]
2025-10-19 13:53:55.125,131.043,63rd_HighWavePeriod_95,atomic,[63rd_HighWavePeriod_95],[1.0000],1,1,1.0000,[[63rdStreetBeach201508141900_Wave_Period]]
2025-10-19 13:53:56.868,132.786,63rd_HighWavePeriod_65,atomic,[63rd_HighWavePeriod_65],[1.0000],1,1,1.0000,[[63rdStreetBeach201508162400_Wave_Period]]
2025-10-19 13:53:56.868,132.786,63rd_HighWavePeriod_75,atomic,[63rd_HighWavePeriod_75],[1.0000],1,1,1.0000,[[63rdStreetBeach201508162400_Wave_Period]]
2025-10-19 13:53:56.869,132.787,63rd_HighWavePeriod_85,atomic,[63rd_HighWavePeriod_85],[1.0000],1,1,1.0000,[[63rdStreetBeach201508162400_Wave_Period]]
2025-10-19 13:53:56.869,132.787,63rd_HighWavePeriod_95,atomic,[63rd_HighWavePeriod_95],[1.0000],1,1,1.0000,[[63rdStreetBeach201508162400_Wave_Period]]
2025-10-19 13:53:58.299,134.217,63rd_HighWavePeriod_65,atomic,[63rd_HighWavePeriod_65],[1.0000],1,1,1.0000,[[63rdStreetBeach201508172400_Wave_Period]]
2025-10-19 13:53:58.299,134.217,63rd_HighWavePeriod_75,atomic,[63rd_HighWavePeriod_75],[1.0000],1,1,1.0000,[[63rdStreetBeach201508172400_Wave_Period]]
2025-10-19 13:53:58.299,134.217,63rd_HighWavePeriod_85,atomic,[63rd_HighWavePeriod_85],[1.0000],1,1,1.0000,[[63rdStreetBeach201508172400_Wave_Period]]
2025-10-19 13:53:58.299,134.217,63rd_HighWavePeriod_95,atomic,[63rd_HighWavePeriod_95],[1.0000],1,1,1.0000,[[63rdStreetBeach201508172400_Wave_Period]]
2025-10-19 13:53:59.002,134.920,63rd_HighWavePeriod_65,atomic,[63rd_HighWavePeriod_65],[1.0000],1,1,1.0000,[[63rdStreetBeach201508171100_Wave_Period]]
2025-10-19 13:53:59.002,134.920,63rd_HighWavePeriod_75,atomic,[63rd_HighWavePeriod_75],[1.0000],1,1,1.0000,[[63rdStreetBeach201508171100_Wave_Period]]
2025-10-19 13:53:59.002,134.920,63rd_HighWavePeriod_85,atomic,[63rd_HighWavePeriod_85],[1.0000],1,1,1.0000,[[63rdStreetBeach201508171100_Wave_Period]]
2025-10-19 13:53:59.002,134.920,63rd_HighWavePeriod_95,atomic,[63rd_HighWavePeriod_95],[1.0000],1,1,1.0000,[[63rdStreetBeach201508171100_Wave_Period]]
2025-10-19 13:54:00.424,136.342,Calumet_LowWaterTemp_65,atomic,[Calumet_LowWaterTemp_65],[1.0000],1,1,1.0000,[[CalumetBeach201508181000_Water_Temperature]]
2025-10-19 13:54:00.424,136.342,Calumet_LowWaterTemp_75,atomic,[Calumet_LowWaterTemp_75],[1.0000],1,1,1.0000,[[CalumetBeach201508181000_Water_Temperature]]
2025-10-19 13:54:00.424,136.342,Calumet_LowWaterTemp_85,atomic,[Calumet_LowWaterTemp_85],[1.0000],1,1,1.0000,[[CalumetBeach201508181000_Water_Temperature]]
2025-10-19 13:54:00.424,136.342,Calumet_LowWaterTemp_95,atomic,[Calumet_LowWaterTemp_95],[1.0000],1,1,1.0000,[[CalumetBeach201508181000_Water_Temperature]]
2025-10-19 13:54:00.614,136.532,63rd_HighWavePeriod_65,atomic,[63rd_HighWavePeriod_65],[1.0000],1,1,1.0000,[[63rdStreetBeach201508181300_Wave_Period]]
2025-10-19 13:54:00.614,136.532,63rd_HighWavePeriod_75,atomic,[63rd_HighWavePeriod_75],[1.0000],1,1,1.0000,[[63rdStreetBeach201508181300_Wave_Period]]
2025-10-19 13:54:00.614,136.532,63rd_HighWavePeriod_85,atomic,[63rd_HighWavePeriod_85],[1.0000],1,1,1.0000,[[63rdStreetBeach201508181300_Wave_Period]]
2025-10-19 13:54:00.614,136.532,63rd_HighWavePeriod_95,atomic,[63rd_HighWavePeriod_95],[1.0000],1,1,1.0000,[[63rdStreetBeach201508181300_Wave_Period]]
2025-10-19 13:54:00.755,136.673,63rd_HighWavePeriod_65,atomic,[63rd_HighWavePeriod_65],[1.0000],1,1,1.0000,[[63rdStreetBeach201508181500_Wave_Period]]
2025-10-19 13:54:00.755,136.673,63rd_HighWavePeriod_75,atomic,[63rd_HighWavePeriod_75],[1.0000],1,1,1.0000,[[63rdStreetBeach201508181500_Wave_Period]]
2025-10-19 13:54:00.755,136.673,63rd_HighWavePeriod_85,atomic,[63rd_HighWavePeriod_85],[1.0000],1,1,1.0000,[[63rdStreetBeach201508181500_Wave_Period]]
2025-10-19 13:54:00.755,136.673,63rd_HighWavePeriod_95,atomic,[63rd_HighWavePeriod_95],[1.0000],1,1,1.0000,[[63rdStreetBeach201508181500_Wave_Period]]
2025-10-19 13:54:00.941,136.859,Calumet_LowWaterTemp_65,atomic,[Calumet_LowWaterTemp_65],[1.0000],1,1,1.0000,[[CalumetBeach201508181800_Water_Temperature]]
2025-10-19 13:54:00.941,136.859,Calumet_LowWaterTemp_75,atomic,[Calumet_LowWaterTemp_75],[1.0000],1,1,1.0000,[[CalumetBeach201508181800_Water_Temperature]]
2025-10-19 13:54:00.941,136.859,Calumet_LowWaterTemp_85,atomic,[Calumet_LowWaterTemp_85],[1.0000],1,1,1.0000,[[CalumetBeach201508181800_Water_Temperature]]
2025-10-19 13:54:00.942,136.860,Calumet_LowWaterTemp_95,atomic,[Calumet_LowWaterTemp_95],[1.0000],1,1,1.0000,[[CalumetBeach201508181800_Water_Temperature]]
2025-10-19 13:54:01.709,137.627,Calumet_LowWaterTemp_65,atomic,[Calumet_LowWaterTemp_65],[1.0000],1,1,1.0000,[[CalumetBeach201508190600_Water_Temperature]]
2025-10-19 13:54:01.709,137.627,Calumet_LowWaterTemp_75,atomic,[Calumet_LowWaterTemp_75],[1.0000],1,1,1.0000,[[CalumetBeach201508190600_Water_Temperature]]
2025-10-19 13:54:01.709,137.627,Calumet_LowWaterTemp_85,atomic,[Calumet_LowWaterTemp_85],[1.0000],1,1,1.0000,[[CalumetBeach201508190600_Water_Temperature]]
2025-10-19 13:54:01.709,137.627,Calumet_LowWaterTemp_95,atomic,[Calumet_LowWaterTemp_95],[1.0000],1,1,1.0000,[[CalumetBeach201508190600_Water_Temperature]]
2025-10-19 13:54:01.887,137.805,63rd_HighWavePeriod_65,atomic,[63rd_HighWavePeriod_65],[1.0000],1,1,1.0000,[[63rdStreetBeach201508190900_Wave_Period]]
2025-10-19 13:54:01.887,137.805,63rd_HighWavePeriod_75,atomic,[63rd_HighWavePeriod_75],[1.0000],1,1,1.0000,[[63rdStreetBeach201508190900_Wave_Period]]
2025-10-19 13:54:01.887,137.805,63rd_HighWavePeriod_85,atomic,[63rd_HighWavePeriod_85],[1.0000],1,1,1.0000,[[63rdStreetBeach201508190900_Wave_Period]]
2025-10-19 13:54:01.887,137.805,63rd_HighWavePeriod_95,atomic,[63rd_HighWavePeriod_95],[1.0000],1,1,1.0000,[[63rdStreetBeach201508190900_Wave_Period]]
2025-10-19 13:54:02.212,138.130,Calumet_LowWaterTemp_65,atomic,[Calumet_LowWaterTemp_65],[1.0000],1,1,1.0000,[[CalumetBeach201508191400_Water_Temperature]]
2025-10-19 13:54:02.212,138.130,Calumet_LowWaterTemp_75,atomic,[Calumet_LowWaterTemp_75],[1.0000],1,1,1.0000,[[CalumetBeach201508191400_Water_Temperature]]
2025-10-19 13:54:02.212,138.130,Calumet_LowWaterTemp_85,atomic,[Calumet_LowWaterTemp_85],[1.0000],1,1,1.0000,[[CalumetBeach201508191400_Water_Temperature]]
2025-10-19 13:54:02.212,138.130,Calumet_LowWaterTemp_95,atomic,[Calumet_LowWaterTemp_95],[1.0000],1,1,1.0000,[[CalumetBeach201508191400_Water_Temperature]]
2025-10-19 13:54:02.453,138.371,Calumet_LowWaterTemp_65,atomic,[Calumet_LowWaterTemp_65],[1.0000],1,1,1.0000,[[CalumetBeach201508191800_Water_Temperature]]
2025-10-19 13:54:02.453,138.371,Calumet_LowWaterTemp_75,atomic,[Calumet_LowWaterTemp_75],[1.0000],1,1,1.0000,[[CalumetBeach201508191800_Water_Temperature]]
2025-10-19 13:54:02.453,138.371,Calumet_LowWaterTemp_85,atomic,[Calumet_LowWaterTemp_85],[1.0000],1,1,1.0000,[[CalumetBeach201508191800_Water_Temperature]]
2025-10-19 13:54:02.454,138.372,Calumet_LowWaterTemp_95,atomic,[Calumet_LowWaterTemp_95],[1.0000],1,1,1.0000,[[CalumetBeach201508191800_Water_Temperature]]
2025-10-19 13:54:02.514,138.432,63rd_HighWavePeriod_65,atomic,[63rd_HighWavePeriod_65],[1.0000],1,1,1.0000,[[63rdStreetBeach201508191900_Wave_Period]]
2025-10-19 13:54:02.514,138.432,63rd_HighWavePeriod_75,atomic,[63rd_HighWavePeriod_75],[1.0000],1,1,1.0000,[[63rdStreetBeach201508191900_Wave_Period]]
2025-10-19 13:54:02.514,138.432,63rd_HighWavePeriod_85,atomic,[63rd_HighWavePeriod_85],[1.0000],1,1,1.0000,[[63rdStreetBeach201508191900_Wave_Period]]
2025-10-19 13:54:02.514,138.432,63rd_HighWavePeriod_95,atomic,[63rd_HighWavePeriod_95],[1.0000],1,1,1.0000,[[63rdStreetBeach201508191900_Wave_Period]]
2025-10-19 13:54:02.594,138.512,63rd_HighWavePeriod_65,atomic,[63rd_HighWavePeriod_65],[1.0000],1,1,1.0000,[[63rdStreetBeach201508192000_Wave_Period]]
2025-10-19 13:54:02.594,138.512,63rd_HighWavePeriod_75,atomic,[63rd_HighWavePeriod_75],[1.0000],1,1,1.0000,[[63rdStreetBeach201508192000_Wave_Period]]
2025-10-19 13:54:02.594,138.512,63rd_HighWavePeriod_85,atomic,[63rd_HighWavePeriod_85],[1.0000],1,1,1.0000,[[63rdStreetBeach201508192000_Wave_Period]]
2025-10-19 13:54:02.594,138.512,63rd_HighWavePeriod_95,atomic,[63rd_HighWavePeriod_95],[1.0000],1,1,1.0000,[[63rdStreetBeach201508192000_Wave_Period]]
2025-10-19 13:54:02.841,138.759,Calumet_LowWaterTemp_65,atomic,[Calumet_LowWaterTemp_65],[1.0000],1,1,1.0000,[[CalumetBeach201508202400_Water_Temperature]]
2025-10-19 13:54:02.841,138.759,Calumet_LowWaterTemp_75,atomic,[Calumet_LowWaterTemp_75],[1.0000],1,1,1.0000,[[CalumetBeach201508202400_Water_Temperature]]
2025-10-19 13:54:02.841,138.759,Calumet_LowWaterTemp_85,atomic,[Calumet_LowWaterTemp_85],[1.0000],1,1,1.0000,[[CalumetBeach201508202400_Water_Temperature]]
2025-10-19 13:54:02.841,138.759,Calumet_LowWaterTemp_95,atomic,[Calumet_LowWaterTemp_95],[1.0000],1,1,1.0000,[[CalumetBeach201508202400_Water_Temperature]]
2025-10-19 13:54:02.844,138.762,63rd_HighWavePeriod_65,atomic,[63rd_HighWavePeriod_65],[1.0000],1,1,1.0000,[[63rdStreetBeach201508202400_Wave_Period]]
2025-10-19 13:54:02.844,138.762,63rd_HighWavePeriod_75,atomic,[63rd_HighWavePeriod_75],[1.0000],1,1,1.0000,[[63rdStreetBeach201508202400_Wave_Period]]
2025-10-19 13:54:02.845,138.763,63rd_HighWavePeriod_85,atomic,[63rd_HighWavePeriod_85],[1.0000],1,1,1.0000,[[63rdStreetBeach201508202400_Wave_Period]]
2025-10-19 13:54:02.845,138.763,63rd_HighWavePeriod_95,atomic,[63rd_HighWavePeriod_95],[1.0000],1,1,1.0000,[[63rdStreetBeach201508202400_Wave_Period]]
2025-10-19 13:54:02.906,138.824,63rd_HighWavePeriod_65,atomic,[63rd_HighWavePeriod_65],[1.0000],1,1,1.0000,[[63rdStreetBeach201508200100_Wave_Period]]
2025-10-19 13:54:02.906,138.824,63rd_HighWavePeriod_75,atomic,[63rd_HighWavePeriod_75],[1.0000],1,1,1.0000,[[63rdStreetBeach201508200100_Wave_Period]]
2025-10-19 13:54:02.906,138.824,63rd_HighWavePeriod_85,atomic,[63rd_HighWavePeriod_85],[1.0000],1,1,1.0000,[[63rdStreetBeach201508200100_Wave_Period]]
2025-10-19 13:54:02.906,138.824,63rd_HighWavePeriod_95,atomic,[63rd_HighWavePeriod_95],[1.0000],1,1,1.0000,[[63rdStreetBeach201508200100_Wave_Period]]
2025-10-19 13:54:03.400,139.318,63rd_HighWavePeriod_65,atomic,[63rd_HighWavePeriod_65],[1.0000],1,1,1.0000,[[63rdStreetBeach201508200900_Wave_Period]]
2025-10-19 13:54:03.400,139.318,63rd_HighWavePeriod_75,atomic,[63rd_HighWavePeriod_75],[1.0000],1,1,1.0000,[[63rdStreetBeach201508200900_Wave_Period]]
2025-10-19 13:54:03.400,139.318,63rd_HighWavePeriod_85,atomic,[63rd_HighWavePeriod_85],[1.0000],1,1,1.0000,[[63rdStreetBeach201508200900_Wave_Period]]
2025-10-19 13:54:03.400,139.318,63rd_HighWavePeriod_95,atomic,[63rd_HighWavePeriod_95],[1.0000],1,1,1.0000,[[63rdStreetBeach201508200900_Wave_Period]]
2025-10-19 13:54:03.654,139.572,63rd_HighWavePeriod_65,atomic,[63rd_HighWavePeriod_65],[1.0000],1,1,1.0000,[[63rdStreetBeach201508201300_Wave_Period]]
2025-10-19 13:54:03.654,139.572,63rd_HighWavePeriod_75,atomic,[63rd_HighWavePeriod_75],[1.0000],1,1,1.0000,[[63rdStreetBeach201508201300_Wave_Period]]
2025-10-19 13:54:03.654,139.572,63rd_HighWavePeriod_85,atomic,[63rd_HighWavePeriod_85],[1.0000],1,1,1.0000,[[63rdStreetBeach201508201300_Wave_Period]]
2025-10-19 13:54:03.654,139.572,63rd_HighWavePeriod_95,atomic,[63rd_HighWavePeriod_95],[1.0000],1,1,1.0000,[[63rdStreetBeach201508201300_Wave_Period]]
2025-10-19 13:54:03.919,139.837,Calumet_LowWaterTemp_65,atomic,[Calumet_LowWaterTemp_65],[1.0000],1,1,1.0000,[[CalumetBeach201508201700_Water_Temperature]]
2025-10-19 13:54:03.919,139.837,Calumet_LowWaterTemp_75,atomic,[Calumet_LowWaterTemp_75],[1.0000],1,1,1.0000,[[CalumetBeach201508201700_Water_Temperature]]
2025-10-19 13:54:03.919,139.837,Calumet_LowWaterTemp_85,atomic,[Calumet_LowWaterTemp_85],[1.0000],1,1,1.0000,[[CalumetBeach201508201700_Water_Temperature]]
2025-10-19 13:54:03.919,139.837,Calumet_LowWaterTemp_95,atomic,[Calumet_LowWaterTemp_95],[1.0000],1,1,1.0000,[[CalumetBeach201508201700_Water_Temperature]]
2025-10-19 13:54:03.966,139.884,Calumet_LowWaterTemp_65,atomic,[Calumet_LowWaterTemp_65],[1.0000],1,1,1.0000,[[CalumetBeach201508201800_Water_Temperature]]
2025-10-19 13:54:03.966,139.884,Calumet_LowWaterTemp_75,atomic,[Calumet_LowWaterTemp_75],[1.0000],1,1,1.0000,[[CalumetBeach201508201800_Water_Temperature]]
2025-10-19 13:54:03.966,139.884,Calumet_LowWaterTemp_85,atomic,[Calumet_LowWaterTemp_85],[1.0000],1,1,1.0000,[[CalumetBeach201508201800_Water_Temperature]]
2025-10-19 13:54:03.966,139.884,Calumet_LowWaterTemp_95,atomic,[Calumet_LowWaterTemp_95],[1.0000],1,1,1.0000,[[CalumetBeach201508201800_Water_Temperature]]
2025-10-19 13:54:04.472,140.390,Calumet_LowWaterTemp_65,atomic,[Calumet_LowWaterTemp_65],[1.0000],1,1,1.0000,[[CalumetBeach201508210200_Water_Temperature]]
2025-10-19 13:54:04.472,140.390,Calumet_LowWaterTemp_75,atomic,[Calumet_LowWaterTemp_75],[1.0000],1,1,1.0000,[[CalumetBeach201508210200_Water_Temperature]]
2025-10-19 13:54:04.472,140.390,Calumet_LowWaterTemp_85,atomic,[Calumet_LowWaterTemp_85],[1.0000],1,1,1.0000,[[CalumetBeach201508210200_Water_Temperature]]
2025-10-19 13:54:04.472,140.390,Calumet_LowWaterTemp_95,atomic,[Calumet_LowWaterTemp_95],[1.0000],1,1,1.0000,[[CalumetBeach201508210200_Water_Temperature]]
2025-10-19 13:54:04.532,140.450,Calumet_LowWaterTemp_65,atomic,[Calumet_LowWaterTemp_65],[1.0000],1,1,1.0000,[[CalumetBeach201508210300_Water_Temperature]]
2025-10-19 13:54:04.532,140.450,Calumet_LowWaterTemp_75,atomic,[Calumet_LowWaterTemp_75],[1.0000],1,1,1.0000,[[CalumetBeach201508210300_Water_Temperature]]
2025-10-19 13:54:04.532,140.450,Calumet_LowWaterTemp_85,atomic,[Calumet_LowWaterTemp_85],[1.0000],1,1,1.0000,[[CalumetBeach201508210300_Water_Temperature]]
2025-10-19 13:54:04.532,140.450,Calumet_LowWaterTemp_95,atomic,[Calumet_LowWaterTemp_95],[1.0000],1,1,1.0000,[[CalumetBeach201508210300_Water_Temperature]]
2025-10-19 13:54:04.657,140.575,Calumet_LowWaterTemp_65,atomic,[Calumet_LowWaterTemp_65],[1.0000],1,1,1.0000,[[CalumetBeach201508210500_Water_Temperature]]
2025-10-19 13:54:04.658,140.576,Calumet_LowWaterTemp_75,atomic,[Calumet_LowWaterTemp_75],[1.0000],1,1,1.0000,[[CalumetBeach201508210500_Water_Temperature]]
2025-10-19 13:54:04.658,140.576,Calumet_LowWaterTemp_85,atomic,[Calumet_LowWaterTemp_85],[1.0000],1,1,1.0000,[[CalumetBeach201508210500_Water_Temperature]]
2025-10-19 13:54:04.658,140.576,Calumet_LowWaterTemp_95,atomic,[Calumet_LowWaterTemp_95],[1.0000],1,1,1.0000,[[CalumetBeach201508210500_Water_Temperature]]
2025-10-19 13:54:04.664,140.582,63rd_HighWavePeriod_65,atomic,[63rd_HighWavePeriod_65],[1.0000],1,1,1.0000,[[63rdStreetBeach201508210500_Wave_Period]]
2025-10-19 13:54:04.664,140.582,63rd_HighWavePeriod_75,atomic,[63rd_HighWavePeriod_75],[1.0000],1,1,1.0000,[[63rdStreetBeach201508210500_Wave_Period]]
2025-10-19 13:54:04.664,140.582,63rd_HighWavePeriod_85,atomic,[63rd_HighWavePeriod_85],[1.0000],1,1,1.0000,[[63rdStreetBeach201508210500_Wave_Period]]
2025-10-19 13:54:04.664,140.582,63rd_HighWavePeriod_95,atomic,[63rd_HighWavePeriod_95],[1.0000],1,1,1.0000,[[63rdStreetBeach201508210500_Wave_Period]]
2025-10-19 13:54:04.786,140.704,63rd_HighWavePeriod_65,atomic,[63rd_HighWavePeriod_65],[1.0000],1,1,1.0000,[[63rdStreetBeach201508210700_Wave_Period]]
2025-10-19 13:54:04.786,140.704,63rd_HighWavePeriod_75,atomic,[63rd_HighWavePeriod_75],[1.0000],1,1,1.0000,[[63rdStreetBeach201508210700_Wave_Period]]
2025-10-19 13:54:04.786,140.704,63rd_HighWavePeriod_85,atomic,[63rd_HighWavePeriod_85],[1.0000],1,1,1.0000,[[63rdStreetBeach201508210700_Wave_Period]]
2025-10-19 13:54:04.786,140.704,63rd_HighWavePeriod_95,atomic,[63rd_HighWavePeriod_95],[1.0000],1,1,1.0000,[[63rdStreetBeach201508210700_Wave_Period]]
2025-10-19 13:54:04.863,140.781,63rd_HighWavePeriod_65,atomic,[63rd_HighWavePeriod_65],[1.0000],1,1,1.0000,[[63rdStreetBeach201508210800_Wave_Period]]
2025-10-19 13:54:04.864,140.782,63rd_HighWavePeriod_75,atomic,[63rd_HighWavePeriod_75],[1.0000],1,1,1.0000,[[63rdStreetBeach201508210800_Wave_Period]]
2025-10-19 13:54:04.864,140.782,63rd_HighWavePeriod_85,atomic,[63rd_HighWavePeriod_85],[1.0000],1,1,1.0000,[[63rdStreetBeach201508210800_Wave_Period]]
2025-10-19 13:54:04.864,140.782,63rd_HighWavePeriod_95,atomic,[63rd_HighWavePeriod_95],[1.0000],1,1,1.0000,[[63rdStreetBeach201508210800_Wave_Period]]
2025-10-19 13:54:04.939,140.857,Calumet_LowWaterTemp_65,atomic,[Calumet_LowWaterTemp_65],[1.0000],1,1,1.0000,[[CalumetBeach201508210900_Water_Temperature]]
2025-10-19 13:54:04.939,140.857,Calumet_LowWaterTemp_75,atomic,[Calumet_LowWaterTemp_75],[1.0000],1,1,1.0000,[[CalumetBeach201508210900_Water_Temperature]]
2025-10-19 13:54:04.940,140.858,Calumet_LowWaterTemp_85,atomic,[Calumet_LowWaterTemp_85],[1.0000],1,1,1.0000,[[CalumetBeach201508210900_Water_Temperature]]
2025-10-19 13:54:04.940,140.858,Calumet_LowWaterTemp_95,atomic,[Calumet_LowWaterTemp_95],[1.0000],1,1,1.0000,[[CalumetBeach201508210900_Water_Temperature]]
2025-10-19 13:54:05.049,140.967,Calumet_LowWaterTemp_65,atomic,[Calumet_LowWaterTemp_65],[1.0000],1,1,1.0000,[[CalumetBeach201508211100_Water_Temperature]]
2025-10-19 13:54:05.050,140.968,Calumet_LowWaterTemp_75,atomic,[Calumet_LowWaterTemp_75],[1.0000],1,1,1.0000,[[CalumetBeach201508211100_Water_Temperature]]
2025-10-19 13:54:05.050,140.968,Calumet_LowWaterTemp_85,atomic,[Calumet_LowWaterTemp_85],[1.0000],1,1,1.0000,[[CalumetBeach201508211100_Water_Temperature]]
2025-10-19 13:54:05.050,140.968,Calumet_LowWaterTemp_95,atomic,[Calumet_LowWaterTemp_95],[1.0000],1,1,1.0000,[[CalumetBeach201508211100_Water_Temperature]]
2025-10-19 13:54:05.163,141.081,63rd_HighWavePeriod_65,atomic,[63rd_HighWavePeriod_65],[1.0000],1,1,1.0000,[[63rdStreetBeach201508220800_Wave_Period]]
2025-10-19 13:54:05.163,141.081,63rd_HighWavePeriod_75,atomic,[63rd_HighWavePeriod_75],[1.0000],1,1,1.0000,[[63rdStreetBeach201508220800_Wave_Period]]
2025-10-19 13:54:05.163,141.081,63rd_HighWavePeriod_85,atomic,[63rd_HighWavePeriod_85],[1.0000],1,1,1.0000,[[63rdStreetBeach201508220800_Wave_Period]]
2025-10-19 13:54:05.163,141.081,63rd_HighWavePeriod_95,atomic,[63rd_HighWavePeriod_95],[1.0000],1,1,1.0000,[[63rdStreetBeach201508220800_Wave_Period]]
2025-10-19 13:54:05.617,141.535,Calumet_LowWaterTemp_65,atomic,[Calumet_LowWaterTemp_65],[1.0000],1,1,1.0000,[[CalumetBeach201508221600_Water_Temperature]]
2025-10-19 13:54:05.618,141.536,Calumet_LowWaterTemp_75,atomic,[Calumet_LowWaterTemp_75],[1.0000],1,1,1.0000,[[CalumetBeach201508221600_Water_Temperature]]
2025-10-19 13:54:05.618,141.536,Calumet_LowWaterTemp_85,atomic,[Calumet_LowWaterTemp_85],[1.0000],1,1,1.0000,[[CalumetBeach201508221600_Water_Temperature]]
2025-10-19 13:54:05.618,141.536,Calumet_LowWaterTemp_95,atomic,[Calumet_LowWaterTemp_95],[1.0000],1,1,1.0000,[[CalumetBeach201508221600_Water_Temperature]]
2025-10-19 13:54:06.174,142.092,63rd_HighWavePeriod_65,atomic,[63rd_HighWavePeriod_65],[1.0000],1,1,1.0000,[[63rdStreetBeach201508230200_Wave_Period]]
2025-10-19 13:54:06.174,142.092,63rd_HighWavePeriod_75,atomic,[63rd_HighWavePeriod_75],[1.0000],1,1,1.0000,[[63rdStreetBeach201508230200_Wave_Period]]
2025-10-19 13:54:06.174,142.092,63rd_HighWavePeriod_85,atomic,[63rd_HighWavePeriod_85],[1.0000],1,1,1.0000,[[63rdStreetBeach201508230200_Wave_Period]]
2025-10-19 13:54:06.174,142.092,63rd_HighWavePeriod_95,atomic,[63rd_HighWavePeriod_95],[1.0000],1,1,1.0000,[[63rdStreetBeach201508230200_Wave_Period]]
2025-10-19 13:54:06.175,142.093,Calumet_LowWaterTemp_65,atomic,[Calumet_LowWaterTemp_65],[1.0000],1,1,1.0000,[[CalumetBeach201508230200_Water_Temperature]]
2025-10-19 13:54:06.175,142.093,Calumet_LowWaterTemp_75,atomic,[Calumet_LowWaterTemp_75],[1.0000],1,1,1.0000,[[CalumetBeach201508230200_Water_Temperature]]
2025-10-19 13:54:06.175,142.093,Calumet_LowWaterTemp_85,atomic,[Calumet_LowWaterTemp_85],[1.0000],1,1,1.0000,[[CalumetBeach201508230200_Water_Temperature]]
2025-10-19 13:54:06.175,142.093,Calumet_LowWaterTemp_95,atomic,[Calumet_LowWaterTemp_95],[1.0000],1,1,1.0000,[[CalumetBeach201508230200_Water_Temperature]]
2025-10-19 13:54:06.485,142.403,Calumet_LowWaterTemp_65,atomic,[Calumet_LowWaterTemp_65],[1.0000],1,1,1.0000,[[CalumetBeach201508230700_Water_Temperature]]
2025-10-19 13:54:06.485,142.403,Calumet_LowWaterTemp_75,atomic,[Calumet_LowWaterTemp_75],[1.0000],1,1,1.0000,[[CalumetBeach201508230700_Water_Temperature]]
2025-10-19 13:54:06.485,142.403,Calumet_LowWaterTemp_85,atomic,[Calumet_LowWaterTemp_85],[1.0000],1,1,1.0000,[[CalumetBeach201508230700_Water_Temperature]]
2025-10-19 13:54:06.485,142.403,Calumet_LowWaterTemp_95,atomic,[Calumet_LowWaterTemp_95],[1.0000],1,1,1.0000,[[CalumetBeach201508230700_Water_Temperature]]
2025-10-19 13:54:06.563,142.481,Calumet_LowWaterTemp_65,atomic,[Calumet_LowWaterTemp_65],[1.0000],1,1,1.0000,[[CalumetBeach201508230800_Water_Temperature]]
2025-10-19 13:54:06.563,142.481,Calumet_LowWaterTemp_75,atomic,[Calumet_LowWaterTemp_75],[1.0000],1,1,1.0000,[[CalumetBeach201508230800_Water_Temperature]]
2025-10-19 13:54:06.563,142.481,Calumet_LowWaterTemp_85,atomic,[Calumet_LowWaterTemp_85],[1.0000],1,1,1.0000,[[CalumetBeach201508230800_Water_Temperature]]
2025-10-19 13:54:06.563,142.481,Calumet_LowWaterTemp_95,atomic,[Calumet_LowWaterTemp_95],[1.0000],1,1,1.0000,[[CalumetBeach201508230800_Water_Temperature]]
2025-10-19 13:54:06.624,142.542,63rd_HighWavePeriod_65,atomic,[63rd_HighWavePeriod_65],[1.0000],1,1,1.0000,[[63rdStreetBeach201508230900_Wave_Period]]
2025-10-19 13:54:06.624,142.542,63rd_HighWavePeriod_75,atomic,[63rd_HighWavePeriod_75],[1.0000],1,1,1.0000,[[63rdStreetBeach201508230900_Wave_Period]]
2025-10-19 13:54:06.624,142.542,63rd_HighWavePeriod_85,atomic,[63rd_HighWavePeriod_85],[1.0000],1,1,1.0000,[[63rdStreetBeach201508230900_Wave_Period]]
2025-10-19 13:54:06.624,142.542,63rd_HighWavePeriod_95,atomic,[63rd_HighWavePeriod_95],[1.0000],1,1,1.0000,[[63rdStreetBeach201508230900_Wave_Period]]
2025-10-19 13:54:07.570,143.488,Calumet_LowWaterTemp_65,atomic,[Calumet_LowWaterTemp_65],[1.0000],1,1,1.0000,[[CalumetBeach201508242400_Water_Temperature]]
2025-10-19 13:54:07.570,143.488,Calumet_LowWaterTemp_75,atomic,[Calumet_LowWaterTemp_75],[1.0000],1,1,1.0000,[[CalumetBeach201508242400_Water_Temperature]]
2025-10-19 13:54:07.570,143.488,Calumet_LowWaterTemp_85,atomic,[Calumet_LowWaterTemp_85],[1.0000],1,1,1.0000,[[CalumetBeach201508242400_Water_Temperature]]
2025-10-19 13:54:07.570,143.488,Calumet_LowWaterTemp_95,atomic,[Calumet_LowWaterTemp_95],[1.0000],1,1,1.0000,[[CalumetBeach201508242400_Water_Temperature]]
2025-10-19 13:54:07.687,143.605,Calumet_LowWaterTemp_65,atomic,[Calumet_LowWaterTemp_65],[1.0000],1,1,1.0000,[[CalumetBeach201508240200_Water_Temperature]]
2025-10-19 13:54:07.687,143.605,Calumet_LowWaterTemp_75,atomic,[Calumet_LowWaterTemp_75],[1.0000],1,1,1.0000,[[CalumetBeach201508240200_Water_Temperature]]
2025-10-19 13:54:07.687,143.605,Calumet_LowWaterTemp_85,atomic,[Calumet_LowWaterTemp_85],[1.0000],1,1,1.0000,[[CalumetBeach201508240200_Water_Temperature]]
2025-10-19 13:54:07.687,143.605,Calumet_LowWaterTemp_95,atomic,[Calumet_LowWaterTemp_95],[1.0000],1,1,1.0000,[[CalumetBeach201508240200_Water_Temperature]]
2025-10-19 13:54:07.758,143.676,Calumet_LowWaterTemp_65,atomic,[Calumet_LowWaterTemp_65],[1.0000],1,1,1.0000,[[CalumetBeach201508240300_Water_Temperature]]
2025-10-19 13:54:07.758,143.676,Calumet_LowWaterTemp_75,atomic,[Calumet_LowWaterTemp_75],[1.0000],1,1,1.0000,[[CalumetBeach201508240300_Water_Temperature]]
2025-10-19 13:54:07.758,143.676,Calumet_LowWaterTemp_85,atomic,[Calumet_LowWaterTemp_85],[1.0000],1,1,1.0000,[[CalumetBeach201508240300_Water_Temperature]]
2025-10-19 13:54:07.758,143.676,Calumet_LowWaterTemp_95,atomic,[Calumet_LowWaterTemp_95],[1.0000],1,1,1.0000,[[CalumetBeach201508240300_Water_Temperature]]
2025-10-19 13:54:08.136,144.054,63rd_HighWavePeriod_65,atomic,[63rd_HighWavePeriod_65],[1.0000],1,1,1.0000,[[63rdStreetBeach201508240900_Wave_Period]]
2025-10-19 13:54:08.136,144.054,63rd_HighWavePeriod_75,atomic,[63rd_HighWavePeriod_75],[1.0000],1,1,1.0000,[[63rdStreetBeach201508240900_Wave_Period]]
2025-10-19 13:54:08.136,144.054,63rd_HighWavePeriod_85,atomic,[63rd_HighWavePeriod_85],[1.0000],1,1,1.0000,[[63rdStreetBeach201508240900_Wave_Period]]
2025-10-19 13:54:08.136,144.054,63rd_HighWavePeriod_95,atomic,[63rd_HighWavePeriod_95],[1.0000],1,1,1.0000,[[63rdStreetBeach201508240900_Wave_Period]]
2025-10-19 13:54:08.137,144.055,Calumet_LowWaterTemp_65,atomic,[Calumet_LowWaterTemp_65],[1.0000],1,1,1.0000,[[CalumetBeach201508240900_Water_Temperature]]
2025-10-19 13:54:08.137,144.055,Calumet_LowWaterTemp_75,atomic,[Calumet_LowWaterTemp_75],[1.0000],1,1,1.0000,[[CalumetBeach201508240900_Water_Temperature]]
2025-10-19 13:54:08.137,144.055,Calumet_LowWaterTemp_85,atomic,[Calumet_LowWaterTemp_85],[1.0000],1,1,1.0000,[[CalumetBeach201508240900_Water_Temperature]]
2025-10-19 13:54:08.137,144.055,Calumet_LowWaterTemp_95,atomic,[Calumet_LowWaterTemp_95],[1.0000],1,1,1.0000,[[CalumetBeach201508240900_Water_Temperature]]
2025-10-19 13:54:08.183,144.101,Calumet_LowWaterTemp_65,atomic,[Calumet_LowWaterTemp_65],[1.0000],1,1,1.0000,[[CalumetBeach201508241000_Water_Temperature]]
2025-10-19 13:54:08.183,144.101,Calumet_LowWaterTemp_75,atomic,[Calumet_LowWaterTemp_75],[1.0000],1,1,1.0000,[[CalumetBeach201508241000_Water_Temperature]]
2025-10-19 13:54:08.183,144.101,Calumet_LowWaterTemp_85,atomic,[Calumet_LowWaterTemp_85],[1.0000],1,1,1.0000,[[CalumetBeach201508241000_Water_Temperature]]
2025-10-19 13:54:08.183,144.101,Calumet_LowWaterTemp_95,atomic,[Calumet_LowWaterTemp_95],[1.0000],1,1,1.0000,[[CalumetBeach201508241000_Water_Temperature]]
2025-10-19 13:54:08.261,144.179,Calumet_LowWaterTemp_65,atomic,[Calumet_LowWaterTemp_65],[1.0000],1,1,1.0000,[[CalumetBeach201508241100_Water_Temperature]]
2025-10-19 13:54:08.261,144.179,Calumet_LowWaterTemp_75,atomic,[Calumet_LowWaterTemp_75],[1.0000],1,1,1.0000,[[CalumetBeach201508241100_Water_Temperature]]
2025-10-19 13:54:08.261,144.179,Calumet_LowWaterTemp_85,atomic,[Calumet_LowWaterTemp_85],[1.0000],1,1,1.0000,[[CalumetBeach201508241100_Water_Temperature]]
2025-10-19 13:54:08.261,144.179,Calumet_LowWaterTemp_95,atomic,[Calumet_LowWaterTemp_95],[1.0000],1,1,1.0000,[[CalumetBeach201508241100_Water_Temperature]]
2025-10-19 13:54:08.311,144.229,Calumet_LowWaterTemp_65,atomic,[Calumet_LowWaterTemp_65],[1.0000],1,1,1.0000,[[CalumetBeach201508241200_Water_Temperature]]
2025-10-19 13:54:08.311,144.229,Calumet_LowWaterTemp_75,atomic,[Calumet_LowWaterTemp_75],[1.0000],1,1,1.0000,[[CalumetBeach201508241200_Water_Temperature]]
2025-10-19 13:54:08.311,144.229,Calumet_LowWaterTemp_85,atomic,[Calumet_LowWaterTemp_85],[1.0000],1,1,1.0000,[[CalumetBeach201508241200_Water_Temperature]]
2025-10-19 13:54:08.311,144.229,Calumet_LowWaterTemp_95,atomic,[Calumet_LowWaterTemp_95],[1.0000],1,1,1.0000,[[CalumetBeach201508241200_Water_Temperature]]
2025-10-19 13:54:08.385,144.303,Calumet_LowWaterTemp_65,atomic,[Calumet_LowWaterTemp_65],[1.0000],1,1,1.0000,[[CalumetBeach201508241300_Water_Temperature]]
2025-10-19 13:54:08.385,144.303,Calumet_LowWaterTemp_75,atomic,[Calumet_LowWaterTemp_75],[1.0000],1,1,1.0000,[[CalumetBeach201508241300_Water_Temperature]]
2025-10-19 13:54:08.386,144.304,Calumet_LowWaterTemp_85,atomic,[Calumet_LowWaterTemp_85],[1.0000],1,1,1.0000,[[CalumetBeach201508241300_Water_Temperature]]
2025-10-19 13:54:08.386,144.304,Calumet_LowWaterTemp_95,atomic,[Calumet_LowWaterTemp_95],[1.0000],1,1,1.0000,[[CalumetBeach201508241300_Water_Temperature]]
2025-10-19 13:54:08.942,144.860,Calumet_LowWaterTemp_65,atomic,[Calumet_LowWaterTemp_65],[1.0000],1,1,1.0000,[[CalumetBeach201508242200_Water_Temperature]]
2025-10-19 13:54:08.942,144.860,Calumet_LowWaterTemp_75,atomic,[Calumet_LowWaterTemp_75],[1.0000],1,1,1.0000,[[CalumetBeach201508242200_Water_Temperature]]
2025-10-19 13:54:08.943,144.861,Calumet_LowWaterTemp_85,atomic,[Calumet_LowWaterTemp_85],[1.0000],1,1,1.0000,[[CalumetBeach201508242200_Water_Temperature]]
2025-10-19 13:54:08.943,144.861,Calumet_LowWaterTemp_95,atomic,[Calumet_LowWaterTemp_95],[1.0000],1,1,1.0000,[[CalumetBeach201508242200_Water_Temperature]]
2025-10-19 13:54:09.065,144.983,Calumet_LowWaterTemp_65,atomic,[Calumet_LowWaterTemp_65],[1.0000],1,1,1.0000,[[CalumetBeach201508252400_Water_Temperature]]
2025-10-19 13:54:09.065,144.983,Calumet_LowWaterTemp_75,atomic,[Calumet_LowWaterTemp_75],[1.0000],1,1,1.0000,[[CalumetBeach201508252400_Water_Temperature]]
2025-10-19 13:54:09.065,144.983,Calumet_LowWaterTemp_85,atomic,[Calumet_LowWaterTemp_85],[1.0000],1,1,1.0000,[[CalumetBeach201508252400_Water_Temperature]]
2025-10-19 13:54:09.065,144.983,Calumet_LowWaterTemp_95,atomic,[Calumet_LowWaterTemp_95],[1.0000],1,1,1.0000,[[CalumetBeach201508252400_Water_Temperature]]
2025-10-19 13:54:09.128,145.046,63rd_HighWavePeriod_65,atomic,[63rd_HighWavePeriod_65],[1.0000],1,1,1.0000,[[63rdStreetBeach201508250100_Wave_Period]]
2025-10-19 13:54:09.128,145.046,63rd_HighWavePeriod_75,atomic,[63rd_HighWavePeriod_75],[1.0000],1,1,1.0000,[[63rdStreetBeach201508250100_Wave_Period]]
2025-10-19 13:54:09.128,145.046,63rd_HighWavePeriod_85,atomic,[63rd_HighWavePeriod_85],[1.0000],1,1,1.0000,[[63rdStreetBeach201508250100_Wave_Period]]
2025-10-19 13:54:09.128,145.046,63rd_HighWavePeriod_95,atomic,[63rd_HighWavePeriod_95],[1.0000],1,1,1.0000,[[63rdStreetBeach201508250100_Wave_Period]]
2025-10-19 13:54:09.202,145.120,Calumet_LowWaterTemp_65,atomic,[Calumet_LowWaterTemp_65],[1.0000],1,1,1.0000,[[CalumetBeach201508250200_Water_Temperature]]
2025-10-19 13:54:09.202,145.120,Calumet_LowWaterTemp_75,atomic,[Calumet_LowWaterTemp_75],[1.0000],1,1,1.0000,[[CalumetBeach201508250200_Water_Temperature]]
2025-10-19 13:54:09.202,145.120,Calumet_LowWaterTemp_85,atomic,[Calumet_LowWaterTemp_85],[1.0000],1,1,1.0000,[[CalumetBeach201508250200_Water_Temperature]]
2025-10-19 13:54:09.202,145.120,Calumet_LowWaterTemp_95,atomic,[Calumet_LowWaterTemp_95],[1.0000],1,1,1.0000,[[CalumetBeach201508250200_Water_Temperature]]
2025-10-19 13:54:09.205,145.123,63rd_HighWavePeriod_65,atomic,[63rd_HighWavePeriod_65],[1.0000],1,1,1.0000,[[63rdStreetBeach201508250200_Wave_Period]]
2025-10-19 13:54:09.205,145.123,63rd_HighWavePeriod_75,atomic,[63rd_HighWavePeriod_75],[1.0000],1,1,1.0000,[[63rdStreetBeach201508250200_Wave_Period]]
2025-10-19 13:54:09.205,145.123,63rd_HighWavePeriod_85,atomic,[63rd_HighWavePeriod_85],[1.0000],1,1,1.0000,[[63rdStreetBeach201508250200_Wave_Period]]
2025-10-19 13:54:09.205,145.123,63rd_HighWavePeriod_95,atomic,[63rd_HighWavePeriod_95],[1.0000],1,1,1.0000,[[63rdStreetBeach201508250200_Wave_Period]]
2025-10-19 13:54:09.707,145.625,Calumet_LowWaterTemp_65,atomic,[Calumet_LowWaterTemp_65],[1.0000],1,1,1.0000,[[CalumetBeach201508251000_Water_Temperature]]
2025-10-19 13:54:09.708,145.626,Calumet_LowWaterTemp_75,atomic,[Calumet_LowWaterTemp_75],[1.0000],1,1,1.0000,[[CalumetBeach201508251000_Water_Temperature]]
2025-10-19 13:54:09.708,145.626,Calumet_LowWaterTemp_85,atomic,[Calumet_LowWaterTemp_85],[1.0000],1,1,1.0000,[[CalumetBeach201508251000_Water_Temperature]]
2025-10-19 13:54:09.708,145.626,Calumet_LowWaterTemp_95,atomic,[Calumet_LowWaterTemp_95],[1.0000],1,1,1.0000,[[CalumetBeach201508251000_Water_Temperature]]
2025-10-19 13:54:09.884,145.802,Calumet_LowWaterTemp_65,atomic,[Calumet_LowWaterTemp_65],[1.0000],1,1,1.0000,[[CalumetBeach201508251300_Water_Temperature]]
2025-10-19 13:54:09.884,145.802,Calumet_LowWaterTemp_75,atomic,[Calumet_LowWaterTemp_75],[1.0000],1,1,1.0000,[[CalumetBeach201508251300_Water_Temperature]]
2025-10-19 13:54:09.884,145.802,Calumet_LowWaterTemp_85,atomic,[Calumet_LowWaterTemp_85],[1.0000],1,1,1.0000,[[CalumetBeach201508251300_Water_Temperature]]
2025-10-19 13:54:09.884,145.802,Calumet_LowWaterTemp_95,atomic,[Calumet_LowWaterTemp_95],[1.0000],1,1,1.0000,[[CalumetBeach201508251300_Water_Temperature]]
2025-10-19 13:54:09.962,145.880,Calumet_LowWaterTemp_65,atomic,[Calumet_LowWaterTemp_65],[1.0000],1,1,1.0000,[[CalumetBeach201508251400_Water_Temperature]]
2025-10-19 13:54:09.962,145.880,Calumet_LowWaterTemp_75,atomic,[Calumet_LowWaterTemp_75],[1.0000],1,1,1.0000,[[CalumetBeach201508251400_Water_Temperature]]
2025-10-19 13:54:09.962,145.880,Calumet_LowWaterTemp_85,atomic,[Calumet_LowWaterTemp_85],[1.0000],1,1,1.0000,[[CalumetBeach201508251400_Water_Temperature]]
2025-10-19 13:54:09.962,145.880,Calumet_LowWaterTemp_95,atomic,[Calumet_LowWaterTemp_95],[1.0000],1,1,1.0000,[[CalumetBeach201508251400_Water_Temperature]]
2025-10-19 13:54:10.136,146.054,63rd_HighWavePeriod_65,atomic,[63rd_HighWavePeriod_65],[1.0000],1,1,1.0000,[[63rdStreetBeach201508251700_Wave_Period]]
2025-10-19 13:54:10.136,146.054,63rd_HighWavePeriod_75,atomic,[63rd_HighWavePeriod_75],[1.0000],1,1,1.0000,[[63rdStreetBeach201508251700_Wave_Period]]
2025-10-19 13:54:10.136,146.054,63rd_HighWavePeriod_85,atomic,[63rd_HighWavePeriod_85],[1.0000],1,1,1.0000,[[63rdStreetBeach201508251700_Wave_Period]]
2025-10-19 13:54:10.136,146.054,63rd_HighWavePeriod_95,atomic,[63rd_HighWavePeriod_95],[1.0000],1,1,1.0000,[[63rdStreetBeach201508251700_Wave_Period]]
2025-10-19 13:54:10.210,146.128,Calumet_LowWaterTemp_65,atomic,[Calumet_LowWaterTemp_65],[1.0000],1,1,1.0000,[[CalumetBeach201508251800_Water_Temperature]]
2025-10-19 13:54:10.210,146.128,Calumet_LowWaterTemp_75,atomic,[Calumet_LowWaterTemp_75],[1.0000],1,1,1.0000,[[CalumetBeach201508251800_Water_Temperature]]
2025-10-19 13:54:10.210,146.128,Calumet_LowWaterTemp_85,atomic,[Calumet_LowWaterTemp_85],[1.0000],1,1,1.0000,[[CalumetBeach201508251800_Water_Temperature]]
2025-10-19 13:54:10.210,146.128,Calumet_LowWaterTemp_95,atomic,[Calumet_LowWaterTemp_95],[1.0000],1,1,1.0000,[[CalumetBeach201508251800_Water_Temperature]]
2025-10-19 13:54:10.464,146.382,Calumet_LowWaterTemp_65,atomic,[Calumet_LowWaterTemp_65],[1.0000],1,1,1.0000,[[CalumetBeach201508252200_Water_Temperature]]
2025-10-19 13:54:10.464,146.382,Calumet_LowWaterTemp_75,atomic,[Calumet_LowWaterTemp_75],[1.0000],1,1,1.0000,[[CalumetBeach201508252200_Water_Temperature]]
2025-10-19 13:54:10.464,146.382,Calumet_LowWaterTemp_85,atomic,[Calumet_LowWaterTemp_85],[1.0000],1,1,1.0000,[[CalumetBeach201508252200_Water_Temperature]]
2025-10-19 13:54:10.464,146.382,Calumet_LowWaterTemp_95,atomic,[Calumet_LowWaterTemp_95],[1.0000],1,1,1.0000,[[CalumetBeach201508252200_Water_Temperature]]
2025-10-19 13:54:10.528,146.446,63rd_HighWavePeriod_65,atomic,[63rd_HighWavePeriod_65],[1.0000],1,1,1.0000,[[63rdStreetBeach201508252300_Wave_Period]]
2025-10-19 13:54:10.528,146.446,63rd_HighWavePeriod_75,atomic,[63rd_HighWavePeriod_75],[1.0000],1,1,1.0000,[[63rdStreetBeach201508252300_Wave_Period]]
2025-10-19 13:54:10.528,146.446,63rd_HighWavePeriod_85,atomic,[63rd_HighWavePeriod_85],[1.0000],1,1,1.0000,[[63rdStreetBeach201508252300_Wave_Period]]
2025-10-19 13:54:10.528,146.446,63rd_HighWavePeriod_95,atomic,[63rd_HighWavePeriod_95],[1.0000],1,1,1.0000,[[63rdStreetBeach201508252300_Wave_Period]]
2025-10-19 13:54:10.594,146.512,63rd_HighWavePeriod_65,atomic,[63rd_HighWavePeriod_65],[1.0000],1,1,1.0000,[[63rdStreetBeach201508262400_Wave_Period]]
2025-10-19 13:54:10.594,146.512,63rd_HighWavePeriod_75,atomic,[63rd_HighWavePeriod_75],[1.0000],1,1,1.0000,[[63rdStreetBeach201508262400_Wave_Period]]
2025-10-19 13:54:10.594,146.512,63rd_HighWavePeriod_85,atomic,[63rd_HighWavePeriod_85],[1.0000],1,1,1.0000,[[63rdStreetBeach201508262400_Wave_Period]]
2025-10-19 13:54:10.594,146.512,63rd_HighWavePeriod_95,atomic,[63rd_HighWavePeriod_95],[1.0000],1,1,1.0000,[[63rdStreetBeach201508262400_Wave_Period]]
2025-10-19 13:54:10.641,146.559,63rd_HighWavePeriod_65,atomic,[63rd_HighWavePeriod_65],[1.0000],1,1,1.0000,[[63rdStreetBeach201508260100_Wave_Period]]
2025-10-19 13:54:10.641,146.559,63rd_HighWavePeriod_75,atomic,[63rd_HighWavePeriod_75],[1.0000],1,1,1.0000,[[63rdStreetBeach201508260100_Wave_Period]]
2025-10-19 13:54:10.641,146.559,63rd_HighWavePeriod_85,atomic,[63rd_HighWavePeriod_85],[1.0000],1,1,1.0000,[[63rdStreetBeach201508260100_Wave_Period]]
2025-10-19 13:54:10.641,146.559,63rd_HighWavePeriod_95,atomic,[63rd_HighWavePeriod_95],[1.0000],1,1,1.0000,[[63rdStreetBeach201508260100_Wave_Period]]
2025-10-19 13:54:10.826,146.744,Calumet_LowWaterTemp_65,atomic,[Calumet_LowWaterTemp_65],[1.0000],1,1,1.0000,[[CalumetBeach201508260400_Water_Temperature]]
2025-10-19 13:54:10.827,146.745,Calumet_LowWaterTemp_75,atomic,[Calumet_LowWaterTemp_75],[1.0000],1,1,1.0000,[[CalumetBeach201508260400_Water_Temperature]]
2025-10-19 13:54:10.827,146.745,Calumet_LowWaterTemp_85,atomic,[Calumet_LowWaterTemp_85],[1.0000],1,1,1.0000,[[CalumetBeach201508260400_Water_Temperature]]
2025-10-19 13:54:10.827,146.745,Calumet_LowWaterTemp_95,atomic,[Calumet_LowWaterTemp_95],[1.0000],1,1,1.0000,[[CalumetBeach201508260400_Water_Temperature]]
2025-10-19 13:54:10.950,146.868,Calumet_LowWaterTemp_65,atomic,[Calumet_LowWaterTemp_65],[1.0000],1,1,1.0000,[[CalumetBeach201508260600_Water_Temperature]]
2025-10-19 13:54:10.950,146.868,Calumet_LowWaterTemp_75,atomic,[Calumet_LowWaterTemp_75],[1.0000],1,1,1.0000,[[CalumetBeach201508260600_Water_Temperature]]
2025-10-19 13:54:10.950,146.868,Calumet_LowWaterTemp_85,atomic,[Calumet_LowWaterTemp_85],[1.0000],1,1,1.0000,[[CalumetBeach201508260600_Water_Temperature]]
2025-10-19 13:54:10.950,146.868,Calumet_LowWaterTemp_95,atomic,[Calumet_LowWaterTemp_95],[1.0000],1,1,1.0000,[[CalumetBeach201508260600_Water_Temperature]]
2025-10-19 13:54:11.152,147.070,Calumet_LowWaterTemp_65,atomic,[Calumet_LowWaterTemp_65],[1.0000],1,1,1.0000,[[CalumetBeach201508260900_Water_Temperature]]
2025-10-19 13:54:11.152,147.070,Calumet_LowWaterTemp_75,atomic,[Calumet_LowWaterTemp_75],[1.0000],1,1,1.0000,[[CalumetBeach201508260900_Water_Temperature]]
2025-10-19 13:54:11.152,147.070,Calumet_LowWaterTemp_85,atomic,[Calumet_LowWaterTemp_85],[1.0000],1,1,1.0000,[[CalumetBeach201508260900_Water_Temperature]]
2025-10-19 13:54:11.152,147.070,Calumet_LowWaterTemp_95,atomic,[Calumet_LowWaterTemp_95],[1.0000],1,1,1.0000,[[CalumetBeach201508260900_Water_Temperature]]
2025-10-19 13:54:11.772,147.690,Calumet_LowWaterTemp_65,atomic,[Calumet_LowWaterTemp_65],[1.0000],1,1,1.0000,[[CalumetBeach201508261900_Water_Temperature]]
2025-10-19 13:54:11.772,147.690,Calumet_LowWaterTemp_75,atomic,[Calumet_LowWaterTemp_75],[1.0000],1,1,1.0000,[[CalumetBeach201508261900_Water_Temperature]]
2025-10-19 13:54:11.772,147.690,Calumet_LowWaterTemp_85,atomic,[Calumet_LowWaterTemp_85],[1.0000],1,1,1.0000,[[CalumetBeach201508261900_Water_Temperature]]
2025-10-19 13:54:11.772,147.690,Calumet_LowWaterTemp_95,atomic,[Calumet_LowWaterTemp_95],[1.0000],1,1,1.0000,[[CalumetBeach201508261900_Water_Temperature]]
2025-10-19 13:54:11.827,147.745,Calumet_LowWaterTemp_65,atomic,[Calumet_LowWaterTemp_65],[1.0000],1,1,1.0000,[[CalumetBeach201508262000_Water_Temperature]]
2025-10-19 13:54:11.827,147.745,Calumet_LowWaterTemp_75,atomic,[Calumet_LowWaterTemp_75],[1.0000],1,1,1.0000,[[CalumetBeach201508262000_Water_Temperature]]
2025-10-19 13:54:11.827,147.745,Calumet_LowWaterTemp_85,atomic,[Calumet_LowWaterTemp_85],[1.0000],1,1,1.0000,[[CalumetBeach201508262000_Water_Temperature]]
2025-10-19 13:54:11.827,147.745,Calumet_LowWaterTemp_95,atomic,[Calumet_LowWaterTemp_95],[1.0000],1,1,1.0000,[[CalumetBeach201508262000_Water_Temperature]]
2025-10-19 13:54:11.965,147.883,Calumet_LowWaterTemp_65,atomic,[Calumet_LowWaterTemp_65],[1.0000],1,1,1.0000,[[CalumetBeach201508262200_Water_Temperature]]
2025-10-19 13:54:11.965,147.883,Calumet_LowWaterTemp_75,atomic,[Calumet_LowWaterTemp_75],[1.0000],1,1,1.0000,[[CalumetBeach201508262200_Water_Temperature]]
2025-10-19 13:54:11.966,147.884,Calumet_LowWaterTemp_85,atomic,[Calumet_LowWaterTemp_85],[1.0000],1,1,1.0000,[[CalumetBeach201508262200_Water_Temperature]]
2025-10-19 13:54:11.966,147.884,Calumet_LowWaterTemp_95,atomic,[Calumet_LowWaterTemp_95],[1.0000],1,1,1.0000,[[CalumetBeach201508262200_Water_Temperature]]
2025-10-19 13:54:12.014,147.932,Calumet_LowWaterTemp_65,atomic,[Calumet_LowWaterTemp_65],[1.0000],1,1,1.0000,[[CalumetBeach201508262300_Water_Temperature]]
2025-10-19 13:54:12.014,147.932,Calumet_LowWaterTemp_75,atomic,[Calumet_LowWaterTemp_75],[1.0000],1,1,1.0000,[[CalumetBeach201508262300_Water_Temperature]]
2025-10-19 13:54:12.014,147.932,Calumet_LowWaterTemp_85,atomic,[Calumet_LowWaterTemp_85],[1.0000],1,1,1.0000,[[CalumetBeach201508262300_Water_Temperature]]
2025-10-19 13:54:12.014,147.932,Calumet_LowWaterTemp_95,atomic,[Calumet_LowWaterTemp_95],[1.0000],1,1,1.0000,[[CalumetBeach201508262300_Water_Temperature]]
2025-10-19 13:54:12.214,148.132,Calumet_LowWaterTemp_65,atomic,[Calumet_LowWaterTemp_65],[1.0000],1,1,1.0000,[[CalumetBeach201508270200_Water_Temperature]]
2025-10-19 13:54:12.214,148.132,Calumet_LowWaterTemp_75,atomic,[Calumet_LowWaterTemp_75],[1.0000],1,1,1.0000,[[CalumetBeach201508270200_Water_Temperature]]
2025-10-19 13:54:12.214,148.132,Calumet_LowWaterTemp_85,atomic,[Calumet_LowWaterTemp_85],[1.0000],1,1,1.0000,[[CalumetBeach201508270200_Water_Temperature]]
2025-10-19 13:54:12.214,148.132,Calumet_LowWaterTemp_95,atomic,[Calumet_LowWaterTemp_95],[1.0000],1,1,1.0000,[[CalumetBeach201508270200_Water_Temperature]]
2025-10-19 13:54:12.269,148.187,63rd_HighWavePeriod_65,atomic,[63rd_HighWavePeriod_65],[1.0000],1,1,1.0000,[[63rdStreetBeach201508270300_Wave_Period]]
2025-10-19 13:54:12.269,148.187,63rd_HighWavePeriod_75,atomic,[63rd_HighWavePeriod_75],[1.0000],1,1,1.0000,[[63rdStreetBeach201508270300_Wave_Period]]
2025-10-19 13:54:12.270,148.188,63rd_HighWavePeriod_85,atomic,[63rd_HighWavePeriod_85],[1.0000],1,1,1.0000,[[63rdStreetBeach201508270300_Wave_Period]]
2025-10-19 13:54:12.270,148.188,63rd_HighWavePeriod_95,atomic,[63rd_HighWavePeriod_95],[1.0000],1,1,1.0000,[[63rdStreetBeach201508270300_Wave_Period]]
2025-10-19 13:54:12.270,148.188,Calumet_LowWaterTemp_65,atomic,[Calumet_LowWaterTemp_65],[1.0000],1,1,1.0000,[[CalumetBeach201508270300_Water_Temperature]]
2025-10-19 13:54:12.270,148.188,Calumet_LowWaterTemp_75,atomic,[Calumet_LowWaterTemp_75],[1.0000],1,1,1.0000,[[CalumetBeach201508270300_Water_Temperature]]
2025-10-19 13:54:12.270,148.188,Calumet_LowWaterTemp_85,atomic,[Calumet_LowWaterTemp_85],[1.0000],1,1,1.0000,[[CalumetBeach201508270300_Water_Temperature]]
2025-10-19 13:54:12.270,148.188,Calumet_LowWaterTemp_95,atomic,[Calumet_LowWaterTemp_95],[1.0000],1,1,1.0000,[[CalumetBeach201508270300_Water_Temperature]]
2025-10-19 13:54:12.327,148.245,Calumet_LowWaterTemp_65,atomic,[Calumet_LowWaterTemp_65],[1.0000],1,1,1.0000,[[CalumetBeach201508270400_Water_Temperature]]
2025-10-19 13:54:12.327,148.245,Calumet_LowWaterTemp_75,atomic,[Calumet_LowWaterTemp_75],[1.0000],1,1,1.0000,[[CalumetBeach201508270400_Water_Temperature]]
2025-10-19 13:54:12.327,148.245,Calumet_LowWaterTemp_85,atomic,[Calumet_LowWaterTemp_85],[1.0000],1,1,1.0000,[[CalumetBeach201508270400_Water_Temperature]]
2025-10-19 13:54:12.327,148.245,Calumet_LowWaterTemp_95,atomic,[Calumet_LowWaterTemp_95],[1.0000],1,1,1.0000,[[CalumetBeach201508270400_Water_Temperature]]
2025-10-19 13:54:12.654,148.572,63rd_HighWavePeriod_65,atomic,[63rd_HighWavePeriod_65],[1.0000],1,1,1.0000,[[63rdStreetBeach201508270900_Wave_Period]]
2025-10-19 13:54:12.654,148.572,63rd_HighWavePeriod_75,atomic,[63rd_HighWavePeriod_75],[1.0000],1,1,1.0000,[[63rdStreetBeach201508270900_Wave_Period]]
2025-10-19 13:54:12.654,148.572,63rd_HighWavePeriod_85,atomic,[63rd_HighWavePeriod_85],[1.0000],1,1,1.0000,[[63rdStreetBeach201508270900_Wave_Period]]
2025-10-19 13:54:12.654,148.572,63rd_HighWavePeriod_95,atomic,[63rd_HighWavePeriod_95],[1.0000],1,1,1.0000,[[63rdStreetBeach201508270900_Wave_Period]]
2025-10-19 13:54:12.655,148.573,Calumet_LowWaterTemp_65,atomic,[Calumet_LowWaterTemp_65],[1.0000],1,1,1.0000,[[CalumetBeach201508270900_Water_Temperature]]
2025-10-19 13:54:12.655,148.573,Calumet_LowWaterTemp_75,atomic,[Calumet_LowWaterTemp_75],[1.0000],1,1,1.0000,[[CalumetBeach201508270900_Water_Temperature]]
2025-10-19 13:54:12.655,148.573,Calumet_LowWaterTemp_85,atomic,[Calumet_LowWaterTemp_85],[1.0000],1,1,1.0000,[[CalumetBeach201508270900_Water_Temperature]]
2025-10-19 13:54:12.655,148.573,Calumet_LowWaterTemp_95,atomic,[Calumet_LowWaterTemp_95],[1.0000],1,1,1.0000,[[CalumetBeach201508270900_Water_Temperature]]
2025-10-19 13:54:13.071,148.989,63rd_HighWavePeriod_65,atomic,[63rd_HighWavePeriod_65],[1.0000],1,1,1.0000,[[63rdStreetBeach201508271700_Wave_Period]]
2025-10-19 13:54:13.071,148.989,63rd_HighWavePeriod_75,atomic,[63rd_HighWavePeriod_75],[1.0000],1,1,1.0000,[[63rdStreetBeach201508271700_Wave_Period]]
2025-10-19 13:54:13.072,148.990,63rd_HighWavePeriod_85,atomic,[63rd_HighWavePeriod_85],[1.0000],1,1,1.0000,[[63rdStreetBeach201508271700_Wave_Period]]
2025-10-19 13:54:13.072,148.990,63rd_HighWavePeriod_95,atomic,[63rd_HighWavePeriod_95],[1.0000],1,1,1.0000,[[63rdStreetBeach201508271700_Wave_Period]]
2025-10-19 13:54:13.271,149.189,Calumet_LowWaterTemp_65,atomic,[Calumet_LowWaterTemp_65],[1.0000],1,1,1.0000,[[CalumetBeach201508272000_Water_Temperature]]
2025-10-19 13:54:13.271,149.189,Calumet_LowWaterTemp_75,atomic,[Calumet_LowWaterTemp_75],[1.0000],1,1,1.0000,[[CalumetBeach201508272000_Water_Temperature]]
2025-10-19 13:54:13.271,149.189,Calumet_LowWaterTemp_85,atomic,[Calumet_LowWaterTemp_85],[1.0000],1,1,1.0000,[[CalumetBeach201508272000_Water_Temperature]]
2025-10-19 13:54:13.272,149.190,Calumet_LowWaterTemp_95,atomic,[Calumet_LowWaterTemp_95],[1.0000],1,1,1.0000,[[CalumetBeach201508272000_Water_Temperature]]
2025-10-19 13:54:13.569,149.487,Calumet_LowWaterTemp_65,atomic,[Calumet_LowWaterTemp_65],[1.0000],1,1,1.0000,[[CalumetBeach201508280100_Water_Temperature]]
2025-10-19 13:54:13.570,149.488,Calumet_LowWaterTemp_75,atomic,[Calumet_LowWaterTemp_75],[1.0000],1,1,1.0000,[[CalumetBeach201508280100_Water_Temperature]]
2025-10-19 13:54:13.570,149.488,Calumet_LowWaterTemp_85,atomic,[Calumet_LowWaterTemp_85],[1.0000],1,1,1.0000,[[CalumetBeach201508280100_Water_Temperature]]
2025-10-19 13:54:13.570,149.488,Calumet_LowWaterTemp_95,atomic,[Calumet_LowWaterTemp_95],[1.0000],1,1,1.0000,[[CalumetBeach201508280100_Water_Temperature]]
2025-10-19 13:54:13.836,149.754,Calumet_LowWaterTemp_65,atomic,[Calumet_LowWaterTemp_65],[1.0000],1,1,1.0000,[[CalumetBeach201508280500_Water_Temperature]]
2025-10-19 13:54:13.836,149.754,Calumet_LowWaterTemp_75,atomic,[Calumet_LowWaterTemp_75],[1.0000],1,1,1.0000,[[CalumetBeach201508280500_Water_Temperature]]
2025-10-19 13:54:13.836,149.754,Calumet_LowWaterTemp_85,atomic,[Calumet_LowWaterTemp_85],[1.0000],1,1,1.0000,[[CalumetBeach201508280500_Water_Temperature]]
2025-10-19 13:54:13.836,149.754,Calumet_LowWaterTemp_95,atomic,[Calumet_LowWaterTemp_95],[1.0000],1,1,1.0000,[[CalumetBeach201508280500_Water_Temperature]]
2025-10-19 13:54:14.070,149.988,Calumet_LowWaterTemp_65,atomic,[Calumet_LowWaterTemp_65],[1.0000],1,1,1.0000,[[CalumetBeach201508280900_Water_Temperature]]
2025-10-19 13:54:14.070,149.988,Calumet_LowWaterTemp_75,atomic,[Calumet_LowWaterTemp_75],[1.0000],1,1,1.0000,[[CalumetBeach201508280900_Water_Temperature]]
2025-10-19 13:54:14.070,149.988,Calumet_LowWaterTemp_85,atomic,[Calumet_LowWaterTemp_85],[1.0000],1,1,1.0000,[[CalumetBeach201508280900_Water_Temperature]]
2025-10-19 13:54:14.070,149.988,Calumet_LowWaterTemp_95,atomic,[Calumet_LowWaterTemp_95],[1.0000],1,1,1.0000,[[CalumetBeach201508280900_Water_Temperature]]
2025-10-19 13:54:14.133,150.051,Calumet_LowWaterTemp_65,atomic,[Calumet_LowWaterTemp_65],[1.0000],1,1,1.0000,[[CalumetBeach201508281000_Water_Temperature]]
2025-10-19 13:54:14.133,150.051,Calumet_LowWaterTemp_75,atomic,[Calumet_LowWaterTemp_75],[1.0000],1,1,1.0000,[[CalumetBeach201508281000_Water_Temperature]]
2025-10-19 13:54:14.133,150.051,Calumet_LowWaterTemp_85,atomic,[Calumet_LowWaterTemp_85],[1.0000],1,1,1.0000,[[CalumetBeach201508281000_Water_Temperature]]
2025-10-19 13:54:14.133,150.051,Calumet_LowWaterTemp_95,atomic,[Calumet_LowWaterTemp_95],[1.0000],1,1,1.0000,[[CalumetBeach201508281000_Water_Temperature]]
2025-10-19 13:54:14.385,150.303,Calumet_LowWaterTemp_65,atomic,[Calumet_LowWaterTemp_65],[1.0000],1,1,1.0000,[[CalumetBeach201508281400_Water_Temperature]]
2025-10-19 13:54:14.385,150.303,Calumet_LowWaterTemp_75,atomic,[Calumet_LowWaterTemp_75],[1.0000],1,1,1.0000,[[CalumetBeach201508281400_Water_Temperature]]
2025-10-19 13:54:14.386,150.304,Calumet_LowWaterTemp_85,atomic,[Calumet_LowWaterTemp_85],[1.0000],1,1,1.0000,[[CalumetBeach201508281400_Water_Temperature]]
2025-10-19 13:54:14.386,150.304,Calumet_LowWaterTemp_95,atomic,[Calumet_LowWaterTemp_95],[1.0000],1,1,1.0000,[[CalumetBeach201508281400_Water_Temperature]]
2025-10-19 13:54:14.632,150.550,Calumet_LowWaterTemp_65,atomic,[Calumet_LowWaterTemp_65],[1.0000],1,1,1.0000,[[CalumetBeach201508281800_Water_Temperature]]
2025-10-19 13:54:14.632,150.550,Calumet_LowWaterTemp_75,atomic,[Calumet_LowWaterTemp_75],[1.0000],1,1,1.0000,[[CalumetBeach201508281800_Water_Temperature]]
2025-10-19 13:54:14.632,150.550,Calumet_LowWaterTemp_85,atomic,[Calumet_LowWaterTemp_85],[1.0000],1,1,1.0000,[[CalumetBeach201508281800_Water_Temperature]]
2025-10-19 13:54:14.632,150.550,Calumet_LowWaterTemp_95,atomic,[Calumet_LowWaterTemp_95],[1.0000],1,1,1.0000,[[CalumetBeach201508281800_Water_Temperature]]
2025-10-19 13:54:15.115,151.033,Calumet_LowWaterTemp_65,atomic,[Calumet_LowWaterTemp_65],[1.0000],1,1,1.0000,[[CalumetBeach201508290100_Water_Temperature]]
2025-10-19 13:54:15.116,151.034,Calumet_LowWaterTemp_75,atomic,[Calumet_LowWaterTemp_75],[1.0000],1,1,1.0000,[[CalumetBeach201508290100_Water_Temperature]]
2025-10-19 13:54:15.116,151.034,Calumet_LowWaterTemp_85,atomic,[Calumet_LowWaterTemp_85],[1.0000],1,1,1.0000,[[CalumetBeach201508290100_Water_Temperature]]
2025-10-19 13:54:15.116,151.034,Calumet_LowWaterTemp_95,atomic,[Calumet_LowWaterTemp_95],[1.0000],1,1,1.0000,[[CalumetBeach201508290100_Water_Temperature]]
2025-10-19 13:54:15.432,151.350,Calumet_LowWaterTemp_65,atomic,[Calumet_LowWaterTemp_65],[1.0000],1,1,1.0000,[[CalumetBeach201508290600_Water_Temperature]]
2025-10-19 13:54:15.433,151.351,Calumet_LowWaterTemp_75,atomic,[Calumet_LowWaterTemp_75],[1.0000],1,1,1.0000,[[CalumetBeach201508290600_Water_Temperature]]
2025-10-19 13:54:15.433,151.351,Calumet_LowWaterTemp_85,atomic,[Calumet_LowWaterTemp_85],[1.0000],1,1,1.0000,[[CalumetBeach201508290600_Water_Temperature]]
2025-10-19 13:54:15.433,151.351,Calumet_LowWaterTemp_95,atomic,[Calumet_LowWaterTemp_95],[1.0000],1,1,1.0000,[[CalumetBeach201508290600_Water_Temperature]]
2025-10-19 13:54:15.983,151.901,Calumet_LowWaterTemp_65,atomic,[Calumet_LowWaterTemp_65],[1.0000],1,1,1.0000,[[CalumetBeach201508291500_Water_Temperature]]
2025-10-19 13:54:15.984,151.902,Calumet_LowWaterTemp_75,atomic,[Calumet_LowWaterTemp_75],[1.0000],1,1,1.0000,[[CalumetBeach201508291500_Water_Temperature]]
2025-10-19 13:54:15.984,151.902,Calumet_LowWaterTemp_85,atomic,[Calumet_LowWaterTemp_85],[1.0000],1,1,1.0000,[[CalumetBeach201508291500_Water_Temperature]]
2025-10-19 13:54:15.984,151.902,Calumet_LowWaterTemp_95,atomic,[Calumet_LowWaterTemp_95],[1.0000],1,1,1.0000,[[CalumetBeach201508291500_Water_Temperature]]
2025-10-19 13:54:16.298,152.216,Calumet_LowWaterTemp_65,atomic,[Calumet_LowWaterTemp_65],[1.0000],1,1,1.0000,[[CalumetBeach201508292000_Water_Temperature]]
2025-10-19 13:54:16.299,152.217,Calumet_LowWaterTemp_75,atomic,[Calumet_LowWaterTemp_75],[1.0000],1,1,1.0000,[[CalumetBeach201508292000_Water_Temperature]]
2025-10-19 13:54:16.299,152.217,Calumet_LowWaterTemp_85,atomic,[Calumet_LowWaterTemp_85],[1.0000],1,1,1.0000,[[CalumetBeach201508292000_Water_Temperature]]
2025-10-19 13:54:16.299,152.217,Calumet_LowWaterTemp_95,atomic,[Calumet_LowWaterTemp_95],[1.0000],1,1,1.0000,[[CalumetBeach201508292000_Water_Temperature]]
2025-10-19 13:54:16.434,152.352,Calumet_LowWaterTemp_65,atomic,[Calumet_LowWaterTemp_65],[1.0000],1,1,1.0000,[[CalumetBeach201508292200_Water_Temperature]]
2025-10-19 13:54:16.435,152.353,Calumet_LowWaterTemp_75,atomic,[Calumet_LowWaterTemp_75],[1.0000],1,1,1.0000,[[CalumetBeach201508292200_Water_Temperature]]
2025-10-19 13:54:16.435,152.353,Calumet_LowWaterTemp_85,atomic,[Calumet_LowWaterTemp_85],[1.0000],1,1,1.0000,[[CalumetBeach201508292200_Water_Temperature]]
2025-10-19 13:54:16.435,152.353,Calumet_LowWaterTemp_95,atomic,[Calumet_LowWaterTemp_95],[1.0000],1,1,1.0000,[[CalumetBeach201508292200_Water_Temperature]]
2025-10-19 13:54:16.745,152.663,Calumet_LowWaterTemp_65,atomic,[Calumet_LowWaterTemp_65],[1.0000],1,1,1.0000,[[CalumetBeach201508300400_Water_Temperature]]
2025-10-19 13:54:16.745,152.663,Calumet_LowWaterTemp_75,atomic,[Calumet_LowWaterTemp_75],[1.0000],1,1,1.0000,[[CalumetBeach201508300400_Water_Temperature]]
2025-10-19 13:54:16.745,152.663,Calumet_LowWaterTemp_85,atomic,[Calumet_LowWaterTemp_85],[1.0000],1,1,1.0000,[[CalumetBeach201508300400_Water_Temperature]]
2025-10-19 13:54:16.746,152.664,Calumet_LowWaterTemp_95,atomic,[Calumet_LowWaterTemp_95],[1.0000],1,1,1.0000,[[CalumetBeach201508300400_Water_Temperature]]
2025-10-19 13:54:16.872,152.790,Calumet_LowWaterTemp_65,atomic,[Calumet_LowWaterTemp_65],[1.0000],1,1,1.0000,[[CalumetBeach201508300600_Water_Temperature]]
2025-10-19 13:54:16.872,152.790,Calumet_LowWaterTemp_75,atomic,[Calumet_LowWaterTemp_75],[1.0000],1,1,1.0000,[[CalumetBeach201508300600_Water_Temperature]]
2025-10-19 13:54:16.872,152.790,Calumet_LowWaterTemp_85,atomic,[Calumet_LowWaterTemp_85],[1.0000],1,1,1.0000,[[CalumetBeach201508300600_Water_Temperature]]
2025-10-19 13:54:16.873,152.791,Calumet_LowWaterTemp_95,atomic,[Calumet_LowWaterTemp_95],[1.0000],1,1,1.0000,[[CalumetBeach201508300600_Water_Temperature]]
2025-10-19 13:54:16.935,152.853,Calumet_LowWaterTemp_65,atomic,[Calumet_LowWaterTemp_65],[1.0000],1,1,1.0000,[[CalumetBeach201508300700_Water_Temperature]]
2025-10-19 13:54:16.936,152.854,Calumet_LowWaterTemp_75,atomic,[Calumet_LowWaterTemp_75],[1.0000],1,1,1.0000,[[CalumetBeach201508300700_Water_Temperature]]
2025-10-19 13:54:16.936,152.854,Calumet_LowWaterTemp_85,atomic,[Calumet_LowWaterTemp_85],[1.0000],1,1,1.0000,[[CalumetBeach201508300700_Water_Temperature]]
2025-10-19 13:54:16.936,152.854,Calumet_LowWaterTemp_95,atomic,[Calumet_LowWaterTemp_95],[1.0000],1,1,1.0000,[[CalumetBeach201508300700_Water_Temperature]]
2025-10-19 13:54:17.046,152.964,Calumet_LowWaterTemp_65,atomic,[Calumet_LowWaterTemp_65],[1.0000],1,1,1.0000,[[CalumetBeach201508300900_Water_Temperature]]
2025-10-19 13:54:17.046,152.964,Calumet_LowWaterTemp_75,atomic,[Calumet_LowWaterTemp_75],[1.0000],1,1,1.0000,[[CalumetBeach201508300900_Water_Temperature]]
2025-10-19 13:54:17.046,152.964,Calumet_LowWaterTemp_85,atomic,[Calumet_LowWaterTemp_85],[1.0000],1,1,1.0000,[[CalumetBeach201508300900_Water_Temperature]]
2025-10-19 13:54:17.046,152.964,Calumet_LowWaterTemp_95,atomic,[Calumet_LowWaterTemp_95],[1.0000],1,1,1.0000,[[CalumetBeach201508300900_Water_Temperature]]
2025-10-19 13:54:17.122,153.040,Calumet_LowWaterTemp_65,atomic,[Calumet_LowWaterTemp_65],[1.0000],1,1,1.0000,[[CalumetBeach201508301000_Water_Temperature]]
2025-10-19 13:54:17.122,153.040,Calumet_LowWaterTemp_75,atomic,[Calumet_LowWaterTemp_75],[1.0000],1,1,1.0000,[[CalumetBeach201508301000_Water_Temperature]]
2025-10-19 13:54:17.122,153.040,Calumet_LowWaterTemp_85,atomic,[Calumet_LowWaterTemp_85],[1.0000],1,1,1.0000,[[CalumetBeach201508301000_Water_Temperature]]
2025-10-19 13:54:17.122,153.040,Calumet_LowWaterTemp_95,atomic,[Calumet_LowWaterTemp_95],[1.0000],1,1,1.0000,[[CalumetBeach201508301000_Water_Temperature]]
2025-10-19 13:54:17.580,153.498,Calumet_LowWaterTemp_65,atomic,[Calumet_LowWaterTemp_65],[1.0000],1,1,1.0000,[[CalumetBeach201508301700_Water_Temperature]]
2025-10-19 13:54:17.580,153.498,Calumet_LowWaterTemp_75,atomic,[Calumet_LowWaterTemp_75],[1.0000],1,1,1.0000,[[CalumetBeach201508301700_Water_Temperature]]
2025-10-19 13:54:17.580,153.498,Calumet_LowWaterTemp_85,atomic,[Calumet_LowWaterTemp_85],[1.0000],1,1,1.0000,[[CalumetBeach201508301700_Water_Temperature]]
2025-10-19 13:54:17.580,153.498,Calumet_LowWaterTemp_95,atomic,[Calumet_LowWaterTemp_95],[1.0000],1,1,1.0000,[[CalumetBeach201508301700_Water_Temperature]]
2025-10-19 13:54:17.713,153.631,Calumet_LowWaterTemp_65,atomic,[Calumet_LowWaterTemp_65],[1.0000],1,1,1.0000,[[CalumetBeach201508301900_Water_Temperature]]
2025-10-19 13:54:17.713,153.631,Calumet_LowWaterTemp_75,atomic,[Calumet_LowWaterTemp_75],[1.0000],1,1,1.0000,[[CalumetBeach201508301900_Water_Temperature]]
2025-10-19 13:54:17.713,153.631,Calumet_LowWaterTemp_85,atomic,[Calumet_LowWaterTemp_85],[1.0000],1,1,1.0000,[[CalumetBeach201508301900_Water_Temperature]]
2025-10-19 13:54:17.713,153.631,Calumet_LowWaterTemp_95,atomic,[Calumet_LowWaterTemp_95],[1.0000],1,1,1.0000,[[CalumetBeach201508301900_Water_Temperature]]
2025-10-19 13:54:18.090,154.008,Calumet_LowWaterTemp_65,atomic,[Calumet_LowWaterTemp_65],[1.0000],1,1,1.0000,[[CalumetBeach201508310100_Water_Temperature]]
2025-10-19 13:54:18.090,154.008,Calumet_LowWaterTemp_75,atomic,[Calumet_LowWaterTemp_75],[1.0000],1,1,1.0000,[[CalumetBeach201508310100_Water_Temperature]]
2025-10-19 13:54:18.090,154.008,Calumet_LowWaterTemp_85,atomic,[Calumet_LowWaterTemp_85],[1.0000],1,1,1.0000,[[CalumetBeach201508310100_Water_Temperature]]
2025-10-19 13:54:18.090,154.008,Calumet_LowWaterTemp_95,atomic,[Calumet_LowWaterTemp_95],[1.0000],1,1,1.0000,[[CalumetBeach201508310100_Water_Temperature]]
2025-10-19 13:54:18.520,154.438,63rd_HighWavePeriod_65,atomic,[63rd_HighWavePeriod_65],[1.0000],1,1,1.0000,[[63rdStreetBeach201508310800_Wave_Period]]
2025-10-19 13:54:18.520,154.438,63rd_HighWavePeriod_75,atomic,[63rd_HighWavePeriod_75],[1.0000],1,1,1.0000,[[63rdStreetBeach201508310800_Wave_Period]]
2025-10-19 13:54:18.520,154.438,63rd_HighWavePeriod_85,atomic,[63rd_HighWavePeriod_85],[1.0000],1,1,1.0000,[[63rdStreetBeach201508310800_Wave_Period]]
2025-10-19 13:54:18.520,154.438,63rd_HighWavePeriod_95,atomic,[63rd_HighWavePeriod_95],[1.0000],1,1,1.0000,[[63rdStreetBeach201508310800_Wave_Period]]
2025-10-19 13:54:18.581,154.499,Calumet_LowWaterTemp_65,atomic,[Calumet_LowWaterTemp_65],[1.0000],1,1,1.0000,[[CalumetBeach201508310900_Water_Temperature]]
2025-10-19 13:54:18.581,154.499,Calumet_LowWaterTemp_75,atomic,[Calumet_LowWaterTemp_75],[1.0000],1,1,1.0000,[[CalumetBeach201508310900_Water_Temperature]]
2025-10-19 13:54:18.581,154.499,Calumet_LowWaterTemp_85,atomic,[Calumet_LowWaterTemp_85],[1.0000],1,1,1.0000,[[CalumetBeach201508310900_Water_Temperature]]
2025-10-19 13:54:18.581,154.499,Calumet_LowWaterTemp_95,atomic,[Calumet_LowWaterTemp_95],[1.0000],1,1,1.0000,[[CalumetBeach201508310900_Water_Temperature]]
2025-10-19 13:54:18.718,154.636,63rd_HighWavePeriod_65,atomic,[63rd_HighWavePeriod_65],[1.0000],1,1,1.0000,[[63rdStreetBeach201508311100_Wave_Period]]
2025-10-19 13:54:18.718,154.636,63rd_HighWavePeriod_75,atomic,[63rd_HighWavePeriod_75],[1.0000],1,1,1.0000,[[63rdStreetBeach201508311100_Wave_Period]]
2025-10-19 13:54:18.718,154.636,63rd_HighWavePeriod_85,atomic,[63rd_HighWavePeriod_85],[1.0000],1,1,1.0000,[[63rdStreetBeach201508311100_Wave_Period]]
2025-10-19 13:54:18.718,154.636,63rd_HighWavePeriod_95,atomic,[63rd_HighWavePeriod_95],[1.0000],1,1,1.0000,[[63rdStreetBeach201508311100_Wave_Period]]
2025-10-19 13:54:18.767,154.685,Calumet_LowWaterTemp_65,atomic,[Calumet_LowWaterTemp_65],[1.0000],1,1,1.0000,[[CalumetBeach201508311200_Water_Temperature]]
2025-10-19 13:54:18.767,154.685,Calumet_LowWaterTemp_75,atomic,[Calumet_LowWaterTemp_75],[1.0000],1,1,1.0000,[[CalumetBeach201508311200_Water_Temperature]]
2025-10-19 13:54:18.767,154.685,Calumet_LowWaterTemp_85,atomic,[Calumet_LowWaterTemp_85],[1.0000],1,1,1.0000,[[CalumetBeach201508311200_Water_Temperature]]
2025-10-19 13:54:18.767,154.685,Calumet_LowWaterTemp_95,atomic,[Calumet_LowWaterTemp_95],[1.0000],1,1,1.0000,[[CalumetBeach201508311200_Water_Temperature]]
2025-10-19 13:54:19.592,155.510,Calumet_LowWaterTemp_65,atomic,[Calumet_LowWaterTemp_65],[1.0000],1,1,1.0000,[[CalumetBeach201509010100_Water_Temperature]]
2025-10-19 13:54:19.592,155.510,Calumet_LowWaterTemp_75,atomic,[Calumet_LowWaterTemp_75],[1.0000],1,1,1.0000,[[CalumetBeach201509010100_Water_Temperature]]
2025-10-19 13:54:19.592,155.510,Calumet_LowWaterTemp_85,atomic,[Calumet_LowWaterTemp_85],[1.0000],1,1,1.0000,[[CalumetBeach201509010100_Water_Temperature]]
2025-10-19 13:54:19.592,155.510,Calumet_LowWaterTemp_95,atomic,[Calumet_LowWaterTemp_95],[1.0000],1,1,1.0000,[[CalumetBeach201509010100_Water_Temperature]]
2025-10-19 13:54:19.786,155.704,Calumet_LowWaterTemp_65,atomic,[Calumet_LowWaterTemp_65],[1.0000],1,1,1.0000,[[CalumetBeach201509010400_Water_Temperature]]
2025-10-19 13:54:19.786,155.704,Calumet_LowWaterTemp_75,atomic,[Calumet_LowWaterTemp_75],[1.0000],1,1,1.0000,[[CalumetBeach201509010400_Water_Temperature]]
2025-10-19 13:54:19.786,155.704,Calumet_LowWaterTemp_85,atomic,[Calumet_LowWaterTemp_85],[1.0000],1,1,1.0000,[[CalumetBeach201509010400_Water_Temperature]]
2025-10-19 13:54:19.786,155.704,Calumet_LowWaterTemp_95,atomic,[Calumet_LowWaterTemp_95],[1.0000],1,1,1.0000,[[CalumetBeach201509010400_Water_Temperature]]
2025-10-19 13:54:19.832,155.750,Calumet_LowWaterTemp_65,atomic,[Calumet_LowWaterTemp_65],[1.0000],1,1,1.0000,[[CalumetBeach201509010500_Water_Temperature]]
2025-10-19 13:54:19.833,155.751,Calumet_LowWaterTemp_75,atomic,[Calumet_LowWaterTemp_75],[1.0000],1,1,1.0000,[[CalumetBeach201509010500_Water_Temperature]]
2025-10-19 13:54:19.833,155.751,Calumet_LowWaterTemp_85,atomic,[Calumet_LowWaterTemp_85],[1.0000],1,1,1.0000,[[CalumetBeach201509010500_Water_Temperature]]
2025-10-19 13:54:19.833,155.751,Calumet_LowWaterTemp_95,atomic,[Calumet_LowWaterTemp_95],[1.0000],1,1,1.0000,[[CalumetBeach201509010500_Water_Temperature]]
2025-10-19 13:54:19.836,155.754,63rd_HighWavePeriod_65,atomic,[63rd_HighWavePeriod_65],[1.0000],1,1,1.0000,[[63rdStreetBeach201509010500_Wave_Period]]
2025-10-19 13:54:19.836,155.754,63rd_HighWavePeriod_75,atomic,[63rd_HighWavePeriod_75],[1.0000],1,1,1.0000,[[63rdStreetBeach201509010500_Wave_Period]]
2025-10-19 13:54:19.836,155.754,63rd_HighWavePeriod_85,atomic,[63rd_HighWavePeriod_85],[1.0000],1,1,1.0000,[[63rdStreetBeach201509010500_Wave_Period]]
2025-10-19 13:54:19.836,155.754,63rd_HighWavePeriod_95,atomic,[63rd_HighWavePeriod_95],[1.0000],1,1,1.0000,[[63rdStreetBeach201509010500_Wave_Period]]
2025-10-19 13:54:19.896,155.814,63rd_HighWavePeriod_65,atomic,[63rd_HighWavePeriod_65],[1.0000],1,1,1.0000,[[63rdStreetBeach201509010600_Wave_Period]]
2025-10-19 13:54:19.896,155.814,63rd_HighWavePeriod_75,atomic,[63rd_HighWavePeriod_75],[1.0000],1,1,1.0000,[[63rdStreetBeach201509010600_Wave_Period]]
2025-10-19 13:54:19.896,155.814,63rd_HighWavePeriod_85,atomic,[63rd_HighWavePeriod_85],[1.0000],1,1,1.0000,[[63rdStreetBeach201509010600_Wave_Period]]
2025-10-19 13:54:19.896,155.814,63rd_HighWavePeriod_95,atomic,[63rd_HighWavePeriod_95],[1.0000],1,1,1.0000,[[63rdStreetBeach201509010600_Wave_Period]]
2025-10-19 13:54:20.017,155.935,Calumet_LowWaterTemp_65,atomic,[Calumet_LowWaterTemp_65],[1.0000],1,1,1.0000,[[CalumetBeach201509010800_Water_Temperature]]
2025-10-19 13:54:20.018,155.936,Calumet_LowWaterTemp_75,atomic,[Calumet_LowWaterTemp_75],[1.0000],1,1,1.0000,[[CalumetBeach201509010800_Water_Temperature]]
2025-10-19 13:54:20.018,155.936,Calumet_LowWaterTemp_85,atomic,[Calumet_LowWaterTemp_85],[1.0000],1,1,1.0000,[[CalumetBeach201509010800_Water_Temperature]]
2025-10-19 13:54:20.018,155.936,Calumet_LowWaterTemp_95,atomic,[Calumet_LowWaterTemp_95],[1.0000],1,1,1.0000,[[CalumetBeach201509010800_Water_Temperature]]
2025-10-19 13:54:20.022,155.940,63rd_HighWavePeriod_65,atomic,[63rd_HighWavePeriod_65],[1.0000],1,1,1.0000,[[63rdStreetBeach201509010800_Wave_Period]]
2025-10-19 13:54:20.022,155.940,63rd_HighWavePeriod_75,atomic,[63rd_HighWavePeriod_75],[1.0000],1,1,1.0000,[[63rdStreetBeach201509010800_Wave_Period]]
2025-10-19 13:54:20.022,155.940,63rd_HighWavePeriod_85,atomic,[63rd_HighWavePeriod_85],[1.0000],1,1,1.0000,[[63rdStreetBeach201509010800_Wave_Period]]
2025-10-19 13:54:20.022,155.940,63rd_HighWavePeriod_95,atomic,[63rd_HighWavePeriod_95],[1.0000],1,1,1.0000,[[63rdStreetBeach201509010800_Wave_Period]]
2025-10-19 13:54:20.086,156.004,63rd_HighWavePeriod_65,atomic,[63rd_HighWavePeriod_65],[1.0000],1,1,1.0000,[[63rdStreetBeach201509010900_Wave_Period]]
2025-10-19 13:54:20.087,156.005,63rd_HighWavePeriod_75,atomic,[63rd_HighWavePeriod_75],[1.0000],1,1,1.0000,[[63rdStreetBeach201509010900_Wave_Period]]
2025-10-19 13:54:20.087,156.005,63rd_HighWavePeriod_85,atomic,[63rd_HighWavePeriod_85],[1.0000],1,1,1.0000,[[63rdStreetBeach201509010900_Wave_Period]]
2025-10-19 13:54:20.087,156.005,63rd_HighWavePeriod_95,atomic,[63rd_HighWavePeriod_95],[1.0000],1,1,1.0000,[[63rdStreetBeach201509010900_Wave_Period]]
2025-10-19 13:54:20.143,156.061,Calumet_LowWaterTemp_65,atomic,[Calumet_LowWaterTemp_65],[1.0000],1,1,1.0000,[[CalumetBeach201509011000_Water_Temperature]]
2025-10-19 13:54:20.143,156.061,Calumet_LowWaterTemp_75,atomic,[Calumet_LowWaterTemp_75],[1.0000],1,1,1.0000,[[CalumetBeach201509011000_Water_Temperature]]
2025-10-19 13:54:20.143,156.061,Calumet_LowWaterTemp_85,atomic,[Calumet_LowWaterTemp_85],[1.0000],1,1,1.0000,[[CalumetBeach201509011000_Water_Temperature]]
2025-10-19 13:54:20.143,156.061,Calumet_LowWaterTemp_95,atomic,[Calumet_LowWaterTemp_95],[1.0000],1,1,1.0000,[[CalumetBeach201509011000_Water_Temperature]]
2025-10-19 13:54:20.331,156.249,Calumet_LowWaterTemp_65,atomic,[Calumet_LowWaterTemp_65],[1.0000],1,1,1.0000,[[CalumetBeach201509011300_Water_Temperature]]
2025-10-19 13:54:20.331,156.249,Calumet_LowWaterTemp_75,atomic,[Calumet_LowWaterTemp_75],[1.0000],1,1,1.0000,[[CalumetBeach201509011300_Water_Temperature]]
2025-10-19 13:54:20.331,156.249,Calumet_LowWaterTemp_85,atomic,[Calumet_LowWaterTemp_85],[1.0000],1,1,1.0000,[[CalumetBeach201509011300_Water_Temperature]]
2025-10-19 13:54:20.331,156.249,Calumet_LowWaterTemp_95,atomic,[Calumet_LowWaterTemp_95],[1.0000],1,1,1.0000,[[CalumetBeach201509011300_Water_Temperature]]
2025-10-19 13:54:20.457,156.375,Calumet_LowWaterTemp_65,atomic,[Calumet_LowWaterTemp_65],[1.0000],1,1,1.0000,[[CalumetBeach201509011500_Water_Temperature]]
2025-10-19 13:54:20.457,156.375,Calumet_LowWaterTemp_75,atomic,[Calumet_LowWaterTemp_75],[1.0000],1,1,1.0000,[[CalumetBeach201509011500_Water_Temperature]]
2025-10-19 13:54:20.457,156.375,Calumet_LowWaterTemp_85,atomic,[Calumet_LowWaterTemp_85],[1.0000],1,1,1.0000,[[CalumetBeach201509011500_Water_Temperature]]
2025-10-19 13:54:20.457,156.375,Calumet_LowWaterTemp_95,atomic,[Calumet_LowWaterTemp_95],[1.0000],1,1,1.0000,[[CalumetBeach201509011500_Water_Temperature]]
2025-10-19 13:54:21.135,157.053,Calumet_LowWaterTemp_65,atomic,[Calumet_LowWaterTemp_65],[1.0000],1,1,1.0000,[[CalumetBeach201509021500_Water_Temperature]]
2025-10-19 13:54:21.135,157.053,Calumet_LowWaterTemp_75,atomic,[Calumet_LowWaterTemp_75],[1.0000],1,1,1.0000,[[CalumetBeach201509021500_Water_Temperature]]
2025-10-19 13:54:21.135,157.053,Calumet_LowWaterTemp_85,atomic,[Calumet_LowWaterTemp_85],[1.0000],1,1,1.0000,[[CalumetBeach201509021500_Water_Temperature]]
2025-10-19 13:54:21.135,157.053,Calumet_LowWaterTemp_95,atomic,[Calumet_LowWaterTemp_95],[1.0000],1,1,1.0000,[[CalumetBeach201509021500_Water_Temperature]]
2025-10-19 13:54:21.211,157.129,Calumet_LowWaterTemp_65,atomic,[Calumet_LowWaterTemp_65],[1.0000],1,1,1.0000,[[CalumetBeach201509021600_Water_Temperature]]
2025-10-19 13:54:21.211,157.129,Calumet_LowWaterTemp_75,atomic,[Calumet_LowWaterTemp_75],[1.0000],1,1,1.0000,[[CalumetBeach201509021600_Water_Temperature]]
2025-10-19 13:54:21.211,157.129,Calumet_LowWaterTemp_85,atomic,[Calumet_LowWaterTemp_85],[1.0000],1,1,1.0000,[[CalumetBeach201509021600_Water_Temperature]]
2025-10-19 13:54:21.211,157.129,Calumet_LowWaterTemp_95,atomic,[Calumet_LowWaterTemp_95],[1.0000],1,1,1.0000,[[CalumetBeach201509021600_Water_Temperature]]
2025-10-19 13:54:21.399,157.317,Calumet_LowWaterTemp_65,atomic,[Calumet_LowWaterTemp_65],[1.0000],1,1,1.0000,[[CalumetBeach201509021900_Water_Temperature]]
2025-10-19 13:54:21.399,157.317,Calumet_LowWaterTemp_75,atomic,[Calumet_LowWaterTemp_75],[1.0000],1,1,1.0000,[[CalumetBeach201509021900_Water_Temperature]]
2025-10-19 13:54:21.399,157.317,Calumet_LowWaterTemp_85,atomic,[Calumet_LowWaterTemp_85],[1.0000],1,1,1.0000,[[CalumetBeach201509021900_Water_Temperature]]
2025-10-19 13:54:21.399,157.317,Calumet_LowWaterTemp_95,atomic,[Calumet_LowWaterTemp_95],[1.0000],1,1,1.0000,[[CalumetBeach201509021900_Water_Temperature]]
2025-10-19 13:54:21.449,157.367,63rd_HighWavePeriod_65,atomic,[63rd_HighWavePeriod_65],[1.0000],1,1,1.0000,[[63rdStreetBeach201509022000_Wave_Period]]
2025-10-19 13:54:21.449,157.367,63rd_HighWavePeriod_75,atomic,[63rd_HighWavePeriod_75],[1.0000],1,1,1.0000,[[63rdStreetBeach201509022000_Wave_Period]]
2025-10-19 13:54:21.449,157.367,63rd_HighWavePeriod_85,atomic,[63rd_HighWavePeriod_85],[1.0000],1,1,1.0000,[[63rdStreetBeach201509022000_Wave_Period]]
2025-10-19 13:54:21.449,157.367,63rd_HighWavePeriod_95,atomic,[63rd_HighWavePeriod_95],[1.0000],1,1,1.0000,[[63rdStreetBeach201509022000_Wave_Period]]
2025-10-19 13:54:21.584,157.502,Calumet_LowWaterTemp_65,atomic,[Calumet_LowWaterTemp_65],[1.0000],1,1,1.0000,[[CalumetBeach201509022200_Water_Temperature]]
2025-10-19 13:54:21.585,157.503,Calumet_LowWaterTemp_75,atomic,[Calumet_LowWaterTemp_75],[1.0000],1,1,1.0000,[[CalumetBeach201509022200_Water_Temperature]]
2025-10-19 13:54:21.585,157.503,Calumet_LowWaterTemp_85,atomic,[Calumet_LowWaterTemp_85],[1.0000],1,1,1.0000,[[CalumetBeach201509022200_Water_Temperature]]
2025-10-19 13:54:21.585,157.503,Calumet_LowWaterTemp_95,atomic,[Calumet_LowWaterTemp_95],[1.0000],1,1,1.0000,[[CalumetBeach201509022200_Water_Temperature]]
2025-10-19 13:54:21.636,157.554,Calumet_LowWaterTemp_65,atomic,[Calumet_LowWaterTemp_65],[1.0000],1,1,1.0000,[[CalumetBeach201509022300_Water_Temperature]]
2025-10-19 13:54:21.637,157.555,Calumet_LowWaterTemp_75,atomic,[Calumet_LowWaterTemp_75],[1.0000],1,1,1.0000,[[CalumetBeach201509022300_Water_Temperature]]
2025-10-19 13:54:21.637,157.555,Calumet_LowWaterTemp_85,atomic,[Calumet_LowWaterTemp_85],[1.0000],1,1,1.0000,[[CalumetBeach201509022300_Water_Temperature]]
2025-10-19 13:54:21.637,157.555,Calumet_LowWaterTemp_95,atomic,[Calumet_LowWaterTemp_95],[1.0000],1,1,1.0000,[[CalumetBeach201509022300_Water_Temperature]]
2025-10-19 13:54:21.711,157.629,63rd_HighWavePeriod_65,atomic,[63rd_HighWavePeriod_65],[1.0000],1,1,1.0000,[[63rdStreetBeach201509032400_Wave_Period]]
2025-10-19 13:54:21.711,157.629,63rd_HighWavePeriod_75,atomic,[63rd_HighWavePeriod_75],[1.0000],1,1,1.0000,[[63rdStreetBeach201509032400_Wave_Period]]
2025-10-19 13:54:21.711,157.629,63rd_HighWavePeriod_85,atomic,[63rd_HighWavePeriod_85],[1.0000],1,1,1.0000,[[63rdStreetBeach201509032400_Wave_Period]]
2025-10-19 13:54:21.711,157.629,63rd_HighWavePeriod_95,atomic,[63rd_HighWavePeriod_95],[1.0000],1,1,1.0000,[[63rdStreetBeach201509032400_Wave_Period]]
2025-10-19 13:54:21.834,157.752,Calumet_LowWaterTemp_65,atomic,[Calumet_LowWaterTemp_65],[1.0000],1,1,1.0000,[[CalumetBeach201509030200_Water_Temperature]]
2025-10-19 13:54:21.842,157.760,Calumet_LowWaterTemp_75,atomic,[Calumet_LowWaterTemp_75],[1.0000],1,1,1.0000,[[CalumetBeach201509030200_Water_Temperature]]
2025-10-19 13:54:21.842,157.760,Calumet_LowWaterTemp_85,atomic,[Calumet_LowWaterTemp_85],[1.0000],1,1,1.0000,[[CalumetBeach201509030200_Water_Temperature]]
2025-10-19 13:54:21.842,157.760,Calumet_LowWaterTemp_95,atomic,[Calumet_LowWaterTemp_95],[1.0000],1,1,1.0000,[[CalumetBeach201509030200_Water_Temperature]]
2025-10-19 13:54:22.023,157.941,63rd_HighWavePeriod_65,atomic,[63rd_HighWavePeriod_65],[1.0000],1,1,1.0000,[[63rdStreetBeach201509030500_Wave_Period]]
2025-10-19 13:54:22.023,157.941,63rd_HighWavePeriod_75,atomic,[63rd_HighWavePeriod_75],[1.0000],1,1,1.0000,[[63rdStreetBeach201509030500_Wave_Period]]
2025-10-19 13:54:22.023,157.941,63rd_HighWavePeriod_85,atomic,[63rd_HighWavePeriod_85],[1.0000],1,1,1.0000,[[63rdStreetBeach201509030500_Wave_Period]]
2025-10-19 13:54:22.023,157.941,63rd_HighWavePeriod_95,atomic,[63rd_HighWavePeriod_95],[1.0000],1,1,1.0000,[[63rdStreetBeach201509030500_Wave_Period]]
2025-10-19 13:54:22.514,158.432,Calumet_LowWaterTemp_65,atomic,[Calumet_LowWaterTemp_65],[1.0000],1,1,1.0000,[[CalumetBeach201509031400_Water_Temperature]]
2025-10-19 13:54:22.514,158.432,Calumet_LowWaterTemp_75,atomic,[Calumet_LowWaterTemp_75],[1.0000],1,1,1.0000,[[CalumetBeach201509031400_Water_Temperature]]
2025-10-19 13:54:22.514,158.432,Calumet_LowWaterTemp_85,atomic,[Calumet_LowWaterTemp_85],[1.0000],1,1,1.0000,[[CalumetBeach201509031400_Water_Temperature]]
2025-10-19 13:54:22.514,158.432,Calumet_LowWaterTemp_95,atomic,[Calumet_LowWaterTemp_95],[1.0000],1,1,1.0000,[[CalumetBeach201509031400_Water_Temperature]]
2025-10-19 13:54:22.638,158.556,Calumet_LowWaterTemp_65,atomic,[Calumet_LowWaterTemp_65],[1.0000],1,1,1.0000,[[CalumetBeach201509031600_Water_Temperature]]
2025-10-19 13:54:22.638,158.556,Calumet_LowWaterTemp_75,atomic,[Calumet_LowWaterTemp_75],[1.0000],1,1,1.0000,[[CalumetBeach201509031600_Water_Temperature]]
2025-10-19 13:54:22.638,158.556,Calumet_LowWaterTemp_85,atomic,[Calumet_LowWaterTemp_85],[1.0000],1,1,1.0000,[[CalumetBeach201509031600_Water_Temperature]]
2025-10-19 13:54:22.638,158.556,Calumet_LowWaterTemp_95,atomic,[Calumet_LowWaterTemp_95],[1.0000],1,1,1.0000,[[CalumetBeach201509031600_Water_Temperature]]
2025-10-19 13:54:22.764,158.682,Calumet_LowWaterTemp_65,atomic,[Calumet_LowWaterTemp_65],[1.0000],1,1,1.0000,[[CalumetBeach201509031800_Water_Temperature]]
2025-10-19 13:54:22.764,158.682,Calumet_LowWaterTemp_75,atomic,[Calumet_LowWaterTemp_75],[1.0000],1,1,1.0000,[[CalumetBeach201509031800_Water_Temperature]]
2025-10-19 13:54:22.764,158.682,Calumet_LowWaterTemp_85,atomic,[Calumet_LowWaterTemp_85],[1.0000],1,1,1.0000,[[CalumetBeach201509031800_Water_Temperature]]
2025-10-19 13:54:22.764,158.682,Calumet_LowWaterTemp_95,atomic,[Calumet_LowWaterTemp_95],[1.0000],1,1,1.0000,[[CalumetBeach201509031800_Water_Temperature]]
2025-10-19 13:54:22.826,158.744,Calumet_LowWaterTemp_65,atomic,[Calumet_LowWaterTemp_65],[1.0000],1,1,1.0000,[[CalumetBeach201509031900_Water_Temperature]]
2025-10-19 13:54:22.826,158.744,Calumet_LowWaterTemp_75,atomic,[Calumet_LowWaterTemp_75],[1.0000],1,1,1.0000,[[CalumetBeach201509031900_Water_Temperature]]
2025-10-19 13:54:22.826,158.744,Calumet_LowWaterTemp_85,atomic,[Calumet_LowWaterTemp_85],[1.0000],1,1,1.0000,[[CalumetBeach201509031900_Water_Temperature]]
2025-10-19 13:54:22.827,158.745,Calumet_LowWaterTemp_95,atomic,[Calumet_LowWaterTemp_95],[1.0000],1,1,1.0000,[[CalumetBeach201509031900_Water_Temperature]]
2025-10-19 13:54:23.901,159.819,Calumet_LowWaterTemp_65,atomic,[Calumet_LowWaterTemp_65],[1.0000],1,1,1.0000,[[CalumetBeach201509041200_Water_Temperature]]
2025-10-19 13:54:23.901,159.819,Calumet_LowWaterTemp_75,atomic,[Calumet_LowWaterTemp_75],[1.0000],1,1,1.0000,[[CalumetBeach201509041200_Water_Temperature]]
2025-10-19 13:54:23.901,159.819,Calumet_LowWaterTemp_85,atomic,[Calumet_LowWaterTemp_85],[1.0000],1,1,1.0000,[[CalumetBeach201509041200_Water_Temperature]]
2025-10-19 13:54:23.901,159.819,Calumet_LowWaterTemp_95,atomic,[Calumet_LowWaterTemp_95],[1.0000],1,1,1.0000,[[CalumetBeach201509041200_Water_Temperature]]
2025-10-19 13:54:24.150,160.068,Calumet_LowWaterTemp_65,atomic,[Calumet_LowWaterTemp_65],[1.0000],1,1,1.0000,[[CalumetBeach201509041600_Water_Temperature]]
2025-10-19 13:54:24.151,160.069,Calumet_LowWaterTemp_75,atomic,[Calumet_LowWaterTemp_75],[1.0000],1,1,1.0000,[[CalumetBeach201509041600_Water_Temperature]]
2025-10-19 13:54:24.151,160.069,Calumet_LowWaterTemp_85,atomic,[Calumet_LowWaterTemp_85],[1.0000],1,1,1.0000,[[CalumetBeach201509041600_Water_Temperature]]
2025-10-19 13:54:24.151,160.069,Calumet_LowWaterTemp_95,atomic,[Calumet_LowWaterTemp_95],[1.0000],1,1,1.0000,[[CalumetBeach201509041600_Water_Temperature]]
2025-10-19 13:54:25.091,161.009,Calumet_LowWaterTemp_65,atomic,[Calumet_LowWaterTemp_65],[1.0000],1,1,1.0000,[[CalumetBeach201509050700_Water_Temperature]]
2025-10-19 13:54:25.091,161.009,Calumet_LowWaterTemp_75,atomic,[Calumet_LowWaterTemp_75],[1.0000],1,1,1.0000,[[CalumetBeach201509050700_Water_Temperature]]
2025-10-19 13:54:25.091,161.009,Calumet_LowWaterTemp_85,atomic,[Calumet_LowWaterTemp_85],[1.0000],1,1,1.0000,[[CalumetBeach201509050700_Water_Temperature]]
2025-10-19 13:54:25.091,161.009,Calumet_LowWaterTemp_95,atomic,[Calumet_LowWaterTemp_95],[1.0000],1,1,1.0000,[[CalumetBeach201509050700_Water_Temperature]]
2025-10-19 13:54:25.201,161.119,Calumet_LowWaterTemp_65,atomic,[Calumet_LowWaterTemp_65],[1.0000],1,1,1.0000,[[CalumetBeach201509050900_Water_Temperature]]
2025-10-19 13:54:25.201,161.119,Calumet_LowWaterTemp_75,atomic,[Calumet_LowWaterTemp_75],[1.0000],1,1,1.0000,[[CalumetBeach201509050900_Water_Temperature]]
2025-10-19 13:54:25.201,161.119,Calumet_LowWaterTemp_85,atomic,[Calumet_LowWaterTemp_85],[1.0000],1,1,1.0000,[[CalumetBeach201509050900_Water_Temperature]]
2025-10-19 13:54:25.201,161.119,Calumet_LowWaterTemp_95,atomic,[Calumet_LowWaterTemp_95],[1.0000],1,1,1.0000,[[CalumetBeach201509050900_Water_Temperature]]
2025-10-19 13:54:25.512,161.430,Calumet_LowWaterTemp_65,atomic,[Calumet_LowWaterTemp_65],[1.0000],1,1,1.0000,[[CalumetBeach201509051400_Water_Temperature]]
2025-10-19 13:54:25.512,161.430,Calumet_LowWaterTemp_75,atomic,[Calumet_LowWaterTemp_75],[1.0000],1,1,1.0000,[[CalumetBeach201509051400_Water_Temperature]]
2025-10-19 13:54:25.512,161.430,Calumet_LowWaterTemp_85,atomic,[Calumet_LowWaterTemp_85],[1.0000],1,1,1.0000,[[CalumetBeach201509051400_Water_Temperature]]
2025-10-19 13:54:25.512,161.430,Calumet_LowWaterTemp_95,atomic,[Calumet_LowWaterTemp_95],[1.0000],1,1,1.0000,[[CalumetBeach201509051400_Water_Temperature]]
2025-10-19 13:54:26.274,162.192,Calumet_LowWaterTemp_65,atomic,[Calumet_LowWaterTemp_65],[1.0000],1,1,1.0000,[[CalumetBeach201509060300_Water_Temperature]]
2025-10-19 13:54:26.275,162.193,Calumet_LowWaterTemp_75,atomic,[Calumet_LowWaterTemp_75],[1.0000],1,1,1.0000,[[CalumetBeach201509060300_Water_Temperature]]
2025-10-19 13:54:26.275,162.193,Calumet_LowWaterTemp_85,atomic,[Calumet_LowWaterTemp_85],[1.0000],1,1,1.0000,[[CalumetBeach201509060300_Water_Temperature]]
2025-10-19 13:54:26.275,162.193,Calumet_LowWaterTemp_95,atomic,[Calumet_LowWaterTemp_95],[1.0000],1,1,1.0000,[[CalumetBeach201509060300_Water_Temperature]]
2025-10-19 13:54:26.655,162.573,63rd_HighWavePeriod_65,atomic,[63rd_HighWavePeriod_65],[1.0000],1,1,1.0000,[[63rdStreetBeach201509060900_Wave_Period]]
2025-10-19 13:54:26.655,162.573,63rd_HighWavePeriod_75,atomic,[63rd_HighWavePeriod_75],[1.0000],1,1,1.0000,[[63rdStreetBeach201509060900_Wave_Period]]
2025-10-19 13:54:26.655,162.573,63rd_HighWavePeriod_85,atomic,[63rd_HighWavePeriod_85],[1.0000],1,1,1.0000,[[63rdStreetBeach201509060900_Wave_Period]]
2025-10-19 13:54:26.655,162.573,63rd_HighWavePeriod_95,atomic,[63rd_HighWavePeriod_95],[1.0000],1,1,1.0000,[[63rdStreetBeach201509060900_Wave_Period]]
2025-10-19 13:54:26.701,162.619,Calumet_LowWaterTemp_65,atomic,[Calumet_LowWaterTemp_65],[1.0000],1,1,1.0000,[[CalumetBeach201509061000_Water_Temperature]]
2025-10-19 13:54:26.702,162.620,Calumet_LowWaterTemp_75,atomic,[Calumet_LowWaterTemp_75],[1.0000],1,1,1.0000,[[CalumetBeach201509061000_Water_Temperature]]
2025-10-19 13:54:26.702,162.620,Calumet_LowWaterTemp_85,atomic,[Calumet_LowWaterTemp_85],[1.0000],1,1,1.0000,[[CalumetBeach201509061000_Water_Temperature]]
2025-10-19 13:54:26.702,162.620,Calumet_LowWaterTemp_95,atomic,[Calumet_LowWaterTemp_95],[1.0000],1,1,1.0000,[[CalumetBeach201509061000_Water_Temperature]]
2025-10-19 13:54:26.776,162.694,Calumet_LowWaterTemp_65,atomic,[Calumet_LowWaterTemp_65],[1.0000],1,1,1.0000,[[CalumetBeach201509061100_Water_Temperature]]
2025-10-19 13:54:26.776,162.694,Calumet_LowWaterTemp_75,atomic,[Calumet_LowWaterTemp_75],[1.0000],1,1,1.0000,[[CalumetBeach201509061100_Water_Temperature]]
2025-10-19 13:54:26.776,162.694,Calumet_LowWaterTemp_85,atomic,[Calumet_LowWaterTemp_85],[1.0000],1,1,1.0000,[[CalumetBeach201509061100_Water_Temperature]]
2025-10-19 13:54:26.776,162.694,Calumet_LowWaterTemp_95,atomic,[Calumet_LowWaterTemp_95],[1.0000],1,1,1.0000,[[CalumetBeach201509061100_Water_Temperature]]
2025-10-19 13:54:27.028,162.946,Calumet_LowWaterTemp_65,atomic,[Calumet_LowWaterTemp_65],[1.0000],1,1,1.0000,[[CalumetBeach201509061500_Water_Temperature]]
2025-10-19 13:54:27.028,162.946,Calumet_LowWaterTemp_75,atomic,[Calumet_LowWaterTemp_75],[1.0000],1,1,1.0000,[[CalumetBeach201509061500_Water_Temperature]]
2025-10-19 13:54:27.028,162.946,Calumet_LowWaterTemp_85,atomic,[Calumet_LowWaterTemp_85],[1.0000],1,1,1.0000,[[CalumetBeach201509061500_Water_Temperature]]
2025-10-19 13:54:27.028,162.946,Calumet_LowWaterTemp_95,atomic,[Calumet_LowWaterTemp_95],[1.0000],1,1,1.0000,[[CalumetBeach201509061500_Water_Temperature]]
2025-10-19 13:54:27.078,162.996,Calumet_LowWaterTemp_65,atomic,[Calumet_LowWaterTemp_65],[1.0000],1,1,1.0000,[[CalumetBeach201509061600_Water_Temperature]]
2025-10-19 13:54:27.078,162.996,Calumet_LowWaterTemp_75,atomic,[Calumet_LowWaterTemp_75],[1.0000],1,1,1.0000,[[CalumetBeach201509061600_Water_Temperature]]
2025-10-19 13:54:27.079,162.997,Calumet_LowWaterTemp_85,atomic,[Calumet_LowWaterTemp_85],[1.0000],1,1,1.0000,[[CalumetBeach201509061600_Water_Temperature]]
2025-10-19 13:54:27.079,162.997,Calumet_LowWaterTemp_95,atomic,[Calumet_LowWaterTemp_95],[1.0000],1,1,1.0000,[[CalumetBeach201509061600_Water_Temperature]]
2025-10-19 13:54:27.519,163.437,Calumet_LowWaterTemp_65,atomic,[Calumet_LowWaterTemp_65],[1.0000],1,1,1.0000,[[CalumetBeach201509062300_Water_Temperature]]
2025-10-19 13:54:27.519,163.437,Calumet_LowWaterTemp_75,atomic,[Calumet_LowWaterTemp_75],[1.0000],1,1,1.0000,[[CalumetBeach201509062300_Water_Temperature]]
2025-10-19 13:54:27.519,163.437,Calumet_LowWaterTemp_85,atomic,[Calumet_LowWaterTemp_85],[1.0000],1,1,1.0000,[[CalumetBeach201509062300_Water_Temperature]]
2025-10-19 13:54:27.519,163.437,Calumet_LowWaterTemp_95,atomic,[Calumet_LowWaterTemp_95],[1.0000],1,1,1.0000,[[CalumetBeach201509062300_Water_Temperature]]
2025-10-19 13:54:27.705,163.623,63rd_HighWavePeriod_65,atomic,[63rd_HighWavePeriod_65],[1.0000],1,1,1.0000,[[63rdStreetBeach201509070200_Wave_Period]]
2025-10-19 13:54:27.705,163.623,63rd_HighWavePeriod_75,atomic,[63rd_HighWavePeriod_75],[1.0000],1,1,1.0000,[[63rdStreetBeach201509070200_Wave_Period]]
2025-10-19 13:54:27.705,163.623,63rd_HighWavePeriod_85,atomic,[63rd_HighWavePeriod_85],[1.0000],1,1,1.0000,[[63rdStreetBeach201509070200_Wave_Period]]
2025-10-19 13:54:27.705,163.623,63rd_HighWavePeriod_95,atomic,[63rd_HighWavePeriod_95],[1.0000],1,1,1.0000,[[63rdStreetBeach201509070200_Wave_Period]]
2025-10-19 13:54:27.781,163.699,63rd_HighWavePeriod_65,atomic,[63rd_HighWavePeriod_65],[1.0000],1,1,1.0000,[[63rdStreetBeach201509070300_Wave_Period]]
2025-10-19 13:54:27.781,163.699,63rd_HighWavePeriod_75,atomic,[63rd_HighWavePeriod_75],[1.0000],1,1,1.0000,[[63rdStreetBeach201509070300_Wave_Period]]
2025-10-19 13:54:27.781,163.699,63rd_HighWavePeriod_85,atomic,[63rd_HighWavePeriod_85],[1.0000],1,1,1.0000,[[63rdStreetBeach201509070300_Wave_Period]]
2025-10-19 13:54:27.781,163.699,63rd_HighWavePeriod_95,atomic,[63rd_HighWavePeriod_95],[1.0000],1,1,1.0000,[[63rdStreetBeach201509070300_Wave_Period]]
2025-10-19 13:54:27.831,163.749,63rd_HighWavePeriod_65,atomic,[63rd_HighWavePeriod_65],[1.0000],1,1,1.0000,[[63rdStreetBeach201509070400_Wave_Period]]
2025-10-19 13:54:27.831,163.749,63rd_HighWavePeriod_75,atomic,[63rd_HighWavePeriod_75],[1.0000],1,1,1.0000,[[63rdStreetBeach201509070400_Wave_Period]]
2025-10-19 13:54:27.831,163.749,63rd_HighWavePeriod_85,atomic,[63rd_HighWavePeriod_85],[1.0000],1,1,1.0000,[[63rdStreetBeach201509070400_Wave_Period]]
2025-10-19 13:54:27.831,163.749,63rd_HighWavePeriod_95,atomic,[63rd_HighWavePeriod_95],[1.0000],1,1,1.0000,[[63rdStreetBeach201509070400_Wave_Period]]
2025-10-19 13:54:27.898,163.816,63rd_HighWavePeriod_65,atomic,[63rd_HighWavePeriod_65],[1.0000],1,1,1.0000,[[63rdStreetBeach201509070500_Wave_Period]]
2025-10-19 13:54:27.898,163.816,63rd_HighWavePeriod_75,atomic,[63rd_HighWavePeriod_75],[1.0000],1,1,1.0000,[[63rdStreetBeach201509070500_Wave_Period]]
2025-10-19 13:54:27.898,163.816,63rd_HighWavePeriod_85,atomic,[63rd_HighWavePeriod_85],[1.0000],1,1,1.0000,[[63rdStreetBeach201509070500_Wave_Period]]
2025-10-19 13:54:27.898,163.816,63rd_HighWavePeriod_95,atomic,[63rd_HighWavePeriod_95],[1.0000],1,1,1.0000,[[63rdStreetBeach201509070500_Wave_Period]]
2025-10-19 13:54:28.034,163.952,Calumet_LowWaterTemp_65,atomic,[Calumet_LowWaterTemp_65],[1.0000],1,1,1.0000,[[CalumetBeach201509070700_Water_Temperature]]
2025-10-19 13:54:28.034,163.952,Calumet_LowWaterTemp_75,atomic,[Calumet_LowWaterTemp_75],[1.0000],1,1,1.0000,[[CalumetBeach201509070700_Water_Temperature]]
2025-10-19 13:54:28.034,163.952,Calumet_LowWaterTemp_85,atomic,[Calumet_LowWaterTemp_85],[1.0000],1,1,1.0000,[[CalumetBeach201509070700_Water_Temperature]]
2025-10-19 13:54:28.034,163.952,Calumet_LowWaterTemp_95,atomic,[Calumet_LowWaterTemp_95],[1.0000],1,1,1.0000,[[CalumetBeach201509070700_Water_Temperature]]
2025-10-19 13:54:28.096,164.014,63rd_HighWavePeriod_65,atomic,[63rd_HighWavePeriod_65],[1.0000],1,1,1.0000,[[63rdStreetBeach201509070800_Wave_Period]]
2025-10-19 13:54:28.096,164.014,63rd_HighWavePeriod_75,atomic,[63rd_HighWavePeriod_75],[1.0000],1,1,1.0000,[[63rdStreetBeach201509070800_Wave_Period]]
2025-10-19 13:54:28.096,164.014,63rd_HighWavePeriod_85,atomic,[63rd_HighWavePeriod_85],[1.0000],1,1,1.0000,[[63rdStreetBeach201509070800_Wave_Period]]
2025-10-19 13:54:28.096,164.014,63rd_HighWavePeriod_95,atomic,[63rd_HighWavePeriod_95],[1.0000],1,1,1.0000,[[63rdStreetBeach201509070800_Wave_Period]]
2025-10-19 13:54:28.829,164.747,Calumet_LowWaterTemp_65,atomic,[Calumet_LowWaterTemp_65],[1.0000],1,1,1.0000,[[CalumetBeach201509072000_Water_Temperature]]
2025-10-19 13:54:28.829,164.747,Calumet_LowWaterTemp_75,atomic,[Calumet_LowWaterTemp_75],[1.0000],1,1,1.0000,[[CalumetBeach201509072000_Water_Temperature]]
2025-10-19 13:54:28.829,164.747,Calumet_LowWaterTemp_85,atomic,[Calumet_LowWaterTemp_85],[1.0000],1,1,1.0000,[[CalumetBeach201509072000_Water_Temperature]]
2025-10-19 13:54:28.829,164.747,Calumet_LowWaterTemp_95,atomic,[Calumet_LowWaterTemp_95],[1.0000],1,1,1.0000,[[CalumetBeach201509072000_Water_Temperature]]
2025-10-19 13:54:29.012,164.930,63rd_HighWavePeriod_65,atomic,[63rd_HighWavePeriod_65],[1.0000],1,1,1.0000,[[63rdStreetBeach201509072300_Wave_Period]]
2025-10-19 13:54:29.012,164.930,63rd_HighWavePeriod_75,atomic,[63rd_HighWavePeriod_75],[1.0000],1,1,1.0000,[[63rdStreetBeach201509072300_Wave_Period]]
2025-10-19 13:54:29.012,164.930,63rd_HighWavePeriod_85,atomic,[63rd_HighWavePeriod_85],[1.0000],1,1,1.0000,[[63rdStreetBeach201509072300_Wave_Period]]
2025-10-19 13:54:29.012,164.930,63rd_HighWavePeriod_95,atomic,[63rd_HighWavePeriod_95],[1.0000],1,1,1.0000,[[63rdStreetBeach201509072300_Wave_Period]]
2025-10-19 13:54:29.088,165.006,Calumet_LowWaterTemp_65,atomic,[Calumet_LowWaterTemp_65],[1.0000],1,1,1.0000,[[CalumetBeach201509082400_Water_Temperature]]
2025-10-19 13:54:29.089,165.007,Calumet_LowWaterTemp_75,atomic,[Calumet_LowWaterTemp_75],[1.0000],1,1,1.0000,[[CalumetBeach201509082400_Water_Temperature]]
2025-10-19 13:54:29.089,165.007,Calumet_LowWaterTemp_85,atomic,[Calumet_LowWaterTemp_85],[1.0000],1,1,1.0000,[[CalumetBeach201509082400_Water_Temperature]]
2025-10-19 13:54:29.089,165.007,Calumet_LowWaterTemp_95,atomic,[Calumet_LowWaterTemp_95],[1.0000],1,1,1.0000,[[CalumetBeach201509082400_Water_Temperature]]
2025-10-19 13:54:29.217,165.135,63rd_HighWavePeriod_65,atomic,[63rd_HighWavePeriod_65],[1.0000],1,1,1.0000,[[63rdStreetBeach201509080200_Wave_Period]]
2025-10-19 13:54:29.217,165.135,63rd_HighWavePeriod_75,atomic,[63rd_HighWavePeriod_75],[1.0000],1,1,1.0000,[[63rdStreetBeach201509080200_Wave_Period]]
2025-10-19 13:54:29.217,165.135,63rd_HighWavePeriod_85,atomic,[63rd_HighWavePeriod_85],[1.0000],1,1,1.0000,[[63rdStreetBeach201509080200_Wave_Period]]
2025-10-19 13:54:29.217,165.135,63rd_HighWavePeriod_95,atomic,[63rd_HighWavePeriod_95],[1.0000],1,1,1.0000,[[63rdStreetBeach201509080200_Wave_Period]]
2025-10-19 13:54:29.217,165.135,Calumet_LowWaterTemp_65,atomic,[Calumet_LowWaterTemp_65],[1.0000],1,1,1.0000,[[CalumetBeach201509080200_Water_Temperature]]
2025-10-19 13:54:29.218,165.136,Calumet_LowWaterTemp_75,atomic,[Calumet_LowWaterTemp_75],[1.0000],1,1,1.0000,[[CalumetBeach201509080200_Water_Temperature]]
2025-10-19 13:54:29.218,165.136,Calumet_LowWaterTemp_85,atomic,[Calumet_LowWaterTemp_85],[1.0000],1,1,1.0000,[[CalumetBeach201509080200_Water_Temperature]]
2025-10-19 13:54:29.218,165.136,Calumet_LowWaterTemp_95,atomic,[Calumet_LowWaterTemp_95],[1.0000],1,1,1.0000,[[CalumetBeach201509080200_Water_Temperature]]
2025-10-19 13:54:29.278,165.196,Calumet_LowWaterTemp_65,atomic,[Calumet_LowWaterTemp_65],[1.0000],1,1,1.0000,[[CalumetBeach201509080300_Water_Temperature]]
2025-10-19 13:54:29.278,165.196,Calumet_LowWaterTemp_75,atomic,[Calumet_LowWaterTemp_75],[1.0000],1,1,1.0000,[[CalumetBeach201509080300_Water_Temperature]]
2025-10-19 13:54:29.278,165.196,Calumet_LowWaterTemp_85,atomic,[Calumet_LowWaterTemp_85],[1.0000],1,1,1.0000,[[CalumetBeach201509080300_Water_Temperature]]
2025-10-19 13:54:29.278,165.196,Calumet_LowWaterTemp_95,atomic,[Calumet_LowWaterTemp_95],[1.0000],1,1,1.0000,[[CalumetBeach201509080300_Water_Temperature]]
2025-10-19 13:54:29.457,165.375,Calumet_LowWaterTemp_65,atomic,[Calumet_LowWaterTemp_65],[1.0000],1,1,1.0000,[[CalumetBeach201509080600_Water_Temperature]]
2025-10-19 13:54:29.457,165.375,Calumet_LowWaterTemp_75,atomic,[Calumet_LowWaterTemp_75],[1.0000],1,1,1.0000,[[CalumetBeach201509080600_Water_Temperature]]
2025-10-19 13:54:29.457,165.375,Calumet_LowWaterTemp_85,atomic,[Calumet_LowWaterTemp_85],[1.0000],1,1,1.0000,[[CalumetBeach201509080600_Water_Temperature]]
2025-10-19 13:54:29.457,165.375,Calumet_LowWaterTemp_95,atomic,[Calumet_LowWaterTemp_95],[1.0000],1,1,1.0000,[[CalumetBeach201509080600_Water_Temperature]]
2025-10-19 13:54:29.518,165.436,63rd_HighWavePeriod_65,atomic,[63rd_HighWavePeriod_65],[1.0000],1,1,1.0000,[[63rdStreetBeach201509080700_Wave_Period]]
2025-10-19 13:54:29.518,165.436,63rd_HighWavePeriod_75,atomic,[63rd_HighWavePeriod_75],[1.0000],1,1,1.0000,[[63rdStreetBeach201509080700_Wave_Period]]
2025-10-19 13:54:29.518,165.436,63rd_HighWavePeriod_85,atomic,[63rd_HighWavePeriod_85],[1.0000],1,1,1.0000,[[63rdStreetBeach201509080700_Wave_Period]]
2025-10-19 13:54:29.518,165.436,63rd_HighWavePeriod_95,atomic,[63rd_HighWavePeriod_95],[1.0000],1,1,1.0000,[[63rdStreetBeach201509080700_Wave_Period]]
2025-10-19 13:54:29.828,165.746,Calumet_LowWaterTemp_65,atomic,[Calumet_LowWaterTemp_65],[1.0000],1,1,1.0000,[[CalumetBeach201509081200_Water_Temperature]]
2025-10-19 13:54:29.828,165.746,Calumet_LowWaterTemp_75,atomic,[Calumet_LowWaterTemp_75],[1.0000],1,1,1.0000,[[CalumetBeach201509081200_Water_Temperature]]
2025-10-19 13:54:29.828,165.746,Calumet_LowWaterTemp_85,atomic,[Calumet_LowWaterTemp_85],[1.0000],1,1,1.0000,[[CalumetBeach201509081200_Water_Temperature]]
2025-10-19 13:54:29.828,165.746,Calumet_LowWaterTemp_95,atomic,[Calumet_LowWaterTemp_95],[1.0000],1,1,1.0000,[[CalumetBeach201509081200_Water_Temperature]]
2025-10-19 13:54:30.171,166.089,63rd_HighWavePeriod_65,atomic,[63rd_HighWavePeriod_65],[1.0000],1,1,1.0000,[[63rdStreetBeach201509081700_Wave_Period]]
2025-10-19 13:54:30.171,166.089,63rd_HighWavePeriod_75,atomic,[63rd_HighWavePeriod_75],[1.0000],1,1,1.0000,[[63rdStreetBeach201509081700_Wave_Period]]
2025-10-19 13:54:30.171,166.089,63rd_HighWavePeriod_85,atomic,[63rd_HighWavePeriod_85],[1.0000],1,1,1.0000,[[63rdStreetBeach201509081700_Wave_Period]]
2025-10-19 13:54:30.171,166.089,63rd_HighWavePeriod_95,atomic,[63rd_HighWavePeriod_95],[1.0000],1,1,1.0000,[[63rdStreetBeach201509081700_Wave_Period]]
2025-10-19 13:54:30.421,166.339,Calumet_LowWaterTemp_65,atomic,[Calumet_LowWaterTemp_65],[1.0000],1,1,1.0000,[[CalumetBeach201509082100_Water_Temperature]]
2025-10-19 13:54:30.421,166.339,Calumet_LowWaterTemp_75,atomic,[Calumet_LowWaterTemp_75],[1.0000],1,1,1.0000,[[CalumetBeach201509082100_Water_Temperature]]
2025-10-19 13:54:30.421,166.339,Calumet_LowWaterTemp_85,atomic,[Calumet_LowWaterTemp_85],[1.0000],1,1,1.0000,[[CalumetBeach201509082100_Water_Temperature]]
2025-10-19 13:54:30.421,166.339,Calumet_LowWaterTemp_95,atomic,[Calumet_LowWaterTemp_95],[1.0000],1,1,1.0000,[[CalumetBeach201509082100_Water_Temperature]]
2025-10-19 13:54:30.518,166.436,Calumet_LowWaterTemp_65,atomic,[Calumet_LowWaterTemp_65],[1.0000],1,1,1.0000,[[CalumetBeach201509082200_Water_Temperature]]
2025-10-19 13:54:30.518,166.436,Calumet_LowWaterTemp_75,atomic,[Calumet_LowWaterTemp_75],[1.0000],1,1,1.0000,[[CalumetBeach201509082200_Water_Temperature]]
2025-10-19 13:54:30.518,166.436,Calumet_LowWaterTemp_85,atomic,[Calumet_LowWaterTemp_85],[1.0000],1,1,1.0000,[[CalumetBeach201509082200_Water_Temperature]]
2025-10-19 13:54:30.518,166.436,Calumet_LowWaterTemp_95,atomic,[Calumet_LowWaterTemp_95],[1.0000],1,1,1.0000,[[CalumetBeach201509082200_Water_Temperature]]
2025-10-19 13:54:30.525,166.443,63rd_HighWavePeriod_65,atomic,[63rd_HighWavePeriod_65],[1.0000],1,1,1.0000,[[63rdStreetBeach201509082200_Wave_Period]]
2025-10-19 13:54:30.525,166.443,63rd_HighWavePeriod_75,atomic,[63rd_HighWavePeriod_75],[1.0000],1,1,1.0000,[[63rdStreetBeach201509082200_Wave_Period]]
2025-10-19 13:54:30.525,166.443,63rd_HighWavePeriod_85,atomic,[63rd_HighWavePeriod_85],[1.0000],1,1,1.0000,[[63rdStreetBeach201509082200_Wave_Period]]
2025-10-19 13:54:30.525,166.443,63rd_HighWavePeriod_95,atomic,[63rd_HighWavePeriod_95],[1.0000],1,1,1.0000,[[63rdStreetBeach201509082200_Wave_Period]]
2025-10-19 13:54:30.707,166.625,Calumet_LowWaterTemp_65,atomic,[Calumet_LowWaterTemp_65],[1.0000],1,1,1.0000,[[CalumetBeach201509090100_Water_Temperature]]
2025-10-19 13:54:30.707,166.625,Calumet_LowWaterTemp_75,atomic,[Calumet_LowWaterTemp_75],[1.0000],1,1,1.0000,[[CalumetBeach201509090100_Water_Temperature]]
2025-10-19 13:54:30.707,166.625,Calumet_LowWaterTemp_85,atomic,[Calumet_LowWaterTemp_85],[1.0000],1,1,1.0000,[[CalumetBeach201509090100_Water_Temperature]]
2025-10-19 13:54:30.707,166.625,Calumet_LowWaterTemp_95,atomic,[Calumet_LowWaterTemp_95],[1.0000],1,1,1.0000,[[CalumetBeach201509090100_Water_Temperature]]
2025-10-19 13:54:30.773,166.691,Calumet_LowWaterTemp_65,atomic,[Calumet_LowWaterTemp_65],[1.0000],1,1,1.0000,[[CalumetBeach201509090200_Water_Temperature]]
2025-10-19 13:54:30.773,166.691,Calumet_LowWaterTemp_75,atomic,[Calumet_LowWaterTemp_75],[1.0000],1,1,1.0000,[[CalumetBeach201509090200_Water_Temperature]]
2025-10-19 13:54:30.773,166.691,Calumet_LowWaterTemp_85,atomic,[Calumet_LowWaterTemp_85],[1.0000],1,1,1.0000,[[CalumetBeach201509090200_Water_Temperature]]
2025-10-19 13:54:30.773,166.691,Calumet_LowWaterTemp_95,atomic,[Calumet_LowWaterTemp_95],[1.0000],1,1,1.0000,[[CalumetBeach201509090200_Water_Temperature]]
2025-10-19 13:54:31.296,167.214,Calumet_LowWaterTemp_65,atomic,[Calumet_LowWaterTemp_65],[1.0000],1,1,1.0000,[[CalumetBeach201509091000_Water_Temperature]]
2025-10-19 13:54:31.296,167.214,Calumet_LowWaterTemp_75,atomic,[Calumet_LowWaterTemp_75],[1.0000],1,1,1.0000,[[CalumetBeach201509091000_Water_Temperature]]
2025-10-19 13:54:31.296,167.214,Calumet_LowWaterTemp_85,atomic,[Calumet_LowWaterTemp_85],[1.0000],1,1,1.0000,[[CalumetBeach201509091000_Water_Temperature]]
2025-10-19 13:54:31.296,167.214,Calumet_LowWaterTemp_95,atomic,[Calumet_LowWaterTemp_95],[1.0000],1,1,1.0000,[[CalumetBeach201509091000_Water_Temperature]]
2025-10-19 13:54:31.406,167.324,Montrose_HighWave_65,atomic,[Montrose_HighWave_65],[1.0000],1,1,1.0000,[[MontroseBeach201509091200_Wave_Height]]
2025-10-19 13:54:31.407,167.325,Montrose_HighWave_75,atomic,[Montrose_HighWave_75],[1.0000],1,1,1.0000,[[MontroseBeach201509091200_Wave_Height]]
2025-10-19 13:54:31.407,167.325,Montrose_HighWave_85,atomic,[Montrose_HighWave_85],[1.0000],1,1,1.0000,[[MontroseBeach201509091200_Wave_Height]]
2025-10-19 13:54:31.407,167.325,Montrose_HighWave_95,atomic,[Montrose_HighWave_95],[1.0000],1,1,1.0000,[[MontroseBeach201509091200_Wave_Height]]
2025-10-19 13:54:31.594,167.512,Calumet_LowWaterTemp_65,atomic,[Calumet_LowWaterTemp_65],[1.0000],1,1,1.0000,[[CalumetBeach201509091500_Water_Temperature]]
2025-10-19 13:54:31.594,167.512,Calumet_LowWaterTemp_75,atomic,[Calumet_LowWaterTemp_75],[1.0000],1,1,1.0000,[[CalumetBeach201509091500_Water_Temperature]]
2025-10-19 13:54:31.595,167.513,Calumet_LowWaterTemp_85,atomic,[Calumet_LowWaterTemp_85],[1.0000],1,1,1.0000,[[CalumetBeach201509091500_Water_Temperature]]
2025-10-19 13:54:31.595,167.513,Calumet_LowWaterTemp_95,atomic,[Calumet_LowWaterTemp_95],[1.0000],1,1,1.0000,[[CalumetBeach201509091500_Water_Temperature]]
2025-10-19 13:54:31.597,167.515,Montrose_HighWave_65,atomic,[Montrose_HighWave_65],[1.0000],1,1,1.0000,[[MontroseBeach201509091500_Wave_Height]]
2025-10-19 13:54:31.598,167.516,Montrose_HighWave_75,atomic,[Montrose_HighWave_75],[1.0000],1,1,1.0000,[[MontroseBeach201509091500_Wave_Height]]
2025-10-19 13:54:31.598,167.516,Montrose_HighWave_85,atomic,[Montrose_HighWave_85],[1.0000],1,1,1.0000,[[MontroseBeach201509091500_Wave_Height]]
2025-10-19 13:54:31.598,167.516,Montrose_HighWave_95,atomic,[Montrose_HighWave_95],[1.0000],1,1,1.0000,[[MontroseBeach201509091500_Wave_Height]]
2025-10-19 13:54:31.782,167.700,Calumet_LowWaterTemp_65,atomic,[Calumet_LowWaterTemp_65],[1.0000],1,1,1.0000,[[CalumetBeach201509091800_Water_Temperature]]
2025-10-19 13:54:31.782,167.700,Calumet_LowWaterTemp_75,atomic,[Calumet_LowWaterTemp_75],[1.0000],1,1,1.0000,[[CalumetBeach201509091800_Water_Temperature]]
2025-10-19 13:54:31.782,167.700,Calumet_LowWaterTemp_85,atomic,[Calumet_LowWaterTemp_85],[1.0000],1,1,1.0000,[[CalumetBeach201509091800_Water_Temperature]]
2025-10-19 13:54:31.782,167.700,Calumet_LowWaterTemp_95,atomic,[Calumet_LowWaterTemp_95],[1.0000],1,1,1.0000,[[CalumetBeach201509091800_Water_Temperature]]
2025-10-19 13:54:31.844,167.762,Calumet_LowWaterTemp_65,atomic,[Calumet_LowWaterTemp_65],[1.0000],1,1,1.0000,[[CalumetBeach201509091900_Water_Temperature]]
2025-10-19 13:54:31.844,167.762,Calumet_LowWaterTemp_75,atomic,[Calumet_LowWaterTemp_75],[1.0000],1,1,1.0000,[[CalumetBeach201509091900_Water_Temperature]]
2025-10-19 13:54:31.844,167.762,Calumet_LowWaterTemp_85,atomic,[Calumet_LowWaterTemp_85],[1.0000],1,1,1.0000,[[CalumetBeach201509091900_Water_Temperature]]
2025-10-19 13:54:31.844,167.762,Calumet_LowWaterTemp_95,atomic,[Calumet_LowWaterTemp_95],[1.0000],1,1,1.0000,[[CalumetBeach201509091900_Water_Temperature]]
2025-10-19 13:54:31.913,167.831,63rd_HighWavePeriod_65,atomic,[63rd_HighWavePeriod_65],[1.0000],1,1,1.0000,[[63rdStreetBeach201509092000_Wave_Period]]
2025-10-19 13:54:31.913,167.831,63rd_HighWavePeriod_75,atomic,[63rd_HighWavePeriod_75],[1.0000],1,1,1.0000,[[63rdStreetBeach201509092000_Wave_Period]]
2025-10-19 13:54:31.913,167.831,63rd_HighWavePeriod_85,atomic,[63rd_HighWavePeriod_85],[1.0000],1,1,1.0000,[[63rdStreetBeach201509092000_Wave_Period]]
2025-10-19 13:54:31.913,167.831,63rd_HighWavePeriod_95,atomic,[63rd_HighWavePeriod_95],[1.0000],1,1,1.0000,[[63rdStreetBeach201509092000_Wave_Period]]
2025-10-19 13:54:31.971,167.889,Calumet_LowWaterTemp_65,atomic,[Calumet_LowWaterTemp_65],[1.0000],1,1,1.0000,[[CalumetBeach201509092100_Water_Temperature]]
2025-10-19 13:54:31.971,167.889,Calumet_LowWaterTemp_75,atomic,[Calumet_LowWaterTemp_75],[1.0000],1,1,1.0000,[[CalumetBeach201509092100_Water_Temperature]]
2025-10-19 13:54:31.971,167.889,Calumet_LowWaterTemp_85,atomic,[Calumet_LowWaterTemp_85],[1.0000],1,1,1.0000,[[CalumetBeach201509092100_Water_Temperature]]
2025-10-19 13:54:31.971,167.889,Calumet_LowWaterTemp_95,atomic,[Calumet_LowWaterTemp_95],[1.0000],1,1,1.0000,[[CalumetBeach201509092100_Water_Temperature]]
2025-10-19 13:54:32.043,167.961,Calumet_LowWaterTemp_65,atomic,[Calumet_LowWaterTemp_65],[1.0000],1,1,1.0000,[[CalumetBeach201509092200_Water_Temperature]]
2025-10-19 13:54:32.043,167.961,Calumet_LowWaterTemp_75,atomic,[Calumet_LowWaterTemp_75],[1.0000],1,1,1.0000,[[CalumetBeach201509092200_Water_Temperature]]
2025-10-19 13:54:32.043,167.961,Calumet_LowWaterTemp_85,atomic,[Calumet_LowWaterTemp_85],[1.0000],1,1,1.0000,[[CalumetBeach201509092200_Water_Temperature]]
2025-10-19 13:54:32.043,167.961,Calumet_LowWaterTemp_95,atomic,[Calumet_LowWaterTemp_95],[1.0000],1,1,1.0000,[[CalumetBeach201509092200_Water_Temperature]]
2025-10-19 13:54:32.301,168.219,63rd_HighWavePeriod_65,atomic,[63rd_HighWavePeriod_65],[1.0000],1,1,1.0000,[[63rdStreetBeach201509100200_Wave_Period]]
2025-10-19 13:54:32.301,168.219,63rd_HighWavePeriod_75,atomic,[63rd_HighWavePeriod_75],[1.0000],1,1,1.0000,[[63rdStreetBeach201509100200_Wave_Period]]
2025-10-19 13:54:32.301,168.219,63rd_HighWavePeriod_85,atomic,[63rd_HighWavePeriod_85],[1.0000],1,1,1.0000,[[63rdStreetBeach201509100200_Wave_Period]]
2025-10-19 13:54:32.301,168.219,63rd_HighWavePeriod_95,atomic,[63rd_HighWavePeriod_95],[1.0000],1,1,1.0000,[[63rdStreetBeach201509100200_Wave_Period]]
2025-10-19 13:54:32.424,168.342,Calumet_LowWaterTemp_65,atomic,[Calumet_LowWaterTemp_65],[1.0000],1,1,1.0000,[[CalumetBeach201509100400_Water_Temperature]]
2025-10-19 13:54:32.425,168.343,Calumet_LowWaterTemp_75,atomic,[Calumet_LowWaterTemp_75],[1.0000],1,1,1.0000,[[CalumetBeach201509100400_Water_Temperature]]
2025-10-19 13:54:32.425,168.343,Calumet_LowWaterTemp_85,atomic,[Calumet_LowWaterTemp_85],[1.0000],1,1,1.0000,[[CalumetBeach201509100400_Water_Temperature]]
2025-10-19 13:54:32.425,168.343,Calumet_LowWaterTemp_95,atomic,[Calumet_LowWaterTemp_95],[1.0000],1,1,1.0000,[[CalumetBeach201509100400_Water_Temperature]]
2025-10-19 13:54:32.847,168.765,Calumet_LowWaterTemp_65,atomic,[Calumet_LowWaterTemp_65],[1.0000],1,1,1.0000,[[CalumetBeach201509101100_Water_Temperature]]
2025-10-19 13:54:32.847,168.765,Calumet_LowWaterTemp_75,atomic,[Calumet_LowWaterTemp_75],[1.0000],1,1,1.0000,[[CalumetBeach201509101100_Water_Temperature]]
2025-10-19 13:54:32.848,168.766,Calumet_LowWaterTemp_85,atomic,[Calumet_LowWaterTemp_85],[1.0000],1,1,1.0000,[[CalumetBeach201509101100_Water_Temperature]]
2025-10-19 13:54:32.848,168.766,Calumet_LowWaterTemp_95,atomic,[Calumet_LowWaterTemp_95],[1.0000],1,1,1.0000,[[CalumetBeach201509101100_Water_Temperature]]
2025-10-19 13:54:33.126,169.044,Calumet_LowWaterTemp_65,atomic,[Calumet_LowWaterTemp_65],[1.0000],1,1,1.0000,[[CalumetBeach201509101500_Water_Temperature]]
2025-10-19 13:54:33.126,169.044,Calumet_LowWaterTemp_75,atomic,[Calumet_LowWaterTemp_75],[1.0000],1,1,1.0000,[[CalumetBeach201509101500_Water_Temperature]]
2025-10-19 13:54:33.126,169.044,Calumet_LowWaterTemp_85,atomic,[Calumet_LowWaterTemp_85],[1.0000],1,1,1.0000,[[CalumetBeach201509101500_Water_Temperature]]
2025-10-19 13:54:33.126,169.044,Calumet_LowWaterTemp_95,atomic,[Calumet_LowWaterTemp_95],[1.0000],1,1,1.0000,[[CalumetBeach201509101500_Water_Temperature]]
2025-10-19 13:54:33.608,169.526,Calumet_LowWaterTemp_65,atomic,[Calumet_LowWaterTemp_65],[1.0000],1,1,1.0000,[[CalumetBeach201509102300_Water_Temperature]]
2025-10-19 13:54:33.609,169.527,Calumet_LowWaterTemp_75,atomic,[Calumet_LowWaterTemp_75],[1.0000],1,1,1.0000,[[CalumetBeach201509102300_Water_Temperature]]
2025-10-19 13:54:33.609,169.527,Calumet_LowWaterTemp_85,atomic,[Calumet_LowWaterTemp_85],[1.0000],1,1,1.0000,[[CalumetBeach201509102300_Water_Temperature]]
2025-10-19 13:54:33.609,169.527,Calumet_LowWaterTemp_95,atomic,[Calumet_LowWaterTemp_95],[1.0000],1,1,1.0000,[[CalumetBeach201509102300_Water_Temperature]]
2025-10-19 13:54:33.784,169.702,Calumet_LowWaterTemp_65,atomic,[Calumet_LowWaterTemp_65],[1.0000],1,1,1.0000,[[CalumetBeach201509110200_Water_Temperature]]
2025-10-19 13:54:33.784,169.702,Calumet_LowWaterTemp_75,atomic,[Calumet_LowWaterTemp_75],[1.0000],1,1,1.0000,[[CalumetBeach201509110200_Water_Temperature]]
2025-10-19 13:54:33.784,169.702,Calumet_LowWaterTemp_85,atomic,[Calumet_LowWaterTemp_85],[1.0000],1,1,1.0000,[[CalumetBeach201509110200_Water_Temperature]]
2025-10-19 13:54:33.784,169.702,Calumet_LowWaterTemp_95,atomic,[Calumet_LowWaterTemp_95],[1.0000],1,1,1.0000,[[CalumetBeach201509110200_Water_Temperature]]
2025-10-19 13:54:33.845,169.763,Calumet_LowWaterTemp_65,atomic,[Calumet_LowWaterTemp_65],[1.0000],1,1,1.0000,[[CalumetBeach201509110300_Water_Temperature]]
2025-10-19 13:54:33.845,169.763,Calumet_LowWaterTemp_75,atomic,[Calumet_LowWaterTemp_75],[1.0000],1,1,1.0000,[[CalumetBeach201509110300_Water_Temperature]]
2025-10-19 13:54:33.846,169.764,Calumet_LowWaterTemp_85,atomic,[Calumet_LowWaterTemp_85],[1.0000],1,1,1.0000,[[CalumetBeach201509110300_Water_Temperature]]
2025-10-19 13:54:33.846,169.764,Calumet_LowWaterTemp_95,atomic,[Calumet_LowWaterTemp_95],[1.0000],1,1,1.0000,[[CalumetBeach201509110300_Water_Temperature]]
2025-10-19 13:54:34.347,170.265,Calumet_LowWaterTemp_65,atomic,[Calumet_LowWaterTemp_65],[1.0000],1,1,1.0000,[[CalumetBeach201509111100_Water_Temperature]]
2025-10-19 13:54:34.347,170.265,Calumet_LowWaterTemp_75,atomic,[Calumet_LowWaterTemp_75],[1.0000],1,1,1.0000,[[CalumetBeach201509111100_Water_Temperature]]
2025-10-19 13:54:34.347,170.265,Calumet_LowWaterTemp_85,atomic,[Calumet_LowWaterTemp_85],[1.0000],1,1,1.0000,[[CalumetBeach201509111100_Water_Temperature]]
2025-10-19 13:54:34.347,170.265,Calumet_LowWaterTemp_95,atomic,[Calumet_LowWaterTemp_95],[1.0000],1,1,1.0000,[[CalumetBeach201509111100_Water_Temperature]]
2025-10-19 13:54:34.722,170.640,63rd_HighWavePeriod_65,atomic,[63rd_HighWavePeriod_65],[1.0000],1,1,1.0000,[[63rdStreetBeach201509111700_Wave_Period]]
2025-10-19 13:54:34.722,170.640,63rd_HighWavePeriod_75,atomic,[63rd_HighWavePeriod_75],[1.0000],1,1,1.0000,[[63rdStreetBeach201509111700_Wave_Period]]
2025-10-19 13:54:34.722,170.640,63rd_HighWavePeriod_85,atomic,[63rd_HighWavePeriod_85],[1.0000],1,1,1.0000,[[63rdStreetBeach201509111700_Wave_Period]]
2025-10-19 13:54:34.722,170.640,63rd_HighWavePeriod_95,atomic,[63rd_HighWavePeriod_95],[1.0000],1,1,1.0000,[[63rdStreetBeach201509111700_Wave_Period]]
2025-10-19 13:54:34.722,170.640,Calumet_LowWaterTemp_65,atomic,[Calumet_LowWaterTemp_65],[1.0000],1,1,1.0000,[[CalumetBeach201509111700_Water_Temperature]]
2025-10-19 13:54:34.722,170.640,Calumet_LowWaterTemp_75,atomic,[Calumet_LowWaterTemp_75],[1.0000],1,1,1.0000,[[CalumetBeach201509111700_Water_Temperature]]
2025-10-19 13:54:34.722,170.640,Calumet_LowWaterTemp_85,atomic,[Calumet_LowWaterTemp_85],[1.0000],1,1,1.0000,[[CalumetBeach201509111700_Water_Temperature]]
2025-10-19 13:54:34.722,170.640,Calumet_LowWaterTemp_95,atomic,[Calumet_LowWaterTemp_95],[1.0000],1,1,1.0000,[[CalumetBeach201509111700_Water_Temperature]]
2025-10-19 13:54:34.781,170.699,Calumet_LowWaterTemp_65,atomic,[Calumet_LowWaterTemp_65],[1.0000],1,1,1.0000,[[CalumetBeach201509111800_Water_Temperature]]
2025-10-19 13:54:34.782,170.700,Calumet_LowWaterTemp_75,atomic,[Calumet_LowWaterTemp_75],[1.0000],1,1,1.0000,[[CalumetBeach201509111800_Water_Temperature]]
2025-10-19 13:54:34.782,170.700,Calumet_LowWaterTemp_85,atomic,[Calumet_LowWaterTemp_85],[1.0000],1,1,1.0000,[[CalumetBeach201509111800_Water_Temperature]]
2025-10-19 13:54:34.782,170.700,Calumet_LowWaterTemp_95,atomic,[Calumet_LowWaterTemp_95],[1.0000],1,1,1.0000,[[CalumetBeach201509111800_Water_Temperature]]
2025-10-19 13:54:35.411,171.329,Calumet_LowWaterTemp_65,atomic,[Calumet_LowWaterTemp_65],[1.0000],1,1,1.0000,[[CalumetBeach201509120400_Water_Temperature]]
2025-10-19 13:54:35.411,171.329,Calumet_LowWaterTemp_75,atomic,[Calumet_LowWaterTemp_75],[1.0000],1,1,1.0000,[[CalumetBeach201509120400_Water_Temperature]]
2025-10-19 13:54:35.411,171.329,Calumet_LowWaterTemp_85,atomic,[Calumet_LowWaterTemp_85],[1.0000],1,1,1.0000,[[CalumetBeach201509120400_Water_Temperature]]
2025-10-19 13:54:35.411,171.329,Calumet_LowWaterTemp_95,atomic,[Calumet_LowWaterTemp_95],[1.0000],1,1,1.0000,[[CalumetBeach201509120400_Water_Temperature]]
2025-10-19 13:54:36.613,172.531,Calumet_LowWaterTemp_65,atomic,[Calumet_LowWaterTemp_65],[1.0000],1,1,1.0000,[[CalumetBeach201509122300_Water_Temperature]]
2025-10-19 13:54:36.613,172.531,Calumet_LowWaterTemp_75,atomic,[Calumet_LowWaterTemp_75],[1.0000],1,1,1.0000,[[CalumetBeach201509122300_Water_Temperature]]
2025-10-19 13:54:36.613,172.531,Calumet_LowWaterTemp_85,atomic,[Calumet_LowWaterTemp_85],[1.0000],1,1,1.0000,[[CalumetBeach201509122300_Water_Temperature]]
2025-10-19 13:54:36.613,172.531,Calumet_LowWaterTemp_95,atomic,[Calumet_LowWaterTemp_95],[1.0000],1,1,1.0000,[[CalumetBeach201509122300_Water_Temperature]]
2025-10-19 13:54:36.801,172.719,Calumet_LowWaterTemp_65,atomic,[Calumet_LowWaterTemp_65],[1.0000],1,1,1.0000,[[CalumetBeach201509130300_Water_Temperature]]
2025-10-19 13:54:36.801,172.719,Calumet_LowWaterTemp_75,atomic,[Calumet_LowWaterTemp_75],[1.0000],1,1,1.0000,[[CalumetBeach201509130300_Water_Temperature]]
2025-10-19 13:54:36.801,172.719,Calumet_LowWaterTemp_85,atomic,[Calumet_LowWaterTemp_85],[1.0000],1,1,1.0000,[[CalumetBeach201509130300_Water_Temperature]]
2025-10-19 13:54:36.801,172.719,Calumet_LowWaterTemp_95,atomic,[Calumet_LowWaterTemp_95],[1.0000],1,1,1.0000,[[CalumetBeach201509130300_Water_Temperature]]
2025-10-19 13:54:36.864,172.782,Calumet_LowWaterTemp_65,atomic,[Calumet_LowWaterTemp_65],[1.0000],1,1,1.0000,[[CalumetBeach201509130400_Water_Temperature]]
2025-10-19 13:54:36.871,172.789,Calumet_LowWaterTemp_75,atomic,[Calumet_LowWaterTemp_75],[1.0000],1,1,1.0000,[[CalumetBeach201509130400_Water_Temperature]]
2025-10-19 13:54:36.871,172.789,Calumet_LowWaterTemp_85,atomic,[Calumet_LowWaterTemp_85],[1.0000],1,1,1.0000,[[CalumetBeach201509130400_Water_Temperature]]
2025-10-19 13:54:36.871,172.789,Calumet_LowWaterTemp_95,atomic,[Calumet_LowWaterTemp_95],[1.0000],1,1,1.0000,[[CalumetBeach201509130400_Water_Temperature]]
2025-10-19 13:54:36.912,172.830,Calumet_LowWaterTemp_65,atomic,[Calumet_LowWaterTemp_65],[1.0000],1,1,1.0000,[[CalumetBeach201509130500_Water_Temperature]]
2025-10-19 13:54:36.912,172.830,Calumet_LowWaterTemp_75,atomic,[Calumet_LowWaterTemp_75],[1.0000],1,1,1.0000,[[CalumetBeach201509130500_Water_Temperature]]
2025-10-19 13:54:36.912,172.830,Calumet_LowWaterTemp_85,atomic,[Calumet_LowWaterTemp_85],[1.0000],1,1,1.0000,[[CalumetBeach201509130500_Water_Temperature]]
2025-10-19 13:54:36.912,172.830,Calumet_LowWaterTemp_95,atomic,[Calumet_LowWaterTemp_95],[1.0000],1,1,1.0000,[[CalumetBeach201509130500_Water_Temperature]]
2025-10-19 13:54:36.992,172.910,Calumet_LowWaterTemp_65,atomic,[Calumet_LowWaterTemp_65],[1.0000],1,1,1.0000,[[CalumetBeach201509130600_Water_Temperature]]
2025-10-19 13:54:36.992,172.910,Calumet_LowWaterTemp_75,atomic,[Calumet_LowWaterTemp_75],[1.0000],1,1,1.0000,[[CalumetBeach201509130600_Water_Temperature]]
2025-10-19 13:54:36.992,172.910,Calumet_LowWaterTemp_85,atomic,[Calumet_LowWaterTemp_85],[1.0000],1,1,1.0000,[[CalumetBeach201509130600_Water_Temperature]]
2025-10-19 13:54:36.992,172.910,Calumet_LowWaterTemp_95,atomic,[Calumet_LowWaterTemp_95],[1.0000],1,1,1.0000,[[CalumetBeach201509130600_Water_Temperature]]
2025-10-19 13:54:37.166,173.084,Calumet_LowWaterTemp_65,atomic,[Calumet_LowWaterTemp_65],[1.0000],1,1,1.0000,[[CalumetBeach201509130900_Water_Temperature]]
2025-10-19 13:54:37.166,173.084,Calumet_LowWaterTemp_75,atomic,[Calumet_LowWaterTemp_75],[1.0000],1,1,1.0000,[[CalumetBeach201509130900_Water_Temperature]]
2025-10-19 13:54:37.166,173.084,Calumet_LowWaterTemp_85,atomic,[Calumet_LowWaterTemp_85],[1.0000],1,1,1.0000,[[CalumetBeach201509130900_Water_Temperature]]
2025-10-19 13:54:37.166,173.084,Calumet_LowWaterTemp_95,atomic,[Calumet_LowWaterTemp_95],[1.0000],1,1,1.0000,[[CalumetBeach201509130900_Water_Temperature]]
2025-10-19 13:54:37.480,173.398,Calumet_LowWaterTemp_65,atomic,[Calumet_LowWaterTemp_65],[1.0000],1,1,1.0000,[[CalumetBeach201509131400_Water_Temperature]]
2025-10-19 13:54:37.481,173.399,Calumet_LowWaterTemp_75,atomic,[Calumet_LowWaterTemp_75],[1.0000],1,1,1.0000,[[CalumetBeach201509131400_Water_Temperature]]
2025-10-19 13:54:37.481,173.399,Calumet_LowWaterTemp_85,atomic,[Calumet_LowWaterTemp_85],[1.0000],1,1,1.0000,[[CalumetBeach201509131400_Water_Temperature]]
2025-10-19 13:54:37.481,173.399,Calumet_LowWaterTemp_95,atomic,[Calumet_LowWaterTemp_95],[1.0000],1,1,1.0000,[[CalumetBeach201509131400_Water_Temperature]]
2025-10-19 13:54:37.617,173.535,Calumet_LowWaterTemp_65,atomic,[Calumet_LowWaterTemp_65],[1.0000],1,1,1.0000,[[CalumetBeach201509131600_Water_Temperature]]
2025-10-19 13:54:37.617,173.535,Calumet_LowWaterTemp_75,atomic,[Calumet_LowWaterTemp_75],[1.0000],1,1,1.0000,[[CalumetBeach201509131600_Water_Temperature]]
2025-10-19 13:54:37.617,173.535,Calumet_LowWaterTemp_85,atomic,[Calumet_LowWaterTemp_85],[1.0000],1,1,1.0000,[[CalumetBeach201509131600_Water_Temperature]]
2025-10-19 13:54:37.617,173.535,Calumet_LowWaterTemp_95,atomic,[Calumet_LowWaterTemp_95],[1.0000],1,1,1.0000,[[CalumetBeach201509131600_Water_Temperature]]
2025-10-19 13:54:37.729,173.647,Calumet_LowWaterTemp_65,atomic,[Calumet_LowWaterTemp_65],[1.0000],1,1,1.0000,[[CalumetBeach201509131800_Water_Temperature]]
2025-10-19 13:54:37.729,173.647,Calumet_LowWaterTemp_75,atomic,[Calumet_LowWaterTemp_75],[1.0000],1,1,1.0000,[[CalumetBeach201509131800_Water_Temperature]]
2025-10-19 13:54:37.729,173.647,Calumet_LowWaterTemp_85,atomic,[Calumet_LowWaterTemp_85],[1.0000],1,1,1.0000,[[CalumetBeach201509131800_Water_Temperature]]
2025-10-19 13:54:37.729,173.647,Calumet_LowWaterTemp_95,atomic,[Calumet_LowWaterTemp_95],[1.0000],1,1,1.0000,[[CalumetBeach201509131800_Water_Temperature]]
2025-10-19 13:54:37.981,173.899,Calumet_LowWaterTemp_65,atomic,[Calumet_LowWaterTemp_65],[1.0000],1,1,1.0000,[[CalumetBeach201509132200_Water_Temperature]]
2025-10-19 13:54:37.981,173.899,Calumet_LowWaterTemp_75,atomic,[Calumet_LowWaterTemp_75],[1.0000],1,1,1.0000,[[CalumetBeach201509132200_Water_Temperature]]
2025-10-19 13:54:37.981,173.899,Calumet_LowWaterTemp_85,atomic,[Calumet_LowWaterTemp_85],[1.0000],1,1,1.0000,[[CalumetBeach201509132200_Water_Temperature]]
2025-10-19 13:54:37.981,173.899,Calumet_LowWaterTemp_95,atomic,[Calumet_LowWaterTemp_95],[1.0000],1,1,1.0000,[[CalumetBeach201509132200_Water_Temperature]]
2025-10-19 13:54:38.369,174.287,Calumet_LowWaterTemp_65,atomic,[Calumet_LowWaterTemp_65],[1.0000],1,1,1.0000,[[CalumetBeach201509140400_Water_Temperature]]
2025-10-19 13:54:38.369,174.287,Calumet_LowWaterTemp_75,atomic,[Calumet_LowWaterTemp_75],[1.0000],1,1,1.0000,[[CalumetBeach201509140400_Water_Temperature]]
2025-10-19 13:54:38.369,174.287,Calumet_LowWaterTemp_85,atomic,[Calumet_LowWaterTemp_85],[1.0000],1,1,1.0000,[[CalumetBeach201509140400_Water_Temperature]]
2025-10-19 13:54:38.369,174.287,Calumet_LowWaterTemp_95,atomic,[Calumet_LowWaterTemp_95],[1.0000],1,1,1.0000,[[CalumetBeach201509140400_Water_Temperature]]
2025-10-19 13:54:38.420,174.338,Calumet_LowWaterTemp_65,atomic,[Calumet_LowWaterTemp_65],[1.0000],1,1,1.0000,[[CalumetBeach201509140500_Water_Temperature]]
2025-10-19 13:54:38.420,174.338,Calumet_LowWaterTemp_75,atomic,[Calumet_LowWaterTemp_75],[1.0000],1,1,1.0000,[[CalumetBeach201509140500_Water_Temperature]]
2025-10-19 13:54:38.420,174.338,Calumet_LowWaterTemp_85,atomic,[Calumet_LowWaterTemp_85],[1.0000],1,1,1.0000,[[CalumetBeach201509140500_Water_Temperature]]
2025-10-19 13:54:38.420,174.338,Calumet_LowWaterTemp_95,atomic,[Calumet_LowWaterTemp_95],[1.0000],1,1,1.0000,[[CalumetBeach201509140500_Water_Temperature]]
2025-10-19 13:54:38.622,174.540,Calumet_LowWaterTemp_65,atomic,[Calumet_LowWaterTemp_65],[1.0000],1,1,1.0000,[[CalumetBeach201509140800_Water_Temperature]]
2025-10-19 13:54:38.622,174.540,Calumet_LowWaterTemp_75,atomic,[Calumet_LowWaterTemp_75],[1.0000],1,1,1.0000,[[CalumetBeach201509140800_Water_Temperature]]
2025-10-19 13:54:38.622,174.540,Calumet_LowWaterTemp_85,atomic,[Calumet_LowWaterTemp_85],[1.0000],1,1,1.0000,[[CalumetBeach201509140800_Water_Temperature]]
2025-10-19 13:54:38.622,174.540,Calumet_LowWaterTemp_95,atomic,[Calumet_LowWaterTemp_95],[1.0000],1,1,1.0000,[[CalumetBeach201509140800_Water_Temperature]]
2025-10-19 13:54:38.856,174.774,Calumet_LowWaterTemp_65,atomic,[Calumet_LowWaterTemp_65],[1.0000],1,1,1.0000,[[CalumetBeach201509141200_Water_Temperature]]
2025-10-19 13:54:38.856,174.774,Calumet_LowWaterTemp_75,atomic,[Calumet_LowWaterTemp_75],[1.0000],1,1,1.0000,[[CalumetBeach201509141200_Water_Temperature]]
2025-10-19 13:54:38.856,174.774,Calumet_LowWaterTemp_85,atomic,[Calumet_LowWaterTemp_85],[1.0000],1,1,1.0000,[[CalumetBeach201509141200_Water_Temperature]]
2025-10-19 13:54:38.856,174.774,Calumet_LowWaterTemp_95,atomic,[Calumet_LowWaterTemp_95],[1.0000],1,1,1.0000,[[CalumetBeach201509141200_Water_Temperature]]
2025-10-19 13:54:39.057,174.975,Calumet_LowWaterTemp_65,atomic,[Calumet_LowWaterTemp_65],[1.0000],1,1,1.0000,[[CalumetBeach201509141500_Water_Temperature]]
2025-10-19 13:54:39.057,174.975,Calumet_LowWaterTemp_75,atomic,[Calumet_LowWaterTemp_75],[1.0000],1,1,1.0000,[[CalumetBeach201509141500_Water_Temperature]]
2025-10-19 13:54:39.057,174.975,Calumet_LowWaterTemp_85,atomic,[Calumet_LowWaterTemp_85],[1.0000],1,1,1.0000,[[CalumetBeach201509141500_Water_Temperature]]
2025-10-19 13:54:39.057,174.975,Calumet_LowWaterTemp_95,atomic,[Calumet_LowWaterTemp_95],[1.0000],1,1,1.0000,[[CalumetBeach201509141500_Water_Temperature]]
2025-10-19 13:54:39.182,175.100,Calumet_LowWaterTemp_65,atomic,[Calumet_LowWaterTemp_65],[1.0000],1,1,1.0000,[[CalumetBeach201509141700_Water_Temperature]]
2025-10-19 13:54:39.182,175.100,Calumet_LowWaterTemp_75,atomic,[Calumet_LowWaterTemp_75],[1.0000],1,1,1.0000,[[CalumetBeach201509141700_Water_Temperature]]
2025-10-19 13:54:39.182,175.100,Calumet_LowWaterTemp_85,atomic,[Calumet_LowWaterTemp_85],[1.0000],1,1,1.0000,[[CalumetBeach201509141700_Water_Temperature]]
2025-10-19 13:54:39.182,175.100,Calumet_LowWaterTemp_95,atomic,[Calumet_LowWaterTemp_95],[1.0000],1,1,1.0000,[[CalumetBeach201509141700_Water_Temperature]]
2025-10-19 13:54:39.355,175.273,Calumet_LowWaterTemp_65,atomic,[Calumet_LowWaterTemp_65],[1.0000],1,1,1.0000,[[CalumetBeach201509142000_Water_Temperature]]
2025-10-19 13:54:39.356,175.274,Calumet_LowWaterTemp_75,atomic,[Calumet_LowWaterTemp_75],[1.0000],1,1,1.0000,[[CalumetBeach201509142000_Water_Temperature]]
2025-10-19 13:54:39.356,175.274,Calumet_LowWaterTemp_85,atomic,[Calumet_LowWaterTemp_85],[1.0000],1,1,1.0000,[[CalumetBeach201509142000_Water_Temperature]]
2025-10-19 13:54:39.356,175.274,Calumet_LowWaterTemp_95,atomic,[Calumet_LowWaterTemp_95],[1.0000],1,1,1.0000,[[CalumetBeach201509142000_Water_Temperature]]
2025-10-19 13:54:39.746,175.664,Calumet_LowWaterTemp_65,atomic,[Calumet_LowWaterTemp_65],[1.0000],1,1,1.0000,[[CalumetBeach201509150200_Water_Temperature]]
2025-10-19 13:54:39.746,175.664,Calumet_LowWaterTemp_75,atomic,[Calumet_LowWaterTemp_75],[1.0000],1,1,1.0000,[[CalumetBeach201509150200_Water_Temperature]]
2025-10-19 13:54:39.746,175.664,Calumet_LowWaterTemp_85,atomic,[Calumet_LowWaterTemp_85],[1.0000],1,1,1.0000,[[CalumetBeach201509150200_Water_Temperature]]
2025-10-19 13:54:39.746,175.664,Calumet_LowWaterTemp_95,atomic,[Calumet_LowWaterTemp_95],[1.0000],1,1,1.0000,[[CalumetBeach201509150200_Water_Temperature]]
2025-10-19 13:54:40.046,175.964,Calumet_LowWaterTemp_65,atomic,[Calumet_LowWaterTemp_65],[1.0000],1,1,1.0000,[[CalumetBeach201509150700_Water_Temperature]]
2025-10-19 13:54:40.047,175.965,Calumet_LowWaterTemp_75,atomic,[Calumet_LowWaterTemp_75],[1.0000],1,1,1.0000,[[CalumetBeach201509150700_Water_Temperature]]
2025-10-19 13:54:40.047,175.965,Calumet_LowWaterTemp_85,atomic,[Calumet_LowWaterTemp_85],[1.0000],1,1,1.0000,[[CalumetBeach201509150700_Water_Temperature]]
2025-10-19 13:54:40.047,175.965,Calumet_LowWaterTemp_95,atomic,[Calumet_LowWaterTemp_95],[1.0000],1,1,1.0000,[[CalumetBeach201509150700_Water_Temperature]]
2025-10-19 13:54:40.431,176.349,Calumet_LowWaterTemp_65,atomic,[Calumet_LowWaterTemp_65],[1.0000],1,1,1.0000,[[CalumetBeach201509151300_Water_Temperature]]
2025-10-19 13:54:40.431,176.349,Calumet_LowWaterTemp_75,atomic,[Calumet_LowWaterTemp_75],[1.0000],1,1,1.0000,[[CalumetBeach201509151300_Water_Temperature]]
2025-10-19 13:54:40.431,176.349,Calumet_LowWaterTemp_85,atomic,[Calumet_LowWaterTemp_85],[1.0000],1,1,1.0000,[[CalumetBeach201509151300_Water_Temperature]]
2025-10-19 13:54:40.432,176.350,Calumet_LowWaterTemp_95,atomic,[Calumet_LowWaterTemp_95],[1.0000],1,1,1.0000,[[CalumetBeach201509151300_Water_Temperature]]
2025-10-19 13:54:40.555,176.473,Calumet_LowWaterTemp_65,atomic,[Calumet_LowWaterTemp_65],[1.0000],1,1,1.0000,[[CalumetBeach201509151500_Water_Temperature]]
2025-10-19 13:54:40.556,176.474,Calumet_LowWaterTemp_75,atomic,[Calumet_LowWaterTemp_75],[1.0000],1,1,1.0000,[[CalumetBeach201509151500_Water_Temperature]]
2025-10-19 13:54:40.556,176.474,Calumet_LowWaterTemp_85,atomic,[Calumet_LowWaterTemp_85],[1.0000],1,1,1.0000,[[CalumetBeach201509151500_Water_Temperature]]
2025-10-19 13:54:40.556,176.474,Calumet_LowWaterTemp_95,atomic,[Calumet_LowWaterTemp_95],[1.0000],1,1,1.0000,[[CalumetBeach201509151500_Water_Temperature]]
2025-10-19 13:54:40.793,176.711,Calumet_LowWaterTemp_65,atomic,[Calumet_LowWaterTemp_65],[1.0000],1,1,1.0000,[[CalumetBeach201509151900_Water_Temperature]]
2025-10-19 13:54:40.793,176.711,Calumet_LowWaterTemp_75,atomic,[Calumet_LowWaterTemp_75],[1.0000],1,1,1.0000,[[CalumetBeach201509151900_Water_Temperature]]
2025-10-19 13:54:40.793,176.711,Calumet_LowWaterTemp_85,atomic,[Calumet_LowWaterTemp_85],[1.0000],1,1,1.0000,[[CalumetBeach201509151900_Water_Temperature]]
2025-10-19 13:54:40.793,176.711,Calumet_LowWaterTemp_95,atomic,[Calumet_LowWaterTemp_95],[1.0000],1,1,1.0000,[[CalumetBeach201509151900_Water_Temperature]]
2025-10-19 13:54:41.244,177.162,Calumet_LowWaterTemp_65,atomic,[Calumet_LowWaterTemp_65],[1.0000],1,1,1.0000,[[CalumetBeach201509160200_Water_Temperature]]
2025-10-19 13:54:41.245,177.163,Calumet_LowWaterTemp_75,atomic,[Calumet_LowWaterTemp_75],[1.0000],1,1,1.0000,[[CalumetBeach201509160200_Water_Temperature]]
2025-10-19 13:54:41.245,177.163,Calumet_LowWaterTemp_85,atomic,[Calumet_LowWaterTemp_85],[1.0000],1,1,1.0000,[[CalumetBeach201509160200_Water_Temperature]]
2025-10-19 13:54:41.245,177.163,Calumet_LowWaterTemp_95,atomic,[Calumet_LowWaterTemp_95],[1.0000],1,1,1.0000,[[CalumetBeach201509160200_Water_Temperature]]
2025-10-19 13:54:41.668,177.586,Calumet_LowWaterTemp_65,atomic,[Calumet_LowWaterTemp_65],[1.0000],1,1,1.0000,[[CalumetBeach201509160900_Water_Temperature]]
2025-10-19 13:54:41.668,177.586,Calumet_LowWaterTemp_75,atomic,[Calumet_LowWaterTemp_75],[1.0000],1,1,1.0000,[[CalumetBeach201509160900_Water_Temperature]]
2025-10-19 13:54:41.669,177.587,Calumet_LowWaterTemp_85,atomic,[Calumet_LowWaterTemp_85],[1.0000],1,1,1.0000,[[CalumetBeach201509160900_Water_Temperature]]
2025-10-19 13:54:41.669,177.587,Calumet_LowWaterTemp_95,atomic,[Calumet_LowWaterTemp_95],[1.0000],1,1,1.0000,[[CalumetBeach201509160900_Water_Temperature]]
2025-10-19 13:54:41.748,177.666,Calumet_LowWaterTemp_65,atomic,[Calumet_LowWaterTemp_65],[1.0000],1,1,1.0000,[[CalumetBeach201509161000_Water_Temperature]]
2025-10-19 13:54:41.749,177.667,Calumet_LowWaterTemp_75,atomic,[Calumet_LowWaterTemp_75],[1.0000],1,1,1.0000,[[CalumetBeach201509161000_Water_Temperature]]
2025-10-19 13:54:41.749,177.667,Calumet_LowWaterTemp_85,atomic,[Calumet_LowWaterTemp_85],[1.0000],1,1,1.0000,[[CalumetBeach201509161000_Water_Temperature]]
2025-10-19 13:54:41.749,177.667,Calumet_LowWaterTemp_95,atomic,[Calumet_LowWaterTemp_95],[1.0000],1,1,1.0000,[[CalumetBeach201509161000_Water_Temperature]]
2025-10-19 13:54:41.996,177.914,Calumet_LowWaterTemp_65,atomic,[Calumet_LowWaterTemp_65],[1.0000],1,1,1.0000,[[CalumetBeach201509161400_Water_Temperature]]
2025-10-19 13:54:41.996,177.914,Calumet_LowWaterTemp_75,atomic,[Calumet_LowWaterTemp_75],[1.0000],1,1,1.0000,[[CalumetBeach201509161400_Water_Temperature]]
2025-10-19 13:54:41.996,177.914,Calumet_LowWaterTemp_85,atomic,[Calumet_LowWaterTemp_85],[1.0000],1,1,1.0000,[[CalumetBeach201509161400_Water_Temperature]]
2025-10-19 13:54:41.996,177.914,Calumet_LowWaterTemp_95,atomic,[Calumet_LowWaterTemp_95],[1.0000],1,1,1.0000,[[CalumetBeach201509161400_Water_Temperature]]
2025-10-19 13:54:42.790,178.708,Calumet_LowWaterTemp_65,atomic,[Calumet_LowWaterTemp_65],[1.0000],1,1,1.0000,[[CalumetBeach201509170600_Water_Temperature]]
2025-10-19 13:54:42.790,178.708,Calumet_LowWaterTemp_75,atomic,[Calumet_LowWaterTemp_75],[1.0000],1,1,1.0000,[[CalumetBeach201509170600_Water_Temperature]]
2025-10-19 13:54:42.790,178.708,Calumet_LowWaterTemp_85,atomic,[Calumet_LowWaterTemp_85],[1.0000],1,1,1.0000,[[CalumetBeach201509170600_Water_Temperature]]
2025-10-19 13:54:42.790,178.708,Calumet_LowWaterTemp_95,atomic,[Calumet_LowWaterTemp_95],[1.0000],1,1,1.0000,[[CalumetBeach201509170600_Water_Temperature]]
2025-10-19 13:54:43.053,178.971,Calumet_LowWaterTemp_65,atomic,[Calumet_LowWaterTemp_65],[1.0000],1,1,1.0000,[[CalumetBeach201509171000_Water_Temperature]]
2025-10-19 13:54:43.053,178.971,Calumet_LowWaterTemp_75,atomic,[Calumet_LowWaterTemp_75],[1.0000],1,1,1.0000,[[CalumetBeach201509171000_Water_Temperature]]
2025-10-19 13:54:43.053,178.971,Calumet_LowWaterTemp_85,atomic,[Calumet_LowWaterTemp_85],[1.0000],1,1,1.0000,[[CalumetBeach201509171000_Water_Temperature]]
2025-10-19 13:54:43.053,178.971,Calumet_LowWaterTemp_95,atomic,[Calumet_LowWaterTemp_95],[1.0000],1,1,1.0000,[[CalumetBeach201509171000_Water_Temperature]]
2025-10-19 13:54:43.239,179.157,Calumet_LowWaterTemp_65,atomic,[Calumet_LowWaterTemp_65],[1.0000],1,1,1.0000,[[CalumetBeach201509171300_Water_Temperature]]
2025-10-19 13:54:43.239,179.157,Calumet_LowWaterTemp_75,atomic,[Calumet_LowWaterTemp_75],[1.0000],1,1,1.0000,[[CalumetBeach201509171300_Water_Temperature]]
2025-10-19 13:54:43.239,179.157,Calumet_LowWaterTemp_85,atomic,[Calumet_LowWaterTemp_85],[1.0000],1,1,1.0000,[[CalumetBeach201509171300_Water_Temperature]]
2025-10-19 13:54:43.239,179.157,Calumet_LowWaterTemp_95,atomic,[Calumet_LowWaterTemp_95],[1.0000],1,1,1.0000,[[CalumetBeach201509171300_Water_Temperature]]
2025-10-19 13:54:43.349,179.267,Calumet_LowWaterTemp_65,atomic,[Calumet_LowWaterTemp_65],[1.0000],1,1,1.0000,[[CalumetBeach201509171500_Water_Temperature]]
2025-10-19 13:54:43.349,179.267,Calumet_LowWaterTemp_75,atomic,[Calumet_LowWaterTemp_75],[1.0000],1,1,1.0000,[[CalumetBeach201509171500_Water_Temperature]]
2025-10-19 13:54:43.349,179.267,Calumet_LowWaterTemp_85,atomic,[Calumet_LowWaterTemp_85],[1.0000],1,1,1.0000,[[CalumetBeach201509171500_Water_Temperature]]
2025-10-19 13:54:43.349,179.267,Calumet_LowWaterTemp_95,atomic,[Calumet_LowWaterTemp_95],[1.0000],1,1,1.0000,[[CalumetBeach201509171500_Water_Temperature]]
2025-10-19 13:54:43.426,179.344,Calumet_LowWaterTemp_65,atomic,[Calumet_LowWaterTemp_65],[1.0000],1,1,1.0000,[[CalumetBeach201509171600_Water_Temperature]]
2025-10-19 13:54:43.426,179.344,Calumet_LowWaterTemp_75,atomic,[Calumet_LowWaterTemp_75],[1.0000],1,1,1.0000,[[CalumetBeach201509171600_Water_Temperature]]
2025-10-19 13:54:43.426,179.344,Calumet_LowWaterTemp_85,atomic,[Calumet_LowWaterTemp_85],[1.0000],1,1,1.0000,[[CalumetBeach201509171600_Water_Temperature]]
2025-10-19 13:54:43.426,179.344,Calumet_LowWaterTemp_95,atomic,[Calumet_LowWaterTemp_95],[1.0000],1,1,1.0000,[[CalumetBeach201509171600_Water_Temperature]]
2025-10-19 13:54:43.727,179.645,Calumet_LowWaterTemp_65,atomic,[Calumet_LowWaterTemp_65],[1.0000],1,1,1.0000,[[CalumetBeach201509172100_Water_Temperature]]
2025-10-19 13:54:43.728,179.646,Calumet_LowWaterTemp_75,atomic,[Calumet_LowWaterTemp_75],[1.0000],1,1,1.0000,[[CalumetBeach201509172100_Water_Temperature]]
2025-10-19 13:54:43.728,179.646,Calumet_LowWaterTemp_85,atomic,[Calumet_LowWaterTemp_85],[1.0000],1,1,1.0000,[[CalumetBeach201509172100_Water_Temperature]]
2025-10-19 13:54:43.728,179.646,Calumet_LowWaterTemp_95,atomic,[Calumet_LowWaterTemp_95],[1.0000],1,1,1.0000,[[CalumetBeach201509172100_Water_Temperature]]
2025-10-19 13:54:43.790,179.708,Calumet_LowWaterTemp_65,atomic,[Calumet_LowWaterTemp_65],[1.0000],1,1,1.0000,[[CalumetBeach201509180100_Water_Temperature]]
2025-10-19 13:54:43.790,179.708,Calumet_LowWaterTemp_75,atomic,[Calumet_LowWaterTemp_75],[1.0000],1,1,1.0000,[[CalumetBeach201509180100_Water_Temperature]]
2025-10-19 13:54:43.790,179.708,Calumet_LowWaterTemp_85,atomic,[Calumet_LowWaterTemp_85],[1.0000],1,1,1.0000,[[CalumetBeach201509180100_Water_Temperature]]
2025-10-19 13:54:43.790,179.708,Calumet_LowWaterTemp_95,atomic,[Calumet_LowWaterTemp_95],[1.0000],1,1,1.0000,[[CalumetBeach201509180100_Water_Temperature]]
2025-10-19 13:54:44.375,180.293,Calumet_LowWaterTemp_65,atomic,[Calumet_LowWaterTemp_65],[1.0000],1,1,1.0000,[[CalumetBeach201509181100_Water_Temperature]]
2025-10-19 13:54:44.375,180.293,Calumet_LowWaterTemp_75,atomic,[Calumet_LowWaterTemp_75],[1.0000],1,1,1.0000,[[CalumetBeach201509181100_Water_Temperature]]
2025-10-19 13:54:44.375,180.293,Calumet_LowWaterTemp_85,atomic,[Calumet_LowWaterTemp_85],[1.0000],1,1,1.0000,[[CalumetBeach201509181100_Water_Temperature]]
2025-10-19 13:54:44.375,180.293,Calumet_LowWaterTemp_95,atomic,[Calumet_LowWaterTemp_95],[1.0000],1,1,1.0000,[[CalumetBeach201509181100_Water_Temperature]]
2025-10-19 13:54:44.471,180.389,Calumet_LowWaterTemp_65,atomic,[Calumet_LowWaterTemp_65],[1.0000],1,1,1.0000,[[CalumetBeach201509181300_Water_Temperature]]
2025-10-19 13:54:44.471,180.389,Calumet_LowWaterTemp_75,atomic,[Calumet_LowWaterTemp_75],[1.0000],1,1,1.0000,[[CalumetBeach201509181300_Water_Temperature]]
2025-10-19 13:54:44.471,180.389,Calumet_LowWaterTemp_85,atomic,[Calumet_LowWaterTemp_85],[1.0000],1,1,1.0000,[[CalumetBeach201509181300_Water_Temperature]]
2025-10-19 13:54:44.471,180.389,Calumet_LowWaterTemp_95,atomic,[Calumet_LowWaterTemp_95],[1.0000],1,1,1.0000,[[CalumetBeach201509181300_Water_Temperature]]
2025-10-19 13:54:44.719,180.637,Calumet_LowWaterTemp_65,atomic,[Calumet_LowWaterTemp_65],[1.0000],1,1,1.0000,[[CalumetBeach201509181700_Water_Temperature]]
2025-10-19 13:54:44.719,180.637,Calumet_LowWaterTemp_75,atomic,[Calumet_LowWaterTemp_75],[1.0000],1,1,1.0000,[[CalumetBeach201509181700_Water_Temperature]]
2025-10-19 13:54:44.719,180.637,Calumet_LowWaterTemp_85,atomic,[Calumet_LowWaterTemp_85],[1.0000],1,1,1.0000,[[CalumetBeach201509181700_Water_Temperature]]
2025-10-19 13:54:44.720,180.638,Calumet_LowWaterTemp_95,atomic,[Calumet_LowWaterTemp_95],[1.0000],1,1,1.0000,[[CalumetBeach201509181700_Water_Temperature]]
2025-10-19 13:54:44.911,180.829,Calumet_LowWaterTemp_65,atomic,[Calumet_LowWaterTemp_65],[1.0000],1,1,1.0000,[[CalumetBeach201509182000_Water_Temperature]]
2025-10-19 13:54:44.911,180.829,Calumet_LowWaterTemp_75,atomic,[Calumet_LowWaterTemp_75],[1.0000],1,1,1.0000,[[CalumetBeach201509182000_Water_Temperature]]
2025-10-19 13:54:44.911,180.829,Calumet_LowWaterTemp_85,atomic,[Calumet_LowWaterTemp_85],[1.0000],1,1,1.0000,[[CalumetBeach201509182000_Water_Temperature]]
2025-10-19 13:54:44.911,180.829,Calumet_LowWaterTemp_95,atomic,[Calumet_LowWaterTemp_95],[1.0000],1,1,1.0000,[[CalumetBeach201509182000_Water_Temperature]]
2025-10-19 13:54:44.960,180.878,Calumet_LowWaterTemp_65,atomic,[Calumet_LowWaterTemp_65],[1.0000],1,1,1.0000,[[CalumetBeach201509182100_Water_Temperature]]
2025-10-19 13:54:44.961,180.879,Calumet_LowWaterTemp_75,atomic,[Calumet_LowWaterTemp_75],[1.0000],1,1,1.0000,[[CalumetBeach201509182100_Water_Temperature]]
2025-10-19 13:54:44.961,180.879,Calumet_LowWaterTemp_85,atomic,[Calumet_LowWaterTemp_85],[1.0000],1,1,1.0000,[[CalumetBeach201509182100_Water_Temperature]]
2025-10-19 13:54:44.961,180.879,Calumet_LowWaterTemp_95,atomic,[Calumet_LowWaterTemp_95],[1.0000],1,1,1.0000,[[CalumetBeach201509182100_Water_Temperature]]
2025-10-19 13:54:45.082,181.000,Calumet_LowWaterTemp_65,atomic,[Calumet_LowWaterTemp_65],[1.0000],1,1,1.0000,[[CalumetBeach201509182300_Water_Temperature]]
2025-10-19 13:54:45.082,181.000,Calumet_LowWaterTemp_75,atomic,[Calumet_LowWaterTemp_75],[1.0000],1,1,1.0000,[[CalumetBeach201509182300_Water_Temperature]]
2025-10-19 13:54:45.082,181.000,Calumet_LowWaterTemp_85,atomic,[Calumet_LowWaterTemp_85],[1.0000],1,1,1.0000,[[CalumetBeach201509182300_Water_Temperature]]
2025-10-19 13:54:45.082,181.000,Calumet_LowWaterTemp_95,atomic,[Calumet_LowWaterTemp_95],[1.0000],1,1,1.0000,[[CalumetBeach201509182300_Water_Temperature]]
2025-10-19 13:54:45.832,181.750,Calumet_LowWaterTemp_65,atomic,[Calumet_LowWaterTemp_65],[1.0000],1,1,1.0000,[[CalumetBeach201509191100_Water_Temperature]]
2025-10-19 13:54:45.832,181.750,Calumet_LowWaterTemp_75,atomic,[Calumet_LowWaterTemp_75],[1.0000],1,1,1.0000,[[CalumetBeach201509191100_Water_Temperature]]
2025-10-19 13:54:45.832,181.750,Calumet_LowWaterTemp_85,atomic,[Calumet_LowWaterTemp_85],[1.0000],1,1,1.0000,[[CalumetBeach201509191100_Water_Temperature]]
2025-10-19 13:54:45.832,181.750,Calumet_LowWaterTemp_95,atomic,[Calumet_LowWaterTemp_95],[1.0000],1,1,1.0000,[[CalumetBeach201509191100_Water_Temperature]]
2025-10-19 13:54:46.151,182.069,Calumet_LowWaterTemp_65,atomic,[Calumet_LowWaterTemp_65],[1.0000],1,1,1.0000,[[CalumetBeach201509191600_Water_Temperature]]
2025-10-19 13:54:46.151,182.069,Calumet_LowWaterTemp_75,atomic,[Calumet_LowWaterTemp_75],[1.0000],1,1,1.0000,[[CalumetBeach201509191600_Water_Temperature]]
2025-10-19 13:54:46.151,182.069,Calumet_LowWaterTemp_85,atomic,[Calumet_LowWaterTemp_85],[1.0000],1,1,1.0000,[[CalumetBeach201509191600_Water_Temperature]]
2025-10-19 13:54:46.151,182.069,Calumet_LowWaterTemp_95,atomic,[Calumet_LowWaterTemp_95],[1.0000],1,1,1.0000,[[CalumetBeach201509191600_Water_Temperature]]
2025-10-19 13:54:46.223,182.141,Calumet_LowWaterTemp_65,atomic,[Calumet_LowWaterTemp_65],[1.0000],1,1,1.0000,[[CalumetBeach201509191700_Water_Temperature]]
2025-10-19 13:54:46.223,182.141,Calumet_LowWaterTemp_75,atomic,[Calumet_LowWaterTemp_75],[1.0000],1,1,1.0000,[[CalumetBeach201509191700_Water_Temperature]]
2025-10-19 13:54:46.223,182.141,Calumet_LowWaterTemp_85,atomic,[Calumet_LowWaterTemp_85],[1.0000],1,1,1.0000,[[CalumetBeach201509191700_Water_Temperature]]
2025-10-19 13:54:46.223,182.141,Calumet_LowWaterTemp_95,atomic,[Calumet_LowWaterTemp_95],[1.0000],1,1,1.0000,[[CalumetBeach201509191700_Water_Temperature]]
2025-10-19 13:54:46.334,182.252,Calumet_LowWaterTemp_65,atomic,[Calumet_LowWaterTemp_65],[1.0000],1,1,1.0000,[[CalumetBeach201509192200_Water_Temperature]]
2025-10-19 13:54:46.334,182.252,Calumet_LowWaterTemp_75,atomic,[Calumet_LowWaterTemp_75],[1.0000],1,1,1.0000,[[CalumetBeach201509192200_Water_Temperature]]
2025-10-19 13:54:46.334,182.252,Calumet_LowWaterTemp_85,atomic,[Calumet_LowWaterTemp_85],[1.0000],1,1,1.0000,[[CalumetBeach201509192200_Water_Temperature]]
2025-10-19 13:54:46.334,182.252,Calumet_LowWaterTemp_95,atomic,[Calumet_LowWaterTemp_95],[1.0000],1,1,1.0000,[[CalumetBeach201509192200_Water_Temperature]]
2025-10-19 13:54:46.409,182.327,Calumet_LowWaterTemp_65,atomic,[Calumet_LowWaterTemp_65],[1.0000],1,1,1.0000,[[CalumetBeach201509192300_Water_Temperature]]
2025-10-19 13:54:46.409,182.327,Calumet_LowWaterTemp_75,atomic,[Calumet_LowWaterTemp_75],[1.0000],1,1,1.0000,[[CalumetBeach201509192300_Water_Temperature]]
2025-10-19 13:54:46.409,182.327,Calumet_LowWaterTemp_85,atomic,[Calumet_LowWaterTemp_85],[1.0000],1,1,1.0000,[[CalumetBeach201509192300_Water_Temperature]]
2025-10-19 13:54:46.409,182.327,Calumet_LowWaterTemp_95,atomic,[Calumet_LowWaterTemp_95],[1.0000],1,1,1.0000,[[CalumetBeach201509192300_Water_Temperature]]
2025-10-19 13:54:46.523,182.441,Calumet_LowWaterTemp_65,atomic,[Calumet_LowWaterTemp_65],[1.0000],1,1,1.0000,[[CalumetBeach201509200200_Water_Temperature]]
2025-10-19 13:54:46.523,182.441,Calumet_LowWaterTemp_75,atomic,[Calumet_LowWaterTemp_75],[1.0000],1,1,1.0000,[[CalumetBeach201509200200_Water_Temperature]]
2025-10-19 13:54:46.523,182.441,Calumet_LowWaterTemp_85,atomic,[Calumet_LowWaterTemp_85],[1.0000],1,1,1.0000,[[CalumetBeach201509200200_Water_Temperature]]
2025-10-19 13:54:46.523,182.441,Calumet_LowWaterTemp_95,atomic,[Calumet_LowWaterTemp_95],[1.0000],1,1,1.0000,[[CalumetBeach201509200200_Water_Temperature]]
2025-10-19 13:54:46.974,182.892,Calumet_LowWaterTemp_65,atomic,[Calumet_LowWaterTemp_65],[1.0000],1,1,1.0000,[[CalumetBeach201509200900_Water_Temperature]]
2025-10-19 13:54:46.974,182.892,Calumet_LowWaterTemp_75,atomic,[Calumet_LowWaterTemp_75],[1.0000],1,1,1.0000,[[CalumetBeach201509200900_Water_Temperature]]
2025-10-19 13:54:46.974,182.892,Calumet_LowWaterTemp_85,atomic,[Calumet_LowWaterTemp_85],[1.0000],1,1,1.0000,[[CalumetBeach201509200900_Water_Temperature]]
2025-10-19 13:54:46.974,182.892,Calumet_LowWaterTemp_95,atomic,[Calumet_LowWaterTemp_95],[1.0000],1,1,1.0000,[[CalumetBeach201509200900_Water_Temperature]]
2025-10-19 13:54:47.086,183.004,Calumet_LowWaterTemp_65,atomic,[Calumet_LowWaterTemp_65],[1.0000],1,1,1.0000,[[CalumetBeach201509201100_Water_Temperature]]
2025-10-19 13:54:47.086,183.004,Calumet_LowWaterTemp_75,atomic,[Calumet_LowWaterTemp_75],[1.0000],1,1,1.0000,[[CalumetBeach201509201100_Water_Temperature]]
2025-10-19 13:54:47.086,183.004,Calumet_LowWaterTemp_85,atomic,[Calumet_LowWaterTemp_85],[1.0000],1,1,1.0000,[[CalumetBeach201509201100_Water_Temperature]]
2025-10-19 13:54:47.086,183.004,Calumet_LowWaterTemp_95,atomic,[Calumet_LowWaterTemp_95],[1.0000],1,1,1.0000,[[CalumetBeach201509201100_Water_Temperature]]
2025-10-19 13:54:47.901,183.819,Calumet_LowWaterTemp_65,atomic,[Calumet_LowWaterTemp_65],[1.0000],1,1,1.0000,[[CalumetBeach201509212400_Water_Temperature]]
2025-10-19 13:54:47.901,183.819,Calumet_LowWaterTemp_75,atomic,[Calumet_LowWaterTemp_75],[1.0000],1,1,1.0000,[[CalumetBeach201509212400_Water_Temperature]]
2025-10-19 13:54:47.901,183.819,Calumet_LowWaterTemp_85,atomic,[Calumet_LowWaterTemp_85],[1.0000],1,1,1.0000,[[CalumetBeach201509212400_Water_Temperature]]
2025-10-19 13:54:47.901,183.819,Calumet_LowWaterTemp_95,atomic,[Calumet_LowWaterTemp_95],[1.0000],1,1,1.0000,[[CalumetBeach201509212400_Water_Temperature]]
2025-10-19 13:54:47.901,183.819,Calumet_HighTurbidity_65,atomic,[Calumet_HighTurbidity_65],[1.0000],1,1,1.0000,[[CalumetBeach201509212400_Turbidity]]
2025-10-19 13:54:47.902,183.820,Calumet_HighTurbidity_75,atomic,[Calumet_HighTurbidity_75],[1.0000],1,1,1.0000,[[CalumetBeach201509212400_Turbidity]]
2025-10-19 13:54:47.902,183.820,Calumet_HighTurbidity_85,atomic,[Calumet_HighTurbidity_85],[1.0000],1,1,1.0000,[[CalumetBeach201509212400_Turbidity]]
2025-10-19 13:54:47.902,183.820,Calumet_HighTurbidity_95,atomic,[Calumet_HighTurbidity_95],[1.0000],1,1,1.0000,[[CalumetBeach201509212400_Turbidity]]
2025-10-19 13:54:47.902,183.820,Calumet_LocalAlert_65,complex,[Calumet_HighTurbidity_65;Calumet_LowWaterTemp_65],[1.0000;1.0000],2,2,1.0000,[[CalumetBeach201509212400_Turbidity];[CalumetBeach201509191600_Water_Temperature]]
2025-10-19 13:54:47.903,183.821,Calumet_LocalAlert_75,complex,[Calumet_HighTurbidity_75;Calumet_LowWaterTemp_75],[1.0000;1.0000],2,2,1.0000,[[CalumetBeach201509212400_Turbidity];[CalumetBeach201509191600_Water_Temperature]]
2025-10-19 13:54:47.903,183.821,Calumet_LocalAlert_85,complex,[Calumet_HighTurbidity_85;Calumet_LowWaterTemp_85],[1.0000;1.0000],2,2,1.0000,[[CalumetBeach201509212400_Turbidity];[CalumetBeach201509191600_Water_Temperature]]
2025-10-19 13:54:47.903,183.821,Calumet_LocalAlert_95,complex,[Calumet_HighTurbidity_95;Calumet_LowWaterTemp_95],[1.0000;1.0000],2,2,1.0000,[[CalumetBeach201509212400_Turbidity];[CalumetBeach201509191600_Water_Temperature]]
2025-10-19 13:54:48.101,184.019,Calumet_LowWaterTemp_65,atomic,[Calumet_LowWaterTemp_65],[1.0000],1,1,1.0000,[[CalumetBeach201509210300_Water_Temperature]]
2025-10-19 13:54:48.101,184.019,Calumet_LowWaterTemp_75,atomic,[Calumet_LowWaterTemp_75],[1.0000],1,1,1.0000,[[CalumetBeach201509210300_Water_Temperature]]
2025-10-19 13:54:48.101,184.019,Calumet_LowWaterTemp_85,atomic,[Calumet_LowWaterTemp_85],[1.0000],1,1,1.0000,[[CalumetBeach201509210300_Water_Temperature]]
2025-10-19 13:54:48.101,184.019,Calumet_LowWaterTemp_95,atomic,[Calumet_LowWaterTemp_95],[1.0000],1,1,1.0000,[[CalumetBeach201509210300_Water_Temperature]]
2025-10-19 13:54:48.102,184.020,Calumet_HighTurbidity_65,atomic,[Calumet_HighTurbidity_65],[1.0000],1,1,1.0000,[[CalumetBeach201509210300_Turbidity]]
2025-10-19 13:54:48.102,184.020,Calumet_HighTurbidity_75,atomic,[Calumet_HighTurbidity_75],[1.0000],1,1,1.0000,[[CalumetBeach201509210300_Turbidity]]
2025-10-19 13:54:48.102,184.020,Calumet_HighTurbidity_85,atomic,[Calumet_HighTurbidity_85],[1.0000],1,1,1.0000,[[CalumetBeach201509210300_Turbidity]]
2025-10-19 13:54:48.102,184.020,Calumet_HighTurbidity_95,atomic,[Calumet_HighTurbidity_95],[1.0000],1,1,1.0000,[[CalumetBeach201509210300_Turbidity]]
2025-10-19 13:54:48.103,184.021,Calumet_LocalAlert_65,complex,[Calumet_HighTurbidity_65;Calumet_LowWaterTemp_65],[1.0000;1.0000],2,2,1.0000,[[CalumetBeach201509210300_Turbidity];[CalumetBeach201509210300_Water_Temperature]]
2025-10-19 13:54:48.103,184.021,Calumet_LocalAlert_75,complex,[Calumet_HighTurbidity_75;Calumet_LowWaterTemp_75],[1.0000;1.0000],2,2,1.0000,[[CalumetBeach201509210300_Turbidity];[CalumetBeach201509210300_Water_Temperature]]
2025-10-19 13:54:48.103,184.021,Calumet_LocalAlert_85,complex,[Calumet_HighTurbidity_85;Calumet_LowWaterTemp_85],[1.0000;1.0000],2,2,1.0000,[[CalumetBeach201509210300_Turbidity];[CalumetBeach201509210300_Water_Temperature]]
2025-10-19 13:54:48.103,184.021,Calumet_LocalAlert_95,complex,[Calumet_HighTurbidity_95;Calumet_LowWaterTemp_95],[1.0000;1.0000],2,2,1.0000,[[CalumetBeach201509210300_Turbidity];[CalumetBeach201509210300_Water_Temperature]]
2025-10-19 13:54:48.148,184.066,Calumet_LowWaterTemp_65,atomic,[Calumet_LowWaterTemp_65],[1.0000],1,1,1.0000,[[CalumetBeach201509210400_Water_Temperature]]
2025-10-19 13:54:48.149,184.067,Calumet_LowWaterTemp_75,atomic,[Calumet_LowWaterTemp_75],[1.0000],1,1,1.0000,[[CalumetBeach201509210400_Water_Temperature]]
2025-10-19 13:54:48.149,184.067,Calumet_LowWaterTemp_85,atomic,[Calumet_LowWaterTemp_85],[1.0000],1,1,1.0000,[[CalumetBeach201509210400_Water_Temperature]]
2025-10-19 13:54:48.149,184.067,Calumet_LowWaterTemp_95,atomic,[Calumet_LowWaterTemp_95],[1.0000],1,1,1.0000,[[CalumetBeach201509210400_Water_Temperature]]
2025-10-19 13:54:48.353,184.271,Calumet_LowWaterTemp_65,atomic,[Calumet_LowWaterTemp_65],[1.0000],1,1,1.0000,[[CalumetBeach201509210700_Water_Temperature]]
2025-10-19 13:54:48.353,184.271,Calumet_LowWaterTemp_75,atomic,[Calumet_LowWaterTemp_75],[1.0000],1,1,1.0000,[[CalumetBeach201509210700_Water_Temperature]]
2025-10-19 13:54:48.354,184.272,Calumet_LowWaterTemp_85,atomic,[Calumet_LowWaterTemp_85],[1.0000],1,1,1.0000,[[CalumetBeach201509210700_Water_Temperature]]
2025-10-19 13:54:48.354,184.272,Calumet_LowWaterTemp_95,atomic,[Calumet_LowWaterTemp_95],[1.0000],1,1,1.0000,[[CalumetBeach201509210700_Water_Temperature]]
2025-10-19 13:54:48.730,184.648,Calumet_LowWaterTemp_65,atomic,[Calumet_LowWaterTemp_65],[1.0000],1,1,1.0000,[[CalumetBeach201509211300_Water_Temperature]]
2025-10-19 13:54:48.730,184.648,Calumet_LowWaterTemp_75,atomic,[Calumet_LowWaterTemp_75],[1.0000],1,1,1.0000,[[CalumetBeach201509211300_Water_Temperature]]
2025-10-19 13:54:48.730,184.648,Calumet_LowWaterTemp_85,atomic,[Calumet_LowWaterTemp_85],[1.0000],1,1,1.0000,[[CalumetBeach201509211300_Water_Temperature]]
2025-10-19 13:54:48.730,184.648,Calumet_LowWaterTemp_95,atomic,[Calumet_LowWaterTemp_95],[1.0000],1,1,1.0000,[[CalumetBeach201509211300_Water_Temperature]]
2025-10-19 13:54:48.979,184.897,Calumet_LowWaterTemp_65,atomic,[Calumet_LowWaterTemp_65],[1.0000],1,1,1.0000,[[CalumetBeach201509211700_Water_Temperature]]
2025-10-19 13:54:48.979,184.897,Calumet_LowWaterTemp_75,atomic,[Calumet_LowWaterTemp_75],[1.0000],1,1,1.0000,[[CalumetBeach201509211700_Water_Temperature]]
2025-10-19 13:54:48.979,184.897,Calumet_LowWaterTemp_85,atomic,[Calumet_LowWaterTemp_85],[1.0000],1,1,1.0000,[[CalumetBeach201509211700_Water_Temperature]]
2025-10-19 13:54:48.979,184.897,Calumet_LowWaterTemp_95,atomic,[Calumet_LowWaterTemp_95],[1.0000],1,1,1.0000,[[CalumetBeach201509211700_Water_Temperature]]
2025-10-19 13:54:49.030,184.948,Calumet_LowWaterTemp_65,atomic,[Calumet_LowWaterTemp_65],[1.0000],1,1,1.0000,[[CalumetBeach201509211800_Water_Temperature]]
2025-10-19 13:54:49.030,184.948,Calumet_LowWaterTemp_75,atomic,[Calumet_LowWaterTemp_75],[1.0000],1,1,1.0000,[[CalumetBeach201509211800_Water_Temperature]]
2025-10-19 13:54:49.030,184.948,Calumet_LowWaterTemp_85,atomic,[Calumet_LowWaterTemp_85],[1.0000],1,1,1.0000,[[CalumetBeach201509211800_Water_Temperature]]
2025-10-19 13:54:49.030,184.948,Calumet_LowWaterTemp_95,atomic,[Calumet_LowWaterTemp_95],[1.0000],1,1,1.0000,[[CalumetBeach201509211800_Water_Temperature]]
2025-10-19 13:54:49.167,185.085,Calumet_LowWaterTemp_65,atomic,[Calumet_LowWaterTemp_65],[1.0000],1,1,1.0000,[[CalumetBeach201509212000_Water_Temperature]]
2025-10-19 13:54:49.167,185.085,Calumet_LowWaterTemp_75,atomic,[Calumet_LowWaterTemp_75],[1.0000],1,1,1.0000,[[CalumetBeach201509212000_Water_Temperature]]
2025-10-19 13:54:49.167,185.085,Calumet_LowWaterTemp_85,atomic,[Calumet_LowWaterTemp_85],[1.0000],1,1,1.0000,[[CalumetBeach201509212000_Water_Temperature]]
2025-10-19 13:54:49.167,185.085,Calumet_LowWaterTemp_95,atomic,[Calumet_LowWaterTemp_95],[1.0000],1,1,1.0000,[[CalumetBeach201509212000_Water_Temperature]]
2025-10-19 13:54:49.591,185.509,Calumet_LowWaterTemp_65,atomic,[Calumet_LowWaterTemp_65],[1.0000],1,1,1.0000,[[CalumetBeach201509220300_Water_Temperature]]
2025-10-19 13:54:49.592,185.510,Calumet_LowWaterTemp_75,atomic,[Calumet_LowWaterTemp_75],[1.0000],1,1,1.0000,[[CalumetBeach201509220300_Water_Temperature]]
2025-10-19 13:54:49.592,185.510,Calumet_LowWaterTemp_85,atomic,[Calumet_LowWaterTemp_85],[1.0000],1,1,1.0000,[[CalumetBeach201509220300_Water_Temperature]]
2025-10-19 13:54:49.592,185.510,Calumet_LowWaterTemp_95,atomic,[Calumet_LowWaterTemp_95],[1.0000],1,1,1.0000,[[CalumetBeach201509220300_Water_Temperature]]
2025-10-19 13:54:50.605,186.523,Calumet_LowWaterTemp_65,atomic,[Calumet_LowWaterTemp_65],[1.0000],1,1,1.0000,[[CalumetBeach201509221900_Water_Temperature]]
2025-10-19 13:54:50.605,186.523,Calumet_LowWaterTemp_75,atomic,[Calumet_LowWaterTemp_75],[1.0000],1,1,1.0000,[[CalumetBeach201509221900_Water_Temperature]]
2025-10-19 13:54:50.605,186.523,Calumet_LowWaterTemp_85,atomic,[Calumet_LowWaterTemp_85],[1.0000],1,1,1.0000,[[CalumetBeach201509221900_Water_Temperature]]
2025-10-19 13:54:50.606,186.524,Calumet_LowWaterTemp_95,atomic,[Calumet_LowWaterTemp_95],[1.0000],1,1,1.0000,[[CalumetBeach201509221900_Water_Temperature]]
2025-10-19 13:54:50.966,186.884,Calumet_LowWaterTemp_65,atomic,[Calumet_LowWaterTemp_65],[1.0000],1,1,1.0000,[[CalumetBeach201509230100_Water_Temperature]]
2025-10-19 13:54:50.967,186.885,Calumet_LowWaterTemp_75,atomic,[Calumet_LowWaterTemp_75],[1.0000],1,1,1.0000,[[CalumetBeach201509230100_Water_Temperature]]
2025-10-19 13:54:50.967,186.885,Calumet_LowWaterTemp_85,atomic,[Calumet_LowWaterTemp_85],[1.0000],1,1,1.0000,[[CalumetBeach201509230100_Water_Temperature]]
2025-10-19 13:54:50.967,186.885,Calumet_LowWaterTemp_95,atomic,[Calumet_LowWaterTemp_95],[1.0000],1,1,1.0000,[[CalumetBeach201509230100_Water_Temperature]]
2025-10-19 13:54:51.107,187.025,Calumet_LowWaterTemp_65,atomic,[Calumet_LowWaterTemp_65],[1.0000],1,1,1.0000,[[CalumetBeach201509230300_Water_Temperature]]
2025-10-19 13:54:51.107,187.025,Calumet_LowWaterTemp_75,atomic,[Calumet_LowWaterTemp_75],[1.0000],1,1,1.0000,[[CalumetBeach201509230300_Water_Temperature]]
2025-10-19 13:54:51.108,187.026,Calumet_LowWaterTemp_85,atomic,[Calumet_LowWaterTemp_85],[1.0000],1,1,1.0000,[[CalumetBeach201509230300_Water_Temperature]]
2025-10-19 13:54:51.108,187.026,Calumet_LowWaterTemp_95,atomic,[Calumet_LowWaterTemp_95],[1.0000],1,1,1.0000,[[CalumetBeach201509230300_Water_Temperature]]
2025-10-19 13:54:51.360,187.278,Calumet_LowWaterTemp_65,atomic,[Calumet_LowWaterTemp_65],[1.0000],1,1,1.0000,[[CalumetBeach201509230700_Water_Temperature]]
2025-10-19 13:54:51.360,187.278,Calumet_LowWaterTemp_75,atomic,[Calumet_LowWaterTemp_75],[1.0000],1,1,1.0000,[[CalumetBeach201509230700_Water_Temperature]]
2025-10-19 13:54:51.360,187.278,Calumet_LowWaterTemp_85,atomic,[Calumet_LowWaterTemp_85],[1.0000],1,1,1.0000,[[CalumetBeach201509230700_Water_Temperature]]
2025-10-19 13:54:51.360,187.278,Calumet_LowWaterTemp_95,atomic,[Calumet_LowWaterTemp_95],[1.0000],1,1,1.0000,[[CalumetBeach201509230700_Water_Temperature]]
2025-10-19 13:54:51.610,187.528,Calumet_LowWaterTemp_65,atomic,[Calumet_LowWaterTemp_65],[1.0000],1,1,1.0000,[[CalumetBeach201509231100_Water_Temperature]]
2025-10-19 13:54:51.610,187.528,Calumet_LowWaterTemp_75,atomic,[Calumet_LowWaterTemp_75],[1.0000],1,1,1.0000,[[CalumetBeach201509231100_Water_Temperature]]
2025-10-19 13:54:51.610,187.528,Calumet_LowWaterTemp_85,atomic,[Calumet_LowWaterTemp_85],[1.0000],1,1,1.0000,[[CalumetBeach201509231100_Water_Temperature]]
2025-10-19 13:54:51.610,187.528,Calumet_LowWaterTemp_95,atomic,[Calumet_LowWaterTemp_95],[1.0000],1,1,1.0000,[[CalumetBeach201509231100_Water_Temperature]]
2025-10-19 13:54:52.046,187.964,Calumet_LowWaterTemp_65,atomic,[Calumet_LowWaterTemp_65],[1.0000],1,1,1.0000,[[CalumetBeach201509231800_Water_Temperature]]
2025-10-19 13:54:52.046,187.964,Calumet_LowWaterTemp_75,atomic,[Calumet_LowWaterTemp_75],[1.0000],1,1,1.0000,[[CalumetBeach201509231800_Water_Temperature]]
2025-10-19 13:54:52.046,187.964,Calumet_LowWaterTemp_85,atomic,[Calumet_LowWaterTemp_85],[1.0000],1,1,1.0000,[[CalumetBeach201509231800_Water_Temperature]]
2025-10-19 13:54:52.046,187.964,Calumet_LowWaterTemp_95,atomic,[Calumet_LowWaterTemp_95],[1.0000],1,1,1.0000,[[CalumetBeach201509231800_Water_Temperature]]
2025-10-19 13:54:52.108,188.026,Calumet_LowWaterTemp_65,atomic,[Calumet_LowWaterTemp_65],[1.0000],1,1,1.0000,[[CalumetBeach201509231900_Water_Temperature]]
2025-10-19 13:54:52.108,188.026,Calumet_LowWaterTemp_75,atomic,[Calumet_LowWaterTemp_75],[1.0000],1,1,1.0000,[[CalumetBeach201509231900_Water_Temperature]]
2025-10-19 13:54:52.108,188.026,Calumet_LowWaterTemp_85,atomic,[Calumet_LowWaterTemp_85],[1.0000],1,1,1.0000,[[CalumetBeach201509231900_Water_Temperature]]
2025-10-19 13:54:52.108,188.026,Calumet_LowWaterTemp_95,atomic,[Calumet_LowWaterTemp_95],[1.0000],1,1,1.0000,[[CalumetBeach201509231900_Water_Temperature]]
2025-10-19 13:54:52.170,188.088,Calumet_LowWaterTemp_65,atomic,[Calumet_LowWaterTemp_65],[1.0000],1,1,1.0000,[[CalumetBeach201509232000_Water_Temperature]]
2025-10-19 13:54:52.170,188.088,Calumet_LowWaterTemp_75,atomic,[Calumet_LowWaterTemp_75],[1.0000],1,1,1.0000,[[CalumetBeach201509232000_Water_Temperature]]
2025-10-19 13:54:52.170,188.088,Calumet_LowWaterTemp_85,atomic,[Calumet_LowWaterTemp_85],[1.0000],1,1,1.0000,[[CalumetBeach201509232000_Water_Temperature]]
2025-10-19 13:54:52.170,188.088,Calumet_LowWaterTemp_95,atomic,[Calumet_LowWaterTemp_95],[1.0000],1,1,1.0000,[[CalumetBeach201509232000_Water_Temperature]]
2025-10-19 13:54:52.547,188.465,Calumet_LowWaterTemp_65,atomic,[Calumet_LowWaterTemp_65],[1.0000],1,1,1.0000,[[CalumetBeach201509240200_Water_Temperature]]
2025-10-19 13:54:52.547,188.465,Calumet_LowWaterTemp_75,atomic,[Calumet_LowWaterTemp_75],[1.0000],1,1,1.0000,[[CalumetBeach201509240200_Water_Temperature]]
2025-10-19 13:54:52.547,188.465,Calumet_LowWaterTemp_85,atomic,[Calumet_LowWaterTemp_85],[1.0000],1,1,1.0000,[[CalumetBeach201509240200_Water_Temperature]]
2025-10-19 13:54:52.547,188.465,Calumet_LowWaterTemp_95,atomic,[Calumet_LowWaterTemp_95],[1.0000],1,1,1.0000,[[CalumetBeach201509240200_Water_Temperature]]
2025-10-19 13:54:52.609,188.527,Calumet_LowWaterTemp_65,atomic,[Calumet_LowWaterTemp_65],[1.0000],1,1,1.0000,[[CalumetBeach201509240300_Water_Temperature]]
2025-10-19 13:54:52.609,188.527,Calumet_LowWaterTemp_75,atomic,[Calumet_LowWaterTemp_75],[1.0000],1,1,1.0000,[[CalumetBeach201509240300_Water_Temperature]]
2025-10-19 13:54:52.609,188.527,Calumet_LowWaterTemp_85,atomic,[Calumet_LowWaterTemp_85],[1.0000],1,1,1.0000,[[CalumetBeach201509240300_Water_Temperature]]
2025-10-19 13:54:52.610,188.528,Calumet_LowWaterTemp_95,atomic,[Calumet_LowWaterTemp_95],[1.0000],1,1,1.0000,[[CalumetBeach201509240300_Water_Temperature]]
2025-10-19 13:54:52.798,188.716,Calumet_LowWaterTemp_65,atomic,[Calumet_LowWaterTemp_65],[1.0000],1,1,1.0000,[[CalumetBeach201509240600_Water_Temperature]]
2025-10-19 13:54:52.798,188.716,Calumet_LowWaterTemp_75,atomic,[Calumet_LowWaterTemp_75],[1.0000],1,1,1.0000,[[CalumetBeach201509240600_Water_Temperature]]
2025-10-19 13:54:52.798,188.716,Calumet_LowWaterTemp_85,atomic,[Calumet_LowWaterTemp_85],[1.0000],1,1,1.0000,[[CalumetBeach201509240600_Water_Temperature]]
2025-10-19 13:54:52.798,188.716,Calumet_LowWaterTemp_95,atomic,[Calumet_LowWaterTemp_95],[1.0000],1,1,1.0000,[[CalumetBeach201509240600_Water_Temperature]]
2025-10-19 13:54:53.175,189.093,Calumet_LowWaterTemp_65,atomic,[Calumet_LowWaterTemp_65],[1.0000],1,1,1.0000,[[CalumetBeach201509241300_Water_Temperature]]
2025-10-19 13:54:53.175,189.093,Calumet_LowWaterTemp_75,atomic,[Calumet_LowWaterTemp_75],[1.0000],1,1,1.0000,[[CalumetBeach201509241300_Water_Temperature]]
2025-10-19 13:54:53.175,189.093,Calumet_LowWaterTemp_85,atomic,[Calumet_LowWaterTemp_85],[1.0000],1,1,1.0000,[[CalumetBeach201509241300_Water_Temperature]]
2025-10-19 13:54:53.175,189.093,Calumet_LowWaterTemp_95,atomic,[Calumet_LowWaterTemp_95],[1.0000],1,1,1.0000,[[CalumetBeach201509241300_Water_Temperature]]
2025-10-19 13:54:53.298,189.216,Calumet_LowWaterTemp_65,atomic,[Calumet_LowWaterTemp_65],[1.0000],1,1,1.0000,[[CalumetBeach201509241500_Water_Temperature]]
2025-10-19 13:54:53.298,189.216,Calumet_LowWaterTemp_75,atomic,[Calumet_LowWaterTemp_75],[1.0000],1,1,1.0000,[[CalumetBeach201509241500_Water_Temperature]]
2025-10-19 13:54:53.298,189.216,Calumet_LowWaterTemp_85,atomic,[Calumet_LowWaterTemp_85],[1.0000],1,1,1.0000,[[CalumetBeach201509241500_Water_Temperature]]
2025-10-19 13:54:53.298,189.216,Calumet_LowWaterTemp_95,atomic,[Calumet_LowWaterTemp_95],[1.0000],1,1,1.0000,[[CalumetBeach201509241500_Water_Temperature]]
2025-10-19 13:54:53.847,189.765,Calumet_LowWaterTemp_65,atomic,[Calumet_LowWaterTemp_65],[1.0000],1,1,1.0000,[[CalumetBeach201509252400_Water_Temperature]]
2025-10-19 13:54:53.847,189.765,Calumet_LowWaterTemp_75,atomic,[Calumet_LowWaterTemp_75],[1.0000],1,1,1.0000,[[CalumetBeach201509252400_Water_Temperature]]
2025-10-19 13:54:53.847,189.765,Calumet_LowWaterTemp_85,atomic,[Calumet_LowWaterTemp_85],[1.0000],1,1,1.0000,[[CalumetBeach201509252400_Water_Temperature]]
2025-10-19 13:54:53.847,189.765,Calumet_LowWaterTemp_95,atomic,[Calumet_LowWaterTemp_95],[1.0000],1,1,1.0000,[[CalumetBeach201509252400_Water_Temperature]]
2025-10-19 13:54:54.422,190.340,Calumet_LowWaterTemp_65,atomic,[Calumet_LowWaterTemp_65],[1.0000],1,1,1.0000,[[CalumetBeach201509250900_Water_Temperature]]
2025-10-19 13:54:54.422,190.340,Calumet_LowWaterTemp_75,atomic,[Calumet_LowWaterTemp_75],[1.0000],1,1,1.0000,[[CalumetBeach201509250900_Water_Temperature]]
2025-10-19 13:54:54.422,190.340,Calumet_LowWaterTemp_85,atomic,[Calumet_LowWaterTemp_85],[1.0000],1,1,1.0000,[[CalumetBeach201509250900_Water_Temperature]]
2025-10-19 13:54:54.422,190.340,Calumet_LowWaterTemp_95,atomic,[Calumet_LowWaterTemp_95],[1.0000],1,1,1.0000,[[CalumetBeach201509250900_Water_Temperature]]
2025-10-19 13:54:54.923,190.841,Calumet_LowWaterTemp_65,atomic,[Calumet_LowWaterTemp_65],[1.0000],1,1,1.0000,[[CalumetBeach201509251700_Water_Temperature]]
2025-10-19 13:54:54.923,190.841,Calumet_LowWaterTemp_75,atomic,[Calumet_LowWaterTemp_75],[1.0000],1,1,1.0000,[[CalumetBeach201509251700_Water_Temperature]]
2025-10-19 13:54:54.924,190.842,Calumet_LowWaterTemp_85,atomic,[Calumet_LowWaterTemp_85],[1.0000],1,1,1.0000,[[CalumetBeach201509251700_Water_Temperature]]
2025-10-19 13:54:54.924,190.842,Calumet_LowWaterTemp_95,atomic,[Calumet_LowWaterTemp_95],[1.0000],1,1,1.0000,[[CalumetBeach201509251700_Water_Temperature]]
2025-10-19 13:54:55.159,191.077,Calumet_LowWaterTemp_65,atomic,[Calumet_LowWaterTemp_65],[1.0000],1,1,1.0000,[[CalumetBeach201509252100_Water_Temperature]]
2025-10-19 13:54:55.159,191.077,Calumet_LowWaterTemp_75,atomic,[Calumet_LowWaterTemp_75],[1.0000],1,1,1.0000,[[CalumetBeach201509252100_Water_Temperature]]
2025-10-19 13:54:55.159,191.077,Calumet_LowWaterTemp_85,atomic,[Calumet_LowWaterTemp_85],[1.0000],1,1,1.0000,[[CalumetBeach201509252100_Water_Temperature]]
2025-10-19 13:54:55.159,191.077,Calumet_LowWaterTemp_95,atomic,[Calumet_LowWaterTemp_95],[1.0000],1,1,1.0000,[[CalumetBeach201509252100_Water_Temperature]]
2025-10-19 13:54:55.240,191.158,Calumet_LowWaterTemp_65,atomic,[Calumet_LowWaterTemp_65],[1.0000],1,1,1.0000,[[CalumetBeach201509252200_Water_Temperature]]
2025-10-19 13:54:55.240,191.158,Calumet_LowWaterTemp_75,atomic,[Calumet_LowWaterTemp_75],[1.0000],1,1,1.0000,[[CalumetBeach201509252200_Water_Temperature]]
2025-10-19 13:54:55.240,191.158,Calumet_LowWaterTemp_85,atomic,[Calumet_LowWaterTemp_85],[1.0000],1,1,1.0000,[[CalumetBeach201509252200_Water_Temperature]]
2025-10-19 13:54:55.240,191.158,Calumet_LowWaterTemp_95,atomic,[Calumet_LowWaterTemp_95],[1.0000],1,1,1.0000,[[CalumetBeach201509252200_Water_Temperature]]
2025-10-19 13:54:55.348,191.266,Calumet_LowWaterTemp_65,atomic,[Calumet_LowWaterTemp_65],[1.0000],1,1,1.0000,[[CalumetBeach201509262400_Water_Temperature]]
2025-10-19 13:54:55.348,191.266,Calumet_LowWaterTemp_75,atomic,[Calumet_LowWaterTemp_75],[1.0000],1,1,1.0000,[[CalumetBeach201509262400_Water_Temperature]]
2025-10-19 13:54:55.348,191.266,Calumet_LowWaterTemp_85,atomic,[Calumet_LowWaterTemp_85],[1.0000],1,1,1.0000,[[CalumetBeach201509262400_Water_Temperature]]
2025-10-19 13:54:55.348,191.266,Calumet_LowWaterTemp_95,atomic,[Calumet_LowWaterTemp_95],[1.0000],1,1,1.0000,[[CalumetBeach201509262400_Water_Temperature]]
2025-10-19 13:54:55.423,191.341,Calumet_LowWaterTemp_65,atomic,[Calumet_LowWaterTemp_65],[1.0000],1,1,1.0000,[[CalumetBeach201509260100_Water_Temperature]]
2025-10-19 13:54:55.424,191.342,Calumet_LowWaterTemp_75,atomic,[Calumet_LowWaterTemp_75],[1.0000],1,1,1.0000,[[CalumetBeach201509260100_Water_Temperature]]
2025-10-19 13:54:55.424,191.342,Calumet_LowWaterTemp_85,atomic,[Calumet_LowWaterTemp_85],[1.0000],1,1,1.0000,[[CalumetBeach201509260100_Water_Temperature]]
2025-10-19 13:54:55.424,191.342,Calumet_LowWaterTemp_95,atomic,[Calumet_LowWaterTemp_95],[1.0000],1,1,1.0000,[[CalumetBeach201509260100_Water_Temperature]]
2025-10-19 13:54:55.488,191.406,Calumet_LowWaterTemp_65,atomic,[Calumet_LowWaterTemp_65],[1.0000],1,1,1.0000,[[CalumetBeach201509260200_Water_Temperature]]
2025-10-19 13:54:55.488,191.406,Calumet_LowWaterTemp_75,atomic,[Calumet_LowWaterTemp_75],[1.0000],1,1,1.0000,[[CalumetBeach201509260200_Water_Temperature]]
2025-10-19 13:54:55.488,191.406,Calumet_LowWaterTemp_85,atomic,[Calumet_LowWaterTemp_85],[1.0000],1,1,1.0000,[[CalumetBeach201509260200_Water_Temperature]]
2025-10-19 13:54:55.488,191.406,Calumet_LowWaterTemp_95,atomic,[Calumet_LowWaterTemp_95],[1.0000],1,1,1.0000,[[CalumetBeach201509260200_Water_Temperature]]
2025-10-19 13:54:55.596,191.514,Calumet_LowWaterTemp_65,atomic,[Calumet_LowWaterTemp_65],[1.0000],1,1,1.0000,[[CalumetBeach201509260400_Water_Temperature]]
2025-10-19 13:54:55.597,191.515,Calumet_LowWaterTemp_75,atomic,[Calumet_LowWaterTemp_75],[1.0000],1,1,1.0000,[[CalumetBeach201509260400_Water_Temperature]]
2025-10-19 13:54:55.597,191.515,Calumet_LowWaterTemp_85,atomic,[Calumet_LowWaterTemp_85],[1.0000],1,1,1.0000,[[CalumetBeach201509260400_Water_Temperature]]
2025-10-19 13:54:55.597,191.515,Calumet_LowWaterTemp_95,atomic,[Calumet_LowWaterTemp_95],[1.0000],1,1,1.0000,[[CalumetBeach201509260400_Water_Temperature]]
2025-10-19 13:54:56.100,192.018,Calumet_LowWaterTemp_65,atomic,[Calumet_LowWaterTemp_65],[1.0000],1,1,1.0000,[[CalumetBeach201509261200_Water_Temperature]]
2025-10-19 13:54:56.100,192.018,Calumet_LowWaterTemp_75,atomic,[Calumet_LowWaterTemp_75],[1.0000],1,1,1.0000,[[CalumetBeach201509261200_Water_Temperature]]
2025-10-19 13:54:56.100,192.018,Calumet_LowWaterTemp_85,atomic,[Calumet_LowWaterTemp_85],[1.0000],1,1,1.0000,[[CalumetBeach201509261200_Water_Temperature]]
2025-10-19 13:54:56.100,192.018,Calumet_LowWaterTemp_95,atomic,[Calumet_LowWaterTemp_95],[1.0000],1,1,1.0000,[[CalumetBeach201509261200_Water_Temperature]]
2025-10-19 13:54:56.162,192.080,Calumet_LowWaterTemp_65,atomic,[Calumet_LowWaterTemp_65],[1.0000],1,1,1.0000,[[CalumetBeach201509261300_Water_Temperature]]
2025-10-19 13:54:56.162,192.080,Calumet_LowWaterTemp_75,atomic,[Calumet_LowWaterTemp_75],[1.0000],1,1,1.0000,[[CalumetBeach201509261300_Water_Temperature]]
2025-10-19 13:54:56.162,192.080,Calumet_LowWaterTemp_85,atomic,[Calumet_LowWaterTemp_85],[1.0000],1,1,1.0000,[[CalumetBeach201509261300_Water_Temperature]]
2025-10-19 13:54:56.162,192.080,Calumet_LowWaterTemp_95,atomic,[Calumet_LowWaterTemp_95],[1.0000],1,1,1.0000,[[CalumetBeach201509261300_Water_Temperature]]
2025-10-19 13:54:56.222,192.140,Calumet_LowWaterTemp_65,atomic,[Calumet_LowWaterTemp_65],[1.0000],1,1,1.0000,[[CalumetBeach201509261400_Water_Temperature]]
2025-10-19 13:54:56.222,192.140,Calumet_LowWaterTemp_75,atomic,[Calumet_LowWaterTemp_75],[1.0000],1,1,1.0000,[[CalumetBeach201509261400_Water_Temperature]]
2025-10-19 13:54:56.222,192.140,Calumet_LowWaterTemp_85,atomic,[Calumet_LowWaterTemp_85],[1.0000],1,1,1.0000,[[CalumetBeach201509261400_Water_Temperature]]
2025-10-19 13:54:56.222,192.140,Calumet_LowWaterTemp_95,atomic,[Calumet_LowWaterTemp_95],[1.0000],1,1,1.0000,[[CalumetBeach201509261400_Water_Temperature]]
2025-10-19 13:54:56.347,192.265,Calumet_LowWaterTemp_65,atomic,[Calumet_LowWaterTemp_65],[1.0000],1,1,1.0000,[[CalumetBeach201509261600_Water_Temperature]]
2025-10-19 13:54:56.347,192.265,Calumet_LowWaterTemp_75,atomic,[Calumet_LowWaterTemp_75],[1.0000],1,1,1.0000,[[CalumetBeach201509261600_Water_Temperature]]
2025-10-19 13:54:56.347,192.265,Calumet_LowWaterTemp_85,atomic,[Calumet_LowWaterTemp_85],[1.0000],1,1,1.0000,[[CalumetBeach201509261600_Water_Temperature]]
2025-10-19 13:54:56.347,192.265,Calumet_LowWaterTemp_95,atomic,[Calumet_LowWaterTemp_95],[1.0000],1,1,1.0000,[[CalumetBeach201509261600_Water_Temperature]]
2025-10-19 13:54:56.610,192.528,Calumet_LowWaterTemp_65,atomic,[Calumet_LowWaterTemp_65],[1.0000],1,1,1.0000,[[CalumetBeach201509262000_Water_Temperature]]
2025-10-19 13:54:56.611,192.529,Calumet_LowWaterTemp_75,atomic,[Calumet_LowWaterTemp_75],[1.0000],1,1,1.0000,[[CalumetBeach201509262000_Water_Temperature]]
2025-10-19 13:54:56.611,192.529,Calumet_LowWaterTemp_85,atomic,[Calumet_LowWaterTemp_85],[1.0000],1,1,1.0000,[[CalumetBeach201509262000_Water_Temperature]]
2025-10-19 13:54:56.611,192.529,Calumet_LowWaterTemp_95,atomic,[Calumet_LowWaterTemp_95],[1.0000],1,1,1.0000,[[CalumetBeach201509262000_Water_Temperature]]
2025-10-19 13:54:56.670,192.588,Calumet_LowWaterTemp_65,atomic,[Calumet_LowWaterTemp_65],[1.0000],1,1,1.0000,[[CalumetBeach201509262100_Water_Temperature]]
2025-10-19 13:54:56.671,192.589,Calumet_LowWaterTemp_75,atomic,[Calumet_LowWaterTemp_75],[1.0000],1,1,1.0000,[[CalumetBeach201509262100_Water_Temperature]]
2025-10-19 13:54:56.671,192.589,Calumet_LowWaterTemp_85,atomic,[Calumet_LowWaterTemp_85],[1.0000],1,1,1.0000,[[CalumetBeach201509262100_Water_Temperature]]
2025-10-19 13:54:56.671,192.589,Calumet_LowWaterTemp_95,atomic,[Calumet_LowWaterTemp_95],[1.0000],1,1,1.0000,[[CalumetBeach201509262100_Water_Temperature]]
2025-10-19 13:54:57.390,193.308,Calumet_LowWaterTemp_65,atomic,[Calumet_LowWaterTemp_65],[1.0000],1,1,1.0000,[[CalumetBeach201509270900_Water_Temperature]]
2025-10-19 13:54:57.390,193.308,Calumet_LowWaterTemp_75,atomic,[Calumet_LowWaterTemp_75],[1.0000],1,1,1.0000,[[CalumetBeach201509270900_Water_Temperature]]
2025-10-19 13:54:57.390,193.308,Calumet_LowWaterTemp_85,atomic,[Calumet_LowWaterTemp_85],[1.0000],1,1,1.0000,[[CalumetBeach201509270900_Water_Temperature]]
2025-10-19 13:54:57.390,193.308,Calumet_LowWaterTemp_95,atomic,[Calumet_LowWaterTemp_95],[1.0000],1,1,1.0000,[[CalumetBeach201509270900_Water_Temperature]]
2025-10-19 13:54:57.642,193.560,Calumet_LowWaterTemp_65,atomic,[Calumet_LowWaterTemp_65],[1.0000],1,1,1.0000,[[CalumetBeach201509271300_Water_Temperature]]
2025-10-19 13:54:57.642,193.560,Calumet_LowWaterTemp_75,atomic,[Calumet_LowWaterTemp_75],[1.0000],1,1,1.0000,[[CalumetBeach201509271300_Water_Temperature]]
2025-10-19 13:54:57.642,193.560,Calumet_LowWaterTemp_85,atomic,[Calumet_LowWaterTemp_85],[1.0000],1,1,1.0000,[[CalumetBeach201509271300_Water_Temperature]]
2025-10-19 13:54:57.642,193.560,Calumet_LowWaterTemp_95,atomic,[Calumet_LowWaterTemp_95],[1.0000],1,1,1.0000,[[CalumetBeach201509271300_Water_Temperature]]
2025-10-19 13:54:57.706,193.624,Calumet_LowWaterTemp_65,atomic,[Calumet_LowWaterTemp_65],[1.0000],1,1,1.0000,[[CalumetBeach201509271400_Water_Temperature]]
2025-10-19 13:54:57.706,193.624,Calumet_LowWaterTemp_75,atomic,[Calumet_LowWaterTemp_75],[1.0000],1,1,1.0000,[[CalumetBeach201509271400_Water_Temperature]]
2025-10-19 13:54:57.706,193.624,Calumet_LowWaterTemp_85,atomic,[Calumet_LowWaterTemp_85],[1.0000],1,1,1.0000,[[CalumetBeach201509271400_Water_Temperature]]
2025-10-19 13:54:57.706,193.624,Calumet_LowWaterTemp_95,atomic,[Calumet_LowWaterTemp_95],[1.0000],1,1,1.0000,[[CalumetBeach201509271400_Water_Temperature]]
2025-10-19 13:54:57.909,193.827,Calumet_LowWaterTemp_65,atomic,[Calumet_LowWaterTemp_65],[1.0000],1,1,1.0000,[[CalumetBeach201509271700_Water_Temperature]]
2025-10-19 13:54:57.909,193.827,Calumet_LowWaterTemp_75,atomic,[Calumet_LowWaterTemp_75],[1.0000],1,1,1.0000,[[CalumetBeach201509271700_Water_Temperature]]
2025-10-19 13:54:57.909,193.827,Calumet_LowWaterTemp_85,atomic,[Calumet_LowWaterTemp_85],[1.0000],1,1,1.0000,[[CalumetBeach201509271700_Water_Temperature]]
2025-10-19 13:54:57.909,193.827,Calumet_LowWaterTemp_95,atomic,[Calumet_LowWaterTemp_95],[1.0000],1,1,1.0000,[[CalumetBeach201509271700_Water_Temperature]]
2025-10-19 13:54:57.961,193.879,Calumet_LowWaterTemp_65,atomic,[Calumet_LowWaterTemp_65],[1.0000],1,1,1.0000,[[CalumetBeach201509271800_Water_Temperature]]
2025-10-19 13:54:57.961,193.879,Calumet_LowWaterTemp_75,atomic,[Calumet_LowWaterTemp_75],[1.0000],1,1,1.0000,[[CalumetBeach201509271800_Water_Temperature]]
2025-10-19 13:54:57.961,193.879,Calumet_LowWaterTemp_85,atomic,[Calumet_LowWaterTemp_85],[1.0000],1,1,1.0000,[[CalumetBeach201509271800_Water_Temperature]]
2025-10-19 13:54:57.961,193.879,Calumet_LowWaterTemp_95,atomic,[Calumet_LowWaterTemp_95],[1.0000],1,1,1.0000,[[CalumetBeach201509271800_Water_Temperature]]
2025-10-19 13:54:58.286,194.204,Calumet_LowWaterTemp_65,atomic,[Calumet_LowWaterTemp_65],[1.0000],1,1,1.0000,[[CalumetBeach201509272300_Water_Temperature]]
2025-10-19 13:54:58.286,194.204,Calumet_LowWaterTemp_75,atomic,[Calumet_LowWaterTemp_75],[1.0000],1,1,1.0000,[[CalumetBeach201509272300_Water_Temperature]]
2025-10-19 13:54:58.286,194.204,Calumet_LowWaterTemp_85,atomic,[Calumet_LowWaterTemp_85],[1.0000],1,1,1.0000,[[CalumetBeach201509272300_Water_Temperature]]
2025-10-19 13:54:58.286,194.204,Calumet_LowWaterTemp_95,atomic,[Calumet_LowWaterTemp_95],[1.0000],1,1,1.0000,[[CalumetBeach201509272300_Water_Temperature]]
2025-10-19 13:54:58.461,194.379,Calumet_LowWaterTemp_65,atomic,[Calumet_LowWaterTemp_65],[1.0000],1,1,1.0000,[[CalumetBeach201509280200_Water_Temperature]]
2025-10-19 13:54:58.461,194.379,Calumet_LowWaterTemp_75,atomic,[Calumet_LowWaterTemp_75],[1.0000],1,1,1.0000,[[CalumetBeach201509280200_Water_Temperature]]
2025-10-19 13:54:58.462,194.380,Calumet_LowWaterTemp_85,atomic,[Calumet_LowWaterTemp_85],[1.0000],1,1,1.0000,[[CalumetBeach201509280200_Water_Temperature]]
2025-10-19 13:54:58.462,194.380,Calumet_LowWaterTemp_95,atomic,[Calumet_LowWaterTemp_95],[1.0000],1,1,1.0000,[[CalumetBeach201509280200_Water_Temperature]]
2025-10-19 13:54:58.660,194.578,Calumet_LowWaterTemp_65,atomic,[Calumet_LowWaterTemp_65],[1.0000],1,1,1.0000,[[CalumetBeach201509280500_Water_Temperature]]
2025-10-19 13:54:58.660,194.578,Calumet_LowWaterTemp_75,atomic,[Calumet_LowWaterTemp_75],[1.0000],1,1,1.0000,[[CalumetBeach201509280500_Water_Temperature]]
2025-10-19 13:54:58.660,194.578,Calumet_LowWaterTemp_85,atomic,[Calumet_LowWaterTemp_85],[1.0000],1,1,1.0000,[[CalumetBeach201509280500_Water_Temperature]]
2025-10-19 13:54:58.660,194.578,Calumet_LowWaterTemp_95,atomic,[Calumet_LowWaterTemp_95],[1.0000],1,1,1.0000,[[CalumetBeach201509280500_Water_Temperature]]
2025-10-19 13:54:59.158,195.076,Calumet_LowWaterTemp_65,atomic,[Calumet_LowWaterTemp_65],[1.0000],1,1,1.0000,[[CalumetBeach201509281300_Water_Temperature]]
2025-10-19 13:54:59.158,195.076,Calumet_LowWaterTemp_75,atomic,[Calumet_LowWaterTemp_75],[1.0000],1,1,1.0000,[[CalumetBeach201509281300_Water_Temperature]]
2025-10-19 13:54:59.158,195.076,Calumet_LowWaterTemp_85,atomic,[Calumet_LowWaterTemp_85],[1.0000],1,1,1.0000,[[CalumetBeach201509281300_Water_Temperature]]
2025-10-19 13:54:59.158,195.076,Calumet_LowWaterTemp_95,atomic,[Calumet_LowWaterTemp_95],[1.0000],1,1,1.0000,[[CalumetBeach201509281300_Water_Temperature]]
2025-10-19 13:54:59.297,195.215,Calumet_LowWaterTemp_65,atomic,[Calumet_LowWaterTemp_65],[1.0000],1,1,1.0000,[[CalumetBeach201509281500_Water_Temperature]]
2025-10-19 13:54:59.297,195.215,Calumet_LowWaterTemp_75,atomic,[Calumet_LowWaterTemp_75],[1.0000],1,1,1.0000,[[CalumetBeach201509281500_Water_Temperature]]
2025-10-19 13:54:59.297,195.215,Calumet_LowWaterTemp_85,atomic,[Calumet_LowWaterTemp_85],[1.0000],1,1,1.0000,[[CalumetBeach201509281500_Water_Temperature]]
2025-10-19 13:54:59.297,195.215,Calumet_LowWaterTemp_95,atomic,[Calumet_LowWaterTemp_95],[1.0000],1,1,1.0000,[[CalumetBeach201509281500_Water_Temperature]]
2025-10-19 13:54:59.397,195.315,Calumet_LowWaterTemp_65,atomic,[Calumet_LowWaterTemp_65],[1.0000],1,1,1.0000,[[CalumetBeach201509281700_Water_Temperature]]
2025-10-19 13:54:59.397,195.315,Calumet_LowWaterTemp_75,atomic,[Calumet_LowWaterTemp_75],[1.0000],1,1,1.0000,[[CalumetBeach201509281700_Water_Temperature]]
2025-10-19 13:54:59.397,195.315,Calumet_LowWaterTemp_85,atomic,[Calumet_LowWaterTemp_85],[1.0000],1,1,1.0000,[[CalumetBeach201509281700_Water_Temperature]]
2025-10-19 13:54:59.397,195.315,Calumet_LowWaterTemp_95,atomic,[Calumet_LowWaterTemp_95],[1.0000],1,1,1.0000,[[CalumetBeach201509281700_Water_Temperature]]
2025-10-19 13:54:59.518,195.436,Calumet_LowWaterTemp_65,atomic,[Calumet_LowWaterTemp_65],[1.0000],1,1,1.0000,[[CalumetBeach201509281900_Water_Temperature]]
2025-10-19 13:54:59.518,195.436,Calumet_LowWaterTemp_75,atomic,[Calumet_LowWaterTemp_75],[1.0000],1,1,1.0000,[[CalumetBeach201509281900_Water_Temperature]]
2025-10-19 13:54:59.518,195.436,Calumet_LowWaterTemp_85,atomic,[Calumet_LowWaterTemp_85],[1.0000],1,1,1.0000,[[CalumetBeach201509281900_Water_Temperature]]
2025-10-19 13:54:59.518,195.436,Calumet_LowWaterTemp_95,atomic,[Calumet_LowWaterTemp_95],[1.0000],1,1,1.0000,[[CalumetBeach201509281900_Water_Temperature]]
2025-10-19 13:54:59.768,195.686,Calumet_LowWaterTemp_65,atomic,[Calumet_LowWaterTemp_65],[1.0000],1,1,1.0000,[[CalumetBeach201509282300_Water_Temperature]]
2025-10-19 13:54:59.769,195.687,Calumet_LowWaterTemp_75,atomic,[Calumet_LowWaterTemp_75],[1.0000],1,1,1.0000,[[CalumetBeach201509282300_Water_Temperature]]
2025-10-19 13:54:59.769,195.687,Calumet_LowWaterTemp_85,atomic,[Calumet_LowWaterTemp_85],[1.0000],1,1,1.0000,[[CalumetBeach201509282300_Water_Temperature]]
2025-10-19 13:54:59.769,195.687,Calumet_LowWaterTemp_95,atomic,[Calumet_LowWaterTemp_95],[1.0000],1,1,1.0000,[[CalumetBeach201509282300_Water_Temperature]]
2025-10-19 13:54:59.846,195.764,Calumet_LowWaterTemp_65,atomic,[Calumet_LowWaterTemp_65],[1.0000],1,1,1.0000,[[CalumetBeach201509292400_Water_Temperature]]
2025-10-19 13:54:59.846,195.764,Calumet_LowWaterTemp_75,atomic,[Calumet_LowWaterTemp_75],[1.0000],1,1,1.0000,[[CalumetBeach201509292400_Water_Temperature]]
2025-10-19 13:54:59.846,195.764,Calumet_LowWaterTemp_85,atomic,[Calumet_LowWaterTemp_85],[1.0000],1,1,1.0000,[[CalumetBeach201509292400_Water_Temperature]]
2025-10-19 13:54:59.846,195.764,Calumet_LowWaterTemp_95,atomic,[Calumet_LowWaterTemp_95],[1.0000],1,1,1.0000,[[CalumetBeach201509292400_Water_Temperature]]
2025-10-19 13:55:00.269,196.187,Calumet_LowWaterTemp_65,atomic,[Calumet_LowWaterTemp_65],[1.0000],1,1,1.0000,[[CalumetBeach201509290700_Water_Temperature]]
2025-10-19 13:55:00.269,196.187,Calumet_LowWaterTemp_75,atomic,[Calumet_LowWaterTemp_75],[1.0000],1,1,1.0000,[[CalumetBeach201509290700_Water_Temperature]]
2025-10-19 13:55:00.269,196.187,Calumet_LowWaterTemp_85,atomic,[Calumet_LowWaterTemp_85],[1.0000],1,1,1.0000,[[CalumetBeach201509290700_Water_Temperature]]
2025-10-19 13:55:00.269,196.187,Calumet_LowWaterTemp_95,atomic,[Calumet_LowWaterTemp_95],[1.0000],1,1,1.0000,[[CalumetBeach201509290700_Water_Temperature]]
2025-10-19 13:55:00.331,196.249,Calumet_LowWaterTemp_65,atomic,[Calumet_LowWaterTemp_65],[1.0000],1,1,1.0000,[[CalumetBeach201509290800_Water_Temperature]]
2025-10-19 13:55:00.331,196.249,Calumet_LowWaterTemp_75,atomic,[Calumet_LowWaterTemp_75],[1.0000],1,1,1.0000,[[CalumetBeach201509290800_Water_Temperature]]
2025-10-19 13:55:00.331,196.249,Calumet_LowWaterTemp_85,atomic,[Calumet_LowWaterTemp_85],[1.0000],1,1,1.0000,[[CalumetBeach201509290800_Water_Temperature]]
2025-10-19 13:55:00.331,196.249,Calumet_LowWaterTemp_95,atomic,[Calumet_LowWaterTemp_95],[1.0000],1,1,1.0000,[[CalumetBeach201509290800_Water_Temperature]]
2025-10-19 13:55:01.092,197.010,Calumet_LowWaterTemp_65,atomic,[Calumet_LowWaterTemp_65],[1.0000],1,1,1.0000,[[CalumetBeach201509292000_Water_Temperature]]
2025-10-19 13:55:01.092,197.010,Calumet_LowWaterTemp_75,atomic,[Calumet_LowWaterTemp_75],[1.0000],1,1,1.0000,[[CalumetBeach201509292000_Water_Temperature]]
2025-10-19 13:55:01.092,197.010,Calumet_LowWaterTemp_85,atomic,[Calumet_LowWaterTemp_85],[1.0000],1,1,1.0000,[[CalumetBeach201509292000_Water_Temperature]]
2025-10-19 13:55:01.092,197.010,Calumet_LowWaterTemp_95,atomic,[Calumet_LowWaterTemp_95],[1.0000],1,1,1.0000,[[CalumetBeach201509292000_Water_Temperature]]
2025-10-19 13:55:01.092,197.010,Calumet_HighTurbidity_65,atomic,[Calumet_HighTurbidity_65],[1.0000],1,1,1.0000,[[CalumetBeach201509292000_Turbidity]]
2025-10-19 13:55:01.093,197.011,Calumet_HighTurbidity_75,atomic,[Calumet_HighTurbidity_75],[1.0000],1,1,1.0000,[[CalumetBeach201509292000_Turbidity]]
2025-10-19 13:55:01.093,197.011,Calumet_HighTurbidity_85,atomic,[Calumet_HighTurbidity_85],[1.0000],1,1,1.0000,[[CalumetBeach201509292000_Turbidity]]
2025-10-19 13:55:01.093,197.011,Calumet_HighTurbidity_95,atomic,[Calumet_HighTurbidity_95],[1.0000],1,1,1.0000,[[CalumetBeach201509292000_Turbidity]]
2025-10-19 13:55:01.093,197.011,Calumet_LocalAlert_65,complex,[Calumet_HighTurbidity_65;Calumet_LowWaterTemp_65],[1.0000;1.0000],2,2,1.0000,[[CalumetBeach201509292000_Turbidity];[CalumetBeach201509292000_Water_Temperature]]
2025-10-19 13:55:01.093,197.011,Calumet_LocalAlert_75,complex,[Calumet_HighTurbidity_75;Calumet_LowWaterTemp_75],[1.0000;1.0000],2,2,1.0000,[[CalumetBeach201509292000_Turbidity];[CalumetBeach201509292000_Water_Temperature]]
2025-10-19 13:55:01.093,197.011,Calumet_LocalAlert_85,complex,[Calumet_HighTurbidity_85;Calumet_LowWaterTemp_85],[1.0000;1.0000],2,2,1.0000,[[CalumetBeach201509292000_Turbidity];[CalumetBeach201509292000_Water_Temperature]]
2025-10-19 13:55:01.093,197.011,Calumet_LocalAlert_95,complex,[Calumet_HighTurbidity_95;Calumet_LowWaterTemp_95],[1.0000;1.0000],2,2,1.0000,[[CalumetBeach201509292000_Turbidity];[CalumetBeach201509292000_Water_Temperature]]
2025-10-19 13:55:01.140,197.058,Calumet_LowWaterTemp_65,atomic,[Calumet_LowWaterTemp_65],[1.0000],1,1,1.0000,[[CalumetBeach201509292100_Water_Temperature]]
2025-10-19 13:55:01.141,197.059,Calumet_LowWaterTemp_75,atomic,[Calumet_LowWaterTemp_75],[1.0000],1,1,1.0000,[[CalumetBeach201509292100_Water_Temperature]]
2025-10-19 13:55:01.141,197.059,Calumet_LowWaterTemp_85,atomic,[Calumet_LowWaterTemp_85],[1.0000],1,1,1.0000,[[CalumetBeach201509292100_Water_Temperature]]
2025-10-19 13:55:01.141,197.059,Calumet_LowWaterTemp_95,atomic,[Calumet_LowWaterTemp_95],[1.0000],1,1,1.0000,[[CalumetBeach201509292100_Water_Temperature]]
2025-10-19 13:55:01.141,197.059,Calumet_HighTurbidity_65,atomic,[Calumet_HighTurbidity_65],[1.0000],1,1,1.0000,[[CalumetBeach201509292100_Turbidity]]
2025-10-19 13:55:01.141,197.059,Calumet_HighTurbidity_75,atomic,[Calumet_HighTurbidity_75],[1.0000],1,1,1.0000,[[CalumetBeach201509292100_Turbidity]]
2025-10-19 13:55:01.141,197.059,Calumet_HighTurbidity_85,atomic,[Calumet_HighTurbidity_85],[1.0000],1,1,1.0000,[[CalumetBeach201509292100_Turbidity]]
2025-10-19 13:55:01.141,197.059,Calumet_HighTurbidity_95,atomic,[Calumet_HighTurbidity_95],[1.0000],1,1,1.0000,[[CalumetBeach201509292100_Turbidity]]
2025-10-19 13:55:01.141,197.059,Calumet_LocalAlert_65,complex,[Calumet_HighTurbidity_65;Calumet_LowWaterTemp_65],[1.0000;1.0000],2,2,1.0000,[[CalumetBeach201509292100_Turbidity];[CalumetBeach201509292100_Water_Temperature]]
2025-10-19 13:55:01.141,197.059,Calumet_LocalAlert_75,complex,[Calumet_HighTurbidity_75;Calumet_LowWaterTemp_75],[1.0000;1.0000],2,2,1.0000,[[CalumetBeach201509292100_Turbidity];[CalumetBeach201509292100_Water_Temperature]]
2025-10-19 13:55:01.141,197.059,Calumet_LocalAlert_85,complex,[Calumet_HighTurbidity_85;Calumet_LowWaterTemp_85],[1.0000;1.0000],2,2,1.0000,[[CalumetBeach201509292100_Turbidity];[CalumetBeach201509292100_Water_Temperature]]
2025-10-19 13:55:01.141,197.059,Calumet_LocalAlert_95,complex,[Calumet_HighTurbidity_95;Calumet_LowWaterTemp_95],[1.0000;1.0000],2,2,1.0000,[[CalumetBeach201509292100_Turbidity];[CalumetBeach201509292100_Water_Temperature]]
2025-10-19 13:55:01.467,197.385,Calumet_LowWaterTemp_65,atomic,[Calumet_LowWaterTemp_65],[1.0000],1,1,1.0000,[[CalumetBeach201509300200_Water_Temperature]]
2025-10-19 13:55:01.467,197.385,Calumet_LowWaterTemp_75,atomic,[Calumet_LowWaterTemp_75],[1.0000],1,1,1.0000,[[CalumetBeach201509300200_Water_Temperature]]
2025-10-19 13:55:01.467,197.385,Calumet_LowWaterTemp_85,atomic,[Calumet_LowWaterTemp_85],[1.0000],1,1,1.0000,[[CalumetBeach201509300200_Water_Temperature]]
2025-10-19 13:55:01.467,197.385,Calumet_LowWaterTemp_95,atomic,[Calumet_LowWaterTemp_95],[1.0000],1,1,1.0000,[[CalumetBeach201509300200_Water_Temperature]]
2025-10-19 13:55:01.467,197.385,Calumet_HighTurbidity_65,atomic,[Calumet_HighTurbidity_65],[1.0000],1,1,1.0000,[[CalumetBeach201509300200_Turbidity]]
2025-10-19 13:55:01.468,197.386,Calumet_HighTurbidity_75,atomic,[Calumet_HighTurbidity_75],[1.0000],1,1,1.0000,[[CalumetBeach201509300200_Turbidity]]
2025-10-19 13:55:01.468,197.386,Calumet_HighTurbidity_85,atomic,[Calumet_HighTurbidity_85],[1.0000],1,1,1.0000,[[CalumetBeach201509300200_Turbidity]]
2025-10-19 13:55:01.468,197.386,Calumet_HighTurbidity_95,atomic,[Calumet_HighTurbidity_95],[1.0000],1,1,1.0000,[[CalumetBeach201509300200_Turbidity]]
2025-10-19 13:55:01.468,197.386,Calumet_LocalAlert_65,complex,[Calumet_HighTurbidity_65;Calumet_LowWaterTemp_65],[1.0000;1.0000],2,2,1.0000,[[CalumetBeach201509300200_Turbidity];[CalumetBeach201509300200_Water_Temperature]]
2025-10-19 13:55:01.468,197.386,Calumet_LocalAlert_75,complex,[Calumet_HighTurbidity_75;Calumet_LowWaterTemp_75],[1.0000;1.0000],2,2,1.0000,[[CalumetBeach201509300200_Turbidity];[CalumetBeach201509300200_Water_Temperature]]
2025-10-19 13:55:01.468,197.386,Calumet_LocalAlert_85,complex,[Calumet_HighTurbidity_85;Calumet_LowWaterTemp_85],[1.0000;1.0000],2,2,1.0000,[[CalumetBeach201509300200_Turbidity];[CalumetBeach201509300200_Water_Temperature]]
2025-10-19 13:55:01.468,197.386,Calumet_LocalAlert_95,complex,[Calumet_HighTurbidity_95;Calumet_LowWaterTemp_95],[1.0000;1.0000],2,2,1.0000,[[CalumetBeach201509300200_Turbidity];[CalumetBeach201509300200_Water_Temperature]]
2025-10-19 13:55:01.890,197.808,Calumet_LowWaterTemp_65,atomic,[Calumet_LowWaterTemp_65],[1.0000],1,1,1.0000,[[CalumetBeach201509301000_Water_Temperature]]
2025-10-19 13:55:01.890,197.808,Calumet_LowWaterTemp_75,atomic,[Calumet_LowWaterTemp_75],[1.0000],1,1,1.0000,[[CalumetBeach201509301000_Water_Temperature]]
2025-10-19 13:55:01.890,197.808,Calumet_LowWaterTemp_85,atomic,[Calumet_LowWaterTemp_85],[1.0000],1,1,1.0000,[[CalumetBeach201509301000_Water_Temperature]]
2025-10-19 13:55:01.890,197.808,Calumet_LowWaterTemp_95,atomic,[Calumet_LowWaterTemp_95],[1.0000],1,1,1.0000,[[CalumetBeach201509301000_Water_Temperature]]
2025-10-19 13:55:01.891,197.809,Calumet_HighTurbidity_65,atomic,[Calumet_HighTurbidity_65],[1.0000],1,1,1.0000,[[CalumetBeach201509301000_Turbidity]]
2025-10-19 13:55:01.891,197.809,Calumet_HighTurbidity_75,atomic,[Calumet_HighTurbidity_75],[1.0000],1,1,1.0000,[[CalumetBeach201509301000_Turbidity]]
2025-10-19 13:55:01.891,197.809,Calumet_HighTurbidity_85,atomic,[Calumet_HighTurbidity_85],[1.0000],1,1,1.0000,[[CalumetBeach201509301000_Turbidity]]
2025-10-19 13:55:01.891,197.809,Calumet_HighTurbidity_95,atomic,[Calumet_HighTurbidity_95],[1.0000],1,1,1.0000,[[CalumetBeach201509301000_Turbidity]]
2025-10-19 13:55:01.891,197.809,Calumet_LocalAlert_65,complex,[Calumet_HighTurbidity_65;Calumet_LowWaterTemp_65],[1.0000;1.0000],2,2,1.0000,[[CalumetBeach201509301000_Turbidity];[CalumetBeach201509301000_Water_Temperature]]
2025-10-19 13:55:01.891,197.809,Calumet_LocalAlert_75,complex,[Calumet_HighTurbidity_75;Calumet_LowWaterTemp_75],[1.0000;1.0000],2,2,1.0000,[[CalumetBeach201509301000_Turbidity];[CalumetBeach201509301000_Water_Temperature]]
2025-10-19 13:55:01.891,197.809,Calumet_LocalAlert_85,complex,[Calumet_HighTurbidity_85;Calumet_LowWaterTemp_85],[1.0000;1.0000],2,2,1.0000,[[CalumetBeach201509301000_Turbidity];[CalumetBeach201509301000_Water_Temperature]]
2025-10-19 13:55:01.891,197.809,Calumet_LocalAlert_95,complex,[Calumet_HighTurbidity_95;Calumet_LowWaterTemp_95],[1.0000;1.0000],2,2,1.0000,[[CalumetBeach201509301000_Turbidity];[CalumetBeach201509301000_Water_Temperature]]
