# Logger: PatternLogger | Started: Fri Apr 03 19:17:15 EDT 2026
fired_at,fired_offset_sec,pattern_name,pattern_type,subpatterns,subpattern_confidences,num_subpatterns,num_events,confidence,contributing_streams,nested_event_ids
2026-04-03 19:17:21.810,5.997,CrossSignalRelativeStable_GT,atomic,[CrossSignalRelativeStable_GT],[1.0000],1,6,1.0000,[dt-1;dt-2;dt-3],[[0cb619ec-2324-424d-abc1-88bc2aaf9d64;45fe9712-c26b-4d35-a77b-160700e833fe;36f5b8d4-8105-4343-bf94-0a8f2cd371c7;39ae5544-bdc3-4b4b-878c-82ba02746b0b;275d70ce-58f7-4c86-aa8d-7f965094ace2;03e1a655-8652-423f-9a9b-9f20155b06c9]]
2026-04-03 19:17:21.828,6.015,CrossSignalAgreement_GT,atomic,[CrossSignalAgreement_GT],[1.0000],1,6,1.0000,[dt-1;dt-2;dt-3],[[0cb619ec-2324-424d-abc1-88bc2aaf9d64;45fe9712-c26b-4d35-a77b-160700e833fe;36f5b8d4-8105-4343-bf94-0a8f2cd371c7;39ae5544-bdc3-4b4b-878c-82ba02746b0b;275d70ce-58f7-4c86-aa8d-7f965094ace2;03e1a655-8652-423f-9a9b-9f20155b06c9]]
2026-04-03 19:17:21.832,6.019,CrossSignalRelativeStable_SYS,atomic,[CrossSignalRelativeStable_SYS],[1.0000],1,6,1.0000,[dt-1;dt-2;dt-3],[[3d6d9155-8e3d-494a-b922-cc0bcb114015;3eee011c-7cd1-4cea-9c6d-663ba5d9bf73;ff234e93-82a9-43ce-a77a-5e2a6ee456f8;c55f58bc-c98d-4a07-b2ad-211d1ca0bfd7;1398d337-0810-4cd8-b7ca-d51dd3d18c78;bf788a25-47cf-4a00-b52b-983eaad8a7ec]]
2026-04-03 19:17:21.833,6.020,CrossSignalRelativeStable_OBS,atomic,[CrossSignalRelativeStable_OBS],[1.0000],1,6,1.0000,[dt-1;dt-2;dt-3],[[3d6d9155-8e3d-494a-b922-cc0bcb114015;3eee011c-7cd1-4cea-9c6d-663ba5d9bf73;ff234e93-82a9-43ce-a77a-5e2a6ee456f8;c55f58bc-c98d-4a07-b2ad-211d1ca0bfd7;1398d337-0810-4cd8-b7ca-d51dd3d18c78;bf788a25-47cf-4a00-b52b-983eaad8a7ec]]
2026-04-03 19:17:21.833,6.020,CrossSignalAgreement_SYS,atomic,[CrossSignalAgreement_SYS],[1.0000],1,6,1.0000,[dt-1;dt-2;dt-3],[[3d6d9155-8e3d-494a-b922-cc0bcb114015;3eee011c-7cd1-4cea-9c6d-663ba5d9bf73;ff234e93-82a9-43ce-a77a-5e2a6ee456f8;c55f58bc-c98d-4a07-b2ad-211d1ca0bfd7;1398d337-0810-4cd8-b7ca-d51dd3d18c78;bf788a25-47cf-4a00-b52b-983eaad8a7ec]]
2026-04-03 19:17:21.834,6.021,CrossSignalAgreement_OBS,atomic,[CrossSignalAgreement_OBS],[1.0000],1,6,1.0000,[dt-1;dt-2;dt-3],[[3d6d9155-8e3d-494a-b922-cc0bcb114015;3eee011c-7cd1-4cea-9c6d-663ba5d9bf73;ff234e93-82a9-43ce-a77a-5e2a6ee456f8;c55f58bc-c98d-4a07-b2ad-211d1ca0bfd7;1398d337-0810-4cd8-b7ca-d51dd3d18c78;bf788a25-47cf-4a00-b52b-983eaad8a7ec]]
2026-04-03 19:17:21.878,6.065,CrossSignalRelativeStable_GT,atomic,[CrossSignalRelativeStable_GT],[1.0000],1,6,1.0000,[dt-1;dt-2;dt-3],[[39ae5544-bdc3-4b4b-878c-82ba02746b0b;275d70ce-58f7-4c86-aa8d-7f965094ace2;03e1a655-8652-423f-9a9b-9f20155b06c9;4e160933-a26e-4907-8283-0756f5761d36;223b7f9e-da0b-4eb9-a4b0-e21ba8613560;9a522d65-c4f5-4973-9720-70899f3afd44]]
2026-04-03 19:17:21.878,6.065,CrossSignalAgreement_GT,atomic,[CrossSignalAgreement_GT],[1.0000],1,6,1.0000,[dt-1;dt-2;dt-3],[[39ae5544-bdc3-4b4b-878c-82ba02746b0b;275d70ce-58f7-4c86-aa8d-7f965094ace2;03e1a655-8652-423f-9a9b-9f20155b06c9;4e160933-a26e-4907-8283-0756f5761d36;223b7f9e-da0b-4eb9-a4b0-e21ba8613560;9a522d65-c4f5-4973-9720-70899f3afd44]]
2026-04-03 19:17:21.881,6.068,CrossSignalRelativeStable_SYS,atomic,[CrossSignalRelativeStable_SYS],[1.0000],1,6,1.0000,[dt-1;dt-2;dt-3],[[c55f58bc-c98d-4a07-b2ad-211d1ca0bfd7;1398d337-0810-4cd8-b7ca-d51dd3d18c78;bf788a25-47cf-4a00-b52b-983eaad8a7ec;e0d38239-154d-431e-8a73-4cf485f97c03;78b946ca-4929-4be0-94a6-27527cf22620;2b3cd1f0-f810-4f29-8567-3f2f2bd04bd4]]
2026-04-03 19:17:21.882,6.069,CrossSignalRelativeStable_OBS,atomic,[CrossSignalRelativeStable_OBS],[1.0000],1,6,1.0000,[dt-1;dt-2;dt-3],[[c55f58bc-c98d-4a07-b2ad-211d1ca0bfd7;1398d337-0810-4cd8-b7ca-d51dd3d18c78;bf788a25-47cf-4a00-b52b-983eaad8a7ec;e0d38239-154d-431e-8a73-4cf485f97c03;78b946ca-4929-4be0-94a6-27527cf22620;2b3cd1f0-f810-4f29-8567-3f2f2bd04bd4]]
2026-04-03 19:17:21.883,6.070,CrossSignalAgreement_SYS,atomic,[CrossSignalAgreement_SYS],[1.0000],1,6,1.0000,[dt-1;dt-2;dt-3],[[c55f58bc-c98d-4a07-b2ad-211d1ca0bfd7;1398d337-0810-4cd8-b7ca-d51dd3d18c78;bf788a25-47cf-4a00-b52b-983eaad8a7ec;e0d38239-154d-431e-8a73-4cf485f97c03;78b946ca-4929-4be0-94a6-27527cf22620;2b3cd1f0-f810-4f29-8567-3f2f2bd04bd4]]
2026-04-03 19:17:21.884,6.071,CrossSignalAgreement_OBS,atomic,[CrossSignalAgreement_OBS],[1.0000],1,6,1.0000,[dt-1;dt-2;dt-3],[[c55f58bc-c98d-4a07-b2ad-211d1ca0bfd7;1398d337-0810-4cd8-b7ca-d51dd3d18c78;bf788a25-47cf-4a00-b52b-983eaad8a7ec;e0d38239-154d-431e-8a73-4cf485f97c03;78b946ca-4929-4be0-94a6-27527cf22620;2b3cd1f0-f810-4f29-8567-3f2f2bd04bd4]]
2026-04-03 19:17:21.988,6.175,CrossSignalRelativeStable_SYS,atomic,[CrossSignalRelativeStable_SYS],[1.0000],1,6,1.0000,[dt-1;dt-2;dt-3],[[e0d38239-154d-431e-8a73-4cf485f97c03;78b946ca-4929-4be0-94a6-27527cf22620;2b3cd1f0-f810-4f29-8567-3f2f2bd04bd4;f684afc8-dd7c-42e3-b508-aad37b15de95;abd9c261-0737-4eff-b091-953db7f459d7;66dfa122-54bb-49bf-9759-56fda92cc866]]
2026-04-03 19:17:21.989,6.176,CrossSignalRelativeStable_OBS,atomic,[CrossSignalRelativeStable_OBS],[1.0000],1,6,1.0000,[dt-1;dt-2;dt-3],[[e0d38239-154d-431e-8a73-4cf485f97c03;78b946ca-4929-4be0-94a6-27527cf22620;2b3cd1f0-f810-4f29-8567-3f2f2bd04bd4;f684afc8-dd7c-42e3-b508-aad37b15de95;abd9c261-0737-4eff-b091-953db7f459d7;66dfa122-54bb-49bf-9759-56fda92cc866]]
2026-04-03 19:17:21.989,6.176,CrossSignalAgreement_SYS,atomic,[CrossSignalAgreement_SYS],[1.0000],1,6,1.0000,[dt-1;dt-2;dt-3],[[e0d38239-154d-431e-8a73-4cf485f97c03;78b946ca-4929-4be0-94a6-27527cf22620;2b3cd1f0-f810-4f29-8567-3f2f2bd04bd4;f684afc8-dd7c-42e3-b508-aad37b15de95;abd9c261-0737-4eff-b091-953db7f459d7;66dfa122-54bb-49bf-9759-56fda92cc866]]
2026-04-03 19:17:21.990,6.177,CrossSignalAgreement_OBS,atomic,[CrossSignalAgreement_OBS],[1.0000],1,6,1.0000,[dt-1;dt-2;dt-3],[[e0d38239-154d-431e-8a73-4cf485f97c03;78b946ca-4929-4be0-94a6-27527cf22620;2b3cd1f0-f810-4f29-8567-3f2f2bd04bd4;f684afc8-dd7c-42e3-b508-aad37b15de95;abd9c261-0737-4eff-b091-953db7f459d7;66dfa122-54bb-49bf-9759-56fda92cc866]]
2026-04-03 19:17:21.996,6.183,CrossSignalRelativeStable_GT,atomic,[CrossSignalRelativeStable_GT],[1.0000],1,6,1.0000,[dt-1;dt-2;dt-3],[[4e160933-a26e-4907-8283-0756f5761d36;223b7f9e-da0b-4eb9-a4b0-e21ba8613560;9a522d65-c4f5-4973-9720-70899f3afd44;39f17ad2-61e6-48a9-b95a-0e93d3f28d2d;a96f0e1a-b006-4c70-b02b-592f69513f9c;cc94513d-f93d-478a-88f8-ddfa230badb3]]
2026-04-03 19:17:21.996,6.183,CrossSignalAgreement_GT,atomic,[CrossSignalAgreement_GT],[1.0000],1,6,1.0000,[dt-1;dt-2;dt-3],[[4e160933-a26e-4907-8283-0756f5761d36;223b7f9e-da0b-4eb9-a4b0-e21ba8613560;9a522d65-c4f5-4973-9720-70899f3afd44;39f17ad2-61e6-48a9-b95a-0e93d3f28d2d;a96f0e1a-b006-4c70-b02b-592f69513f9c;cc94513d-f93d-478a-88f8-ddfa230badb3]]
2026-04-03 19:17:22.097,6.284,CrossSignalRelativeStable_GT,atomic,[CrossSignalRelativeStable_GT],[1.0000],1,6,1.0000,[dt-1;dt-2;dt-3],[[39f17ad2-61e6-48a9-b95a-0e93d3f28d2d;a96f0e1a-b006-4c70-b02b-592f69513f9c;cc94513d-f93d-478a-88f8-ddfa230badb3;8b7f0337-1281-40a9-b1b0-185e135e8cf9;0282a338-06f7-473b-a2d7-0bda98edbd5a;c65da46d-6a36-49ab-a5a2-c5fd584c4e7c]]
2026-04-03 19:17:22.098,6.285,CrossSignalTrendConsistency_GT,atomic,[CrossSignalTrendConsistency_GT],[1.0000],1,6,1.0000,[dt-1;dt-2;dt-3],[[39f17ad2-61e6-48a9-b95a-0e93d3f28d2d;a96f0e1a-b006-4c70-b02b-592f69513f9c;cc94513d-f93d-478a-88f8-ddfa230badb3;8b7f0337-1281-40a9-b1b0-185e135e8cf9;0282a338-06f7-473b-a2d7-0bda98edbd5a;c65da46d-6a36-49ab-a5a2-c5fd584c4e7c]]
2026-04-03 19:17:22.098,6.285,CrossSignalAgreement_GT,atomic,[CrossSignalAgreement_GT],[1.0000],1,6,1.0000,[dt-1;dt-2;dt-3],[[39f17ad2-61e6-48a9-b95a-0e93d3f28d2d;a96f0e1a-b006-4c70-b02b-592f69513f9c;cc94513d-f93d-478a-88f8-ddfa230badb3;8b7f0337-1281-40a9-b1b0-185e135e8cf9;0282a338-06f7-473b-a2d7-0bda98edbd5a;c65da46d-6a36-49ab-a5a2-c5fd584c4e7c]]
2026-04-03 19:17:22.100,6.287,CrossSignalRelativeStable_SYS,atomic,[CrossSignalRelativeStable_SYS],[1.0000],1,6,1.0000,[dt-1;dt-2;dt-3],[[f684afc8-dd7c-42e3-b508-aad37b15de95;abd9c261-0737-4eff-b091-953db7f459d7;66dfa122-54bb-49bf-9759-56fda92cc866;06aa1d71-e946-45fe-97d1-18b40413266c;8d5bcc2c-7a00-466f-a8df-1546349b9f36;764282f2-ee5b-4f5f-8afc-ba65aa0c0dd3]]
2026-04-03 19:17:22.100,6.287,CrossSignalRelativeStable_OBS,atomic,[CrossSignalRelativeStable_OBS],[1.0000],1,6,1.0000,[dt-1;dt-2;dt-3],[[f684afc8-dd7c-42e3-b508-aad37b15de95;abd9c261-0737-4eff-b091-953db7f459d7;66dfa122-54bb-49bf-9759-56fda92cc866;06aa1d71-e946-45fe-97d1-18b40413266c;8d5bcc2c-7a00-466f-a8df-1546349b9f36;764282f2-ee5b-4f5f-8afc-ba65aa0c0dd3]]
2026-04-03 19:17:22.101,6.288,CrossSignalTrendConsistency_SYS,atomic,[CrossSignalTrendConsistency_SYS],[1.0000],1,6,1.0000,[dt-1;dt-2;dt-3],[[f684afc8-dd7c-42e3-b508-aad37b15de95;abd9c261-0737-4eff-b091-953db7f459d7;66dfa122-54bb-49bf-9759-56fda92cc866;06aa1d71-e946-45fe-97d1-18b40413266c;8d5bcc2c-7a00-466f-a8df-1546349b9f36;764282f2-ee5b-4f5f-8afc-ba65aa0c0dd3]]
2026-04-03 19:17:22.101,6.288,CrossSignalTrendConsistency_OBS,atomic,[CrossSignalTrendConsistency_OBS],[1.0000],1,6,1.0000,[dt-1;dt-2;dt-3],[[f684afc8-dd7c-42e3-b508-aad37b15de95;abd9c261-0737-4eff-b091-953db7f459d7;66dfa122-54bb-49bf-9759-56fda92cc866;06aa1d71-e946-45fe-97d1-18b40413266c;8d5bcc2c-7a00-466f-a8df-1546349b9f36;764282f2-ee5b-4f5f-8afc-ba65aa0c0dd3]]
2026-04-03 19:17:22.101,6.288,CrossSignalAgreement_SYS,atomic,[CrossSignalAgreement_SYS],[1.0000],1,6,1.0000,[dt-1;dt-2;dt-3],[[f684afc8-dd7c-42e3-b508-aad37b15de95;abd9c261-0737-4eff-b091-953db7f459d7;66dfa122-54bb-49bf-9759-56fda92cc866;06aa1d71-e946-45fe-97d1-18b40413266c;8d5bcc2c-7a00-466f-a8df-1546349b9f36;764282f2-ee5b-4f5f-8afc-ba65aa0c0dd3]]
2026-04-03 19:17:22.102,6.289,CrossSignalAgreement_OBS,atomic,[CrossSignalAgreement_OBS],[1.0000],1,6,1.0000,[dt-1;dt-2;dt-3],[[f684afc8-dd7c-42e3-b508-aad37b15de95;abd9c261-0737-4eff-b091-953db7f459d7;66dfa122-54bb-49bf-9759-56fda92cc866;06aa1d71-e946-45fe-97d1-18b40413266c;8d5bcc2c-7a00-466f-a8df-1546349b9f36;764282f2-ee5b-4f5f-8afc-ba65aa0c0dd3]]
2026-04-03 19:17:22.205,6.392,CrossSignalRelativeStable_SYS,atomic,[CrossSignalRelativeStable_SYS],[1.0000],1,6,1.0000,[dt-1;dt-2;dt-3],[[06aa1d71-e946-45fe-97d1-18b40413266c;8d5bcc2c-7a00-466f-a8df-1546349b9f36;764282f2-ee5b-4f5f-8afc-ba65aa0c0dd3;f0c5ba5a-d0df-45ed-80d4-0bdf23a6b4f7;6574bb8d-8676-4088-95f9-813e1ec6f5a3;9f20022b-faec-4429-a2f5-ec74c5f64437]]
2026-04-03 19:17:22.206,6.393,CrossSignalRelativeStable_OBS,atomic,[CrossSignalRelativeStable_OBS],[1.0000],1,6,1.0000,[dt-1;dt-2;dt-3],[[06aa1d71-e946-45fe-97d1-18b40413266c;8d5bcc2c-7a00-466f-a8df-1546349b9f36;764282f2-ee5b-4f5f-8afc-ba65aa0c0dd3;f0c5ba5a-d0df-45ed-80d4-0bdf23a6b4f7;6574bb8d-8676-4088-95f9-813e1ec6f5a3;9f20022b-faec-4429-a2f5-ec74c5f64437]]
2026-04-03 19:17:22.207,6.394,CrossSignalAgreement_SYS,atomic,[CrossSignalAgreement_SYS],[1.0000],1,6,1.0000,[dt-1;dt-2;dt-3],[[06aa1d71-e946-45fe-97d1-18b40413266c;8d5bcc2c-7a00-466f-a8df-1546349b9f36;764282f2-ee5b-4f5f-8afc-ba65aa0c0dd3;f0c5ba5a-d0df-45ed-80d4-0bdf23a6b4f7;6574bb8d-8676-4088-95f9-813e1ec6f5a3;9f20022b-faec-4429-a2f5-ec74c5f64437]]
2026-04-03 19:17:22.208,6.395,CrossSignalAgreement_OBS,atomic,[CrossSignalAgreement_OBS],[1.0000],1,6,1.0000,[dt-1;dt-2;dt-3],[[06aa1d71-e946-45fe-97d1-18b40413266c;8d5bcc2c-7a00-466f-a8df-1546349b9f36;764282f2-ee5b-4f5f-8afc-ba65aa0c0dd3;f0c5ba5a-d0df-45ed-80d4-0bdf23a6b4f7;6574bb8d-8676-4088-95f9-813e1ec6f5a3;9f20022b-faec-4429-a2f5-ec74c5f64437]]
2026-04-03 19:17:22.216,6.403,CrossSignalRelativeStable_GT,atomic,[CrossSignalRelativeStable_GT],[1.0000],1,6,1.0000,[dt-1;dt-2;dt-3],[[8b7f0337-1281-40a9-b1b0-185e135e8cf9;0282a338-06f7-473b-a2d7-0bda98edbd5a;c65da46d-6a36-49ab-a5a2-c5fd584c4e7c;6a50778e-6c48-4ac1-87e9-203b4f4c1626;fefa99ad-10a9-492f-a17e-a37aac24d3e2;b7cea38e-d145-4496-89b2-f2981051f807]]
2026-04-03 19:17:22.217,6.404,CrossSignalAgreement_GT,atomic,[CrossSignalAgreement_GT],[1.0000],1,6,1.0000,[dt-1;dt-2;dt-3],[[8b7f0337-1281-40a9-b1b0-185e135e8cf9;0282a338-06f7-473b-a2d7-0bda98edbd5a;c65da46d-6a36-49ab-a5a2-c5fd584c4e7c;6a50778e-6c48-4ac1-87e9-203b4f4c1626;fefa99ad-10a9-492f-a17e-a37aac24d3e2;b7cea38e-d145-4496-89b2-f2981051f807]]
2026-04-03 19:17:22.313,6.500,CrossSignalRelativeStable_GT,atomic,[CrossSignalRelativeStable_GT],[1.0000],1,6,1.0000,[dt-1;dt-2;dt-3],[[6a50778e-6c48-4ac1-87e9-203b4f4c1626;fefa99ad-10a9-492f-a17e-a37aac24d3e2;b7cea38e-d145-4496-89b2-f2981051f807;b3f6fd96-c602-48b0-961e-16b7c7cf24a3;7b02fa19-53cc-4724-a6e3-41e6962cec01;71ed83c6-9cbb-4f6e-aec5-c8aa8ce5cbf6]]
2026-04-03 19:17:22.313,6.500,CrossSignalAgreement_GT,atomic,[CrossSignalAgreement_GT],[1.0000],1,6,1.0000,[dt-1;dt-2;dt-3],[[6a50778e-6c48-4ac1-87e9-203b4f4c1626;fefa99ad-10a9-492f-a17e-a37aac24d3e2;b7cea38e-d145-4496-89b2-f2981051f807;b3f6fd96-c602-48b0-961e-16b7c7cf24a3;7b02fa19-53cc-4724-a6e3-41e6962cec01;71ed83c6-9cbb-4f6e-aec5-c8aa8ce5cbf6]]
2026-04-03 19:17:22.315,6.502,CrossSignalRelativeStable_SYS,atomic,[CrossSignalRelativeStable_SYS],[1.0000],1,6,1.0000,[dt-1;dt-2;dt-3],[[f0c5ba5a-d0df-45ed-80d4-0bdf23a6b4f7;6574bb8d-8676-4088-95f9-813e1ec6f5a3;9f20022b-faec-4429-a2f5-ec74c5f64437;a42f1325-7861-4af3-ad38-8888cf3cce89;a9b9e6e7-f397-48f2-b3c3-0e45b47dc09b;32358629-b46f-48c1-ad7c-95c493d4a0a8]]
2026-04-03 19:17:22.315,6.502,CrossSignalRelativeStable_OBS,atomic,[CrossSignalRelativeStable_OBS],[1.0000],1,6,1.0000,[dt-1;dt-2;dt-3],[[f0c5ba5a-d0df-45ed-80d4-0bdf23a6b4f7;6574bb8d-8676-4088-95f9-813e1ec6f5a3;9f20022b-faec-4429-a2f5-ec74c5f64437;a42f1325-7861-4af3-ad38-8888cf3cce89;a9b9e6e7-f397-48f2-b3c3-0e45b47dc09b;32358629-b46f-48c1-ad7c-95c493d4a0a8]]
2026-04-03 19:17:22.315,6.502,CrossSignalAgreement_SYS,atomic,[CrossSignalAgreement_SYS],[1.0000],1,6,1.0000,[dt-1;dt-2;dt-3],[[f0c5ba5a-d0df-45ed-80d4-0bdf23a6b4f7;6574bb8d-8676-4088-95f9-813e1ec6f5a3;9f20022b-faec-4429-a2f5-ec74c5f64437;a42f1325-7861-4af3-ad38-8888cf3cce89;a9b9e6e7-f397-48f2-b3c3-0e45b47dc09b;32358629-b46f-48c1-ad7c-95c493d4a0a8]]
2026-04-03 19:17:22.316,6.503,CrossSignalAgreement_OBS,atomic,[CrossSignalAgreement_OBS],[1.0000],1,6,1.0000,[dt-1;dt-2;dt-3],[[f0c5ba5a-d0df-45ed-80d4-0bdf23a6b4f7;6574bb8d-8676-4088-95f9-813e1ec6f5a3;9f20022b-faec-4429-a2f5-ec74c5f64437;a42f1325-7861-4af3-ad38-8888cf3cce89;a9b9e6e7-f397-48f2-b3c3-0e45b47dc09b;32358629-b46f-48c1-ad7c-95c493d4a0a8]]
2026-04-03 19:17:22.428,6.615,CrossSignalRelativeStable_GT,atomic,[CrossSignalRelativeStable_GT],[1.0000],1,6,1.0000,[dt-1;dt-2;dt-3],[[b3f6fd96-c602-48b0-961e-16b7c7cf24a3;7b02fa19-53cc-4724-a6e3-41e6962cec01;71ed83c6-9cbb-4f6e-aec5-c8aa8ce5cbf6;0f2b9ea7-dc52-448c-a33a-e19767044a0a;a60c445b-720b-4ae4-85d8-8f3ef37b0ab1;254d85d1-4681-42ca-8616-0756e1a13b40]]
2026-04-03 19:17:22.429,6.616,CrossSignalTrendConsistency_GT,atomic,[CrossSignalTrendConsistency_GT],[1.0000],1,6,1.0000,[dt-1;dt-2;dt-3],[[b3f6fd96-c602-48b0-961e-16b7c7cf24a3;7b02fa19-53cc-4724-a6e3-41e6962cec01;71ed83c6-9cbb-4f6e-aec5-c8aa8ce5cbf6;0f2b9ea7-dc52-448c-a33a-e19767044a0a;a60c445b-720b-4ae4-85d8-8f3ef37b0ab1;254d85d1-4681-42ca-8616-0756e1a13b40]]
2026-04-03 19:17:22.430,6.617,CrossSignalAgreement_GT,atomic,[CrossSignalAgreement_GT],[1.0000],1,6,1.0000,[dt-1;dt-2;dt-3],[[b3f6fd96-c602-48b0-961e-16b7c7cf24a3;7b02fa19-53cc-4724-a6e3-41e6962cec01;71ed83c6-9cbb-4f6e-aec5-c8aa8ce5cbf6;0f2b9ea7-dc52-448c-a33a-e19767044a0a;a60c445b-720b-4ae4-85d8-8f3ef37b0ab1;254d85d1-4681-42ca-8616-0756e1a13b40]]
2026-04-03 19:17:22.432,6.619,CrossSignalRelativeStable_SYS,atomic,[CrossSignalRelativeStable_SYS],[1.0000],1,6,1.0000,[dt-1;dt-2;dt-3],[[a42f1325-7861-4af3-ad38-8888cf3cce89;a9b9e6e7-f397-48f2-b3c3-0e45b47dc09b;32358629-b46f-48c1-ad7c-95c493d4a0a8;efdb985a-ec0b-4f10-a8fd-00792061795c;90769933-9ead-40b2-ac6d-5b4f8e4b2522;49f5a04b-5599-4bf1-a3c3-2c6ca32bfd09]]
2026-04-03 19:17:22.434,6.621,CrossSignalRelativeStable_OBS,atomic,[CrossSignalRelativeStable_OBS],[1.0000],1,6,1.0000,[dt-1;dt-2;dt-3],[[a42f1325-7861-4af3-ad38-8888cf3cce89;a9b9e6e7-f397-48f2-b3c3-0e45b47dc09b;32358629-b46f-48c1-ad7c-95c493d4a0a8;efdb985a-ec0b-4f10-a8fd-00792061795c;90769933-9ead-40b2-ac6d-5b4f8e4b2522;49f5a04b-5599-4bf1-a3c3-2c6ca32bfd09]]
2026-04-03 19:17:22.435,6.622,CrossSignalTrendConsistency_SYS,atomic,[CrossSignalTrendConsistency_SYS],[1.0000],1,6,1.0000,[dt-1;dt-2;dt-3],[[a42f1325-7861-4af3-ad38-8888cf3cce89;a9b9e6e7-f397-48f2-b3c3-0e45b47dc09b;32358629-b46f-48c1-ad7c-95c493d4a0a8;efdb985a-ec0b-4f10-a8fd-00792061795c;90769933-9ead-40b2-ac6d-5b4f8e4b2522;49f5a04b-5599-4bf1-a3c3-2c6ca32bfd09]]
2026-04-03 19:17:22.435,6.622,CrossSignalTrendConsistency_OBS,atomic,[CrossSignalTrendConsistency_OBS],[1.0000],1,6,1.0000,[dt-1;dt-2;dt-3],[[a42f1325-7861-4af3-ad38-8888cf3cce89;a9b9e6e7-f397-48f2-b3c3-0e45b47dc09b;32358629-b46f-48c1-ad7c-95c493d4a0a8;efdb985a-ec0b-4f10-a8fd-00792061795c;90769933-9ead-40b2-ac6d-5b4f8e4b2522;49f5a04b-5599-4bf1-a3c3-2c6ca32bfd09]]
2026-04-03 19:17:22.436,6.623,CrossSignalAgreement_SYS,atomic,[CrossSignalAgreement_SYS],[1.0000],1,6,1.0000,[dt-1;dt-2;dt-3],[[a42f1325-7861-4af3-ad38-8888cf3cce89;a9b9e6e7-f397-48f2-b3c3-0e45b47dc09b;32358629-b46f-48c1-ad7c-95c493d4a0a8;efdb985a-ec0b-4f10-a8fd-00792061795c;90769933-9ead-40b2-ac6d-5b4f8e4b2522;49f5a04b-5599-4bf1-a3c3-2c6ca32bfd09]]
2026-04-03 19:17:22.436,6.623,CrossSignalAgreement_OBS,atomic,[CrossSignalAgreement_OBS],[1.0000],1,6,1.0000,[dt-1;dt-2;dt-3],[[a42f1325-7861-4af3-ad38-8888cf3cce89;a9b9e6e7-f397-48f2-b3c3-0e45b47dc09b;32358629-b46f-48c1-ad7c-95c493d4a0a8;efdb985a-ec0b-4f10-a8fd-00792061795c;90769933-9ead-40b2-ac6d-5b4f8e4b2522;49f5a04b-5599-4bf1-a3c3-2c6ca32bfd09]]
2026-04-03 19:17:22.536,6.723,CrossSignalRelativeStable_SYS,atomic,[CrossSignalRelativeStable_SYS],[1.0000],1,6,1.0000,[dt-1;dt-2;dt-3],[[efdb985a-ec0b-4f10-a8fd-00792061795c;90769933-9ead-40b2-ac6d-5b4f8e4b2522;49f5a04b-5599-4bf1-a3c3-2c6ca32bfd09;833955e9-a1a7-4d17-b6b8-c15bde1a5aad;d306fcb0-c50c-4615-830d-6db94c7acf52;353a3614-6682-4b11-9731-c5f6561338e2]]
2026-04-03 19:17:22.536,6.723,CrossSignalRelativeStable_OBS,atomic,[CrossSignalRelativeStable_OBS],[1.0000],1,6,1.0000,[dt-1;dt-2;dt-3],[[efdb985a-ec0b-4f10-a8fd-00792061795c;90769933-9ead-40b2-ac6d-5b4f8e4b2522;49f5a04b-5599-4bf1-a3c3-2c6ca32bfd09;833955e9-a1a7-4d17-b6b8-c15bde1a5aad;d306fcb0-c50c-4615-830d-6db94c7acf52;353a3614-6682-4b11-9731-c5f6561338e2]]
2026-04-03 19:17:22.537,6.724,CrossSignalAgreement_SYS,atomic,[CrossSignalAgreement_SYS],[1.0000],1,6,1.0000,[dt-1;dt-2;dt-3],[[efdb985a-ec0b-4f10-a8fd-00792061795c;90769933-9ead-40b2-ac6d-5b4f8e4b2522;49f5a04b-5599-4bf1-a3c3-2c6ca32bfd09;833955e9-a1a7-4d17-b6b8-c15bde1a5aad;d306fcb0-c50c-4615-830d-6db94c7acf52;353a3614-6682-4b11-9731-c5f6561338e2]]
2026-04-03 19:17:22.539,6.726,CrossSignalAgreement_OBS,atomic,[CrossSignalAgreement_OBS],[1.0000],1,6,1.0000,[dt-1;dt-2;dt-3],[[efdb985a-ec0b-4f10-a8fd-00792061795c;90769933-9ead-40b2-ac6d-5b4f8e4b2522;49f5a04b-5599-4bf1-a3c3-2c6ca32bfd09;833955e9-a1a7-4d17-b6b8-c15bde1a5aad;d306fcb0-c50c-4615-830d-6db94c7acf52;353a3614-6682-4b11-9731-c5f6561338e2]]
2026-04-03 19:17:22.546,6.733,CrossSignalRelativeStable_GT,atomic,[CrossSignalRelativeStable_GT],[1.0000],1,6,1.0000,[dt-1;dt-2;dt-3],[[0f2b9ea7-dc52-448c-a33a-e19767044a0a;a60c445b-720b-4ae4-85d8-8f3ef37b0ab1;254d85d1-4681-42ca-8616-0756e1a13b40;29614191-6f40-4b18-86ab-11833e11d358;29330096-5c3c-4983-ba1c-9c9c7d047c85;cd30698b-0961-4a18-b761-8d21becdc467]]
2026-04-03 19:17:22.546,6.733,CrossSignalAgreement_GT,atomic,[CrossSignalAgreement_GT],[1.0000],1,6,1.0000,[dt-1;dt-2;dt-3],[[0f2b9ea7-dc52-448c-a33a-e19767044a0a;a60c445b-720b-4ae4-85d8-8f3ef37b0ab1;254d85d1-4681-42ca-8616-0756e1a13b40;29614191-6f40-4b18-86ab-11833e11d358;29330096-5c3c-4983-ba1c-9c9c7d047c85;cd30698b-0961-4a18-b761-8d21becdc467]]
2026-04-03 19:17:22.646,6.833,CrossSignalRelativeStable_GT,atomic,[CrossSignalRelativeStable_GT],[1.0000],1,6,1.0000,[dt-1;dt-2;dt-3],[[29614191-6f40-4b18-86ab-11833e11d358;29330096-5c3c-4983-ba1c-9c9c7d047c85;cd30698b-0961-4a18-b761-8d21becdc467;dcf41c58-d690-4874-8a9d-10af8318c06d;a654ce37-e8d7-469b-a356-f3ecf840a7d4;472c73a3-5489-411d-85c8-b782bf1be2a1]]
2026-04-03 19:17:22.647,6.834,CrossSignalAgreement_GT,atomic,[CrossSignalAgreement_GT],[1.0000],1,6,1.0000,[dt-1;dt-2;dt-3],[[29614191-6f40-4b18-86ab-11833e11d358;29330096-5c3c-4983-ba1c-9c9c7d047c85;cd30698b-0961-4a18-b761-8d21becdc467;dcf41c58-d690-4874-8a9d-10af8318c06d;a654ce37-e8d7-469b-a356-f3ecf840a7d4;472c73a3-5489-411d-85c8-b782bf1be2a1]]
2026-04-03 19:17:22.648,6.835,CrossSignalRelativeStable_SYS,atomic,[CrossSignalRelativeStable_SYS],[1.0000],1,6,1.0000,[dt-1;dt-2;dt-3],[[833955e9-a1a7-4d17-b6b8-c15bde1a5aad;d306fcb0-c50c-4615-830d-6db94c7acf52;353a3614-6682-4b11-9731-c5f6561338e2;fb132163-bb0c-4c45-81fe-6338e3c1f090;b2f70784-2e27-4e6d-a91f-05ecff71514a;d8ad6042-9dca-443e-8cbf-280cb7ad30eb]]
2026-04-03 19:17:22.648,6.835,CrossSignalRelativeStable_OBS,atomic,[CrossSignalRelativeStable_OBS],[1.0000],1,6,1.0000,[dt-1;dt-2;dt-3],[[833955e9-a1a7-4d17-b6b8-c15bde1a5aad;d306fcb0-c50c-4615-830d-6db94c7acf52;353a3614-6682-4b11-9731-c5f6561338e2;fb132163-bb0c-4c45-81fe-6338e3c1f090;b2f70784-2e27-4e6d-a91f-05ecff71514a;d8ad6042-9dca-443e-8cbf-280cb7ad30eb]]
2026-04-03 19:17:22.649,6.836,CrossSignalAgreement_SYS,atomic,[CrossSignalAgreement_SYS],[1.0000],1,6,1.0000,[dt-1;dt-2;dt-3],[[833955e9-a1a7-4d17-b6b8-c15bde1a5aad;d306fcb0-c50c-4615-830d-6db94c7acf52;353a3614-6682-4b11-9731-c5f6561338e2;fb132163-bb0c-4c45-81fe-6338e3c1f090;b2f70784-2e27-4e6d-a91f-05ecff71514a;d8ad6042-9dca-443e-8cbf-280cb7ad30eb]]
2026-04-03 19:17:22.649,6.836,CrossSignalAgreement_OBS,atomic,[CrossSignalAgreement_OBS],[1.0000],1,6,1.0000,[dt-1;dt-2;dt-3],[[833955e9-a1a7-4d17-b6b8-c15bde1a5aad;d306fcb0-c50c-4615-830d-6db94c7acf52;353a3614-6682-4b11-9731-c5f6561338e2;fb132163-bb0c-4c45-81fe-6338e3c1f090;b2f70784-2e27-4e6d-a91f-05ecff71514a;d8ad6042-9dca-443e-8cbf-280cb7ad30eb]]
2026-04-03 19:17:22.760,6.947,CrossSignalRelativeStable_GT,atomic,[CrossSignalRelativeStable_GT],[1.0000],1,6,1.0000,[dt-1;dt-2;dt-3],[[dcf41c58-d690-4874-8a9d-10af8318c06d;a654ce37-e8d7-469b-a356-f3ecf840a7d4;472c73a3-5489-411d-85c8-b782bf1be2a1;c7cae981-c1cf-4aa0-949f-30c1e8f11992;e9b4b8c6-2c1d-418f-9bdc-d832e895f167;f3049ea8-c779-4fe5-92c9-21d673872623]]
2026-04-03 19:17:22.761,6.948,CrossSignalAgreement_GT,atomic,[CrossSignalAgreement_GT],[1.0000],1,6,1.0000,[dt-1;dt-2;dt-3],[[dcf41c58-d690-4874-8a9d-10af8318c06d;a654ce37-e8d7-469b-a356-f3ecf840a7d4;472c73a3-5489-411d-85c8-b782bf1be2a1;c7cae981-c1cf-4aa0-949f-30c1e8f11992;e9b4b8c6-2c1d-418f-9bdc-d832e895f167;f3049ea8-c779-4fe5-92c9-21d673872623]]
2026-04-03 19:17:22.766,6.953,CrossSignalRelativeStable_SYS,atomic,[CrossSignalRelativeStable_SYS],[1.0000],1,6,1.0000,[dt-1;dt-2;dt-3],[[fb132163-bb0c-4c45-81fe-6338e3c1f090;b2f70784-2e27-4e6d-a91f-05ecff71514a;d8ad6042-9dca-443e-8cbf-280cb7ad30eb;ba84d4da-6377-4b13-829d-a80c43f17f18;ec64dd3d-e26e-4cb0-af52-6fb3da41338e;0d5ae591-734e-45e8-92e9-2e242ddf2d50]]
2026-04-03 19:17:22.766,6.953,CrossSignalRelativeStable_OBS,atomic,[CrossSignalRelativeStable_OBS],[1.0000],1,6,1.0000,[dt-1;dt-2;dt-3],[[fb132163-bb0c-4c45-81fe-6338e3c1f090;b2f70784-2e27-4e6d-a91f-05ecff71514a;d8ad6042-9dca-443e-8cbf-280cb7ad30eb;ba84d4da-6377-4b13-829d-a80c43f17f18;ec64dd3d-e26e-4cb0-af52-6fb3da41338e;0d5ae591-734e-45e8-92e9-2e242ddf2d50]]
2026-04-03 19:17:22.767,6.954,CrossSignalAgreement_SYS,atomic,[CrossSignalAgreement_SYS],[1.0000],1,6,1.0000,[dt-1;dt-2;dt-3],[[fb132163-bb0c-4c45-81fe-6338e3c1f090;b2f70784-2e27-4e6d-a91f-05ecff71514a;d8ad6042-9dca-443e-8cbf-280cb7ad30eb;ba84d4da-6377-4b13-829d-a80c43f17f18;ec64dd3d-e26e-4cb0-af52-6fb3da41338e;0d5ae591-734e-45e8-92e9-2e242ddf2d50]]
2026-04-03 19:17:22.767,6.954,CrossSignalAgreement_OBS,atomic,[CrossSignalAgreement_OBS],[1.0000],1,6,1.0000,[dt-1;dt-2;dt-3],[[fb132163-bb0c-4c45-81fe-6338e3c1f090;b2f70784-2e27-4e6d-a91f-05ecff71514a;d8ad6042-9dca-443e-8cbf-280cb7ad30eb;ba84d4da-6377-4b13-829d-a80c43f17f18;ec64dd3d-e26e-4cb0-af52-6fb3da41338e;0d5ae591-734e-45e8-92e9-2e242ddf2d50]]
2026-04-03 19:17:22.869,7.056,CrossSignalRelativeStable_SYS,atomic,[CrossSignalRelativeStable_SYS],[1.0000],1,6,1.0000,[dt-1;dt-2;dt-3],[[ba84d4da-6377-4b13-829d-a80c43f17f18;ec64dd3d-e26e-4cb0-af52-6fb3da41338e;0d5ae591-734e-45e8-92e9-2e242ddf2d50;3439411b-fdce-4e9f-a3e1-846a589dcd74;fcf72b0d-0820-410e-b100-68a26bb0e034;f5126771-0876-48b8-b408-2589e973d495]]
2026-04-03 19:17:22.870,7.057,CrossSignalRelativeStable_OBS,atomic,[CrossSignalRelativeStable_OBS],[1.0000],1,6,1.0000,[dt-1;dt-2;dt-3],[[ba84d4da-6377-4b13-829d-a80c43f17f18;ec64dd3d-e26e-4cb0-af52-6fb3da41338e;0d5ae591-734e-45e8-92e9-2e242ddf2d50;3439411b-fdce-4e9f-a3e1-846a589dcd74;fcf72b0d-0820-410e-b100-68a26bb0e034;f5126771-0876-48b8-b408-2589e973d495]]
2026-04-03 19:17:22.870,7.057,CrossSignalAgreement_SYS,atomic,[CrossSignalAgreement_SYS],[1.0000],1,6,1.0000,[dt-1;dt-2;dt-3],[[ba84d4da-6377-4b13-829d-a80c43f17f18;ec64dd3d-e26e-4cb0-af52-6fb3da41338e;0d5ae591-734e-45e8-92e9-2e242ddf2d50;3439411b-fdce-4e9f-a3e1-846a589dcd74;fcf72b0d-0820-410e-b100-68a26bb0e034;f5126771-0876-48b8-b408-2589e973d495]]
2026-04-03 19:17:22.870,7.057,CrossSignalAgreement_OBS,atomic,[CrossSignalAgreement_OBS],[1.0000],1,6,1.0000,[dt-1;dt-2;dt-3],[[ba84d4da-6377-4b13-829d-a80c43f17f18;ec64dd3d-e26e-4cb0-af52-6fb3da41338e;0d5ae591-734e-45e8-92e9-2e242ddf2d50;3439411b-fdce-4e9f-a3e1-846a589dcd74;fcf72b0d-0820-410e-b100-68a26bb0e034;f5126771-0876-48b8-b408-2589e973d495]]
2026-04-03 19:17:22.877,7.064,CrossSignalRelativeStable_GT,atomic,[CrossSignalRelativeStable_GT],[1.0000],1,6,1.0000,[dt-1;dt-2;dt-3],[[c7cae981-c1cf-4aa0-949f-30c1e8f11992;e9b4b8c6-2c1d-418f-9bdc-d832e895f167;f3049ea8-c779-4fe5-92c9-21d673872623;63531907-d892-42b3-a080-2933e81c8a1e;ece79fdb-b0c2-4a5a-bbbd-011bbd657f12;7fd3146a-0da1-4eeb-8210-599d53f64cd2]]
2026-04-03 19:17:22.877,7.064,CrossSignalAgreement_GT,atomic,[CrossSignalAgreement_GT],[1.0000],1,6,1.0000,[dt-1;dt-2;dt-3],[[c7cae981-c1cf-4aa0-949f-30c1e8f11992;e9b4b8c6-2c1d-418f-9bdc-d832e895f167;f3049ea8-c779-4fe5-92c9-21d673872623;63531907-d892-42b3-a080-2933e81c8a1e;ece79fdb-b0c2-4a5a-bbbd-011bbd657f12;7fd3146a-0da1-4eeb-8210-599d53f64cd2]]
2026-04-03 19:17:22.979,7.166,CrossSignalRelativeStable_GT,atomic,[CrossSignalRelativeStable_GT],[1.0000],1,6,1.0000,[dt-1;dt-2;dt-3],[[63531907-d892-42b3-a080-2933e81c8a1e;ece79fdb-b0c2-4a5a-bbbd-011bbd657f12;7fd3146a-0da1-4eeb-8210-599d53f64cd2;c6069651-8532-4483-9279-262db196abe1;617d52f9-8944-4216-a9b1-4852ddf4d4b9;6f94ecce-40db-4495-a9f9-65ccdfbe5564]]
2026-04-03 19:17:22.979,7.166,CrossSignalTrendConsistency_GT,atomic,[CrossSignalTrendConsistency_GT],[1.0000],1,6,1.0000,[dt-1;dt-2;dt-3],[[63531907-d892-42b3-a080-2933e81c8a1e;ece79fdb-b0c2-4a5a-bbbd-011bbd657f12;7fd3146a-0da1-4eeb-8210-599d53f64cd2;c6069651-8532-4483-9279-262db196abe1;617d52f9-8944-4216-a9b1-4852ddf4d4b9;6f94ecce-40db-4495-a9f9-65ccdfbe5564]]
2026-04-03 19:17:22.980,7.167,CrossSignalAgreement_GT,atomic,[CrossSignalAgreement_GT],[1.0000],1,6,1.0000,[dt-1;dt-2;dt-3],[[63531907-d892-42b3-a080-2933e81c8a1e;ece79fdb-b0c2-4a5a-bbbd-011bbd657f12;7fd3146a-0da1-4eeb-8210-599d53f64cd2;c6069651-8532-4483-9279-262db196abe1;617d52f9-8944-4216-a9b1-4852ddf4d4b9;6f94ecce-40db-4495-a9f9-65ccdfbe5564]]
2026-04-03 19:17:22.981,7.168,CrossSignalRelativeStable_SYS,atomic,[CrossSignalRelativeStable_SYS],[1.0000],1,6,1.0000,[dt-1;dt-2;dt-3],[[3439411b-fdce-4e9f-a3e1-846a589dcd74;fcf72b0d-0820-410e-b100-68a26bb0e034;f5126771-0876-48b8-b408-2589e973d495;4dd6cb5a-1676-4a00-bd09-d4db4a6321ed;2490d801-9343-40ad-ab26-f3ac4a637e67;0a98187b-875a-4c40-bede-71f08db15920]]
2026-04-03 19:17:22.982,7.169,CrossSignalRelativeStable_OBS,atomic,[CrossSignalRelativeStable_OBS],[1.0000],1,6,1.0000,[dt-1;dt-2;dt-3],[[3439411b-fdce-4e9f-a3e1-846a589dcd74;fcf72b0d-0820-410e-b100-68a26bb0e034;f5126771-0876-48b8-b408-2589e973d495;4dd6cb5a-1676-4a00-bd09-d4db4a6321ed;2490d801-9343-40ad-ab26-f3ac4a637e67;0a98187b-875a-4c40-bede-71f08db15920]]
2026-04-03 19:17:22.982,7.169,CrossSignalTrendConsistency_SYS,atomic,[CrossSignalTrendConsistency_SYS],[1.0000],1,6,1.0000,[dt-1;dt-2;dt-3],[[3439411b-fdce-4e9f-a3e1-846a589dcd74;fcf72b0d-0820-410e-b100-68a26bb0e034;f5126771-0876-48b8-b408-2589e973d495;4dd6cb5a-1676-4a00-bd09-d4db4a6321ed;2490d801-9343-40ad-ab26-f3ac4a637e67;0a98187b-875a-4c40-bede-71f08db15920]]
2026-04-03 19:17:22.982,7.169,CrossSignalTrendConsistency_OBS,atomic,[CrossSignalTrendConsistency_OBS],[1.0000],1,6,1.0000,[dt-1;dt-2;dt-3],[[3439411b-fdce-4e9f-a3e1-846a589dcd74;fcf72b0d-0820-410e-b100-68a26bb0e034;f5126771-0876-48b8-b408-2589e973d495;4dd6cb5a-1676-4a00-bd09-d4db4a6321ed;2490d801-9343-40ad-ab26-f3ac4a637e67;0a98187b-875a-4c40-bede-71f08db15920]]
2026-04-03 19:17:22.983,7.170,CrossSignalAgreement_SYS,atomic,[CrossSignalAgreement_SYS],[1.0000],1,6,1.0000,[dt-1;dt-2;dt-3],[[3439411b-fdce-4e9f-a3e1-846a589dcd74;fcf72b0d-0820-410e-b100-68a26bb0e034;f5126771-0876-48b8-b408-2589e973d495;4dd6cb5a-1676-4a00-bd09-d4db4a6321ed;2490d801-9343-40ad-ab26-f3ac4a637e67;0a98187b-875a-4c40-bede-71f08db15920]]
2026-04-03 19:17:22.983,7.170,CrossSignalAgreement_OBS,atomic,[CrossSignalAgreement_OBS],[1.0000],1,6,1.0000,[dt-1;dt-2;dt-3],[[3439411b-fdce-4e9f-a3e1-846a589dcd74;fcf72b0d-0820-410e-b100-68a26bb0e034;f5126771-0876-48b8-b408-2589e973d495;4dd6cb5a-1676-4a00-bd09-d4db4a6321ed;2490d801-9343-40ad-ab26-f3ac4a637e67;0a98187b-875a-4c40-bede-71f08db15920]]
2026-04-03 19:17:23.090,7.277,CrossSignalRelativeStable_GT,atomic,[CrossSignalRelativeStable_GT],[1.0000],1,6,1.0000,[dt-1;dt-2;dt-3],[[c6069651-8532-4483-9279-262db196abe1;617d52f9-8944-4216-a9b1-4852ddf4d4b9;6f94ecce-40db-4495-a9f9-65ccdfbe5564;1317af6d-07aa-42e9-a379-804d6ca87294;ab22e134-6955-4684-b5e9-8fc27fea031a;b8d7e02d-c86b-4fd5-a81f-73e22edd1f83]]
2026-04-03 19:17:23.091,7.278,CrossSignalTrendConsistency_GT,atomic,[CrossSignalTrendConsistency_GT],[1.0000],1,6,1.0000,[dt-1;dt-2;dt-3],[[c6069651-8532-4483-9279-262db196abe1;617d52f9-8944-4216-a9b1-4852ddf4d4b9;6f94ecce-40db-4495-a9f9-65ccdfbe5564;1317af6d-07aa-42e9-a379-804d6ca87294;ab22e134-6955-4684-b5e9-8fc27fea031a;b8d7e02d-c86b-4fd5-a81f-73e22edd1f83]]
2026-04-03 19:17:23.091,7.278,CrossSignalAgreement_GT,atomic,[CrossSignalAgreement_GT],[1.0000],1,6,1.0000,[dt-1;dt-2;dt-3],[[c6069651-8532-4483-9279-262db196abe1;617d52f9-8944-4216-a9b1-4852ddf4d4b9;6f94ecce-40db-4495-a9f9-65ccdfbe5564;1317af6d-07aa-42e9-a379-804d6ca87294;ab22e134-6955-4684-b5e9-8fc27fea031a;b8d7e02d-c86b-4fd5-a81f-73e22edd1f83]]
2026-04-03 19:17:23.093,7.280,CrossSignalRelativeStable_SYS,atomic,[CrossSignalRelativeStable_SYS],[1.0000],1,6,1.0000,[dt-1;dt-2;dt-3],[[4dd6cb5a-1676-4a00-bd09-d4db4a6321ed;2490d801-9343-40ad-ab26-f3ac4a637e67;0a98187b-875a-4c40-bede-71f08db15920;6a2634ee-b787-4e40-9fe8-43c020234770;a852ea7f-68bf-44fa-ad7c-d50b88bb75ad;f943d17f-3e9f-48b7-a8f9-e7fc6c38f51b]]
2026-04-03 19:17:23.094,7.281,CrossSignalRelativeStable_OBS,atomic,[CrossSignalRelativeStable_OBS],[1.0000],1,6,1.0000,[dt-1;dt-2;dt-3],[[4dd6cb5a-1676-4a00-bd09-d4db4a6321ed;2490d801-9343-40ad-ab26-f3ac4a637e67;0a98187b-875a-4c40-bede-71f08db15920;6a2634ee-b787-4e40-9fe8-43c020234770;a852ea7f-68bf-44fa-ad7c-d50b88bb75ad;f943d17f-3e9f-48b7-a8f9-e7fc6c38f51b]]
2026-04-03 19:17:23.094,7.281,CrossSignalTrendConsistency_SYS,atomic,[CrossSignalTrendConsistency_SYS],[1.0000],1,6,1.0000,[dt-1;dt-2;dt-3],[[4dd6cb5a-1676-4a00-bd09-d4db4a6321ed;2490d801-9343-40ad-ab26-f3ac4a637e67;0a98187b-875a-4c40-bede-71f08db15920;6a2634ee-b787-4e40-9fe8-43c020234770;a852ea7f-68bf-44fa-ad7c-d50b88bb75ad;f943d17f-3e9f-48b7-a8f9-e7fc6c38f51b]]
2026-04-03 19:17:23.095,7.282,CrossSignalTrendConsistency_OBS,atomic,[CrossSignalTrendConsistency_OBS],[1.0000],1,6,1.0000,[dt-1;dt-2;dt-3],[[4dd6cb5a-1676-4a00-bd09-d4db4a6321ed;2490d801-9343-40ad-ab26-f3ac4a637e67;0a98187b-875a-4c40-bede-71f08db15920;6a2634ee-b787-4e40-9fe8-43c020234770;a852ea7f-68bf-44fa-ad7c-d50b88bb75ad;f943d17f-3e9f-48b7-a8f9-e7fc6c38f51b]]
2026-04-03 19:17:23.096,7.283,CrossSignalAgreement_SYS,atomic,[CrossSignalAgreement_SYS],[1.0000],1,6,1.0000,[dt-1;dt-2;dt-3],[[4dd6cb5a-1676-4a00-bd09-d4db4a6321ed;2490d801-9343-40ad-ab26-f3ac4a637e67;0a98187b-875a-4c40-bede-71f08db15920;6a2634ee-b787-4e40-9fe8-43c020234770;a852ea7f-68bf-44fa-ad7c-d50b88bb75ad;f943d17f-3e9f-48b7-a8f9-e7fc6c38f51b]]
2026-04-03 19:17:23.096,7.283,CrossSignalAgreement_OBS,atomic,[CrossSignalAgreement_OBS],[1.0000],1,6,1.0000,[dt-1;dt-2;dt-3],[[4dd6cb5a-1676-4a00-bd09-d4db4a6321ed;2490d801-9343-40ad-ab26-f3ac4a637e67;0a98187b-875a-4c40-bede-71f08db15920;6a2634ee-b787-4e40-9fe8-43c020234770;a852ea7f-68bf-44fa-ad7c-d50b88bb75ad;f943d17f-3e9f-48b7-a8f9-e7fc6c38f51b]]
2026-04-03 19:17:23.203,7.390,CrossSignalRelativeStable_GT,atomic,[CrossSignalRelativeStable_GT],[1.0000],1,6,1.0000,[dt-1;dt-2;dt-3],[[1317af6d-07aa-42e9-a379-804d6ca87294;ab22e134-6955-4684-b5e9-8fc27fea031a;b8d7e02d-c86b-4fd5-a81f-73e22edd1f83;31f79f01-6a1c-40e0-94cf-63c6e0904a5b;c06c3238-57ff-45e1-8d69-004b89b46266;780d92bb-776d-4431-9f70-a179788356f7]]
2026-04-03 19:17:23.204,7.391,CrossSignalAgreement_GT,atomic,[CrossSignalAgreement_GT],[1.0000],1,6,1.0000,[dt-1;dt-2;dt-3],[[1317af6d-07aa-42e9-a379-804d6ca87294;ab22e134-6955-4684-b5e9-8fc27fea031a;b8d7e02d-c86b-4fd5-a81f-73e22edd1f83;31f79f01-6a1c-40e0-94cf-63c6e0904a5b;c06c3238-57ff-45e1-8d69-004b89b46266;780d92bb-776d-4431-9f70-a179788356f7]]
2026-04-03 19:17:23.205,7.392,CrossSignalRelativeStable_SYS,atomic,[CrossSignalRelativeStable_SYS],[1.0000],1,6,1.0000,[dt-1;dt-2;dt-3],[[6a2634ee-b787-4e40-9fe8-43c020234770;a852ea7f-68bf-44fa-ad7c-d50b88bb75ad;f943d17f-3e9f-48b7-a8f9-e7fc6c38f51b;ad0cfcb5-aee2-4019-aff9-9dec9b940318;ef248f61-0bd2-4243-a000-501fbbe931a1;ed460d0a-1842-4598-b21d-2fd8c91899a9]]
2026-04-03 19:17:23.205,7.392,CrossSignalRelativeStable_OBS,atomic,[CrossSignalRelativeStable_OBS],[1.0000],1,6,1.0000,[dt-1;dt-2;dt-3],[[6a2634ee-b787-4e40-9fe8-43c020234770;a852ea7f-68bf-44fa-ad7c-d50b88bb75ad;f943d17f-3e9f-48b7-a8f9-e7fc6c38f51b;ad0cfcb5-aee2-4019-aff9-9dec9b940318;ef248f61-0bd2-4243-a000-501fbbe931a1;ed460d0a-1842-4598-b21d-2fd8c91899a9]]
2026-04-03 19:17:23.206,7.393,CrossSignalAgreement_SYS,atomic,[CrossSignalAgreement_SYS],[1.0000],1,6,1.0000,[dt-1;dt-2;dt-3],[[6a2634ee-b787-4e40-9fe8-43c020234770;a852ea7f-68bf-44fa-ad7c-d50b88bb75ad;f943d17f-3e9f-48b7-a8f9-e7fc6c38f51b;ad0cfcb5-aee2-4019-aff9-9dec9b940318;ef248f61-0bd2-4243-a000-501fbbe931a1;ed460d0a-1842-4598-b21d-2fd8c91899a9]]
2026-04-03 19:17:23.206,7.393,CrossSignalAgreement_OBS,atomic,[CrossSignalAgreement_OBS],[1.0000],1,6,1.0000,[dt-1;dt-2;dt-3],[[6a2634ee-b787-4e40-9fe8-43c020234770;a852ea7f-68bf-44fa-ad7c-d50b88bb75ad;f943d17f-3e9f-48b7-a8f9-e7fc6c38f51b;ad0cfcb5-aee2-4019-aff9-9dec9b940318;ef248f61-0bd2-4243-a000-501fbbe931a1;ed460d0a-1842-4598-b21d-2fd8c91899a9]]
2026-04-03 19:17:23.311,7.498,CrossSignalRelativeStable_GT,atomic,[CrossSignalRelativeStable_GT],[1.0000],1,6,1.0000,[dt-1;dt-2;dt-3],[[31f79f01-6a1c-40e0-94cf-63c6e0904a5b;c06c3238-57ff-45e1-8d69-004b89b46266;780d92bb-776d-4431-9f70-a179788356f7;89d9c8c3-2ea8-41f4-9b75-130bb7f63d39;03b53685-8612-48c2-9955-ea4191f6d296;f4c86fa8-f72c-4208-9872-667710f8418d]]
2026-04-03 19:17:23.312,7.499,CrossSignalAgreement_GT,atomic,[CrossSignalAgreement_GT],[1.0000],1,6,1.0000,[dt-1;dt-2;dt-3],[[31f79f01-6a1c-40e0-94cf-63c6e0904a5b;c06c3238-57ff-45e1-8d69-004b89b46266;780d92bb-776d-4431-9f70-a179788356f7;89d9c8c3-2ea8-41f4-9b75-130bb7f63d39;03b53685-8612-48c2-9955-ea4191f6d296;f4c86fa8-f72c-4208-9872-667710f8418d]]
2026-04-03 19:17:23.313,7.500,CrossSignalRelativeStable_SYS,atomic,[CrossSignalRelativeStable_SYS],[1.0000],1,6,1.0000,[dt-1;dt-2;dt-3],[[ad0cfcb5-aee2-4019-aff9-9dec9b940318;ef248f61-0bd2-4243-a000-501fbbe931a1;ed460d0a-1842-4598-b21d-2fd8c91899a9;1d4ca04f-37b6-4272-bdcd-537e77b0f659;801e0185-adb2-4932-a19e-3e8dae52c44b;10051f8b-3de9-4f3a-95e9-16513f377e70]]
2026-04-03 19:17:23.313,7.500,CrossSignalRelativeStable_OBS,atomic,[CrossSignalRelativeStable_OBS],[1.0000],1,6,1.0000,[dt-1;dt-2;dt-3],[[ad0cfcb5-aee2-4019-aff9-9dec9b940318;ef248f61-0bd2-4243-a000-501fbbe931a1;ed460d0a-1842-4598-b21d-2fd8c91899a9;1d4ca04f-37b6-4272-bdcd-537e77b0f659;801e0185-adb2-4932-a19e-3e8dae52c44b;10051f8b-3de9-4f3a-95e9-16513f377e70]]
2026-04-03 19:17:23.313,7.500,CrossSignalAgreement_SYS,atomic,[CrossSignalAgreement_SYS],[1.0000],1,6,1.0000,[dt-1;dt-2;dt-3],[[ad0cfcb5-aee2-4019-aff9-9dec9b940318;ef248f61-0bd2-4243-a000-501fbbe931a1;ed460d0a-1842-4598-b21d-2fd8c91899a9;1d4ca04f-37b6-4272-bdcd-537e77b0f659;801e0185-adb2-4932-a19e-3e8dae52c44b;10051f8b-3de9-4f3a-95e9-16513f377e70]]
2026-04-03 19:17:23.314,7.501,CrossSignalAgreement_OBS,atomic,[CrossSignalAgreement_OBS],[1.0000],1,6,1.0000,[dt-1;dt-2;dt-3],[[ad0cfcb5-aee2-4019-aff9-9dec9b940318;ef248f61-0bd2-4243-a000-501fbbe931a1;ed460d0a-1842-4598-b21d-2fd8c91899a9;1d4ca04f-37b6-4272-bdcd-537e77b0f659;801e0185-adb2-4932-a19e-3e8dae52c44b;10051f8b-3de9-4f3a-95e9-16513f377e70]]
2026-04-03 19:17:23.419,7.606,CrossSignalRelativeStable_GT,atomic,[CrossSignalRelativeStable_GT],[1.0000],1,6,1.0000,[dt-1;dt-2;dt-3],[[89d9c8c3-2ea8-41f4-9b75-130bb7f63d39;03b53685-8612-48c2-9955-ea4191f6d296;f4c86fa8-f72c-4208-9872-667710f8418d;a60682b6-8b86-492a-93db-c673c1d5facb;bfe35737-6072-46af-8766-939233d2a72d;4939f827-de98-4b34-8033-3b1df7e38541]]
2026-04-03 19:17:23.420,7.607,CrossSignalAgreement_GT,atomic,[CrossSignalAgreement_GT],[1.0000],1,6,1.0000,[dt-1;dt-2;dt-3],[[89d9c8c3-2ea8-41f4-9b75-130bb7f63d39;03b53685-8612-48c2-9955-ea4191f6d296;f4c86fa8-f72c-4208-9872-667710f8418d;a60682b6-8b86-492a-93db-c673c1d5facb;bfe35737-6072-46af-8766-939233d2a72d;4939f827-de98-4b34-8033-3b1df7e38541]]
2026-04-03 19:17:23.422,7.609,CrossSignalRelativeStable_SYS,atomic,[CrossSignalRelativeStable_SYS],[1.0000],1,6,1.0000,[dt-1;dt-2;dt-3],[[1d4ca04f-37b6-4272-bdcd-537e77b0f659;801e0185-adb2-4932-a19e-3e8dae52c44b;10051f8b-3de9-4f3a-95e9-16513f377e70;f4f0f582-91fe-4345-a11a-c073208a5ba9;4a114379-9fd8-44e1-af9a-841923eff128;21b61138-b0cf-4f12-9eab-237f4e3d248f]]
2026-04-03 19:17:23.422,7.609,CrossSignalRelativeStable_OBS,atomic,[CrossSignalRelativeStable_OBS],[1.0000],1,6,1.0000,[dt-1;dt-2;dt-3],[[1d4ca04f-37b6-4272-bdcd-537e77b0f659;801e0185-adb2-4932-a19e-3e8dae52c44b;10051f8b-3de9-4f3a-95e9-16513f377e70;f4f0f582-91fe-4345-a11a-c073208a5ba9;4a114379-9fd8-44e1-af9a-841923eff128;21b61138-b0cf-4f12-9eab-237f4e3d248f]]
2026-04-03 19:17:23.422,7.609,CrossSignalAgreement_SYS,atomic,[CrossSignalAgreement_SYS],[1.0000],1,6,1.0000,[dt-1;dt-2;dt-3],[[1d4ca04f-37b6-4272-bdcd-537e77b0f659;801e0185-adb2-4932-a19e-3e8dae52c44b;10051f8b-3de9-4f3a-95e9-16513f377e70;f4f0f582-91fe-4345-a11a-c073208a5ba9;4a114379-9fd8-44e1-af9a-841923eff128;21b61138-b0cf-4f12-9eab-237f4e3d248f]]
2026-04-03 19:17:23.423,7.610,CrossSignalAgreement_OBS,atomic,[CrossSignalAgreement_OBS],[1.0000],1,6,1.0000,[dt-1;dt-2;dt-3],[[1d4ca04f-37b6-4272-bdcd-537e77b0f659;801e0185-adb2-4932-a19e-3e8dae52c44b;10051f8b-3de9-4f3a-95e9-16513f377e70;f4f0f582-91fe-4345-a11a-c073208a5ba9;4a114379-9fd8-44e1-af9a-841923eff128;21b61138-b0cf-4f12-9eab-237f4e3d248f]]
2026-04-03 19:17:23.533,7.720,CrossSignalRelativeStable_GT,atomic,[CrossSignalRelativeStable_GT],[1.0000],1,6,1.0000,[dt-1;dt-2;dt-3],[[a60682b6-8b86-492a-93db-c673c1d5facb;bfe35737-6072-46af-8766-939233d2a72d;4939f827-de98-4b34-8033-3b1df7e38541;2a766c45-d2b6-4719-89a3-dbdf039e9fea;b94dbd88-b7e3-4919-90d9-36a46cc499ef;025a75f9-f517-4f1d-914e-f4b135fcc2f2]]
2026-04-03 19:17:23.534,7.721,CrossSignalAgreement_GT,atomic,[CrossSignalAgreement_GT],[1.0000],1,6,1.0000,[dt-1;dt-2;dt-3],[[a60682b6-8b86-492a-93db-c673c1d5facb;bfe35737-6072-46af-8766-939233d2a72d;4939f827-de98-4b34-8033-3b1df7e38541;2a766c45-d2b6-4719-89a3-dbdf039e9fea;b94dbd88-b7e3-4919-90d9-36a46cc499ef;025a75f9-f517-4f1d-914e-f4b135fcc2f2]]
2026-04-03 19:17:23.535,7.722,CrossSignalRelativeStable_SYS,atomic,[CrossSignalRelativeStable_SYS],[1.0000],1,6,1.0000,[dt-1;dt-2;dt-3],[[f4f0f582-91fe-4345-a11a-c073208a5ba9;4a114379-9fd8-44e1-af9a-841923eff128;21b61138-b0cf-4f12-9eab-237f4e3d248f;244d0797-a054-4597-b154-4ce00f2f3416;ff80f5fd-ddad-4bde-a6f5-b33faf72b27c;51955caf-9c35-4a6b-839b-68f4917f8375]]
2026-04-03 19:17:23.536,7.723,CrossSignalRelativeStable_OBS,atomic,[CrossSignalRelativeStable_OBS],[1.0000],1,6,1.0000,[dt-1;dt-2;dt-3],[[f4f0f582-91fe-4345-a11a-c073208a5ba9;4a114379-9fd8-44e1-af9a-841923eff128;21b61138-b0cf-4f12-9eab-237f4e3d248f;244d0797-a054-4597-b154-4ce00f2f3416;ff80f5fd-ddad-4bde-a6f5-b33faf72b27c;51955caf-9c35-4a6b-839b-68f4917f8375]]
2026-04-03 19:17:23.536,7.723,CrossSignalAgreement_SYS,atomic,[CrossSignalAgreement_SYS],[1.0000],1,6,1.0000,[dt-1;dt-2;dt-3],[[f4f0f582-91fe-4345-a11a-c073208a5ba9;4a114379-9fd8-44e1-af9a-841923eff128;21b61138-b0cf-4f12-9eab-237f4e3d248f;244d0797-a054-4597-b154-4ce00f2f3416;ff80f5fd-ddad-4bde-a6f5-b33faf72b27c;51955caf-9c35-4a6b-839b-68f4917f8375]]
2026-04-03 19:17:23.536,7.723,CrossSignalAgreement_OBS,atomic,[CrossSignalAgreement_OBS],[1.0000],1,6,1.0000,[dt-1;dt-2;dt-3],[[f4f0f582-91fe-4345-a11a-c073208a5ba9;4a114379-9fd8-44e1-af9a-841923eff128;21b61138-b0cf-4f12-9eab-237f4e3d248f;244d0797-a054-4597-b154-4ce00f2f3416;ff80f5fd-ddad-4bde-a6f5-b33faf72b27c;51955caf-9c35-4a6b-839b-68f4917f8375]]
2026-04-03 19:17:23.642,7.829,CrossSignalRelativeStable_GT,atomic,[CrossSignalRelativeStable_GT],[1.0000],1,6,1.0000,[dt-1;dt-2;dt-3],[[2a766c45-d2b6-4719-89a3-dbdf039e9fea;b94dbd88-b7e3-4919-90d9-36a46cc499ef;025a75f9-f517-4f1d-914e-f4b135fcc2f2;0bd374a2-ef98-46a2-bc2d-d1094fb31b85;878c3fd6-16b9-4b35-93e5-c94cf99b0dc5;20ec1215-213b-4e3f-b5e5-8e81e4fdc341]]
2026-04-03 19:17:23.643,7.830,CrossSignalAgreement_GT,atomic,[CrossSignalAgreement_GT],[1.0000],1,6,1.0000,[dt-1;dt-2;dt-3],[[2a766c45-d2b6-4719-89a3-dbdf039e9fea;b94dbd88-b7e3-4919-90d9-36a46cc499ef;025a75f9-f517-4f1d-914e-f4b135fcc2f2;0bd374a2-ef98-46a2-bc2d-d1094fb31b85;878c3fd6-16b9-4b35-93e5-c94cf99b0dc5;20ec1215-213b-4e3f-b5e5-8e81e4fdc341]]
2026-04-03 19:17:23.644,7.831,CrossSignalRelativeStable_SYS,atomic,[CrossSignalRelativeStable_SYS],[1.0000],1,6,1.0000,[dt-1;dt-2;dt-3],[[244d0797-a054-4597-b154-4ce00f2f3416;ff80f5fd-ddad-4bde-a6f5-b33faf72b27c;51955caf-9c35-4a6b-839b-68f4917f8375;53d0e0c7-6aa8-43b8-97a8-d6baf9d463cd;2ed7ccbe-8f12-44c0-b2fc-48ca0959b3ba;5c4ea47b-1174-4fe9-b99f-a64f9755af47]]
2026-04-03 19:17:23.645,7.832,CrossSignalRelativeStable_OBS,atomic,[CrossSignalRelativeStable_OBS],[1.0000],1,6,1.0000,[dt-1;dt-2;dt-3],[[244d0797-a054-4597-b154-4ce00f2f3416;ff80f5fd-ddad-4bde-a6f5-b33faf72b27c;51955caf-9c35-4a6b-839b-68f4917f8375;53d0e0c7-6aa8-43b8-97a8-d6baf9d463cd;2ed7ccbe-8f12-44c0-b2fc-48ca0959b3ba;5c4ea47b-1174-4fe9-b99f-a64f9755af47]]
2026-04-03 19:17:23.645,7.832,CrossSignalAgreement_SYS,atomic,[CrossSignalAgreement_SYS],[1.0000],1,6,1.0000,[dt-1;dt-2;dt-3],[[244d0797-a054-4597-b154-4ce00f2f3416;ff80f5fd-ddad-4bde-a6f5-b33faf72b27c;51955caf-9c35-4a6b-839b-68f4917f8375;53d0e0c7-6aa8-43b8-97a8-d6baf9d463cd;2ed7ccbe-8f12-44c0-b2fc-48ca0959b3ba;5c4ea47b-1174-4fe9-b99f-a64f9755af47]]
2026-04-03 19:17:23.645,7.832,CrossSignalAgreement_OBS,atomic,[CrossSignalAgreement_OBS],[1.0000],1,6,1.0000,[dt-1;dt-2;dt-3],[[244d0797-a054-4597-b154-4ce00f2f3416;ff80f5fd-ddad-4bde-a6f5-b33faf72b27c;51955caf-9c35-4a6b-839b-68f4917f8375;53d0e0c7-6aa8-43b8-97a8-d6baf9d463cd;2ed7ccbe-8f12-44c0-b2fc-48ca0959b3ba;5c4ea47b-1174-4fe9-b99f-a64f9755af47]]
2026-04-03 19:17:23.753,7.940,CrossSignalRelativeStable_GT,atomic,[CrossSignalRelativeStable_GT],[1.0000],1,6,1.0000,[dt-1;dt-2;dt-3],[[0bd374a2-ef98-46a2-bc2d-d1094fb31b85;878c3fd6-16b9-4b35-93e5-c94cf99b0dc5;20ec1215-213b-4e3f-b5e5-8e81e4fdc341;12541560-0f57-4bf8-81f8-7747faceb51d;5e20bf0f-e94c-49a1-ba4e-d78122cad199;32d3ef82-f45d-4630-a070-abd8244f78e0]]
2026-04-03 19:17:23.754,7.941,CrossSignalAgreement_GT,atomic,[CrossSignalAgreement_GT],[1.0000],1,6,1.0000,[dt-1;dt-2;dt-3],[[0bd374a2-ef98-46a2-bc2d-d1094fb31b85;878c3fd6-16b9-4b35-93e5-c94cf99b0dc5;20ec1215-213b-4e3f-b5e5-8e81e4fdc341;12541560-0f57-4bf8-81f8-7747faceb51d;5e20bf0f-e94c-49a1-ba4e-d78122cad199;32d3ef82-f45d-4630-a070-abd8244f78e0]]
2026-04-03 19:17:23.756,7.943,CrossSignalRelativeStable_SYS,atomic,[CrossSignalRelativeStable_SYS],[1.0000],1,6,1.0000,[dt-1;dt-2;dt-3],[[53d0e0c7-6aa8-43b8-97a8-d6baf9d463cd;2ed7ccbe-8f12-44c0-b2fc-48ca0959b3ba;5c4ea47b-1174-4fe9-b99f-a64f9755af47;c840f7dc-50c4-40c4-94e6-5fcd37768514;5130f698-1c27-43a1-8507-5094b58d8667;8280e90a-217e-4c18-a51b-d0db6605c089]]
2026-04-03 19:17:23.756,7.943,CrossSignalRelativeStable_OBS,atomic,[CrossSignalRelativeStable_OBS],[1.0000],1,6,1.0000,[dt-1;dt-2;dt-3],[[53d0e0c7-6aa8-43b8-97a8-d6baf9d463cd;2ed7ccbe-8f12-44c0-b2fc-48ca0959b3ba;5c4ea47b-1174-4fe9-b99f-a64f9755af47;c840f7dc-50c4-40c4-94e6-5fcd37768514;5130f698-1c27-43a1-8507-5094b58d8667;8280e90a-217e-4c18-a51b-d0db6605c089]]
2026-04-03 19:17:23.756,7.943,CrossSignalAgreement_SYS,atomic,[CrossSignalAgreement_SYS],[1.0000],1,6,1.0000,[dt-1;dt-2;dt-3],[[53d0e0c7-6aa8-43b8-97a8-d6baf9d463cd;2ed7ccbe-8f12-44c0-b2fc-48ca0959b3ba;5c4ea47b-1174-4fe9-b99f-a64f9755af47;c840f7dc-50c4-40c4-94e6-5fcd37768514;5130f698-1c27-43a1-8507-5094b58d8667;8280e90a-217e-4c18-a51b-d0db6605c089]]
2026-04-03 19:17:23.756,7.943,CrossSignalAgreement_OBS,atomic,[CrossSignalAgreement_OBS],[1.0000],1,6,1.0000,[dt-1;dt-2;dt-3],[[53d0e0c7-6aa8-43b8-97a8-d6baf9d463cd;2ed7ccbe-8f12-44c0-b2fc-48ca0959b3ba;5c4ea47b-1174-4fe9-b99f-a64f9755af47;c840f7dc-50c4-40c4-94e6-5fcd37768514;5130f698-1c27-43a1-8507-5094b58d8667;8280e90a-217e-4c18-a51b-d0db6605c089]]
2026-04-03 19:17:23.866,8.053,CrossSignalRelativeStable_GT,atomic,[CrossSignalRelativeStable_GT],[1.0000],1,6,1.0000,[dt-1;dt-2;dt-3],[[12541560-0f57-4bf8-81f8-7747faceb51d;5e20bf0f-e94c-49a1-ba4e-d78122cad199;32d3ef82-f45d-4630-a070-abd8244f78e0;323f1ad5-36e2-4f95-8115-f8a2b3960d22;53eac037-3373-4855-9e5d-82ac0311db0d;cb358cf1-1944-492d-96f8-f3d0979fc611]]
2026-04-03 19:17:23.867,8.054,CrossSignalAgreement_GT,atomic,[CrossSignalAgreement_GT],[1.0000],1,6,1.0000,[dt-1;dt-2;dt-3],[[12541560-0f57-4bf8-81f8-7747faceb51d;5e20bf0f-e94c-49a1-ba4e-d78122cad199;32d3ef82-f45d-4630-a070-abd8244f78e0;323f1ad5-36e2-4f95-8115-f8a2b3960d22;53eac037-3373-4855-9e5d-82ac0311db0d;cb358cf1-1944-492d-96f8-f3d0979fc611]]
2026-04-03 19:17:23.878,8.065,CrossSignalRelativeStable_SYS,atomic,[CrossSignalRelativeStable_SYS],[1.0000],1,6,1.0000,[dt-1;dt-2;dt-3],[[c840f7dc-50c4-40c4-94e6-5fcd37768514;5130f698-1c27-43a1-8507-5094b58d8667;8280e90a-217e-4c18-a51b-d0db6605c089;f84125b3-3bfb-47bb-a585-58167bc4fd49;c42f095f-97f4-436e-b125-f221506d6084;a74420b8-7d25-4fe8-809a-0a061987b3ed]]
2026-04-03 19:17:23.879,8.066,CrossSignalRelativeStable_OBS,atomic,[CrossSignalRelativeStable_OBS],[1.0000],1,6,1.0000,[dt-1;dt-2;dt-3],[[c840f7dc-50c4-40c4-94e6-5fcd37768514;5130f698-1c27-43a1-8507-5094b58d8667;8280e90a-217e-4c18-a51b-d0db6605c089;f84125b3-3bfb-47bb-a585-58167bc4fd49;c42f095f-97f4-436e-b125-f221506d6084;a74420b8-7d25-4fe8-809a-0a061987b3ed]]
2026-04-03 19:17:23.881,8.068,CrossSignalAgreement_SYS,atomic,[CrossSignalAgreement_SYS],[1.0000],1,6,1.0000,[dt-1;dt-2;dt-3],[[c840f7dc-50c4-40c4-94e6-5fcd37768514;5130f698-1c27-43a1-8507-5094b58d8667;8280e90a-217e-4c18-a51b-d0db6605c089;f84125b3-3bfb-47bb-a585-58167bc4fd49;c42f095f-97f4-436e-b125-f221506d6084;a74420b8-7d25-4fe8-809a-0a061987b3ed]]
2026-04-03 19:17:23.883,8.070,CrossSignalAgreement_OBS,atomic,[CrossSignalAgreement_OBS],[1.0000],1,6,1.0000,[dt-1;dt-2;dt-3],[[c840f7dc-50c4-40c4-94e6-5fcd37768514;5130f698-1c27-43a1-8507-5094b58d8667;8280e90a-217e-4c18-a51b-d0db6605c089;f84125b3-3bfb-47bb-a585-58167bc4fd49;c42f095f-97f4-436e-b125-f221506d6084;a74420b8-7d25-4fe8-809a-0a061987b3ed]]
2026-04-03 19:17:23.997,8.184,CrossSignalRelativeStable_GT,atomic,[CrossSignalRelativeStable_GT],[1.0000],1,6,1.0000,[dt-1;dt-2;dt-3],[[323f1ad5-36e2-4f95-8115-f8a2b3960d22;53eac037-3373-4855-9e5d-82ac0311db0d;cb358cf1-1944-492d-96f8-f3d0979fc611;8501de8f-187a-4ae6-bbe0-f7df4a77096a;133ded6e-a7cb-458f-bb46-1a86c0cdce8a;20e7ee2a-4f6b-4ecb-9093-af1e54182bd3]]
2026-04-03 19:17:23.997,8.184,CrossSignalAgreement_GT,atomic,[CrossSignalAgreement_GT],[1.0000],1,6,1.0000,[dt-1;dt-2;dt-3],[[323f1ad5-36e2-4f95-8115-f8a2b3960d22;53eac037-3373-4855-9e5d-82ac0311db0d;cb358cf1-1944-492d-96f8-f3d0979fc611;8501de8f-187a-4ae6-bbe0-f7df4a77096a;133ded6e-a7cb-458f-bb46-1a86c0cdce8a;20e7ee2a-4f6b-4ecb-9093-af1e54182bd3]]
2026-04-03 19:17:23.999,8.186,CrossSignalRelativeStable_SYS,atomic,[CrossSignalRelativeStable_SYS],[1.0000],1,6,1.0000,[dt-1;dt-2;dt-3],[[f84125b3-3bfb-47bb-a585-58167bc4fd49;c42f095f-97f4-436e-b125-f221506d6084;a74420b8-7d25-4fe8-809a-0a061987b3ed;0d069784-8411-40a6-975d-72bb8cb8a555;6c8a9522-4a93-49a8-af7f-95fc2c6a3dac;ffdce0c5-9b8d-4c5b-9026-37e1ef504e7c]]
2026-04-03 19:17:23.999,8.186,CrossSignalRelativeStable_OBS,atomic,[CrossSignalRelativeStable_OBS],[1.0000],1,6,1.0000,[dt-1;dt-2;dt-3],[[f84125b3-3bfb-47bb-a585-58167bc4fd49;c42f095f-97f4-436e-b125-f221506d6084;a74420b8-7d25-4fe8-809a-0a061987b3ed;0d069784-8411-40a6-975d-72bb8cb8a555;6c8a9522-4a93-49a8-af7f-95fc2c6a3dac;ffdce0c5-9b8d-4c5b-9026-37e1ef504e7c]]
2026-04-03 19:17:23.999,8.186,CrossSignalAgreement_SYS,atomic,[CrossSignalAgreement_SYS],[1.0000],1,6,1.0000,[dt-1;dt-2;dt-3],[[f84125b3-3bfb-47bb-a585-58167bc4fd49;c42f095f-97f4-436e-b125-f221506d6084;a74420b8-7d25-4fe8-809a-0a061987b3ed;0d069784-8411-40a6-975d-72bb8cb8a555;6c8a9522-4a93-49a8-af7f-95fc2c6a3dac;ffdce0c5-9b8d-4c5b-9026-37e1ef504e7c]]
2026-04-03 19:17:23.999,8.186,CrossSignalAgreement_OBS,atomic,[CrossSignalAgreement_OBS],[1.0000],1,6,1.0000,[dt-1;dt-2;dt-3],[[f84125b3-3bfb-47bb-a585-58167bc4fd49;c42f095f-97f4-436e-b125-f221506d6084;a74420b8-7d25-4fe8-809a-0a061987b3ed;0d069784-8411-40a6-975d-72bb8cb8a555;6c8a9522-4a93-49a8-af7f-95fc2c6a3dac;ffdce0c5-9b8d-4c5b-9026-37e1ef504e7c]]
2026-04-03 19:17:24.096,8.283,CrossSignalRelativeStable_SYS,atomic,[CrossSignalRelativeStable_SYS],[1.0000],1,6,1.0000,[dt-1;dt-2;dt-3],[[0d069784-8411-40a6-975d-72bb8cb8a555;6c8a9522-4a93-49a8-af7f-95fc2c6a3dac;ffdce0c5-9b8d-4c5b-9026-37e1ef504e7c;e6866837-fa91-46ce-a6b5-ed76d18c0982;05f5ea4f-b418-4f71-94d2-b0bdf44d0fab;9901bcb8-ca57-4c9f-94ea-8432ed950cad]]
2026-04-03 19:17:24.096,8.283,CrossSignalRelativeStable_OBS,atomic,[CrossSignalRelativeStable_OBS],[1.0000],1,6,1.0000,[dt-1;dt-2;dt-3],[[0d069784-8411-40a6-975d-72bb8cb8a555;6c8a9522-4a93-49a8-af7f-95fc2c6a3dac;ffdce0c5-9b8d-4c5b-9026-37e1ef504e7c;e6866837-fa91-46ce-a6b5-ed76d18c0982;05f5ea4f-b418-4f71-94d2-b0bdf44d0fab;9901bcb8-ca57-4c9f-94ea-8432ed950cad]]
2026-04-03 19:17:24.097,8.284,CrossSignalAgreement_SYS,atomic,[CrossSignalAgreement_SYS],[1.0000],1,6,1.0000,[dt-1;dt-2;dt-3],[[0d069784-8411-40a6-975d-72bb8cb8a555;6c8a9522-4a93-49a8-af7f-95fc2c6a3dac;ffdce0c5-9b8d-4c5b-9026-37e1ef504e7c;e6866837-fa91-46ce-a6b5-ed76d18c0982;05f5ea4f-b418-4f71-94d2-b0bdf44d0fab;9901bcb8-ca57-4c9f-94ea-8432ed950cad]]
2026-04-03 19:17:24.097,8.284,CrossSignalAgreement_OBS,atomic,[CrossSignalAgreement_OBS],[1.0000],1,6,1.0000,[dt-1;dt-2;dt-3],[[0d069784-8411-40a6-975d-72bb8cb8a555;6c8a9522-4a93-49a8-af7f-95fc2c6a3dac;ffdce0c5-9b8d-4c5b-9026-37e1ef504e7c;e6866837-fa91-46ce-a6b5-ed76d18c0982;05f5ea4f-b418-4f71-94d2-b0bdf44d0fab;9901bcb8-ca57-4c9f-94ea-8432ed950cad]]
2026-04-03 19:17:24.103,8.290,CrossSignalRelativeStable_GT,atomic,[CrossSignalRelativeStable_GT],[1.0000],1,6,1.0000,[dt-1;dt-2;dt-3],[[8501de8f-187a-4ae6-bbe0-f7df4a77096a;133ded6e-a7cb-458f-bb46-1a86c0cdce8a;20e7ee2a-4f6b-4ecb-9093-af1e54182bd3;41702a81-2121-43a4-b1c3-888ba62e5f7a;1323acd9-9e07-4be7-b00b-e7b93a04b405;5c762b1c-42d1-4d59-aa94-63c9cff924f0]]
2026-04-03 19:17:24.104,8.291,CrossSignalAgreement_GT,atomic,[CrossSignalAgreement_GT],[1.0000],1,6,1.0000,[dt-1;dt-2;dt-3],[[8501de8f-187a-4ae6-bbe0-f7df4a77096a;133ded6e-a7cb-458f-bb46-1a86c0cdce8a;20e7ee2a-4f6b-4ecb-9093-af1e54182bd3;41702a81-2121-43a4-b1c3-888ba62e5f7a;1323acd9-9e07-4be7-b00b-e7b93a04b405;5c762b1c-42d1-4d59-aa94-63c9cff924f0]]
2026-04-03 19:17:24.209,8.396,CrossSignalRelativeStable_SYS,atomic,[CrossSignalRelativeStable_SYS],[1.0000],1,6,1.0000,[dt-1;dt-2;dt-3],[[e6866837-fa91-46ce-a6b5-ed76d18c0982;05f5ea4f-b418-4f71-94d2-b0bdf44d0fab;9901bcb8-ca57-4c9f-94ea-8432ed950cad;33ca2b17-a78c-43aa-a8ee-dd2970743943;c43ad271-a4fb-46d5-a7eb-fd17ad9a6112;88975449-d34c-4184-a5ef-bd6830107574]]
2026-04-03 19:17:24.210,8.397,CrossSignalRelativeStable_OBS,atomic,[CrossSignalRelativeStable_OBS],[1.0000],1,6,1.0000,[dt-1;dt-2;dt-3],[[e6866837-fa91-46ce-a6b5-ed76d18c0982;05f5ea4f-b418-4f71-94d2-b0bdf44d0fab;9901bcb8-ca57-4c9f-94ea-8432ed950cad;33ca2b17-a78c-43aa-a8ee-dd2970743943;c43ad271-a4fb-46d5-a7eb-fd17ad9a6112;88975449-d34c-4184-a5ef-bd6830107574]]
2026-04-03 19:17:24.210,8.397,CrossSignalAgreement_SYS,atomic,[CrossSignalAgreement_SYS],[1.0000],1,6,1.0000,[dt-1;dt-2;dt-3],[[e6866837-fa91-46ce-a6b5-ed76d18c0982;05f5ea4f-b418-4f71-94d2-b0bdf44d0fab;9901bcb8-ca57-4c9f-94ea-8432ed950cad;33ca2b17-a78c-43aa-a8ee-dd2970743943;c43ad271-a4fb-46d5-a7eb-fd17ad9a6112;88975449-d34c-4184-a5ef-bd6830107574]]
2026-04-03 19:17:24.210,8.397,CrossSignalAgreement_OBS,atomic,[CrossSignalAgreement_OBS],[1.0000],1,6,1.0000,[dt-1;dt-2;dt-3],[[e6866837-fa91-46ce-a6b5-ed76d18c0982;05f5ea4f-b418-4f71-94d2-b0bdf44d0fab;9901bcb8-ca57-4c9f-94ea-8432ed950cad;33ca2b17-a78c-43aa-a8ee-dd2970743943;c43ad271-a4fb-46d5-a7eb-fd17ad9a6112;88975449-d34c-4184-a5ef-bd6830107574]]
2026-04-03 19:17:24.218,8.405,CrossSignalRelativeStable_GT,atomic,[CrossSignalRelativeStable_GT],[1.0000],1,6,1.0000,[dt-1;dt-2;dt-3],[[41702a81-2121-43a4-b1c3-888ba62e5f7a;1323acd9-9e07-4be7-b00b-e7b93a04b405;5c762b1c-42d1-4d59-aa94-63c9cff924f0;c79cecb3-0d24-4b08-9f51-f4b19602180a;1b8582a7-c6da-4133-be98-e7f97d6074b9;219c50b7-41c6-4447-83e0-4671a728e680]]
2026-04-03 19:17:24.218,8.405,CrossSignalAgreement_GT,atomic,[CrossSignalAgreement_GT],[1.0000],1,6,1.0000,[dt-1;dt-2;dt-3],[[41702a81-2121-43a4-b1c3-888ba62e5f7a;1323acd9-9e07-4be7-b00b-e7b93a04b405;5c762b1c-42d1-4d59-aa94-63c9cff924f0;c79cecb3-0d24-4b08-9f51-f4b19602180a;1b8582a7-c6da-4133-be98-e7f97d6074b9;219c50b7-41c6-4447-83e0-4671a728e680]]
2026-04-03 19:17:24.315,8.502,CrossSignalRelativeStable_GT,atomic,[CrossSignalRelativeStable_GT],[1.0000],1,6,1.0000,[dt-1;dt-2;dt-3],[[c79cecb3-0d24-4b08-9f51-f4b19602180a;1b8582a7-c6da-4133-be98-e7f97d6074b9;219c50b7-41c6-4447-83e0-4671a728e680;f28886e3-9c49-4160-af2e-6ad546eb5db8;821166ee-ef3c-4b4d-a02a-ae013ea43617;629e9eee-43d1-4bb9-a9a5-e8a50de94210]]
2026-04-03 19:17:24.316,8.503,CrossSignalAgreement_GT,atomic,[CrossSignalAgreement_GT],[1.0000],1,6,1.0000,[dt-1;dt-2;dt-3],[[c79cecb3-0d24-4b08-9f51-f4b19602180a;1b8582a7-c6da-4133-be98-e7f97d6074b9;219c50b7-41c6-4447-83e0-4671a728e680;f28886e3-9c49-4160-af2e-6ad546eb5db8;821166ee-ef3c-4b4d-a02a-ae013ea43617;629e9eee-43d1-4bb9-a9a5-e8a50de94210]]
2026-04-03 19:17:24.317,8.504,CrossSignalRelativeStable_SYS,atomic,[CrossSignalRelativeStable_SYS],[1.0000],1,6,1.0000,[dt-1;dt-2;dt-3],[[33ca2b17-a78c-43aa-a8ee-dd2970743943;c43ad271-a4fb-46d5-a7eb-fd17ad9a6112;88975449-d34c-4184-a5ef-bd6830107574;574cd617-75e9-42d4-8e30-0657dc8164de;35c1317e-c0d2-4567-9384-b5762e331778;903b74e1-7384-4d20-a8ec-be98a9beb19c]]
2026-04-03 19:17:24.318,8.505,CrossSignalRelativeStable_OBS,atomic,[CrossSignalRelativeStable_OBS],[1.0000],1,6,1.0000,[dt-1;dt-2;dt-3],[[33ca2b17-a78c-43aa-a8ee-dd2970743943;c43ad271-a4fb-46d5-a7eb-fd17ad9a6112;88975449-d34c-4184-a5ef-bd6830107574;574cd617-75e9-42d4-8e30-0657dc8164de;35c1317e-c0d2-4567-9384-b5762e331778;903b74e1-7384-4d20-a8ec-be98a9beb19c]]
2026-04-03 19:17:24.318,8.505,CrossSignalAgreement_SYS,atomic,[CrossSignalAgreement_SYS],[1.0000],1,6,1.0000,[dt-1;dt-2;dt-3],[[33ca2b17-a78c-43aa-a8ee-dd2970743943;c43ad271-a4fb-46d5-a7eb-fd17ad9a6112;88975449-d34c-4184-a5ef-bd6830107574;574cd617-75e9-42d4-8e30-0657dc8164de;35c1317e-c0d2-4567-9384-b5762e331778;903b74e1-7384-4d20-a8ec-be98a9beb19c]]
2026-04-03 19:17:24.318,8.505,CrossSignalAgreement_OBS,atomic,[CrossSignalAgreement_OBS],[1.0000],1,6,1.0000,[dt-1;dt-2;dt-3],[[33ca2b17-a78c-43aa-a8ee-dd2970743943;c43ad271-a4fb-46d5-a7eb-fd17ad9a6112;88975449-d34c-4184-a5ef-bd6830107574;574cd617-75e9-42d4-8e30-0657dc8164de;35c1317e-c0d2-4567-9384-b5762e331778;903b74e1-7384-4d20-a8ec-be98a9beb19c]]
2026-04-03 19:17:24.426,8.613,CrossSignalRelativeStable_GT,atomic,[CrossSignalRelativeStable_GT],[1.0000],1,6,1.0000,[dt-1;dt-2;dt-3],[[f28886e3-9c49-4160-af2e-6ad546eb5db8;821166ee-ef3c-4b4d-a02a-ae013ea43617;629e9eee-43d1-4bb9-a9a5-e8a50de94210;82ed1212-331e-4727-8780-7714e9dafaf7;ca8c06e9-bbc1-4ecd-9187-b9e422e9f8fd;0a970826-2a44-466a-ae83-45442ca44acc]]
2026-04-03 19:17:24.427,8.614,CrossSignalAgreement_GT,atomic,[CrossSignalAgreement_GT],[1.0000],1,6,1.0000,[dt-1;dt-2;dt-3],[[f28886e3-9c49-4160-af2e-6ad546eb5db8;821166ee-ef3c-4b4d-a02a-ae013ea43617;629e9eee-43d1-4bb9-a9a5-e8a50de94210;82ed1212-331e-4727-8780-7714e9dafaf7;ca8c06e9-bbc1-4ecd-9187-b9e422e9f8fd;0a970826-2a44-466a-ae83-45442ca44acc]]
2026-04-03 19:17:24.427,8.614,CrossSignalRelativeStable_SYS,atomic,[CrossSignalRelativeStable_SYS],[1.0000],1,6,1.0000,[dt-1;dt-2;dt-3],[[574cd617-75e9-42d4-8e30-0657dc8164de;35c1317e-c0d2-4567-9384-b5762e331778;903b74e1-7384-4d20-a8ec-be98a9beb19c;b496b5b3-bc12-4a63-b6f6-d8da8c3f048a;daf67f15-5acb-44a7-a825-55099f961033;22635ef8-b306-4ac6-a834-02fd2ba01861]]
2026-04-03 19:17:24.428,8.615,CrossSignalRelativeStable_OBS,atomic,[CrossSignalRelativeStable_OBS],[1.0000],1,6,1.0000,[dt-1;dt-2;dt-3],[[574cd617-75e9-42d4-8e30-0657dc8164de;35c1317e-c0d2-4567-9384-b5762e331778;903b74e1-7384-4d20-a8ec-be98a9beb19c;b496b5b3-bc12-4a63-b6f6-d8da8c3f048a;daf67f15-5acb-44a7-a825-55099f961033;22635ef8-b306-4ac6-a834-02fd2ba01861]]
2026-04-03 19:17:24.428,8.615,CrossSignalAgreement_SYS,atomic,[CrossSignalAgreement_SYS],[1.0000],1,6,1.0000,[dt-1;dt-2;dt-3],[[574cd617-75e9-42d4-8e30-0657dc8164de;35c1317e-c0d2-4567-9384-b5762e331778;903b74e1-7384-4d20-a8ec-be98a9beb19c;b496b5b3-bc12-4a63-b6f6-d8da8c3f048a;daf67f15-5acb-44a7-a825-55099f961033;22635ef8-b306-4ac6-a834-02fd2ba01861]]
2026-04-03 19:17:24.428,8.615,CrossSignalAgreement_OBS,atomic,[CrossSignalAgreement_OBS],[1.0000],1,6,1.0000,[dt-1;dt-2;dt-3],[[574cd617-75e9-42d4-8e30-0657dc8164de;35c1317e-c0d2-4567-9384-b5762e331778;903b74e1-7384-4d20-a8ec-be98a9beb19c;b496b5b3-bc12-4a63-b6f6-d8da8c3f048a;daf67f15-5acb-44a7-a825-55099f961033;22635ef8-b306-4ac6-a834-02fd2ba01861]]
2026-04-03 19:17:24.534,8.721,CrossSignalRelativeStable_GT,atomic,[CrossSignalRelativeStable_GT],[1.0000],1,6,1.0000,[dt-1;dt-2;dt-3],[[82ed1212-331e-4727-8780-7714e9dafaf7;ca8c06e9-bbc1-4ecd-9187-b9e422e9f8fd;0a970826-2a44-466a-ae83-45442ca44acc;350fc818-3a66-472c-8049-9989d492cc85;56b69fcb-6c6c-473e-b5f5-aa69698f1250;b78e6ed1-d740-47ff-9a9a-30fddecdad9f]]
2026-04-03 19:17:24.535,8.722,CrossSignalAgreement_GT,atomic,[CrossSignalAgreement_GT],[1.0000],1,6,1.0000,[dt-1;dt-2;dt-3],[[82ed1212-331e-4727-8780-7714e9dafaf7;ca8c06e9-bbc1-4ecd-9187-b9e422e9f8fd;0a970826-2a44-466a-ae83-45442ca44acc;350fc818-3a66-472c-8049-9989d492cc85;56b69fcb-6c6c-473e-b5f5-aa69698f1250;b78e6ed1-d740-47ff-9a9a-30fddecdad9f]]
2026-04-03 19:17:24.535,8.722,CrossSignalRelativeStable_SYS,atomic,[CrossSignalRelativeStable_SYS],[1.0000],1,6,1.0000,[dt-1;dt-2;dt-3],[[b496b5b3-bc12-4a63-b6f6-d8da8c3f048a;daf67f15-5acb-44a7-a825-55099f961033;22635ef8-b306-4ac6-a834-02fd2ba01861;15768be6-1132-4ae8-a645-8556f7a81cdd;efc53e7d-9986-47df-b8d7-4c2df245948f;da520b08-c20f-45b9-a6d8-2738e5b66277]]
2026-04-03 19:17:24.536,8.723,CrossSignalRelativeStable_OBS,atomic,[CrossSignalRelativeStable_OBS],[1.0000],1,6,1.0000,[dt-1;dt-2;dt-3],[[b496b5b3-bc12-4a63-b6f6-d8da8c3f048a;daf67f15-5acb-44a7-a825-55099f961033;22635ef8-b306-4ac6-a834-02fd2ba01861;15768be6-1132-4ae8-a645-8556f7a81cdd;efc53e7d-9986-47df-b8d7-4c2df245948f;da520b08-c20f-45b9-a6d8-2738e5b66277]]
2026-04-03 19:17:24.536,8.723,CrossSignalAgreement_SYS,atomic,[CrossSignalAgreement_SYS],[1.0000],1,6,1.0000,[dt-1;dt-2;dt-3],[[b496b5b3-bc12-4a63-b6f6-d8da8c3f048a;daf67f15-5acb-44a7-a825-55099f961033;22635ef8-b306-4ac6-a834-02fd2ba01861;15768be6-1132-4ae8-a645-8556f7a81cdd;efc53e7d-9986-47df-b8d7-4c2df245948f;da520b08-c20f-45b9-a6d8-2738e5b66277]]
2026-04-03 19:17:24.537,8.724,CrossSignalAgreement_OBS,atomic,[CrossSignalAgreement_OBS],[1.0000],1,6,1.0000,[dt-1;dt-2;dt-3],[[b496b5b3-bc12-4a63-b6f6-d8da8c3f048a;daf67f15-5acb-44a7-a825-55099f961033;22635ef8-b306-4ac6-a834-02fd2ba01861;15768be6-1132-4ae8-a645-8556f7a81cdd;efc53e7d-9986-47df-b8d7-4c2df245948f;da520b08-c20f-45b9-a6d8-2738e5b66277]]
2026-04-03 19:17:24.645,8.832,CrossSignalRelativeStable_GT,atomic,[CrossSignalRelativeStable_GT],[1.0000],1,6,1.0000,[dt-1;dt-2;dt-3],[[350fc818-3a66-472c-8049-9989d492cc85;56b69fcb-6c6c-473e-b5f5-aa69698f1250;b78e6ed1-d740-47ff-9a9a-30fddecdad9f;025b4d8f-e811-48c5-8272-256a404ed75e;9818c857-24b2-47f4-87ac-bac0a4b62720;d6b3fcee-1c66-4b6a-ab8e-49816affd9e7]]
2026-04-03 19:17:24.646,8.833,CrossSignalAgreement_GT,atomic,[CrossSignalAgreement_GT],[1.0000],1,6,1.0000,[dt-1;dt-2;dt-3],[[350fc818-3a66-472c-8049-9989d492cc85;56b69fcb-6c6c-473e-b5f5-aa69698f1250;b78e6ed1-d740-47ff-9a9a-30fddecdad9f;025b4d8f-e811-48c5-8272-256a404ed75e;9818c857-24b2-47f4-87ac-bac0a4b62720;d6b3fcee-1c66-4b6a-ab8e-49816affd9e7]]
2026-04-03 19:17:24.647,8.834,CrossSignalRelativeStable_SYS,atomic,[CrossSignalRelativeStable_SYS],[1.0000],1,6,1.0000,[dt-1;dt-2;dt-3],[[15768be6-1132-4ae8-a645-8556f7a81cdd;efc53e7d-9986-47df-b8d7-4c2df245948f;da520b08-c20f-45b9-a6d8-2738e5b66277;59cc74e6-5126-4d24-b3ed-de62bcb43c2d;8acdbb8b-ea79-4d57-9b2f-2eef2345bb1a;d36dac5a-7cd7-46e4-b7cb-adf2eacde025]]
2026-04-03 19:17:24.647,8.834,CrossSignalRelativeStable_OBS,atomic,[CrossSignalRelativeStable_OBS],[1.0000],1,6,1.0000,[dt-1;dt-2;dt-3],[[15768be6-1132-4ae8-a645-8556f7a81cdd;efc53e7d-9986-47df-b8d7-4c2df245948f;da520b08-c20f-45b9-a6d8-2738e5b66277;59cc74e6-5126-4d24-b3ed-de62bcb43c2d;8acdbb8b-ea79-4d57-9b2f-2eef2345bb1a;d36dac5a-7cd7-46e4-b7cb-adf2eacde025]]
2026-04-03 19:17:24.647,8.834,CrossSignalAgreement_SYS,atomic,[CrossSignalAgreement_SYS],[1.0000],1,6,1.0000,[dt-1;dt-2;dt-3],[[15768be6-1132-4ae8-a645-8556f7a81cdd;efc53e7d-9986-47df-b8d7-4c2df245948f;da520b08-c20f-45b9-a6d8-2738e5b66277;59cc74e6-5126-4d24-b3ed-de62bcb43c2d;8acdbb8b-ea79-4d57-9b2f-2eef2345bb1a;d36dac5a-7cd7-46e4-b7cb-adf2eacde025]]
2026-04-03 19:17:24.647,8.834,CrossSignalAgreement_OBS,atomic,[CrossSignalAgreement_OBS],[1.0000],1,6,1.0000,[dt-1;dt-2;dt-3],[[15768be6-1132-4ae8-a645-8556f7a81cdd;efc53e7d-9986-47df-b8d7-4c2df245948f;da520b08-c20f-45b9-a6d8-2738e5b66277;59cc74e6-5126-4d24-b3ed-de62bcb43c2d;8acdbb8b-ea79-4d57-9b2f-2eef2345bb1a;d36dac5a-7cd7-46e4-b7cb-adf2eacde025]]
2026-04-03 19:17:24.758,8.945,CrossSignalRelativeStable_GT,atomic,[CrossSignalRelativeStable_GT],[1.0000],1,6,1.0000,[dt-1;dt-2;dt-3],[[025b4d8f-e811-48c5-8272-256a404ed75e;9818c857-24b2-47f4-87ac-bac0a4b62720;d6b3fcee-1c66-4b6a-ab8e-49816affd9e7;af31c3a9-8dfc-453f-80a6-1f04789590ee;d55bd73a-6690-4876-b81c-c9541d754bcf;ee1d349f-b344-4122-8be6-a9a45eba7d39]]
2026-04-03 19:17:24.759,8.946,CrossSignalTrendConsistency_GT,atomic,[CrossSignalTrendConsistency_GT],[1.0000],1,6,1.0000,[dt-1;dt-2;dt-3],[[025b4d8f-e811-48c5-8272-256a404ed75e;9818c857-24b2-47f4-87ac-bac0a4b62720;d6b3fcee-1c66-4b6a-ab8e-49816affd9e7;af31c3a9-8dfc-453f-80a6-1f04789590ee;d55bd73a-6690-4876-b81c-c9541d754bcf;ee1d349f-b344-4122-8be6-a9a45eba7d39]]
2026-04-03 19:17:24.759,8.946,CrossSignalAgreement_GT,atomic,[CrossSignalAgreement_GT],[1.0000],1,6,1.0000,[dt-1;dt-2;dt-3],[[025b4d8f-e811-48c5-8272-256a404ed75e;9818c857-24b2-47f4-87ac-bac0a4b62720;d6b3fcee-1c66-4b6a-ab8e-49816affd9e7;af31c3a9-8dfc-453f-80a6-1f04789590ee;d55bd73a-6690-4876-b81c-c9541d754bcf;ee1d349f-b344-4122-8be6-a9a45eba7d39]]
2026-04-03 19:17:24.759,8.946,CrossSignalRelativeStable_SYS,atomic,[CrossSignalRelativeStable_SYS],[1.0000],1,6,1.0000,[dt-1;dt-2;dt-3],[[59cc74e6-5126-4d24-b3ed-de62bcb43c2d;8acdbb8b-ea79-4d57-9b2f-2eef2345bb1a;d36dac5a-7cd7-46e4-b7cb-adf2eacde025;d422f833-5d91-497e-81e9-dc487da12594;5e90f85a-734c-4a79-b6f7-db3ee979a840;0793fb8f-1e14-45fc-a193-88b558e17195]]
2026-04-03 19:17:24.760,8.947,CrossSignalRelativeStable_OBS,atomic,[CrossSignalRelativeStable_OBS],[1.0000],1,6,1.0000,[dt-1;dt-2;dt-3],[[59cc74e6-5126-4d24-b3ed-de62bcb43c2d;8acdbb8b-ea79-4d57-9b2f-2eef2345bb1a;d36dac5a-7cd7-46e4-b7cb-adf2eacde025;d422f833-5d91-497e-81e9-dc487da12594;5e90f85a-734c-4a79-b6f7-db3ee979a840;0793fb8f-1e14-45fc-a193-88b558e17195]]
2026-04-03 19:17:24.760,8.947,CrossSignalTrendConsistency_SYS,atomic,[CrossSignalTrendConsistency_SYS],[1.0000],1,6,1.0000,[dt-1;dt-2;dt-3],[[59cc74e6-5126-4d24-b3ed-de62bcb43c2d;8acdbb8b-ea79-4d57-9b2f-2eef2345bb1a;d36dac5a-7cd7-46e4-b7cb-adf2eacde025;d422f833-5d91-497e-81e9-dc487da12594;5e90f85a-734c-4a79-b6f7-db3ee979a840;0793fb8f-1e14-45fc-a193-88b558e17195]]
2026-04-03 19:17:24.760,8.947,CrossSignalTrendConsistency_OBS,atomic,[CrossSignalTrendConsistency_OBS],[1.0000],1,6,1.0000,[dt-1;dt-2;dt-3],[[59cc74e6-5126-4d24-b3ed-de62bcb43c2d;8acdbb8b-ea79-4d57-9b2f-2eef2345bb1a;d36dac5a-7cd7-46e4-b7cb-adf2eacde025;d422f833-5d91-497e-81e9-dc487da12594;5e90f85a-734c-4a79-b6f7-db3ee979a840;0793fb8f-1e14-45fc-a193-88b558e17195]]
2026-04-03 19:17:24.760,8.947,CrossSignalAgreement_SYS,atomic,[CrossSignalAgreement_SYS],[1.0000],1,6,1.0000,[dt-1;dt-2;dt-3],[[59cc74e6-5126-4d24-b3ed-de62bcb43c2d;8acdbb8b-ea79-4d57-9b2f-2eef2345bb1a;d36dac5a-7cd7-46e4-b7cb-adf2eacde025;d422f833-5d91-497e-81e9-dc487da12594;5e90f85a-734c-4a79-b6f7-db3ee979a840;0793fb8f-1e14-45fc-a193-88b558e17195]]
2026-04-03 19:17:24.760,8.947,CrossSignalAgreement_OBS,atomic,[CrossSignalAgreement_OBS],[1.0000],1,6,1.0000,[dt-1;dt-2;dt-3],[[59cc74e6-5126-4d24-b3ed-de62bcb43c2d;8acdbb8b-ea79-4d57-9b2f-2eef2345bb1a;d36dac5a-7cd7-46e4-b7cb-adf2eacde025;d422f833-5d91-497e-81e9-dc487da12594;5e90f85a-734c-4a79-b6f7-db3ee979a840;0793fb8f-1e14-45fc-a193-88b558e17195]]
2026-04-03 19:17:24.868,9.055,CrossSignalRelativeStable_GT,atomic,[CrossSignalRelativeStable_GT],[1.0000],1,6,1.0000,[dt-1;dt-2;dt-3],[[af31c3a9-8dfc-453f-80a6-1f04789590ee;d55bd73a-6690-4876-b81c-c9541d754bcf;ee1d349f-b344-4122-8be6-a9a45eba7d39;6b2c8c11-9b6b-4415-8fcf-b5b53979bef9;0aa8bc4f-ed00-4838-89fc-869db600aed8;c0d2c087-5db2-4aa3-b037-594fc9c8755a]]
2026-04-03 19:17:24.869,9.056,CrossSignalAgreement_GT,atomic,[CrossSignalAgreement_GT],[1.0000],1,6,1.0000,[dt-1;dt-2;dt-3],[[af31c3a9-8dfc-453f-80a6-1f04789590ee;d55bd73a-6690-4876-b81c-c9541d754bcf;ee1d349f-b344-4122-8be6-a9a45eba7d39;6b2c8c11-9b6b-4415-8fcf-b5b53979bef9;0aa8bc4f-ed00-4838-89fc-869db600aed8;c0d2c087-5db2-4aa3-b037-594fc9c8755a]]
2026-04-03 19:17:24.871,9.058,CrossSignalRelativeStable_SYS,atomic,[CrossSignalRelativeStable_SYS],[1.0000],1,6,1.0000,[dt-1;dt-2;dt-3],[[d422f833-5d91-497e-81e9-dc487da12594;5e90f85a-734c-4a79-b6f7-db3ee979a840;0793fb8f-1e14-45fc-a193-88b558e17195;81d9f88f-ef70-444a-b081-93539d4c317e;16a7c803-a0dc-4fd7-90ec-2e35e78b08bb;60c47aad-29f7-4a38-8052-39c24e1b0ec1]]
2026-04-03 19:17:24.871,9.058,CrossSignalRelativeStable_OBS,atomic,[CrossSignalRelativeStable_OBS],[1.0000],1,6,1.0000,[dt-1;dt-2;dt-3],[[d422f833-5d91-497e-81e9-dc487da12594;5e90f85a-734c-4a79-b6f7-db3ee979a840;0793fb8f-1e14-45fc-a193-88b558e17195;81d9f88f-ef70-444a-b081-93539d4c317e;16a7c803-a0dc-4fd7-90ec-2e35e78b08bb;60c47aad-29f7-4a38-8052-39c24e1b0ec1]]
2026-04-03 19:17:24.872,9.059,CrossSignalAgreement_SYS,atomic,[CrossSignalAgreement_SYS],[1.0000],1,6,1.0000,[dt-1;dt-2;dt-3],[[d422f833-5d91-497e-81e9-dc487da12594;5e90f85a-734c-4a79-b6f7-db3ee979a840;0793fb8f-1e14-45fc-a193-88b558e17195;81d9f88f-ef70-444a-b081-93539d4c317e;16a7c803-a0dc-4fd7-90ec-2e35e78b08bb;60c47aad-29f7-4a38-8052-39c24e1b0ec1]]
2026-04-03 19:17:24.872,9.059,CrossSignalAgreement_OBS,atomic,[CrossSignalAgreement_OBS],[1.0000],1,6,1.0000,[dt-1;dt-2;dt-3],[[d422f833-5d91-497e-81e9-dc487da12594;5e90f85a-734c-4a79-b6f7-db3ee979a840;0793fb8f-1e14-45fc-a193-88b558e17195;81d9f88f-ef70-444a-b081-93539d4c317e;16a7c803-a0dc-4fd7-90ec-2e35e78b08bb;60c47aad-29f7-4a38-8052-39c24e1b0ec1]]
2026-04-03 19:17:24.976,9.163,CrossSignalRelativeStable_GT,atomic,[CrossSignalRelativeStable_GT],[1.0000],1,6,1.0000,[dt-1;dt-2;dt-3],[[6b2c8c11-9b6b-4415-8fcf-b5b53979bef9;0aa8bc4f-ed00-4838-89fc-869db600aed8;c0d2c087-5db2-4aa3-b037-594fc9c8755a;13261fbf-7086-45f1-aef7-26af182dfd21;d0566e21-cbca-47b1-a421-86743f65485a;57e356cb-cd94-40b8-9859-ca76be605b67]]
2026-04-03 19:17:24.977,9.164,CrossSignalTrendConsistency_GT,atomic,[CrossSignalTrendConsistency_GT],[1.0000],1,6,1.0000,[dt-1;dt-2;dt-3],[[6b2c8c11-9b6b-4415-8fcf-b5b53979bef9;0aa8bc4f-ed00-4838-89fc-869db600aed8;c0d2c087-5db2-4aa3-b037-594fc9c8755a;13261fbf-7086-45f1-aef7-26af182dfd21;d0566e21-cbca-47b1-a421-86743f65485a;57e356cb-cd94-40b8-9859-ca76be605b67]]
2026-04-03 19:17:24.977,9.164,CrossSignalAgreement_GT,atomic,[CrossSignalAgreement_GT],[1.0000],1,6,1.0000,[dt-1;dt-2;dt-3],[[6b2c8c11-9b6b-4415-8fcf-b5b53979bef9;0aa8bc4f-ed00-4838-89fc-869db600aed8;c0d2c087-5db2-4aa3-b037-594fc9c8755a;13261fbf-7086-45f1-aef7-26af182dfd21;d0566e21-cbca-47b1-a421-86743f65485a;57e356cb-cd94-40b8-9859-ca76be605b67]]
2026-04-03 19:17:24.978,9.165,CrossSignalRelativeStable_SYS,atomic,[CrossSignalRelativeStable_SYS],[1.0000],1,6,1.0000,[dt-1;dt-2;dt-3],[[81d9f88f-ef70-444a-b081-93539d4c317e;16a7c803-a0dc-4fd7-90ec-2e35e78b08bb;60c47aad-29f7-4a38-8052-39c24e1b0ec1;e5043913-856c-44ce-806f-c15b57ec361a;41c7bf76-57f9-4076-956b-7cf43186094b;e09f6f30-cd59-4db9-a88f-910792916704]]
2026-04-03 19:17:24.978,9.165,CrossSignalRelativeStable_OBS,atomic,[CrossSignalRelativeStable_OBS],[1.0000],1,6,1.0000,[dt-1;dt-2;dt-3],[[81d9f88f-ef70-444a-b081-93539d4c317e;16a7c803-a0dc-4fd7-90ec-2e35e78b08bb;60c47aad-29f7-4a38-8052-39c24e1b0ec1;e5043913-856c-44ce-806f-c15b57ec361a;41c7bf76-57f9-4076-956b-7cf43186094b;e09f6f30-cd59-4db9-a88f-910792916704]]
2026-04-03 19:17:24.978,9.165,CrossSignalTrendConsistency_SYS,atomic,[CrossSignalTrendConsistency_SYS],[1.0000],1,6,1.0000,[dt-1;dt-2;dt-3],[[81d9f88f-ef70-444a-b081-93539d4c317e;16a7c803-a0dc-4fd7-90ec-2e35e78b08bb;60c47aad-29f7-4a38-8052-39c24e1b0ec1;e5043913-856c-44ce-806f-c15b57ec361a;41c7bf76-57f9-4076-956b-7cf43186094b;e09f6f30-cd59-4db9-a88f-910792916704]]
2026-04-03 19:17:24.978,9.165,CrossSignalTrendConsistency_OBS,atomic,[CrossSignalTrendConsistency_OBS],[1.0000],1,6,1.0000,[dt-1;dt-2;dt-3],[[81d9f88f-ef70-444a-b081-93539d4c317e;16a7c803-a0dc-4fd7-90ec-2e35e78b08bb;60c47aad-29f7-4a38-8052-39c24e1b0ec1;e5043913-856c-44ce-806f-c15b57ec361a;41c7bf76-57f9-4076-956b-7cf43186094b;e09f6f30-cd59-4db9-a88f-910792916704]]
2026-04-03 19:17:24.978,9.165,CrossSignalAgreement_SYS,atomic,[CrossSignalAgreement_SYS],[1.0000],1,6,1.0000,[dt-1;dt-2;dt-3],[[81d9f88f-ef70-444a-b081-93539d4c317e;16a7c803-a0dc-4fd7-90ec-2e35e78b08bb;60c47aad-29f7-4a38-8052-39c24e1b0ec1;e5043913-856c-44ce-806f-c15b57ec361a;41c7bf76-57f9-4076-956b-7cf43186094b;e09f6f30-cd59-4db9-a88f-910792916704]]
2026-04-03 19:17:24.979,9.166,CrossSignalAgreement_OBS,atomic,[CrossSignalAgreement_OBS],[1.0000],1,6,1.0000,[dt-1;dt-2;dt-3],[[81d9f88f-ef70-444a-b081-93539d4c317e;16a7c803-a0dc-4fd7-90ec-2e35e78b08bb;60c47aad-29f7-4a38-8052-39c24e1b0ec1;e5043913-856c-44ce-806f-c15b57ec361a;41c7bf76-57f9-4076-956b-7cf43186094b;e09f6f30-cd59-4db9-a88f-910792916704]]
2026-04-03 19:17:25.089,9.276,CrossSignalRelativeStable_GT,atomic,[CrossSignalRelativeStable_GT],[1.0000],1,6,1.0000,[dt-1;dt-2;dt-3],[[13261fbf-7086-45f1-aef7-26af182dfd21;d0566e21-cbca-47b1-a421-86743f65485a;57e356cb-cd94-40b8-9859-ca76be605b67;ff778cf1-bf05-47ee-b372-590feb96b5e7;1c3e627b-27b5-482f-82a6-457d4b27d760;0eb2089e-45e1-46b5-a16b-e942eb570846]]
2026-04-03 19:17:25.089,9.276,CrossSignalAgreement_GT,atomic,[CrossSignalAgreement_GT],[1.0000],1,6,1.0000,[dt-1;dt-2;dt-3],[[13261fbf-7086-45f1-aef7-26af182dfd21;d0566e21-cbca-47b1-a421-86743f65485a;57e356cb-cd94-40b8-9859-ca76be605b67;ff778cf1-bf05-47ee-b372-590feb96b5e7;1c3e627b-27b5-482f-82a6-457d4b27d760;0eb2089e-45e1-46b5-a16b-e942eb570846]]
2026-04-03 19:17:25.091,9.278,CrossSignalRelativeStable_SYS,atomic,[CrossSignalRelativeStable_SYS],[1.0000],1,6,1.0000,[dt-1;dt-2;dt-3],[[e5043913-856c-44ce-806f-c15b57ec361a;41c7bf76-57f9-4076-956b-7cf43186094b;e09f6f30-cd59-4db9-a88f-910792916704;3703e941-32b5-48cc-b645-bf6c1ee974de;d232778a-1a1f-46a5-8606-06390515a1ce;1d62c9ff-df47-43a0-98f0-1c0b406b7b2d]]
2026-04-03 19:17:25.091,9.278,CrossSignalRelativeStable_OBS,atomic,[CrossSignalRelativeStable_OBS],[1.0000],1,6,1.0000,[dt-1;dt-2;dt-3],[[e5043913-856c-44ce-806f-c15b57ec361a;41c7bf76-57f9-4076-956b-7cf43186094b;e09f6f30-cd59-4db9-a88f-910792916704;3703e941-32b5-48cc-b645-bf6c1ee974de;d232778a-1a1f-46a5-8606-06390515a1ce;1d62c9ff-df47-43a0-98f0-1c0b406b7b2d]]
2026-04-03 19:17:25.091,9.278,CrossSignalAgreement_SYS,atomic,[CrossSignalAgreement_SYS],[1.0000],1,6,1.0000,[dt-1;dt-2;dt-3],[[e5043913-856c-44ce-806f-c15b57ec361a;41c7bf76-57f9-4076-956b-7cf43186094b;e09f6f30-cd59-4db9-a88f-910792916704;3703e941-32b5-48cc-b645-bf6c1ee974de;d232778a-1a1f-46a5-8606-06390515a1ce;1d62c9ff-df47-43a0-98f0-1c0b406b7b2d]]
2026-04-03 19:17:25.092,9.279,CrossSignalAgreement_OBS,atomic,[CrossSignalAgreement_OBS],[1.0000],1,6,1.0000,[dt-1;dt-2;dt-3],[[e5043913-856c-44ce-806f-c15b57ec361a;41c7bf76-57f9-4076-956b-7cf43186094b;e09f6f30-cd59-4db9-a88f-910792916704;3703e941-32b5-48cc-b645-bf6c1ee974de;d232778a-1a1f-46a5-8606-06390515a1ce;1d62c9ff-df47-43a0-98f0-1c0b406b7b2d]]
2026-04-03 19:17:25.198,9.385,CrossSignalRelativeStable_GT,atomic,[CrossSignalRelativeStable_GT],[1.0000],1,6,1.0000,[dt-1;dt-2;dt-3],[[ff778cf1-bf05-47ee-b372-590feb96b5e7;1c3e627b-27b5-482f-82a6-457d4b27d760;0eb2089e-45e1-46b5-a16b-e942eb570846;ee2f60b6-61a5-4ddc-918c-4aa3cc8a8581;f3cecc7d-7eab-4675-81fc-fd27d753f651;f8799700-fedb-4a5b-89bc-c6edc3883376]]
2026-04-03 19:17:25.198,9.385,CrossSignalAgreement_GT,atomic,[CrossSignalAgreement_GT],[1.0000],1,6,1.0000,[dt-1;dt-2;dt-3],[[ff778cf1-bf05-47ee-b372-590feb96b5e7;1c3e627b-27b5-482f-82a6-457d4b27d760;0eb2089e-45e1-46b5-a16b-e942eb570846;ee2f60b6-61a5-4ddc-918c-4aa3cc8a8581;f3cecc7d-7eab-4675-81fc-fd27d753f651;f8799700-fedb-4a5b-89bc-c6edc3883376]]
2026-04-03 19:17:25.199,9.386,CrossSignalRelativeStable_SYS,atomic,[CrossSignalRelativeStable_SYS],[1.0000],1,6,1.0000,[dt-1;dt-2;dt-3],[[3703e941-32b5-48cc-b645-bf6c1ee974de;d232778a-1a1f-46a5-8606-06390515a1ce;1d62c9ff-df47-43a0-98f0-1c0b406b7b2d;62c934c3-1012-4bb2-a37e-0c01f75baf65;686857fc-b85c-4233-a987-9f16df959b7c;a1d62db0-40f5-4ddd-bfdb-273c75becc78]]
2026-04-03 19:17:25.200,9.387,CrossSignalRelativeStable_OBS,atomic,[CrossSignalRelativeStable_OBS],[1.0000],1,6,1.0000,[dt-1;dt-2;dt-3],[[3703e941-32b5-48cc-b645-bf6c1ee974de;d232778a-1a1f-46a5-8606-06390515a1ce;1d62c9ff-df47-43a0-98f0-1c0b406b7b2d;62c934c3-1012-4bb2-a37e-0c01f75baf65;686857fc-b85c-4233-a987-9f16df959b7c;a1d62db0-40f5-4ddd-bfdb-273c75becc78]]
2026-04-03 19:17:25.200,9.387,CrossSignalAgreement_SYS,atomic,[CrossSignalAgreement_SYS],[1.0000],1,6,1.0000,[dt-1;dt-2;dt-3],[[3703e941-32b5-48cc-b645-bf6c1ee974de;d232778a-1a1f-46a5-8606-06390515a1ce;1d62c9ff-df47-43a0-98f0-1c0b406b7b2d;62c934c3-1012-4bb2-a37e-0c01f75baf65;686857fc-b85c-4233-a987-9f16df959b7c;a1d62db0-40f5-4ddd-bfdb-273c75becc78]]
2026-04-03 19:17:25.200,9.387,CrossSignalAgreement_OBS,atomic,[CrossSignalAgreement_OBS],[1.0000],1,6,1.0000,[dt-1;dt-2;dt-3],[[3703e941-32b5-48cc-b645-bf6c1ee974de;d232778a-1a1f-46a5-8606-06390515a1ce;1d62c9ff-df47-43a0-98f0-1c0b406b7b2d;62c934c3-1012-4bb2-a37e-0c01f75baf65;686857fc-b85c-4233-a987-9f16df959b7c;a1d62db0-40f5-4ddd-bfdb-273c75becc78]]
2026-04-03 19:17:25.328,9.515,CrossSignalRelativeStable_GT,atomic,[CrossSignalRelativeStable_GT],[1.0000],1,6,1.0000,[dt-1;dt-2;dt-3],[[ee2f60b6-61a5-4ddc-918c-4aa3cc8a8581;f3cecc7d-7eab-4675-81fc-fd27d753f651;f8799700-fedb-4a5b-89bc-c6edc3883376;20253e34-f8a5-463c-bfbc-8f4e15e96456;ebac5a1d-c37f-43c1-9f29-1931fb28b95a;71030bc4-a372-48d4-8da7-f1fa2ab62c05]]
2026-04-03 19:17:25.328,9.515,CrossSignalAgreement_GT,atomic,[CrossSignalAgreement_GT],[1.0000],1,6,1.0000,[dt-1;dt-2;dt-3],[[ee2f60b6-61a5-4ddc-918c-4aa3cc8a8581;f3cecc7d-7eab-4675-81fc-fd27d753f651;f8799700-fedb-4a5b-89bc-c6edc3883376;20253e34-f8a5-463c-bfbc-8f4e15e96456;ebac5a1d-c37f-43c1-9f29-1931fb28b95a;71030bc4-a372-48d4-8da7-f1fa2ab62c05]]
2026-04-03 19:17:25.329,9.516,CrossSignalRelativeStable_SYS,atomic,[CrossSignalRelativeStable_SYS],[1.0000],1,6,1.0000,[dt-1;dt-2;dt-3],[[62c934c3-1012-4bb2-a37e-0c01f75baf65;686857fc-b85c-4233-a987-9f16df959b7c;a1d62db0-40f5-4ddd-bfdb-273c75becc78;1265adeb-74fd-4238-b32e-a78e3b64b584;00451a30-5afd-4e52-adcb-9dbcddc78538;57c5c230-0982-4642-980f-ddbd4c5b9486]]
2026-04-03 19:17:25.329,9.516,CrossSignalRelativeStable_OBS,atomic,[CrossSignalRelativeStable_OBS],[1.0000],1,6,1.0000,[dt-1;dt-2;dt-3],[[62c934c3-1012-4bb2-a37e-0c01f75baf65;686857fc-b85c-4233-a987-9f16df959b7c;a1d62db0-40f5-4ddd-bfdb-273c75becc78;1265adeb-74fd-4238-b32e-a78e3b64b584;00451a30-5afd-4e52-adcb-9dbcddc78538;57c5c230-0982-4642-980f-ddbd4c5b9486]]
2026-04-03 19:17:25.329,9.516,CrossSignalAgreement_SYS,atomic,[CrossSignalAgreement_SYS],[1.0000],1,6,1.0000,[dt-1;dt-2;dt-3],[[62c934c3-1012-4bb2-a37e-0c01f75baf65;686857fc-b85c-4233-a987-9f16df959b7c;a1d62db0-40f5-4ddd-bfdb-273c75becc78;1265adeb-74fd-4238-b32e-a78e3b64b584;00451a30-5afd-4e52-adcb-9dbcddc78538;57c5c230-0982-4642-980f-ddbd4c5b9486]]
2026-04-03 19:17:25.330,9.517,CrossSignalAgreement_OBS,atomic,[CrossSignalAgreement_OBS],[1.0000],1,6,1.0000,[dt-1;dt-2;dt-3],[[62c934c3-1012-4bb2-a37e-0c01f75baf65;686857fc-b85c-4233-a987-9f16df959b7c;a1d62db0-40f5-4ddd-bfdb-273c75becc78;1265adeb-74fd-4238-b32e-a78e3b64b584;00451a30-5afd-4e52-adcb-9dbcddc78538;57c5c230-0982-4642-980f-ddbd4c5b9486]]
2026-04-03 19:17:25.453,9.640,CrossSignalRelativeStable_GT,atomic,[CrossSignalRelativeStable_GT],[1.0000],1,6,1.0000,[dt-1;dt-2;dt-3],[[20253e34-f8a5-463c-bfbc-8f4e15e96456;ebac5a1d-c37f-43c1-9f29-1931fb28b95a;71030bc4-a372-48d4-8da7-f1fa2ab62c05;22a13585-ec16-46f6-9828-818c25c5eb47;aadfeed3-073b-4336-997b-3c1c65a64f79;b007cfb2-dc25-4bd3-afcf-201b0854a252]]
2026-04-03 19:17:25.453,9.640,CrossSignalAgreement_GT,atomic,[CrossSignalAgreement_GT],[1.0000],1,6,1.0000,[dt-1;dt-2;dt-3],[[20253e34-f8a5-463c-bfbc-8f4e15e96456;ebac5a1d-c37f-43c1-9f29-1931fb28b95a;71030bc4-a372-48d4-8da7-f1fa2ab62c05;22a13585-ec16-46f6-9828-818c25c5eb47;aadfeed3-073b-4336-997b-3c1c65a64f79;b007cfb2-dc25-4bd3-afcf-201b0854a252]]
2026-04-03 19:17:25.454,9.641,CrossSignalRelativeStable_SYS,atomic,[CrossSignalRelativeStable_SYS],[1.0000],1,6,1.0000,[dt-1;dt-2;dt-3],[[1265adeb-74fd-4238-b32e-a78e3b64b584;00451a30-5afd-4e52-adcb-9dbcddc78538;57c5c230-0982-4642-980f-ddbd4c5b9486;b5321320-e135-46cf-bddb-6295f3645a55;dc27c56c-d5cf-434d-a3c8-49e3df55b9e0;1e91a4bd-f302-4d66-bf50-2703b435fb8d]]
2026-04-03 19:17:25.454,9.641,CrossSignalRelativeStable_OBS,atomic,[CrossSignalRelativeStable_OBS],[1.0000],1,6,1.0000,[dt-1;dt-2;dt-3],[[1265adeb-74fd-4238-b32e-a78e3b64b584;00451a30-5afd-4e52-adcb-9dbcddc78538;57c5c230-0982-4642-980f-ddbd4c5b9486;b5321320-e135-46cf-bddb-6295f3645a55;dc27c56c-d5cf-434d-a3c8-49e3df55b9e0;1e91a4bd-f302-4d66-bf50-2703b435fb8d]]
2026-04-03 19:17:25.455,9.642,CrossSignalAgreement_SYS,atomic,[CrossSignalAgreement_SYS],[1.0000],1,6,1.0000,[dt-1;dt-2;dt-3],[[1265adeb-74fd-4238-b32e-a78e3b64b584;00451a30-5afd-4e52-adcb-9dbcddc78538;57c5c230-0982-4642-980f-ddbd4c5b9486;b5321320-e135-46cf-bddb-6295f3645a55;dc27c56c-d5cf-434d-a3c8-49e3df55b9e0;1e91a4bd-f302-4d66-bf50-2703b435fb8d]]
2026-04-03 19:17:25.455,9.642,CrossSignalAgreement_OBS,atomic,[CrossSignalAgreement_OBS],[1.0000],1,6,1.0000,[dt-1;dt-2;dt-3],[[1265adeb-74fd-4238-b32e-a78e3b64b584;00451a30-5afd-4e52-adcb-9dbcddc78538;57c5c230-0982-4642-980f-ddbd4c5b9486;b5321320-e135-46cf-bddb-6295f3645a55;dc27c56c-d5cf-434d-a3c8-49e3df55b9e0;1e91a4bd-f302-4d66-bf50-2703b435fb8d]]
2026-04-03 19:17:25.563,9.750,CrossSignalRelativeStable_GT,atomic,[CrossSignalRelativeStable_GT],[1.0000],1,6,1.0000,[dt-1;dt-2;dt-3],[[22a13585-ec16-46f6-9828-818c25c5eb47;aadfeed3-073b-4336-997b-3c1c65a64f79;b007cfb2-dc25-4bd3-afcf-201b0854a252;cbea1285-b0a3-4480-ba62-9bc42cdc9e05;b202ea7d-24dd-4088-bbc9-8f586d52430a;a7451cc6-a8d5-4bee-b9b6-774fa6fb7c75]]
2026-04-03 19:17:25.563,9.750,CrossSignalAgreement_GT,atomic,[CrossSignalAgreement_GT],[1.0000],1,6,1.0000,[dt-1;dt-2;dt-3],[[22a13585-ec16-46f6-9828-818c25c5eb47;aadfeed3-073b-4336-997b-3c1c65a64f79;b007cfb2-dc25-4bd3-afcf-201b0854a252;cbea1285-b0a3-4480-ba62-9bc42cdc9e05;b202ea7d-24dd-4088-bbc9-8f586d52430a;a7451cc6-a8d5-4bee-b9b6-774fa6fb7c75]]
2026-04-03 19:17:25.564,9.751,CrossSignalRelativeStable_SYS,atomic,[CrossSignalRelativeStable_SYS],[1.0000],1,6,1.0000,[dt-1;dt-2;dt-3],[[b5321320-e135-46cf-bddb-6295f3645a55;dc27c56c-d5cf-434d-a3c8-49e3df55b9e0;1e91a4bd-f302-4d66-bf50-2703b435fb8d;0b177c0a-ab36-42a0-a7c7-1435d66554c6;7959c888-db3f-429e-bc3d-5c8ef54336f2;63a9a37e-776c-480d-85f9-e725954899cf]]
2026-04-03 19:17:25.564,9.751,CrossSignalRelativeStable_OBS,atomic,[CrossSignalRelativeStable_OBS],[1.0000],1,6,1.0000,[dt-1;dt-2;dt-3],[[b5321320-e135-46cf-bddb-6295f3645a55;dc27c56c-d5cf-434d-a3c8-49e3df55b9e0;1e91a4bd-f302-4d66-bf50-2703b435fb8d;0b177c0a-ab36-42a0-a7c7-1435d66554c6;7959c888-db3f-429e-bc3d-5c8ef54336f2;63a9a37e-776c-480d-85f9-e725954899cf]]
2026-04-03 19:17:25.564,9.751,CrossSignalAgreement_SYS,atomic,[CrossSignalAgreement_SYS],[1.0000],1,6,1.0000,[dt-1;dt-2;dt-3],[[b5321320-e135-46cf-bddb-6295f3645a55;dc27c56c-d5cf-434d-a3c8-49e3df55b9e0;1e91a4bd-f302-4d66-bf50-2703b435fb8d;0b177c0a-ab36-42a0-a7c7-1435d66554c6;7959c888-db3f-429e-bc3d-5c8ef54336f2;63a9a37e-776c-480d-85f9-e725954899cf]]
2026-04-03 19:17:25.564,9.751,CrossSignalAgreement_OBS,atomic,[CrossSignalAgreement_OBS],[1.0000],1,6,1.0000,[dt-1;dt-2;dt-3],[[b5321320-e135-46cf-bddb-6295f3645a55;dc27c56c-d5cf-434d-a3c8-49e3df55b9e0;1e91a4bd-f302-4d66-bf50-2703b435fb8d;0b177c0a-ab36-42a0-a7c7-1435d66554c6;7959c888-db3f-429e-bc3d-5c8ef54336f2;63a9a37e-776c-480d-85f9-e725954899cf]]
2026-04-03 19:17:25.670,9.857,CrossSignalRelativeStable_GT,atomic,[CrossSignalRelativeStable_GT],[1.0000],1,6,1.0000,[dt-1;dt-2;dt-3],[[cbea1285-b0a3-4480-ba62-9bc42cdc9e05;b202ea7d-24dd-4088-bbc9-8f586d52430a;a7451cc6-a8d5-4bee-b9b6-774fa6fb7c75;b417649c-178a-4838-b636-baa91d45f15c;b9d78494-1b5e-4db4-ac64-402251819534;9d39c52d-0a82-4540-8d8e-5018a8462f69]]
2026-04-03 19:17:25.671,9.858,CrossSignalAgreement_GT,atomic,[CrossSignalAgreement_GT],[1.0000],1,6,1.0000,[dt-1;dt-2;dt-3],[[cbea1285-b0a3-4480-ba62-9bc42cdc9e05;b202ea7d-24dd-4088-bbc9-8f586d52430a;a7451cc6-a8d5-4bee-b9b6-774fa6fb7c75;b417649c-178a-4838-b636-baa91d45f15c;b9d78494-1b5e-4db4-ac64-402251819534;9d39c52d-0a82-4540-8d8e-5018a8462f69]]
2026-04-03 19:17:25.672,9.859,CrossSignalRelativeStable_SYS,atomic,[CrossSignalRelativeStable_SYS],[1.0000],1,6,1.0000,[dt-1;dt-2;dt-3],[[0b177c0a-ab36-42a0-a7c7-1435d66554c6;7959c888-db3f-429e-bc3d-5c8ef54336f2;63a9a37e-776c-480d-85f9-e725954899cf;f4e7dcfa-dfe1-4be5-868b-8cf76b85d4d0;a00bf579-b948-4bb8-aa13-3e69080e714b;94e305eb-59fc-4d61-b947-f270a581b95c]]
2026-04-03 19:17:25.672,9.859,CrossSignalRelativeStable_OBS,atomic,[CrossSignalRelativeStable_OBS],[1.0000],1,6,1.0000,[dt-1;dt-2;dt-3],[[0b177c0a-ab36-42a0-a7c7-1435d66554c6;7959c888-db3f-429e-bc3d-5c8ef54336f2;63a9a37e-776c-480d-85f9-e725954899cf;f4e7dcfa-dfe1-4be5-868b-8cf76b85d4d0;a00bf579-b948-4bb8-aa13-3e69080e714b;94e305eb-59fc-4d61-b947-f270a581b95c]]
2026-04-03 19:17:25.673,9.860,CrossSignalAgreement_SYS,atomic,[CrossSignalAgreement_SYS],[1.0000],1,6,1.0000,[dt-1;dt-2;dt-3],[[0b177c0a-ab36-42a0-a7c7-1435d66554c6;7959c888-db3f-429e-bc3d-5c8ef54336f2;63a9a37e-776c-480d-85f9-e725954899cf;f4e7dcfa-dfe1-4be5-868b-8cf76b85d4d0;a00bf579-b948-4bb8-aa13-3e69080e714b;94e305eb-59fc-4d61-b947-f270a581b95c]]
2026-04-03 19:17:25.673,9.860,CrossSignalAgreement_OBS,atomic,[CrossSignalAgreement_OBS],[1.0000],1,6,1.0000,[dt-1;dt-2;dt-3],[[0b177c0a-ab36-42a0-a7c7-1435d66554c6;7959c888-db3f-429e-bc3d-5c8ef54336f2;63a9a37e-776c-480d-85f9-e725954899cf;f4e7dcfa-dfe1-4be5-868b-8cf76b85d4d0;a00bf579-b948-4bb8-aa13-3e69080e714b;94e305eb-59fc-4d61-b947-f270a581b95c]]
2026-04-03 19:17:25.779,9.966,CrossSignalRelativeStable_GT,atomic,[CrossSignalRelativeStable_GT],[1.0000],1,6,1.0000,[dt-1;dt-2;dt-3],[[b417649c-178a-4838-b636-baa91d45f15c;b9d78494-1b5e-4db4-ac64-402251819534;9d39c52d-0a82-4540-8d8e-5018a8462f69;13e55d74-2bfe-4aed-b502-f247fe050df7;8bb1517e-0202-4408-8d8f-17a135b46fdc;5aef6a6e-b6ff-4636-83f8-5bd86798a115]]
2026-04-03 19:17:25.780,9.967,CrossSignalAgreement_GT,atomic,[CrossSignalAgreement_GT],[1.0000],1,6,1.0000,[dt-1;dt-2;dt-3],[[b417649c-178a-4838-b636-baa91d45f15c;b9d78494-1b5e-4db4-ac64-402251819534;9d39c52d-0a82-4540-8d8e-5018a8462f69;13e55d74-2bfe-4aed-b502-f247fe050df7;8bb1517e-0202-4408-8d8f-17a135b46fdc;5aef6a6e-b6ff-4636-83f8-5bd86798a115]]
2026-04-03 19:17:25.781,9.968,CrossSignalRelativeStable_SYS,atomic,[CrossSignalRelativeStable_SYS],[1.0000],1,6,1.0000,[dt-1;dt-2;dt-3],[[f4e7dcfa-dfe1-4be5-868b-8cf76b85d4d0;a00bf579-b948-4bb8-aa13-3e69080e714b;94e305eb-59fc-4d61-b947-f270a581b95c;dead780f-3e0e-4bbb-b879-1fa2df64e9ca;e0d1281c-b66b-4fe6-96e5-366d29ff7480;02125f42-a0de-4219-b540-b571c112317d]]
2026-04-03 19:17:25.781,9.968,CrossSignalRelativeStable_OBS,atomic,[CrossSignalRelativeStable_OBS],[1.0000],1,6,1.0000,[dt-1;dt-2;dt-3],[[f4e7dcfa-dfe1-4be5-868b-8cf76b85d4d0;a00bf579-b948-4bb8-aa13-3e69080e714b;94e305eb-59fc-4d61-b947-f270a581b95c;dead780f-3e0e-4bbb-b879-1fa2df64e9ca;e0d1281c-b66b-4fe6-96e5-366d29ff7480;02125f42-a0de-4219-b540-b571c112317d]]
2026-04-03 19:17:25.781,9.968,CrossSignalAgreement_SYS,atomic,[CrossSignalAgreement_SYS],[1.0000],1,6,1.0000,[dt-1;dt-2;dt-3],[[f4e7dcfa-dfe1-4be5-868b-8cf76b85d4d0;a00bf579-b948-4bb8-aa13-3e69080e714b;94e305eb-59fc-4d61-b947-f270a581b95c;dead780f-3e0e-4bbb-b879-1fa2df64e9ca;e0d1281c-b66b-4fe6-96e5-366d29ff7480;02125f42-a0de-4219-b540-b571c112317d]]
2026-04-03 19:17:25.781,9.968,CrossSignalAgreement_OBS,atomic,[CrossSignalAgreement_OBS],[1.0000],1,6,1.0000,[dt-1;dt-2;dt-3],[[f4e7dcfa-dfe1-4be5-868b-8cf76b85d4d0;a00bf579-b948-4bb8-aa13-3e69080e714b;94e305eb-59fc-4d61-b947-f270a581b95c;dead780f-3e0e-4bbb-b879-1fa2df64e9ca;e0d1281c-b66b-4fe6-96e5-366d29ff7480;02125f42-a0de-4219-b540-b571c112317d]]
2026-04-03 19:17:25.893,10.080,CrossSignalRelativeStable_SYS,atomic,[CrossSignalRelativeStable_SYS],[1.0000],1,6,1.0000,[dt-1;dt-2;dt-3],[[dead780f-3e0e-4bbb-b879-1fa2df64e9ca;e0d1281c-b66b-4fe6-96e5-366d29ff7480;02125f42-a0de-4219-b540-b571c112317d;9905e479-14bd-4728-b4f4-34d5662305d2;7903e46f-a97a-481e-9a46-bb0e24ab8f05;ba869d4d-d90d-4c00-b626-1efae7f3af1d]]
2026-04-03 19:17:25.901,10.088,CrossSignalRelativeStable_OBS,atomic,[CrossSignalRelativeStable_OBS],[1.0000],1,6,1.0000,[dt-1;dt-2;dt-3],[[dead780f-3e0e-4bbb-b879-1fa2df64e9ca;e0d1281c-b66b-4fe6-96e5-366d29ff7480;02125f42-a0de-4219-b540-b571c112317d;9905e479-14bd-4728-b4f4-34d5662305d2;7903e46f-a97a-481e-9a46-bb0e24ab8f05;ba869d4d-d90d-4c00-b626-1efae7f3af1d]]
2026-04-03 19:17:25.901,10.088,CrossSignalTrendConsistency_SYS,atomic,[CrossSignalTrendConsistency_SYS],[1.0000],1,6,1.0000,[dt-1;dt-2;dt-3],[[dead780f-3e0e-4bbb-b879-1fa2df64e9ca;e0d1281c-b66b-4fe6-96e5-366d29ff7480;02125f42-a0de-4219-b540-b571c112317d;9905e479-14bd-4728-b4f4-34d5662305d2;7903e46f-a97a-481e-9a46-bb0e24ab8f05;ba869d4d-d90d-4c00-b626-1efae7f3af1d]]
2026-04-03 19:17:25.902,10.089,CrossSignalTrendConsistency_OBS,atomic,[CrossSignalTrendConsistency_OBS],[1.0000],1,6,1.0000,[dt-1;dt-2;dt-3],[[dead780f-3e0e-4bbb-b879-1fa2df64e9ca;e0d1281c-b66b-4fe6-96e5-366d29ff7480;02125f42-a0de-4219-b540-b571c112317d;9905e479-14bd-4728-b4f4-34d5662305d2;7903e46f-a97a-481e-9a46-bb0e24ab8f05;ba869d4d-d90d-4c00-b626-1efae7f3af1d]]
2026-04-03 19:17:25.902,10.089,CrossSignalAgreement_SYS,atomic,[CrossSignalAgreement_SYS],[1.0000],1,6,1.0000,[dt-1;dt-2;dt-3],[[dead780f-3e0e-4bbb-b879-1fa2df64e9ca;e0d1281c-b66b-4fe6-96e5-366d29ff7480;02125f42-a0de-4219-b540-b571c112317d;9905e479-14bd-4728-b4f4-34d5662305d2;7903e46f-a97a-481e-9a46-bb0e24ab8f05;ba869d4d-d90d-4c00-b626-1efae7f3af1d]]
2026-04-03 19:17:25.903,10.090,CrossSignalAgreement_OBS,atomic,[CrossSignalAgreement_OBS],[1.0000],1,6,1.0000,[dt-1;dt-2;dt-3],[[dead780f-3e0e-4bbb-b879-1fa2df64e9ca;e0d1281c-b66b-4fe6-96e5-366d29ff7480;02125f42-a0de-4219-b540-b571c112317d;9905e479-14bd-4728-b4f4-34d5662305d2;7903e46f-a97a-481e-9a46-bb0e24ab8f05;ba869d4d-d90d-4c00-b626-1efae7f3af1d]]
2026-04-03 19:17:25.909,10.096,CrossSignalRelativeStable_GT,atomic,[CrossSignalRelativeStable_GT],[1.0000],1,6,1.0000,[dt-1;dt-2;dt-3],[[13e55d74-2bfe-4aed-b502-f247fe050df7;8bb1517e-0202-4408-8d8f-17a135b46fdc;5aef6a6e-b6ff-4636-83f8-5bd86798a115;ab7f41ba-7a8b-438e-9aca-d894d3b8106a;57abadd6-6adc-448b-85c2-28ccd266670e;c959fbff-b357-44a9-9710-4a5d98101773]]
2026-04-03 19:17:25.910,10.097,CrossSignalTrendConsistency_GT,atomic,[CrossSignalTrendConsistency_GT],[1.0000],1,6,1.0000,[dt-1;dt-2;dt-3],[[13e55d74-2bfe-4aed-b502-f247fe050df7;8bb1517e-0202-4408-8d8f-17a135b46fdc;5aef6a6e-b6ff-4636-83f8-5bd86798a115;ab7f41ba-7a8b-438e-9aca-d894d3b8106a;57abadd6-6adc-448b-85c2-28ccd266670e;c959fbff-b357-44a9-9710-4a5d98101773]]
2026-04-03 19:17:25.910,10.097,CrossSignalAgreement_GT,atomic,[CrossSignalAgreement_GT],[1.0000],1,6,1.0000,[dt-1;dt-2;dt-3],[[13e55d74-2bfe-4aed-b502-f247fe050df7;8bb1517e-0202-4408-8d8f-17a135b46fdc;5aef6a6e-b6ff-4636-83f8-5bd86798a115;ab7f41ba-7a8b-438e-9aca-d894d3b8106a;57abadd6-6adc-448b-85c2-28ccd266670e;c959fbff-b357-44a9-9710-4a5d98101773]]
2026-04-03 19:17:26.002,10.189,CrossSignalRelativeStable_GT,atomic,[CrossSignalRelativeStable_GT],[1.0000],1,6,1.0000,[dt-1;dt-2;dt-3],[[ab7f41ba-7a8b-438e-9aca-d894d3b8106a;57abadd6-6adc-448b-85c2-28ccd266670e;c959fbff-b357-44a9-9710-4a5d98101773;db1fa874-7616-4761-8fa5-f33c00a88888;f3a05cbf-9589-458c-b70c-f565425ba5ea;986bbaad-8985-48ad-9d31-1d8b24f4d6e0]]
2026-04-03 19:17:26.003,10.190,CrossSignalAgreement_GT,atomic,[CrossSignalAgreement_GT],[1.0000],1,6,1.0000,[dt-1;dt-2;dt-3],[[ab7f41ba-7a8b-438e-9aca-d894d3b8106a;57abadd6-6adc-448b-85c2-28ccd266670e;c959fbff-b357-44a9-9710-4a5d98101773;db1fa874-7616-4761-8fa5-f33c00a88888;f3a05cbf-9589-458c-b70c-f565425ba5ea;986bbaad-8985-48ad-9d31-1d8b24f4d6e0]]
2026-04-03 19:17:26.004,10.191,CrossSignalRelativeStable_SYS,atomic,[CrossSignalRelativeStable_SYS],[1.0000],1,6,1.0000,[dt-1;dt-2;dt-3],[[9905e479-14bd-4728-b4f4-34d5662305d2;7903e46f-a97a-481e-9a46-bb0e24ab8f05;ba869d4d-d90d-4c00-b626-1efae7f3af1d;7cabd7f6-126f-483f-9362-bbfc2b534747;6eefb498-974a-4776-ab70-19d7be398898;951a9714-40d5-4707-969b-86796e6a3fd3]]
2026-04-03 19:17:26.004,10.191,CrossSignalRelativeStable_OBS,atomic,[CrossSignalRelativeStable_OBS],[1.0000],1,6,1.0000,[dt-1;dt-2;dt-3],[[9905e479-14bd-4728-b4f4-34d5662305d2;7903e46f-a97a-481e-9a46-bb0e24ab8f05;ba869d4d-d90d-4c00-b626-1efae7f3af1d;7cabd7f6-126f-483f-9362-bbfc2b534747;6eefb498-974a-4776-ab70-19d7be398898;951a9714-40d5-4707-969b-86796e6a3fd3]]
2026-04-03 19:17:26.005,10.192,CrossSignalAgreement_SYS,atomic,[CrossSignalAgreement_SYS],[1.0000],1,6,1.0000,[dt-1;dt-2;dt-3],[[9905e479-14bd-4728-b4f4-34d5662305d2;7903e46f-a97a-481e-9a46-bb0e24ab8f05;ba869d4d-d90d-4c00-b626-1efae7f3af1d;7cabd7f6-126f-483f-9362-bbfc2b534747;6eefb498-974a-4776-ab70-19d7be398898;951a9714-40d5-4707-969b-86796e6a3fd3]]
2026-04-03 19:17:26.006,10.193,CrossSignalAgreement_OBS,atomic,[CrossSignalAgreement_OBS],[1.0000],1,6,1.0000,[dt-1;dt-2;dt-3],[[9905e479-14bd-4728-b4f4-34d5662305d2;7903e46f-a97a-481e-9a46-bb0e24ab8f05;ba869d4d-d90d-4c00-b626-1efae7f3af1d;7cabd7f6-126f-483f-9362-bbfc2b534747;6eefb498-974a-4776-ab70-19d7be398898;951a9714-40d5-4707-969b-86796e6a3fd3]]
2026-04-03 19:17:26.114,10.301,CrossSignalRelativeStable_GT,atomic,[CrossSignalRelativeStable_GT],[1.0000],1,6,1.0000,[dt-1;dt-2;dt-3],[[db1fa874-7616-4761-8fa5-f33c00a88888;f3a05cbf-9589-458c-b70c-f565425ba5ea;986bbaad-8985-48ad-9d31-1d8b24f4d6e0;6eae9f73-cfb7-4cb5-a80b-294499781e87;e29a59a7-3ded-4a28-91cb-a7dcc76abd6e;55fde7ef-6b59-4501-98c9-ed0e757cec12]]
2026-04-03 19:17:26.116,10.303,CrossSignalAgreement_GT,atomic,[CrossSignalAgreement_GT],[1.0000],1,6,1.0000,[dt-1;dt-2;dt-3],[[db1fa874-7616-4761-8fa5-f33c00a88888;f3a05cbf-9589-458c-b70c-f565425ba5ea;986bbaad-8985-48ad-9d31-1d8b24f4d6e0;6eae9f73-cfb7-4cb5-a80b-294499781e87;e29a59a7-3ded-4a28-91cb-a7dcc76abd6e;55fde7ef-6b59-4501-98c9-ed0e757cec12]]
2026-04-03 19:17:26.118,10.305,CrossSignalRelativeStable_SYS,atomic,[CrossSignalRelativeStable_SYS],[1.0000],1,6,1.0000,[dt-1;dt-2;dt-3],[[7cabd7f6-126f-483f-9362-bbfc2b534747;6eefb498-974a-4776-ab70-19d7be398898;951a9714-40d5-4707-969b-86796e6a3fd3;ab83ec0b-8e92-4b0f-8cf7-50536e791b5b;f4a81457-b31c-49db-94fb-87843baf8770;8ee135fc-5454-41e8-b4d4-528f5a5e9ee1]]
2026-04-03 19:17:26.118,10.305,CrossSignalRelativeStable_OBS,atomic,[CrossSignalRelativeStable_OBS],[1.0000],1,6,1.0000,[dt-1;dt-2;dt-3],[[7cabd7f6-126f-483f-9362-bbfc2b534747;6eefb498-974a-4776-ab70-19d7be398898;951a9714-40d5-4707-969b-86796e6a3fd3;ab83ec0b-8e92-4b0f-8cf7-50536e791b5b;f4a81457-b31c-49db-94fb-87843baf8770;8ee135fc-5454-41e8-b4d4-528f5a5e9ee1]]
2026-04-03 19:17:26.119,10.306,CrossSignalAgreement_SYS,atomic,[CrossSignalAgreement_SYS],[1.0000],1,6,1.0000,[dt-1;dt-2;dt-3],[[7cabd7f6-126f-483f-9362-bbfc2b534747;6eefb498-974a-4776-ab70-19d7be398898;951a9714-40d5-4707-969b-86796e6a3fd3;ab83ec0b-8e92-4b0f-8cf7-50536e791b5b;f4a81457-b31c-49db-94fb-87843baf8770;8ee135fc-5454-41e8-b4d4-528f5a5e9ee1]]
2026-04-03 19:17:26.119,10.306,CrossSignalAgreement_OBS,atomic,[CrossSignalAgreement_OBS],[1.0000],1,6,1.0000,[dt-1;dt-2;dt-3],[[7cabd7f6-126f-483f-9362-bbfc2b534747;6eefb498-974a-4776-ab70-19d7be398898;951a9714-40d5-4707-969b-86796e6a3fd3;ab83ec0b-8e92-4b0f-8cf7-50536e791b5b;f4a81457-b31c-49db-94fb-87843baf8770;8ee135fc-5454-41e8-b4d4-528f5a5e9ee1]]
2026-04-03 19:17:26.234,10.421,CrossSignalRelativeStable_GT,atomic,[CrossSignalRelativeStable_GT],[1.0000],1,6,1.0000,[dt-1;dt-2;dt-3],[[6eae9f73-cfb7-4cb5-a80b-294499781e87;e29a59a7-3ded-4a28-91cb-a7dcc76abd6e;55fde7ef-6b59-4501-98c9-ed0e757cec12;27502443-8632-459a-89f9-7cb9d0d9183b;733ba141-5abc-4186-9eb7-2d00b9159872;60ebea3c-577c-49de-9155-ee3b01c79d52]]
2026-04-03 19:17:26.234,10.421,CrossSignalAgreement_GT,atomic,[CrossSignalAgreement_GT],[1.0000],1,6,1.0000,[dt-1;dt-2;dt-3],[[6eae9f73-cfb7-4cb5-a80b-294499781e87;e29a59a7-3ded-4a28-91cb-a7dcc76abd6e;55fde7ef-6b59-4501-98c9-ed0e757cec12;27502443-8632-459a-89f9-7cb9d0d9183b;733ba141-5abc-4186-9eb7-2d00b9159872;60ebea3c-577c-49de-9155-ee3b01c79d52]]
2026-04-03 19:17:26.325,10.512,CrossSignalRelativeStable_SYS,atomic,[CrossSignalRelativeStable_SYS],[1.0000],1,6,1.0000,[dt-1;dt-2;dt-3],[[ab83ec0b-8e92-4b0f-8cf7-50536e791b5b;f4a81457-b31c-49db-94fb-87843baf8770;8ee135fc-5454-41e8-b4d4-528f5a5e9ee1;42bda4e9-6223-4cbe-9681-0ba324db0ecf;f14f79ca-f1dd-4bd4-9083-2b9ff7e34093;4844187a-075d-42af-96ce-cd2acb7d6081]]
2026-04-03 19:17:26.326,10.513,CrossSignalRelativeStable_OBS,atomic,[CrossSignalRelativeStable_OBS],[1.0000],1,6,1.0000,[dt-1;dt-2;dt-3],[[ab83ec0b-8e92-4b0f-8cf7-50536e791b5b;f4a81457-b31c-49db-94fb-87843baf8770;8ee135fc-5454-41e8-b4d4-528f5a5e9ee1;42bda4e9-6223-4cbe-9681-0ba324db0ecf;f14f79ca-f1dd-4bd4-9083-2b9ff7e34093;4844187a-075d-42af-96ce-cd2acb7d6081]]
2026-04-03 19:17:26.326,10.513,CrossSignalAgreement_SYS,atomic,[CrossSignalAgreement_SYS],[1.0000],1,6,1.0000,[dt-1;dt-2;dt-3],[[ab83ec0b-8e92-4b0f-8cf7-50536e791b5b;f4a81457-b31c-49db-94fb-87843baf8770;8ee135fc-5454-41e8-b4d4-528f5a5e9ee1;42bda4e9-6223-4cbe-9681-0ba324db0ecf;f14f79ca-f1dd-4bd4-9083-2b9ff7e34093;4844187a-075d-42af-96ce-cd2acb7d6081]]
2026-04-03 19:17:26.326,10.513,CrossSignalAgreement_OBS,atomic,[CrossSignalAgreement_OBS],[1.0000],1,6,1.0000,[dt-1;dt-2;dt-3],[[ab83ec0b-8e92-4b0f-8cf7-50536e791b5b;f4a81457-b31c-49db-94fb-87843baf8770;8ee135fc-5454-41e8-b4d4-528f5a5e9ee1;42bda4e9-6223-4cbe-9681-0ba324db0ecf;f14f79ca-f1dd-4bd4-9083-2b9ff7e34093;4844187a-075d-42af-96ce-cd2acb7d6081]]
2026-04-03 19:17:26.345,10.532,CrossSignalRelativeStable_GT,atomic,[CrossSignalRelativeStable_GT],[1.0000],1,6,1.0000,[dt-1;dt-2;dt-3],[[27502443-8632-459a-89f9-7cb9d0d9183b;733ba141-5abc-4186-9eb7-2d00b9159872;60ebea3c-577c-49de-9155-ee3b01c79d52;9056a436-1c0a-4e20-b4f2-4a559264eb81;70f577ab-2291-490f-ae38-938cce143376;c5a2ba50-27e2-45d7-809d-a6e7b6bead2b]]
2026-04-03 19:17:26.346,10.533,CrossSignalTrendConsistency_GT,atomic,[CrossSignalTrendConsistency_GT],[1.0000],1,6,1.0000,[dt-1;dt-2;dt-3],[[27502443-8632-459a-89f9-7cb9d0d9183b;733ba141-5abc-4186-9eb7-2d00b9159872;60ebea3c-577c-49de-9155-ee3b01c79d52;9056a436-1c0a-4e20-b4f2-4a559264eb81;70f577ab-2291-490f-ae38-938cce143376;c5a2ba50-27e2-45d7-809d-a6e7b6bead2b]]
2026-04-03 19:17:26.346,10.533,CrossSignalAgreement_GT,atomic,[CrossSignalAgreement_GT],[1.0000],1,6,1.0000,[dt-1;dt-2;dt-3],[[27502443-8632-459a-89f9-7cb9d0d9183b;733ba141-5abc-4186-9eb7-2d00b9159872;60ebea3c-577c-49de-9155-ee3b01c79d52;9056a436-1c0a-4e20-b4f2-4a559264eb81;70f577ab-2291-490f-ae38-938cce143376;c5a2ba50-27e2-45d7-809d-a6e7b6bead2b]]
2026-04-03 19:17:26.448,10.635,CrossSignalRelativeStable_GT,atomic,[CrossSignalRelativeStable_GT],[1.0000],1,6,1.0000,[dt-1;dt-2;dt-3],[[9056a436-1c0a-4e20-b4f2-4a559264eb81;70f577ab-2291-490f-ae38-938cce143376;c5a2ba50-27e2-45d7-809d-a6e7b6bead2b;39e5145a-9f5d-4222-ad8e-b121462312f6;6eabfed6-e663-4509-a74f-292205668ba8;eeab02da-1ba4-4f9e-9ffc-5f929e459065]]
2026-04-03 19:17:26.448,10.635,CrossSignalAgreement_GT,atomic,[CrossSignalAgreement_GT],[1.0000],1,6,1.0000,[dt-1;dt-2;dt-3],[[9056a436-1c0a-4e20-b4f2-4a559264eb81;70f577ab-2291-490f-ae38-938cce143376;c5a2ba50-27e2-45d7-809d-a6e7b6bead2b;39e5145a-9f5d-4222-ad8e-b121462312f6;6eabfed6-e663-4509-a74f-292205668ba8;eeab02da-1ba4-4f9e-9ffc-5f929e459065]]
2026-04-03 19:17:26.547,10.734,CrossSignalRelativeStable_SYS,atomic,[CrossSignalRelativeStable_SYS],[1.0000],1,6,1.0000,[dt-1;dt-2;dt-3],[[42bda4e9-6223-4cbe-9681-0ba324db0ecf;f14f79ca-f1dd-4bd4-9083-2b9ff7e34093;4844187a-075d-42af-96ce-cd2acb7d6081;0050d60c-8ebc-4f4b-80de-7e066bf185d3;7bf8e5f8-5dd3-4322-9dc9-8da0e5c0c16a;31742dc8-bac5-482d-b778-a32d06b934cf]]
2026-04-03 19:17:26.547,10.734,CrossSignalRelativeStable_OBS,atomic,[CrossSignalRelativeStable_OBS],[1.0000],1,6,1.0000,[dt-1;dt-2;dt-3],[[42bda4e9-6223-4cbe-9681-0ba324db0ecf;f14f79ca-f1dd-4bd4-9083-2b9ff7e34093;4844187a-075d-42af-96ce-cd2acb7d6081;0050d60c-8ebc-4f4b-80de-7e066bf185d3;7bf8e5f8-5dd3-4322-9dc9-8da0e5c0c16a;31742dc8-bac5-482d-b778-a32d06b934cf]]
2026-04-03 19:17:26.547,10.734,CrossSignalAgreement_SYS,atomic,[CrossSignalAgreement_SYS],[1.0000],1,6,1.0000,[dt-1;dt-2;dt-3],[[42bda4e9-6223-4cbe-9681-0ba324db0ecf;f14f79ca-f1dd-4bd4-9083-2b9ff7e34093;4844187a-075d-42af-96ce-cd2acb7d6081;0050d60c-8ebc-4f4b-80de-7e066bf185d3;7bf8e5f8-5dd3-4322-9dc9-8da0e5c0c16a;31742dc8-bac5-482d-b778-a32d06b934cf]]
2026-04-03 19:17:26.547,10.734,CrossSignalAgreement_OBS,atomic,[CrossSignalAgreement_OBS],[1.0000],1,6,1.0000,[dt-1;dt-2;dt-3],[[42bda4e9-6223-4cbe-9681-0ba324db0ecf;f14f79ca-f1dd-4bd4-9083-2b9ff7e34093;4844187a-075d-42af-96ce-cd2acb7d6081;0050d60c-8ebc-4f4b-80de-7e066bf185d3;7bf8e5f8-5dd3-4322-9dc9-8da0e5c0c16a;31742dc8-bac5-482d-b778-a32d06b934cf]]
2026-04-03 19:17:26.560,10.747,CrossSignalRelativeStable_GT,atomic,[CrossSignalRelativeStable_GT],[1.0000],1,6,1.0000,[dt-1;dt-2;dt-3],[[39e5145a-9f5d-4222-ad8e-b121462312f6;6eabfed6-e663-4509-a74f-292205668ba8;eeab02da-1ba4-4f9e-9ffc-5f929e459065;b1368552-72ee-48c5-b19a-a4b70e01d2db;deac1c58-970d-408e-a9b9-492eb474bd23;7834c71d-d149-4a0b-b997-208f7bfec28a]]
2026-04-03 19:17:26.560,10.747,CrossSignalAgreement_GT,atomic,[CrossSignalAgreement_GT],[1.0000],1,6,1.0000,[dt-1;dt-2;dt-3],[[39e5145a-9f5d-4222-ad8e-b121462312f6;6eabfed6-e663-4509-a74f-292205668ba8;eeab02da-1ba4-4f9e-9ffc-5f929e459065;b1368552-72ee-48c5-b19a-a4b70e01d2db;deac1c58-970d-408e-a9b9-492eb474bd23;7834c71d-d149-4a0b-b997-208f7bfec28a]]
2026-04-03 19:17:26.655,10.842,CrossSignalRelativeStable_SYS,atomic,[CrossSignalRelativeStable_SYS],[1.0000],1,6,1.0000,[dt-1;dt-2;dt-3],[[0050d60c-8ebc-4f4b-80de-7e066bf185d3;7bf8e5f8-5dd3-4322-9dc9-8da0e5c0c16a;31742dc8-bac5-482d-b778-a32d06b934cf;4396c861-c2a5-45f9-8edb-1433760603b1;0ec0bb6e-98e5-4ff0-873e-7a363afac806;b80e3462-c199-4047-bf5a-89ffdc30e88f]]
2026-04-03 19:17:26.656,10.843,CrossSignalRelativeStable_OBS,atomic,[CrossSignalRelativeStable_OBS],[1.0000],1,6,1.0000,[dt-1;dt-2;dt-3],[[0050d60c-8ebc-4f4b-80de-7e066bf185d3;7bf8e5f8-5dd3-4322-9dc9-8da0e5c0c16a;31742dc8-bac5-482d-b778-a32d06b934cf;4396c861-c2a5-45f9-8edb-1433760603b1;0ec0bb6e-98e5-4ff0-873e-7a363afac806;b80e3462-c199-4047-bf5a-89ffdc30e88f]]
2026-04-03 19:17:26.656,10.843,CrossSignalTrendConsistency_SYS,atomic,[CrossSignalTrendConsistency_SYS],[1.0000],1,6,1.0000,[dt-1;dt-2;dt-3],[[0050d60c-8ebc-4f4b-80de-7e066bf185d3;7bf8e5f8-5dd3-4322-9dc9-8da0e5c0c16a;31742dc8-bac5-482d-b778-a32d06b934cf;4396c861-c2a5-45f9-8edb-1433760603b1;0ec0bb6e-98e5-4ff0-873e-7a363afac806;b80e3462-c199-4047-bf5a-89ffdc30e88f]]
2026-04-03 19:17:26.656,10.843,CrossSignalTrendConsistency_OBS,atomic,[CrossSignalTrendConsistency_OBS],[1.0000],1,6,1.0000,[dt-1;dt-2;dt-3],[[0050d60c-8ebc-4f4b-80de-7e066bf185d3;7bf8e5f8-5dd3-4322-9dc9-8da0e5c0c16a;31742dc8-bac5-482d-b778-a32d06b934cf;4396c861-c2a5-45f9-8edb-1433760603b1;0ec0bb6e-98e5-4ff0-873e-7a363afac806;b80e3462-c199-4047-bf5a-89ffdc30e88f]]
2026-04-03 19:17:26.656,10.843,CrossSignalAgreement_SYS,atomic,[CrossSignalAgreement_SYS],[1.0000],1,6,1.0000,[dt-1;dt-2;dt-3],[[0050d60c-8ebc-4f4b-80de-7e066bf185d3;7bf8e5f8-5dd3-4322-9dc9-8da0e5c0c16a;31742dc8-bac5-482d-b778-a32d06b934cf;4396c861-c2a5-45f9-8edb-1433760603b1;0ec0bb6e-98e5-4ff0-873e-7a363afac806;b80e3462-c199-4047-bf5a-89ffdc30e88f]]
2026-04-03 19:17:26.656,10.843,CrossSignalAgreement_OBS,atomic,[CrossSignalAgreement_OBS],[1.0000],1,6,1.0000,[dt-1;dt-2;dt-3],[[0050d60c-8ebc-4f4b-80de-7e066bf185d3;7bf8e5f8-5dd3-4322-9dc9-8da0e5c0c16a;31742dc8-bac5-482d-b778-a32d06b934cf;4396c861-c2a5-45f9-8edb-1433760603b1;0ec0bb6e-98e5-4ff0-873e-7a363afac806;b80e3462-c199-4047-bf5a-89ffdc30e88f]]
2026-04-03 19:17:26.675,10.862,CrossSignalRelativeStable_GT,atomic,[CrossSignalRelativeStable_GT],[1.0000],1,6,1.0000,[dt-1;dt-2;dt-3],[[b1368552-72ee-48c5-b19a-a4b70e01d2db;deac1c58-970d-408e-a9b9-492eb474bd23;7834c71d-d149-4a0b-b997-208f7bfec28a;ee9d0dac-5cd8-44c0-bf7a-9a51ce4be11c;fc2b8b68-eee5-4eed-8bec-f42fe9921041;477ddd04-6c60-4c72-bbdc-ba719581cce9]]
2026-04-03 19:17:26.675,10.862,CrossSignalTrendConsistency_GT,atomic,[CrossSignalTrendConsistency_GT],[1.0000],1,6,1.0000,[dt-1;dt-2;dt-3],[[b1368552-72ee-48c5-b19a-a4b70e01d2db;deac1c58-970d-408e-a9b9-492eb474bd23;7834c71d-d149-4a0b-b997-208f7bfec28a;ee9d0dac-5cd8-44c0-bf7a-9a51ce4be11c;fc2b8b68-eee5-4eed-8bec-f42fe9921041;477ddd04-6c60-4c72-bbdc-ba719581cce9]]
2026-04-03 19:17:26.675,10.862,CrossSignalAgreement_GT,atomic,[CrossSignalAgreement_GT],[1.0000],1,6,1.0000,[dt-1;dt-2;dt-3],[[b1368552-72ee-48c5-b19a-a4b70e01d2db;deac1c58-970d-408e-a9b9-492eb474bd23;7834c71d-d149-4a0b-b997-208f7bfec28a;ee9d0dac-5cd8-44c0-bf7a-9a51ce4be11c;fc2b8b68-eee5-4eed-8bec-f42fe9921041;477ddd04-6c60-4c72-bbdc-ba719581cce9]]
2026-04-03 19:17:26.782,10.969,CrossSignalRelativeStable_GT,atomic,[CrossSignalRelativeStable_GT],[1.0000],1,6,1.0000,[dt-1;dt-2;dt-3],[[ee9d0dac-5cd8-44c0-bf7a-9a51ce4be11c;fc2b8b68-eee5-4eed-8bec-f42fe9921041;477ddd04-6c60-4c72-bbdc-ba719581cce9;0af28246-07e1-48c6-ae94-55f276f7da2d;ccb70a38-0d29-4671-97eb-783520d2ab4a;cad1e751-1c2f-4994-9f71-6b97233c28f7]]
2026-04-03 19:17:26.783,10.970,CrossSignalAgreement_GT,atomic,[CrossSignalAgreement_GT],[1.0000],1,6,1.0000,[dt-1;dt-2;dt-3],[[ee9d0dac-5cd8-44c0-bf7a-9a51ce4be11c;fc2b8b68-eee5-4eed-8bec-f42fe9921041;477ddd04-6c60-4c72-bbdc-ba719581cce9;0af28246-07e1-48c6-ae94-55f276f7da2d;ccb70a38-0d29-4671-97eb-783520d2ab4a;cad1e751-1c2f-4994-9f71-6b97233c28f7]]
2026-04-03 19:17:26.881,11.068,CrossSignalRelativeStable_SYS,atomic,[CrossSignalRelativeStable_SYS],[0.9984],1,6,0.9984,[dt-1;dt-2;dt-3],[[4396c861-c2a5-45f9-8edb-1433760603b1;0ec0bb6e-98e5-4ff0-873e-7a363afac806;b80e3462-c199-4047-bf5a-89ffdc30e88f;0dbc6082-5146-434a-b9c3-e0690b15a62a;fbb8c007-a011-4dab-bb83-89e96c270ccd;127eef9c-03e7-4b87-8dbb-df56881ffd65]]
2026-04-03 19:17:26.881,11.068,CrossSignalAgreement_SYS,atomic,[CrossSignalAgreement_SYS],[0.9984],1,6,0.9984,[dt-1;dt-2;dt-3],[[4396c861-c2a5-45f9-8edb-1433760603b1;0ec0bb6e-98e5-4ff0-873e-7a363afac806;b80e3462-c199-4047-bf5a-89ffdc30e88f;0dbc6082-5146-434a-b9c3-e0690b15a62a;fbb8c007-a011-4dab-bb83-89e96c270ccd;127eef9c-03e7-4b87-8dbb-df56881ffd65]]
2026-04-03 19:17:26.894,11.081,CrossSignalRelativeStable_GT,atomic,[CrossSignalRelativeStable_GT],[1.0000],1,6,1.0000,[dt-1;dt-2;dt-3],[[0af28246-07e1-48c6-ae94-55f276f7da2d;ccb70a38-0d29-4671-97eb-783520d2ab4a;cad1e751-1c2f-4994-9f71-6b97233c28f7;c2a68345-55ff-4949-9f40-bcfcc1285481;e6830839-ca3a-4d11-9969-e16ec72a21a5;403d2dc3-92cf-4e35-ab22-3af3365e20ff]]
2026-04-03 19:17:26.894,11.081,CrossSignalTrendConsistency_GT,atomic,[CrossSignalTrendConsistency_GT],[1.0000],1,6,1.0000,[dt-1;dt-2;dt-3],[[0af28246-07e1-48c6-ae94-55f276f7da2d;ccb70a38-0d29-4671-97eb-783520d2ab4a;cad1e751-1c2f-4994-9f71-6b97233c28f7;c2a68345-55ff-4949-9f40-bcfcc1285481;e6830839-ca3a-4d11-9969-e16ec72a21a5;403d2dc3-92cf-4e35-ab22-3af3365e20ff]]
2026-04-03 19:17:26.895,11.082,CrossSignalAgreement_GT,atomic,[CrossSignalAgreement_GT],[1.0000],1,6,1.0000,[dt-1;dt-2;dt-3],[[0af28246-07e1-48c6-ae94-55f276f7da2d;ccb70a38-0d29-4671-97eb-783520d2ab4a;cad1e751-1c2f-4994-9f71-6b97233c28f7;c2a68345-55ff-4949-9f40-bcfcc1285481;e6830839-ca3a-4d11-9969-e16ec72a21a5;403d2dc3-92cf-4e35-ab22-3af3365e20ff]]
2026-04-03 19:17:26.985,11.172,CrossSignalRelativeStable_OBS,atomic,[CrossSignalRelativeStable_OBS],[1.0000],1,6,1.0000,[dt-1;dt-2;dt-3],[[4396c861-c2a5-45f9-8edb-1433760603b1;0ec0bb6e-98e5-4ff0-873e-7a363afac806;b80e3462-c199-4047-bf5a-89ffdc30e88f;0dbc6082-5146-434a-b9c3-e0690b15a62a;5a29a858-30d5-430f-b052-0805ccd8e9c0;127eef9c-03e7-4b87-8dbb-df56881ffd65]]
2026-04-03 19:17:26.986,11.173,CrossSignalTrendConsistency_OBS,atomic,[CrossSignalTrendConsistency_OBS],[1.0000],1,6,1.0000,[dt-1;dt-2;dt-3],[[4396c861-c2a5-45f9-8edb-1433760603b1;0ec0bb6e-98e5-4ff0-873e-7a363afac806;b80e3462-c199-4047-bf5a-89ffdc30e88f;0dbc6082-5146-434a-b9c3-e0690b15a62a;5a29a858-30d5-430f-b052-0805ccd8e9c0;127eef9c-03e7-4b87-8dbb-df56881ffd65]]
2026-04-03 19:17:26.986,11.173,CrossSignalAgreement_OBS,atomic,[CrossSignalAgreement_OBS],[1.0000],1,6,1.0000,[dt-1;dt-2;dt-3],[[4396c861-c2a5-45f9-8edb-1433760603b1;0ec0bb6e-98e5-4ff0-873e-7a363afac806;b80e3462-c199-4047-bf5a-89ffdc30e88f;0dbc6082-5146-434a-b9c3-e0690b15a62a;5a29a858-30d5-430f-b052-0805ccd8e9c0;127eef9c-03e7-4b87-8dbb-df56881ffd65]]
2026-04-03 19:17:27.000,11.187,CrossSignalRelativeStable_GT,atomic,[CrossSignalRelativeStable_GT],[1.0000],1,6,1.0000,[dt-1;dt-2;dt-3],[[c2a68345-55ff-4949-9f40-bcfcc1285481;e6830839-ca3a-4d11-9969-e16ec72a21a5;403d2dc3-92cf-4e35-ab22-3af3365e20ff;c5af527d-1037-48f3-be06-5652142efcd8;1553be0e-4120-45ba-9236-49cdbb70eb06;f5dd47d3-ee7c-454b-bafa-c3f667297c0f]]
2026-04-03 19:17:27.000,11.187,CrossSignalAgreement_GT,atomic,[CrossSignalAgreement_GT],[1.0000],1,6,1.0000,[dt-1;dt-2;dt-3],[[c2a68345-55ff-4949-9f40-bcfcc1285481;e6830839-ca3a-4d11-9969-e16ec72a21a5;403d2dc3-92cf-4e35-ab22-3af3365e20ff;c5af527d-1037-48f3-be06-5652142efcd8;1553be0e-4120-45ba-9236-49cdbb70eb06;f5dd47d3-ee7c-454b-bafa-c3f667297c0f]]
2026-04-03 19:17:27.099,11.286,CrossSignalRelativeStable_SYS,atomic,[CrossSignalRelativeStable_SYS],[0.9775],1,6,0.9775,[dt-1;dt-2;dt-3],[[0dbc6082-5146-434a-b9c3-e0690b15a62a;fbb8c007-a011-4dab-bb83-89e96c270ccd;127eef9c-03e7-4b87-8dbb-df56881ffd65;075e52a6-c188-4e9e-9f90-c4e1bb63f315;9ae28d31-5826-4a1d-b757-b7b78bf40a7e;1786db35-6eb8-419f-bec4-270c60a7125f]]
2026-04-03 19:17:27.099,11.286,CrossSignalAgreement_SYS,atomic,[CrossSignalAgreement_SYS],[0.9775],1,6,0.9775,[dt-1;dt-2;dt-3],[[0dbc6082-5146-434a-b9c3-e0690b15a62a;fbb8c007-a011-4dab-bb83-89e96c270ccd;127eef9c-03e7-4b87-8dbb-df56881ffd65;075e52a6-c188-4e9e-9f90-c4e1bb63f315;9ae28d31-5826-4a1d-b757-b7b78bf40a7e;1786db35-6eb8-419f-bec4-270c60a7125f]]
2026-04-03 19:17:27.105,11.292,CrossSignalRelativeStable_OBS,atomic,[CrossSignalRelativeStable_OBS],[1.0000],1,6,1.0000,[dt-1;dt-2;dt-3],[[0dbc6082-5146-434a-b9c3-e0690b15a62a;5a29a858-30d5-430f-b052-0805ccd8e9c0;127eef9c-03e7-4b87-8dbb-df56881ffd65;075e52a6-c188-4e9e-9f90-c4e1bb63f315;026a33ad-998e-4fab-ab71-9fbf265b8c55;840cab1e-04d5-4e9e-8cb4-1f2aab157e49]]
2026-04-03 19:17:27.105,11.292,CrossSignalAgreement_OBS,atomic,[CrossSignalAgreement_OBS],[1.0000],1,6,1.0000,[dt-1;dt-2;dt-3],[[0dbc6082-5146-434a-b9c3-e0690b15a62a;5a29a858-30d5-430f-b052-0805ccd8e9c0;127eef9c-03e7-4b87-8dbb-df56881ffd65;075e52a6-c188-4e9e-9f90-c4e1bb63f315;026a33ad-998e-4fab-ab71-9fbf265b8c55;840cab1e-04d5-4e9e-8cb4-1f2aab157e49]]
2026-04-03 19:17:27.112,11.299,CrossSignalRelativeStable_GT,atomic,[CrossSignalRelativeStable_GT],[1.0000],1,6,1.0000,[dt-1;dt-2;dt-3],[[c5af527d-1037-48f3-be06-5652142efcd8;1553be0e-4120-45ba-9236-49cdbb70eb06;f5dd47d3-ee7c-454b-bafa-c3f667297c0f;21928b07-7d05-47b0-b34a-9949567f4d5b;1045c480-b029-4b54-bd93-ebde20db27e5;34599876-7277-48b6-9d62-fb0bc55ae3bb]]
2026-04-03 19:17:27.112,11.299,CrossSignalAgreement_GT,atomic,[CrossSignalAgreement_GT],[1.0000],1,6,1.0000,[dt-1;dt-2;dt-3],[[c5af527d-1037-48f3-be06-5652142efcd8;1553be0e-4120-45ba-9236-49cdbb70eb06;f5dd47d3-ee7c-454b-bafa-c3f667297c0f;21928b07-7d05-47b0-b34a-9949567f4d5b;1045c480-b029-4b54-bd93-ebde20db27e5;34599876-7277-48b6-9d62-fb0bc55ae3bb]]
2026-04-03 19:17:27.224,11.411,CrossSignalRelativeStable_GT,atomic,[CrossSignalRelativeStable_GT],[1.0000],1,6,1.0000,[dt-1;dt-2;dt-3],[[21928b07-7d05-47b0-b34a-9949567f4d5b;1045c480-b029-4b54-bd93-ebde20db27e5;34599876-7277-48b6-9d62-fb0bc55ae3bb;16572846-0891-4b9e-8dee-2448ccba3954;a6c5e748-955d-435c-b849-71a7f280c367;224aab01-1999-4001-9120-c4fe77a72580]]
2026-04-03 19:17:27.225,11.412,CrossSignalTrendConsistency_GT,atomic,[CrossSignalTrendConsistency_GT],[1.0000],1,6,1.0000,[dt-1;dt-2;dt-3],[[21928b07-7d05-47b0-b34a-9949567f4d5b;1045c480-b029-4b54-bd93-ebde20db27e5;34599876-7277-48b6-9d62-fb0bc55ae3bb;16572846-0891-4b9e-8dee-2448ccba3954;a6c5e748-955d-435c-b849-71a7f280c367;224aab01-1999-4001-9120-c4fe77a72580]]
2026-04-03 19:17:27.225,11.412,CrossSignalAgreement_GT,atomic,[CrossSignalAgreement_GT],[1.0000],1,6,1.0000,[dt-1;dt-2;dt-3],[[21928b07-7d05-47b0-b34a-9949567f4d5b;1045c480-b029-4b54-bd93-ebde20db27e5;34599876-7277-48b6-9d62-fb0bc55ae3bb;16572846-0891-4b9e-8dee-2448ccba3954;a6c5e748-955d-435c-b849-71a7f280c367;224aab01-1999-4001-9120-c4fe77a72580]]
2026-04-03 19:17:27.315,11.502,CrossSignalRelativeStable_SYS,atomic,[CrossSignalRelativeStable_SYS],[0.9790],1,6,0.9790,[dt-1;dt-2;dt-3],[[075e52a6-c188-4e9e-9f90-c4e1bb63f315;9ae28d31-5826-4a1d-b757-b7b78bf40a7e;1786db35-6eb8-419f-bec4-270c60a7125f;f36ab86c-8168-4a23-834f-4a0a0780f728;026a33ad-998e-4fab-ab71-9fbf265b8c55;b585d324-f9fc-46cd-94ee-dfea37b0d554]]
2026-04-03 19:17:27.315,11.502,CrossSignalRelativeStable_OBS,atomic,[CrossSignalRelativeStable_OBS],[1.0000],1,6,1.0000,[dt-1;dt-2;dt-3],[[075e52a6-c188-4e9e-9f90-c4e1bb63f315;026a33ad-998e-4fab-ab71-9fbf265b8c55;840cab1e-04d5-4e9e-8cb4-1f2aab157e49;f36ab86c-8168-4a23-834f-4a0a0780f728;1dd07c8d-5958-46c8-b486-60d4fa5928f6;b585d324-f9fc-46cd-94ee-dfea37b0d554]]
2026-04-03 19:17:27.315,11.502,CrossSignalTrendConsistency_SYS,atomic,[CrossSignalTrendConsistency_SYS],[0.9790],1,6,0.9790,[dt-1;dt-2;dt-3],[[075e52a6-c188-4e9e-9f90-c4e1bb63f315;9ae28d31-5826-4a1d-b757-b7b78bf40a7e;1786db35-6eb8-419f-bec4-270c60a7125f;f36ab86c-8168-4a23-834f-4a0a0780f728;026a33ad-998e-4fab-ab71-9fbf265b8c55;b585d324-f9fc-46cd-94ee-dfea37b0d554]]
2026-04-03 19:17:27.315,11.502,CrossSignalTrendConsistency_OBS,atomic,[CrossSignalTrendConsistency_OBS],[1.0000],1,6,1.0000,[dt-1;dt-2;dt-3],[[075e52a6-c188-4e9e-9f90-c4e1bb63f315;026a33ad-998e-4fab-ab71-9fbf265b8c55;840cab1e-04d5-4e9e-8cb4-1f2aab157e49;f36ab86c-8168-4a23-834f-4a0a0780f728;1dd07c8d-5958-46c8-b486-60d4fa5928f6;b585d324-f9fc-46cd-94ee-dfea37b0d554]]
2026-04-03 19:17:27.315,11.502,CrossSignalAgreement_SYS,atomic,[CrossSignalAgreement_SYS],[0.9790],1,6,0.9790,[dt-1;dt-2;dt-3],[[075e52a6-c188-4e9e-9f90-c4e1bb63f315;9ae28d31-5826-4a1d-b757-b7b78bf40a7e;1786db35-6eb8-419f-bec4-270c60a7125f;f36ab86c-8168-4a23-834f-4a0a0780f728;026a33ad-998e-4fab-ab71-9fbf265b8c55;b585d324-f9fc-46cd-94ee-dfea37b0d554]]
2026-04-03 19:17:27.315,11.502,CrossSignalAgreement_OBS,atomic,[CrossSignalAgreement_OBS],[1.0000],1,6,1.0000,[dt-1;dt-2;dt-3],[[075e52a6-c188-4e9e-9f90-c4e1bb63f315;026a33ad-998e-4fab-ab71-9fbf265b8c55;840cab1e-04d5-4e9e-8cb4-1f2aab157e49;f36ab86c-8168-4a23-834f-4a0a0780f728;1dd07c8d-5958-46c8-b486-60d4fa5928f6;b585d324-f9fc-46cd-94ee-dfea37b0d554]]
2026-04-03 19:17:27.328,11.515,CrossSignalRelativeStable_GT,atomic,[CrossSignalRelativeStable_GT],[1.0000],1,6,1.0000,[dt-1;dt-2;dt-3],[[16572846-0891-4b9e-8dee-2448ccba3954;a6c5e748-955d-435c-b849-71a7f280c367;224aab01-1999-4001-9120-c4fe77a72580;12f8a334-a8c0-4015-9b62-20a18d9d0e1c;53908208-245d-4894-8b36-efda059af438;0bc3a381-6783-4ec9-96b4-83398b06be8f]]
2026-04-03 19:17:27.328,11.515,CrossSignalAgreement_GT,atomic,[CrossSignalAgreement_GT],[1.0000],1,6,1.0000,[dt-1;dt-2;dt-3],[[16572846-0891-4b9e-8dee-2448ccba3954;a6c5e748-955d-435c-b849-71a7f280c367;224aab01-1999-4001-9120-c4fe77a72580;12f8a334-a8c0-4015-9b62-20a18d9d0e1c;53908208-245d-4894-8b36-efda059af438;0bc3a381-6783-4ec9-96b4-83398b06be8f]]
2026-04-03 19:17:27.425,11.612,CrossSignalRelativeStable_SYS,atomic,[CrossSignalRelativeStable_SYS],[0.9804],1,6,0.9804,[dt-1;dt-2;dt-3],[[f36ab86c-8168-4a23-834f-4a0a0780f728;026a33ad-998e-4fab-ab71-9fbf265b8c55;b585d324-f9fc-46cd-94ee-dfea37b0d554;eaafa9f9-d907-4841-acbe-c813a94f3fde;d87da9fa-e919-4caf-bb4a-e98c2818296f;daaaaf40-3fa4-45ce-922a-9c2d874a00ab]]
2026-04-03 19:17:27.426,11.613,CrossSignalRelativeStable_OBS,atomic,[CrossSignalRelativeStable_OBS],[1.0000],1,6,1.0000,[dt-1;dt-2;dt-3],[[f36ab86c-8168-4a23-834f-4a0a0780f728;1dd07c8d-5958-46c8-b486-60d4fa5928f6;b585d324-f9fc-46cd-94ee-dfea37b0d554;eaafa9f9-d907-4841-acbe-c813a94f3fde;d87da9fa-e919-4caf-bb4a-e98c2818296f;5cbd78fd-de4b-4aa3-8f2a-a0f2a8f2725f]]
2026-04-03 19:17:27.426,11.613,CrossSignalAgreement_SYS,atomic,[CrossSignalAgreement_SYS],[0.9804],1,6,0.9804,[dt-1;dt-2;dt-3],[[f36ab86c-8168-4a23-834f-4a0a0780f728;026a33ad-998e-4fab-ab71-9fbf265b8c55;b585d324-f9fc-46cd-94ee-dfea37b0d554;eaafa9f9-d907-4841-acbe-c813a94f3fde;d87da9fa-e919-4caf-bb4a-e98c2818296f;daaaaf40-3fa4-45ce-922a-9c2d874a00ab]]
2026-04-03 19:17:27.426,11.613,CrossSignalAgreement_OBS,atomic,[CrossSignalAgreement_OBS],[1.0000],1,6,1.0000,[dt-1;dt-2;dt-3],[[f36ab86c-8168-4a23-834f-4a0a0780f728;1dd07c8d-5958-46c8-b486-60d4fa5928f6;b585d324-f9fc-46cd-94ee-dfea37b0d554;eaafa9f9-d907-4841-acbe-c813a94f3fde;d87da9fa-e919-4caf-bb4a-e98c2818296f;5cbd78fd-de4b-4aa3-8f2a-a0f2a8f2725f]]
2026-04-03 19:17:27.438,11.625,CrossSignalRelativeStable_GT,atomic,[CrossSignalRelativeStable_GT],[1.0000],1,6,1.0000,[dt-1;dt-2;dt-3],[[12f8a334-a8c0-4015-9b62-20a18d9d0e1c;53908208-245d-4894-8b36-efda059af438;0bc3a381-6783-4ec9-96b4-83398b06be8f;d78d191c-7f63-4017-8485-5e62352e2c6f;7fa407f9-0ab5-44ad-a0dd-0d461ce9584b;fe518ead-fbea-4849-b527-2dd054ad004c]]
2026-04-03 19:17:27.438,11.625,CrossSignalAgreement_GT,atomic,[CrossSignalAgreement_GT],[1.0000],1,6,1.0000,[dt-1;dt-2;dt-3],[[12f8a334-a8c0-4015-9b62-20a18d9d0e1c;53908208-245d-4894-8b36-efda059af438;0bc3a381-6783-4ec9-96b4-83398b06be8f;d78d191c-7f63-4017-8485-5e62352e2c6f;7fa407f9-0ab5-44ad-a0dd-0d461ce9584b;fe518ead-fbea-4849-b527-2dd054ad004c]]
2026-04-03 19:17:27.547,11.734,CrossSignalRelativeStable_GT,atomic,[CrossSignalRelativeStable_GT],[1.0000],1,6,1.0000,[dt-1;dt-2;dt-3],[[d78d191c-7f63-4017-8485-5e62352e2c6f;7fa407f9-0ab5-44ad-a0dd-0d461ce9584b;fe518ead-fbea-4849-b527-2dd054ad004c;1582fd3a-cb3b-42da-a4a2-0dabdade0e79;50b2a55f-11b8-4e4a-89bb-609daae0731b;956aae6e-659e-4bff-84a1-bd836b6a590f]]
2026-04-03 19:17:27.548,11.735,CrossSignalAgreement_GT,atomic,[CrossSignalAgreement_GT],[1.0000],1,6,1.0000,[dt-1;dt-2;dt-3],[[d78d191c-7f63-4017-8485-5e62352e2c6f;7fa407f9-0ab5-44ad-a0dd-0d461ce9584b;fe518ead-fbea-4849-b527-2dd054ad004c;1582fd3a-cb3b-42da-a4a2-0dabdade0e79;50b2a55f-11b8-4e4a-89bb-609daae0731b;956aae6e-659e-4bff-84a1-bd836b6a590f]]
2026-04-03 19:17:27.645,11.832,CrossSignalRelativeStable_SYS,atomic,[CrossSignalRelativeStable_SYS],[0.9607],1,6,0.9607,[dt-1;dt-2;dt-3],[[eaafa9f9-d907-4841-acbe-c813a94f3fde;d87da9fa-e919-4caf-bb4a-e98c2818296f;daaaaf40-3fa4-45ce-922a-9c2d874a00ab;aca45623-a60b-454f-95e4-8a31cec5323a;cd134f23-cf30-48c2-98ba-89345d6c94d1;0bb2f808-f1b2-4cc3-bca5-f52e336a2720]]
2026-04-03 19:17:27.645,11.832,CrossSignalTrendConsistency_SYS,atomic,[CrossSignalTrendConsistency_SYS],[0.9607],1,6,0.9607,[dt-1;dt-2;dt-3],[[eaafa9f9-d907-4841-acbe-c813a94f3fde;d87da9fa-e919-4caf-bb4a-e98c2818296f;daaaaf40-3fa4-45ce-922a-9c2d874a00ab;aca45623-a60b-454f-95e4-8a31cec5323a;cd134f23-cf30-48c2-98ba-89345d6c94d1;0bb2f808-f1b2-4cc3-bca5-f52e336a2720]]
2026-04-03 19:17:27.645,11.832,CrossSignalAgreement_SYS,atomic,[CrossSignalAgreement_SYS],[0.9607],1,6,0.9607,[dt-1;dt-2;dt-3],[[eaafa9f9-d907-4841-acbe-c813a94f3fde;d87da9fa-e919-4caf-bb4a-e98c2818296f;daaaaf40-3fa4-45ce-922a-9c2d874a00ab;aca45623-a60b-454f-95e4-8a31cec5323a;cd134f23-cf30-48c2-98ba-89345d6c94d1;0bb2f808-f1b2-4cc3-bca5-f52e336a2720]]
2026-04-03 19:17:27.651,11.838,CrossSignalRelativeStable_GT,atomic,[CrossSignalRelativeStable_GT],[1.0000],1,6,1.0000,[dt-1;dt-2;dt-3],[[1582fd3a-cb3b-42da-a4a2-0dabdade0e79;50b2a55f-11b8-4e4a-89bb-609daae0731b;956aae6e-659e-4bff-84a1-bd836b6a590f;7ece1020-1c63-4d36-a368-f61f49a0201c;678cebdd-8c6c-4230-b61d-8522badcb7e9;d76ac4dc-6867-4988-879d-5be794feb031]]
2026-04-03 19:17:27.651,11.838,CrossSignalAgreement_GT,atomic,[CrossSignalAgreement_GT],[1.0000],1,6,1.0000,[dt-1;dt-2;dt-3],[[1582fd3a-cb3b-42da-a4a2-0dabdade0e79;50b2a55f-11b8-4e4a-89bb-609daae0731b;956aae6e-659e-4bff-84a1-bd836b6a590f;7ece1020-1c63-4d36-a368-f61f49a0201c;678cebdd-8c6c-4230-b61d-8522badcb7e9;d76ac4dc-6867-4988-879d-5be794feb031]]
2026-04-03 19:17:27.763,11.950,CrossSignalRelativeStable_SYS,atomic,[CrossSignalRelativeStable_SYS],[0.9435],1,6,0.9435,[dt-1;dt-2;dt-3],[[aca45623-a60b-454f-95e4-8a31cec5323a;cd134f23-cf30-48c2-98ba-89345d6c94d1;0bb2f808-f1b2-4cc3-bca5-f52e336a2720;8a935b55-964d-405c-8548-12482a12b392;bdbb9bd1-7d98-43e7-98b7-9fcb1e8a523e;a1490a6d-efee-4cb9-96e9-47d8e3df5f4d]]
2026-04-03 19:17:27.764,11.951,CrossSignalAgreement_SYS,atomic,[CrossSignalAgreement_SYS],[0.9435],1,6,0.9435,[dt-1;dt-2;dt-3],[[aca45623-a60b-454f-95e4-8a31cec5323a;cd134f23-cf30-48c2-98ba-89345d6c94d1;0bb2f808-f1b2-4cc3-bca5-f52e336a2720;8a935b55-964d-405c-8548-12482a12b392;bdbb9bd1-7d98-43e7-98b7-9fcb1e8a523e;a1490a6d-efee-4cb9-96e9-47d8e3df5f4d]]
2026-04-03 19:17:27.777,11.964,CrossSignalRelativeStable_GT,atomic,[CrossSignalRelativeStable_GT],[1.0000],1,6,1.0000,[dt-1;dt-2;dt-3],[[7ece1020-1c63-4d36-a368-f61f49a0201c;678cebdd-8c6c-4230-b61d-8522badcb7e9;d76ac4dc-6867-4988-879d-5be794feb031;7c4ac428-73b6-4f17-ac5e-b439f47514d4;31e9c8a0-d363-4c30-839f-5a93e9309039;1a2ba134-95e4-4585-9e86-f052b7a46958]]
2026-04-03 19:17:27.778,11.965,CrossSignalAgreement_GT,atomic,[CrossSignalAgreement_GT],[1.0000],1,6,1.0000,[dt-1;dt-2;dt-3],[[7ece1020-1c63-4d36-a368-f61f49a0201c;678cebdd-8c6c-4230-b61d-8522badcb7e9;d76ac4dc-6867-4988-879d-5be794feb031;7c4ac428-73b6-4f17-ac5e-b439f47514d4;31e9c8a0-d363-4c30-839f-5a93e9309039;1a2ba134-95e4-4585-9e86-f052b7a46958]]
2026-04-03 19:17:27.891,12.078,CrossSignalRelativeStable_GT,atomic,[CrossSignalRelativeStable_GT],[1.0000],1,6,1.0000,[dt-1;dt-2;dt-3],[[7c4ac428-73b6-4f17-ac5e-b439f47514d4;31e9c8a0-d363-4c30-839f-5a93e9309039;1a2ba134-95e4-4585-9e86-f052b7a46958;1b8f989f-633a-47ca-9906-c045e8735070;b91de7af-05de-4550-9bdd-14345b7daa63;c799b356-83aa-4a05-92b4-f223060b42f2]]
2026-04-03 19:17:27.891,12.078,CrossSignalAgreement_GT,atomic,[CrossSignalAgreement_GT],[1.0000],1,6,1.0000,[dt-1;dt-2;dt-3],[[7c4ac428-73b6-4f17-ac5e-b439f47514d4;31e9c8a0-d363-4c30-839f-5a93e9309039;1a2ba134-95e4-4585-9e86-f052b7a46958;1b8f989f-633a-47ca-9906-c045e8735070;b91de7af-05de-4550-9bdd-14345b7daa63;c799b356-83aa-4a05-92b4-f223060b42f2]]
2026-04-03 19:17:27.984,12.171,CrossSignalRelativeStable_OBS,atomic,[CrossSignalRelativeStable_OBS],[1.0000],1,6,1.0000,[dt-1;dt-2;dt-3],[[eaafa9f9-d907-4841-acbe-c813a94f3fde;d87da9fa-e919-4caf-bb4a-e98c2818296f;5cbd78fd-de4b-4aa3-8f2a-a0f2a8f2725f;956d0c92-9fda-4b36-98e4-307fb2fa19f5;cd134f23-cf30-48c2-98ba-89345d6c94d1;0bb2f808-f1b2-4cc3-bca5-f52e336a2720]]
2026-04-03 19:17:27.985,12.172,CrossSignalTrendConsistency_OBS,atomic,[CrossSignalTrendConsistency_OBS],[1.0000],1,6,1.0000,[dt-1;dt-2;dt-3],[[eaafa9f9-d907-4841-acbe-c813a94f3fde;d87da9fa-e919-4caf-bb4a-e98c2818296f;5cbd78fd-de4b-4aa3-8f2a-a0f2a8f2725f;956d0c92-9fda-4b36-98e4-307fb2fa19f5;cd134f23-cf30-48c2-98ba-89345d6c94d1;0bb2f808-f1b2-4cc3-bca5-f52e336a2720]]
2026-04-03 19:17:27.985,12.172,CrossSignalAgreement_OBS,atomic,[CrossSignalAgreement_OBS],[1.0000],1,6,1.0000,[dt-1;dt-2;dt-3],[[eaafa9f9-d907-4841-acbe-c813a94f3fde;d87da9fa-e919-4caf-bb4a-e98c2818296f;5cbd78fd-de4b-4aa3-8f2a-a0f2a8f2725f;956d0c92-9fda-4b36-98e4-307fb2fa19f5;cd134f23-cf30-48c2-98ba-89345d6c94d1;0bb2f808-f1b2-4cc3-bca5-f52e336a2720]]
2026-04-03 19:17:27.985,12.172,CrossSignalRelativeStable_SYS,atomic,[CrossSignalRelativeStable_SYS],[0.8739],1,6,0.8739,[dt-1;dt-2;dt-3],[[8a935b55-964d-405c-8548-12482a12b392;bdbb9bd1-7d98-43e7-98b7-9fcb1e8a523e;a1490a6d-efee-4cb9-96e9-47d8e3df5f4d;59d5ef72-e566-4896-a7ee-760b1b81fef1;37df5504-2404-48d9-8c9c-2a908cbf5cad;e509efe3-21f6-4a70-b994-18466e4dae4a]]
2026-04-03 19:17:27.985,12.172,CrossSignalTrendConsistency_SYS,atomic,[CrossSignalTrendConsistency_SYS],[0.8739],1,6,0.8739,[dt-1;dt-2;dt-3],[[8a935b55-964d-405c-8548-12482a12b392;bdbb9bd1-7d98-43e7-98b7-9fcb1e8a523e;a1490a6d-efee-4cb9-96e9-47d8e3df5f4d;59d5ef72-e566-4896-a7ee-760b1b81fef1;37df5504-2404-48d9-8c9c-2a908cbf5cad;e509efe3-21f6-4a70-b994-18466e4dae4a]]
2026-04-03 19:17:27.985,12.172,CrossSignalAgreement_SYS,atomic,[CrossSignalAgreement_SYS],[0.8739],1,6,0.8739,[dt-1;dt-2;dt-3],[[8a935b55-964d-405c-8548-12482a12b392;bdbb9bd1-7d98-43e7-98b7-9fcb1e8a523e;a1490a6d-efee-4cb9-96e9-47d8e3df5f4d;59d5ef72-e566-4896-a7ee-760b1b81fef1;37df5504-2404-48d9-8c9c-2a908cbf5cad;e509efe3-21f6-4a70-b994-18466e4dae4a]]
2026-04-03 19:17:27.986,12.173,CrossSignalRelativeStable_GT,atomic,[CrossSignalRelativeStable_GT],[1.0000],1,6,1.0000,[dt-1;dt-2;dt-3],[[1b8f989f-633a-47ca-9906-c045e8735070;b91de7af-05de-4550-9bdd-14345b7daa63;c799b356-83aa-4a05-92b4-f223060b42f2;9dcc3e75-a92f-4ff6-ae48-cceeaa544dca;6eccd4bd-f64d-4f1e-9527-8173a13ed2e8;dec09b5d-cb0b-41c6-a9fc-2b4a57502fbd]]
2026-04-03 19:17:27.986,12.173,CrossSignalAgreement_GT,atomic,[CrossSignalAgreement_GT],[1.0000],1,6,1.0000,[dt-1;dt-2;dt-3],[[1b8f989f-633a-47ca-9906-c045e8735070;b91de7af-05de-4550-9bdd-14345b7daa63;c799b356-83aa-4a05-92b4-f223060b42f2;9dcc3e75-a92f-4ff6-ae48-cceeaa544dca;6eccd4bd-f64d-4f1e-9527-8173a13ed2e8;dec09b5d-cb0b-41c6-a9fc-2b4a57502fbd]]
2026-04-03 19:17:28.094,12.281,CrossSignalRelativeStable_SYS,atomic,[CrossSignalRelativeStable_SYS],[0.8763],1,6,0.8763,[dt-1;dt-2;dt-3],[[59d5ef72-e566-4896-a7ee-760b1b81fef1;37df5504-2404-48d9-8c9c-2a908cbf5cad;e509efe3-21f6-4a70-b994-18466e4dae4a;f45f4165-4102-41a6-af0c-3349f00ac4db;db01a6e1-36c0-4d07-b0a8-a588f722c0c8;d192d332-b842-40a7-a214-a01228993528]]
2026-04-03 19:17:28.095,12.282,CrossSignalAgreement_SYS,atomic,[CrossSignalAgreement_SYS],[0.8763],1,6,0.8763,[dt-1;dt-2;dt-3],[[59d5ef72-e566-4896-a7ee-760b1b81fef1;37df5504-2404-48d9-8c9c-2a908cbf5cad;e509efe3-21f6-4a70-b994-18466e4dae4a;f45f4165-4102-41a6-af0c-3349f00ac4db;db01a6e1-36c0-4d07-b0a8-a588f722c0c8;d192d332-b842-40a7-a214-a01228993528]]
2026-04-03 19:17:28.101,12.288,CrossSignalRelativeStable_OBS,atomic,[CrossSignalRelativeStable_OBS],[1.0000],1,6,1.0000,[dt-1;dt-2;dt-3],[[956d0c92-9fda-4b36-98e4-307fb2fa19f5;cd134f23-cf30-48c2-98ba-89345d6c94d1;0bb2f808-f1b2-4cc3-bca5-f52e336a2720;f45f4165-4102-41a6-af0c-3349f00ac4db;db01a6e1-36c0-4d07-b0a8-a588f722c0c8;a781e42d-200f-45c2-af62-e28dd9112009]]
2026-04-03 19:17:28.101,12.288,CrossSignalTrendConsistency_OBS,atomic,[CrossSignalTrendConsistency_OBS],[1.0000],1,6,1.0000,[dt-1;dt-2;dt-3],[[956d0c92-9fda-4b36-98e4-307fb2fa19f5;cd134f23-cf30-48c2-98ba-89345d6c94d1;0bb2f808-f1b2-4cc3-bca5-f52e336a2720;f45f4165-4102-41a6-af0c-3349f00ac4db;db01a6e1-36c0-4d07-b0a8-a588f722c0c8;a781e42d-200f-45c2-af62-e28dd9112009]]
2026-04-03 19:17:28.101,12.288,CrossSignalAgreement_OBS,atomic,[CrossSignalAgreement_OBS],[1.0000],1,6,1.0000,[dt-1;dt-2;dt-3],[[956d0c92-9fda-4b36-98e4-307fb2fa19f5;cd134f23-cf30-48c2-98ba-89345d6c94d1;0bb2f808-f1b2-4cc3-bca5-f52e336a2720;f45f4165-4102-41a6-af0c-3349f00ac4db;db01a6e1-36c0-4d07-b0a8-a588f722c0c8;a781e42d-200f-45c2-af62-e28dd9112009]]
2026-04-03 19:17:28.118,12.305,CrossSignalRelativeStable_GT,atomic,[CrossSignalRelativeStable_GT],[1.0000],1,6,1.0000,[dt-1;dt-2;dt-3],[[9dcc3e75-a92f-4ff6-ae48-cceeaa544dca;6eccd4bd-f64d-4f1e-9527-8173a13ed2e8;dec09b5d-cb0b-41c6-a9fc-2b4a57502fbd;4c1ba2c6-0a6a-49d4-9125-0acf5cf88274;d1f10612-d731-4c85-87ad-9366b3619acb;ed0a30ac-be71-4555-8de3-5bc3168b8114]]
2026-04-03 19:17:28.119,12.306,CrossSignalTrendConsistency_GT,atomic,[CrossSignalTrendConsistency_GT],[1.0000],1,6,1.0000,[dt-1;dt-2;dt-3],[[9dcc3e75-a92f-4ff6-ae48-cceeaa544dca;6eccd4bd-f64d-4f1e-9527-8173a13ed2e8;dec09b5d-cb0b-41c6-a9fc-2b4a57502fbd;4c1ba2c6-0a6a-49d4-9125-0acf5cf88274;d1f10612-d731-4c85-87ad-9366b3619acb;ed0a30ac-be71-4555-8de3-5bc3168b8114]]
2026-04-03 19:17:28.119,12.306,CrossSignalAgreement_GT,atomic,[CrossSignalAgreement_GT],[1.0000],1,6,1.0000,[dt-1;dt-2;dt-3],[[9dcc3e75-a92f-4ff6-ae48-cceeaa544dca;6eccd4bd-f64d-4f1e-9527-8173a13ed2e8;dec09b5d-cb0b-41c6-a9fc-2b4a57502fbd;4c1ba2c6-0a6a-49d4-9125-0acf5cf88274;d1f10612-d731-4c85-87ad-9366b3619acb;ed0a30ac-be71-4555-8de3-5bc3168b8114]]
2026-04-03 19:17:28.206,12.393,CrossSignalRelativeStable_SYS,atomic,[CrossSignalRelativeStable_SYS],[0.9655],1,6,0.9655,[dt-1;dt-2;dt-3],[[f45f4165-4102-41a6-af0c-3349f00ac4db;db01a6e1-36c0-4d07-b0a8-a588f722c0c8;d192d332-b842-40a7-a214-a01228993528;60c24ce6-415d-44f9-84c8-57023562288c;efd47433-b64c-4972-92c0-e193781fbac0;a781e42d-200f-45c2-af62-e28dd9112009]]
2026-04-03 19:17:28.208,12.395,CrossSignalAgreement_SYS,atomic,[CrossSignalAgreement_SYS],[0.9655],1,6,0.9655,[dt-1;dt-2;dt-3],[[f45f4165-4102-41a6-af0c-3349f00ac4db;db01a6e1-36c0-4d07-b0a8-a588f722c0c8;d192d332-b842-40a7-a214-a01228993528;60c24ce6-415d-44f9-84c8-57023562288c;efd47433-b64c-4972-92c0-e193781fbac0;a781e42d-200f-45c2-af62-e28dd9112009]]
2026-04-03 19:17:28.214,12.401,CrossSignalRelativeStable_GT,atomic,[CrossSignalRelativeStable_GT],[1.0000],1,6,1.0000,[dt-1;dt-2;dt-3],[[4c1ba2c6-0a6a-49d4-9125-0acf5cf88274;d1f10612-d731-4c85-87ad-9366b3619acb;ed0a30ac-be71-4555-8de3-5bc3168b8114;4018e364-551e-44f1-8432-eed276633991;c5e86012-99f8-41ba-914e-1e4b77350d19;38c0f03b-1a42-4154-9945-0a592976d497]]
2026-04-03 19:17:28.215,12.402,CrossSignalTrendConsistency_GT,atomic,[CrossSignalTrendConsistency_GT],[1.0000],1,6,1.0000,[dt-1;dt-2;dt-3],[[4c1ba2c6-0a6a-49d4-9125-0acf5cf88274;d1f10612-d731-4c85-87ad-9366b3619acb;ed0a30ac-be71-4555-8de3-5bc3168b8114;4018e364-551e-44f1-8432-eed276633991;c5e86012-99f8-41ba-914e-1e4b77350d19;38c0f03b-1a42-4154-9945-0a592976d497]]
2026-04-03 19:17:28.215,12.402,CrossSignalAgreement_GT,atomic,[CrossSignalAgreement_GT],[1.0000],1,6,1.0000,[dt-1;dt-2;dt-3],[[4c1ba2c6-0a6a-49d4-9125-0acf5cf88274;d1f10612-d731-4c85-87ad-9366b3619acb;ed0a30ac-be71-4555-8de3-5bc3168b8114;4018e364-551e-44f1-8432-eed276633991;c5e86012-99f8-41ba-914e-1e4b77350d19;38c0f03b-1a42-4154-9945-0a592976d497]]
2026-04-03 19:17:28.322,12.509,CrossSignalRelativeStable_SYS,atomic,[CrossSignalRelativeStable_SYS],[1.0000],1,6,1.0000,[dt-1;dt-2;dt-3],[[60c24ce6-415d-44f9-84c8-57023562288c;efd47433-b64c-4972-92c0-e193781fbac0;a781e42d-200f-45c2-af62-e28dd9112009;8d4e15b3-5492-4aa3-9422-552840119b1e;0b862292-5cfe-42ea-8653-bd7cfda386d4;88fa2269-cbb6-440b-b456-3dad7a94627f]]
2026-04-03 19:17:28.322,12.509,CrossSignalRelativeStable_OBS,atomic,[CrossSignalRelativeStable_OBS],[1.0000],1,6,1.0000,[dt-1;dt-2;dt-3],[[f45f4165-4102-41a6-af0c-3349f00ac4db;db01a6e1-36c0-4d07-b0a8-a588f722c0c8;a781e42d-200f-45c2-af62-e28dd9112009;60c24ce6-415d-44f9-84c8-57023562288c;0b862292-5cfe-42ea-8653-bd7cfda386d4;88fa2269-cbb6-440b-b456-3dad7a94627f]]
2026-04-03 19:17:28.322,12.509,CrossSignalTrendConsistency_OBS,atomic,[CrossSignalTrendConsistency_OBS],[1.0000],1,6,1.0000,[dt-1;dt-2;dt-3],[[f45f4165-4102-41a6-af0c-3349f00ac4db;db01a6e1-36c0-4d07-b0a8-a588f722c0c8;a781e42d-200f-45c2-af62-e28dd9112009;60c24ce6-415d-44f9-84c8-57023562288c;0b862292-5cfe-42ea-8653-bd7cfda386d4;88fa2269-cbb6-440b-b456-3dad7a94627f]]
2026-04-03 19:17:28.323,12.510,CrossSignalAgreement_SYS,atomic,[CrossSignalAgreement_SYS],[1.0000],1,6,1.0000,[dt-1;dt-2;dt-3],[[60c24ce6-415d-44f9-84c8-57023562288c;efd47433-b64c-4972-92c0-e193781fbac0;a781e42d-200f-45c2-af62-e28dd9112009;8d4e15b3-5492-4aa3-9422-552840119b1e;0b862292-5cfe-42ea-8653-bd7cfda386d4;88fa2269-cbb6-440b-b456-3dad7a94627f]]
2026-04-03 19:17:28.323,12.510,CrossSignalAgreement_OBS,atomic,[CrossSignalAgreement_OBS],[1.0000],1,6,1.0000,[dt-1;dt-2;dt-3],[[f45f4165-4102-41a6-af0c-3349f00ac4db;db01a6e1-36c0-4d07-b0a8-a588f722c0c8;a781e42d-200f-45c2-af62-e28dd9112009;60c24ce6-415d-44f9-84c8-57023562288c;0b862292-5cfe-42ea-8653-bd7cfda386d4;88fa2269-cbb6-440b-b456-3dad7a94627f]]
2026-04-03 19:17:28.329,12.516,CrossSignalRelativeStable_GT,atomic,[CrossSignalRelativeStable_GT],[1.0000],1,6,1.0000,[dt-1;dt-2;dt-3],[[4018e364-551e-44f1-8432-eed276633991;c5e86012-99f8-41ba-914e-1e4b77350d19;38c0f03b-1a42-4154-9945-0a592976d497;0e918fa2-e515-48e7-978a-394aabeb6023;71054bb6-4987-411f-9159-e1b8231a7d45;ca664e4f-60cb-465c-a874-21548d180f9c]]
2026-04-03 19:17:28.329,12.516,CrossSignalAgreement_GT,atomic,[CrossSignalAgreement_GT],[1.0000],1,6,1.0000,[dt-1;dt-2;dt-3],[[4018e364-551e-44f1-8432-eed276633991;c5e86012-99f8-41ba-914e-1e4b77350d19;38c0f03b-1a42-4154-9945-0a592976d497;0e918fa2-e515-48e7-978a-394aabeb6023;71054bb6-4987-411f-9159-e1b8231a7d45;ca664e4f-60cb-465c-a874-21548d180f9c]]
2026-04-03 19:17:28.447,12.634,CrossSignalRelativeStable_GT,atomic,[CrossSignalRelativeStable_GT],[1.0000],1,6,1.0000,[dt-1;dt-2;dt-3],[[0e918fa2-e515-48e7-978a-394aabeb6023;71054bb6-4987-411f-9159-e1b8231a7d45;ca664e4f-60cb-465c-a874-21548d180f9c;186871ce-4438-48da-9956-a4a7283ab25e;79843b8d-815a-4dca-8d42-a5c505a27908;42a7d055-8cd3-443f-bef6-ee8bdb48d7f1]]
2026-04-03 19:17:28.448,12.635,CrossSignalAgreement_GT,atomic,[CrossSignalAgreement_GT],[1.0000],1,6,1.0000,[dt-1;dt-2;dt-3],[[0e918fa2-e515-48e7-978a-394aabeb6023;71054bb6-4987-411f-9159-e1b8231a7d45;ca664e4f-60cb-465c-a874-21548d180f9c;186871ce-4438-48da-9956-a4a7283ab25e;79843b8d-815a-4dca-8d42-a5c505a27908;42a7d055-8cd3-443f-bef6-ee8bdb48d7f1]]
2026-04-03 19:17:28.537,12.724,CrossSignalRelativeStable_SYS,atomic,[CrossSignalRelativeStable_SYS],[1.0000],1,6,1.0000,[dt-1;dt-2;dt-3],[[8d4e15b3-5492-4aa3-9422-552840119b1e;0b862292-5cfe-42ea-8653-bd7cfda386d4;88fa2269-cbb6-440b-b456-3dad7a94627f;86f0ba50-d64f-4b77-b9ca-d74660a898d8;ab925e62-6db7-42c7-b1b5-d8f562814d94;67de3c06-b1ed-4945-a579-91ef34cf79a0]]
2026-04-03 19:17:28.537,12.724,CrossSignalAgreement_SYS,atomic,[CrossSignalAgreement_SYS],[1.0000],1,6,1.0000,[dt-1;dt-2;dt-3],[[8d4e15b3-5492-4aa3-9422-552840119b1e;0b862292-5cfe-42ea-8653-bd7cfda386d4;88fa2269-cbb6-440b-b456-3dad7a94627f;86f0ba50-d64f-4b77-b9ca-d74660a898d8;ab925e62-6db7-42c7-b1b5-d8f562814d94;67de3c06-b1ed-4945-a579-91ef34cf79a0]]
2026-04-03 19:17:28.555,12.742,CrossSignalRelativeStable_GT,atomic,[CrossSignalRelativeStable_GT],[1.0000],1,6,1.0000,[dt-1;dt-2;dt-3],[[186871ce-4438-48da-9956-a4a7283ab25e;79843b8d-815a-4dca-8d42-a5c505a27908;42a7d055-8cd3-443f-bef6-ee8bdb48d7f1;47c958e5-30ae-4111-bddb-cf8ad0536653;460a4395-faa5-4b78-be32-91202053240e;2c77d30d-8339-43d2-9925-fa3f45e6d2a6]]
2026-04-03 19:17:28.555,12.742,CrossSignalAgreement_GT,atomic,[CrossSignalAgreement_GT],[1.0000],1,6,1.0000,[dt-1;dt-2;dt-3],[[186871ce-4438-48da-9956-a4a7283ab25e;79843b8d-815a-4dca-8d42-a5c505a27908;42a7d055-8cd3-443f-bef6-ee8bdb48d7f1;47c958e5-30ae-4111-bddb-cf8ad0536653;460a4395-faa5-4b78-be32-91202053240e;2c77d30d-8339-43d2-9925-fa3f45e6d2a6]]
2026-04-03 19:17:28.644,12.831,CrossSignalRelativeStable_SYS,atomic,[CrossSignalRelativeStable_SYS],[0.9631],1,6,0.9631,[dt-1;dt-2;dt-3],[[86f0ba50-d64f-4b77-b9ca-d74660a898d8;ab925e62-6db7-42c7-b1b5-d8f562814d94;67de3c06-b1ed-4945-a579-91ef34cf79a0;fcbc63b0-f412-46b6-bc08-ac07848ba990;330753a3-e0d0-4807-987e-76017538dab1;45629767-84d6-47a0-892d-d9f385e7b288]]
2026-04-03 19:17:28.644,12.831,CrossSignalTrendConsistency_SYS,atomic,[CrossSignalTrendConsistency_SYS],[0.9631],1,6,0.9631,[dt-1;dt-2;dt-3],[[86f0ba50-d64f-4b77-b9ca-d74660a898d8;ab925e62-6db7-42c7-b1b5-d8f562814d94;67de3c06-b1ed-4945-a579-91ef34cf79a0;fcbc63b0-f412-46b6-bc08-ac07848ba990;330753a3-e0d0-4807-987e-76017538dab1;45629767-84d6-47a0-892d-d9f385e7b288]]
2026-04-03 19:17:28.644,12.831,CrossSignalAgreement_SYS,atomic,[CrossSignalAgreement_SYS],[0.9631],1,6,0.9631,[dt-1;dt-2;dt-3],[[86f0ba50-d64f-4b77-b9ca-d74660a898d8;ab925e62-6db7-42c7-b1b5-d8f562814d94;67de3c06-b1ed-4945-a579-91ef34cf79a0;fcbc63b0-f412-46b6-bc08-ac07848ba990;330753a3-e0d0-4807-987e-76017538dab1;45629767-84d6-47a0-892d-d9f385e7b288]]
2026-04-03 19:17:28.661,12.848,CrossSignalRelativeStable_GT,atomic,[CrossSignalRelativeStable_GT],[1.0000],1,6,1.0000,[dt-1;dt-2;dt-3],[[47c958e5-30ae-4111-bddb-cf8ad0536653;460a4395-faa5-4b78-be32-91202053240e;2c77d30d-8339-43d2-9925-fa3f45e6d2a6;d4838a77-c4b3-437b-9cb0-a01fea1f7cf9;dfed86a9-c21d-4930-bda5-6ac6e9d29b6d;99e4d7d4-0dfe-4d7e-900f-9e68695ca0fa]]
2026-04-03 19:17:28.662,12.849,CrossSignalTrendConsistency_GT,atomic,[CrossSignalTrendConsistency_GT],[1.0000],1,6,1.0000,[dt-1;dt-2;dt-3],[[47c958e5-30ae-4111-bddb-cf8ad0536653;460a4395-faa5-4b78-be32-91202053240e;2c77d30d-8339-43d2-9925-fa3f45e6d2a6;d4838a77-c4b3-437b-9cb0-a01fea1f7cf9;dfed86a9-c21d-4930-bda5-6ac6e9d29b6d;99e4d7d4-0dfe-4d7e-900f-9e68695ca0fa]]
2026-04-03 19:17:28.662,12.849,CrossSignalAgreement_GT,atomic,[CrossSignalAgreement_GT],[1.0000],1,6,1.0000,[dt-1;dt-2;dt-3],[[47c958e5-30ae-4111-bddb-cf8ad0536653;460a4395-faa5-4b78-be32-91202053240e;2c77d30d-8339-43d2-9925-fa3f45e6d2a6;d4838a77-c4b3-437b-9cb0-a01fea1f7cf9;dfed86a9-c21d-4930-bda5-6ac6e9d29b6d;99e4d7d4-0dfe-4d7e-900f-9e68695ca0fa]]
2026-04-03 19:17:28.754,12.941,CrossSignalRelativeStable_OBS,atomic,[CrossSignalRelativeStable_OBS],[1.0000],1,6,1.0000,[dt-1;dt-2;dt-3],[[60c24ce6-415d-44f9-84c8-57023562288c;0b862292-5cfe-42ea-8653-bd7cfda386d4;88fa2269-cbb6-440b-b456-3dad7a94627f;86f0ba50-d64f-4b77-b9ca-d74660a898d8;58cb4787-bd90-4ee3-a6c5-fe855d5b70e9;67de3c06-b1ed-4945-a579-91ef34cf79a0]]
2026-04-03 19:17:28.754,12.941,CrossSignalAgreement_OBS,atomic,[CrossSignalAgreement_OBS],[1.0000],1,6,1.0000,[dt-1;dt-2;dt-3],[[60c24ce6-415d-44f9-84c8-57023562288c;0b862292-5cfe-42ea-8653-bd7cfda386d4;88fa2269-cbb6-440b-b456-3dad7a94627f;86f0ba50-d64f-4b77-b9ca-d74660a898d8;58cb4787-bd90-4ee3-a6c5-fe855d5b70e9;67de3c06-b1ed-4945-a579-91ef34cf79a0]]
2026-04-03 19:17:28.786,12.973,CrossSignalRelativeStable_GT,atomic,[CrossSignalRelativeStable_GT],[1.0000],1,6,1.0000,[dt-1;dt-2;dt-3],[[d4838a77-c4b3-437b-9cb0-a01fea1f7cf9;dfed86a9-c21d-4930-bda5-6ac6e9d29b6d;99e4d7d4-0dfe-4d7e-900f-9e68695ca0fa;bf6da164-7c48-46f0-9773-66d20828f98b;b97ebe51-7e9b-4d2d-9d40-0976460794c4;8a9a6e07-4270-4bd4-85e7-39579121162d]]
2026-04-03 19:17:28.786,12.973,CrossSignalAgreement_GT,atomic,[CrossSignalAgreement_GT],[1.0000],1,6,1.0000,[dt-1;dt-2;dt-3],[[d4838a77-c4b3-437b-9cb0-a01fea1f7cf9;dfed86a9-c21d-4930-bda5-6ac6e9d29b6d;99e4d7d4-0dfe-4d7e-900f-9e68695ca0fa;bf6da164-7c48-46f0-9773-66d20828f98b;b97ebe51-7e9b-4d2d-9d40-0976460794c4;8a9a6e07-4270-4bd4-85e7-39579121162d]]
2026-04-03 19:17:28.879,13.066,CrossSignalRelativeStable_GT,atomic,[CrossSignalRelativeStable_GT],[1.0000],1,6,1.0000,[dt-1;dt-2;dt-3],[[bf6da164-7c48-46f0-9773-66d20828f98b;b97ebe51-7e9b-4d2d-9d40-0976460794c4;8a9a6e07-4270-4bd4-85e7-39579121162d;0230ea85-902e-4e2e-907a-32e7e04b5b91;6c6a9704-e119-4339-9a94-b43327bc7e52;d7d9d076-83eb-4c08-a68a-5aa1778467a4]]
2026-04-03 19:17:28.879,13.066,CrossSignalTrendConsistency_GT,atomic,[CrossSignalTrendConsistency_GT],[1.0000],1,6,1.0000,[dt-1;dt-2;dt-3],[[bf6da164-7c48-46f0-9773-66d20828f98b;b97ebe51-7e9b-4d2d-9d40-0976460794c4;8a9a6e07-4270-4bd4-85e7-39579121162d;0230ea85-902e-4e2e-907a-32e7e04b5b91;6c6a9704-e119-4339-9a94-b43327bc7e52;d7d9d076-83eb-4c08-a68a-5aa1778467a4]]
2026-04-03 19:17:28.879,13.066,CrossSignalAgreement_GT,atomic,[CrossSignalAgreement_GT],[1.0000],1,6,1.0000,[dt-1;dt-2;dt-3],[[bf6da164-7c48-46f0-9773-66d20828f98b;b97ebe51-7e9b-4d2d-9d40-0976460794c4;8a9a6e07-4270-4bd4-85e7-39579121162d;0230ea85-902e-4e2e-907a-32e7e04b5b91;6c6a9704-e119-4339-9a94-b43327bc7e52;d7d9d076-83eb-4c08-a68a-5aa1778467a4]]
2026-04-03 19:17:28.881,13.068,CrossSignalRelativeStable_SYS,atomic,[CrossSignalRelativeStable_SYS],[0.9631],1,6,0.9631,[dt-1;dt-2;dt-3],[[fcbc63b0-f412-46b6-bc08-ac07848ba990;330753a3-e0d0-4807-987e-76017538dab1;45629767-84d6-47a0-892d-d9f385e7b288;cb256032-bc90-484c-ad2c-60aae3c3cdfc;58cb4787-bd90-4ee3-a6c5-fe855d5b70e9;8401e69a-6e57-4393-8371-2aa781466aaf]]
2026-04-03 19:17:28.882,13.069,CrossSignalRelativeStable_OBS,atomic,[CrossSignalRelativeStable_OBS],[1.0000],1,6,1.0000,[dt-1;dt-2;dt-3],[[86f0ba50-d64f-4b77-b9ca-d74660a898d8;58cb4787-bd90-4ee3-a6c5-fe855d5b70e9;67de3c06-b1ed-4945-a579-91ef34cf79a0;cb256032-bc90-484c-ad2c-60aae3c3cdfc;233bdcdf-7248-4658-a4fa-7bce8ef3d273;8401e69a-6e57-4393-8371-2aa781466aaf]]
2026-04-03 19:17:28.882,13.069,CrossSignalAgreement_SYS,atomic,[CrossSignalAgreement_SYS],[0.9631],1,6,0.9631,[dt-1;dt-2;dt-3],[[fcbc63b0-f412-46b6-bc08-ac07848ba990;330753a3-e0d0-4807-987e-76017538dab1;45629767-84d6-47a0-892d-d9f385e7b288;cb256032-bc90-484c-ad2c-60aae3c3cdfc;58cb4787-bd90-4ee3-a6c5-fe855d5b70e9;8401e69a-6e57-4393-8371-2aa781466aaf]]
2026-04-03 19:17:28.882,13.069,CrossSignalAgreement_OBS,atomic,[CrossSignalAgreement_OBS],[1.0000],1,6,1.0000,[dt-1;dt-2;dt-3],[[86f0ba50-d64f-4b77-b9ca-d74660a898d8;58cb4787-bd90-4ee3-a6c5-fe855d5b70e9;67de3c06-b1ed-4945-a579-91ef34cf79a0;cb256032-bc90-484c-ad2c-60aae3c3cdfc;233bdcdf-7248-4658-a4fa-7bce8ef3d273;8401e69a-6e57-4393-8371-2aa781466aaf]]
2026-04-03 19:17:28.992,13.179,CrossSignalRelativeStable_GT,atomic,[CrossSignalRelativeStable_GT],[1.0000],1,6,1.0000,[dt-1;dt-2;dt-3],[[0230ea85-902e-4e2e-907a-32e7e04b5b91;6c6a9704-e119-4339-9a94-b43327bc7e52;d7d9d076-83eb-4c08-a68a-5aa1778467a4;7020eac7-ff65-4edd-afa9-6f863172814a;6fdaf420-b17e-4f10-8c74-e07298d9cb58;ca28fc0d-faa6-436c-9339-87fb488d8b6c]]
2026-04-03 19:17:28.992,13.179,CrossSignalTrendConsistency_GT,atomic,[CrossSignalTrendConsistency_GT],[1.0000],1,6,1.0000,[dt-1;dt-2;dt-3],[[0230ea85-902e-4e2e-907a-32e7e04b5b91;6c6a9704-e119-4339-9a94-b43327bc7e52;d7d9d076-83eb-4c08-a68a-5aa1778467a4;7020eac7-ff65-4edd-afa9-6f863172814a;6fdaf420-b17e-4f10-8c74-e07298d9cb58;ca28fc0d-faa6-436c-9339-87fb488d8b6c]]
2026-04-03 19:17:28.992,13.179,CrossSignalAgreement_GT,atomic,[CrossSignalAgreement_GT],[1.0000],1,6,1.0000,[dt-1;dt-2;dt-3],[[0230ea85-902e-4e2e-907a-32e7e04b5b91;6c6a9704-e119-4339-9a94-b43327bc7e52;d7d9d076-83eb-4c08-a68a-5aa1778467a4;7020eac7-ff65-4edd-afa9-6f863172814a;6fdaf420-b17e-4f10-8c74-e07298d9cb58;ca28fc0d-faa6-436c-9339-87fb488d8b6c]]
2026-04-03 19:17:29.089,13.276,CrossSignalRelativeStable_SYS,atomic,[CrossSignalRelativeStable_SYS],[0.9802],1,6,0.9802,[dt-1;dt-2;dt-3],[[cb256032-bc90-484c-ad2c-60aae3c3cdfc;58cb4787-bd90-4ee3-a6c5-fe855d5b70e9;8401e69a-6e57-4393-8371-2aa781466aaf;b6b82d88-8345-4591-8a4c-250853e845b0;517b2632-b534-4ed2-8c88-a0eb47b08579;88c7c17b-278e-4e2f-927c-5a70169cf616]]
2026-04-03 19:17:29.089,13.276,CrossSignalAgreement_SYS,atomic,[CrossSignalAgreement_SYS],[0.9802],1,6,0.9802,[dt-1;dt-2;dt-3],[[cb256032-bc90-484c-ad2c-60aae3c3cdfc;58cb4787-bd90-4ee3-a6c5-fe855d5b70e9;8401e69a-6e57-4393-8371-2aa781466aaf;b6b82d88-8345-4591-8a4c-250853e845b0;517b2632-b534-4ed2-8c88-a0eb47b08579;88c7c17b-278e-4e2f-927c-5a70169cf616]]
2026-04-03 19:17:29.106,13.293,CrossSignalRelativeStable_GT,atomic,[CrossSignalRelativeStable_GT],[1.0000],1,6,1.0000,[dt-1;dt-2;dt-3],[[7020eac7-ff65-4edd-afa9-6f863172814a;6fdaf420-b17e-4f10-8c74-e07298d9cb58;ca28fc0d-faa6-436c-9339-87fb488d8b6c;e1c900bb-9106-4c54-b173-12cd4b6f4e2f;ffdb4e74-2acd-4c61-89d7-ad93462c1ffb;dd5294bb-cf8a-4d0b-bdba-acd065344d50]]
2026-04-03 19:17:29.106,13.293,CrossSignalTrendConsistency_GT,atomic,[CrossSignalTrendConsistency_GT],[1.0000],1,6,1.0000,[dt-1;dt-2;dt-3],[[7020eac7-ff65-4edd-afa9-6f863172814a;6fdaf420-b17e-4f10-8c74-e07298d9cb58;ca28fc0d-faa6-436c-9339-87fb488d8b6c;e1c900bb-9106-4c54-b173-12cd4b6f4e2f;ffdb4e74-2acd-4c61-89d7-ad93462c1ffb;dd5294bb-cf8a-4d0b-bdba-acd065344d50]]
2026-04-03 19:17:29.106,13.293,CrossSignalAgreement_GT,atomic,[CrossSignalAgreement_GT],[1.0000],1,6,1.0000,[dt-1;dt-2;dt-3],[[7020eac7-ff65-4edd-afa9-6f863172814a;6fdaf420-b17e-4f10-8c74-e07298d9cb58;ca28fc0d-faa6-436c-9339-87fb488d8b6c;e1c900bb-9106-4c54-b173-12cd4b6f4e2f;ffdb4e74-2acd-4c61-89d7-ad93462c1ffb;dd5294bb-cf8a-4d0b-bdba-acd065344d50]]
2026-04-03 19:17:29.200,13.387,CrossSignalRelativeStable_SYS,atomic,[CrossSignalRelativeStable_SYS],[0.9602],1,6,0.9602,[dt-1;dt-2;dt-3],[[b6b82d88-8345-4591-8a4c-250853e845b0;517b2632-b534-4ed2-8c88-a0eb47b08579;88c7c17b-278e-4e2f-927c-5a70169cf616;c4e9daec-86ab-4c2c-af52-1503d97939bb;71172a4d-ab8d-4f2a-8484-01bf95ba34b8;1998ce21-26ec-4fb5-a1f3-fe0c20aa1655]]
2026-04-03 19:17:29.200,13.387,CrossSignalRelativeStable_OBS,atomic,[CrossSignalRelativeStable_OBS],[1.0000],1,6,1.0000,[dt-1;dt-2;dt-3],[[cb256032-bc90-484c-ad2c-60aae3c3cdfc;233bdcdf-7248-4658-a4fa-7bce8ef3d273;8401e69a-6e57-4393-8371-2aa781466aaf;b6b82d88-8345-4591-8a4c-250853e845b0;517b2632-b534-4ed2-8c88-a0eb47b08579;1998ce21-26ec-4fb5-a1f3-fe0c20aa1655]]
2026-04-03 19:17:29.200,13.387,CrossSignalTrendConsistency_OBS,atomic,[CrossSignalTrendConsistency_OBS],[1.0000],1,6,1.0000,[dt-1;dt-2;dt-3],[[cb256032-bc90-484c-ad2c-60aae3c3cdfc;233bdcdf-7248-4658-a4fa-7bce8ef3d273;8401e69a-6e57-4393-8371-2aa781466aaf;b6b82d88-8345-4591-8a4c-250853e845b0;517b2632-b534-4ed2-8c88-a0eb47b08579;1998ce21-26ec-4fb5-a1f3-fe0c20aa1655]]
2026-04-03 19:17:29.200,13.387,CrossSignalAgreement_SYS,atomic,[CrossSignalAgreement_SYS],[0.9602],1,6,0.9602,[dt-1;dt-2;dt-3],[[b6b82d88-8345-4591-8a4c-250853e845b0;517b2632-b534-4ed2-8c88-a0eb47b08579;88c7c17b-278e-4e2f-927c-5a70169cf616;c4e9daec-86ab-4c2c-af52-1503d97939bb;71172a4d-ab8d-4f2a-8484-01bf95ba34b8;1998ce21-26ec-4fb5-a1f3-fe0c20aa1655]]
2026-04-03 19:17:29.200,13.387,CrossSignalAgreement_OBS,atomic,[CrossSignalAgreement_OBS],[1.0000],1,6,1.0000,[dt-1;dt-2;dt-3],[[cb256032-bc90-484c-ad2c-60aae3c3cdfc;233bdcdf-7248-4658-a4fa-7bce8ef3d273;8401e69a-6e57-4393-8371-2aa781466aaf;b6b82d88-8345-4591-8a4c-250853e845b0;517b2632-b534-4ed2-8c88-a0eb47b08579;1998ce21-26ec-4fb5-a1f3-fe0c20aa1655]]
2026-04-03 19:17:29.201,13.388,CrossSignalRelativeStable_GT,atomic,[CrossSignalRelativeStable_GT],[1.0000],1,6,1.0000,[dt-1;dt-2;dt-3],[[e1c900bb-9106-4c54-b173-12cd4b6f4e2f;ffdb4e74-2acd-4c61-89d7-ad93462c1ffb;dd5294bb-cf8a-4d0b-bdba-acd065344d50;e62e7e88-acb2-4a94-92d1-362ab4ec52db;4147a12e-709b-4d8d-8167-b9e656c4dab6;e5bee59d-1ccd-4fb6-be93-b1a773db3bfe]]
2026-04-03 19:17:29.201,13.388,CrossSignalAgreement_GT,atomic,[CrossSignalAgreement_GT],[1.0000],1,6,1.0000,[dt-1;dt-2;dt-3],[[e1c900bb-9106-4c54-b173-12cd4b6f4e2f;ffdb4e74-2acd-4c61-89d7-ad93462c1ffb;dd5294bb-cf8a-4d0b-bdba-acd065344d50;e62e7e88-acb2-4a94-92d1-362ab4ec52db;4147a12e-709b-4d8d-8167-b9e656c4dab6;e5bee59d-1ccd-4fb6-be93-b1a773db3bfe]]
2026-04-03 19:17:29.334,13.521,CrossSignalRelativeStable_GT,atomic,[CrossSignalRelativeStable_GT],[1.0000],1,6,1.0000,[dt-1;dt-2;dt-3],[[e62e7e88-acb2-4a94-92d1-362ab4ec52db;4147a12e-709b-4d8d-8167-b9e656c4dab6;e5bee59d-1ccd-4fb6-be93-b1a773db3bfe;b03bfd1e-19ae-4c14-b353-71e0677c16b4;eaee1596-9d01-4857-aae1-21da923f40b6;e63ef0d5-516d-4b1f-a944-fd62579d5433]]
2026-04-03 19:17:29.335,13.522,CrossSignalAgreement_GT,atomic,[CrossSignalAgreement_GT],[1.0000],1,6,1.0000,[dt-1;dt-2;dt-3],[[e62e7e88-acb2-4a94-92d1-362ab4ec52db;4147a12e-709b-4d8d-8167-b9e656c4dab6;e5bee59d-1ccd-4fb6-be93-b1a773db3bfe;b03bfd1e-19ae-4c14-b353-71e0677c16b4;eaee1596-9d01-4857-aae1-21da923f40b6;e63ef0d5-516d-4b1f-a944-fd62579d5433]]
2026-04-03 19:17:29.432,13.619,CrossSignalRelativeStable_SYS,atomic,[CrossSignalRelativeStable_SYS],[0.8859],1,6,0.8859,[dt-1;dt-2;dt-3],[[c4e9daec-86ab-4c2c-af52-1503d97939bb;71172a4d-ab8d-4f2a-8484-01bf95ba34b8;1998ce21-26ec-4fb5-a1f3-fe0c20aa1655;933414ae-14a6-4c8d-8ffb-2e44debe6422;f233b77d-1f46-480c-b146-bbf825eaa51f;c5bc11a9-2e84-47d3-992d-0267cc4fa990]]
2026-04-03 19:17:29.433,13.620,CrossSignalAgreement_SYS,atomic,[CrossSignalAgreement_SYS],[0.8859],1,6,0.8859,[dt-1;dt-2;dt-3],[[c4e9daec-86ab-4c2c-af52-1503d97939bb;71172a4d-ab8d-4f2a-8484-01bf95ba34b8;1998ce21-26ec-4fb5-a1f3-fe0c20aa1655;933414ae-14a6-4c8d-8ffb-2e44debe6422;f233b77d-1f46-480c-b146-bbf825eaa51f;c5bc11a9-2e84-47d3-992d-0267cc4fa990]]
2026-04-03 19:17:29.433,13.620,CrossSignalRelativeStable_GT,atomic,[CrossSignalRelativeStable_GT],[1.0000],1,6,1.0000,[dt-1;dt-2;dt-3],[[b03bfd1e-19ae-4c14-b353-71e0677c16b4;eaee1596-9d01-4857-aae1-21da923f40b6;e63ef0d5-516d-4b1f-a944-fd62579d5433;bbdb2646-5e5c-42e7-ab03-dc5031463048;76a180b6-7d3a-4d5d-94d7-05d847f70abe;fe12d22b-fa58-4bb8-9c76-e94a10f916ad]]
2026-04-03 19:17:29.433,13.620,CrossSignalAgreement_GT,atomic,[CrossSignalAgreement_GT],[1.0000],1,6,1.0000,[dt-1;dt-2;dt-3],[[b03bfd1e-19ae-4c14-b353-71e0677c16b4;eaee1596-9d01-4857-aae1-21da923f40b6;e63ef0d5-516d-4b1f-a944-fd62579d5433;bbdb2646-5e5c-42e7-ab03-dc5031463048;76a180b6-7d3a-4d5d-94d7-05d847f70abe;fe12d22b-fa58-4bb8-9c76-e94a10f916ad]]
2026-04-03 19:17:29.533,13.720,CrossSignalRelativeStable_SYS,atomic,[CrossSignalRelativeStable_SYS],[0.8434],1,6,0.8434,[dt-1;dt-2;dt-3],[[933414ae-14a6-4c8d-8ffb-2e44debe6422;f233b77d-1f46-480c-b146-bbf825eaa51f;c5bc11a9-2e84-47d3-992d-0267cc4fa990;f5120591-499b-4f1b-a398-5c1e115ecde5;d90ae9bb-a5fd-43e8-a29b-c0445c5fd021;5356b5dd-834a-404a-bad5-041d8c9925c0]]
2026-04-03 19:17:29.533,13.720,CrossSignalAgreement_SYS,atomic,[CrossSignalAgreement_SYS],[0.8434],1,6,0.8434,[dt-1;dt-2;dt-3],[[933414ae-14a6-4c8d-8ffb-2e44debe6422;f233b77d-1f46-480c-b146-bbf825eaa51f;c5bc11a9-2e84-47d3-992d-0267cc4fa990;f5120591-499b-4f1b-a398-5c1e115ecde5;d90ae9bb-a5fd-43e8-a29b-c0445c5fd021;5356b5dd-834a-404a-bad5-041d8c9925c0]]
2026-04-03 19:17:29.541,13.728,CrossSignalRelativeStable_GT,atomic,[CrossSignalRelativeStable_GT],[1.0000],1,6,1.0000,[dt-1;dt-2;dt-3],[[bbdb2646-5e5c-42e7-ab03-dc5031463048;76a180b6-7d3a-4d5d-94d7-05d847f70abe;fe12d22b-fa58-4bb8-9c76-e94a10f916ad;6388e7b6-7197-4df8-a00b-31f4a73924da;c17ce0cc-a5d8-4f63-b094-6a9b1e52026f;4905a659-01d0-4f63-b344-d1e121ce8233]]
2026-04-03 19:17:29.541,13.728,CrossSignalAgreement_GT,atomic,[CrossSignalAgreement_GT],[1.0000],1,6,1.0000,[dt-1;dt-2;dt-3],[[bbdb2646-5e5c-42e7-ab03-dc5031463048;76a180b6-7d3a-4d5d-94d7-05d847f70abe;fe12d22b-fa58-4bb8-9c76-e94a10f916ad;6388e7b6-7197-4df8-a00b-31f4a73924da;c17ce0cc-a5d8-4f63-b094-6a9b1e52026f;4905a659-01d0-4f63-b344-d1e121ce8233]]
2026-04-03 19:17:29.643,13.830,CrossSignalRelativeStable_SYS,atomic,[CrossSignalRelativeStable_SYS],[0.9004],1,6,0.9004,[dt-1;dt-2;dt-3],[[f5120591-499b-4f1b-a398-5c1e115ecde5;d90ae9bb-a5fd-43e8-a29b-c0445c5fd021;5356b5dd-834a-404a-bad5-041d8c9925c0;d5c9d9bc-56d2-4930-a3db-17aa2b505e38;77379d96-3886-49e9-b47c-745f03ba323d;d8400596-d0ff-41f9-b7fa-49364d8c334f]]
2026-04-03 19:17:29.643,13.830,CrossSignalRelativeStable_OBS,atomic,[CrossSignalRelativeStable_OBS],[1.0000],1,6,1.0000,[dt-1;dt-2;dt-3],[[b6b82d88-8345-4591-8a4c-250853e845b0;517b2632-b534-4ed2-8c88-a0eb47b08579;1998ce21-26ec-4fb5-a1f3-fe0c20aa1655;d5c9d9bc-56d2-4930-a3db-17aa2b505e38;d90ae9bb-a5fd-43e8-a29b-c0445c5fd021;d8400596-d0ff-41f9-b7fa-49364d8c334f]]
2026-04-03 19:17:29.643,13.830,CrossSignalAgreement_SYS,atomic,[CrossSignalAgreement_SYS],[0.9004],1,6,0.9004,[dt-1;dt-2;dt-3],[[f5120591-499b-4f1b-a398-5c1e115ecde5;d90ae9bb-a5fd-43e8-a29b-c0445c5fd021;5356b5dd-834a-404a-bad5-041d8c9925c0;d5c9d9bc-56d2-4930-a3db-17aa2b505e38;77379d96-3886-49e9-b47c-745f03ba323d;d8400596-d0ff-41f9-b7fa-49364d8c334f]]
2026-04-03 19:17:29.643,13.830,CrossSignalAgreement_OBS,atomic,[CrossSignalAgreement_OBS],[1.0000],1,6,1.0000,[dt-1;dt-2;dt-3],[[b6b82d88-8345-4591-8a4c-250853e845b0;517b2632-b534-4ed2-8c88-a0eb47b08579;1998ce21-26ec-4fb5-a1f3-fe0c20aa1655;d5c9d9bc-56d2-4930-a3db-17aa2b505e38;d90ae9bb-a5fd-43e8-a29b-c0445c5fd021;d8400596-d0ff-41f9-b7fa-49364d8c334f]]
2026-04-03 19:17:29.654,13.841,CrossSignalRelativeStable_GT,atomic,[CrossSignalRelativeStable_GT],[1.0000],1,6,1.0000,[dt-1;dt-2;dt-3],[[6388e7b6-7197-4df8-a00b-31f4a73924da;c17ce0cc-a5d8-4f63-b094-6a9b1e52026f;4905a659-01d0-4f63-b344-d1e121ce8233;eea43c41-51c5-4862-bbf9-f29bcdd5cf88;f2cf5f39-0da9-428c-ae3a-8cfea95960a5;774291d9-901a-4fe4-b16a-ecaeafad70f1]]
2026-04-03 19:17:29.754,13.941,CrossSignalRelativeStable_SYS,atomic,[CrossSignalRelativeStable_SYS],[0.9629],1,6,0.9629,[dt-1;dt-2;dt-3],[[d5c9d9bc-56d2-4930-a3db-17aa2b505e38;77379d96-3886-49e9-b47c-745f03ba323d;d8400596-d0ff-41f9-b7fa-49364d8c334f;751763b1-e203-45c5-91b0-e72487278310;ffdf925e-2bd9-4d34-a85a-bded4aa8d34e;70dc3d27-ded5-4e9b-90f1-4d382fa3ede0]]
2026-04-03 19:17:29.766,13.953,CrossSignalRelativeStable_GT,atomic,[CrossSignalRelativeStable_GT],[1.0000],1,6,1.0000,[dt-1;dt-2;dt-3],[[eea43c41-51c5-4862-bbf9-f29bcdd5cf88;f2cf5f39-0da9-428c-ae3a-8cfea95960a5;774291d9-901a-4fe4-b16a-ecaeafad70f1;bc9d6164-6be9-482f-9854-3abd8a39f574;0c4db71e-28df-4337-8abb-8c9d80a7652c;351f680e-b08e-4898-bbef-954b7667f8ce]]
2026-04-03 19:17:29.895,14.082,CrossSignalRelativeStable_OBS,atomic,[CrossSignalRelativeStable_OBS],[1.0000],1,6,1.0000,[dt-1;dt-2;dt-3],[[d5c9d9bc-56d2-4930-a3db-17aa2b505e38;d90ae9bb-a5fd-43e8-a29b-c0445c5fd021;d8400596-d0ff-41f9-b7fa-49364d8c334f;751763b1-e203-45c5-91b0-e72487278310;ffdf925e-2bd9-4d34-a85a-bded4aa8d34e;3ba30530-e84d-467f-b20b-33b333df2b82]]
2026-04-03 19:17:29.895,14.082,CrossSignalAgreement_OBS,atomic,[CrossSignalAgreement_OBS],[1.0000],1,6,1.0000,[dt-1;dt-2;dt-3],[[d5c9d9bc-56d2-4930-a3db-17aa2b505e38;d90ae9bb-a5fd-43e8-a29b-c0445c5fd021;d8400596-d0ff-41f9-b7fa-49364d8c334f;751763b1-e203-45c5-91b0-e72487278310;ffdf925e-2bd9-4d34-a85a-bded4aa8d34e;3ba30530-e84d-467f-b20b-33b333df2b82]]
2026-04-03 19:17:29.913,14.100,CrossSignalRelativeStable_GT,atomic,[CrossSignalRelativeStable_GT],[1.0000],1,6,1.0000,[dt-1;dt-2;dt-3],[[bc9d6164-6be9-482f-9854-3abd8a39f574;0c4db71e-28df-4337-8abb-8c9d80a7652c;351f680e-b08e-4898-bbef-954b7667f8ce;80cab454-5b64-498c-ab13-98dec863e4a2;a5e64b91-b81a-48f3-bae7-addc1f5112f2;7f198cbf-81ff-4288-8d62-193559b3e555]]
2026-04-03 19:17:29.913,14.100,CrossSignalAgreement_GT,atomic,[CrossSignalAgreement_GT],[1.0000],1,6,1.0000,[dt-1;dt-2;dt-3],[[bc9d6164-6be9-482f-9854-3abd8a39f574;0c4db71e-28df-4337-8abb-8c9d80a7652c;351f680e-b08e-4898-bbef-954b7667f8ce;80cab454-5b64-498c-ab13-98dec863e4a2;a5e64b91-b81a-48f3-bae7-addc1f5112f2;7f198cbf-81ff-4288-8d62-193559b3e555]]
2026-04-03 19:17:30.004,14.191,CrossSignalRelativeStable_SYS,atomic,[CrossSignalRelativeStable_SYS],[0.9804],1,6,0.9804,[dt-1;dt-2;dt-3],[[751763b1-e203-45c5-91b0-e72487278310;ffdf925e-2bd9-4d34-a85a-bded4aa8d34e;70dc3d27-ded5-4e9b-90f1-4d382fa3ede0;a6933114-9901-4116-92c6-1254bcd8778d;d14771ba-276a-4691-ad37-f77fbef81732;21a6137a-fa40-413f-b9eb-df0b3cdb3573]]
2026-04-03 19:17:30.031,14.218,CrossSignalRelativeStable_GT,atomic,[CrossSignalRelativeStable_GT],[1.0000],1,6,1.0000,[dt-1;dt-2;dt-3],[[80cab454-5b64-498c-ab13-98dec863e4a2;a5e64b91-b81a-48f3-bae7-addc1f5112f2;7f198cbf-81ff-4288-8d62-193559b3e555;eb301373-83ba-4d54-83ef-c6f9d19a0112;f93ccf44-861e-40cc-a2f9-c16c4c4687f5;e3c012ac-ab89-4a56-b202-64508510770f]]
2026-04-03 19:17:30.031,14.218,CrossSignalAgreement_GT,atomic,[CrossSignalAgreement_GT],[1.0000],1,6,1.0000,[dt-1;dt-2;dt-3],[[80cab454-5b64-498c-ab13-98dec863e4a2;a5e64b91-b81a-48f3-bae7-addc1f5112f2;7f198cbf-81ff-4288-8d62-193559b3e555;eb301373-83ba-4d54-83ef-c6f9d19a0112;f93ccf44-861e-40cc-a2f9-c16c4c4687f5;e3c012ac-ab89-4a56-b202-64508510770f]]
2026-04-03 19:17:30.127,14.314,CrossSignalRelativeStable_GT,atomic,[CrossSignalRelativeStable_GT],[1.0000],1,6,1.0000,[dt-1;dt-2;dt-3],[[eb301373-83ba-4d54-83ef-c6f9d19a0112;f93ccf44-861e-40cc-a2f9-c16c4c4687f5;e3c012ac-ab89-4a56-b202-64508510770f;0af05834-5304-4d2d-9d2a-8a44e71c2943;05b3b37a-56d8-463b-a02a-939a0544b091;0438a8fe-e9ee-4704-ab4a-6e2084483081]]
2026-04-03 19:17:30.128,14.315,CrossSignalRelativeStable_SYS,atomic,[CrossSignalRelativeStable_SYS],[0.9804],1,6,0.9804,[dt-1;dt-2;dt-3],[[a6933114-9901-4116-92c6-1254bcd8778d;d14771ba-276a-4691-ad37-f77fbef81732;21a6137a-fa40-413f-b9eb-df0b3cdb3573;68488982-d96b-47ec-8003-abdef6ab35a4;b48bb667-e3a1-48c8-9490-1eeb9da7848a;31d2d48c-42d9-413c-90b5-07039959e98a]]
2026-04-03 19:17:30.129,14.316,CrossSignalRelativeStable_OBS,atomic,[CrossSignalRelativeStable_OBS],[1.0000],1,6,1.0000,[dt-1;dt-2;dt-3],[[751763b1-e203-45c5-91b0-e72487278310;ffdf925e-2bd9-4d34-a85a-bded4aa8d34e;3ba30530-e84d-467f-b20b-33b333df2b82;a6933114-9901-4116-92c6-1254bcd8778d;b48bb667-e3a1-48c8-9490-1eeb9da7848a;31d2d48c-42d9-413c-90b5-07039959e98a]]
2026-04-03 19:17:30.129,14.316,CrossSignalTrendConsistency_SYS,atomic,[CrossSignalTrendConsistency_SYS],[0.9804],1,6,0.9804,[dt-1;dt-2;dt-3],[[a6933114-9901-4116-92c6-1254bcd8778d;d14771ba-276a-4691-ad37-f77fbef81732;21a6137a-fa40-413f-b9eb-df0b3cdb3573;68488982-d96b-47ec-8003-abdef6ab35a4;b48bb667-e3a1-48c8-9490-1eeb9da7848a;31d2d48c-42d9-413c-90b5-07039959e98a]]
2026-04-03 19:17:30.243,14.430,CrossSignalRelativeStable_GT,atomic,[CrossSignalRelativeStable_GT],[1.0000],1,6,1.0000,[dt-1;dt-2;dt-3],[[0af05834-5304-4d2d-9d2a-8a44e71c2943;05b3b37a-56d8-463b-a02a-939a0544b091;0438a8fe-e9ee-4704-ab4a-6e2084483081;e79efea1-406c-441f-a0f6-f56b9f196352;a06153ab-46f4-42a2-ab49-f3e221ff3bb9;791e21d0-e9e6-40f3-82dc-7d73d080cb66]]
2026-04-03 19:17:30.340,14.527,CrossSignalRelativeStable_SYS,atomic,[CrossSignalRelativeStable_SYS],[0.9800],1,6,0.9800,[dt-1;dt-2;dt-3],[[68488982-d96b-47ec-8003-abdef6ab35a4;b48bb667-e3a1-48c8-9490-1eeb9da7848a;31d2d48c-42d9-413c-90b5-07039959e98a;6481ae01-4917-4101-9c98-67851a482c46;effaaef6-79f3-4229-94bd-d4da4a037311;59252274-af86-4734-9f11-1ae63ac7d00c]]
2026-04-03 19:17:30.353,14.540,CrossSignalRelativeStable_GT,atomic,[CrossSignalRelativeStable_GT],[1.0000],1,6,1.0000,[dt-1;dt-2;dt-3],[[e79efea1-406c-441f-a0f6-f56b9f196352;a06153ab-46f4-42a2-ab49-f3e221ff3bb9;791e21d0-e9e6-40f3-82dc-7d73d080cb66;cf8d7ba3-a77f-425d-adac-aa0853390f1c;c2a794bc-a80b-410c-911e-53c12e959d44;3aa907c3-0686-4666-9303-83ee4382b745]]
2026-04-03 19:17:30.449,14.636,CrossSignalRelativeStable_SYS,atomic,[CrossSignalRelativeStable_SYS],[0.9429],1,6,0.9429,[dt-1;dt-2;dt-3],[[6481ae01-4917-4101-9c98-67851a482c46;effaaef6-79f3-4229-94bd-d4da4a037311;59252274-af86-4734-9f11-1ae63ac7d00c;d4ed09f8-88c3-4a82-9fc2-4a5c18290d75;d3ba194c-1f91-45cf-bd07-7cbe897162ef;0edbdd00-020c-4159-8cbd-d94ea676c9be]]
2026-04-03 19:17:30.455,14.642,CrossSignalRelativeStable_OBS,atomic,[CrossSignalRelativeStable_OBS],[1.0000],1,6,1.0000,[dt-1;dt-2;dt-3],[[a6933114-9901-4116-92c6-1254bcd8778d;b48bb667-e3a1-48c8-9490-1eeb9da7848a;31d2d48c-42d9-413c-90b5-07039959e98a;6481ae01-4917-4101-9c98-67851a482c46;be2dfa06-064a-45da-a336-5a212358bed8;59252274-af86-4734-9f11-1ae63ac7d00c]]
2026-04-03 19:17:30.461,14.648,CrossSignalRelativeStable_GT,atomic,[CrossSignalRelativeStable_GT],[1.0000],1,6,1.0000,[dt-1;dt-2;dt-3],[[cf8d7ba3-a77f-425d-adac-aa0853390f1c;c2a794bc-a80b-410c-911e-53c12e959d44;3aa907c3-0686-4666-9303-83ee4382b745;a2aa3309-b45d-4927-a491-ba318fa98846;e741ded5-4578-4fc9-ab0e-d4e100b3e94d;afca2670-9f2f-4c2d-9ea6-dfc8bf49c3fa]]
2026-04-03 19:17:30.461,14.648,CrossSignalTrendConsistency_GT,atomic,[CrossSignalTrendConsistency_GT],[1.0000],1,6,1.0000,[dt-1;dt-2;dt-3],[[cf8d7ba3-a77f-425d-adac-aa0853390f1c;c2a794bc-a80b-410c-911e-53c12e959d44;3aa907c3-0686-4666-9303-83ee4382b745;a2aa3309-b45d-4927-a491-ba318fa98846;e741ded5-4578-4fc9-ab0e-d4e100b3e94d;afca2670-9f2f-4c2d-9ea6-dfc8bf49c3fa]]
2026-04-03 19:17:30.580,14.767,CrossSignalRelativeStable_GT,atomic,[CrossSignalRelativeStable_GT],[1.0000],1,6,1.0000,[dt-1;dt-2;dt-3],[[a2aa3309-b45d-4927-a491-ba318fa98846;e741ded5-4578-4fc9-ab0e-d4e100b3e94d;afca2670-9f2f-4c2d-9ea6-dfc8bf49c3fa;3695de21-d222-49e5-8591-46433044714f;c918a2bf-9fb8-4193-84eb-48e96bf64d87;477ce12c-8f60-493f-a26a-68c2889f1d9b]]
2026-04-03 19:17:30.580,14.767,CrossSignalTrendConsistency_GT,atomic,[CrossSignalTrendConsistency_GT],[1.0000],1,6,1.0000,[dt-1;dt-2;dt-3],[[a2aa3309-b45d-4927-a491-ba318fa98846;e741ded5-4578-4fc9-ab0e-d4e100b3e94d;afca2670-9f2f-4c2d-9ea6-dfc8bf49c3fa;3695de21-d222-49e5-8591-46433044714f;c918a2bf-9fb8-4193-84eb-48e96bf64d87;477ce12c-8f60-493f-a26a-68c2889f1d9b]]
2026-04-03 19:17:30.670,14.857,CrossSignalRelativeStable_SYS,atomic,[CrossSignalRelativeStable_SYS],[0.9431],1,6,0.9431,[dt-1;dt-2;dt-3],[[d4ed09f8-88c3-4a82-9fc2-4a5c18290d75;d3ba194c-1f91-45cf-bd07-7cbe897162ef;0edbdd00-020c-4159-8cbd-d94ea676c9be;b228f33c-1acf-4bcd-9c90-3afee81059e5;be2dfa06-064a-45da-a336-5a212358bed8;9519fb67-b38b-4158-8e45-d2f4b1ae29d4]]
2026-04-03 19:17:30.688,14.875,CrossSignalRelativeStable_GT,atomic,[CrossSignalRelativeStable_GT],[1.0000],1,6,1.0000,[dt-1;dt-2;dt-3],[[3695de21-d222-49e5-8591-46433044714f;c918a2bf-9fb8-4193-84eb-48e96bf64d87;477ce12c-8f60-493f-a26a-68c2889f1d9b;83c3af23-1b7b-43a8-99de-c201bdc8e6ff;e2badb5a-edb0-42d5-9079-74948225a263;1d1b2f8c-a681-4d6d-b6bb-b984fe2a81cc]]
2026-04-03 19:17:30.688,14.875,CrossSignalTrendConsistency_GT,atomic,[CrossSignalTrendConsistency_GT],[1.0000],1,6,1.0000,[dt-1;dt-2;dt-3],[[3695de21-d222-49e5-8591-46433044714f;c918a2bf-9fb8-4193-84eb-48e96bf64d87;477ce12c-8f60-493f-a26a-68c2889f1d9b;83c3af23-1b7b-43a8-99de-c201bdc8e6ff;e2badb5a-edb0-42d5-9079-74948225a263;1d1b2f8c-a681-4d6d-b6bb-b984fe2a81cc]]
2026-04-03 19:17:30.800,14.987,CrossSignalRelativeStable_GT,atomic,[CrossSignalRelativeStable_GT],[1.0000],1,6,1.0000,[dt-1;dt-2;dt-3],[[83c3af23-1b7b-43a8-99de-c201bdc8e6ff;e2badb5a-edb0-42d5-9079-74948225a263;1d1b2f8c-a681-4d6d-b6bb-b984fe2a81cc;0dc7aca6-5db0-404d-bb29-a4a23e70f422;9e8101e0-a58b-4327-a559-88301ec4ebb2;3b19768d-82e5-4848-923c-bd611204ced3]]
2026-04-03 19:17:30.800,14.987,CrossSignalTrendConsistency_GT,atomic,[CrossSignalTrendConsistency_GT],[1.0000],1,6,1.0000,[dt-1;dt-2;dt-3],[[83c3af23-1b7b-43a8-99de-c201bdc8e6ff;e2badb5a-edb0-42d5-9079-74948225a263;1d1b2f8c-a681-4d6d-b6bb-b984fe2a81cc;0dc7aca6-5db0-404d-bb29-a4a23e70f422;9e8101e0-a58b-4327-a559-88301ec4ebb2;3b19768d-82e5-4848-923c-bd611204ced3]]
2026-04-03 19:17:30.891,15.078,CrossSignalRelativeStable_SYS,atomic,[CrossSignalRelativeStable_SYS],[0.9433],1,6,0.9433,[dt-1;dt-2;dt-3],[[b228f33c-1acf-4bcd-9c90-3afee81059e5;be2dfa06-064a-45da-a336-5a212358bed8;9519fb67-b38b-4158-8e45-d2f4b1ae29d4;c2215a76-d7f6-4c3a-9ed6-58d2f744b6ae;84ffa271-8b80-4259-aa1b-c07c6a96dcb2;82711ea2-e311-4414-a74d-79395f025559]]
2026-04-03 19:17:30.910,15.097,CrossSignalRelativeStable_GT,atomic,[CrossSignalRelativeStable_GT],[1.0000],1,6,1.0000,[dt-1;dt-2;dt-3],[[0dc7aca6-5db0-404d-bb29-a4a23e70f422;9e8101e0-a58b-4327-a559-88301ec4ebb2;3b19768d-82e5-4848-923c-bd611204ced3;ae68b5c0-2774-44fd-9061-1534d4d454b0;1f09be3d-20f3-4321-96da-7d6603fe42d5;dc4e1d52-a644-4294-a0e5-86257c9f5a1e]]
2026-04-03 19:17:30.910,15.097,CrossSignalTrendConsistency_GT,atomic,[CrossSignalTrendConsistency_GT],[1.0000],1,6,1.0000,[dt-1;dt-2;dt-3],[[0dc7aca6-5db0-404d-bb29-a4a23e70f422;9e8101e0-a58b-4327-a559-88301ec4ebb2;3b19768d-82e5-4848-923c-bd611204ced3;ae68b5c0-2774-44fd-9061-1534d4d454b0;1f09be3d-20f3-4321-96da-7d6603fe42d5;dc4e1d52-a644-4294-a0e5-86257c9f5a1e]]
2026-04-03 19:17:31.001,15.188,CrossSignalRelativeStable_SYS,atomic,[CrossSignalRelativeStable_SYS],[0.9007],1,6,0.9007,[dt-1;dt-2;dt-3],[[c2215a76-d7f6-4c3a-9ed6-58d2f744b6ae;84ffa271-8b80-4259-aa1b-c07c6a96dcb2;82711ea2-e311-4414-a74d-79395f025559;7fe14170-d388-4b2c-a7b2-bd9120402d85;ce7e7901-1a75-4eb7-9b02-111d23ce302b;c4ba8343-05c6-428b-abe6-349cf15dc2af]]
2026-04-03 19:17:31.008,15.195,CrossSignalRelativeStable_OBS,atomic,[CrossSignalRelativeStable_OBS],[1.0000],1,6,1.0000,[dt-1;dt-2;dt-3],[[6481ae01-4917-4101-9c98-67851a482c46;be2dfa06-064a-45da-a336-5a212358bed8;59252274-af86-4734-9f11-1ae63ac7d00c;b228f33c-1acf-4bcd-9c90-3afee81059e5;84ffa271-8b80-4259-aa1b-c07c6a96dcb2;3206f051-7f63-4a64-b4d5-f5a1940dfc85]]
2026-04-03 19:17:31.027,15.214,CrossSignalRelativeStable_GT,atomic,[CrossSignalRelativeStable_GT],[1.0000],1,6,1.0000,[dt-1;dt-2;dt-3],[[ae68b5c0-2774-44fd-9061-1534d4d454b0;1f09be3d-20f3-4321-96da-7d6603fe42d5;dc4e1d52-a644-4294-a0e5-86257c9f5a1e;308c139e-d1c4-460b-9476-f584b98ea9cf;8248e9c0-dc1c-4ef5-967a-356289a9587c;b3d8f038-8435-4022-8b40-4e0e4b307017]]
2026-04-03 19:17:31.113,15.300,CrossSignalRelativeStable_SYS,atomic,[CrossSignalRelativeStable_SYS],[0.9319],1,6,0.9319,[dt-1;dt-2;dt-3],[[7fe14170-d388-4b2c-a7b2-bd9120402d85;ce7e7901-1a75-4eb7-9b02-111d23ce302b;c4ba8343-05c6-428b-abe6-349cf15dc2af;0bf074de-4f79-4c3c-993c-0dc9421be314;27d785ee-a3fd-4e27-b53a-df3c760bc881;3206f051-7f63-4a64-b4d5-f5a1940dfc85]]
2026-04-03 19:17:31.126,15.313,CrossSignalRelativeStable_GT,atomic,[CrossSignalRelativeStable_GT],[1.0000],1,6,1.0000,[dt-1;dt-2;dt-3],[[308c139e-d1c4-460b-9476-f584b98ea9cf;8248e9c0-dc1c-4ef5-967a-356289a9587c;b3d8f038-8435-4022-8b40-4e0e4b307017;bb9e691c-ecfb-457e-98a5-61e2a3eb6ea4;d166e58f-7755-4559-8e6a-c119daf07d9f;9c4f2c68-7276-44a0-9a4e-540eb6d8afaa]]
2026-04-03 19:17:31.231,15.418,CrossSignalRelativeStable_OBS,atomic,[CrossSignalRelativeStable_OBS],[1.0000],1,6,1.0000,[dt-1;dt-2;dt-3],[[b228f33c-1acf-4bcd-9c90-3afee81059e5;84ffa271-8b80-4259-aa1b-c07c6a96dcb2;3206f051-7f63-4a64-b4d5-f5a1940dfc85;0bf074de-4f79-4c3c-993c-0dc9421be314;9bd93f30-6dc1-46fa-a80b-80262e15bccf;eae77c79-25a2-41fe-a25a-f8b526bbcab1]]
2026-04-03 19:17:31.237,15.424,CrossSignalRelativeStable_GT,atomic,[CrossSignalRelativeStable_GT],[1.0000],1,6,1.0000,[dt-1;dt-2;dt-3],[[bb9e691c-ecfb-457e-98a5-61e2a3eb6ea4;d166e58f-7755-4559-8e6a-c119daf07d9f;9c4f2c68-7276-44a0-9a4e-540eb6d8afaa;3edd8762-e1a3-41ce-b2c7-e5cd192a8cac;d2d048e8-7e89-4bfc-a4e9-897ab854db27;b2a099f3-3a21-48b1-87b9-57adb28ea02f]]
2026-04-03 19:17:31.334,15.521,CrossSignalRelativeStable_SYS,atomic,[CrossSignalRelativeStable_SYS],[0.9746],1,6,0.9746,[dt-1;dt-2;dt-3],[[0bf074de-4f79-4c3c-993c-0dc9421be314;27d785ee-a3fd-4e27-b53a-df3c760bc881;3206f051-7f63-4a64-b4d5-f5a1940dfc85;360ddccd-adce-4ff9-aee7-9b56cd981e3f;9bd93f30-6dc1-46fa-a80b-80262e15bccf;fe124370-ad5b-41c1-9038-d2ca446ff18b]]
2026-04-03 19:17:31.352,15.539,CrossSignalRelativeStable_GT,atomic,[CrossSignalRelativeStable_GT],[1.0000],1,6,1.0000,[dt-1;dt-2;dt-3],[[3edd8762-e1a3-41ce-b2c7-e5cd192a8cac;d2d048e8-7e89-4bfc-a4e9-897ab854db27;b2a099f3-3a21-48b1-87b9-57adb28ea02f;70cbf0aa-da5b-4f4a-bccf-c98560b5be91;0342a1c0-1bb8-496e-a591-2a62c8ecbd58;6056896d-b679-4502-8ad6-bd2246c2f728]]
2026-04-03 19:17:31.449,15.636,CrossSignalRelativeStable_SYS,atomic,[CrossSignalRelativeStable_SYS],[0.9804],1,6,0.9804,[dt-1;dt-2;dt-3],[[360ddccd-adce-4ff9-aee7-9b56cd981e3f;9bd93f30-6dc1-46fa-a80b-80262e15bccf;fe124370-ad5b-41c1-9038-d2ca446ff18b;2ec208ca-a44e-4806-9e2f-fe84d559a226;11ee0f40-15d0-4ddb-94ce-dda5655a440e;3536878d-b9c2-4077-af9c-1c5873f7fff6]]
2026-04-03 19:17:31.450,15.637,CrossSignalRelativeStable_OBS,atomic,[CrossSignalRelativeStable_OBS],[1.0000],1,6,1.0000,[dt-1;dt-2;dt-3],[[0bf074de-4f79-4c3c-993c-0dc9421be314;9bd93f30-6dc1-46fa-a80b-80262e15bccf;eae77c79-25a2-41fe-a25a-f8b526bbcab1;2ec208ca-a44e-4806-9e2f-fe84d559a226;11ee0f40-15d0-4ddb-94ce-dda5655a440e;3536878d-b9c2-4077-af9c-1c5873f7fff6]]
2026-04-03 19:17:31.450,15.637,CrossSignalTrendConsistency_OBS,atomic,[CrossSignalTrendConsistency_OBS],[1.0000],1,6,1.0000,[dt-1;dt-2;dt-3],[[0bf074de-4f79-4c3c-993c-0dc9421be314;9bd93f30-6dc1-46fa-a80b-80262e15bccf;eae77c79-25a2-41fe-a25a-f8b526bbcab1;2ec208ca-a44e-4806-9e2f-fe84d559a226;11ee0f40-15d0-4ddb-94ce-dda5655a440e;3536878d-b9c2-4077-af9c-1c5873f7fff6]]
2026-04-03 19:17:31.463,15.650,CrossSignalRelativeStable_GT,atomic,[CrossSignalRelativeStable_GT],[1.0000],1,6,1.0000,[dt-1;dt-2;dt-3],[[70cbf0aa-da5b-4f4a-bccf-c98560b5be91;0342a1c0-1bb8-496e-a591-2a62c8ecbd58;6056896d-b679-4502-8ad6-bd2246c2f728;07b434c0-f7ca-4ebe-af6a-dde660f79c37;7b7d2c55-b5a4-4070-ad3a-71be3eb86981;6b6fbf0b-634b-40de-a69d-a0fb42b52874]]
2026-04-03 19:17:31.463,15.650,CrossSignalTrendConsistency_GT,atomic,[CrossSignalTrendConsistency_GT],[1.0000],1,6,1.0000,[dt-1;dt-2;dt-3],[[70cbf0aa-da5b-4f4a-bccf-c98560b5be91;0342a1c0-1bb8-496e-a591-2a62c8ecbd58;6056896d-b679-4502-8ad6-bd2246c2f728;07b434c0-f7ca-4ebe-af6a-dde660f79c37;7b7d2c55-b5a4-4070-ad3a-71be3eb86981;6b6fbf0b-634b-40de-a69d-a0fb42b52874]]
2026-04-03 19:17:31.567,15.754,CrossSignalRelativeStable_SYS,atomic,[CrossSignalRelativeStable_SYS],[1.0000],1,6,1.0000,[dt-1;dt-2;dt-3],[[2ec208ca-a44e-4806-9e2f-fe84d559a226;11ee0f40-15d0-4ddb-94ce-dda5655a440e;3536878d-b9c2-4077-af9c-1c5873f7fff6;c4046ef5-bdc7-46b4-b99e-3bf13a70f1b3;61cce362-ed63-44c2-b7aa-947e19c070ea;a4ff135a-4561-48d7-94c4-56a4a18e3025]]
2026-04-03 19:17:31.568,15.755,CrossSignalRelativeStable_OBS,atomic,[CrossSignalRelativeStable_OBS],[1.0000],1,6,1.0000,[dt-1;dt-2;dt-3],[[2ec208ca-a44e-4806-9e2f-fe84d559a226;11ee0f40-15d0-4ddb-94ce-dda5655a440e;3536878d-b9c2-4077-af9c-1c5873f7fff6;c4046ef5-bdc7-46b4-b99e-3bf13a70f1b3;61cce362-ed63-44c2-b7aa-947e19c070ea;a4ff135a-4561-48d7-94c4-56a4a18e3025]]
2026-04-03 19:17:31.574,15.761,CrossSignalRelativeStable_GT,atomic,[CrossSignalRelativeStable_GT],[1.0000],1,6,1.0000,[dt-1;dt-2;dt-3],[[07b434c0-f7ca-4ebe-af6a-dde660f79c37;7b7d2c55-b5a4-4070-ad3a-71be3eb86981;6b6fbf0b-634b-40de-a69d-a0fb42b52874;f7b9239e-9b8e-49a9-86a8-910ffacd3582;21cb138d-2d42-428d-8a57-65f1830c4483;6239a30f-d184-43fe-9f3f-7459d10b46f2]]
2026-04-03 19:17:31.574,15.761,CrossSignalTrendConsistency_GT,atomic,[CrossSignalTrendConsistency_GT],[1.0000],1,6,1.0000,[dt-1;dt-2;dt-3],[[07b434c0-f7ca-4ebe-af6a-dde660f79c37;7b7d2c55-b5a4-4070-ad3a-71be3eb86981;6b6fbf0b-634b-40de-a69d-a0fb42b52874;f7b9239e-9b8e-49a9-86a8-910ffacd3582;21cb138d-2d42-428d-8a57-65f1830c4483;6239a30f-d184-43fe-9f3f-7459d10b46f2]]
2026-04-03 19:17:31.673,15.860,CrossSignalRelativeStable_SYS,atomic,[CrossSignalRelativeStable_SYS],[1.0000],1,6,1.0000,[dt-1;dt-2;dt-3],[[c4046ef5-bdc7-46b4-b99e-3bf13a70f1b3;61cce362-ed63-44c2-b7aa-947e19c070ea;a4ff135a-4561-48d7-94c4-56a4a18e3025;1400ec17-93dc-48db-bc05-2a08c6106644;9b574c1f-3c74-4a48-ad79-6f8ca755043a;cca22b69-edbe-42c2-a08d-4eee53a2654e]]
2026-04-03 19:17:31.674,15.861,CrossSignalRelativeStable_OBS,atomic,[CrossSignalRelativeStable_OBS],[1.0000],1,6,1.0000,[dt-1;dt-2;dt-3],[[c4046ef5-bdc7-46b4-b99e-3bf13a70f1b3;61cce362-ed63-44c2-b7aa-947e19c070ea;a4ff135a-4561-48d7-94c4-56a4a18e3025;1400ec17-93dc-48db-bc05-2a08c6106644;9b574c1f-3c74-4a48-ad79-6f8ca755043a;cca22b69-edbe-42c2-a08d-4eee53a2654e]]
2026-04-03 19:17:31.680,15.867,CrossSignalRelativeStable_GT,atomic,[CrossSignalRelativeStable_GT],[1.0000],1,6,1.0000,[dt-1;dt-2;dt-3],[[f7b9239e-9b8e-49a9-86a8-910ffacd3582;21cb138d-2d42-428d-8a57-65f1830c4483;6239a30f-d184-43fe-9f3f-7459d10b46f2;c6e3695a-101b-41a4-bfbb-2fb537ad82b2;522aaf3f-15f5-4c5a-b4c7-699030af1e35;5ca4aeae-56e4-4653-ac14-8deb6a6ae4bd]]
2026-04-03 19:17:31.782,15.969,CrossSignalRelativeStable_SYS,atomic,[CrossSignalRelativeStable_SYS],[1.0000],1,6,1.0000,[dt-1;dt-2;dt-3],[[1400ec17-93dc-48db-bc05-2a08c6106644;9b574c1f-3c74-4a48-ad79-6f8ca755043a;cca22b69-edbe-42c2-a08d-4eee53a2654e;a39046e2-b34d-41a3-81d8-cae3351e55ce;5bb2e951-0664-430f-bafb-23478c5c9f00;720485ee-e8f0-4919-baa8-be943e3aba14]]
2026-04-03 19:17:31.782,15.969,CrossSignalRelativeStable_OBS,atomic,[CrossSignalRelativeStable_OBS],[1.0000],1,6,1.0000,[dt-1;dt-2;dt-3],[[1400ec17-93dc-48db-bc05-2a08c6106644;9b574c1f-3c74-4a48-ad79-6f8ca755043a;cca22b69-edbe-42c2-a08d-4eee53a2654e;a39046e2-b34d-41a3-81d8-cae3351e55ce;5bb2e951-0664-430f-bafb-23478c5c9f00;720485ee-e8f0-4919-baa8-be943e3aba14]]
2026-04-03 19:17:31.788,15.975,CrossSignalRelativeStable_GT,atomic,[CrossSignalRelativeStable_GT],[1.0000],1,6,1.0000,[dt-1;dt-2;dt-3],[[c6e3695a-101b-41a4-bfbb-2fb537ad82b2;522aaf3f-15f5-4c5a-b4c7-699030af1e35;5ca4aeae-56e4-4653-ac14-8deb6a6ae4bd;2706293a-2bcc-49d2-aba2-00fe6e9babdd;96189918-d757-4747-bdc1-02228d239cd6;1e3b5591-9ced-4e06-ad32-c99b81f307af]]
2026-04-03 19:17:31.893,16.080,CrossSignalRelativeStable_SYS,atomic,[CrossSignalRelativeStable_SYS],[1.0000],1,6,1.0000,[dt-1;dt-2;dt-3],[[a39046e2-b34d-41a3-81d8-cae3351e55ce;5bb2e951-0664-430f-bafb-23478c5c9f00;720485ee-e8f0-4919-baa8-be943e3aba14;2c6a32d2-fd20-4b8a-8a7d-e82ca6799cac;d64c40ad-3414-4786-99de-ad30e2207a9c;7412709c-c944-4cfa-b89f-0a619d798df4]]
2026-04-03 19:17:31.893,16.080,CrossSignalRelativeStable_OBS,atomic,[CrossSignalRelativeStable_OBS],[1.0000],1,6,1.0000,[dt-1;dt-2;dt-3],[[a39046e2-b34d-41a3-81d8-cae3351e55ce;5bb2e951-0664-430f-bafb-23478c5c9f00;720485ee-e8f0-4919-baa8-be943e3aba14;2c6a32d2-fd20-4b8a-8a7d-e82ca6799cac;d64c40ad-3414-4786-99de-ad30e2207a9c;7412709c-c944-4cfa-b89f-0a619d798df4]]
2026-04-03 19:17:31.900,16.087,CrossSignalRelativeStable_GT,atomic,[CrossSignalRelativeStable_GT],[1.0000],1,6,1.0000,[dt-1;dt-2;dt-3],[[2706293a-2bcc-49d2-aba2-00fe6e9babdd;96189918-d757-4747-bdc1-02228d239cd6;1e3b5591-9ced-4e06-ad32-c99b81f307af;4f4cbefa-4e2f-4988-9b36-b6bed41dd9d5;eb8aa956-c459-422c-8eea-542e5d843c01;f5cf0452-75ce-481d-a1b0-d22b6df7c3c3]]
2026-04-03 19:17:32.015,16.202,CrossSignalRelativeStable_GT,atomic,[CrossSignalRelativeStable_GT],[1.0000],1,6,1.0000,[dt-1;dt-2;dt-3],[[4f4cbefa-4e2f-4988-9b36-b6bed41dd9d5;eb8aa956-c459-422c-8eea-542e5d843c01;f5cf0452-75ce-481d-a1b0-d22b6df7c3c3;8e5ccc7a-4563-4378-8cd4-c7e5030aca22;88068e44-afa1-4a25-a6e3-b4b2495927fb;c791f6c4-d026-4001-a1f9-477e1fc0c391]]
2026-04-03 19:17:32.117,16.304,CrossSignalRelativeStable_SYS,atomic,[CrossSignalRelativeStable_SYS],[1.0000],1,6,1.0000,[dt-1;dt-2;dt-3],[[2c6a32d2-fd20-4b8a-8a7d-e82ca6799cac;d64c40ad-3414-4786-99de-ad30e2207a9c;7412709c-c944-4cfa-b89f-0a619d798df4;9895945e-9276-4562-8549-7dc55233cb85;a8bc264c-b909-4a77-a4dd-05893f298f35;2193e281-3402-42a4-8fed-e166fee179ee]]
2026-04-03 19:17:32.118,16.305,CrossSignalRelativeStable_OBS,atomic,[CrossSignalRelativeStable_OBS],[1.0000],1,6,1.0000,[dt-1;dt-2;dt-3],[[2c6a32d2-fd20-4b8a-8a7d-e82ca6799cac;d64c40ad-3414-4786-99de-ad30e2207a9c;7412709c-c944-4cfa-b89f-0a619d798df4;9895945e-9276-4562-8549-7dc55233cb85;a8bc264c-b909-4a77-a4dd-05893f298f35;2193e281-3402-42a4-8fed-e166fee179ee]]
2026-04-03 19:17:32.125,16.312,CrossSignalRelativeStable_GT,atomic,[CrossSignalRelativeStable_GT],[1.0000],1,6,1.0000,[dt-1;dt-2;dt-3],[[8e5ccc7a-4563-4378-8cd4-c7e5030aca22;88068e44-afa1-4a25-a6e3-b4b2495927fb;c791f6c4-d026-4001-a1f9-477e1fc0c391;0810a4a8-6c61-4a66-a62d-46395d7b2acc;c11b6120-d839-4af5-8a41-3a4c6f4f1e8e;baabc629-f5e9-45eb-98db-cb53d8be3d32]]
2026-04-03 19:17:32.240,16.427,CrossSignalRelativeStable_GT,atomic,[CrossSignalRelativeStable_GT],[1.0000],1,6,1.0000,[dt-1;dt-2;dt-3],[[0810a4a8-6c61-4a66-a62d-46395d7b2acc;c11b6120-d839-4af5-8a41-3a4c6f4f1e8e;baabc629-f5e9-45eb-98db-cb53d8be3d32;b815e841-dc72-47a4-9e38-5e3a7adebbf1;dc7b7c0f-9842-45aa-9076-f0e246f73e1d;f37ecd80-7d36-4970-8ee6-26ba7961587a]]
2026-04-03 19:17:32.241,16.428,CrossSignalTrendConsistency_GT,atomic,[CrossSignalTrendConsistency_GT],[1.0000],1,6,1.0000,[dt-1;dt-2;dt-3],[[0810a4a8-6c61-4a66-a62d-46395d7b2acc;c11b6120-d839-4af5-8a41-3a4c6f4f1e8e;baabc629-f5e9-45eb-98db-cb53d8be3d32;b815e841-dc72-47a4-9e38-5e3a7adebbf1;dc7b7c0f-9842-45aa-9076-f0e246f73e1d;f37ecd80-7d36-4970-8ee6-26ba7961587a]]
2026-04-03 19:17:32.346,16.533,CrossSignalRelativeStable_SYS,atomic,[CrossSignalRelativeStable_SYS],[0.9604],1,6,0.9604,[dt-1;dt-2;dt-3],[[9895945e-9276-4562-8549-7dc55233cb85;a8bc264c-b909-4a77-a4dd-05893f298f35;2193e281-3402-42a4-8fed-e166fee179ee;5bc0345c-8558-4a59-bbfd-c6ef22fbe287;7b9b5b9f-71b5-4f61-8575-97700c1e930d;3c48ae9e-34bd-4d02-8459-066c046e0654]]
2026-04-03 19:17:32.359,16.546,CrossSignalRelativeStable_GT,atomic,[CrossSignalRelativeStable_GT],[1.0000],1,6,1.0000,[dt-1;dt-2;dt-3],[[b815e841-dc72-47a4-9e38-5e3a7adebbf1;dc7b7c0f-9842-45aa-9076-f0e246f73e1d;f37ecd80-7d36-4970-8ee6-26ba7961587a;01ec37b1-8584-4bb0-8832-9001cc78b0ad;1ef3fe91-3d52-4b54-9f97-2ff8f9f2672b;c208101b-95bf-4840-80fd-1731edc89b3c]]
2026-04-03 19:17:32.458,16.645,CrossSignalRelativeStable_SYS,atomic,[CrossSignalRelativeStable_SYS],[0.8862],1,6,0.8862,[dt-1;dt-2;dt-3],[[5bc0345c-8558-4a59-bbfd-c6ef22fbe287;7b9b5b9f-71b5-4f61-8575-97700c1e930d;3c48ae9e-34bd-4d02-8459-066c046e0654;1e841154-ffce-433a-bc3b-a9ec839c0d9f;5d07a47b-7174-4c32-83e8-9b4ef66429fd;30214240-5dc5-4a38-a3b6-98e95c577d04]]
2026-04-03 19:17:32.458,16.645,CrossSignalTrendConsistency_SYS,atomic,[CrossSignalTrendConsistency_SYS],[0.8862],1,6,0.8862,[dt-1;dt-2;dt-3],[[5bc0345c-8558-4a59-bbfd-c6ef22fbe287;7b9b5b9f-71b5-4f61-8575-97700c1e930d;3c48ae9e-34bd-4d02-8459-066c046e0654;1e841154-ffce-433a-bc3b-a9ec839c0d9f;5d07a47b-7174-4c32-83e8-9b4ef66429fd;30214240-5dc5-4a38-a3b6-98e95c577d04]]
2026-04-03 19:17:32.469,16.656,CrossSignalRelativeStable_GT,atomic,[CrossSignalRelativeStable_GT],[1.0000],1,6,1.0000,[dt-1;dt-2;dt-3],[[01ec37b1-8584-4bb0-8832-9001cc78b0ad;1ef3fe91-3d52-4b54-9f97-2ff8f9f2672b;c208101b-95bf-4840-80fd-1731edc89b3c;faa01c00-2332-4d06-936a-3c4fd7beb4fc;e374bc62-96cf-4a7e-93c8-eb8d6f383a82;6d204ae1-c007-4dd9-9bb3-bec0a0a300a5]]
2026-04-03 19:17:32.580,16.767,CrossSignalRelativeStable_GT,atomic,[CrossSignalRelativeStable_GT],[1.0000],1,6,1.0000,[dt-1;dt-2;dt-3],[[faa01c00-2332-4d06-936a-3c4fd7beb4fc;e374bc62-96cf-4a7e-93c8-eb8d6f383a82;6d204ae1-c007-4dd9-9bb3-bec0a0a300a5;dba4e75b-6fbe-4b57-a5dd-2976f5d57351;3d6d4620-979f-4fa3-885f-1a9d5711520a;42813131-6744-42d4-a4d4-ff66b9278cfe]]
2026-04-03 19:17:32.686,16.873,CrossSignalRelativeStable_SYS,atomic,[CrossSignalRelativeStable_SYS],[0.8556],1,6,0.8556,[dt-1;dt-2;dt-3],[[1e841154-ffce-433a-bc3b-a9ec839c0d9f;5d07a47b-7174-4c32-83e8-9b4ef66429fd;30214240-5dc5-4a38-a3b6-98e95c577d04;60cab363-a2fa-437d-b8b8-32dbe8a59431;a584a66b-2287-4e3f-97f3-2565e06baa10;a17fa3d3-664a-43e1-bc96-00c3ce2371f1]]
2026-04-03 19:17:32.687,16.874,CrossSignalTrendConsistency_SYS,atomic,[CrossSignalTrendConsistency_SYS],[0.8556],1,6,0.8556,[dt-1;dt-2;dt-3],[[1e841154-ffce-433a-bc3b-a9ec839c0d9f;5d07a47b-7174-4c32-83e8-9b4ef66429fd;30214240-5dc5-4a38-a3b6-98e95c577d04;60cab363-a2fa-437d-b8b8-32dbe8a59431;a584a66b-2287-4e3f-97f3-2565e06baa10;a17fa3d3-664a-43e1-bc96-00c3ce2371f1]]
2026-04-03 19:17:32.687,16.874,CrossSignalRelativeStable_GT,atomic,[CrossSignalRelativeStable_GT],[1.0000],1,6,1.0000,[dt-1;dt-2;dt-3],[[dba4e75b-6fbe-4b57-a5dd-2976f5d57351;3d6d4620-979f-4fa3-885f-1a9d5711520a;42813131-6744-42d4-a4d4-ff66b9278cfe;34f14e5d-c4d2-4a30-986c-9fe6c479a70b;dfc3eeca-f1f1-4787-a33b-8ecaf7a8cfe6;5f7b5892-d031-4fa7-b1a8-404678cf356f]]
2026-04-03 19:17:32.791,16.978,CrossSignalRelativeStable_OBS,atomic,[CrossSignalRelativeStable_OBS],[1.0000],1,6,1.0000,[dt-1;dt-2;dt-3],[[9895945e-9276-4562-8549-7dc55233cb85;a8bc264c-b909-4a77-a4dd-05893f298f35;2193e281-3402-42a4-8fed-e166fee179ee;60cab363-a2fa-437d-b8b8-32dbe8a59431;5e2529ae-233f-40a8-9a9b-e87eda10b800;3c48ae9e-34bd-4d02-8459-066c046e0654]]
2026-04-03 19:17:32.792,16.979,CrossSignalRelativeStable_GT,atomic,[CrossSignalRelativeStable_GT],[1.0000],1,6,1.0000,[dt-1;dt-2;dt-3],[[34f14e5d-c4d2-4a30-986c-9fe6c479a70b;dfc3eeca-f1f1-4787-a33b-8ecaf7a8cfe6;5f7b5892-d031-4fa7-b1a8-404678cf356f;e1a155ca-53f2-4c8b-8d76-a7b9cc36a1ad;46bdfbda-f962-4daf-8e34-f53856ca7d50;86765f21-8fac-48af-95eb-c115938ccb6e]]
2026-04-03 19:17:32.898,17.085,CrossSignalRelativeStable_SYS,atomic,[CrossSignalRelativeStable_SYS],[0.9297],1,6,0.9297,[dt-1;dt-2;dt-3],[[60cab363-a2fa-437d-b8b8-32dbe8a59431;a584a66b-2287-4e3f-97f3-2565e06baa10;a17fa3d3-664a-43e1-bc96-00c3ce2371f1;23bea8c7-4210-4bb1-b0f2-67202c64bc45;5e2529ae-233f-40a8-9a9b-e87eda10b800;53f25f3d-f167-4a4f-a58d-34f6e763c4db]]
2026-04-03 19:17:32.904,17.091,CrossSignalRelativeStable_OBS,atomic,[CrossSignalRelativeStable_OBS],[1.0000],1,6,1.0000,[dt-1;dt-2;dt-3],[[60cab363-a2fa-437d-b8b8-32dbe8a59431;5e2529ae-233f-40a8-9a9b-e87eda10b800;3c48ae9e-34bd-4d02-8459-066c046e0654;23bea8c7-4210-4bb1-b0f2-67202c64bc45;3a27a410-0274-466e-a223-9ad10117c2a9;53f25f3d-f167-4a4f-a58d-34f6e763c4db]]
2026-04-03 19:17:32.904,17.091,CrossSignalTrendConsistency_OBS,atomic,[CrossSignalTrendConsistency_OBS],[1.0000],1,6,1.0000,[dt-1;dt-2;dt-3],[[60cab363-a2fa-437d-b8b8-32dbe8a59431;5e2529ae-233f-40a8-9a9b-e87eda10b800;3c48ae9e-34bd-4d02-8459-066c046e0654;23bea8c7-4210-4bb1-b0f2-67202c64bc45;3a27a410-0274-466e-a223-9ad10117c2a9;53f25f3d-f167-4a4f-a58d-34f6e763c4db]]
2026-04-03 19:17:32.917,17.104,CrossSignalRelativeStable_GT,atomic,[CrossSignalRelativeStable_GT],[1.0000],1,6,1.0000,[dt-1;dt-2;dt-3],[[e1a155ca-53f2-4c8b-8d76-a7b9cc36a1ad;46bdfbda-f962-4daf-8e34-f53856ca7d50;86765f21-8fac-48af-95eb-c115938ccb6e;913567e6-99ae-45a2-8bdb-adad054c38c8;aedbd246-2d9f-446e-a51c-856ef4214cd5;8f9f4c0a-1929-4fca-b073-ae753438d9f9]]
2026-04-03 19:17:32.917,17.104,CrossSignalTrendConsistency_GT,atomic,[CrossSignalTrendConsistency_GT],[1.0000],1,6,1.0000,[dt-1;dt-2;dt-3],[[e1a155ca-53f2-4c8b-8d76-a7b9cc36a1ad;46bdfbda-f962-4daf-8e34-f53856ca7d50;86765f21-8fac-48af-95eb-c115938ccb6e;913567e6-99ae-45a2-8bdb-adad054c38c8;aedbd246-2d9f-446e-a51c-856ef4214cd5;8f9f4c0a-1929-4fca-b073-ae753438d9f9]]
2026-04-03 19:17:33.032,17.219,CrossSignalRelativeStable_GT,atomic,[CrossSignalRelativeStable_GT],[1.0000],1,6,1.0000,[dt-1;dt-2;dt-3],[[913567e6-99ae-45a2-8bdb-adad054c38c8;aedbd246-2d9f-446e-a51c-856ef4214cd5;8f9f4c0a-1929-4fca-b073-ae753438d9f9;9ea72165-3bbb-4a68-be29-3cca1bcc7d41;f0695339-6045-4138-90b7-c95df1fee3fb;426876c7-b4b8-4d40-90b0-112345d4e89f]]
2026-04-03 19:17:33.119,17.306,CrossSignalRelativeStable_SYS,atomic,[CrossSignalRelativeStable_SYS],[1.0000],1,6,1.0000,[dt-1;dt-2;dt-3],[[23bea8c7-4210-4bb1-b0f2-67202c64bc45;5e2529ae-233f-40a8-9a9b-e87eda10b800;53f25f3d-f167-4a4f-a58d-34f6e763c4db;ae87ce39-b777-452c-848f-4e20eea69ce9;3a27a410-0274-466e-a223-9ad10117c2a9;259073e7-2954-41cd-aaf3-1ec81b27d181]]
2026-04-03 19:17:33.119,17.306,CrossSignalRelativeStable_OBS,atomic,[CrossSignalRelativeStable_OBS],[1.0000],1,6,1.0000,[dt-1;dt-2;dt-3],[[23bea8c7-4210-4bb1-b0f2-67202c64bc45;3a27a410-0274-466e-a223-9ad10117c2a9;53f25f3d-f167-4a4f-a58d-34f6e763c4db;ae87ce39-b777-452c-848f-4e20eea69ce9;3582aa39-f399-4449-9368-705651548a78;259073e7-2954-41cd-aaf3-1ec81b27d181]]
2026-04-03 19:17:33.120,17.307,CrossSignalRelativeStable_GT,atomic,[CrossSignalRelativeStable_GT],[1.0000],1,6,1.0000,[dt-1;dt-2;dt-3],[[9ea72165-3bbb-4a68-be29-3cca1bcc7d41;f0695339-6045-4138-90b7-c95df1fee3fb;426876c7-b4b8-4d40-90b0-112345d4e89f;ef292a11-1683-4033-9409-a7a0137883bd;440d3019-0610-4b92-8d01-d602f0f89320;624e4caa-86ce-49a0-9717-59121d329a4d]]
2026-04-03 19:17:33.120,17.307,CrossSignalTrendConsistency_GT,atomic,[CrossSignalTrendConsistency_GT],[1.0000],1,6,1.0000,[dt-1;dt-2;dt-3],[[9ea72165-3bbb-4a68-be29-3cca1bcc7d41;f0695339-6045-4138-90b7-c95df1fee3fb;426876c7-b4b8-4d40-90b0-112345d4e89f;ef292a11-1683-4033-9409-a7a0137883bd;440d3019-0610-4b92-8d01-d602f0f89320;624e4caa-86ce-49a0-9717-59121d329a4d]]
2026-04-03 19:17:33.251,17.438,CrossSignalRelativeStable_GT,atomic,[CrossSignalRelativeStable_GT],[1.0000],1,6,1.0000,[dt-1;dt-2;dt-3],[[ef292a11-1683-4033-9409-a7a0137883bd;440d3019-0610-4b92-8d01-d602f0f89320;624e4caa-86ce-49a0-9717-59121d329a4d;aaf5e66b-2123-4bf3-9d31-2dfad6151a09;2aa19915-04d2-42e3-bcdb-08ae2cdf9189;7f224a80-3a3e-4111-bfc9-3692cd117cd5]]
2026-04-03 19:17:33.252,17.439,CrossSignalTrendConsistency_GT,atomic,[CrossSignalTrendConsistency_GT],[1.0000],1,6,1.0000,[dt-1;dt-2;dt-3],[[ef292a11-1683-4033-9409-a7a0137883bd;440d3019-0610-4b92-8d01-d602f0f89320;624e4caa-86ce-49a0-9717-59121d329a4d;aaf5e66b-2123-4bf3-9d31-2dfad6151a09;2aa19915-04d2-42e3-bcdb-08ae2cdf9189;7f224a80-3a3e-4111-bfc9-3692cd117cd5]]
2026-04-03 19:17:33.341,17.528,CrossSignalRelativeStable_SYS,atomic,[CrossSignalRelativeStable_SYS],[0.9673],1,6,0.9673,[dt-1;dt-2;dt-3],[[80d65e88-ee3a-4025-83e4-c45411be346e;3582aa39-f399-4449-9368-705651548a78;e8626918-119f-404d-a5b8-55f3dd47e404;64637a5c-bf8c-405d-8947-5492b9fc4107;5881145f-ef68-44e1-816c-1954d7e465df;aeb6f8f3-1e5c-4bba-b101-9071dc88cfe7]]
2026-04-03 19:17:33.341,17.528,CrossSignalRelativeStable_OBS,atomic,[CrossSignalRelativeStable_OBS],[1.0000],1,6,1.0000,[dt-1;dt-2;dt-3],[[ae87ce39-b777-452c-848f-4e20eea69ce9;3582aa39-f399-4449-9368-705651548a78;259073e7-2954-41cd-aaf3-1ec81b27d181;64637a5c-bf8c-405d-8947-5492b9fc4107;5881145f-ef68-44e1-816c-1954d7e465df;e8626918-119f-404d-a5b8-55f3dd47e404]]
2026-04-03 19:17:33.370,17.557,CrossSignalRelativeStable_GT,atomic,[CrossSignalRelativeStable_GT],[1.0000],1,6,1.0000,[dt-1;dt-2;dt-3],[[aaf5e66b-2123-4bf3-9d31-2dfad6151a09;2aa19915-04d2-42e3-bcdb-08ae2cdf9189;7f224a80-3a3e-4111-bfc9-3692cd117cd5;e098c2a7-88d2-419f-9fb4-616190a9cbc8;1d1db188-b449-4d6d-b0ae-ebf8ddcfaf6b;01a2461a-3471-4fb6-987a-54138e2a82a1]]
2026-04-03 19:17:33.462,17.649,CrossSignalRelativeStable_GT,atomic,[CrossSignalRelativeStable_GT],[1.0000],1,6,1.0000,[dt-1;dt-2;dt-3],[[e098c2a7-88d2-419f-9fb4-616190a9cbc8;1d1db188-b449-4d6d-b0ae-ebf8ddcfaf6b;01a2461a-3471-4fb6-987a-54138e2a82a1;88b86c59-cecd-453f-bfbd-da582044c2fa;91b6fc6a-8a30-4f0b-bd40-55ab621f4dad;61397be6-34a7-48a0-a4b3-27192934e3ae]]
2026-04-03 19:17:33.463,17.650,CrossSignalTrendConsistency_GT,atomic,[CrossSignalTrendConsistency_GT],[1.0000],1,6,1.0000,[dt-1;dt-2;dt-3],[[e098c2a7-88d2-419f-9fb4-616190a9cbc8;1d1db188-b449-4d6d-b0ae-ebf8ddcfaf6b;01a2461a-3471-4fb6-987a-54138e2a82a1;88b86c59-cecd-453f-bfbd-da582044c2fa;91b6fc6a-8a30-4f0b-bd40-55ab621f4dad;61397be6-34a7-48a0-a4b3-27192934e3ae]]
2026-04-03 19:17:33.561,17.748,CrossSignalRelativeStable_SYS,atomic,[CrossSignalRelativeStable_SYS],[0.9475],1,6,0.9475,[dt-1;dt-2;dt-3],[[64637a5c-bf8c-405d-8947-5492b9fc4107;5881145f-ef68-44e1-816c-1954d7e465df;aeb6f8f3-1e5c-4bba-b101-9071dc88cfe7;70b3247e-69c7-450b-a02b-3ad075906594;369e5be6-fda4-4615-9417-34c84fdd1b11;287ed1f6-b74e-4e1a-a8cb-c649700d6d88]]
2026-04-03 19:17:33.562,17.749,CrossSignalAgreement_SYS,atomic,[CrossSignalAgreement_SYS],[0.9475],1,6,0.9475,[dt-1;dt-2;dt-3],[[64637a5c-bf8c-405d-8947-5492b9fc4107;5881145f-ef68-44e1-816c-1954d7e465df;aeb6f8f3-1e5c-4bba-b101-9071dc88cfe7;70b3247e-69c7-450b-a02b-3ad075906594;369e5be6-fda4-4615-9417-34c84fdd1b11;287ed1f6-b74e-4e1a-a8cb-c649700d6d88]]
2026-04-03 19:17:33.568,17.755,CrossSignalRelativeStable_GT,atomic,[CrossSignalRelativeStable_GT],[1.0000],1,6,1.0000,[dt-1;dt-2;dt-3],[[88b86c59-cecd-453f-bfbd-da582044c2fa;91b6fc6a-8a30-4f0b-bd40-55ab621f4dad;61397be6-34a7-48a0-a4b3-27192934e3ae;368e5a9d-96cb-4fdb-ace4-595b3707a176;71fb109a-7c0e-4cd9-b616-dbcfed03d8e6;0e5a912b-ce36-4907-9323-74e222ffbd11]]
2026-04-03 19:17:33.671,17.858,CrossSignalRelativeStable_SYS,atomic,[CrossSignalRelativeStable_SYS],[0.8863],1,6,0.8863,[dt-1;dt-2;dt-3],[[70b3247e-69c7-450b-a02b-3ad075906594;369e5be6-fda4-4615-9417-34c84fdd1b11;287ed1f6-b74e-4e1a-a8cb-c649700d6d88;ee2b0a42-c793-4416-8799-b8c81e2d1809;ba558407-9236-46a4-a45e-3a99831a238b;23e43171-76d7-4266-94ba-9126b0e7cd9e]]
2026-04-03 19:17:33.672,17.859,CrossSignalAgreement_SYS,atomic,[CrossSignalAgreement_SYS],[0.8863],1,6,0.8863,[dt-1;dt-2;dt-3],[[70b3247e-69c7-450b-a02b-3ad075906594;369e5be6-fda4-4615-9417-34c84fdd1b11;287ed1f6-b74e-4e1a-a8cb-c649700d6d88;ee2b0a42-c793-4416-8799-b8c81e2d1809;ba558407-9236-46a4-a45e-3a99831a238b;23e43171-76d7-4266-94ba-9126b0e7cd9e]]
2026-04-03 19:17:33.674,17.861,CrossSignalRelativeStable_GT,atomic,[CrossSignalRelativeStable_GT],[1.0000],1,6,1.0000,[dt-1;dt-2;dt-3],[[368e5a9d-96cb-4fdb-ace4-595b3707a176;71fb109a-7c0e-4cd9-b616-dbcfed03d8e6;0e5a912b-ce36-4907-9323-74e222ffbd11;3a6725ed-db65-43f9-aa62-98bf633731db;a12632a7-4dc7-4a34-a378-a5db4542be79;3e4190db-47dc-4479-8aaf-17b71e83df29]]
2026-04-03 19:17:33.796,17.983,CrossSignalRelativeStable_GT,atomic,[CrossSignalRelativeStable_GT],[1.0000],1,6,1.0000,[dt-1;dt-2;dt-3],[[3a6725ed-db65-43f9-aa62-98bf633731db;a12632a7-4dc7-4a34-a378-a5db4542be79;3e4190db-47dc-4479-8aaf-17b71e83df29;e2981698-a622-4897-9847-f408618d8d50;d725c4e6-27f4-45c2-a450-359bdb07e1c8;4f467902-0a74-42e6-a591-2d8f5145307b]]
2026-04-03 19:17:33.797,17.984,CrossSignalTrendConsistency_GT,atomic,[CrossSignalTrendConsistency_GT],[1.0000],1,6,1.0000,[dt-1;dt-2;dt-3],[[3a6725ed-db65-43f9-aa62-98bf633731db;a12632a7-4dc7-4a34-a378-a5db4542be79;3e4190db-47dc-4479-8aaf-17b71e83df29;e2981698-a622-4897-9847-f408618d8d50;d725c4e6-27f4-45c2-a450-359bdb07e1c8;4f467902-0a74-42e6-a591-2d8f5145307b]]
2026-04-03 19:17:33.895,18.082,CrossSignalRelativeStable_OBS,atomic,[CrossSignalRelativeStable_OBS],[1.0000],1,6,1.0000,[dt-1;dt-2;dt-3],[[64637a5c-bf8c-405d-8947-5492b9fc4107;5881145f-ef68-44e1-816c-1954d7e465df;e8626918-119f-404d-a5b8-55f3dd47e404;70b3247e-69c7-450b-a02b-3ad075906594;9e604bc7-b3ee-4bca-8325-38d16f50ce21;be2ed663-625f-4394-97c0-d79e768285b9]]
2026-04-03 19:17:33.895,18.082,CrossSignalRelativeStable_SYS,atomic,[CrossSignalRelativeStable_SYS],[0.8536],1,6,0.8536,[dt-1;dt-2;dt-3],[[ee2b0a42-c793-4416-8799-b8c81e2d1809;ba558407-9236-46a4-a45e-3a99831a238b;23e43171-76d7-4266-94ba-9126b0e7cd9e;858601cb-2dfa-4db6-93e9-cdd3a55ca94d;69243b20-020c-4d18-a0a9-b108f34a1be6;be2ed663-625f-4394-97c0-d79e768285b9]]
2026-04-03 19:17:33.897,18.084,CrossSignalAgreement_SYS,atomic,[CrossSignalAgreement_SYS],[0.8536],1,6,0.8536,[dt-1;dt-2;dt-3],[[ee2b0a42-c793-4416-8799-b8c81e2d1809;ba558407-9236-46a4-a45e-3a99831a238b;23e43171-76d7-4266-94ba-9126b0e7cd9e;858601cb-2dfa-4db6-93e9-cdd3a55ca94d;69243b20-020c-4d18-a0a9-b108f34a1be6;be2ed663-625f-4394-97c0-d79e768285b9]]
2026-04-03 19:17:33.910,18.097,CrossSignalRelativeStable_GT,atomic,[CrossSignalRelativeStable_GT],[1.0000],1,6,1.0000,[dt-1;dt-2;dt-3],[[e2981698-a622-4897-9847-f408618d8d50;d725c4e6-27f4-45c2-a450-359bdb07e1c8;4f467902-0a74-42e6-a591-2d8f5145307b;a7dd399f-cb10-4d50-b838-4ab213207c89;9911c2d1-7b9a-4c75-bf91-d799fb99abc7;9ef22a22-9ad0-4709-8d45-af22023fd4e3]]
2026-04-03 19:17:34.020,18.207,CrossSignalRelativeStable_GT,atomic,[CrossSignalRelativeStable_GT],[1.0000],1,6,1.0000,[dt-1;dt-2;dt-3],[[a7dd399f-cb10-4d50-b838-4ab213207c89;9911c2d1-7b9a-4c75-bf91-d799fb99abc7;9ef22a22-9ad0-4709-8d45-af22023fd4e3;be34e631-6653-4cfe-a37c-1f7afc98c485;e29e9de8-0be6-4332-ba84-e6ab19166b00;640a565b-902e-4489-9567-1cfbd9a41abb]]
2026-04-03 19:17:34.118,18.305,CrossSignalRelativeStable_SYS,atomic,[CrossSignalRelativeStable_SYS],[0.9147],1,6,0.9147,[dt-1;dt-2;dt-3],[[858601cb-2dfa-4db6-93e9-cdd3a55ca94d;69243b20-020c-4d18-a0a9-b108f34a1be6;be2ed663-625f-4394-97c0-d79e768285b9;12540fce-0ae4-476c-89c7-255a01a6fa18;95db1a72-10f8-4f6b-bff4-c8ff65e2940f;11332c0b-a040-4ddf-b486-fa0ea017b4ea]]
2026-04-03 19:17:34.124,18.311,CrossSignalRelativeStable_GT,atomic,[CrossSignalRelativeStable_GT],[1.0000],1,6,1.0000,[dt-1;dt-2;dt-3],[[be34e631-6653-4cfe-a37c-1f7afc98c485;e29e9de8-0be6-4332-ba84-e6ab19166b00;640a565b-902e-4489-9567-1cfbd9a41abb;adc2e796-f8c6-48ca-a4ad-ce3c07d1ba33;a0e02237-7c6f-4cfc-a8e9-ad361e3f7450;1df9355f-e731-43ea-8d0a-d9fe698758f2]]
2026-04-03 19:17:34.224,18.411,CrossSignalRelativeStable_OBS,atomic,[CrossSignalRelativeStable_OBS],[1.0000],1,6,1.0000,[dt-1;dt-2;dt-3],[[70b3247e-69c7-450b-a02b-3ad075906594;9e604bc7-b3ee-4bca-8325-38d16f50ce21;be2ed663-625f-4394-97c0-d79e768285b9;12540fce-0ae4-476c-89c7-255a01a6fa18;be59811a-f008-422f-9316-8d177457c408;1bcf6def-7b3e-41ba-a463-e4b3248b9f58]]
2026-04-03 19:17:34.225,18.412,CrossSignalRelativeStable_SYS,atomic,[CrossSignalRelativeStable_SYS],[0.9508],1,6,0.9508,[dt-1;dt-2;dt-3],[[12540fce-0ae4-476c-89c7-255a01a6fa18;95db1a72-10f8-4f6b-bff4-c8ff65e2940f;11332c0b-a040-4ddf-b486-fa0ea017b4ea;39902dfb-c779-4f62-b872-ecd1e8191e11;be59811a-f008-422f-9316-8d177457c408;2a7f9098-88ff-4d76-b528-e340e0bfd85a]]
2026-04-03 19:17:34.225,18.412,CrossSignalTrendConsistency_SYS,atomic,[CrossSignalTrendConsistency_SYS],[0.9508],1,6,0.9508,[dt-1;dt-2;dt-3],[[12540fce-0ae4-476c-89c7-255a01a6fa18;95db1a72-10f8-4f6b-bff4-c8ff65e2940f;11332c0b-a040-4ddf-b486-fa0ea017b4ea;39902dfb-c779-4f62-b872-ecd1e8191e11;be59811a-f008-422f-9316-8d177457c408;2a7f9098-88ff-4d76-b528-e340e0bfd85a]]
2026-04-03 19:17:34.226,18.413,CrossSignalRelativeStable_GT,atomic,[CrossSignalRelativeStable_GT],[1.0000],1,6,1.0000,[dt-1;dt-2;dt-3],[[adc2e796-f8c6-48ca-a4ad-ce3c07d1ba33;a0e02237-7c6f-4cfc-a8e9-ad361e3f7450;1df9355f-e731-43ea-8d0a-d9fe698758f2;071c5d04-9197-43db-a6e9-bae7940cef57;d7c969ca-66ec-4a0d-a2cf-6802eda569d7;444642d0-5f37-472e-86bb-f6174ea377cc]]
2026-04-03 19:17:34.226,18.413,CrossSignalTrendConsistency_GT,atomic,[CrossSignalTrendConsistency_GT],[1.0000],1,6,1.0000,[dt-1;dt-2;dt-3],[[adc2e796-f8c6-48ca-a4ad-ce3c07d1ba33;a0e02237-7c6f-4cfc-a8e9-ad361e3f7450;1df9355f-e731-43ea-8d0a-d9fe698758f2;071c5d04-9197-43db-a6e9-bae7940cef57;d7c969ca-66ec-4a0d-a2cf-6802eda569d7;444642d0-5f37-472e-86bb-f6174ea377cc]]
2026-04-03 19:17:34.336,18.523,CrossSignalRelativeStable_SYS,atomic,[CrossSignalRelativeStable_SYS],[0.9215],1,6,0.9215,[dt-1;dt-2;dt-3],[[39902dfb-c779-4f62-b872-ecd1e8191e11;be59811a-f008-422f-9316-8d177457c408;2a7f9098-88ff-4d76-b528-e340e0bfd85a;fb2e1f79-81a4-4f2d-bf99-2b2a10a7f5b4;5ede4888-e928-4eda-ab34-61b0876b115a;008cbffc-e41b-4689-9d66-a820be08cded]]
2026-04-03 19:17:34.359,18.546,CrossSignalRelativeStable_GT,atomic,[CrossSignalRelativeStable_GT],[1.0000],1,6,1.0000,[dt-1;dt-2;dt-3],[[071c5d04-9197-43db-a6e9-bae7940cef57;d7c969ca-66ec-4a0d-a2cf-6802eda569d7;444642d0-5f37-472e-86bb-f6174ea377cc;68f5544b-c5e9-4c12-8d5f-d03b273997bf;840a956a-0a64-4581-a414-8a5b198770a4;3048fe52-cf22-469b-a0f3-6caad59c59ab]]
2026-04-03 19:17:34.442,18.629,CrossSignalRelativeStable_OBS,atomic,[CrossSignalRelativeStable_OBS],[1.0000],1,6,1.0000,[dt-1;dt-2;dt-3],[[12540fce-0ae4-476c-89c7-255a01a6fa18;be59811a-f008-422f-9316-8d177457c408;1bcf6def-7b3e-41ba-a463-e4b3248b9f58;210d3863-62e3-438a-b285-913e12a6d283;42bb8ad3-21ef-42ae-b914-64f32338166a;008cbffc-e41b-4689-9d66-a820be08cded]]
2026-04-03 19:17:34.442,18.629,CrossSignalRelativeStable_GT,atomic,[CrossSignalRelativeStable_GT],[1.0000],1,6,1.0000,[dt-1;dt-2;dt-3],[[68f5544b-c5e9-4c12-8d5f-d03b273997bf;840a956a-0a64-4581-a414-8a5b198770a4;3048fe52-cf22-469b-a0f3-6caad59c59ab;8d6d500f-5caf-45dc-99f9-c706d569256f;34a9c00e-56a5-4967-b84c-6bb9532b4fe5;f2dfa6fe-a509-478d-bd67-8637d5b613b2]]
2026-04-03 19:17:34.448,18.635,CrossSignalRelativeStable_SYS,atomic,[CrossSignalRelativeStable_SYS],[0.9422],1,6,0.9422,[dt-1;dt-2;dt-3],[[fb2e1f79-81a4-4f2d-bf99-2b2a10a7f5b4;5ede4888-e928-4eda-ab34-61b0876b115a;008cbffc-e41b-4689-9d66-a820be08cded;210d3863-62e3-438a-b285-913e12a6d283;42bb8ad3-21ef-42ae-b914-64f32338166a;f7fe66f5-8ba0-46c4-ade6-7f5d9ed1c264]]
2026-04-03 19:17:34.552,18.739,CrossSignalRelativeStable_SYS,atomic,[CrossSignalRelativeStable_SYS],[0.9512],1,6,0.9512,[dt-1;dt-2;dt-3],[[210d3863-62e3-438a-b285-913e12a6d283;42bb8ad3-21ef-42ae-b914-64f32338166a;f7fe66f5-8ba0-46c4-ade6-7f5d9ed1c264;020ad1e2-2ed5-4a75-b0ab-761ba3e65265;1352e30c-5558-4ee8-9655-18bdabdbe5aa;baf9bcb2-4357-43dd-90d4-7c8ad06fc6ba]]
2026-04-03 19:17:34.558,18.745,CrossSignalRelativeStable_GT,atomic,[CrossSignalRelativeStable_GT],[1.0000],1,6,1.0000,[dt-1;dt-2;dt-3],[[8d6d500f-5caf-45dc-99f9-c706d569256f;34a9c00e-56a5-4967-b84c-6bb9532b4fe5;f2dfa6fe-a509-478d-bd67-8637d5b613b2;eb12b746-41c2-4591-8778-5c4724d86c22;65cfc97e-222e-4914-bbd0-f032ab0e6d37;f038deb3-1149-422e-b51a-d6c26e9b5e45]]
2026-04-03 19:17:34.558,18.745,CrossSignalRelativeStable_OBS,atomic,[CrossSignalRelativeStable_OBS],[1.0000],1,6,1.0000,[dt-1;dt-2;dt-3],[[210d3863-62e3-438a-b285-913e12a6d283;42bb8ad3-21ef-42ae-b914-64f32338166a;008cbffc-e41b-4689-9d66-a820be08cded;020ad1e2-2ed5-4a75-b0ab-761ba3e65265;1352e30c-5558-4ee8-9655-18bdabdbe5aa;fba42f22-c277-437b-8e72-a2104cd02bf2]]
2026-04-03 19:17:34.665,18.852,CrossSignalRelativeStable_SYS,atomic,[CrossSignalRelativeStable_SYS],[0.9667],1,6,0.9667,[dt-1;dt-2;dt-3],[[020ad1e2-2ed5-4a75-b0ab-761ba3e65265;1352e30c-5558-4ee8-9655-18bdabdbe5aa;baf9bcb2-4357-43dd-90d4-7c8ad06fc6ba;a44a8169-1255-4587-83d6-c6a937ad60e1;d359236e-6be6-4f75-9bd7-599457459700;fba42f22-c277-437b-8e72-a2104cd02bf2]]
2026-04-03 19:17:34.666,18.853,CrossSignalTrendConsistency_SYS,atomic,[CrossSignalTrendConsistency_SYS],[0.9667],1,6,0.9667,[dt-1;dt-2;dt-3],[[020ad1e2-2ed5-4a75-b0ab-761ba3e65265;1352e30c-5558-4ee8-9655-18bdabdbe5aa;baf9bcb2-4357-43dd-90d4-7c8ad06fc6ba;a44a8169-1255-4587-83d6-c6a937ad60e1;d359236e-6be6-4f75-9bd7-599457459700;fba42f22-c277-437b-8e72-a2104cd02bf2]]
2026-04-03 19:17:34.685,18.872,CrossSignalRelativeStable_GT,atomic,[CrossSignalRelativeStable_GT],[1.0000],1,6,1.0000,[dt-1;dt-2;dt-3],[[eb12b746-41c2-4591-8778-5c4724d86c22;65cfc97e-222e-4914-bbd0-f032ab0e6d37;f038deb3-1149-422e-b51a-d6c26e9b5e45;c2763152-4608-4cb7-abe8-7c2cede7db05;391d882e-ab13-4aa4-8c12-70ecfb4dc891;19d670f0-c8c7-42c9-aecf-5394be01d2ae]]
2026-04-03 19:17:34.785,18.972,CrossSignalRelativeStable_GT,atomic,[CrossSignalRelativeStable_GT],[1.0000],1,6,1.0000,[dt-1;dt-2;dt-3],[[c2763152-4608-4cb7-abe8-7c2cede7db05;391d882e-ab13-4aa4-8c12-70ecfb4dc891;19d670f0-c8c7-42c9-aecf-5394be01d2ae;01f0ef50-902e-4b21-80b2-137360977826;d8fd0d29-0683-482b-b115-5e3584f8d368;ad6b3153-b538-42c7-b8e1-b046964aeedc]]
2026-04-03 19:17:34.786,18.973,CrossSignalTrendConsistency_GT,atomic,[CrossSignalTrendConsistency_GT],[1.0000],1,6,1.0000,[dt-1;dt-2;dt-3],[[c2763152-4608-4cb7-abe8-7c2cede7db05;391d882e-ab13-4aa4-8c12-70ecfb4dc891;19d670f0-c8c7-42c9-aecf-5394be01d2ae;01f0ef50-902e-4b21-80b2-137360977826;d8fd0d29-0683-482b-b115-5e3584f8d368;ad6b3153-b538-42c7-b8e1-b046964aeedc]]
2026-04-03 19:17:34.883,19.070,CrossSignalRelativeStable_SYS,atomic,[CrossSignalRelativeStable_SYS],[1.0000],1,6,1.0000,[dt-1;dt-2;dt-3],[[a44a8169-1255-4587-83d6-c6a937ad60e1;d359236e-6be6-4f75-9bd7-599457459700;fba42f22-c277-437b-8e72-a2104cd02bf2;b0b8e6a2-abff-4fd3-8f30-41760a1ccb87;ea89b2bc-3e06-4d59-aa32-00c12d210575;7f515358-573f-43a9-ae5e-763ae31adeec]]
2026-04-03 19:17:34.889,19.076,CrossSignalRelativeStable_GT,atomic,[CrossSignalRelativeStable_GT],[1.0000],1,6,1.0000,[dt-1;dt-2;dt-3],[[01f0ef50-902e-4b21-80b2-137360977826;d8fd0d29-0683-482b-b115-5e3584f8d368;ad6b3153-b538-42c7-b8e1-b046964aeedc;5ecefc5f-fcbd-44e8-8518-5c314ab9534b;f78131c5-314a-49b4-b11c-111c9ac6a4a6;08ae86e3-6b98-46aa-bb62-7e3703a3e16e]]
2026-04-03 19:17:34.992,19.179,CrossSignalRelativeStable_SYS,atomic,[CrossSignalRelativeStable_SYS],[0.9635],1,6,0.9635,[dt-1;dt-2;dt-3],[[b0b8e6a2-abff-4fd3-8f30-41760a1ccb87;ea89b2bc-3e06-4d59-aa32-00c12d210575;7f515358-573f-43a9-ae5e-763ae31adeec;005968c8-6e6b-4a7e-bf6d-e86e19720cfd;2d91a1a4-97d2-4c68-8e93-5f9811fdad9b;78b499e3-0e23-4a7c-b68e-77d7306593ac]]
2026-04-03 19:17:34.998,19.185,CrossSignalRelativeStable_GT,atomic,[CrossSignalRelativeStable_GT],[1.0000],1,6,1.0000,[dt-1;dt-2;dt-3],[[5ecefc5f-fcbd-44e8-8518-5c314ab9534b;f78131c5-314a-49b4-b11c-111c9ac6a4a6;08ae86e3-6b98-46aa-bb62-7e3703a3e16e;4ea722ee-f47d-41d1-aad3-66bf67b9c506;284154db-bc44-4b34-9caf-9168fe98de02;87fb5c7e-e8f9-4ec8-aec7-dca1115c2e45]]
2026-04-03 19:17:35.101,19.288,CrossSignalRelativeStable_SYS,atomic,[CrossSignalRelativeStable_SYS],[0.9136],1,6,0.9136,[dt-1;dt-2;dt-3],[[005968c8-6e6b-4a7e-bf6d-e86e19720cfd;2d91a1a4-97d2-4c68-8e93-5f9811fdad9b;78b499e3-0e23-4a7c-b68e-77d7306593ac;f25570bb-fb7c-4c04-90ac-65c8e38ae2fb;0bc75f4e-8f37-467f-aad8-6e27bd5b3e0e;f08a355d-7fbf-445b-b299-51b86139852c]]
2026-04-03 19:17:35.101,19.288,CrossSignalTrendConsistency_SYS,atomic,[CrossSignalTrendConsistency_SYS],[0.9136],1,6,0.9136,[dt-1;dt-2;dt-3],[[005968c8-6e6b-4a7e-bf6d-e86e19720cfd;2d91a1a4-97d2-4c68-8e93-5f9811fdad9b;78b499e3-0e23-4a7c-b68e-77d7306593ac;f25570bb-fb7c-4c04-90ac-65c8e38ae2fb;0bc75f4e-8f37-467f-aad8-6e27bd5b3e0e;f08a355d-7fbf-445b-b299-51b86139852c]]
2026-04-03 19:17:35.107,19.294,CrossSignalRelativeStable_GT,atomic,[CrossSignalRelativeStable_GT],[1.0000],1,6,1.0000,[dt-1;dt-2;dt-3],[[4ea722ee-f47d-41d1-aad3-66bf67b9c506;284154db-bc44-4b34-9caf-9168fe98de02;87fb5c7e-e8f9-4ec8-aec7-dca1115c2e45;e484d5e0-c301-448e-bb8b-0199a53e3bdc;032be6ec-42b2-40a5-931d-bb2a37ef9862;a1b101e1-aeed-4000-8875-37daa1a19c22]]
2026-04-03 19:17:35.107,19.294,CrossSignalTrendConsistency_GT,atomic,[CrossSignalTrendConsistency_GT],[1.0000],1,6,1.0000,[dt-1;dt-2;dt-3],[[4ea722ee-f47d-41d1-aad3-66bf67b9c506;284154db-bc44-4b34-9caf-9168fe98de02;87fb5c7e-e8f9-4ec8-aec7-dca1115c2e45;e484d5e0-c301-448e-bb8b-0199a53e3bdc;032be6ec-42b2-40a5-931d-bb2a37ef9862;a1b101e1-aeed-4000-8875-37daa1a19c22]]
2026-04-03 19:17:35.208,19.395,CrossSignalRelativeStable_SYS,atomic,[CrossSignalRelativeStable_SYS],[0.8895],1,6,0.8895,[dt-1;dt-2;dt-3],[[f25570bb-fb7c-4c04-90ac-65c8e38ae2fb;0bc75f4e-8f37-467f-aad8-6e27bd5b3e0e;f08a355d-7fbf-445b-b299-51b86139852c;f33ff1e1-66a2-420f-ad68-8aafbe048973;31fef367-d3c1-4b6f-9c65-3278bf426809;99fff940-add0-40db-8145-4ad73a716cd0]]
2026-04-03 19:17:35.208,19.395,CrossSignalTrendConsistency_SYS,atomic,[CrossSignalTrendConsistency_SYS],[0.8895],1,6,0.8895,[dt-1;dt-2;dt-3],[[f25570bb-fb7c-4c04-90ac-65c8e38ae2fb;0bc75f4e-8f37-467f-aad8-6e27bd5b3e0e;f08a355d-7fbf-445b-b299-51b86139852c;f33ff1e1-66a2-420f-ad68-8aafbe048973;31fef367-d3c1-4b6f-9c65-3278bf426809;99fff940-add0-40db-8145-4ad73a716cd0]]
2026-04-03 19:17:35.214,19.401,CrossSignalRelativeStable_GT,atomic,[CrossSignalRelativeStable_GT],[1.0000],1,6,1.0000,[dt-1;dt-2;dt-3],[[e484d5e0-c301-448e-bb8b-0199a53e3bdc;032be6ec-42b2-40a5-931d-bb2a37ef9862;a1b101e1-aeed-4000-8875-37daa1a19c22;d75896ea-a91e-4a38-aadd-36de0bd84c39;e53d3c8b-03cf-461b-a845-9c3a3beba094;d6735d4d-ea4b-4b54-bd0d-607fda814507]]
2026-04-03 19:17:35.214,19.401,CrossSignalTrendConsistency_GT,atomic,[CrossSignalTrendConsistency_GT],[1.0000],1,6,1.0000,[dt-1;dt-2;dt-3],[[e484d5e0-c301-448e-bb8b-0199a53e3bdc;032be6ec-42b2-40a5-931d-bb2a37ef9862;a1b101e1-aeed-4000-8875-37daa1a19c22;d75896ea-a91e-4a38-aadd-36de0bd84c39;e53d3c8b-03cf-461b-a845-9c3a3beba094;d6735d4d-ea4b-4b54-bd0d-607fda814507]]
2026-04-03 19:17:35.314,19.501,CrossSignalRelativeStable_OBS,atomic,[CrossSignalRelativeStable_OBS],[1.0000],1,6,1.0000,[dt-1;dt-2;dt-3],[[020ad1e2-2ed5-4a75-b0ab-761ba3e65265;1352e30c-5558-4ee8-9655-18bdabdbe5aa;fba42f22-c277-437b-8e72-a2104cd02bf2;a44a8169-1255-4587-83d6-c6a937ad60e1;d359236e-6be6-4f75-9bd7-599457459700;191b4fdc-1895-490e-af8e-a05940b766f3]]
2026-04-03 19:17:35.315,19.502,CrossSignalTrendConsistency_OBS,atomic,[CrossSignalTrendConsistency_OBS],[1.0000],1,6,1.0000,[dt-1;dt-2;dt-3],[[020ad1e2-2ed5-4a75-b0ab-761ba3e65265;1352e30c-5558-4ee8-9655-18bdabdbe5aa;fba42f22-c277-437b-8e72-a2104cd02bf2;a44a8169-1255-4587-83d6-c6a937ad60e1;d359236e-6be6-4f75-9bd7-599457459700;191b4fdc-1895-490e-af8e-a05940b766f3]]
2026-04-03 19:17:35.332,19.519,CrossSignalRelativeStable_GT,atomic,[CrossSignalRelativeStable_GT],[1.0000],1,6,1.0000,[dt-1;dt-2;dt-3],[[d75896ea-a91e-4a38-aadd-36de0bd84c39;e53d3c8b-03cf-461b-a845-9c3a3beba094;d6735d4d-ea4b-4b54-bd0d-607fda814507;3cb88c8b-50ba-4411-8455-65172d5357a2;f8beaba6-7b65-4684-b000-cd055d1f2ea5;f033db5d-3921-404b-8c61-1435d9dba4b4]]
2026-04-03 19:17:35.429,19.616,CrossSignalRelativeStable_SYS,atomic,[CrossSignalRelativeStable_SYS],[0.9338],1,6,0.9338,[dt-1;dt-2;dt-3],[[f33ff1e1-66a2-420f-ad68-8aafbe048973;31fef367-d3c1-4b6f-9c65-3278bf426809;99fff940-add0-40db-8145-4ad73a716cd0;7c6aabca-f3b4-4cb8-958a-955bb04cd6b8;66ba030c-b29c-49c3-aa50-538eb1f1781d;191b4fdc-1895-490e-af8e-a05940b766f3]]
2026-04-03 19:17:35.450,19.637,CrossSignalRelativeStable_GT,atomic,[CrossSignalRelativeStable_GT],[1.0000],1,6,1.0000,[dt-1;dt-2;dt-3],[[3cb88c8b-50ba-4411-8455-65172d5357a2;f8beaba6-7b65-4684-b000-cd055d1f2ea5;f033db5d-3921-404b-8c61-1435d9dba4b4;65d804ae-ffd4-4290-898a-61f459a867ba;97510237-0329-4046-be5a-b4cd5d521fbf;3dc83881-dba2-4bb2-8897-020054a7bddc]]
2026-04-03 19:17:35.452,19.639,CrossSignalTrendConsistency_GT,atomic,[CrossSignalTrendConsistency_GT],[1.0000],1,6,1.0000,[dt-1;dt-2;dt-3],[[3cb88c8b-50ba-4411-8455-65172d5357a2;f8beaba6-7b65-4684-b000-cd055d1f2ea5;f033db5d-3921-404b-8c61-1435d9dba4b4;65d804ae-ffd4-4290-898a-61f459a867ba;97510237-0329-4046-be5a-b4cd5d521fbf;3dc83881-dba2-4bb2-8897-020054a7bddc]]
2026-04-03 19:17:35.452,19.639,CrossSignalDivergence_GT,atomic,[CrossSignalDivergence_GT],[1.0000],1,6,1.0000,[dt-1;dt-2;dt-3],[[3cb88c8b-50ba-4411-8455-65172d5357a2;f8beaba6-7b65-4684-b000-cd055d1f2ea5;f033db5d-3921-404b-8c61-1435d9dba4b4;65d804ae-ffd4-4290-898a-61f459a867ba;97510237-0329-4046-be5a-b4cd5d521fbf;3dc83881-dba2-4bb2-8897-020054a7bddc]]
2026-04-03 19:17:35.535,19.722,CrossSignalRelativeStable_OBS,atomic,[CrossSignalRelativeStable_OBS],[1.0000],1,6,1.0000,[dt-1;dt-2;dt-3],[[a44a8169-1255-4587-83d6-c6a937ad60e1;d359236e-6be6-4f75-9bd7-599457459700;191b4fdc-1895-490e-af8e-a05940b766f3;7c6aabca-f3b4-4cb8-958a-955bb04cd6b8;59ec43df-23a2-45ec-be3e-bb3156ec3150;31145ade-865a-4739-b3a1-671fdb06bcfb]]
2026-04-03 19:17:35.535,19.722,CrossSignalTrendConsistency_OBS,atomic,[CrossSignalTrendConsistency_OBS],[1.0000],1,6,1.0000,[dt-1;dt-2;dt-3],[[a44a8169-1255-4587-83d6-c6a937ad60e1;d359236e-6be6-4f75-9bd7-599457459700;191b4fdc-1895-490e-af8e-a05940b766f3;7c6aabca-f3b4-4cb8-958a-955bb04cd6b8;59ec43df-23a2-45ec-be3e-bb3156ec3150;31145ade-865a-4739-b3a1-671fdb06bcfb]]
2026-04-03 19:17:35.535,19.722,CrossSignalDivergence_OBS,atomic,[CrossSignalDivergence_OBS],[1.0000],1,6,1.0000,[dt-1;dt-2;dt-3],[[a44a8169-1255-4587-83d6-c6a937ad60e1;d359236e-6be6-4f75-9bd7-599457459700;191b4fdc-1895-490e-af8e-a05940b766f3;7c6aabca-f3b4-4cb8-958a-955bb04cd6b8;59ec43df-23a2-45ec-be3e-bb3156ec3150;31145ade-865a-4739-b3a1-671fdb06bcfb]]
2026-04-03 19:17:35.547,19.734,CrossSignalRelativeStable_GT,atomic,[CrossSignalRelativeStable_GT],[1.0000],1,6,1.0000,[dt-1;dt-2;dt-3],[[65d804ae-ffd4-4290-898a-61f459a867ba;97510237-0329-4046-be5a-b4cd5d521fbf;3dc83881-dba2-4bb2-8897-020054a7bddc;5c099b54-576f-4d5c-8e9f-d67d38cd50f4;34cf04c6-1e76-4645-baba-d710d46c0a39;99f6b8e9-ff40-47b4-906a-a5015a3246b7]]
2026-04-03 19:17:35.644,19.831,CrossSignalRelativeStable_SYS,atomic,[CrossSignalRelativeStable_SYS],[0.9748],1,6,0.9748,[dt-1;dt-2;dt-3],[[7c6aabca-f3b4-4cb8-958a-955bb04cd6b8;66ba030c-b29c-49c3-aa50-538eb1f1781d;191b4fdc-1895-490e-af8e-a05940b766f3;031d6054-629c-47a7-845f-320b7dde2988;59ec43df-23a2-45ec-be3e-bb3156ec3150;31145ade-865a-4739-b3a1-671fdb06bcfb]]
2026-04-03 19:17:35.644,19.831,CrossSignalDivergence_SYS,atomic,[CrossSignalDivergence_SYS],[0.9748],1,6,0.9748,[dt-1;dt-2;dt-3],[[7c6aabca-f3b4-4cb8-958a-955bb04cd6b8;66ba030c-b29c-49c3-aa50-538eb1f1781d;191b4fdc-1895-490e-af8e-a05940b766f3;031d6054-629c-47a7-845f-320b7dde2988;59ec43df-23a2-45ec-be3e-bb3156ec3150;31145ade-865a-4739-b3a1-671fdb06bcfb]]
2026-04-03 19:17:35.655,19.842,CrossSignalRelativeStable_GT,atomic,[CrossSignalRelativeStable_GT],[1.0000],1,6,1.0000,[dt-1;dt-2;dt-3],[[5c099b54-576f-4d5c-8e9f-d67d38cd50f4;34cf04c6-1e76-4645-baba-d710d46c0a39;99f6b8e9-ff40-47b4-906a-a5015a3246b7;f96e27cb-2649-48a3-b913-588c745002e8;13c1ab19-f715-41d6-8ff1-9b680b2ebebd;283f5d6b-49a3-483f-b71b-f98e7ffca49d]]
2026-04-03 19:17:35.755,19.942,CrossSignalRelativeStable_SYS,atomic,[CrossSignalRelativeStable_SYS],[0.9804],1,6,0.9804,[dt-1;dt-2;dt-3],[[031d6054-629c-47a7-845f-320b7dde2988;59ec43df-23a2-45ec-be3e-bb3156ec3150;31145ade-865a-4739-b3a1-671fdb06bcfb;8f1680b2-5a9c-41e7-a398-e7cab839e8e6;ba70b85d-f868-4939-a651-af8ab3b1154b;85ebaf22-2d6b-4f16-9741-60cdd9b74643]]
2026-04-03 19:17:35.755,19.942,CrossSignalRelativeStable_OBS,atomic,[CrossSignalRelativeStable_OBS],[1.0000],1,6,1.0000,[dt-1;dt-2;dt-3],[[7c6aabca-f3b4-4cb8-958a-955bb04cd6b8;59ec43df-23a2-45ec-be3e-bb3156ec3150;31145ade-865a-4739-b3a1-671fdb06bcfb;8f1680b2-5a9c-41e7-a398-e7cab839e8e6;ba70b85d-f868-4939-a651-af8ab3b1154b;ab79b57e-e064-44da-a493-bdf09a77fd88]]
2026-04-03 19:17:35.773,19.960,CrossSignalRelativeStable_GT,atomic,[CrossSignalRelativeStable_GT],[1.0000],1,6,1.0000,[dt-1;dt-2;dt-3],[[f96e27cb-2649-48a3-b913-588c745002e8;13c1ab19-f715-41d6-8ff1-9b680b2ebebd;283f5d6b-49a3-483f-b71b-f98e7ffca49d;2b1ec23d-86e8-4845-aae3-8f3b3ca620d2;67903731-5535-4e55-b144-c2e45daec9e0;0fe5e6c5-7e65-4223-8cba-b46f3449a6fa]]
2026-04-03 19:17:35.860,20.047,CrossSignalRelativeStable_SYS,atomic,[CrossSignalRelativeStable_SYS],[0.9804],1,6,0.9804,[dt-1;dt-2;dt-3],[[8f1680b2-5a9c-41e7-a398-e7cab839e8e6;ba70b85d-f868-4939-a651-af8ab3b1154b;85ebaf22-2d6b-4f16-9741-60cdd9b74643;ef27ac10-b0a3-45bb-b56b-ed3e12b0ae19;797f1242-daa1-4b45-9ef9-506e29bc9527;69084fb6-61ea-41ea-9485-3e9babebecbd]]
2026-04-03 19:17:35.888,20.075,CrossSignalRelativeStable_GT,atomic,[CrossSignalRelativeStable_GT],[1.0000],1,6,1.0000,[dt-1;dt-2;dt-3],[[2b1ec23d-86e8-4845-aae3-8f3b3ca620d2;67903731-5535-4e55-b144-c2e45daec9e0;0fe5e6c5-7e65-4223-8cba-b46f3449a6fa;21c5de15-8701-4a01-b2e5-92e8ee618b5e;bdae7572-4254-46f2-ae6f-86e63d0853c4;34c5630e-9279-40ab-b8c5-37425b3c6c2c]]
2026-04-03 19:17:35.972,20.159,CrossSignalRelativeStable_OBS,atomic,[CrossSignalRelativeStable_OBS],[1.0000],1,6,1.0000,[dt-1;dt-2;dt-3],[[8f1680b2-5a9c-41e7-a398-e7cab839e8e6;ba70b85d-f868-4939-a651-af8ab3b1154b;ab79b57e-e064-44da-a493-bdf09a77fd88;ef27ac10-b0a3-45bb-b56b-ed3e12b0ae19;166d2c0b-e708-4928-b235-ea0a4a9046ab;69084fb6-61ea-41ea-9485-3e9babebecbd]]
2026-04-03 19:17:35.986,20.173,CrossSignalRelativeStable_GT,atomic,[CrossSignalRelativeStable_GT],[1.0000],1,6,1.0000,[dt-1;dt-2;dt-3],[[21c5de15-8701-4a01-b2e5-92e8ee618b5e;bdae7572-4254-46f2-ae6f-86e63d0853c4;34c5630e-9279-40ab-b8c5-37425b3c6c2c;a87494e5-1c19-4e98-8f12-cf2bc517560d;1ca27188-6c07-4368-a9bc-d527258d8a13;148c4287-92d4-4081-ab03-43b7602b2668]]
2026-04-03 19:17:36.081,20.268,CrossSignalRelativeStable_SYS,atomic,[CrossSignalRelativeStable_SYS],[0.9608],1,6,0.9608,[dt-1;dt-2;dt-3],[[ef27ac10-b0a3-45bb-b56b-ed3e12b0ae19;797f1242-daa1-4b45-9ef9-506e29bc9527;69084fb6-61ea-41ea-9485-3e9babebecbd;a4bf034b-2d66-4e2b-a4c8-cea897c3cc16;166d2c0b-e708-4928-b235-ea0a4a9046ab;22baac4d-a38f-496a-a276-f30ef967ca10]]
2026-04-03 19:17:36.081,20.268,CrossSignalTrendConsistency_SYS,atomic,[CrossSignalTrendConsistency_SYS],[0.9608],1,6,0.9608,[dt-1;dt-2;dt-3],[[ef27ac10-b0a3-45bb-b56b-ed3e12b0ae19;797f1242-daa1-4b45-9ef9-506e29bc9527;69084fb6-61ea-41ea-9485-3e9babebecbd;a4bf034b-2d66-4e2b-a4c8-cea897c3cc16;166d2c0b-e708-4928-b235-ea0a4a9046ab;22baac4d-a38f-496a-a276-f30ef967ca10]]
2026-04-03 19:17:36.081,20.268,CrossSignalDivergence_SYS,atomic,[CrossSignalDivergence_SYS],[0.9608],1,6,0.9608,[dt-1;dt-2;dt-3],[[ef27ac10-b0a3-45bb-b56b-ed3e12b0ae19;797f1242-daa1-4b45-9ef9-506e29bc9527;69084fb6-61ea-41ea-9485-3e9babebecbd;a4bf034b-2d66-4e2b-a4c8-cea897c3cc16;166d2c0b-e708-4928-b235-ea0a4a9046ab;22baac4d-a38f-496a-a276-f30ef967ca10]]
2026-04-03 19:17:36.081,20.268,CrossSignalRelativeStable_SYS,atomic,[CrossSignalRelativeStable_SYS],[0.9435],1,6,0.9435,[dt-1;dt-2;dt-3],[[a4bf034b-2d66-4e2b-a4c8-cea897c3cc16;166d2c0b-e708-4928-b235-ea0a4a9046ab;22baac4d-a38f-496a-a276-f30ef967ca10;d81a9e11-d4f0-43b1-8c82-da1c3aebf8fd;98c1404d-4c05-44d6-aa01-9a9be23875a9;498c3df1-587c-4d38-a67d-b1d719238e62]]
2026-04-03 19:17:36.081,20.268,CrossSignalDivergence_SYS,atomic,[CrossSignalDivergence_SYS],[0.9435],1,6,0.9435,[dt-1;dt-2;dt-3],[[a4bf034b-2d66-4e2b-a4c8-cea897c3cc16;166d2c0b-e708-4928-b235-ea0a4a9046ab;22baac4d-a38f-496a-a276-f30ef967ca10;d81a9e11-d4f0-43b1-8c82-da1c3aebf8fd;98c1404d-4c05-44d6-aa01-9a9be23875a9;498c3df1-587c-4d38-a67d-b1d719238e62]]
2026-04-03 19:17:36.088,20.275,CrossSignalRelativeStable_GT,atomic,[CrossSignalRelativeStable_GT],[1.0000],1,6,1.0000,[dt-1;dt-2;dt-3],[[a87494e5-1c19-4e98-8f12-cf2bc517560d;1ca27188-6c07-4368-a9bc-d527258d8a13;148c4287-92d4-4081-ab03-43b7602b2668;e465831f-45be-40d0-9bce-84b87f7099e6;f163d223-31ba-4f6f-a516-9cde834c4439;f8c39b95-8769-4be8-9e0a-9ba9734a52b9]]
2026-04-03 19:17:36.088,20.275,CrossSignalDivergence_GT,atomic,[CrossSignalDivergence_GT],[1.0000],1,6,1.0000,[dt-1;dt-2;dt-3],[[a87494e5-1c19-4e98-8f12-cf2bc517560d;1ca27188-6c07-4368-a9bc-d527258d8a13;148c4287-92d4-4081-ab03-43b7602b2668;e465831f-45be-40d0-9bce-84b87f7099e6;f163d223-31ba-4f6f-a516-9cde834c4439;f8c39b95-8769-4be8-9e0a-9ba9734a52b9]]
2026-04-03 19:17:36.207,20.394,CrossSignalRelativeStable_GT,atomic,[CrossSignalRelativeStable_GT],[1.0000],1,6,1.0000,[dt-1;dt-2;dt-3],[[e465831f-45be-40d0-9bce-84b87f7099e6;f163d223-31ba-4f6f-a516-9cde834c4439;f8c39b95-8769-4be8-9e0a-9ba9734a52b9;f2ee142d-74b7-41b5-af70-3457e843691b;e4a0ef52-5fa6-4a2e-a76a-4300dc9f5c25;99c8c622-a1da-4720-b8de-515ef76095b9]]
2026-04-03 19:17:36.207,20.394,CrossSignalDivergence_GT,atomic,[CrossSignalDivergence_GT],[1.0000],1,6,1.0000,[dt-1;dt-2;dt-3],[[e465831f-45be-40d0-9bce-84b87f7099e6;f163d223-31ba-4f6f-a516-9cde834c4439;f8c39b95-8769-4be8-9e0a-9ba9734a52b9;f2ee142d-74b7-41b5-af70-3457e843691b;e4a0ef52-5fa6-4a2e-a76a-4300dc9f5c25;99c8c622-a1da-4720-b8de-515ef76095b9]]
2026-04-03 19:17:36.208,20.395,CrossSignalRelativeStable_SYS,atomic,[CrossSignalRelativeStable_SYS],[0.9631],1,6,0.9631,[dt-1;dt-2;dt-3],[[d81a9e11-d4f0-43b1-8c82-da1c3aebf8fd;98c1404d-4c05-44d6-aa01-9a9be23875a9;498c3df1-587c-4d38-a67d-b1d719238e62;7022c307-ce18-4f2f-b558-573c3807289e;8344b6ca-77cb-4810-b231-3e916a4a6aea;ae1429c3-46bf-404d-a131-3358b53f1215]]
2026-04-03 19:17:36.208,20.395,CrossSignalRelativeStable_OBS,atomic,[CrossSignalRelativeStable_OBS],[1.0000],1,6,1.0000,[dt-1;dt-2;dt-3],[[ef27ac10-b0a3-45bb-b56b-ed3e12b0ae19;166d2c0b-e708-4928-b235-ea0a4a9046ab;69084fb6-61ea-41ea-9485-3e9babebecbd;d81a9e11-d4f0-43b1-8c82-da1c3aebf8fd;98c1404d-4c05-44d6-aa01-9a9be23875a9;ae1429c3-46bf-404d-a131-3358b53f1215]]
2026-04-03 19:17:36.208,20.395,CrossSignalDivergence_SYS,atomic,[CrossSignalDivergence_SYS],[0.9631],1,6,0.9631,[dt-1;dt-2;dt-3],[[d81a9e11-d4f0-43b1-8c82-da1c3aebf8fd;98c1404d-4c05-44d6-aa01-9a9be23875a9;498c3df1-587c-4d38-a67d-b1d719238e62;7022c307-ce18-4f2f-b558-573c3807289e;8344b6ca-77cb-4810-b231-3e916a4a6aea;ae1429c3-46bf-404d-a131-3358b53f1215]]
2026-04-03 19:17:36.208,20.395,CrossSignalDivergence_OBS,atomic,[CrossSignalDivergence_OBS],[1.0000],1,6,1.0000,[dt-1;dt-2;dt-3],[[ef27ac10-b0a3-45bb-b56b-ed3e12b0ae19;166d2c0b-e708-4928-b235-ea0a4a9046ab;69084fb6-61ea-41ea-9485-3e9babebecbd;d81a9e11-d4f0-43b1-8c82-da1c3aebf8fd;98c1404d-4c05-44d6-aa01-9a9be23875a9;ae1429c3-46bf-404d-a131-3358b53f1215]]
2026-04-03 19:17:36.332,20.519,CrossSignalRelativeStable_GT,atomic,[CrossSignalRelativeStable_GT],[1.0000],1,6,1.0000,[dt-1;dt-2;dt-3],[[f2ee142d-74b7-41b5-af70-3457e843691b;e4a0ef52-5fa6-4a2e-a76a-4300dc9f5c25;99c8c622-a1da-4720-b8de-515ef76095b9;cbcbd9f7-4c76-4ecc-85fe-212f438d9c36;ea2694b7-f5d2-4e02-bb21-b4b3d2f775d6;f0d7b17b-720e-4fc9-9b59-00cda236b546]]
2026-04-03 19:17:36.333,20.520,CrossSignalDivergence_GT,atomic,[CrossSignalDivergence_GT],[1.0000],1,6,1.0000,[dt-1;dt-2;dt-3],[[f2ee142d-74b7-41b5-af70-3457e843691b;e4a0ef52-5fa6-4a2e-a76a-4300dc9f5c25;99c8c622-a1da-4720-b8de-515ef76095b9;cbcbd9f7-4c76-4ecc-85fe-212f438d9c36;ea2694b7-f5d2-4e02-bb21-b4b3d2f775d6;f0d7b17b-720e-4fc9-9b59-00cda236b546]]
2026-04-03 19:17:36.429,20.616,CrossSignalRelativeStable_SYS,atomic,[CrossSignalRelativeStable_SYS],[0.9795],1,6,0.9795,[dt-1;dt-2;dt-3],[[7022c307-ce18-4f2f-b558-573c3807289e;8344b6ca-77cb-4810-b231-3e916a4a6aea;ae1429c3-46bf-404d-a131-3358b53f1215;bbfc0e9b-6f12-490d-8f2b-5c594f91d556;6643dcff-207a-4e5e-bf89-7ea29855d66d;74a964aa-fa9d-4730-995f-e2b482cecef3]]
2026-04-03 19:17:36.429,20.616,CrossSignalDivergence_SYS,atomic,[CrossSignalDivergence_SYS],[0.9795],1,6,0.9795,[dt-1;dt-2;dt-3],[[7022c307-ce18-4f2f-b558-573c3807289e;8344b6ca-77cb-4810-b231-3e916a4a6aea;ae1429c3-46bf-404d-a131-3358b53f1215;bbfc0e9b-6f12-490d-8f2b-5c594f91d556;6643dcff-207a-4e5e-bf89-7ea29855d66d;74a964aa-fa9d-4730-995f-e2b482cecef3]]
2026-04-03 19:17:36.443,20.630,CrossSignalRelativeStable_GT,atomic,[CrossSignalRelativeStable_GT],[1.0000],1,6,1.0000,[dt-1;dt-2;dt-3],[[cbcbd9f7-4c76-4ecc-85fe-212f438d9c36;ea2694b7-f5d2-4e02-bb21-b4b3d2f775d6;f0d7b17b-720e-4fc9-9b59-00cda236b546;a0e9c4ac-5321-43bd-8d6f-7dd82265ebe3;06549a12-4b7b-4039-b2db-47641cb469c8;4f7e8ca2-7ff9-41c1-9997-97cfd494082e]]
2026-04-03 19:17:36.443,20.630,CrossSignalTrendConsistency_GT,atomic,[CrossSignalTrendConsistency_GT],[1.0000],1,6,1.0000,[dt-1;dt-2;dt-3],[[cbcbd9f7-4c76-4ecc-85fe-212f438d9c36;ea2694b7-f5d2-4e02-bb21-b4b3d2f775d6;f0d7b17b-720e-4fc9-9b59-00cda236b546;a0e9c4ac-5321-43bd-8d6f-7dd82265ebe3;06549a12-4b7b-4039-b2db-47641cb469c8;4f7e8ca2-7ff9-41c1-9997-97cfd494082e]]
2026-04-03 19:17:36.444,20.631,CrossSignalDivergence_GT,atomic,[CrossSignalDivergence_GT],[1.0000],1,6,1.0000,[dt-1;dt-2;dt-3],[[cbcbd9f7-4c76-4ecc-85fe-212f438d9c36;ea2694b7-f5d2-4e02-bb21-b4b3d2f775d6;f0d7b17b-720e-4fc9-9b59-00cda236b546;a0e9c4ac-5321-43bd-8d6f-7dd82265ebe3;06549a12-4b7b-4039-b2db-47641cb469c8;4f7e8ca2-7ff9-41c1-9997-97cfd494082e]]
2026-04-03 19:17:36.540,20.727,CrossSignalRelativeStable_SYS,atomic,[CrossSignalRelativeStable_SYS],[0.9418],1,6,0.9418,[dt-1;dt-2;dt-3],[[bbfc0e9b-6f12-490d-8f2b-5c594f91d556;6643dcff-207a-4e5e-bf89-7ea29855d66d;74a964aa-fa9d-4730-995f-e2b482cecef3;b09d58fd-cb50-4ebf-906a-164a8ebfe771;4334237f-7900-415f-8a5d-c70751ae88a4;b944ae7d-5dee-4778-8da1-85bd2b9fcdae]]
2026-04-03 19:17:36.541,20.728,CrossSignalTrendConsistency_SYS,atomic,[CrossSignalTrendConsistency_SYS],[0.9418],1,6,0.9418,[dt-1;dt-2;dt-3],[[bbfc0e9b-6f12-490d-8f2b-5c594f91d556;6643dcff-207a-4e5e-bf89-7ea29855d66d;74a964aa-fa9d-4730-995f-e2b482cecef3;b09d58fd-cb50-4ebf-906a-164a8ebfe771;4334237f-7900-415f-8a5d-c70751ae88a4;b944ae7d-5dee-4778-8da1-85bd2b9fcdae]]
2026-04-03 19:17:36.541,20.728,CrossSignalDivergence_SYS,atomic,[CrossSignalDivergence_SYS],[0.9418],1,6,0.9418,[dt-1;dt-2;dt-3],[[bbfc0e9b-6f12-490d-8f2b-5c594f91d556;6643dcff-207a-4e5e-bf89-7ea29855d66d;74a964aa-fa9d-4730-995f-e2b482cecef3;b09d58fd-cb50-4ebf-906a-164a8ebfe771;4334237f-7900-415f-8a5d-c70751ae88a4;b944ae7d-5dee-4778-8da1-85bd2b9fcdae]]
2026-04-03 19:17:36.541,20.728,CrossSignalRelativeStable_OBS,atomic,[CrossSignalRelativeStable_OBS],[1.0000],1,6,1.0000,[dt-1;dt-2;dt-3],[[d81a9e11-d4f0-43b1-8c82-da1c3aebf8fd;98c1404d-4c05-44d6-aa01-9a9be23875a9;ae1429c3-46bf-404d-a131-3358b53f1215;bbfc0e9b-6f12-490d-8f2b-5c594f91d556;b433b91e-74e9-4917-9057-7f9f24b50e7f;74a964aa-fa9d-4730-995f-e2b482cecef3]]
2026-04-03 19:17:36.541,20.728,CrossSignalTrendConsistency_OBS,atomic,[CrossSignalTrendConsistency_OBS],[1.0000],1,6,1.0000,[dt-1;dt-2;dt-3],[[d81a9e11-d4f0-43b1-8c82-da1c3aebf8fd;98c1404d-4c05-44d6-aa01-9a9be23875a9;ae1429c3-46bf-404d-a131-3358b53f1215;bbfc0e9b-6f12-490d-8f2b-5c594f91d556;b433b91e-74e9-4917-9057-7f9f24b50e7f;74a964aa-fa9d-4730-995f-e2b482cecef3]]
2026-04-03 19:17:36.541,20.728,CrossSignalDivergence_OBS,atomic,[CrossSignalDivergence_OBS],[1.0000],1,6,1.0000,[dt-1;dt-2;dt-3],[[d81a9e11-d4f0-43b1-8c82-da1c3aebf8fd;98c1404d-4c05-44d6-aa01-9a9be23875a9;ae1429c3-46bf-404d-a131-3358b53f1215;bbfc0e9b-6f12-490d-8f2b-5c594f91d556;b433b91e-74e9-4917-9057-7f9f24b50e7f;74a964aa-fa9d-4730-995f-e2b482cecef3]]
2026-04-03 19:17:36.547,20.734,CrossSignalRelativeStable_GT,atomic,[CrossSignalRelativeStable_GT],[1.0000],1,6,1.0000,[dt-1;dt-2;dt-3],[[a0e9c4ac-5321-43bd-8d6f-7dd82265ebe3;06549a12-4b7b-4039-b2db-47641cb469c8;4f7e8ca2-7ff9-41c1-9997-97cfd494082e;f85ff642-4286-46e6-97a3-321076bec11c;3df4405b-2e8c-4e5b-9334-36f0e8a8d6dd;85f9ffec-c4de-4d09-a628-f84d31bb0036]]
2026-04-03 19:17:36.547,20.734,CrossSignalDivergence_GT,atomic,[CrossSignalDivergence_GT],[1.0000],1,6,1.0000,[dt-1;dt-2;dt-3],[[a0e9c4ac-5321-43bd-8d6f-7dd82265ebe3;06549a12-4b7b-4039-b2db-47641cb469c8;4f7e8ca2-7ff9-41c1-9997-97cfd494082e;f85ff642-4286-46e6-97a3-321076bec11c;3df4405b-2e8c-4e5b-9334-36f0e8a8d6dd;85f9ffec-c4de-4d09-a628-f84d31bb0036]]
2026-04-03 19:17:36.657,20.844,CrossSignalRelativeStable_SYS,atomic,[CrossSignalRelativeStable_SYS],[0.9623],1,6,0.9623,[dt-1;dt-2;dt-3],[[b09d58fd-cb50-4ebf-906a-164a8ebfe771;4334237f-7900-415f-8a5d-c70751ae88a4;b944ae7d-5dee-4778-8da1-85bd2b9fcdae;63e50add-8cbf-4558-afe2-d450c27fe543;b433b91e-74e9-4917-9057-7f9f24b50e7f;3bec90de-2186-481c-8c6d-8efd3f1d1892]]
2026-04-03 19:17:36.657,20.844,CrossSignalTrendConsistency_SYS,atomic,[CrossSignalTrendConsistency_SYS],[0.9623],1,6,0.9623,[dt-1;dt-2;dt-3],[[b09d58fd-cb50-4ebf-906a-164a8ebfe771;4334237f-7900-415f-8a5d-c70751ae88a4;b944ae7d-5dee-4778-8da1-85bd2b9fcdae;63e50add-8cbf-4558-afe2-d450c27fe543;b433b91e-74e9-4917-9057-7f9f24b50e7f;3bec90de-2186-481c-8c6d-8efd3f1d1892]]
2026-04-03 19:17:36.657,20.844,CrossSignalDivergence_SYS,atomic,[CrossSignalDivergence_SYS],[0.9623],1,6,0.9623,[dt-1;dt-2;dt-3],[[b09d58fd-cb50-4ebf-906a-164a8ebfe771;4334237f-7900-415f-8a5d-c70751ae88a4;b944ae7d-5dee-4778-8da1-85bd2b9fcdae;63e50add-8cbf-4558-afe2-d450c27fe543;b433b91e-74e9-4917-9057-7f9f24b50e7f;3bec90de-2186-481c-8c6d-8efd3f1d1892]]
2026-04-03 19:17:36.674,20.861,CrossSignalRelativeStable_GT,atomic,[CrossSignalRelativeStable_GT],[1.0000],1,6,1.0000,[dt-1;dt-2;dt-3],[[f85ff642-4286-46e6-97a3-321076bec11c;3df4405b-2e8c-4e5b-9334-36f0e8a8d6dd;85f9ffec-c4de-4d09-a628-f84d31bb0036;710b232d-d3b2-478f-bc94-f2c7b24cdec1;4d246601-d13f-485a-90f4-1e6c8cee8a43;7b1afbac-36f1-4c82-b78b-1c56c9253d3c]]
2026-04-03 19:17:36.675,20.862,CrossSignalTrendConsistency_GT,atomic,[CrossSignalTrendConsistency_GT],[1.0000],1,6,1.0000,[dt-1;dt-2;dt-3],[[f85ff642-4286-46e6-97a3-321076bec11c;3df4405b-2e8c-4e5b-9334-36f0e8a8d6dd;85f9ffec-c4de-4d09-a628-f84d31bb0036;710b232d-d3b2-478f-bc94-f2c7b24cdec1;4d246601-d13f-485a-90f4-1e6c8cee8a43;7b1afbac-36f1-4c82-b78b-1c56c9253d3c]]
2026-04-03 19:17:36.675,20.862,CrossSignalDivergence_GT,atomic,[CrossSignalDivergence_GT],[1.0000],1,6,1.0000,[dt-1;dt-2;dt-3],[[f85ff642-4286-46e6-97a3-321076bec11c;3df4405b-2e8c-4e5b-9334-36f0e8a8d6dd;85f9ffec-c4de-4d09-a628-f84d31bb0036;710b232d-d3b2-478f-bc94-f2c7b24cdec1;4d246601-d13f-485a-90f4-1e6c8cee8a43;7b1afbac-36f1-4c82-b78b-1c56c9253d3c]]
2026-04-03 19:17:36.760,20.947,CrossSignalRelativeStable_SYS,atomic,[CrossSignalRelativeStable_SYS],[1.0000],1,6,1.0000,[dt-1;dt-2;dt-3],[[63e50add-8cbf-4558-afe2-d450c27fe543;b433b91e-74e9-4917-9057-7f9f24b50e7f;3bec90de-2186-481c-8c6d-8efd3f1d1892;9fa17b55-ebe6-4fbd-bd6e-cf6a7b122423;42d77051-2c5c-4beb-bbff-01121d797bf2;6b75cc8a-510b-48dc-94b1-60726b40ddb6]]
2026-04-03 19:17:36.761,20.948,CrossSignalDivergence_SYS,atomic,[CrossSignalDivergence_SYS],[1.0000],1,6,1.0000,[dt-1;dt-2;dt-3],[[63e50add-8cbf-4558-afe2-d450c27fe543;b433b91e-74e9-4917-9057-7f9f24b50e7f;3bec90de-2186-481c-8c6d-8efd3f1d1892;9fa17b55-ebe6-4fbd-bd6e-cf6a7b122423;42d77051-2c5c-4beb-bbff-01121d797bf2;6b75cc8a-510b-48dc-94b1-60726b40ddb6]]
2026-04-03 19:17:36.767,20.954,CrossSignalRelativeStable_GT,atomic,[CrossSignalRelativeStable_GT],[1.0000],1,6,1.0000,[dt-1;dt-2;dt-3],[[710b232d-d3b2-478f-bc94-f2c7b24cdec1;4d246601-d13f-485a-90f4-1e6c8cee8a43;7b1afbac-36f1-4c82-b78b-1c56c9253d3c;91f76c93-5931-42dd-bc11-e358a2bff255;8588882f-6689-4143-80ba-e6c3238746fb;10ee42eb-0197-45af-813e-a3fe8b7afd34]]
2026-04-03 19:17:36.767,20.954,CrossSignalDivergence_GT,atomic,[CrossSignalDivergence_GT],[1.0000],1,6,1.0000,[dt-1;dt-2;dt-3],[[710b232d-d3b2-478f-bc94-f2c7b24cdec1;4d246601-d13f-485a-90f4-1e6c8cee8a43;7b1afbac-36f1-4c82-b78b-1c56c9253d3c;91f76c93-5931-42dd-bc11-e358a2bff255;8588882f-6689-4143-80ba-e6c3238746fb;10ee42eb-0197-45af-813e-a3fe8b7afd34]]
2026-04-03 19:17:36.870,21.057,CrossSignalRelativeStable_OBS,atomic,[CrossSignalRelativeStable_OBS],[1.0000],1,6,1.0000,[dt-1;dt-2;dt-3],[[bbfc0e9b-6f12-490d-8f2b-5c594f91d556;b433b91e-74e9-4917-9057-7f9f24b50e7f;74a964aa-fa9d-4730-995f-e2b482cecef3;63e50add-8cbf-4558-afe2-d450c27fe543;3ffc833a-be7b-4186-b8e1-26e05e45f6b1;3bec90de-2186-481c-8c6d-8efd3f1d1892]]
2026-04-03 19:17:36.870,21.057,CrossSignalDivergence_OBS,atomic,[CrossSignalDivergence_OBS],[1.0000],1,6,1.0000,[dt-1;dt-2;dt-3],[[bbfc0e9b-6f12-490d-8f2b-5c594f91d556;b433b91e-74e9-4917-9057-7f9f24b50e7f;74a964aa-fa9d-4730-995f-e2b482cecef3;63e50add-8cbf-4558-afe2-d450c27fe543;3ffc833a-be7b-4186-b8e1-26e05e45f6b1;3bec90de-2186-481c-8c6d-8efd3f1d1892]]
2026-04-03 19:17:36.882,21.069,CrossSignalRelativeStable_GT,atomic,[CrossSignalRelativeStable_GT],[1.0000],1,6,1.0000,[dt-1;dt-2;dt-3],[[91f76c93-5931-42dd-bc11-e358a2bff255;8588882f-6689-4143-80ba-e6c3238746fb;10ee42eb-0197-45af-813e-a3fe8b7afd34;8153e11a-50cd-4f07-8d11-d6015470ac19;8e590e40-c952-49d8-a5ce-632cd7b9117c;526915a6-7076-4dbe-8ce5-f3cb5d01785d]]
2026-04-03 19:17:36.883,21.070,CrossSignalDivergence_GT,atomic,[CrossSignalDivergence_GT],[1.0000],1,6,1.0000,[dt-1;dt-2;dt-3],[[91f76c93-5931-42dd-bc11-e358a2bff255;8588882f-6689-4143-80ba-e6c3238746fb;10ee42eb-0197-45af-813e-a3fe8b7afd34;8153e11a-50cd-4f07-8d11-d6015470ac19;8e590e40-c952-49d8-a5ce-632cd7b9117c;526915a6-7076-4dbe-8ce5-f3cb5d01785d]]
2026-04-03 19:17:36.985,21.172,CrossSignalRelativeStable_SYS,atomic,[CrossSignalRelativeStable_SYS],[0.9848],1,6,0.9848,[dt-1;dt-2;dt-3],[[9fa17b55-ebe6-4fbd-bd6e-cf6a7b122423;42d77051-2c5c-4beb-bbff-01121d797bf2;6b75cc8a-510b-48dc-94b1-60726b40ddb6;5154f6dc-447b-4c4b-b2e5-b8bf22f4e896;3ffc833a-be7b-4186-b8e1-26e05e45f6b1;62f0a7a4-253f-414f-a3c7-7e9d603b8530]]
2026-04-03 19:17:36.985,21.172,CrossSignalDivergence_SYS,atomic,[CrossSignalDivergence_SYS],[0.9848],1,6,0.9848,[dt-1;dt-2;dt-3],[[9fa17b55-ebe6-4fbd-bd6e-cf6a7b122423;42d77051-2c5c-4beb-bbff-01121d797bf2;6b75cc8a-510b-48dc-94b1-60726b40ddb6;5154f6dc-447b-4c4b-b2e5-b8bf22f4e896;3ffc833a-be7b-4186-b8e1-26e05e45f6b1;62f0a7a4-253f-414f-a3c7-7e9d603b8530]]
2026-04-03 19:17:37.009,21.196,CrossSignalRelativeStable_GT,atomic,[CrossSignalRelativeStable_GT],[1.0000],1,6,1.0000,[dt-1;dt-2;dt-3],[[8153e11a-50cd-4f07-8d11-d6015470ac19;8e590e40-c952-49d8-a5ce-632cd7b9117c;526915a6-7076-4dbe-8ce5-f3cb5d01785d;5ac1ff41-a43c-4247-8e94-6462dc7d633f;6d306466-291f-4843-837f-8d7aac17c462;5d82d9e8-242e-4fd0-a0dc-a673e13f20a2]]
2026-04-03 19:17:37.009,21.196,CrossSignalTrendConsistency_GT,atomic,[CrossSignalTrendConsistency_GT],[1.0000],1,6,1.0000,[dt-1;dt-2;dt-3],[[8153e11a-50cd-4f07-8d11-d6015470ac19;8e590e40-c952-49d8-a5ce-632cd7b9117c;526915a6-7076-4dbe-8ce5-f3cb5d01785d;5ac1ff41-a43c-4247-8e94-6462dc7d633f;6d306466-291f-4843-837f-8d7aac17c462;5d82d9e8-242e-4fd0-a0dc-a673e13f20a2]]
2026-04-03 19:17:37.009,21.196,CrossSignalDivergence_GT,atomic,[CrossSignalDivergence_GT],[1.0000],1,6,1.0000,[dt-1;dt-2;dt-3],[[8153e11a-50cd-4f07-8d11-d6015470ac19;8e590e40-c952-49d8-a5ce-632cd7b9117c;526915a6-7076-4dbe-8ce5-f3cb5d01785d;5ac1ff41-a43c-4247-8e94-6462dc7d633f;6d306466-291f-4843-837f-8d7aac17c462;5d82d9e8-242e-4fd0-a0dc-a673e13f20a2]]
2026-04-03 19:17:37.098,21.285,CrossSignalRelativeStable_SYS,atomic,[CrossSignalRelativeStable_SYS],[0.9332],1,6,0.9332,[dt-1;dt-2;dt-3],[[5154f6dc-447b-4c4b-b2e5-b8bf22f4e896;3ffc833a-be7b-4186-b8e1-26e05e45f6b1;62f0a7a4-253f-414f-a3c7-7e9d603b8530;19900e67-111d-4241-8144-3c91cee62c12;95dfd3c5-1d27-4989-8196-5e8d1ee83952;8e0b860f-ade8-488d-912b-a4b26f7c9188]]
2026-04-03 19:17:37.098,21.285,CrossSignalDivergence_SYS,atomic,[CrossSignalDivergence_SYS],[0.9332],1,6,0.9332,[dt-1;dt-2;dt-3],[[5154f6dc-447b-4c4b-b2e5-b8bf22f4e896;3ffc833a-be7b-4186-b8e1-26e05e45f6b1;62f0a7a4-253f-414f-a3c7-7e9d603b8530;19900e67-111d-4241-8144-3c91cee62c12;95dfd3c5-1d27-4989-8196-5e8d1ee83952;8e0b860f-ade8-488d-912b-a4b26f7c9188]]
2026-04-03 19:17:37.099,21.286,CrossSignalRelativeStable_GT,atomic,[CrossSignalRelativeStable_GT],[1.0000],1,6,1.0000,[dt-1;dt-2;dt-3],[[5ac1ff41-a43c-4247-8e94-6462dc7d633f;6d306466-291f-4843-837f-8d7aac17c462;5d82d9e8-242e-4fd0-a0dc-a673e13f20a2;2e475e5d-8351-4968-a4ca-14a6113ff159;7b503830-d723-4e34-8bc8-6149edccc799;927eebe4-7305-41f1-8497-8e8bf339f832]]
2026-04-03 19:17:37.099,21.286,CrossSignalDivergence_GT,atomic,[CrossSignalDivergence_GT],[1.0000],1,6,1.0000,[dt-1;dt-2;dt-3],[[5ac1ff41-a43c-4247-8e94-6462dc7d633f;6d306466-291f-4843-837f-8d7aac17c462;5d82d9e8-242e-4fd0-a0dc-a673e13f20a2;2e475e5d-8351-4968-a4ca-14a6113ff159;7b503830-d723-4e34-8bc8-6149edccc799;927eebe4-7305-41f1-8497-8e8bf339f832]]
2026-04-03 19:17:37.201,21.388,CrossSignalRelativeStable_SYS,atomic,[CrossSignalRelativeStable_SYS],[0.8997],1,6,0.8997,[dt-1;dt-2;dt-3],[[19900e67-111d-4241-8144-3c91cee62c12;95dfd3c5-1d27-4989-8196-5e8d1ee83952;8e0b860f-ade8-488d-912b-a4b26f7c9188;244d78ab-82c5-4d4a-910f-37a5c90c2821;efc7a712-538d-4c5b-802f-91de82b578df;963aa91f-1776-4f08-8398-05b6051d3ffb]]
2026-04-03 19:17:37.201,21.388,CrossSignalDivergence_SYS,atomic,[CrossSignalDivergence_SYS],[0.8997],1,6,0.8997,[dt-1;dt-2;dt-3],[[19900e67-111d-4241-8144-3c91cee62c12;95dfd3c5-1d27-4989-8196-5e8d1ee83952;8e0b860f-ade8-488d-912b-a4b26f7c9188;244d78ab-82c5-4d4a-910f-37a5c90c2821;efc7a712-538d-4c5b-802f-91de82b578df;963aa91f-1776-4f08-8398-05b6051d3ffb]]
2026-04-03 19:17:37.207,21.394,CrossSignalRelativeStable_GT,atomic,[CrossSignalRelativeStable_GT],[1.0000],1,6,1.0000,[dt-1;dt-2;dt-3],[[2e475e5d-8351-4968-a4ca-14a6113ff159;7b503830-d723-4e34-8bc8-6149edccc799;927eebe4-7305-41f1-8497-8e8bf339f832;098d43fd-55f2-4e72-b1cf-a98ca02cc565;ad3c38f1-80c7-4a53-8ad7-d9bfb83ef0ff;aa0a1284-7956-4585-91f1-44151221336f]]
2026-04-03 19:17:37.207,21.394,CrossSignalTrendConsistency_GT,atomic,[CrossSignalTrendConsistency_GT],[1.0000],1,6,1.0000,[dt-1;dt-2;dt-3],[[2e475e5d-8351-4968-a4ca-14a6113ff159;7b503830-d723-4e34-8bc8-6149edccc799;927eebe4-7305-41f1-8497-8e8bf339f832;098d43fd-55f2-4e72-b1cf-a98ca02cc565;ad3c38f1-80c7-4a53-8ad7-d9bfb83ef0ff;aa0a1284-7956-4585-91f1-44151221336f]]
2026-04-03 19:17:37.207,21.394,CrossSignalDivergence_GT,atomic,[CrossSignalDivergence_GT],[1.0000],1,6,1.0000,[dt-1;dt-2;dt-3],[[2e475e5d-8351-4968-a4ca-14a6113ff159;7b503830-d723-4e34-8bc8-6149edccc799;927eebe4-7305-41f1-8497-8e8bf339f832;098d43fd-55f2-4e72-b1cf-a98ca02cc565;ad3c38f1-80c7-4a53-8ad7-d9bfb83ef0ff;aa0a1284-7956-4585-91f1-44151221336f]]
2026-04-03 19:17:37.319,21.506,CrossSignalRelativeStable_GT,atomic,[CrossSignalRelativeStable_GT],[1.0000],1,6,1.0000,[dt-1;dt-2;dt-3],[[098d43fd-55f2-4e72-b1cf-a98ca02cc565;ad3c38f1-80c7-4a53-8ad7-d9bfb83ef0ff;aa0a1284-7956-4585-91f1-44151221336f;34049f8d-fc1e-4cf1-a4a0-3a1f5de1c2ea;8033f520-463f-4609-abd5-700b4ef79ff3;090ec562-b7ca-4d9c-8874-7bfdb687812d]]
2026-04-03 19:17:37.319,21.506,CrossSignalDivergence_GT,atomic,[CrossSignalDivergence_GT],[1.0000],1,6,1.0000,[dt-1;dt-2;dt-3],[[098d43fd-55f2-4e72-b1cf-a98ca02cc565;ad3c38f1-80c7-4a53-8ad7-d9bfb83ef0ff;aa0a1284-7956-4585-91f1-44151221336f;34049f8d-fc1e-4cf1-a4a0-3a1f5de1c2ea;8033f520-463f-4609-abd5-700b4ef79ff3;090ec562-b7ca-4d9c-8874-7bfdb687812d]]
2026-04-03 19:17:37.419,21.606,CrossSignalRelativeStable_SYS,atomic,[CrossSignalRelativeStable_SYS],[0.8901],1,6,0.8901,[dt-1;dt-2;dt-3],[[244d78ab-82c5-4d4a-910f-37a5c90c2821;efc7a712-538d-4c5b-802f-91de82b578df;963aa91f-1776-4f08-8398-05b6051d3ffb;d4da30b9-efd7-4a42-8c03-1eefc43a5a9f;9f30290d-bdb8-40d6-9fa9-32becc513a42;fbd7a9fe-946e-43b7-a723-92d3e748b029]]
2026-04-03 19:17:37.420,21.607,CrossSignalDivergence_SYS,atomic,[CrossSignalDivergence_SYS],[0.8901],1,6,0.8901,[dt-1;dt-2;dt-3],[[244d78ab-82c5-4d4a-910f-37a5c90c2821;efc7a712-538d-4c5b-802f-91de82b578df;963aa91f-1776-4f08-8398-05b6051d3ffb;d4da30b9-efd7-4a42-8c03-1eefc43a5a9f;9f30290d-bdb8-40d6-9fa9-32becc513a42;fbd7a9fe-946e-43b7-a723-92d3e748b029]]
2026-04-03 19:17:37.427,21.614,CrossSignalRelativeStable_GT,atomic,[CrossSignalRelativeStable_GT],[1.0000],1,6,1.0000,[dt-1;dt-2;dt-3],[[34049f8d-fc1e-4cf1-a4a0-3a1f5de1c2ea;8033f520-463f-4609-abd5-700b4ef79ff3;090ec562-b7ca-4d9c-8874-7bfdb687812d;c973caab-7e8d-4299-b093-4cef2434f8a5;eba19b69-5692-45eb-8f40-a187e4557874;6ffd8a9f-f2b3-4d17-9dd4-8cd699cdfffe]]
2026-04-03 19:17:37.427,21.614,CrossSignalTrendConsistency_GT,atomic,[CrossSignalTrendConsistency_GT],[1.0000],1,6,1.0000,[dt-1;dt-2;dt-3],[[34049f8d-fc1e-4cf1-a4a0-3a1f5de1c2ea;8033f520-463f-4609-abd5-700b4ef79ff3;090ec562-b7ca-4d9c-8874-7bfdb687812d;c973caab-7e8d-4299-b093-4cef2434f8a5;eba19b69-5692-45eb-8f40-a187e4557874;6ffd8a9f-f2b3-4d17-9dd4-8cd699cdfffe]]
2026-04-03 19:17:37.427,21.614,CrossSignalDivergence_GT,atomic,[CrossSignalDivergence_GT],[1.0000],1,6,1.0000,[dt-1;dt-2;dt-3],[[34049f8d-fc1e-4cf1-a4a0-3a1f5de1c2ea;8033f520-463f-4609-abd5-700b4ef79ff3;090ec562-b7ca-4d9c-8874-7bfdb687812d;c973caab-7e8d-4299-b093-4cef2434f8a5;eba19b69-5692-45eb-8f40-a187e4557874;6ffd8a9f-f2b3-4d17-9dd4-8cd699cdfffe]]
2026-04-03 19:17:37.528,21.715,CrossSignalRelativeStable_OBS,atomic,[CrossSignalRelativeStable_OBS],[1.0000],1,6,1.0000,[dt-1;dt-2;dt-3],[[63e50add-8cbf-4558-afe2-d450c27fe543;3ffc833a-be7b-4186-b8e1-26e05e45f6b1;3bec90de-2186-481c-8c6d-8efd3f1d1892;b8a93151-e9e5-4879-8a73-b33a49437418;efc7a712-538d-4c5b-802f-91de82b578df;62f0a7a4-253f-414f-a3c7-7e9d603b8530]]
2026-04-03 19:17:37.540,21.727,CrossSignalRelativeStable_SYS,atomic,[CrossSignalRelativeStable_SYS],[0.8658],1,6,0.8658,[dt-1;dt-2;dt-3],[[d4da30b9-efd7-4a42-8c03-1eefc43a5a9f;9f30290d-bdb8-40d6-9fa9-32becc513a42;fbd7a9fe-946e-43b7-a723-92d3e748b029;d12dd63f-6dd2-47db-9293-0497b7204292;a6b4f0b6-a7d4-4998-9953-31755c4b4ff5;070fc239-17dd-4981-b022-a01a76685494]]
2026-04-03 19:17:37.541,21.728,CrossSignalDivergence_SYS,atomic,[CrossSignalDivergence_SYS],[0.8658],1,6,0.8658,[dt-1;dt-2;dt-3],[[d4da30b9-efd7-4a42-8c03-1eefc43a5a9f;9f30290d-bdb8-40d6-9fa9-32becc513a42;fbd7a9fe-946e-43b7-a723-92d3e748b029;d12dd63f-6dd2-47db-9293-0497b7204292;a6b4f0b6-a7d4-4998-9953-31755c4b4ff5;070fc239-17dd-4981-b022-a01a76685494]]
2026-04-03 19:17:37.547,21.734,CrossSignalRelativeStable_GT,atomic,[CrossSignalRelativeStable_GT],[1.0000],1,6,1.0000,[dt-1;dt-2;dt-3],[[c973caab-7e8d-4299-b093-4cef2434f8a5;eba19b69-5692-45eb-8f40-a187e4557874;6ffd8a9f-f2b3-4d17-9dd4-8cd699cdfffe;3ec273e3-6b07-4388-83f9-3bd27753fc13;2132b3bf-9454-47b9-850e-c8f4d72e6f52;c90030df-4572-49e4-adf7-9dd29a980401]]
2026-04-03 19:17:37.547,21.734,CrossSignalDivergence_GT,atomic,[CrossSignalDivergence_GT],[1.0000],1,6,1.0000,[dt-1;dt-2;dt-3],[[c973caab-7e8d-4299-b093-4cef2434f8a5;eba19b69-5692-45eb-8f40-a187e4557874;6ffd8a9f-f2b3-4d17-9dd4-8cd699cdfffe;3ec273e3-6b07-4388-83f9-3bd27753fc13;2132b3bf-9454-47b9-850e-c8f4d72e6f52;c90030df-4572-49e4-adf7-9dd29a980401]]
2026-04-03 19:17:37.662,21.849,CrossSignalRelativeStable_GT,atomic,[CrossSignalRelativeStable_GT],[1.0000],1,6,1.0000,[dt-1;dt-2;dt-3],[[3ec273e3-6b07-4388-83f9-3bd27753fc13;2132b3bf-9454-47b9-850e-c8f4d72e6f52;c90030df-4572-49e4-adf7-9dd29a980401;0be6fcac-9feb-4275-8f23-57b8da124877;7ab7d07a-79d7-4a1b-95ef-af657b11c67c;3b5a79fd-9c0e-494a-b982-1c3ace4f03d1]]
2026-04-03 19:17:37.662,21.849,CrossSignalDivergence_GT,atomic,[CrossSignalDivergence_GT],[1.0000],1,6,1.0000,[dt-1;dt-2;dt-3],[[3ec273e3-6b07-4388-83f9-3bd27753fc13;2132b3bf-9454-47b9-850e-c8f4d72e6f52;c90030df-4572-49e4-adf7-9dd29a980401;0be6fcac-9feb-4275-8f23-57b8da124877;7ab7d07a-79d7-4a1b-95ef-af657b11c67c;3b5a79fd-9c0e-494a-b982-1c3ace4f03d1]]
2026-04-03 19:17:37.757,21.944,CrossSignalRelativeStable_SYS,atomic,[CrossSignalRelativeStable_SYS],[0.9060],1,6,0.9060,[dt-1;dt-2;dt-3],[[d12dd63f-6dd2-47db-9293-0497b7204292;a6b4f0b6-a7d4-4998-9953-31755c4b4ff5;070fc239-17dd-4981-b022-a01a76685494;39b66f06-e5cc-409e-a6de-f113d4f5ea46;5098a684-f7e4-484b-8da8-41d6ef3d8dc4;0927ab56-4ff3-4704-b1c1-d7519ef0ad9f]]
2026-04-03 19:17:37.757,21.944,CrossSignalDivergence_SYS,atomic,[CrossSignalDivergence_SYS],[0.9060],1,6,0.9060,[dt-1;dt-2;dt-3],[[d12dd63f-6dd2-47db-9293-0497b7204292;a6b4f0b6-a7d4-4998-9953-31755c4b4ff5;070fc239-17dd-4981-b022-a01a76685494;39b66f06-e5cc-409e-a6de-f113d4f5ea46;5098a684-f7e4-484b-8da8-41d6ef3d8dc4;0927ab56-4ff3-4704-b1c1-d7519ef0ad9f]]
2026-04-03 19:17:37.768,21.955,CrossSignalRelativeStable_GT,atomic,[CrossSignalRelativeStable_GT],[1.0000],1,6,1.0000,[dt-1;dt-2;dt-3],[[0be6fcac-9feb-4275-8f23-57b8da124877;7ab7d07a-79d7-4a1b-95ef-af657b11c67c;3b5a79fd-9c0e-494a-b982-1c3ace4f03d1;6f1a9a20-4afe-4662-ae6d-3e3bd8242885;d73768f0-3660-42a2-9bc5-16950bac4e58;b2ccefd8-5e8c-4e07-8829-c21c6a1b636c]]
2026-04-03 19:17:37.768,21.955,CrossSignalDivergence_GT,atomic,[CrossSignalDivergence_GT],[1.0000],1,6,1.0000,[dt-1;dt-2;dt-3],[[0be6fcac-9feb-4275-8f23-57b8da124877;7ab7d07a-79d7-4a1b-95ef-af657b11c67c;3b5a79fd-9c0e-494a-b982-1c3ace4f03d1;6f1a9a20-4afe-4662-ae6d-3e3bd8242885;d73768f0-3660-42a2-9bc5-16950bac4e58;b2ccefd8-5e8c-4e07-8829-c21c6a1b636c]]
2026-04-03 19:17:37.865,22.052,CrossSignalRelativeStable_OBS,atomic,[CrossSignalRelativeStable_OBS],[1.0000],1,6,1.0000,[dt-1;dt-2;dt-3],[[b8a93151-e9e5-4879-8a73-b33a49437418;efc7a712-538d-4c5b-802f-91de82b578df;62f0a7a4-253f-414f-a3c7-7e9d603b8530;257600fd-ee82-4c08-a65b-bebe8ed91170;7b57fa67-35f0-4464-8848-31db46dcabad;070fc239-17dd-4981-b022-a01a76685494]]
2026-04-03 19:17:37.876,22.063,CrossSignalRelativeStable_GT,atomic,[CrossSignalRelativeStable_GT],[1.0000],1,6,1.0000,[dt-1;dt-2;dt-3],[[6f1a9a20-4afe-4662-ae6d-3e3bd8242885;d73768f0-3660-42a2-9bc5-16950bac4e58;b2ccefd8-5e8c-4e07-8829-c21c6a1b636c;876d99fa-3076-4b1a-9fa6-118418c32f54;b9277aa1-b4c4-490a-8605-4083f2199c1e;c15e113f-ad4b-4f2e-a6ee-839786836c13]]
2026-04-03 19:17:37.876,22.063,CrossSignalDivergence_GT,atomic,[CrossSignalDivergence_GT],[1.0000],1,6,1.0000,[dt-1;dt-2;dt-3],[[6f1a9a20-4afe-4662-ae6d-3e3bd8242885;d73768f0-3660-42a2-9bc5-16950bac4e58;b2ccefd8-5e8c-4e07-8829-c21c6a1b636c;876d99fa-3076-4b1a-9fa6-118418c32f54;b9277aa1-b4c4-490a-8605-4083f2199c1e;c15e113f-ad4b-4f2e-a6ee-839786836c13]]
2026-04-03 19:17:37.987,22.174,CrossSignalRelativeStable_SYS,atomic,[CrossSignalRelativeStable_SYS],[0.9408],1,6,0.9408,[dt-1;dt-2;dt-3],[[39b66f06-e5cc-409e-a6de-f113d4f5ea46;5098a684-f7e4-484b-8da8-41d6ef3d8dc4;0927ab56-4ff3-4704-b1c1-d7519ef0ad9f;257600fd-ee82-4c08-a65b-bebe8ed91170;93a8e3ad-1c09-4f80-add1-dec593bc9a20;1b2a810b-55b8-4575-a7fd-4d2eac576ac3]]
2026-04-03 19:17:37.987,22.174,CrossSignalDivergence_SYS,atomic,[CrossSignalDivergence_SYS],[0.9408],1,6,0.9408,[dt-1;dt-2;dt-3],[[39b66f06-e5cc-409e-a6de-f113d4f5ea46;5098a684-f7e4-484b-8da8-41d6ef3d8dc4;0927ab56-4ff3-4704-b1c1-d7519ef0ad9f;257600fd-ee82-4c08-a65b-bebe8ed91170;93a8e3ad-1c09-4f80-add1-dec593bc9a20;1b2a810b-55b8-4575-a7fd-4d2eac576ac3]]
2026-04-03 19:17:38.011,22.198,CrossSignalRelativeStable_GT,atomic,[CrossSignalRelativeStable_GT],[1.0000],1,6,1.0000,[dt-1;dt-2;dt-3],[[876d99fa-3076-4b1a-9fa6-118418c32f54;b9277aa1-b4c4-490a-8605-4083f2199c1e;c15e113f-ad4b-4f2e-a6ee-839786836c13;74ac2610-a966-4eb9-89fa-4fc2f790f51d;d9a67e4a-ec1c-44e6-a6fa-d1ea9854fe7a;d3468bcd-ec9e-40ab-9d39-043a23288129]]
2026-04-03 19:17:38.011,22.198,CrossSignalDivergence_GT,atomic,[CrossSignalDivergence_GT],[1.0000],1,6,1.0000,[dt-1;dt-2;dt-3],[[876d99fa-3076-4b1a-9fa6-118418c32f54;b9277aa1-b4c4-490a-8605-4083f2199c1e;c15e113f-ad4b-4f2e-a6ee-839786836c13;74ac2610-a966-4eb9-89fa-4fc2f790f51d;d9a67e4a-ec1c-44e6-a6fa-d1ea9854fe7a;d3468bcd-ec9e-40ab-9d39-043a23288129]]
2026-04-03 19:17:38.124,22.311,CrossSignalRelativeStable_GT,atomic,[CrossSignalRelativeStable_GT],[1.0000],1,6,1.0000,[dt-1;dt-2;dt-3],[[74ac2610-a966-4eb9-89fa-4fc2f790f51d;d9a67e4a-ec1c-44e6-a6fa-d1ea9854fe7a;d3468bcd-ec9e-40ab-9d39-043a23288129;9d668749-8bb5-413d-97f7-8dd4605d1946;dbafc682-4ed2-4536-bc44-2dcad66b94e9;444b392b-9063-4d8e-8bf1-065d7a908ba4]]
2026-04-03 19:17:38.124,22.311,CrossSignalTrendConsistency_GT,atomic,[CrossSignalTrendConsistency_GT],[1.0000],1,6,1.0000,[dt-1;dt-2;dt-3],[[74ac2610-a966-4eb9-89fa-4fc2f790f51d;d9a67e4a-ec1c-44e6-a6fa-d1ea9854fe7a;d3468bcd-ec9e-40ab-9d39-043a23288129;9d668749-8bb5-413d-97f7-8dd4605d1946;dbafc682-4ed2-4536-bc44-2dcad66b94e9;444b392b-9063-4d8e-8bf1-065d7a908ba4]]
2026-04-03 19:17:38.124,22.311,CrossSignalDivergence_GT,atomic,[CrossSignalDivergence_GT],[1.0000],1,6,1.0000,[dt-1;dt-2;dt-3],[[74ac2610-a966-4eb9-89fa-4fc2f790f51d;d9a67e4a-ec1c-44e6-a6fa-d1ea9854fe7a;d3468bcd-ec9e-40ab-9d39-043a23288129;9d668749-8bb5-413d-97f7-8dd4605d1946;dbafc682-4ed2-4536-bc44-2dcad66b94e9;444b392b-9063-4d8e-8bf1-065d7a908ba4]]
2026-04-03 19:17:38.213,22.400,CrossSignalRelativeStable_SYS,atomic,[CrossSignalRelativeStable_SYS],[0.8895],1,6,0.8895,[dt-1;dt-2;dt-3],[[257600fd-ee82-4c08-a65b-bebe8ed91170;93a8e3ad-1c09-4f80-add1-dec593bc9a20;1b2a810b-55b8-4575-a7fd-4d2eac576ac3;f00af546-9c87-4756-b239-a9c0105357fa;37bd66b5-7bba-4757-bb6d-c1d5482c5293;5bbc1d54-5b4d-4b03-a4fd-503524686f03]]
2026-04-03 19:17:38.213,22.400,CrossSignalDivergence_SYS,atomic,[CrossSignalDivergence_SYS],[0.8895],1,6,0.8895,[dt-1;dt-2;dt-3],[[257600fd-ee82-4c08-a65b-bebe8ed91170;93a8e3ad-1c09-4f80-add1-dec593bc9a20;1b2a810b-55b8-4575-a7fd-4d2eac576ac3;f00af546-9c87-4756-b239-a9c0105357fa;37bd66b5-7bba-4757-bb6d-c1d5482c5293;5bbc1d54-5b4d-4b03-a4fd-503524686f03]]
2026-04-03 19:17:38.220,22.407,CrossSignalRelativeStable_GT,atomic,[CrossSignalRelativeStable_GT],[1.0000],1,6,1.0000,[dt-1;dt-2;dt-3],[[9d668749-8bb5-413d-97f7-8dd4605d1946;dbafc682-4ed2-4536-bc44-2dcad66b94e9;444b392b-9063-4d8e-8bf1-065d7a908ba4;547a1a84-4d97-4a93-b7d2-156dfb19bb01;39a9edfa-6262-4d20-822e-9d1179ba337a;fb5a451a-9d9f-42ca-b4d3-fee0a29260a4]]
2026-04-03 19:17:38.220,22.407,CrossSignalDivergence_GT,atomic,[CrossSignalDivergence_GT],[1.0000],1,6,1.0000,[dt-1;dt-2;dt-3],[[9d668749-8bb5-413d-97f7-8dd4605d1946;dbafc682-4ed2-4536-bc44-2dcad66b94e9;444b392b-9063-4d8e-8bf1-065d7a908ba4;547a1a84-4d97-4a93-b7d2-156dfb19bb01;39a9edfa-6262-4d20-822e-9d1179ba337a;fb5a451a-9d9f-42ca-b4d3-fee0a29260a4]]
2026-04-03 19:17:38.320,22.507,CrossSignalRelativeStable_SYS,atomic,[CrossSignalRelativeStable_SYS],[0.8360],1,6,0.8360,[dt-1;dt-2;dt-3],[[f00af546-9c87-4756-b239-a9c0105357fa;37bd66b5-7bba-4757-bb6d-c1d5482c5293;5bbc1d54-5b4d-4b03-a4fd-503524686f03;820b6322-5a1b-405f-af01-85af14bef0f9;73a6cbdf-e760-40f2-9530-a6d890467cdb;e7b48b7a-169a-4401-a4ae-d6863d116855]]
2026-04-03 19:17:38.321,22.508,CrossSignalDivergence_SYS,atomic,[CrossSignalDivergence_SYS],[0.8360],1,6,0.8360,[dt-1;dt-2;dt-3],[[f00af546-9c87-4756-b239-a9c0105357fa;37bd66b5-7bba-4757-bb6d-c1d5482c5293;5bbc1d54-5b4d-4b03-a4fd-503524686f03;820b6322-5a1b-405f-af01-85af14bef0f9;73a6cbdf-e760-40f2-9530-a6d890467cdb;e7b48b7a-169a-4401-a4ae-d6863d116855]]
2026-04-03 19:17:38.327,22.514,CrossSignalRelativeStable_GT,atomic,[CrossSignalRelativeStable_GT],[1.0000],1,6,1.0000,[dt-1;dt-2;dt-3],[[547a1a84-4d97-4a93-b7d2-156dfb19bb01;39a9edfa-6262-4d20-822e-9d1179ba337a;fb5a451a-9d9f-42ca-b4d3-fee0a29260a4;48f61403-6716-4ffa-a7e2-f031953442dd;fa7debb0-4804-429c-9e98-3050dfed888d;def55189-bfa3-407d-bb57-279f4fd1dcd4]]
2026-04-03 19:17:38.327,22.514,CrossSignalTrendConsistency_GT,atomic,[CrossSignalTrendConsistency_GT],[1.0000],1,6,1.0000,[dt-1;dt-2;dt-3],[[547a1a84-4d97-4a93-b7d2-156dfb19bb01;39a9edfa-6262-4d20-822e-9d1179ba337a;fb5a451a-9d9f-42ca-b4d3-fee0a29260a4;48f61403-6716-4ffa-a7e2-f031953442dd;fa7debb0-4804-429c-9e98-3050dfed888d;def55189-bfa3-407d-bb57-279f4fd1dcd4]]
2026-04-03 19:17:38.329,22.516,CrossSignalDivergence_GT,atomic,[CrossSignalDivergence_GT],[1.0000],1,6,1.0000,[dt-1;dt-2;dt-3],[[547a1a84-4d97-4a93-b7d2-156dfb19bb01;39a9edfa-6262-4d20-822e-9d1179ba337a;fb5a451a-9d9f-42ca-b4d3-fee0a29260a4;48f61403-6716-4ffa-a7e2-f031953442dd;fa7debb0-4804-429c-9e98-3050dfed888d;def55189-bfa3-407d-bb57-279f4fd1dcd4]]
2026-04-03 19:17:38.430,22.617,CrossSignalRelativeStable_SYS,atomic,[CrossSignalRelativeStable_SYS],[0.7545],1,6,0.7545,[dt-1;dt-2;dt-3],[[820b6322-5a1b-405f-af01-85af14bef0f9;73a6cbdf-e760-40f2-9530-a6d890467cdb;e7b48b7a-169a-4401-a4ae-d6863d116855;c9c22dd7-e851-42fe-920b-2c2fd5c2c268;07103544-8bab-4685-a911-a055bac9d740;cd0b37d2-c3be-4a51-b60f-b534099e3711]]
2026-04-03 19:17:38.431,22.618,CrossSignalDivergence_SYS,atomic,[CrossSignalDivergence_SYS],[0.7545],1,6,0.7545,[dt-1;dt-2;dt-3],[[820b6322-5a1b-405f-af01-85af14bef0f9;73a6cbdf-e760-40f2-9530-a6d890467cdb;e7b48b7a-169a-4401-a4ae-d6863d116855;c9c22dd7-e851-42fe-920b-2c2fd5c2c268;07103544-8bab-4685-a911-a055bac9d740;cd0b37d2-c3be-4a51-b60f-b534099e3711]]
2026-04-03 19:17:38.431,22.618,CrossSignalRelativeStable_OBS,atomic,[CrossSignalRelativeStable_OBS],[1.0000],1,6,1.0000,[dt-1;dt-2;dt-3],[[257600fd-ee82-4c08-a65b-bebe8ed91170;7b57fa67-35f0-4464-8848-31db46dcabad;070fc239-17dd-4981-b022-a01a76685494;f00af546-9c87-4756-b239-a9c0105357fa;93a8e3ad-1c09-4f80-add1-dec593bc9a20;71eb8ddf-88a0-42e7-a880-74ec7093098d]]
2026-04-03 19:17:38.431,22.618,CrossSignalDivergence_OBS,atomic,[CrossSignalDivergence_OBS],[1.0000],1,6,1.0000,[dt-1;dt-2;dt-3],[[257600fd-ee82-4c08-a65b-bebe8ed91170;7b57fa67-35f0-4464-8848-31db46dcabad;070fc239-17dd-4981-b022-a01a76685494;f00af546-9c87-4756-b239-a9c0105357fa;93a8e3ad-1c09-4f80-add1-dec593bc9a20;71eb8ddf-88a0-42e7-a880-74ec7093098d]]
2026-04-03 19:17:38.442,22.629,CrossSignalRelativeStable_GT,atomic,[CrossSignalRelativeStable_GT],[1.0000],1,6,1.0000,[dt-1;dt-2;dt-3],[[48f61403-6716-4ffa-a7e2-f031953442dd;fa7debb0-4804-429c-9e98-3050dfed888d;def55189-bfa3-407d-bb57-279f4fd1dcd4;9b4f4521-63f1-421f-8ee4-2616932669bf;2d489fea-93d7-4f87-be59-bc8e487aa99b;6f1b5420-e4da-4f52-9a6e-ba35bd6fd824]]
2026-04-03 19:17:38.443,22.630,CrossSignalDivergence_GT,atomic,[CrossSignalDivergence_GT],[1.0000],1,6,1.0000,[dt-1;dt-2;dt-3],[[48f61403-6716-4ffa-a7e2-f031953442dd;fa7debb0-4804-429c-9e98-3050dfed888d;def55189-bfa3-407d-bb57-279f4fd1dcd4;9b4f4521-63f1-421f-8ee4-2616932669bf;2d489fea-93d7-4f87-be59-bc8e487aa99b;6f1b5420-e4da-4f52-9a6e-ba35bd6fd824]]
2026-04-03 19:17:38.540,22.727,CrossSignalRelativeStable_SYS,atomic,[CrossSignalRelativeStable_SYS],[0.8462],1,6,0.8462,[dt-1;dt-2;dt-3],[[c9c22dd7-e851-42fe-920b-2c2fd5c2c268;07103544-8bab-4685-a911-a055bac9d740;cd0b37d2-c3be-4a51-b60f-b534099e3711;16ff2401-b6c6-44f2-a69b-b205eef85661;c0fd9d0f-aba3-4b94-b7cc-98b74071e1bf;71eb8ddf-88a0-42e7-a880-74ec7093098d]]
2026-04-03 19:17:38.540,22.727,CrossSignalDivergence_SYS,atomic,[CrossSignalDivergence_SYS],[0.8462],1,6,0.8462,[dt-1;dt-2;dt-3],[[c9c22dd7-e851-42fe-920b-2c2fd5c2c268;07103544-8bab-4685-a911-a055bac9d740;cd0b37d2-c3be-4a51-b60f-b534099e3711;16ff2401-b6c6-44f2-a69b-b205eef85661;c0fd9d0f-aba3-4b94-b7cc-98b74071e1bf;71eb8ddf-88a0-42e7-a880-74ec7093098d]]
2026-04-03 19:17:38.557,22.744,CrossSignalRelativeStable_GT,atomic,[CrossSignalRelativeStable_GT],[1.0000],1,6,1.0000,[dt-1;dt-2;dt-3],[[9b4f4521-63f1-421f-8ee4-2616932669bf;2d489fea-93d7-4f87-be59-bc8e487aa99b;6f1b5420-e4da-4f52-9a6e-ba35bd6fd824;efb2e336-a167-4287-9813-f3d90464b5ab;e2f02070-ee39-4d60-92e8-de5b4618e0d1;03645c24-050b-4c5c-a571-eda103238cac]]
2026-04-03 19:17:38.557,22.744,CrossSignalDivergence_GT,atomic,[CrossSignalDivergence_GT],[1.0000],1,6,1.0000,[dt-1;dt-2;dt-3],[[9b4f4521-63f1-421f-8ee4-2616932669bf;2d489fea-93d7-4f87-be59-bc8e487aa99b;6f1b5420-e4da-4f52-9a6e-ba35bd6fd824;efb2e336-a167-4287-9813-f3d90464b5ab;e2f02070-ee39-4d60-92e8-de5b4618e0d1;03645c24-050b-4c5c-a571-eda103238cac]]
2026-04-03 19:17:38.671,22.858,CrossSignalRelativeStable_GT,atomic,[CrossSignalRelativeStable_GT],[1.0000],1,6,1.0000,[dt-1;dt-2;dt-3],[[efb2e336-a167-4287-9813-f3d90464b5ab;e2f02070-ee39-4d60-92e8-de5b4618e0d1;03645c24-050b-4c5c-a571-eda103238cac;9bfcbdb9-13ae-498a-9848-7a9f510a99f4;1b141ba5-a905-4cfc-947a-a8f5ad80fe71;716e23a0-42e6-48bf-a817-6f3764b2ddc9]]
2026-04-03 19:17:38.671,22.858,CrossSignalDivergence_GT,atomic,[CrossSignalDivergence_GT],[1.0000],1,6,1.0000,[dt-1;dt-2;dt-3],[[efb2e336-a167-4287-9813-f3d90464b5ab;e2f02070-ee39-4d60-92e8-de5b4618e0d1;03645c24-050b-4c5c-a571-eda103238cac;9bfcbdb9-13ae-498a-9848-7a9f510a99f4;1b141ba5-a905-4cfc-947a-a8f5ad80fe71;716e23a0-42e6-48bf-a817-6f3764b2ddc9]]
2026-04-03 19:17:38.767,22.954,CrossSignalRelativeStable_SYS,atomic,[CrossSignalRelativeStable_SYS],[0.9804],1,6,0.9804,[dt-1;dt-2;dt-3],[[16ff2401-b6c6-44f2-a69b-b205eef85661;c0fd9d0f-aba3-4b94-b7cc-98b74071e1bf;71eb8ddf-88a0-42e7-a880-74ec7093098d;64aa17e8-696b-4a90-9c8b-228a68f6f682;ce205e5b-1711-40c5-a5f5-c641f4405fa7;fd3e5099-c7a9-4d6c-b0ea-6015dad7dcc8]]
2026-04-03 19:17:38.767,22.954,CrossSignalDivergence_SYS,atomic,[CrossSignalDivergence_SYS],[0.9804],1,6,0.9804,[dt-1;dt-2;dt-3],[[16ff2401-b6c6-44f2-a69b-b205eef85661;c0fd9d0f-aba3-4b94-b7cc-98b74071e1bf;71eb8ddf-88a0-42e7-a880-74ec7093098d;64aa17e8-696b-4a90-9c8b-228a68f6f682;ce205e5b-1711-40c5-a5f5-c641f4405fa7;fd3e5099-c7a9-4d6c-b0ea-6015dad7dcc8]]
2026-04-03 19:17:38.780,22.967,CrossSignalRelativeStable_GT,atomic,[CrossSignalRelativeStable_GT],[1.0000],1,6,1.0000,[dt-1;dt-2;dt-3],[[9bfcbdb9-13ae-498a-9848-7a9f510a99f4;1b141ba5-a905-4cfc-947a-a8f5ad80fe71;716e23a0-42e6-48bf-a817-6f3764b2ddc9;1776a4b6-c942-43b1-8e06-4155d404c1a9;4a3fdba7-37bc-4450-bff5-94c905f3d9a1;d10baa79-7688-4b75-848d-ccb9e7e6855f]]
2026-04-03 19:17:38.780,22.967,CrossSignalDivergence_GT,atomic,[CrossSignalDivergence_GT],[1.0000],1,6,1.0000,[dt-1;dt-2;dt-3],[[9bfcbdb9-13ae-498a-9848-7a9f510a99f4;1b141ba5-a905-4cfc-947a-a8f5ad80fe71;716e23a0-42e6-48bf-a817-6f3764b2ddc9;1776a4b6-c942-43b1-8e06-4155d404c1a9;4a3fdba7-37bc-4450-bff5-94c905f3d9a1;d10baa79-7688-4b75-848d-ccb9e7e6855f]]
2026-04-03 19:17:38.875,23.062,CrossSignalRelativeStable_SYS,atomic,[CrossSignalRelativeStable_SYS],[0.9058],1,6,0.9058,[dt-1;dt-2;dt-3],[[64aa17e8-696b-4a90-9c8b-228a68f6f682;ce205e5b-1711-40c5-a5f5-c641f4405fa7;fd3e5099-c7a9-4d6c-b0ea-6015dad7dcc8;eb0b4abd-bb8b-4220-8b02-715cd30fd009;86055888-9ea2-48fe-9a27-840db0202ca6;de69051e-227d-4044-a448-b49258507ed8]]
2026-04-03 19:17:38.875,23.062,CrossSignalTrendConsistency_SYS,atomic,[CrossSignalTrendConsistency_SYS],[0.9058],1,6,0.9058,[dt-1;dt-2;dt-3],[[64aa17e8-696b-4a90-9c8b-228a68f6f682;ce205e5b-1711-40c5-a5f5-c641f4405fa7;fd3e5099-c7a9-4d6c-b0ea-6015dad7dcc8;eb0b4abd-bb8b-4220-8b02-715cd30fd009;86055888-9ea2-48fe-9a27-840db0202ca6;de69051e-227d-4044-a448-b49258507ed8]]
2026-04-03 19:17:38.875,23.062,CrossSignalDivergence_SYS,atomic,[CrossSignalDivergence_SYS],[0.9058],1,6,0.9058,[dt-1;dt-2;dt-3],[[64aa17e8-696b-4a90-9c8b-228a68f6f682;ce205e5b-1711-40c5-a5f5-c641f4405fa7;fd3e5099-c7a9-4d6c-b0ea-6015dad7dcc8;eb0b4abd-bb8b-4220-8b02-715cd30fd009;86055888-9ea2-48fe-9a27-840db0202ca6;de69051e-227d-4044-a448-b49258507ed8]]
2026-04-03 19:17:38.876,23.063,CrossSignalRelativeStable_OBS,atomic,[CrossSignalRelativeStable_OBS],[1.0000],1,6,1.0000,[dt-1;dt-2;dt-3],[[f00af546-9c87-4756-b239-a9c0105357fa;93a8e3ad-1c09-4f80-add1-dec593bc9a20;71eb8ddf-88a0-42e7-a880-74ec7093098d;16ff2401-b6c6-44f2-a69b-b205eef85661;29d59929-b22e-4c42-b543-2a12aee647d3;576d1835-7b06-4012-96ae-c9b511e68a64]]
2026-04-03 19:17:38.876,23.063,CrossSignalDivergence_OBS,atomic,[CrossSignalDivergence_OBS],[1.0000],1,6,1.0000,[dt-1;dt-2;dt-3],[[f00af546-9c87-4756-b239-a9c0105357fa;93a8e3ad-1c09-4f80-add1-dec593bc9a20;71eb8ddf-88a0-42e7-a880-74ec7093098d;16ff2401-b6c6-44f2-a69b-b205eef85661;29d59929-b22e-4c42-b543-2a12aee647d3;576d1835-7b06-4012-96ae-c9b511e68a64]]
2026-04-03 19:17:38.877,23.064,CrossSignalRelativeStable_GT,atomic,[CrossSignalRelativeStable_GT],[1.0000],1,6,1.0000,[dt-1;dt-2;dt-3],[[1776a4b6-c942-43b1-8e06-4155d404c1a9;4a3fdba7-37bc-4450-bff5-94c905f3d9a1;d10baa79-7688-4b75-848d-ccb9e7e6855f;b40b0072-4563-4709-8895-5811879d1fda;5b9928ea-7045-4431-aef0-466422a5120c;15555ab8-23ce-471d-8e6e-c2dd8705369d]]
2026-04-03 19:17:38.877,23.064,CrossSignalDivergence_GT,atomic,[CrossSignalDivergence_GT],[1.0000],1,6,1.0000,[dt-1;dt-2;dt-3],[[1776a4b6-c942-43b1-8e06-4155d404c1a9;4a3fdba7-37bc-4450-bff5-94c905f3d9a1;d10baa79-7688-4b75-848d-ccb9e7e6855f;b40b0072-4563-4709-8895-5811879d1fda;5b9928ea-7045-4431-aef0-466422a5120c;15555ab8-23ce-471d-8e6e-c2dd8705369d]]
2026-04-03 19:17:38.985,23.172,CrossSignalRelativeStable_SYS,atomic,[CrossSignalRelativeStable_SYS],[0.9253],1,6,0.9253,[dt-1;dt-2;dt-3],[[eb0b4abd-bb8b-4220-8b02-715cd30fd009;86055888-9ea2-48fe-9a27-840db0202ca6;de69051e-227d-4044-a448-b49258507ed8;54f58de1-4e8f-4ffd-a8cf-43324dcb8e0e;29d59929-b22e-4c42-b543-2a12aee647d3;576d1835-7b06-4012-96ae-c9b511e68a64]]
2026-04-03 19:17:38.985,23.172,CrossSignalDivergence_SYS,atomic,[CrossSignalDivergence_SYS],[0.9253],1,6,0.9253,[dt-1;dt-2;dt-3],[[eb0b4abd-bb8b-4220-8b02-715cd30fd009;86055888-9ea2-48fe-9a27-840db0202ca6;de69051e-227d-4044-a448-b49258507ed8;54f58de1-4e8f-4ffd-a8cf-43324dcb8e0e;29d59929-b22e-4c42-b543-2a12aee647d3;576d1835-7b06-4012-96ae-c9b511e68a64]]
2026-04-03 19:17:39.009,23.196,CrossSignalRelativeStable_GT,atomic,[CrossSignalRelativeStable_GT],[1.0000],1,6,1.0000,[dt-1;dt-2;dt-3],[[b40b0072-4563-4709-8895-5811879d1fda;5b9928ea-7045-4431-aef0-466422a5120c;15555ab8-23ce-471d-8e6e-c2dd8705369d;c165b1bb-2e29-4ce5-9e46-9a53eb029197;1ab7b93f-7cac-4e51-b6a8-fbb5e300aa25;5288468e-6dbf-4251-9d8c-945ee8f8800a]]
2026-04-03 19:17:39.009,23.196,CrossSignalDivergence_GT,atomic,[CrossSignalDivergence_GT],[1.0000],1,6,1.0000,[dt-1;dt-2;dt-3],[[b40b0072-4563-4709-8895-5811879d1fda;5b9928ea-7045-4431-aef0-466422a5120c;15555ab8-23ce-471d-8e6e-c2dd8705369d;c165b1bb-2e29-4ce5-9e46-9a53eb029197;1ab7b93f-7cac-4e51-b6a8-fbb5e300aa25;5288468e-6dbf-4251-9d8c-945ee8f8800a]]
2026-04-03 19:17:39.095,23.282,CrossSignalRelativeStable_OBS,atomic,[CrossSignalRelativeStable_OBS],[1.0000],1,6,1.0000,[dt-1;dt-2;dt-3],[[16ff2401-b6c6-44f2-a69b-b205eef85661;29d59929-b22e-4c42-b543-2a12aee647d3;576d1835-7b06-4012-96ae-c9b511e68a64;54f58de1-4e8f-4ffd-a8cf-43324dcb8e0e;29a329ae-c3b5-4312-9cee-3b66824cdd76;75baf026-b22d-46de-9016-f5e3659793a1]]
2026-04-03 19:17:39.096,23.283,CrossSignalDivergence_OBS,atomic,[CrossSignalDivergence_OBS],[1.0000],1,6,1.0000,[dt-1;dt-2;dt-3],[[16ff2401-b6c6-44f2-a69b-b205eef85661;29d59929-b22e-4c42-b543-2a12aee647d3;576d1835-7b06-4012-96ae-c9b511e68a64;54f58de1-4e8f-4ffd-a8cf-43324dcb8e0e;29a329ae-c3b5-4312-9cee-3b66824cdd76;75baf026-b22d-46de-9016-f5e3659793a1]]
2026-04-03 19:17:39.118,23.305,CrossSignalRelativeStable_GT,atomic,[CrossSignalRelativeStable_GT],[1.0000],1,6,1.0000,[dt-1;dt-2;dt-3],[[c165b1bb-2e29-4ce5-9e46-9a53eb029197;1ab7b93f-7cac-4e51-b6a8-fbb5e300aa25;5288468e-6dbf-4251-9d8c-945ee8f8800a;3f4366d1-04c0-4b18-a7ac-757bbac2aa78;d3177301-7ae4-4f3d-b60f-588260fa06ac;6c98bac8-b7ba-424a-97a2-3859c090ec66]]
2026-04-03 19:17:39.119,23.306,CrossSignalDivergence_GT,atomic,[CrossSignalDivergence_GT],[1.0000],1,6,1.0000,[dt-1;dt-2;dt-3],[[c165b1bb-2e29-4ce5-9e46-9a53eb029197;1ab7b93f-7cac-4e51-b6a8-fbb5e300aa25;5288468e-6dbf-4251-9d8c-945ee8f8800a;3f4366d1-04c0-4b18-a7ac-757bbac2aa78;d3177301-7ae4-4f3d-b60f-588260fa06ac;6c98bac8-b7ba-424a-97a2-3859c090ec66]]
2026-04-03 19:17:39.209,23.396,CrossSignalRelativeStable_SYS,atomic,[CrossSignalRelativeStable_SYS],[1.0000],1,6,1.0000,[dt-1;dt-2;dt-3],[[54f58de1-4e8f-4ffd-a8cf-43324dcb8e0e;29d59929-b22e-4c42-b543-2a12aee647d3;576d1835-7b06-4012-96ae-c9b511e68a64;a8f72623-ed73-4452-b03d-1ebc91217911;29a329ae-c3b5-4312-9cee-3b66824cdd76;75baf026-b22d-46de-9016-f5e3659793a1]]
2026-04-03 19:17:39.209,23.396,CrossSignalDivergence_SYS,atomic,[CrossSignalDivergence_SYS],[1.0000],1,6,1.0000,[dt-1;dt-2;dt-3],[[54f58de1-4e8f-4ffd-a8cf-43324dcb8e0e;29d59929-b22e-4c42-b543-2a12aee647d3;576d1835-7b06-4012-96ae-c9b511e68a64;a8f72623-ed73-4452-b03d-1ebc91217911;29a329ae-c3b5-4312-9cee-3b66824cdd76;75baf026-b22d-46de-9016-f5e3659793a1]]
2026-04-03 19:17:39.233,23.420,CrossSignalRelativeStable_GT,atomic,[CrossSignalRelativeStable_GT],[1.0000],1,6,1.0000,[dt-1;dt-2;dt-3],[[3f4366d1-04c0-4b18-a7ac-757bbac2aa78;d3177301-7ae4-4f3d-b60f-588260fa06ac;6c98bac8-b7ba-424a-97a2-3859c090ec66;e56a0f69-4d6f-4526-b53d-332c5240bd84;09fb6760-5bc9-4b07-b267-40d334d8f8dd;40900bc2-f5b7-4be9-882d-55973cc39f6b]]
2026-04-03 19:17:39.233,23.420,CrossSignalTrendConsistency_GT,atomic,[CrossSignalTrendConsistency_GT],[1.0000],1,6,1.0000,[dt-1;dt-2;dt-3],[[3f4366d1-04c0-4b18-a7ac-757bbac2aa78;d3177301-7ae4-4f3d-b60f-588260fa06ac;6c98bac8-b7ba-424a-97a2-3859c090ec66;e56a0f69-4d6f-4526-b53d-332c5240bd84;09fb6760-5bc9-4b07-b267-40d334d8f8dd;40900bc2-f5b7-4be9-882d-55973cc39f6b]]
2026-04-03 19:17:39.233,23.420,CrossSignalDivergence_GT,atomic,[CrossSignalDivergence_GT],[1.0000],1,6,1.0000,[dt-1;dt-2;dt-3],[[3f4366d1-04c0-4b18-a7ac-757bbac2aa78;d3177301-7ae4-4f3d-b60f-588260fa06ac;6c98bac8-b7ba-424a-97a2-3859c090ec66;e56a0f69-4d6f-4526-b53d-332c5240bd84;09fb6760-5bc9-4b07-b267-40d334d8f8dd;40900bc2-f5b7-4be9-882d-55973cc39f6b]]
2026-04-03 19:17:39.328,23.515,CrossSignalRelativeStable_SYS,atomic,[CrossSignalRelativeStable_SYS],[0.9692],1,6,0.9692,[dt-1;dt-2;dt-3],[[a8f72623-ed73-4452-b03d-1ebc91217911;29a329ae-c3b5-4312-9cee-3b66824cdd76;75baf026-b22d-46de-9016-f5e3659793a1;47cfc1e4-5258-4e98-ab10-86388fc6a6bb;5354b85e-50d8-4055-bd41-cf23d1018f58;55f61c74-3f78-462f-b938-d85de5b98d88]]
2026-04-03 19:17:39.328,23.515,CrossSignalDivergence_SYS,atomic,[CrossSignalDivergence_SYS],[0.9692],1,6,0.9692,[dt-1;dt-2;dt-3],[[a8f72623-ed73-4452-b03d-1ebc91217911;29a329ae-c3b5-4312-9cee-3b66824cdd76;75baf026-b22d-46de-9016-f5e3659793a1;47cfc1e4-5258-4e98-ab10-86388fc6a6bb;5354b85e-50d8-4055-bd41-cf23d1018f58;55f61c74-3f78-462f-b938-d85de5b98d88]]
2026-04-03 19:17:39.329,23.516,CrossSignalRelativeStable_GT,atomic,[CrossSignalRelativeStable_GT],[1.0000],1,6,1.0000,[dt-1;dt-2;dt-3],[[e56a0f69-4d6f-4526-b53d-332c5240bd84;09fb6760-5bc9-4b07-b267-40d334d8f8dd;40900bc2-f5b7-4be9-882d-55973cc39f6b;26675d64-1000-482a-a382-8952bcf96573;5ee107d9-4173-4428-aba5-aa73b2e347d6;e6d51897-ee0c-428f-a7e8-7d120a5d07cd]]
2026-04-03 19:17:39.329,23.516,CrossSignalDivergence_GT,atomic,[CrossSignalDivergence_GT],[1.0000],1,6,1.0000,[dt-1;dt-2;dt-3],[[e56a0f69-4d6f-4526-b53d-332c5240bd84;09fb6760-5bc9-4b07-b267-40d334d8f8dd;40900bc2-f5b7-4be9-882d-55973cc39f6b;26675d64-1000-482a-a382-8952bcf96573;5ee107d9-4173-4428-aba5-aa73b2e347d6;e6d51897-ee0c-428f-a7e8-7d120a5d07cd]]
2026-04-03 19:17:39.426,23.613,CrossSignalRelativeStable_OBS,atomic,[CrossSignalRelativeStable_OBS],[1.0000],1,6,1.0000,[dt-1;dt-2;dt-3],[[54f58de1-4e8f-4ffd-a8cf-43324dcb8e0e;29a329ae-c3b5-4312-9cee-3b66824cdd76;75baf026-b22d-46de-9016-f5e3659793a1;25d7853c-845d-4dc1-b34a-4eb562be575a;5354b85e-50d8-4055-bd41-cf23d1018f58;5d9d2dca-52a0-43d7-8ef2-793af37ef2a4]]
2026-04-03 19:17:39.426,23.613,CrossSignalDivergence_OBS,atomic,[CrossSignalDivergence_OBS],[1.0000],1,6,1.0000,[dt-1;dt-2;dt-3],[[54f58de1-4e8f-4ffd-a8cf-43324dcb8e0e;29a329ae-c3b5-4312-9cee-3b66824cdd76;75baf026-b22d-46de-9016-f5e3659793a1;25d7853c-845d-4dc1-b34a-4eb562be575a;5354b85e-50d8-4055-bd41-cf23d1018f58;5d9d2dca-52a0-43d7-8ef2-793af37ef2a4]]
2026-04-03 19:17:39.440,23.627,CrossSignalRelativeStable_GT,atomic,[CrossSignalRelativeStable_GT],[1.0000],1,6,1.0000,[dt-1;dt-2;dt-3],[[26675d64-1000-482a-a382-8952bcf96573;5ee107d9-4173-4428-aba5-aa73b2e347d6;e6d51897-ee0c-428f-a7e8-7d120a5d07cd;f790d75d-30d7-47d7-86ff-2e594640f965;4608bed2-0a09-4eac-afe1-055f80c3bc99;e2e26289-04e0-492f-a3e8-7c3026c4f93b]]
2026-04-03 19:17:39.440,23.627,CrossSignalDivergence_GT,atomic,[CrossSignalDivergence_GT],[1.0000],1,6,1.0000,[dt-1;dt-2;dt-3],[[26675d64-1000-482a-a382-8952bcf96573;5ee107d9-4173-4428-aba5-aa73b2e347d6;e6d51897-ee0c-428f-a7e8-7d120a5d07cd;f790d75d-30d7-47d7-86ff-2e594640f965;4608bed2-0a09-4eac-afe1-055f80c3bc99;e2e26289-04e0-492f-a3e8-7c3026c4f93b]]
2026-04-03 19:17:39.537,23.724,CrossSignalRelativeStable_SYS,atomic,[CrossSignalRelativeStable_SYS],[0.9195],1,6,0.9195,[dt-1;dt-2;dt-3],[[47cfc1e4-5258-4e98-ab10-86388fc6a6bb;5354b85e-50d8-4055-bd41-cf23d1018f58;55f61c74-3f78-462f-b938-d85de5b98d88;25d7853c-845d-4dc1-b34a-4eb562be575a;b76b5564-4975-4939-a911-44fcc6437f76;9f057a40-9746-4716-9af0-e532fc8d7e12]]
2026-04-03 19:17:39.537,23.724,CrossSignalDivergence_SYS,atomic,[CrossSignalDivergence_SYS],[0.9195],1,6,0.9195,[dt-1;dt-2;dt-3],[[47cfc1e4-5258-4e98-ab10-86388fc6a6bb;5354b85e-50d8-4055-bd41-cf23d1018f58;55f61c74-3f78-462f-b938-d85de5b98d88;25d7853c-845d-4dc1-b34a-4eb562be575a;b76b5564-4975-4939-a911-44fcc6437f76;9f057a40-9746-4716-9af0-e532fc8d7e12]]
2026-04-03 19:17:39.550,23.737,CrossSignalRelativeStable_GT,atomic,[CrossSignalRelativeStable_GT],[1.0000],1,6,1.0000,[dt-1;dt-2;dt-3],[[f790d75d-30d7-47d7-86ff-2e594640f965;4608bed2-0a09-4eac-afe1-055f80c3bc99;e2e26289-04e0-492f-a3e8-7c3026c4f93b;3b56f0d0-4bdd-4104-a0ac-5418f53ceca5;50b1f61c-5dfa-4d42-96a6-da7c6ce88907;45d391b7-a3fc-4d6e-ab1d-5ba63de6755f]]
2026-04-03 19:17:39.550,23.737,CrossSignalDivergence_GT,atomic,[CrossSignalDivergence_GT],[1.0000],1,6,1.0000,[dt-1;dt-2;dt-3],[[f790d75d-30d7-47d7-86ff-2e594640f965;4608bed2-0a09-4eac-afe1-055f80c3bc99;e2e26289-04e0-492f-a3e8-7c3026c4f93b;3b56f0d0-4bdd-4104-a0ac-5418f53ceca5;50b1f61c-5dfa-4d42-96a6-da7c6ce88907;45d391b7-a3fc-4d6e-ab1d-5ba63de6755f]]
2026-04-03 19:17:39.649,23.836,CrossSignalRelativeStable_SYS,atomic,[CrossSignalRelativeStable_SYS],[0.8674],1,6,0.8674,[dt-1;dt-2;dt-3],[[25d7853c-845d-4dc1-b34a-4eb562be575a;b76b5564-4975-4939-a911-44fcc6437f76;9f057a40-9746-4716-9af0-e532fc8d7e12;6b5193e3-2227-4700-9e7c-0994550e8fc9;37ba5755-dac9-4f59-b185-fe472138c7bb;e2adf52e-3bac-471b-b8fb-428d22aab176]]
2026-04-03 19:17:39.649,23.836,CrossSignalDivergence_SYS,atomic,[CrossSignalDivergence_SYS],[0.8674],1,6,0.8674,[dt-1;dt-2;dt-3],[[25d7853c-845d-4dc1-b34a-4eb562be575a;b76b5564-4975-4939-a911-44fcc6437f76;9f057a40-9746-4716-9af0-e532fc8d7e12;6b5193e3-2227-4700-9e7c-0994550e8fc9;37ba5755-dac9-4f59-b185-fe472138c7bb;e2adf52e-3bac-471b-b8fb-428d22aab176]]
2026-04-03 19:17:39.655,23.842,CrossSignalRelativeStable_GT,atomic,[CrossSignalRelativeStable_GT],[1.0000],1,6,1.0000,[dt-1;dt-2;dt-3],[[3b56f0d0-4bdd-4104-a0ac-5418f53ceca5;50b1f61c-5dfa-4d42-96a6-da7c6ce88907;45d391b7-a3fc-4d6e-ab1d-5ba63de6755f;fa1a72e7-a215-4b2e-9367-05d293a1789b;fac58be2-f9bf-4512-96cc-9fba0704b9f7;be558636-b10f-4c68-8ee6-2b82284f844a]]
2026-04-03 19:17:39.655,23.842,CrossSignalDivergence_GT,atomic,[CrossSignalDivergence_GT],[1.0000],1,6,1.0000,[dt-1;dt-2;dt-3],[[3b56f0d0-4bdd-4104-a0ac-5418f53ceca5;50b1f61c-5dfa-4d42-96a6-da7c6ce88907;45d391b7-a3fc-4d6e-ab1d-5ba63de6755f;fa1a72e7-a215-4b2e-9367-05d293a1789b;fac58be2-f9bf-4512-96cc-9fba0704b9f7;be558636-b10f-4c68-8ee6-2b82284f844a]]
2026-04-03 19:17:39.758,23.945,CrossSignalRelativeStable_OBS,atomic,[CrossSignalRelativeStable_OBS],[1.0000],1,6,1.0000,[dt-1;dt-2;dt-3],[[25d7853c-845d-4dc1-b34a-4eb562be575a;5354b85e-50d8-4055-bd41-cf23d1018f58;5d9d2dca-52a0-43d7-8ef2-793af37ef2a4;6b5193e3-2227-4700-9e7c-0994550e8fc9;7bb37c73-f6c9-47d7-a65c-e192e540cdc6;0f0f3157-2112-4335-b657-352e8de40988]]
2026-04-03 19:17:39.759,23.946,CrossSignalDivergence_OBS,atomic,[CrossSignalDivergence_OBS],[1.0000],1,6,1.0000,[dt-1;dt-2;dt-3],[[25d7853c-845d-4dc1-b34a-4eb562be575a;5354b85e-50d8-4055-bd41-cf23d1018f58;5d9d2dca-52a0-43d7-8ef2-793af37ef2a4;6b5193e3-2227-4700-9e7c-0994550e8fc9;7bb37c73-f6c9-47d7-a65c-e192e540cdc6;0f0f3157-2112-4335-b657-352e8de40988]]
2026-04-03 19:17:39.770,23.957,CrossSignalRelativeStable_GT,atomic,[CrossSignalRelativeStable_GT],[1.0000],1,6,1.0000,[dt-1;dt-2;dt-3],[[fa1a72e7-a215-4b2e-9367-05d293a1789b;fac58be2-f9bf-4512-96cc-9fba0704b9f7;be558636-b10f-4c68-8ee6-2b82284f844a;27078628-29cf-4132-b097-1a945349bab1;f835aaea-2659-4b04-966c-173e63646773;76b26cb7-9a8c-46d1-8597-eb9bd8dacc9b]]
2026-04-03 19:17:39.869,24.056,CrossSignalRelativeStable_SYS,atomic,[CrossSignalRelativeStable_SYS],[0.9170],1,6,0.9170,[dt-1;dt-2;dt-3],[[6b5193e3-2227-4700-9e7c-0994550e8fc9;37ba5755-dac9-4f59-b185-fe472138c7bb;e2adf52e-3bac-471b-b8fb-428d22aab176;0da028fa-14e0-4ab4-a385-70914608c151;7bb37c73-f6c9-47d7-a65c-e192e540cdc6;0f0f3157-2112-4335-b657-352e8de40988]]
2026-04-03 19:17:39.886,24.073,CrossSignalRelativeStable_GT,atomic,[CrossSignalRelativeStable_GT],[1.0000],1,6,1.0000,[dt-1;dt-2;dt-3],[[27078628-29cf-4132-b097-1a945349bab1;f835aaea-2659-4b04-966c-173e63646773;76b26cb7-9a8c-46d1-8597-eb9bd8dacc9b;96ad20b6-232a-4092-b367-807a2b3269f5;ca31c4ea-08c1-4a09-bbb9-2ecfa8eb32ba;b88736cf-5c17-4c05-a794-d730807a2f3e]]
2026-04-03 19:17:39.886,24.073,CrossSignalTrendConsistency_GT,atomic,[CrossSignalTrendConsistency_GT],[1.0000],1,6,1.0000,[dt-1;dt-2;dt-3],[[27078628-29cf-4132-b097-1a945349bab1;f835aaea-2659-4b04-966c-173e63646773;76b26cb7-9a8c-46d1-8597-eb9bd8dacc9b;96ad20b6-232a-4092-b367-807a2b3269f5;ca31c4ea-08c1-4a09-bbb9-2ecfa8eb32ba;b88736cf-5c17-4c05-a794-d730807a2f3e]]
2026-04-03 19:17:39.988,24.175,CrossSignalRelativeStable_GT,atomic,[CrossSignalRelativeStable_GT],[1.0000],1,6,1.0000,[dt-1;dt-2;dt-3],[[96ad20b6-232a-4092-b367-807a2b3269f5;ca31c4ea-08c1-4a09-bbb9-2ecfa8eb32ba;b88736cf-5c17-4c05-a794-d730807a2f3e;5cc33878-7a7a-4d41-a998-9fbbc140b416;e3cf3aa8-1311-4b82-a188-9bb137f85c79;68f7479b-d2f2-4598-8f4d-401938011405]]
2026-04-03 19:17:40.093,24.280,CrossSignalRelativeStable_SYS,atomic,[CrossSignalRelativeStable_SYS],[1.0000],1,6,1.0000,[dt-1;dt-2;dt-3],[[0da028fa-14e0-4ab4-a385-70914608c151;7bb37c73-f6c9-47d7-a65c-e192e540cdc6;0f0f3157-2112-4335-b657-352e8de40988;c72eb348-b671-4787-a9b6-74288c7406e5;c6ba958b-9567-4259-9e0d-5504ad7a00d6;403a5e00-2003-4042-807c-7d7fe7ead832]]
2026-04-03 19:17:40.102,24.289,CrossSignalRelativeStable_GT,atomic,[CrossSignalRelativeStable_GT],[1.0000],1,6,1.0000,[dt-1;dt-2;dt-3],[[5cc33878-7a7a-4d41-a998-9fbbc140b416;e3cf3aa8-1311-4b82-a188-9bb137f85c79;68f7479b-d2f2-4598-8f4d-401938011405;1128811a-4198-4245-ad29-7eaf8b7306a9;db7ddb2a-0336-4662-853a-591d2df93082;416c1a74-b680-4751-9bd3-a68862e30a33]]
2026-04-03 19:17:40.204,24.391,CrossSignalRelativeStable_SYS,atomic,[CrossSignalRelativeStable_SYS],[0.9812],1,6,0.9812,[dt-1;dt-2;dt-3],[[c72eb348-b671-4787-a9b6-74288c7406e5;c6ba958b-9567-4259-9e0d-5504ad7a00d6;403a5e00-2003-4042-807c-7d7fe7ead832;82a89e38-c0df-4f6d-9587-5d7a10797c1d;e3888887-64d4-41b7-b198-d6a4f287f1c0;d8a12b70-ea44-4ddc-b39d-ec261b61f618]]
2026-04-03 19:17:40.204,24.391,CrossSignalDivergence_SYS,atomic,[CrossSignalDivergence_SYS],[0.9812],1,6,0.9812,[dt-1;dt-2;dt-3],[[c72eb348-b671-4787-a9b6-74288c7406e5;c6ba958b-9567-4259-9e0d-5504ad7a00d6;403a5e00-2003-4042-807c-7d7fe7ead832;82a89e38-c0df-4f6d-9587-5d7a10797c1d;e3888887-64d4-41b7-b198-d6a4f287f1c0;d8a12b70-ea44-4ddc-b39d-ec261b61f618]]
2026-04-03 19:17:40.211,24.398,CrossSignalRelativeStable_OBS,atomic,[CrossSignalRelativeStable_OBS],[1.0000],1,6,1.0000,[dt-1;dt-2;dt-3],[[6b5193e3-2227-4700-9e7c-0994550e8fc9;7bb37c73-f6c9-47d7-a65c-e192e540cdc6;0f0f3157-2112-4335-b657-352e8de40988;0da028fa-14e0-4ab4-a385-70914608c151;e4e3c2d6-bc8c-4514-bb16-9fd987801eb0;b56dc776-3e6d-4521-96ed-ccf8b8730985]]
2026-04-03 19:17:40.224,24.411,CrossSignalRelativeStable_GT,atomic,[CrossSignalRelativeStable_GT],[1.0000],1,6,1.0000,[dt-1;dt-2;dt-3],[[1128811a-4198-4245-ad29-7eaf8b7306a9;db7ddb2a-0336-4662-853a-591d2df93082;416c1a74-b680-4751-9bd3-a68862e30a33;7922ff69-20c3-4f61-973a-f95db8908b55;6da15000-95a8-4f8a-8874-3668846f91fd;6b5210a7-5691-499a-b6f6-5f4bdf99960c]]
2026-04-03 19:17:40.342,24.529,CrossSignalRelativeStable_GT,atomic,[CrossSignalRelativeStable_GT],[1.0000],1,6,1.0000,[dt-1;dt-2;dt-3],[[7922ff69-20c3-4f61-973a-f95db8908b55;6da15000-95a8-4f8a-8874-3668846f91fd;6b5210a7-5691-499a-b6f6-5f4bdf99960c;6ef70227-0d94-49ce-b9b4-7414c2c2423b;55f98de8-450e-4617-9d01-ba7927fdbcf3;68a270b2-b220-44ee-b207-65759f03951b]]
2026-04-03 19:17:40.428,24.615,CrossSignalRelativeStable_SYS,atomic,[CrossSignalRelativeStable_SYS],[0.9616],1,6,0.9616,[dt-1;dt-2;dt-3],[[82a89e38-c0df-4f6d-9587-5d7a10797c1d;e3888887-64d4-41b7-b198-d6a4f287f1c0;d8a12b70-ea44-4ddc-b39d-ec261b61f618;eb87b0bd-48f7-41dc-add2-dd648c059c94;e4e3c2d6-bc8c-4514-bb16-9fd987801eb0;a4e9616e-39d5-403c-817e-8482047c5ecc]]
2026-04-03 19:17:40.428,24.615,CrossSignalTrendConsistency_SYS,atomic,[CrossSignalTrendConsistency_SYS],[0.9616],1,6,0.9616,[dt-1;dt-2;dt-3],[[82a89e38-c0df-4f6d-9587-5d7a10797c1d;e3888887-64d4-41b7-b198-d6a4f287f1c0;d8a12b70-ea44-4ddc-b39d-ec261b61f618;eb87b0bd-48f7-41dc-add2-dd648c059c94;e4e3c2d6-bc8c-4514-bb16-9fd987801eb0;a4e9616e-39d5-403c-817e-8482047c5ecc]]
2026-04-03 19:17:40.428,24.615,CrossSignalDivergence_SYS,atomic,[CrossSignalDivergence_SYS],[0.9616],1,6,0.9616,[dt-1;dt-2;dt-3],[[82a89e38-c0df-4f6d-9587-5d7a10797c1d;e3888887-64d4-41b7-b198-d6a4f287f1c0;d8a12b70-ea44-4ddc-b39d-ec261b61f618;eb87b0bd-48f7-41dc-add2-dd648c059c94;e4e3c2d6-bc8c-4514-bb16-9fd987801eb0;a4e9616e-39d5-403c-817e-8482047c5ecc]]
2026-04-03 19:17:40.435,24.622,CrossSignalRelativeStable_GT,atomic,[CrossSignalRelativeStable_GT],[1.0000],1,6,1.0000,[dt-1;dt-2;dt-3],[[6ef70227-0d94-49ce-b9b4-7414c2c2423b;55f98de8-450e-4617-9d01-ba7927fdbcf3;68a270b2-b220-44ee-b207-65759f03951b;249d32fb-78cf-497f-8e40-219d057b6b27;f3301df9-6926-429b-8be2-24456eedfe56;880e76d5-ccaa-4fb9-aa0c-f521f2b4ea87]]
2026-04-03 19:17:40.435,24.622,CrossSignalDivergence_GT,atomic,[CrossSignalDivergence_GT],[1.0000],1,6,1.0000,[dt-1;dt-2;dt-3],[[6ef70227-0d94-49ce-b9b4-7414c2c2423b;55f98de8-450e-4617-9d01-ba7927fdbcf3;68a270b2-b220-44ee-b207-65759f03951b;249d32fb-78cf-497f-8e40-219d057b6b27;f3301df9-6926-429b-8be2-24456eedfe56;880e76d5-ccaa-4fb9-aa0c-f521f2b4ea87]]
2026-04-03 19:17:40.536,24.723,CrossSignalRelativeStable_SYS,atomic,[CrossSignalRelativeStable_SYS],[0.9435],1,6,0.9435,[dt-1;dt-2;dt-3],[[eb87b0bd-48f7-41dc-add2-dd648c059c94;e4e3c2d6-bc8c-4514-bb16-9fd987801eb0;a4e9616e-39d5-403c-817e-8482047c5ecc;94373520-78da-452a-aa7b-bfe948b4abb3;c96bf8f7-bbce-4a46-8f93-29cf3d3ce7f8;cace64e6-0516-4416-8c09-550f4fbf99cf]]
2026-04-03 19:17:40.542,24.729,CrossSignalRelativeStable_GT,atomic,[CrossSignalRelativeStable_GT],[1.0000],1,6,1.0000,[dt-1;dt-2;dt-3],[[249d32fb-78cf-497f-8e40-219d057b6b27;f3301df9-6926-429b-8be2-24456eedfe56;880e76d5-ccaa-4fb9-aa0c-f521f2b4ea87;f2380773-3870-4466-863f-385642313369;0011e4b2-6ebe-487d-b168-82e63f912c0f;c4baa85b-79e8-4806-9b68-2c083a80cf99]]
2026-04-03 19:17:40.542,24.729,CrossSignalDivergence_GT,atomic,[CrossSignalDivergence_GT],[1.0000],1,6,1.0000,[dt-1;dt-2;dt-3],[[249d32fb-78cf-497f-8e40-219d057b6b27;f3301df9-6926-429b-8be2-24456eedfe56;880e76d5-ccaa-4fb9-aa0c-f521f2b4ea87;f2380773-3870-4466-863f-385642313369;0011e4b2-6ebe-487d-b168-82e63f912c0f;c4baa85b-79e8-4806-9b68-2c083a80cf99]]
2026-04-03 19:17:40.646,24.833,CrossSignalRelativeStable_SYS,atomic,[CrossSignalRelativeStable_SYS],[0.8851],1,6,0.8851,[dt-1;dt-2;dt-3],[[94373520-78da-452a-aa7b-bfe948b4abb3;c96bf8f7-bbce-4a46-8f93-29cf3d3ce7f8;cace64e6-0516-4416-8c09-550f4fbf99cf;2221bd21-cd35-4962-adf7-ee02cfaa0c23;1986c5f0-0839-4fbe-982c-3925a921330c;5e69c4c4-0db5-4914-96ba-f2598ebbdedd]]
2026-04-03 19:17:40.663,24.850,CrossSignalRelativeStable_GT,atomic,[CrossSignalRelativeStable_GT],[1.0000],1,6,1.0000,[dt-1;dt-2;dt-3],[[f2380773-3870-4466-863f-385642313369;0011e4b2-6ebe-487d-b168-82e63f912c0f;c4baa85b-79e8-4806-9b68-2c083a80cf99;b24253d2-16e8-4705-81c2-ce65b9529cdc;1f98e146-07b6-407f-a017-2ae48b32d905;131e6635-87a2-4959-b56d-20e32a6453eb]]
2026-04-03 19:17:40.663,24.850,CrossSignalDivergence_GT,atomic,[CrossSignalDivergence_GT],[1.0000],1,6,1.0000,[dt-1;dt-2;dt-3],[[f2380773-3870-4466-863f-385642313369;0011e4b2-6ebe-487d-b168-82e63f912c0f;c4baa85b-79e8-4806-9b68-2c083a80cf99;b24253d2-16e8-4705-81c2-ce65b9529cdc;1f98e146-07b6-407f-a017-2ae48b32d905;131e6635-87a2-4959-b56d-20e32a6453eb]]
2026-04-03 19:17:40.762,24.949,CrossSignalRelativeStable_SYS,atomic,[CrossSignalRelativeStable_SYS],[0.8879],1,6,0.8879,[dt-1;dt-2;dt-3],[[2221bd21-cd35-4962-adf7-ee02cfaa0c23;1986c5f0-0839-4fbe-982c-3925a921330c;5e69c4c4-0db5-4914-96ba-f2598ebbdedd;2d7ff701-63f2-4c76-a224-dda1f997a2b8;0e18f053-a72b-4541-b081-3cf897ca7f97;2648158d-49bc-4351-a5af-58032f869776]]
2026-04-03 19:17:40.762,24.949,CrossSignalDivergence_SYS,atomic,[CrossSignalDivergence_SYS],[0.8879],1,6,0.8879,[dt-1;dt-2;dt-3],[[2221bd21-cd35-4962-adf7-ee02cfaa0c23;1986c5f0-0839-4fbe-982c-3925a921330c;5e69c4c4-0db5-4914-96ba-f2598ebbdedd;2d7ff701-63f2-4c76-a224-dda1f997a2b8;0e18f053-a72b-4541-b081-3cf897ca7f97;2648158d-49bc-4351-a5af-58032f869776]]
2026-04-03 19:17:40.768,24.955,CrossSignalRelativeStable_GT,atomic,[CrossSignalRelativeStable_GT],[1.0000],1,6,1.0000,[dt-1;dt-2;dt-3],[[b24253d2-16e8-4705-81c2-ce65b9529cdc;1f98e146-07b6-407f-a017-2ae48b32d905;131e6635-87a2-4959-b56d-20e32a6453eb;faa2f351-4aaa-4665-9f1d-37139a62a6f7;058d68f6-9d3d-41b6-88d4-1fcb045c8185;e15aaacc-bdc5-4f37-8daa-c07cbbc784a6]]
2026-04-03 19:17:40.768,24.955,CrossSignalDivergence_GT,atomic,[CrossSignalDivergence_GT],[1.0000],1,6,1.0000,[dt-1;dt-2;dt-3],[[b24253d2-16e8-4705-81c2-ce65b9529cdc;1f98e146-07b6-407f-a017-2ae48b32d905;131e6635-87a2-4959-b56d-20e32a6453eb;faa2f351-4aaa-4665-9f1d-37139a62a6f7;058d68f6-9d3d-41b6-88d4-1fcb045c8185;e15aaacc-bdc5-4f37-8daa-c07cbbc784a6]]
2026-04-03 19:17:40.874,25.061,CrossSignalRelativeStable_OBS,atomic,[CrossSignalRelativeStable_OBS],[1.0000],1,6,1.0000,[dt-1;dt-2;dt-3],[[0da028fa-14e0-4ab4-a385-70914608c151;e4e3c2d6-bc8c-4514-bb16-9fd987801eb0;b56dc776-3e6d-4521-96ed-ccf8b8730985;2d7ff701-63f2-4c76-a224-dda1f997a2b8;a36cd9cf-c2b8-41fb-9919-50113485a269;a4e9616e-39d5-403c-817e-8482047c5ecc]]
2026-04-03 19:17:40.880,25.067,CrossSignalRelativeStable_GT,atomic,[CrossSignalRelativeStable_GT],[1.0000],1,6,1.0000,[dt-1;dt-2;dt-3],[[faa2f351-4aaa-4665-9f1d-37139a62a6f7;058d68f6-9d3d-41b6-88d4-1fcb045c8185;e15aaacc-bdc5-4f37-8daa-c07cbbc784a6;3b8e0349-b118-47c4-8c06-9716e3be168f;0b98764d-a5f9-40cb-87f5-cef1b75b3740;694f6886-4348-46b0-be80-51ad0f57a143]]
2026-04-03 19:17:40.881,25.068,CrossSignalRelativeStable_SYS,atomic,[CrossSignalRelativeStable_SYS],[0.9660],1,6,0.9660,[dt-1;dt-2;dt-3],[[2d7ff701-63f2-4c76-a224-dda1f997a2b8;0e18f053-a72b-4541-b081-3cf897ca7f97;2648158d-49bc-4351-a5af-58032f869776;abac338d-4146-4514-9127-bbdca541e34e;a36cd9cf-c2b8-41fb-9919-50113485a269;c33ac4dc-f96c-4a51-85fb-6319b2601023]]
2026-04-03 19:17:40.991,25.178,CrossSignalRelativeStable_OBS,atomic,[CrossSignalRelativeStable_OBS],[1.0000],1,6,1.0000,[dt-1;dt-2;dt-3],[[2d7ff701-63f2-4c76-a224-dda1f997a2b8;a36cd9cf-c2b8-41fb-9919-50113485a269;a4e9616e-39d5-403c-817e-8482047c5ecc;a2afdbaf-1aaf-48aa-9cd9-de266365a247;718e1b3f-8b6f-4320-b39e-e867096bb072;c33ac4dc-f96c-4a51-85fb-6319b2601023]]
2026-04-03 19:17:40.997,25.184,CrossSignalRelativeStable_GT,atomic,[CrossSignalRelativeStable_GT],[1.0000],1,6,1.0000,[dt-1;dt-2;dt-3],[[3b8e0349-b118-47c4-8c06-9716e3be168f;0b98764d-a5f9-40cb-87f5-cef1b75b3740;694f6886-4348-46b0-be80-51ad0f57a143;0c37bb50-c85b-43a4-9be7-4f960c16501b;98c24d00-4197-4709-9105-b424eca54f3a;59510657-e8b4-42e4-8f8a-37130dc7db07]]
2026-04-03 19:17:41.094,25.281,CrossSignalRelativeStable_SYS,atomic,[CrossSignalRelativeStable_SYS],[0.9798],1,6,0.9798,[dt-1;dt-2;dt-3],[[abac338d-4146-4514-9127-bbdca541e34e;a36cd9cf-c2b8-41fb-9919-50113485a269;c33ac4dc-f96c-4a51-85fb-6319b2601023;a2afdbaf-1aaf-48aa-9cd9-de266365a247;718e1b3f-8b6f-4320-b39e-e867096bb072;3ae25b7c-c79f-441c-89c9-bf1f0a2901da]]
2026-04-03 19:17:41.106,25.293,CrossSignalRelativeStable_GT,atomic,[CrossSignalRelativeStable_GT],[1.0000],1,6,1.0000,[dt-1;dt-2;dt-3],[[0c37bb50-c85b-43a4-9be7-4f960c16501b;98c24d00-4197-4709-9105-b424eca54f3a;59510657-e8b4-42e4-8f8a-37130dc7db07;829ba7a2-5367-43bf-b1f1-2e44859699e1;af1ba857-dc49-4cab-9847-be41e64b3006;11d8d0d4-47e6-4070-99e8-4e89ac094979]]
2026-04-03 19:17:41.203,25.390,CrossSignalRelativeStable_SYS,atomic,[CrossSignalRelativeStable_SYS],[0.9798],1,6,0.9798,[dt-1;dt-2;dt-3],[[a2afdbaf-1aaf-48aa-9cd9-de266365a247;718e1b3f-8b6f-4320-b39e-e867096bb072;3ae25b7c-c79f-441c-89c9-bf1f0a2901da;24d46fa6-39c5-4340-94d1-feb8f62daf82;f142cb42-e1b1-4cf8-a5aa-7f18b15335c6;14118b0b-ddfb-495e-b929-e973d8cad84b]]
2026-04-03 19:17:41.204,25.391,CrossSignalRelativeStable_OBS,atomic,[CrossSignalRelativeStable_OBS],[1.0000],1,6,1.0000,[dt-1;dt-2;dt-3],[[a2afdbaf-1aaf-48aa-9cd9-de266365a247;718e1b3f-8b6f-4320-b39e-e867096bb072;c33ac4dc-f96c-4a51-85fb-6319b2601023;24d46fa6-39c5-4340-94d1-feb8f62daf82;f142cb42-e1b1-4cf8-a5aa-7f18b15335c6;14118b0b-ddfb-495e-b929-e973d8cad84b]]
2026-04-03 19:17:41.221,25.408,CrossSignalRelativeStable_GT,atomic,[CrossSignalRelativeStable_GT],[1.0000],1,6,1.0000,[dt-1;dt-2;dt-3],[[829ba7a2-5367-43bf-b1f1-2e44859699e1;af1ba857-dc49-4cab-9847-be41e64b3006;11d8d0d4-47e6-4070-99e8-4e89ac094979;9b0521d1-e4be-45a4-bd61-972c92af106c;329ea50b-c27c-4471-8a8f-9c91f86a7f7b;cf1bbfe4-3afc-4407-a7fd-8884e8406d6f]]
2026-04-03 19:17:41.331,25.518,CrossSignalRelativeStable_GT,atomic,[CrossSignalRelativeStable_GT],[1.0000],1,6,1.0000,[dt-1;dt-2;dt-3],[[9b0521d1-e4be-45a4-bd61-972c92af106c;329ea50b-c27c-4471-8a8f-9c91f86a7f7b;cf1bbfe4-3afc-4407-a7fd-8884e8406d6f;10b6c5f7-980b-4d04-8ed2-365f241ba10a;17da02e2-a56f-40a2-9c50-9662936f4cd3;788ada84-f5ec-4cfb-ac62-5c6d2a53689e]]
2026-04-03 19:17:41.425,25.612,CrossSignalRelativeStable_SYS,atomic,[CrossSignalRelativeStable_SYS],[0.9803],1,6,0.9803,[dt-1;dt-2;dt-3],[[24d46fa6-39c5-4340-94d1-feb8f62daf82;f142cb42-e1b1-4cf8-a5aa-7f18b15335c6;14118b0b-ddfb-495e-b929-e973d8cad84b;ce59a48f-bae9-43cb-a29d-3a60f8f671bb;64dbd6c7-fca1-4517-9435-9a3e910b5f41;9c491676-d676-4b5d-accb-fb7d9a6d2eef]]
2026-04-03 19:17:41.442,25.629,CrossSignalRelativeStable_GT,atomic,[CrossSignalRelativeStable_GT],[1.0000],1,6,1.0000,[dt-1;dt-2;dt-3],[[10b6c5f7-980b-4d04-8ed2-365f241ba10a;17da02e2-a56f-40a2-9c50-9662936f4cd3;788ada84-f5ec-4cfb-ac62-5c6d2a53689e;fce49558-2bbf-465e-bc01-95e0a620ae3c;ddb71801-bdfe-4ccf-956a-4fc7072f314e;64e73906-a6bf-4b49-8cd2-e2cecf6eb1b3]]
2026-04-03 19:17:41.535,25.722,CrossSignalRelativeStable_OBS,atomic,[CrossSignalRelativeStable_OBS],[1.0000],1,6,1.0000,[dt-1;dt-2;dt-3],[[24d46fa6-39c5-4340-94d1-feb8f62daf82;f142cb42-e1b1-4cf8-a5aa-7f18b15335c6;14118b0b-ddfb-495e-b929-e973d8cad84b;130914af-3118-4a25-8814-7f69ab30631e;64dbd6c7-fca1-4517-9435-9a3e910b5f41;ff372581-060f-4775-93a3-cff8c49c70df]]
2026-04-03 19:17:41.542,25.729,CrossSignalRelativeStable_SYS,atomic,[CrossSignalRelativeStable_SYS],[0.9803],1,6,0.9803,[dt-1;dt-2;dt-3],[[ce59a48f-bae9-43cb-a29d-3a60f8f671bb;64dbd6c7-fca1-4517-9435-9a3e910b5f41;9c491676-d676-4b5d-accb-fb7d9a6d2eef;130914af-3118-4a25-8814-7f69ab30631e;ffedc295-ea38-4ab5-a3ad-cb3cad4b5d7d;0c0a6dbc-6116-4eaf-8655-39e86476e936]]
2026-04-03 19:17:41.549,25.736,CrossSignalRelativeStable_GT,atomic,[CrossSignalRelativeStable_GT],[1.0000],1,6,1.0000,[dt-1;dt-2;dt-3],[[fce49558-2bbf-465e-bc01-95e0a620ae3c;ddb71801-bdfe-4ccf-956a-4fc7072f314e;64e73906-a6bf-4b49-8cd2-e2cecf6eb1b3;6dc2bf47-0448-47a3-8a3e-5c6b1e580bab;fea2107d-44b5-4fee-946a-f733df8091cf;d0bb26cc-1111-441f-bc30-acf26b3ed9a8]]
2026-04-03 19:17:41.549,25.736,CrossSignalTrendConsistency_GT,atomic,[CrossSignalTrendConsistency_GT],[1.0000],1,6,1.0000,[dt-1;dt-2;dt-3],[[fce49558-2bbf-465e-bc01-95e0a620ae3c;ddb71801-bdfe-4ccf-956a-4fc7072f314e;64e73906-a6bf-4b49-8cd2-e2cecf6eb1b3;6dc2bf47-0448-47a3-8a3e-5c6b1e580bab;fea2107d-44b5-4fee-946a-f733df8091cf;d0bb26cc-1111-441f-bc30-acf26b3ed9a8]]
2026-04-03 19:17:41.669,25.856,CrossSignalRelativeStable_GT,atomic,[CrossSignalRelativeStable_GT],[1.0000],1,6,1.0000,[dt-1;dt-2;dt-3],[[6dc2bf47-0448-47a3-8a3e-5c6b1e580bab;fea2107d-44b5-4fee-946a-f733df8091cf;d0bb26cc-1111-441f-bc30-acf26b3ed9a8;43bfbf6c-87a3-412f-a5c9-ae251ee614bb;e80b0aa6-e293-4854-ad31-c3c2e95bd165;c74b310e-1ed8-4af0-9a30-a36c6e56c0b6]]
2026-04-03 19:17:41.669,25.856,CrossSignalTrendConsistency_GT,atomic,[CrossSignalTrendConsistency_GT],[1.0000],1,6,1.0000,[dt-1;dt-2;dt-3],[[6dc2bf47-0448-47a3-8a3e-5c6b1e580bab;fea2107d-44b5-4fee-946a-f733df8091cf;d0bb26cc-1111-441f-bc30-acf26b3ed9a8;43bfbf6c-87a3-412f-a5c9-ae251ee614bb;e80b0aa6-e293-4854-ad31-c3c2e95bd165;c74b310e-1ed8-4af0-9a30-a36c6e56c0b6]]
2026-04-03 19:17:41.764,25.951,CrossSignalRelativeStable_SYS,atomic,[CrossSignalRelativeStable_SYS],[0.9544],1,6,0.9544,[dt-1;dt-2;dt-3],[[130914af-3118-4a25-8814-7f69ab30631e;ffedc295-ea38-4ab5-a3ad-cb3cad4b5d7d;0c0a6dbc-6116-4eaf-8655-39e86476e936;2811a05b-9a22-40f2-a5b6-8c31e8456991;d5b18ed0-b2dd-47b4-8380-30ee6efa311a;df025cd7-a4c3-4f14-992e-35e5ab7cccba]]
2026-04-03 19:17:41.765,25.952,CrossSignalRelativeStable_GT,atomic,[CrossSignalRelativeStable_GT],[1.0000],1,6,1.0000,[dt-1;dt-2;dt-3],[[43bfbf6c-87a3-412f-a5c9-ae251ee614bb;e80b0aa6-e293-4854-ad31-c3c2e95bd165;c74b310e-1ed8-4af0-9a30-a36c6e56c0b6;4d087ba7-e359-4154-97f5-4bacffd4fe1d;ed9af481-9926-4fea-8b99-030082bc1a70;6b6e36c2-5b23-499f-9b85-9f3a700be835]]
2026-04-03 19:17:41.765,25.952,CrossSignalTrendConsistency_GT,atomic,[CrossSignalTrendConsistency_GT],[1.0000],1,6,1.0000,[dt-1;dt-2;dt-3],[[43bfbf6c-87a3-412f-a5c9-ae251ee614bb;e80b0aa6-e293-4854-ad31-c3c2e95bd165;c74b310e-1ed8-4af0-9a30-a36c6e56c0b6;4d087ba7-e359-4154-97f5-4bacffd4fe1d;ed9af481-9926-4fea-8b99-030082bc1a70;6b6e36c2-5b23-499f-9b85-9f3a700be835]]
2026-04-03 19:17:41.867,26.054,CrossSignalRelativeStable_SYS,atomic,[CrossSignalRelativeStable_SYS],[0.8942],1,6,0.8942,[dt-1;dt-2;dt-3],[[2811a05b-9a22-40f2-a5b6-8c31e8456991;d5b18ed0-b2dd-47b4-8380-30ee6efa311a;df025cd7-a4c3-4f14-992e-35e5ab7cccba;8bb3e8c6-67e7-479f-bc3b-be6edef0b075;28694a1f-d6d0-4014-85c7-b160d718fd85;e9786509-b090-4478-9caa-1c60f250f5d8]]
2026-04-03 19:17:41.899,26.086,CrossSignalTrendConsistency_SYS,atomic,[CrossSignalTrendConsistency_SYS],[0.8942],1,6,0.8942,[dt-1;dt-2;dt-3],[[2811a05b-9a22-40f2-a5b6-8c31e8456991;d5b18ed0-b2dd-47b4-8380-30ee6efa311a;df025cd7-a4c3-4f14-992e-35e5ab7cccba;8bb3e8c6-67e7-479f-bc3b-be6edef0b075;28694a1f-d6d0-4014-85c7-b160d718fd85;e9786509-b090-4478-9caa-1c60f250f5d8]]
2026-04-03 19:17:41.917,26.104,CrossSignalRelativeStable_GT,atomic,[CrossSignalRelativeStable_GT],[1.0000],1,6,1.0000,[dt-1;dt-2;dt-3],[[4d087ba7-e359-4154-97f5-4bacffd4fe1d;ed9af481-9926-4fea-8b99-030082bc1a70;6b6e36c2-5b23-499f-9b85-9f3a700be835;00fc556e-f16a-4022-8832-ae068c4e5324;1aafeaa7-ce24-42b9-9735-fff14492e804;1b7fed0b-8ff2-4bb5-8ce0-af4b2f42a57a]]
2026-04-03 19:17:42.004,26.191,CrossSignalRelativeStable_OBS,atomic,[CrossSignalRelativeStable_OBS],[1.0000],1,6,1.0000,[dt-1;dt-2;dt-3],[[130914af-3118-4a25-8814-7f69ab30631e;64dbd6c7-fca1-4517-9435-9a3e910b5f41;ff372581-060f-4775-93a3-cff8c49c70df;07799570-82f7-40ae-a77c-2acacbb3eebd;ffedc295-ea38-4ab5-a3ad-cb3cad4b5d7d;e75caf57-ce4a-4d32-8796-ee7b0cfd1e75]]
2026-04-03 19:17:42.004,26.191,CrossSignalTrendConsistency_OBS,atomic,[CrossSignalTrendConsistency_OBS],[1.0000],1,6,1.0000,[dt-1;dt-2;dt-3],[[130914af-3118-4a25-8814-7f69ab30631e;64dbd6c7-fca1-4517-9435-9a3e910b5f41;ff372581-060f-4775-93a3-cff8c49c70df;07799570-82f7-40ae-a77c-2acacbb3eebd;ffedc295-ea38-4ab5-a3ad-cb3cad4b5d7d;e75caf57-ce4a-4d32-8796-ee7b0cfd1e75]]
2026-04-03 19:17:42.011,26.198,CrossSignalRelativeStable_SYS,atomic,[CrossSignalRelativeStable_SYS],[0.9398],1,6,0.9398,[dt-1;dt-2;dt-3],[[8bb3e8c6-67e7-479f-bc3b-be6edef0b075;28694a1f-d6d0-4014-85c7-b160d718fd85;e9786509-b090-4478-9caa-1c60f250f5d8;07799570-82f7-40ae-a77c-2acacbb3eebd;1f1ba0ba-b5f9-4f51-8b48-36248ee04aaf;e75caf57-ce4a-4d32-8796-ee7b0cfd1e75]]
2026-04-03 19:17:42.017,26.204,CrossSignalRelativeStable_GT,atomic,[CrossSignalRelativeStable_GT],[1.0000],1,6,1.0000,[dt-1;dt-2;dt-3],[[00fc556e-f16a-4022-8832-ae068c4e5324;1aafeaa7-ce24-42b9-9735-fff14492e804;1b7fed0b-8ff2-4bb5-8ce0-af4b2f42a57a;ef507d64-7209-4ff5-b751-ce7978861edc;122670bb-96e3-4f58-ab9e-8d03b6693129;dca25400-8222-458e-8bca-60ac0a39f946]]
2026-04-03 19:17:42.123,26.310,CrossSignalRelativeStable_OBS,atomic,[CrossSignalRelativeStable_OBS],[1.0000],1,6,1.0000,[dt-1;dt-2;dt-3],[[07799570-82f7-40ae-a77c-2acacbb3eebd;ffedc295-ea38-4ab5-a3ad-cb3cad4b5d7d;e75caf57-ce4a-4d32-8796-ee7b0cfd1e75;dbd89f80-8bbf-406a-a85d-5cdef7dd9c56;1f1ba0ba-b5f9-4f51-8b48-36248ee04aaf;4cb501ef-98c0-4ec4-b1c4-6f85f111771f]]
2026-04-03 19:17:42.140,26.327,CrossSignalRelativeStable_GT,atomic,[CrossSignalRelativeStable_GT],[1.0000],1,6,1.0000,[dt-1;dt-2;dt-3],[[ef507d64-7209-4ff5-b751-ce7978861edc;122670bb-96e3-4f58-ab9e-8d03b6693129;dca25400-8222-458e-8bca-60ac0a39f946;96d97454-5374-4977-b46c-2a6dbf98c22f;afe47bb3-e5cc-470d-8284-dcdd0f18a086;cf71b4a3-dd96-4501-8e63-28cac82be69c]]
2026-04-03 19:17:42.140,26.327,CrossSignalTrendConsistency_GT,atomic,[CrossSignalTrendConsistency_GT],[1.0000],1,6,1.0000,[dt-1;dt-2;dt-3],[[ef507d64-7209-4ff5-b751-ce7978861edc;122670bb-96e3-4f58-ab9e-8d03b6693129;dca25400-8222-458e-8bca-60ac0a39f946;96d97454-5374-4977-b46c-2a6dbf98c22f;afe47bb3-e5cc-470d-8284-dcdd0f18a086;cf71b4a3-dd96-4501-8e63-28cac82be69c]]
2026-04-03 19:17:42.233,26.420,CrossSignalRelativeStable_SYS,atomic,[CrossSignalRelativeStable_SYS],[0.9804],1,6,0.9804,[dt-1;dt-2;dt-3],[[07799570-82f7-40ae-a77c-2acacbb3eebd;1f1ba0ba-b5f9-4f51-8b48-36248ee04aaf;e75caf57-ce4a-4d32-8796-ee7b0cfd1e75;dbd89f80-8bbf-406a-a85d-5cdef7dd9c56;25b176d0-aed5-460b-8bff-00b8f986f94c;4cb501ef-98c0-4ec4-b1c4-6f85f111771f]]
2026-04-03 19:17:42.251,26.438,CrossSignalRelativeStable_GT,atomic,[CrossSignalRelativeStable_GT],[1.0000],1,6,1.0000,[dt-1;dt-2;dt-3],[[96d97454-5374-4977-b46c-2a6dbf98c22f;afe47bb3-e5cc-470d-8284-dcdd0f18a086;cf71b4a3-dd96-4501-8e63-28cac82be69c;9422701e-e33d-4176-9c0a-f69b0de7d55a;149c1b30-c3f1-4ab9-a82b-11a72b0b3c0b;78fc13e4-2478-4fff-9730-1b43cee73ffa]]
2026-04-03 19:17:42.251,26.438,CrossSignalDivergence_GT,atomic,[CrossSignalDivergence_GT],[1.0000],1,6,1.0000,[dt-1;dt-2;dt-3],[[96d97454-5374-4977-b46c-2a6dbf98c22f;afe47bb3-e5cc-470d-8284-dcdd0f18a086;cf71b4a3-dd96-4501-8e63-28cac82be69c;9422701e-e33d-4176-9c0a-f69b0de7d55a;149c1b30-c3f1-4ab9-a82b-11a72b0b3c0b;78fc13e4-2478-4fff-9730-1b43cee73ffa]]
2026-04-03 19:17:42.341,26.528,CrossSignalRelativeStable_SYS,atomic,[CrossSignalRelativeStable_SYS],[0.9435],1,6,0.9435,[dt-1;dt-2;dt-3],[[dbd89f80-8bbf-406a-a85d-5cdef7dd9c56;25b176d0-aed5-460b-8bff-00b8f986f94c;4cb501ef-98c0-4ec4-b1c4-6f85f111771f;6c664fb1-d61d-4df9-9cc2-dff969c93574;1a3148d4-052c-44a4-be1f-39373dc7916e;a5508a2c-4ef9-4be2-9bdc-9ba2c91ba81a]]
2026-04-03 19:17:42.360,26.547,CrossSignalRelativeStable_GT,atomic,[CrossSignalRelativeStable_GT],[1.0000],1,6,1.0000,[dt-1;dt-2;dt-3],[[9422701e-e33d-4176-9c0a-f69b0de7d55a;149c1b30-c3f1-4ab9-a82b-11a72b0b3c0b;78fc13e4-2478-4fff-9730-1b43cee73ffa;4c0d1ac8-f437-4d96-bc83-359909e38a22;07dd8a76-8aa6-400b-ade8-d788497e4e07;3ac095cf-0d51-4d26-8ab8-fb65779ec2a1]]
2026-04-03 19:17:42.450,26.637,CrossSignalRelativeStable_SYS,atomic,[CrossSignalRelativeStable_SYS],[0.9122],1,6,0.9122,[dt-1;dt-2;dt-3],[[6c664fb1-d61d-4df9-9cc2-dff969c93574;1a3148d4-052c-44a4-be1f-39373dc7916e;a5508a2c-4ef9-4be2-9bdc-9ba2c91ba81a;12716379-c939-42ed-9aa8-81958806502d;5b940619-971f-4178-a07f-a3b892454b53;7f46618f-7ba3-4850-b31b-75f7e474687b]]
2026-04-03 19:17:42.451,26.638,CrossSignalTrendConsistency_SYS,atomic,[CrossSignalTrendConsistency_SYS],[0.9122],1,6,0.9122,[dt-1;dt-2;dt-3],[[6c664fb1-d61d-4df9-9cc2-dff969c93574;1a3148d4-052c-44a4-be1f-39373dc7916e;a5508a2c-4ef9-4be2-9bdc-9ba2c91ba81a;12716379-c939-42ed-9aa8-81958806502d;5b940619-971f-4178-a07f-a3b892454b53;7f46618f-7ba3-4850-b31b-75f7e474687b]]
2026-04-03 19:17:42.474,26.661,CrossSignalRelativeStable_GT,atomic,[CrossSignalRelativeStable_GT],[1.0000],1,6,1.0000,[dt-1;dt-2;dt-3],[[4c0d1ac8-f437-4d96-bc83-359909e38a22;07dd8a76-8aa6-400b-ade8-d788497e4e07;3ac095cf-0d51-4d26-8ab8-fb65779ec2a1;c88eb802-1bd5-4b32-a975-481df3b14bca;6b2e82ed-d6d9-4850-831a-001b02f1d726;bcc53811-0ab0-45a7-92b3-e802f0329677]]
2026-04-03 19:17:42.475,26.662,CrossSignalTrendConsistency_GT,atomic,[CrossSignalTrendConsistency_GT],[1.0000],1,6,1.0000,[dt-1;dt-2;dt-3],[[4c0d1ac8-f437-4d96-bc83-359909e38a22;07dd8a76-8aa6-400b-ade8-d788497e4e07;3ac095cf-0d51-4d26-8ab8-fb65779ec2a1;c88eb802-1bd5-4b32-a975-481df3b14bca;6b2e82ed-d6d9-4850-831a-001b02f1d726;bcc53811-0ab0-45a7-92b3-e802f0329677]]
2026-04-03 19:17:42.575,26.762,CrossSignalRelativeStable_GT,atomic,[CrossSignalRelativeStable_GT],[1.0000],1,6,1.0000,[dt-1;dt-2;dt-3],[[c88eb802-1bd5-4b32-a975-481df3b14bca;6b2e82ed-d6d9-4850-831a-001b02f1d726;bcc53811-0ab0-45a7-92b3-e802f0329677;56007dae-3eb7-411a-a4c5-c436065ccecd;cbb26934-ad12-4f1a-8f03-e126c4bc1a4c;11d84b91-5a3c-407e-a66c-1ada8c10883d]]
2026-04-03 19:17:42.575,26.762,CrossSignalTrendConsistency_GT,atomic,[CrossSignalTrendConsistency_GT],[1.0000],1,6,1.0000,[dt-1;dt-2;dt-3],[[c88eb802-1bd5-4b32-a975-481df3b14bca;6b2e82ed-d6d9-4850-831a-001b02f1d726;bcc53811-0ab0-45a7-92b3-e802f0329677;56007dae-3eb7-411a-a4c5-c436065ccecd;cbb26934-ad12-4f1a-8f03-e126c4bc1a4c;11d84b91-5a3c-407e-a66c-1ada8c10883d]]
2026-04-03 19:17:42.672,26.859,CrossSignalRelativeStable_SYS,atomic,[CrossSignalRelativeStable_SYS],[0.8674],1,6,0.8674,[dt-1;dt-2;dt-3],[[12716379-c939-42ed-9aa8-81958806502d;5b940619-971f-4178-a07f-a3b892454b53;7f46618f-7ba3-4850-b31b-75f7e474687b;75c7343c-0158-41fa-b21b-b41dcd1719bc;82beb7a9-66db-4784-b3b2-f7f87f183d4b;015d4b70-b260-4532-ac51-206a4fd1ccf7]]
2026-04-03 19:17:42.672,26.859,CrossSignalTrendConsistency_SYS,atomic,[CrossSignalTrendConsistency_SYS],[0.8674],1,6,0.8674,[dt-1;dt-2;dt-3],[[12716379-c939-42ed-9aa8-81958806502d;5b940619-971f-4178-a07f-a3b892454b53;7f46618f-7ba3-4850-b31b-75f7e474687b;75c7343c-0158-41fa-b21b-b41dcd1719bc;82beb7a9-66db-4784-b3b2-f7f87f183d4b;015d4b70-b260-4532-ac51-206a4fd1ccf7]]
2026-04-03 19:17:42.672,26.859,CrossSignalRelativeStable_SYS,atomic,[CrossSignalRelativeStable_SYS],[0.8473],1,6,0.8473,[dt-1;dt-2;dt-3],[[75c7343c-0158-41fa-b21b-b41dcd1719bc;82beb7a9-66db-4784-b3b2-f7f87f183d4b;015d4b70-b260-4532-ac51-206a4fd1ccf7;f8d7824b-a334-40a3-b1e2-7ff877c0367f;b5deb060-7b4e-4009-8d11-613e296331b3;30bcfd03-047e-49c8-89c7-cc040def1c8b]]
2026-04-03 19:17:42.679,26.866,CrossSignalRelativeStable_GT,atomic,[CrossSignalRelativeStable_GT],[1.0000],1,6,1.0000,[dt-1;dt-2;dt-3],[[56007dae-3eb7-411a-a4c5-c436065ccecd;cbb26934-ad12-4f1a-8f03-e126c4bc1a4c;11d84b91-5a3c-407e-a66c-1ada8c10883d;0939a311-73df-4fd3-9ccd-ad6e500469fc;9bcc2ce1-ff31-4106-b746-247b3fae9671;d3f3df30-67c0-4064-814f-cee75a84356b]]
2026-04-03 19:17:42.779,26.966,CrossSignalRelativeStable_OBS,atomic,[CrossSignalRelativeStable_OBS],[1.0000],1,6,1.0000,[dt-1;dt-2;dt-3],[[dbd89f80-8bbf-406a-a85d-5cdef7dd9c56;1f1ba0ba-b5f9-4f51-8b48-36248ee04aaf;4cb501ef-98c0-4ec4-b1c4-6f85f111771f;7a289ed4-6d68-433d-9c1b-9c2453c441e0;c854dd31-00af-4286-bbd9-4c4d2799458e;a5508a2c-4ef9-4be2-9bdc-9ba2c91ba81a]]
2026-04-03 19:17:42.792,26.979,CrossSignalRelativeStable_GT,atomic,[CrossSignalRelativeStable_GT],[1.0000],1,6,1.0000,[dt-1;dt-2;dt-3],[[0939a311-73df-4fd3-9ccd-ad6e500469fc;9bcc2ce1-ff31-4106-b746-247b3fae9671;d3f3df30-67c0-4064-814f-cee75a84356b;9dad121c-a798-4095-bfda-034bdeb01679;0731e07a-17b9-4754-a5b7-8bc8cd62ebba;c1797bc2-bc7a-4c82-9df5-4b6cc78d457e]]
2026-04-03 19:17:42.792,26.979,CrossSignalTrendConsistency_GT,atomic,[CrossSignalTrendConsistency_GT],[1.0000],1,6,1.0000,[dt-1;dt-2;dt-3],[[0939a311-73df-4fd3-9ccd-ad6e500469fc;9bcc2ce1-ff31-4106-b746-247b3fae9671;d3f3df30-67c0-4064-814f-cee75a84356b;9dad121c-a798-4095-bfda-034bdeb01679;0731e07a-17b9-4754-a5b7-8bc8cd62ebba;c1797bc2-bc7a-4c82-9df5-4b6cc78d457e]]
2026-04-03 19:17:42.792,26.979,CrossSignalDivergence_GT,atomic,[CrossSignalDivergence_GT],[1.0000],1,6,1.0000,[dt-1;dt-2;dt-3],[[0939a311-73df-4fd3-9ccd-ad6e500469fc;9bcc2ce1-ff31-4106-b746-247b3fae9671;d3f3df30-67c0-4064-814f-cee75a84356b;9dad121c-a798-4095-bfda-034bdeb01679;0731e07a-17b9-4754-a5b7-8bc8cd62ebba;c1797bc2-bc7a-4c82-9df5-4b6cc78d457e]]
2026-04-03 19:17:42.890,27.077,CrossSignalRelativeStable_SYS,atomic,[CrossSignalRelativeStable_SYS],[0.9290],1,6,0.9290,[dt-1;dt-2;dt-3],[[f8d7824b-a334-40a3-b1e2-7ff877c0367f;b5deb060-7b4e-4009-8d11-613e296331b3;30bcfd03-047e-49c8-89c7-cc040def1c8b;8fe99e4f-bd3c-422b-a8ef-7e75a6fef2f7;c854dd31-00af-4286-bbd9-4c4d2799458e;70a2873a-b5db-4921-a89f-1ff517efeebc]]
2026-04-03 19:17:42.890,27.077,CrossSignalDivergence_SYS,atomic,[CrossSignalDivergence_SYS],[0.9290],1,6,0.9290,[dt-1;dt-2;dt-3],[[f8d7824b-a334-40a3-b1e2-7ff877c0367f;b5deb060-7b4e-4009-8d11-613e296331b3;30bcfd03-047e-49c8-89c7-cc040def1c8b;8fe99e4f-bd3c-422b-a8ef-7e75a6fef2f7;c854dd31-00af-4286-bbd9-4c4d2799458e;70a2873a-b5db-4921-a89f-1ff517efeebc]]
2026-04-03 19:17:42.909,27.096,CrossSignalRelativeStable_GT,atomic,[CrossSignalRelativeStable_GT],[1.0000],1,6,1.0000,[dt-1;dt-2;dt-3],[[9dad121c-a798-4095-bfda-034bdeb01679;0731e07a-17b9-4754-a5b7-8bc8cd62ebba;c1797bc2-bc7a-4c82-9df5-4b6cc78d457e;ae638c13-3a66-416d-9587-68ccb79340ea;63bbd4b6-fbcd-4d38-8800-7162d5a7aa9d;487616ed-fffe-4b84-8d36-6e11b4278dd7]]
2026-04-03 19:17:42.909,27.096,CrossSignalTrendConsistency_GT,atomic,[CrossSignalTrendConsistency_GT],[1.0000],1,6,1.0000,[dt-1;dt-2;dt-3],[[9dad121c-a798-4095-bfda-034bdeb01679;0731e07a-17b9-4754-a5b7-8bc8cd62ebba;c1797bc2-bc7a-4c82-9df5-4b6cc78d457e;ae638c13-3a66-416d-9587-68ccb79340ea;63bbd4b6-fbcd-4d38-8800-7162d5a7aa9d;487616ed-fffe-4b84-8d36-6e11b4278dd7]]
2026-04-03 19:17:42.909,27.096,CrossSignalDivergence_GT,atomic,[CrossSignalDivergence_GT],[1.0000],1,6,1.0000,[dt-1;dt-2;dt-3],[[9dad121c-a798-4095-bfda-034bdeb01679;0731e07a-17b9-4754-a5b7-8bc8cd62ebba;c1797bc2-bc7a-4c82-9df5-4b6cc78d457e;ae638c13-3a66-416d-9587-68ccb79340ea;63bbd4b6-fbcd-4d38-8800-7162d5a7aa9d;487616ed-fffe-4b84-8d36-6e11b4278dd7]]
2026-04-03 19:17:43.003,27.190,CrossSignalRelativeStable_OBS,atomic,[CrossSignalRelativeStable_OBS],[1.0000],1,6,1.0000,[dt-1;dt-2;dt-3],[[7a289ed4-6d68-433d-9c1b-9c2453c441e0;c854dd31-00af-4286-bbd9-4c4d2799458e;a5508a2c-4ef9-4be2-9bdc-9ba2c91ba81a;8fe99e4f-bd3c-422b-a8ef-7e75a6fef2f7;8e04e321-a01a-4776-99c2-255cf7441fe8;70a2873a-b5db-4921-a89f-1ff517efeebc]]
2026-04-03 19:17:43.003,27.190,CrossSignalTrendConsistency_OBS,atomic,[CrossSignalTrendConsistency_OBS],[1.0000],1,6,1.0000,[dt-1;dt-2;dt-3],[[7a289ed4-6d68-433d-9c1b-9c2453c441e0;c854dd31-00af-4286-bbd9-4c4d2799458e;a5508a2c-4ef9-4be2-9bdc-9ba2c91ba81a;8fe99e4f-bd3c-422b-a8ef-7e75a6fef2f7;8e04e321-a01a-4776-99c2-255cf7441fe8;70a2873a-b5db-4921-a89f-1ff517efeebc]]
2026-04-03 19:17:43.003,27.190,CrossSignalDivergence_OBS,atomic,[CrossSignalDivergence_OBS],[1.0000],1,6,1.0000,[dt-1;dt-2;dt-3],[[7a289ed4-6d68-433d-9c1b-9c2453c441e0;c854dd31-00af-4286-bbd9-4c4d2799458e;a5508a2c-4ef9-4be2-9bdc-9ba2c91ba81a;8fe99e4f-bd3c-422b-a8ef-7e75a6fef2f7;8e04e321-a01a-4776-99c2-255cf7441fe8;70a2873a-b5db-4921-a89f-1ff517efeebc]]
2026-04-03 19:17:43.014,27.201,CrossSignalRelativeStable_GT,atomic,[CrossSignalRelativeStable_GT],[1.0000],1,6,1.0000,[dt-1;dt-2;dt-3],[[ae638c13-3a66-416d-9587-68ccb79340ea;63bbd4b6-fbcd-4d38-8800-7162d5a7aa9d;487616ed-fffe-4b84-8d36-6e11b4278dd7;65b930b2-61ee-411f-89c3-8f0cec283468;cf71afc8-6e80-462d-a837-dc34fba08482;164e0baf-85ed-42c2-ba96-beeda8c85b20]]
2026-04-03 19:17:43.014,27.201,CrossSignalDivergence_GT,atomic,[CrossSignalDivergence_GT],[1.0000],1,6,1.0000,[dt-1;dt-2;dt-3],[[ae638c13-3a66-416d-9587-68ccb79340ea;63bbd4b6-fbcd-4d38-8800-7162d5a7aa9d;487616ed-fffe-4b84-8d36-6e11b4278dd7;65b930b2-61ee-411f-89c3-8f0cec283468;cf71afc8-6e80-462d-a837-dc34fba08482;164e0baf-85ed-42c2-ba96-beeda8c85b20]]
2026-04-03 19:17:43.115,27.302,CrossSignalRelativeStable_SYS,atomic,[CrossSignalRelativeStable_SYS],[0.9607],1,6,0.9607,[dt-1;dt-2;dt-3],[[8fe99e4f-bd3c-422b-a8ef-7e75a6fef2f7;c854dd31-00af-4286-bbd9-4c4d2799458e;70a2873a-b5db-4921-a89f-1ff517efeebc;18814da4-4966-4a62-966e-e2ee4f190344;76abd2e0-c220-4195-90eb-dd96d8080019;866e4991-215e-45cd-b428-10f1dd358e6c]]
2026-04-03 19:17:43.115,27.302,CrossSignalDivergence_SYS,atomic,[CrossSignalDivergence_SYS],[0.9607],1,6,0.9607,[dt-1;dt-2;dt-3],[[8fe99e4f-bd3c-422b-a8ef-7e75a6fef2f7;c854dd31-00af-4286-bbd9-4c4d2799458e;70a2873a-b5db-4921-a89f-1ff517efeebc;18814da4-4966-4a62-966e-e2ee4f190344;76abd2e0-c220-4195-90eb-dd96d8080019;866e4991-215e-45cd-b428-10f1dd358e6c]]
2026-04-03 19:17:43.121,27.308,CrossSignalRelativeStable_GT,atomic,[CrossSignalRelativeStable_GT],[1.0000],1,6,1.0000,[dt-1;dt-2;dt-3],[[65b930b2-61ee-411f-89c3-8f0cec283468;cf71afc8-6e80-462d-a837-dc34fba08482;164e0baf-85ed-42c2-ba96-beeda8c85b20;ac15b9ef-9472-4e2e-b1c3-42d2dd7e7de7;f69fe9eb-3cd4-4427-8d54-93bf38d2b7c4;2c26cefe-473b-4bcd-a46f-8032eba99308]]
2026-04-03 19:17:43.121,27.308,CrossSignalDivergence_GT,atomic,[CrossSignalDivergence_GT],[1.0000],1,6,1.0000,[dt-1;dt-2;dt-3],[[65b930b2-61ee-411f-89c3-8f0cec283468;cf71afc8-6e80-462d-a837-dc34fba08482;164e0baf-85ed-42c2-ba96-beeda8c85b20;ac15b9ef-9472-4e2e-b1c3-42d2dd7e7de7;f69fe9eb-3cd4-4427-8d54-93bf38d2b7c4;2c26cefe-473b-4bcd-a46f-8032eba99308]]
2026-04-03 19:17:43.255,27.442,CrossSignalRelativeStable_GT,atomic,[CrossSignalRelativeStable_GT],[1.0000],1,6,1.0000,[dt-1;dt-2;dt-3],[[ac15b9ef-9472-4e2e-b1c3-42d2dd7e7de7;f69fe9eb-3cd4-4427-8d54-93bf38d2b7c4;2c26cefe-473b-4bcd-a46f-8032eba99308;64e6c0d1-fcd3-42a5-a743-270983655b4f;ab65a068-b074-4078-94f7-505852320a42;c018155b-5cf0-41d4-8eec-64eb69bd4e04]]
2026-04-03 19:17:43.255,27.442,CrossSignalDivergence_GT,atomic,[CrossSignalDivergence_GT],[1.0000],1,6,1.0000,[dt-1;dt-2;dt-3],[[ac15b9ef-9472-4e2e-b1c3-42d2dd7e7de7;f69fe9eb-3cd4-4427-8d54-93bf38d2b7c4;2c26cefe-473b-4bcd-a46f-8032eba99308;64e6c0d1-fcd3-42a5-a743-270983655b4f;ab65a068-b074-4078-94f7-505852320a42;c018155b-5cf0-41d4-8eec-64eb69bd4e04]]
2026-04-03 19:17:43.336,27.523,CrossSignalRelativeStable_SYS,atomic,[CrossSignalRelativeStable_SYS],[0.9239],1,6,0.9239,[dt-1;dt-2;dt-3],[[18814da4-4966-4a62-966e-e2ee4f190344;76abd2e0-c220-4195-90eb-dd96d8080019;866e4991-215e-45cd-b428-10f1dd358e6c;68b65b7c-7954-4231-82c3-dc88944ab047;46222ae9-3ee5-4a5e-8144-8dce03dc9bf0;34889aec-2fcd-4736-8f21-0e05bd515bd8]]
2026-04-03 19:17:43.336,27.523,CrossSignalDivergence_SYS,atomic,[CrossSignalDivergence_SYS],[0.9239],1,6,0.9239,[dt-1;dt-2;dt-3],[[18814da4-4966-4a62-966e-e2ee4f190344;76abd2e0-c220-4195-90eb-dd96d8080019;866e4991-215e-45cd-b428-10f1dd358e6c;68b65b7c-7954-4231-82c3-dc88944ab047;46222ae9-3ee5-4a5e-8144-8dce03dc9bf0;34889aec-2fcd-4736-8f21-0e05bd515bd8]]
2026-04-03 19:17:43.350,27.537,CrossSignalRelativeStable_GT,atomic,[CrossSignalRelativeStable_GT],[1.0000],1,6,1.0000,[dt-1;dt-2;dt-3],[[64e6c0d1-fcd3-42a5-a743-270983655b4f;ab65a068-b074-4078-94f7-505852320a42;c018155b-5cf0-41d4-8eec-64eb69bd4e04;496bbf92-597a-4559-bbf2-6ec90c67d4ab;9d8e01e4-137c-4abf-892d-29fc887eeef3;3bf5e591-c25b-4850-856d-81d78134b7b3]]
2026-04-03 19:17:43.350,27.537,CrossSignalTrendConsistency_GT,atomic,[CrossSignalTrendConsistency_GT],[1.0000],1,6,1.0000,[dt-1;dt-2;dt-3],[[64e6c0d1-fcd3-42a5-a743-270983655b4f;ab65a068-b074-4078-94f7-505852320a42;c018155b-5cf0-41d4-8eec-64eb69bd4e04;496bbf92-597a-4559-bbf2-6ec90c67d4ab;9d8e01e4-137c-4abf-892d-29fc887eeef3;3bf5e591-c25b-4850-856d-81d78134b7b3]]
2026-04-03 19:17:43.350,27.537,CrossSignalDivergence_GT,atomic,[CrossSignalDivergence_GT],[1.0000],1,6,1.0000,[dt-1;dt-2;dt-3],[[64e6c0d1-fcd3-42a5-a743-270983655b4f;ab65a068-b074-4078-94f7-505852320a42;c018155b-5cf0-41d4-8eec-64eb69bd4e04;496bbf92-597a-4559-bbf2-6ec90c67d4ab;9d8e01e4-137c-4abf-892d-29fc887eeef3;3bf5e591-c25b-4850-856d-81d78134b7b3]]
2026-04-03 19:17:43.445,27.632,CrossSignalRelativeStable_OBS,atomic,[CrossSignalRelativeStable_OBS],[1.0000],1,6,1.0000,[dt-1;dt-2;dt-3],[[8fe99e4f-bd3c-422b-a8ef-7e75a6fef2f7;8e04e321-a01a-4776-99c2-255cf7441fe8;70a2873a-b5db-4921-a89f-1ff517efeebc;e7a55fa3-c9e1-4d55-b92f-2bd6ad99f1ae;12cf1440-ebf0-4179-85be-6cb31def72b7;34889aec-2fcd-4736-8f21-0e05bd515bd8]]
2026-04-03 19:17:43.445,27.632,CrossSignalDivergence_OBS,atomic,[CrossSignalDivergence_OBS],[1.0000],1,6,1.0000,[dt-1;dt-2;dt-3],[[8fe99e4f-bd3c-422b-a8ef-7e75a6fef2f7;8e04e321-a01a-4776-99c2-255cf7441fe8;70a2873a-b5db-4921-a89f-1ff517efeebc;e7a55fa3-c9e1-4d55-b92f-2bd6ad99f1ae;12cf1440-ebf0-4179-85be-6cb31def72b7;34889aec-2fcd-4736-8f21-0e05bd515bd8]]
2026-04-03 19:17:43.462,27.649,CrossSignalRelativeStable_GT,atomic,[CrossSignalRelativeStable_GT],[1.0000],1,6,1.0000,[dt-1;dt-2;dt-3],[[496bbf92-597a-4559-bbf2-6ec90c67d4ab;9d8e01e4-137c-4abf-892d-29fc887eeef3;3bf5e591-c25b-4850-856d-81d78134b7b3;2e56bc94-719d-4f54-93fd-8966c5830098;f2d094c8-8e50-4cf8-a34a-e263ac26896c;d15ed262-6888-452e-b09b-9ef6cedf9343]]
2026-04-03 19:17:43.462,27.649,CrossSignalDivergence_GT,atomic,[CrossSignalDivergence_GT],[1.0000],1,6,1.0000,[dt-1;dt-2;dt-3],[[496bbf92-597a-4559-bbf2-6ec90c67d4ab;9d8e01e4-137c-4abf-892d-29fc887eeef3;3bf5e591-c25b-4850-856d-81d78134b7b3;2e56bc94-719d-4f54-93fd-8966c5830098;f2d094c8-8e50-4cf8-a34a-e263ac26896c;d15ed262-6888-452e-b09b-9ef6cedf9343]]
2026-04-03 19:17:43.559,27.746,CrossSignalRelativeStable_SYS,atomic,[CrossSignalRelativeStable_SYS],[0.8814],1,6,0.8814,[dt-1;dt-2;dt-3],[[68b65b7c-7954-4231-82c3-dc88944ab047;46222ae9-3ee5-4a5e-8144-8dce03dc9bf0;34889aec-2fcd-4736-8f21-0e05bd515bd8;482dae4b-ab22-4ec0-ac82-a58ac4346a40;756ff1f0-87c1-4812-9169-a5b6cef59f22;80e863d3-7f54-40c2-a559-2d22a63c6adf]]
2026-04-03 19:17:43.559,27.746,CrossSignalDivergence_SYS,atomic,[CrossSignalDivergence_SYS],[0.8814],1,6,0.8814,[dt-1;dt-2;dt-3],[[68b65b7c-7954-4231-82c3-dc88944ab047;46222ae9-3ee5-4a5e-8144-8dce03dc9bf0;34889aec-2fcd-4736-8f21-0e05bd515bd8;482dae4b-ab22-4ec0-ac82-a58ac4346a40;756ff1f0-87c1-4812-9169-a5b6cef59f22;80e863d3-7f54-40c2-a559-2d22a63c6adf]]
2026-04-03 19:17:43.571,27.758,CrossSignalRelativeStable_GT,atomic,[CrossSignalRelativeStable_GT],[1.0000],1,6,1.0000,[dt-1;dt-2;dt-3],[[2e56bc94-719d-4f54-93fd-8966c5830098;f2d094c8-8e50-4cf8-a34a-e263ac26896c;d15ed262-6888-452e-b09b-9ef6cedf9343;ccbe1dd5-2429-421f-adf4-9f708b6fefbe;b850b545-0f51-48ac-be4a-ac4dd8b2d4fd;4ba87aa5-bc43-49aa-8952-69387cf6007f]]
2026-04-03 19:17:43.571,27.758,CrossSignalDivergence_GT,atomic,[CrossSignalDivergence_GT],[1.0000],1,6,1.0000,[dt-1;dt-2;dt-3],[[2e56bc94-719d-4f54-93fd-8966c5830098;f2d094c8-8e50-4cf8-a34a-e263ac26896c;d15ed262-6888-452e-b09b-9ef6cedf9343;ccbe1dd5-2429-421f-adf4-9f708b6fefbe;b850b545-0f51-48ac-be4a-ac4dd8b2d4fd;4ba87aa5-bc43-49aa-8952-69387cf6007f]]
2026-04-03 19:17:43.666,27.853,CrossSignalRelativeStable_SYS,atomic,[CrossSignalRelativeStable_SYS],[0.8812],1,6,0.8812,[dt-1;dt-2;dt-3],[[482dae4b-ab22-4ec0-ac82-a58ac4346a40;756ff1f0-87c1-4812-9169-a5b6cef59f22;80e863d3-7f54-40c2-a559-2d22a63c6adf;e1261d1b-b2ac-4c49-a74d-ca14ead8e05d;a807500a-45a9-429a-97aa-1b8b52bc0189;bdb72217-9dd7-44dd-9bc5-365539c64571]]
2026-04-03 19:17:43.667,27.854,CrossSignalDivergence_SYS,atomic,[CrossSignalDivergence_SYS],[0.8812],1,6,0.8812,[dt-1;dt-2;dt-3],[[482dae4b-ab22-4ec0-ac82-a58ac4346a40;756ff1f0-87c1-4812-9169-a5b6cef59f22;80e863d3-7f54-40c2-a559-2d22a63c6adf;e1261d1b-b2ac-4c49-a74d-ca14ead8e05d;a807500a-45a9-429a-97aa-1b8b52bc0189;bdb72217-9dd7-44dd-9bc5-365539c64571]]
2026-04-03 19:17:43.667,27.854,CrossSignalRelativeStable_OBS,atomic,[CrossSignalRelativeStable_OBS],[1.0000],1,6,1.0000,[dt-1;dt-2;dt-3],[[e7a55fa3-c9e1-4d55-b92f-2bd6ad99f1ae;12cf1440-ebf0-4179-85be-6cb31def72b7;34889aec-2fcd-4736-8f21-0e05bd515bd8;e1261d1b-b2ac-4c49-a74d-ca14ead8e05d;c0bd7bd9-d228-440e-95ba-c286ad5e930a;bdb72217-9dd7-44dd-9bc5-365539c64571]]
2026-04-03 19:17:43.667,27.854,CrossSignalDivergence_OBS,atomic,[CrossSignalDivergence_OBS],[1.0000],1,6,1.0000,[dt-1;dt-2;dt-3],[[e7a55fa3-c9e1-4d55-b92f-2bd6ad99f1ae;12cf1440-ebf0-4179-85be-6cb31def72b7;34889aec-2fcd-4736-8f21-0e05bd515bd8;e1261d1b-b2ac-4c49-a74d-ca14ead8e05d;c0bd7bd9-d228-440e-95ba-c286ad5e930a;bdb72217-9dd7-44dd-9bc5-365539c64571]]
2026-04-03 19:17:43.679,27.866,CrossSignalRelativeStable_GT,atomic,[CrossSignalRelativeStable_GT],[1.0000],1,6,1.0000,[dt-1;dt-2;dt-3],[[ccbe1dd5-2429-421f-adf4-9f708b6fefbe;b850b545-0f51-48ac-be4a-ac4dd8b2d4fd;4ba87aa5-bc43-49aa-8952-69387cf6007f;8f16c109-049d-4fb6-8472-c2dc2753306b;ec7ecef8-2f1a-4bb1-baac-ce4fa909bc7e;78f93077-05ed-4b04-b486-ad60758e7408]]
2026-04-03 19:17:43.679,27.866,CrossSignalDivergence_GT,atomic,[CrossSignalDivergence_GT],[1.0000],1,6,1.0000,[dt-1;dt-2;dt-3],[[ccbe1dd5-2429-421f-adf4-9f708b6fefbe;b850b545-0f51-48ac-be4a-ac4dd8b2d4fd;4ba87aa5-bc43-49aa-8952-69387cf6007f;8f16c109-049d-4fb6-8472-c2dc2753306b;ec7ecef8-2f1a-4bb1-baac-ce4fa909bc7e;78f93077-05ed-4b04-b486-ad60758e7408]]
2026-04-03 19:17:43.777,27.964,CrossSignalRelativeStable_SYS,atomic,[CrossSignalRelativeStable_SYS],[0.9433],1,6,0.9433,[dt-1;dt-2;dt-3],[[e1261d1b-b2ac-4c49-a74d-ca14ead8e05d;a807500a-45a9-429a-97aa-1b8b52bc0189;bdb72217-9dd7-44dd-9bc5-365539c64571;dfdcfdc3-ca05-4dfb-8cfc-92fe8fae1a5b;c0bd7bd9-d228-440e-95ba-c286ad5e930a;10260b93-5d59-4564-8d4c-31d2584a3d53]]
2026-04-03 19:17:43.777,27.964,CrossSignalDivergence_SYS,atomic,[CrossSignalDivergence_SYS],[0.9433],1,6,0.9433,[dt-1;dt-2;dt-3],[[e1261d1b-b2ac-4c49-a74d-ca14ead8e05d;a807500a-45a9-429a-97aa-1b8b52bc0189;bdb72217-9dd7-44dd-9bc5-365539c64571;dfdcfdc3-ca05-4dfb-8cfc-92fe8fae1a5b;c0bd7bd9-d228-440e-95ba-c286ad5e930a;10260b93-5d59-4564-8d4c-31d2584a3d53]]
2026-04-03 19:17:43.789,27.976,CrossSignalRelativeStable_GT,atomic,[CrossSignalRelativeStable_GT],[1.0000],1,6,1.0000,[dt-1;dt-2;dt-3],[[8f16c109-049d-4fb6-8472-c2dc2753306b;ec7ecef8-2f1a-4bb1-baac-ce4fa909bc7e;78f93077-05ed-4b04-b486-ad60758e7408;59341b0d-4059-4624-8462-65ecc2c129a2;f7efb6c9-5080-4422-8d99-9ce94cc35e2b;9cb5abe6-9891-4816-861c-1555dd088bd4]]
2026-04-03 19:17:43.789,27.976,CrossSignalDivergence_GT,atomic,[CrossSignalDivergence_GT],[1.0000],1,6,1.0000,[dt-1;dt-2;dt-3],[[8f16c109-049d-4fb6-8472-c2dc2753306b;ec7ecef8-2f1a-4bb1-baac-ce4fa909bc7e;78f93077-05ed-4b04-b486-ad60758e7408;59341b0d-4059-4624-8462-65ecc2c129a2;f7efb6c9-5080-4422-8d99-9ce94cc35e2b;9cb5abe6-9891-4816-861c-1555dd088bd4]]
2026-04-03 19:17:43.889,28.076,CrossSignalRelativeStable_SYS,atomic,[CrossSignalRelativeStable_SYS],[0.9804],1,6,0.9804,[dt-1;dt-2;dt-3],[[dfdcfdc3-ca05-4dfb-8cfc-92fe8fae1a5b;c0bd7bd9-d228-440e-95ba-c286ad5e930a;10260b93-5d59-4564-8d4c-31d2584a3d53;1e7418f4-61dc-4e74-a418-d26e8180da88;2041f718-b2c7-4f40-9f5a-26fe2a45327d;d8a28ba2-760f-4c85-b107-c93e44439e3a]]
2026-04-03 19:17:43.890,28.077,CrossSignalDivergence_SYS,atomic,[CrossSignalDivergence_SYS],[0.9804],1,6,0.9804,[dt-1;dt-2;dt-3],[[dfdcfdc3-ca05-4dfb-8cfc-92fe8fae1a5b;c0bd7bd9-d228-440e-95ba-c286ad5e930a;10260b93-5d59-4564-8d4c-31d2584a3d53;1e7418f4-61dc-4e74-a418-d26e8180da88;2041f718-b2c7-4f40-9f5a-26fe2a45327d;d8a28ba2-760f-4c85-b107-c93e44439e3a]]
2026-04-03 19:17:43.896,28.083,CrossSignalRelativeStable_GT,atomic,[CrossSignalRelativeStable_GT],[1.0000],1,6,1.0000,[dt-1;dt-2;dt-3],[[59341b0d-4059-4624-8462-65ecc2c129a2;f7efb6c9-5080-4422-8d99-9ce94cc35e2b;9cb5abe6-9891-4816-861c-1555dd088bd4;a837519c-49f0-4159-bcb5-af740f19fa87;b0ca0910-9c9f-49a2-9890-cad8c8d7a123;7223a72f-3cea-4eb3-82cd-f7e5ed874117]]
2026-04-03 19:17:43.896,28.083,CrossSignalDivergence_GT,atomic,[CrossSignalDivergence_GT],[1.0000],1,6,1.0000,[dt-1;dt-2;dt-3],[[59341b0d-4059-4624-8462-65ecc2c129a2;f7efb6c9-5080-4422-8d99-9ce94cc35e2b;9cb5abe6-9891-4816-861c-1555dd088bd4;a837519c-49f0-4159-bcb5-af740f19fa87;b0ca0910-9c9f-49a2-9890-cad8c8d7a123;7223a72f-3cea-4eb3-82cd-f7e5ed874117]]
2026-04-03 19:17:44.007,28.194,CrossSignalRelativeStable_GT,atomic,[CrossSignalRelativeStable_GT],[1.0000],1,6,1.0000,[dt-1;dt-2;dt-3],[[a837519c-49f0-4159-bcb5-af740f19fa87;b0ca0910-9c9f-49a2-9890-cad8c8d7a123;7223a72f-3cea-4eb3-82cd-f7e5ed874117;ecabdb52-5205-4edf-9acc-783f8ff3b088;b9997ec4-c476-47b6-9de7-d69946e0a2e8;74aa64d7-8711-43fb-857b-7ddb8a13b8da]]
2026-04-03 19:17:44.007,28.194,CrossSignalTrendConsistency_GT,atomic,[CrossSignalTrendConsistency_GT],[1.0000],1,6,1.0000,[dt-1;dt-2;dt-3],[[a837519c-49f0-4159-bcb5-af740f19fa87;b0ca0910-9c9f-49a2-9890-cad8c8d7a123;7223a72f-3cea-4eb3-82cd-f7e5ed874117;ecabdb52-5205-4edf-9acc-783f8ff3b088;b9997ec4-c476-47b6-9de7-d69946e0a2e8;74aa64d7-8711-43fb-857b-7ddb8a13b8da]]
2026-04-03 19:17:44.007,28.194,CrossSignalDivergence_GT,atomic,[CrossSignalDivergence_GT],[1.0000],1,6,1.0000,[dt-1;dt-2;dt-3],[[a837519c-49f0-4159-bcb5-af740f19fa87;b0ca0910-9c9f-49a2-9890-cad8c8d7a123;7223a72f-3cea-4eb3-82cd-f7e5ed874117;ecabdb52-5205-4edf-9acc-783f8ff3b088;b9997ec4-c476-47b6-9de7-d69946e0a2e8;74aa64d7-8711-43fb-857b-7ddb8a13b8da]]
2026-04-03 19:17:44.119,28.306,CrossSignalRelativeStable_SYS,atomic,[CrossSignalRelativeStable_SYS],[0.9804],1,6,0.9804,[dt-1;dt-2;dt-3],[[1e7418f4-61dc-4e74-a418-d26e8180da88;2041f718-b2c7-4f40-9f5a-26fe2a45327d;d8a28ba2-760f-4c85-b107-c93e44439e3a;cb3d76e0-c0cb-4724-a93f-1a34b2f72ec2;a363694d-f68a-4a3c-823a-bee78961541f;7946df35-528c-49ce-a640-4009f85e1ef3]]
2026-04-03 19:17:44.120,28.307,CrossSignalTrendConsistency_SYS,atomic,[CrossSignalTrendConsistency_SYS],[0.9804],1,6,0.9804,[dt-1;dt-2;dt-3],[[1e7418f4-61dc-4e74-a418-d26e8180da88;2041f718-b2c7-4f40-9f5a-26fe2a45327d;d8a28ba2-760f-4c85-b107-c93e44439e3a;cb3d76e0-c0cb-4724-a93f-1a34b2f72ec2;a363694d-f68a-4a3c-823a-bee78961541f;7946df35-528c-49ce-a640-4009f85e1ef3]]
2026-04-03 19:17:44.120,28.307,CrossSignalDivergence_SYS,atomic,[CrossSignalDivergence_SYS],[0.9804],1,6,0.9804,[dt-1;dt-2;dt-3],[[1e7418f4-61dc-4e74-a418-d26e8180da88;2041f718-b2c7-4f40-9f5a-26fe2a45327d;d8a28ba2-760f-4c85-b107-c93e44439e3a;cb3d76e0-c0cb-4724-a93f-1a34b2f72ec2;a363694d-f68a-4a3c-823a-bee78961541f;7946df35-528c-49ce-a640-4009f85e1ef3]]
2026-04-03 19:17:44.137,28.324,CrossSignalRelativeStable_GT,atomic,[CrossSignalRelativeStable_GT],[1.0000],1,6,1.0000,[dt-1;dt-2;dt-3],[[ecabdb52-5205-4edf-9acc-783f8ff3b088;b9997ec4-c476-47b6-9de7-d69946e0a2e8;74aa64d7-8711-43fb-857b-7ddb8a13b8da;c1726a11-4837-4e05-bbd6-f89d35f470c2;831e8c94-91d6-42cd-8361-5943980dfa5a;adff85b2-e876-4a5f-83de-cb4de75aa9eb]]
2026-04-03 19:17:44.138,28.325,CrossSignalDivergence_GT,atomic,[CrossSignalDivergence_GT],[1.0000],1,6,1.0000,[dt-1;dt-2;dt-3],[[ecabdb52-5205-4edf-9acc-783f8ff3b088;b9997ec4-c476-47b6-9de7-d69946e0a2e8;74aa64d7-8711-43fb-857b-7ddb8a13b8da;c1726a11-4837-4e05-bbd6-f89d35f470c2;831e8c94-91d6-42cd-8361-5943980dfa5a;adff85b2-e876-4a5f-83de-cb4de75aa9eb]]
2026-04-03 19:17:44.249,28.436,CrossSignalRelativeStable_GT,atomic,[CrossSignalRelativeStable_GT],[1.0000],1,6,1.0000,[dt-1;dt-2;dt-3],[[c1726a11-4837-4e05-bbd6-f89d35f470c2;831e8c94-91d6-42cd-8361-5943980dfa5a;adff85b2-e876-4a5f-83de-cb4de75aa9eb;ba5602a3-a9c3-4b16-843f-7ba0ede5be4b;7056c759-c63f-478a-9dbc-a9fdc9ce4d1d;75f2f23b-2c17-4c3f-b061-d68dd69849aa]]
2026-04-03 19:17:44.249,28.436,CrossSignalDivergence_GT,atomic,[CrossSignalDivergence_GT],[1.0000],1,6,1.0000,[dt-1;dt-2;dt-3],[[c1726a11-4837-4e05-bbd6-f89d35f470c2;831e8c94-91d6-42cd-8361-5943980dfa5a;adff85b2-e876-4a5f-83de-cb4de75aa9eb;ba5602a3-a9c3-4b16-843f-7ba0ede5be4b;7056c759-c63f-478a-9dbc-a9fdc9ce4d1d;75f2f23b-2c17-4c3f-b061-d68dd69849aa]]
2026-04-03 19:17:44.345,28.532,CrossSignalRelativeStable_SYS,atomic,[CrossSignalRelativeStable_SYS],[0.9310],1,6,0.9310,[dt-1;dt-2;dt-3],[[cb3d76e0-c0cb-4724-a93f-1a34b2f72ec2;a363694d-f68a-4a3c-823a-bee78961541f;7946df35-528c-49ce-a640-4009f85e1ef3;7399e4a8-a093-4dbb-acc0-1807be019d35;da445d54-6098-407f-8e20-b03036a76f4c;95ce174a-fa4a-4dbf-9535-f6fcd5be8985]]
2026-04-03 19:17:44.346,28.533,CrossSignalTrendConsistency_SYS,atomic,[CrossSignalTrendConsistency_SYS],[0.9310],1,6,0.9310,[dt-1;dt-2;dt-3],[[cb3d76e0-c0cb-4724-a93f-1a34b2f72ec2;a363694d-f68a-4a3c-823a-bee78961541f;7946df35-528c-49ce-a640-4009f85e1ef3;7399e4a8-a093-4dbb-acc0-1807be019d35;da445d54-6098-407f-8e20-b03036a76f4c;95ce174a-fa4a-4dbf-9535-f6fcd5be8985]]
2026-04-03 19:17:44.346,28.533,CrossSignalDivergence_SYS,atomic,[CrossSignalDivergence_SYS],[0.9310],1,6,0.9310,[dt-1;dt-2;dt-3],[[cb3d76e0-c0cb-4724-a93f-1a34b2f72ec2;a363694d-f68a-4a3c-823a-bee78961541f;7946df35-528c-49ce-a640-4009f85e1ef3;7399e4a8-a093-4dbb-acc0-1807be019d35;da445d54-6098-407f-8e20-b03036a76f4c;95ce174a-fa4a-4dbf-9535-f6fcd5be8985]]
2026-04-03 19:17:44.365,28.552,CrossSignalRelativeStable_GT,atomic,[CrossSignalRelativeStable_GT],[1.0000],1,6,1.0000,[dt-1;dt-2;dt-3],[[ba5602a3-a9c3-4b16-843f-7ba0ede5be4b;7056c759-c63f-478a-9dbc-a9fdc9ce4d1d;75f2f23b-2c17-4c3f-b061-d68dd69849aa;02173724-63d3-4700-9cfa-4b67f776a083;9a59867f-d001-4ff1-ba15-0acf04295707;cbe5ed1b-db3b-4f24-8c90-615872fd9282]]
2026-04-03 19:17:44.365,28.552,CrossSignalDivergence_GT,atomic,[CrossSignalDivergence_GT],[1.0000],1,6,1.0000,[dt-1;dt-2;dt-3],[[ba5602a3-a9c3-4b16-843f-7ba0ede5be4b;7056c759-c63f-478a-9dbc-a9fdc9ce4d1d;75f2f23b-2c17-4c3f-b061-d68dd69849aa;02173724-63d3-4700-9cfa-4b67f776a083;9a59867f-d001-4ff1-ba15-0acf04295707;cbe5ed1b-db3b-4f24-8c90-615872fd9282]]
2026-04-03 19:17:44.457,28.644,CrossSignalRelativeStable_OBS,atomic,[CrossSignalRelativeStable_OBS],[1.0000],1,6,1.0000,[dt-1;dt-2;dt-3],[[e1261d1b-b2ac-4c49-a74d-ca14ead8e05d;c0bd7bd9-d228-440e-95ba-c286ad5e930a;bdb72217-9dd7-44dd-9bc5-365539c64571;1e7418f4-61dc-4e74-a418-d26e8180da88;17478640-c160-41f8-b4a3-5b34082be516;10260b93-5d59-4564-8d4c-31d2584a3d53]]
2026-04-03 19:17:44.457,28.644,CrossSignalDivergence_OBS,atomic,[CrossSignalDivergence_OBS],[1.0000],1,6,1.0000,[dt-1;dt-2;dt-3],[[e1261d1b-b2ac-4c49-a74d-ca14ead8e05d;c0bd7bd9-d228-440e-95ba-c286ad5e930a;bdb72217-9dd7-44dd-9bc5-365539c64571;1e7418f4-61dc-4e74-a418-d26e8180da88;17478640-c160-41f8-b4a3-5b34082be516;10260b93-5d59-4564-8d4c-31d2584a3d53]]
2026-04-03 19:17:44.486,28.673,CrossSignalRelativeStable_GT,atomic,[CrossSignalRelativeStable_GT],[1.0000],1,6,1.0000,[dt-1;dt-2;dt-3],[[02173724-63d3-4700-9cfa-4b67f776a083;9a59867f-d001-4ff1-ba15-0acf04295707;cbe5ed1b-db3b-4f24-8c90-615872fd9282;93c546d6-c182-412f-b32e-4c757f3776cc;fb8a740f-f304-4c02-959b-e4e1895c0337;14280483-f340-4231-8959-85973a2fcee7]]
2026-04-03 19:17:44.487,28.674,CrossSignalDivergence_GT,atomic,[CrossSignalDivergence_GT],[1.0000],1,6,1.0000,[dt-1;dt-2;dt-3],[[02173724-63d3-4700-9cfa-4b67f776a083;9a59867f-d001-4ff1-ba15-0acf04295707;cbe5ed1b-db3b-4f24-8c90-615872fd9282;93c546d6-c182-412f-b32e-4c757f3776cc;fb8a740f-f304-4c02-959b-e4e1895c0337;14280483-f340-4231-8959-85973a2fcee7]]
2026-04-03 19:17:44.567,28.754,CrossSignalRelativeStable_SYS,atomic,[CrossSignalRelativeStable_SYS],[0.8906],1,6,0.8906,[dt-1;dt-2;dt-3],[[7399e4a8-a093-4dbb-acc0-1807be019d35;da445d54-6098-407f-8e20-b03036a76f4c;95ce174a-fa4a-4dbf-9535-f6fcd5be8985;e3c1959f-f725-45de-9706-fa8dca984697;8e4639bd-bfe1-4b05-a55c-58b0a250e844;134129af-c571-4ff0-996a-7a699eb30a89]]
2026-04-03 19:17:44.568,28.755,CrossSignalTrendConsistency_SYS,atomic,[CrossSignalTrendConsistency_SYS],[0.8906],1,6,0.8906,[dt-1;dt-2;dt-3],[[7399e4a8-a093-4dbb-acc0-1807be019d35;da445d54-6098-407f-8e20-b03036a76f4c;95ce174a-fa4a-4dbf-9535-f6fcd5be8985;e3c1959f-f725-45de-9706-fa8dca984697;8e4639bd-bfe1-4b05-a55c-58b0a250e844;134129af-c571-4ff0-996a-7a699eb30a89]]
2026-04-03 19:17:44.568,28.755,CrossSignalDivergence_SYS,atomic,[CrossSignalDivergence_SYS],[0.8906],1,6,0.8906,[dt-1;dt-2;dt-3],[[7399e4a8-a093-4dbb-acc0-1807be019d35;da445d54-6098-407f-8e20-b03036a76f4c;95ce174a-fa4a-4dbf-9535-f6fcd5be8985;e3c1959f-f725-45de-9706-fa8dca984697;8e4639bd-bfe1-4b05-a55c-58b0a250e844;134129af-c571-4ff0-996a-7a699eb30a89]]
2026-04-03 19:17:44.569,28.756,CrossSignalRelativeStable_GT,atomic,[CrossSignalRelativeStable_GT],[1.0000],1,6,1.0000,[dt-1;dt-2;dt-3],[[93c546d6-c182-412f-b32e-4c757f3776cc;fb8a740f-f304-4c02-959b-e4e1895c0337;14280483-f340-4231-8959-85973a2fcee7;b32da7ee-b65c-48d8-8d30-0710908ade56;a7e2d329-87fa-44e9-81a5-4273afcc5e9b;e71e4058-970f-4274-9af4-6ede27dacb00]]
2026-04-03 19:17:44.569,28.756,CrossSignalDivergence_GT,atomic,[CrossSignalDivergence_GT],[1.0000],1,6,1.0000,[dt-1;dt-2;dt-3],[[93c546d6-c182-412f-b32e-4c757f3776cc;fb8a740f-f304-4c02-959b-e4e1895c0337;14280483-f340-4231-8959-85973a2fcee7;b32da7ee-b65c-48d8-8d30-0710908ade56;a7e2d329-87fa-44e9-81a5-4273afcc5e9b;e71e4058-970f-4274-9af4-6ede27dacb00]]
2026-04-03 19:17:44.689,28.876,CrossSignalRelativeStable_OBS,atomic,[CrossSignalRelativeStable_OBS],[1.0000],1,6,1.0000,[dt-1;dt-2;dt-3],[[1e7418f4-61dc-4e74-a418-d26e8180da88;17478640-c160-41f8-b4a3-5b34082be516;10260b93-5d59-4564-8d4c-31d2584a3d53;e3c1959f-f725-45de-9706-fa8dca984697;e673aaa2-ca63-418b-8547-1dc8150ad86e;7a9b5f40-c8e9-40a0-8878-249db7ea3de5]]
2026-04-03 19:17:44.690,28.877,CrossSignalDivergence_OBS,atomic,[CrossSignalDivergence_OBS],[1.0000],1,6,1.0000,[dt-1;dt-2;dt-3],[[1e7418f4-61dc-4e74-a418-d26e8180da88;17478640-c160-41f8-b4a3-5b34082be516;10260b93-5d59-4564-8d4c-31d2584a3d53;e3c1959f-f725-45de-9706-fa8dca984697;e673aaa2-ca63-418b-8547-1dc8150ad86e;7a9b5f40-c8e9-40a0-8878-249db7ea3de5]]
2026-04-03 19:17:44.695,28.882,CrossSignalRelativeStable_GT,atomic,[CrossSignalRelativeStable_GT],[1.0000],1,6,1.0000,[dt-1;dt-2;dt-3],[[b32da7ee-b65c-48d8-8d30-0710908ade56;a7e2d329-87fa-44e9-81a5-4273afcc5e9b;e71e4058-970f-4274-9af4-6ede27dacb00;091e550f-d66c-4efb-860f-c306e741d6ea;4c9d0dd3-1d77-4ea5-9d4f-266b062255c2;eaddb3a2-70f5-4128-af74-4d4bfecde2c7]]
2026-04-03 19:17:44.695,28.882,CrossSignalDivergence_GT,atomic,[CrossSignalDivergence_GT],[1.0000],1,6,1.0000,[dt-1;dt-2;dt-3],[[b32da7ee-b65c-48d8-8d30-0710908ade56;a7e2d329-87fa-44e9-81a5-4273afcc5e9b;e71e4058-970f-4274-9af4-6ede27dacb00;091e550f-d66c-4efb-860f-c306e741d6ea;4c9d0dd3-1d77-4ea5-9d4f-266b062255c2;eaddb3a2-70f5-4128-af74-4d4bfecde2c7]]
2026-04-03 19:17:44.790,28.977,CrossSignalRelativeStable_SYS,atomic,[CrossSignalRelativeStable_SYS],[0.9755],1,6,0.9755,[dt-1;dt-2;dt-3],[[20147574-7b61-4f33-8258-b7f7da266d39;e673aaa2-ca63-418b-8547-1dc8150ad86e;f3b6a070-c296-4bc0-aea0-b46abf96b1c9;51b93ce5-eb4d-4093-9b77-200c3c2e41c0;0d06a771-3f64-40e4-af84-659d1c9639a0;7a9b5f40-c8e9-40a0-8878-249db7ea3de5]]
2026-04-03 19:17:44.790,28.977,CrossSignalDivergence_SYS,atomic,[CrossSignalDivergence_SYS],[0.9755],1,6,0.9755,[dt-1;dt-2;dt-3],[[20147574-7b61-4f33-8258-b7f7da266d39;e673aaa2-ca63-418b-8547-1dc8150ad86e;f3b6a070-c296-4bc0-aea0-b46abf96b1c9;51b93ce5-eb4d-4093-9b77-200c3c2e41c0;0d06a771-3f64-40e4-af84-659d1c9639a0;7a9b5f40-c8e9-40a0-8878-249db7ea3de5]]
2026-04-03 19:17:44.802,28.989,CrossSignalRelativeStable_GT,atomic,[CrossSignalRelativeStable_GT],[1.0000],1,6,1.0000,[dt-1;dt-2;dt-3],[[091e550f-d66c-4efb-860f-c306e741d6ea;4c9d0dd3-1d77-4ea5-9d4f-266b062255c2;eaddb3a2-70f5-4128-af74-4d4bfecde2c7;ae5af980-fe1c-41e3-acca-7c3160c40974;fbc8507b-ff9e-4060-b8e1-fac9869548dd;86aa5a6a-8200-443a-beea-6284c379b450]]
2026-04-03 19:17:44.802,28.989,CrossSignalDivergence_GT,atomic,[CrossSignalDivergence_GT],[1.0000],1,6,1.0000,[dt-1;dt-2;dt-3],[[091e550f-d66c-4efb-860f-c306e741d6ea;4c9d0dd3-1d77-4ea5-9d4f-266b062255c2;eaddb3a2-70f5-4128-af74-4d4bfecde2c7;ae5af980-fe1c-41e3-acca-7c3160c40974;fbc8507b-ff9e-4060-b8e1-fac9869548dd;86aa5a6a-8200-443a-beea-6284c379b450]]
2026-04-03 19:17:44.903,29.090,CrossSignalRelativeStable_SYS,atomic,[CrossSignalRelativeStable_SYS],[0.9802],1,6,0.9802,[dt-1;dt-2;dt-3],[[51b93ce5-eb4d-4093-9b77-200c3c2e41c0;0d06a771-3f64-40e4-af84-659d1c9639a0;7a9b5f40-c8e9-40a0-8878-249db7ea3de5;8e7a2d64-523c-4534-8e01-34d3f1efd600;7713c20a-41e1-4215-ba31-9259b00e9f82;8dc21f55-ac1d-4ef7-b3d4-539d456751bf]]
2026-04-03 19:17:44.903,29.090,CrossSignalDivergence_SYS,atomic,[CrossSignalDivergence_SYS],[0.9802],1,6,0.9802,[dt-1;dt-2;dt-3],[[51b93ce5-eb4d-4093-9b77-200c3c2e41c0;0d06a771-3f64-40e4-af84-659d1c9639a0;7a9b5f40-c8e9-40a0-8878-249db7ea3de5;8e7a2d64-523c-4534-8e01-34d3f1efd600;7713c20a-41e1-4215-ba31-9259b00e9f82;8dc21f55-ac1d-4ef7-b3d4-539d456751bf]]
2026-04-03 19:17:44.909,29.096,CrossSignalRelativeStable_GT,atomic,[CrossSignalRelativeStable_GT],[1.0000],1,6,1.0000,[dt-1;dt-2;dt-3],[[ae5af980-fe1c-41e3-acca-7c3160c40974;fbc8507b-ff9e-4060-b8e1-fac9869548dd;86aa5a6a-8200-443a-beea-6284c379b450;3924b7b4-90eb-435f-b2b3-f9db74a59ec2;5be8052e-bf7c-4f09-b192-cd447ca45a4a;a93dd0a6-353c-4c0f-b1a9-49e6c51b6509]]
2026-04-03 19:17:44.909,29.096,CrossSignalDivergence_GT,atomic,[CrossSignalDivergence_GT],[1.0000],1,6,1.0000,[dt-1;dt-2;dt-3],[[ae5af980-fe1c-41e3-acca-7c3160c40974;fbc8507b-ff9e-4060-b8e1-fac9869548dd;86aa5a6a-8200-443a-beea-6284c379b450;3924b7b4-90eb-435f-b2b3-f9db74a59ec2;5be8052e-bf7c-4f09-b192-cd447ca45a4a;a93dd0a6-353c-4c0f-b1a9-49e6c51b6509]]
2026-04-03 19:17:45.026,29.213,CrossSignalRelativeStable_GT,atomic,[CrossSignalRelativeStable_GT],[1.0000],1,6,1.0000,[dt-1;dt-2;dt-3],[[3924b7b4-90eb-435f-b2b3-f9db74a59ec2;5be8052e-bf7c-4f09-b192-cd447ca45a4a;a93dd0a6-353c-4c0f-b1a9-49e6c51b6509;e7efb420-64c6-44dd-aa04-2217bc99b539;7ed21d5d-a9c2-4b1a-b9aa-6bc6ccd78dbe;fac7ae13-e6dc-484b-98df-e98cd62c29c7]]
2026-04-03 19:17:45.027,29.214,CrossSignalDivergence_GT,atomic,[CrossSignalDivergence_GT],[1.0000],1,6,1.0000,[dt-1;dt-2;dt-3],[[3924b7b4-90eb-435f-b2b3-f9db74a59ec2;5be8052e-bf7c-4f09-b192-cd447ca45a4a;a93dd0a6-353c-4c0f-b1a9-49e6c51b6509;e7efb420-64c6-44dd-aa04-2217bc99b539;7ed21d5d-a9c2-4b1a-b9aa-6bc6ccd78dbe;fac7ae13-e6dc-484b-98df-e98cd62c29c7]]
2026-04-03 19:17:45.128,29.315,CrossSignalRelativeStable_SYS,atomic,[CrossSignalRelativeStable_SYS],[0.9226],1,6,0.9226,[dt-1;dt-2;dt-3],[[8e7a2d64-523c-4534-8e01-34d3f1efd600;7713c20a-41e1-4215-ba31-9259b00e9f82;8dc21f55-ac1d-4ef7-b3d4-539d456751bf;bae16e6c-b722-4754-bb75-f488efdb4856;774d9467-20a8-4128-b960-5e3746f1c674;2498987d-b28c-4eee-8a34-5fc967a83a0c]]
2026-04-03 19:17:45.128,29.315,CrossSignalDivergence_SYS,atomic,[CrossSignalDivergence_SYS],[0.9226],1,6,0.9226,[dt-1;dt-2;dt-3],[[8e7a2d64-523c-4534-8e01-34d3f1efd600;7713c20a-41e1-4215-ba31-9259b00e9f82;8dc21f55-ac1d-4ef7-b3d4-539d456751bf;bae16e6c-b722-4754-bb75-f488efdb4856;774d9467-20a8-4128-b960-5e3746f1c674;2498987d-b28c-4eee-8a34-5fc967a83a0c]]
2026-04-03 19:17:45.140,29.327,CrossSignalRelativeStable_GT,atomic,[CrossSignalRelativeStable_GT],[1.0000],1,6,1.0000,[dt-1;dt-2;dt-3],[[e7efb420-64c6-44dd-aa04-2217bc99b539;7ed21d5d-a9c2-4b1a-b9aa-6bc6ccd78dbe;fac7ae13-e6dc-484b-98df-e98cd62c29c7;253754ca-e167-44f6-b39e-7e043499ac18;64c73b38-e391-4612-bf94-e1cdd9e0aea6;6d716fa4-9d97-4910-8b9b-7009a237f904]]
2026-04-03 19:17:45.140,29.327,CrossSignalDivergence_GT,atomic,[CrossSignalDivergence_GT],[1.0000],1,6,1.0000,[dt-1;dt-2;dt-3],[[e7efb420-64c6-44dd-aa04-2217bc99b539;7ed21d5d-a9c2-4b1a-b9aa-6bc6ccd78dbe;fac7ae13-e6dc-484b-98df-e98cd62c29c7;253754ca-e167-44f6-b39e-7e043499ac18;64c73b38-e391-4612-bf94-e1cdd9e0aea6;6d716fa4-9d97-4910-8b9b-7009a237f904]]
2026-04-03 19:17:45.247,29.434,CrossSignalRelativeStable_GT,atomic,[CrossSignalRelativeStable_GT],[1.0000],1,6,1.0000,[dt-1;dt-2;dt-3],[[253754ca-e167-44f6-b39e-7e043499ac18;64c73b38-e391-4612-bf94-e1cdd9e0aea6;6d716fa4-9d97-4910-8b9b-7009a237f904;a6baaf7b-11a6-4691-a17f-c978aba1b1a3;4ebeda25-ece3-4489-ab51-ef36541b097e;4ad4528e-0104-4c53-8b1f-1502b2381582]]
2026-04-03 19:17:45.247,29.434,CrossSignalDivergence_GT,atomic,[CrossSignalDivergence_GT],[1.0000],1,6,1.0000,[dt-1;dt-2;dt-3],[[253754ca-e167-44f6-b39e-7e043499ac18;64c73b38-e391-4612-bf94-e1cdd9e0aea6;6d716fa4-9d97-4910-8b9b-7009a237f904;a6baaf7b-11a6-4691-a17f-c978aba1b1a3;4ebeda25-ece3-4489-ab51-ef36541b097e;4ad4528e-0104-4c53-8b1f-1502b2381582]]
2026-04-03 19:17:45.342,29.529,CrossSignalRelativeStable_OBS,atomic,[CrossSignalRelativeStable_OBS],[1.0000],1,6,1.0000,[dt-1;dt-2;dt-3],[[e3c1959f-f725-45de-9706-fa8dca984697;e673aaa2-ca63-418b-8547-1dc8150ad86e;7a9b5f40-c8e9-40a0-8878-249db7ea3de5;7ead1bd5-1a9c-4558-89d8-4d2d4a2c9ce2;0d06a771-3f64-40e4-af84-659d1c9639a0;8dc21f55-ac1d-4ef7-b3d4-539d456751bf]]
2026-04-03 19:17:45.343,29.530,CrossSignalDivergence_OBS,atomic,[CrossSignalDivergence_OBS],[1.0000],1,6,1.0000,[dt-1;dt-2;dt-3],[[e3c1959f-f725-45de-9706-fa8dca984697;e673aaa2-ca63-418b-8547-1dc8150ad86e;7a9b5f40-c8e9-40a0-8878-249db7ea3de5;7ead1bd5-1a9c-4558-89d8-4d2d4a2c9ce2;0d06a771-3f64-40e4-af84-659d1c9639a0;8dc21f55-ac1d-4ef7-b3d4-539d456751bf]]
2026-04-03 19:17:45.344,29.531,CrossSignalRelativeStable_SYS,atomic,[CrossSignalRelativeStable_SYS],[0.8414],1,6,0.8414,[dt-1;dt-2;dt-3],[[bae16e6c-b722-4754-bb75-f488efdb4856;774d9467-20a8-4128-b960-5e3746f1c674;2498987d-b28c-4eee-8a34-5fc967a83a0c;ca8dc04f-d4d5-427f-b840-8011f0368928;bb1b1346-945c-4c69-84fe-d8f659f6f041;1bff72b8-0c6f-4732-a7fe-bfff8d938882]]
2026-04-03 19:17:45.344,29.531,CrossSignalDivergence_SYS,atomic,[CrossSignalDivergence_SYS],[0.8414],1,6,0.8414,[dt-1;dt-2;dt-3],[[bae16e6c-b722-4754-bb75-f488efdb4856;774d9467-20a8-4128-b960-5e3746f1c674;2498987d-b28c-4eee-8a34-5fc967a83a0c;ca8dc04f-d4d5-427f-b840-8011f0368928;bb1b1346-945c-4c69-84fe-d8f659f6f041;1bff72b8-0c6f-4732-a7fe-bfff8d938882]]
2026-04-03 19:17:45.350,29.537,CrossSignalRelativeStable_GT,atomic,[CrossSignalRelativeStable_GT],[1.0000],1,6,1.0000,[dt-1;dt-2;dt-3],[[a6baaf7b-11a6-4691-a17f-c978aba1b1a3;4ebeda25-ece3-4489-ab51-ef36541b097e;4ad4528e-0104-4c53-8b1f-1502b2381582;5387f2fb-4340-484b-a5fe-802914213098;032c2aa8-89f7-44b8-b764-09ed08c6d3e7;9d767453-35a2-4164-b14d-bede6241a7ea]]
2026-04-03 19:17:45.350,29.537,CrossSignalDivergence_GT,atomic,[CrossSignalDivergence_GT],[1.0000],1,6,1.0000,[dt-1;dt-2;dt-3],[[a6baaf7b-11a6-4691-a17f-c978aba1b1a3;4ebeda25-ece3-4489-ab51-ef36541b097e;4ad4528e-0104-4c53-8b1f-1502b2381582;5387f2fb-4340-484b-a5fe-802914213098;032c2aa8-89f7-44b8-b764-09ed08c6d3e7;9d767453-35a2-4164-b14d-bede6241a7ea]]
2026-04-03 19:17:45.459,29.646,CrossSignalRelativeStable_OBS,atomic,[CrossSignalRelativeStable_OBS],[1.0000],1,6,1.0000,[dt-1;dt-2;dt-3],[[7ead1bd5-1a9c-4558-89d8-4d2d4a2c9ce2;0d06a771-3f64-40e4-af84-659d1c9639a0;8dc21f55-ac1d-4ef7-b3d4-539d456751bf;e766c8ad-4dc1-4c58-8602-8998e0e1e03b;bb1b1346-945c-4c69-84fe-d8f659f6f041;a24cc102-86af-47e2-815f-e293797002fa]]
2026-04-03 19:17:45.459,29.646,CrossSignalDivergence_OBS,atomic,[CrossSignalDivergence_OBS],[1.0000],1,6,1.0000,[dt-1;dt-2;dt-3],[[7ead1bd5-1a9c-4558-89d8-4d2d4a2c9ce2;0d06a771-3f64-40e4-af84-659d1c9639a0;8dc21f55-ac1d-4ef7-b3d4-539d456751bf;e766c8ad-4dc1-4c58-8602-8998e0e1e03b;bb1b1346-945c-4c69-84fe-d8f659f6f041;a24cc102-86af-47e2-815f-e293797002fa]]
2026-04-03 19:17:45.478,29.665,CrossSignalRelativeStable_GT,atomic,[CrossSignalRelativeStable_GT],[1.0000],1,6,1.0000,[dt-1;dt-2;dt-3],[[5387f2fb-4340-484b-a5fe-802914213098;032c2aa8-89f7-44b8-b764-09ed08c6d3e7;9d767453-35a2-4164-b14d-bede6241a7ea;9cb83784-c331-4fe6-93bb-f72d75f4683d;35a29c3c-6814-41c1-93f3-acbfdbe3197e;da6f8584-914a-49e6-bce9-b129f9b9e35b]]
2026-04-03 19:17:45.478,29.665,CrossSignalDivergence_GT,atomic,[CrossSignalDivergence_GT],[1.0000],1,6,1.0000,[dt-1;dt-2;dt-3],[[5387f2fb-4340-484b-a5fe-802914213098;032c2aa8-89f7-44b8-b764-09ed08c6d3e7;9d767453-35a2-4164-b14d-bede6241a7ea;9cb83784-c331-4fe6-93bb-f72d75f4683d;35a29c3c-6814-41c1-93f3-acbfdbe3197e;da6f8584-914a-49e6-bce9-b129f9b9e35b]]
2026-04-03 19:17:45.568,29.755,CrossSignalRelativeStable_SYS,atomic,[CrossSignalRelativeStable_SYS],[0.8989],1,6,0.8989,[dt-1;dt-2;dt-3],[[ca8dc04f-d4d5-427f-b840-8011f0368928;bb1b1346-945c-4c69-84fe-d8f659f6f041;1bff72b8-0c6f-4732-a7fe-bfff8d938882;e766c8ad-4dc1-4c58-8602-8998e0e1e03b;d25cd2eb-b552-4994-ac2a-7639b8ad56b6;a24cc102-86af-47e2-815f-e293797002fa]]
2026-04-03 19:17:45.569,29.756,CrossSignalDivergence_SYS,atomic,[CrossSignalDivergence_SYS],[0.8989],1,6,0.8989,[dt-1;dt-2;dt-3],[[ca8dc04f-d4d5-427f-b840-8011f0368928;bb1b1346-945c-4c69-84fe-d8f659f6f041;1bff72b8-0c6f-4732-a7fe-bfff8d938882;e766c8ad-4dc1-4c58-8602-8998e0e1e03b;d25cd2eb-b552-4994-ac2a-7639b8ad56b6;a24cc102-86af-47e2-815f-e293797002fa]]
2026-04-03 19:17:45.575,29.762,CrossSignalRelativeStable_GT,atomic,[CrossSignalRelativeStable_GT],[1.0000],1,6,1.0000,[dt-1;dt-2;dt-3],[[9cb83784-c331-4fe6-93bb-f72d75f4683d;35a29c3c-6814-41c1-93f3-acbfdbe3197e;da6f8584-914a-49e6-bce9-b129f9b9e35b;1fa4a1cd-cb06-4b92-aad8-d722b6155a91;d0243fd5-f0c3-4078-bdbe-0cb4543c8e26;c53058cb-c652-42a9-9d17-952848eeacc7]]
2026-04-03 19:17:45.575,29.762,CrossSignalTrendConsistency_GT,atomic,[CrossSignalTrendConsistency_GT],[1.0000],1,6,1.0000,[dt-1;dt-2;dt-3],[[9cb83784-c331-4fe6-93bb-f72d75f4683d;35a29c3c-6814-41c1-93f3-acbfdbe3197e;da6f8584-914a-49e6-bce9-b129f9b9e35b;1fa4a1cd-cb06-4b92-aad8-d722b6155a91;d0243fd5-f0c3-4078-bdbe-0cb4543c8e26;c53058cb-c652-42a9-9d17-952848eeacc7]]
2026-04-03 19:17:45.575,29.762,CrossSignalDivergence_GT,atomic,[CrossSignalDivergence_GT],[1.0000],1,6,1.0000,[dt-1;dt-2;dt-3],[[9cb83784-c331-4fe6-93bb-f72d75f4683d;35a29c3c-6814-41c1-93f3-acbfdbe3197e;da6f8584-914a-49e6-bce9-b129f9b9e35b;1fa4a1cd-cb06-4b92-aad8-d722b6155a91;d0243fd5-f0c3-4078-bdbe-0cb4543c8e26;c53058cb-c652-42a9-9d17-952848eeacc7]]
2026-04-03 19:17:45.690,29.877,CrossSignalRelativeStable_GT,atomic,[CrossSignalRelativeStable_GT],[1.0000],1,6,1.0000,[dt-1;dt-2;dt-3],[[1fa4a1cd-cb06-4b92-aad8-d722b6155a91;d0243fd5-f0c3-4078-bdbe-0cb4543c8e26;c53058cb-c652-42a9-9d17-952848eeacc7;91b340d6-df03-43e1-a412-31bd9a34b872;c82ab982-cec6-4999-9191-df7eb6c275f5;2b34fdfd-aed3-4da8-a887-aac2b8f72223]]
2026-04-03 19:17:45.690,29.877,CrossSignalDivergence_GT,atomic,[CrossSignalDivergence_GT],[1.0000],1,6,1.0000,[dt-1;dt-2;dt-3],[[1fa4a1cd-cb06-4b92-aad8-d722b6155a91;d0243fd5-f0c3-4078-bdbe-0cb4543c8e26;c53058cb-c652-42a9-9d17-952848eeacc7;91b340d6-df03-43e1-a412-31bd9a34b872;c82ab982-cec6-4999-9191-df7eb6c275f5;2b34fdfd-aed3-4da8-a887-aac2b8f72223]]
2026-04-03 19:17:45.691,29.878,CrossSignalRelativeStable_SYS,atomic,[CrossSignalRelativeStable_SYS],[1.0000],1,6,1.0000,[dt-1;dt-2;dt-3],[[e766c8ad-4dc1-4c58-8602-8998e0e1e03b;d25cd2eb-b552-4994-ac2a-7639b8ad56b6;a24cc102-86af-47e2-815f-e293797002fa;dc4f67ce-9516-48db-aa3b-5226d9afb493;644fbca5-eb9b-41eb-ac3c-01dc6ffb0282;f348d6f4-096a-47c5-8c1c-1c6652490454]]
2026-04-03 19:17:45.691,29.878,CrossSignalRelativeStable_OBS,atomic,[CrossSignalRelativeStable_OBS],[1.0000],1,6,1.0000,[dt-1;dt-2;dt-3],[[e766c8ad-4dc1-4c58-8602-8998e0e1e03b;bb1b1346-945c-4c69-84fe-d8f659f6f041;a24cc102-86af-47e2-815f-e293797002fa;7a82ca22-b04e-41c9-a4ef-5f3e07d88289;d25cd2eb-b552-4994-ac2a-7639b8ad56b6;f348d6f4-096a-47c5-8c1c-1c6652490454]]
2026-04-03 19:17:45.691,29.878,CrossSignalTrendConsistency_SYS,atomic,[CrossSignalTrendConsistency_SYS],[1.0000],1,6,1.0000,[dt-1;dt-2;dt-3],[[e766c8ad-4dc1-4c58-8602-8998e0e1e03b;d25cd2eb-b552-4994-ac2a-7639b8ad56b6;a24cc102-86af-47e2-815f-e293797002fa;dc4f67ce-9516-48db-aa3b-5226d9afb493;644fbca5-eb9b-41eb-ac3c-01dc6ffb0282;f348d6f4-096a-47c5-8c1c-1c6652490454]]
2026-04-03 19:17:45.691,29.878,CrossSignalTrendConsistency_OBS,atomic,[CrossSignalTrendConsistency_OBS],[1.0000],1,6,1.0000,[dt-1;dt-2;dt-3],[[e766c8ad-4dc1-4c58-8602-8998e0e1e03b;bb1b1346-945c-4c69-84fe-d8f659f6f041;a24cc102-86af-47e2-815f-e293797002fa;7a82ca22-b04e-41c9-a4ef-5f3e07d88289;d25cd2eb-b552-4994-ac2a-7639b8ad56b6;f348d6f4-096a-47c5-8c1c-1c6652490454]]
2026-04-03 19:17:45.691,29.878,CrossSignalDivergence_SYS,atomic,[CrossSignalDivergence_SYS],[1.0000],1,6,1.0000,[dt-1;dt-2;dt-3],[[e766c8ad-4dc1-4c58-8602-8998e0e1e03b;d25cd2eb-b552-4994-ac2a-7639b8ad56b6;a24cc102-86af-47e2-815f-e293797002fa;dc4f67ce-9516-48db-aa3b-5226d9afb493;644fbca5-eb9b-41eb-ac3c-01dc6ffb0282;f348d6f4-096a-47c5-8c1c-1c6652490454]]
2026-04-03 19:17:45.691,29.878,CrossSignalDivergence_OBS,atomic,[CrossSignalDivergence_OBS],[1.0000],1,6,1.0000,[dt-1;dt-2;dt-3],[[e766c8ad-4dc1-4c58-8602-8998e0e1e03b;bb1b1346-945c-4c69-84fe-d8f659f6f041;a24cc102-86af-47e2-815f-e293797002fa;7a82ca22-b04e-41c9-a4ef-5f3e07d88289;d25cd2eb-b552-4994-ac2a-7639b8ad56b6;f348d6f4-096a-47c5-8c1c-1c6652490454]]
2026-04-03 19:17:45.806,29.993,CrossSignalRelativeStable_GT,atomic,[CrossSignalRelativeStable_GT],[1.0000],1,6,1.0000,[dt-1;dt-2;dt-3],[[91b340d6-df03-43e1-a412-31bd9a34b872;c82ab982-cec6-4999-9191-df7eb6c275f5;2b34fdfd-aed3-4da8-a887-aac2b8f72223;7167859b-cac3-4a9c-9d85-e545c9ab2f04;3995941c-0c64-46e8-80a1-806122a22c41;7251c9d7-2f16-4215-9f9e-1706bd88e5ee]]
2026-04-03 19:17:45.806,29.993,CrossSignalTrendConsistency_GT,atomic,[CrossSignalTrendConsistency_GT],[1.0000],1,6,1.0000,[dt-1;dt-2;dt-3],[[91b340d6-df03-43e1-a412-31bd9a34b872;c82ab982-cec6-4999-9191-df7eb6c275f5;2b34fdfd-aed3-4da8-a887-aac2b8f72223;7167859b-cac3-4a9c-9d85-e545c9ab2f04;3995941c-0c64-46e8-80a1-806122a22c41;7251c9d7-2f16-4215-9f9e-1706bd88e5ee]]
2026-04-03 19:17:45.806,29.993,CrossSignalDivergence_GT,atomic,[CrossSignalDivergence_GT],[1.0000],1,6,1.0000,[dt-1;dt-2;dt-3],[[91b340d6-df03-43e1-a412-31bd9a34b872;c82ab982-cec6-4999-9191-df7eb6c275f5;2b34fdfd-aed3-4da8-a887-aac2b8f72223;7167859b-cac3-4a9c-9d85-e545c9ab2f04;3995941c-0c64-46e8-80a1-806122a22c41;7251c9d7-2f16-4215-9f9e-1706bd88e5ee]]
2026-04-03 19:17:45.894,30.081,CrossSignalRelativeStable_SYS,atomic,[CrossSignalRelativeStable_SYS],[1.0000],1,6,1.0000,[dt-1;dt-2;dt-3],[[dc4f67ce-9516-48db-aa3b-5226d9afb493;644fbca5-eb9b-41eb-ac3c-01dc6ffb0282;f348d6f4-096a-47c5-8c1c-1c6652490454;48a4006e-920f-4d50-af8c-4df5f940a6bb;dc9ba951-1b61-4dff-afd8-edfd0a101ff2;20471ae8-a280-4e57-ab56-c51751effb76]]
2026-04-03 19:17:45.894,30.081,CrossSignalRelativeStable_OBS,atomic,[CrossSignalRelativeStable_OBS],[1.0000],1,6,1.0000,[dt-1;dt-2;dt-3],[[7a82ca22-b04e-41c9-a4ef-5f3e07d88289;d25cd2eb-b552-4994-ac2a-7639b8ad56b6;f348d6f4-096a-47c5-8c1c-1c6652490454;48a4006e-920f-4d50-af8c-4df5f940a6bb;dc9ba951-1b61-4dff-afd8-edfd0a101ff2;20471ae8-a280-4e57-ab56-c51751effb76]]
2026-04-03 19:17:45.895,30.082,CrossSignalTrendConsistency_SYS,atomic,[CrossSignalTrendConsistency_SYS],[1.0000],1,6,1.0000,[dt-1;dt-2;dt-3],[[dc4f67ce-9516-48db-aa3b-5226d9afb493;644fbca5-eb9b-41eb-ac3c-01dc6ffb0282;f348d6f4-096a-47c5-8c1c-1c6652490454;48a4006e-920f-4d50-af8c-4df5f940a6bb;dc9ba951-1b61-4dff-afd8-edfd0a101ff2;20471ae8-a280-4e57-ab56-c51751effb76]]
2026-04-03 19:17:45.895,30.082,CrossSignalDivergence_SYS,atomic,[CrossSignalDivergence_SYS],[1.0000],1,6,1.0000,[dt-1;dt-2;dt-3],[[dc4f67ce-9516-48db-aa3b-5226d9afb493;644fbca5-eb9b-41eb-ac3c-01dc6ffb0282;f348d6f4-096a-47c5-8c1c-1c6652490454;48a4006e-920f-4d50-af8c-4df5f940a6bb;dc9ba951-1b61-4dff-afd8-edfd0a101ff2;20471ae8-a280-4e57-ab56-c51751effb76]]
2026-04-03 19:17:45.895,30.082,CrossSignalDivergence_OBS,atomic,[CrossSignalDivergence_OBS],[1.0000],1,6,1.0000,[dt-1;dt-2;dt-3],[[7a82ca22-b04e-41c9-a4ef-5f3e07d88289;d25cd2eb-b552-4994-ac2a-7639b8ad56b6;f348d6f4-096a-47c5-8c1c-1c6652490454;48a4006e-920f-4d50-af8c-4df5f940a6bb;dc9ba951-1b61-4dff-afd8-edfd0a101ff2;20471ae8-a280-4e57-ab56-c51751effb76]]
2026-04-03 19:17:45.895,30.082,CrossSignalRelativeStable_GT,atomic,[CrossSignalRelativeStable_GT],[1.0000],1,6,1.0000,[dt-1;dt-2;dt-3],[[7167859b-cac3-4a9c-9d85-e545c9ab2f04;3995941c-0c64-46e8-80a1-806122a22c41;7251c9d7-2f16-4215-9f9e-1706bd88e5ee;362fc5b5-1eb7-46b1-831f-38a53dc404ba;8ddcb988-0e0b-4b1f-a6d6-2ee5d3e11d8d;beb58eb7-0e34-4ede-bdd5-6f7366be4c06]]
2026-04-03 19:17:45.895,30.082,CrossSignalTrendConsistency_GT,atomic,[CrossSignalTrendConsistency_GT],[1.0000],1,6,1.0000,[dt-1;dt-2;dt-3],[[7167859b-cac3-4a9c-9d85-e545c9ab2f04;3995941c-0c64-46e8-80a1-806122a22c41;7251c9d7-2f16-4215-9f9e-1706bd88e5ee;362fc5b5-1eb7-46b1-831f-38a53dc404ba;8ddcb988-0e0b-4b1f-a6d6-2ee5d3e11d8d;beb58eb7-0e34-4ede-bdd5-6f7366be4c06]]
2026-04-03 19:17:45.895,30.082,CrossSignalDivergence_GT,atomic,[CrossSignalDivergence_GT],[1.0000],1,6,1.0000,[dt-1;dt-2;dt-3],[[7167859b-cac3-4a9c-9d85-e545c9ab2f04;3995941c-0c64-46e8-80a1-806122a22c41;7251c9d7-2f16-4215-9f9e-1706bd88e5ee;362fc5b5-1eb7-46b1-831f-38a53dc404ba;8ddcb988-0e0b-4b1f-a6d6-2ee5d3e11d8d;beb58eb7-0e34-4ede-bdd5-6f7366be4c06]]
2026-04-03 19:17:46.033,30.220,CrossSignalRelativeStable_GT,atomic,[CrossSignalRelativeStable_GT],[1.0000],1,6,1.0000,[dt-1;dt-2;dt-3],[[362fc5b5-1eb7-46b1-831f-38a53dc404ba;8ddcb988-0e0b-4b1f-a6d6-2ee5d3e11d8d;beb58eb7-0e34-4ede-bdd5-6f7366be4c06;9c3da366-dd2e-4a19-8419-8d7129bd75e4;e9b6e2ed-1de4-4d77-bda6-c315ad7f7768;a1db9e10-3535-43dd-8381-8059cef702f4]]
2026-04-03 19:17:46.034,30.221,CrossSignalDivergence_GT,atomic,[CrossSignalDivergence_GT],[1.0000],1,6,1.0000,[dt-1;dt-2;dt-3],[[362fc5b5-1eb7-46b1-831f-38a53dc404ba;8ddcb988-0e0b-4b1f-a6d6-2ee5d3e11d8d;beb58eb7-0e34-4ede-bdd5-6f7366be4c06;9c3da366-dd2e-4a19-8419-8d7129bd75e4;e9b6e2ed-1de4-4d77-bda6-c315ad7f7768;a1db9e10-3535-43dd-8381-8059cef702f4]]
2026-04-03 19:17:46.117,30.304,CrossSignalRelativeStable_SYS,atomic,[CrossSignalRelativeStable_SYS],[0.9816],1,6,0.9816,[dt-1;dt-2;dt-3],[[48a4006e-920f-4d50-af8c-4df5f940a6bb;dc9ba951-1b61-4dff-afd8-edfd0a101ff2;20471ae8-a280-4e57-ab56-c51751effb76;a88d8727-46fb-4fd7-a52a-31cf15cbd430;576424ce-d5b4-41e2-a1d3-0fa0f36b6b57;96de3f24-79dd-46d3-8e43-b589a316c020]]
2026-04-03 19:17:46.117,30.304,CrossSignalDivergence_SYS,atomic,[CrossSignalDivergence_SYS],[0.9816],1,6,0.9816,[dt-1;dt-2;dt-3],[[48a4006e-920f-4d50-af8c-4df5f940a6bb;dc9ba951-1b61-4dff-afd8-edfd0a101ff2;20471ae8-a280-4e57-ab56-c51751effb76;a88d8727-46fb-4fd7-a52a-31cf15cbd430;576424ce-d5b4-41e2-a1d3-0fa0f36b6b57;96de3f24-79dd-46d3-8e43-b589a316c020]]
2026-04-03 19:17:46.118,30.305,CrossSignalRelativeStable_GT,atomic,[CrossSignalRelativeStable_GT],[1.0000],1,6,1.0000,[dt-1;dt-2;dt-3],[[9c3da366-dd2e-4a19-8419-8d7129bd75e4;e9b6e2ed-1de4-4d77-bda6-c315ad7f7768;a1db9e10-3535-43dd-8381-8059cef702f4;3823d30b-f169-424c-8d0c-d8e799215e30;22d77e6a-727f-4b86-9f12-86a639ab8a92;757e94f3-e752-40c1-adcc-7f6d9a0a7c5f]]
2026-04-03 19:17:46.118,30.305,CrossSignalDivergence_GT,atomic,[CrossSignalDivergence_GT],[1.0000],1,6,1.0000,[dt-1;dt-2;dt-3],[[9c3da366-dd2e-4a19-8419-8d7129bd75e4;e9b6e2ed-1de4-4d77-bda6-c315ad7f7768;a1db9e10-3535-43dd-8381-8059cef702f4;3823d30b-f169-424c-8d0c-d8e799215e30;22d77e6a-727f-4b86-9f12-86a639ab8a92;757e94f3-e752-40c1-adcc-7f6d9a0a7c5f]]
2026-04-03 19:17:46.243,30.430,CrossSignalRelativeStable_GT,atomic,[CrossSignalRelativeStable_GT],[1.0000],1,6,1.0000,[dt-1;dt-2;dt-3],[[3823d30b-f169-424c-8d0c-d8e799215e30;22d77e6a-727f-4b86-9f12-86a639ab8a92;757e94f3-e752-40c1-adcc-7f6d9a0a7c5f;646a609f-1e60-4406-b81e-1e286a1ffdd9;2896b4d9-1472-43fe-a3cf-0cd266c25aaf;c5ec798f-02c1-4212-9d30-b2504c2aed78]]
2026-04-03 19:17:46.243,30.430,CrossSignalDivergence_GT,atomic,[CrossSignalDivergence_GT],[1.0000],1,6,1.0000,[dt-1;dt-2;dt-3],[[3823d30b-f169-424c-8d0c-d8e799215e30;22d77e6a-727f-4b86-9f12-86a639ab8a92;757e94f3-e752-40c1-adcc-7f6d9a0a7c5f;646a609f-1e60-4406-b81e-1e286a1ffdd9;2896b4d9-1472-43fe-a3cf-0cd266c25aaf;c5ec798f-02c1-4212-9d30-b2504c2aed78]]
2026-04-03 19:17:46.337,30.524,CrossSignalRelativeStable_OBS,atomic,[CrossSignalRelativeStable_OBS],[1.0000],1,6,1.0000,[dt-1;dt-2;dt-3],[[48a4006e-920f-4d50-af8c-4df5f940a6bb;dc9ba951-1b61-4dff-afd8-edfd0a101ff2;20471ae8-a280-4e57-ab56-c51751effb76;a88d8727-46fb-4fd7-a52a-31cf15cbd430;862cf1b4-12e2-474a-ad02-904071dc501a;9a4556e6-9167-4385-b88e-e824d62809ef]]
2026-04-03 19:17:46.344,30.531,CrossSignalDivergence_OBS,atomic,[CrossSignalDivergence_OBS],[1.0000],1,6,1.0000,[dt-1;dt-2;dt-3],[[48a4006e-920f-4d50-af8c-4df5f940a6bb;dc9ba951-1b61-4dff-afd8-edfd0a101ff2;20471ae8-a280-4e57-ab56-c51751effb76;a88d8727-46fb-4fd7-a52a-31cf15cbd430;862cf1b4-12e2-474a-ad02-904071dc501a;9a4556e6-9167-4385-b88e-e824d62809ef]]
2026-04-03 19:17:46.344,30.531,CrossSignalRelativeStable_SYS,atomic,[CrossSignalRelativeStable_SYS],[0.9421],1,6,0.9421,[dt-1;dt-2;dt-3],[[a88d8727-46fb-4fd7-a52a-31cf15cbd430;576424ce-d5b4-41e2-a1d3-0fa0f36b6b57;96de3f24-79dd-46d3-8e43-b589a316c020;a6ffeba9-c8c7-4638-a190-033fcda7c81f;de26fad7-4070-423c-9127-e3c8233bf0b0;9a4556e6-9167-4385-b88e-e824d62809ef]]
2026-04-03 19:17:46.344,30.531,CrossSignalTrendConsistency_SYS,atomic,[CrossSignalTrendConsistency_SYS],[0.9421],1,6,0.9421,[dt-1;dt-2;dt-3],[[a88d8727-46fb-4fd7-a52a-31cf15cbd430;576424ce-d5b4-41e2-a1d3-0fa0f36b6b57;96de3f24-79dd-46d3-8e43-b589a316c020;a6ffeba9-c8c7-4638-a190-033fcda7c81f;de26fad7-4070-423c-9127-e3c8233bf0b0;9a4556e6-9167-4385-b88e-e824d62809ef]]
2026-04-03 19:17:46.344,30.531,CrossSignalDivergence_SYS,atomic,[CrossSignalDivergence_SYS],[0.9421],1,6,0.9421,[dt-1;dt-2;dt-3],[[a88d8727-46fb-4fd7-a52a-31cf15cbd430;576424ce-d5b4-41e2-a1d3-0fa0f36b6b57;96de3f24-79dd-46d3-8e43-b589a316c020;a6ffeba9-c8c7-4638-a190-033fcda7c81f;de26fad7-4070-423c-9127-e3c8233bf0b0;9a4556e6-9167-4385-b88e-e824d62809ef]]
2026-04-03 19:17:46.350,30.537,CrossSignalRelativeStable_GT,atomic,[CrossSignalRelativeStable_GT],[1.0000],1,6,1.0000,[dt-1;dt-2;dt-3],[[646a609f-1e60-4406-b81e-1e286a1ffdd9;2896b4d9-1472-43fe-a3cf-0cd266c25aaf;c5ec798f-02c1-4212-9d30-b2504c2aed78;1fd5d751-6ac1-4cf9-84b8-d58328708778;14619659-e978-441c-92c6-f7e062ff49e7;b061be3f-660f-48f7-a745-3a1a4dfced68]]
2026-04-03 19:17:46.350,30.537,CrossSignalDivergence_GT,atomic,[CrossSignalDivergence_GT],[1.0000],1,6,1.0000,[dt-1;dt-2;dt-3],[[646a609f-1e60-4406-b81e-1e286a1ffdd9;2896b4d9-1472-43fe-a3cf-0cd266c25aaf;c5ec798f-02c1-4212-9d30-b2504c2aed78;1fd5d751-6ac1-4cf9-84b8-d58328708778;14619659-e978-441c-92c6-f7e062ff49e7;b061be3f-660f-48f7-a745-3a1a4dfced68]]
2026-04-03 19:17:46.448,30.635,CrossSignalRelativeStable_SYS,atomic,[CrossSignalRelativeStable_SYS],[0.9605],1,6,0.9605,[dt-1;dt-2;dt-3],[[a6ffeba9-c8c7-4638-a190-033fcda7c81f;de26fad7-4070-423c-9127-e3c8233bf0b0;9a4556e6-9167-4385-b88e-e824d62809ef;196ce35a-5a70-49dc-9edf-cd4a15afb3d2;e3b5f3dc-d264-4e7a-9edb-5bd3e96263bc;b6acda23-32ab-4024-b437-89db2f80065c]]
2026-04-03 19:17:46.448,30.635,CrossSignalRelativeStable_OBS,atomic,[CrossSignalRelativeStable_OBS],[1.0000],1,6,1.0000,[dt-1;dt-2;dt-3],[[a88d8727-46fb-4fd7-a52a-31cf15cbd430;862cf1b4-12e2-474a-ad02-904071dc501a;9a4556e6-9167-4385-b88e-e824d62809ef;196ce35a-5a70-49dc-9edf-cd4a15afb3d2;e3b5f3dc-d264-4e7a-9edb-5bd3e96263bc;b6acda23-32ab-4024-b437-89db2f80065c]]
2026-04-03 19:17:46.448,30.635,CrossSignalDivergence_SYS,atomic,[CrossSignalDivergence_SYS],[0.9605],1,6,0.9605,[dt-1;dt-2;dt-3],[[a6ffeba9-c8c7-4638-a190-033fcda7c81f;de26fad7-4070-423c-9127-e3c8233bf0b0;9a4556e6-9167-4385-b88e-e824d62809ef;196ce35a-5a70-49dc-9edf-cd4a15afb3d2;e3b5f3dc-d264-4e7a-9edb-5bd3e96263bc;b6acda23-32ab-4024-b437-89db2f80065c]]
2026-04-03 19:17:46.449,30.636,CrossSignalDivergence_OBS,atomic,[CrossSignalDivergence_OBS],[1.0000],1,6,1.0000,[dt-1;dt-2;dt-3],[[a88d8727-46fb-4fd7-a52a-31cf15cbd430;862cf1b4-12e2-474a-ad02-904071dc501a;9a4556e6-9167-4385-b88e-e824d62809ef;196ce35a-5a70-49dc-9edf-cd4a15afb3d2;e3b5f3dc-d264-4e7a-9edb-5bd3e96263bc;b6acda23-32ab-4024-b437-89db2f80065c]]
2026-04-03 19:17:46.455,30.642,CrossSignalRelativeStable_GT,atomic,[CrossSignalRelativeStable_GT],[1.0000],1,6,1.0000,[dt-1;dt-2;dt-3],[[1fd5d751-6ac1-4cf9-84b8-d58328708778;14619659-e978-441c-92c6-f7e062ff49e7;b061be3f-660f-48f7-a745-3a1a4dfced68;10ec32fa-29e1-499f-8265-eea21845d956;1e277be0-6c55-438c-8764-d593dbe55f93;49f4c60a-6f48-47c6-ace4-20e5f665a938]]
2026-04-03 19:17:46.455,30.642,CrossSignalDivergence_GT,atomic,[CrossSignalDivergence_GT],[1.0000],1,6,1.0000,[dt-1;dt-2;dt-3],[[1fd5d751-6ac1-4cf9-84b8-d58328708778;14619659-e978-441c-92c6-f7e062ff49e7;b061be3f-660f-48f7-a745-3a1a4dfced68;10ec32fa-29e1-499f-8265-eea21845d956;1e277be0-6c55-438c-8764-d593dbe55f93;49f4c60a-6f48-47c6-ace4-20e5f665a938]]
2026-04-03 19:17:46.579,30.766,CrossSignalRelativeStable_GT,atomic,[CrossSignalRelativeStable_GT],[1.0000],1,6,1.0000,[dt-1;dt-2;dt-3],[[10ec32fa-29e1-499f-8265-eea21845d956;1e277be0-6c55-438c-8764-d593dbe55f93;49f4c60a-6f48-47c6-ace4-20e5f665a938;d0238093-a9aa-4903-a29a-68987d4a14f0;83f48cff-239f-4c8e-aef9-42bb60b2728c;de7ef435-4e4d-488e-bbd7-161eceddc596]]
2026-04-03 19:17:46.580,30.767,CrossSignalDivergence_GT,atomic,[CrossSignalDivergence_GT],[1.0000],1,6,1.0000,[dt-1;dt-2;dt-3],[[10ec32fa-29e1-499f-8265-eea21845d956;1e277be0-6c55-438c-8764-d593dbe55f93;49f4c60a-6f48-47c6-ace4-20e5f665a938;d0238093-a9aa-4903-a29a-68987d4a14f0;83f48cff-239f-4c8e-aef9-42bb60b2728c;de7ef435-4e4d-488e-bbd7-161eceddc596]]
2026-04-03 19:17:46.669,30.856,CrossSignalRelativeStable_SYS,atomic,[CrossSignalRelativeStable_SYS],[1.0000],1,6,1.0000,[dt-1;dt-2;dt-3],[[196ce35a-5a70-49dc-9edf-cd4a15afb3d2;e3b5f3dc-d264-4e7a-9edb-5bd3e96263bc;b6acda23-32ab-4024-b437-89db2f80065c;00a17a25-5138-468b-9c4c-260ca26f26cb;ce203de0-b309-4306-9fe2-21d845858415;63a213fc-9ed3-4b2d-abc1-86e64d287da0]]
2026-04-03 19:17:46.669,30.856,CrossSignalTrendConsistency_SYS,atomic,[CrossSignalTrendConsistency_SYS],[1.0000],1,6,1.0000,[dt-1;dt-2;dt-3],[[196ce35a-5a70-49dc-9edf-cd4a15afb3d2;e3b5f3dc-d264-4e7a-9edb-5bd3e96263bc;b6acda23-32ab-4024-b437-89db2f80065c;00a17a25-5138-468b-9c4c-260ca26f26cb;ce203de0-b309-4306-9fe2-21d845858415;63a213fc-9ed3-4b2d-abc1-86e64d287da0]]
2026-04-03 19:17:46.669,30.856,CrossSignalDivergence_SYS,atomic,[CrossSignalDivergence_SYS],[1.0000],1,6,1.0000,[dt-1;dt-2;dt-3],[[196ce35a-5a70-49dc-9edf-cd4a15afb3d2;e3b5f3dc-d264-4e7a-9edb-5bd3e96263bc;b6acda23-32ab-4024-b437-89db2f80065c;00a17a25-5138-468b-9c4c-260ca26f26cb;ce203de0-b309-4306-9fe2-21d845858415;63a213fc-9ed3-4b2d-abc1-86e64d287da0]]
2026-04-03 19:17:46.670,30.857,CrossSignalRelativeStable_OBS,atomic,[CrossSignalRelativeStable_OBS],[1.0000],1,6,1.0000,[dt-1;dt-2;dt-3],[[196ce35a-5a70-49dc-9edf-cd4a15afb3d2;e3b5f3dc-d264-4e7a-9edb-5bd3e96263bc;b6acda23-32ab-4024-b437-89db2f80065c;00a17a25-5138-468b-9c4c-260ca26f26cb;d6cac4e2-9326-44ca-9c1d-ef2285b6505e;63a213fc-9ed3-4b2d-abc1-86e64d287da0]]
2026-04-03 19:17:46.670,30.857,CrossSignalDivergence_OBS,atomic,[CrossSignalDivergence_OBS],[1.0000],1,6,1.0000,[dt-1;dt-2;dt-3],[[196ce35a-5a70-49dc-9edf-cd4a15afb3d2;e3b5f3dc-d264-4e7a-9edb-5bd3e96263bc;b6acda23-32ab-4024-b437-89db2f80065c;00a17a25-5138-468b-9c4c-260ca26f26cb;d6cac4e2-9326-44ca-9c1d-ef2285b6505e;63a213fc-9ed3-4b2d-abc1-86e64d287da0]]
2026-04-03 19:17:46.689,30.876,CrossSignalRelativeStable_GT,atomic,[CrossSignalRelativeStable_GT],[1.0000],1,6,1.0000,[dt-1;dt-2;dt-3],[[d0238093-a9aa-4903-a29a-68987d4a14f0;83f48cff-239f-4c8e-aef9-42bb60b2728c;de7ef435-4e4d-488e-bbd7-161eceddc596;dfd7a5af-24d2-4665-a58e-2b46a32a9e85;196bd29d-59d0-43ff-9939-30e9341e94a9;3e6e2199-f593-44e1-aa36-8bb694c7e478]]
2026-04-03 19:17:46.689,30.876,CrossSignalDivergence_GT,atomic,[CrossSignalDivergence_GT],[1.0000],1,6,1.0000,[dt-1;dt-2;dt-3],[[d0238093-a9aa-4903-a29a-68987d4a14f0;83f48cff-239f-4c8e-aef9-42bb60b2728c;de7ef435-4e4d-488e-bbd7-161eceddc596;dfd7a5af-24d2-4665-a58e-2b46a32a9e85;196bd29d-59d0-43ff-9939-30e9341e94a9;3e6e2199-f593-44e1-aa36-8bb694c7e478]]
2026-04-03 19:17:46.803,30.990,CrossSignalRelativeStable_GT,atomic,[CrossSignalRelativeStable_GT],[1.0000],1,6,1.0000,[dt-1;dt-2;dt-3],[[dfd7a5af-24d2-4665-a58e-2b46a32a9e85;196bd29d-59d0-43ff-9939-30e9341e94a9;3e6e2199-f593-44e1-aa36-8bb694c7e478;ee647deb-c604-4a61-b4d0-b8850e94a0d0;6af3ef3e-5134-455e-b555-605b210fe166;793b3818-fb63-4900-88ea-6b85206c5618]]
2026-04-03 19:17:46.803,30.990,CrossSignalDivergence_GT,atomic,[CrossSignalDivergence_GT],[1.0000],1,6,1.0000,[dt-1;dt-2;dt-3],[[dfd7a5af-24d2-4665-a58e-2b46a32a9e85;196bd29d-59d0-43ff-9939-30e9341e94a9;3e6e2199-f593-44e1-aa36-8bb694c7e478;ee647deb-c604-4a61-b4d0-b8850e94a0d0;6af3ef3e-5134-455e-b555-605b210fe166;793b3818-fb63-4900-88ea-6b85206c5618]]
2026-04-03 19:17:46.889,31.076,CrossSignalRelativeStable_SYS,atomic,[CrossSignalRelativeStable_SYS],[1.0000],1,6,1.0000,[dt-1;dt-2;dt-3],[[00a17a25-5138-468b-9c4c-260ca26f26cb;ce203de0-b309-4306-9fe2-21d845858415;63a213fc-9ed3-4b2d-abc1-86e64d287da0;24b1703c-4ed0-4ae6-925c-a580316d695b;d6cac4e2-9326-44ca-9c1d-ef2285b6505e;9855c4b8-c355-4873-8981-409578ab6d55]]
2026-04-03 19:17:46.889,31.076,CrossSignalRelativeStable_OBS,atomic,[CrossSignalRelativeStable_OBS],[1.0000],1,6,1.0000,[dt-1;dt-2;dt-3],[[00a17a25-5138-468b-9c4c-260ca26f26cb;d6cac4e2-9326-44ca-9c1d-ef2285b6505e;63a213fc-9ed3-4b2d-abc1-86e64d287da0;24b1703c-4ed0-4ae6-925c-a580316d695b;461607c6-a14c-4ece-b894-96209abee312;9855c4b8-c355-4873-8981-409578ab6d55]]
2026-04-03 19:17:46.889,31.076,CrossSignalTrendConsistency_SYS,atomic,[CrossSignalTrendConsistency_SYS],[1.0000],1,6,1.0000,[dt-1;dt-2;dt-3],[[00a17a25-5138-468b-9c4c-260ca26f26cb;ce203de0-b309-4306-9fe2-21d845858415;63a213fc-9ed3-4b2d-abc1-86e64d287da0;24b1703c-4ed0-4ae6-925c-a580316d695b;d6cac4e2-9326-44ca-9c1d-ef2285b6505e;9855c4b8-c355-4873-8981-409578ab6d55]]
2026-04-03 19:17:46.889,31.076,CrossSignalTrendConsistency_OBS,atomic,[CrossSignalTrendConsistency_OBS],[1.0000],1,6,1.0000,[dt-1;dt-2;dt-3],[[00a17a25-5138-468b-9c4c-260ca26f26cb;d6cac4e2-9326-44ca-9c1d-ef2285b6505e;63a213fc-9ed3-4b2d-abc1-86e64d287da0;24b1703c-4ed0-4ae6-925c-a580316d695b;461607c6-a14c-4ece-b894-96209abee312;9855c4b8-c355-4873-8981-409578ab6d55]]
2026-04-03 19:17:46.889,31.076,CrossSignalDivergence_SYS,atomic,[CrossSignalDivergence_SYS],[1.0000],1,6,1.0000,[dt-1;dt-2;dt-3],[[00a17a25-5138-468b-9c4c-260ca26f26cb;ce203de0-b309-4306-9fe2-21d845858415;63a213fc-9ed3-4b2d-abc1-86e64d287da0;24b1703c-4ed0-4ae6-925c-a580316d695b;d6cac4e2-9326-44ca-9c1d-ef2285b6505e;9855c4b8-c355-4873-8981-409578ab6d55]]
2026-04-03 19:17:46.889,31.076,CrossSignalDivergence_OBS,atomic,[CrossSignalDivergence_OBS],[1.0000],1,6,1.0000,[dt-1;dt-2;dt-3],[[00a17a25-5138-468b-9c4c-260ca26f26cb;d6cac4e2-9326-44ca-9c1d-ef2285b6505e;63a213fc-9ed3-4b2d-abc1-86e64d287da0;24b1703c-4ed0-4ae6-925c-a580316d695b;461607c6-a14c-4ece-b894-96209abee312;9855c4b8-c355-4873-8981-409578ab6d55]]
2026-04-03 19:17:46.901,31.088,CrossSignalRelativeStable_GT,atomic,[CrossSignalRelativeStable_GT],[1.0000],1,6,1.0000,[dt-1;dt-2;dt-3],[[ee647deb-c604-4a61-b4d0-b8850e94a0d0;6af3ef3e-5134-455e-b555-605b210fe166;793b3818-fb63-4900-88ea-6b85206c5618;17dea695-6974-4ea3-8a66-fddc6b3f7134;40567ec4-7da2-45cc-a7f7-9e5a52777ab8;7dc1aa40-6b86-4b8c-b925-43c90c18ae69]]
2026-04-03 19:17:46.901,31.088,CrossSignalDivergence_GT,atomic,[CrossSignalDivergence_GT],[1.0000],1,6,1.0000,[dt-1;dt-2;dt-3],[[ee647deb-c604-4a61-b4d0-b8850e94a0d0;6af3ef3e-5134-455e-b555-605b210fe166;793b3818-fb63-4900-88ea-6b85206c5618;17dea695-6974-4ea3-8a66-fddc6b3f7134;40567ec4-7da2-45cc-a7f7-9e5a52777ab8;7dc1aa40-6b86-4b8c-b925-43c90c18ae69]]
2026-04-03 19:17:47.013,31.200,CrossSignalRelativeStable_GT,atomic,[CrossSignalRelativeStable_GT],[1.0000],1,6,1.0000,[dt-1;dt-2;dt-3],[[17dea695-6974-4ea3-8a66-fddc6b3f7134;40567ec4-7da2-45cc-a7f7-9e5a52777ab8;7dc1aa40-6b86-4b8c-b925-43c90c18ae69;0b1ea528-c114-4e0a-bd90-5acc0774c371;50c75657-7711-4a61-8d92-206990512b41;f6939c0d-4053-4128-b748-831e13ba0d00]]
2026-04-03 19:17:47.013,31.200,CrossSignalDivergence_GT,atomic,[CrossSignalDivergence_GT],[1.0000],1,6,1.0000,[dt-1;dt-2;dt-3],[[17dea695-6974-4ea3-8a66-fddc6b3f7134;40567ec4-7da2-45cc-a7f7-9e5a52777ab8;7dc1aa40-6b86-4b8c-b925-43c90c18ae69;0b1ea528-c114-4e0a-bd90-5acc0774c371;50c75657-7711-4a61-8d92-206990512b41;f6939c0d-4053-4128-b748-831e13ba0d00]]
2026-04-03 19:17:47.112,31.299,CrossSignalRelativeStable_SYS,atomic,[CrossSignalRelativeStable_SYS],[0.9804],1,6,0.9804,[dt-1;dt-2;dt-3],[[24b1703c-4ed0-4ae6-925c-a580316d695b;d6cac4e2-9326-44ca-9c1d-ef2285b6505e;9855c4b8-c355-4873-8981-409578ab6d55;b3cd9d61-a8f7-4221-8449-455ed55b56ff;15bf7eb1-0d74-414b-ae1e-1df080549a59;c4c20210-23af-43f4-a023-e5d04cf026e8]]
2026-04-03 19:17:47.112,31.299,CrossSignalDivergence_SYS,atomic,[CrossSignalDivergence_SYS],[0.9804],1,6,0.9804,[dt-1;dt-2;dt-3],[[24b1703c-4ed0-4ae6-925c-a580316d695b;d6cac4e2-9326-44ca-9c1d-ef2285b6505e;9855c4b8-c355-4873-8981-409578ab6d55;b3cd9d61-a8f7-4221-8449-455ed55b56ff;15bf7eb1-0d74-414b-ae1e-1df080549a59;c4c20210-23af-43f4-a023-e5d04cf026e8]]
2026-04-03 19:17:47.118,31.305,CrossSignalRelativeStable_GT,atomic,[CrossSignalRelativeStable_GT],[1.0000],1,6,1.0000,[dt-1;dt-2;dt-3],[[0b1ea528-c114-4e0a-bd90-5acc0774c371;50c75657-7711-4a61-8d92-206990512b41;f6939c0d-4053-4128-b748-831e13ba0d00;58e67621-da52-4e79-bf46-2ead2da9eec4;20361f1f-c37f-4112-b1d8-a74c1d465197;745890c0-d07f-4ce1-8eb2-24a6cef3b679]]
2026-04-03 19:17:47.118,31.305,CrossSignalDivergence_GT,atomic,[CrossSignalDivergence_GT],[1.0000],1,6,1.0000,[dt-1;dt-2;dt-3],[[0b1ea528-c114-4e0a-bd90-5acc0774c371;50c75657-7711-4a61-8d92-206990512b41;f6939c0d-4053-4128-b748-831e13ba0d00;58e67621-da52-4e79-bf46-2ead2da9eec4;20361f1f-c37f-4112-b1d8-a74c1d465197;745890c0-d07f-4ce1-8eb2-24a6cef3b679]]
2026-04-03 19:17:47.226,31.413,CrossSignalRelativeStable_SYS,atomic,[CrossSignalRelativeStable_SYS],[0.9435],1,6,0.9435,[dt-1;dt-2;dt-3],[[b3cd9d61-a8f7-4221-8449-455ed55b56ff;15bf7eb1-0d74-414b-ae1e-1df080549a59;c4c20210-23af-43f4-a023-e5d04cf026e8;89d0a8c7-7505-4aee-bee6-3b04b941167d;6fd331fc-8b25-40cf-aa3f-d4b47c095cd3;0d081310-af27-4d03-b3a2-ceffd28fff3a]]
2026-04-03 19:17:47.226,31.413,CrossSignalDivergence_SYS,atomic,[CrossSignalDivergence_SYS],[0.9435],1,6,0.9435,[dt-1;dt-2;dt-3],[[b3cd9d61-a8f7-4221-8449-455ed55b56ff;15bf7eb1-0d74-414b-ae1e-1df080549a59;c4c20210-23af-43f4-a023-e5d04cf026e8;89d0a8c7-7505-4aee-bee6-3b04b941167d;6fd331fc-8b25-40cf-aa3f-d4b47c095cd3;0d081310-af27-4d03-b3a2-ceffd28fff3a]]
2026-04-03 19:17:47.250,31.437,CrossSignalRelativeStable_GT,atomic,[CrossSignalRelativeStable_GT],[1.0000],1,6,1.0000,[dt-1;dt-2;dt-3],[[58e67621-da52-4e79-bf46-2ead2da9eec4;20361f1f-c37f-4112-b1d8-a74c1d465197;745890c0-d07f-4ce1-8eb2-24a6cef3b679;a0f8ecba-5640-484d-88fa-6e40c29939fa;e8bf8b3c-c268-44e6-992d-a155e5c6ea96;f92d9b12-06b8-4830-b5ac-0fa05bc6aa85]]
2026-04-03 19:17:47.251,31.438,CrossSignalTrendConsistency_GT,atomic,[CrossSignalTrendConsistency_GT],[1.0000],1,6,1.0000,[dt-1;dt-2;dt-3],[[58e67621-da52-4e79-bf46-2ead2da9eec4;20361f1f-c37f-4112-b1d8-a74c1d465197;745890c0-d07f-4ce1-8eb2-24a6cef3b679;a0f8ecba-5640-484d-88fa-6e40c29939fa;e8bf8b3c-c268-44e6-992d-a155e5c6ea96;f92d9b12-06b8-4830-b5ac-0fa05bc6aa85]]
2026-04-03 19:17:47.251,31.438,CrossSignalDivergence_GT,atomic,[CrossSignalDivergence_GT],[1.0000],1,6,1.0000,[dt-1;dt-2;dt-3],[[58e67621-da52-4e79-bf46-2ead2da9eec4;20361f1f-c37f-4112-b1d8-a74c1d465197;745890c0-d07f-4ce1-8eb2-24a6cef3b679;a0f8ecba-5640-484d-88fa-6e40c29939fa;e8bf8b3c-c268-44e6-992d-a155e5c6ea96;f92d9b12-06b8-4830-b5ac-0fa05bc6aa85]]
2026-04-03 19:17:47.346,31.533,CrossSignalRelativeStable_GT,atomic,[CrossSignalRelativeStable_GT],[1.0000],1,6,1.0000,[dt-1;dt-2;dt-3],[[a0f8ecba-5640-484d-88fa-6e40c29939fa;e8bf8b3c-c268-44e6-992d-a155e5c6ea96;f92d9b12-06b8-4830-b5ac-0fa05bc6aa85;32ea0e95-ac79-4b8b-9851-6263432bbd64;064bce54-47a8-4d5d-8c56-c7d6c8c83da3;2c609646-68f9-4240-bb1a-cb0472a14063]]
2026-04-03 19:17:47.346,31.533,CrossSignalDivergence_GT,atomic,[CrossSignalDivergence_GT],[1.0000],1,6,1.0000,[dt-1;dt-2;dt-3],[[a0f8ecba-5640-484d-88fa-6e40c29939fa;e8bf8b3c-c268-44e6-992d-a155e5c6ea96;f92d9b12-06b8-4830-b5ac-0fa05bc6aa85;32ea0e95-ac79-4b8b-9851-6263432bbd64;064bce54-47a8-4d5d-8c56-c7d6c8c83da3;2c609646-68f9-4240-bb1a-cb0472a14063]]
2026-04-03 19:17:47.446,31.633,CrossSignalRelativeStable_OBS,atomic,[CrossSignalRelativeStable_OBS],[1.0000],1,6,1.0000,[dt-1;dt-2;dt-3],[[24b1703c-4ed0-4ae6-925c-a580316d695b;461607c6-a14c-4ece-b894-96209abee312;9855c4b8-c355-4873-8981-409578ab6d55;bf756c49-0e15-4ce9-9961-c1d74d860bce;15bf7eb1-0d74-414b-ae1e-1df080549a59;c4c20210-23af-43f4-a023-e5d04cf026e8]]
2026-04-03 19:17:47.447,31.634,CrossSignalDivergence_OBS,atomic,[CrossSignalDivergence_OBS],[1.0000],1,6,1.0000,[dt-1;dt-2;dt-3],[[24b1703c-4ed0-4ae6-925c-a580316d695b;461607c6-a14c-4ece-b894-96209abee312;9855c4b8-c355-4873-8981-409578ab6d55;bf756c49-0e15-4ce9-9961-c1d74d860bce;15bf7eb1-0d74-414b-ae1e-1df080549a59;c4c20210-23af-43f4-a023-e5d04cf026e8]]
2026-04-03 19:17:47.453,31.640,CrossSignalRelativeStable_SYS,atomic,[CrossSignalRelativeStable_SYS],[0.9126],1,6,0.9126,[dt-1;dt-2;dt-3],[[89d0a8c7-7505-4aee-bee6-3b04b941167d;6fd331fc-8b25-40cf-aa3f-d4b47c095cd3;0d081310-af27-4d03-b3a2-ceffd28fff3a;0a54ea71-1d81-4bec-b09a-1f69fb7d4b4c;0a1250ef-71f7-49d5-b8d0-5bf341611dcc;0ce0fd36-3249-402c-b936-2131ea778980]]
2026-04-03 19:17:47.453,31.640,CrossSignalDivergence_SYS,atomic,[CrossSignalDivergence_SYS],[0.9126],1,6,0.9126,[dt-1;dt-2;dt-3],[[89d0a8c7-7505-4aee-bee6-3b04b941167d;6fd331fc-8b25-40cf-aa3f-d4b47c095cd3;0d081310-af27-4d03-b3a2-ceffd28fff3a;0a54ea71-1d81-4bec-b09a-1f69fb7d4b4c;0a1250ef-71f7-49d5-b8d0-5bf341611dcc;0ce0fd36-3249-402c-b936-2131ea778980]]
2026-04-03 19:17:47.458,31.645,CrossSignalRelativeStable_GT,atomic,[CrossSignalRelativeStable_GT],[1.0000],1,6,1.0000,[dt-1;dt-2;dt-3],[[32ea0e95-ac79-4b8b-9851-6263432bbd64;064bce54-47a8-4d5d-8c56-c7d6c8c83da3;2c609646-68f9-4240-bb1a-cb0472a14063;c8e1459b-737e-4dfa-8ce0-19276b33c5a5;d27657ba-5764-41b6-8955-97b4aa088d92;f2d168a1-76e6-4023-a077-3b23320d5105]]
2026-04-03 19:17:47.458,31.645,CrossSignalDivergence_GT,atomic,[CrossSignalDivergence_GT],[1.0000],1,6,1.0000,[dt-1;dt-2;dt-3],[[32ea0e95-ac79-4b8b-9851-6263432bbd64;064bce54-47a8-4d5d-8c56-c7d6c8c83da3;2c609646-68f9-4240-bb1a-cb0472a14063;c8e1459b-737e-4dfa-8ce0-19276b33c5a5;d27657ba-5764-41b6-8955-97b4aa088d92;f2d168a1-76e6-4023-a077-3b23320d5105]]
2026-04-03 19:17:47.569,31.756,CrossSignalRelativeStable_GT,atomic,[CrossSignalRelativeStable_GT],[1.0000],1,6,1.0000,[dt-1;dt-2;dt-3],[[c8e1459b-737e-4dfa-8ce0-19276b33c5a5;d27657ba-5764-41b6-8955-97b4aa088d92;f2d168a1-76e6-4023-a077-3b23320d5105;3ebf6bec-8745-498b-a1c4-f1df85d5feaf;601470bf-2e4c-47fb-a849-a612e8d4d3df;d1e934bb-db34-4d91-923a-ff5cae1029c2]]
2026-04-03 19:17:47.570,31.757,CrossSignalDivergence_GT,atomic,[CrossSignalDivergence_GT],[1.0000],1,6,1.0000,[dt-1;dt-2;dt-3],[[c8e1459b-737e-4dfa-8ce0-19276b33c5a5;d27657ba-5764-41b6-8955-97b4aa088d92;f2d168a1-76e6-4023-a077-3b23320d5105;3ebf6bec-8745-498b-a1c4-f1df85d5feaf;601470bf-2e4c-47fb-a849-a612e8d4d3df;d1e934bb-db34-4d91-923a-ff5cae1029c2]]
2026-04-03 19:17:47.666,31.853,CrossSignalRelativeStable_SYS,atomic,[CrossSignalRelativeStable_SYS],[0.9495],1,6,0.9495,[dt-1;dt-2;dt-3],[[0a54ea71-1d81-4bec-b09a-1f69fb7d4b4c;0a1250ef-71f7-49d5-b8d0-5bf341611dcc;0ce0fd36-3249-402c-b936-2131ea778980;b225fa3d-e5f5-446d-9f66-9a1ad3585ba6;10dbce85-a8fe-4209-a712-a8bc7ebd6597;c2a3a2b8-7e16-4036-a4fb-d3d4fdfe29d5]]
2026-04-03 19:17:47.666,31.853,CrossSignalDivergence_SYS,atomic,[CrossSignalDivergence_SYS],[0.9495],1,6,0.9495,[dt-1;dt-2;dt-3],[[0a54ea71-1d81-4bec-b09a-1f69fb7d4b4c;0a1250ef-71f7-49d5-b8d0-5bf341611dcc;0ce0fd36-3249-402c-b936-2131ea778980;b225fa3d-e5f5-446d-9f66-9a1ad3585ba6;10dbce85-a8fe-4209-a712-a8bc7ebd6597;c2a3a2b8-7e16-4036-a4fb-d3d4fdfe29d5]]
2026-04-03 19:17:47.677,31.864,CrossSignalRelativeStable_GT,atomic,[CrossSignalRelativeStable_GT],[1.0000],1,6,1.0000,[dt-1;dt-2;dt-3],[[3ebf6bec-8745-498b-a1c4-f1df85d5feaf;601470bf-2e4c-47fb-a849-a612e8d4d3df;d1e934bb-db34-4d91-923a-ff5cae1029c2;780f2838-d953-46cf-8cfe-aac38fc52f89;c3779a79-966f-40f1-90bb-c09e1c27ed66;c0e801a1-a306-46a1-813e-217c2215d9bc]]
2026-04-03 19:17:47.678,31.865,CrossSignalDivergence_GT,atomic,[CrossSignalDivergence_GT],[1.0000],1,6,1.0000,[dt-1;dt-2;dt-3],[[3ebf6bec-8745-498b-a1c4-f1df85d5feaf;601470bf-2e4c-47fb-a849-a612e8d4d3df;d1e934bb-db34-4d91-923a-ff5cae1029c2;780f2838-d953-46cf-8cfe-aac38fc52f89;c3779a79-966f-40f1-90bb-c09e1c27ed66;c0e801a1-a306-46a1-813e-217c2215d9bc]]
2026-04-03 19:17:47.788,31.975,CrossSignalRelativeStable_GT,atomic,[CrossSignalRelativeStable_GT],[1.0000],1,6,1.0000,[dt-1;dt-2;dt-3],[[780f2838-d953-46cf-8cfe-aac38fc52f89;c3779a79-966f-40f1-90bb-c09e1c27ed66;c0e801a1-a306-46a1-813e-217c2215d9bc;d1eab0d3-c682-4f53-92f8-e27c5cee6566;c8ca4da1-63e7-4659-812c-9f2bce00e182;4862dff8-8be0-485e-9ce6-302ac5f164e8]]
2026-04-03 19:17:47.788,31.975,CrossSignalDivergence_GT,atomic,[CrossSignalDivergence_GT],[1.0000],1,6,1.0000,[dt-1;dt-2;dt-3],[[780f2838-d953-46cf-8cfe-aac38fc52f89;c3779a79-966f-40f1-90bb-c09e1c27ed66;c0e801a1-a306-46a1-813e-217c2215d9bc;d1eab0d3-c682-4f53-92f8-e27c5cee6566;c8ca4da1-63e7-4659-812c-9f2bce00e182;4862dff8-8be0-485e-9ce6-302ac5f164e8]]
2026-04-03 19:17:47.889,32.076,CrossSignalRelativeStable_SYS,atomic,[CrossSignalRelativeStable_SYS],[0.9781],1,6,0.9781,[dt-1;dt-2;dt-3],[[b225fa3d-e5f5-446d-9f66-9a1ad3585ba6;10dbce85-a8fe-4209-a712-a8bc7ebd6597;c2a3a2b8-7e16-4036-a4fb-d3d4fdfe29d5;79d14b1a-2e03-40a0-970a-a04f601a2d58;077fca18-4ed4-4874-b201-d1257d706b7b;cd81e854-f0a4-468e-865c-84528b98de26]]
2026-04-03 19:17:47.890,32.077,CrossSignalDivergence_SYS,atomic,[CrossSignalDivergence_SYS],[0.9781],1,6,0.9781,[dt-1;dt-2;dt-3],[[b225fa3d-e5f5-446d-9f66-9a1ad3585ba6;10dbce85-a8fe-4209-a712-a8bc7ebd6597;c2a3a2b8-7e16-4036-a4fb-d3d4fdfe29d5;79d14b1a-2e03-40a0-970a-a04f601a2d58;077fca18-4ed4-4874-b201-d1257d706b7b;cd81e854-f0a4-468e-865c-84528b98de26]]
2026-04-03 19:17:47.890,32.077,CrossSignalRelativeStable_SYS,atomic,[CrossSignalRelativeStable_SYS],[0.9391],1,6,0.9391,[dt-1;dt-2;dt-3],[[79d14b1a-2e03-40a0-970a-a04f601a2d58;077fca18-4ed4-4874-b201-d1257d706b7b;cd81e854-f0a4-468e-865c-84528b98de26;8fc511ce-81b0-47a3-aa62-9c6b52eb463e;bcd17ccf-90fb-4377-ba2f-4e4777a4c845;c14fc525-6af9-4dae-bdef-123882eaa4b1]]
2026-04-03 19:17:47.890,32.077,CrossSignalDivergence_SYS,atomic,[CrossSignalDivergence_SYS],[0.9391],1,6,0.9391,[dt-1;dt-2;dt-3],[[79d14b1a-2e03-40a0-970a-a04f601a2d58;077fca18-4ed4-4874-b201-d1257d706b7b;cd81e854-f0a4-468e-865c-84528b98de26;8fc511ce-81b0-47a3-aa62-9c6b52eb463e;bcd17ccf-90fb-4377-ba2f-4e4777a4c845;c14fc525-6af9-4dae-bdef-123882eaa4b1]]
2026-04-03 19:17:47.890,32.077,CrossSignalRelativeStable_GT,atomic,[CrossSignalRelativeStable_GT],[1.0000],1,6,1.0000,[dt-1;dt-2;dt-3],[[d1eab0d3-c682-4f53-92f8-e27c5cee6566;c8ca4da1-63e7-4659-812c-9f2bce00e182;4862dff8-8be0-485e-9ce6-302ac5f164e8;420f52f2-87ea-4037-a2b4-79c16f407f75;8aba9128-1af8-4274-bc52-fa16a04cc16c;87890f14-416b-4945-be7c-80adee17c264]]
2026-04-03 19:17:47.891,32.078,CrossSignalTrendConsistency_GT,atomic,[CrossSignalTrendConsistency_GT],[1.0000],1,6,1.0000,[dt-1;dt-2;dt-3],[[d1eab0d3-c682-4f53-92f8-e27c5cee6566;c8ca4da1-63e7-4659-812c-9f2bce00e182;4862dff8-8be0-485e-9ce6-302ac5f164e8;420f52f2-87ea-4037-a2b4-79c16f407f75;8aba9128-1af8-4274-bc52-fa16a04cc16c;87890f14-416b-4945-be7c-80adee17c264]]
2026-04-03 19:17:47.891,32.078,CrossSignalDivergence_GT,atomic,[CrossSignalDivergence_GT],[1.0000],1,6,1.0000,[dt-1;dt-2;dt-3],[[d1eab0d3-c682-4f53-92f8-e27c5cee6566;c8ca4da1-63e7-4659-812c-9f2bce00e182;4862dff8-8be0-485e-9ce6-302ac5f164e8;420f52f2-87ea-4037-a2b4-79c16f407f75;8aba9128-1af8-4274-bc52-fa16a04cc16c;87890f14-416b-4945-be7c-80adee17c264]]
2026-04-03 19:17:48.001,32.188,CrossSignalRelativeStable_OBS,atomic,[CrossSignalRelativeStable_OBS],[1.0000],1,6,1.0000,[dt-1;dt-2;dt-3],[[bf756c49-0e15-4ce9-9961-c1d74d860bce;15bf7eb1-0d74-414b-ae1e-1df080549a59;c4c20210-23af-43f4-a023-e5d04cf026e8;7311b413-415b-4098-839d-fbd0838f40fb;0a1250ef-71f7-49d5-b8d0-5bf341611dcc;c2a3a2b8-7e16-4036-a4fb-d3d4fdfe29d5]]
2026-04-03 19:17:48.001,32.188,CrossSignalDivergence_OBS,atomic,[CrossSignalDivergence_OBS],[1.0000],1,6,1.0000,[dt-1;dt-2;dt-3],[[bf756c49-0e15-4ce9-9961-c1d74d860bce;15bf7eb1-0d74-414b-ae1e-1df080549a59;c4c20210-23af-43f4-a023-e5d04cf026e8;7311b413-415b-4098-839d-fbd0838f40fb;0a1250ef-71f7-49d5-b8d0-5bf341611dcc;c2a3a2b8-7e16-4036-a4fb-d3d4fdfe29d5]]
2026-04-03 19:17:48.020,32.207,CrossSignalRelativeStable_GT,atomic,[CrossSignalRelativeStable_GT],[1.0000],1,6,1.0000,[dt-1;dt-2;dt-3],[[420f52f2-87ea-4037-a2b4-79c16f407f75;8aba9128-1af8-4274-bc52-fa16a04cc16c;87890f14-416b-4945-be7c-80adee17c264;7cbea99d-a142-4e91-843b-90a7873b9594;3086edc3-b287-436a-9295-7a8a78ce5f17;3e0cd221-d909-4623-b81a-55b7b8303acf]]
2026-04-03 19:17:48.021,32.208,CrossSignalDivergence_GT,atomic,[CrossSignalDivergence_GT],[1.0000],1,6,1.0000,[dt-1;dt-2;dt-3],[[420f52f2-87ea-4037-a2b4-79c16f407f75;8aba9128-1af8-4274-bc52-fa16a04cc16c;87890f14-416b-4945-be7c-80adee17c264;7cbea99d-a142-4e91-843b-90a7873b9594;3086edc3-b287-436a-9295-7a8a78ce5f17;3e0cd221-d909-4623-b81a-55b7b8303acf]]
2026-04-03 19:17:48.113,32.300,CrossSignalRelativeStable_SYS,atomic,[CrossSignalRelativeStable_SYS],[0.9383],1,6,0.9383,[dt-1;dt-2;dt-3],[[8fc511ce-81b0-47a3-aa62-9c6b52eb463e;bcd17ccf-90fb-4377-ba2f-4e4777a4c845;c14fc525-6af9-4dae-bdef-123882eaa4b1;7311b413-415b-4098-839d-fbd0838f40fb;3a0cb465-a753-47ab-878b-1bda214ce3f2;a2c0bbf2-df22-428f-8b54-72db1cf8fd52]]
2026-04-03 19:17:48.113,32.300,CrossSignalDivergence_SYS,atomic,[CrossSignalDivergence_SYS],[0.9383],1,6,0.9383,[dt-1;dt-2;dt-3],[[8fc511ce-81b0-47a3-aa62-9c6b52eb463e;bcd17ccf-90fb-4377-ba2f-4e4777a4c845;c14fc525-6af9-4dae-bdef-123882eaa4b1;7311b413-415b-4098-839d-fbd0838f40fb;3a0cb465-a753-47ab-878b-1bda214ce3f2;a2c0bbf2-df22-428f-8b54-72db1cf8fd52]]
2026-04-03 19:17:48.120,32.307,CrossSignalRelativeStable_GT,atomic,[CrossSignalRelativeStable_GT],[1.0000],1,6,1.0000,[dt-1;dt-2;dt-3],[[7cbea99d-a142-4e91-843b-90a7873b9594;3086edc3-b287-436a-9295-7a8a78ce5f17;3e0cd221-d909-4623-b81a-55b7b8303acf;64ba38b0-8296-4fe9-8e0a-02bc3242fbb9;8cfacf2e-a1c2-4d91-a7e8-169bd0841cf2;11f2cec0-2632-4ece-a032-368a4feec949]]
2026-04-03 19:17:48.120,32.307,CrossSignalDivergence_GT,atomic,[CrossSignalDivergence_GT],[1.0000],1,6,1.0000,[dt-1;dt-2;dt-3],[[7cbea99d-a142-4e91-843b-90a7873b9594;3086edc3-b287-436a-9295-7a8a78ce5f17;3e0cd221-d909-4623-b81a-55b7b8303acf;64ba38b0-8296-4fe9-8e0a-02bc3242fbb9;8cfacf2e-a1c2-4d91-a7e8-169bd0841cf2;11f2cec0-2632-4ece-a032-368a4feec949]]
2026-04-03 19:17:48.245,32.432,CrossSignalRelativeStable_SYS,atomic,[CrossSignalRelativeStable_SYS],[0.9772],1,6,0.9772,[dt-1;dt-2;dt-3],[[7311b413-415b-4098-839d-fbd0838f40fb;3a0cb465-a753-47ab-878b-1bda214ce3f2;a2c0bbf2-df22-428f-8b54-72db1cf8fd52;5a3e4db0-8994-4de0-ad14-b57bbb6cf5f2;d56967a3-5023-427c-a748-61f65c487ba7;3c8d860b-259d-4c5f-b372-033ecc722457]]
2026-04-03 19:17:48.245,32.432,CrossSignalDivergence_SYS,atomic,[CrossSignalDivergence_SYS],[0.9772],1,6,0.9772,[dt-1;dt-2;dt-3],[[7311b413-415b-4098-839d-fbd0838f40fb;3a0cb465-a753-47ab-878b-1bda214ce3f2;a2c0bbf2-df22-428f-8b54-72db1cf8fd52;5a3e4db0-8994-4de0-ad14-b57bbb6cf5f2;d56967a3-5023-427c-a748-61f65c487ba7;3c8d860b-259d-4c5f-b372-033ecc722457]]
2026-04-03 19:17:48.267,32.454,CrossSignalRelativeStable_GT,atomic,[CrossSignalRelativeStable_GT],[1.0000],1,6,1.0000,[dt-1;dt-2;dt-3],[[64ba38b0-8296-4fe9-8e0a-02bc3242fbb9;8cfacf2e-a1c2-4d91-a7e8-169bd0841cf2;11f2cec0-2632-4ece-a032-368a4feec949;676c913e-e3d4-4c6d-b418-32e8ba155b40;28bd6b6d-1bb1-4334-a3d4-8d11af33a33c;0fb4e8c9-d657-462d-93cd-ac33c81498a2]]
2026-04-03 19:17:48.268,32.455,CrossSignalDivergence_GT,atomic,[CrossSignalDivergence_GT],[1.0000],1,6,1.0000,[dt-1;dt-2;dt-3],[[64ba38b0-8296-4fe9-8e0a-02bc3242fbb9;8cfacf2e-a1c2-4d91-a7e8-169bd0841cf2;11f2cec0-2632-4ece-a032-368a4feec949;676c913e-e3d4-4c6d-b418-32e8ba155b40;28bd6b6d-1bb1-4334-a3d4-8d11af33a33c;0fb4e8c9-d657-462d-93cd-ac33c81498a2]]
2026-04-03 19:17:48.349,32.536,CrossSignalRelativeStable_GT,atomic,[CrossSignalRelativeStable_GT],[1.0000],1,6,1.0000,[dt-1;dt-2;dt-3],[[676c913e-e3d4-4c6d-b418-32e8ba155b40;28bd6b6d-1bb1-4334-a3d4-8d11af33a33c;0fb4e8c9-d657-462d-93cd-ac33c81498a2;390a3bac-03f1-4250-8ba2-9a987b27274a;fd6856ea-afdd-4e9a-81cf-053609609205;d6ace7c3-0df5-4cc9-8fb7-01e28ff54302]]
2026-04-03 19:17:48.349,32.536,CrossSignalDivergence_GT,atomic,[CrossSignalDivergence_GT],[1.0000],1,6,1.0000,[dt-1;dt-2;dt-3],[[676c913e-e3d4-4c6d-b418-32e8ba155b40;28bd6b6d-1bb1-4334-a3d4-8d11af33a33c;0fb4e8c9-d657-462d-93cd-ac33c81498a2;390a3bac-03f1-4250-8ba2-9a987b27274a;fd6856ea-afdd-4e9a-81cf-053609609205;d6ace7c3-0df5-4cc9-8fb7-01e28ff54302]]
2026-04-03 19:17:48.452,32.639,CrossSignalRelativeStable_SYS,atomic,[CrossSignalRelativeStable_SYS],[0.9807],1,6,0.9807,[dt-1;dt-2;dt-3],[[5a3e4db0-8994-4de0-ad14-b57bbb6cf5f2;d56967a3-5023-427c-a748-61f65c487ba7;3c8d860b-259d-4c5f-b372-033ecc722457;3326807c-72a2-4894-9300-0ea91c1931c6;d8f6f0d9-175b-4d79-8462-34dddac355c6;17d153d1-d161-427a-a286-584659ca2848]]
2026-04-03 19:17:48.452,32.639,CrossSignalDivergence_SYS,atomic,[CrossSignalDivergence_SYS],[0.9807],1,6,0.9807,[dt-1;dt-2;dt-3],[[5a3e4db0-8994-4de0-ad14-b57bbb6cf5f2;d56967a3-5023-427c-a748-61f65c487ba7;3c8d860b-259d-4c5f-b372-033ecc722457;3326807c-72a2-4894-9300-0ea91c1931c6;d8f6f0d9-175b-4d79-8462-34dddac355c6;17d153d1-d161-427a-a286-584659ca2848]]
2026-04-03 19:17:48.458,32.645,CrossSignalRelativeStable_GT,atomic,[CrossSignalRelativeStable_GT],[1.0000],1,6,1.0000,[dt-1;dt-2;dt-3],[[390a3bac-03f1-4250-8ba2-9a987b27274a;fd6856ea-afdd-4e9a-81cf-053609609205;d6ace7c3-0df5-4cc9-8fb7-01e28ff54302;84e8f1c0-2a9e-43b3-8914-d4969ffeb881;19e82b86-45ee-439f-bdab-3c372e5c1243;340c0268-b604-4732-a179-43a5a9e605d8]]
2026-04-03 19:17:48.458,32.645,CrossSignalDivergence_GT,atomic,[CrossSignalDivergence_GT],[1.0000],1,6,1.0000,[dt-1;dt-2;dt-3],[[390a3bac-03f1-4250-8ba2-9a987b27274a;fd6856ea-afdd-4e9a-81cf-053609609205;d6ace7c3-0df5-4cc9-8fb7-01e28ff54302;84e8f1c0-2a9e-43b3-8914-d4969ffeb881;19e82b86-45ee-439f-bdab-3c372e5c1243;340c0268-b604-4732-a179-43a5a9e605d8]]
2026-04-03 19:17:48.555,32.742,CrossSignalRelativeStable_OBS,atomic,[CrossSignalRelativeStable_OBS],[1.0000],1,6,1.0000,[dt-1;dt-2;dt-3],[[7311b413-415b-4098-839d-fbd0838f40fb;0a1250ef-71f7-49d5-b8d0-5bf341611dcc;c2a3a2b8-7e16-4036-a4fb-d3d4fdfe29d5;1280974d-474e-4232-8468-79a155fd3684;d56967a3-5023-427c-a748-61f65c487ba7;4080032f-382f-4bd6-bdb4-ea9e0535208c]]
2026-04-03 19:17:48.555,32.742,CrossSignalTrendConsistency_OBS,atomic,[CrossSignalTrendConsistency_OBS],[1.0000],1,6,1.0000,[dt-1;dt-2;dt-3],[[7311b413-415b-4098-839d-fbd0838f40fb;0a1250ef-71f7-49d5-b8d0-5bf341611dcc;c2a3a2b8-7e16-4036-a4fb-d3d4fdfe29d5;1280974d-474e-4232-8468-79a155fd3684;d56967a3-5023-427c-a748-61f65c487ba7;4080032f-382f-4bd6-bdb4-ea9e0535208c]]
2026-04-03 19:17:48.555,32.742,CrossSignalDivergence_OBS,atomic,[CrossSignalDivergence_OBS],[1.0000],1,6,1.0000,[dt-1;dt-2;dt-3],[[7311b413-415b-4098-839d-fbd0838f40fb;0a1250ef-71f7-49d5-b8d0-5bf341611dcc;c2a3a2b8-7e16-4036-a4fb-d3d4fdfe29d5;1280974d-474e-4232-8468-79a155fd3684;d56967a3-5023-427c-a748-61f65c487ba7;4080032f-382f-4bd6-bdb4-ea9e0535208c]]
2026-04-03 19:17:48.561,32.748,CrossSignalRelativeStable_GT,atomic,[CrossSignalRelativeStable_GT],[1.0000],1,6,1.0000,[dt-1;dt-2;dt-3],[[84e8f1c0-2a9e-43b3-8914-d4969ffeb881;19e82b86-45ee-439f-bdab-3c372e5c1243;340c0268-b604-4732-a179-43a5a9e605d8;cb46d828-2c55-4793-9105-7718a5c5c222;7d39a360-eba3-4e9f-8168-d1bc1cf1d3a2;7c329284-631c-496c-a138-7bb9df435ae8]]
2026-04-03 19:17:48.561,32.748,CrossSignalDivergence_GT,atomic,[CrossSignalDivergence_GT],[1.0000],1,6,1.0000,[dt-1;dt-2;dt-3],[[84e8f1c0-2a9e-43b3-8914-d4969ffeb881;19e82b86-45ee-439f-bdab-3c372e5c1243;340c0268-b604-4732-a179-43a5a9e605d8;cb46d828-2c55-4793-9105-7718a5c5c222;7d39a360-eba3-4e9f-8168-d1bc1cf1d3a2;7c329284-631c-496c-a138-7bb9df435ae8]]
2026-04-03 19:17:48.669,32.856,CrossSignalRelativeStable_SYS,atomic,[CrossSignalRelativeStable_SYS],[0.9597],1,6,0.9597,[dt-1;dt-2;dt-3],[[3326807c-72a2-4894-9300-0ea91c1931c6;d8f6f0d9-175b-4d79-8462-34dddac355c6;17d153d1-d161-427a-a286-584659ca2848;1280974d-474e-4232-8468-79a155fd3684;0a4ad5c3-a403-4f05-a548-ebae647c6c05;326677c9-7f69-492a-888d-d6d6c50ae307]]
2026-04-03 19:17:48.669,32.856,CrossSignalDivergence_SYS,atomic,[CrossSignalDivergence_SYS],[0.9597],1,6,0.9597,[dt-1;dt-2;dt-3],[[3326807c-72a2-4894-9300-0ea91c1931c6;d8f6f0d9-175b-4d79-8462-34dddac355c6;17d153d1-d161-427a-a286-584659ca2848;1280974d-474e-4232-8468-79a155fd3684;0a4ad5c3-a403-4f05-a548-ebae647c6c05;326677c9-7f69-492a-888d-d6d6c50ae307]]
2026-04-03 19:17:48.683,32.870,CrossSignalRelativeStable_GT,atomic,[CrossSignalRelativeStable_GT],[1.0000],1,6,1.0000,[dt-1;dt-2;dt-3],[[cb46d828-2c55-4793-9105-7718a5c5c222;7d39a360-eba3-4e9f-8168-d1bc1cf1d3a2;7c329284-631c-496c-a138-7bb9df435ae8;dad22892-5d04-4ead-8043-f0a9d494841b;dc436e4d-fcc4-43c3-a7aa-4633a4c474b3;2c9464ef-35ca-479a-8840-8ac73c984238]]
2026-04-03 19:17:48.683,32.870,CrossSignalDivergence_GT,atomic,[CrossSignalDivergence_GT],[1.0000],1,6,1.0000,[dt-1;dt-2;dt-3],[[cb46d828-2c55-4793-9105-7718a5c5c222;7d39a360-eba3-4e9f-8168-d1bc1cf1d3a2;7c329284-631c-496c-a138-7bb9df435ae8;dad22892-5d04-4ead-8043-f0a9d494841b;dc436e4d-fcc4-43c3-a7aa-4633a4c474b3;2c9464ef-35ca-479a-8840-8ac73c984238]]
2026-04-03 19:17:48.778,32.965,CrossSignalRelativeStable_SYS,atomic,[CrossSignalRelativeStable_SYS],[0.9409],1,6,0.9409,[dt-1;dt-2;dt-3],[[1280974d-474e-4232-8468-79a155fd3684;0a4ad5c3-a403-4f05-a548-ebae647c6c05;326677c9-7f69-492a-888d-d6d6c50ae307;c2ed0ab2-0d1c-4c7c-8c59-332081a3d572;9e27616b-2c40-4b97-9215-17483ea0858a;1c74f973-d46c-42d6-a398-3e87207ab166]]
2026-04-03 19:17:48.779,32.966,CrossSignalTrendConsistency_SYS,atomic,[CrossSignalTrendConsistency_SYS],[0.9409],1,6,0.9409,[dt-1;dt-2;dt-3],[[1280974d-474e-4232-8468-79a155fd3684;0a4ad5c3-a403-4f05-a548-ebae647c6c05;326677c9-7f69-492a-888d-d6d6c50ae307;c2ed0ab2-0d1c-4c7c-8c59-332081a3d572;9e27616b-2c40-4b97-9215-17483ea0858a;1c74f973-d46c-42d6-a398-3e87207ab166]]
2026-04-03 19:17:48.779,32.966,CrossSignalDivergence_SYS,atomic,[CrossSignalDivergence_SYS],[0.9409],1,6,0.9409,[dt-1;dt-2;dt-3],[[1280974d-474e-4232-8468-79a155fd3684;0a4ad5c3-a403-4f05-a548-ebae647c6c05;326677c9-7f69-492a-888d-d6d6c50ae307;c2ed0ab2-0d1c-4c7c-8c59-332081a3d572;9e27616b-2c40-4b97-9215-17483ea0858a;1c74f973-d46c-42d6-a398-3e87207ab166]]
2026-04-03 19:17:48.784,32.971,CrossSignalRelativeStable_OBS,atomic,[CrossSignalRelativeStable_OBS],[1.0000],1,6,1.0000,[dt-1;dt-2;dt-3],[[1280974d-474e-4232-8468-79a155fd3684;d56967a3-5023-427c-a748-61f65c487ba7;4080032f-382f-4bd6-bdb4-ea9e0535208c;c2ed0ab2-0d1c-4c7c-8c59-332081a3d572;7754e27f-615e-4919-a604-d052914114bb;326677c9-7f69-492a-888d-d6d6c50ae307]]
2026-04-03 19:17:48.785,32.972,CrossSignalDivergence_OBS,atomic,[CrossSignalDivergence_OBS],[1.0000],1,6,1.0000,[dt-1;dt-2;dt-3],[[1280974d-474e-4232-8468-79a155fd3684;d56967a3-5023-427c-a748-61f65c487ba7;4080032f-382f-4bd6-bdb4-ea9e0535208c;c2ed0ab2-0d1c-4c7c-8c59-332081a3d572;7754e27f-615e-4919-a604-d052914114bb;326677c9-7f69-492a-888d-d6d6c50ae307]]
2026-04-03 19:17:48.791,32.978,CrossSignalRelativeStable_GT,atomic,[CrossSignalRelativeStable_GT],[1.0000],1,6,1.0000,[dt-1;dt-2;dt-3],[[dad22892-5d04-4ead-8043-f0a9d494841b;dc436e4d-fcc4-43c3-a7aa-4633a4c474b3;2c9464ef-35ca-479a-8840-8ac73c984238;645947ff-0324-440e-852f-50a1340adb4a;2a91a839-d620-49e0-b51b-ba6cdc3fc0ce;13ba1cf6-a49f-4769-b50e-1af1e5c02acf]]
2026-04-03 19:17:48.791,32.978,CrossSignalDivergence_GT,atomic,[CrossSignalDivergence_GT],[1.0000],1,6,1.0000,[dt-1;dt-2;dt-3],[[dad22892-5d04-4ead-8043-f0a9d494841b;dc436e4d-fcc4-43c3-a7aa-4633a4c474b3;2c9464ef-35ca-479a-8840-8ac73c984238;645947ff-0324-440e-852f-50a1340adb4a;2a91a839-d620-49e0-b51b-ba6cdc3fc0ce;13ba1cf6-a49f-4769-b50e-1af1e5c02acf]]
2026-04-03 19:17:48.903,33.090,CrossSignalRelativeStable_SYS,atomic,[CrossSignalRelativeStable_SYS],[0.9619],1,6,0.9619,[dt-1;dt-2;dt-3],[[c2ed0ab2-0d1c-4c7c-8c59-332081a3d572;9e27616b-2c40-4b97-9215-17483ea0858a;1c74f973-d46c-42d6-a398-3e87207ab166;060afdfe-728f-4385-ab6a-8fb5d5fee4c9;7754e27f-615e-4919-a604-d052914114bb;9ad18593-dfe8-4509-879c-4c1570e0ccf5]]
2026-04-03 19:17:48.903,33.090,CrossSignalDivergence_SYS,atomic,[CrossSignalDivergence_SYS],[0.9619],1,6,0.9619,[dt-1;dt-2;dt-3],[[c2ed0ab2-0d1c-4c7c-8c59-332081a3d572;9e27616b-2c40-4b97-9215-17483ea0858a;1c74f973-d46c-42d6-a398-3e87207ab166;060afdfe-728f-4385-ab6a-8fb5d5fee4c9;7754e27f-615e-4919-a604-d052914114bb;9ad18593-dfe8-4509-879c-4c1570e0ccf5]]
2026-04-03 19:17:48.908,33.095,CrossSignalRelativeStable_GT,atomic,[CrossSignalRelativeStable_GT],[1.0000],1,6,1.0000,[dt-1;dt-2;dt-3],[[645947ff-0324-440e-852f-50a1340adb4a;2a91a839-d620-49e0-b51b-ba6cdc3fc0ce;13ba1cf6-a49f-4769-b50e-1af1e5c02acf;8cd5c34a-7c0a-4671-84b5-696990976fd7;591ce3ac-c9b4-426c-abd3-ea726a3630e2;90d22cee-5cf9-4279-8635-5ead82c43018]]
2026-04-03 19:17:48.908,33.095,CrossSignalDivergence_GT,atomic,[CrossSignalDivergence_GT],[1.0000],1,6,1.0000,[dt-1;dt-2;dt-3],[[645947ff-0324-440e-852f-50a1340adb4a;2a91a839-d620-49e0-b51b-ba6cdc3fc0ce;13ba1cf6-a49f-4769-b50e-1af1e5c02acf;8cd5c34a-7c0a-4671-84b5-696990976fd7;591ce3ac-c9b4-426c-abd3-ea726a3630e2;90d22cee-5cf9-4279-8635-5ead82c43018]]
2026-04-03 19:17:49.010,33.197,CrossSignalRelativeStable_OBS,atomic,[CrossSignalRelativeStable_OBS],[1.0000],1,6,1.0000,[dt-1;dt-2;dt-3],[[c2ed0ab2-0d1c-4c7c-8c59-332081a3d572;7754e27f-615e-4919-a604-d052914114bb;326677c9-7f69-492a-888d-d6d6c50ae307;8f7469c2-f344-46c9-b52c-8e3858f9efca;4e6c0f0e-82e2-4b43-894a-bff0948b8961;9ad18593-dfe8-4509-879c-4c1570e0ccf5]]
2026-04-03 19:17:49.010,33.197,CrossSignalDivergence_OBS,atomic,[CrossSignalDivergence_OBS],[1.0000],1,6,1.0000,[dt-1;dt-2;dt-3],[[c2ed0ab2-0d1c-4c7c-8c59-332081a3d572;7754e27f-615e-4919-a604-d052914114bb;326677c9-7f69-492a-888d-d6d6c50ae307;8f7469c2-f344-46c9-b52c-8e3858f9efca;4e6c0f0e-82e2-4b43-894a-bff0948b8961;9ad18593-dfe8-4509-879c-4c1570e0ccf5]]
2026-04-03 19:17:49.017,33.204,CrossSignalRelativeStable_GT,atomic,[CrossSignalRelativeStable_GT],[1.0000],1,6,1.0000,[dt-1;dt-2;dt-3],[[8cd5c34a-7c0a-4671-84b5-696990976fd7;591ce3ac-c9b4-426c-abd3-ea726a3630e2;90d22cee-5cf9-4279-8635-5ead82c43018;61df1808-d96f-4013-90e2-8a2540d5ef97;a6612e19-7e55-456b-a4b4-e7eaed0d87ae;a8d1e711-34ad-4a43-b2e4-76a73c42f34b]]
2026-04-03 19:17:49.017,33.204,CrossSignalDivergence_GT,atomic,[CrossSignalDivergence_GT],[1.0000],1,6,1.0000,[dt-1;dt-2;dt-3],[[8cd5c34a-7c0a-4671-84b5-696990976fd7;591ce3ac-c9b4-426c-abd3-ea726a3630e2;90d22cee-5cf9-4279-8635-5ead82c43018;61df1808-d96f-4013-90e2-8a2540d5ef97;a6612e19-7e55-456b-a4b4-e7eaed0d87ae;a8d1e711-34ad-4a43-b2e4-76a73c42f34b]]
2026-04-03 19:17:49.127,33.314,CrossSignalRelativeStable_SYS,atomic,[CrossSignalRelativeStable_SYS],[0.9802],1,6,0.9802,[dt-1;dt-2;dt-3],[[060afdfe-728f-4385-ab6a-8fb5d5fee4c9;7754e27f-615e-4919-a604-d052914114bb;9ad18593-dfe8-4509-879c-4c1570e0ccf5;f85c9f4f-62c5-4381-a228-8f2de9e3a31e;4e6c0f0e-82e2-4b43-894a-bff0948b8961;3422df0c-bed3-447e-b28f-3a219282a29c]]
2026-04-03 19:17:49.127,33.314,CrossSignalDivergence_SYS,atomic,[CrossSignalDivergence_SYS],[0.9802],1,6,0.9802,[dt-1;dt-2;dt-3],[[060afdfe-728f-4385-ab6a-8fb5d5fee4c9;7754e27f-615e-4919-a604-d052914114bb;9ad18593-dfe8-4509-879c-4c1570e0ccf5;f85c9f4f-62c5-4381-a228-8f2de9e3a31e;4e6c0f0e-82e2-4b43-894a-bff0948b8961;3422df0c-bed3-447e-b28f-3a219282a29c]]
2026-04-03 19:17:49.147,33.334,CrossSignalRelativeStable_GT,atomic,[CrossSignalRelativeStable_GT],[1.0000],1,6,1.0000,[dt-1;dt-2;dt-3],[[61df1808-d96f-4013-90e2-8a2540d5ef97;a6612e19-7e55-456b-a4b4-e7eaed0d87ae;a8d1e711-34ad-4a43-b2e4-76a73c42f34b;7c42b734-8ce3-4bdd-b801-a51e756794e3;b7b08ea7-7c93-4d8e-b212-668de036a3fc;caa329e6-fe2c-486f-ad26-ab4a0287e7e8]]
2026-04-03 19:17:49.147,33.334,CrossSignalDivergence_GT,atomic,[CrossSignalDivergence_GT],[1.0000],1,6,1.0000,[dt-1;dt-2;dt-3],[[61df1808-d96f-4013-90e2-8a2540d5ef97;a6612e19-7e55-456b-a4b4-e7eaed0d87ae;a8d1e711-34ad-4a43-b2e4-76a73c42f34b;7c42b734-8ce3-4bdd-b801-a51e756794e3;b7b08ea7-7c93-4d8e-b212-668de036a3fc;caa329e6-fe2c-486f-ad26-ab4a0287e7e8]]
2026-04-03 19:17:49.236,33.423,CrossSignalRelativeStable_OBS,atomic,[CrossSignalRelativeStable_OBS],[1.0000],1,6,1.0000,[dt-1;dt-2;dt-3],[[8f7469c2-f344-46c9-b52c-8e3858f9efca;4e6c0f0e-82e2-4b43-894a-bff0948b8961;9ad18593-dfe8-4509-879c-4c1570e0ccf5;2a537d9e-f0cc-4399-8225-ea541a4c388e;93d1672b-9e65-481f-8024-d34e3255a6c3;3422df0c-bed3-447e-b28f-3a219282a29c]]
2026-04-03 19:17:49.237,33.424,CrossSignalDivergence_OBS,atomic,[CrossSignalDivergence_OBS],[1.0000],1,6,1.0000,[dt-1;dt-2;dt-3],[[8f7469c2-f344-46c9-b52c-8e3858f9efca;4e6c0f0e-82e2-4b43-894a-bff0948b8961;9ad18593-dfe8-4509-879c-4c1570e0ccf5;2a537d9e-f0cc-4399-8225-ea541a4c388e;93d1672b-9e65-481f-8024-d34e3255a6c3;3422df0c-bed3-447e-b28f-3a219282a29c]]
2026-04-03 19:17:49.243,33.430,CrossSignalRelativeStable_SYS,atomic,[CrossSignalRelativeStable_SYS],[0.9802],1,6,0.9802,[dt-1;dt-2;dt-3],[[f85c9f4f-62c5-4381-a228-8f2de9e3a31e;4e6c0f0e-82e2-4b43-894a-bff0948b8961;3422df0c-bed3-447e-b28f-3a219282a29c;2a537d9e-f0cc-4399-8225-ea541a4c388e;0b268560-8668-44f2-939c-db94e3e5bc05;e92663ed-f1cc-4716-8710-2a3a8369ed76]]
2026-04-03 19:17:49.243,33.430,CrossSignalDivergence_SYS,atomic,[CrossSignalDivergence_SYS],[0.9802],1,6,0.9802,[dt-1;dt-2;dt-3],[[f85c9f4f-62c5-4381-a228-8f2de9e3a31e;4e6c0f0e-82e2-4b43-894a-bff0948b8961;3422df0c-bed3-447e-b28f-3a219282a29c;2a537d9e-f0cc-4399-8225-ea541a4c388e;0b268560-8668-44f2-939c-db94e3e5bc05;e92663ed-f1cc-4716-8710-2a3a8369ed76]]
2026-04-03 19:17:49.256,33.443,CrossSignalRelativeStable_GT,atomic,[CrossSignalRelativeStable_GT],[1.0000],1,6,1.0000,[dt-1;dt-2;dt-3],[[7c42b734-8ce3-4bdd-b801-a51e756794e3;b7b08ea7-7c93-4d8e-b212-668de036a3fc;caa329e6-fe2c-486f-ad26-ab4a0287e7e8;d52bed93-ee5c-4b67-b4a3-a209d2f5ec0c;e885ab66-5fff-4209-8e06-72e9a0bcf27a;bbc65433-8a53-4eb1-ac64-6b2821cb39ee]]
2026-04-03 19:17:49.257,33.444,CrossSignalDivergence_GT,atomic,[CrossSignalDivergence_GT],[1.0000],1,6,1.0000,[dt-1;dt-2;dt-3],[[7c42b734-8ce3-4bdd-b801-a51e756794e3;b7b08ea7-7c93-4d8e-b212-668de036a3fc;caa329e6-fe2c-486f-ad26-ab4a0287e7e8;d52bed93-ee5c-4b67-b4a3-a209d2f5ec0c;e885ab66-5fff-4209-8e06-72e9a0bcf27a;bbc65433-8a53-4eb1-ac64-6b2821cb39ee]]
2026-04-03 19:17:49.352,33.539,CrossSignalRelativeStable_OBS,atomic,[CrossSignalRelativeStable_OBS],[1.0000],1,6,1.0000,[dt-1;dt-2;dt-3],[[2a537d9e-f0cc-4399-8225-ea541a4c388e;93d1672b-9e65-481f-8024-d34e3255a6c3;3422df0c-bed3-447e-b28f-3a219282a29c;59d4906f-6f7c-4822-b240-5627586cebac;0b268560-8668-44f2-939c-db94e3e5bc05;cb13b9b1-eb4c-4b8a-a75b-8bd09ba8fe3b]]
2026-04-03 19:17:49.353,33.540,CrossSignalDivergence_OBS,atomic,[CrossSignalDivergence_OBS],[1.0000],1,6,1.0000,[dt-1;dt-2;dt-3],[[2a537d9e-f0cc-4399-8225-ea541a4c388e;93d1672b-9e65-481f-8024-d34e3255a6c3;3422df0c-bed3-447e-b28f-3a219282a29c;59d4906f-6f7c-4822-b240-5627586cebac;0b268560-8668-44f2-939c-db94e3e5bc05;cb13b9b1-eb4c-4b8a-a75b-8bd09ba8fe3b]]
2026-04-03 19:17:49.359,33.546,CrossSignalRelativeStable_SYS,atomic,[CrossSignalRelativeStable_SYS],[1.0000],1,6,1.0000,[dt-1;dt-2;dt-3],[[2a537d9e-f0cc-4399-8225-ea541a4c388e;0b268560-8668-44f2-939c-db94e3e5bc05;e92663ed-f1cc-4716-8710-2a3a8369ed76;59d4906f-6f7c-4822-b240-5627586cebac;04cbe1d6-04ce-424b-bf66-47c84292d0c3;cb13b9b1-eb4c-4b8a-a75b-8bd09ba8fe3b]]
2026-04-03 19:17:49.359,33.546,CrossSignalDivergence_SYS,atomic,[CrossSignalDivergence_SYS],[1.0000],1,6,1.0000,[dt-1;dt-2;dt-3],[[2a537d9e-f0cc-4399-8225-ea541a4c388e;0b268560-8668-44f2-939c-db94e3e5bc05;e92663ed-f1cc-4716-8710-2a3a8369ed76;59d4906f-6f7c-4822-b240-5627586cebac;04cbe1d6-04ce-424b-bf66-47c84292d0c3;cb13b9b1-eb4c-4b8a-a75b-8bd09ba8fe3b]]
2026-04-03 19:17:49.364,33.551,CrossSignalRelativeStable_GT,atomic,[CrossSignalRelativeStable_GT],[1.0000],1,6,1.0000,[dt-1;dt-2;dt-3],[[d52bed93-ee5c-4b67-b4a3-a209d2f5ec0c;e885ab66-5fff-4209-8e06-72e9a0bcf27a;bbc65433-8a53-4eb1-ac64-6b2821cb39ee;76d0b68e-cbad-4924-9ed6-cebce4cb5d12;d13b7eec-a283-464f-a845-54ef20983580;a656d1b7-5863-4888-89f8-4de15464c2b5]]
2026-04-03 19:17:49.365,33.552,CrossSignalDivergence_GT,atomic,[CrossSignalDivergence_GT],[1.0000],1,6,1.0000,[dt-1;dt-2;dt-3],[[d52bed93-ee5c-4b67-b4a3-a209d2f5ec0c;e885ab66-5fff-4209-8e06-72e9a0bcf27a;bbc65433-8a53-4eb1-ac64-6b2821cb39ee;76d0b68e-cbad-4924-9ed6-cebce4cb5d12;d13b7eec-a283-464f-a845-54ef20983580;a656d1b7-5863-4888-89f8-4de15464c2b5]]
2026-04-03 19:17:49.463,33.650,CrossSignalRelativeStable_OBS,atomic,[CrossSignalRelativeStable_OBS],[1.0000],1,6,1.0000,[dt-1;dt-2;dt-3],[[59d4906f-6f7c-4822-b240-5627586cebac;0b268560-8668-44f2-939c-db94e3e5bc05;cb13b9b1-eb4c-4b8a-a75b-8bd09ba8fe3b;11ae64d4-52ab-4d1a-9af6-7c8753f8bc82;04cbe1d6-04ce-424b-bf66-47c84292d0c3;44c46574-6425-4a1e-b378-c4e2e999601b]]
2026-04-03 19:17:49.466,33.653,CrossSignalDivergence_OBS,atomic,[CrossSignalDivergence_OBS],[1.0000],1,6,1.0000,[dt-1;dt-2;dt-3],[[59d4906f-6f7c-4822-b240-5627586cebac;0b268560-8668-44f2-939c-db94e3e5bc05;cb13b9b1-eb4c-4b8a-a75b-8bd09ba8fe3b;11ae64d4-52ab-4d1a-9af6-7c8753f8bc82;04cbe1d6-04ce-424b-bf66-47c84292d0c3;44c46574-6425-4a1e-b378-c4e2e999601b]]
2026-04-03 19:17:49.495,33.682,CrossSignalRelativeStable_GT,atomic,[CrossSignalRelativeStable_GT],[1.0000],1,6,1.0000,[dt-1;dt-2;dt-3],[[76d0b68e-cbad-4924-9ed6-cebce4cb5d12;d13b7eec-a283-464f-a845-54ef20983580;a656d1b7-5863-4888-89f8-4de15464c2b5;8a71ec9e-fbe4-43d8-b6c1-dc15610ce355;f6dc4b46-85bc-4abf-90b9-63d0a24f214e;482c1131-00ea-444b-ab24-4e9e0032a10a]]
2026-04-03 19:17:49.495,33.682,CrossSignalDivergence_GT,atomic,[CrossSignalDivergence_GT],[1.0000],1,6,1.0000,[dt-1;dt-2;dt-3],[[76d0b68e-cbad-4924-9ed6-cebce4cb5d12;d13b7eec-a283-464f-a845-54ef20983580;a656d1b7-5863-4888-89f8-4de15464c2b5;8a71ec9e-fbe4-43d8-b6c1-dc15610ce355;f6dc4b46-85bc-4abf-90b9-63d0a24f214e;482c1131-00ea-444b-ab24-4e9e0032a10a]]
2026-04-03 19:17:49.568,33.755,CrossSignalRelativeStable_SYS,atomic,[CrossSignalRelativeStable_SYS],[0.9803],1,6,0.9803,[dt-1;dt-2;dt-3],[[59d4906f-6f7c-4822-b240-5627586cebac;04cbe1d6-04ce-424b-bf66-47c84292d0c3;cb13b9b1-eb4c-4b8a-a75b-8bd09ba8fe3b;11ae64d4-52ab-4d1a-9af6-7c8753f8bc82;a63d7f40-6fd2-41bc-9d73-f42dd1bfde85;44c46574-6425-4a1e-b378-c4e2e999601b]]
2026-04-03 19:17:49.568,33.755,CrossSignalTrendConsistency_SYS,atomic,[CrossSignalTrendConsistency_SYS],[0.9803],1,6,0.9803,[dt-1;dt-2;dt-3],[[59d4906f-6f7c-4822-b240-5627586cebac;04cbe1d6-04ce-424b-bf66-47c84292d0c3;cb13b9b1-eb4c-4b8a-a75b-8bd09ba8fe3b;11ae64d4-52ab-4d1a-9af6-7c8753f8bc82;a63d7f40-6fd2-41bc-9d73-f42dd1bfde85;44c46574-6425-4a1e-b378-c4e2e999601b]]
2026-04-03 19:17:49.568,33.755,CrossSignalDivergence_SYS,atomic,[CrossSignalDivergence_SYS],[0.9803],1,6,0.9803,[dt-1;dt-2;dt-3],[[59d4906f-6f7c-4822-b240-5627586cebac;04cbe1d6-04ce-424b-bf66-47c84292d0c3;cb13b9b1-eb4c-4b8a-a75b-8bd09ba8fe3b;11ae64d4-52ab-4d1a-9af6-7c8753f8bc82;a63d7f40-6fd2-41bc-9d73-f42dd1bfde85;44c46574-6425-4a1e-b378-c4e2e999601b]]
2026-04-03 19:17:49.580,33.767,CrossSignalRelativeStable_GT,atomic,[CrossSignalRelativeStable_GT],[1.0000],1,6,1.0000,[dt-1;dt-2;dt-3],[[8a71ec9e-fbe4-43d8-b6c1-dc15610ce355;f6dc4b46-85bc-4abf-90b9-63d0a24f214e;482c1131-00ea-444b-ab24-4e9e0032a10a;3284a4a8-7940-4332-b517-a5232f629340;0a6a93b5-8356-48b3-a265-ba8dbe3cd27e;b58c4070-a1e0-4e4e-896b-53bfcd367ba8]]
2026-04-03 19:17:49.580,33.767,CrossSignalTrendConsistency_GT,atomic,[CrossSignalTrendConsistency_GT],[1.0000],1,6,1.0000,[dt-1;dt-2;dt-3],[[8a71ec9e-fbe4-43d8-b6c1-dc15610ce355;f6dc4b46-85bc-4abf-90b9-63d0a24f214e;482c1131-00ea-444b-ab24-4e9e0032a10a;3284a4a8-7940-4332-b517-a5232f629340;0a6a93b5-8356-48b3-a265-ba8dbe3cd27e;b58c4070-a1e0-4e4e-896b-53bfcd367ba8]]
2026-04-03 19:17:49.580,33.767,CrossSignalDivergence_GT,atomic,[CrossSignalDivergence_GT],[1.0000],1,6,1.0000,[dt-1;dt-2;dt-3],[[8a71ec9e-fbe4-43d8-b6c1-dc15610ce355;f6dc4b46-85bc-4abf-90b9-63d0a24f214e;482c1131-00ea-444b-ab24-4e9e0032a10a;3284a4a8-7940-4332-b517-a5232f629340;0a6a93b5-8356-48b3-a265-ba8dbe3cd27e;b58c4070-a1e0-4e4e-896b-53bfcd367ba8]]
2026-04-03 19:17:49.695,33.882,CrossSignalRelativeStable_GT,atomic,[CrossSignalRelativeStable_GT],[1.0000],1,6,1.0000,[dt-1;dt-2;dt-3],[[3284a4a8-7940-4332-b517-a5232f629340;0a6a93b5-8356-48b3-a265-ba8dbe3cd27e;b58c4070-a1e0-4e4e-896b-53bfcd367ba8;11dc2a38-b4a1-4bd9-8622-56682190205b;c9fd55c2-17b2-4f1b-b7d4-45bb9fb0b6e3;f5ff1f5a-098c-4698-b683-bd0883126578]]
2026-04-03 19:17:49.695,33.882,CrossSignalDivergence_GT,atomic,[CrossSignalDivergence_GT],[1.0000],1,6,1.0000,[dt-1;dt-2;dt-3],[[3284a4a8-7940-4332-b517-a5232f629340;0a6a93b5-8356-48b3-a265-ba8dbe3cd27e;b58c4070-a1e0-4e4e-896b-53bfcd367ba8;11dc2a38-b4a1-4bd9-8622-56682190205b;c9fd55c2-17b2-4f1b-b7d4-45bb9fb0b6e3;f5ff1f5a-098c-4698-b683-bd0883126578]]
2026-04-03 19:17:49.788,33.975,CrossSignalRelativeStable_OBS,atomic,[CrossSignalRelativeStable_OBS],[1.0000],1,6,1.0000,[dt-1;dt-2;dt-3],[[11ae64d4-52ab-4d1a-9af6-7c8753f8bc82;04cbe1d6-04ce-424b-bf66-47c84292d0c3;44c46574-6425-4a1e-b378-c4e2e999601b;867a8b87-6be8-431a-bf28-bd542966ae94;4fc85e9c-df25-4a75-865b-b1348e96e4fd;30664e80-c856-4427-af98-97a65174a2b8]]
2026-04-03 19:17:49.788,33.975,CrossSignalTrendConsistency_OBS,atomic,[CrossSignalTrendConsistency_OBS],[1.0000],1,6,1.0000,[dt-1;dt-2;dt-3],[[11ae64d4-52ab-4d1a-9af6-7c8753f8bc82;04cbe1d6-04ce-424b-bf66-47c84292d0c3;44c46574-6425-4a1e-b378-c4e2e999601b;867a8b87-6be8-431a-bf28-bd542966ae94;4fc85e9c-df25-4a75-865b-b1348e96e4fd;30664e80-c856-4427-af98-97a65174a2b8]]
2026-04-03 19:17:49.789,33.976,CrossSignalDivergence_OBS,atomic,[CrossSignalDivergence_OBS],[1.0000],1,6,1.0000,[dt-1;dt-2;dt-3],[[11ae64d4-52ab-4d1a-9af6-7c8753f8bc82;04cbe1d6-04ce-424b-bf66-47c84292d0c3;44c46574-6425-4a1e-b378-c4e2e999601b;867a8b87-6be8-431a-bf28-bd542966ae94;4fc85e9c-df25-4a75-865b-b1348e96e4fd;30664e80-c856-4427-af98-97a65174a2b8]]
2026-04-03 19:17:49.789,33.976,CrossSignalRelativeStable_SYS,atomic,[CrossSignalRelativeStable_SYS],[0.9408],1,6,0.9408,[dt-1;dt-2;dt-3],[[11ae64d4-52ab-4d1a-9af6-7c8753f8bc82;a63d7f40-6fd2-41bc-9d73-f42dd1bfde85;44c46574-6425-4a1e-b378-c4e2e999601b;bb756971-c02f-4c22-9105-13b41035014e;4fc85e9c-df25-4a75-865b-b1348e96e4fd;cdcfdbde-61e8-4b28-b789-1832b43dd2f4]]
2026-04-03 19:17:49.789,33.976,CrossSignalDivergence_SYS,atomic,[CrossSignalDivergence_SYS],[0.9408],1,6,0.9408,[dt-1;dt-2;dt-3],[[11ae64d4-52ab-4d1a-9af6-7c8753f8bc82;a63d7f40-6fd2-41bc-9d73-f42dd1bfde85;44c46574-6425-4a1e-b378-c4e2e999601b;bb756971-c02f-4c22-9105-13b41035014e;4fc85e9c-df25-4a75-865b-b1348e96e4fd;cdcfdbde-61e8-4b28-b789-1832b43dd2f4]]
2026-04-03 19:17:49.805,33.992,CrossSignalRelativeStable_GT,atomic,[CrossSignalRelativeStable_GT],[1.0000],1,6,1.0000,[dt-1;dt-2;dt-3],[[11dc2a38-b4a1-4bd9-8622-56682190205b;c9fd55c2-17b2-4f1b-b7d4-45bb9fb0b6e3;f5ff1f5a-098c-4698-b683-bd0883126578;d4bca140-98d0-4118-b7d1-cee1fb6bb527;44e89181-9fb9-44a3-a2b5-78ae6475b22a;e4eda9a6-37bc-47e0-abf6-8d62c3c46001]]
2026-04-03 19:17:49.805,33.992,CrossSignalDivergence_GT,atomic,[CrossSignalDivergence_GT],[1.0000],1,6,1.0000,[dt-1;dt-2;dt-3],[[11dc2a38-b4a1-4bd9-8622-56682190205b;c9fd55c2-17b2-4f1b-b7d4-45bb9fb0b6e3;f5ff1f5a-098c-4698-b683-bd0883126578;d4bca140-98d0-4118-b7d1-cee1fb6bb527;44e89181-9fb9-44a3-a2b5-78ae6475b22a;e4eda9a6-37bc-47e0-abf6-8d62c3c46001]]
2026-04-03 19:17:49.903,34.090,CrossSignalRelativeStable_SYS,atomic,[CrossSignalRelativeStable_SYS],[0.8722],1,6,0.8722,[dt-1;dt-2;dt-3],[[bb756971-c02f-4c22-9105-13b41035014e;4fc85e9c-df25-4a75-865b-b1348e96e4fd;cdcfdbde-61e8-4b28-b789-1832b43dd2f4;73b3eb50-d254-4319-94e4-64157ae4f54a;5dce4448-70d0-4abb-96d9-01afa8bb2945;5a099188-3f6b-4a2a-9d2f-5ad46e58fd7a]]
2026-04-03 19:17:49.903,34.090,CrossSignalDivergence_SYS,atomic,[CrossSignalDivergence_SYS],[0.8722],1,6,0.8722,[dt-1;dt-2;dt-3],[[bb756971-c02f-4c22-9105-13b41035014e;4fc85e9c-df25-4a75-865b-b1348e96e4fd;cdcfdbde-61e8-4b28-b789-1832b43dd2f4;73b3eb50-d254-4319-94e4-64157ae4f54a;5dce4448-70d0-4abb-96d9-01afa8bb2945;5a099188-3f6b-4a2a-9d2f-5ad46e58fd7a]]
2026-04-03 19:17:49.909,34.096,CrossSignalRelativeStable_GT,atomic,[CrossSignalRelativeStable_GT],[1.0000],1,6,1.0000,[dt-1;dt-2;dt-3],[[d4bca140-98d0-4118-b7d1-cee1fb6bb527;44e89181-9fb9-44a3-a2b5-78ae6475b22a;e4eda9a6-37bc-47e0-abf6-8d62c3c46001;e6dacb20-0abf-4410-90e0-fa3d3f67a165;f6445f9d-5b60-4e6b-adb6-70ec2deade26;f5036ba2-6844-42ed-9168-6cf550860314]]
2026-04-03 19:17:49.909,34.096,CrossSignalDivergence_GT,atomic,[CrossSignalDivergence_GT],[1.0000],1,6,1.0000,[dt-1;dt-2;dt-3],[[d4bca140-98d0-4118-b7d1-cee1fb6bb527;44e89181-9fb9-44a3-a2b5-78ae6475b22a;e4eda9a6-37bc-47e0-abf6-8d62c3c46001;e6dacb20-0abf-4410-90e0-fa3d3f67a165;f6445f9d-5b60-4e6b-adb6-70ec2deade26;f5036ba2-6844-42ed-9168-6cf550860314]]
2026-04-03 19:17:50.008,34.195,CrossSignalRelativeStable_SYS,atomic,[CrossSignalRelativeStable_SYS],[0.8596],1,6,0.8596,[dt-1;dt-2;dt-3],[[73b3eb50-d254-4319-94e4-64157ae4f54a;5dce4448-70d0-4abb-96d9-01afa8bb2945;5a099188-3f6b-4a2a-9d2f-5ad46e58fd7a;945752af-36f8-437c-97ca-0db81b4951ea;83836586-3dca-4d15-9b97-ec8a6a030137;5980c0bb-74e3-4ffe-bd3e-31a15dddea14]]
2026-04-03 19:17:50.009,34.196,CrossSignalTrendConsistency_SYS,atomic,[CrossSignalTrendConsistency_SYS],[0.8596],1,6,0.8596,[dt-1;dt-2;dt-3],[[73b3eb50-d254-4319-94e4-64157ae4f54a;5dce4448-70d0-4abb-96d9-01afa8bb2945;5a099188-3f6b-4a2a-9d2f-5ad46e58fd7a;945752af-36f8-437c-97ca-0db81b4951ea;83836586-3dca-4d15-9b97-ec8a6a030137;5980c0bb-74e3-4ffe-bd3e-31a15dddea14]]
2026-04-03 19:17:50.009,34.196,CrossSignalDivergence_SYS,atomic,[CrossSignalDivergence_SYS],[0.8596],1,6,0.8596,[dt-1;dt-2;dt-3],[[73b3eb50-d254-4319-94e4-64157ae4f54a;5dce4448-70d0-4abb-96d9-01afa8bb2945;5a099188-3f6b-4a2a-9d2f-5ad46e58fd7a;945752af-36f8-437c-97ca-0db81b4951ea;83836586-3dca-4d15-9b97-ec8a6a030137;5980c0bb-74e3-4ffe-bd3e-31a15dddea14]]
2026-04-03 19:17:50.026,34.213,CrossSignalRelativeStable_GT,atomic,[CrossSignalRelativeStable_GT],[1.0000],1,6,1.0000,[dt-1;dt-2;dt-3],[[e6dacb20-0abf-4410-90e0-fa3d3f67a165;f6445f9d-5b60-4e6b-adb6-70ec2deade26;f5036ba2-6844-42ed-9168-6cf550860314;6b5e796e-1d7e-4f81-935a-2529c6ad3730;e35fe15d-cc46-48d4-b789-1064321424ca;8c98ddd6-56a3-4469-a49f-9eb6d5f55b07]]
2026-04-03 19:17:50.026,34.213,CrossSignalDivergence_GT,atomic,[CrossSignalDivergence_GT],[1.0000],1,6,1.0000,[dt-1;dt-2;dt-3],[[e6dacb20-0abf-4410-90e0-fa3d3f67a165;f6445f9d-5b60-4e6b-adb6-70ec2deade26;f5036ba2-6844-42ed-9168-6cf550860314;6b5e796e-1d7e-4f81-935a-2529c6ad3730;e35fe15d-cc46-48d4-b789-1064321424ca;8c98ddd6-56a3-4469-a49f-9eb6d5f55b07]]
2026-04-03 19:17:50.119,34.306,CrossSignalRelativeStable_OBS,atomic,[CrossSignalRelativeStable_OBS],[1.0000],1,6,1.0000,[dt-1;dt-2;dt-3],[[867a8b87-6be8-431a-bf28-bd542966ae94;4fc85e9c-df25-4a75-865b-b1348e96e4fd;30664e80-c856-4427-af98-97a65174a2b8;64d51af9-7b9a-40e7-9d4b-fcb751a7c72a;5dce4448-70d0-4abb-96d9-01afa8bb2945;5980c0bb-74e3-4ffe-bd3e-31a15dddea14]]
2026-04-03 19:17:50.120,34.307,CrossSignalDivergence_OBS,atomic,[CrossSignalDivergence_OBS],[1.0000],1,6,1.0000,[dt-1;dt-2;dt-3],[[867a8b87-6be8-431a-bf28-bd542966ae94;4fc85e9c-df25-4a75-865b-b1348e96e4fd;30664e80-c856-4427-af98-97a65174a2b8;64d51af9-7b9a-40e7-9d4b-fcb751a7c72a;5dce4448-70d0-4abb-96d9-01afa8bb2945;5980c0bb-74e3-4ffe-bd3e-31a15dddea14]]
2026-04-03 19:17:50.126,34.313,CrossSignalRelativeStable_SYS,atomic,[CrossSignalRelativeStable_SYS],[0.9283],1,6,0.9283,[dt-1;dt-2;dt-3],[[945752af-36f8-437c-97ca-0db81b4951ea;83836586-3dca-4d15-9b97-ec8a6a030137;5980c0bb-74e3-4ffe-bd3e-31a15dddea14;64d51af9-7b9a-40e7-9d4b-fcb751a7c72a;13ab8aa3-eda3-43d0-9807-b56a663b8f16;26b47d10-04ee-4a20-ac51-9c142ec058b7]]
2026-04-03 19:17:50.126,34.313,CrossSignalDivergence_SYS,atomic,[CrossSignalDivergence_SYS],[0.9283],1,6,0.9283,[dt-1;dt-2;dt-3],[[945752af-36f8-437c-97ca-0db81b4951ea;83836586-3dca-4d15-9b97-ec8a6a030137;5980c0bb-74e3-4ffe-bd3e-31a15dddea14;64d51af9-7b9a-40e7-9d4b-fcb751a7c72a;13ab8aa3-eda3-43d0-9807-b56a663b8f16;26b47d10-04ee-4a20-ac51-9c142ec058b7]]
2026-04-03 19:17:50.132,34.319,CrossSignalRelativeStable_GT,atomic,[CrossSignalRelativeStable_GT],[1.0000],1,6,1.0000,[dt-1;dt-2;dt-3],[[6b5e796e-1d7e-4f81-935a-2529c6ad3730;e35fe15d-cc46-48d4-b789-1064321424ca;8c98ddd6-56a3-4469-a49f-9eb6d5f55b07;32be8562-5907-4de1-9865-37ba8a50902d;54da3c0b-e100-4a4a-ba07-c6252798c11d;c4801d9c-5e7b-4fee-be9c-07387e1fe12c]]
2026-04-03 19:17:50.132,34.319,CrossSignalTrendConsistency_GT,atomic,[CrossSignalTrendConsistency_GT],[1.0000],1,6,1.0000,[dt-1;dt-2;dt-3],[[6b5e796e-1d7e-4f81-935a-2529c6ad3730;e35fe15d-cc46-48d4-b789-1064321424ca;8c98ddd6-56a3-4469-a49f-9eb6d5f55b07;32be8562-5907-4de1-9865-37ba8a50902d;54da3c0b-e100-4a4a-ba07-c6252798c11d;c4801d9c-5e7b-4fee-be9c-07387e1fe12c]]
2026-04-03 19:17:50.132,34.319,CrossSignalDivergence_GT,atomic,[CrossSignalDivergence_GT],[1.0000],1,6,1.0000,[dt-1;dt-2;dt-3],[[6b5e796e-1d7e-4f81-935a-2529c6ad3730;e35fe15d-cc46-48d4-b789-1064321424ca;8c98ddd6-56a3-4469-a49f-9eb6d5f55b07;32be8562-5907-4de1-9865-37ba8a50902d;54da3c0b-e100-4a4a-ba07-c6252798c11d;c4801d9c-5e7b-4fee-be9c-07387e1fe12c]]
2026-04-03 19:17:50.245,34.432,CrossSignalRelativeStable_GT,atomic,[CrossSignalRelativeStable_GT],[1.0000],1,6,1.0000,[dt-1;dt-2;dt-3],[[32be8562-5907-4de1-9865-37ba8a50902d;54da3c0b-e100-4a4a-ba07-c6252798c11d;c4801d9c-5e7b-4fee-be9c-07387e1fe12c;9ea67b4e-1078-4735-9d73-512c80ddeab7;fe0c8072-768c-426a-b45e-9f724f7b03b7;68a2d2a1-868b-42e3-97a8-9dca7a5a3bcb]]
2026-04-03 19:17:50.246,34.433,CrossSignalDivergence_GT,atomic,[CrossSignalDivergence_GT],[1.0000],1,6,1.0000,[dt-1;dt-2;dt-3],[[32be8562-5907-4de1-9865-37ba8a50902d;54da3c0b-e100-4a4a-ba07-c6252798c11d;c4801d9c-5e7b-4fee-be9c-07387e1fe12c;9ea67b4e-1078-4735-9d73-512c80ddeab7;fe0c8072-768c-426a-b45e-9f724f7b03b7;68a2d2a1-868b-42e3-97a8-9dca7a5a3bcb]]
2026-04-03 19:17:50.342,34.529,CrossSignalRelativeStable_SYS,atomic,[CrossSignalRelativeStable_SYS],[0.9435],1,6,0.9435,[dt-1;dt-2;dt-3],[[64d51af9-7b9a-40e7-9d4b-fcb751a7c72a;13ab8aa3-eda3-43d0-9807-b56a663b8f16;26b47d10-04ee-4a20-ac51-9c142ec058b7;16f84e63-cc4f-4905-b77f-79517ea5ec84;9e7d4a72-0f5e-40e8-8f9b-b146ec88bce1;67c2a8ca-9fa9-411e-881a-e3e8373571c2]]
2026-04-03 19:17:50.342,34.529,CrossSignalDivergence_SYS,atomic,[CrossSignalDivergence_SYS],[0.9435],1,6,0.9435,[dt-1;dt-2;dt-3],[[64d51af9-7b9a-40e7-9d4b-fcb751a7c72a;13ab8aa3-eda3-43d0-9807-b56a663b8f16;26b47d10-04ee-4a20-ac51-9c142ec058b7;16f84e63-cc4f-4905-b77f-79517ea5ec84;9e7d4a72-0f5e-40e8-8f9b-b146ec88bce1;67c2a8ca-9fa9-411e-881a-e3e8373571c2]]
2026-04-03 19:17:50.343,34.530,CrossSignalRelativeStable_GT,atomic,[CrossSignalRelativeStable_GT],[1.0000],1,6,1.0000,[dt-1;dt-2;dt-3],[[9ea67b4e-1078-4735-9d73-512c80ddeab7;fe0c8072-768c-426a-b45e-9f724f7b03b7;68a2d2a1-868b-42e3-97a8-9dca7a5a3bcb;4eba4dbd-f333-49b9-af6a-7945768c2356;af8612f4-ad79-4ecf-9488-194a0523a5e6;cd52624f-381e-4caf-9285-daa3865a6a78]]
2026-04-03 19:17:50.343,34.530,CrossSignalDivergence_GT,atomic,[CrossSignalDivergence_GT],[1.0000],1,6,1.0000,[dt-1;dt-2;dt-3],[[9ea67b4e-1078-4735-9d73-512c80ddeab7;fe0c8072-768c-426a-b45e-9f724f7b03b7;68a2d2a1-868b-42e3-97a8-9dca7a5a3bcb;4eba4dbd-f333-49b9-af6a-7945768c2356;af8612f4-ad79-4ecf-9488-194a0523a5e6;cd52624f-381e-4caf-9285-daa3865a6a78]]
2026-04-03 19:17:50.343,34.530,CrossSignalRelativeStable_OBS,atomic,[CrossSignalRelativeStable_OBS],[1.0000],1,6,1.0000,[dt-1;dt-2;dt-3],[[64d51af9-7b9a-40e7-9d4b-fcb751a7c72a;5dce4448-70d0-4abb-96d9-01afa8bb2945;5980c0bb-74e3-4ffe-bd3e-31a15dddea14;16f84e63-cc4f-4905-b77f-79517ea5ec84;13ab8aa3-eda3-43d0-9807-b56a663b8f16;f194caf1-607e-461c-87c5-649f13538c13]]
2026-04-03 19:17:50.343,34.530,CrossSignalDivergence_OBS,atomic,[CrossSignalDivergence_OBS],[1.0000],1,6,1.0000,[dt-1;dt-2;dt-3],[[64d51af9-7b9a-40e7-9d4b-fcb751a7c72a;5dce4448-70d0-4abb-96d9-01afa8bb2945;5980c0bb-74e3-4ffe-bd3e-31a15dddea14;16f84e63-cc4f-4905-b77f-79517ea5ec84;13ab8aa3-eda3-43d0-9807-b56a663b8f16;f194caf1-607e-461c-87c5-649f13538c13]]
2026-04-03 19:17:50.458,34.645,CrossSignalRelativeStable_SYS,atomic,[CrossSignalRelativeStable_SYS],[0.9483],1,6,0.9483,[dt-1;dt-2;dt-3],[[1fa253c5-ffd3-4982-9078-6c9143fa6a1d;cf0e14ec-106b-4745-9746-ecefb6a67534;c072bfdb-1042-4b9d-ae71-5aee6e1a29d0;af49dcca-2f83-4078-82a7-e34b64f007f5;5c7d3ae6-5e46-40ec-9060-c2574a2501de;f194caf1-607e-461c-87c5-649f13538c13]]
2026-04-03 19:17:50.458,34.645,CrossSignalTrendConsistency_SYS,atomic,[CrossSignalTrendConsistency_SYS],[0.9483],1,6,0.9483,[dt-1;dt-2;dt-3],[[1fa253c5-ffd3-4982-9078-6c9143fa6a1d;cf0e14ec-106b-4745-9746-ecefb6a67534;c072bfdb-1042-4b9d-ae71-5aee6e1a29d0;af49dcca-2f83-4078-82a7-e34b64f007f5;5c7d3ae6-5e46-40ec-9060-c2574a2501de;f194caf1-607e-461c-87c5-649f13538c13]]
2026-04-03 19:17:50.458,34.645,CrossSignalDivergence_SYS,atomic,[CrossSignalDivergence_SYS],[0.9483],1,6,0.9483,[dt-1;dt-2;dt-3],[[1fa253c5-ffd3-4982-9078-6c9143fa6a1d;cf0e14ec-106b-4745-9746-ecefb6a67534;c072bfdb-1042-4b9d-ae71-5aee6e1a29d0;af49dcca-2f83-4078-82a7-e34b64f007f5;5c7d3ae6-5e46-40ec-9060-c2574a2501de;f194caf1-607e-461c-87c5-649f13538c13]]
2026-04-03 19:17:50.464,34.651,CrossSignalRelativeStable_GT,atomic,[CrossSignalRelativeStable_GT],[1.0000],1,6,1.0000,[dt-1;dt-2;dt-3],[[4eba4dbd-f333-49b9-af6a-7945768c2356;af8612f4-ad79-4ecf-9488-194a0523a5e6;cd52624f-381e-4caf-9285-daa3865a6a78;82476ac2-1a69-4c70-b1dd-c19739d3171a;e2fd8457-afc4-4b6c-bfe2-43f6a9c90e99;587614ba-2e52-4e0e-8795-4314ba300f6b]]
2026-04-03 19:17:50.464,34.651,CrossSignalDivergence_GT,atomic,[CrossSignalDivergence_GT],[1.0000],1,6,1.0000,[dt-1;dt-2;dt-3],[[4eba4dbd-f333-49b9-af6a-7945768c2356;af8612f4-ad79-4ecf-9488-194a0523a5e6;cd52624f-381e-4caf-9285-daa3865a6a78;82476ac2-1a69-4c70-b1dd-c19739d3171a;e2fd8457-afc4-4b6c-bfe2-43f6a9c90e99;587614ba-2e52-4e0e-8795-4314ba300f6b]]
2026-04-03 19:17:50.464,34.651,CrossSignalRelativeStable_OBS,atomic,[CrossSignalRelativeStable_OBS],[1.0000],1,6,1.0000,[dt-1;dt-2;dt-3],[[16f84e63-cc4f-4905-b77f-79517ea5ec84;13ab8aa3-eda3-43d0-9807-b56a663b8f16;f194caf1-607e-461c-87c5-649f13538c13;af49dcca-2f83-4078-82a7-e34b64f007f5;5c7d3ae6-5e46-40ec-9060-c2574a2501de;e9090c52-d1f5-4254-901c-eba0bb290593]]
2026-04-03 19:17:50.464,34.651,CrossSignalDivergence_OBS,atomic,[CrossSignalDivergence_OBS],[1.0000],1,6,1.0000,[dt-1;dt-2;dt-3],[[16f84e63-cc4f-4905-b77f-79517ea5ec84;13ab8aa3-eda3-43d0-9807-b56a663b8f16;f194caf1-607e-461c-87c5-649f13538c13;af49dcca-2f83-4078-82a7-e34b64f007f5;5c7d3ae6-5e46-40ec-9060-c2574a2501de;e9090c52-d1f5-4254-901c-eba0bb290593]]
2026-04-03 19:17:50.579,34.766,CrossSignalRelativeStable_GT,atomic,[CrossSignalRelativeStable_GT],[1.0000],1,6,1.0000,[dt-1;dt-2;dt-3],[[82476ac2-1a69-4c70-b1dd-c19739d3171a;e2fd8457-afc4-4b6c-bfe2-43f6a9c90e99;587614ba-2e52-4e0e-8795-4314ba300f6b;38cbbf72-c3fe-43e9-9435-ee6d80c4ce03;6b228b40-c9a5-43f2-aa3c-2c2dcf1cee63;10924ad6-83ba-4069-bde5-470575ea9ae7]]
2026-04-03 19:17:50.579,34.766,CrossSignalDivergence_GT,atomic,[CrossSignalDivergence_GT],[1.0000],1,6,1.0000,[dt-1;dt-2;dt-3],[[82476ac2-1a69-4c70-b1dd-c19739d3171a;e2fd8457-afc4-4b6c-bfe2-43f6a9c90e99;587614ba-2e52-4e0e-8795-4314ba300f6b;38cbbf72-c3fe-43e9-9435-ee6d80c4ce03;6b228b40-c9a5-43f2-aa3c-2c2dcf1cee63;10924ad6-83ba-4069-bde5-470575ea9ae7]]
2026-04-03 19:17:50.673,34.860,CrossSignalRelativeStable_SYS,atomic,[CrossSignalRelativeStable_SYS],[0.9804],1,6,0.9804,[dt-1;dt-2;dt-3],[[af49dcca-2f83-4078-82a7-e34b64f007f5;5c7d3ae6-5e46-40ec-9060-c2574a2501de;f194caf1-607e-461c-87c5-649f13538c13;ff332f62-36be-4284-bbf1-b0d53716ebdc;22b1bab2-165d-4a11-b806-21c1aa98e828;e9090c52-d1f5-4254-901c-eba0bb290593]]
2026-04-03 19:17:50.674,34.861,CrossSignalDivergence_SYS,atomic,[CrossSignalDivergence_SYS],[0.9804],1,6,0.9804,[dt-1;dt-2;dt-3],[[af49dcca-2f83-4078-82a7-e34b64f007f5;5c7d3ae6-5e46-40ec-9060-c2574a2501de;f194caf1-607e-461c-87c5-649f13538c13;ff332f62-36be-4284-bbf1-b0d53716ebdc;22b1bab2-165d-4a11-b806-21c1aa98e828;e9090c52-d1f5-4254-901c-eba0bb290593]]
2026-04-03 19:17:50.692,34.879,CrossSignalRelativeStable_GT,atomic,[CrossSignalRelativeStable_GT],[1.0000],1,6,1.0000,[dt-1;dt-2;dt-3],[[38cbbf72-c3fe-43e9-9435-ee6d80c4ce03;6b228b40-c9a5-43f2-aa3c-2c2dcf1cee63;10924ad6-83ba-4069-bde5-470575ea9ae7;5dd9c232-9e07-4584-a2cf-5b70b1f7e4d0;87d00b12-be11-4c59-aef6-b63240c1e1f1;ba4d7c56-cea0-45f6-af60-f9c87d0362f1]]
2026-04-03 19:17:50.692,34.879,CrossSignalTrendConsistency_GT,atomic,[CrossSignalTrendConsistency_GT],[1.0000],1,6,1.0000,[dt-1;dt-2;dt-3],[[38cbbf72-c3fe-43e9-9435-ee6d80c4ce03;6b228b40-c9a5-43f2-aa3c-2c2dcf1cee63;10924ad6-83ba-4069-bde5-470575ea9ae7;5dd9c232-9e07-4584-a2cf-5b70b1f7e4d0;87d00b12-be11-4c59-aef6-b63240c1e1f1;ba4d7c56-cea0-45f6-af60-f9c87d0362f1]]
2026-04-03 19:17:50.692,34.879,CrossSignalDivergence_GT,atomic,[CrossSignalDivergence_GT],[1.0000],1,6,1.0000,[dt-1;dt-2;dt-3],[[38cbbf72-c3fe-43e9-9435-ee6d80c4ce03;6b228b40-c9a5-43f2-aa3c-2c2dcf1cee63;10924ad6-83ba-4069-bde5-470575ea9ae7;5dd9c232-9e07-4584-a2cf-5b70b1f7e4d0;87d00b12-be11-4c59-aef6-b63240c1e1f1;ba4d7c56-cea0-45f6-af60-f9c87d0362f1]]
2026-04-03 19:17:50.788,34.975,CrossSignalRelativeStable_OBS,atomic,[CrossSignalRelativeStable_OBS],[1.0000],1,6,1.0000,[dt-1;dt-2;dt-3],[[af49dcca-2f83-4078-82a7-e34b64f007f5;5c7d3ae6-5e46-40ec-9060-c2574a2501de;e9090c52-d1f5-4254-901c-eba0bb290593;85610659-eaf4-4fdc-a665-50a6b119552e;22b1bab2-165d-4a11-b806-21c1aa98e828;c5e136fe-4eba-42b5-8a03-1a835241559e]]
2026-04-03 19:17:50.788,34.975,CrossSignalDivergence_OBS,atomic,[CrossSignalDivergence_OBS],[1.0000],1,6,1.0000,[dt-1;dt-2;dt-3],[[af49dcca-2f83-4078-82a7-e34b64f007f5;5c7d3ae6-5e46-40ec-9060-c2574a2501de;e9090c52-d1f5-4254-901c-eba0bb290593;85610659-eaf4-4fdc-a665-50a6b119552e;22b1bab2-165d-4a11-b806-21c1aa98e828;c5e136fe-4eba-42b5-8a03-1a835241559e]]
2026-04-03 19:17:50.796,34.983,CrossSignalRelativeStable_SYS,atomic,[CrossSignalRelativeStable_SYS],[0.9804],1,6,0.9804,[dt-1;dt-2;dt-3],[[ff332f62-36be-4284-bbf1-b0d53716ebdc;22b1bab2-165d-4a11-b806-21c1aa98e828;e9090c52-d1f5-4254-901c-eba0bb290593;85610659-eaf4-4fdc-a665-50a6b119552e;492c11aa-2b95-4f2b-9924-ca55d64894d0;c5e136fe-4eba-42b5-8a03-1a835241559e]]
2026-04-03 19:17:50.796,34.983,CrossSignalDivergence_SYS,atomic,[CrossSignalDivergence_SYS],[0.9804],1,6,0.9804,[dt-1;dt-2;dt-3],[[ff332f62-36be-4284-bbf1-b0d53716ebdc;22b1bab2-165d-4a11-b806-21c1aa98e828;e9090c52-d1f5-4254-901c-eba0bb290593;85610659-eaf4-4fdc-a665-50a6b119552e;492c11aa-2b95-4f2b-9924-ca55d64894d0;c5e136fe-4eba-42b5-8a03-1a835241559e]]
2026-04-03 19:17:50.802,34.989,CrossSignalRelativeStable_GT,atomic,[CrossSignalRelativeStable_GT],[1.0000],1,6,1.0000,[dt-1;dt-2;dt-3],[[5dd9c232-9e07-4584-a2cf-5b70b1f7e4d0;87d00b12-be11-4c59-aef6-b63240c1e1f1;ba4d7c56-cea0-45f6-af60-f9c87d0362f1;4b86260e-12f1-4a6c-ad79-9ecac974a52d;4aac68fb-dd97-4911-a429-5780cc6d2e9b;a9958302-08f9-42ff-bb9f-c2bd928286a2]]
2026-04-03 19:17:50.802,34.989,CrossSignalTrendConsistency_GT,atomic,[CrossSignalTrendConsistency_GT],[1.0000],1,6,1.0000,[dt-1;dt-2;dt-3],[[5dd9c232-9e07-4584-a2cf-5b70b1f7e4d0;87d00b12-be11-4c59-aef6-b63240c1e1f1;ba4d7c56-cea0-45f6-af60-f9c87d0362f1;4b86260e-12f1-4a6c-ad79-9ecac974a52d;4aac68fb-dd97-4911-a429-5780cc6d2e9b;a9958302-08f9-42ff-bb9f-c2bd928286a2]]
2026-04-03 19:17:50.802,34.989,CrossSignalDivergence_GT,atomic,[CrossSignalDivergence_GT],[1.0000],1,6,1.0000,[dt-1;dt-2;dt-3],[[5dd9c232-9e07-4584-a2cf-5b70b1f7e4d0;87d00b12-be11-4c59-aef6-b63240c1e1f1;ba4d7c56-cea0-45f6-af60-f9c87d0362f1;4b86260e-12f1-4a6c-ad79-9ecac974a52d;4aac68fb-dd97-4911-a429-5780cc6d2e9b;a9958302-08f9-42ff-bb9f-c2bd928286a2]]
2026-04-03 19:17:50.896,35.083,CrossSignalRelativeStable_OBS,atomic,[CrossSignalRelativeStable_OBS],[1.0000],1,6,1.0000,[dt-1;dt-2;dt-3],[[85610659-eaf4-4fdc-a665-50a6b119552e;22b1bab2-165d-4a11-b806-21c1aa98e828;c5e136fe-4eba-42b5-8a03-1a835241559e;404ff21f-7b20-467f-b9fb-132430ebfd27;492c11aa-2b95-4f2b-9924-ca55d64894d0;6c5624d0-1ee1-43bb-9ea3-352a56ff690c]]
2026-04-03 19:17:50.897,35.084,CrossSignalDivergence_OBS,atomic,[CrossSignalDivergence_OBS],[1.0000],1,6,1.0000,[dt-1;dt-2;dt-3],[[85610659-eaf4-4fdc-a665-50a6b119552e;22b1bab2-165d-4a11-b806-21c1aa98e828;c5e136fe-4eba-42b5-8a03-1a835241559e;404ff21f-7b20-467f-b9fb-132430ebfd27;492c11aa-2b95-4f2b-9924-ca55d64894d0;6c5624d0-1ee1-43bb-9ea3-352a56ff690c]]
2026-04-03 19:17:50.916,35.103,CrossSignalRelativeStable_GT,atomic,[CrossSignalRelativeStable_GT],[1.0000],1,6,1.0000,[dt-1;dt-2;dt-3],[[4b86260e-12f1-4a6c-ad79-9ecac974a52d;4aac68fb-dd97-4911-a429-5780cc6d2e9b;a9958302-08f9-42ff-bb9f-c2bd928286a2;472e211d-b9d0-4e37-8f21-ee695ca0b522;47b6e1cf-b7a7-47b0-a427-0deda7113f6b;d645827f-83eb-4afa-a34b-3afd41485acb]]
2026-04-03 19:17:50.916,35.103,CrossSignalDivergence_GT,atomic,[CrossSignalDivergence_GT],[1.0000],1,6,1.0000,[dt-1;dt-2;dt-3],[[4b86260e-12f1-4a6c-ad79-9ecac974a52d;4aac68fb-dd97-4911-a429-5780cc6d2e9b;a9958302-08f9-42ff-bb9f-c2bd928286a2;472e211d-b9d0-4e37-8f21-ee695ca0b522;47b6e1cf-b7a7-47b0-a427-0deda7113f6b;d645827f-83eb-4afa-a34b-3afd41485acb]]
2026-04-03 19:17:51.008,35.195,CrossSignalRelativeStable_SYS,atomic,[CrossSignalRelativeStable_SYS],[0.9801],1,6,0.9801,[dt-1;dt-2;dt-3],[[85610659-eaf4-4fdc-a665-50a6b119552e;492c11aa-2b95-4f2b-9924-ca55d64894d0;c5e136fe-4eba-42b5-8a03-1a835241559e;404ff21f-7b20-467f-b9fb-132430ebfd27;c64f2788-f078-44fd-823b-c0d12d40fca7;6c5624d0-1ee1-43bb-9ea3-352a56ff690c]]
2026-04-03 19:17:51.008,35.195,CrossSignalTrendConsistency_SYS,atomic,[CrossSignalTrendConsistency_SYS],[0.9801],1,6,0.9801,[dt-1;dt-2;dt-3],[[85610659-eaf4-4fdc-a665-50a6b119552e;492c11aa-2b95-4f2b-9924-ca55d64894d0;c5e136fe-4eba-42b5-8a03-1a835241559e;404ff21f-7b20-467f-b9fb-132430ebfd27;c64f2788-f078-44fd-823b-c0d12d40fca7;6c5624d0-1ee1-43bb-9ea3-352a56ff690c]]
2026-04-03 19:17:51.008,35.195,CrossSignalDivergence_SYS,atomic,[CrossSignalDivergence_SYS],[0.9801],1,6,0.9801,[dt-1;dt-2;dt-3],[[85610659-eaf4-4fdc-a665-50a6b119552e;492c11aa-2b95-4f2b-9924-ca55d64894d0;c5e136fe-4eba-42b5-8a03-1a835241559e;404ff21f-7b20-467f-b9fb-132430ebfd27;c64f2788-f078-44fd-823b-c0d12d40fca7;6c5624d0-1ee1-43bb-9ea3-352a56ff690c]]
2026-04-03 19:17:51.014,35.201,CrossSignalRelativeStable_GT,atomic,[CrossSignalRelativeStable_GT],[1.0000],1,6,1.0000,[dt-1;dt-2;dt-3],[[472e211d-b9d0-4e37-8f21-ee695ca0b522;47b6e1cf-b7a7-47b0-a427-0deda7113f6b;d645827f-83eb-4afa-a34b-3afd41485acb;ea49747d-56bf-4f6b-81e3-a357ce1227cc;63032c53-3ab6-416d-9d4f-956ae59fef71;6a92140d-319c-48db-8341-b1ff79105831]]
2026-04-03 19:17:51.014,35.201,CrossSignalDivergence_GT,atomic,[CrossSignalDivergence_GT],[1.0000],1,6,1.0000,[dt-1;dt-2;dt-3],[[472e211d-b9d0-4e37-8f21-ee695ca0b522;47b6e1cf-b7a7-47b0-a427-0deda7113f6b;d645827f-83eb-4afa-a34b-3afd41485acb;ea49747d-56bf-4f6b-81e3-a357ce1227cc;63032c53-3ab6-416d-9d4f-956ae59fef71;6a92140d-319c-48db-8341-b1ff79105831]]
2026-04-03 19:17:51.119,35.306,CrossSignalRelativeStable_SYS,atomic,[CrossSignalRelativeStable_SYS],[0.9604],1,6,0.9604,[dt-1;dt-2;dt-3],[[404ff21f-7b20-467f-b9fb-132430ebfd27;c64f2788-f078-44fd-823b-c0d12d40fca7;6c5624d0-1ee1-43bb-9ea3-352a56ff690c;7e710676-4cca-48d2-aa7b-4bb1dfed1761;a7c276c7-85a6-4b8c-a2d9-cc943284a072;4c0f528e-427c-48fc-b224-f08676e342ef]]
2026-04-03 19:17:51.120,35.307,CrossSignalRelativeStable_OBS,atomic,[CrossSignalRelativeStable_OBS],[1.0000],1,6,1.0000,[dt-1;dt-2;dt-3],[[404ff21f-7b20-467f-b9fb-132430ebfd27;492c11aa-2b95-4f2b-9924-ca55d64894d0;6c5624d0-1ee1-43bb-9ea3-352a56ff690c;7e710676-4cca-48d2-aa7b-4bb1dfed1761;a7c276c7-85a6-4b8c-a2d9-cc943284a072;ff78a795-17f1-453e-bddb-910cf255a006]]
2026-04-03 19:17:51.120,35.307,CrossSignalDivergence_SYS,atomic,[CrossSignalDivergence_SYS],[0.9604],1,6,0.9604,[dt-1;dt-2;dt-3],[[404ff21f-7b20-467f-b9fb-132430ebfd27;c64f2788-f078-44fd-823b-c0d12d40fca7;6c5624d0-1ee1-43bb-9ea3-352a56ff690c;7e710676-4cca-48d2-aa7b-4bb1dfed1761;a7c276c7-85a6-4b8c-a2d9-cc943284a072;4c0f528e-427c-48fc-b224-f08676e342ef]]
2026-04-03 19:17:51.120,35.307,CrossSignalDivergence_OBS,atomic,[CrossSignalDivergence_OBS],[1.0000],1,6,1.0000,[dt-1;dt-2;dt-3],[[404ff21f-7b20-467f-b9fb-132430ebfd27;492c11aa-2b95-4f2b-9924-ca55d64894d0;6c5624d0-1ee1-43bb-9ea3-352a56ff690c;7e710676-4cca-48d2-aa7b-4bb1dfed1761;a7c276c7-85a6-4b8c-a2d9-cc943284a072;ff78a795-17f1-453e-bddb-910cf255a006]]
2026-04-03 19:17:51.137,35.324,CrossSignalRelativeStable_GT,atomic,[CrossSignalRelativeStable_GT],[1.0000],1,6,1.0000,[dt-1;dt-2;dt-3],[[ea49747d-56bf-4f6b-81e3-a357ce1227cc;63032c53-3ab6-416d-9d4f-956ae59fef71;6a92140d-319c-48db-8341-b1ff79105831;e9b349cd-1b31-461b-8bcd-eda0e084d8f2;073ab2da-1f46-48bd-8eab-a8d75682ea83;e97c28c9-2fe4-4646-beb1-30f101b59662]]
2026-04-03 19:17:51.137,35.324,CrossSignalTrendConsistency_GT,atomic,[CrossSignalTrendConsistency_GT],[1.0000],1,6,1.0000,[dt-1;dt-2;dt-3],[[ea49747d-56bf-4f6b-81e3-a357ce1227cc;63032c53-3ab6-416d-9d4f-956ae59fef71;6a92140d-319c-48db-8341-b1ff79105831;e9b349cd-1b31-461b-8bcd-eda0e084d8f2;073ab2da-1f46-48bd-8eab-a8d75682ea83;e97c28c9-2fe4-4646-beb1-30f101b59662]]
2026-04-03 19:17:51.137,35.324,CrossSignalDivergence_GT,atomic,[CrossSignalDivergence_GT],[1.0000],1,6,1.0000,[dt-1;dt-2;dt-3],[[ea49747d-56bf-4f6b-81e3-a357ce1227cc;63032c53-3ab6-416d-9d4f-956ae59fef71;6a92140d-319c-48db-8341-b1ff79105831;e9b349cd-1b31-461b-8bcd-eda0e084d8f2;073ab2da-1f46-48bd-8eab-a8d75682ea83;e97c28c9-2fe4-4646-beb1-30f101b59662]]
2026-04-03 19:17:51.230,35.417,CrossSignalRelativeStable_SYS,atomic,[CrossSignalRelativeStable_SYS],[0.9804],1,6,0.9804,[dt-1;dt-2;dt-3],[[7e710676-4cca-48d2-aa7b-4bb1dfed1761;a7c276c7-85a6-4b8c-a2d9-cc943284a072;4c0f528e-427c-48fc-b224-f08676e342ef;6ffe891f-9c63-474f-9722-42bd216e91e0;66fe8ca2-88b0-4155-b18b-c1b030dae1bf;db9d3d10-075d-45a4-9dba-2db7c72cee49]]
2026-04-03 19:17:51.230,35.417,CrossSignalTrendConsistency_SYS,atomic,[CrossSignalTrendConsistency_SYS],[0.9804],1,6,0.9804,[dt-1;dt-2;dt-3],[[7e710676-4cca-48d2-aa7b-4bb1dfed1761;a7c276c7-85a6-4b8c-a2d9-cc943284a072;4c0f528e-427c-48fc-b224-f08676e342ef;6ffe891f-9c63-474f-9722-42bd216e91e0;66fe8ca2-88b0-4155-b18b-c1b030dae1bf;db9d3d10-075d-45a4-9dba-2db7c72cee49]]
2026-04-03 19:17:51.231,35.418,CrossSignalDivergence_SYS,atomic,[CrossSignalDivergence_SYS],[0.9804],1,6,0.9804,[dt-1;dt-2;dt-3],[[7e710676-4cca-48d2-aa7b-4bb1dfed1761;a7c276c7-85a6-4b8c-a2d9-cc943284a072;4c0f528e-427c-48fc-b224-f08676e342ef;6ffe891f-9c63-474f-9722-42bd216e91e0;66fe8ca2-88b0-4155-b18b-c1b030dae1bf;db9d3d10-075d-45a4-9dba-2db7c72cee49]]
2026-04-03 19:17:51.239,35.426,CrossSignalRelativeStable_GT,atomic,[CrossSignalRelativeStable_GT],[1.0000],1,6,1.0000,[dt-1;dt-2;dt-3],[[e9b349cd-1b31-461b-8bcd-eda0e084d8f2;073ab2da-1f46-48bd-8eab-a8d75682ea83;e97c28c9-2fe4-4646-beb1-30f101b59662;9c6dd21b-8ecf-4534-b13e-b37dc727ec9d;c9aea86f-f497-47ad-b9e8-e146e63f5060;7981d8c1-2ae6-4489-8f91-29a04ff79cfc]]
2026-04-03 19:17:51.239,35.426,CrossSignalDivergence_GT,atomic,[CrossSignalDivergence_GT],[1.0000],1,6,1.0000,[dt-1;dt-2;dt-3],[[e9b349cd-1b31-461b-8bcd-eda0e084d8f2;073ab2da-1f46-48bd-8eab-a8d75682ea83;e97c28c9-2fe4-4646-beb1-30f101b59662;9c6dd21b-8ecf-4534-b13e-b37dc727ec9d;c9aea86f-f497-47ad-b9e8-e146e63f5060;7981d8c1-2ae6-4489-8f91-29a04ff79cfc]]
2026-04-03 19:17:51.341,35.528,CrossSignalRelativeStable_OBS,atomic,[CrossSignalRelativeStable_OBS],[1.0000],1,6,1.0000,[dt-1;dt-2;dt-3],[[7e710676-4cca-48d2-aa7b-4bb1dfed1761;a7c276c7-85a6-4b8c-a2d9-cc943284a072;ff78a795-17f1-453e-bddb-910cf255a006;6ffe891f-9c63-474f-9722-42bd216e91e0;6debfae0-9fd2-4b9c-ab03-9984969c3f88;2d350cdc-f2f0-4c44-af6d-cc1bb64fea15]]
2026-04-03 19:17:51.341,35.528,CrossSignalTrendConsistency_OBS,atomic,[CrossSignalTrendConsistency_OBS],[1.0000],1,6,1.0000,[dt-1;dt-2;dt-3],[[7e710676-4cca-48d2-aa7b-4bb1dfed1761;a7c276c7-85a6-4b8c-a2d9-cc943284a072;ff78a795-17f1-453e-bddb-910cf255a006;6ffe891f-9c63-474f-9722-42bd216e91e0;6debfae0-9fd2-4b9c-ab03-9984969c3f88;2d350cdc-f2f0-4c44-af6d-cc1bb64fea15]]
2026-04-03 19:17:51.341,35.528,CrossSignalDivergence_OBS,atomic,[CrossSignalDivergence_OBS],[1.0000],1,6,1.0000,[dt-1;dt-2;dt-3],[[7e710676-4cca-48d2-aa7b-4bb1dfed1761;a7c276c7-85a6-4b8c-a2d9-cc943284a072;ff78a795-17f1-453e-bddb-910cf255a006;6ffe891f-9c63-474f-9722-42bd216e91e0;6debfae0-9fd2-4b9c-ab03-9984969c3f88;2d350cdc-f2f0-4c44-af6d-cc1bb64fea15]]
2026-04-03 19:17:51.359,35.546,CrossSignalRelativeStable_GT,atomic,[CrossSignalRelativeStable_GT],[1.0000],1,6,1.0000,[dt-1;dt-2;dt-3],[[9c6dd21b-8ecf-4534-b13e-b37dc727ec9d;c9aea86f-f497-47ad-b9e8-e146e63f5060;7981d8c1-2ae6-4489-8f91-29a04ff79cfc;deb330b4-0906-43cb-88fe-3d08e4970a0c;54630841-8de4-4b95-b6a4-5a24c06c42fb;2bf60798-008e-40f1-b9bd-bbc32583f8cf]]
2026-04-03 19:17:51.359,35.546,CrossSignalTrendConsistency_GT,atomic,[CrossSignalTrendConsistency_GT],[1.0000],1,6,1.0000,[dt-1;dt-2;dt-3],[[9c6dd21b-8ecf-4534-b13e-b37dc727ec9d;c9aea86f-f497-47ad-b9e8-e146e63f5060;7981d8c1-2ae6-4489-8f91-29a04ff79cfc;deb330b4-0906-43cb-88fe-3d08e4970a0c;54630841-8de4-4b95-b6a4-5a24c06c42fb;2bf60798-008e-40f1-b9bd-bbc32583f8cf]]
2026-04-03 19:17:51.359,35.546,CrossSignalDivergence_GT,atomic,[CrossSignalDivergence_GT],[1.0000],1,6,1.0000,[dt-1;dt-2;dt-3],[[9c6dd21b-8ecf-4534-b13e-b37dc727ec9d;c9aea86f-f497-47ad-b9e8-e146e63f5060;7981d8c1-2ae6-4489-8f91-29a04ff79cfc;deb330b4-0906-43cb-88fe-3d08e4970a0c;54630841-8de4-4b95-b6a4-5a24c06c42fb;2bf60798-008e-40f1-b9bd-bbc32583f8cf]]
2026-04-03 19:17:51.449,35.636,CrossSignalRelativeStable_SYS,atomic,[CrossSignalRelativeStable_SYS],[0.9997],1,6,0.9997,[dt-1;dt-2;dt-3],[[6ffe891f-9c63-474f-9722-42bd216e91e0;66fe8ca2-88b0-4155-b18b-c1b030dae1bf;db9d3d10-075d-45a4-9dba-2db7c72cee49;abe5b438-7a3f-4037-805b-cefe75eff891;6debfae0-9fd2-4b9c-ab03-9984969c3f88;2d350cdc-f2f0-4c44-af6d-cc1bb64fea15]]
2026-04-03 19:17:51.449,35.636,CrossSignalTrendConsistency_SYS,atomic,[CrossSignalTrendConsistency_SYS],[0.9997],1,6,0.9997,[dt-1;dt-2;dt-3],[[6ffe891f-9c63-474f-9722-42bd216e91e0;66fe8ca2-88b0-4155-b18b-c1b030dae1bf;db9d3d10-075d-45a4-9dba-2db7c72cee49;abe5b438-7a3f-4037-805b-cefe75eff891;6debfae0-9fd2-4b9c-ab03-9984969c3f88;2d350cdc-f2f0-4c44-af6d-cc1bb64fea15]]
2026-04-03 19:17:51.449,35.636,CrossSignalDivergence_SYS,atomic,[CrossSignalDivergence_SYS],[0.9997],1,6,0.9997,[dt-1;dt-2;dt-3],[[6ffe891f-9c63-474f-9722-42bd216e91e0;66fe8ca2-88b0-4155-b18b-c1b030dae1bf;db9d3d10-075d-45a4-9dba-2db7c72cee49;abe5b438-7a3f-4037-805b-cefe75eff891;6debfae0-9fd2-4b9c-ab03-9984969c3f88;2d350cdc-f2f0-4c44-af6d-cc1bb64fea15]]
2026-04-03 19:17:51.466,35.653,CrossSignalRelativeStable_GT,atomic,[CrossSignalRelativeStable_GT],[1.0000],1,6,1.0000,[dt-1;dt-2;dt-3],[[deb330b4-0906-43cb-88fe-3d08e4970a0c;54630841-8de4-4b95-b6a4-5a24c06c42fb;2bf60798-008e-40f1-b9bd-bbc32583f8cf;d966d431-ec0d-4e83-a39b-5df10050e4b9;fd2ad863-0a19-4432-b87e-59946d2b252c;b6b34dda-8995-4271-a49a-28c06be52890]]
2026-04-03 19:17:51.466,35.653,CrossSignalDivergence_GT,atomic,[CrossSignalDivergence_GT],[1.0000],1,6,1.0000,[dt-1;dt-2;dt-3],[[deb330b4-0906-43cb-88fe-3d08e4970a0c;54630841-8de4-4b95-b6a4-5a24c06c42fb;2bf60798-008e-40f1-b9bd-bbc32583f8cf;d966d431-ec0d-4e83-a39b-5df10050e4b9;fd2ad863-0a19-4432-b87e-59946d2b252c;b6b34dda-8995-4271-a49a-28c06be52890]]
2026-04-03 19:17:51.566,35.753,CrossSignalRelativeStable_SYS,atomic,[CrossSignalRelativeStable_SYS],[0.9594],1,6,0.9594,[dt-1;dt-2;dt-3],[[abe5b438-7a3f-4037-805b-cefe75eff891;6debfae0-9fd2-4b9c-ab03-9984969c3f88;2d350cdc-f2f0-4c44-af6d-cc1bb64fea15;299dfa44-1d43-4cd2-8ce7-7bfbee5ef4d7;aeb647d5-c5fc-4adf-93f3-2e5487c878b6;0d9bdc2c-d3e9-4d4b-b929-89ba5663bf7a]]
2026-04-03 19:17:51.566,35.753,CrossSignalTrendConsistency_SYS,atomic,[CrossSignalTrendConsistency_SYS],[0.9594],1,6,0.9594,[dt-1;dt-2;dt-3],[[abe5b438-7a3f-4037-805b-cefe75eff891;6debfae0-9fd2-4b9c-ab03-9984969c3f88;2d350cdc-f2f0-4c44-af6d-cc1bb64fea15;299dfa44-1d43-4cd2-8ce7-7bfbee5ef4d7;aeb647d5-c5fc-4adf-93f3-2e5487c878b6;0d9bdc2c-d3e9-4d4b-b929-89ba5663bf7a]]
2026-04-03 19:17:51.566,35.753,CrossSignalDivergence_SYS,atomic,[CrossSignalDivergence_SYS],[0.9594],1,6,0.9594,[dt-1;dt-2;dt-3],[[abe5b438-7a3f-4037-805b-cefe75eff891;6debfae0-9fd2-4b9c-ab03-9984969c3f88;2d350cdc-f2f0-4c44-af6d-cc1bb64fea15;299dfa44-1d43-4cd2-8ce7-7bfbee5ef4d7;aeb647d5-c5fc-4adf-93f3-2e5487c878b6;0d9bdc2c-d3e9-4d4b-b929-89ba5663bf7a]]
2026-04-03 19:17:51.567,35.754,CrossSignalRelativeStable_GT,atomic,[CrossSignalRelativeStable_GT],[1.0000],1,6,1.0000,[dt-1;dt-2;dt-3],[[d966d431-ec0d-4e83-a39b-5df10050e4b9;fd2ad863-0a19-4432-b87e-59946d2b252c;b6b34dda-8995-4271-a49a-28c06be52890;851857d4-f12e-4455-946a-d34e3be6aa3d;3a87e711-3bd4-4e74-a435-905702b2ba2f;27873e71-1f18-4f1a-a819-988c7efdfba1]]
2026-04-03 19:17:51.567,35.754,CrossSignalDivergence_GT,atomic,[CrossSignalDivergence_GT],[1.0000],1,6,1.0000,[dt-1;dt-2;dt-3],[[d966d431-ec0d-4e83-a39b-5df10050e4b9;fd2ad863-0a19-4432-b87e-59946d2b252c;b6b34dda-8995-4271-a49a-28c06be52890;851857d4-f12e-4455-946a-d34e3be6aa3d;3a87e711-3bd4-4e74-a435-905702b2ba2f;27873e71-1f18-4f1a-a819-988c7efdfba1]]
2026-04-03 19:17:51.671,35.858,CrossSignalRelativeStable_SYS,atomic,[CrossSignalRelativeStable_SYS],[0.8852],1,6,0.8852,[dt-1;dt-2;dt-3],[[299dfa44-1d43-4cd2-8ce7-7bfbee5ef4d7;aeb647d5-c5fc-4adf-93f3-2e5487c878b6;0d9bdc2c-d3e9-4d4b-b929-89ba5663bf7a;40e2e7b8-1d56-4864-9e93-0c2af73df761;342676fe-5eab-45c1-8cfd-8180d0d04f20;2fda5d40-565a-4745-a1ba-7a8110778319]]
2026-04-03 19:17:51.672,35.859,CrossSignalTrendConsistency_SYS,atomic,[CrossSignalTrendConsistency_SYS],[0.8852],1,6,0.8852,[dt-1;dt-2;dt-3],[[299dfa44-1d43-4cd2-8ce7-7bfbee5ef4d7;aeb647d5-c5fc-4adf-93f3-2e5487c878b6;0d9bdc2c-d3e9-4d4b-b929-89ba5663bf7a;40e2e7b8-1d56-4864-9e93-0c2af73df761;342676fe-5eab-45c1-8cfd-8180d0d04f20;2fda5d40-565a-4745-a1ba-7a8110778319]]
2026-04-03 19:17:51.672,35.859,CrossSignalDivergence_SYS,atomic,[CrossSignalDivergence_SYS],[0.8852],1,6,0.8852,[dt-1;dt-2;dt-3],[[299dfa44-1d43-4cd2-8ce7-7bfbee5ef4d7;aeb647d5-c5fc-4adf-93f3-2e5487c878b6;0d9bdc2c-d3e9-4d4b-b929-89ba5663bf7a;40e2e7b8-1d56-4864-9e93-0c2af73df761;342676fe-5eab-45c1-8cfd-8180d0d04f20;2fda5d40-565a-4745-a1ba-7a8110778319]]
2026-04-03 19:17:51.672,35.859,CrossSignalRelativeStable_GT,atomic,[CrossSignalRelativeStable_GT],[1.0000],1,6,1.0000,[dt-1;dt-2;dt-3],[[851857d4-f12e-4455-946a-d34e3be6aa3d;3a87e711-3bd4-4e74-a435-905702b2ba2f;27873e71-1f18-4f1a-a819-988c7efdfba1;ecf4e092-196b-41bb-890e-d49d82965251;cd4d2d95-075f-4667-b886-7689a7414def;249296f2-2d4f-40ec-a997-f008d0cf1236]]
2026-04-03 19:17:51.672,35.859,CrossSignalDivergence_GT,atomic,[CrossSignalDivergence_GT],[1.0000],1,6,1.0000,[dt-1;dt-2;dt-3],[[851857d4-f12e-4455-946a-d34e3be6aa3d;3a87e711-3bd4-4e74-a435-905702b2ba2f;27873e71-1f18-4f1a-a819-988c7efdfba1;ecf4e092-196b-41bb-890e-d49d82965251;cd4d2d95-075f-4667-b886-7689a7414def;249296f2-2d4f-40ec-a997-f008d0cf1236]]
2026-04-03 19:17:51.672,35.859,CrossSignalRelativeStable_OBS,atomic,[CrossSignalRelativeStable_OBS],[1.0000],1,6,1.0000,[dt-1;dt-2;dt-3],[[6ffe891f-9c63-474f-9722-42bd216e91e0;6debfae0-9fd2-4b9c-ab03-9984969c3f88;2d350cdc-f2f0-4c44-af6d-cc1bb64fea15;bda5483b-33ab-4ba8-ae08-23e269ec9075;90b1df37-f13a-43b1-af7e-583aa8a627e2;b9b013dd-f080-4730-80c5-075869f02821]]
2026-04-03 19:17:51.672,35.859,CrossSignalTrendConsistency_OBS,atomic,[CrossSignalTrendConsistency_OBS],[1.0000],1,6,1.0000,[dt-1;dt-2;dt-3],[[6ffe891f-9c63-474f-9722-42bd216e91e0;6debfae0-9fd2-4b9c-ab03-9984969c3f88;2d350cdc-f2f0-4c44-af6d-cc1bb64fea15;bda5483b-33ab-4ba8-ae08-23e269ec9075;90b1df37-f13a-43b1-af7e-583aa8a627e2;b9b013dd-f080-4730-80c5-075869f02821]]
2026-04-03 19:17:51.672,35.859,CrossSignalDivergence_OBS,atomic,[CrossSignalDivergence_OBS],[1.0000],1,6,1.0000,[dt-1;dt-2;dt-3],[[6ffe891f-9c63-474f-9722-42bd216e91e0;6debfae0-9fd2-4b9c-ab03-9984969c3f88;2d350cdc-f2f0-4c44-af6d-cc1bb64fea15;bda5483b-33ab-4ba8-ae08-23e269ec9075;90b1df37-f13a-43b1-af7e-583aa8a627e2;b9b013dd-f080-4730-80c5-075869f02821]]
2026-04-03 19:17:51.798,35.985,CrossSignalRelativeStable_GT,atomic,[CrossSignalRelativeStable_GT],[1.0000],1,6,1.0000,[dt-1;dt-2;dt-3],[[ecf4e092-196b-41bb-890e-d49d82965251;cd4d2d95-075f-4667-b886-7689a7414def;249296f2-2d4f-40ec-a997-f008d0cf1236;3ebcdc0f-e72c-4fbf-b1b0-9311f9663580;7f86c2f0-8c77-4548-801f-1a902f518b21;df00afb6-b7e6-4727-adc6-7d26781c6eee]]
2026-04-03 19:17:51.805,35.992,CrossSignalTrendConsistency_GT,atomic,[CrossSignalTrendConsistency_GT],[1.0000],1,6,1.0000,[dt-1;dt-2;dt-3],[[ecf4e092-196b-41bb-890e-d49d82965251;cd4d2d95-075f-4667-b886-7689a7414def;249296f2-2d4f-40ec-a997-f008d0cf1236;3ebcdc0f-e72c-4fbf-b1b0-9311f9663580;7f86c2f0-8c77-4548-801f-1a902f518b21;df00afb6-b7e6-4727-adc6-7d26781c6eee]]
2026-04-03 19:17:51.806,35.993,CrossSignalDivergence_GT,atomic,[CrossSignalDivergence_GT],[1.0000],1,6,1.0000,[dt-1;dt-2;dt-3],[[ecf4e092-196b-41bb-890e-d49d82965251;cd4d2d95-075f-4667-b886-7689a7414def;249296f2-2d4f-40ec-a997-f008d0cf1236;3ebcdc0f-e72c-4fbf-b1b0-9311f9663580;7f86c2f0-8c77-4548-801f-1a902f518b21;df00afb6-b7e6-4727-adc6-7d26781c6eee]]
2026-04-03 19:17:51.897,36.084,CrossSignalRelativeStable_SYS,atomic,[CrossSignalRelativeStable_SYS],[0.9058],1,6,0.9058,[dt-1;dt-2;dt-3],[[40e2e7b8-1d56-4864-9e93-0c2af73df761;342676fe-5eab-45c1-8cfd-8180d0d04f20;2fda5d40-565a-4745-a1ba-7a8110778319;bce2032b-07eb-458c-8d1c-55e2b799e382;039647ae-559b-4cdb-8db9-978c355bd506;b9b013dd-f080-4730-80c5-075869f02821]]
2026-04-03 19:17:51.897,36.084,CrossSignalDivergence_SYS,atomic,[CrossSignalDivergence_SYS],[0.9058],1,6,0.9058,[dt-1;dt-2;dt-3],[[40e2e7b8-1d56-4864-9e93-0c2af73df761;342676fe-5eab-45c1-8cfd-8180d0d04f20;2fda5d40-565a-4745-a1ba-7a8110778319;bce2032b-07eb-458c-8d1c-55e2b799e382;039647ae-559b-4cdb-8db9-978c355bd506;b9b013dd-f080-4730-80c5-075869f02821]]
2026-04-03 19:17:51.904,36.091,CrossSignalRelativeStable_GT,atomic,[CrossSignalRelativeStable_GT],[1.0000],1,6,1.0000,[dt-1;dt-2;dt-3],[[3ebcdc0f-e72c-4fbf-b1b0-9311f9663580;7f86c2f0-8c77-4548-801f-1a902f518b21;df00afb6-b7e6-4727-adc6-7d26781c6eee;c0a47325-7dc8-49f1-98d2-d3dcf55fa3f7;78526381-a03e-4118-9244-086d94cd59ac;569765c5-abe5-4f10-a95c-b17a10d80a43]]
2026-04-03 19:17:51.904,36.091,CrossSignalDivergence_GT,atomic,[CrossSignalDivergence_GT],[1.0000],1,6,1.0000,[dt-1;dt-2;dt-3],[[3ebcdc0f-e72c-4fbf-b1b0-9311f9663580;7f86c2f0-8c77-4548-801f-1a902f518b21;df00afb6-b7e6-4727-adc6-7d26781c6eee;c0a47325-7dc8-49f1-98d2-d3dcf55fa3f7;78526381-a03e-4118-9244-086d94cd59ac;569765c5-abe5-4f10-a95c-b17a10d80a43]]
2026-04-03 19:17:52.001,36.188,CrossSignalRelativeStable_SYS,atomic,[CrossSignalRelativeStable_SYS],[0.9434],1,6,0.9434,[dt-1;dt-2;dt-3],[[bce2032b-07eb-458c-8d1c-55e2b799e382;039647ae-559b-4cdb-8db9-978c355bd506;b9b013dd-f080-4730-80c5-075869f02821;3ea4f5aa-91e8-4e82-86a4-1e63773f3683;2a7ac2b7-e392-4980-ad7e-a5dc4fa4ba01;634f5a6b-d0ca-4ce9-aa00-b03e4a618ef1]]
2026-04-03 19:17:52.001,36.188,CrossSignalTrendConsistency_SYS,atomic,[CrossSignalTrendConsistency_SYS],[0.9434],1,6,0.9434,[dt-1;dt-2;dt-3],[[bce2032b-07eb-458c-8d1c-55e2b799e382;039647ae-559b-4cdb-8db9-978c355bd506;b9b013dd-f080-4730-80c5-075869f02821;3ea4f5aa-91e8-4e82-86a4-1e63773f3683;2a7ac2b7-e392-4980-ad7e-a5dc4fa4ba01;634f5a6b-d0ca-4ce9-aa00-b03e4a618ef1]]
2026-04-03 19:17:52.001,36.188,CrossSignalDivergence_SYS,atomic,[CrossSignalDivergence_SYS],[0.9434],1,6,0.9434,[dt-1;dt-2;dt-3],[[bce2032b-07eb-458c-8d1c-55e2b799e382;039647ae-559b-4cdb-8db9-978c355bd506;b9b013dd-f080-4730-80c5-075869f02821;3ea4f5aa-91e8-4e82-86a4-1e63773f3683;2a7ac2b7-e392-4980-ad7e-a5dc4fa4ba01;634f5a6b-d0ca-4ce9-aa00-b03e4a618ef1]]
2026-04-03 19:17:52.007,36.194,CrossSignalRelativeStable_GT,atomic,[CrossSignalRelativeStable_GT],[1.0000],1,6,1.0000,[dt-1;dt-2;dt-3],[[c0a47325-7dc8-49f1-98d2-d3dcf55fa3f7;78526381-a03e-4118-9244-086d94cd59ac;569765c5-abe5-4f10-a95c-b17a10d80a43;49f7a9e0-2e9d-446d-b25c-06a03d91aa2f;52e03d81-0069-4452-9fbe-245030f0feb4;742f30f5-9801-4a57-a52f-1eeb24bf158d]]
2026-04-03 19:17:52.007,36.194,CrossSignalDivergence_GT,atomic,[CrossSignalDivergence_GT],[1.0000],1,6,1.0000,[dt-1;dt-2;dt-3],[[c0a47325-7dc8-49f1-98d2-d3dcf55fa3f7;78526381-a03e-4118-9244-086d94cd59ac;569765c5-abe5-4f10-a95c-b17a10d80a43;49f7a9e0-2e9d-446d-b25c-06a03d91aa2f;52e03d81-0069-4452-9fbe-245030f0feb4;742f30f5-9801-4a57-a52f-1eeb24bf158d]]
2026-04-03 19:17:52.114,36.301,CrossSignalRelativeStable_SYS,atomic,[CrossSignalRelativeStable_SYS],[0.8720],1,6,0.8720,[dt-1;dt-2;dt-3],[[3ea4f5aa-91e8-4e82-86a4-1e63773f3683;2a7ac2b7-e392-4980-ad7e-a5dc4fa4ba01;634f5a6b-d0ca-4ce9-aa00-b03e4a618ef1;751b801c-a584-49b7-82ca-c984b9bb16c3;faf7cfa1-353d-47b6-a9e7-3159c4c1199f;018695b2-d53d-4fcd-87af-3561284a62e6]]
2026-04-03 19:17:52.115,36.302,CrossSignalDivergence_SYS,atomic,[CrossSignalDivergence_SYS],[0.8720],1,6,0.8720,[dt-1;dt-2;dt-3],[[3ea4f5aa-91e8-4e82-86a4-1e63773f3683;2a7ac2b7-e392-4980-ad7e-a5dc4fa4ba01;634f5a6b-d0ca-4ce9-aa00-b03e4a618ef1;751b801c-a584-49b7-82ca-c984b9bb16c3;faf7cfa1-353d-47b6-a9e7-3159c4c1199f;018695b2-d53d-4fcd-87af-3561284a62e6]]
2026-04-03 19:17:52.129,36.316,CrossSignalRelativeStable_GT,atomic,[CrossSignalRelativeStable_GT],[1.0000],1,6,1.0000,[dt-1;dt-2;dt-3],[[49f7a9e0-2e9d-446d-b25c-06a03d91aa2f;52e03d81-0069-4452-9fbe-245030f0feb4;742f30f5-9801-4a57-a52f-1eeb24bf158d;eb427cbe-0431-4994-b4a9-2a2a48a9f095;0a9661fc-e1fd-4962-9723-4e3e57d2d9ca;bb6a9825-d620-47a4-bc1e-93164b98319e]]
2026-04-03 19:17:52.129,36.316,CrossSignalDivergence_GT,atomic,[CrossSignalDivergence_GT],[1.0000],1,6,1.0000,[dt-1;dt-2;dt-3],[[49f7a9e0-2e9d-446d-b25c-06a03d91aa2f;52e03d81-0069-4452-9fbe-245030f0feb4;742f30f5-9801-4a57-a52f-1eeb24bf158d;eb427cbe-0431-4994-b4a9-2a2a48a9f095;0a9661fc-e1fd-4962-9723-4e3e57d2d9ca;bb6a9825-d620-47a4-bc1e-93164b98319e]]
2026-04-03 19:17:52.223,36.410,CrossSignalRelativeStable_OBS,atomic,[CrossSignalRelativeStable_OBS],[1.0000],1,6,1.0000,[dt-1;dt-2;dt-3],[[bda5483b-33ab-4ba8-ae08-23e269ec9075;90b1df37-f13a-43b1-af7e-583aa8a627e2;b9b013dd-f080-4730-80c5-075869f02821;eac79087-4d26-40b9-ad3c-de2f42da23e4;039647ae-559b-4cdb-8db9-978c355bd506;611bd6a0-5d35-47c9-874b-df001662bc86]]
2026-04-03 19:17:52.224,36.411,CrossSignalTrendConsistency_OBS,atomic,[CrossSignalTrendConsistency_OBS],[1.0000],1,6,1.0000,[dt-1;dt-2;dt-3],[[bda5483b-33ab-4ba8-ae08-23e269ec9075;90b1df37-f13a-43b1-af7e-583aa8a627e2;b9b013dd-f080-4730-80c5-075869f02821;eac79087-4d26-40b9-ad3c-de2f42da23e4;039647ae-559b-4cdb-8db9-978c355bd506;611bd6a0-5d35-47c9-874b-df001662bc86]]
2026-04-03 19:17:52.224,36.411,CrossSignalDivergence_OBS,atomic,[CrossSignalDivergence_OBS],[1.0000],1,6,1.0000,[dt-1;dt-2;dt-3],[[bda5483b-33ab-4ba8-ae08-23e269ec9075;90b1df37-f13a-43b1-af7e-583aa8a627e2;b9b013dd-f080-4730-80c5-075869f02821;eac79087-4d26-40b9-ad3c-de2f42da23e4;039647ae-559b-4cdb-8db9-978c355bd506;611bd6a0-5d35-47c9-874b-df001662bc86]]
2026-04-03 19:17:52.224,36.411,CrossSignalRelativeStable_SYS,atomic,[CrossSignalRelativeStable_SYS],[0.8456],1,6,0.8456,[dt-1;dt-2;dt-3],[[751b801c-a584-49b7-82ca-c984b9bb16c3;faf7cfa1-353d-47b6-a9e7-3159c4c1199f;018695b2-d53d-4fcd-87af-3561284a62e6;30f667be-52f0-4e2a-98b8-ff1fbe3cfb43;ead49b6d-463f-444b-9ded-339de967d7c9;611bd6a0-5d35-47c9-874b-df001662bc86]]
2026-04-03 19:17:52.224,36.411,CrossSignalDivergence_SYS,atomic,[CrossSignalDivergence_SYS],[0.8456],1,6,0.8456,[dt-1;dt-2;dt-3],[[751b801c-a584-49b7-82ca-c984b9bb16c3;faf7cfa1-353d-47b6-a9e7-3159c4c1199f;018695b2-d53d-4fcd-87af-3561284a62e6;30f667be-52f0-4e2a-98b8-ff1fbe3cfb43;ead49b6d-463f-444b-9ded-339de967d7c9;611bd6a0-5d35-47c9-874b-df001662bc86]]
2026-04-03 19:17:52.230,36.417,CrossSignalRelativeStable_GT,atomic,[CrossSignalRelativeStable_GT],[1.0000],1,6,1.0000,[dt-1;dt-2;dt-3],[[eb427cbe-0431-4994-b4a9-2a2a48a9f095;0a9661fc-e1fd-4962-9723-4e3e57d2d9ca;bb6a9825-d620-47a4-bc1e-93164b98319e;f6ec9e24-1c0b-4335-aba7-9c078e73bc5e;0f26bca3-963f-4814-acbb-9d3610ea3176;bc427630-183e-4ab2-88c0-012f74501ca7]]
2026-04-03 19:17:52.230,36.417,CrossSignalDivergence_GT,atomic,[CrossSignalDivergence_GT],[1.0000],1,6,1.0000,[dt-1;dt-2;dt-3],[[eb427cbe-0431-4994-b4a9-2a2a48a9f095;0a9661fc-e1fd-4962-9723-4e3e57d2d9ca;bb6a9825-d620-47a4-bc1e-93164b98319e;f6ec9e24-1c0b-4335-aba7-9c078e73bc5e;0f26bca3-963f-4814-acbb-9d3610ea3176;bc427630-183e-4ab2-88c0-012f74501ca7]]
2026-04-03 19:17:52.370,36.557,CrossSignalRelativeStable_GT,atomic,[CrossSignalRelativeStable_GT],[1.0000],1,6,1.0000,[dt-1;dt-2;dt-3],[[f6ec9e24-1c0b-4335-aba7-9c078e73bc5e;0f26bca3-963f-4814-acbb-9d3610ea3176;bc427630-183e-4ab2-88c0-012f74501ca7;c84e96a9-9de1-4229-8f5c-80da90991e55;ae7ea72b-4389-4cb5-b451-6afc06344cca;92ef548d-d0ee-4eff-9504-954d9fd0e47f]]
2026-04-03 19:17:52.370,36.557,CrossSignalDivergence_GT,atomic,[CrossSignalDivergence_GT],[1.0000],1,6,1.0000,[dt-1;dt-2;dt-3],[[f6ec9e24-1c0b-4335-aba7-9c078e73bc5e;0f26bca3-963f-4814-acbb-9d3610ea3176;bc427630-183e-4ab2-88c0-012f74501ca7;c84e96a9-9de1-4229-8f5c-80da90991e55;ae7ea72b-4389-4cb5-b451-6afc06344cca;92ef548d-d0ee-4eff-9504-954d9fd0e47f]]
2026-04-03 19:17:52.463,36.650,CrossSignalRelativeStable_SYS,atomic,[CrossSignalRelativeStable_SYS],[0.9367],1,6,0.9367,[dt-1;dt-2;dt-3],[[30f667be-52f0-4e2a-98b8-ff1fbe3cfb43;ead49b6d-463f-444b-9ded-339de967d7c9;611bd6a0-5d35-47c9-874b-df001662bc86;f822f971-f4cd-4783-b14f-df9950d06bce;7bee5414-5d43-48cc-9f99-5f532dfb3736;ce17284f-4386-4d24-bb33-b4e1e965568a]]
2026-04-03 19:17:52.464,36.651,CrossSignalTrendConsistency_SYS,atomic,[CrossSignalTrendConsistency_SYS],[0.9367],1,6,0.9367,[dt-1;dt-2;dt-3],[[30f667be-52f0-4e2a-98b8-ff1fbe3cfb43;ead49b6d-463f-444b-9ded-339de967d7c9;611bd6a0-5d35-47c9-874b-df001662bc86;f822f971-f4cd-4783-b14f-df9950d06bce;7bee5414-5d43-48cc-9f99-5f532dfb3736;ce17284f-4386-4d24-bb33-b4e1e965568a]]
2026-04-03 19:17:52.464,36.651,CrossSignalDivergence_SYS,atomic,[CrossSignalDivergence_SYS],[0.9367],1,6,0.9367,[dt-1;dt-2;dt-3],[[30f667be-52f0-4e2a-98b8-ff1fbe3cfb43;ead49b6d-463f-444b-9ded-339de967d7c9;611bd6a0-5d35-47c9-874b-df001662bc86;f822f971-f4cd-4783-b14f-df9950d06bce;7bee5414-5d43-48cc-9f99-5f532dfb3736;ce17284f-4386-4d24-bb33-b4e1e965568a]]
2026-04-03 19:17:52.480,36.667,CrossSignalRelativeStable_GT,atomic,[CrossSignalRelativeStable_GT],[1.0000],1,6,1.0000,[dt-1;dt-2;dt-3],[[c84e96a9-9de1-4229-8f5c-80da90991e55;ae7ea72b-4389-4cb5-b451-6afc06344cca;92ef548d-d0ee-4eff-9504-954d9fd0e47f;2984224d-4c07-4ebb-a0b8-2a995fb67345;d3c1fefa-4af5-4850-a92a-08302c003ebd;589d92cf-4fbb-4f13-8fd8-e458f7a57a60]]
2026-04-03 19:17:52.480,36.667,CrossSignalDivergence_GT,atomic,[CrossSignalDivergence_GT],[1.0000],1,6,1.0000,[dt-1;dt-2;dt-3],[[c84e96a9-9de1-4229-8f5c-80da90991e55;ae7ea72b-4389-4cb5-b451-6afc06344cca;92ef548d-d0ee-4eff-9504-954d9fd0e47f;2984224d-4c07-4ebb-a0b8-2a995fb67345;d3c1fefa-4af5-4850-a92a-08302c003ebd;589d92cf-4fbb-4f13-8fd8-e458f7a57a60]]
2026-04-03 19:17:52.577,36.764,CrossSignalRelativeStable_SYS,atomic,[CrossSignalRelativeStable_SYS],[0.9670],1,6,0.9670,[dt-1;dt-2;dt-3],[[f822f971-f4cd-4783-b14f-df9950d06bce;7bee5414-5d43-48cc-9f99-5f532dfb3736;ce17284f-4386-4d24-bb33-b4e1e965568a;bfdc8045-c657-443c-a6fc-111f08a4d797;ca558edd-e01f-49ff-9fd8-0b368f9d5965;ca1b00e0-647b-4aba-ab43-535603a67771]]
2026-04-03 19:17:52.577,36.764,CrossSignalRelativeStable_OBS,atomic,[CrossSignalRelativeStable_OBS],[1.0000],1,6,1.0000,[dt-1;dt-2;dt-3],[[eac79087-4d26-40b9-ad3c-de2f42da23e4;039647ae-559b-4cdb-8db9-978c355bd506;611bd6a0-5d35-47c9-874b-df001662bc86;bfdc8045-c657-443c-a6fc-111f08a4d797;7bee5414-5d43-48cc-9f99-5f532dfb3736;ce17284f-4386-4d24-bb33-b4e1e965568a]]
2026-04-03 19:17:52.577,36.764,CrossSignalDivergence_SYS,atomic,[CrossSignalDivergence_SYS],[0.9670],1,6,0.9670,[dt-1;dt-2;dt-3],[[f822f971-f4cd-4783-b14f-df9950d06bce;7bee5414-5d43-48cc-9f99-5f532dfb3736;ce17284f-4386-4d24-bb33-b4e1e965568a;bfdc8045-c657-443c-a6fc-111f08a4d797;ca558edd-e01f-49ff-9fd8-0b368f9d5965;ca1b00e0-647b-4aba-ab43-535603a67771]]
2026-04-03 19:17:52.577,36.764,CrossSignalDivergence_OBS,atomic,[CrossSignalDivergence_OBS],[1.0000],1,6,1.0000,[dt-1;dt-2;dt-3],[[eac79087-4d26-40b9-ad3c-de2f42da23e4;039647ae-559b-4cdb-8db9-978c355bd506;611bd6a0-5d35-47c9-874b-df001662bc86;bfdc8045-c657-443c-a6fc-111f08a4d797;7bee5414-5d43-48cc-9f99-5f532dfb3736;ce17284f-4386-4d24-bb33-b4e1e965568a]]
2026-04-03 19:17:52.590,36.777,CrossSignalRelativeStable_GT,atomic,[CrossSignalRelativeStable_GT],[1.0000],1,6,1.0000,[dt-1;dt-2;dt-3],[[2984224d-4c07-4ebb-a0b8-2a995fb67345;d3c1fefa-4af5-4850-a92a-08302c003ebd;589d92cf-4fbb-4f13-8fd8-e458f7a57a60;034e35a4-275f-4d6b-a67d-86fe581cda00;49d1dbd1-430f-454a-a006-ca358d38d5bf;79f72ad2-fa7c-4192-88ea-5fdd6fba177c]]
2026-04-03 19:17:52.590,36.777,CrossSignalDivergence_GT,atomic,[CrossSignalDivergence_GT],[1.0000],1,6,1.0000,[dt-1;dt-2;dt-3],[[2984224d-4c07-4ebb-a0b8-2a995fb67345;d3c1fefa-4af5-4850-a92a-08302c003ebd;589d92cf-4fbb-4f13-8fd8-e458f7a57a60;034e35a4-275f-4d6b-a67d-86fe581cda00;49d1dbd1-430f-454a-a006-ca358d38d5bf;79f72ad2-fa7c-4192-88ea-5fdd6fba177c]]
2026-04-03 19:17:52.686,36.873,CrossSignalRelativeStable_SYS,atomic,[CrossSignalRelativeStable_SYS],[0.9301],1,6,0.9301,[dt-1;dt-2;dt-3],[[bfdc8045-c657-443c-a6fc-111f08a4d797;ca558edd-e01f-49ff-9fd8-0b368f9d5965;ca1b00e0-647b-4aba-ab43-535603a67771;ee2863b8-b8f4-442a-86dd-d9fc89e5baa2;69f7af1d-1f40-42ec-9f84-df4c12de7475;0ea091ee-e191-4e5a-baf6-3b813f5ccc7b]]
2026-04-03 19:17:52.686,36.873,CrossSignalDivergence_SYS,atomic,[CrossSignalDivergence_SYS],[0.9301],1,6,0.9301,[dt-1;dt-2;dt-3],[[bfdc8045-c657-443c-a6fc-111f08a4d797;ca558edd-e01f-49ff-9fd8-0b368f9d5965;ca1b00e0-647b-4aba-ab43-535603a67771;ee2863b8-b8f4-442a-86dd-d9fc89e5baa2;69f7af1d-1f40-42ec-9f84-df4c12de7475;0ea091ee-e191-4e5a-baf6-3b813f5ccc7b]]
2026-04-03 19:17:52.692,36.879,CrossSignalRelativeStable_OBS,atomic,[CrossSignalRelativeStable_OBS],[1.0000],1,6,1.0000,[dt-1;dt-2;dt-3],[[bfdc8045-c657-443c-a6fc-111f08a4d797;7bee5414-5d43-48cc-9f99-5f532dfb3736;ce17284f-4386-4d24-bb33-b4e1e965568a;ee2863b8-b8f4-442a-86dd-d9fc89e5baa2;f5d50c1e-8570-40fd-b3a9-56dc6af956a2;0ea091ee-e191-4e5a-baf6-3b813f5ccc7b]]
2026-04-03 19:17:52.692,36.879,CrossSignalDivergence_OBS,atomic,[CrossSignalDivergence_OBS],[1.0000],1,6,1.0000,[dt-1;dt-2;dt-3],[[bfdc8045-c657-443c-a6fc-111f08a4d797;7bee5414-5d43-48cc-9f99-5f532dfb3736;ce17284f-4386-4d24-bb33-b4e1e965568a;ee2863b8-b8f4-442a-86dd-d9fc89e5baa2;f5d50c1e-8570-40fd-b3a9-56dc6af956a2;0ea091ee-e191-4e5a-baf6-3b813f5ccc7b]]
2026-04-03 19:17:52.699,36.886,CrossSignalRelativeStable_GT,atomic,[CrossSignalRelativeStable_GT],[1.0000],1,6,1.0000,[dt-1;dt-2;dt-3],[[034e35a4-275f-4d6b-a67d-86fe581cda00;49d1dbd1-430f-454a-a006-ca358d38d5bf;79f72ad2-fa7c-4192-88ea-5fdd6fba177c;f1d18c2d-5f01-42f9-9353-441ac7441597;a1f58d88-a864-4ca3-a738-488941bc2281;5faa4c78-3778-4547-a9ed-c8e538c23a5d]]
2026-04-03 19:17:52.699,36.886,CrossSignalDivergence_GT,atomic,[CrossSignalDivergence_GT],[1.0000],1,6,1.0000,[dt-1;dt-2;dt-3],[[034e35a4-275f-4d6b-a67d-86fe581cda00;49d1dbd1-430f-454a-a006-ca358d38d5bf;79f72ad2-fa7c-4192-88ea-5fdd6fba177c;f1d18c2d-5f01-42f9-9353-441ac7441597;a1f58d88-a864-4ca3-a738-488941bc2281;5faa4c78-3778-4547-a9ed-c8e538c23a5d]]
2026-04-03 19:17:52.794,36.981,CrossSignalRelativeStable_SYS,atomic,[CrossSignalRelativeStable_SYS],[0.9433],1,6,0.9433,[dt-1;dt-2;dt-3],[[ee2863b8-b8f4-442a-86dd-d9fc89e5baa2;69f7af1d-1f40-42ec-9f84-df4c12de7475;0ea091ee-e191-4e5a-baf6-3b813f5ccc7b;a205cac2-9503-4d10-bdb1-7e3fc72dee9c;f5d50c1e-8570-40fd-b3a9-56dc6af956a2;eabf2f3f-d088-42aa-b830-35dc210dd07a]]
2026-04-03 19:17:52.794,36.981,CrossSignalDivergence_SYS,atomic,[CrossSignalDivergence_SYS],[0.9433],1,6,0.9433,[dt-1;dt-2;dt-3],[[ee2863b8-b8f4-442a-86dd-d9fc89e5baa2;69f7af1d-1f40-42ec-9f84-df4c12de7475;0ea091ee-e191-4e5a-baf6-3b813f5ccc7b;a205cac2-9503-4d10-bdb1-7e3fc72dee9c;f5d50c1e-8570-40fd-b3a9-56dc6af956a2;eabf2f3f-d088-42aa-b830-35dc210dd07a]]
2026-04-03 19:17:52.811,36.998,CrossSignalRelativeStable_GT,atomic,[CrossSignalRelativeStable_GT],[1.0000],1,6,1.0000,[dt-1;dt-2;dt-3],[[f1d18c2d-5f01-42f9-9353-441ac7441597;a1f58d88-a864-4ca3-a738-488941bc2281;5faa4c78-3778-4547-a9ed-c8e538c23a5d;8029bdb2-6539-4dbf-be08-d11fcadf717f;c809e5c0-44a1-485d-a84a-b34352b2008e;4330857b-4f12-47af-ada6-e3c3ac930f52]]
2026-04-03 19:17:52.811,36.998,CrossSignalDivergence_GT,atomic,[CrossSignalDivergence_GT],[1.0000],1,6,1.0000,[dt-1;dt-2;dt-3],[[f1d18c2d-5f01-42f9-9353-441ac7441597;a1f58d88-a864-4ca3-a738-488941bc2281;5faa4c78-3778-4547-a9ed-c8e538c23a5d;8029bdb2-6539-4dbf-be08-d11fcadf717f;c809e5c0-44a1-485d-a84a-b34352b2008e;4330857b-4f12-47af-ada6-e3c3ac930f52]]
2026-04-03 19:17:52.905,37.092,CrossSignalRelativeStable_SYS,atomic,[CrossSignalRelativeStable_SYS],[0.9801],1,6,0.9801,[dt-1;dt-2;dt-3],[[a205cac2-9503-4d10-bdb1-7e3fc72dee9c;f5d50c1e-8570-40fd-b3a9-56dc6af956a2;eabf2f3f-d088-42aa-b830-35dc210dd07a;154ac1ad-1f86-41c1-a2fe-f514ef261941;fb21f9c1-87e7-40bc-a650-179759b78f01;c9c35e18-8515-453f-b32d-9e024699d4c6]]
2026-04-03 19:17:52.905,37.092,CrossSignalDivergence_SYS,atomic,[CrossSignalDivergence_SYS],[0.9801],1,6,0.9801,[dt-1;dt-2;dt-3],[[a205cac2-9503-4d10-bdb1-7e3fc72dee9c;f5d50c1e-8570-40fd-b3a9-56dc6af956a2;eabf2f3f-d088-42aa-b830-35dc210dd07a;154ac1ad-1f86-41c1-a2fe-f514ef261941;fb21f9c1-87e7-40bc-a650-179759b78f01;c9c35e18-8515-453f-b32d-9e024699d4c6]]
2026-04-03 19:17:52.924,37.111,CrossSignalRelativeStable_GT,atomic,[CrossSignalRelativeStable_GT],[1.0000],1,6,1.0000,[dt-1;dt-2;dt-3],[[8029bdb2-6539-4dbf-be08-d11fcadf717f;c809e5c0-44a1-485d-a84a-b34352b2008e;4330857b-4f12-47af-ada6-e3c3ac930f52;e0fa7481-dc8b-4b38-8062-2c7061315bae;bd4c0086-4efa-4a9a-a565-0d59296cb12f;9ed8b0c0-6292-43be-be4f-ad97c6ca9216]]
2026-04-03 19:17:52.924,37.111,CrossSignalDivergence_GT,atomic,[CrossSignalDivergence_GT],[1.0000],1,6,1.0000,[dt-1;dt-2;dt-3],[[8029bdb2-6539-4dbf-be08-d11fcadf717f;c809e5c0-44a1-485d-a84a-b34352b2008e;4330857b-4f12-47af-ada6-e3c3ac930f52;e0fa7481-dc8b-4b38-8062-2c7061315bae;bd4c0086-4efa-4a9a-a565-0d59296cb12f;9ed8b0c0-6292-43be-be4f-ad97c6ca9216]]
2026-04-03 19:17:53.039,37.226,CrossSignalRelativeStable_GT,atomic,[CrossSignalRelativeStable_GT],[1.0000],1,6,1.0000,[dt-1;dt-2;dt-3],[[e0fa7481-dc8b-4b38-8062-2c7061315bae;bd4c0086-4efa-4a9a-a565-0d59296cb12f;9ed8b0c0-6292-43be-be4f-ad97c6ca9216;eac3ea5b-ac4b-427f-b170-f443ebef3d88;b959e686-74a6-40fa-b712-918d04aa2cf7;0d1eba0d-ea4b-4323-a378-d066114b5e6f]]
2026-04-03 19:17:53.040,37.227,CrossSignalDivergence_GT,atomic,[CrossSignalDivergence_GT],[1.0000],1,6,1.0000,[dt-1;dt-2;dt-3],[[e0fa7481-dc8b-4b38-8062-2c7061315bae;bd4c0086-4efa-4a9a-a565-0d59296cb12f;9ed8b0c0-6292-43be-be4f-ad97c6ca9216;eac3ea5b-ac4b-427f-b170-f443ebef3d88;b959e686-74a6-40fa-b712-918d04aa2cf7;0d1eba0d-ea4b-4323-a378-d066114b5e6f]]
2026-04-03 19:17:53.127,37.314,CrossSignalRelativeStable_SYS,atomic,[CrossSignalRelativeStable_SYS],[0.9607],1,6,0.9607,[dt-1;dt-2;dt-3],[[154ac1ad-1f86-41c1-a2fe-f514ef261941;fb21f9c1-87e7-40bc-a650-179759b78f01;c9c35e18-8515-453f-b32d-9e024699d4c6;a97d7f75-6e02-4bd4-9fa2-4d3aa2441d36;66dcbf0f-90c8-4a21-9470-f5559e7dc9d2;e73dcf63-a68c-4cdb-bc81-a8ee58d7e48a]]
2026-04-03 19:17:53.127,37.314,CrossSignalDivergence_SYS,atomic,[CrossSignalDivergence_SYS],[0.9607],1,6,0.9607,[dt-1;dt-2;dt-3],[[154ac1ad-1f86-41c1-a2fe-f514ef261941;fb21f9c1-87e7-40bc-a650-179759b78f01;c9c35e18-8515-453f-b32d-9e024699d4c6;a97d7f75-6e02-4bd4-9fa2-4d3aa2441d36;66dcbf0f-90c8-4a21-9470-f5559e7dc9d2;e73dcf63-a68c-4cdb-bc81-a8ee58d7e48a]]
2026-04-03 19:17:53.146,37.333,CrossSignalRelativeStable_GT,atomic,[CrossSignalRelativeStable_GT],[1.0000],1,6,1.0000,[dt-1;dt-2;dt-3],[[eac3ea5b-ac4b-427f-b170-f443ebef3d88;b959e686-74a6-40fa-b712-918d04aa2cf7;0d1eba0d-ea4b-4323-a378-d066114b5e6f;ac30628c-012e-40bd-b9d2-150a7770e9e6;f6f3ccdd-88e7-4089-a975-fb62ea0e8947;5e310619-7343-4094-95b2-1f3020a061dd]]
2026-04-03 19:17:53.147,37.334,CrossSignalDivergence_GT,atomic,[CrossSignalDivergence_GT],[1.0000],1,6,1.0000,[dt-1;dt-2;dt-3],[[eac3ea5b-ac4b-427f-b170-f443ebef3d88;b959e686-74a6-40fa-b712-918d04aa2cf7;0d1eba0d-ea4b-4323-a378-d066114b5e6f;ac30628c-012e-40bd-b9d2-150a7770e9e6;f6f3ccdd-88e7-4089-a975-fb62ea0e8947;5e310619-7343-4094-95b2-1f3020a061dd]]
2026-04-03 19:17:53.236,37.423,CrossSignalRelativeStable_OBS,atomic,[CrossSignalRelativeStable_OBS],[1.0000],1,6,1.0000,[dt-1;dt-2;dt-3],[[ee2863b8-b8f4-442a-86dd-d9fc89e5baa2;f5d50c1e-8570-40fd-b3a9-56dc6af956a2;0ea091ee-e191-4e5a-baf6-3b813f5ccc7b;a205cac2-9503-4d10-bdb1-7e3fc72dee9c;407fefa7-59c3-4c19-ad57-23cca85fb0f6;c9c35e18-8515-453f-b32d-9e024699d4c6]]
2026-04-03 19:17:53.236,37.423,CrossSignalDivergence_OBS,atomic,[CrossSignalDivergence_OBS],[1.0000],1,6,1.0000,[dt-1;dt-2;dt-3],[[ee2863b8-b8f4-442a-86dd-d9fc89e5baa2;f5d50c1e-8570-40fd-b3a9-56dc6af956a2;0ea091ee-e191-4e5a-baf6-3b813f5ccc7b;a205cac2-9503-4d10-bdb1-7e3fc72dee9c;407fefa7-59c3-4c19-ad57-23cca85fb0f6;c9c35e18-8515-453f-b32d-9e024699d4c6]]
2026-04-03 19:17:53.254,37.441,CrossSignalRelativeStable_GT,atomic,[CrossSignalRelativeStable_GT],[1.0000],1,6,1.0000,[dt-1;dt-2;dt-3],[[ac30628c-012e-40bd-b9d2-150a7770e9e6;f6f3ccdd-88e7-4089-a975-fb62ea0e8947;5e310619-7343-4094-95b2-1f3020a061dd;f0a758ed-40a4-4867-9c07-a87f994b08b3;e357e438-d814-4bd1-89eb-12db7f44894b;0298e06e-caef-4555-b576-39a612b103d0]]
2026-04-03 19:17:53.254,37.441,CrossSignalTrendConsistency_GT,atomic,[CrossSignalTrendConsistency_GT],[1.0000],1,6,1.0000,[dt-1;dt-2;dt-3],[[ac30628c-012e-40bd-b9d2-150a7770e9e6;f6f3ccdd-88e7-4089-a975-fb62ea0e8947;5e310619-7343-4094-95b2-1f3020a061dd;f0a758ed-40a4-4867-9c07-a87f994b08b3;e357e438-d814-4bd1-89eb-12db7f44894b;0298e06e-caef-4555-b576-39a612b103d0]]
2026-04-03 19:17:53.254,37.441,CrossSignalDivergence_GT,atomic,[CrossSignalDivergence_GT],[1.0000],1,6,1.0000,[dt-1;dt-2;dt-3],[[ac30628c-012e-40bd-b9d2-150a7770e9e6;f6f3ccdd-88e7-4089-a975-fb62ea0e8947;5e310619-7343-4094-95b2-1f3020a061dd;f0a758ed-40a4-4867-9c07-a87f994b08b3;e357e438-d814-4bd1-89eb-12db7f44894b;0298e06e-caef-4555-b576-39a612b103d0]]
2026-04-03 19:17:53.354,37.541,CrossSignalRelativeStable_SYS,atomic,[CrossSignalRelativeStable_SYS],[0.8678],1,6,0.8678,[dt-1;dt-2;dt-3],[[a97d7f75-6e02-4bd4-9fa2-4d3aa2441d36;66dcbf0f-90c8-4a21-9470-f5559e7dc9d2;e73dcf63-a68c-4cdb-bc81-a8ee58d7e48a;4eeb6086-0cd2-4a2a-bdac-b0cf03f5de2a;6743a31b-4ecd-46ee-b8b5-2db746880a35;2eba7d9f-ccbb-4ac6-9d74-6c033baccfdf]]
2026-04-03 19:17:53.354,37.541,CrossSignalDivergence_SYS,atomic,[CrossSignalDivergence_SYS],[0.8678],1,6,0.8678,[dt-1;dt-2;dt-3],[[a97d7f75-6e02-4bd4-9fa2-4d3aa2441d36;66dcbf0f-90c8-4a21-9470-f5559e7dc9d2;e73dcf63-a68c-4cdb-bc81-a8ee58d7e48a;4eeb6086-0cd2-4a2a-bdac-b0cf03f5de2a;6743a31b-4ecd-46ee-b8b5-2db746880a35;2eba7d9f-ccbb-4ac6-9d74-6c033baccfdf]]
2026-04-03 19:17:53.366,37.553,CrossSignalRelativeStable_GT,atomic,[CrossSignalRelativeStable_GT],[1.0000],1,6,1.0000,[dt-1;dt-2;dt-3],[[f0a758ed-40a4-4867-9c07-a87f994b08b3;e357e438-d814-4bd1-89eb-12db7f44894b;0298e06e-caef-4555-b576-39a612b103d0;9301a9ed-ce17-4a6e-94a9-88406701b6cb;592c92ef-1351-4c0d-b710-f51962c5cb46;4371720b-affc-4e21-b58d-9ef3e41da051]]
2026-04-03 19:17:53.366,37.553,CrossSignalDivergence_GT,atomic,[CrossSignalDivergence_GT],[1.0000],1,6,1.0000,[dt-1;dt-2;dt-3],[[f0a758ed-40a4-4867-9c07-a87f994b08b3;e357e438-d814-4bd1-89eb-12db7f44894b;0298e06e-caef-4555-b576-39a612b103d0;9301a9ed-ce17-4a6e-94a9-88406701b6cb;592c92ef-1351-4c0d-b710-f51962c5cb46;4371720b-affc-4e21-b58d-9ef3e41da051]]
2026-04-03 19:17:53.464,37.651,CrossSignalRelativeStable_SYS,atomic,[CrossSignalRelativeStable_SYS],[0.8075],1,6,0.8075,[dt-1;dt-2;dt-3],[[4eeb6086-0cd2-4a2a-bdac-b0cf03f5de2a;6743a31b-4ecd-46ee-b8b5-2db746880a35;2eba7d9f-ccbb-4ac6-9d74-6c033baccfdf;b1b30eb3-ef42-423c-904c-18b17f5f0bc6;3149a6ff-0669-42c5-8916-25628f446402;2a7828a6-a369-4ba7-9ae6-879da5f9af26]]
2026-04-03 19:17:53.464,37.651,CrossSignalDivergence_SYS,atomic,[CrossSignalDivergence_SYS],[0.8075],1,6,0.8075,[dt-1;dt-2;dt-3],[[4eeb6086-0cd2-4a2a-bdac-b0cf03f5de2a;6743a31b-4ecd-46ee-b8b5-2db746880a35;2eba7d9f-ccbb-4ac6-9d74-6c033baccfdf;b1b30eb3-ef42-423c-904c-18b17f5f0bc6;3149a6ff-0669-42c5-8916-25628f446402;2a7828a6-a369-4ba7-9ae6-879da5f9af26]]
2026-04-03 19:17:53.464,37.651,CrossSignalRelativeStable_GT,atomic,[CrossSignalRelativeStable_GT],[1.0000],1,6,1.0000,[dt-1;dt-2;dt-3],[[9301a9ed-ce17-4a6e-94a9-88406701b6cb;592c92ef-1351-4c0d-b710-f51962c5cb46;4371720b-affc-4e21-b58d-9ef3e41da051;5d87655e-6f31-41b8-b5b6-b984ed8dd357;edb1b9fc-5587-4aa1-943f-e728da8b8ddc;bf7a75a4-8e7b-43ff-9862-ed50302102b1]]
2026-04-03 19:17:53.465,37.652,CrossSignalDivergence_GT,atomic,[CrossSignalDivergence_GT],[1.0000],1,6,1.0000,[dt-1;dt-2;dt-3],[[9301a9ed-ce17-4a6e-94a9-88406701b6cb;592c92ef-1351-4c0d-b710-f51962c5cb46;4371720b-affc-4e21-b58d-9ef3e41da051;5d87655e-6f31-41b8-b5b6-b984ed8dd357;edb1b9fc-5587-4aa1-943f-e728da8b8ddc;bf7a75a4-8e7b-43ff-9862-ed50302102b1]]
2026-04-03 19:17:53.576,37.763,CrossSignalRelativeStable_SYS,atomic,[CrossSignalRelativeStable_SYS],[0.8289],1,6,0.8289,[dt-1;dt-2;dt-3],[[b1b30eb3-ef42-423c-904c-18b17f5f0bc6;3149a6ff-0669-42c5-8916-25628f446402;2a7828a6-a369-4ba7-9ae6-879da5f9af26;cf1f438c-6efc-4c5b-877a-a9722ab3c44e;a97adaf5-2a0e-4bb5-8bfc-09fc61d9db11;3ee4519a-033a-4de1-a3bd-e5f3bff6223b]]
2026-04-03 19:17:53.577,37.764,CrossSignalDivergence_SYS,atomic,[CrossSignalDivergence_SYS],[0.8289],1,6,0.8289,[dt-1;dt-2;dt-3],[[b1b30eb3-ef42-423c-904c-18b17f5f0bc6;3149a6ff-0669-42c5-8916-25628f446402;2a7828a6-a369-4ba7-9ae6-879da5f9af26;cf1f438c-6efc-4c5b-877a-a9722ab3c44e;a97adaf5-2a0e-4bb5-8bfc-09fc61d9db11;3ee4519a-033a-4de1-a3bd-e5f3bff6223b]]
2026-04-03 19:17:53.577,37.764,CrossSignalRelativeStable_GT,atomic,[CrossSignalRelativeStable_GT],[1.0000],1,6,1.0000,[dt-1;dt-2;dt-3],[[5d87655e-6f31-41b8-b5b6-b984ed8dd357;edb1b9fc-5587-4aa1-943f-e728da8b8ddc;bf7a75a4-8e7b-43ff-9862-ed50302102b1;7ed121e9-fbb7-4bba-9d0e-16672c0d0303;ac2d02d3-26ac-4c90-9899-38ae65087277;c51ebf14-39cb-4f76-b31e-f51860c17907]]
2026-04-03 19:17:53.577,37.764,CrossSignalDivergence_GT,atomic,[CrossSignalDivergence_GT],[1.0000],1,6,1.0000,[dt-1;dt-2;dt-3],[[5d87655e-6f31-41b8-b5b6-b984ed8dd357;edb1b9fc-5587-4aa1-943f-e728da8b8ddc;bf7a75a4-8e7b-43ff-9862-ed50302102b1;7ed121e9-fbb7-4bba-9d0e-16672c0d0303;ac2d02d3-26ac-4c90-9899-38ae65087277;c51ebf14-39cb-4f76-b31e-f51860c17907]]
2026-04-03 19:17:53.704,37.891,CrossSignalRelativeStable_GT,atomic,[CrossSignalRelativeStable_GT],[1.0000],1,6,1.0000,[dt-1;dt-2;dt-3],[[7ed121e9-fbb7-4bba-9d0e-16672c0d0303;ac2d02d3-26ac-4c90-9899-38ae65087277;c51ebf14-39cb-4f76-b31e-f51860c17907;eee80b7c-cab6-4bc3-94f9-af335d7f0473;e3289394-eb30-442b-8164-177df1f00c4b;09bc8259-2dfa-45e2-a1d9-6ac72ec18c98]]
2026-04-03 19:17:53.704,37.891,CrossSignalTrendConsistency_GT,atomic,[CrossSignalTrendConsistency_GT],[1.0000],1,6,1.0000,[dt-1;dt-2;dt-3],[[7ed121e9-fbb7-4bba-9d0e-16672c0d0303;ac2d02d3-26ac-4c90-9899-38ae65087277;c51ebf14-39cb-4f76-b31e-f51860c17907;eee80b7c-cab6-4bc3-94f9-af335d7f0473;e3289394-eb30-442b-8164-177df1f00c4b;09bc8259-2dfa-45e2-a1d9-6ac72ec18c98]]
2026-04-03 19:17:53.704,37.891,CrossSignalDivergence_GT,atomic,[CrossSignalDivergence_GT],[1.0000],1,6,1.0000,[dt-1;dt-2;dt-3],[[7ed121e9-fbb7-4bba-9d0e-16672c0d0303;ac2d02d3-26ac-4c90-9899-38ae65087277;c51ebf14-39cb-4f76-b31e-f51860c17907;eee80b7c-cab6-4bc3-94f9-af335d7f0473;e3289394-eb30-442b-8164-177df1f00c4b;09bc8259-2dfa-45e2-a1d9-6ac72ec18c98]]
2026-04-03 19:17:53.787,37.974,CrossSignalRelativeStable_OBS,atomic,[CrossSignalRelativeStable_OBS],[1.0000],1,6,1.0000,[dt-1;dt-2;dt-3],[[a205cac2-9503-4d10-bdb1-7e3fc72dee9c;407fefa7-59c3-4c19-ad57-23cca85fb0f6;c9c35e18-8515-453f-b32d-9e024699d4c6;32188731-247f-419d-9cbd-b2d1ad3d540d;a530c430-528a-4819-9b60-68e0c90da57d;2be120bb-a005-41eb-8612-c0d593f3a3f8]]
2026-04-03 19:17:53.787,37.974,CrossSignalDivergence_OBS,atomic,[CrossSignalDivergence_OBS],[1.0000],1,6,1.0000,[dt-1;dt-2;dt-3],[[a205cac2-9503-4d10-bdb1-7e3fc72dee9c;407fefa7-59c3-4c19-ad57-23cca85fb0f6;c9c35e18-8515-453f-b32d-9e024699d4c6;32188731-247f-419d-9cbd-b2d1ad3d540d;a530c430-528a-4819-9b60-68e0c90da57d;2be120bb-a005-41eb-8612-c0d593f3a3f8]]
2026-04-03 19:17:53.788,37.975,CrossSignalRelativeStable_SYS,atomic,[CrossSignalRelativeStable_SYS],[0.8728],1,6,0.8728,[dt-1;dt-2;dt-3],[[cf1f438c-6efc-4c5b-877a-a9722ab3c44e;a97adaf5-2a0e-4bb5-8bfc-09fc61d9db11;3ee4519a-033a-4de1-a3bd-e5f3bff6223b;9d67ea5d-479e-4222-8c3c-0534c97e0bfc;f7ac4c7f-55d3-4604-a3cc-657fd742c71d;2be120bb-a005-41eb-8612-c0d593f3a3f8]]
2026-04-03 19:17:53.788,37.975,CrossSignalDivergence_SYS,atomic,[CrossSignalDivergence_SYS],[0.8728],1,6,0.8728,[dt-1;dt-2;dt-3],[[cf1f438c-6efc-4c5b-877a-a9722ab3c44e;a97adaf5-2a0e-4bb5-8bfc-09fc61d9db11;3ee4519a-033a-4de1-a3bd-e5f3bff6223b;9d67ea5d-479e-4222-8c3c-0534c97e0bfc;f7ac4c7f-55d3-4604-a3cc-657fd742c71d;2be120bb-a005-41eb-8612-c0d593f3a3f8]]
2026-04-03 19:17:53.794,37.981,CrossSignalRelativeStable_GT,atomic,[CrossSignalRelativeStable_GT],[1.0000],1,6,1.0000,[dt-1;dt-2;dt-3],[[eee80b7c-cab6-4bc3-94f9-af335d7f0473;e3289394-eb30-442b-8164-177df1f00c4b;09bc8259-2dfa-45e2-a1d9-6ac72ec18c98;6da6fb1d-d32c-4423-aacc-e3de441c7819;4ff6c15f-7199-4af9-8b0c-227b6ac24324;c050a4fa-b089-4f77-8c53-7fac32fbcfca]]
2026-04-03 19:17:53.794,37.981,CrossSignalDivergence_GT,atomic,[CrossSignalDivergence_GT],[1.0000],1,6,1.0000,[dt-1;dt-2;dt-3],[[eee80b7c-cab6-4bc3-94f9-af335d7f0473;e3289394-eb30-442b-8164-177df1f00c4b;09bc8259-2dfa-45e2-a1d9-6ac72ec18c98;6da6fb1d-d32c-4423-aacc-e3de441c7819;4ff6c15f-7199-4af9-8b0c-227b6ac24324;c050a4fa-b089-4f77-8c53-7fac32fbcfca]]
2026-04-03 19:17:53.900,38.087,CrossSignalRelativeStable_SYS,atomic,[CrossSignalRelativeStable_SYS],[0.8947],1,6,0.8947,[dt-1;dt-2;dt-3],[[9d67ea5d-479e-4222-8c3c-0534c97e0bfc;f7ac4c7f-55d3-4604-a3cc-657fd742c71d;2be120bb-a005-41eb-8612-c0d593f3a3f8;f1a9db54-c11a-4804-9226-f1a169ea75b6;0af77b69-4e79-4949-baf8-e00a6cdc119e;28a41ef4-cda8-4ff4-aaab-9859fe0b84eb]]
2026-04-03 19:17:53.900,38.087,CrossSignalDivergence_SYS,atomic,[CrossSignalDivergence_SYS],[0.8947],1,6,0.8947,[dt-1;dt-2;dt-3],[[9d67ea5d-479e-4222-8c3c-0534c97e0bfc;f7ac4c7f-55d3-4604-a3cc-657fd742c71d;2be120bb-a005-41eb-8612-c0d593f3a3f8;f1a9db54-c11a-4804-9226-f1a169ea75b6;0af77b69-4e79-4949-baf8-e00a6cdc119e;28a41ef4-cda8-4ff4-aaab-9859fe0b84eb]]
2026-04-03 19:17:53.911,38.098,CrossSignalRelativeStable_GT,atomic,[CrossSignalRelativeStable_GT],[1.0000],1,6,1.0000,[dt-1;dt-2;dt-3],[[6da6fb1d-d32c-4423-aacc-e3de441c7819;4ff6c15f-7199-4af9-8b0c-227b6ac24324;c050a4fa-b089-4f77-8c53-7fac32fbcfca;8c43d3ee-54e0-47b7-892d-ad952063bd6f;29190191-4090-4e08-9767-5cb31d89b1fe;f07ff23e-d34a-424a-a02d-a9d9fab2e6b0]]
2026-04-03 19:17:53.911,38.098,CrossSignalDivergence_GT,atomic,[CrossSignalDivergence_GT],[1.0000],1,6,1.0000,[dt-1;dt-2;dt-3],[[6da6fb1d-d32c-4423-aacc-e3de441c7819;4ff6c15f-7199-4af9-8b0c-227b6ac24324;c050a4fa-b089-4f77-8c53-7fac32fbcfca;8c43d3ee-54e0-47b7-892d-ad952063bd6f;29190191-4090-4e08-9767-5cb31d89b1fe;f07ff23e-d34a-424a-a02d-a9d9fab2e6b0]]
2026-04-03 19:17:54.025,38.212,CrossSignalRelativeStable_GT,atomic,[CrossSignalRelativeStable_GT],[1.0000],1,6,1.0000,[dt-1;dt-2;dt-3],[[8c43d3ee-54e0-47b7-892d-ad952063bd6f;29190191-4090-4e08-9767-5cb31d89b1fe;f07ff23e-d34a-424a-a02d-a9d9fab2e6b0;ff0ceaf2-500d-478b-8611-2b2864a956f1;2253bbad-4215-4c93-9933-729273107984;5656c9f5-382c-45ea-b3d6-9306293060e1]]
2026-04-03 19:17:54.026,38.213,CrossSignalTrendConsistency_GT,atomic,[CrossSignalTrendConsistency_GT],[1.0000],1,6,1.0000,[dt-1;dt-2;dt-3],[[8c43d3ee-54e0-47b7-892d-ad952063bd6f;29190191-4090-4e08-9767-5cb31d89b1fe;f07ff23e-d34a-424a-a02d-a9d9fab2e6b0;ff0ceaf2-500d-478b-8611-2b2864a956f1;2253bbad-4215-4c93-9933-729273107984;5656c9f5-382c-45ea-b3d6-9306293060e1]]
2026-04-03 19:17:54.026,38.213,CrossSignalDivergence_GT,atomic,[CrossSignalDivergence_GT],[1.0000],1,6,1.0000,[dt-1;dt-2;dt-3],[[8c43d3ee-54e0-47b7-892d-ad952063bd6f;29190191-4090-4e08-9767-5cb31d89b1fe;f07ff23e-d34a-424a-a02d-a9d9fab2e6b0;ff0ceaf2-500d-478b-8611-2b2864a956f1;2253bbad-4215-4c93-9933-729273107984;5656c9f5-382c-45ea-b3d6-9306293060e1]]
2026-04-03 19:17:54.122,38.309,CrossSignalRelativeStable_SYS,atomic,[CrossSignalRelativeStable_SYS],[0.9318],1,6,0.9318,[dt-1;dt-2;dt-3],[[f1a9db54-c11a-4804-9226-f1a169ea75b6;0af77b69-4e79-4949-baf8-e00a6cdc119e;28a41ef4-cda8-4ff4-aaab-9859fe0b84eb;71e08b50-34c3-47ff-80e4-e0816418d3cc;86981189-1780-40f2-81da-8620abc63deb;f4a6d663-89a0-4032-b69c-e3d3f0fbd36f]]
2026-04-03 19:17:54.122,38.309,CrossSignalTrendConsistency_SYS,atomic,[CrossSignalTrendConsistency_SYS],[0.9318],1,6,0.9318,[dt-1;dt-2;dt-3],[[f1a9db54-c11a-4804-9226-f1a169ea75b6;0af77b69-4e79-4949-baf8-e00a6cdc119e;28a41ef4-cda8-4ff4-aaab-9859fe0b84eb;71e08b50-34c3-47ff-80e4-e0816418d3cc;86981189-1780-40f2-81da-8620abc63deb;f4a6d663-89a0-4032-b69c-e3d3f0fbd36f]]
2026-04-03 19:17:54.122,38.309,CrossSignalDivergence_SYS,atomic,[CrossSignalDivergence_SYS],[0.9318],1,6,0.9318,[dt-1;dt-2;dt-3],[[f1a9db54-c11a-4804-9226-f1a169ea75b6;0af77b69-4e79-4949-baf8-e00a6cdc119e;28a41ef4-cda8-4ff4-aaab-9859fe0b84eb;71e08b50-34c3-47ff-80e4-e0816418d3cc;86981189-1780-40f2-81da-8620abc63deb;f4a6d663-89a0-4032-b69c-e3d3f0fbd36f]]
2026-04-03 19:17:54.134,38.321,CrossSignalRelativeStable_GT,atomic,[CrossSignalRelativeStable_GT],[1.0000],1,6,1.0000,[dt-1;dt-2;dt-3],[[ff0ceaf2-500d-478b-8611-2b2864a956f1;2253bbad-4215-4c93-9933-729273107984;5656c9f5-382c-45ea-b3d6-9306293060e1;2d5ab877-0e58-40b1-8968-a98916dbed84;7e711d8c-2ac8-43dc-957e-fca8a09b1bb2;1f07c7cd-406f-497f-bb6f-a7e97869afa3]]
2026-04-03 19:17:54.134,38.321,CrossSignalDivergence_GT,atomic,[CrossSignalDivergence_GT],[1.0000],1,6,1.0000,[dt-1;dt-2;dt-3],[[ff0ceaf2-500d-478b-8611-2b2864a956f1;2253bbad-4215-4c93-9933-729273107984;5656c9f5-382c-45ea-b3d6-9306293060e1;2d5ab877-0e58-40b1-8968-a98916dbed84;7e711d8c-2ac8-43dc-957e-fca8a09b1bb2;1f07c7cd-406f-497f-bb6f-a7e97869afa3]]
2026-04-03 19:17:54.244,38.431,CrossSignalRelativeStable_GT,atomic,[CrossSignalRelativeStable_GT],[1.0000],1,6,1.0000,[dt-1;dt-2;dt-3],[[2d5ab877-0e58-40b1-8968-a98916dbed84;7e711d8c-2ac8-43dc-957e-fca8a09b1bb2;1f07c7cd-406f-497f-bb6f-a7e97869afa3;c1bc3326-dce7-4ca5-be4b-90965bb584e0;1e9565ae-175d-4be6-9ad9-31cea8d495f9;7d64fe55-5c50-4954-89e3-bc270d7ff9a1]]
2026-04-03 19:17:54.244,38.431,CrossSignalDivergence_GT,atomic,[CrossSignalDivergence_GT],[1.0000],1,6,1.0000,[dt-1;dt-2;dt-3],[[2d5ab877-0e58-40b1-8968-a98916dbed84;7e711d8c-2ac8-43dc-957e-fca8a09b1bb2;1f07c7cd-406f-497f-bb6f-a7e97869afa3;c1bc3326-dce7-4ca5-be4b-90965bb584e0;1e9565ae-175d-4be6-9ad9-31cea8d495f9;7d64fe55-5c50-4954-89e3-bc270d7ff9a1]]
2026-04-03 19:17:54.343,38.530,CrossSignalRelativeStable_OBS,atomic,[CrossSignalRelativeStable_OBS],[1.0000],1,6,1.0000,[dt-1;dt-2;dt-3],[[32188731-247f-419d-9cbd-b2d1ad3d540d;a530c430-528a-4819-9b60-68e0c90da57d;2be120bb-a005-41eb-8612-c0d593f3a3f8;f1a9db54-c11a-4804-9226-f1a169ea75b6;86981189-1780-40f2-81da-8620abc63deb;a08c05bf-d8a2-4225-be9e-1a7ea89d69b6]]
2026-04-03 19:17:54.343,38.530,CrossSignalDivergence_OBS,atomic,[CrossSignalDivergence_OBS],[1.0000],1,6,1.0000,[dt-1;dt-2;dt-3],[[32188731-247f-419d-9cbd-b2d1ad3d540d;a530c430-528a-4819-9b60-68e0c90da57d;2be120bb-a005-41eb-8612-c0d593f3a3f8;f1a9db54-c11a-4804-9226-f1a169ea75b6;86981189-1780-40f2-81da-8620abc63deb;a08c05bf-d8a2-4225-be9e-1a7ea89d69b6]]
2026-04-03 19:17:54.344,38.531,CrossSignalRelativeStable_SYS,atomic,[CrossSignalRelativeStable_SYS],[0.9157],1,6,0.9157,[dt-1;dt-2;dt-3],[[71e08b50-34c3-47ff-80e4-e0816418d3cc;86981189-1780-40f2-81da-8620abc63deb;f4a6d663-89a0-4032-b69c-e3d3f0fbd36f;38e21aad-8ded-4ff4-9fa7-31498967cfb1;46fa706d-a6ec-461f-a562-de5a0b2a3fe4;6ef43ead-662a-442e-bb69-166870a5847f]]
2026-04-03 19:17:54.344,38.531,CrossSignalDivergence_SYS,atomic,[CrossSignalDivergence_SYS],[0.9157],1,6,0.9157,[dt-1;dt-2;dt-3],[[71e08b50-34c3-47ff-80e4-e0816418d3cc;86981189-1780-40f2-81da-8620abc63deb;f4a6d663-89a0-4032-b69c-e3d3f0fbd36f;38e21aad-8ded-4ff4-9fa7-31498967cfb1;46fa706d-a6ec-461f-a562-de5a0b2a3fe4;6ef43ead-662a-442e-bb69-166870a5847f]]
2026-04-03 19:17:54.355,38.542,CrossSignalRelativeStable_GT,atomic,[CrossSignalRelativeStable_GT],[1.0000],1,6,1.0000,[dt-1;dt-2;dt-3],[[c1bc3326-dce7-4ca5-be4b-90965bb584e0;1e9565ae-175d-4be6-9ad9-31cea8d495f9;7d64fe55-5c50-4954-89e3-bc270d7ff9a1;6da649cf-fa31-4983-a6ff-cfe5d6164ffc;a030890b-4937-4ff7-b9b3-ae4b565dda0b;a543c8ee-241d-4d56-bce2-73a8c3ba81f0]]
2026-04-03 19:17:54.355,38.542,CrossSignalTrendConsistency_GT,atomic,[CrossSignalTrendConsistency_GT],[1.0000],1,6,1.0000,[dt-1;dt-2;dt-3],[[c1bc3326-dce7-4ca5-be4b-90965bb584e0;1e9565ae-175d-4be6-9ad9-31cea8d495f9;7d64fe55-5c50-4954-89e3-bc270d7ff9a1;6da649cf-fa31-4983-a6ff-cfe5d6164ffc;a030890b-4937-4ff7-b9b3-ae4b565dda0b;a543c8ee-241d-4d56-bce2-73a8c3ba81f0]]
2026-04-03 19:17:54.355,38.542,CrossSignalDivergence_GT,atomic,[CrossSignalDivergence_GT],[1.0000],1,6,1.0000,[dt-1;dt-2;dt-3],[[c1bc3326-dce7-4ca5-be4b-90965bb584e0;1e9565ae-175d-4be6-9ad9-31cea8d495f9;7d64fe55-5c50-4954-89e3-bc270d7ff9a1;6da649cf-fa31-4983-a6ff-cfe5d6164ffc;a030890b-4937-4ff7-b9b3-ae4b565dda0b;a543c8ee-241d-4d56-bce2-73a8c3ba81f0]]
2026-04-03 19:17:54.470,38.657,CrossSignalRelativeStable_GT,atomic,[CrossSignalRelativeStable_GT],[1.0000],1,6,1.0000,[dt-1;dt-2;dt-3],[[6da649cf-fa31-4983-a6ff-cfe5d6164ffc;a030890b-4937-4ff7-b9b3-ae4b565dda0b;a543c8ee-241d-4d56-bce2-73a8c3ba81f0;0802f277-ed15-4369-a0b8-98f098c2a1c0;e5bf00c7-29c5-40b1-96b8-3111c796320b;512ff5ab-f88c-4bbc-a42c-7bd919cefee6]]
2026-04-03 19:17:54.470,38.657,CrossSignalDivergence_GT,atomic,[CrossSignalDivergence_GT],[1.0000],1,6,1.0000,[dt-1;dt-2;dt-3],[[6da649cf-fa31-4983-a6ff-cfe5d6164ffc;a030890b-4937-4ff7-b9b3-ae4b565dda0b;a543c8ee-241d-4d56-bce2-73a8c3ba81f0;0802f277-ed15-4369-a0b8-98f098c2a1c0;e5bf00c7-29c5-40b1-96b8-3111c796320b;512ff5ab-f88c-4bbc-a42c-7bd919cefee6]]
2026-04-03 19:17:54.570,38.757,CrossSignalRelativeStable_SYS,atomic,[CrossSignalRelativeStable_SYS],[0.8974],1,6,0.8974,[dt-1;dt-2;dt-3],[[38e21aad-8ded-4ff4-9fa7-31498967cfb1;46fa706d-a6ec-461f-a562-de5a0b2a3fe4;6ef43ead-662a-442e-bb69-166870a5847f;77cc2fc4-fc09-495b-b505-1fd6d01f372e;0481d8be-5edd-44de-acd6-9f7d9dda406f;c0e1a119-e725-4f1e-98fa-c7550af8b260]]
2026-04-03 19:17:54.570,38.757,CrossSignalDivergence_SYS,atomic,[CrossSignalDivergence_SYS],[0.8974],1,6,0.8974,[dt-1;dt-2;dt-3],[[38e21aad-8ded-4ff4-9fa7-31498967cfb1;46fa706d-a6ec-461f-a562-de5a0b2a3fe4;6ef43ead-662a-442e-bb69-166870a5847f;77cc2fc4-fc09-495b-b505-1fd6d01f372e;0481d8be-5edd-44de-acd6-9f7d9dda406f;c0e1a119-e725-4f1e-98fa-c7550af8b260]]
2026-04-03 19:17:54.582,38.769,CrossSignalRelativeStable_GT,atomic,[CrossSignalRelativeStable_GT],[1.0000],1,6,1.0000,[dt-1;dt-2;dt-3],[[0802f277-ed15-4369-a0b8-98f098c2a1c0;e5bf00c7-29c5-40b1-96b8-3111c796320b;512ff5ab-f88c-4bbc-a42c-7bd919cefee6;be7ff66e-498f-4b24-af2d-e791a50cd2bd;b052e66e-568a-4993-ada2-04c080dc905b;5bb5e598-8a0a-43c7-9e12-0c6a6062a66c]]
2026-04-03 19:17:54.582,38.769,CrossSignalTrendConsistency_GT,atomic,[CrossSignalTrendConsistency_GT],[1.0000],1,6,1.0000,[dt-1;dt-2;dt-3],[[0802f277-ed15-4369-a0b8-98f098c2a1c0;e5bf00c7-29c5-40b1-96b8-3111c796320b;512ff5ab-f88c-4bbc-a42c-7bd919cefee6;be7ff66e-498f-4b24-af2d-e791a50cd2bd;b052e66e-568a-4993-ada2-04c080dc905b;5bb5e598-8a0a-43c7-9e12-0c6a6062a66c]]
2026-04-03 19:17:54.582,38.769,CrossSignalDivergence_GT,atomic,[CrossSignalDivergence_GT],[1.0000],1,6,1.0000,[dt-1;dt-2;dt-3],[[0802f277-ed15-4369-a0b8-98f098c2a1c0;e5bf00c7-29c5-40b1-96b8-3111c796320b;512ff5ab-f88c-4bbc-a42c-7bd919cefee6;be7ff66e-498f-4b24-af2d-e791a50cd2bd;b052e66e-568a-4993-ada2-04c080dc905b;5bb5e598-8a0a-43c7-9e12-0c6a6062a66c]]
2026-04-03 19:17:54.676,38.863,CrossSignalRelativeStable_SYS,atomic,[CrossSignalRelativeStable_SYS],[0.8827],1,6,0.8827,[dt-1;dt-2;dt-3],[[77cc2fc4-fc09-495b-b505-1fd6d01f372e;0481d8be-5edd-44de-acd6-9f7d9dda406f;c0e1a119-e725-4f1e-98fa-c7550af8b260;c2310823-8170-4f5d-903f-abafb7a6b6ed;a0e0be32-186b-4f9d-9ef5-837c24bf50f0;fa765fbf-38b5-48c5-ad72-794534caf248]]
2026-04-03 19:17:54.676,38.863,CrossSignalDivergence_SYS,atomic,[CrossSignalDivergence_SYS],[0.8827],1,6,0.8827,[dt-1;dt-2;dt-3],[[77cc2fc4-fc09-495b-b505-1fd6d01f372e;0481d8be-5edd-44de-acd6-9f7d9dda406f;c0e1a119-e725-4f1e-98fa-c7550af8b260;c2310823-8170-4f5d-903f-abafb7a6b6ed;a0e0be32-186b-4f9d-9ef5-837c24bf50f0;fa765fbf-38b5-48c5-ad72-794534caf248]]
2026-04-03 19:17:54.689,38.876,CrossSignalRelativeStable_GT,atomic,[CrossSignalRelativeStable_GT],[1.0000],1,6,1.0000,[dt-1;dt-2;dt-3],[[be7ff66e-498f-4b24-af2d-e791a50cd2bd;b052e66e-568a-4993-ada2-04c080dc905b;5bb5e598-8a0a-43c7-9e12-0c6a6062a66c;70ccc70c-7f66-416a-bf9c-e7300ed573ca;5d747e6c-d77f-4ba7-b0d1-e0ec674f8d64;6b7f913a-1d27-4dbc-a758-22cb263a2a94]]
2026-04-03 19:17:54.689,38.876,CrossSignalDivergence_GT,atomic,[CrossSignalDivergence_GT],[1.0000],1,6,1.0000,[dt-1;dt-2;dt-3],[[be7ff66e-498f-4b24-af2d-e791a50cd2bd;b052e66e-568a-4993-ada2-04c080dc905b;5bb5e598-8a0a-43c7-9e12-0c6a6062a66c;70ccc70c-7f66-416a-bf9c-e7300ed573ca;5d747e6c-d77f-4ba7-b0d1-e0ec674f8d64;6b7f913a-1d27-4dbc-a758-22cb263a2a94]]
2026-04-03 19:17:54.792,38.979,CrossSignalRelativeStable_SYS,atomic,[CrossSignalRelativeStable_SYS],[0.8156],1,6,0.8156,[dt-1;dt-2;dt-3],[[c2310823-8170-4f5d-903f-abafb7a6b6ed;a0e0be32-186b-4f9d-9ef5-837c24bf50f0;fa765fbf-38b5-48c5-ad72-794534caf248;d5c9885d-3b0a-4063-a22e-085e7bf16376;5051cbb2-fb08-477c-b265-ced882fb9fbe;0ead692d-1ed2-4359-a2b9-9e6033c91756]]
2026-04-03 19:17:54.792,38.979,CrossSignalDivergence_SYS,atomic,[CrossSignalDivergence_SYS],[0.8156],1,6,0.8156,[dt-1;dt-2;dt-3],[[c2310823-8170-4f5d-903f-abafb7a6b6ed;a0e0be32-186b-4f9d-9ef5-837c24bf50f0;fa765fbf-38b5-48c5-ad72-794534caf248;d5c9885d-3b0a-4063-a22e-085e7bf16376;5051cbb2-fb08-477c-b265-ced882fb9fbe;0ead692d-1ed2-4359-a2b9-9e6033c91756]]
2026-04-03 19:17:54.793,38.980,CrossSignalRelativeStable_GT,atomic,[CrossSignalRelativeStable_GT],[1.0000],1,6,1.0000,[dt-1;dt-2;dt-3],[[70ccc70c-7f66-416a-bf9c-e7300ed573ca;5d747e6c-d77f-4ba7-b0d1-e0ec674f8d64;6b7f913a-1d27-4dbc-a758-22cb263a2a94;ba9879b8-2877-4631-a8be-736637c9c14f;9621de6b-7cd7-409b-961f-694a72934bb4;00275388-5b45-43cb-b67b-8eb168231ada]]
2026-04-03 19:17:54.793,38.980,CrossSignalDivergence_GT,atomic,[CrossSignalDivergence_GT],[1.0000],1,6,1.0000,[dt-1;dt-2;dt-3],[[70ccc70c-7f66-416a-bf9c-e7300ed573ca;5d747e6c-d77f-4ba7-b0d1-e0ec674f8d64;6b7f913a-1d27-4dbc-a758-22cb263a2a94;ba9879b8-2877-4631-a8be-736637c9c14f;9621de6b-7cd7-409b-961f-694a72934bb4;00275388-5b45-43cb-b67b-8eb168231ada]]
2026-04-03 19:17:54.902,39.089,CrossSignalRelativeStable_SYS,atomic,[CrossSignalRelativeStable_SYS],[0.7723],1,6,0.7723,[dt-1;dt-2;dt-3],[[d5c9885d-3b0a-4063-a22e-085e7bf16376;5051cbb2-fb08-477c-b265-ced882fb9fbe;0ead692d-1ed2-4359-a2b9-9e6033c91756;0cc06f3f-bf80-49a4-9d9e-ba4933602bd7;17a423df-b51a-4c0f-aa30-ae78ef8c485d;6c4a9e8f-cbf1-42c0-a61c-a315b2712055]]
2026-04-03 19:17:54.902,39.089,CrossSignalDivergence_SYS,atomic,[CrossSignalDivergence_SYS],[0.7723],1,6,0.7723,[dt-1;dt-2;dt-3],[[d5c9885d-3b0a-4063-a22e-085e7bf16376;5051cbb2-fb08-477c-b265-ced882fb9fbe;0ead692d-1ed2-4359-a2b9-9e6033c91756;0cc06f3f-bf80-49a4-9d9e-ba4933602bd7;17a423df-b51a-4c0f-aa30-ae78ef8c485d;6c4a9e8f-cbf1-42c0-a61c-a315b2712055]]
2026-04-03 19:17:54.913,39.100,CrossSignalRelativeStable_GT,atomic,[CrossSignalRelativeStable_GT],[1.0000],1,6,1.0000,[dt-1;dt-2;dt-3],[[ba9879b8-2877-4631-a8be-736637c9c14f;9621de6b-7cd7-409b-961f-694a72934bb4;00275388-5b45-43cb-b67b-8eb168231ada;57c2de83-a9c0-4b2b-a7c2-f2077d3908b7;b1e9e490-8cb0-4fc1-97c6-7c5cedd64dc6;43770f45-7fe6-4fac-837f-40214911e75d]]
2026-04-03 19:17:54.913,39.100,CrossSignalDivergence_GT,atomic,[CrossSignalDivergence_GT],[1.0000],1,6,1.0000,[dt-1;dt-2;dt-3],[[ba9879b8-2877-4631-a8be-736637c9c14f;9621de6b-7cd7-409b-961f-694a72934bb4;00275388-5b45-43cb-b67b-8eb168231ada;57c2de83-a9c0-4b2b-a7c2-f2077d3908b7;b1e9e490-8cb0-4fc1-97c6-7c5cedd64dc6;43770f45-7fe6-4fac-837f-40214911e75d]]
2026-04-03 19:17:55.014,39.201,CrossSignalRelativeStable_SYS,atomic,[CrossSignalRelativeStable_SYS],[0.8764],1,6,0.8764,[dt-1;dt-2;dt-3],[[0cc06f3f-bf80-49a4-9d9e-ba4933602bd7;17a423df-b51a-4c0f-aa30-ae78ef8c485d;6c4a9e8f-cbf1-42c0-a61c-a315b2712055;adb7af30-4b46-46a4-ae50-410d4e69e128;4a3a65e8-5c3d-4381-abed-06e9f46d8a71;3b53cac6-c7e0-494e-a200-edee81ff0123]]
2026-04-03 19:17:55.014,39.201,CrossSignalRelativeStable_OBS,atomic,[CrossSignalRelativeStable_OBS],[1.0000],1,6,1.0000,[dt-1;dt-2;dt-3],[[f1a9db54-c11a-4804-9226-f1a169ea75b6;86981189-1780-40f2-81da-8620abc63deb;a08c05bf-d8a2-4225-be9e-1a7ea89d69b6;adb7af30-4b46-46a4-ae50-410d4e69e128;0481d8be-5edd-44de-acd6-9f7d9dda406f;3b53cac6-c7e0-494e-a200-edee81ff0123]]
2026-04-03 19:17:55.015,39.202,CrossSignalTrendConsistency_SYS,atomic,[CrossSignalTrendConsistency_SYS],[0.8764],1,6,0.8764,[dt-1;dt-2;dt-3],[[0cc06f3f-bf80-49a4-9d9e-ba4933602bd7;17a423df-b51a-4c0f-aa30-ae78ef8c485d;6c4a9e8f-cbf1-42c0-a61c-a315b2712055;adb7af30-4b46-46a4-ae50-410d4e69e128;4a3a65e8-5c3d-4381-abed-06e9f46d8a71;3b53cac6-c7e0-494e-a200-edee81ff0123]]
2026-04-03 19:17:55.015,39.202,CrossSignalDivergence_SYS,atomic,[CrossSignalDivergence_SYS],[0.8764],1,6,0.8764,[dt-1;dt-2;dt-3],[[0cc06f3f-bf80-49a4-9d9e-ba4933602bd7;17a423df-b51a-4c0f-aa30-ae78ef8c485d;6c4a9e8f-cbf1-42c0-a61c-a315b2712055;adb7af30-4b46-46a4-ae50-410d4e69e128;4a3a65e8-5c3d-4381-abed-06e9f46d8a71;3b53cac6-c7e0-494e-a200-edee81ff0123]]
2026-04-03 19:17:55.015,39.202,CrossSignalDivergence_OBS,atomic,[CrossSignalDivergence_OBS],[1.0000],1,6,1.0000,[dt-1;dt-2;dt-3],[[f1a9db54-c11a-4804-9226-f1a169ea75b6;86981189-1780-40f2-81da-8620abc63deb;a08c05bf-d8a2-4225-be9e-1a7ea89d69b6;adb7af30-4b46-46a4-ae50-410d4e69e128;0481d8be-5edd-44de-acd6-9f7d9dda406f;3b53cac6-c7e0-494e-a200-edee81ff0123]]
2026-04-03 19:17:55.021,39.208,CrossSignalRelativeStable_GT,atomic,[CrossSignalRelativeStable_GT],[1.0000],1,6,1.0000,[dt-1;dt-2;dt-3],[[57c2de83-a9c0-4b2b-a7c2-f2077d3908b7;b1e9e490-8cb0-4fc1-97c6-7c5cedd64dc6;43770f45-7fe6-4fac-837f-40214911e75d;36bb5e07-c8ea-4ba5-9a58-7c7ab4071c83;5f2d423f-18c4-4e6b-9e71-65c35d4bcd21;6a27608e-2098-424e-b403-652aebafdd75]]
2026-04-03 19:17:55.021,39.208,CrossSignalDivergence_GT,atomic,[CrossSignalDivergence_GT],[1.0000],1,6,1.0000,[dt-1;dt-2;dt-3],[[57c2de83-a9c0-4b2b-a7c2-f2077d3908b7;b1e9e490-8cb0-4fc1-97c6-7c5cedd64dc6;43770f45-7fe6-4fac-837f-40214911e75d;36bb5e07-c8ea-4ba5-9a58-7c7ab4071c83;5f2d423f-18c4-4e6b-9e71-65c35d4bcd21;6a27608e-2098-424e-b403-652aebafdd75]]
2026-04-03 19:17:55.128,39.315,CrossSignalRelativeStable_GT,atomic,[CrossSignalRelativeStable_GT],[1.0000],1,6,1.0000,[dt-1;dt-2;dt-3],[[36bb5e07-c8ea-4ba5-9a58-7c7ab4071c83;5f2d423f-18c4-4e6b-9e71-65c35d4bcd21;6a27608e-2098-424e-b403-652aebafdd75;c4697041-a36d-485d-8796-bfe6c8e12764;b8a149e6-84ff-48fc-8828-fdd382866506;81e29fbd-c52d-4560-a613-5aeb33b3828b]]
2026-04-03 19:17:55.128,39.315,CrossSignalDivergence_GT,atomic,[CrossSignalDivergence_GT],[1.0000],1,6,1.0000,[dt-1;dt-2;dt-3],[[36bb5e07-c8ea-4ba5-9a58-7c7ab4071c83;5f2d423f-18c4-4e6b-9e71-65c35d4bcd21;6a27608e-2098-424e-b403-652aebafdd75;c4697041-a36d-485d-8796-bfe6c8e12764;b8a149e6-84ff-48fc-8828-fdd382866506;81e29fbd-c52d-4560-a613-5aeb33b3828b]]
2026-04-03 19:17:55.221,39.408,CrossSignalRelativeStable_SYS,atomic,[CrossSignalRelativeStable_SYS],[1.0000],1,6,1.0000,[dt-1;dt-2;dt-3],[[adb7af30-4b46-46a4-ae50-410d4e69e128;4a3a65e8-5c3d-4381-abed-06e9f46d8a71;3b53cac6-c7e0-494e-a200-edee81ff0123;9cfc921f-7eb7-4646-906d-0ce39289d3ce;ad10a28c-d4fa-4a4e-b3d2-c9347f0e5547;7f9ca266-1a9e-40fb-9c41-f60b51de61f9]]
2026-04-03 19:17:55.221,39.408,CrossSignalDivergence_SYS,atomic,[CrossSignalDivergence_SYS],[1.0000],1,6,1.0000,[dt-1;dt-2;dt-3],[[adb7af30-4b46-46a4-ae50-410d4e69e128;4a3a65e8-5c3d-4381-abed-06e9f46d8a71;3b53cac6-c7e0-494e-a200-edee81ff0123;9cfc921f-7eb7-4646-906d-0ce39289d3ce;ad10a28c-d4fa-4a4e-b3d2-c9347f0e5547;7f9ca266-1a9e-40fb-9c41-f60b51de61f9]]
2026-04-03 19:17:55.243,39.430,CrossSignalRelativeStable_GT,atomic,[CrossSignalRelativeStable_GT],[1.0000],1,6,1.0000,[dt-1;dt-2;dt-3],[[c4697041-a36d-485d-8796-bfe6c8e12764;b8a149e6-84ff-48fc-8828-fdd382866506;81e29fbd-c52d-4560-a613-5aeb33b3828b;ad238cff-cdab-4e16-8d47-73c0c2d79ba6;69e785ff-8217-40be-afe8-1f7c0018e8df;72810014-61c9-408e-92a3-2d90e43b4b26]]
2026-04-03 19:17:55.243,39.430,CrossSignalTrendConsistency_GT,atomic,[CrossSignalTrendConsistency_GT],[1.0000],1,6,1.0000,[dt-1;dt-2;dt-3],[[c4697041-a36d-485d-8796-bfe6c8e12764;b8a149e6-84ff-48fc-8828-fdd382866506;81e29fbd-c52d-4560-a613-5aeb33b3828b;ad238cff-cdab-4e16-8d47-73c0c2d79ba6;69e785ff-8217-40be-afe8-1f7c0018e8df;72810014-61c9-408e-92a3-2d90e43b4b26]]
2026-04-03 19:17:55.243,39.430,CrossSignalDivergence_GT,atomic,[CrossSignalDivergence_GT],[1.0000],1,6,1.0000,[dt-1;dt-2;dt-3],[[c4697041-a36d-485d-8796-bfe6c8e12764;b8a149e6-84ff-48fc-8828-fdd382866506;81e29fbd-c52d-4560-a613-5aeb33b3828b;ad238cff-cdab-4e16-8d47-73c0c2d79ba6;69e785ff-8217-40be-afe8-1f7c0018e8df;72810014-61c9-408e-92a3-2d90e43b4b26]]
2026-04-03 19:17:55.341,39.528,CrossSignalRelativeStable_GT,atomic,[CrossSignalRelativeStable_GT],[1.0000],1,6,1.0000,[dt-1;dt-2;dt-3],[[ad238cff-cdab-4e16-8d47-73c0c2d79ba6;69e785ff-8217-40be-afe8-1f7c0018e8df;72810014-61c9-408e-92a3-2d90e43b4b26;6068f9e5-556d-48c8-b491-0522bc99a19c;1a2c89cf-f9ac-4c28-80ca-356d19398482;387f03ea-31e4-4737-b392-421e27d9eb84]]
2026-04-03 19:17:55.341,39.528,CrossSignalDivergence_GT,atomic,[CrossSignalDivergence_GT],[1.0000],1,6,1.0000,[dt-1;dt-2;dt-3],[[ad238cff-cdab-4e16-8d47-73c0c2d79ba6;69e785ff-8217-40be-afe8-1f7c0018e8df;72810014-61c9-408e-92a3-2d90e43b4b26;6068f9e5-556d-48c8-b491-0522bc99a19c;1a2c89cf-f9ac-4c28-80ca-356d19398482;387f03ea-31e4-4737-b392-421e27d9eb84]]
2026-04-03 19:17:55.348,39.535,CrossSignalRelativeStable_SYS,atomic,[CrossSignalRelativeStable_SYS],[0.9411],1,6,0.9411,[dt-1;dt-2;dt-3],[[9cfc921f-7eb7-4646-906d-0ce39289d3ce;ad10a28c-d4fa-4a4e-b3d2-c9347f0e5547;7f9ca266-1a9e-40fb-9c41-f60b51de61f9;3c95a9a2-a595-464d-9611-a655db6a20c8;8f597856-05c9-4756-b00b-d344a12a1542;d63a2bcb-1ddd-447a-b8f6-6af7a9b30f55]]
2026-04-03 19:17:55.348,39.535,CrossSignalTrendConsistency_SYS,atomic,[CrossSignalTrendConsistency_SYS],[0.9411],1,6,0.9411,[dt-1;dt-2;dt-3],[[9cfc921f-7eb7-4646-906d-0ce39289d3ce;ad10a28c-d4fa-4a4e-b3d2-c9347f0e5547;7f9ca266-1a9e-40fb-9c41-f60b51de61f9;3c95a9a2-a595-464d-9611-a655db6a20c8;8f597856-05c9-4756-b00b-d344a12a1542;d63a2bcb-1ddd-447a-b8f6-6af7a9b30f55]]
2026-04-03 19:17:55.348,39.535,CrossSignalDivergence_SYS,atomic,[CrossSignalDivergence_SYS],[0.9411],1,6,0.9411,[dt-1;dt-2;dt-3],[[9cfc921f-7eb7-4646-906d-0ce39289d3ce;ad10a28c-d4fa-4a4e-b3d2-c9347f0e5547;7f9ca266-1a9e-40fb-9c41-f60b51de61f9;3c95a9a2-a595-464d-9611-a655db6a20c8;8f597856-05c9-4756-b00b-d344a12a1542;d63a2bcb-1ddd-447a-b8f6-6af7a9b30f55]]
2026-04-03 19:17:55.446,39.633,CrossSignalRelativeStable_GT,atomic,[CrossSignalRelativeStable_GT],[1.0000],1,6,1.0000,[dt-1;dt-2;dt-3],[[6068f9e5-556d-48c8-b491-0522bc99a19c;1a2c89cf-f9ac-4c28-80ca-356d19398482;387f03ea-31e4-4737-b392-421e27d9eb84;5a23a1ff-ad43-42c0-8729-26a1b29a12a0;42bde5c0-8d8f-4b08-868a-410a8fb43e1f;05b20422-e29c-463c-9af2-63de5aad37ab]]
2026-04-03 19:17:55.446,39.633,CrossSignalDivergence_GT,atomic,[CrossSignalDivergence_GT],[1.0000],1,6,1.0000,[dt-1;dt-2;dt-3],[[6068f9e5-556d-48c8-b491-0522bc99a19c;1a2c89cf-f9ac-4c28-80ca-356d19398482;387f03ea-31e4-4737-b392-421e27d9eb84;5a23a1ff-ad43-42c0-8729-26a1b29a12a0;42bde5c0-8d8f-4b08-868a-410a8fb43e1f;05b20422-e29c-463c-9af2-63de5aad37ab]]
2026-04-03 19:17:55.452,39.639,CrossSignalRelativeStable_SYS,atomic,[CrossSignalRelativeStable_SYS],[0.8702],1,6,0.8702,[dt-1;dt-2;dt-3],[[3c95a9a2-a595-464d-9611-a655db6a20c8;8f597856-05c9-4756-b00b-d344a12a1542;d63a2bcb-1ddd-447a-b8f6-6af7a9b30f55;00a933f8-a000-4d23-b75c-138431209c44;6ed9df74-a270-4fb1-9582-b58bc6133f85;e00a49a5-0fa2-44cb-b69e-44615ef22aaf]]
2026-04-03 19:17:55.452,39.639,CrossSignalDivergence_SYS,atomic,[CrossSignalDivergence_SYS],[0.8702],1,6,0.8702,[dt-1;dt-2;dt-3],[[3c95a9a2-a595-464d-9611-a655db6a20c8;8f597856-05c9-4756-b00b-d344a12a1542;d63a2bcb-1ddd-447a-b8f6-6af7a9b30f55;00a933f8-a000-4d23-b75c-138431209c44;6ed9df74-a270-4fb1-9582-b58bc6133f85;e00a49a5-0fa2-44cb-b69e-44615ef22aaf]]
2026-04-03 19:17:55.557,39.744,CrossSignalRelativeStable_SYS,atomic,[CrossSignalRelativeStable_SYS],[0.8318],1,6,0.8318,[dt-1;dt-2;dt-3],[[00a933f8-a000-4d23-b75c-138431209c44;6ed9df74-a270-4fb1-9582-b58bc6133f85;e00a49a5-0fa2-44cb-b69e-44615ef22aaf;65f5b9b2-f354-449d-b9b3-524897a0487c;1d69b849-c008-4592-92fa-ec31c7981603;b5ec4912-e026-431e-8622-704998a34de5]]
2026-04-03 19:17:55.557,39.744,CrossSignalDivergence_SYS,atomic,[CrossSignalDivergence_SYS],[0.8318],1,6,0.8318,[dt-1;dt-2;dt-3],[[00a933f8-a000-4d23-b75c-138431209c44;6ed9df74-a270-4fb1-9582-b58bc6133f85;e00a49a5-0fa2-44cb-b69e-44615ef22aaf;65f5b9b2-f354-449d-b9b3-524897a0487c;1d69b849-c008-4592-92fa-ec31c7981603;b5ec4912-e026-431e-8622-704998a34de5]]
2026-04-03 19:17:55.569,39.756,CrossSignalRelativeStable_GT,atomic,[CrossSignalRelativeStable_GT],[1.0000],1,6,1.0000,[dt-1;dt-2;dt-3],[[5a23a1ff-ad43-42c0-8729-26a1b29a12a0;42bde5c0-8d8f-4b08-868a-410a8fb43e1f;05b20422-e29c-463c-9af2-63de5aad37ab;bd488a39-ba51-4499-8065-376e4953572a;ba31d62a-e1f6-4b36-85d3-d8649e246bf3;17aecbef-249d-434e-8e04-c7b6fd32b716]]
2026-04-03 19:17:55.569,39.756,CrossSignalTrendConsistency_GT,atomic,[CrossSignalTrendConsistency_GT],[1.0000],1,6,1.0000,[dt-1;dt-2;dt-3],[[5a23a1ff-ad43-42c0-8729-26a1b29a12a0;42bde5c0-8d8f-4b08-868a-410a8fb43e1f;05b20422-e29c-463c-9af2-63de5aad37ab;bd488a39-ba51-4499-8065-376e4953572a;ba31d62a-e1f6-4b36-85d3-d8649e246bf3;17aecbef-249d-434e-8e04-c7b6fd32b716]]
2026-04-03 19:17:55.569,39.756,CrossSignalDivergence_GT,atomic,[CrossSignalDivergence_GT],[1.0000],1,6,1.0000,[dt-1;dt-2;dt-3],[[5a23a1ff-ad43-42c0-8729-26a1b29a12a0;42bde5c0-8d8f-4b08-868a-410a8fb43e1f;05b20422-e29c-463c-9af2-63de5aad37ab;bd488a39-ba51-4499-8065-376e4953572a;ba31d62a-e1f6-4b36-85d3-d8649e246bf3;17aecbef-249d-434e-8e04-c7b6fd32b716]]
2026-04-03 19:17:55.681,39.868,CrossSignalRelativeStable_GT,atomic,[CrossSignalRelativeStable_GT],[1.0000],1,6,1.0000,[dt-1;dt-2;dt-3],[[bd488a39-ba51-4499-8065-376e4953572a;ba31d62a-e1f6-4b36-85d3-d8649e246bf3;17aecbef-249d-434e-8e04-c7b6fd32b716;7ba66290-5986-44bb-90cb-c76ab94b1c8a;c71e3c33-73b0-4dc5-973a-1793a3ab0959;5a1c8a14-fd76-4a15-98ca-1fd7a2192a4f]]
2026-04-03 19:17:55.681,39.868,CrossSignalDivergence_GT,atomic,[CrossSignalDivergence_GT],[1.0000],1,6,1.0000,[dt-1;dt-2;dt-3],[[bd488a39-ba51-4499-8065-376e4953572a;ba31d62a-e1f6-4b36-85d3-d8649e246bf3;17aecbef-249d-434e-8e04-c7b6fd32b716;7ba66290-5986-44bb-90cb-c76ab94b1c8a;c71e3c33-73b0-4dc5-973a-1793a3ab0959;5a1c8a14-fd76-4a15-98ca-1fd7a2192a4f]]
2026-04-03 19:17:55.772,39.959,CrossSignalRelativeStable_SYS,atomic,[CrossSignalRelativeStable_SYS],[0.8266],1,6,0.8266,[dt-1;dt-2;dt-3],[[65f5b9b2-f354-449d-b9b3-524897a0487c;1d69b849-c008-4592-92fa-ec31c7981603;b5ec4912-e026-431e-8622-704998a34de5;c8e8bc29-a288-4c23-82f1-590cc10ca0cd;0700291c-6636-44a7-a2a2-0d0496846520;c39cb7d0-9a1f-4c06-b7f5-157497355613]]
2026-04-03 19:17:55.772,39.959,CrossSignalDivergence_SYS,atomic,[CrossSignalDivergence_SYS],[0.8266],1,6,0.8266,[dt-1;dt-2;dt-3],[[65f5b9b2-f354-449d-b9b3-524897a0487c;1d69b849-c008-4592-92fa-ec31c7981603;b5ec4912-e026-431e-8622-704998a34de5;c8e8bc29-a288-4c23-82f1-590cc10ca0cd;0700291c-6636-44a7-a2a2-0d0496846520;c39cb7d0-9a1f-4c06-b7f5-157497355613]]
2026-04-03 19:17:55.773,39.960,CrossSignalRelativeStable_OBS,atomic,[CrossSignalRelativeStable_OBS],[1.0000],1,6,1.0000,[dt-1;dt-2;dt-3],[[adb7af30-4b46-46a4-ae50-410d4e69e128;0481d8be-5edd-44de-acd6-9f7d9dda406f;3b53cac6-c7e0-494e-a200-edee81ff0123;9cfc921f-7eb7-4646-906d-0ce39289d3ce;ad10a28c-d4fa-4a4e-b3d2-c9347f0e5547;b0b28616-67c0-4215-86cf-85c7ca7f7696]]
2026-04-03 19:17:55.773,39.960,CrossSignalDivergence_OBS,atomic,[CrossSignalDivergence_OBS],[1.0000],1,6,1.0000,[dt-1;dt-2;dt-3],[[adb7af30-4b46-46a4-ae50-410d4e69e128;0481d8be-5edd-44de-acd6-9f7d9dda406f;3b53cac6-c7e0-494e-a200-edee81ff0123;9cfc921f-7eb7-4646-906d-0ce39289d3ce;ad10a28c-d4fa-4a4e-b3d2-c9347f0e5547;b0b28616-67c0-4215-86cf-85c7ca7f7696]]
2026-04-03 19:17:55.779,39.966,CrossSignalRelativeStable_GT,atomic,[CrossSignalRelativeStable_GT],[1.0000],1,6,1.0000,[dt-1;dt-2;dt-3],[[7ba66290-5986-44bb-90cb-c76ab94b1c8a;c71e3c33-73b0-4dc5-973a-1793a3ab0959;5a1c8a14-fd76-4a15-98ca-1fd7a2192a4f;e7db9488-f1b8-4bd5-b0bf-c058fe10b14f;5d5546ad-519a-4de1-9b6b-4701a23f3725;166dc52c-e072-452b-a987-c0e742522684]]
2026-04-03 19:17:55.779,39.966,CrossSignalDivergence_GT,atomic,[CrossSignalDivergence_GT],[1.0000],1,6,1.0000,[dt-1;dt-2;dt-3],[[7ba66290-5986-44bb-90cb-c76ab94b1c8a;c71e3c33-73b0-4dc5-973a-1793a3ab0959;5a1c8a14-fd76-4a15-98ca-1fd7a2192a4f;e7db9488-f1b8-4bd5-b0bf-c058fe10b14f;5d5546ad-519a-4de1-9b6b-4701a23f3725;166dc52c-e072-452b-a987-c0e742522684]]
2026-04-03 19:17:55.883,40.070,CrossSignalRelativeStable_SYS,atomic,[CrossSignalRelativeStable_SYS],[0.8596],1,6,0.8596,[dt-1;dt-2;dt-3],[[c8e8bc29-a288-4c23-82f1-590cc10ca0cd;0700291c-6636-44a7-a2a2-0d0496846520;c39cb7d0-9a1f-4c06-b7f5-157497355613;c6514c74-83bb-44c0-8dc5-b4b5a33d675b;e1841a96-6b06-44b0-b9e0-5426471f9b2b;2c089907-005b-4ecd-92f2-e56e393206ab]]
2026-04-03 19:17:55.890,40.077,CrossSignalTrendConsistency_SYS,atomic,[CrossSignalTrendConsistency_SYS],[0.8596],1,6,0.8596,[dt-1;dt-2;dt-3],[[c8e8bc29-a288-4c23-82f1-590cc10ca0cd;0700291c-6636-44a7-a2a2-0d0496846520;c39cb7d0-9a1f-4c06-b7f5-157497355613;c6514c74-83bb-44c0-8dc5-b4b5a33d675b;e1841a96-6b06-44b0-b9e0-5426471f9b2b;2c089907-005b-4ecd-92f2-e56e393206ab]]
2026-04-03 19:17:55.890,40.077,CrossSignalDivergence_SYS,atomic,[CrossSignalDivergence_SYS],[0.8596],1,6,0.8596,[dt-1;dt-2;dt-3],[[c8e8bc29-a288-4c23-82f1-590cc10ca0cd;0700291c-6636-44a7-a2a2-0d0496846520;c39cb7d0-9a1f-4c06-b7f5-157497355613;c6514c74-83bb-44c0-8dc5-b4b5a33d675b;e1841a96-6b06-44b0-b9e0-5426471f9b2b;2c089907-005b-4ecd-92f2-e56e393206ab]]
2026-04-03 19:17:55.913,40.100,CrossSignalRelativeStable_GT,atomic,[CrossSignalRelativeStable_GT],[1.0000],1,6,1.0000,[dt-1;dt-2;dt-3],[[e7db9488-f1b8-4bd5-b0bf-c058fe10b14f;5d5546ad-519a-4de1-9b6b-4701a23f3725;166dc52c-e072-452b-a987-c0e742522684;ee936b6b-3154-4994-9cb8-b0032438403b;ac2730a0-e0aa-4db5-9f9f-1a27f8e02486;a90ff7ae-1a0b-4421-be44-93238b8f250e]]
2026-04-03 19:17:55.913,40.100,CrossSignalDivergence_GT,atomic,[CrossSignalDivergence_GT],[1.0000],1,6,1.0000,[dt-1;dt-2;dt-3],[[e7db9488-f1b8-4bd5-b0bf-c058fe10b14f;5d5546ad-519a-4de1-9b6b-4701a23f3725;166dc52c-e072-452b-a987-c0e742522684;ee936b6b-3154-4994-9cb8-b0032438403b;ac2730a0-e0aa-4db5-9f9f-1a27f8e02486;a90ff7ae-1a0b-4421-be44-93238b8f250e]]
2026-04-03 19:17:55.994,40.181,CrossSignalRelativeStable_OBS,atomic,[CrossSignalRelativeStable_OBS],[1.0000],1,6,1.0000,[dt-1;dt-2;dt-3],[[9cfc921f-7eb7-4646-906d-0ce39289d3ce;ad10a28c-d4fa-4a4e-b3d2-c9347f0e5547;b0b28616-67c0-4215-86cf-85c7ca7f7696;c6514c74-83bb-44c0-8dc5-b4b5a33d675b;a314cd9f-9944-4c09-8411-1118c6f1844e;b4161bc3-4c62-4ae0-80c8-1cc3ecc0d6d0]]
2026-04-03 19:17:55.994,40.181,CrossSignalDivergence_OBS,atomic,[CrossSignalDivergence_OBS],[1.0000],1,6,1.0000,[dt-1;dt-2;dt-3],[[9cfc921f-7eb7-4646-906d-0ce39289d3ce;ad10a28c-d4fa-4a4e-b3d2-c9347f0e5547;b0b28616-67c0-4215-86cf-85c7ca7f7696;c6514c74-83bb-44c0-8dc5-b4b5a33d675b;a314cd9f-9944-4c09-8411-1118c6f1844e;b4161bc3-4c62-4ae0-80c8-1cc3ecc0d6d0]]
2026-04-03 19:17:56.013,40.200,CrossSignalRelativeStable_GT,atomic,[CrossSignalRelativeStable_GT],[1.0000],1,6,1.0000,[dt-1;dt-2;dt-3],[[ee936b6b-3154-4994-9cb8-b0032438403b;ac2730a0-e0aa-4db5-9f9f-1a27f8e02486;a90ff7ae-1a0b-4421-be44-93238b8f250e;17a82b21-8685-4609-9495-831f2b5d2c16;eb9ef91f-0bc4-4045-a48b-8068fab9ebf1;bec7fd43-6451-47f3-be10-191d6be017ad]]
2026-04-03 19:17:56.013,40.200,CrossSignalDivergence_GT,atomic,[CrossSignalDivergence_GT],[1.0000],1,6,1.0000,[dt-1;dt-2;dt-3],[[ee936b6b-3154-4994-9cb8-b0032438403b;ac2730a0-e0aa-4db5-9f9f-1a27f8e02486;a90ff7ae-1a0b-4421-be44-93238b8f250e;17a82b21-8685-4609-9495-831f2b5d2c16;eb9ef91f-0bc4-4045-a48b-8068fab9ebf1;bec7fd43-6451-47f3-be10-191d6be017ad]]
2026-04-03 19:17:56.103,40.290,CrossSignalRelativeStable_SYS,atomic,[CrossSignalRelativeStable_SYS],[0.9356],1,6,0.9356,[dt-1;dt-2;dt-3],[[c6514c74-83bb-44c0-8dc5-b4b5a33d675b;e1841a96-6b06-44b0-b9e0-5426471f9b2b;2c089907-005b-4ecd-92f2-e56e393206ab;df9941ac-7672-4f92-90d1-ffdcade5ffe0;a314cd9f-9944-4c09-8411-1118c6f1844e;b4161bc3-4c62-4ae0-80c8-1cc3ecc0d6d0]]
2026-04-03 19:17:56.103,40.290,CrossSignalTrendConsistency_SYS,atomic,[CrossSignalTrendConsistency_SYS],[0.9356],1,6,0.9356,[dt-1;dt-2;dt-3],[[c6514c74-83bb-44c0-8dc5-b4b5a33d675b;e1841a96-6b06-44b0-b9e0-5426471f9b2b;2c089907-005b-4ecd-92f2-e56e393206ab;df9941ac-7672-4f92-90d1-ffdcade5ffe0;a314cd9f-9944-4c09-8411-1118c6f1844e;b4161bc3-4c62-4ae0-80c8-1cc3ecc0d6d0]]
2026-04-03 19:17:56.103,40.290,CrossSignalDivergence_SYS,atomic,[CrossSignalDivergence_SYS],[0.9356],1,6,0.9356,[dt-1;dt-2;dt-3],[[c6514c74-83bb-44c0-8dc5-b4b5a33d675b;e1841a96-6b06-44b0-b9e0-5426471f9b2b;2c089907-005b-4ecd-92f2-e56e393206ab;df9941ac-7672-4f92-90d1-ffdcade5ffe0;a314cd9f-9944-4c09-8411-1118c6f1844e;b4161bc3-4c62-4ae0-80c8-1cc3ecc0d6d0]]
2026-04-03 19:17:56.115,40.302,CrossSignalRelativeStable_OBS,atomic,[CrossSignalRelativeStable_OBS],[1.0000],1,6,1.0000,[dt-1;dt-2;dt-3],[[c6514c74-83bb-44c0-8dc5-b4b5a33d675b;a314cd9f-9944-4c09-8411-1118c6f1844e;b4161bc3-4c62-4ae0-80c8-1cc3ecc0d6d0;df9941ac-7672-4f92-90d1-ffdcade5ffe0;6d87dad1-1f71-4477-838b-d0a81281a02b;dcdf7088-248e-4a36-94e0-22d481e4ea65]]
2026-04-03 19:17:56.115,40.302,CrossSignalTrendConsistency_OBS,atomic,[CrossSignalTrendConsistency_OBS],[1.0000],1,6,1.0000,[dt-1;dt-2;dt-3],[[c6514c74-83bb-44c0-8dc5-b4b5a33d675b;a314cd9f-9944-4c09-8411-1118c6f1844e;b4161bc3-4c62-4ae0-80c8-1cc3ecc0d6d0;df9941ac-7672-4f92-90d1-ffdcade5ffe0;6d87dad1-1f71-4477-838b-d0a81281a02b;dcdf7088-248e-4a36-94e0-22d481e4ea65]]
2026-04-03 19:17:56.115,40.302,CrossSignalDivergence_OBS,atomic,[CrossSignalDivergence_OBS],[1.0000],1,6,1.0000,[dt-1;dt-2;dt-3],[[c6514c74-83bb-44c0-8dc5-b4b5a33d675b;a314cd9f-9944-4c09-8411-1118c6f1844e;b4161bc3-4c62-4ae0-80c8-1cc3ecc0d6d0;df9941ac-7672-4f92-90d1-ffdcade5ffe0;6d87dad1-1f71-4477-838b-d0a81281a02b;dcdf7088-248e-4a36-94e0-22d481e4ea65]]
2026-04-03 19:17:56.121,40.308,CrossSignalRelativeStable_GT,atomic,[CrossSignalRelativeStable_GT],[1.0000],1,6,1.0000,[dt-1;dt-2;dt-3],[[17a82b21-8685-4609-9495-831f2b5d2c16;eb9ef91f-0bc4-4045-a48b-8068fab9ebf1;bec7fd43-6451-47f3-be10-191d6be017ad;f6c45843-3ac1-47ae-a628-698fa34645d6;e3059c7c-ebe7-4c50-ba0c-1d39e23f5d86;2ca6dbb6-a976-4d93-b7d6-2a4c3eccb96f]]
2026-04-03 19:17:56.121,40.308,CrossSignalDivergence_GT,atomic,[CrossSignalDivergence_GT],[1.0000],1,6,1.0000,[dt-1;dt-2;dt-3],[[17a82b21-8685-4609-9495-831f2b5d2c16;eb9ef91f-0bc4-4045-a48b-8068fab9ebf1;bec7fd43-6451-47f3-be10-191d6be017ad;f6c45843-3ac1-47ae-a628-698fa34645d6;e3059c7c-ebe7-4c50-ba0c-1d39e23f5d86;2ca6dbb6-a976-4d93-b7d6-2a4c3eccb96f]]
2026-04-03 19:17:56.218,40.405,CrossSignalRelativeStable_SYS,atomic,[CrossSignalRelativeStable_SYS],[1.0000],1,6,1.0000,[dt-1;dt-2;dt-3],[[df9941ac-7672-4f92-90d1-ffdcade5ffe0;a314cd9f-9944-4c09-8411-1118c6f1844e;b4161bc3-4c62-4ae0-80c8-1cc3ecc0d6d0;93d6a481-d182-4a47-9c50-81a9c8d2b529;6d87dad1-1f71-4477-838b-d0a81281a02b;dcdf7088-248e-4a36-94e0-22d481e4ea65]]
2026-04-03 19:17:56.218,40.405,CrossSignalDivergence_SYS,atomic,[CrossSignalDivergence_SYS],[1.0000],1,6,1.0000,[dt-1;dt-2;dt-3],[[df9941ac-7672-4f92-90d1-ffdcade5ffe0;a314cd9f-9944-4c09-8411-1118c6f1844e;b4161bc3-4c62-4ae0-80c8-1cc3ecc0d6d0;93d6a481-d182-4a47-9c50-81a9c8d2b529;6d87dad1-1f71-4477-838b-d0a81281a02b;dcdf7088-248e-4a36-94e0-22d481e4ea65]]
2026-04-03 19:17:56.230,40.417,CrossSignalRelativeStable_GT,atomic,[CrossSignalRelativeStable_GT],[1.0000],1,6,1.0000,[dt-1;dt-2;dt-3],[[f6c45843-3ac1-47ae-a628-698fa34645d6;e3059c7c-ebe7-4c50-ba0c-1d39e23f5d86;2ca6dbb6-a976-4d93-b7d6-2a4c3eccb96f;fa8271e6-63e6-49d2-8917-f3037511937d;f39ed479-cfe1-416e-9a5e-5e41b0ea8711;1207c6e9-3753-4239-855f-d4cb2a9293f4]]
2026-04-03 19:17:56.230,40.417,CrossSignalDivergence_GT,atomic,[CrossSignalDivergence_GT],[1.0000],1,6,1.0000,[dt-1;dt-2;dt-3],[[f6c45843-3ac1-47ae-a628-698fa34645d6;e3059c7c-ebe7-4c50-ba0c-1d39e23f5d86;2ca6dbb6-a976-4d93-b7d6-2a4c3eccb96f;fa8271e6-63e6-49d2-8917-f3037511937d;f39ed479-cfe1-416e-9a5e-5e41b0ea8711;1207c6e9-3753-4239-855f-d4cb2a9293f4]]
2026-04-03 19:17:56.325,40.512,CrossSignalRelativeStable_SYS,atomic,[CrossSignalRelativeStable_SYS],[0.9804],1,6,0.9804,[dt-1;dt-2;dt-3],[[93d6a481-d182-4a47-9c50-81a9c8d2b529;6d87dad1-1f71-4477-838b-d0a81281a02b;dcdf7088-248e-4a36-94e0-22d481e4ea65;f3b98d90-16b6-42b5-ad2b-cdbcb17835be;e688bdf0-f44c-43a4-b4d2-f32fe7149348;4c015541-a4c9-43bc-83d6-6c2e9a23603b]]
2026-04-03 19:17:56.325,40.512,CrossSignalDivergence_SYS,atomic,[CrossSignalDivergence_SYS],[0.9804],1,6,0.9804,[dt-1;dt-2;dt-3],[[93d6a481-d182-4a47-9c50-81a9c8d2b529;6d87dad1-1f71-4477-838b-d0a81281a02b;dcdf7088-248e-4a36-94e0-22d481e4ea65;f3b98d90-16b6-42b5-ad2b-cdbcb17835be;e688bdf0-f44c-43a4-b4d2-f32fe7149348;4c015541-a4c9-43bc-83d6-6c2e9a23603b]]
2026-04-03 19:17:56.330,40.517,CrossSignalRelativeStable_OBS,atomic,[CrossSignalRelativeStable_OBS],[1.0000],1,6,1.0000,[dt-1;dt-2;dt-3],[[df9941ac-7672-4f92-90d1-ffdcade5ffe0;6d87dad1-1f71-4477-838b-d0a81281a02b;dcdf7088-248e-4a36-94e0-22d481e4ea65;93d6a481-d182-4a47-9c50-81a9c8d2b529;e688bdf0-f44c-43a4-b4d2-f32fe7149348;c4821d97-ce26-4893-af3f-28c6a42bfae5]]
2026-04-03 19:17:56.330,40.517,CrossSignalDivergence_OBS,atomic,[CrossSignalDivergence_OBS],[1.0000],1,6,1.0000,[dt-1;dt-2;dt-3],[[df9941ac-7672-4f92-90d1-ffdcade5ffe0;6d87dad1-1f71-4477-838b-d0a81281a02b;dcdf7088-248e-4a36-94e0-22d481e4ea65;93d6a481-d182-4a47-9c50-81a9c8d2b529;e688bdf0-f44c-43a4-b4d2-f32fe7149348;c4821d97-ce26-4893-af3f-28c6a42bfae5]]
2026-04-03 19:17:56.337,40.524,CrossSignalRelativeStable_GT,atomic,[CrossSignalRelativeStable_GT],[1.0000],1,6,1.0000,[dt-1;dt-2;dt-3],[[fa8271e6-63e6-49d2-8917-f3037511937d;f39ed479-cfe1-416e-9a5e-5e41b0ea8711;1207c6e9-3753-4239-855f-d4cb2a9293f4;bc032514-ac19-4e45-b9ca-4d635be3b196;0a642216-23f7-4e4d-b6e0-3ebf79817993;ecef5c31-14d2-48a6-878b-ef6a4e730972]]
2026-04-03 19:17:56.337,40.524,CrossSignalDivergence_GT,atomic,[CrossSignalDivergence_GT],[1.0000],1,6,1.0000,[dt-1;dt-2;dt-3],[[fa8271e6-63e6-49d2-8917-f3037511937d;f39ed479-cfe1-416e-9a5e-5e41b0ea8711;1207c6e9-3753-4239-855f-d4cb2a9293f4;bc032514-ac19-4e45-b9ca-4d635be3b196;0a642216-23f7-4e4d-b6e0-3ebf79817993;ecef5c31-14d2-48a6-878b-ef6a4e730972]]
2026-04-03 19:17:56.454,40.641,CrossSignalRelativeStable_GT,atomic,[CrossSignalRelativeStable_GT],[1.0000],1,6,1.0000,[dt-1;dt-2;dt-3],[[bc032514-ac19-4e45-b9ca-4d635be3b196;0a642216-23f7-4e4d-b6e0-3ebf79817993;ecef5c31-14d2-48a6-878b-ef6a4e730972;10e1d2be-b879-4799-8624-f5e7dc5de2b5;25c63299-33b1-49b7-817d-df4d8c80259c;1de146f7-cdf6-42fe-b7d5-5afabe05beff]]
2026-04-03 19:17:56.455,40.642,CrossSignalDivergence_GT,atomic,[CrossSignalDivergence_GT],[1.0000],1,6,1.0000,[dt-1;dt-2;dt-3],[[bc032514-ac19-4e45-b9ca-4d635be3b196;0a642216-23f7-4e4d-b6e0-3ebf79817993;ecef5c31-14d2-48a6-878b-ef6a4e730972;10e1d2be-b879-4799-8624-f5e7dc5de2b5;25c63299-33b1-49b7-817d-df4d8c80259c;1de146f7-cdf6-42fe-b7d5-5afabe05beff]]
2026-04-03 19:17:56.546,40.733,CrossSignalRelativeStable_SYS,atomic,[CrossSignalRelativeStable_SYS],[0.9551],1,6,0.9551,[dt-1;dt-2;dt-3],[[f3b98d90-16b6-42b5-ad2b-cdbcb17835be;e688bdf0-f44c-43a4-b4d2-f32fe7149348;4c015541-a4c9-43bc-83d6-6c2e9a23603b;3ff3510d-9989-4bf5-bc54-4051d31179ad;ed163058-b7db-4730-ab8b-ede5d857373c;c4821d97-ce26-4893-af3f-28c6a42bfae5]]
2026-04-03 19:17:56.547,40.734,CrossSignalDivergence_SYS,atomic,[CrossSignalDivergence_SYS],[0.9551],1,6,0.9551,[dt-1;dt-2;dt-3],[[f3b98d90-16b6-42b5-ad2b-cdbcb17835be;e688bdf0-f44c-43a4-b4d2-f32fe7149348;4c015541-a4c9-43bc-83d6-6c2e9a23603b;3ff3510d-9989-4bf5-bc54-4051d31179ad;ed163058-b7db-4730-ab8b-ede5d857373c;c4821d97-ce26-4893-af3f-28c6a42bfae5]]
2026-04-03 19:17:56.558,40.745,CrossSignalRelativeStable_GT,atomic,[CrossSignalRelativeStable_GT],[1.0000],1,6,1.0000,[dt-1;dt-2;dt-3],[[10e1d2be-b879-4799-8624-f5e7dc5de2b5;25c63299-33b1-49b7-817d-df4d8c80259c;1de146f7-cdf6-42fe-b7d5-5afabe05beff;c1d4f38a-4db4-4402-8e5e-52bade7faa27;f8f6a404-9537-4787-a507-609b294490cc;5328d9e5-4cbc-494c-81d1-cca4b39ddc9e]]
2026-04-03 19:17:56.559,40.746,CrossSignalDivergence_GT,atomic,[CrossSignalDivergence_GT],[1.0000],1,6,1.0000,[dt-1;dt-2;dt-3],[[10e1d2be-b879-4799-8624-f5e7dc5de2b5;25c63299-33b1-49b7-817d-df4d8c80259c;1de146f7-cdf6-42fe-b7d5-5afabe05beff;c1d4f38a-4db4-4402-8e5e-52bade7faa27;f8f6a404-9537-4787-a507-609b294490cc;5328d9e5-4cbc-494c-81d1-cca4b39ddc9e]]
2026-04-03 19:17:56.658,40.845,CrossSignalRelativeStable_SYS,atomic,[CrossSignalRelativeStable_SYS],[0.9365],1,6,0.9365,[dt-1;dt-2;dt-3],[[3ff3510d-9989-4bf5-bc54-4051d31179ad;ed163058-b7db-4730-ab8b-ede5d857373c;c4821d97-ce26-4893-af3f-28c6a42bfae5;76f84199-828d-41a3-927e-413d569c9285;5c7f5195-5054-406b-8c5b-e4b5e224e148;4f3d1b94-d1ee-476d-bbbb-4073365f46bb]]
2026-04-03 19:17:56.658,40.845,CrossSignalRelativeStable_OBS,atomic,[CrossSignalRelativeStable_OBS],[1.0000],1,6,1.0000,[dt-1;dt-2;dt-3],[[93d6a481-d182-4a47-9c50-81a9c8d2b529;e688bdf0-f44c-43a4-b4d2-f32fe7149348;c4821d97-ce26-4893-af3f-28c6a42bfae5;76f84199-828d-41a3-927e-413d569c9285;3a831faf-637b-4a52-a7fa-600d03d5fc98;170e3e0e-42b4-4e43-b4f1-9f77f9234138]]
2026-04-03 19:17:56.658,40.845,CrossSignalTrendConsistency_SYS,atomic,[CrossSignalTrendConsistency_SYS],[0.9365],1,6,0.9365,[dt-1;dt-2;dt-3],[[3ff3510d-9989-4bf5-bc54-4051d31179ad;ed163058-b7db-4730-ab8b-ede5d857373c;c4821d97-ce26-4893-af3f-28c6a42bfae5;76f84199-828d-41a3-927e-413d569c9285;5c7f5195-5054-406b-8c5b-e4b5e224e148;4f3d1b94-d1ee-476d-bbbb-4073365f46bb]]
2026-04-03 19:17:56.658,40.845,CrossSignalTrendConsistency_OBS,atomic,[CrossSignalTrendConsistency_OBS],[1.0000],1,6,1.0000,[dt-1;dt-2;dt-3],[[93d6a481-d182-4a47-9c50-81a9c8d2b529;e688bdf0-f44c-43a4-b4d2-f32fe7149348;c4821d97-ce26-4893-af3f-28c6a42bfae5;76f84199-828d-41a3-927e-413d569c9285;3a831faf-637b-4a52-a7fa-600d03d5fc98;170e3e0e-42b4-4e43-b4f1-9f77f9234138]]
2026-04-03 19:17:56.658,40.845,CrossSignalDivergence_SYS,atomic,[CrossSignalDivergence_SYS],[0.9365],1,6,0.9365,[dt-1;dt-2;dt-3],[[3ff3510d-9989-4bf5-bc54-4051d31179ad;ed163058-b7db-4730-ab8b-ede5d857373c;c4821d97-ce26-4893-af3f-28c6a42bfae5;76f84199-828d-41a3-927e-413d569c9285;5c7f5195-5054-406b-8c5b-e4b5e224e148;4f3d1b94-d1ee-476d-bbbb-4073365f46bb]]
2026-04-03 19:17:56.658,40.845,CrossSignalDivergence_OBS,atomic,[CrossSignalDivergence_OBS],[1.0000],1,6,1.0000,[dt-1;dt-2;dt-3],[[93d6a481-d182-4a47-9c50-81a9c8d2b529;e688bdf0-f44c-43a4-b4d2-f32fe7149348;c4821d97-ce26-4893-af3f-28c6a42bfae5;76f84199-828d-41a3-927e-413d569c9285;3a831faf-637b-4a52-a7fa-600d03d5fc98;170e3e0e-42b4-4e43-b4f1-9f77f9234138]]
2026-04-03 19:17:56.671,40.858,CrossSignalRelativeStable_GT,atomic,[CrossSignalRelativeStable_GT],[1.0000],1,6,1.0000,[dt-1;dt-2;dt-3],[[c1d4f38a-4db4-4402-8e5e-52bade7faa27;f8f6a404-9537-4787-a507-609b294490cc;5328d9e5-4cbc-494c-81d1-cca4b39ddc9e;7030b8c9-9236-4c3c-ae93-9dbe6017b3af;256cf061-9030-4968-ba2a-9a922bdb86fa;ee92de3b-1061-4ec5-ba86-0905217cd861]]
2026-04-03 19:17:56.671,40.858,CrossSignalDivergence_GT,atomic,[CrossSignalDivergence_GT],[1.0000],1,6,1.0000,[dt-1;dt-2;dt-3],[[c1d4f38a-4db4-4402-8e5e-52bade7faa27;f8f6a404-9537-4787-a507-609b294490cc;5328d9e5-4cbc-494c-81d1-cca4b39ddc9e;7030b8c9-9236-4c3c-ae93-9dbe6017b3af;256cf061-9030-4968-ba2a-9a922bdb86fa;ee92de3b-1061-4ec5-ba86-0905217cd861]]
2026-04-03 19:17:56.803,40.990,CrossSignalRelativeStable_GT,atomic,[CrossSignalRelativeStable_GT],[1.0000],1,6,1.0000,[dt-1;dt-2;dt-3],[[7030b8c9-9236-4c3c-ae93-9dbe6017b3af;256cf061-9030-4968-ba2a-9a922bdb86fa;ee92de3b-1061-4ec5-ba86-0905217cd861;38c75dbd-bc48-429c-948f-c959cbe47174;1440c1fb-5a8f-4e8d-84d3-c5bc49089e9d;1546656d-9bc5-496e-aad0-71529f1d219e]]
2026-04-03 19:17:56.804,40.991,CrossSignalDivergence_GT,atomic,[CrossSignalDivergence_GT],[1.0000],1,6,1.0000,[dt-1;dt-2;dt-3],[[7030b8c9-9236-4c3c-ae93-9dbe6017b3af;256cf061-9030-4968-ba2a-9a922bdb86fa;ee92de3b-1061-4ec5-ba86-0905217cd861;38c75dbd-bc48-429c-948f-c959cbe47174;1440c1fb-5a8f-4e8d-84d3-c5bc49089e9d;1546656d-9bc5-496e-aad0-71529f1d219e]]
2026-04-03 19:17:56.911,41.098,CrossSignalRelativeStable_GT,atomic,[CrossSignalRelativeStable_GT],[1.0000],1,6,1.0000,[dt-1;dt-2;dt-3],[[38c75dbd-bc48-429c-948f-c959cbe47174;1440c1fb-5a8f-4e8d-84d3-c5bc49089e9d;1546656d-9bc5-496e-aad0-71529f1d219e;a25af1da-41ea-46e4-8b60-b176c34fa57d;bf6c1227-f5b0-4343-b418-bbd6305de85b;2c0bdfff-e31b-49c2-90d4-be1cb6ad22b3]]
2026-04-03 19:17:56.911,41.098,CrossSignalDivergence_GT,atomic,[CrossSignalDivergence_GT],[1.0000],1,6,1.0000,[dt-1;dt-2;dt-3],[[38c75dbd-bc48-429c-948f-c959cbe47174;1440c1fb-5a8f-4e8d-84d3-c5bc49089e9d;1546656d-9bc5-496e-aad0-71529f1d219e;a25af1da-41ea-46e4-8b60-b176c34fa57d;bf6c1227-f5b0-4343-b418-bbd6305de85b;2c0bdfff-e31b-49c2-90d4-be1cb6ad22b3]]
2026-04-03 19:17:57.014,41.201,CrossSignalRelativeStable_GT,atomic,[CrossSignalRelativeStable_GT],[1.0000],1,6,1.0000,[dt-1;dt-2;dt-3],[[a25af1da-41ea-46e4-8b60-b176c34fa57d;bf6c1227-f5b0-4343-b418-bbd6305de85b;2c0bdfff-e31b-49c2-90d4-be1cb6ad22b3;346aa454-9dbf-464b-a643-43e47c367ea1;442ea5c4-b405-423c-b7d4-ced6c86732ed;0bc70741-3020-4f81-99a4-6d00a1502397]]
2026-04-03 19:17:57.015,41.202,CrossSignalDivergence_GT,atomic,[CrossSignalDivergence_GT],[1.0000],1,6,1.0000,[dt-1;dt-2;dt-3],[[a25af1da-41ea-46e4-8b60-b176c34fa57d;bf6c1227-f5b0-4343-b418-bbd6305de85b;2c0bdfff-e31b-49c2-90d4-be1cb6ad22b3;346aa454-9dbf-464b-a643-43e47c367ea1;442ea5c4-b405-423c-b7d4-ced6c86732ed;0bc70741-3020-4f81-99a4-6d00a1502397]]
2026-04-03 19:17:57.122,41.309,CrossSignalRelativeStable_GT,atomic,[CrossSignalRelativeStable_GT],[1.0000],1,6,1.0000,[dt-1;dt-2;dt-3],[[346aa454-9dbf-464b-a643-43e47c367ea1;442ea5c4-b405-423c-b7d4-ced6c86732ed;0bc70741-3020-4f81-99a4-6d00a1502397;a268d6ab-b41d-4bd0-b50c-9f4da67a3fd9;baf0cf4e-317a-4bb8-9819-dac0e8cf8276;4a9a59ec-7e99-4c7c-9011-bc9aea063aa5]]
2026-04-03 19:17:57.122,41.309,CrossSignalDivergence_GT,atomic,[CrossSignalDivergence_GT],[1.0000],1,6,1.0000,[dt-1;dt-2;dt-3],[[346aa454-9dbf-464b-a643-43e47c367ea1;442ea5c4-b405-423c-b7d4-ced6c86732ed;0bc70741-3020-4f81-99a4-6d00a1502397;a268d6ab-b41d-4bd0-b50c-9f4da67a3fd9;baf0cf4e-317a-4bb8-9819-dac0e8cf8276;4a9a59ec-7e99-4c7c-9011-bc9aea063aa5]]
2026-04-03 19:17:57.229,41.416,CrossSignalRelativeStable_GT,atomic,[CrossSignalRelativeStable_GT],[1.0000],1,6,1.0000,[dt-1;dt-2;dt-3],[[a268d6ab-b41d-4bd0-b50c-9f4da67a3fd9;baf0cf4e-317a-4bb8-9819-dac0e8cf8276;4a9a59ec-7e99-4c7c-9011-bc9aea063aa5;361bc266-2906-40b5-a557-ed3947f9b49e;e2ad0b91-e607-4e72-82c9-4e653454a279;64dc0fda-3305-4303-888c-ece3187a1209]]
2026-04-03 19:17:57.229,41.416,CrossSignalDivergence_GT,atomic,[CrossSignalDivergence_GT],[1.0000],1,6,1.0000,[dt-1;dt-2;dt-3],[[a268d6ab-b41d-4bd0-b50c-9f4da67a3fd9;baf0cf4e-317a-4bb8-9819-dac0e8cf8276;4a9a59ec-7e99-4c7c-9011-bc9aea063aa5;361bc266-2906-40b5-a557-ed3947f9b49e;e2ad0b91-e607-4e72-82c9-4e653454a279;64dc0fda-3305-4303-888c-ece3187a1209]]
2026-04-03 19:17:57.347,41.534,CrossSignalRelativeStable_GT,atomic,[CrossSignalRelativeStable_GT],[1.0000],1,6,1.0000,[dt-1;dt-2;dt-3],[[361bc266-2906-40b5-a557-ed3947f9b49e;e2ad0b91-e607-4e72-82c9-4e653454a279;64dc0fda-3305-4303-888c-ece3187a1209;f86593f5-abc1-4027-bd49-cf93e5161a84;48fc87a2-c53a-4421-8c5c-74f93b2450b8;4f03289c-1f78-4f01-a286-eb57084fabfd]]
2026-04-03 19:17:57.347,41.534,CrossSignalDivergence_GT,atomic,[CrossSignalDivergence_GT],[1.0000],1,6,1.0000,[dt-1;dt-2;dt-3],[[361bc266-2906-40b5-a557-ed3947f9b49e;e2ad0b91-e607-4e72-82c9-4e653454a279;64dc0fda-3305-4303-888c-ece3187a1209;f86593f5-abc1-4027-bd49-cf93e5161a84;48fc87a2-c53a-4421-8c5c-74f93b2450b8;4f03289c-1f78-4f01-a286-eb57084fabfd]]
2026-04-03 19:17:57.449,41.636,CrossSignalRelativeStable_GT,atomic,[CrossSignalRelativeStable_GT],[1.0000],1,6,1.0000,[dt-1;dt-2;dt-3],[[f86593f5-abc1-4027-bd49-cf93e5161a84;48fc87a2-c53a-4421-8c5c-74f93b2450b8;4f03289c-1f78-4f01-a286-eb57084fabfd;45af6dc5-da8a-4e68-8a11-857509a2e28b;4be112bf-184e-489a-b2d8-354c9af0c83e;837132ba-73a4-4a34-82b9-ab9c6ae3d2ff]]
2026-04-03 19:17:57.449,41.636,CrossSignalDivergence_GT,atomic,[CrossSignalDivergence_GT],[1.0000],1,6,1.0000,[dt-1;dt-2;dt-3],[[f86593f5-abc1-4027-bd49-cf93e5161a84;48fc87a2-c53a-4421-8c5c-74f93b2450b8;4f03289c-1f78-4f01-a286-eb57084fabfd;45af6dc5-da8a-4e68-8a11-857509a2e28b;4be112bf-184e-489a-b2d8-354c9af0c83e;837132ba-73a4-4a34-82b9-ab9c6ae3d2ff]]
2026-04-03 19:17:57.570,41.757,CrossSignalRelativeStable_GT,atomic,[CrossSignalRelativeStable_GT],[1.0000],1,6,1.0000,[dt-1;dt-2;dt-3],[[45af6dc5-da8a-4e68-8a11-857509a2e28b;4be112bf-184e-489a-b2d8-354c9af0c83e;837132ba-73a4-4a34-82b9-ab9c6ae3d2ff;8bdfe82e-6092-4375-b695-fe7277c26737;90f207cf-2b29-4229-a784-413fcf5ea5a9;8379ffe3-ebac-4ed9-82b0-78cc6d0738a9]]
2026-04-03 19:17:57.570,41.757,CrossSignalDivergence_GT,atomic,[CrossSignalDivergence_GT],[1.0000],1,6,1.0000,[dt-1;dt-2;dt-3],[[45af6dc5-da8a-4e68-8a11-857509a2e28b;4be112bf-184e-489a-b2d8-354c9af0c83e;837132ba-73a4-4a34-82b9-ab9c6ae3d2ff;8bdfe82e-6092-4375-b695-fe7277c26737;90f207cf-2b29-4229-a784-413fcf5ea5a9;8379ffe3-ebac-4ed9-82b0-78cc6d0738a9]]
2026-04-03 19:17:57.677,41.864,CrossSignalRelativeStable_GT,atomic,[CrossSignalRelativeStable_GT],[1.0000],1,6,1.0000,[dt-1;dt-2;dt-3],[[8bdfe82e-6092-4375-b695-fe7277c26737;90f207cf-2b29-4229-a784-413fcf5ea5a9;8379ffe3-ebac-4ed9-82b0-78cc6d0738a9;3b1ac176-7e2c-4fa1-9b5d-d3ee93bad0d9;be93888b-cf7f-425b-bafe-876a2faf95e8;08d6e9f5-e631-4e0f-9de3-445ac270d6f1]]
2026-04-03 19:17:57.677,41.864,CrossSignalDivergence_GT,atomic,[CrossSignalDivergence_GT],[1.0000],1,6,1.0000,[dt-1;dt-2;dt-3],[[8bdfe82e-6092-4375-b695-fe7277c26737;90f207cf-2b29-4229-a784-413fcf5ea5a9;8379ffe3-ebac-4ed9-82b0-78cc6d0738a9;3b1ac176-7e2c-4fa1-9b5d-d3ee93bad0d9;be93888b-cf7f-425b-bafe-876a2faf95e8;08d6e9f5-e631-4e0f-9de3-445ac270d6f1]]
2026-04-03 19:17:57.799,41.986,CrossSignalRelativeStable_GT,atomic,[CrossSignalRelativeStable_GT],[1.0000],1,6,1.0000,[dt-1;dt-2;dt-3],[[3b1ac176-7e2c-4fa1-9b5d-d3ee93bad0d9;be93888b-cf7f-425b-bafe-876a2faf95e8;08d6e9f5-e631-4e0f-9de3-445ac270d6f1;c3bdefb5-3672-4214-af27-b23bed34f3a4;1af1928e-ad5a-44a8-823a-d1e82a916c4a;1670588e-bd15-4d28-a7cc-8f28a93e7b4a]]
2026-04-03 19:17:57.799,41.986,CrossSignalDivergence_GT,atomic,[CrossSignalDivergence_GT],[1.0000],1,6,1.0000,[dt-1;dt-2;dt-3],[[3b1ac176-7e2c-4fa1-9b5d-d3ee93bad0d9;be93888b-cf7f-425b-bafe-876a2faf95e8;08d6e9f5-e631-4e0f-9de3-445ac270d6f1;c3bdefb5-3672-4214-af27-b23bed34f3a4;1af1928e-ad5a-44a8-823a-d1e82a916c4a;1670588e-bd15-4d28-a7cc-8f28a93e7b4a]]
2026-04-03 19:17:57.919,42.106,CrossSignalRelativeStable_GT,atomic,[CrossSignalRelativeStable_GT],[1.0000],1,6,1.0000,[dt-1;dt-2;dt-3],[[c3bdefb5-3672-4214-af27-b23bed34f3a4;1af1928e-ad5a-44a8-823a-d1e82a916c4a;1670588e-bd15-4d28-a7cc-8f28a93e7b4a;c6a279fc-e705-4e08-a66a-e5291c0529a2;37b14ee6-9c6b-447b-b2c6-7161da8bb403;de194a16-85ac-4331-9056-022e60782739]]
2026-04-03 19:17:57.919,42.106,CrossSignalDivergence_GT,atomic,[CrossSignalDivergence_GT],[1.0000],1,6,1.0000,[dt-1;dt-2;dt-3],[[c3bdefb5-3672-4214-af27-b23bed34f3a4;1af1928e-ad5a-44a8-823a-d1e82a916c4a;1670588e-bd15-4d28-a7cc-8f28a93e7b4a;c6a279fc-e705-4e08-a66a-e5291c0529a2;37b14ee6-9c6b-447b-b2c6-7161da8bb403;de194a16-85ac-4331-9056-022e60782739]]
2026-04-03 19:17:58.025,42.212,CrossSignalRelativeStable_GT,atomic,[CrossSignalRelativeStable_GT],[1.0000],1,6,1.0000,[dt-1;dt-2;dt-3],[[c6a279fc-e705-4e08-a66a-e5291c0529a2;37b14ee6-9c6b-447b-b2c6-7161da8bb403;de194a16-85ac-4331-9056-022e60782739;bd741945-8902-4f50-9c79-e6a5c72f7629;383f516e-0eb1-4f6f-84dc-3ae3495ff544;dedaece4-78fa-406f-9bfa-9328c38dd2ba]]
2026-04-03 19:17:58.025,42.212,CrossSignalDivergence_GT,atomic,[CrossSignalDivergence_GT],[1.0000],1,6,1.0000,[dt-1;dt-2;dt-3],[[c6a279fc-e705-4e08-a66a-e5291c0529a2;37b14ee6-9c6b-447b-b2c6-7161da8bb403;de194a16-85ac-4331-9056-022e60782739;bd741945-8902-4f50-9c79-e6a5c72f7629;383f516e-0eb1-4f6f-84dc-3ae3495ff544;dedaece4-78fa-406f-9bfa-9328c38dd2ba]]
2026-04-03 19:17:58.130,42.317,CrossSignalRelativeStable_GT,atomic,[CrossSignalRelativeStable_GT],[1.0000],1,6,1.0000,[dt-1;dt-2;dt-3],[[bd741945-8902-4f50-9c79-e6a5c72f7629;383f516e-0eb1-4f6f-84dc-3ae3495ff544;dedaece4-78fa-406f-9bfa-9328c38dd2ba;54541c25-d057-4697-807a-6a3e7a95acbb;0089776e-fee3-475b-b600-c96d427d901a;4e8e8766-9264-4f0b-9a04-3ca06aa868f7]]
2026-04-03 19:17:58.131,42.318,CrossSignalDivergence_GT,atomic,[CrossSignalDivergence_GT],[1.0000],1,6,1.0000,[dt-1;dt-2;dt-3],[[bd741945-8902-4f50-9c79-e6a5c72f7629;383f516e-0eb1-4f6f-84dc-3ae3495ff544;dedaece4-78fa-406f-9bfa-9328c38dd2ba;54541c25-d057-4697-807a-6a3e7a95acbb;0089776e-fee3-475b-b600-c96d427d901a;4e8e8766-9264-4f0b-9a04-3ca06aa868f7]]
2026-04-03 19:17:58.251,42.438,CrossSignalRelativeStable_GT,atomic,[CrossSignalRelativeStable_GT],[1.0000],1,6,1.0000,[dt-1;dt-2;dt-3],[[54541c25-d057-4697-807a-6a3e7a95acbb;0089776e-fee3-475b-b600-c96d427d901a;4e8e8766-9264-4f0b-9a04-3ca06aa868f7;339269d2-da26-4ec3-8ac9-0fe564470ca2;dff9d089-0370-4d66-8a84-de2e5af0617e;0f451123-bf6d-4002-8996-95a7856f5369]]
2026-04-03 19:17:58.251,42.438,CrossSignalTrendConsistency_GT,atomic,[CrossSignalTrendConsistency_GT],[1.0000],1,6,1.0000,[dt-1;dt-2;dt-3],[[54541c25-d057-4697-807a-6a3e7a95acbb;0089776e-fee3-475b-b600-c96d427d901a;4e8e8766-9264-4f0b-9a04-3ca06aa868f7;339269d2-da26-4ec3-8ac9-0fe564470ca2;dff9d089-0370-4d66-8a84-de2e5af0617e;0f451123-bf6d-4002-8996-95a7856f5369]]
2026-04-03 19:17:58.251,42.438,CrossSignalDivergence_GT,atomic,[CrossSignalDivergence_GT],[1.0000],1,6,1.0000,[dt-1;dt-2;dt-3],[[54541c25-d057-4697-807a-6a3e7a95acbb;0089776e-fee3-475b-b600-c96d427d901a;4e8e8766-9264-4f0b-9a04-3ca06aa868f7;339269d2-da26-4ec3-8ac9-0fe564470ca2;dff9d089-0370-4d66-8a84-de2e5af0617e;0f451123-bf6d-4002-8996-95a7856f5369]]
2026-04-03 19:17:58.356,42.543,CrossSignalRelativeStable_GT,atomic,[CrossSignalRelativeStable_GT],[1.0000],1,6,1.0000,[dt-1;dt-2;dt-3],[[339269d2-da26-4ec3-8ac9-0fe564470ca2;dff9d089-0370-4d66-8a84-de2e5af0617e;0f451123-bf6d-4002-8996-95a7856f5369;9efb0c47-446d-47bb-8df7-6c80563d4456;deb35408-0157-4e18-8e5e-5fa5ce19cb52;15623947-9ec9-4ca7-b18b-caa4b3fdb3e9]]
2026-04-03 19:17:58.356,42.543,CrossSignalDivergence_GT,atomic,[CrossSignalDivergence_GT],[1.0000],1,6,1.0000,[dt-1;dt-2;dt-3],[[339269d2-da26-4ec3-8ac9-0fe564470ca2;dff9d089-0370-4d66-8a84-de2e5af0617e;0f451123-bf6d-4002-8996-95a7856f5369;9efb0c47-446d-47bb-8df7-6c80563d4456;deb35408-0157-4e18-8e5e-5fa5ce19cb52;15623947-9ec9-4ca7-b18b-caa4b3fdb3e9]]
2026-04-03 19:17:58.464,42.651,CrossSignalRelativeStable_GT,atomic,[CrossSignalRelativeStable_GT],[1.0000],1,6,1.0000,[dt-1;dt-2;dt-3],[[9efb0c47-446d-47bb-8df7-6c80563d4456;deb35408-0157-4e18-8e5e-5fa5ce19cb52;15623947-9ec9-4ca7-b18b-caa4b3fdb3e9;b65f58fe-f9d8-48e8-afc3-484b0ef8948e;e0cce83f-32b0-4098-ac5e-4f2faa420898;d43d6f8d-d259-456d-acd5-052d6276b16e]]
2026-04-03 19:17:58.464,42.651,CrossSignalTrendConsistency_GT,atomic,[CrossSignalTrendConsistency_GT],[1.0000],1,6,1.0000,[dt-1;dt-2;dt-3],[[9efb0c47-446d-47bb-8df7-6c80563d4456;deb35408-0157-4e18-8e5e-5fa5ce19cb52;15623947-9ec9-4ca7-b18b-caa4b3fdb3e9;b65f58fe-f9d8-48e8-afc3-484b0ef8948e;e0cce83f-32b0-4098-ac5e-4f2faa420898;d43d6f8d-d259-456d-acd5-052d6276b16e]]
2026-04-03 19:17:58.464,42.651,CrossSignalDivergence_GT,atomic,[CrossSignalDivergence_GT],[1.0000],1,6,1.0000,[dt-1;dt-2;dt-3],[[9efb0c47-446d-47bb-8df7-6c80563d4456;deb35408-0157-4e18-8e5e-5fa5ce19cb52;15623947-9ec9-4ca7-b18b-caa4b3fdb3e9;b65f58fe-f9d8-48e8-afc3-484b0ef8948e;e0cce83f-32b0-4098-ac5e-4f2faa420898;d43d6f8d-d259-456d-acd5-052d6276b16e]]
2026-04-03 19:17:58.584,42.771,CrossSignalRelativeStable_GT,atomic,[CrossSignalRelativeStable_GT],[1.0000],1,6,1.0000,[dt-1;dt-2;dt-3],[[b65f58fe-f9d8-48e8-afc3-484b0ef8948e;e0cce83f-32b0-4098-ac5e-4f2faa420898;d43d6f8d-d259-456d-acd5-052d6276b16e;d6f63f87-85c5-4273-ab6f-3f40723da591;02e60b53-dbca-462f-8fbd-f9699b683602;a546b67b-a63f-4daf-9a8c-a2a59ff64846]]
2026-04-03 19:17:58.584,42.771,CrossSignalTrendConsistency_GT,atomic,[CrossSignalTrendConsistency_GT],[1.0000],1,6,1.0000,[dt-1;dt-2;dt-3],[[b65f58fe-f9d8-48e8-afc3-484b0ef8948e;e0cce83f-32b0-4098-ac5e-4f2faa420898;d43d6f8d-d259-456d-acd5-052d6276b16e;d6f63f87-85c5-4273-ab6f-3f40723da591;02e60b53-dbca-462f-8fbd-f9699b683602;a546b67b-a63f-4daf-9a8c-a2a59ff64846]]
2026-04-03 19:17:58.584,42.771,CrossSignalDivergence_GT,atomic,[CrossSignalDivergence_GT],[1.0000],1,6,1.0000,[dt-1;dt-2;dt-3],[[b65f58fe-f9d8-48e8-afc3-484b0ef8948e;e0cce83f-32b0-4098-ac5e-4f2faa420898;d43d6f8d-d259-456d-acd5-052d6276b16e;d6f63f87-85c5-4273-ab6f-3f40723da591;02e60b53-dbca-462f-8fbd-f9699b683602;a546b67b-a63f-4daf-9a8c-a2a59ff64846]]
2026-04-03 19:17:58.691,42.878,CrossSignalRelativeStable_GT,atomic,[CrossSignalRelativeStable_GT],[1.0000],1,6,1.0000,[dt-1;dt-2;dt-3],[[d6f63f87-85c5-4273-ab6f-3f40723da591;02e60b53-dbca-462f-8fbd-f9699b683602;a546b67b-a63f-4daf-9a8c-a2a59ff64846;1cfaa89b-25f7-4323-91ab-4e0ccb299502;58c3f71b-0904-449b-b536-6a8fe0b39fbf;682949f9-0dde-452c-a2eb-c9ab2f5b6026]]
2026-04-03 19:17:58.691,42.878,CrossSignalTrendConsistency_GT,atomic,[CrossSignalTrendConsistency_GT],[1.0000],1,6,1.0000,[dt-1;dt-2;dt-3],[[d6f63f87-85c5-4273-ab6f-3f40723da591;02e60b53-dbca-462f-8fbd-f9699b683602;a546b67b-a63f-4daf-9a8c-a2a59ff64846;1cfaa89b-25f7-4323-91ab-4e0ccb299502;58c3f71b-0904-449b-b536-6a8fe0b39fbf;682949f9-0dde-452c-a2eb-c9ab2f5b6026]]
2026-04-03 19:17:58.691,42.878,CrossSignalDivergence_GT,atomic,[CrossSignalDivergence_GT],[1.0000],1,6,1.0000,[dt-1;dt-2;dt-3],[[d6f63f87-85c5-4273-ab6f-3f40723da591;02e60b53-dbca-462f-8fbd-f9699b683602;a546b67b-a63f-4daf-9a8c-a2a59ff64846;1cfaa89b-25f7-4323-91ab-4e0ccb299502;58c3f71b-0904-449b-b536-6a8fe0b39fbf;682949f9-0dde-452c-a2eb-c9ab2f5b6026]]
2026-04-03 19:17:58.795,42.982,CrossSignalRelativeStable_GT,atomic,[CrossSignalRelativeStable_GT],[1.0000],1,6,1.0000,[dt-1;dt-2;dt-3],[[1cfaa89b-25f7-4323-91ab-4e0ccb299502;58c3f71b-0904-449b-b536-6a8fe0b39fbf;682949f9-0dde-452c-a2eb-c9ab2f5b6026;8d1795e6-cd24-4e58-b329-5b8bb48a5fed;61a626e4-9d83-40df-936c-df1d3dd4841e;999e4ba0-9365-4d8f-bf45-5fbc86dbf8b8]]
2026-04-03 19:17:58.795,42.982,CrossSignalDivergence_GT,atomic,[CrossSignalDivergence_GT],[1.0000],1,6,1.0000,[dt-1;dt-2;dt-3],[[1cfaa89b-25f7-4323-91ab-4e0ccb299502;58c3f71b-0904-449b-b536-6a8fe0b39fbf;682949f9-0dde-452c-a2eb-c9ab2f5b6026;8d1795e6-cd24-4e58-b329-5b8bb48a5fed;61a626e4-9d83-40df-936c-df1d3dd4841e;999e4ba0-9365-4d8f-bf45-5fbc86dbf8b8]]
2026-04-03 19:17:58.916,43.103,CrossSignalRelativeStable_GT,atomic,[CrossSignalRelativeStable_GT],[1.0000],1,6,1.0000,[dt-1;dt-2;dt-3],[[8d1795e6-cd24-4e58-b329-5b8bb48a5fed;61a626e4-9d83-40df-936c-df1d3dd4841e;999e4ba0-9365-4d8f-bf45-5fbc86dbf8b8;5ddabf13-5c28-4cb6-a5f1-48e7505c7793;f40f4565-8578-45ed-8438-b09a3c7c51b6;4df0724b-d655-4c44-b430-9a4774db16e8]]
2026-04-03 19:17:58.916,43.103,CrossSignalDivergence_GT,atomic,[CrossSignalDivergence_GT],[1.0000],1,6,1.0000,[dt-1;dt-2;dt-3],[[8d1795e6-cd24-4e58-b329-5b8bb48a5fed;61a626e4-9d83-40df-936c-df1d3dd4841e;999e4ba0-9365-4d8f-bf45-5fbc86dbf8b8;5ddabf13-5c28-4cb6-a5f1-48e7505c7793;f40f4565-8578-45ed-8438-b09a3c7c51b6;4df0724b-d655-4c44-b430-9a4774db16e8]]
2026-04-03 19:17:59.021,43.208,CrossSignalRelativeStable_GT,atomic,[CrossSignalRelativeStable_GT],[1.0000],1,6,1.0000,[dt-1;dt-2;dt-3],[[5ddabf13-5c28-4cb6-a5f1-48e7505c7793;f40f4565-8578-45ed-8438-b09a3c7c51b6;4df0724b-d655-4c44-b430-9a4774db16e8;7cf6424c-7470-4d4d-b36a-bc5d24b884f0;f4a25b33-9941-443f-9da8-cd748bf44c89;6a53826f-a376-49b3-a85e-43e7ba3ad836]]
2026-04-03 19:17:59.021,43.208,CrossSignalTrendConsistency_GT,atomic,[CrossSignalTrendConsistency_GT],[1.0000],1,6,1.0000,[dt-1;dt-2;dt-3],[[5ddabf13-5c28-4cb6-a5f1-48e7505c7793;f40f4565-8578-45ed-8438-b09a3c7c51b6;4df0724b-d655-4c44-b430-9a4774db16e8;7cf6424c-7470-4d4d-b36a-bc5d24b884f0;f4a25b33-9941-443f-9da8-cd748bf44c89;6a53826f-a376-49b3-a85e-43e7ba3ad836]]
2026-04-03 19:17:59.021,43.208,CrossSignalDivergence_GT,atomic,[CrossSignalDivergence_GT],[1.0000],1,6,1.0000,[dt-1;dt-2;dt-3],[[5ddabf13-5c28-4cb6-a5f1-48e7505c7793;f40f4565-8578-45ed-8438-b09a3c7c51b6;4df0724b-d655-4c44-b430-9a4774db16e8;7cf6424c-7470-4d4d-b36a-bc5d24b884f0;f4a25b33-9941-443f-9da8-cd748bf44c89;6a53826f-a376-49b3-a85e-43e7ba3ad836]]
2026-04-03 19:17:59.126,43.313,CrossSignalRelativeStable_GT,atomic,[CrossSignalRelativeStable_GT],[1.0000],1,6,1.0000,[dt-1;dt-2;dt-3],[[7cf6424c-7470-4d4d-b36a-bc5d24b884f0;f4a25b33-9941-443f-9da8-cd748bf44c89;6a53826f-a376-49b3-a85e-43e7ba3ad836;cd030d51-a47a-4a4d-abb5-61e5bf0913cb;a9a46f20-e64b-4555-a78b-a42a355c47a2;7914a0ce-8a70-44ed-8cd0-6ed655d0753e]]
2026-04-03 19:17:59.127,43.314,CrossSignalTrendConsistency_GT,atomic,[CrossSignalTrendConsistency_GT],[1.0000],1,6,1.0000,[dt-1;dt-2;dt-3],[[7cf6424c-7470-4d4d-b36a-bc5d24b884f0;f4a25b33-9941-443f-9da8-cd748bf44c89;6a53826f-a376-49b3-a85e-43e7ba3ad836;cd030d51-a47a-4a4d-abb5-61e5bf0913cb;a9a46f20-e64b-4555-a78b-a42a355c47a2;7914a0ce-8a70-44ed-8cd0-6ed655d0753e]]
2026-04-03 19:17:59.127,43.314,CrossSignalDivergence_GT,atomic,[CrossSignalDivergence_GT],[1.0000],1,6,1.0000,[dt-1;dt-2;dt-3],[[7cf6424c-7470-4d4d-b36a-bc5d24b884f0;f4a25b33-9941-443f-9da8-cd748bf44c89;6a53826f-a376-49b3-a85e-43e7ba3ad836;cd030d51-a47a-4a4d-abb5-61e5bf0913cb;a9a46f20-e64b-4555-a78b-a42a355c47a2;7914a0ce-8a70-44ed-8cd0-6ed655d0753e]]
2026-04-03 19:17:59.245,43.432,CrossSignalRelativeStable_GT,atomic,[CrossSignalRelativeStable_GT],[1.0000],1,6,1.0000,[dt-1;dt-2;dt-3],[[cd030d51-a47a-4a4d-abb5-61e5bf0913cb;a9a46f20-e64b-4555-a78b-a42a355c47a2;7914a0ce-8a70-44ed-8cd0-6ed655d0753e;0791424c-8a7c-48df-a241-1ea1c2d56f30;05c127ba-1c84-4952-8500-3c9852fa6739;ba857cbc-8a3a-4199-86bf-3b2e71197682]]
2026-04-03 19:17:59.246,43.433,CrossSignalDivergence_GT,atomic,[CrossSignalDivergence_GT],[1.0000],1,6,1.0000,[dt-1;dt-2;dt-3],[[cd030d51-a47a-4a4d-abb5-61e5bf0913cb;a9a46f20-e64b-4555-a78b-a42a355c47a2;7914a0ce-8a70-44ed-8cd0-6ed655d0753e;0791424c-8a7c-48df-a241-1ea1c2d56f30;05c127ba-1c84-4952-8500-3c9852fa6739;ba857cbc-8a3a-4199-86bf-3b2e71197682]]
2026-04-03 19:17:59.351,43.538,CrossSignalRelativeStable_GT,atomic,[CrossSignalRelativeStable_GT],[1.0000],1,6,1.0000,[dt-1;dt-2;dt-3],[[0791424c-8a7c-48df-a241-1ea1c2d56f30;05c127ba-1c84-4952-8500-3c9852fa6739;ba857cbc-8a3a-4199-86bf-3b2e71197682;4575d7a2-ce58-4830-9a62-c5608fb840b9;03260d2f-d798-4989-b6f8-d361af60382a;307bba50-34f8-4fb7-9206-2438ebd31754]]
2026-04-03 19:17:59.351,43.538,CrossSignalDivergence_GT,atomic,[CrossSignalDivergence_GT],[1.0000],1,6,1.0000,[dt-1;dt-2;dt-3],[[0791424c-8a7c-48df-a241-1ea1c2d56f30;05c127ba-1c84-4952-8500-3c9852fa6739;ba857cbc-8a3a-4199-86bf-3b2e71197682;4575d7a2-ce58-4830-9a62-c5608fb840b9;03260d2f-d798-4989-b6f8-d361af60382a;307bba50-34f8-4fb7-9206-2438ebd31754]]
2026-04-03 19:17:59.459,43.646,CrossSignalRelativeStable_GT,atomic,[CrossSignalRelativeStable_GT],[1.0000],1,6,1.0000,[dt-1;dt-2;dt-3],[[4575d7a2-ce58-4830-9a62-c5608fb840b9;03260d2f-d798-4989-b6f8-d361af60382a;307bba50-34f8-4fb7-9206-2438ebd31754;ab76af94-edf6-4f1a-8029-31439d80c7da;c77e2bdc-1da6-4508-bc5e-c833ec227e5c;6b476990-46ef-437a-b2e2-744f11b8150f]]
2026-04-03 19:17:59.459,43.646,CrossSignalDivergence_GT,atomic,[CrossSignalDivergence_GT],[1.0000],1,6,1.0000,[dt-1;dt-2;dt-3],[[4575d7a2-ce58-4830-9a62-c5608fb840b9;03260d2f-d798-4989-b6f8-d361af60382a;307bba50-34f8-4fb7-9206-2438ebd31754;ab76af94-edf6-4f1a-8029-31439d80c7da;c77e2bdc-1da6-4508-bc5e-c833ec227e5c;6b476990-46ef-437a-b2e2-744f11b8150f]]
2026-04-03 19:17:59.571,43.758,CrossSignalRelativeStable_GT,atomic,[CrossSignalRelativeStable_GT],[1.0000],1,6,1.0000,[dt-1;dt-2;dt-3],[[ab76af94-edf6-4f1a-8029-31439d80c7da;c77e2bdc-1da6-4508-bc5e-c833ec227e5c;6b476990-46ef-437a-b2e2-744f11b8150f;3fc58b69-f69e-4fd8-864b-165b7202ddae;eecfd9c9-bb5f-4a53-9d0a-6a211b11c44f;0a7d1c96-f2e3-41ab-8882-8837164dab78]]
2026-04-03 19:17:59.571,43.758,CrossSignalDivergence_GT,atomic,[CrossSignalDivergence_GT],[1.0000],1,6,1.0000,[dt-1;dt-2;dt-3],[[ab76af94-edf6-4f1a-8029-31439d80c7da;c77e2bdc-1da6-4508-bc5e-c833ec227e5c;6b476990-46ef-437a-b2e2-744f11b8150f;3fc58b69-f69e-4fd8-864b-165b7202ddae;eecfd9c9-bb5f-4a53-9d0a-6a211b11c44f;0a7d1c96-f2e3-41ab-8882-8837164dab78]]
2026-04-03 19:17:59.689,43.876,CrossSignalRelativeStable_GT,atomic,[CrossSignalRelativeStable_GT],[1.0000],1,6,1.0000,[dt-1;dt-2;dt-3],[[3fc58b69-f69e-4fd8-864b-165b7202ddae;eecfd9c9-bb5f-4a53-9d0a-6a211b11c44f;0a7d1c96-f2e3-41ab-8882-8837164dab78;3f8aaaad-3796-4712-aa91-e4f823cd5047;ad8654f0-5036-4593-9563-6ccfacbf7a51;e3a5dd3b-da63-4de0-906d-43f1ea66e8c9]]
2026-04-03 19:17:59.690,43.877,CrossSignalTrendConsistency_GT,atomic,[CrossSignalTrendConsistency_GT],[1.0000],1,6,1.0000,[dt-1;dt-2;dt-3],[[3fc58b69-f69e-4fd8-864b-165b7202ddae;eecfd9c9-bb5f-4a53-9d0a-6a211b11c44f;0a7d1c96-f2e3-41ab-8882-8837164dab78;3f8aaaad-3796-4712-aa91-e4f823cd5047;ad8654f0-5036-4593-9563-6ccfacbf7a51;e3a5dd3b-da63-4de0-906d-43f1ea66e8c9]]
2026-04-03 19:17:59.690,43.877,CrossSignalDivergence_GT,atomic,[CrossSignalDivergence_GT],[1.0000],1,6,1.0000,[dt-1;dt-2;dt-3],[[3fc58b69-f69e-4fd8-864b-165b7202ddae;eecfd9c9-bb5f-4a53-9d0a-6a211b11c44f;0a7d1c96-f2e3-41ab-8882-8837164dab78;3f8aaaad-3796-4712-aa91-e4f823cd5047;ad8654f0-5036-4593-9563-6ccfacbf7a51;e3a5dd3b-da63-4de0-906d-43f1ea66e8c9]]
2026-04-03 19:17:59.795,43.982,CrossSignalRelativeStable_GT,atomic,[CrossSignalRelativeStable_GT],[1.0000],1,6,1.0000,[dt-1;dt-2;dt-3],[[3f8aaaad-3796-4712-aa91-e4f823cd5047;ad8654f0-5036-4593-9563-6ccfacbf7a51;e3a5dd3b-da63-4de0-906d-43f1ea66e8c9;7b123fe0-49af-4059-86f9-fa23183f0c3e;91aa3748-9952-45e3-ae3a-c65ea25afcdc;2ae56640-126e-40c0-bd10-03be77f709a3]]
2026-04-03 19:17:59.796,43.983,CrossSignalDivergence_GT,atomic,[CrossSignalDivergence_GT],[1.0000],1,6,1.0000,[dt-1;dt-2;dt-3],[[3f8aaaad-3796-4712-aa91-e4f823cd5047;ad8654f0-5036-4593-9563-6ccfacbf7a51;e3a5dd3b-da63-4de0-906d-43f1ea66e8c9;7b123fe0-49af-4059-86f9-fa23183f0c3e;91aa3748-9952-45e3-ae3a-c65ea25afcdc;2ae56640-126e-40c0-bd10-03be77f709a3]]
2026-04-03 19:17:59.902,44.089,CrossSignalRelativeStable_GT,atomic,[CrossSignalRelativeStable_GT],[1.0000],1,6,1.0000,[dt-1;dt-2;dt-3],[[7b123fe0-49af-4059-86f9-fa23183f0c3e;91aa3748-9952-45e3-ae3a-c65ea25afcdc;2ae56640-126e-40c0-bd10-03be77f709a3;5140742d-cb40-4e1d-9e15-21fd55d53ec5;0d8da78a-88df-4ec6-8b4d-d95cabe7b154;e7bf694c-21b7-4787-bfa1-62a354212fea]]
2026-04-03 19:17:59.902,44.089,CrossSignalDivergence_GT,atomic,[CrossSignalDivergence_GT],[1.0000],1,6,1.0000,[dt-1;dt-2;dt-3],[[7b123fe0-49af-4059-86f9-fa23183f0c3e;91aa3748-9952-45e3-ae3a-c65ea25afcdc;2ae56640-126e-40c0-bd10-03be77f709a3;5140742d-cb40-4e1d-9e15-21fd55d53ec5;0d8da78a-88df-4ec6-8b4d-d95cabe7b154;e7bf694c-21b7-4787-bfa1-62a354212fea]]
2026-04-03 19:18:00.023,44.210,CrossSignalRelativeStable_GT,atomic,[CrossSignalRelativeStable_GT],[1.0000],1,6,1.0000,[dt-1;dt-2;dt-3],[[5140742d-cb40-4e1d-9e15-21fd55d53ec5;0d8da78a-88df-4ec6-8b4d-d95cabe7b154;e7bf694c-21b7-4787-bfa1-62a354212fea;084ef765-885e-486e-b6d7-bac5a25f0b8f;767f9aa1-74fb-4217-886c-f647f9991d75;597457ff-a30b-419a-9f0a-e5126d20b94d]]
2026-04-03 19:18:00.023,44.210,CrossSignalDivergence_GT,atomic,[CrossSignalDivergence_GT],[1.0000],1,6,1.0000,[dt-1;dt-2;dt-3],[[5140742d-cb40-4e1d-9e15-21fd55d53ec5;0d8da78a-88df-4ec6-8b4d-d95cabe7b154;e7bf694c-21b7-4787-bfa1-62a354212fea;084ef765-885e-486e-b6d7-bac5a25f0b8f;767f9aa1-74fb-4217-886c-f647f9991d75;597457ff-a30b-419a-9f0a-e5126d20b94d]]
2026-04-03 19:18:00.124,44.311,CrossSignalRelativeStable_GT,atomic,[CrossSignalRelativeStable_GT],[1.0000],1,6,1.0000,[dt-1;dt-2;dt-3],[[084ef765-885e-486e-b6d7-bac5a25f0b8f;767f9aa1-74fb-4217-886c-f647f9991d75;597457ff-a30b-419a-9f0a-e5126d20b94d;b219472d-3592-4e50-bcbb-78f9631ed0c5;d047f592-be83-4783-8c56-39a308c41405;fae518b3-516f-4d6e-82c1-eae33553365f]]
2026-04-03 19:18:00.124,44.311,CrossSignalDivergence_GT,atomic,[CrossSignalDivergence_GT],[1.0000],1,6,1.0000,[dt-1;dt-2;dt-3],[[084ef765-885e-486e-b6d7-bac5a25f0b8f;767f9aa1-74fb-4217-886c-f647f9991d75;597457ff-a30b-419a-9f0a-e5126d20b94d;b219472d-3592-4e50-bcbb-78f9631ed0c5;d047f592-be83-4783-8c56-39a308c41405;fae518b3-516f-4d6e-82c1-eae33553365f]]
2026-04-03 19:18:00.234,44.421,CrossSignalRelativeStable_GT,atomic,[CrossSignalRelativeStable_GT],[1.0000],1,6,1.0000,[dt-1;dt-2;dt-3],[[b219472d-3592-4e50-bcbb-78f9631ed0c5;d047f592-be83-4783-8c56-39a308c41405;fae518b3-516f-4d6e-82c1-eae33553365f;3927bf59-eb78-49f7-8d18-608d89cc7388;2afbdc26-244b-4719-8a92-d1087a1b45b4;ff1ec89c-c8e2-46fc-bf7b-9816e383c03a]]
2026-04-03 19:18:00.235,44.422,CrossSignalDivergence_GT,atomic,[CrossSignalDivergence_GT],[1.0000],1,6,1.0000,[dt-1;dt-2;dt-3],[[b219472d-3592-4e50-bcbb-78f9631ed0c5;d047f592-be83-4783-8c56-39a308c41405;fae518b3-516f-4d6e-82c1-eae33553365f;3927bf59-eb78-49f7-8d18-608d89cc7388;2afbdc26-244b-4719-8a92-d1087a1b45b4;ff1ec89c-c8e2-46fc-bf7b-9816e383c03a]]
2026-04-03 19:18:00.354,44.541,CrossSignalRelativeStable_GT,atomic,[CrossSignalRelativeStable_GT],[1.0000],1,6,1.0000,[dt-1;dt-2;dt-3],[[3927bf59-eb78-49f7-8d18-608d89cc7388;2afbdc26-244b-4719-8a92-d1087a1b45b4;ff1ec89c-c8e2-46fc-bf7b-9816e383c03a;4894876d-16d1-422c-85d1-91bf17c3a3eb;dfb5c4e8-b19e-4fa1-aab3-507d6706d3ed;5ddee646-4501-4319-8bf4-d96ebc8a9e19]]
2026-04-03 19:18:00.354,44.541,CrossSignalDivergence_GT,atomic,[CrossSignalDivergence_GT],[1.0000],1,6,1.0000,[dt-1;dt-2;dt-3],[[3927bf59-eb78-49f7-8d18-608d89cc7388;2afbdc26-244b-4719-8a92-d1087a1b45b4;ff1ec89c-c8e2-46fc-bf7b-9816e383c03a;4894876d-16d1-422c-85d1-91bf17c3a3eb;dfb5c4e8-b19e-4fa1-aab3-507d6706d3ed;5ddee646-4501-4319-8bf4-d96ebc8a9e19]]
2026-04-03 19:18:00.459,44.646,CrossSignalRelativeStable_GT,atomic,[CrossSignalRelativeStable_GT],[1.0000],1,6,1.0000,[dt-1;dt-2;dt-3],[[4894876d-16d1-422c-85d1-91bf17c3a3eb;dfb5c4e8-b19e-4fa1-aab3-507d6706d3ed;5ddee646-4501-4319-8bf4-d96ebc8a9e19;e52e5db5-9823-417c-b4ad-15f4a974b866;a3ee897c-8de6-4713-96e2-c0176ff45587;b6b076fd-485b-4f80-a730-d938c1e4a79a]]
2026-04-03 19:18:00.460,44.647,CrossSignalDivergence_GT,atomic,[CrossSignalDivergence_GT],[1.0000],1,6,1.0000,[dt-1;dt-2;dt-3],[[4894876d-16d1-422c-85d1-91bf17c3a3eb;dfb5c4e8-b19e-4fa1-aab3-507d6706d3ed;5ddee646-4501-4319-8bf4-d96ebc8a9e19;e52e5db5-9823-417c-b4ad-15f4a974b866;a3ee897c-8de6-4713-96e2-c0176ff45587;b6b076fd-485b-4f80-a730-d938c1e4a79a]]
2026-04-03 19:18:00.566,44.753,CrossSignalRelativeStable_GT,atomic,[CrossSignalRelativeStable_GT],[1.0000],1,6,1.0000,[dt-1;dt-2;dt-3],[[e52e5db5-9823-417c-b4ad-15f4a974b866;a3ee897c-8de6-4713-96e2-c0176ff45587;b6b076fd-485b-4f80-a730-d938c1e4a79a;fa625d9c-435d-4c40-85e7-cdb25e6aeeae;aae40dac-cc06-4f3c-b0c8-c95334ea3d07;ec630b64-98be-4444-b88a-79b539fb4acd]]
2026-04-03 19:18:00.567,44.754,CrossSignalTrendConsistency_GT,atomic,[CrossSignalTrendConsistency_GT],[1.0000],1,6,1.0000,[dt-1;dt-2;dt-3],[[e52e5db5-9823-417c-b4ad-15f4a974b866;a3ee897c-8de6-4713-96e2-c0176ff45587;b6b076fd-485b-4f80-a730-d938c1e4a79a;fa625d9c-435d-4c40-85e7-cdb25e6aeeae;aae40dac-cc06-4f3c-b0c8-c95334ea3d07;ec630b64-98be-4444-b88a-79b539fb4acd]]
2026-04-03 19:18:00.567,44.754,CrossSignalDivergence_GT,atomic,[CrossSignalDivergence_GT],[1.0000],1,6,1.0000,[dt-1;dt-2;dt-3],[[e52e5db5-9823-417c-b4ad-15f4a974b866;a3ee897c-8de6-4713-96e2-c0176ff45587;b6b076fd-485b-4f80-a730-d938c1e4a79a;fa625d9c-435d-4c40-85e7-cdb25e6aeeae;aae40dac-cc06-4f3c-b0c8-c95334ea3d07;ec630b64-98be-4444-b88a-79b539fb4acd]]
2026-04-03 19:18:00.676,44.863,CrossSignalRelativeStable_GT,atomic,[CrossSignalRelativeStable_GT],[1.0000],1,6,1.0000,[dt-1;dt-2;dt-3],[[fa625d9c-435d-4c40-85e7-cdb25e6aeeae;aae40dac-cc06-4f3c-b0c8-c95334ea3d07;ec630b64-98be-4444-b88a-79b539fb4acd;6b21cba8-0fc8-4d2b-b85e-9d76493f1c0a;ba33ef0f-ee5b-4092-89b3-4070f8260b78;48afd3b0-1b33-4097-b347-a593ba27836e]]
2026-04-03 19:18:00.677,44.864,CrossSignalDivergence_GT,atomic,[CrossSignalDivergence_GT],[1.0000],1,6,1.0000,[dt-1;dt-2;dt-3],[[fa625d9c-435d-4c40-85e7-cdb25e6aeeae;aae40dac-cc06-4f3c-b0c8-c95334ea3d07;ec630b64-98be-4444-b88a-79b539fb4acd;6b21cba8-0fc8-4d2b-b85e-9d76493f1c0a;ba33ef0f-ee5b-4092-89b3-4070f8260b78;48afd3b0-1b33-4097-b347-a593ba27836e]]
2026-04-03 19:18:00.796,44.983,CrossSignalRelativeStable_GT,atomic,[CrossSignalRelativeStable_GT],[1.0000],1,6,1.0000,[dt-1;dt-2;dt-3],[[6b21cba8-0fc8-4d2b-b85e-9d76493f1c0a;ba33ef0f-ee5b-4092-89b3-4070f8260b78;48afd3b0-1b33-4097-b347-a593ba27836e;d8b8b3a1-96f0-413c-86c5-2a4083f137b1;866e0c9c-b8a4-41e0-a327-b7cc13ecf730;48f1c85e-9fc3-47d2-a66e-1e063eefc5ab]]
2026-04-03 19:18:00.797,44.984,CrossSignalDivergence_GT,atomic,[CrossSignalDivergence_GT],[1.0000],1,6,1.0000,[dt-1;dt-2;dt-3],[[6b21cba8-0fc8-4d2b-b85e-9d76493f1c0a;ba33ef0f-ee5b-4092-89b3-4070f8260b78;48afd3b0-1b33-4097-b347-a593ba27836e;d8b8b3a1-96f0-413c-86c5-2a4083f137b1;866e0c9c-b8a4-41e0-a327-b7cc13ecf730;48f1c85e-9fc3-47d2-a66e-1e063eefc5ab]]
2026-04-03 19:18:00.900,45.087,CrossSignalRelativeStable_GT,atomic,[CrossSignalRelativeStable_GT],[1.0000],1,6,1.0000,[dt-1;dt-2;dt-3],[[d8b8b3a1-96f0-413c-86c5-2a4083f137b1;866e0c9c-b8a4-41e0-a327-b7cc13ecf730;48f1c85e-9fc3-47d2-a66e-1e063eefc5ab;2d74d76e-f35d-4ee6-ba86-82dc7d483403;2516cfb4-579b-4368-8a81-c9ae20173768;567da7b3-115d-4c43-b52d-65ee4e4819d3]]
2026-04-03 19:18:00.900,45.087,CrossSignalTrendConsistency_GT,atomic,[CrossSignalTrendConsistency_GT],[1.0000],1,6,1.0000,[dt-1;dt-2;dt-3],[[d8b8b3a1-96f0-413c-86c5-2a4083f137b1;866e0c9c-b8a4-41e0-a327-b7cc13ecf730;48f1c85e-9fc3-47d2-a66e-1e063eefc5ab;2d74d76e-f35d-4ee6-ba86-82dc7d483403;2516cfb4-579b-4368-8a81-c9ae20173768;567da7b3-115d-4c43-b52d-65ee4e4819d3]]
2026-04-03 19:18:00.900,45.087,CrossSignalDivergence_GT,atomic,[CrossSignalDivergence_GT],[1.0000],1,6,1.0000,[dt-1;dt-2;dt-3],[[d8b8b3a1-96f0-413c-86c5-2a4083f137b1;866e0c9c-b8a4-41e0-a327-b7cc13ecf730;48f1c85e-9fc3-47d2-a66e-1e063eefc5ab;2d74d76e-f35d-4ee6-ba86-82dc7d483403;2516cfb4-579b-4368-8a81-c9ae20173768;567da7b3-115d-4c43-b52d-65ee4e4819d3]]
2026-04-03 19:18:01.008,45.195,CrossSignalRelativeStable_GT,atomic,[CrossSignalRelativeStable_GT],[1.0000],1,6,1.0000,[dt-1;dt-2;dt-3],[[2d74d76e-f35d-4ee6-ba86-82dc7d483403;2516cfb4-579b-4368-8a81-c9ae20173768;567da7b3-115d-4c43-b52d-65ee4e4819d3;f4d99048-0a5f-4046-a893-caab02f0de4a;3e3b2a43-06b3-42fd-a5d0-ab7423bf73d4;31ec45ae-d5fe-4151-a436-72c5d453b335]]
2026-04-03 19:18:01.008,45.195,CrossSignalDivergence_GT,atomic,[CrossSignalDivergence_GT],[1.0000],1,6,1.0000,[dt-1;dt-2;dt-3],[[2d74d76e-f35d-4ee6-ba86-82dc7d483403;2516cfb4-579b-4368-8a81-c9ae20173768;567da7b3-115d-4c43-b52d-65ee4e4819d3;f4d99048-0a5f-4046-a893-caab02f0de4a;3e3b2a43-06b3-42fd-a5d0-ab7423bf73d4;31ec45ae-d5fe-4151-a436-72c5d453b335]]
2026-04-03 19:18:01.127,45.314,CrossSignalRelativeStable_GT,atomic,[CrossSignalRelativeStable_GT],[1.0000],1,6,1.0000,[dt-1;dt-2;dt-3],[[f4d99048-0a5f-4046-a893-caab02f0de4a;3e3b2a43-06b3-42fd-a5d0-ab7423bf73d4;31ec45ae-d5fe-4151-a436-72c5d453b335;d4cac301-9838-4811-bcae-4a946401928f;271384ab-2c51-49c4-8b12-92d45e49cec5;85172602-b11a-4dc3-a083-58de5fb3c76b]]
2026-04-03 19:18:01.127,45.314,CrossSignalDivergence_GT,atomic,[CrossSignalDivergence_GT],[1.0000],1,6,1.0000,[dt-1;dt-2;dt-3],[[f4d99048-0a5f-4046-a893-caab02f0de4a;3e3b2a43-06b3-42fd-a5d0-ab7423bf73d4;31ec45ae-d5fe-4151-a436-72c5d453b335;d4cac301-9838-4811-bcae-4a946401928f;271384ab-2c51-49c4-8b12-92d45e49cec5;85172602-b11a-4dc3-a083-58de5fb3c76b]]
2026-04-03 19:18:01.228,45.415,CrossSignalRelativeStable_GT,atomic,[CrossSignalRelativeStable_GT],[1.0000],1,6,1.0000,[dt-1;dt-2;dt-3],[[d4cac301-9838-4811-bcae-4a946401928f;271384ab-2c51-49c4-8b12-92d45e49cec5;85172602-b11a-4dc3-a083-58de5fb3c76b;c9cd772f-0ab1-4e12-84fe-dc0500a4ad22;cf7d896a-2351-487b-a3d0-3d9c2538a4be;4cd694a6-fbc0-458e-9ef6-9c75ee742a74]]
2026-04-03 19:18:01.228,45.415,CrossSignalDivergence_GT,atomic,[CrossSignalDivergence_GT],[1.0000],1,6,1.0000,[dt-1;dt-2;dt-3],[[d4cac301-9838-4811-bcae-4a946401928f;271384ab-2c51-49c4-8b12-92d45e49cec5;85172602-b11a-4dc3-a083-58de5fb3c76b;c9cd772f-0ab1-4e12-84fe-dc0500a4ad22;cf7d896a-2351-487b-a3d0-3d9c2538a4be;4cd694a6-fbc0-458e-9ef6-9c75ee742a74]]
2026-04-03 19:18:01.338,45.525,CrossSignalRelativeStable_GT,atomic,[CrossSignalRelativeStable_GT],[1.0000],1,6,1.0000,[dt-1;dt-2;dt-3],[[c9cd772f-0ab1-4e12-84fe-dc0500a4ad22;cf7d896a-2351-487b-a3d0-3d9c2538a4be;4cd694a6-fbc0-458e-9ef6-9c75ee742a74;de7e1415-6f1d-4675-9e48-0593263ba47e;72a6f383-9a70-4c2a-9870-79f64d3ce8ed;c015c0ec-fe47-416f-a2f6-5e53bfc13b0f]]
2026-04-03 19:18:01.339,45.526,CrossSignalDivergence_GT,atomic,[CrossSignalDivergence_GT],[1.0000],1,6,1.0000,[dt-1;dt-2;dt-3],[[c9cd772f-0ab1-4e12-84fe-dc0500a4ad22;cf7d896a-2351-487b-a3d0-3d9c2538a4be;4cd694a6-fbc0-458e-9ef6-9c75ee742a74;de7e1415-6f1d-4675-9e48-0593263ba47e;72a6f383-9a70-4c2a-9870-79f64d3ce8ed;c015c0ec-fe47-416f-a2f6-5e53bfc13b0f]]
2026-04-03 19:18:01.456,45.643,CrossSignalRelativeStable_GT,atomic,[CrossSignalRelativeStable_GT],[1.0000],1,6,1.0000,[dt-1;dt-2;dt-3],[[de7e1415-6f1d-4675-9e48-0593263ba47e;72a6f383-9a70-4c2a-9870-79f64d3ce8ed;c015c0ec-fe47-416f-a2f6-5e53bfc13b0f;ad155aa8-1047-42b3-9edb-3347f60ed04a;acddd9f3-dba8-4fe5-a4aa-d35d69e82164;c152df76-db71-462f-b7fa-ada0c059c0c1]]
2026-04-03 19:18:01.456,45.643,CrossSignalDivergence_GT,atomic,[CrossSignalDivergence_GT],[1.0000],1,6,1.0000,[dt-1;dt-2;dt-3],[[de7e1415-6f1d-4675-9e48-0593263ba47e;72a6f383-9a70-4c2a-9870-79f64d3ce8ed;c015c0ec-fe47-416f-a2f6-5e53bfc13b0f;ad155aa8-1047-42b3-9edb-3347f60ed04a;acddd9f3-dba8-4fe5-a4aa-d35d69e82164;c152df76-db71-462f-b7fa-ada0c059c0c1]]
2026-04-03 19:18:01.561,45.748,CrossSignalRelativeStable_GT,atomic,[CrossSignalRelativeStable_GT],[1.0000],1,6,1.0000,[dt-1;dt-2;dt-3],[[ad155aa8-1047-42b3-9edb-3347f60ed04a;acddd9f3-dba8-4fe5-a4aa-d35d69e82164;c152df76-db71-462f-b7fa-ada0c059c0c1;55954eb6-97d1-47a6-bc24-aa449a63cec1;e2fc64b9-5cf3-4360-82a3-225dbd8a7a5c;86a4071c-e9b2-4db3-b14f-2234807a2964]]
2026-04-03 19:18:01.561,45.748,CrossSignalDivergence_GT,atomic,[CrossSignalDivergence_GT],[1.0000],1,6,1.0000,[dt-1;dt-2;dt-3],[[ad155aa8-1047-42b3-9edb-3347f60ed04a;acddd9f3-dba8-4fe5-a4aa-d35d69e82164;c152df76-db71-462f-b7fa-ada0c059c0c1;55954eb6-97d1-47a6-bc24-aa449a63cec1;e2fc64b9-5cf3-4360-82a3-225dbd8a7a5c;86a4071c-e9b2-4db3-b14f-2234807a2964]]
2026-04-03 19:18:01.670,45.857,CrossSignalRelativeStable_GT,atomic,[CrossSignalRelativeStable_GT],[1.0000],1,6,1.0000,[dt-1;dt-2;dt-3],[[55954eb6-97d1-47a6-bc24-aa449a63cec1;e2fc64b9-5cf3-4360-82a3-225dbd8a7a5c;86a4071c-e9b2-4db3-b14f-2234807a2964;2f808635-f3ea-4bbc-91e2-6dfe16b5b1ba;eee17553-3dd8-481a-9743-df1317283b05;fc8bcecb-051d-4611-90f9-c3daf75b9687]]
2026-04-03 19:18:01.670,45.857,CrossSignalTrendConsistency_GT,atomic,[CrossSignalTrendConsistency_GT],[1.0000],1,6,1.0000,[dt-1;dt-2;dt-3],[[55954eb6-97d1-47a6-bc24-aa449a63cec1;e2fc64b9-5cf3-4360-82a3-225dbd8a7a5c;86a4071c-e9b2-4db3-b14f-2234807a2964;2f808635-f3ea-4bbc-91e2-6dfe16b5b1ba;eee17553-3dd8-481a-9743-df1317283b05;fc8bcecb-051d-4611-90f9-c3daf75b9687]]
2026-04-03 19:18:01.670,45.857,CrossSignalDivergence_GT,atomic,[CrossSignalDivergence_GT],[1.0000],1,6,1.0000,[dt-1;dt-2;dt-3],[[55954eb6-97d1-47a6-bc24-aa449a63cec1;e2fc64b9-5cf3-4360-82a3-225dbd8a7a5c;86a4071c-e9b2-4db3-b14f-2234807a2964;2f808635-f3ea-4bbc-91e2-6dfe16b5b1ba;eee17553-3dd8-481a-9743-df1317283b05;fc8bcecb-051d-4611-90f9-c3daf75b9687]]
2026-04-03 19:18:01.790,45.977,CrossSignalRelativeStable_GT,atomic,[CrossSignalRelativeStable_GT],[1.0000],1,6,1.0000,[dt-1;dt-2;dt-3],[[2f808635-f3ea-4bbc-91e2-6dfe16b5b1ba;eee17553-3dd8-481a-9743-df1317283b05;fc8bcecb-051d-4611-90f9-c3daf75b9687;142473bd-3f1a-4857-8b52-183029df306b;d44dfe1b-4e84-46f7-9278-24887ba1a2f4;0654738b-4590-49c1-8017-7be84f4cbc13]]
2026-04-03 19:18:01.790,45.977,CrossSignalDivergence_GT,atomic,[CrossSignalDivergence_GT],[1.0000],1,6,1.0000,[dt-1;dt-2;dt-3],[[2f808635-f3ea-4bbc-91e2-6dfe16b5b1ba;eee17553-3dd8-481a-9743-df1317283b05;fc8bcecb-051d-4611-90f9-c3daf75b9687;142473bd-3f1a-4857-8b52-183029df306b;d44dfe1b-4e84-46f7-9278-24887ba1a2f4;0654738b-4590-49c1-8017-7be84f4cbc13]]
2026-04-03 19:18:01.896,46.083,CrossSignalRelativeStable_GT,atomic,[CrossSignalRelativeStable_GT],[1.0000],1,6,1.0000,[dt-1;dt-2;dt-3],[[142473bd-3f1a-4857-8b52-183029df306b;d44dfe1b-4e84-46f7-9278-24887ba1a2f4;0654738b-4590-49c1-8017-7be84f4cbc13;27d40e9b-703d-4d8e-8169-320c720166fc;35406c19-ae73-4e1f-bc34-b89eaf367824;ca9ae0ee-4e79-4eeb-bb4a-ef050b49e043]]
2026-04-03 19:18:01.896,46.083,CrossSignalDivergence_GT,atomic,[CrossSignalDivergence_GT],[1.0000],1,6,1.0000,[dt-1;dt-2;dt-3],[[142473bd-3f1a-4857-8b52-183029df306b;d44dfe1b-4e84-46f7-9278-24887ba1a2f4;0654738b-4590-49c1-8017-7be84f4cbc13;27d40e9b-703d-4d8e-8169-320c720166fc;35406c19-ae73-4e1f-bc34-b89eaf367824;ca9ae0ee-4e79-4eeb-bb4a-ef050b49e043]]
2026-04-03 19:18:02.002,46.189,CrossSignalRelativeStable_GT,atomic,[CrossSignalRelativeStable_GT],[1.0000],1,6,1.0000,[dt-1;dt-2;dt-3],[[27d40e9b-703d-4d8e-8169-320c720166fc;35406c19-ae73-4e1f-bc34-b89eaf367824;ca9ae0ee-4e79-4eeb-bb4a-ef050b49e043;e0912c18-7ad8-4074-9979-9801946a177c;440239d1-61aa-454e-ac04-ccf29e97caf9;78c66168-2f3b-4b76-896d-b19b9d0f518a]]
2026-04-03 19:18:02.002,46.189,CrossSignalTrendConsistency_GT,atomic,[CrossSignalTrendConsistency_GT],[1.0000],1,6,1.0000,[dt-1;dt-2;dt-3],[[27d40e9b-703d-4d8e-8169-320c720166fc;35406c19-ae73-4e1f-bc34-b89eaf367824;ca9ae0ee-4e79-4eeb-bb4a-ef050b49e043;e0912c18-7ad8-4074-9979-9801946a177c;440239d1-61aa-454e-ac04-ccf29e97caf9;78c66168-2f3b-4b76-896d-b19b9d0f518a]]
2026-04-03 19:18:02.002,46.189,CrossSignalDivergence_GT,atomic,[CrossSignalDivergence_GT],[1.0000],1,6,1.0000,[dt-1;dt-2;dt-3],[[27d40e9b-703d-4d8e-8169-320c720166fc;35406c19-ae73-4e1f-bc34-b89eaf367824;ca9ae0ee-4e79-4eeb-bb4a-ef050b49e043;e0912c18-7ad8-4074-9979-9801946a177c;440239d1-61aa-454e-ac04-ccf29e97caf9;78c66168-2f3b-4b76-896d-b19b9d0f518a]]
2026-04-03 19:18:02.122,46.309,CrossSignalRelativeStable_GT,atomic,[CrossSignalRelativeStable_GT],[1.0000],1,6,1.0000,[dt-1;dt-2;dt-3],[[e0912c18-7ad8-4074-9979-9801946a177c;440239d1-61aa-454e-ac04-ccf29e97caf9;78c66168-2f3b-4b76-896d-b19b9d0f518a;724ef2a6-2c92-49b2-adae-4340634dd0a4;62cfa2e4-498b-4fc6-b271-cc12e764ce68;55fca13e-5f1d-4bb5-b8b5-89c1ed7e2eae]]
2026-04-03 19:18:02.122,46.309,CrossSignalDivergence_GT,atomic,[CrossSignalDivergence_GT],[1.0000],1,6,1.0000,[dt-1;dt-2;dt-3],[[e0912c18-7ad8-4074-9979-9801946a177c;440239d1-61aa-454e-ac04-ccf29e97caf9;78c66168-2f3b-4b76-896d-b19b9d0f518a;724ef2a6-2c92-49b2-adae-4340634dd0a4;62cfa2e4-498b-4fc6-b271-cc12e764ce68;55fca13e-5f1d-4bb5-b8b5-89c1ed7e2eae]]
2026-04-03 19:18:02.226,46.413,CrossSignalRelativeStable_GT,atomic,[CrossSignalRelativeStable_GT],[1.0000],1,6,1.0000,[dt-1;dt-2;dt-3],[[724ef2a6-2c92-49b2-adae-4340634dd0a4;62cfa2e4-498b-4fc6-b271-cc12e764ce68;55fca13e-5f1d-4bb5-b8b5-89c1ed7e2eae;5164071a-34f7-4cce-b945-f7c397cb9ec7;a0ff6455-f2a8-42ef-9124-f0bae9409ba1;b15801f8-57a5-4fc9-bbc1-9678a250d207]]
2026-04-03 19:18:02.226,46.413,CrossSignalDivergence_GT,atomic,[CrossSignalDivergence_GT],[1.0000],1,6,1.0000,[dt-1;dt-2;dt-3],[[724ef2a6-2c92-49b2-adae-4340634dd0a4;62cfa2e4-498b-4fc6-b271-cc12e764ce68;55fca13e-5f1d-4bb5-b8b5-89c1ed7e2eae;5164071a-34f7-4cce-b945-f7c397cb9ec7;a0ff6455-f2a8-42ef-9124-f0bae9409ba1;b15801f8-57a5-4fc9-bbc1-9678a250d207]]
2026-04-03 19:18:02.331,46.518,CrossSignalRelativeStable_GT,atomic,[CrossSignalRelativeStable_GT],[1.0000],1,6,1.0000,[dt-1;dt-2;dt-3],[[5164071a-34f7-4cce-b945-f7c397cb9ec7;a0ff6455-f2a8-42ef-9124-f0bae9409ba1;b15801f8-57a5-4fc9-bbc1-9678a250d207;81933d6b-307d-4387-ae80-5c9eaeb41870;7091773e-6ef7-41c7-adda-ddb82e16342f;9e0d8893-8a96-4184-bd8d-6429197a808e]]
2026-04-03 19:18:02.331,46.518,CrossSignalDivergence_GT,atomic,[CrossSignalDivergence_GT],[1.0000],1,6,1.0000,[dt-1;dt-2;dt-3],[[5164071a-34f7-4cce-b945-f7c397cb9ec7;a0ff6455-f2a8-42ef-9124-f0bae9409ba1;b15801f8-57a5-4fc9-bbc1-9678a250d207;81933d6b-307d-4387-ae80-5c9eaeb41870;7091773e-6ef7-41c7-adda-ddb82e16342f;9e0d8893-8a96-4184-bd8d-6429197a808e]]
2026-04-03 19:18:02.451,46.638,CrossSignalRelativeStable_GT,atomic,[CrossSignalRelativeStable_GT],[1.0000],1,6,1.0000,[dt-1;dt-2;dt-3],[[81933d6b-307d-4387-ae80-5c9eaeb41870;7091773e-6ef7-41c7-adda-ddb82e16342f;9e0d8893-8a96-4184-bd8d-6429197a808e;936ef46c-23dc-4860-8120-1fdfcfd84526;e2978bf1-5778-4b2f-bf05-88c0df42b13b;f4c3be2b-a7e5-4c78-88c8-017105dca03a]]
2026-04-03 19:18:02.451,46.638,CrossSignalDivergence_GT,atomic,[CrossSignalDivergence_GT],[1.0000],1,6,1.0000,[dt-1;dt-2;dt-3],[[81933d6b-307d-4387-ae80-5c9eaeb41870;7091773e-6ef7-41c7-adda-ddb82e16342f;9e0d8893-8a96-4184-bd8d-6429197a808e;936ef46c-23dc-4860-8120-1fdfcfd84526;e2978bf1-5778-4b2f-bf05-88c0df42b13b;f4c3be2b-a7e5-4c78-88c8-017105dca03a]]
2026-04-03 19:18:02.555,46.742,CrossSignalRelativeStable_GT,atomic,[CrossSignalRelativeStable_GT],[1.0000],1,6,1.0000,[dt-1;dt-2;dt-3],[[936ef46c-23dc-4860-8120-1fdfcfd84526;e2978bf1-5778-4b2f-bf05-88c0df42b13b;f4c3be2b-a7e5-4c78-88c8-017105dca03a;d624060d-c752-455a-8ae0-b35e0439f9c3;4d45bb1f-7ec2-4d83-8f2e-27de44576a38;60f45bb2-e864-4f2c-8798-941958c297e2]]
2026-04-03 19:18:02.555,46.742,CrossSignalTrendConsistency_GT,atomic,[CrossSignalTrendConsistency_GT],[1.0000],1,6,1.0000,[dt-1;dt-2;dt-3],[[936ef46c-23dc-4860-8120-1fdfcfd84526;e2978bf1-5778-4b2f-bf05-88c0df42b13b;f4c3be2b-a7e5-4c78-88c8-017105dca03a;d624060d-c752-455a-8ae0-b35e0439f9c3;4d45bb1f-7ec2-4d83-8f2e-27de44576a38;60f45bb2-e864-4f2c-8798-941958c297e2]]
2026-04-03 19:18:02.555,46.742,CrossSignalDivergence_GT,atomic,[CrossSignalDivergence_GT],[1.0000],1,6,1.0000,[dt-1;dt-2;dt-3],[[936ef46c-23dc-4860-8120-1fdfcfd84526;e2978bf1-5778-4b2f-bf05-88c0df42b13b;f4c3be2b-a7e5-4c78-88c8-017105dca03a;d624060d-c752-455a-8ae0-b35e0439f9c3;4d45bb1f-7ec2-4d83-8f2e-27de44576a38;60f45bb2-e864-4f2c-8798-941958c297e2]]
2026-04-03 19:18:02.663,46.850,CrossSignalRelativeStable_GT,atomic,[CrossSignalRelativeStable_GT],[1.0000],1,6,1.0000,[dt-1;dt-2;dt-3],[[d624060d-c752-455a-8ae0-b35e0439f9c3;4d45bb1f-7ec2-4d83-8f2e-27de44576a38;60f45bb2-e864-4f2c-8798-941958c297e2;06982a85-63a6-4325-a6d8-ddf96c1f8b37;33fdde7b-8e33-4616-be35-4bfb6328925a;9c24be6b-eb00-4f4e-bbb9-cc3a4184546f]]
2026-04-03 19:18:02.664,46.851,CrossSignalDivergence_GT,atomic,[CrossSignalDivergence_GT],[1.0000],1,6,1.0000,[dt-1;dt-2;dt-3],[[d624060d-c752-455a-8ae0-b35e0439f9c3;4d45bb1f-7ec2-4d83-8f2e-27de44576a38;60f45bb2-e864-4f2c-8798-941958c297e2;06982a85-63a6-4325-a6d8-ddf96c1f8b37;33fdde7b-8e33-4616-be35-4bfb6328925a;9c24be6b-eb00-4f4e-bbb9-cc3a4184546f]]
2026-04-03 19:18:02.781,46.968,CrossSignalRelativeStable_GT,atomic,[CrossSignalRelativeStable_GT],[1.0000],1,6,1.0000,[dt-1;dt-2;dt-3],[[06982a85-63a6-4325-a6d8-ddf96c1f8b37;33fdde7b-8e33-4616-be35-4bfb6328925a;9c24be6b-eb00-4f4e-bbb9-cc3a4184546f;d5f0f37b-bca8-4c1b-bedb-67c718a8f9e6;3746cd2f-a11b-431a-9033-bf365c0e6884;b3a27075-c6e5-45a4-b701-44ad5cfea7dc]]
2026-04-03 19:18:02.781,46.968,CrossSignalDivergence_GT,atomic,[CrossSignalDivergence_GT],[1.0000],1,6,1.0000,[dt-1;dt-2;dt-3],[[06982a85-63a6-4325-a6d8-ddf96c1f8b37;33fdde7b-8e33-4616-be35-4bfb6328925a;9c24be6b-eb00-4f4e-bbb9-cc3a4184546f;d5f0f37b-bca8-4c1b-bedb-67c718a8f9e6;3746cd2f-a11b-431a-9033-bf365c0e6884;b3a27075-c6e5-45a4-b701-44ad5cfea7dc]]
2026-04-03 19:18:02.885,47.072,CrossSignalRelativeStable_GT,atomic,[CrossSignalRelativeStable_GT],[1.0000],1,6,1.0000,[dt-1;dt-2;dt-3],[[d5f0f37b-bca8-4c1b-bedb-67c718a8f9e6;3746cd2f-a11b-431a-9033-bf365c0e6884;b3a27075-c6e5-45a4-b701-44ad5cfea7dc;3d946825-fdb5-462c-a142-196a57efe090;7bbb07aa-21a1-4cb4-b1d6-bb7c6fd03fa8;34e68267-e652-4c2c-927e-834fd91e8cb9]]
2026-04-03 19:18:02.885,47.072,CrossSignalTrendConsistency_GT,atomic,[CrossSignalTrendConsistency_GT],[1.0000],1,6,1.0000,[dt-1;dt-2;dt-3],[[d5f0f37b-bca8-4c1b-bedb-67c718a8f9e6;3746cd2f-a11b-431a-9033-bf365c0e6884;b3a27075-c6e5-45a4-b701-44ad5cfea7dc;3d946825-fdb5-462c-a142-196a57efe090;7bbb07aa-21a1-4cb4-b1d6-bb7c6fd03fa8;34e68267-e652-4c2c-927e-834fd91e8cb9]]
2026-04-03 19:18:02.885,47.072,CrossSignalDivergence_GT,atomic,[CrossSignalDivergence_GT],[1.0000],1,6,1.0000,[dt-1;dt-2;dt-3],[[d5f0f37b-bca8-4c1b-bedb-67c718a8f9e6;3746cd2f-a11b-431a-9033-bf365c0e6884;b3a27075-c6e5-45a4-b701-44ad5cfea7dc;3d946825-fdb5-462c-a142-196a57efe090;7bbb07aa-21a1-4cb4-b1d6-bb7c6fd03fa8;34e68267-e652-4c2c-927e-834fd91e8cb9]]
2026-04-03 19:18:02.996,47.183,CrossSignalRelativeStable_GT,atomic,[CrossSignalRelativeStable_GT],[1.0000],1,6,1.0000,[dt-1;dt-2;dt-3],[[3d946825-fdb5-462c-a142-196a57efe090;7bbb07aa-21a1-4cb4-b1d6-bb7c6fd03fa8;34e68267-e652-4c2c-927e-834fd91e8cb9;0d413a56-b611-4d09-8607-7c63a14d6338;040b41a2-dc59-465b-9e94-3b99e5e2ee3f;4bf5013b-068e-459d-aca4-c27bbcafe2ba]]
2026-04-03 19:18:02.996,47.183,CrossSignalDivergence_GT,atomic,[CrossSignalDivergence_GT],[1.0000],1,6,1.0000,[dt-1;dt-2;dt-3],[[3d946825-fdb5-462c-a142-196a57efe090;7bbb07aa-21a1-4cb4-b1d6-bb7c6fd03fa8;34e68267-e652-4c2c-927e-834fd91e8cb9;0d413a56-b611-4d09-8607-7c63a14d6338;040b41a2-dc59-465b-9e94-3b99e5e2ee3f;4bf5013b-068e-459d-aca4-c27bbcafe2ba]]
2026-04-03 19:18:03.114,47.301,CrossSignalRelativeStable_GT,atomic,[CrossSignalRelativeStable_GT],[1.0000],1,6,1.0000,[dt-1;dt-2;dt-3],[[0d413a56-b611-4d09-8607-7c63a14d6338;040b41a2-dc59-465b-9e94-3b99e5e2ee3f;4bf5013b-068e-459d-aca4-c27bbcafe2ba;bbcc5b88-f63a-4f1a-a1d9-1822b1585836;e2f8062c-d348-47d4-8337-bfc916efdafa;f304273f-751b-4d69-85b1-71ad645816b8]]
2026-04-03 19:18:03.115,47.302,CrossSignalDivergence_GT,atomic,[CrossSignalDivergence_GT],[1.0000],1,6,1.0000,[dt-1;dt-2;dt-3],[[0d413a56-b611-4d09-8607-7c63a14d6338;040b41a2-dc59-465b-9e94-3b99e5e2ee3f;4bf5013b-068e-459d-aca4-c27bbcafe2ba;bbcc5b88-f63a-4f1a-a1d9-1822b1585836;e2f8062c-d348-47d4-8337-bfc916efdafa;f304273f-751b-4d69-85b1-71ad645816b8]]
2026-04-03 19:18:03.217,47.404,CrossSignalRelativeStable_GT,atomic,[CrossSignalRelativeStable_GT],[1.0000],1,6,1.0000,[dt-1;dt-2;dt-3],[[bbcc5b88-f63a-4f1a-a1d9-1822b1585836;e2f8062c-d348-47d4-8337-bfc916efdafa;f304273f-751b-4d69-85b1-71ad645816b8;df8b4160-688f-4917-a712-499cc84f58dc;096d4ae6-bb50-4f8d-a319-2daff98ad8da;27041881-b7b8-46ed-80ed-eb5dff701d5c]]
2026-04-03 19:18:03.218,47.405,CrossSignalDivergence_GT,atomic,[CrossSignalDivergence_GT],[1.0000],1,6,1.0000,[dt-1;dt-2;dt-3],[[bbcc5b88-f63a-4f1a-a1d9-1822b1585836;e2f8062c-d348-47d4-8337-bfc916efdafa;f304273f-751b-4d69-85b1-71ad645816b8;df8b4160-688f-4917-a712-499cc84f58dc;096d4ae6-bb50-4f8d-a319-2daff98ad8da;27041881-b7b8-46ed-80ed-eb5dff701d5c]]
2026-04-03 19:18:03.338,47.525,CrossSignalRelativeStable_GT,atomic,[CrossSignalRelativeStable_GT],[1.0000],1,6,1.0000,[dt-1;dt-2;dt-3],[[df8b4160-688f-4917-a712-499cc84f58dc;096d4ae6-bb50-4f8d-a319-2daff98ad8da;27041881-b7b8-46ed-80ed-eb5dff701d5c;d79f0e95-da38-42f0-af9b-294793399c0b;7ee13433-a790-4ffe-bba0-006dc57ae89f;c0b59611-164f-46b5-9732-fb023b17314c]]
2026-04-03 19:18:03.338,47.525,CrossSignalDivergence_GT,atomic,[CrossSignalDivergence_GT],[1.0000],1,6,1.0000,[dt-1;dt-2;dt-3],[[df8b4160-688f-4917-a712-499cc84f58dc;096d4ae6-bb50-4f8d-a319-2daff98ad8da;27041881-b7b8-46ed-80ed-eb5dff701d5c;d79f0e95-da38-42f0-af9b-294793399c0b;7ee13433-a790-4ffe-bba0-006dc57ae89f;c0b59611-164f-46b5-9732-fb023b17314c]]
2026-04-03 19:18:03.441,47.628,CrossSignalRelativeStable_GT,atomic,[CrossSignalRelativeStable_GT],[1.0000],1,6,1.0000,[dt-1;dt-2;dt-3],[[d79f0e95-da38-42f0-af9b-294793399c0b;7ee13433-a790-4ffe-bba0-006dc57ae89f;c0b59611-164f-46b5-9732-fb023b17314c;d9da1902-6ba9-41d3-a250-53fd117ae2f7;fa2ce9d1-c97c-481a-9f28-b7bc7c8900f0;bd64a1de-51e6-4781-881b-11ab1f0c1297]]
2026-04-03 19:18:03.442,47.629,CrossSignalDivergence_GT,atomic,[CrossSignalDivergence_GT],[1.0000],1,6,1.0000,[dt-1;dt-2;dt-3],[[d79f0e95-da38-42f0-af9b-294793399c0b;7ee13433-a790-4ffe-bba0-006dc57ae89f;c0b59611-164f-46b5-9732-fb023b17314c;d9da1902-6ba9-41d3-a250-53fd117ae2f7;fa2ce9d1-c97c-481a-9f28-b7bc7c8900f0;bd64a1de-51e6-4781-881b-11ab1f0c1297]]
2026-04-03 19:18:03.559,47.746,CrossSignalRelativeStable_GT,atomic,[CrossSignalRelativeStable_GT],[1.0000],1,6,1.0000,[dt-1;dt-2;dt-3],[[d9da1902-6ba9-41d3-a250-53fd117ae2f7;fa2ce9d1-c97c-481a-9f28-b7bc7c8900f0;bd64a1de-51e6-4781-881b-11ab1f0c1297;75b6a492-e209-4742-a8be-0d3f608e1acf;57303d86-23de-4c0e-b57c-d400907ce960;0bb17198-f398-4561-a94e-c393fb309d66]]
2026-04-03 19:18:03.559,47.746,CrossSignalTrendConsistency_GT,atomic,[CrossSignalTrendConsistency_GT],[1.0000],1,6,1.0000,[dt-1;dt-2;dt-3],[[d9da1902-6ba9-41d3-a250-53fd117ae2f7;fa2ce9d1-c97c-481a-9f28-b7bc7c8900f0;bd64a1de-51e6-4781-881b-11ab1f0c1297;75b6a492-e209-4742-a8be-0d3f608e1acf;57303d86-23de-4c0e-b57c-d400907ce960;0bb17198-f398-4561-a94e-c393fb309d66]]
2026-04-03 19:18:03.559,47.746,CrossSignalDivergence_GT,atomic,[CrossSignalDivergence_GT],[1.0000],1,6,1.0000,[dt-1;dt-2;dt-3],[[d9da1902-6ba9-41d3-a250-53fd117ae2f7;fa2ce9d1-c97c-481a-9f28-b7bc7c8900f0;bd64a1de-51e6-4781-881b-11ab1f0c1297;75b6a492-e209-4742-a8be-0d3f608e1acf;57303d86-23de-4c0e-b57c-d400907ce960;0bb17198-f398-4561-a94e-c393fb309d66]]
2026-04-03 19:18:03.665,47.852,CrossSignalRelativeStable_GT,atomic,[CrossSignalRelativeStable_GT],[1.0000],1,6,1.0000,[dt-1;dt-2;dt-3],[[75b6a492-e209-4742-a8be-0d3f608e1acf;57303d86-23de-4c0e-b57c-d400907ce960;0bb17198-f398-4561-a94e-c393fb309d66;34873ff2-9bf2-42e2-b4b0-6a8945578673;585ebc43-b92e-4a53-9522-25844a779c48;1f295a5a-ae28-4f45-85e8-16d99ecc1301]]
2026-04-03 19:18:03.665,47.852,CrossSignalTrendConsistency_GT,atomic,[CrossSignalTrendConsistency_GT],[1.0000],1,6,1.0000,[dt-1;dt-2;dt-3],[[75b6a492-e209-4742-a8be-0d3f608e1acf;57303d86-23de-4c0e-b57c-d400907ce960;0bb17198-f398-4561-a94e-c393fb309d66;34873ff2-9bf2-42e2-b4b0-6a8945578673;585ebc43-b92e-4a53-9522-25844a779c48;1f295a5a-ae28-4f45-85e8-16d99ecc1301]]
2026-04-03 19:18:03.665,47.852,CrossSignalDivergence_GT,atomic,[CrossSignalDivergence_GT],[1.0000],1,6,1.0000,[dt-1;dt-2;dt-3],[[75b6a492-e209-4742-a8be-0d3f608e1acf;57303d86-23de-4c0e-b57c-d400907ce960;0bb17198-f398-4561-a94e-c393fb309d66;34873ff2-9bf2-42e2-b4b0-6a8945578673;585ebc43-b92e-4a53-9522-25844a779c48;1f295a5a-ae28-4f45-85e8-16d99ecc1301]]
2026-04-03 19:18:03.772,47.959,CrossSignalRelativeStable_GT,atomic,[CrossSignalRelativeStable_GT],[1.0000],1,6,1.0000,[dt-1;dt-2;dt-3],[[34873ff2-9bf2-42e2-b4b0-6a8945578673;585ebc43-b92e-4a53-9522-25844a779c48;1f295a5a-ae28-4f45-85e8-16d99ecc1301;4bc76281-63ac-4f8b-98aa-e9d770be9aeb;8517f3ff-ad3c-4005-98fa-fd32a4418c5f;71f456fa-5c1d-4916-9bf1-70a9d3e2f8f9]]
2026-04-03 19:18:03.772,47.959,CrossSignalTrendConsistency_GT,atomic,[CrossSignalTrendConsistency_GT],[1.0000],1,6,1.0000,[dt-1;dt-2;dt-3],[[34873ff2-9bf2-42e2-b4b0-6a8945578673;585ebc43-b92e-4a53-9522-25844a779c48;1f295a5a-ae28-4f45-85e8-16d99ecc1301;4bc76281-63ac-4f8b-98aa-e9d770be9aeb;8517f3ff-ad3c-4005-98fa-fd32a4418c5f;71f456fa-5c1d-4916-9bf1-70a9d3e2f8f9]]
2026-04-03 19:18:03.772,47.959,CrossSignalDivergence_GT,atomic,[CrossSignalDivergence_GT],[1.0000],1,6,1.0000,[dt-1;dt-2;dt-3],[[34873ff2-9bf2-42e2-b4b0-6a8945578673;585ebc43-b92e-4a53-9522-25844a779c48;1f295a5a-ae28-4f45-85e8-16d99ecc1301;4bc76281-63ac-4f8b-98aa-e9d770be9aeb;8517f3ff-ad3c-4005-98fa-fd32a4418c5f;71f456fa-5c1d-4916-9bf1-70a9d3e2f8f9]]
2026-04-03 19:18:03.879,48.066,CrossSignalRelativeStable_GT,atomic,[CrossSignalRelativeStable_GT],[1.0000],1,6,1.0000,[dt-1;dt-2;dt-3],[[4bc76281-63ac-4f8b-98aa-e9d770be9aeb;8517f3ff-ad3c-4005-98fa-fd32a4418c5f;71f456fa-5c1d-4916-9bf1-70a9d3e2f8f9;20c063e5-aa9d-45be-966d-c80dc65b5ec7;812dcea1-e9cc-4bc4-a833-d865ec5893ce;3b016758-6851-42b7-b363-074af00899cb]]
2026-04-03 19:18:03.879,48.066,CrossSignalTrendConsistency_GT,atomic,[CrossSignalTrendConsistency_GT],[1.0000],1,6,1.0000,[dt-1;dt-2;dt-3],[[4bc76281-63ac-4f8b-98aa-e9d770be9aeb;8517f3ff-ad3c-4005-98fa-fd32a4418c5f;71f456fa-5c1d-4916-9bf1-70a9d3e2f8f9;20c063e5-aa9d-45be-966d-c80dc65b5ec7;812dcea1-e9cc-4bc4-a833-d865ec5893ce;3b016758-6851-42b7-b363-074af00899cb]]
2026-04-03 19:18:03.879,48.066,CrossSignalDivergence_GT,atomic,[CrossSignalDivergence_GT],[1.0000],1,6,1.0000,[dt-1;dt-2;dt-3],[[4bc76281-63ac-4f8b-98aa-e9d770be9aeb;8517f3ff-ad3c-4005-98fa-fd32a4418c5f;71f456fa-5c1d-4916-9bf1-70a9d3e2f8f9;20c063e5-aa9d-45be-966d-c80dc65b5ec7;812dcea1-e9cc-4bc4-a833-d865ec5893ce;3b016758-6851-42b7-b363-074af00899cb]]
2026-04-03 19:18:03.999,48.186,CrossSignalRelativeStable_GT,atomic,[CrossSignalRelativeStable_GT],[1.0000],1,6,1.0000,[dt-1;dt-2;dt-3],[[20c063e5-aa9d-45be-966d-c80dc65b5ec7;812dcea1-e9cc-4bc4-a833-d865ec5893ce;3b016758-6851-42b7-b363-074af00899cb;8a8bbc5b-9a9d-4eca-9129-cd4f6f9e762c;b47b624e-4e87-4111-ab97-58fc95e3f174;5ef5f49a-eba9-4329-a12a-1b68e0d2db56]]
2026-04-03 19:18:03.999,48.186,CrossSignalDivergence_GT,atomic,[CrossSignalDivergence_GT],[1.0000],1,6,1.0000,[dt-1;dt-2;dt-3],[[20c063e5-aa9d-45be-966d-c80dc65b5ec7;812dcea1-e9cc-4bc4-a833-d865ec5893ce;3b016758-6851-42b7-b363-074af00899cb;8a8bbc5b-9a9d-4eca-9129-cd4f6f9e762c;b47b624e-4e87-4111-ab97-58fc95e3f174;5ef5f49a-eba9-4329-a12a-1b68e0d2db56]]
2026-04-03 19:18:04.104,48.291,CrossSignalRelativeStable_GT,atomic,[CrossSignalRelativeStable_GT],[1.0000],1,6,1.0000,[dt-1;dt-2;dt-3],[[8a8bbc5b-9a9d-4eca-9129-cd4f6f9e762c;b47b624e-4e87-4111-ab97-58fc95e3f174;5ef5f49a-eba9-4329-a12a-1b68e0d2db56;a70aa648-2cb3-4c94-b9d6-d4ccbd3b8224;8912bb63-cf14-4885-ad52-27fea94e218c;b5afe371-1b00-49d1-b6b3-4ed67f47e4f0]]
2026-04-03 19:18:04.104,48.291,CrossSignalTrendConsistency_GT,atomic,[CrossSignalTrendConsistency_GT],[1.0000],1,6,1.0000,[dt-1;dt-2;dt-3],[[8a8bbc5b-9a9d-4eca-9129-cd4f6f9e762c;b47b624e-4e87-4111-ab97-58fc95e3f174;5ef5f49a-eba9-4329-a12a-1b68e0d2db56;a70aa648-2cb3-4c94-b9d6-d4ccbd3b8224;8912bb63-cf14-4885-ad52-27fea94e218c;b5afe371-1b00-49d1-b6b3-4ed67f47e4f0]]
2026-04-03 19:18:04.104,48.291,CrossSignalDivergence_GT,atomic,[CrossSignalDivergence_GT],[1.0000],1,6,1.0000,[dt-1;dt-2;dt-3],[[8a8bbc5b-9a9d-4eca-9129-cd4f6f9e762c;b47b624e-4e87-4111-ab97-58fc95e3f174;5ef5f49a-eba9-4329-a12a-1b68e0d2db56;a70aa648-2cb3-4c94-b9d6-d4ccbd3b8224;8912bb63-cf14-4885-ad52-27fea94e218c;b5afe371-1b00-49d1-b6b3-4ed67f47e4f0]]
2026-04-03 19:18:04.227,48.414,CrossSignalRelativeStable_GT,atomic,[CrossSignalRelativeStable_GT],[1.0000],1,6,1.0000,[dt-1;dt-2;dt-3],[[a70aa648-2cb3-4c94-b9d6-d4ccbd3b8224;8912bb63-cf14-4885-ad52-27fea94e218c;b5afe371-1b00-49d1-b6b3-4ed67f47e4f0;58d3a9dc-44a7-45ac-989f-468f02f2e8a9;3c204f74-8b9d-443f-8f55-80c65deac1f5;f5cc7c89-9d96-48e2-a01f-01dd7d1f16d2]]
2026-04-03 19:18:04.227,48.414,CrossSignalDivergence_GT,atomic,[CrossSignalDivergence_GT],[1.0000],1,6,1.0000,[dt-1;dt-2;dt-3],[[a70aa648-2cb3-4c94-b9d6-d4ccbd3b8224;8912bb63-cf14-4885-ad52-27fea94e218c;b5afe371-1b00-49d1-b6b3-4ed67f47e4f0;58d3a9dc-44a7-45ac-989f-468f02f2e8a9;3c204f74-8b9d-443f-8f55-80c65deac1f5;f5cc7c89-9d96-48e2-a01f-01dd7d1f16d2]]
2026-04-03 19:18:04.308,48.495,CrossSignalRelativeStable_SYS,atomic,[CrossSignalRelativeStable_SYS],[0.9618],1,6,0.9618,[dt-1;dt-2;dt-3],[[76f84199-828d-41a3-927e-413d569c9285;5c7f5195-5054-406b-8c5b-e4b5e224e148;4f3d1b94-d1ee-476d-bbbb-4073365f46bb;af781059-295c-41fb-937b-6cd7f739199c;8202c4a5-5569-4b97-90e2-08bb746b0109;6837b029-e142-4425-8b0d-6020c05d31e3]]
2026-04-03 19:18:04.308,48.495,CrossSignalRelativeStable_OBS,atomic,[CrossSignalRelativeStable_OBS],[1.0000],1,6,1.0000,[dt-1;dt-2;dt-3],[[76f84199-828d-41a3-927e-413d569c9285;3a831faf-637b-4a52-a7fa-600d03d5fc98;170e3e0e-42b4-4e43-b4f1-9f77f9234138;af781059-295c-41fb-937b-6cd7f739199c;8202c4a5-5569-4b97-90e2-08bb746b0109;6837b029-e142-4425-8b0d-6020c05d31e3]]
2026-04-03 19:18:04.308,48.495,CrossSignalTrendConsistency_SYS,atomic,[CrossSignalTrendConsistency_SYS],[0.9618],1,6,0.9618,[dt-1;dt-2;dt-3],[[76f84199-828d-41a3-927e-413d569c9285;5c7f5195-5054-406b-8c5b-e4b5e224e148;4f3d1b94-d1ee-476d-bbbb-4073365f46bb;af781059-295c-41fb-937b-6cd7f739199c;8202c4a5-5569-4b97-90e2-08bb746b0109;6837b029-e142-4425-8b0d-6020c05d31e3]]
2026-04-03 19:18:04.308,48.495,CrossSignalDivergence_SYS,atomic,[CrossSignalDivergence_SYS],[0.9618],1,6,0.9618,[dt-1;dt-2;dt-3],[[76f84199-828d-41a3-927e-413d569c9285;5c7f5195-5054-406b-8c5b-e4b5e224e148;4f3d1b94-d1ee-476d-bbbb-4073365f46bb;af781059-295c-41fb-937b-6cd7f739199c;8202c4a5-5569-4b97-90e2-08bb746b0109;6837b029-e142-4425-8b0d-6020c05d31e3]]
2026-04-03 19:18:04.308,48.495,CrossSignalDivergence_OBS,atomic,[CrossSignalDivergence_OBS],[1.0000],1,6,1.0000,[dt-1;dt-2;dt-3],[[76f84199-828d-41a3-927e-413d569c9285;3a831faf-637b-4a52-a7fa-600d03d5fc98;170e3e0e-42b4-4e43-b4f1-9f77f9234138;af781059-295c-41fb-937b-6cd7f739199c;8202c4a5-5569-4b97-90e2-08bb746b0109;6837b029-e142-4425-8b0d-6020c05d31e3]]
2026-04-03 19:18:04.320,48.507,CrossSignalRelativeStable_GT,atomic,[CrossSignalRelativeStable_GT],[1.0000],1,6,1.0000,[dt-1;dt-2;dt-3],[[58d3a9dc-44a7-45ac-989f-468f02f2e8a9;3c204f74-8b9d-443f-8f55-80c65deac1f5;f5cc7c89-9d96-48e2-a01f-01dd7d1f16d2;011036d2-fa56-4308-a4d3-9005a6076575;57c74d79-c03d-40fe-bdeb-9ce753ab0510;f1b3e8a2-7d11-43d5-9ff1-bb4d0df75e9a]]
2026-04-03 19:18:04.321,48.508,CrossSignalDivergence_GT,atomic,[CrossSignalDivergence_GT],[1.0000],1,6,1.0000,[dt-1;dt-2;dt-3],[[58d3a9dc-44a7-45ac-989f-468f02f2e8a9;3c204f74-8b9d-443f-8f55-80c65deac1f5;f5cc7c89-9d96-48e2-a01f-01dd7d1f16d2;011036d2-fa56-4308-a4d3-9005a6076575;57c74d79-c03d-40fe-bdeb-9ce753ab0510;f1b3e8a2-7d11-43d5-9ff1-bb4d0df75e9a]]
2026-04-03 19:18:04.417,48.604,CrossSignalTrendConsistency_SYS,atomic,[CrossSignalTrendConsistency_SYS],[1.0000],1,6,1.0000,[dt-1;dt-2;dt-3],[[af781059-295c-41fb-937b-6cd7f739199c;8202c4a5-5569-4b97-90e2-08bb746b0109;6837b029-e142-4425-8b0d-6020c05d31e3;47c53da6-4e12-48da-bf8d-bd228d3ad97d;79470f86-6c2b-4915-b13b-491c275be147;9552373a-b4b1-420d-b1df-3d18a99429f6]]
2026-04-03 19:18:04.417,48.604,CrossSignalTrendConsistency_OBS,atomic,[CrossSignalTrendConsistency_OBS],[1.0000],1,6,1.0000,[dt-1;dt-2;dt-3],[[af781059-295c-41fb-937b-6cd7f739199c;8202c4a5-5569-4b97-90e2-08bb746b0109;6837b029-e142-4425-8b0d-6020c05d31e3;47c53da6-4e12-48da-bf8d-bd228d3ad97d;79470f86-6c2b-4915-b13b-491c275be147;9552373a-b4b1-420d-b1df-3d18a99429f6]]
2026-04-03 19:18:04.417,48.604,CrossSignalDivergence_SYS,atomic,[CrossSignalDivergence_SYS],[1.0000],1,6,1.0000,[dt-1;dt-2;dt-3],[[af781059-295c-41fb-937b-6cd7f739199c;8202c4a5-5569-4b97-90e2-08bb746b0109;6837b029-e142-4425-8b0d-6020c05d31e3;47c53da6-4e12-48da-bf8d-bd228d3ad97d;79470f86-6c2b-4915-b13b-491c275be147;9552373a-b4b1-420d-b1df-3d18a99429f6]]
2026-04-03 19:18:04.417,48.604,CrossSignalDivergence_OBS,atomic,[CrossSignalDivergence_OBS],[1.0000],1,6,1.0000,[dt-1;dt-2;dt-3],[[af781059-295c-41fb-937b-6cd7f739199c;8202c4a5-5569-4b97-90e2-08bb746b0109;6837b029-e142-4425-8b0d-6020c05d31e3;47c53da6-4e12-48da-bf8d-bd228d3ad97d;79470f86-6c2b-4915-b13b-491c275be147;9552373a-b4b1-420d-b1df-3d18a99429f6]]
2026-04-03 19:18:04.434,48.621,CrossSignalRelativeStable_GT,atomic,[CrossSignalRelativeStable_GT],[1.0000],1,6,1.0000,[dt-1;dt-2;dt-3],[[011036d2-fa56-4308-a4d3-9005a6076575;57c74d79-c03d-40fe-bdeb-9ce753ab0510;f1b3e8a2-7d11-43d5-9ff1-bb4d0df75e9a;a8484cce-4911-47f7-ad81-6273a7cad4fe;3721c108-7e8e-4363-95c9-5a94445b41a5;2706ccdf-e7c5-486a-a633-06705ccf32ec]]
2026-04-03 19:18:04.434,48.621,CrossSignalDivergence_GT,atomic,[CrossSignalDivergence_GT],[1.0000],1,6,1.0000,[dt-1;dt-2;dt-3],[[011036d2-fa56-4308-a4d3-9005a6076575;57c74d79-c03d-40fe-bdeb-9ce753ab0510;f1b3e8a2-7d11-43d5-9ff1-bb4d0df75e9a;a8484cce-4911-47f7-ad81-6273a7cad4fe;3721c108-7e8e-4363-95c9-5a94445b41a5;2706ccdf-e7c5-486a-a633-06705ccf32ec]]
2026-04-03 19:18:04.530,48.717,CrossSignalRelativeStable_SYS,atomic,[CrossSignalRelativeStable_SYS],[1.0000],1,6,1.0000,[dt-1;dt-2;dt-3],[[47c53da6-4e12-48da-bf8d-bd228d3ad97d;79470f86-6c2b-4915-b13b-491c275be147;9552373a-b4b1-420d-b1df-3d18a99429f6;bf8323a3-ab4c-4b0f-8f06-fceeb5d97edb;6642bda5-b4f8-4125-822e-26757d506a4a;04dfc44d-6e9c-4988-9217-2f3abbd4fab9]]
2026-04-03 19:18:04.530,48.717,CrossSignalRelativeStable_OBS,atomic,[CrossSignalRelativeStable_OBS],[1.0000],1,6,1.0000,[dt-1;dt-2;dt-3],[[47c53da6-4e12-48da-bf8d-bd228d3ad97d;79470f86-6c2b-4915-b13b-491c275be147;9552373a-b4b1-420d-b1df-3d18a99429f6;bf8323a3-ab4c-4b0f-8f06-fceeb5d97edb;6642bda5-b4f8-4125-822e-26757d506a4a;04dfc44d-6e9c-4988-9217-2f3abbd4fab9]]
2026-04-03 19:18:04.530,48.717,CrossSignalDivergence_SYS,atomic,[CrossSignalDivergence_SYS],[1.0000],1,6,1.0000,[dt-1;dt-2;dt-3],[[47c53da6-4e12-48da-bf8d-bd228d3ad97d;79470f86-6c2b-4915-b13b-491c275be147;9552373a-b4b1-420d-b1df-3d18a99429f6;bf8323a3-ab4c-4b0f-8f06-fceeb5d97edb;6642bda5-b4f8-4125-822e-26757d506a4a;04dfc44d-6e9c-4988-9217-2f3abbd4fab9]]
2026-04-03 19:18:04.530,48.717,CrossSignalDivergence_OBS,atomic,[CrossSignalDivergence_OBS],[1.0000],1,6,1.0000,[dt-1;dt-2;dt-3],[[47c53da6-4e12-48da-bf8d-bd228d3ad97d;79470f86-6c2b-4915-b13b-491c275be147;9552373a-b4b1-420d-b1df-3d18a99429f6;bf8323a3-ab4c-4b0f-8f06-fceeb5d97edb;6642bda5-b4f8-4125-822e-26757d506a4a;04dfc44d-6e9c-4988-9217-2f3abbd4fab9]]
2026-04-03 19:18:04.548,48.735,CrossSignalRelativeStable_GT,atomic,[CrossSignalRelativeStable_GT],[1.0000],1,6,1.0000,[dt-1;dt-2;dt-3],[[a8484cce-4911-47f7-ad81-6273a7cad4fe;3721c108-7e8e-4363-95c9-5a94445b41a5;2706ccdf-e7c5-486a-a633-06705ccf32ec;4d92e505-e8eb-49d9-9f09-a3da106aee95;9e585b7e-cdd1-488a-aa09-b818a1c4327f;9689de5c-bcf0-462e-9593-34d17dfbdc33]]
2026-04-03 19:18:04.548,48.735,CrossSignalDivergence_GT,atomic,[CrossSignalDivergence_GT],[1.0000],1,6,1.0000,[dt-1;dt-2;dt-3],[[a8484cce-4911-47f7-ad81-6273a7cad4fe;3721c108-7e8e-4363-95c9-5a94445b41a5;2706ccdf-e7c5-486a-a633-06705ccf32ec;4d92e505-e8eb-49d9-9f09-a3da106aee95;9e585b7e-cdd1-488a-aa09-b818a1c4327f;9689de5c-bcf0-462e-9593-34d17dfbdc33]]
2026-04-03 19:18:04.639,48.826,CrossSignalRelativeStable_SYS,atomic,[CrossSignalRelativeStable_SYS],[1.0000],1,6,1.0000,[dt-1;dt-2;dt-3],[[bf8323a3-ab4c-4b0f-8f06-fceeb5d97edb;6642bda5-b4f8-4125-822e-26757d506a4a;04dfc44d-6e9c-4988-9217-2f3abbd4fab9;d5310c32-58d1-4e84-878f-68045438506b;c1d01ee9-ffe2-40da-a7c0-4bbf9c9f52e5;e4b18c1f-1198-4521-be65-02b59bef414b]]
2026-04-03 19:18:04.639,48.826,CrossSignalRelativeStable_OBS,atomic,[CrossSignalRelativeStable_OBS],[1.0000],1,6,1.0000,[dt-1;dt-2;dt-3],[[bf8323a3-ab4c-4b0f-8f06-fceeb5d97edb;6642bda5-b4f8-4125-822e-26757d506a4a;04dfc44d-6e9c-4988-9217-2f3abbd4fab9;d5310c32-58d1-4e84-878f-68045438506b;c1d01ee9-ffe2-40da-a7c0-4bbf9c9f52e5;e4b18c1f-1198-4521-be65-02b59bef414b]]
2026-04-03 19:18:04.639,48.826,CrossSignalDivergence_SYS,atomic,[CrossSignalDivergence_SYS],[1.0000],1,6,1.0000,[dt-1;dt-2;dt-3],[[bf8323a3-ab4c-4b0f-8f06-fceeb5d97edb;6642bda5-b4f8-4125-822e-26757d506a4a;04dfc44d-6e9c-4988-9217-2f3abbd4fab9;d5310c32-58d1-4e84-878f-68045438506b;c1d01ee9-ffe2-40da-a7c0-4bbf9c9f52e5;e4b18c1f-1198-4521-be65-02b59bef414b]]
2026-04-03 19:18:04.639,48.826,CrossSignalDivergence_OBS,atomic,[CrossSignalDivergence_OBS],[1.0000],1,6,1.0000,[dt-1;dt-2;dt-3],[[bf8323a3-ab4c-4b0f-8f06-fceeb5d97edb;6642bda5-b4f8-4125-822e-26757d506a4a;04dfc44d-6e9c-4988-9217-2f3abbd4fab9;d5310c32-58d1-4e84-878f-68045438506b;c1d01ee9-ffe2-40da-a7c0-4bbf9c9f52e5;e4b18c1f-1198-4521-be65-02b59bef414b]]
2026-04-03 19:18:04.658,48.845,CrossSignalRelativeStable_GT,atomic,[CrossSignalRelativeStable_GT],[1.0000],1,6,1.0000,[dt-1;dt-2;dt-3],[[4d92e505-e8eb-49d9-9f09-a3da106aee95;9e585b7e-cdd1-488a-aa09-b818a1c4327f;9689de5c-bcf0-462e-9593-34d17dfbdc33;1a0fa729-ab3a-4e1a-816d-77d0e5642272;242fbea9-d06f-4098-b853-a680367d1532;220df98d-a583-49ff-b4d0-822ea74f3150]]
2026-04-03 19:18:04.658,48.845,CrossSignalDivergence_GT,atomic,[CrossSignalDivergence_GT],[1.0000],1,6,1.0000,[dt-1;dt-2;dt-3],[[4d92e505-e8eb-49d9-9f09-a3da106aee95;9e585b7e-cdd1-488a-aa09-b818a1c4327f;9689de5c-bcf0-462e-9593-34d17dfbdc33;1a0fa729-ab3a-4e1a-816d-77d0e5642272;242fbea9-d06f-4098-b853-a680367d1532;220df98d-a583-49ff-b4d0-822ea74f3150]]
2026-04-03 19:18:04.749,48.936,CrossSignalRelativeStable_SYS,atomic,[CrossSignalRelativeStable_SYS],[1.0000],1,6,1.0000,[dt-1;dt-2;dt-3],[[d5310c32-58d1-4e84-878f-68045438506b;c1d01ee9-ffe2-40da-a7c0-4bbf9c9f52e5;e4b18c1f-1198-4521-be65-02b59bef414b;c1c9081f-bbe5-41d8-bd0e-b9eb85139c68;62556faa-447e-40a4-aa2e-3093ba9e546a;3ff9d98f-989e-4138-ba6b-d33ce2370691]]
2026-04-03 19:18:04.749,48.936,CrossSignalRelativeStable_OBS,atomic,[CrossSignalRelativeStable_OBS],[1.0000],1,6,1.0000,[dt-1;dt-2;dt-3],[[d5310c32-58d1-4e84-878f-68045438506b;c1d01ee9-ffe2-40da-a7c0-4bbf9c9f52e5;e4b18c1f-1198-4521-be65-02b59bef414b;c1c9081f-bbe5-41d8-bd0e-b9eb85139c68;62556faa-447e-40a4-aa2e-3093ba9e546a;3ff9d98f-989e-4138-ba6b-d33ce2370691]]
2026-04-03 19:18:04.749,48.936,CrossSignalTrendConsistency_SYS,atomic,[CrossSignalTrendConsistency_SYS],[1.0000],1,6,1.0000,[dt-1;dt-2;dt-3],[[d5310c32-58d1-4e84-878f-68045438506b;c1d01ee9-ffe2-40da-a7c0-4bbf9c9f52e5;e4b18c1f-1198-4521-be65-02b59bef414b;c1c9081f-bbe5-41d8-bd0e-b9eb85139c68;62556faa-447e-40a4-aa2e-3093ba9e546a;3ff9d98f-989e-4138-ba6b-d33ce2370691]]
2026-04-03 19:18:04.749,48.936,CrossSignalTrendConsistency_OBS,atomic,[CrossSignalTrendConsistency_OBS],[1.0000],1,6,1.0000,[dt-1;dt-2;dt-3],[[d5310c32-58d1-4e84-878f-68045438506b;c1d01ee9-ffe2-40da-a7c0-4bbf9c9f52e5;e4b18c1f-1198-4521-be65-02b59bef414b;c1c9081f-bbe5-41d8-bd0e-b9eb85139c68;62556faa-447e-40a4-aa2e-3093ba9e546a;3ff9d98f-989e-4138-ba6b-d33ce2370691]]
2026-04-03 19:18:04.749,48.936,CrossSignalDivergence_SYS,atomic,[CrossSignalDivergence_SYS],[1.0000],1,6,1.0000,[dt-1;dt-2;dt-3],[[d5310c32-58d1-4e84-878f-68045438506b;c1d01ee9-ffe2-40da-a7c0-4bbf9c9f52e5;e4b18c1f-1198-4521-be65-02b59bef414b;c1c9081f-bbe5-41d8-bd0e-b9eb85139c68;62556faa-447e-40a4-aa2e-3093ba9e546a;3ff9d98f-989e-4138-ba6b-d33ce2370691]]
2026-04-03 19:18:04.749,48.936,CrossSignalDivergence_OBS,atomic,[CrossSignalDivergence_OBS],[1.0000],1,6,1.0000,[dt-1;dt-2;dt-3],[[d5310c32-58d1-4e84-878f-68045438506b;c1d01ee9-ffe2-40da-a7c0-4bbf9c9f52e5;e4b18c1f-1198-4521-be65-02b59bef414b;c1c9081f-bbe5-41d8-bd0e-b9eb85139c68;62556faa-447e-40a4-aa2e-3093ba9e546a;3ff9d98f-989e-4138-ba6b-d33ce2370691]]
2026-04-03 19:18:04.767,48.954,CrossSignalRelativeStable_GT,atomic,[CrossSignalRelativeStable_GT],[1.0000],1,6,1.0000,[dt-1;dt-2;dt-3],[[1a0fa729-ab3a-4e1a-816d-77d0e5642272;242fbea9-d06f-4098-b853-a680367d1532;220df98d-a583-49ff-b4d0-822ea74f3150;d37ddb6d-c1d1-43c5-9b23-b442a0cf9b3e;60155f59-f9a9-4ec8-8a88-eb0d0f2edfb0;64ec39bd-ffb3-4d38-948a-e85460ea1814]]
2026-04-03 19:18:04.767,48.954,CrossSignalTrendConsistency_GT,atomic,[CrossSignalTrendConsistency_GT],[1.0000],1,6,1.0000,[dt-1;dt-2;dt-3],[[1a0fa729-ab3a-4e1a-816d-77d0e5642272;242fbea9-d06f-4098-b853-a680367d1532;220df98d-a583-49ff-b4d0-822ea74f3150;d37ddb6d-c1d1-43c5-9b23-b442a0cf9b3e;60155f59-f9a9-4ec8-8a88-eb0d0f2edfb0;64ec39bd-ffb3-4d38-948a-e85460ea1814]]
2026-04-03 19:18:04.767,48.954,CrossSignalDivergence_GT,atomic,[CrossSignalDivergence_GT],[1.0000],1,6,1.0000,[dt-1;dt-2;dt-3],[[1a0fa729-ab3a-4e1a-816d-77d0e5642272;242fbea9-d06f-4098-b853-a680367d1532;220df98d-a583-49ff-b4d0-822ea74f3150;d37ddb6d-c1d1-43c5-9b23-b442a0cf9b3e;60155f59-f9a9-4ec8-8a88-eb0d0f2edfb0;64ec39bd-ffb3-4d38-948a-e85460ea1814]]
2026-04-03 19:18:04.859,49.046,CrossSignalRelativeStable_SYS,atomic,[CrossSignalRelativeStable_SYS],[1.0000],1,6,1.0000,[dt-1;dt-2;dt-3],[[c1c9081f-bbe5-41d8-bd0e-b9eb85139c68;62556faa-447e-40a4-aa2e-3093ba9e546a;3ff9d98f-989e-4138-ba6b-d33ce2370691;b88ac4b9-2aa8-469f-b5f4-cf959f188006;ceecb773-5654-4295-9962-99dbda74938f;66c1d6ca-4d62-4da4-9753-acb16feb6617]]
2026-04-03 19:18:04.859,49.046,CrossSignalRelativeStable_OBS,atomic,[CrossSignalRelativeStable_OBS],[1.0000],1,6,1.0000,[dt-1;dt-2;dt-3],[[c1c9081f-bbe5-41d8-bd0e-b9eb85139c68;62556faa-447e-40a4-aa2e-3093ba9e546a;3ff9d98f-989e-4138-ba6b-d33ce2370691;b88ac4b9-2aa8-469f-b5f4-cf959f188006;ceecb773-5654-4295-9962-99dbda74938f;66c1d6ca-4d62-4da4-9753-acb16feb6617]]
2026-04-03 19:18:04.859,49.046,CrossSignalDivergence_SYS,atomic,[CrossSignalDivergence_SYS],[1.0000],1,6,1.0000,[dt-1;dt-2;dt-3],[[c1c9081f-bbe5-41d8-bd0e-b9eb85139c68;62556faa-447e-40a4-aa2e-3093ba9e546a;3ff9d98f-989e-4138-ba6b-d33ce2370691;b88ac4b9-2aa8-469f-b5f4-cf959f188006;ceecb773-5654-4295-9962-99dbda74938f;66c1d6ca-4d62-4da4-9753-acb16feb6617]]
2026-04-03 19:18:04.859,49.046,CrossSignalDivergence_OBS,atomic,[CrossSignalDivergence_OBS],[1.0000],1,6,1.0000,[dt-1;dt-2;dt-3],[[c1c9081f-bbe5-41d8-bd0e-b9eb85139c68;62556faa-447e-40a4-aa2e-3093ba9e546a;3ff9d98f-989e-4138-ba6b-d33ce2370691;b88ac4b9-2aa8-469f-b5f4-cf959f188006;ceecb773-5654-4295-9962-99dbda74938f;66c1d6ca-4d62-4da4-9753-acb16feb6617]]
2026-04-03 19:18:04.877,49.064,CrossSignalRelativeStable_GT,atomic,[CrossSignalRelativeStable_GT],[1.0000],1,6,1.0000,[dt-1;dt-2;dt-3],[[d37ddb6d-c1d1-43c5-9b23-b442a0cf9b3e;60155f59-f9a9-4ec8-8a88-eb0d0f2edfb0;64ec39bd-ffb3-4d38-948a-e85460ea1814;cc89188d-6864-4fb6-a1b7-7d5a2ffb12f2;0cc0a5ff-54f3-4273-a2e1-2f22f68f6d79;bea05827-8783-4953-97e7-195a2fd330ca]]
2026-04-03 19:18:04.877,49.064,CrossSignalDivergence_GT,atomic,[CrossSignalDivergence_GT],[1.0000],1,6,1.0000,[dt-1;dt-2;dt-3],[[d37ddb6d-c1d1-43c5-9b23-b442a0cf9b3e;60155f59-f9a9-4ec8-8a88-eb0d0f2edfb0;64ec39bd-ffb3-4d38-948a-e85460ea1814;cc89188d-6864-4fb6-a1b7-7d5a2ffb12f2;0cc0a5ff-54f3-4273-a2e1-2f22f68f6d79;bea05827-8783-4953-97e7-195a2fd330ca]]
2026-04-03 19:18:04.970,49.157,CrossSignalRelativeStable_SYS,atomic,[CrossSignalRelativeStable_SYS],[1.0000],1,6,1.0000,[dt-1;dt-2;dt-3],[[b88ac4b9-2aa8-469f-b5f4-cf959f188006;ceecb773-5654-4295-9962-99dbda74938f;66c1d6ca-4d62-4da4-9753-acb16feb6617;86d9c1d3-10b3-4cf8-9d20-0f3ac8c00adf;3136f4c4-c10b-4121-8a51-59dbce63f439;3237a55d-0660-4138-a9fe-be774400eb0b]]
2026-04-03 19:18:04.970,49.157,CrossSignalRelativeStable_OBS,atomic,[CrossSignalRelativeStable_OBS],[1.0000],1,6,1.0000,[dt-1;dt-2;dt-3],[[b88ac4b9-2aa8-469f-b5f4-cf959f188006;ceecb773-5654-4295-9962-99dbda74938f;66c1d6ca-4d62-4da4-9753-acb16feb6617;86d9c1d3-10b3-4cf8-9d20-0f3ac8c00adf;3136f4c4-c10b-4121-8a51-59dbce63f439;3237a55d-0660-4138-a9fe-be774400eb0b]]
2026-04-03 19:18:04.970,49.157,CrossSignalDivergence_SYS,atomic,[CrossSignalDivergence_SYS],[1.0000],1,6,1.0000,[dt-1;dt-2;dt-3],[[b88ac4b9-2aa8-469f-b5f4-cf959f188006;ceecb773-5654-4295-9962-99dbda74938f;66c1d6ca-4d62-4da4-9753-acb16feb6617;86d9c1d3-10b3-4cf8-9d20-0f3ac8c00adf;3136f4c4-c10b-4121-8a51-59dbce63f439;3237a55d-0660-4138-a9fe-be774400eb0b]]
2026-04-03 19:18:04.970,49.157,CrossSignalDivergence_OBS,atomic,[CrossSignalDivergence_OBS],[1.0000],1,6,1.0000,[dt-1;dt-2;dt-3],[[b88ac4b9-2aa8-469f-b5f4-cf959f188006;ceecb773-5654-4295-9962-99dbda74938f;66c1d6ca-4d62-4da4-9753-acb16feb6617;86d9c1d3-10b3-4cf8-9d20-0f3ac8c00adf;3136f4c4-c10b-4121-8a51-59dbce63f439;3237a55d-0660-4138-a9fe-be774400eb0b]]
2026-04-03 19:18:04.989,49.176,CrossSignalRelativeStable_GT,atomic,[CrossSignalRelativeStable_GT],[1.0000],1,6,1.0000,[dt-1;dt-2;dt-3],[[cc89188d-6864-4fb6-a1b7-7d5a2ffb12f2;0cc0a5ff-54f3-4273-a2e1-2f22f68f6d79;bea05827-8783-4953-97e7-195a2fd330ca;5f95cff0-c6a6-4367-9e1f-5e2ffe498b27;9330450e-6b1e-4471-86d2-e88f888031df;9f6b1c34-4950-467d-9233-6c01e5dcb1e5]]
2026-04-03 19:18:04.989,49.176,CrossSignalDivergence_GT,atomic,[CrossSignalDivergence_GT],[1.0000],1,6,1.0000,[dt-1;dt-2;dt-3],[[cc89188d-6864-4fb6-a1b7-7d5a2ffb12f2;0cc0a5ff-54f3-4273-a2e1-2f22f68f6d79;bea05827-8783-4953-97e7-195a2fd330ca;5f95cff0-c6a6-4367-9e1f-5e2ffe498b27;9330450e-6b1e-4471-86d2-e88f888031df;9f6b1c34-4950-467d-9233-6c01e5dcb1e5]]
2026-04-03 19:18:05.081,49.268,CrossSignalRelativeStable_SYS,atomic,[CrossSignalRelativeStable_SYS],[1.0000],1,6,1.0000,[dt-1;dt-2;dt-3],[[86d9c1d3-10b3-4cf8-9d20-0f3ac8c00adf;3136f4c4-c10b-4121-8a51-59dbce63f439;3237a55d-0660-4138-a9fe-be774400eb0b;0ea55594-beff-4b24-88a6-9df86a82f114;eaa2d9af-2eef-4beb-a2db-f80fc5565749;15462b85-71a5-42d5-b60d-7d8aec1fa7eb]]
2026-04-03 19:18:05.082,49.269,CrossSignalRelativeStable_OBS,atomic,[CrossSignalRelativeStable_OBS],[1.0000],1,6,1.0000,[dt-1;dt-2;dt-3],[[86d9c1d3-10b3-4cf8-9d20-0f3ac8c00adf;3136f4c4-c10b-4121-8a51-59dbce63f439;3237a55d-0660-4138-a9fe-be774400eb0b;0ea55594-beff-4b24-88a6-9df86a82f114;eaa2d9af-2eef-4beb-a2db-f80fc5565749;15462b85-71a5-42d5-b60d-7d8aec1fa7eb]]
2026-04-03 19:18:05.082,49.269,CrossSignalDivergence_SYS,atomic,[CrossSignalDivergence_SYS],[1.0000],1,6,1.0000,[dt-1;dt-2;dt-3],[[86d9c1d3-10b3-4cf8-9d20-0f3ac8c00adf;3136f4c4-c10b-4121-8a51-59dbce63f439;3237a55d-0660-4138-a9fe-be774400eb0b;0ea55594-beff-4b24-88a6-9df86a82f114;eaa2d9af-2eef-4beb-a2db-f80fc5565749;15462b85-71a5-42d5-b60d-7d8aec1fa7eb]]
2026-04-03 19:18:05.082,49.269,CrossSignalDivergence_OBS,atomic,[CrossSignalDivergence_OBS],[1.0000],1,6,1.0000,[dt-1;dt-2;dt-3],[[86d9c1d3-10b3-4cf8-9d20-0f3ac8c00adf;3136f4c4-c10b-4121-8a51-59dbce63f439;3237a55d-0660-4138-a9fe-be774400eb0b;0ea55594-beff-4b24-88a6-9df86a82f114;eaa2d9af-2eef-4beb-a2db-f80fc5565749;15462b85-71a5-42d5-b60d-7d8aec1fa7eb]]
2026-04-03 19:18:05.100,49.287,CrossSignalRelativeStable_GT,atomic,[CrossSignalRelativeStable_GT],[1.0000],1,6,1.0000,[dt-1;dt-2;dt-3],[[5f95cff0-c6a6-4367-9e1f-5e2ffe498b27;9330450e-6b1e-4471-86d2-e88f888031df;9f6b1c34-4950-467d-9233-6c01e5dcb1e5;0db01aee-677b-4f1f-ae02-8c315756b8f9;8ff1897b-750e-4cde-8d53-a4475b8d3a25;2caade92-b3ae-41e6-8d3a-64ada5137cc1]]
2026-04-03 19:18:05.100,49.287,CrossSignalDivergence_GT,atomic,[CrossSignalDivergence_GT],[1.0000],1,6,1.0000,[dt-1;dt-2;dt-3],[[5f95cff0-c6a6-4367-9e1f-5e2ffe498b27;9330450e-6b1e-4471-86d2-e88f888031df;9f6b1c34-4950-467d-9233-6c01e5dcb1e5;0db01aee-677b-4f1f-ae02-8c315756b8f9;8ff1897b-750e-4cde-8d53-a4475b8d3a25;2caade92-b3ae-41e6-8d3a-64ada5137cc1]]
2026-04-03 19:18:05.190,49.377,CrossSignalRelativeStable_SYS,atomic,[CrossSignalRelativeStable_SYS],[1.0000],1,6,1.0000,[dt-1;dt-2;dt-3],[[0ea55594-beff-4b24-88a6-9df86a82f114;eaa2d9af-2eef-4beb-a2db-f80fc5565749;15462b85-71a5-42d5-b60d-7d8aec1fa7eb;4ea93090-930f-4699-9e0b-a927e2b7dc14;cab0dce2-9143-407b-a376-598218e77d42;8c340d2e-c0bb-47c8-8ab5-11331cf5082d]]
2026-04-03 19:18:05.190,49.377,CrossSignalRelativeStable_OBS,atomic,[CrossSignalRelativeStable_OBS],[1.0000],1,6,1.0000,[dt-1;dt-2;dt-3],[[0ea55594-beff-4b24-88a6-9df86a82f114;eaa2d9af-2eef-4beb-a2db-f80fc5565749;15462b85-71a5-42d5-b60d-7d8aec1fa7eb;4ea93090-930f-4699-9e0b-a927e2b7dc14;cab0dce2-9143-407b-a376-598218e77d42;8c340d2e-c0bb-47c8-8ab5-11331cf5082d]]
2026-04-03 19:18:05.190,49.377,CrossSignalDivergence_SYS,atomic,[CrossSignalDivergence_SYS],[1.0000],1,6,1.0000,[dt-1;dt-2;dt-3],[[0ea55594-beff-4b24-88a6-9df86a82f114;eaa2d9af-2eef-4beb-a2db-f80fc5565749;15462b85-71a5-42d5-b60d-7d8aec1fa7eb;4ea93090-930f-4699-9e0b-a927e2b7dc14;cab0dce2-9143-407b-a376-598218e77d42;8c340d2e-c0bb-47c8-8ab5-11331cf5082d]]
2026-04-03 19:18:05.190,49.377,CrossSignalDivergence_OBS,atomic,[CrossSignalDivergence_OBS],[1.0000],1,6,1.0000,[dt-1;dt-2;dt-3],[[0ea55594-beff-4b24-88a6-9df86a82f114;eaa2d9af-2eef-4beb-a2db-f80fc5565749;15462b85-71a5-42d5-b60d-7d8aec1fa7eb;4ea93090-930f-4699-9e0b-a927e2b7dc14;cab0dce2-9143-407b-a376-598218e77d42;8c340d2e-c0bb-47c8-8ab5-11331cf5082d]]
2026-04-03 19:18:05.209,49.396,CrossSignalRelativeStable_GT,atomic,[CrossSignalRelativeStable_GT],[1.0000],1,6,1.0000,[dt-1;dt-2;dt-3],[[0db01aee-677b-4f1f-ae02-8c315756b8f9;8ff1897b-750e-4cde-8d53-a4475b8d3a25;2caade92-b3ae-41e6-8d3a-64ada5137cc1;30e61a23-b05d-4a1c-bff8-0e75159c04c3;523469a9-3f7c-48c5-9745-3c50d5e6b6c7;449fa28d-f4fd-44df-9616-9a9548cb34e8]]
2026-04-03 19:18:05.209,49.396,CrossSignalDivergence_GT,atomic,[CrossSignalDivergence_GT],[1.0000],1,6,1.0000,[dt-1;dt-2;dt-3],[[0db01aee-677b-4f1f-ae02-8c315756b8f9;8ff1897b-750e-4cde-8d53-a4475b8d3a25;2caade92-b3ae-41e6-8d3a-64ada5137cc1;30e61a23-b05d-4a1c-bff8-0e75159c04c3;523469a9-3f7c-48c5-9745-3c50d5e6b6c7;449fa28d-f4fd-44df-9616-9a9548cb34e8]]
2026-04-03 19:18:05.304,49.491,CrossSignalRelativeStable_SYS,atomic,[CrossSignalRelativeStable_SYS],[1.0000],1,6,1.0000,[dt-1;dt-2;dt-3],[[4ea93090-930f-4699-9e0b-a927e2b7dc14;cab0dce2-9143-407b-a376-598218e77d42;8c340d2e-c0bb-47c8-8ab5-11331cf5082d;7946a91d-ce96-4761-8e86-ddcee8e9a60a;b9427593-524a-44b6-b686-b08e727b7b17;2dfcac63-e61e-4346-a765-19473d7d75d4]]
2026-04-03 19:18:05.304,49.491,CrossSignalRelativeStable_OBS,atomic,[CrossSignalRelativeStable_OBS],[1.0000],1,6,1.0000,[dt-1;dt-2;dt-3],[[4ea93090-930f-4699-9e0b-a927e2b7dc14;cab0dce2-9143-407b-a376-598218e77d42;8c340d2e-c0bb-47c8-8ab5-11331cf5082d;7946a91d-ce96-4761-8e86-ddcee8e9a60a;b9427593-524a-44b6-b686-b08e727b7b17;2dfcac63-e61e-4346-a765-19473d7d75d4]]
2026-04-03 19:18:05.304,49.491,CrossSignalTrendConsistency_SYS,atomic,[CrossSignalTrendConsistency_SYS],[1.0000],1,6,1.0000,[dt-1;dt-2;dt-3],[[4ea93090-930f-4699-9e0b-a927e2b7dc14;cab0dce2-9143-407b-a376-598218e77d42;8c340d2e-c0bb-47c8-8ab5-11331cf5082d;7946a91d-ce96-4761-8e86-ddcee8e9a60a;b9427593-524a-44b6-b686-b08e727b7b17;2dfcac63-e61e-4346-a765-19473d7d75d4]]
2026-04-03 19:18:05.304,49.491,CrossSignalTrendConsistency_OBS,atomic,[CrossSignalTrendConsistency_OBS],[1.0000],1,6,1.0000,[dt-1;dt-2;dt-3],[[4ea93090-930f-4699-9e0b-a927e2b7dc14;cab0dce2-9143-407b-a376-598218e77d42;8c340d2e-c0bb-47c8-8ab5-11331cf5082d;7946a91d-ce96-4761-8e86-ddcee8e9a60a;b9427593-524a-44b6-b686-b08e727b7b17;2dfcac63-e61e-4346-a765-19473d7d75d4]]
2026-04-03 19:18:05.304,49.491,CrossSignalDivergence_SYS,atomic,[CrossSignalDivergence_SYS],[1.0000],1,6,1.0000,[dt-1;dt-2;dt-3],[[4ea93090-930f-4699-9e0b-a927e2b7dc14;cab0dce2-9143-407b-a376-598218e77d42;8c340d2e-c0bb-47c8-8ab5-11331cf5082d;7946a91d-ce96-4761-8e86-ddcee8e9a60a;b9427593-524a-44b6-b686-b08e727b7b17;2dfcac63-e61e-4346-a765-19473d7d75d4]]
2026-04-03 19:18:05.304,49.491,CrossSignalDivergence_OBS,atomic,[CrossSignalDivergence_OBS],[1.0000],1,6,1.0000,[dt-1;dt-2;dt-3],[[4ea93090-930f-4699-9e0b-a927e2b7dc14;cab0dce2-9143-407b-a376-598218e77d42;8c340d2e-c0bb-47c8-8ab5-11331cf5082d;7946a91d-ce96-4761-8e86-ddcee8e9a60a;b9427593-524a-44b6-b686-b08e727b7b17;2dfcac63-e61e-4346-a765-19473d7d75d4]]
2026-04-03 19:18:05.316,49.503,CrossSignalRelativeStable_GT,atomic,[CrossSignalRelativeStable_GT],[1.0000],1,6,1.0000,[dt-1;dt-2;dt-3],[[30e61a23-b05d-4a1c-bff8-0e75159c04c3;523469a9-3f7c-48c5-9745-3c50d5e6b6c7;449fa28d-f4fd-44df-9616-9a9548cb34e8;faad630f-e9e1-4e57-a2ab-6308af42ded1;782dd544-68a1-43c9-8d9b-f2ed6b54cdb1;7bc91628-05bb-41a8-8265-0b5757d33020]]
2026-04-03 19:18:05.316,49.503,CrossSignalDivergence_GT,atomic,[CrossSignalDivergence_GT],[1.0000],1,6,1.0000,[dt-1;dt-2;dt-3],[[30e61a23-b05d-4a1c-bff8-0e75159c04c3;523469a9-3f7c-48c5-9745-3c50d5e6b6c7;449fa28d-f4fd-44df-9616-9a9548cb34e8;faad630f-e9e1-4e57-a2ab-6308af42ded1;782dd544-68a1-43c9-8d9b-f2ed6b54cdb1;7bc91628-05bb-41a8-8265-0b5757d33020]]
2026-04-03 19:18:05.427,49.614,CrossSignalRelativeStable_SYS,atomic,[CrossSignalRelativeStable_SYS],[1.0000],1,6,1.0000,[dt-1;dt-2;dt-3],[[7946a91d-ce96-4761-8e86-ddcee8e9a60a;b9427593-524a-44b6-b686-b08e727b7b17;2dfcac63-e61e-4346-a765-19473d7d75d4;b25f9182-5597-4dda-ab1e-f5441dc84da9;5efdad21-0b0a-4c03-ba1f-02c8d9b03dd0;d68184a2-7708-4e4f-a11c-09d5f347c0d4]]
2026-04-03 19:18:05.436,49.623,CrossSignalRelativeStable_OBS,atomic,[CrossSignalRelativeStable_OBS],[1.0000],1,6,1.0000,[dt-1;dt-2;dt-3],[[7946a91d-ce96-4761-8e86-ddcee8e9a60a;b9427593-524a-44b6-b686-b08e727b7b17;2dfcac63-e61e-4346-a765-19473d7d75d4;b25f9182-5597-4dda-ab1e-f5441dc84da9;5efdad21-0b0a-4c03-ba1f-02c8d9b03dd0;d68184a2-7708-4e4f-a11c-09d5f347c0d4]]
2026-04-03 19:18:05.436,49.623,CrossSignalTrendConsistency_SYS,atomic,[CrossSignalTrendConsistency_SYS],[1.0000],1,6,1.0000,[dt-1;dt-2;dt-3],[[7946a91d-ce96-4761-8e86-ddcee8e9a60a;b9427593-524a-44b6-b686-b08e727b7b17;2dfcac63-e61e-4346-a765-19473d7d75d4;b25f9182-5597-4dda-ab1e-f5441dc84da9;5efdad21-0b0a-4c03-ba1f-02c8d9b03dd0;d68184a2-7708-4e4f-a11c-09d5f347c0d4]]
2026-04-03 19:18:05.436,49.623,CrossSignalTrendConsistency_OBS,atomic,[CrossSignalTrendConsistency_OBS],[1.0000],1,6,1.0000,[dt-1;dt-2;dt-3],[[7946a91d-ce96-4761-8e86-ddcee8e9a60a;b9427593-524a-44b6-b686-b08e727b7b17;2dfcac63-e61e-4346-a765-19473d7d75d4;b25f9182-5597-4dda-ab1e-f5441dc84da9;5efdad21-0b0a-4c03-ba1f-02c8d9b03dd0;d68184a2-7708-4e4f-a11c-09d5f347c0d4]]
2026-04-03 19:18:05.436,49.623,CrossSignalDivergence_SYS,atomic,[CrossSignalDivergence_SYS],[1.0000],1,6,1.0000,[dt-1;dt-2;dt-3],[[7946a91d-ce96-4761-8e86-ddcee8e9a60a;b9427593-524a-44b6-b686-b08e727b7b17;2dfcac63-e61e-4346-a765-19473d7d75d4;b25f9182-5597-4dda-ab1e-f5441dc84da9;5efdad21-0b0a-4c03-ba1f-02c8d9b03dd0;d68184a2-7708-4e4f-a11c-09d5f347c0d4]]
2026-04-03 19:18:05.436,49.623,CrossSignalDivergence_OBS,atomic,[CrossSignalDivergence_OBS],[1.0000],1,6,1.0000,[dt-1;dt-2;dt-3],[[7946a91d-ce96-4761-8e86-ddcee8e9a60a;b9427593-524a-44b6-b686-b08e727b7b17;2dfcac63-e61e-4346-a765-19473d7d75d4;b25f9182-5597-4dda-ab1e-f5441dc84da9;5efdad21-0b0a-4c03-ba1f-02c8d9b03dd0;d68184a2-7708-4e4f-a11c-09d5f347c0d4]]
2026-04-03 19:18:05.448,49.635,CrossSignalRelativeStable_GT,atomic,[CrossSignalRelativeStable_GT],[1.0000],1,6,1.0000,[dt-1;dt-2;dt-3],[[faad630f-e9e1-4e57-a2ab-6308af42ded1;782dd544-68a1-43c9-8d9b-f2ed6b54cdb1;7bc91628-05bb-41a8-8265-0b5757d33020;fc88b92e-c0bb-4974-adc0-d418b6e23e06;fa68037f-9dde-46aa-842c-9e4d27e27d6c;9823552d-a8ff-461e-a2dc-6f003713e7a1]]
2026-04-03 19:18:05.448,49.635,CrossSignalDivergence_GT,atomic,[CrossSignalDivergence_GT],[1.0000],1,6,1.0000,[dt-1;dt-2;dt-3],[[faad630f-e9e1-4e57-a2ab-6308af42ded1;782dd544-68a1-43c9-8d9b-f2ed6b54cdb1;7bc91628-05bb-41a8-8265-0b5757d33020;fc88b92e-c0bb-4974-adc0-d418b6e23e06;fa68037f-9dde-46aa-842c-9e4d27e27d6c;9823552d-a8ff-461e-a2dc-6f003713e7a1]]
2026-04-03 19:18:05.542,49.729,CrossSignalRelativeStable_SYS,atomic,[CrossSignalRelativeStable_SYS],[1.0000],1,6,1.0000,[dt-1;dt-2;dt-3],[[b25f9182-5597-4dda-ab1e-f5441dc84da9;5efdad21-0b0a-4c03-ba1f-02c8d9b03dd0;d68184a2-7708-4e4f-a11c-09d5f347c0d4;63565698-480e-4e85-b6fa-8a9e8af33b09;eda1de2d-2850-4748-9aad-b656536749d6;04a07f59-a2d3-4fcb-95fb-a593c2f7b104]]
2026-04-03 19:18:05.542,49.729,CrossSignalRelativeStable_OBS,atomic,[CrossSignalRelativeStable_OBS],[1.0000],1,6,1.0000,[dt-1;dt-2;dt-3],[[b25f9182-5597-4dda-ab1e-f5441dc84da9;5efdad21-0b0a-4c03-ba1f-02c8d9b03dd0;d68184a2-7708-4e4f-a11c-09d5f347c0d4;63565698-480e-4e85-b6fa-8a9e8af33b09;eda1de2d-2850-4748-9aad-b656536749d6;04a07f59-a2d3-4fcb-95fb-a593c2f7b104]]
2026-04-03 19:18:05.542,49.729,CrossSignalTrendConsistency_SYS,atomic,[CrossSignalTrendConsistency_SYS],[1.0000],1,6,1.0000,[dt-1;dt-2;dt-3],[[b25f9182-5597-4dda-ab1e-f5441dc84da9;5efdad21-0b0a-4c03-ba1f-02c8d9b03dd0;d68184a2-7708-4e4f-a11c-09d5f347c0d4;63565698-480e-4e85-b6fa-8a9e8af33b09;eda1de2d-2850-4748-9aad-b656536749d6;04a07f59-a2d3-4fcb-95fb-a593c2f7b104]]
2026-04-03 19:18:05.542,49.729,CrossSignalTrendConsistency_OBS,atomic,[CrossSignalTrendConsistency_OBS],[1.0000],1,6,1.0000,[dt-1;dt-2;dt-3],[[b25f9182-5597-4dda-ab1e-f5441dc84da9;5efdad21-0b0a-4c03-ba1f-02c8d9b03dd0;d68184a2-7708-4e4f-a11c-09d5f347c0d4;63565698-480e-4e85-b6fa-8a9e8af33b09;eda1de2d-2850-4748-9aad-b656536749d6;04a07f59-a2d3-4fcb-95fb-a593c2f7b104]]
2026-04-03 19:18:05.542,49.729,CrossSignalDivergence_SYS,atomic,[CrossSignalDivergence_SYS],[1.0000],1,6,1.0000,[dt-1;dt-2;dt-3],[[b25f9182-5597-4dda-ab1e-f5441dc84da9;5efdad21-0b0a-4c03-ba1f-02c8d9b03dd0;d68184a2-7708-4e4f-a11c-09d5f347c0d4;63565698-480e-4e85-b6fa-8a9e8af33b09;eda1de2d-2850-4748-9aad-b656536749d6;04a07f59-a2d3-4fcb-95fb-a593c2f7b104]]
2026-04-03 19:18:05.542,49.729,CrossSignalDivergence_OBS,atomic,[CrossSignalDivergence_OBS],[1.0000],1,6,1.0000,[dt-1;dt-2;dt-3],[[b25f9182-5597-4dda-ab1e-f5441dc84da9;5efdad21-0b0a-4c03-ba1f-02c8d9b03dd0;d68184a2-7708-4e4f-a11c-09d5f347c0d4;63565698-480e-4e85-b6fa-8a9e8af33b09;eda1de2d-2850-4748-9aad-b656536749d6;04a07f59-a2d3-4fcb-95fb-a593c2f7b104]]
2026-04-03 19:18:05.555,49.742,CrossSignalRelativeStable_GT,atomic,[CrossSignalRelativeStable_GT],[1.0000],1,6,1.0000,[dt-1;dt-2;dt-3],[[fc88b92e-c0bb-4974-adc0-d418b6e23e06;fa68037f-9dde-46aa-842c-9e4d27e27d6c;9823552d-a8ff-461e-a2dc-6f003713e7a1;14d980ae-f3ac-449f-8f6c-9e69a5ac8cea;ace1cc6d-57f1-4fdf-9a43-aafa30642f86;b2532265-72e2-404a-890c-2720fe466bc9]]
2026-04-03 19:18:05.555,49.742,CrossSignalTrendConsistency_GT,atomic,[CrossSignalTrendConsistency_GT],[1.0000],1,6,1.0000,[dt-1;dt-2;dt-3],[[fc88b92e-c0bb-4974-adc0-d418b6e23e06;fa68037f-9dde-46aa-842c-9e4d27e27d6c;9823552d-a8ff-461e-a2dc-6f003713e7a1;14d980ae-f3ac-449f-8f6c-9e69a5ac8cea;ace1cc6d-57f1-4fdf-9a43-aafa30642f86;b2532265-72e2-404a-890c-2720fe466bc9]]
2026-04-03 19:18:05.555,49.742,CrossSignalDivergence_GT,atomic,[CrossSignalDivergence_GT],[1.0000],1,6,1.0000,[dt-1;dt-2;dt-3],[[fc88b92e-c0bb-4974-adc0-d418b6e23e06;fa68037f-9dde-46aa-842c-9e4d27e27d6c;9823552d-a8ff-461e-a2dc-6f003713e7a1;14d980ae-f3ac-449f-8f6c-9e69a5ac8cea;ace1cc6d-57f1-4fdf-9a43-aafa30642f86;b2532265-72e2-404a-890c-2720fe466bc9]]
2026-04-03 19:18:05.649,49.836,CrossSignalRelativeStable_SYS,atomic,[CrossSignalRelativeStable_SYS],[1.0000],1,6,1.0000,[dt-1;dt-2;dt-3],[[63565698-480e-4e85-b6fa-8a9e8af33b09;eda1de2d-2850-4748-9aad-b656536749d6;04a07f59-a2d3-4fcb-95fb-a593c2f7b104;99ed0d39-34af-4a3e-a2bb-676b378bd8e0;910d8e46-9483-411d-b663-8bb900987454;a675a7bc-b91f-4e59-82ae-87f3a2834482]]
2026-04-03 19:18:05.650,49.837,CrossSignalRelativeStable_OBS,atomic,[CrossSignalRelativeStable_OBS],[1.0000],1,6,1.0000,[dt-1;dt-2;dt-3],[[63565698-480e-4e85-b6fa-8a9e8af33b09;eda1de2d-2850-4748-9aad-b656536749d6;04a07f59-a2d3-4fcb-95fb-a593c2f7b104;99ed0d39-34af-4a3e-a2bb-676b378bd8e0;910d8e46-9483-411d-b663-8bb900987454;a675a7bc-b91f-4e59-82ae-87f3a2834482]]
2026-04-03 19:18:05.650,49.837,CrossSignalTrendConsistency_SYS,atomic,[CrossSignalTrendConsistency_SYS],[1.0000],1,6,1.0000,[dt-1;dt-2;dt-3],[[63565698-480e-4e85-b6fa-8a9e8af33b09;eda1de2d-2850-4748-9aad-b656536749d6;04a07f59-a2d3-4fcb-95fb-a593c2f7b104;99ed0d39-34af-4a3e-a2bb-676b378bd8e0;910d8e46-9483-411d-b663-8bb900987454;a675a7bc-b91f-4e59-82ae-87f3a2834482]]
2026-04-03 19:18:05.650,49.837,CrossSignalTrendConsistency_OBS,atomic,[CrossSignalTrendConsistency_OBS],[1.0000],1,6,1.0000,[dt-1;dt-2;dt-3],[[63565698-480e-4e85-b6fa-8a9e8af33b09;eda1de2d-2850-4748-9aad-b656536749d6;04a07f59-a2d3-4fcb-95fb-a593c2f7b104;99ed0d39-34af-4a3e-a2bb-676b378bd8e0;910d8e46-9483-411d-b663-8bb900987454;a675a7bc-b91f-4e59-82ae-87f3a2834482]]
2026-04-03 19:18:05.650,49.837,CrossSignalDivergence_SYS,atomic,[CrossSignalDivergence_SYS],[1.0000],1,6,1.0000,[dt-1;dt-2;dt-3],[[63565698-480e-4e85-b6fa-8a9e8af33b09;eda1de2d-2850-4748-9aad-b656536749d6;04a07f59-a2d3-4fcb-95fb-a593c2f7b104;99ed0d39-34af-4a3e-a2bb-676b378bd8e0;910d8e46-9483-411d-b663-8bb900987454;a675a7bc-b91f-4e59-82ae-87f3a2834482]]
2026-04-03 19:18:05.650,49.837,CrossSignalDivergence_OBS,atomic,[CrossSignalDivergence_OBS],[1.0000],1,6,1.0000,[dt-1;dt-2;dt-3],[[63565698-480e-4e85-b6fa-8a9e8af33b09;eda1de2d-2850-4748-9aad-b656536749d6;04a07f59-a2d3-4fcb-95fb-a593c2f7b104;99ed0d39-34af-4a3e-a2bb-676b378bd8e0;910d8e46-9483-411d-b663-8bb900987454;a675a7bc-b91f-4e59-82ae-87f3a2834482]]
2026-04-03 19:18:05.662,49.849,CrossSignalRelativeStable_GT,atomic,[CrossSignalRelativeStable_GT],[1.0000],1,6,1.0000,[dt-1;dt-2;dt-3],[[14d980ae-f3ac-449f-8f6c-9e69a5ac8cea;ace1cc6d-57f1-4fdf-9a43-aafa30642f86;b2532265-72e2-404a-890c-2720fe466bc9;9228e4a3-864e-42a2-87cb-3132da1a2ac5;80404984-abff-45fe-979b-ba5722482048;bb5a782a-73fd-416d-8a1e-c21439a3054d]]
2026-04-03 19:18:05.662,49.849,CrossSignalTrendConsistency_GT,atomic,[CrossSignalTrendConsistency_GT],[1.0000],1,6,1.0000,[dt-1;dt-2;dt-3],[[14d980ae-f3ac-449f-8f6c-9e69a5ac8cea;ace1cc6d-57f1-4fdf-9a43-aafa30642f86;b2532265-72e2-404a-890c-2720fe466bc9;9228e4a3-864e-42a2-87cb-3132da1a2ac5;80404984-abff-45fe-979b-ba5722482048;bb5a782a-73fd-416d-8a1e-c21439a3054d]]
2026-04-03 19:18:05.662,49.849,CrossSignalDivergence_GT,atomic,[CrossSignalDivergence_GT],[1.0000],1,6,1.0000,[dt-1;dt-2;dt-3],[[14d980ae-f3ac-449f-8f6c-9e69a5ac8cea;ace1cc6d-57f1-4fdf-9a43-aafa30642f86;b2532265-72e2-404a-890c-2720fe466bc9;9228e4a3-864e-42a2-87cb-3132da1a2ac5;80404984-abff-45fe-979b-ba5722482048;bb5a782a-73fd-416d-8a1e-c21439a3054d]]
2026-04-03 19:18:05.758,49.945,CrossSignalRelativeStable_SYS,atomic,[CrossSignalRelativeStable_SYS],[1.0000],1,6,1.0000,[dt-1;dt-2;dt-3],[[99ed0d39-34af-4a3e-a2bb-676b378bd8e0;910d8e46-9483-411d-b663-8bb900987454;a675a7bc-b91f-4e59-82ae-87f3a2834482;f34012cf-6e8d-4f97-89ee-a6f047710ada;7e539d72-eb10-4acd-9cf5-0d2cb15135a7;5e95c8c5-9b62-4827-a406-d64ea2a0dd55]]
2026-04-03 19:18:05.758,49.945,CrossSignalRelativeStable_OBS,atomic,[CrossSignalRelativeStable_OBS],[1.0000],1,6,1.0000,[dt-1;dt-2;dt-3],[[99ed0d39-34af-4a3e-a2bb-676b378bd8e0;910d8e46-9483-411d-b663-8bb900987454;a675a7bc-b91f-4e59-82ae-87f3a2834482;f34012cf-6e8d-4f97-89ee-a6f047710ada;7e539d72-eb10-4acd-9cf5-0d2cb15135a7;5e95c8c5-9b62-4827-a406-d64ea2a0dd55]]
2026-04-03 19:18:05.758,49.945,CrossSignalTrendConsistency_SYS,atomic,[CrossSignalTrendConsistency_SYS],[1.0000],1,6,1.0000,[dt-1;dt-2;dt-3],[[99ed0d39-34af-4a3e-a2bb-676b378bd8e0;910d8e46-9483-411d-b663-8bb900987454;a675a7bc-b91f-4e59-82ae-87f3a2834482;f34012cf-6e8d-4f97-89ee-a6f047710ada;7e539d72-eb10-4acd-9cf5-0d2cb15135a7;5e95c8c5-9b62-4827-a406-d64ea2a0dd55]]
2026-04-03 19:18:05.758,49.945,CrossSignalTrendConsistency_OBS,atomic,[CrossSignalTrendConsistency_OBS],[1.0000],1,6,1.0000,[dt-1;dt-2;dt-3],[[99ed0d39-34af-4a3e-a2bb-676b378bd8e0;910d8e46-9483-411d-b663-8bb900987454;a675a7bc-b91f-4e59-82ae-87f3a2834482;f34012cf-6e8d-4f97-89ee-a6f047710ada;7e539d72-eb10-4acd-9cf5-0d2cb15135a7;5e95c8c5-9b62-4827-a406-d64ea2a0dd55]]
2026-04-03 19:18:05.759,49.946,CrossSignalDivergence_SYS,atomic,[CrossSignalDivergence_SYS],[1.0000],1,6,1.0000,[dt-1;dt-2;dt-3],[[99ed0d39-34af-4a3e-a2bb-676b378bd8e0;910d8e46-9483-411d-b663-8bb900987454;a675a7bc-b91f-4e59-82ae-87f3a2834482;f34012cf-6e8d-4f97-89ee-a6f047710ada;7e539d72-eb10-4acd-9cf5-0d2cb15135a7;5e95c8c5-9b62-4827-a406-d64ea2a0dd55]]
2026-04-03 19:18:05.759,49.946,CrossSignalDivergence_OBS,atomic,[CrossSignalDivergence_OBS],[1.0000],1,6,1.0000,[dt-1;dt-2;dt-3],[[99ed0d39-34af-4a3e-a2bb-676b378bd8e0;910d8e46-9483-411d-b663-8bb900987454;a675a7bc-b91f-4e59-82ae-87f3a2834482;f34012cf-6e8d-4f97-89ee-a6f047710ada;7e539d72-eb10-4acd-9cf5-0d2cb15135a7;5e95c8c5-9b62-4827-a406-d64ea2a0dd55]]
2026-04-03 19:18:05.770,49.957,CrossSignalRelativeStable_GT,atomic,[CrossSignalRelativeStable_GT],[1.0000],1,6,1.0000,[dt-1;dt-2;dt-3],[[9228e4a3-864e-42a2-87cb-3132da1a2ac5;80404984-abff-45fe-979b-ba5722482048;bb5a782a-73fd-416d-8a1e-c21439a3054d;fe45eaa2-6d46-4e1b-a878-314b8c074919;a8a4cf1b-4c57-41cc-8231-9ba9689d03c3;69259a90-364c-473c-a449-c1cb95204726]]
2026-04-03 19:18:05.770,49.957,CrossSignalDivergence_GT,atomic,[CrossSignalDivergence_GT],[1.0000],1,6,1.0000,[dt-1;dt-2;dt-3],[[9228e4a3-864e-42a2-87cb-3132da1a2ac5;80404984-abff-45fe-979b-ba5722482048;bb5a782a-73fd-416d-8a1e-c21439a3054d;fe45eaa2-6d46-4e1b-a878-314b8c074919;a8a4cf1b-4c57-41cc-8231-9ba9689d03c3;69259a90-364c-473c-a449-c1cb95204726]]
2026-04-03 19:18:05.869,50.056,CrossSignalRelativeStable_SYS,atomic,[CrossSignalRelativeStable_SYS],[1.0000],1,6,1.0000,[dt-1;dt-2;dt-3],[[f34012cf-6e8d-4f97-89ee-a6f047710ada;7e539d72-eb10-4acd-9cf5-0d2cb15135a7;5e95c8c5-9b62-4827-a406-d64ea2a0dd55;93b2ca98-6a90-49b4-b1c1-8f1908797a52;4ccfe6f1-01af-45d4-a58c-a97ec51ef03b;3da0c2f8-1f00-4495-bd46-a07cb099d1c6]]
2026-04-03 19:18:05.869,50.056,CrossSignalRelativeStable_OBS,atomic,[CrossSignalRelativeStable_OBS],[1.0000],1,6,1.0000,[dt-1;dt-2;dt-3],[[f34012cf-6e8d-4f97-89ee-a6f047710ada;7e539d72-eb10-4acd-9cf5-0d2cb15135a7;5e95c8c5-9b62-4827-a406-d64ea2a0dd55;93b2ca98-6a90-49b4-b1c1-8f1908797a52;4ccfe6f1-01af-45d4-a58c-a97ec51ef03b;3da0c2f8-1f00-4495-bd46-a07cb099d1c6]]
2026-04-03 19:18:05.869,50.056,CrossSignalDivergence_SYS,atomic,[CrossSignalDivergence_SYS],[1.0000],1,6,1.0000,[dt-1;dt-2;dt-3],[[f34012cf-6e8d-4f97-89ee-a6f047710ada;7e539d72-eb10-4acd-9cf5-0d2cb15135a7;5e95c8c5-9b62-4827-a406-d64ea2a0dd55;93b2ca98-6a90-49b4-b1c1-8f1908797a52;4ccfe6f1-01af-45d4-a58c-a97ec51ef03b;3da0c2f8-1f00-4495-bd46-a07cb099d1c6]]
2026-04-03 19:18:05.869,50.056,CrossSignalDivergence_OBS,atomic,[CrossSignalDivergence_OBS],[1.0000],1,6,1.0000,[dt-1;dt-2;dt-3],[[f34012cf-6e8d-4f97-89ee-a6f047710ada;7e539d72-eb10-4acd-9cf5-0d2cb15135a7;5e95c8c5-9b62-4827-a406-d64ea2a0dd55;93b2ca98-6a90-49b4-b1c1-8f1908797a52;4ccfe6f1-01af-45d4-a58c-a97ec51ef03b;3da0c2f8-1f00-4495-bd46-a07cb099d1c6]]
2026-04-03 19:18:05.882,50.069,CrossSignalRelativeStable_GT,atomic,[CrossSignalRelativeStable_GT],[1.0000],1,6,1.0000,[dt-1;dt-2;dt-3],[[fe45eaa2-6d46-4e1b-a878-314b8c074919;a8a4cf1b-4c57-41cc-8231-9ba9689d03c3;69259a90-364c-473c-a449-c1cb95204726;66087a35-f284-4d2a-805c-b6475e1893f0;fa37a90f-1316-490a-911d-3073a2d6e14d;b3f9ef52-6ca8-4881-8138-1942de0a2f3f]]
2026-04-03 19:18:05.882,50.069,CrossSignalDivergence_GT,atomic,[CrossSignalDivergence_GT],[1.0000],1,6,1.0000,[dt-1;dt-2;dt-3],[[fe45eaa2-6d46-4e1b-a878-314b8c074919;a8a4cf1b-4c57-41cc-8231-9ba9689d03c3;69259a90-364c-473c-a449-c1cb95204726;66087a35-f284-4d2a-805c-b6475e1893f0;fa37a90f-1316-490a-911d-3073a2d6e14d;b3f9ef52-6ca8-4881-8138-1942de0a2f3f]]
2026-04-03 19:18:05.979,50.166,CrossSignalRelativeStable_SYS,atomic,[CrossSignalRelativeStable_SYS],[1.0000],1,6,1.0000,[dt-1;dt-2;dt-3],[[93b2ca98-6a90-49b4-b1c1-8f1908797a52;4ccfe6f1-01af-45d4-a58c-a97ec51ef03b;3da0c2f8-1f00-4495-bd46-a07cb099d1c6;a798fa92-622f-4610-a9b9-b5c3bec22400;fa43b923-0521-4865-8671-9ca8fff6adec;f72878d7-1ed3-45bd-9bb2-aa430fb4e13b]]
2026-04-03 19:18:05.979,50.166,CrossSignalRelativeStable_OBS,atomic,[CrossSignalRelativeStable_OBS],[1.0000],1,6,1.0000,[dt-1;dt-2;dt-3],[[93b2ca98-6a90-49b4-b1c1-8f1908797a52;4ccfe6f1-01af-45d4-a58c-a97ec51ef03b;3da0c2f8-1f00-4495-bd46-a07cb099d1c6;a798fa92-622f-4610-a9b9-b5c3bec22400;fa43b923-0521-4865-8671-9ca8fff6adec;f72878d7-1ed3-45bd-9bb2-aa430fb4e13b]]
2026-04-03 19:18:05.979,50.166,CrossSignalDivergence_SYS,atomic,[CrossSignalDivergence_SYS],[1.0000],1,6,1.0000,[dt-1;dt-2;dt-3],[[93b2ca98-6a90-49b4-b1c1-8f1908797a52;4ccfe6f1-01af-45d4-a58c-a97ec51ef03b;3da0c2f8-1f00-4495-bd46-a07cb099d1c6;a798fa92-622f-4610-a9b9-b5c3bec22400;fa43b923-0521-4865-8671-9ca8fff6adec;f72878d7-1ed3-45bd-9bb2-aa430fb4e13b]]
2026-04-03 19:18:05.979,50.166,CrossSignalDivergence_OBS,atomic,[CrossSignalDivergence_OBS],[1.0000],1,6,1.0000,[dt-1;dt-2;dt-3],[[93b2ca98-6a90-49b4-b1c1-8f1908797a52;4ccfe6f1-01af-45d4-a58c-a97ec51ef03b;3da0c2f8-1f00-4495-bd46-a07cb099d1c6;a798fa92-622f-4610-a9b9-b5c3bec22400;fa43b923-0521-4865-8671-9ca8fff6adec;f72878d7-1ed3-45bd-9bb2-aa430fb4e13b]]
2026-04-03 19:18:05.992,50.179,CrossSignalRelativeStable_GT,atomic,[CrossSignalRelativeStable_GT],[1.0000],1,6,1.0000,[dt-1;dt-2;dt-3],[[66087a35-f284-4d2a-805c-b6475e1893f0;fa37a90f-1316-490a-911d-3073a2d6e14d;b3f9ef52-6ca8-4881-8138-1942de0a2f3f;0f82cfd1-638c-4e21-8358-1e0a01d70966;84354c2e-8e82-4a8c-8dc2-6c37c7c8d55d;654031ea-09e3-4627-8627-8d7d994a83cd]]
2026-04-03 19:18:05.992,50.179,CrossSignalDivergence_GT,atomic,[CrossSignalDivergence_GT],[1.0000],1,6,1.0000,[dt-1;dt-2;dt-3],[[66087a35-f284-4d2a-805c-b6475e1893f0;fa37a90f-1316-490a-911d-3073a2d6e14d;b3f9ef52-6ca8-4881-8138-1942de0a2f3f;0f82cfd1-638c-4e21-8358-1e0a01d70966;84354c2e-8e82-4a8c-8dc2-6c37c7c8d55d;654031ea-09e3-4627-8627-8d7d994a83cd]]
2026-04-03 19:18:06.088,50.275,CrossSignalRelativeStable_SYS,atomic,[CrossSignalRelativeStable_SYS],[1.0000],1,6,1.0000,[dt-1;dt-2;dt-3],[[a798fa92-622f-4610-a9b9-b5c3bec22400;fa43b923-0521-4865-8671-9ca8fff6adec;f72878d7-1ed3-45bd-9bb2-aa430fb4e13b;e4231aa1-98b5-4952-8ded-ad2aae6971e9;2237d148-88bb-4b0a-8e39-a3704379e822;2bb8eb5f-6802-4bfb-998d-68ed0afdf9d7]]
2026-04-03 19:18:06.088,50.275,CrossSignalRelativeStable_OBS,atomic,[CrossSignalRelativeStable_OBS],[1.0000],1,6,1.0000,[dt-1;dt-2;dt-3],[[a798fa92-622f-4610-a9b9-b5c3bec22400;fa43b923-0521-4865-8671-9ca8fff6adec;f72878d7-1ed3-45bd-9bb2-aa430fb4e13b;e4231aa1-98b5-4952-8ded-ad2aae6971e9;2237d148-88bb-4b0a-8e39-a3704379e822;2bb8eb5f-6802-4bfb-998d-68ed0afdf9d7]]
2026-04-03 19:18:06.088,50.275,CrossSignalDivergence_SYS,atomic,[CrossSignalDivergence_SYS],[1.0000],1,6,1.0000,[dt-1;dt-2;dt-3],[[a798fa92-622f-4610-a9b9-b5c3bec22400;fa43b923-0521-4865-8671-9ca8fff6adec;f72878d7-1ed3-45bd-9bb2-aa430fb4e13b;e4231aa1-98b5-4952-8ded-ad2aae6971e9;2237d148-88bb-4b0a-8e39-a3704379e822;2bb8eb5f-6802-4bfb-998d-68ed0afdf9d7]]
2026-04-03 19:18:06.088,50.275,CrossSignalDivergence_OBS,atomic,[CrossSignalDivergence_OBS],[1.0000],1,6,1.0000,[dt-1;dt-2;dt-3],[[a798fa92-622f-4610-a9b9-b5c3bec22400;fa43b923-0521-4865-8671-9ca8fff6adec;f72878d7-1ed3-45bd-9bb2-aa430fb4e13b;e4231aa1-98b5-4952-8ded-ad2aae6971e9;2237d148-88bb-4b0a-8e39-a3704379e822;2bb8eb5f-6802-4bfb-998d-68ed0afdf9d7]]
2026-04-03 19:18:06.101,50.288,CrossSignalRelativeStable_GT,atomic,[CrossSignalRelativeStable_GT],[1.0000],1,6,1.0000,[dt-1;dt-2;dt-3],[[0f82cfd1-638c-4e21-8358-1e0a01d70966;84354c2e-8e82-4a8c-8dc2-6c37c7c8d55d;654031ea-09e3-4627-8627-8d7d994a83cd;da8c0b9b-99e0-4773-b3aa-21d1b42129e2;d021794e-c404-4468-a746-327ccc963db1;adfc22c2-4ee2-473c-95b4-87021058a4f5]]
2026-04-03 19:18:06.101,50.288,CrossSignalDivergence_GT,atomic,[CrossSignalDivergence_GT],[1.0000],1,6,1.0000,[dt-1;dt-2;dt-3],[[0f82cfd1-638c-4e21-8358-1e0a01d70966;84354c2e-8e82-4a8c-8dc2-6c37c7c8d55d;654031ea-09e3-4627-8627-8d7d994a83cd;da8c0b9b-99e0-4773-b3aa-21d1b42129e2;d021794e-c404-4468-a746-327ccc963db1;adfc22c2-4ee2-473c-95b4-87021058a4f5]]
2026-04-03 19:18:06.199,50.386,CrossSignalRelativeStable_SYS,atomic,[CrossSignalRelativeStable_SYS],[1.0000],1,6,1.0000,[dt-1;dt-2;dt-3],[[e4231aa1-98b5-4952-8ded-ad2aae6971e9;2237d148-88bb-4b0a-8e39-a3704379e822;2bb8eb5f-6802-4bfb-998d-68ed0afdf9d7;ac9791bc-ac12-4daa-a66c-43dab9e98465;464058a6-a333-4229-865b-253081d9be01;25ea24d3-72ae-43ef-a596-95921aff508c]]
2026-04-03 19:18:06.199,50.386,CrossSignalRelativeStable_OBS,atomic,[CrossSignalRelativeStable_OBS],[1.0000],1,6,1.0000,[dt-1;dt-2;dt-3],[[e4231aa1-98b5-4952-8ded-ad2aae6971e9;2237d148-88bb-4b0a-8e39-a3704379e822;2bb8eb5f-6802-4bfb-998d-68ed0afdf9d7;ac9791bc-ac12-4daa-a66c-43dab9e98465;464058a6-a333-4229-865b-253081d9be01;25ea24d3-72ae-43ef-a596-95921aff508c]]
2026-04-03 19:18:06.200,50.387,CrossSignalDivergence_SYS,atomic,[CrossSignalDivergence_SYS],[1.0000],1,6,1.0000,[dt-1;dt-2;dt-3],[[e4231aa1-98b5-4952-8ded-ad2aae6971e9;2237d148-88bb-4b0a-8e39-a3704379e822;2bb8eb5f-6802-4bfb-998d-68ed0afdf9d7;ac9791bc-ac12-4daa-a66c-43dab9e98465;464058a6-a333-4229-865b-253081d9be01;25ea24d3-72ae-43ef-a596-95921aff508c]]
2026-04-03 19:18:06.200,50.387,CrossSignalDivergence_OBS,atomic,[CrossSignalDivergence_OBS],[1.0000],1,6,1.0000,[dt-1;dt-2;dt-3],[[e4231aa1-98b5-4952-8ded-ad2aae6971e9;2237d148-88bb-4b0a-8e39-a3704379e822;2bb8eb5f-6802-4bfb-998d-68ed0afdf9d7;ac9791bc-ac12-4daa-a66c-43dab9e98465;464058a6-a333-4229-865b-253081d9be01;25ea24d3-72ae-43ef-a596-95921aff508c]]
2026-04-03 19:18:06.220,50.407,CrossSignalRelativeStable_GT,atomic,[CrossSignalRelativeStable_GT],[1.0000],1,6,1.0000,[dt-1;dt-2;dt-3],[[da8c0b9b-99e0-4773-b3aa-21d1b42129e2;d021794e-c404-4468-a746-327ccc963db1;adfc22c2-4ee2-473c-95b4-87021058a4f5;b23c8680-8519-4859-b5c6-539f682dcfc6;dd9754aa-a34d-4f9f-b9b8-ad8f113a1486;98b4dafc-28fb-450b-ba17-a1383c4d2931]]
2026-04-03 19:18:06.220,50.407,CrossSignalDivergence_GT,atomic,[CrossSignalDivergence_GT],[1.0000],1,6,1.0000,[dt-1;dt-2;dt-3],[[da8c0b9b-99e0-4773-b3aa-21d1b42129e2;d021794e-c404-4468-a746-327ccc963db1;adfc22c2-4ee2-473c-95b4-87021058a4f5;b23c8680-8519-4859-b5c6-539f682dcfc6;dd9754aa-a34d-4f9f-b9b8-ad8f113a1486;98b4dafc-28fb-450b-ba17-a1383c4d2931]]
2026-04-03 19:18:06.314,50.501,CrossSignalRelativeStable_SYS,atomic,[CrossSignalRelativeStable_SYS],[1.0000],1,6,1.0000,[dt-1;dt-2;dt-3],[[ac9791bc-ac12-4daa-a66c-43dab9e98465;464058a6-a333-4229-865b-253081d9be01;25ea24d3-72ae-43ef-a596-95921aff508c;267c7201-902f-4d59-ba82-4c39d85be51d;e8a4a0c0-35af-41ce-bbd1-4608cfa6186c;8c237913-5130-4599-9e8b-5622401643e4]]
2026-04-03 19:18:06.314,50.501,CrossSignalRelativeStable_OBS,atomic,[CrossSignalRelativeStable_OBS],[1.0000],1,6,1.0000,[dt-1;dt-2;dt-3],[[ac9791bc-ac12-4daa-a66c-43dab9e98465;464058a6-a333-4229-865b-253081d9be01;25ea24d3-72ae-43ef-a596-95921aff508c;267c7201-902f-4d59-ba82-4c39d85be51d;e8a4a0c0-35af-41ce-bbd1-4608cfa6186c;8c237913-5130-4599-9e8b-5622401643e4]]
2026-04-03 19:18:06.314,50.501,CrossSignalDivergence_SYS,atomic,[CrossSignalDivergence_SYS],[1.0000],1,6,1.0000,[dt-1;dt-2;dt-3],[[ac9791bc-ac12-4daa-a66c-43dab9e98465;464058a6-a333-4229-865b-253081d9be01;25ea24d3-72ae-43ef-a596-95921aff508c;267c7201-902f-4d59-ba82-4c39d85be51d;e8a4a0c0-35af-41ce-bbd1-4608cfa6186c;8c237913-5130-4599-9e8b-5622401643e4]]
2026-04-03 19:18:06.314,50.501,CrossSignalDivergence_OBS,atomic,[CrossSignalDivergence_OBS],[1.0000],1,6,1.0000,[dt-1;dt-2;dt-3],[[ac9791bc-ac12-4daa-a66c-43dab9e98465;464058a6-a333-4229-865b-253081d9be01;25ea24d3-72ae-43ef-a596-95921aff508c;267c7201-902f-4d59-ba82-4c39d85be51d;e8a4a0c0-35af-41ce-bbd1-4608cfa6186c;8c237913-5130-4599-9e8b-5622401643e4]]
2026-04-03 19:18:06.327,50.514,CrossSignalRelativeStable_GT,atomic,[CrossSignalRelativeStable_GT],[1.0000],1,6,1.0000,[dt-1;dt-2;dt-3],[[b23c8680-8519-4859-b5c6-539f682dcfc6;dd9754aa-a34d-4f9f-b9b8-ad8f113a1486;98b4dafc-28fb-450b-ba17-a1383c4d2931;07650482-00a5-46ee-a1fb-ffa3dc81dc8d;c22b0519-d1c6-4535-a4ad-38eaeecea6a9;8a169fdd-dc0d-485e-b45c-dfb5b05fb3ee]]
2026-04-03 19:18:06.327,50.514,CrossSignalDivergence_GT,atomic,[CrossSignalDivergence_GT],[1.0000],1,6,1.0000,[dt-1;dt-2;dt-3],[[b23c8680-8519-4859-b5c6-539f682dcfc6;dd9754aa-a34d-4f9f-b9b8-ad8f113a1486;98b4dafc-28fb-450b-ba17-a1383c4d2931;07650482-00a5-46ee-a1fb-ffa3dc81dc8d;c22b0519-d1c6-4535-a4ad-38eaeecea6a9;8a169fdd-dc0d-485e-b45c-dfb5b05fb3ee]]
2026-04-03 19:18:06.427,50.614,CrossSignalRelativeStable_SYS,atomic,[CrossSignalRelativeStable_SYS],[1.0000],1,6,1.0000,[dt-1;dt-2;dt-3],[[267c7201-902f-4d59-ba82-4c39d85be51d;e8a4a0c0-35af-41ce-bbd1-4608cfa6186c;8c237913-5130-4599-9e8b-5622401643e4;99c64c91-0928-44d5-9d06-bbaeaa9ee3ca;8038bff0-2ff6-4631-9b20-73cb26af17f4;d7c972a3-75c7-4213-93de-807161ee73a6]]
2026-04-03 19:18:06.427,50.614,CrossSignalRelativeStable_OBS,atomic,[CrossSignalRelativeStable_OBS],[1.0000],1,6,1.0000,[dt-1;dt-2;dt-3],[[267c7201-902f-4d59-ba82-4c39d85be51d;e8a4a0c0-35af-41ce-bbd1-4608cfa6186c;8c237913-5130-4599-9e8b-5622401643e4;99c64c91-0928-44d5-9d06-bbaeaa9ee3ca;8038bff0-2ff6-4631-9b20-73cb26af17f4;d7c972a3-75c7-4213-93de-807161ee73a6]]
2026-04-03 19:18:06.427,50.614,CrossSignalDivergence_SYS,atomic,[CrossSignalDivergence_SYS],[1.0000],1,6,1.0000,[dt-1;dt-2;dt-3],[[267c7201-902f-4d59-ba82-4c39d85be51d;e8a4a0c0-35af-41ce-bbd1-4608cfa6186c;8c237913-5130-4599-9e8b-5622401643e4;99c64c91-0928-44d5-9d06-bbaeaa9ee3ca;8038bff0-2ff6-4631-9b20-73cb26af17f4;d7c972a3-75c7-4213-93de-807161ee73a6]]
2026-04-03 19:18:06.427,50.614,CrossSignalDivergence_OBS,atomic,[CrossSignalDivergence_OBS],[1.0000],1,6,1.0000,[dt-1;dt-2;dt-3],[[267c7201-902f-4d59-ba82-4c39d85be51d;e8a4a0c0-35af-41ce-bbd1-4608cfa6186c;8c237913-5130-4599-9e8b-5622401643e4;99c64c91-0928-44d5-9d06-bbaeaa9ee3ca;8038bff0-2ff6-4631-9b20-73cb26af17f4;d7c972a3-75c7-4213-93de-807161ee73a6]]
2026-04-03 19:18:06.446,50.633,CrossSignalRelativeStable_GT,atomic,[CrossSignalRelativeStable_GT],[1.0000],1,6,1.0000,[dt-1;dt-2;dt-3],[[07650482-00a5-46ee-a1fb-ffa3dc81dc8d;c22b0519-d1c6-4535-a4ad-38eaeecea6a9;8a169fdd-dc0d-485e-b45c-dfb5b05fb3ee;8ebb5468-f5ca-4061-aa96-5c5a95e8951f;8ed5b125-a78b-4ef0-8751-2e29d7fea08f;a41901cc-1f48-4451-8963-116cdc31fe91]]
2026-04-03 19:18:06.446,50.633,CrossSignalDivergence_GT,atomic,[CrossSignalDivergence_GT],[1.0000],1,6,1.0000,[dt-1;dt-2;dt-3],[[07650482-00a5-46ee-a1fb-ffa3dc81dc8d;c22b0519-d1c6-4535-a4ad-38eaeecea6a9;8a169fdd-dc0d-485e-b45c-dfb5b05fb3ee;8ebb5468-f5ca-4061-aa96-5c5a95e8951f;8ed5b125-a78b-4ef0-8751-2e29d7fea08f;a41901cc-1f48-4451-8963-116cdc31fe91]]
2026-04-03 19:18:06.535,50.722,CrossSignalRelativeStable_SYS,atomic,[CrossSignalRelativeStable_SYS],[1.0000],1,6,1.0000,[dt-1;dt-2;dt-3],[[99c64c91-0928-44d5-9d06-bbaeaa9ee3ca;8038bff0-2ff6-4631-9b20-73cb26af17f4;d7c972a3-75c7-4213-93de-807161ee73a6;b4276170-87d9-464c-999a-3754ae0dea3b;dcfd9f4b-d45c-4f80-b794-75fe100471a8;edce3fb3-9464-4d52-871d-540a63fc0830]]
2026-04-03 19:18:06.535,50.722,CrossSignalRelativeStable_OBS,atomic,[CrossSignalRelativeStable_OBS],[1.0000],1,6,1.0000,[dt-1;dt-2;dt-3],[[99c64c91-0928-44d5-9d06-bbaeaa9ee3ca;8038bff0-2ff6-4631-9b20-73cb26af17f4;d7c972a3-75c7-4213-93de-807161ee73a6;b4276170-87d9-464c-999a-3754ae0dea3b;dcfd9f4b-d45c-4f80-b794-75fe100471a8;edce3fb3-9464-4d52-871d-540a63fc0830]]
2026-04-03 19:18:06.535,50.722,CrossSignalDivergence_SYS,atomic,[CrossSignalDivergence_SYS],[1.0000],1,6,1.0000,[dt-1;dt-2;dt-3],[[99c64c91-0928-44d5-9d06-bbaeaa9ee3ca;8038bff0-2ff6-4631-9b20-73cb26af17f4;d7c972a3-75c7-4213-93de-807161ee73a6;b4276170-87d9-464c-999a-3754ae0dea3b;dcfd9f4b-d45c-4f80-b794-75fe100471a8;edce3fb3-9464-4d52-871d-540a63fc0830]]
2026-04-03 19:18:06.535,50.722,CrossSignalDivergence_OBS,atomic,[CrossSignalDivergence_OBS],[1.0000],1,6,1.0000,[dt-1;dt-2;dt-3],[[99c64c91-0928-44d5-9d06-bbaeaa9ee3ca;8038bff0-2ff6-4631-9b20-73cb26af17f4;d7c972a3-75c7-4213-93de-807161ee73a6;b4276170-87d9-464c-999a-3754ae0dea3b;dcfd9f4b-d45c-4f80-b794-75fe100471a8;edce3fb3-9464-4d52-871d-540a63fc0830]]
2026-04-03 19:18:06.552,50.739,CrossSignalRelativeStable_GT,atomic,[CrossSignalRelativeStable_GT],[1.0000],1,6,1.0000,[dt-1;dt-2;dt-3],[[8ebb5468-f5ca-4061-aa96-5c5a95e8951f;8ed5b125-a78b-4ef0-8751-2e29d7fea08f;a41901cc-1f48-4451-8963-116cdc31fe91;20a39822-b293-4c04-a7e3-f5090a1bb262;232c2cd8-b117-4498-a4bd-eb9bd667ac76;4486b408-3fc8-428e-b038-8e93ed60a001]]
2026-04-03 19:18:06.552,50.739,CrossSignalTrendConsistency_GT,atomic,[CrossSignalTrendConsistency_GT],[1.0000],1,6,1.0000,[dt-1;dt-2;dt-3],[[8ebb5468-f5ca-4061-aa96-5c5a95e8951f;8ed5b125-a78b-4ef0-8751-2e29d7fea08f;a41901cc-1f48-4451-8963-116cdc31fe91;20a39822-b293-4c04-a7e3-f5090a1bb262;232c2cd8-b117-4498-a4bd-eb9bd667ac76;4486b408-3fc8-428e-b038-8e93ed60a001]]
2026-04-03 19:18:06.552,50.739,CrossSignalDivergence_GT,atomic,[CrossSignalDivergence_GT],[1.0000],1,6,1.0000,[dt-1;dt-2;dt-3],[[8ebb5468-f5ca-4061-aa96-5c5a95e8951f;8ed5b125-a78b-4ef0-8751-2e29d7fea08f;a41901cc-1f48-4451-8963-116cdc31fe91;20a39822-b293-4c04-a7e3-f5090a1bb262;232c2cd8-b117-4498-a4bd-eb9bd667ac76;4486b408-3fc8-428e-b038-8e93ed60a001]]
2026-04-03 19:18:06.649,50.836,CrossSignalRelativeStable_SYS,atomic,[CrossSignalRelativeStable_SYS],[1.0000],1,6,1.0000,[dt-1;dt-2;dt-3],[[b4276170-87d9-464c-999a-3754ae0dea3b;dcfd9f4b-d45c-4f80-b794-75fe100471a8;edce3fb3-9464-4d52-871d-540a63fc0830;859124e0-6d42-4f18-a048-443024cf3b42;1208c0c2-8edc-4ab0-90a5-c5545cb0bd91;a3f4b6f4-b1db-41fa-92de-4c05a8d98811]]
2026-04-03 19:18:06.649,50.836,CrossSignalRelativeStable_OBS,atomic,[CrossSignalRelativeStable_OBS],[1.0000],1,6,1.0000,[dt-1;dt-2;dt-3],[[b4276170-87d9-464c-999a-3754ae0dea3b;dcfd9f4b-d45c-4f80-b794-75fe100471a8;edce3fb3-9464-4d52-871d-540a63fc0830;859124e0-6d42-4f18-a048-443024cf3b42;1208c0c2-8edc-4ab0-90a5-c5545cb0bd91;a3f4b6f4-b1db-41fa-92de-4c05a8d98811]]
2026-04-03 19:18:06.649,50.836,CrossSignalTrendConsistency_SYS,atomic,[CrossSignalTrendConsistency_SYS],[1.0000],1,6,1.0000,[dt-1;dt-2;dt-3],[[b4276170-87d9-464c-999a-3754ae0dea3b;dcfd9f4b-d45c-4f80-b794-75fe100471a8;edce3fb3-9464-4d52-871d-540a63fc0830;859124e0-6d42-4f18-a048-443024cf3b42;1208c0c2-8edc-4ab0-90a5-c5545cb0bd91;a3f4b6f4-b1db-41fa-92de-4c05a8d98811]]
2026-04-03 19:18:06.649,50.836,CrossSignalTrendConsistency_OBS,atomic,[CrossSignalTrendConsistency_OBS],[1.0000],1,6,1.0000,[dt-1;dt-2;dt-3],[[b4276170-87d9-464c-999a-3754ae0dea3b;dcfd9f4b-d45c-4f80-b794-75fe100471a8;edce3fb3-9464-4d52-871d-540a63fc0830;859124e0-6d42-4f18-a048-443024cf3b42;1208c0c2-8edc-4ab0-90a5-c5545cb0bd91;a3f4b6f4-b1db-41fa-92de-4c05a8d98811]]
2026-04-03 19:18:06.649,50.836,CrossSignalDivergence_SYS,atomic,[CrossSignalDivergence_SYS],[1.0000],1,6,1.0000,[dt-1;dt-2;dt-3],[[b4276170-87d9-464c-999a-3754ae0dea3b;dcfd9f4b-d45c-4f80-b794-75fe100471a8;edce3fb3-9464-4d52-871d-540a63fc0830;859124e0-6d42-4f18-a048-443024cf3b42;1208c0c2-8edc-4ab0-90a5-c5545cb0bd91;a3f4b6f4-b1db-41fa-92de-4c05a8d98811]]
2026-04-03 19:18:06.649,50.836,CrossSignalDivergence_OBS,atomic,[CrossSignalDivergence_OBS],[1.0000],1,6,1.0000,[dt-1;dt-2;dt-3],[[b4276170-87d9-464c-999a-3754ae0dea3b;dcfd9f4b-d45c-4f80-b794-75fe100471a8;edce3fb3-9464-4d52-871d-540a63fc0830;859124e0-6d42-4f18-a048-443024cf3b42;1208c0c2-8edc-4ab0-90a5-c5545cb0bd91;a3f4b6f4-b1db-41fa-92de-4c05a8d98811]]
2026-04-03 19:18:06.661,50.848,CrossSignalRelativeStable_GT,atomic,[CrossSignalRelativeStable_GT],[1.0000],1,6,1.0000,[dt-1;dt-2;dt-3],[[20a39822-b293-4c04-a7e3-f5090a1bb262;232c2cd8-b117-4498-a4bd-eb9bd667ac76;4486b408-3fc8-428e-b038-8e93ed60a001;cc08cb95-a784-45f1-b47d-685eb7d24eef;f078a52f-b860-4860-a7d3-5f27d5eac628;ba1c41ee-dc19-4f61-b99b-a597193ddc24]]
2026-04-03 19:18:06.661,50.848,CrossSignalDivergence_GT,atomic,[CrossSignalDivergence_GT],[1.0000],1,6,1.0000,[dt-1;dt-2;dt-3],[[20a39822-b293-4c04-a7e3-f5090a1bb262;232c2cd8-b117-4498-a4bd-eb9bd667ac76;4486b408-3fc8-428e-b038-8e93ed60a001;cc08cb95-a784-45f1-b47d-685eb7d24eef;f078a52f-b860-4860-a7d3-5f27d5eac628;ba1c41ee-dc19-4f61-b99b-a597193ddc24]]
2026-04-03 19:18:06.757,50.944,CrossSignalRelativeStable_SYS,atomic,[CrossSignalRelativeStable_SYS],[1.0000],1,6,1.0000,[dt-1;dt-2;dt-3],[[859124e0-6d42-4f18-a048-443024cf3b42;1208c0c2-8edc-4ab0-90a5-c5545cb0bd91;a3f4b6f4-b1db-41fa-92de-4c05a8d98811;0e1cb118-21c3-4d94-871d-3331aa287a19;eb020836-da15-4e89-86e4-28d6eabed21c;57985b11-5c97-49d5-b0a3-7284eb591694]]
2026-04-03 19:18:06.757,50.944,CrossSignalRelativeStable_OBS,atomic,[CrossSignalRelativeStable_OBS],[1.0000],1,6,1.0000,[dt-1;dt-2;dt-3],[[859124e0-6d42-4f18-a048-443024cf3b42;1208c0c2-8edc-4ab0-90a5-c5545cb0bd91;a3f4b6f4-b1db-41fa-92de-4c05a8d98811;0e1cb118-21c3-4d94-871d-3331aa287a19;eb020836-da15-4e89-86e4-28d6eabed21c;57985b11-5c97-49d5-b0a3-7284eb591694]]
2026-04-03 19:18:06.757,50.944,CrossSignalDivergence_SYS,atomic,[CrossSignalDivergence_SYS],[1.0000],1,6,1.0000,[dt-1;dt-2;dt-3],[[859124e0-6d42-4f18-a048-443024cf3b42;1208c0c2-8edc-4ab0-90a5-c5545cb0bd91;a3f4b6f4-b1db-41fa-92de-4c05a8d98811;0e1cb118-21c3-4d94-871d-3331aa287a19;eb020836-da15-4e89-86e4-28d6eabed21c;57985b11-5c97-49d5-b0a3-7284eb591694]]
2026-04-03 19:18:06.757,50.944,CrossSignalDivergence_OBS,atomic,[CrossSignalDivergence_OBS],[1.0000],1,6,1.0000,[dt-1;dt-2;dt-3],[[859124e0-6d42-4f18-a048-443024cf3b42;1208c0c2-8edc-4ab0-90a5-c5545cb0bd91;a3f4b6f4-b1db-41fa-92de-4c05a8d98811;0e1cb118-21c3-4d94-871d-3331aa287a19;eb020836-da15-4e89-86e4-28d6eabed21c;57985b11-5c97-49d5-b0a3-7284eb591694]]
2026-04-03 19:18:06.770,50.957,CrossSignalRelativeStable_GT,atomic,[CrossSignalRelativeStable_GT],[1.0000],1,6,1.0000,[dt-1;dt-2;dt-3],[[cc08cb95-a784-45f1-b47d-685eb7d24eef;f078a52f-b860-4860-a7d3-5f27d5eac628;ba1c41ee-dc19-4f61-b99b-a597193ddc24;6e1d0e3d-5318-49b0-9b75-90ed6318a157;60242b09-6667-42b0-a783-542e6ee36b88;797350da-22d9-44d6-8d31-14977656fa62]]
2026-04-03 19:18:06.770,50.957,CrossSignalDivergence_GT,atomic,[CrossSignalDivergence_GT],[1.0000],1,6,1.0000,[dt-1;dt-2;dt-3],[[cc08cb95-a784-45f1-b47d-685eb7d24eef;f078a52f-b860-4860-a7d3-5f27d5eac628;ba1c41ee-dc19-4f61-b99b-a597193ddc24;6e1d0e3d-5318-49b0-9b75-90ed6318a157;60242b09-6667-42b0-a783-542e6ee36b88;797350da-22d9-44d6-8d31-14977656fa62]]
2026-04-03 19:18:06.867,51.054,CrossSignalRelativeStable_SYS,atomic,[CrossSignalRelativeStable_SYS],[1.0000],1,6,1.0000,[dt-1;dt-2;dt-3],[[0e1cb118-21c3-4d94-871d-3331aa287a19;eb020836-da15-4e89-86e4-28d6eabed21c;57985b11-5c97-49d5-b0a3-7284eb591694;bb60a852-bf56-4968-ab41-61e9316fb7e8;0bf7f378-7266-4a80-bf6d-d7c2622fe96a;8f227d99-1e45-4606-93b5-769e3d92c2e4]]
2026-04-03 19:18:06.867,51.054,CrossSignalRelativeStable_OBS,atomic,[CrossSignalRelativeStable_OBS],[1.0000],1,6,1.0000,[dt-1;dt-2;dt-3],[[0e1cb118-21c3-4d94-871d-3331aa287a19;eb020836-da15-4e89-86e4-28d6eabed21c;57985b11-5c97-49d5-b0a3-7284eb591694;bb60a852-bf56-4968-ab41-61e9316fb7e8;0bf7f378-7266-4a80-bf6d-d7c2622fe96a;8f227d99-1e45-4606-93b5-769e3d92c2e4]]
2026-04-03 19:18:06.867,51.054,CrossSignalDivergence_SYS,atomic,[CrossSignalDivergence_SYS],[1.0000],1,6,1.0000,[dt-1;dt-2;dt-3],[[0e1cb118-21c3-4d94-871d-3331aa287a19;eb020836-da15-4e89-86e4-28d6eabed21c;57985b11-5c97-49d5-b0a3-7284eb591694;bb60a852-bf56-4968-ab41-61e9316fb7e8;0bf7f378-7266-4a80-bf6d-d7c2622fe96a;8f227d99-1e45-4606-93b5-769e3d92c2e4]]
2026-04-03 19:18:06.867,51.054,CrossSignalDivergence_OBS,atomic,[CrossSignalDivergence_OBS],[1.0000],1,6,1.0000,[dt-1;dt-2;dt-3],[[0e1cb118-21c3-4d94-871d-3331aa287a19;eb020836-da15-4e89-86e4-28d6eabed21c;57985b11-5c97-49d5-b0a3-7284eb591694;bb60a852-bf56-4968-ab41-61e9316fb7e8;0bf7f378-7266-4a80-bf6d-d7c2622fe96a;8f227d99-1e45-4606-93b5-769e3d92c2e4]]
2026-04-03 19:18:06.878,51.065,CrossSignalRelativeStable_GT,atomic,[CrossSignalRelativeStable_GT],[1.0000],1,6,1.0000,[dt-1;dt-2;dt-3],[[6e1d0e3d-5318-49b0-9b75-90ed6318a157;60242b09-6667-42b0-a783-542e6ee36b88;797350da-22d9-44d6-8d31-14977656fa62;8dbb403f-74be-4f26-92ca-c8793a06ccc6;ba7c1a55-35f2-4cee-b7fa-1120d2777779;30af313d-a24f-49b4-9ac5-28018943a076]]
2026-04-03 19:18:06.878,51.065,CrossSignalDivergence_GT,atomic,[CrossSignalDivergence_GT],[1.0000],1,6,1.0000,[dt-1;dt-2;dt-3],[[6e1d0e3d-5318-49b0-9b75-90ed6318a157;60242b09-6667-42b0-a783-542e6ee36b88;797350da-22d9-44d6-8d31-14977656fa62;8dbb403f-74be-4f26-92ca-c8793a06ccc6;ba7c1a55-35f2-4cee-b7fa-1120d2777779;30af313d-a24f-49b4-9ac5-28018943a076]]
2026-04-03 19:18:06.976,51.163,CrossSignalRelativeStable_SYS,atomic,[CrossSignalRelativeStable_SYS],[1.0000],1,6,1.0000,[dt-1;dt-2;dt-3],[[bb60a852-bf56-4968-ab41-61e9316fb7e8;0bf7f378-7266-4a80-bf6d-d7c2622fe96a;8f227d99-1e45-4606-93b5-769e3d92c2e4;cf51e232-9b79-4aca-a0b3-18da3d0880b7;4303de0c-bb9a-412e-9bb6-9f03e9f31898;7dc2ce29-faa6-43ac-ba98-5c36ef8bd96d]]
2026-04-03 19:18:06.976,51.163,CrossSignalRelativeStable_OBS,atomic,[CrossSignalRelativeStable_OBS],[1.0000],1,6,1.0000,[dt-1;dt-2;dt-3],[[bb60a852-bf56-4968-ab41-61e9316fb7e8;0bf7f378-7266-4a80-bf6d-d7c2622fe96a;8f227d99-1e45-4606-93b5-769e3d92c2e4;cf51e232-9b79-4aca-a0b3-18da3d0880b7;4303de0c-bb9a-412e-9bb6-9f03e9f31898;7dc2ce29-faa6-43ac-ba98-5c36ef8bd96d]]
2026-04-03 19:18:06.976,51.163,CrossSignalDivergence_SYS,atomic,[CrossSignalDivergence_SYS],[1.0000],1,6,1.0000,[dt-1;dt-2;dt-3],[[bb60a852-bf56-4968-ab41-61e9316fb7e8;0bf7f378-7266-4a80-bf6d-d7c2622fe96a;8f227d99-1e45-4606-93b5-769e3d92c2e4;cf51e232-9b79-4aca-a0b3-18da3d0880b7;4303de0c-bb9a-412e-9bb6-9f03e9f31898;7dc2ce29-faa6-43ac-ba98-5c36ef8bd96d]]
2026-04-03 19:18:06.976,51.163,CrossSignalDivergence_OBS,atomic,[CrossSignalDivergence_OBS],[1.0000],1,6,1.0000,[dt-1;dt-2;dt-3],[[bb60a852-bf56-4968-ab41-61e9316fb7e8;0bf7f378-7266-4a80-bf6d-d7c2622fe96a;8f227d99-1e45-4606-93b5-769e3d92c2e4;cf51e232-9b79-4aca-a0b3-18da3d0880b7;4303de0c-bb9a-412e-9bb6-9f03e9f31898;7dc2ce29-faa6-43ac-ba98-5c36ef8bd96d]]
2026-04-03 19:18:06.994,51.181,CrossSignalRelativeStable_GT,atomic,[CrossSignalRelativeStable_GT],[1.0000],1,6,1.0000,[dt-1;dt-2;dt-3],[[8dbb403f-74be-4f26-92ca-c8793a06ccc6;ba7c1a55-35f2-4cee-b7fa-1120d2777779;30af313d-a24f-49b4-9ac5-28018943a076;46d53d51-d69f-49b2-a334-36c6e17c0f8f;950a53d6-7618-4624-889b-d3e2a6eab09f;4cc7ab0a-4f55-4f9c-b759-8606f24936ad]]
2026-04-03 19:18:06.994,51.181,CrossSignalDivergence_GT,atomic,[CrossSignalDivergence_GT],[1.0000],1,6,1.0000,[dt-1;dt-2;dt-3],[[8dbb403f-74be-4f26-92ca-c8793a06ccc6;ba7c1a55-35f2-4cee-b7fa-1120d2777779;30af313d-a24f-49b4-9ac5-28018943a076;46d53d51-d69f-49b2-a334-36c6e17c0f8f;950a53d6-7618-4624-889b-d3e2a6eab09f;4cc7ab0a-4f55-4f9c-b759-8606f24936ad]]
2026-04-03 19:18:07.100,51.287,CrossSignalRelativeStable_SYS,atomic,[CrossSignalRelativeStable_SYS],[1.0000],1,6,1.0000,[dt-1;dt-2;dt-3],[[cf51e232-9b79-4aca-a0b3-18da3d0880b7;4303de0c-bb9a-412e-9bb6-9f03e9f31898;7dc2ce29-faa6-43ac-ba98-5c36ef8bd96d;d40e3c08-8da4-4824-8e75-41f373aa1090;491bfde5-f303-4e50-9619-3d5a52333aef;e9eba740-dcb8-4736-8f22-0c61703c7781]]
2026-04-03 19:18:07.100,51.287,CrossSignalRelativeStable_OBS,atomic,[CrossSignalRelativeStable_OBS],[1.0000],1,6,1.0000,[dt-1;dt-2;dt-3],[[cf51e232-9b79-4aca-a0b3-18da3d0880b7;4303de0c-bb9a-412e-9bb6-9f03e9f31898;7dc2ce29-faa6-43ac-ba98-5c36ef8bd96d;d40e3c08-8da4-4824-8e75-41f373aa1090;491bfde5-f303-4e50-9619-3d5a52333aef;e9eba740-dcb8-4736-8f22-0c61703c7781]]
2026-04-03 19:18:07.100,51.287,CrossSignalDivergence_SYS,atomic,[CrossSignalDivergence_SYS],[1.0000],1,6,1.0000,[dt-1;dt-2;dt-3],[[cf51e232-9b79-4aca-a0b3-18da3d0880b7;4303de0c-bb9a-412e-9bb6-9f03e9f31898;7dc2ce29-faa6-43ac-ba98-5c36ef8bd96d;d40e3c08-8da4-4824-8e75-41f373aa1090;491bfde5-f303-4e50-9619-3d5a52333aef;e9eba740-dcb8-4736-8f22-0c61703c7781]]
2026-04-03 19:18:07.100,51.287,CrossSignalDivergence_OBS,atomic,[CrossSignalDivergence_OBS],[1.0000],1,6,1.0000,[dt-1;dt-2;dt-3],[[cf51e232-9b79-4aca-a0b3-18da3d0880b7;4303de0c-bb9a-412e-9bb6-9f03e9f31898;7dc2ce29-faa6-43ac-ba98-5c36ef8bd96d;d40e3c08-8da4-4824-8e75-41f373aa1090;491bfde5-f303-4e50-9619-3d5a52333aef;e9eba740-dcb8-4736-8f22-0c61703c7781]]
2026-04-03 19:18:07.113,51.300,CrossSignalRelativeStable_GT,atomic,[CrossSignalRelativeStable_GT],[1.0000],1,6,1.0000,[dt-1;dt-2;dt-3],[[46d53d51-d69f-49b2-a334-36c6e17c0f8f;950a53d6-7618-4624-889b-d3e2a6eab09f;4cc7ab0a-4f55-4f9c-b759-8606f24936ad;426c17c1-19be-41af-814c-ba2d36432d0b;a21df059-0d8e-46b8-b3dd-08d9f188cbd3;b7b0ef5e-dc69-4ef2-a8ef-eed1a59a019e]]
2026-04-03 19:18:07.113,51.300,CrossSignalDivergence_GT,atomic,[CrossSignalDivergence_GT],[1.0000],1,6,1.0000,[dt-1;dt-2;dt-3],[[46d53d51-d69f-49b2-a334-36c6e17c0f8f;950a53d6-7618-4624-889b-d3e2a6eab09f;4cc7ab0a-4f55-4f9c-b759-8606f24936ad;426c17c1-19be-41af-814c-ba2d36432d0b;a21df059-0d8e-46b8-b3dd-08d9f188cbd3;b7b0ef5e-dc69-4ef2-a8ef-eed1a59a019e]]
2026-04-03 19:18:07.196,51.383,CrossSignalRelativeStable_SYS,atomic,[CrossSignalRelativeStable_SYS],[1.0000],1,6,1.0000,[dt-1;dt-2;dt-3],[[d40e3c08-8da4-4824-8e75-41f373aa1090;491bfde5-f303-4e50-9619-3d5a52333aef;e9eba740-dcb8-4736-8f22-0c61703c7781;ba617345-7fdc-4917-92e1-25504c99d73c;c03c34c9-4d5f-4fab-b902-7e6642cd244f;e3f7aa79-a5ee-4517-9fa4-f1fb16b5bc22]]
2026-04-03 19:18:07.197,51.384,CrossSignalRelativeStable_OBS,atomic,[CrossSignalRelativeStable_OBS],[1.0000],1,6,1.0000,[dt-1;dt-2;dt-3],[[d40e3c08-8da4-4824-8e75-41f373aa1090;491bfde5-f303-4e50-9619-3d5a52333aef;e9eba740-dcb8-4736-8f22-0c61703c7781;ba617345-7fdc-4917-92e1-25504c99d73c;c03c34c9-4d5f-4fab-b902-7e6642cd244f;e3f7aa79-a5ee-4517-9fa4-f1fb16b5bc22]]
2026-04-03 19:18:07.197,51.384,CrossSignalDivergence_SYS,atomic,[CrossSignalDivergence_SYS],[1.0000],1,6,1.0000,[dt-1;dt-2;dt-3],[[d40e3c08-8da4-4824-8e75-41f373aa1090;491bfde5-f303-4e50-9619-3d5a52333aef;e9eba740-dcb8-4736-8f22-0c61703c7781;ba617345-7fdc-4917-92e1-25504c99d73c;c03c34c9-4d5f-4fab-b902-7e6642cd244f;e3f7aa79-a5ee-4517-9fa4-f1fb16b5bc22]]
2026-04-03 19:18:07.197,51.384,CrossSignalDivergence_OBS,atomic,[CrossSignalDivergence_OBS],[1.0000],1,6,1.0000,[dt-1;dt-2;dt-3],[[d40e3c08-8da4-4824-8e75-41f373aa1090;491bfde5-f303-4e50-9619-3d5a52333aef;e9eba740-dcb8-4736-8f22-0c61703c7781;ba617345-7fdc-4917-92e1-25504c99d73c;c03c34c9-4d5f-4fab-b902-7e6642cd244f;e3f7aa79-a5ee-4517-9fa4-f1fb16b5bc22]]
2026-04-03 19:18:07.215,51.402,CrossSignalRelativeStable_GT,atomic,[CrossSignalRelativeStable_GT],[1.0000],1,6,1.0000,[dt-1;dt-2;dt-3],[[426c17c1-19be-41af-814c-ba2d36432d0b;a21df059-0d8e-46b8-b3dd-08d9f188cbd3;b7b0ef5e-dc69-4ef2-a8ef-eed1a59a019e;e9438a25-ac6a-4da6-aba7-279d8febfaf5;b17b1a06-0598-448f-9c28-1fee1f8df99f;dc72e795-c3bb-4309-a61f-e9cf666c5c94]]
2026-04-03 19:18:07.215,51.402,CrossSignalDivergence_GT,atomic,[CrossSignalDivergence_GT],[1.0000],1,6,1.0000,[dt-1;dt-2;dt-3],[[426c17c1-19be-41af-814c-ba2d36432d0b;a21df059-0d8e-46b8-b3dd-08d9f188cbd3;b7b0ef5e-dc69-4ef2-a8ef-eed1a59a019e;e9438a25-ac6a-4da6-aba7-279d8febfaf5;b17b1a06-0598-448f-9c28-1fee1f8df99f;dc72e795-c3bb-4309-a61f-e9cf666c5c94]]
2026-04-03 19:18:07.311,51.498,CrossSignalRelativeStable_SYS,atomic,[CrossSignalRelativeStable_SYS],[1.0000],1,6,1.0000,[dt-1;dt-2;dt-3],[[ba617345-7fdc-4917-92e1-25504c99d73c;c03c34c9-4d5f-4fab-b902-7e6642cd244f;e3f7aa79-a5ee-4517-9fa4-f1fb16b5bc22;e8903a56-50ee-49a6-a015-56991065bab9;c1e5d2c3-99c2-4d3c-965d-4481f26352a0;15bec4fd-d120-44de-bbf6-2e4fd5baa3eb]]
2026-04-03 19:18:07.311,51.498,CrossSignalRelativeStable_OBS,atomic,[CrossSignalRelativeStable_OBS],[1.0000],1,6,1.0000,[dt-1;dt-2;dt-3],[[ba617345-7fdc-4917-92e1-25504c99d73c;c03c34c9-4d5f-4fab-b902-7e6642cd244f;e3f7aa79-a5ee-4517-9fa4-f1fb16b5bc22;e8903a56-50ee-49a6-a015-56991065bab9;c1e5d2c3-99c2-4d3c-965d-4481f26352a0;15bec4fd-d120-44de-bbf6-2e4fd5baa3eb]]
2026-04-03 19:18:07.311,51.498,CrossSignalDivergence_SYS,atomic,[CrossSignalDivergence_SYS],[1.0000],1,6,1.0000,[dt-1;dt-2;dt-3],[[ba617345-7fdc-4917-92e1-25504c99d73c;c03c34c9-4d5f-4fab-b902-7e6642cd244f;e3f7aa79-a5ee-4517-9fa4-f1fb16b5bc22;e8903a56-50ee-49a6-a015-56991065bab9;c1e5d2c3-99c2-4d3c-965d-4481f26352a0;15bec4fd-d120-44de-bbf6-2e4fd5baa3eb]]
2026-04-03 19:18:07.311,51.498,CrossSignalDivergence_OBS,atomic,[CrossSignalDivergence_OBS],[1.0000],1,6,1.0000,[dt-1;dt-2;dt-3],[[ba617345-7fdc-4917-92e1-25504c99d73c;c03c34c9-4d5f-4fab-b902-7e6642cd244f;e3f7aa79-a5ee-4517-9fa4-f1fb16b5bc22;e8903a56-50ee-49a6-a015-56991065bab9;c1e5d2c3-99c2-4d3c-965d-4481f26352a0;15bec4fd-d120-44de-bbf6-2e4fd5baa3eb]]
2026-04-03 19:18:07.324,51.511,CrossSignalRelativeStable_GT,atomic,[CrossSignalRelativeStable_GT],[1.0000],1,6,1.0000,[dt-1;dt-2;dt-3],[[e9438a25-ac6a-4da6-aba7-279d8febfaf5;b17b1a06-0598-448f-9c28-1fee1f8df99f;dc72e795-c3bb-4309-a61f-e9cf666c5c94;df9cfd5c-80d5-4363-8b99-6b283a0336f4;4ea6ed0b-d1a3-4afc-ba66-a35cbad722f5;f69c1905-623b-4566-bf96-0b9bd6db456a]]
2026-04-03 19:18:07.324,51.511,CrossSignalDivergence_GT,atomic,[CrossSignalDivergence_GT],[1.0000],1,6,1.0000,[dt-1;dt-2;dt-3],[[e9438a25-ac6a-4da6-aba7-279d8febfaf5;b17b1a06-0598-448f-9c28-1fee1f8df99f;dc72e795-c3bb-4309-a61f-e9cf666c5c94;df9cfd5c-80d5-4363-8b99-6b283a0336f4;4ea6ed0b-d1a3-4afc-ba66-a35cbad722f5;f69c1905-623b-4566-bf96-0b9bd6db456a]]
2026-04-03 19:18:07.418,51.605,CrossSignalRelativeStable_SYS,atomic,[CrossSignalRelativeStable_SYS],[1.0000],1,6,1.0000,[dt-1;dt-2;dt-3],[[e8903a56-50ee-49a6-a015-56991065bab9;c1e5d2c3-99c2-4d3c-965d-4481f26352a0;15bec4fd-d120-44de-bbf6-2e4fd5baa3eb;73a00dc6-3403-4b7a-b4f2-f63b93276fcc;73780c66-7b37-455b-bc5d-1132112bcb23;a864e26b-f207-48a6-9450-950fa8f274ba]]
2026-04-03 19:18:07.418,51.605,CrossSignalRelativeStable_OBS,atomic,[CrossSignalRelativeStable_OBS],[1.0000],1,6,1.0000,[dt-1;dt-2;dt-3],[[e8903a56-50ee-49a6-a015-56991065bab9;c1e5d2c3-99c2-4d3c-965d-4481f26352a0;15bec4fd-d120-44de-bbf6-2e4fd5baa3eb;73a00dc6-3403-4b7a-b4f2-f63b93276fcc;73780c66-7b37-455b-bc5d-1132112bcb23;a864e26b-f207-48a6-9450-950fa8f274ba]]
2026-04-03 19:18:07.418,51.605,CrossSignalDivergence_SYS,atomic,[CrossSignalDivergence_SYS],[1.0000],1,6,1.0000,[dt-1;dt-2;dt-3],[[e8903a56-50ee-49a6-a015-56991065bab9;c1e5d2c3-99c2-4d3c-965d-4481f26352a0;15bec4fd-d120-44de-bbf6-2e4fd5baa3eb;73a00dc6-3403-4b7a-b4f2-f63b93276fcc;73780c66-7b37-455b-bc5d-1132112bcb23;a864e26b-f207-48a6-9450-950fa8f274ba]]
2026-04-03 19:18:07.418,51.605,CrossSignalDivergence_OBS,atomic,[CrossSignalDivergence_OBS],[1.0000],1,6,1.0000,[dt-1;dt-2;dt-3],[[e8903a56-50ee-49a6-a015-56991065bab9;c1e5d2c3-99c2-4d3c-965d-4481f26352a0;15bec4fd-d120-44de-bbf6-2e4fd5baa3eb;73a00dc6-3403-4b7a-b4f2-f63b93276fcc;73780c66-7b37-455b-bc5d-1132112bcb23;a864e26b-f207-48a6-9450-950fa8f274ba]]
2026-04-03 19:18:07.429,51.616,CrossSignalRelativeStable_GT,atomic,[CrossSignalRelativeStable_GT],[1.0000],1,6,1.0000,[dt-1;dt-2;dt-3],[[df9cfd5c-80d5-4363-8b99-6b283a0336f4;4ea6ed0b-d1a3-4afc-ba66-a35cbad722f5;f69c1905-623b-4566-bf96-0b9bd6db456a;6daa6183-ea94-4dfd-a430-c9733450e637;1c37469c-f182-49b0-844b-d77bf9e9a29e;29f63044-cdd9-41e2-aabf-c12b0eda1b1d]]
2026-04-03 19:18:07.429,51.616,CrossSignalTrendConsistency_GT,atomic,[CrossSignalTrendConsistency_GT],[1.0000],1,6,1.0000,[dt-1;dt-2;dt-3],[[df9cfd5c-80d5-4363-8b99-6b283a0336f4;4ea6ed0b-d1a3-4afc-ba66-a35cbad722f5;f69c1905-623b-4566-bf96-0b9bd6db456a;6daa6183-ea94-4dfd-a430-c9733450e637;1c37469c-f182-49b0-844b-d77bf9e9a29e;29f63044-cdd9-41e2-aabf-c12b0eda1b1d]]
2026-04-03 19:18:07.429,51.616,CrossSignalDivergence_GT,atomic,[CrossSignalDivergence_GT],[1.0000],1,6,1.0000,[dt-1;dt-2;dt-3],[[df9cfd5c-80d5-4363-8b99-6b283a0336f4;4ea6ed0b-d1a3-4afc-ba66-a35cbad722f5;f69c1905-623b-4566-bf96-0b9bd6db456a;6daa6183-ea94-4dfd-a430-c9733450e637;1c37469c-f182-49b0-844b-d77bf9e9a29e;29f63044-cdd9-41e2-aabf-c12b0eda1b1d]]
2026-04-03 19:18:07.529,51.716,CrossSignalRelativeStable_SYS,atomic,[CrossSignalRelativeStable_SYS],[1.0000],1,6,1.0000,[dt-1;dt-2;dt-3],[[73a00dc6-3403-4b7a-b4f2-f63b93276fcc;73780c66-7b37-455b-bc5d-1132112bcb23;a864e26b-f207-48a6-9450-950fa8f274ba;526a52a3-ce94-45e3-8812-7aee6db17cfa;337a4d95-4427-4ac9-b777-0e8a9fb17ae6;15f7738b-66f3-43ae-9115-b561f9cfe3e9]]
2026-04-03 19:18:07.529,51.716,CrossSignalRelativeStable_OBS,atomic,[CrossSignalRelativeStable_OBS],[1.0000],1,6,1.0000,[dt-1;dt-2;dt-3],[[73a00dc6-3403-4b7a-b4f2-f63b93276fcc;73780c66-7b37-455b-bc5d-1132112bcb23;a864e26b-f207-48a6-9450-950fa8f274ba;526a52a3-ce94-45e3-8812-7aee6db17cfa;337a4d95-4427-4ac9-b777-0e8a9fb17ae6;15f7738b-66f3-43ae-9115-b561f9cfe3e9]]
2026-04-03 19:18:07.529,51.716,CrossSignalDivergence_SYS,atomic,[CrossSignalDivergence_SYS],[1.0000],1,6,1.0000,[dt-1;dt-2;dt-3],[[73a00dc6-3403-4b7a-b4f2-f63b93276fcc;73780c66-7b37-455b-bc5d-1132112bcb23;a864e26b-f207-48a6-9450-950fa8f274ba;526a52a3-ce94-45e3-8812-7aee6db17cfa;337a4d95-4427-4ac9-b777-0e8a9fb17ae6;15f7738b-66f3-43ae-9115-b561f9cfe3e9]]
2026-04-03 19:18:07.529,51.716,CrossSignalDivergence_OBS,atomic,[CrossSignalDivergence_OBS],[1.0000],1,6,1.0000,[dt-1;dt-2;dt-3],[[73a00dc6-3403-4b7a-b4f2-f63b93276fcc;73780c66-7b37-455b-bc5d-1132112bcb23;a864e26b-f207-48a6-9450-950fa8f274ba;526a52a3-ce94-45e3-8812-7aee6db17cfa;337a4d95-4427-4ac9-b777-0e8a9fb17ae6;15f7738b-66f3-43ae-9115-b561f9cfe3e9]]
2026-04-03 19:18:07.540,51.727,CrossSignalRelativeStable_GT,atomic,[CrossSignalRelativeStable_GT],[1.0000],1,6,1.0000,[dt-1;dt-2;dt-3],[[6daa6183-ea94-4dfd-a430-c9733450e637;1c37469c-f182-49b0-844b-d77bf9e9a29e;29f63044-cdd9-41e2-aabf-c12b0eda1b1d;e2645e04-4fd1-47c3-bb10-4bc49b4e6ec5;95e18224-34fb-454e-b463-d236fe3a82ec;826830e5-a5b9-48e8-9699-fa01e89a11dc]]
2026-04-03 19:18:07.541,51.728,CrossSignalDivergence_GT,atomic,[CrossSignalDivergence_GT],[1.0000],1,6,1.0000,[dt-1;dt-2;dt-3],[[6daa6183-ea94-4dfd-a430-c9733450e637;1c37469c-f182-49b0-844b-d77bf9e9a29e;29f63044-cdd9-41e2-aabf-c12b0eda1b1d;e2645e04-4fd1-47c3-bb10-4bc49b4e6ec5;95e18224-34fb-454e-b463-d236fe3a82ec;826830e5-a5b9-48e8-9699-fa01e89a11dc]]
2026-04-03 19:18:07.639,51.826,CrossSignalRelativeStable_SYS,atomic,[CrossSignalRelativeStable_SYS],[1.0000],1,6,1.0000,[dt-1;dt-2;dt-3],[[526a52a3-ce94-45e3-8812-7aee6db17cfa;337a4d95-4427-4ac9-b777-0e8a9fb17ae6;15f7738b-66f3-43ae-9115-b561f9cfe3e9;0410a2e1-b027-463c-b626-7e56468d5447;eff11d63-533b-4cdb-86fe-03f24f0219d8;6ea9941d-f63f-4f78-b8f4-4a31a54ea102]]
2026-04-03 19:18:07.639,51.826,CrossSignalRelativeStable_OBS,atomic,[CrossSignalRelativeStable_OBS],[1.0000],1,6,1.0000,[dt-1;dt-2;dt-3],[[526a52a3-ce94-45e3-8812-7aee6db17cfa;337a4d95-4427-4ac9-b777-0e8a9fb17ae6;15f7738b-66f3-43ae-9115-b561f9cfe3e9;0410a2e1-b027-463c-b626-7e56468d5447;eff11d63-533b-4cdb-86fe-03f24f0219d8;6ea9941d-f63f-4f78-b8f4-4a31a54ea102]]
2026-04-03 19:18:07.639,51.826,CrossSignalDivergence_SYS,atomic,[CrossSignalDivergence_SYS],[1.0000],1,6,1.0000,[dt-1;dt-2;dt-3],[[526a52a3-ce94-45e3-8812-7aee6db17cfa;337a4d95-4427-4ac9-b777-0e8a9fb17ae6;15f7738b-66f3-43ae-9115-b561f9cfe3e9;0410a2e1-b027-463c-b626-7e56468d5447;eff11d63-533b-4cdb-86fe-03f24f0219d8;6ea9941d-f63f-4f78-b8f4-4a31a54ea102]]
2026-04-03 19:18:07.639,51.826,CrossSignalDivergence_OBS,atomic,[CrossSignalDivergence_OBS],[1.0000],1,6,1.0000,[dt-1;dt-2;dt-3],[[526a52a3-ce94-45e3-8812-7aee6db17cfa;337a4d95-4427-4ac9-b777-0e8a9fb17ae6;15f7738b-66f3-43ae-9115-b561f9cfe3e9;0410a2e1-b027-463c-b626-7e56468d5447;eff11d63-533b-4cdb-86fe-03f24f0219d8;6ea9941d-f63f-4f78-b8f4-4a31a54ea102]]
2026-04-03 19:18:07.657,51.844,CrossSignalRelativeStable_GT,atomic,[CrossSignalRelativeStable_GT],[1.0000],1,6,1.0000,[dt-1;dt-2;dt-3],[[e2645e04-4fd1-47c3-bb10-4bc49b4e6ec5;95e18224-34fb-454e-b463-d236fe3a82ec;826830e5-a5b9-48e8-9699-fa01e89a11dc;e4036cca-8abf-49bf-a08b-564ff7aeb5d6;7d35a3a6-1e5c-4f7a-861b-f81314500a3e;42ef0fcd-db63-4043-b43c-dfb6be9908d2]]
2026-04-03 19:18:07.657,51.844,CrossSignalDivergence_GT,atomic,[CrossSignalDivergence_GT],[1.0000],1,6,1.0000,[dt-1;dt-2;dt-3],[[e2645e04-4fd1-47c3-bb10-4bc49b4e6ec5;95e18224-34fb-454e-b463-d236fe3a82ec;826830e5-a5b9-48e8-9699-fa01e89a11dc;e4036cca-8abf-49bf-a08b-564ff7aeb5d6;7d35a3a6-1e5c-4f7a-861b-f81314500a3e;42ef0fcd-db63-4043-b43c-dfb6be9908d2]]
2026-04-03 19:18:07.753,51.940,CrossSignalRelativeStable_SYS,atomic,[CrossSignalRelativeStable_SYS],[1.0000],1,6,1.0000,[dt-1;dt-2;dt-3],[[0410a2e1-b027-463c-b626-7e56468d5447;eff11d63-533b-4cdb-86fe-03f24f0219d8;6ea9941d-f63f-4f78-b8f4-4a31a54ea102;38de049e-fb63-4f41-89a7-5d59b23ed4af;c6fc5acd-c431-4e0a-a8a3-a8e049a6d808;9ccf050c-7d5e-4073-9dc0-794c546251c2]]
2026-04-03 19:18:07.753,51.940,CrossSignalRelativeStable_OBS,atomic,[CrossSignalRelativeStable_OBS],[1.0000],1,6,1.0000,[dt-1;dt-2;dt-3],[[0410a2e1-b027-463c-b626-7e56468d5447;eff11d63-533b-4cdb-86fe-03f24f0219d8;6ea9941d-f63f-4f78-b8f4-4a31a54ea102;38de049e-fb63-4f41-89a7-5d59b23ed4af;c6fc5acd-c431-4e0a-a8a3-a8e049a6d808;9ccf050c-7d5e-4073-9dc0-794c546251c2]]
2026-04-03 19:18:07.753,51.940,CrossSignalDivergence_SYS,atomic,[CrossSignalDivergence_SYS],[1.0000],1,6,1.0000,[dt-1;dt-2;dt-3],[[0410a2e1-b027-463c-b626-7e56468d5447;eff11d63-533b-4cdb-86fe-03f24f0219d8;6ea9941d-f63f-4f78-b8f4-4a31a54ea102;38de049e-fb63-4f41-89a7-5d59b23ed4af;c6fc5acd-c431-4e0a-a8a3-a8e049a6d808;9ccf050c-7d5e-4073-9dc0-794c546251c2]]
2026-04-03 19:18:07.753,51.940,CrossSignalDivergence_OBS,atomic,[CrossSignalDivergence_OBS],[1.0000],1,6,1.0000,[dt-1;dt-2;dt-3],[[0410a2e1-b027-463c-b626-7e56468d5447;eff11d63-533b-4cdb-86fe-03f24f0219d8;6ea9941d-f63f-4f78-b8f4-4a31a54ea102;38de049e-fb63-4f41-89a7-5d59b23ed4af;c6fc5acd-c431-4e0a-a8a3-a8e049a6d808;9ccf050c-7d5e-4073-9dc0-794c546251c2]]
2026-04-03 19:18:07.766,51.953,CrossSignalRelativeStable_GT,atomic,[CrossSignalRelativeStable_GT],[1.0000],1,6,1.0000,[dt-1;dt-2;dt-3],[[e4036cca-8abf-49bf-a08b-564ff7aeb5d6;7d35a3a6-1e5c-4f7a-861b-f81314500a3e;42ef0fcd-db63-4043-b43c-dfb6be9908d2;0a3dd20c-7259-490e-bbc7-7f15892a0629;7f33f3a8-a528-4c10-aaa1-5b5272292a6e;8ac0d33b-23d3-4927-ab79-c745bf558113]]
2026-04-03 19:18:07.766,51.953,CrossSignalTrendConsistency_GT,atomic,[CrossSignalTrendConsistency_GT],[1.0000],1,6,1.0000,[dt-1;dt-2;dt-3],[[e4036cca-8abf-49bf-a08b-564ff7aeb5d6;7d35a3a6-1e5c-4f7a-861b-f81314500a3e;42ef0fcd-db63-4043-b43c-dfb6be9908d2;0a3dd20c-7259-490e-bbc7-7f15892a0629;7f33f3a8-a528-4c10-aaa1-5b5272292a6e;8ac0d33b-23d3-4927-ab79-c745bf558113]]
2026-04-03 19:18:07.766,51.953,CrossSignalDivergence_GT,atomic,[CrossSignalDivergence_GT],[1.0000],1,6,1.0000,[dt-1;dt-2;dt-3],[[e4036cca-8abf-49bf-a08b-564ff7aeb5d6;7d35a3a6-1e5c-4f7a-861b-f81314500a3e;42ef0fcd-db63-4043-b43c-dfb6be9908d2;0a3dd20c-7259-490e-bbc7-7f15892a0629;7f33f3a8-a528-4c10-aaa1-5b5272292a6e;8ac0d33b-23d3-4927-ab79-c745bf558113]]
2026-04-03 19:18:07.862,52.049,CrossSignalRelativeStable_SYS,atomic,[CrossSignalRelativeStable_SYS],[1.0000],1,6,1.0000,[dt-1;dt-2;dt-3],[[38de049e-fb63-4f41-89a7-5d59b23ed4af;c6fc5acd-c431-4e0a-a8a3-a8e049a6d808;9ccf050c-7d5e-4073-9dc0-794c546251c2;0281afb4-fc7e-4791-81d6-e149ea51f844;f7763cfb-de41-4837-949a-57b45a93461a;a11c2bb9-600d-4e6e-bd79-f8774bd24890]]
2026-04-03 19:18:07.862,52.049,CrossSignalRelativeStable_OBS,atomic,[CrossSignalRelativeStable_OBS],[1.0000],1,6,1.0000,[dt-1;dt-2;dt-3],[[38de049e-fb63-4f41-89a7-5d59b23ed4af;c6fc5acd-c431-4e0a-a8a3-a8e049a6d808;9ccf050c-7d5e-4073-9dc0-794c546251c2;0281afb4-fc7e-4791-81d6-e149ea51f844;f7763cfb-de41-4837-949a-57b45a93461a;a11c2bb9-600d-4e6e-bd79-f8774bd24890]]
2026-04-03 19:18:07.862,52.049,CrossSignalDivergence_SYS,atomic,[CrossSignalDivergence_SYS],[1.0000],1,6,1.0000,[dt-1;dt-2;dt-3],[[38de049e-fb63-4f41-89a7-5d59b23ed4af;c6fc5acd-c431-4e0a-a8a3-a8e049a6d808;9ccf050c-7d5e-4073-9dc0-794c546251c2;0281afb4-fc7e-4791-81d6-e149ea51f844;f7763cfb-de41-4837-949a-57b45a93461a;a11c2bb9-600d-4e6e-bd79-f8774bd24890]]
2026-04-03 19:18:07.862,52.049,CrossSignalDivergence_OBS,atomic,[CrossSignalDivergence_OBS],[1.0000],1,6,1.0000,[dt-1;dt-2;dt-3],[[38de049e-fb63-4f41-89a7-5d59b23ed4af;c6fc5acd-c431-4e0a-a8a3-a8e049a6d808;9ccf050c-7d5e-4073-9dc0-794c546251c2;0281afb4-fc7e-4791-81d6-e149ea51f844;f7763cfb-de41-4837-949a-57b45a93461a;a11c2bb9-600d-4e6e-bd79-f8774bd24890]]
2026-04-03 19:18:07.873,52.060,CrossSignalRelativeStable_GT,atomic,[CrossSignalRelativeStable_GT],[1.0000],1,6,1.0000,[dt-1;dt-2;dt-3],[[0a3dd20c-7259-490e-bbc7-7f15892a0629;7f33f3a8-a528-4c10-aaa1-5b5272292a6e;8ac0d33b-23d3-4927-ab79-c745bf558113;80ecf115-9d90-49e8-87af-1ab778c97987;25684ae7-6061-4680-a1da-24a53e60722d;d7fb70a4-c132-46dd-a7b5-2ad038e932f6]]
2026-04-03 19:18:07.873,52.060,CrossSignalDivergence_GT,atomic,[CrossSignalDivergence_GT],[1.0000],1,6,1.0000,[dt-1;dt-2;dt-3],[[0a3dd20c-7259-490e-bbc7-7f15892a0629;7f33f3a8-a528-4c10-aaa1-5b5272292a6e;8ac0d33b-23d3-4927-ab79-c745bf558113;80ecf115-9d90-49e8-87af-1ab778c97987;25684ae7-6061-4680-a1da-24a53e60722d;d7fb70a4-c132-46dd-a7b5-2ad038e932f6]]
2026-04-03 19:18:07.970,52.157,CrossSignalRelativeStable_SYS,atomic,[CrossSignalRelativeStable_SYS],[1.0000],1,6,1.0000,[dt-1;dt-2;dt-3],[[0281afb4-fc7e-4791-81d6-e149ea51f844;f7763cfb-de41-4837-949a-57b45a93461a;a11c2bb9-600d-4e6e-bd79-f8774bd24890;4f633429-ad64-4c3c-954a-978b0431aabd;ad63b457-0a3c-4a61-b274-028eb7660a1b;92f2693e-2ae7-4b0b-846e-efeaa801259e]]
2026-04-03 19:18:07.970,52.157,CrossSignalRelativeStable_OBS,atomic,[CrossSignalRelativeStable_OBS],[1.0000],1,6,1.0000,[dt-1;dt-2;dt-3],[[0281afb4-fc7e-4791-81d6-e149ea51f844;f7763cfb-de41-4837-949a-57b45a93461a;a11c2bb9-600d-4e6e-bd79-f8774bd24890;4f633429-ad64-4c3c-954a-978b0431aabd;ad63b457-0a3c-4a61-b274-028eb7660a1b;92f2693e-2ae7-4b0b-846e-efeaa801259e]]
2026-04-03 19:18:07.970,52.157,CrossSignalDivergence_SYS,atomic,[CrossSignalDivergence_SYS],[1.0000],1,6,1.0000,[dt-1;dt-2;dt-3],[[0281afb4-fc7e-4791-81d6-e149ea51f844;f7763cfb-de41-4837-949a-57b45a93461a;a11c2bb9-600d-4e6e-bd79-f8774bd24890;4f633429-ad64-4c3c-954a-978b0431aabd;ad63b457-0a3c-4a61-b274-028eb7660a1b;92f2693e-2ae7-4b0b-846e-efeaa801259e]]
2026-04-03 19:18:07.970,52.157,CrossSignalDivergence_OBS,atomic,[CrossSignalDivergence_OBS],[1.0000],1,6,1.0000,[dt-1;dt-2;dt-3],[[0281afb4-fc7e-4791-81d6-e149ea51f844;f7763cfb-de41-4837-949a-57b45a93461a;a11c2bb9-600d-4e6e-bd79-f8774bd24890;4f633429-ad64-4c3c-954a-978b0431aabd;ad63b457-0a3c-4a61-b274-028eb7660a1b;92f2693e-2ae7-4b0b-846e-efeaa801259e]]
2026-04-03 19:18:07.982,52.169,CrossSignalRelativeStable_GT,atomic,[CrossSignalRelativeStable_GT],[1.0000],1,6,1.0000,[dt-1;dt-2;dt-3],[[80ecf115-9d90-49e8-87af-1ab778c97987;25684ae7-6061-4680-a1da-24a53e60722d;d7fb70a4-c132-46dd-a7b5-2ad038e932f6;5fed421a-3a0f-4015-94de-bdb0d5183e8e;032f50cd-daf7-40fc-a280-133474ed8d06;4face2a8-49f1-465c-a438-c7f5c1fe5fe3]]
2026-04-03 19:18:07.982,52.169,CrossSignalDivergence_GT,atomic,[CrossSignalDivergence_GT],[1.0000],1,6,1.0000,[dt-1;dt-2;dt-3],[[80ecf115-9d90-49e8-87af-1ab778c97987;25684ae7-6061-4680-a1da-24a53e60722d;d7fb70a4-c132-46dd-a7b5-2ad038e932f6;5fed421a-3a0f-4015-94de-bdb0d5183e8e;032f50cd-daf7-40fc-a280-133474ed8d06;4face2a8-49f1-465c-a438-c7f5c1fe5fe3]]
2026-04-03 19:18:08.083,52.270,CrossSignalRelativeStable_SYS,atomic,[CrossSignalRelativeStable_SYS],[1.0000],1,6,1.0000,[dt-1;dt-2;dt-3],[[4f633429-ad64-4c3c-954a-978b0431aabd;ad63b457-0a3c-4a61-b274-028eb7660a1b;92f2693e-2ae7-4b0b-846e-efeaa801259e;83273efb-0203-4142-8e9d-24146f319d31;a90a575b-0043-484b-906a-2d78cb8812e0;68bf74bd-78b0-4724-bc0e-db489f32efa0]]
2026-04-03 19:18:08.083,52.270,CrossSignalRelativeStable_OBS,atomic,[CrossSignalRelativeStable_OBS],[1.0000],1,6,1.0000,[dt-1;dt-2;dt-3],[[4f633429-ad64-4c3c-954a-978b0431aabd;ad63b457-0a3c-4a61-b274-028eb7660a1b;92f2693e-2ae7-4b0b-846e-efeaa801259e;83273efb-0203-4142-8e9d-24146f319d31;a90a575b-0043-484b-906a-2d78cb8812e0;68bf74bd-78b0-4724-bc0e-db489f32efa0]]
2026-04-03 19:18:08.083,52.270,CrossSignalDivergence_SYS,atomic,[CrossSignalDivergence_SYS],[1.0000],1,6,1.0000,[dt-1;dt-2;dt-3],[[4f633429-ad64-4c3c-954a-978b0431aabd;ad63b457-0a3c-4a61-b274-028eb7660a1b;92f2693e-2ae7-4b0b-846e-efeaa801259e;83273efb-0203-4142-8e9d-24146f319d31;a90a575b-0043-484b-906a-2d78cb8812e0;68bf74bd-78b0-4724-bc0e-db489f32efa0]]
2026-04-03 19:18:08.083,52.270,CrossSignalDivergence_OBS,atomic,[CrossSignalDivergence_OBS],[1.0000],1,6,1.0000,[dt-1;dt-2;dt-3],[[4f633429-ad64-4c3c-954a-978b0431aabd;ad63b457-0a3c-4a61-b274-028eb7660a1b;92f2693e-2ae7-4b0b-846e-efeaa801259e;83273efb-0203-4142-8e9d-24146f319d31;a90a575b-0043-484b-906a-2d78cb8812e0;68bf74bd-78b0-4724-bc0e-db489f32efa0]]
2026-04-03 19:18:08.095,52.282,CrossSignalRelativeStable_GT,atomic,[CrossSignalRelativeStable_GT],[1.0000],1,6,1.0000,[dt-1;dt-2;dt-3],[[5fed421a-3a0f-4015-94de-bdb0d5183e8e;032f50cd-daf7-40fc-a280-133474ed8d06;4face2a8-49f1-465c-a438-c7f5c1fe5fe3;62eb2188-0dab-4832-a553-9cb355bd48e6;b6194d30-9041-4d92-870d-4cad3e82f8b0;10bda98e-526d-409e-a622-7e6b95262eee]]
2026-04-03 19:18:08.095,52.282,CrossSignalDivergence_GT,atomic,[CrossSignalDivergence_GT],[1.0000],1,6,1.0000,[dt-1;dt-2;dt-3],[[5fed421a-3a0f-4015-94de-bdb0d5183e8e;032f50cd-daf7-40fc-a280-133474ed8d06;4face2a8-49f1-465c-a438-c7f5c1fe5fe3;62eb2188-0dab-4832-a553-9cb355bd48e6;b6194d30-9041-4d92-870d-4cad3e82f8b0;10bda98e-526d-409e-a622-7e6b95262eee]]
2026-04-03 19:18:08.191,52.378,CrossSignalRelativeStable_SYS,atomic,[CrossSignalRelativeStable_SYS],[1.0000],1,6,1.0000,[dt-1;dt-2;dt-3],[[83273efb-0203-4142-8e9d-24146f319d31;a90a575b-0043-484b-906a-2d78cb8812e0;68bf74bd-78b0-4724-bc0e-db489f32efa0;127449b4-da5e-4769-8c10-44345add31d0;b3967178-65d5-40ce-8c43-744645f002e5;d1c23c5d-c62e-4311-9dd1-ef05ff9e7648]]
2026-04-03 19:18:08.191,52.378,CrossSignalRelativeStable_OBS,atomic,[CrossSignalRelativeStable_OBS],[1.0000],1,6,1.0000,[dt-1;dt-2;dt-3],[[83273efb-0203-4142-8e9d-24146f319d31;a90a575b-0043-484b-906a-2d78cb8812e0;68bf74bd-78b0-4724-bc0e-db489f32efa0;127449b4-da5e-4769-8c10-44345add31d0;b3967178-65d5-40ce-8c43-744645f002e5;d1c23c5d-c62e-4311-9dd1-ef05ff9e7648]]
2026-04-03 19:18:08.191,52.378,CrossSignalDivergence_SYS,atomic,[CrossSignalDivergence_SYS],[1.0000],1,6,1.0000,[dt-1;dt-2;dt-3],[[83273efb-0203-4142-8e9d-24146f319d31;a90a575b-0043-484b-906a-2d78cb8812e0;68bf74bd-78b0-4724-bc0e-db489f32efa0;127449b4-da5e-4769-8c10-44345add31d0;b3967178-65d5-40ce-8c43-744645f002e5;d1c23c5d-c62e-4311-9dd1-ef05ff9e7648]]
2026-04-03 19:18:08.191,52.378,CrossSignalDivergence_OBS,atomic,[CrossSignalDivergence_OBS],[1.0000],1,6,1.0000,[dt-1;dt-2;dt-3],[[83273efb-0203-4142-8e9d-24146f319d31;a90a575b-0043-484b-906a-2d78cb8812e0;68bf74bd-78b0-4724-bc0e-db489f32efa0;127449b4-da5e-4769-8c10-44345add31d0;b3967178-65d5-40ce-8c43-744645f002e5;d1c23c5d-c62e-4311-9dd1-ef05ff9e7648]]
2026-04-03 19:18:08.204,52.391,CrossSignalRelativeStable_GT,atomic,[CrossSignalRelativeStable_GT],[1.0000],1,6,1.0000,[dt-1;dt-2;dt-3],[[62eb2188-0dab-4832-a553-9cb355bd48e6;b6194d30-9041-4d92-870d-4cad3e82f8b0;10bda98e-526d-409e-a622-7e6b95262eee;a3afc469-027f-44c8-9024-454b65dd37e9;1077de03-42dd-4304-9bae-7d1dcc0ac05d;30703f00-4a5b-48db-8813-742451a598f0]]
2026-04-03 19:18:08.204,52.391,CrossSignalDivergence_GT,atomic,[CrossSignalDivergence_GT],[1.0000],1,6,1.0000,[dt-1;dt-2;dt-3],[[62eb2188-0dab-4832-a553-9cb355bd48e6;b6194d30-9041-4d92-870d-4cad3e82f8b0;10bda98e-526d-409e-a622-7e6b95262eee;a3afc469-027f-44c8-9024-454b65dd37e9;1077de03-42dd-4304-9bae-7d1dcc0ac05d;30703f00-4a5b-48db-8813-742451a598f0]]
2026-04-03 19:18:08.302,52.489,CrossSignalRelativeStable_SYS,atomic,[CrossSignalRelativeStable_SYS],[1.0000],1,6,1.0000,[dt-1;dt-2;dt-3],[[127449b4-da5e-4769-8c10-44345add31d0;b3967178-65d5-40ce-8c43-744645f002e5;d1c23c5d-c62e-4311-9dd1-ef05ff9e7648;4665a7d6-4487-470b-9b1b-173d6fdc0727;e59fcf73-4eb5-48b6-b56b-04af696258e6;af489005-aab6-4e07-ba11-24586b051bf7]]
2026-04-03 19:18:08.303,52.490,CrossSignalRelativeStable_OBS,atomic,[CrossSignalRelativeStable_OBS],[1.0000],1,6,1.0000,[dt-1;dt-2;dt-3],[[127449b4-da5e-4769-8c10-44345add31d0;b3967178-65d5-40ce-8c43-744645f002e5;d1c23c5d-c62e-4311-9dd1-ef05ff9e7648;4665a7d6-4487-470b-9b1b-173d6fdc0727;e59fcf73-4eb5-48b6-b56b-04af696258e6;af489005-aab6-4e07-ba11-24586b051bf7]]
2026-04-03 19:18:08.303,52.490,CrossSignalDivergence_SYS,atomic,[CrossSignalDivergence_SYS],[1.0000],1,6,1.0000,[dt-1;dt-2;dt-3],[[127449b4-da5e-4769-8c10-44345add31d0;b3967178-65d5-40ce-8c43-744645f002e5;d1c23c5d-c62e-4311-9dd1-ef05ff9e7648;4665a7d6-4487-470b-9b1b-173d6fdc0727;e59fcf73-4eb5-48b6-b56b-04af696258e6;af489005-aab6-4e07-ba11-24586b051bf7]]
2026-04-03 19:18:08.303,52.490,CrossSignalDivergence_OBS,atomic,[CrossSignalDivergence_OBS],[1.0000],1,6,1.0000,[dt-1;dt-2;dt-3],[[127449b4-da5e-4769-8c10-44345add31d0;b3967178-65d5-40ce-8c43-744645f002e5;d1c23c5d-c62e-4311-9dd1-ef05ff9e7648;4665a7d6-4487-470b-9b1b-173d6fdc0727;e59fcf73-4eb5-48b6-b56b-04af696258e6;af489005-aab6-4e07-ba11-24586b051bf7]]
2026-04-03 19:18:08.314,52.501,CrossSignalRelativeStable_GT,atomic,[CrossSignalRelativeStable_GT],[1.0000],1,6,1.0000,[dt-1;dt-2;dt-3],[[a3afc469-027f-44c8-9024-454b65dd37e9;1077de03-42dd-4304-9bae-7d1dcc0ac05d;30703f00-4a5b-48db-8813-742451a598f0;5276941d-e5a9-4307-8bc0-a3e57923aee0;45bf2a55-557d-4420-9944-a74bef101194;4505c1ef-db01-4430-a9ab-1dd943fcd920]]
2026-04-03 19:18:08.314,52.501,CrossSignalDivergence_GT,atomic,[CrossSignalDivergence_GT],[1.0000],1,6,1.0000,[dt-1;dt-2;dt-3],[[a3afc469-027f-44c8-9024-454b65dd37e9;1077de03-42dd-4304-9bae-7d1dcc0ac05d;30703f00-4a5b-48db-8813-742451a598f0;5276941d-e5a9-4307-8bc0-a3e57923aee0;45bf2a55-557d-4420-9944-a74bef101194;4505c1ef-db01-4430-a9ab-1dd943fcd920]]
2026-04-03 19:18:08.414,52.601,CrossSignalRelativeStable_SYS,atomic,[CrossSignalRelativeStable_SYS],[1.0000],1,6,1.0000,[dt-1;dt-2;dt-3],[[4665a7d6-4487-470b-9b1b-173d6fdc0727;e59fcf73-4eb5-48b6-b56b-04af696258e6;af489005-aab6-4e07-ba11-24586b051bf7;8c7fa39b-b75d-43b9-ac8f-b2c811ae2a0f;5ede8fb0-1c36-4c55-8966-74792a8d6814;f803815b-14a6-4354-a9df-72e05ea33b6c]]
2026-04-03 19:18:08.414,52.601,CrossSignalRelativeStable_OBS,atomic,[CrossSignalRelativeStable_OBS],[1.0000],1,6,1.0000,[dt-1;dt-2;dt-3],[[4665a7d6-4487-470b-9b1b-173d6fdc0727;e59fcf73-4eb5-48b6-b56b-04af696258e6;af489005-aab6-4e07-ba11-24586b051bf7;8c7fa39b-b75d-43b9-ac8f-b2c811ae2a0f;5ede8fb0-1c36-4c55-8966-74792a8d6814;f803815b-14a6-4354-a9df-72e05ea33b6c]]
2026-04-03 19:18:08.414,52.601,CrossSignalDivergence_SYS,atomic,[CrossSignalDivergence_SYS],[1.0000],1,6,1.0000,[dt-1;dt-2;dt-3],[[4665a7d6-4487-470b-9b1b-173d6fdc0727;e59fcf73-4eb5-48b6-b56b-04af696258e6;af489005-aab6-4e07-ba11-24586b051bf7;8c7fa39b-b75d-43b9-ac8f-b2c811ae2a0f;5ede8fb0-1c36-4c55-8966-74792a8d6814;f803815b-14a6-4354-a9df-72e05ea33b6c]]
2026-04-03 19:18:08.414,52.601,CrossSignalDivergence_OBS,atomic,[CrossSignalDivergence_OBS],[1.0000],1,6,1.0000,[dt-1;dt-2;dt-3],[[4665a7d6-4487-470b-9b1b-173d6fdc0727;e59fcf73-4eb5-48b6-b56b-04af696258e6;af489005-aab6-4e07-ba11-24586b051bf7;8c7fa39b-b75d-43b9-ac8f-b2c811ae2a0f;5ede8fb0-1c36-4c55-8966-74792a8d6814;f803815b-14a6-4354-a9df-72e05ea33b6c]]
2026-04-03 19:18:08.434,52.621,CrossSignalRelativeStable_GT,atomic,[CrossSignalRelativeStable_GT],[1.0000],1,6,1.0000,[dt-1;dt-2;dt-3],[[5276941d-e5a9-4307-8bc0-a3e57923aee0;45bf2a55-557d-4420-9944-a74bef101194;4505c1ef-db01-4430-a9ab-1dd943fcd920;0ae62eb6-92ec-4acc-b347-8b263355ffa7;5ac03302-1649-4e48-b655-df9c7c3b1b2a;498e121a-8e07-4ba9-990d-b1cde0e4f3a9]]
2026-04-03 19:18:08.434,52.621,CrossSignalTrendConsistency_GT,atomic,[CrossSignalTrendConsistency_GT],[1.0000],1,6,1.0000,[dt-1;dt-2;dt-3],[[5276941d-e5a9-4307-8bc0-a3e57923aee0;45bf2a55-557d-4420-9944-a74bef101194;4505c1ef-db01-4430-a9ab-1dd943fcd920;0ae62eb6-92ec-4acc-b347-8b263355ffa7;5ac03302-1649-4e48-b655-df9c7c3b1b2a;498e121a-8e07-4ba9-990d-b1cde0e4f3a9]]
2026-04-03 19:18:08.434,52.621,CrossSignalDivergence_GT,atomic,[CrossSignalDivergence_GT],[1.0000],1,6,1.0000,[dt-1;dt-2;dt-3],[[5276941d-e5a9-4307-8bc0-a3e57923aee0;45bf2a55-557d-4420-9944-a74bef101194;4505c1ef-db01-4430-a9ab-1dd943fcd920;0ae62eb6-92ec-4acc-b347-8b263355ffa7;5ac03302-1649-4e48-b655-df9c7c3b1b2a;498e121a-8e07-4ba9-990d-b1cde0e4f3a9]]
2026-04-03 19:18:08.528,52.715,CrossSignalRelativeStable_SYS,atomic,[CrossSignalRelativeStable_SYS],[1.0000],1,6,1.0000,[dt-1;dt-2;dt-3],[[8c7fa39b-b75d-43b9-ac8f-b2c811ae2a0f;5ede8fb0-1c36-4c55-8966-74792a8d6814;f803815b-14a6-4354-a9df-72e05ea33b6c;0084a1aa-3e16-499f-aa09-9054858db85d;c4d18b71-189d-413e-802f-d276dcb9f55b;0b9f756d-a810-433e-8cff-0f8d719a7092]]
2026-04-03 19:18:08.528,52.715,CrossSignalRelativeStable_OBS,atomic,[CrossSignalRelativeStable_OBS],[1.0000],1,6,1.0000,[dt-1;dt-2;dt-3],[[8c7fa39b-b75d-43b9-ac8f-b2c811ae2a0f;5ede8fb0-1c36-4c55-8966-74792a8d6814;f803815b-14a6-4354-a9df-72e05ea33b6c;0084a1aa-3e16-499f-aa09-9054858db85d;c4d18b71-189d-413e-802f-d276dcb9f55b;0b9f756d-a810-433e-8cff-0f8d719a7092]]
2026-04-03 19:18:08.528,52.715,CrossSignalTrendConsistency_SYS,atomic,[CrossSignalTrendConsistency_SYS],[1.0000],1,6,1.0000,[dt-1;dt-2;dt-3],[[8c7fa39b-b75d-43b9-ac8f-b2c811ae2a0f;5ede8fb0-1c36-4c55-8966-74792a8d6814;f803815b-14a6-4354-a9df-72e05ea33b6c;0084a1aa-3e16-499f-aa09-9054858db85d;c4d18b71-189d-413e-802f-d276dcb9f55b;0b9f756d-a810-433e-8cff-0f8d719a7092]]
2026-04-03 19:18:08.528,52.715,CrossSignalTrendConsistency_OBS,atomic,[CrossSignalTrendConsistency_OBS],[1.0000],1,6,1.0000,[dt-1;dt-2;dt-3],[[8c7fa39b-b75d-43b9-ac8f-b2c811ae2a0f;5ede8fb0-1c36-4c55-8966-74792a8d6814;f803815b-14a6-4354-a9df-72e05ea33b6c;0084a1aa-3e16-499f-aa09-9054858db85d;c4d18b71-189d-413e-802f-d276dcb9f55b;0b9f756d-a810-433e-8cff-0f8d719a7092]]
2026-04-03 19:18:08.528,52.715,CrossSignalDivergence_SYS,atomic,[CrossSignalDivergence_SYS],[1.0000],1,6,1.0000,[dt-1;dt-2;dt-3],[[8c7fa39b-b75d-43b9-ac8f-b2c811ae2a0f;5ede8fb0-1c36-4c55-8966-74792a8d6814;f803815b-14a6-4354-a9df-72e05ea33b6c;0084a1aa-3e16-499f-aa09-9054858db85d;c4d18b71-189d-413e-802f-d276dcb9f55b;0b9f756d-a810-433e-8cff-0f8d719a7092]]
2026-04-03 19:18:08.528,52.715,CrossSignalDivergence_OBS,atomic,[CrossSignalDivergence_OBS],[1.0000],1,6,1.0000,[dt-1;dt-2;dt-3],[[8c7fa39b-b75d-43b9-ac8f-b2c811ae2a0f;5ede8fb0-1c36-4c55-8966-74792a8d6814;f803815b-14a6-4354-a9df-72e05ea33b6c;0084a1aa-3e16-499f-aa09-9054858db85d;c4d18b71-189d-413e-802f-d276dcb9f55b;0b9f756d-a810-433e-8cff-0f8d719a7092]]
2026-04-03 19:18:08.539,52.726,CrossSignalRelativeStable_GT,atomic,[CrossSignalRelativeStable_GT],[1.0000],1,6,1.0000,[dt-1;dt-2;dt-3],[[0ae62eb6-92ec-4acc-b347-8b263355ffa7;5ac03302-1649-4e48-b655-df9c7c3b1b2a;498e121a-8e07-4ba9-990d-b1cde0e4f3a9;f05017c7-d35f-4055-9b1d-0c398dbcf9a3;2a29ccf5-e3ad-4c94-a557-0efe07a3f12b;ed1a3bd0-9d7a-4be6-80cd-ae92f707f07e]]
2026-04-03 19:18:08.539,52.726,CrossSignalDivergence_GT,atomic,[CrossSignalDivergence_GT],[1.0000],1,6,1.0000,[dt-1;dt-2;dt-3],[[0ae62eb6-92ec-4acc-b347-8b263355ffa7;5ac03302-1649-4e48-b655-df9c7c3b1b2a;498e121a-8e07-4ba9-990d-b1cde0e4f3a9;f05017c7-d35f-4055-9b1d-0c398dbcf9a3;2a29ccf5-e3ad-4c94-a557-0efe07a3f12b;ed1a3bd0-9d7a-4be6-80cd-ae92f707f07e]]
2026-04-03 19:18:08.633,52.820,CrossSignalRelativeStable_SYS,atomic,[CrossSignalRelativeStable_SYS],[1.0000],1,6,1.0000,[dt-1;dt-2;dt-3],[[0084a1aa-3e16-499f-aa09-9054858db85d;c4d18b71-189d-413e-802f-d276dcb9f55b;0b9f756d-a810-433e-8cff-0f8d719a7092;84149280-10b5-4c63-bbfa-a0e8bd5f6402;ab9be473-2942-4b9b-9fdb-50c95da799fb;c6f8793b-d763-498f-a916-bd91f0493cb6]]
2026-04-03 19:18:08.633,52.820,CrossSignalRelativeStable_OBS,atomic,[CrossSignalRelativeStable_OBS],[1.0000],1,6,1.0000,[dt-1;dt-2;dt-3],[[0084a1aa-3e16-499f-aa09-9054858db85d;c4d18b71-189d-413e-802f-d276dcb9f55b;0b9f756d-a810-433e-8cff-0f8d719a7092;84149280-10b5-4c63-bbfa-a0e8bd5f6402;ab9be473-2942-4b9b-9fdb-50c95da799fb;c6f8793b-d763-498f-a916-bd91f0493cb6]]
2026-04-03 19:18:08.633,52.820,CrossSignalTrendConsistency_SYS,atomic,[CrossSignalTrendConsistency_SYS],[1.0000],1,6,1.0000,[dt-1;dt-2;dt-3],[[0084a1aa-3e16-499f-aa09-9054858db85d;c4d18b71-189d-413e-802f-d276dcb9f55b;0b9f756d-a810-433e-8cff-0f8d719a7092;84149280-10b5-4c63-bbfa-a0e8bd5f6402;ab9be473-2942-4b9b-9fdb-50c95da799fb;c6f8793b-d763-498f-a916-bd91f0493cb6]]
2026-04-03 19:18:08.633,52.820,CrossSignalTrendConsistency_OBS,atomic,[CrossSignalTrendConsistency_OBS],[1.0000],1,6,1.0000,[dt-1;dt-2;dt-3],[[0084a1aa-3e16-499f-aa09-9054858db85d;c4d18b71-189d-413e-802f-d276dcb9f55b;0b9f756d-a810-433e-8cff-0f8d719a7092;84149280-10b5-4c63-bbfa-a0e8bd5f6402;ab9be473-2942-4b9b-9fdb-50c95da799fb;c6f8793b-d763-498f-a916-bd91f0493cb6]]
2026-04-03 19:18:08.634,52.821,CrossSignalDivergence_SYS,atomic,[CrossSignalDivergence_SYS],[1.0000],1,6,1.0000,[dt-1;dt-2;dt-3],[[0084a1aa-3e16-499f-aa09-9054858db85d;c4d18b71-189d-413e-802f-d276dcb9f55b;0b9f756d-a810-433e-8cff-0f8d719a7092;84149280-10b5-4c63-bbfa-a0e8bd5f6402;ab9be473-2942-4b9b-9fdb-50c95da799fb;c6f8793b-d763-498f-a916-bd91f0493cb6]]
2026-04-03 19:18:08.634,52.821,CrossSignalDivergence_OBS,atomic,[CrossSignalDivergence_OBS],[1.0000],1,6,1.0000,[dt-1;dt-2;dt-3],[[0084a1aa-3e16-499f-aa09-9054858db85d;c4d18b71-189d-413e-802f-d276dcb9f55b;0b9f756d-a810-433e-8cff-0f8d719a7092;84149280-10b5-4c63-bbfa-a0e8bd5f6402;ab9be473-2942-4b9b-9fdb-50c95da799fb;c6f8793b-d763-498f-a916-bd91f0493cb6]]
2026-04-03 19:18:08.647,52.834,CrossSignalRelativeStable_GT,atomic,[CrossSignalRelativeStable_GT],[1.0000],1,6,1.0000,[dt-1;dt-2;dt-3],[[f05017c7-d35f-4055-9b1d-0c398dbcf9a3;2a29ccf5-e3ad-4c94-a557-0efe07a3f12b;ed1a3bd0-9d7a-4be6-80cd-ae92f707f07e;e2887026-0578-4f80-8352-4416c80ee5ae;bb008cd5-b15c-43e8-9883-7f1bb5f4e5fd;9975c6d0-1483-488b-993d-60e8ee3d7df6]]
2026-04-03 19:18:08.647,52.834,CrossSignalTrendConsistency_GT,atomic,[CrossSignalTrendConsistency_GT],[1.0000],1,6,1.0000,[dt-1;dt-2;dt-3],[[f05017c7-d35f-4055-9b1d-0c398dbcf9a3;2a29ccf5-e3ad-4c94-a557-0efe07a3f12b;ed1a3bd0-9d7a-4be6-80cd-ae92f707f07e;e2887026-0578-4f80-8352-4416c80ee5ae;bb008cd5-b15c-43e8-9883-7f1bb5f4e5fd;9975c6d0-1483-488b-993d-60e8ee3d7df6]]
2026-04-03 19:18:08.647,52.834,CrossSignalDivergence_GT,atomic,[CrossSignalDivergence_GT],[1.0000],1,6,1.0000,[dt-1;dt-2;dt-3],[[f05017c7-d35f-4055-9b1d-0c398dbcf9a3;2a29ccf5-e3ad-4c94-a557-0efe07a3f12b;ed1a3bd0-9d7a-4be6-80cd-ae92f707f07e;e2887026-0578-4f80-8352-4416c80ee5ae;bb008cd5-b15c-43e8-9883-7f1bb5f4e5fd;9975c6d0-1483-488b-993d-60e8ee3d7df6]]
2026-04-03 19:18:08.746,52.933,CrossSignalRelativeStable_SYS,atomic,[CrossSignalRelativeStable_SYS],[1.0000],1,6,1.0000,[dt-1;dt-2;dt-3],[[84149280-10b5-4c63-bbfa-a0e8bd5f6402;ab9be473-2942-4b9b-9fdb-50c95da799fb;c6f8793b-d763-498f-a916-bd91f0493cb6;172d5533-3f27-43b5-a0d6-6e8e962aa31b;287094c7-e6f8-412a-9d10-2453eb453702;0e0e1b56-e7ba-4937-9b1d-038bc3872986]]
2026-04-03 19:18:08.746,52.933,CrossSignalRelativeStable_OBS,atomic,[CrossSignalRelativeStable_OBS],[1.0000],1,6,1.0000,[dt-1;dt-2;dt-3],[[84149280-10b5-4c63-bbfa-a0e8bd5f6402;ab9be473-2942-4b9b-9fdb-50c95da799fb;c6f8793b-d763-498f-a916-bd91f0493cb6;172d5533-3f27-43b5-a0d6-6e8e962aa31b;287094c7-e6f8-412a-9d10-2453eb453702;0e0e1b56-e7ba-4937-9b1d-038bc3872986]]
2026-04-03 19:18:08.746,52.933,CrossSignalTrendConsistency_SYS,atomic,[CrossSignalTrendConsistency_SYS],[1.0000],1,6,1.0000,[dt-1;dt-2;dt-3],[[84149280-10b5-4c63-bbfa-a0e8bd5f6402;ab9be473-2942-4b9b-9fdb-50c95da799fb;c6f8793b-d763-498f-a916-bd91f0493cb6;172d5533-3f27-43b5-a0d6-6e8e962aa31b;287094c7-e6f8-412a-9d10-2453eb453702;0e0e1b56-e7ba-4937-9b1d-038bc3872986]]
2026-04-03 19:18:08.746,52.933,CrossSignalTrendConsistency_OBS,atomic,[CrossSignalTrendConsistency_OBS],[1.0000],1,6,1.0000,[dt-1;dt-2;dt-3],[[84149280-10b5-4c63-bbfa-a0e8bd5f6402;ab9be473-2942-4b9b-9fdb-50c95da799fb;c6f8793b-d763-498f-a916-bd91f0493cb6;172d5533-3f27-43b5-a0d6-6e8e962aa31b;287094c7-e6f8-412a-9d10-2453eb453702;0e0e1b56-e7ba-4937-9b1d-038bc3872986]]
2026-04-03 19:18:08.746,52.933,CrossSignalDivergence_SYS,atomic,[CrossSignalDivergence_SYS],[1.0000],1,6,1.0000,[dt-1;dt-2;dt-3],[[84149280-10b5-4c63-bbfa-a0e8bd5f6402;ab9be473-2942-4b9b-9fdb-50c95da799fb;c6f8793b-d763-498f-a916-bd91f0493cb6;172d5533-3f27-43b5-a0d6-6e8e962aa31b;287094c7-e6f8-412a-9d10-2453eb453702;0e0e1b56-e7ba-4937-9b1d-038bc3872986]]
2026-04-03 19:18:08.746,52.933,CrossSignalDivergence_OBS,atomic,[CrossSignalDivergence_OBS],[1.0000],1,6,1.0000,[dt-1;dt-2;dt-3],[[84149280-10b5-4c63-bbfa-a0e8bd5f6402;ab9be473-2942-4b9b-9fdb-50c95da799fb;c6f8793b-d763-498f-a916-bd91f0493cb6;172d5533-3f27-43b5-a0d6-6e8e962aa31b;287094c7-e6f8-412a-9d10-2453eb453702;0e0e1b56-e7ba-4937-9b1d-038bc3872986]]
2026-04-03 19:18:08.764,52.951,CrossSignalRelativeStable_GT,atomic,[CrossSignalRelativeStable_GT],[1.0000],1,6,1.0000,[dt-1;dt-2;dt-3],[[e2887026-0578-4f80-8352-4416c80ee5ae;bb008cd5-b15c-43e8-9883-7f1bb5f4e5fd;9975c6d0-1483-488b-993d-60e8ee3d7df6;e88b6f35-f8b3-4af5-9e2d-c91fd5287ebf;a1a384b3-beb5-486d-9171-85b528cf6d55;f4247cd6-4565-4871-bd06-08c29f3a0a85]]
2026-04-03 19:18:08.764,52.951,CrossSignalDivergence_GT,atomic,[CrossSignalDivergence_GT],[1.0000],1,6,1.0000,[dt-1;dt-2;dt-3],[[e2887026-0578-4f80-8352-4416c80ee5ae;bb008cd5-b15c-43e8-9883-7f1bb5f4e5fd;9975c6d0-1483-488b-993d-60e8ee3d7df6;e88b6f35-f8b3-4af5-9e2d-c91fd5287ebf;a1a384b3-beb5-486d-9171-85b528cf6d55;f4247cd6-4565-4871-bd06-08c29f3a0a85]]
2026-04-03 19:18:08.861,53.048,CrossSignalRelativeStable_SYS,atomic,[CrossSignalRelativeStable_SYS],[1.0000],1,6,1.0000,[dt-1;dt-2;dt-3],[[172d5533-3f27-43b5-a0d6-6e8e962aa31b;287094c7-e6f8-412a-9d10-2453eb453702;0e0e1b56-e7ba-4937-9b1d-038bc3872986;c825d430-1d54-4d15-b6c8-fedab1185cdc;5a0471d8-61f0-4fd6-a64a-c8998189ecf2;ea511c28-5832-4eb9-98bb-4c5c2e7ce119]]
2026-04-03 19:18:08.861,53.048,CrossSignalRelativeStable_OBS,atomic,[CrossSignalRelativeStable_OBS],[1.0000],1,6,1.0000,[dt-1;dt-2;dt-3],[[172d5533-3f27-43b5-a0d6-6e8e962aa31b;287094c7-e6f8-412a-9d10-2453eb453702;0e0e1b56-e7ba-4937-9b1d-038bc3872986;c825d430-1d54-4d15-b6c8-fedab1185cdc;5a0471d8-61f0-4fd6-a64a-c8998189ecf2;ea511c28-5832-4eb9-98bb-4c5c2e7ce119]]
2026-04-03 19:18:08.861,53.048,CrossSignalDivergence_SYS,atomic,[CrossSignalDivergence_SYS],[1.0000],1,6,1.0000,[dt-1;dt-2;dt-3],[[172d5533-3f27-43b5-a0d6-6e8e962aa31b;287094c7-e6f8-412a-9d10-2453eb453702;0e0e1b56-e7ba-4937-9b1d-038bc3872986;c825d430-1d54-4d15-b6c8-fedab1185cdc;5a0471d8-61f0-4fd6-a64a-c8998189ecf2;ea511c28-5832-4eb9-98bb-4c5c2e7ce119]]
2026-04-03 19:18:08.861,53.048,CrossSignalDivergence_OBS,atomic,[CrossSignalDivergence_OBS],[1.0000],1,6,1.0000,[dt-1;dt-2;dt-3],[[172d5533-3f27-43b5-a0d6-6e8e962aa31b;287094c7-e6f8-412a-9d10-2453eb453702;0e0e1b56-e7ba-4937-9b1d-038bc3872986;c825d430-1d54-4d15-b6c8-fedab1185cdc;5a0471d8-61f0-4fd6-a64a-c8998189ecf2;ea511c28-5832-4eb9-98bb-4c5c2e7ce119]]
2026-04-03 19:18:08.873,53.060,CrossSignalRelativeStable_GT,atomic,[CrossSignalRelativeStable_GT],[1.0000],1,6,1.0000,[dt-1;dt-2;dt-3],[[e88b6f35-f8b3-4af5-9e2d-c91fd5287ebf;a1a384b3-beb5-486d-9171-85b528cf6d55;f4247cd6-4565-4871-bd06-08c29f3a0a85;a12f861d-aeb1-484f-9b14-14731d97e9c6;6566ef18-418e-41d8-9cec-9b5b89ba5a1c;d4540a93-8811-42e3-9e60-9a987db4a38f]]
2026-04-03 19:18:08.873,53.060,CrossSignalDivergence_GT,atomic,[CrossSignalDivergence_GT],[1.0000],1,6,1.0000,[dt-1;dt-2;dt-3],[[e88b6f35-f8b3-4af5-9e2d-c91fd5287ebf;a1a384b3-beb5-486d-9171-85b528cf6d55;f4247cd6-4565-4871-bd06-08c29f3a0a85;a12f861d-aeb1-484f-9b14-14731d97e9c6;6566ef18-418e-41d8-9cec-9b5b89ba5a1c;d4540a93-8811-42e3-9e60-9a987db4a38f]]
2026-04-03 19:18:08.968,53.155,CrossSignalRelativeStable_SYS,atomic,[CrossSignalRelativeStable_SYS],[1.0000],1,6,1.0000,[dt-1;dt-2;dt-3],[[c825d430-1d54-4d15-b6c8-fedab1185cdc;5a0471d8-61f0-4fd6-a64a-c8998189ecf2;ea511c28-5832-4eb9-98bb-4c5c2e7ce119;39d2c6eb-63fd-4a81-af3b-efe0e0c40495;02f2969b-5162-4fb3-8799-bf21c9762ee2;afcaea14-5f28-4879-8c66-e6efe76ca8b3]]
2026-04-03 19:18:08.968,53.155,CrossSignalRelativeStable_OBS,atomic,[CrossSignalRelativeStable_OBS],[1.0000],1,6,1.0000,[dt-1;dt-2;dt-3],[[c825d430-1d54-4d15-b6c8-fedab1185cdc;5a0471d8-61f0-4fd6-a64a-c8998189ecf2;ea511c28-5832-4eb9-98bb-4c5c2e7ce119;39d2c6eb-63fd-4a81-af3b-efe0e0c40495;02f2969b-5162-4fb3-8799-bf21c9762ee2;afcaea14-5f28-4879-8c66-e6efe76ca8b3]]
2026-04-03 19:18:08.968,53.155,CrossSignalDivergence_SYS,atomic,[CrossSignalDivergence_SYS],[1.0000],1,6,1.0000,[dt-1;dt-2;dt-3],[[c825d430-1d54-4d15-b6c8-fedab1185cdc;5a0471d8-61f0-4fd6-a64a-c8998189ecf2;ea511c28-5832-4eb9-98bb-4c5c2e7ce119;39d2c6eb-63fd-4a81-af3b-efe0e0c40495;02f2969b-5162-4fb3-8799-bf21c9762ee2;afcaea14-5f28-4879-8c66-e6efe76ca8b3]]
2026-04-03 19:18:08.968,53.155,CrossSignalDivergence_OBS,atomic,[CrossSignalDivergence_OBS],[1.0000],1,6,1.0000,[dt-1;dt-2;dt-3],[[c825d430-1d54-4d15-b6c8-fedab1185cdc;5a0471d8-61f0-4fd6-a64a-c8998189ecf2;ea511c28-5832-4eb9-98bb-4c5c2e7ce119;39d2c6eb-63fd-4a81-af3b-efe0e0c40495;02f2969b-5162-4fb3-8799-bf21c9762ee2;afcaea14-5f28-4879-8c66-e6efe76ca8b3]]
2026-04-03 19:18:08.980,53.167,CrossSignalRelativeStable_GT,atomic,[CrossSignalRelativeStable_GT],[1.0000],1,6,1.0000,[dt-1;dt-2;dt-3],[[a12f861d-aeb1-484f-9b14-14731d97e9c6;6566ef18-418e-41d8-9cec-9b5b89ba5a1c;d4540a93-8811-42e3-9e60-9a987db4a38f;53d98c1e-2206-41b6-853c-132376b5abdc;7b42796e-a6c6-43ea-8e97-ec7f1c8763ab;5d735b7b-4144-4570-b1ec-e4d8d7bd9262]]
2026-04-03 19:18:08.980,53.167,CrossSignalTrendConsistency_GT,atomic,[CrossSignalTrendConsistency_GT],[1.0000],1,6,1.0000,[dt-1;dt-2;dt-3],[[a12f861d-aeb1-484f-9b14-14731d97e9c6;6566ef18-418e-41d8-9cec-9b5b89ba5a1c;d4540a93-8811-42e3-9e60-9a987db4a38f;53d98c1e-2206-41b6-853c-132376b5abdc;7b42796e-a6c6-43ea-8e97-ec7f1c8763ab;5d735b7b-4144-4570-b1ec-e4d8d7bd9262]]
2026-04-03 19:18:08.980,53.167,CrossSignalDivergence_GT,atomic,[CrossSignalDivergence_GT],[1.0000],1,6,1.0000,[dt-1;dt-2;dt-3],[[a12f861d-aeb1-484f-9b14-14731d97e9c6;6566ef18-418e-41d8-9cec-9b5b89ba5a1c;d4540a93-8811-42e3-9e60-9a987db4a38f;53d98c1e-2206-41b6-853c-132376b5abdc;7b42796e-a6c6-43ea-8e97-ec7f1c8763ab;5d735b7b-4144-4570-b1ec-e4d8d7bd9262]]
2026-04-03 19:18:09.080,53.267,CrossSignalRelativeStable_SYS,atomic,[CrossSignalRelativeStable_SYS],[1.0000],1,6,1.0000,[dt-1;dt-2;dt-3],[[39d2c6eb-63fd-4a81-af3b-efe0e0c40495;02f2969b-5162-4fb3-8799-bf21c9762ee2;afcaea14-5f28-4879-8c66-e6efe76ca8b3;0d2202ed-d82e-40bd-a6fb-5323b46f518e;44824bdd-a219-499d-b0f5-0bd33b3eb0be;e3d772ac-8eb6-4787-9170-e6ef38fc7fcd]]
2026-04-03 19:18:09.080,53.267,CrossSignalRelativeStable_OBS,atomic,[CrossSignalRelativeStable_OBS],[1.0000],1,6,1.0000,[dt-1;dt-2;dt-3],[[39d2c6eb-63fd-4a81-af3b-efe0e0c40495;02f2969b-5162-4fb3-8799-bf21c9762ee2;afcaea14-5f28-4879-8c66-e6efe76ca8b3;0d2202ed-d82e-40bd-a6fb-5323b46f518e;44824bdd-a219-499d-b0f5-0bd33b3eb0be;e3d772ac-8eb6-4787-9170-e6ef38fc7fcd]]
2026-04-03 19:18:09.080,53.267,CrossSignalDivergence_SYS,atomic,[CrossSignalDivergence_SYS],[1.0000],1,6,1.0000,[dt-1;dt-2;dt-3],[[39d2c6eb-63fd-4a81-af3b-efe0e0c40495;02f2969b-5162-4fb3-8799-bf21c9762ee2;afcaea14-5f28-4879-8c66-e6efe76ca8b3;0d2202ed-d82e-40bd-a6fb-5323b46f518e;44824bdd-a219-499d-b0f5-0bd33b3eb0be;e3d772ac-8eb6-4787-9170-e6ef38fc7fcd]]
2026-04-03 19:18:09.080,53.267,CrossSignalDivergence_OBS,atomic,[CrossSignalDivergence_OBS],[1.0000],1,6,1.0000,[dt-1;dt-2;dt-3],[[39d2c6eb-63fd-4a81-af3b-efe0e0c40495;02f2969b-5162-4fb3-8799-bf21c9762ee2;afcaea14-5f28-4879-8c66-e6efe76ca8b3;0d2202ed-d82e-40bd-a6fb-5323b46f518e;44824bdd-a219-499d-b0f5-0bd33b3eb0be;e3d772ac-8eb6-4787-9170-e6ef38fc7fcd]]
2026-04-03 19:18:09.099,53.286,CrossSignalRelativeStable_GT,atomic,[CrossSignalRelativeStable_GT],[1.0000],1,6,1.0000,[dt-1;dt-2;dt-3],[[53d98c1e-2206-41b6-853c-132376b5abdc;7b42796e-a6c6-43ea-8e97-ec7f1c8763ab;5d735b7b-4144-4570-b1ec-e4d8d7bd9262;58bf55bb-a78c-4665-9b14-01492c8274a9;5b335d3d-1d7c-4d91-8e51-6e54ace7dff8;c231d9aa-f17b-4bce-9110-b2503e0b2713]]
2026-04-03 19:18:09.099,53.286,CrossSignalDivergence_GT,atomic,[CrossSignalDivergence_GT],[1.0000],1,6,1.0000,[dt-1;dt-2;dt-3],[[53d98c1e-2206-41b6-853c-132376b5abdc;7b42796e-a6c6-43ea-8e97-ec7f1c8763ab;5d735b7b-4144-4570-b1ec-e4d8d7bd9262;58bf55bb-a78c-4665-9b14-01492c8274a9;5b335d3d-1d7c-4d91-8e51-6e54ace7dff8;c231d9aa-f17b-4bce-9110-b2503e0b2713]]
2026-04-03 19:18:09.189,53.376,CrossSignalRelativeStable_SYS,atomic,[CrossSignalRelativeStable_SYS],[1.0000],1,6,1.0000,[dt-1;dt-2;dt-3],[[0d2202ed-d82e-40bd-a6fb-5323b46f518e;44824bdd-a219-499d-b0f5-0bd33b3eb0be;e3d772ac-8eb6-4787-9170-e6ef38fc7fcd;50597b83-df5b-4b0c-bf77-d8b9761c22b9;1a77e555-976d-4af2-bf5f-a005fb098468;33d39cd6-bab4-42b0-99a1-5ff1e72c4f92]]
2026-04-03 19:18:09.189,53.376,CrossSignalRelativeStable_OBS,atomic,[CrossSignalRelativeStable_OBS],[1.0000],1,6,1.0000,[dt-1;dt-2;dt-3],[[0d2202ed-d82e-40bd-a6fb-5323b46f518e;44824bdd-a219-499d-b0f5-0bd33b3eb0be;e3d772ac-8eb6-4787-9170-e6ef38fc7fcd;50597b83-df5b-4b0c-bf77-d8b9761c22b9;1a77e555-976d-4af2-bf5f-a005fb098468;33d39cd6-bab4-42b0-99a1-5ff1e72c4f92]]
2026-04-03 19:18:09.189,53.376,CrossSignalDivergence_SYS,atomic,[CrossSignalDivergence_SYS],[1.0000],1,6,1.0000,[dt-1;dt-2;dt-3],[[0d2202ed-d82e-40bd-a6fb-5323b46f518e;44824bdd-a219-499d-b0f5-0bd33b3eb0be;e3d772ac-8eb6-4787-9170-e6ef38fc7fcd;50597b83-df5b-4b0c-bf77-d8b9761c22b9;1a77e555-976d-4af2-bf5f-a005fb098468;33d39cd6-bab4-42b0-99a1-5ff1e72c4f92]]
2026-04-03 19:18:09.189,53.376,CrossSignalDivergence_OBS,atomic,[CrossSignalDivergence_OBS],[1.0000],1,6,1.0000,[dt-1;dt-2;dt-3],[[0d2202ed-d82e-40bd-a6fb-5323b46f518e;44824bdd-a219-499d-b0f5-0bd33b3eb0be;e3d772ac-8eb6-4787-9170-e6ef38fc7fcd;50597b83-df5b-4b0c-bf77-d8b9761c22b9;1a77e555-976d-4af2-bf5f-a005fb098468;33d39cd6-bab4-42b0-99a1-5ff1e72c4f92]]
2026-04-03 19:18:09.206,53.393,CrossSignalRelativeStable_GT,atomic,[CrossSignalRelativeStable_GT],[1.0000],1,6,1.0000,[dt-1;dt-2;dt-3],[[58bf55bb-a78c-4665-9b14-01492c8274a9;5b335d3d-1d7c-4d91-8e51-6e54ace7dff8;c231d9aa-f17b-4bce-9110-b2503e0b2713;bc94f9eb-bbc3-49c2-bb83-c8bef3e25b6b;eb24aea0-8684-4dd8-a2c1-3a7213be378e;f7b45762-b39a-4a75-9d83-5505c0257e68]]
2026-04-03 19:18:09.206,53.393,CrossSignalDivergence_GT,atomic,[CrossSignalDivergence_GT],[1.0000],1,6,1.0000,[dt-1;dt-2;dt-3],[[58bf55bb-a78c-4665-9b14-01492c8274a9;5b335d3d-1d7c-4d91-8e51-6e54ace7dff8;c231d9aa-f17b-4bce-9110-b2503e0b2713;bc94f9eb-bbc3-49c2-bb83-c8bef3e25b6b;eb24aea0-8684-4dd8-a2c1-3a7213be378e;f7b45762-b39a-4a75-9d83-5505c0257e68]]
2026-04-03 19:18:09.304,53.491,CrossSignalRelativeStable_SYS,atomic,[CrossSignalRelativeStable_SYS],[1.0000],1,6,1.0000,[dt-1;dt-2;dt-3],[[50597b83-df5b-4b0c-bf77-d8b9761c22b9;1a77e555-976d-4af2-bf5f-a005fb098468;33d39cd6-bab4-42b0-99a1-5ff1e72c4f92;a445f35e-4d8a-4980-86ed-b1f211fc9974;5b872aae-9689-4537-9a49-7b24d018465c;aa435dde-be37-4449-b195-af43f2fc056b]]
2026-04-03 19:18:09.304,53.491,CrossSignalRelativeStable_OBS,atomic,[CrossSignalRelativeStable_OBS],[1.0000],1,6,1.0000,[dt-1;dt-2;dt-3],[[50597b83-df5b-4b0c-bf77-d8b9761c22b9;1a77e555-976d-4af2-bf5f-a005fb098468;33d39cd6-bab4-42b0-99a1-5ff1e72c4f92;a445f35e-4d8a-4980-86ed-b1f211fc9974;5b872aae-9689-4537-9a49-7b24d018465c;aa435dde-be37-4449-b195-af43f2fc056b]]
2026-04-03 19:18:09.304,53.491,CrossSignalDivergence_SYS,atomic,[CrossSignalDivergence_SYS],[1.0000],1,6,1.0000,[dt-1;dt-2;dt-3],[[50597b83-df5b-4b0c-bf77-d8b9761c22b9;1a77e555-976d-4af2-bf5f-a005fb098468;33d39cd6-bab4-42b0-99a1-5ff1e72c4f92;a445f35e-4d8a-4980-86ed-b1f211fc9974;5b872aae-9689-4537-9a49-7b24d018465c;aa435dde-be37-4449-b195-af43f2fc056b]]
2026-04-03 19:18:09.304,53.491,CrossSignalDivergence_OBS,atomic,[CrossSignalDivergence_OBS],[1.0000],1,6,1.0000,[dt-1;dt-2;dt-3],[[50597b83-df5b-4b0c-bf77-d8b9761c22b9;1a77e555-976d-4af2-bf5f-a005fb098468;33d39cd6-bab4-42b0-99a1-5ff1e72c4f92;a445f35e-4d8a-4980-86ed-b1f211fc9974;5b872aae-9689-4537-9a49-7b24d018465c;aa435dde-be37-4449-b195-af43f2fc056b]]
2026-04-03 19:18:09.316,53.503,CrossSignalRelativeStable_GT,atomic,[CrossSignalRelativeStable_GT],[1.0000],1,6,1.0000,[dt-1;dt-2;dt-3],[[bc94f9eb-bbc3-49c2-bb83-c8bef3e25b6b;eb24aea0-8684-4dd8-a2c1-3a7213be378e;f7b45762-b39a-4a75-9d83-5505c0257e68;aad229fa-2d39-4fea-9d2e-f58d0edd7e73;759bec61-8810-45c4-b230-d84e4d129982;a3aecef7-eef5-41da-9eb0-efd2d16de5a8]]
2026-04-03 19:18:09.316,53.503,CrossSignalDivergence_GT,atomic,[CrossSignalDivergence_GT],[1.0000],1,6,1.0000,[dt-1;dt-2;dt-3],[[bc94f9eb-bbc3-49c2-bb83-c8bef3e25b6b;eb24aea0-8684-4dd8-a2c1-3a7213be378e;f7b45762-b39a-4a75-9d83-5505c0257e68;aad229fa-2d39-4fea-9d2e-f58d0edd7e73;759bec61-8810-45c4-b230-d84e4d129982;a3aecef7-eef5-41da-9eb0-efd2d16de5a8]]
2026-04-03 19:18:09.412,53.599,CrossSignalRelativeStable_SYS,atomic,[CrossSignalRelativeStable_SYS],[1.0000],1,6,1.0000,[dt-1;dt-2;dt-3],[[a445f35e-4d8a-4980-86ed-b1f211fc9974;5b872aae-9689-4537-9a49-7b24d018465c;aa435dde-be37-4449-b195-af43f2fc056b;7deac29d-4721-4e6f-a84d-e8df91c4ddc3;c1d6697f-2a2e-44e9-a537-d06df5ff7b6a;1c8a0db5-df66-4ed5-9800-552dd7e5925b]]
2026-04-03 19:18:09.412,53.599,CrossSignalRelativeStable_OBS,atomic,[CrossSignalRelativeStable_OBS],[1.0000],1,6,1.0000,[dt-1;dt-2;dt-3],[[a445f35e-4d8a-4980-86ed-b1f211fc9974;5b872aae-9689-4537-9a49-7b24d018465c;aa435dde-be37-4449-b195-af43f2fc056b;7deac29d-4721-4e6f-a84d-e8df91c4ddc3;c1d6697f-2a2e-44e9-a537-d06df5ff7b6a;1c8a0db5-df66-4ed5-9800-552dd7e5925b]]
2026-04-03 19:18:09.412,53.599,CrossSignalTrendConsistency_SYS,atomic,[CrossSignalTrendConsistency_SYS],[1.0000],1,6,1.0000,[dt-1;dt-2;dt-3],[[a445f35e-4d8a-4980-86ed-b1f211fc9974;5b872aae-9689-4537-9a49-7b24d018465c;aa435dde-be37-4449-b195-af43f2fc056b;7deac29d-4721-4e6f-a84d-e8df91c4ddc3;c1d6697f-2a2e-44e9-a537-d06df5ff7b6a;1c8a0db5-df66-4ed5-9800-552dd7e5925b]]
2026-04-03 19:18:09.412,53.599,CrossSignalTrendConsistency_OBS,atomic,[CrossSignalTrendConsistency_OBS],[1.0000],1,6,1.0000,[dt-1;dt-2;dt-3],[[a445f35e-4d8a-4980-86ed-b1f211fc9974;5b872aae-9689-4537-9a49-7b24d018465c;aa435dde-be37-4449-b195-af43f2fc056b;7deac29d-4721-4e6f-a84d-e8df91c4ddc3;c1d6697f-2a2e-44e9-a537-d06df5ff7b6a;1c8a0db5-df66-4ed5-9800-552dd7e5925b]]
2026-04-03 19:18:09.412,53.599,CrossSignalDivergence_SYS,atomic,[CrossSignalDivergence_SYS],[1.0000],1,6,1.0000,[dt-1;dt-2;dt-3],[[a445f35e-4d8a-4980-86ed-b1f211fc9974;5b872aae-9689-4537-9a49-7b24d018465c;aa435dde-be37-4449-b195-af43f2fc056b;7deac29d-4721-4e6f-a84d-e8df91c4ddc3;c1d6697f-2a2e-44e9-a537-d06df5ff7b6a;1c8a0db5-df66-4ed5-9800-552dd7e5925b]]
2026-04-03 19:18:09.413,53.600,CrossSignalDivergence_OBS,atomic,[CrossSignalDivergence_OBS],[1.0000],1,6,1.0000,[dt-1;dt-2;dt-3],[[a445f35e-4d8a-4980-86ed-b1f211fc9974;5b872aae-9689-4537-9a49-7b24d018465c;aa435dde-be37-4449-b195-af43f2fc056b;7deac29d-4721-4e6f-a84d-e8df91c4ddc3;c1d6697f-2a2e-44e9-a537-d06df5ff7b6a;1c8a0db5-df66-4ed5-9800-552dd7e5925b]]
2026-04-03 19:18:09.430,53.617,CrossSignalRelativeStable_GT,atomic,[CrossSignalRelativeStable_GT],[1.0000],1,6,1.0000,[dt-1;dt-2;dt-3],[[aad229fa-2d39-4fea-9d2e-f58d0edd7e73;759bec61-8810-45c4-b230-d84e4d129982;a3aecef7-eef5-41da-9eb0-efd2d16de5a8;b6f4782b-50f7-4c83-b7b2-ac07cfa543d8;ec1b4e8a-7151-4f74-b089-ef910a7566eb;e1d52fd3-cb52-4c90-ace9-c2dc9ac15593]]
2026-04-03 19:18:09.430,53.617,CrossSignalTrendConsistency_GT,atomic,[CrossSignalTrendConsistency_GT],[1.0000],1,6,1.0000,[dt-1;dt-2;dt-3],[[aad229fa-2d39-4fea-9d2e-f58d0edd7e73;759bec61-8810-45c4-b230-d84e4d129982;a3aecef7-eef5-41da-9eb0-efd2d16de5a8;b6f4782b-50f7-4c83-b7b2-ac07cfa543d8;ec1b4e8a-7151-4f74-b089-ef910a7566eb;e1d52fd3-cb52-4c90-ace9-c2dc9ac15593]]
2026-04-03 19:18:09.430,53.617,CrossSignalDivergence_GT,atomic,[CrossSignalDivergence_GT],[1.0000],1,6,1.0000,[dt-1;dt-2;dt-3],[[aad229fa-2d39-4fea-9d2e-f58d0edd7e73;759bec61-8810-45c4-b230-d84e4d129982;a3aecef7-eef5-41da-9eb0-efd2d16de5a8;b6f4782b-50f7-4c83-b7b2-ac07cfa543d8;ec1b4e8a-7151-4f74-b089-ef910a7566eb;e1d52fd3-cb52-4c90-ace9-c2dc9ac15593]]
2026-04-03 19:18:09.526,53.713,CrossSignalRelativeStable_SYS,atomic,[CrossSignalRelativeStable_SYS],[1.0000],1,6,1.0000,[dt-1;dt-2;dt-3],[[7deac29d-4721-4e6f-a84d-e8df91c4ddc3;c1d6697f-2a2e-44e9-a537-d06df5ff7b6a;1c8a0db5-df66-4ed5-9800-552dd7e5925b;f218a6a1-ea14-472c-9e74-897edb96fe35;ea724e4b-5506-4f5e-b911-b30dc6154255;ca3b6ccf-3023-43be-8da4-234f8bfce4ef]]
2026-04-03 19:18:09.526,53.713,CrossSignalRelativeStable_OBS,atomic,[CrossSignalRelativeStable_OBS],[1.0000],1,6,1.0000,[dt-1;dt-2;dt-3],[[7deac29d-4721-4e6f-a84d-e8df91c4ddc3;c1d6697f-2a2e-44e9-a537-d06df5ff7b6a;1c8a0db5-df66-4ed5-9800-552dd7e5925b;f218a6a1-ea14-472c-9e74-897edb96fe35;ea724e4b-5506-4f5e-b911-b30dc6154255;ca3b6ccf-3023-43be-8da4-234f8bfce4ef]]
2026-04-03 19:18:09.526,53.713,CrossSignalTrendConsistency_SYS,atomic,[CrossSignalTrendConsistency_SYS],[1.0000],1,6,1.0000,[dt-1;dt-2;dt-3],[[7deac29d-4721-4e6f-a84d-e8df91c4ddc3;c1d6697f-2a2e-44e9-a537-d06df5ff7b6a;1c8a0db5-df66-4ed5-9800-552dd7e5925b;f218a6a1-ea14-472c-9e74-897edb96fe35;ea724e4b-5506-4f5e-b911-b30dc6154255;ca3b6ccf-3023-43be-8da4-234f8bfce4ef]]
2026-04-03 19:18:09.526,53.713,CrossSignalTrendConsistency_OBS,atomic,[CrossSignalTrendConsistency_OBS],[1.0000],1,6,1.0000,[dt-1;dt-2;dt-3],[[7deac29d-4721-4e6f-a84d-e8df91c4ddc3;c1d6697f-2a2e-44e9-a537-d06df5ff7b6a;1c8a0db5-df66-4ed5-9800-552dd7e5925b;f218a6a1-ea14-472c-9e74-897edb96fe35;ea724e4b-5506-4f5e-b911-b30dc6154255;ca3b6ccf-3023-43be-8da4-234f8bfce4ef]]
2026-04-03 19:18:09.526,53.713,CrossSignalDivergence_SYS,atomic,[CrossSignalDivergence_SYS],[1.0000],1,6,1.0000,[dt-1;dt-2;dt-3],[[7deac29d-4721-4e6f-a84d-e8df91c4ddc3;c1d6697f-2a2e-44e9-a537-d06df5ff7b6a;1c8a0db5-df66-4ed5-9800-552dd7e5925b;f218a6a1-ea14-472c-9e74-897edb96fe35;ea724e4b-5506-4f5e-b911-b30dc6154255;ca3b6ccf-3023-43be-8da4-234f8bfce4ef]]
2026-04-03 19:18:09.526,53.713,CrossSignalDivergence_OBS,atomic,[CrossSignalDivergence_OBS],[1.0000],1,6,1.0000,[dt-1;dt-2;dt-3],[[7deac29d-4721-4e6f-a84d-e8df91c4ddc3;c1d6697f-2a2e-44e9-a537-d06df5ff7b6a;1c8a0db5-df66-4ed5-9800-552dd7e5925b;f218a6a1-ea14-472c-9e74-897edb96fe35;ea724e4b-5506-4f5e-b911-b30dc6154255;ca3b6ccf-3023-43be-8da4-234f8bfce4ef]]
2026-04-03 19:18:09.537,53.724,CrossSignalRelativeStable_GT,atomic,[CrossSignalRelativeStable_GT],[1.0000],1,6,1.0000,[dt-1;dt-2;dt-3],[[b6f4782b-50f7-4c83-b7b2-ac07cfa543d8;ec1b4e8a-7151-4f74-b089-ef910a7566eb;e1d52fd3-cb52-4c90-ace9-c2dc9ac15593;0bb23a2f-a58b-4d94-97f7-d3f298e8d19e;a1b8427d-f185-4464-b975-d2817602459c;33c6bc9a-1ac5-4de6-a16e-ea6d5cd6cc58]]
2026-04-03 19:18:09.537,53.724,CrossSignalTrendConsistency_GT,atomic,[CrossSignalTrendConsistency_GT],[1.0000],1,6,1.0000,[dt-1;dt-2;dt-3],[[b6f4782b-50f7-4c83-b7b2-ac07cfa543d8;ec1b4e8a-7151-4f74-b089-ef910a7566eb;e1d52fd3-cb52-4c90-ace9-c2dc9ac15593;0bb23a2f-a58b-4d94-97f7-d3f298e8d19e;a1b8427d-f185-4464-b975-d2817602459c;33c6bc9a-1ac5-4de6-a16e-ea6d5cd6cc58]]
2026-04-03 19:18:09.537,53.724,CrossSignalDivergence_GT,atomic,[CrossSignalDivergence_GT],[1.0000],1,6,1.0000,[dt-1;dt-2;dt-3],[[b6f4782b-50f7-4c83-b7b2-ac07cfa543d8;ec1b4e8a-7151-4f74-b089-ef910a7566eb;e1d52fd3-cb52-4c90-ace9-c2dc9ac15593;0bb23a2f-a58b-4d94-97f7-d3f298e8d19e;a1b8427d-f185-4464-b975-d2817602459c;33c6bc9a-1ac5-4de6-a16e-ea6d5cd6cc58]]
2026-04-03 19:18:09.635,53.822,CrossSignalRelativeStable_SYS,atomic,[CrossSignalRelativeStable_SYS],[1.0000],1,6,1.0000,[dt-1;dt-2;dt-3],[[f218a6a1-ea14-472c-9e74-897edb96fe35;ea724e4b-5506-4f5e-b911-b30dc6154255;ca3b6ccf-3023-43be-8da4-234f8bfce4ef;263ce043-5d5d-4968-b2e7-87176a643de1;2ca5c6f5-365a-4a23-be23-e493a7d0aac4;6ac527ff-702d-4167-bf6e-cc3762a2e3e6]]
2026-04-03 19:18:09.635,53.822,CrossSignalRelativeStable_OBS,atomic,[CrossSignalRelativeStable_OBS],[1.0000],1,6,1.0000,[dt-1;dt-2;dt-3],[[f218a6a1-ea14-472c-9e74-897edb96fe35;ea724e4b-5506-4f5e-b911-b30dc6154255;ca3b6ccf-3023-43be-8da4-234f8bfce4ef;263ce043-5d5d-4968-b2e7-87176a643de1;2ca5c6f5-365a-4a23-be23-e493a7d0aac4;6ac527ff-702d-4167-bf6e-cc3762a2e3e6]]
2026-04-03 19:18:09.635,53.822,CrossSignalTrendConsistency_SYS,atomic,[CrossSignalTrendConsistency_SYS],[1.0000],1,6,1.0000,[dt-1;dt-2;dt-3],[[f218a6a1-ea14-472c-9e74-897edb96fe35;ea724e4b-5506-4f5e-b911-b30dc6154255;ca3b6ccf-3023-43be-8da4-234f8bfce4ef;263ce043-5d5d-4968-b2e7-87176a643de1;2ca5c6f5-365a-4a23-be23-e493a7d0aac4;6ac527ff-702d-4167-bf6e-cc3762a2e3e6]]
2026-04-03 19:18:09.635,53.822,CrossSignalTrendConsistency_OBS,atomic,[CrossSignalTrendConsistency_OBS],[1.0000],1,6,1.0000,[dt-1;dt-2;dt-3],[[f218a6a1-ea14-472c-9e74-897edb96fe35;ea724e4b-5506-4f5e-b911-b30dc6154255;ca3b6ccf-3023-43be-8da4-234f8bfce4ef;263ce043-5d5d-4968-b2e7-87176a643de1;2ca5c6f5-365a-4a23-be23-e493a7d0aac4;6ac527ff-702d-4167-bf6e-cc3762a2e3e6]]
2026-04-03 19:18:09.635,53.822,CrossSignalDivergence_SYS,atomic,[CrossSignalDivergence_SYS],[1.0000],1,6,1.0000,[dt-1;dt-2;dt-3],[[f218a6a1-ea14-472c-9e74-897edb96fe35;ea724e4b-5506-4f5e-b911-b30dc6154255;ca3b6ccf-3023-43be-8da4-234f8bfce4ef;263ce043-5d5d-4968-b2e7-87176a643de1;2ca5c6f5-365a-4a23-be23-e493a7d0aac4;6ac527ff-702d-4167-bf6e-cc3762a2e3e6]]
2026-04-03 19:18:09.635,53.822,CrossSignalDivergence_OBS,atomic,[CrossSignalDivergence_OBS],[1.0000],1,6,1.0000,[dt-1;dt-2;dt-3],[[f218a6a1-ea14-472c-9e74-897edb96fe35;ea724e4b-5506-4f5e-b911-b30dc6154255;ca3b6ccf-3023-43be-8da4-234f8bfce4ef;263ce043-5d5d-4968-b2e7-87176a643de1;2ca5c6f5-365a-4a23-be23-e493a7d0aac4;6ac527ff-702d-4167-bf6e-cc3762a2e3e6]]
2026-04-03 19:18:09.653,53.840,CrossSignalRelativeStable_GT,atomic,[CrossSignalRelativeStable_GT],[1.0000],1,6,1.0000,[dt-1;dt-2;dt-3],[[0bb23a2f-a58b-4d94-97f7-d3f298e8d19e;a1b8427d-f185-4464-b975-d2817602459c;33c6bc9a-1ac5-4de6-a16e-ea6d5cd6cc58;ae111ef6-9ca6-42c7-86ee-9fcf58428083;44739daa-ccb2-4cce-b3a5-804ce91a2ef2;954167ef-39e9-4e5b-b41a-51950f8a7d27]]
2026-04-03 19:18:09.653,53.840,CrossSignalDivergence_GT,atomic,[CrossSignalDivergence_GT],[1.0000],1,6,1.0000,[dt-1;dt-2;dt-3],[[0bb23a2f-a58b-4d94-97f7-d3f298e8d19e;a1b8427d-f185-4464-b975-d2817602459c;33c6bc9a-1ac5-4de6-a16e-ea6d5cd6cc58;ae111ef6-9ca6-42c7-86ee-9fcf58428083;44739daa-ccb2-4cce-b3a5-804ce91a2ef2;954167ef-39e9-4e5b-b41a-51950f8a7d27]]
2026-04-03 19:18:09.745,53.932,CrossSignalRelativeStable_SYS,atomic,[CrossSignalRelativeStable_SYS],[1.0000],1,6,1.0000,[dt-1;dt-2;dt-3],[[263ce043-5d5d-4968-b2e7-87176a643de1;2ca5c6f5-365a-4a23-be23-e493a7d0aac4;6ac527ff-702d-4167-bf6e-cc3762a2e3e6;e4e22eae-79d8-4c22-aadb-a43fe8015488;b0eca471-18a6-4c35-916c-a684377c83ae;ad103a94-e22f-41c1-aac3-8fd8360cfd3e]]
2026-04-03 19:18:09.745,53.932,CrossSignalRelativeStable_OBS,atomic,[CrossSignalRelativeStable_OBS],[1.0000],1,6,1.0000,[dt-1;dt-2;dt-3],[[263ce043-5d5d-4968-b2e7-87176a643de1;2ca5c6f5-365a-4a23-be23-e493a7d0aac4;6ac527ff-702d-4167-bf6e-cc3762a2e3e6;e4e22eae-79d8-4c22-aadb-a43fe8015488;b0eca471-18a6-4c35-916c-a684377c83ae;ad103a94-e22f-41c1-aac3-8fd8360cfd3e]]
2026-04-03 19:18:09.745,53.932,CrossSignalTrendConsistency_SYS,atomic,[CrossSignalTrendConsistency_SYS],[1.0000],1,6,1.0000,[dt-1;dt-2;dt-3],[[263ce043-5d5d-4968-b2e7-87176a643de1;2ca5c6f5-365a-4a23-be23-e493a7d0aac4;6ac527ff-702d-4167-bf6e-cc3762a2e3e6;e4e22eae-79d8-4c22-aadb-a43fe8015488;b0eca471-18a6-4c35-916c-a684377c83ae;ad103a94-e22f-41c1-aac3-8fd8360cfd3e]]
2026-04-03 19:18:09.745,53.932,CrossSignalTrendConsistency_OBS,atomic,[CrossSignalTrendConsistency_OBS],[1.0000],1,6,1.0000,[dt-1;dt-2;dt-3],[[263ce043-5d5d-4968-b2e7-87176a643de1;2ca5c6f5-365a-4a23-be23-e493a7d0aac4;6ac527ff-702d-4167-bf6e-cc3762a2e3e6;e4e22eae-79d8-4c22-aadb-a43fe8015488;b0eca471-18a6-4c35-916c-a684377c83ae;ad103a94-e22f-41c1-aac3-8fd8360cfd3e]]
2026-04-03 19:18:09.745,53.932,CrossSignalDivergence_SYS,atomic,[CrossSignalDivergence_SYS],[1.0000],1,6,1.0000,[dt-1;dt-2;dt-3],[[263ce043-5d5d-4968-b2e7-87176a643de1;2ca5c6f5-365a-4a23-be23-e493a7d0aac4;6ac527ff-702d-4167-bf6e-cc3762a2e3e6;e4e22eae-79d8-4c22-aadb-a43fe8015488;b0eca471-18a6-4c35-916c-a684377c83ae;ad103a94-e22f-41c1-aac3-8fd8360cfd3e]]
2026-04-03 19:18:09.745,53.932,CrossSignalDivergence_OBS,atomic,[CrossSignalDivergence_OBS],[1.0000],1,6,1.0000,[dt-1;dt-2;dt-3],[[263ce043-5d5d-4968-b2e7-87176a643de1;2ca5c6f5-365a-4a23-be23-e493a7d0aac4;6ac527ff-702d-4167-bf6e-cc3762a2e3e6;e4e22eae-79d8-4c22-aadb-a43fe8015488;b0eca471-18a6-4c35-916c-a684377c83ae;ad103a94-e22f-41c1-aac3-8fd8360cfd3e]]
2026-04-03 19:18:09.765,53.952,CrossSignalRelativeStable_GT,atomic,[CrossSignalRelativeStable_GT],[1.0000],1,6,1.0000,[dt-1;dt-2;dt-3],[[ae111ef6-9ca6-42c7-86ee-9fcf58428083;44739daa-ccb2-4cce-b3a5-804ce91a2ef2;954167ef-39e9-4e5b-b41a-51950f8a7d27;dc6d46a3-5721-48e0-bb37-71c60de4ecd4;1451babf-151e-44a2-abfd-9b0e960018a7;d9adde73-ecdd-492a-88a1-dd6e3fa783c2]]
2026-04-03 19:18:09.765,53.952,CrossSignalDivergence_GT,atomic,[CrossSignalDivergence_GT],[1.0000],1,6,1.0000,[dt-1;dt-2;dt-3],[[ae111ef6-9ca6-42c7-86ee-9fcf58428083;44739daa-ccb2-4cce-b3a5-804ce91a2ef2;954167ef-39e9-4e5b-b41a-51950f8a7d27;dc6d46a3-5721-48e0-bb37-71c60de4ecd4;1451babf-151e-44a2-abfd-9b0e960018a7;d9adde73-ecdd-492a-88a1-dd6e3fa783c2]]
2026-04-03 19:18:09.853,54.040,CrossSignalRelativeStable_SYS,atomic,[CrossSignalRelativeStable_SYS],[1.0000],1,6,1.0000,[dt-1;dt-2;dt-3],[[e4e22eae-79d8-4c22-aadb-a43fe8015488;b0eca471-18a6-4c35-916c-a684377c83ae;ad103a94-e22f-41c1-aac3-8fd8360cfd3e;956a26d2-7cee-4fbf-b60a-0dd76b6e8269;68c70179-95a2-496c-a7e3-e42c9fcecf75;b4c938de-f8a9-411d-aa6f-6e50f915d5b4]]
2026-04-03 19:18:09.853,54.040,CrossSignalRelativeStable_OBS,atomic,[CrossSignalRelativeStable_OBS],[1.0000],1,6,1.0000,[dt-1;dt-2;dt-3],[[e4e22eae-79d8-4c22-aadb-a43fe8015488;b0eca471-18a6-4c35-916c-a684377c83ae;ad103a94-e22f-41c1-aac3-8fd8360cfd3e;956a26d2-7cee-4fbf-b60a-0dd76b6e8269;68c70179-95a2-496c-a7e3-e42c9fcecf75;b4c938de-f8a9-411d-aa6f-6e50f915d5b4]]
2026-04-03 19:18:09.854,54.041,CrossSignalDivergence_SYS,atomic,[CrossSignalDivergence_SYS],[1.0000],1,6,1.0000,[dt-1;dt-2;dt-3],[[e4e22eae-79d8-4c22-aadb-a43fe8015488;b0eca471-18a6-4c35-916c-a684377c83ae;ad103a94-e22f-41c1-aac3-8fd8360cfd3e;956a26d2-7cee-4fbf-b60a-0dd76b6e8269;68c70179-95a2-496c-a7e3-e42c9fcecf75;b4c938de-f8a9-411d-aa6f-6e50f915d5b4]]
2026-04-03 19:18:09.854,54.041,CrossSignalDivergence_OBS,atomic,[CrossSignalDivergence_OBS],[1.0000],1,6,1.0000,[dt-1;dt-2;dt-3],[[e4e22eae-79d8-4c22-aadb-a43fe8015488;b0eca471-18a6-4c35-916c-a684377c83ae;ad103a94-e22f-41c1-aac3-8fd8360cfd3e;956a26d2-7cee-4fbf-b60a-0dd76b6e8269;68c70179-95a2-496c-a7e3-e42c9fcecf75;b4c938de-f8a9-411d-aa6f-6e50f915d5b4]]
2026-04-03 19:18:09.874,54.061,CrossSignalRelativeStable_GT,atomic,[CrossSignalRelativeStable_GT],[1.0000],1,6,1.0000,[dt-1;dt-2;dt-3],[[dc6d46a3-5721-48e0-bb37-71c60de4ecd4;1451babf-151e-44a2-abfd-9b0e960018a7;d9adde73-ecdd-492a-88a1-dd6e3fa783c2;b4ed07fe-1dc0-445a-a98e-721c11711c66;f0dc6367-591e-4f95-81a7-3e12ec488f83;1d0d390f-70ef-4d7b-a6d0-c11c64d28acc]]
2026-04-03 19:18:09.874,54.061,CrossSignalDivergence_GT,atomic,[CrossSignalDivergence_GT],[1.0000],1,6,1.0000,[dt-1;dt-2;dt-3],[[dc6d46a3-5721-48e0-bb37-71c60de4ecd4;1451babf-151e-44a2-abfd-9b0e960018a7;d9adde73-ecdd-492a-88a1-dd6e3fa783c2;b4ed07fe-1dc0-445a-a98e-721c11711c66;f0dc6367-591e-4f95-81a7-3e12ec488f83;1d0d390f-70ef-4d7b-a6d0-c11c64d28acc]]
2026-04-03 19:18:09.970,54.157,CrossSignalRelativeStable_SYS,atomic,[CrossSignalRelativeStable_SYS],[1.0000],1,6,1.0000,[dt-1;dt-2;dt-3],[[956a26d2-7cee-4fbf-b60a-0dd76b6e8269;68c70179-95a2-496c-a7e3-e42c9fcecf75;b4c938de-f8a9-411d-aa6f-6e50f915d5b4;1cb0111a-f7db-499b-ae74-a2f8ff43ed39;9b5dc9e4-ab12-4383-aeff-2d6796bc4908;b5379dc4-36c5-44f3-89b8-2c30796643a6]]
2026-04-03 19:18:09.970,54.157,CrossSignalRelativeStable_OBS,atomic,[CrossSignalRelativeStable_OBS],[1.0000],1,6,1.0000,[dt-1;dt-2;dt-3],[[956a26d2-7cee-4fbf-b60a-0dd76b6e8269;68c70179-95a2-496c-a7e3-e42c9fcecf75;b4c938de-f8a9-411d-aa6f-6e50f915d5b4;1cb0111a-f7db-499b-ae74-a2f8ff43ed39;9b5dc9e4-ab12-4383-aeff-2d6796bc4908;b5379dc4-36c5-44f3-89b8-2c30796643a6]]
2026-04-03 19:18:09.970,54.157,CrossSignalDivergence_SYS,atomic,[CrossSignalDivergence_SYS],[1.0000],1,6,1.0000,[dt-1;dt-2;dt-3],[[956a26d2-7cee-4fbf-b60a-0dd76b6e8269;68c70179-95a2-496c-a7e3-e42c9fcecf75;b4c938de-f8a9-411d-aa6f-6e50f915d5b4;1cb0111a-f7db-499b-ae74-a2f8ff43ed39;9b5dc9e4-ab12-4383-aeff-2d6796bc4908;b5379dc4-36c5-44f3-89b8-2c30796643a6]]
2026-04-03 19:18:09.970,54.157,CrossSignalDivergence_OBS,atomic,[CrossSignalDivergence_OBS],[1.0000],1,6,1.0000,[dt-1;dt-2;dt-3],[[956a26d2-7cee-4fbf-b60a-0dd76b6e8269;68c70179-95a2-496c-a7e3-e42c9fcecf75;b4c938de-f8a9-411d-aa6f-6e50f915d5b4;1cb0111a-f7db-499b-ae74-a2f8ff43ed39;9b5dc9e4-ab12-4383-aeff-2d6796bc4908;b5379dc4-36c5-44f3-89b8-2c30796643a6]]
2026-04-03 19:18:09.982,54.169,CrossSignalRelativeStable_GT,atomic,[CrossSignalRelativeStable_GT],[1.0000],1,6,1.0000,[dt-1;dt-2;dt-3],[[b4ed07fe-1dc0-445a-a98e-721c11711c66;f0dc6367-591e-4f95-81a7-3e12ec488f83;1d0d390f-70ef-4d7b-a6d0-c11c64d28acc;00a47eef-12b6-4084-ac4c-ebbc9a473123;dd885d77-1bdd-4265-931a-26daf1c5871c;7898d798-dcac-4fc6-8b8b-b2e4d0a3c33f]]
2026-04-03 19:18:09.982,54.169,CrossSignalTrendConsistency_GT,atomic,[CrossSignalTrendConsistency_GT],[1.0000],1,6,1.0000,[dt-1;dt-2;dt-3],[[b4ed07fe-1dc0-445a-a98e-721c11711c66;f0dc6367-591e-4f95-81a7-3e12ec488f83;1d0d390f-70ef-4d7b-a6d0-c11c64d28acc;00a47eef-12b6-4084-ac4c-ebbc9a473123;dd885d77-1bdd-4265-931a-26daf1c5871c;7898d798-dcac-4fc6-8b8b-b2e4d0a3c33f]]
2026-04-03 19:18:09.982,54.169,CrossSignalDivergence_GT,atomic,[CrossSignalDivergence_GT],[1.0000],1,6,1.0000,[dt-1;dt-2;dt-3],[[b4ed07fe-1dc0-445a-a98e-721c11711c66;f0dc6367-591e-4f95-81a7-3e12ec488f83;1d0d390f-70ef-4d7b-a6d0-c11c64d28acc;00a47eef-12b6-4084-ac4c-ebbc9a473123;dd885d77-1bdd-4265-931a-26daf1c5871c;7898d798-dcac-4fc6-8b8b-b2e4d0a3c33f]]
2026-04-03 19:18:10.076,54.263,CrossSignalRelativeStable_SYS,atomic,[CrossSignalRelativeStable_SYS],[1.0000],1,6,1.0000,[dt-1;dt-2;dt-3],[[1cb0111a-f7db-499b-ae74-a2f8ff43ed39;9b5dc9e4-ab12-4383-aeff-2d6796bc4908;b5379dc4-36c5-44f3-89b8-2c30796643a6;d73e9075-9f37-4dd7-af8c-508452705f84;fc238a50-168e-4ff8-8da5-eec4c30af7b2;4813bd6d-3efc-4f49-bdda-4a0e132e3f6d]]
2026-04-03 19:18:10.076,54.263,CrossSignalRelativeStable_OBS,atomic,[CrossSignalRelativeStable_OBS],[1.0000],1,6,1.0000,[dt-1;dt-2;dt-3],[[1cb0111a-f7db-499b-ae74-a2f8ff43ed39;9b5dc9e4-ab12-4383-aeff-2d6796bc4908;b5379dc4-36c5-44f3-89b8-2c30796643a6;d73e9075-9f37-4dd7-af8c-508452705f84;fc238a50-168e-4ff8-8da5-eec4c30af7b2;4813bd6d-3efc-4f49-bdda-4a0e132e3f6d]]
2026-04-03 19:18:10.076,54.263,CrossSignalTrendConsistency_SYS,atomic,[CrossSignalTrendConsistency_SYS],[1.0000],1,6,1.0000,[dt-1;dt-2;dt-3],[[1cb0111a-f7db-499b-ae74-a2f8ff43ed39;9b5dc9e4-ab12-4383-aeff-2d6796bc4908;b5379dc4-36c5-44f3-89b8-2c30796643a6;d73e9075-9f37-4dd7-af8c-508452705f84;fc238a50-168e-4ff8-8da5-eec4c30af7b2;4813bd6d-3efc-4f49-bdda-4a0e132e3f6d]]
2026-04-03 19:18:10.076,54.263,CrossSignalTrendConsistency_OBS,atomic,[CrossSignalTrendConsistency_OBS],[1.0000],1,6,1.0000,[dt-1;dt-2;dt-3],[[1cb0111a-f7db-499b-ae74-a2f8ff43ed39;9b5dc9e4-ab12-4383-aeff-2d6796bc4908;b5379dc4-36c5-44f3-89b8-2c30796643a6;d73e9075-9f37-4dd7-af8c-508452705f84;fc238a50-168e-4ff8-8da5-eec4c30af7b2;4813bd6d-3efc-4f49-bdda-4a0e132e3f6d]]
2026-04-03 19:18:10.076,54.263,CrossSignalDivergence_SYS,atomic,[CrossSignalDivergence_SYS],[1.0000],1,6,1.0000,[dt-1;dt-2;dt-3],[[1cb0111a-f7db-499b-ae74-a2f8ff43ed39;9b5dc9e4-ab12-4383-aeff-2d6796bc4908;b5379dc4-36c5-44f3-89b8-2c30796643a6;d73e9075-9f37-4dd7-af8c-508452705f84;fc238a50-168e-4ff8-8da5-eec4c30af7b2;4813bd6d-3efc-4f49-bdda-4a0e132e3f6d]]
2026-04-03 19:18:10.076,54.263,CrossSignalDivergence_OBS,atomic,[CrossSignalDivergence_OBS],[1.0000],1,6,1.0000,[dt-1;dt-2;dt-3],[[1cb0111a-f7db-499b-ae74-a2f8ff43ed39;9b5dc9e4-ab12-4383-aeff-2d6796bc4908;b5379dc4-36c5-44f3-89b8-2c30796643a6;d73e9075-9f37-4dd7-af8c-508452705f84;fc238a50-168e-4ff8-8da5-eec4c30af7b2;4813bd6d-3efc-4f49-bdda-4a0e132e3f6d]]
2026-04-03 19:18:10.088,54.275,CrossSignalRelativeStable_GT,atomic,[CrossSignalRelativeStable_GT],[1.0000],1,6,1.0000,[dt-1;dt-2;dt-3],[[00a47eef-12b6-4084-ac4c-ebbc9a473123;dd885d77-1bdd-4265-931a-26daf1c5871c;7898d798-dcac-4fc6-8b8b-b2e4d0a3c33f;a2af3f05-0aef-4173-b71b-46bf1485d277;a14f23aa-cdbb-441e-87cf-0ee25b7b2897;8ac2315e-ef3d-498b-bc51-931586e686be]]
2026-04-03 19:18:10.088,54.275,CrossSignalDivergence_GT,atomic,[CrossSignalDivergence_GT],[1.0000],1,6,1.0000,[dt-1;dt-2;dt-3],[[00a47eef-12b6-4084-ac4c-ebbc9a473123;dd885d77-1bdd-4265-931a-26daf1c5871c;7898d798-dcac-4fc6-8b8b-b2e4d0a3c33f;a2af3f05-0aef-4173-b71b-46bf1485d277;a14f23aa-cdbb-441e-87cf-0ee25b7b2897;8ac2315e-ef3d-498b-bc51-931586e686be]]
2026-04-03 19:18:10.186,54.373,CrossSignalRelativeStable_SYS,atomic,[CrossSignalRelativeStable_SYS],[1.0000],1,6,1.0000,[dt-1;dt-2;dt-3],[[d73e9075-9f37-4dd7-af8c-508452705f84;fc238a50-168e-4ff8-8da5-eec4c30af7b2;4813bd6d-3efc-4f49-bdda-4a0e132e3f6d;01618b1a-2dc1-4bf4-931e-cf94ffc90f36;c84049d6-8c84-4d59-b873-dd90eec14bbd;7985b1d8-47e4-487d-b086-508f802b460e]]
2026-04-03 19:18:10.187,54.374,CrossSignalRelativeStable_OBS,atomic,[CrossSignalRelativeStable_OBS],[1.0000],1,6,1.0000,[dt-1;dt-2;dt-3],[[d73e9075-9f37-4dd7-af8c-508452705f84;fc238a50-168e-4ff8-8da5-eec4c30af7b2;4813bd6d-3efc-4f49-bdda-4a0e132e3f6d;01618b1a-2dc1-4bf4-931e-cf94ffc90f36;c84049d6-8c84-4d59-b873-dd90eec14bbd;7985b1d8-47e4-487d-b086-508f802b460e]]
2026-04-03 19:18:10.187,54.374,CrossSignalDivergence_SYS,atomic,[CrossSignalDivergence_SYS],[1.0000],1,6,1.0000,[dt-1;dt-2;dt-3],[[d73e9075-9f37-4dd7-af8c-508452705f84;fc238a50-168e-4ff8-8da5-eec4c30af7b2;4813bd6d-3efc-4f49-bdda-4a0e132e3f6d;01618b1a-2dc1-4bf4-931e-cf94ffc90f36;c84049d6-8c84-4d59-b873-dd90eec14bbd;7985b1d8-47e4-487d-b086-508f802b460e]]
2026-04-03 19:18:10.187,54.374,CrossSignalDivergence_OBS,atomic,[CrossSignalDivergence_OBS],[1.0000],1,6,1.0000,[dt-1;dt-2;dt-3],[[d73e9075-9f37-4dd7-af8c-508452705f84;fc238a50-168e-4ff8-8da5-eec4c30af7b2;4813bd6d-3efc-4f49-bdda-4a0e132e3f6d;01618b1a-2dc1-4bf4-931e-cf94ffc90f36;c84049d6-8c84-4d59-b873-dd90eec14bbd;7985b1d8-47e4-487d-b086-508f802b460e]]
2026-04-03 19:18:10.199,54.386,CrossSignalRelativeStable_GT,atomic,[CrossSignalRelativeStable_GT],[1.0000],1,6,1.0000,[dt-1;dt-2;dt-3],[[a2af3f05-0aef-4173-b71b-46bf1485d277;a14f23aa-cdbb-441e-87cf-0ee25b7b2897;8ac2315e-ef3d-498b-bc51-931586e686be;6163c64a-4c19-4ee6-ba74-bc5dae265764;f9ebd7d6-f4de-4f56-920c-1093566e3480;7030dfc8-7166-43a7-a2ef-567239cb616b]]
2026-04-03 19:18:10.199,54.386,CrossSignalDivergence_GT,atomic,[CrossSignalDivergence_GT],[1.0000],1,6,1.0000,[dt-1;dt-2;dt-3],[[a2af3f05-0aef-4173-b71b-46bf1485d277;a14f23aa-cdbb-441e-87cf-0ee25b7b2897;8ac2315e-ef3d-498b-bc51-931586e686be;6163c64a-4c19-4ee6-ba74-bc5dae265764;f9ebd7d6-f4de-4f56-920c-1093566e3480;7030dfc8-7166-43a7-a2ef-567239cb616b]]
2026-04-03 19:18:10.298,54.485,CrossSignalRelativeStable_SYS,atomic,[CrossSignalRelativeStable_SYS],[1.0000],1,6,1.0000,[dt-1;dt-2;dt-3],[[01618b1a-2dc1-4bf4-931e-cf94ffc90f36;c84049d6-8c84-4d59-b873-dd90eec14bbd;7985b1d8-47e4-487d-b086-508f802b460e;99351255-8a1e-4a67-a311-2b64c5b39e77;09e13cdd-20e5-4f12-bc71-d793851148f2;2319347f-0680-4432-b72a-3531e5968fb5]]
2026-04-03 19:18:10.298,54.485,CrossSignalRelativeStable_OBS,atomic,[CrossSignalRelativeStable_OBS],[1.0000],1,6,1.0000,[dt-1;dt-2;dt-3],[[01618b1a-2dc1-4bf4-931e-cf94ffc90f36;c84049d6-8c84-4d59-b873-dd90eec14bbd;7985b1d8-47e4-487d-b086-508f802b460e;99351255-8a1e-4a67-a311-2b64c5b39e77;09e13cdd-20e5-4f12-bc71-d793851148f2;2319347f-0680-4432-b72a-3531e5968fb5]]
2026-04-03 19:18:10.298,54.485,CrossSignalDivergence_SYS,atomic,[CrossSignalDivergence_SYS],[1.0000],1,6,1.0000,[dt-1;dt-2;dt-3],[[01618b1a-2dc1-4bf4-931e-cf94ffc90f36;c84049d6-8c84-4d59-b873-dd90eec14bbd;7985b1d8-47e4-487d-b086-508f802b460e;99351255-8a1e-4a67-a311-2b64c5b39e77;09e13cdd-20e5-4f12-bc71-d793851148f2;2319347f-0680-4432-b72a-3531e5968fb5]]
2026-04-03 19:18:10.298,54.485,CrossSignalDivergence_OBS,atomic,[CrossSignalDivergence_OBS],[1.0000],1,6,1.0000,[dt-1;dt-2;dt-3],[[01618b1a-2dc1-4bf4-931e-cf94ffc90f36;c84049d6-8c84-4d59-b873-dd90eec14bbd;7985b1d8-47e4-487d-b086-508f802b460e;99351255-8a1e-4a67-a311-2b64c5b39e77;09e13cdd-20e5-4f12-bc71-d793851148f2;2319347f-0680-4432-b72a-3531e5968fb5]]
2026-04-03 19:18:10.316,54.503,CrossSignalRelativeStable_GT,atomic,[CrossSignalRelativeStable_GT],[1.0000],1,6,1.0000,[dt-1;dt-2;dt-3],[[6163c64a-4c19-4ee6-ba74-bc5dae265764;f9ebd7d6-f4de-4f56-920c-1093566e3480;7030dfc8-7166-43a7-a2ef-567239cb616b;0fe39d44-c058-43b0-b029-1594b9cb34f4;694b8bba-18fc-452a-a1c3-f69dde44a805;d1898a33-5075-4cb7-95a9-00fa40148e2c]]
2026-04-03 19:18:10.316,54.503,CrossSignalDivergence_GT,atomic,[CrossSignalDivergence_GT],[1.0000],1,6,1.0000,[dt-1;dt-2;dt-3],[[6163c64a-4c19-4ee6-ba74-bc5dae265764;f9ebd7d6-f4de-4f56-920c-1093566e3480;7030dfc8-7166-43a7-a2ef-567239cb616b;0fe39d44-c058-43b0-b029-1594b9cb34f4;694b8bba-18fc-452a-a1c3-f69dde44a805;d1898a33-5075-4cb7-95a9-00fa40148e2c]]
2026-04-03 19:18:10.407,54.594,CrossSignalRelativeStable_SYS,atomic,[CrossSignalRelativeStable_SYS],[1.0000],1,6,1.0000,[dt-1;dt-2;dt-3],[[99351255-8a1e-4a67-a311-2b64c5b39e77;09e13cdd-20e5-4f12-bc71-d793851148f2;2319347f-0680-4432-b72a-3531e5968fb5;a06b4a01-eb13-4581-a43c-cbf9d4c367fc;2c87cac9-2403-49eb-8af2-e96b81c04a6a;cea71429-39dc-406d-9790-078e0fd64c6f]]
2026-04-03 19:18:10.407,54.594,CrossSignalRelativeStable_OBS,atomic,[CrossSignalRelativeStable_OBS],[1.0000],1,6,1.0000,[dt-1;dt-2;dt-3],[[99351255-8a1e-4a67-a311-2b64c5b39e77;09e13cdd-20e5-4f12-bc71-d793851148f2;2319347f-0680-4432-b72a-3531e5968fb5;a06b4a01-eb13-4581-a43c-cbf9d4c367fc;2c87cac9-2403-49eb-8af2-e96b81c04a6a;cea71429-39dc-406d-9790-078e0fd64c6f]]
2026-04-03 19:18:10.407,54.594,CrossSignalDivergence_SYS,atomic,[CrossSignalDivergence_SYS],[1.0000],1,6,1.0000,[dt-1;dt-2;dt-3],[[99351255-8a1e-4a67-a311-2b64c5b39e77;09e13cdd-20e5-4f12-bc71-d793851148f2;2319347f-0680-4432-b72a-3531e5968fb5;a06b4a01-eb13-4581-a43c-cbf9d4c367fc;2c87cac9-2403-49eb-8af2-e96b81c04a6a;cea71429-39dc-406d-9790-078e0fd64c6f]]
2026-04-03 19:18:10.407,54.594,CrossSignalDivergence_OBS,atomic,[CrossSignalDivergence_OBS],[1.0000],1,6,1.0000,[dt-1;dt-2;dt-3],[[99351255-8a1e-4a67-a311-2b64c5b39e77;09e13cdd-20e5-4f12-bc71-d793851148f2;2319347f-0680-4432-b72a-3531e5968fb5;a06b4a01-eb13-4581-a43c-cbf9d4c367fc;2c87cac9-2403-49eb-8af2-e96b81c04a6a;cea71429-39dc-406d-9790-078e0fd64c6f]]
2026-04-03 19:18:10.427,54.614,CrossSignalRelativeStable_GT,atomic,[CrossSignalRelativeStable_GT],[1.0000],1,6,1.0000,[dt-1;dt-2;dt-3],[[0fe39d44-c058-43b0-b029-1594b9cb34f4;694b8bba-18fc-452a-a1c3-f69dde44a805;d1898a33-5075-4cb7-95a9-00fa40148e2c;58d7bdbe-bde4-4b35-8534-7c3568e7fa97;a4f1f909-5dcd-4ab3-9a51-cb455d74d789;d6e890bc-7e8c-45ff-9baf-65cd95dc1ead]]
2026-04-03 19:18:10.427,54.614,CrossSignalDivergence_GT,atomic,[CrossSignalDivergence_GT],[1.0000],1,6,1.0000,[dt-1;dt-2;dt-3],[[0fe39d44-c058-43b0-b029-1594b9cb34f4;694b8bba-18fc-452a-a1c3-f69dde44a805;d1898a33-5075-4cb7-95a9-00fa40148e2c;58d7bdbe-bde4-4b35-8534-7c3568e7fa97;a4f1f909-5dcd-4ab3-9a51-cb455d74d789;d6e890bc-7e8c-45ff-9baf-65cd95dc1ead]]
2026-04-03 19:18:10.514,54.701,CrossSignalRelativeStable_SYS,atomic,[CrossSignalRelativeStable_SYS],[1.0000],1,6,1.0000,[dt-1;dt-2;dt-3],[[a06b4a01-eb13-4581-a43c-cbf9d4c367fc;2c87cac9-2403-49eb-8af2-e96b81c04a6a;cea71429-39dc-406d-9790-078e0fd64c6f;4af6622f-0ffc-4e70-a65b-92e0f247df0a;f7b22e20-296e-4d11-979f-69f57dc1d8d4;1d1a1efd-504e-4898-b7a7-b9f16d0e4344]]
2026-04-03 19:18:10.515,54.702,CrossSignalRelativeStable_OBS,atomic,[CrossSignalRelativeStable_OBS],[1.0000],1,6,1.0000,[dt-1;dt-2;dt-3],[[a06b4a01-eb13-4581-a43c-cbf9d4c367fc;2c87cac9-2403-49eb-8af2-e96b81c04a6a;cea71429-39dc-406d-9790-078e0fd64c6f;4af6622f-0ffc-4e70-a65b-92e0f247df0a;f7b22e20-296e-4d11-979f-69f57dc1d8d4;1d1a1efd-504e-4898-b7a7-b9f16d0e4344]]
2026-04-03 19:18:10.515,54.702,CrossSignalTrendConsistency_SYS,atomic,[CrossSignalTrendConsistency_SYS],[1.0000],1,6,1.0000,[dt-1;dt-2;dt-3],[[a06b4a01-eb13-4581-a43c-cbf9d4c367fc;2c87cac9-2403-49eb-8af2-e96b81c04a6a;cea71429-39dc-406d-9790-078e0fd64c6f;4af6622f-0ffc-4e70-a65b-92e0f247df0a;f7b22e20-296e-4d11-979f-69f57dc1d8d4;1d1a1efd-504e-4898-b7a7-b9f16d0e4344]]
2026-04-03 19:18:10.515,54.702,CrossSignalTrendConsistency_OBS,atomic,[CrossSignalTrendConsistency_OBS],[1.0000],1,6,1.0000,[dt-1;dt-2;dt-3],[[a06b4a01-eb13-4581-a43c-cbf9d4c367fc;2c87cac9-2403-49eb-8af2-e96b81c04a6a;cea71429-39dc-406d-9790-078e0fd64c6f;4af6622f-0ffc-4e70-a65b-92e0f247df0a;f7b22e20-296e-4d11-979f-69f57dc1d8d4;1d1a1efd-504e-4898-b7a7-b9f16d0e4344]]
2026-04-03 19:18:10.515,54.702,CrossSignalDivergence_SYS,atomic,[CrossSignalDivergence_SYS],[1.0000],1,6,1.0000,[dt-1;dt-2;dt-3],[[a06b4a01-eb13-4581-a43c-cbf9d4c367fc;2c87cac9-2403-49eb-8af2-e96b81c04a6a;cea71429-39dc-406d-9790-078e0fd64c6f;4af6622f-0ffc-4e70-a65b-92e0f247df0a;f7b22e20-296e-4d11-979f-69f57dc1d8d4;1d1a1efd-504e-4898-b7a7-b9f16d0e4344]]
2026-04-03 19:18:10.515,54.702,CrossSignalDivergence_OBS,atomic,[CrossSignalDivergence_OBS],[1.0000],1,6,1.0000,[dt-1;dt-2;dt-3],[[a06b4a01-eb13-4581-a43c-cbf9d4c367fc;2c87cac9-2403-49eb-8af2-e96b81c04a6a;cea71429-39dc-406d-9790-078e0fd64c6f;4af6622f-0ffc-4e70-a65b-92e0f247df0a;f7b22e20-296e-4d11-979f-69f57dc1d8d4;1d1a1efd-504e-4898-b7a7-b9f16d0e4344]]
2026-04-03 19:18:10.533,54.720,CrossSignalRelativeStable_GT,atomic,[CrossSignalRelativeStable_GT],[1.0000],1,6,1.0000,[dt-1;dt-2;dt-3],[[58d7bdbe-bde4-4b35-8534-7c3568e7fa97;a4f1f909-5dcd-4ab3-9a51-cb455d74d789;d6e890bc-7e8c-45ff-9baf-65cd95dc1ead;b8000422-c465-4280-b78d-708a1dd43a8c;f1531a07-99e9-4def-b5c0-ca6eed6b5fca;bea5b84c-6c34-4aaf-96b7-e9f3f4cff3a3]]
2026-04-03 19:18:10.533,54.720,CrossSignalDivergence_GT,atomic,[CrossSignalDivergence_GT],[1.0000],1,6,1.0000,[dt-1;dt-2;dt-3],[[58d7bdbe-bde4-4b35-8534-7c3568e7fa97;a4f1f909-5dcd-4ab3-9a51-cb455d74d789;d6e890bc-7e8c-45ff-9baf-65cd95dc1ead;b8000422-c465-4280-b78d-708a1dd43a8c;f1531a07-99e9-4def-b5c0-ca6eed6b5fca;bea5b84c-6c34-4aaf-96b7-e9f3f4cff3a3]]
