Readable Timestamp,Unnamed: 0,Beach Name,Measurement Timestamp,Water Temperature,Turbidity,Wave Height,Wave Period,Measurement ID,Water Temperature_groundtruth,Turbidity_groundtruth,Wave Height_groundtruth,Wave Period_groundtruth
2016-05-26 15:00:00,0.0,Montrose Beach,1464274800,13.5,0.0,0.114,3.0,MontroseBeach201605261500,13.5,0.0,0.114,3.0
2016-05-26 16:00:00,1.0,Montrose Beach,1464278400,14.0,0.0,,3.0,MontroseBeach201605261600,14.0,0.0,0.112,3.0
2016-05-26 17:00:00,2.0,Montrose Beach,1464282000,13.4,0.0,0.105,8.0,MontroseBeach201605261700,13.4,0.0,0.105,8.0
2016-05-26 18:00:00,3.0,Montrose Beach,1464285600,13.4,0.0,0.13,7.0,MontroseBeach201605261800,13.4,0.0,0.13,7.0
2016-05-26 19:00:00,4.0,Montrose Beach,1464289200,,0.0,0.111,6.0,MontroseBeach201605261900,13.6,0.0,0.111,6.0
2016-05-26 20:00:00,5.0,Montrose Beach,1464292800,13.3,,0.096,5.0,MontroseBeach201605262000,13.3,0.0,0.096,5.0
2016-05-26 21:00:00,6.0,Montrose Beach,1464296400,14.1,0.0,0.096,5.0,MontroseBeach201605262100,14.1,0.0,0.096,5.0
2016-05-26 22:00:00,7.0,Montrose Beach,1464300000,14.2,0.0,0.102,,MontroseBeach201605262200,14.2,0.0,0.102,3.0
2016-05-26 23:00:00,8.0,Montrose Beach,1464303600,14.0,0.0,0.088,10.0,MontroseBeach201605262300,14.0,0.0,0.088,10.0
2016-05-27 00:00:00,9.0,Montrose Beach,1464307200,,0.0,0.11,7.0,MontroseBeach201605270000,13.3,0.0,0.11,7.0
2016-05-27 01:00:00,10.0,Montrose Beach,1464310800,,0.0,,7.0,MontroseBeach201605270100,13.1,0.0,0.1,7.0
2016-05-27 02:00:00,11.0,Montrose Beach,1464314400,,0.0,,6.0,MontroseBeach201605270200,13.0,0.0,0.096,6.0
2016-05-27 03:00:00,12.0,Montrose Beach,1464318000,12.5,0.0,,4.0,MontroseBeach201605270300,12.5,0.0,0.095,4.0
2016-05-27 04:00:00,13.0,Montrose Beach,1464321600,12.4,0.0,,6.0,MontroseBeach201605270400,12.4,0.0,0.086,6.0
2016-05-27 05:00:00,14.0,Montrose Beach,1464325200,12.7,0.0,,9.0,MontroseBeach201605270500,12.7,0.0,0.092,9.0
2016-05-27 06:00:00,15.0,Montrose Beach,1464328800,13.4,,0.082,9.0,MontroseBeach201605270600,13.4,0.0,0.082,9.0
2016-05-27 07:00:00,16.0,Montrose Beach,1464332400,,0.0,0.092,8.0,MontroseBeach201605270700,12.9,0.0,0.092,8.0
2016-05-27 08:00:00,17.0,Montrose Beach,1464336000,,0.0,0.111,4.0,MontroseBeach201605270800,12.0,0.0,0.111,4.0
2016-05-27 09:00:00,18.0,Montrose Beach,1464339600,,0.0,0.108,6.0,MontroseBeach201605270900,11.4,0.0,0.108,6.0
2016-05-27 10:00:00,19.0,Montrose Beach,1464343200,11.9,0.0,0.085,8.0,MontroseBeach201605271000,11.9,0.0,0.085,8.0
2016-05-27 11:00:00,20.0,Montrose Beach,1464346800,12.3,0.0,,9.0,MontroseBeach201605271100,12.3,0.0,0.088,9.0
2016-05-27 12:00:00,21.0,Montrose Beach,1464350400,,0.0,,9.0,MontroseBeach201605271200,11.8,0.0,0.096,9.0
2016-05-27 13:00:00,22.0,Montrose Beach,1464354000,11.7,0.0,0.097,9.0,MontroseBeach201605271300,11.7,0.0,0.097,9.0
2016-05-27 14:00:00,23.0,Montrose Beach,1464357600,11.4,0.0,0.145,8.0,MontroseBeach201605271400,11.4,0.0,0.145,8.0
2016-05-27 15:00:00,24.0,Montrose Beach,1464361200,11.6,,0.118,4.0,MontroseBeach201605271500,11.6,0.0,0.118,4.0
2016-05-27 16:00:00,25.0,Montrose Beach,1464364800,11.5,0.0,0.102,9.0,MontroseBeach201605271600,11.5,0.0,0.102,9.0
2016-05-27 17:00:00,26.0,Montrose Beach,1464368400,11.5,0.0,0.133,8.0,MontroseBeach201605271700,11.5,0.0,0.133,8.0
2016-05-27 18:00:00,27.0,Montrose Beach,1464372000,11.4,,0.11,7.0,MontroseBeach201605271800,11.4,0.0,0.11,7.0
2016-05-27 19:00:00,28.0,Montrose Beach,1464375600,11.3,,,6.0,MontroseBeach201605271900,11.3,0.0,0.131,6.0
2016-05-27 20:00:00,29.0,Montrose Beach,1464379200,11.3,0.0,,6.0,MontroseBeach201605272000,11.3,0.0,0.128,6.0
2016-05-27 21:00:00,30.0,Montrose Beach,1464382800,11.1,0.0,0.119,3.0,MontroseBeach201605272100,11.1,0.0,0.119,3.0
2016-05-27 22:00:00,31.0,Montrose Beach,1464386400,11.1,0.0,0.12,10.0,MontroseBeach201605272200,11.1,0.0,0.12,10.0
2016-05-27 23:00:00,32.0,Montrose Beach,1464390000,11.1,0.0,0.109,3.0,MontroseBeach201605272300,11.1,0.0,0.109,3.0
2016-05-28 00:00:00,33.0,Montrose Beach,1464393600,11.2,0.0,0.123,7.0,MontroseBeach201605280000,11.2,0.0,0.123,7.0
2016-05-28 01:00:00,34.0,Montrose Beach,1464397200,,0.0,0.104,6.0,MontroseBeach201605280100,11.3,0.0,0.104,6.0
2016-05-28 02:00:00,35.0,Montrose Beach,1464400800,,0.0,0.1,6.0,MontroseBeach201605280200,11.5,0.0,0.1,6.0
2016-05-28 03:00:00,36.0,Montrose Beach,1464404400,,0.0,0.107,5.0,MontroseBeach201605280300,11.3,0.0,0.107,5.0
2016-05-28 04:00:00,37.0,Montrose Beach,1464408000,,0.0,,5.0,MontroseBeach201605280400,11.3,0.0,0.096,5.0
2016-05-28 05:00:00,38.0,Montrose Beach,1464411600,,,0.092,,MontroseBeach201605280500,11.3,0.0,0.092,3.0
2016-05-28 06:00:00,39.0,Montrose Beach,1464415200,11.4,0.0,0.093,,MontroseBeach201605280600,11.4,0.0,0.093,9.0
2016-05-28 07:00:00,40.0,Montrose Beach,1464418800,,0.0,0.102,,MontroseBeach201605280700,11.5,0.0,0.102,3.0
2016-05-28 08:00:00,41.0,Montrose Beach,1464422400,11.7,0.0,0.107,,MontroseBeach201605280800,11.7,0.0,0.107,3.0
2016-05-28 09:00:00,42.0,Montrose Beach,1464426000,12.0,,0.113,,MontroseBeach201605280900,12.0,0.0,0.113,3.0
2016-05-28 10:00:00,43.0,Montrose Beach,1464429600,12.4,0.0,0.104,,MontroseBeach201605281000,12.4,0.0,0.104,8.0
2016-05-28 11:00:00,44.0,Montrose Beach,1464433200,13.0,0.0,0.106,7.0,MontroseBeach201605281100,13.0,0.0,0.106,7.0
2016-05-28 12:00:00,45.0,Montrose Beach,1464436800,12.9,0.0,0.105,3.0,MontroseBeach201605281200,12.9,0.0,0.105,3.0
2016-05-28 13:00:00,46.0,Montrose Beach,1464440400,,0.0,0.112,4.0,MontroseBeach201605281300,13.3,0.0,0.112,4.0
2016-05-28 14:00:00,47.0,Montrose Beach,1464444000,,,0.114,4.0,MontroseBeach201605281400,13.5,0.0,0.114,4.0
2016-05-28 15:00:00,48.0,Montrose Beach,1464447600,,0.0,0.104,4.0,MontroseBeach201605281500,14.0,0.0,0.104,4.0
2016-05-28 16:00:00,49.0,Montrose Beach,1464451200,,0.0,0.104,10.0,MontroseBeach201605281600,14.3,0.0,0.104,10.0
2016-05-28 17:00:00,50.0,Montrose Beach,1464454800,,,0.115,8.0,MontroseBeach201605281700,14.0,0.0,0.115,8.0
2016-05-28 18:00:00,51.0,Montrose Beach,1464458400,13.5,0.0,0.128,7.0,MontroseBeach201605281800,13.5,0.0,0.128,7.0
2016-05-28 19:00:00,52.0,Montrose Beach,1464462000,13.2,0.0,0.114,6.0,MontroseBeach201605281900,13.2,0.0,0.114,6.0
2016-05-28 20:00:00,53.0,Montrose Beach,1464465600,13.2,0.0,0.104,5.0,MontroseBeach201605282000,13.2,0.0,0.104,5.0
2016-05-28 21:00:00,54.0,Montrose Beach,1464469200,13.0,,0.104,4.0,MontroseBeach201605282100,13.0,0.0,0.104,4.0
2016-05-28 22:00:00,55.0,Montrose Beach,1464472800,13.1,,0.112,4.0,MontroseBeach201605282200,13.1,0.0,0.112,4.0
2016-05-28 23:00:00,56.0,Montrose Beach,1464476400,13.0,,0.11,9.0,MontroseBeach201605282300,13.0,0.0,0.11,9.0
2016-05-29 00:00:00,57.0,Montrose Beach,1464480000,13.0,,0.136,7.0,MontroseBeach201605290000,13.0,0.0,0.136,7.0
2016-05-29 01:00:00,,Montrose Beach,1464483600,13.1,,0.1205,6.0,MontroseBeach201605290100,13.1,0.0,0.1205,6.0
2016-05-29 02:00:00,58.0,Montrose Beach,1464487200,13.2,0.0,0.105,,MontroseBeach201605290200,13.2,0.0,0.105,5.0
2016-05-29 03:00:00,59.0,Montrose Beach,1464490800,13.0,,0.109,4.0,MontroseBeach201605290300,13.0,0.0,0.109,4.0
2016-05-29 04:00:00,60.0,Montrose Beach,1464494400,13.0,,0.096,3.0,MontroseBeach201605290400,13.0,0.0,0.096,3.0
2016-05-29 05:00:00,61.0,Montrose Beach,1464498000,12.7,,0.094,3.0,MontroseBeach201605290500,12.7,0.0,0.094,3.0
2016-05-29 06:00:00,62.0,Montrose Beach,1464501600,12.8,0.0,0.108,4.0,MontroseBeach201605290600,12.8,0.0,0.108,4.0
2016-05-29 07:00:00,63.0,Montrose Beach,1464505200,12.8,0.0,0.087,3.0,MontroseBeach201605290700,12.8,0.0,0.087,3.0
2016-05-29 08:00:00,64.0,Montrose Beach,1464508800,12.8,0.0,0.085,4.0,MontroseBeach201605290800,12.8,0.0,0.085,4.0
2016-05-29 09:00:00,65.0,Montrose Beach,1464512400,12.8,0.0,0.126,4.0,MontroseBeach201605290900,12.8,0.0,0.126,4.0
2016-05-29 10:00:00,66.0,Montrose Beach,1464516000,12.9,0.0,0.081,4.0,MontroseBeach201605291000,12.9,0.0,0.081,4.0
2016-05-29 11:00:00,67.0,Montrose Beach,1464519600,13.4,0.0,0.101,4.0,MontroseBeach201605291100,13.4,0.0,0.101,4.0
2016-05-29 12:00:00,68.0,Montrose Beach,1464523200,13.6,0.0,0.128,3.0,MontroseBeach201605291200,13.6,0.0,0.128,3.0
2016-05-29 13:00:00,69.0,Montrose Beach,1464526800,13.6,0.0,0.089,3.0,MontroseBeach201605291300,13.6,0.0,0.089,3.0
2016-05-29 14:00:00,70.0,Montrose Beach,1464530400,13.5,0.0,,2.0,MontroseBeach201605291400,13.5,0.0,0.132,2.0
2016-05-29 15:00:00,71.0,Montrose Beach,1464534000,13.6,0.0,0.134,,MontroseBeach201605291500,13.6,0.0,0.134,5.0
2016-05-29 16:00:00,72.0,Montrose Beach,1464537600,13.9,0.0,0.143,5.0,MontroseBeach201605291600,13.9,0.0,0.143,5.0
2016-05-29 17:00:00,73.0,Montrose Beach,1464541200,13.9,0.0,0.153,,MontroseBeach201605291700,13.9,0.0,0.153,3.0
2016-05-29 18:00:00,74.0,Montrose Beach,1464544800,,0.0,0.13,,MontroseBeach201605291800,13.7,0.0,0.13,7.0
2016-05-29 19:00:00,75.0,Montrose Beach,1464548400,13.5,0.0,0.134,,MontroseBeach201605291900,13.5,0.0,0.134,6.0
2016-05-29 20:00:00,76.0,Montrose Beach,1464552000,13.3,,0.151,4.0,MontroseBeach201605292000,13.3,0.0,0.151,4.0
2016-05-29 21:00:00,77.0,Montrose Beach,1464555600,13.2,,0.118,,MontroseBeach201605292100,13.2,0.0,0.118,4.0
2016-05-29 22:00:00,78.0,Montrose Beach,1464559200,13.1,,0.101,,MontroseBeach201605292200,13.1,0.0,0.101,3.0
2016-05-29 23:00:00,79.0,Montrose Beach,1464562800,13.1,,0.097,,MontroseBeach201605292300,13.1,0.0,0.097,9.0
2016-05-30 00:00:00,80.0,Montrose Beach,1464566400,13.2,,0.093,,MontroseBeach201605300000,13.2,0.0,0.093,7.0
2016-05-30 01:00:00,81.0,Montrose Beach,1464570000,13.2,,0.09,6.0,MontroseBeach201605300100,13.2,0.0,0.09,6.0
2016-05-30 02:00:00,82.0,Montrose Beach,1464573600,13.0,,0.107,3.0,MontroseBeach201605300200,13.0,0.0,0.107,3.0
2016-05-30 03:00:00,83.0,Montrose Beach,1464577200,12.9,,0.094,4.0,MontroseBeach201605300300,12.9,0.0,0.094,4.0
2016-05-30 04:00:00,84.0,Montrose Beach,1464580800,12.8,0.0,0.078,4.0,MontroseBeach201605300400,12.8,0.0,0.078,4.0
2016-05-30 05:00:00,85.0,Montrose Beach,1464584400,12.8,0.0,0.078,,MontroseBeach201605300500,12.8,0.0,0.078,4.0
2016-05-30 06:00:00,86.0,Montrose Beach,1464588000,12.8,0.0,0.079,,MontroseBeach201605300600,12.8,0.0,0.079,5.0
2016-05-30 07:00:00,87.0,Montrose Beach,1464591600,12.8,0.0,0.082,4.0,MontroseBeach201605300700,12.8,0.0,0.082,4.0
2016-05-30 08:00:00,88.0,Montrose Beach,1464595200,,0.0,0.1,4.0,MontroseBeach201605300800,13.0,0.0,0.1,4.0
2016-05-30 09:00:00,89.0,Montrose Beach,1464598800,13.4,0.0,0.091,4.0,MontroseBeach201605300900,13.4,0.0,0.091,4.0
2016-05-30 10:00:00,90.0,Montrose Beach,1464602400,14.1,0.0,0.096,4.0,MontroseBeach201605301000,14.1,0.0,0.096,4.0
2016-05-30 11:00:00,91.0,Montrose Beach,1464606000,14.3,,0.109,4.0,MontroseBeach201605301100,14.3,0.0,0.109,4.0
2016-05-30 12:00:00,92.0,Montrose Beach,1464609600,14.4,,0.141,5.0,MontroseBeach201605301200,14.4,0.0,0.141,5.0
2016-05-30 13:00:00,93.0,Montrose Beach,1464613200,15.6,0.0,0.18,4.0,MontroseBeach201605301300,15.6,0.0,0.18,4.0
2016-05-30 14:00:00,94.0,Montrose Beach,1464616800,16.6,0.0,0.155,3.0,MontroseBeach201605301400,16.6,0.0,0.155,3.0
2016-05-30 15:00:00,95.0,Montrose Beach,1464620400,15.8,0.0,0.172,5.0,MontroseBeach201605301500,15.8,0.0,0.172,5.0
2016-05-30 16:00:00,96.0,Montrose Beach,1464624000,15.0,0.0,0.157,,MontroseBeach201605301600,15.0,0.0,0.157,5.0
2016-05-30 17:00:00,97.0,Montrose Beach,1464627600,14.4,0.0,0.136,,MontroseBeach201605301700,14.4,0.0,0.136,3.0
2016-05-30 18:00:00,98.0,Montrose Beach,1464631200,14.4,0.0,0.161,,MontroseBeach201605301800,14.4,0.0,0.161,5.0
2016-05-30 19:00:00,99.0,Montrose Beach,1464634800,14.1,0.0,0.13,,MontroseBeach201605301900,14.1,0.0,0.13,6.0
2016-05-30 20:00:00,100.0,Montrose Beach,1464638400,15.0,,0.172,5.0,MontroseBeach201605302000,15.0,0.0,0.172,5.0
2016-05-30 21:00:00,101.0,Montrose Beach,1464642000,14.1,,0.096,4.0,MontroseBeach201605302100,14.1,0.0,0.096,4.0
2016-05-30 22:00:00,102.0,Montrose Beach,1464645600,13.9,,0.098,4.0,MontroseBeach201605302200,13.9,0.0,0.098,4.0
2016-05-30 23:00:00,103.0,Montrose Beach,1464649200,13.9,,0.116,,MontroseBeach201605302300,13.9,0.0,0.116,9.0
2016-05-31 00:00:00,104.0,Montrose Beach,1464652800,14.0,0.0,,8.0,MontroseBeach201605310000,14.0,0.0,0.113,8.0
2016-05-31 01:00:00,105.0,Montrose Beach,1464656400,14.1,0.0,,6.0,MontroseBeach201605310100,14.1,0.0,0.124,6.0
2016-05-31 02:00:00,106.0,Montrose Beach,1464660000,14.0,,,5.0,MontroseBeach201605310200,14.0,0.0,0.145,5.0
2016-05-31 03:00:00,107.0,Montrose Beach,1464663600,13.9,,0.128,2.0,MontroseBeach201605310300,13.9,0.0,0.128,2.0
2016-05-31 04:00:00,108.0,Montrose Beach,1464667200,13.9,,0.135,2.0,MontroseBeach201605310400,13.9,0.0,0.135,2.0
2016-05-31 05:00:00,109.0,Montrose Beach,1464670800,13.7,0.0,,2.0,MontroseBeach201605310500,13.7,0.0,0.134,2.0
2016-05-31 06:00:00,110.0,Montrose Beach,1464674400,14.0,0.0,,4.0,MontroseBeach201605310600,14.0,0.0,0.132,4.0
2016-05-31 07:00:00,111.0,Montrose Beach,1464678000,14.0,0.0,,2.0,MontroseBeach201605310700,14.0,0.0,0.112,2.0
2016-05-31 08:00:00,112.0,Montrose Beach,1464681600,14.2,0.0,,2.0,MontroseBeach201605310800,14.2,0.0,0.114,2.0
2016-05-31 09:00:00,113.0,Montrose Beach,1464685200,,0.0,0.144,4.0,MontroseBeach201605310900,14.4,0.0,0.144,4.0
2016-05-31 10:00:00,114.0,Montrose Beach,1464688800,14.8,0.0,0.147,,MontroseBeach201605311000,14.8,0.0,0.147,2.0
2016-05-31 11:00:00,115.0,Montrose Beach,1464692400,15.6,0.0,0.157,2.0,MontroseBeach201605311100,15.6,0.0,0.157,2.0
2016-05-31 12:00:00,116.0,Montrose Beach,1464696000,16.2,0.0,0.145,2.0,MontroseBeach201605311200,16.2,0.0,0.145,2.0
2016-05-31 13:00:00,117.0,Montrose Beach,1464699600,16.1,0.0,0.129,2.0,MontroseBeach201605311300,16.1,0.0,0.129,2.0
2016-05-31 14:00:00,118.0,Montrose Beach,1464703200,,0.0,0.141,2.0,MontroseBeach201605311400,16.4,0.0,0.141,2.0
2016-05-31 15:00:00,119.0,Montrose Beach,1464706800,17.1,0.08,0.177,2.0,MontroseBeach201605311500,17.1,0.08,0.177,2.0
2016-05-31 16:00:00,120.0,Montrose Beach,1464710400,16.1,0.0,0.163,2.0,MontroseBeach201605311600,16.1,0.0,0.163,2.0
2016-05-31 17:00:00,121.0,Montrose Beach,1464714000,,0.0,0.179,3.0,MontroseBeach201605311700,16.2,0.0,0.179,3.0
2016-05-31 18:00:00,122.0,Montrose Beach,1464717600,16.4,0.0,0.18,3.0,MontroseBeach201605311800,16.4,0.0,0.18,3.0
2016-05-31 19:00:00,123.0,Montrose Beach,1464721200,16.2,0.0,0.194,6.0,MontroseBeach201605311900,16.2,0.0,0.194,6.0
2016-05-31 20:00:00,124.0,Montrose Beach,1464724800,16.4,,,5.0,MontroseBeach201605312000,16.4,0.02,0.174,5.0
2016-05-31 21:00:00,125.0,Montrose Beach,1464728400,16.8,0.0,,3.0,MontroseBeach201605312100,16.8,0.0,0.186,3.0
2016-05-31 22:00:00,126.0,Montrose Beach,1464732000,,0.0,,,MontroseBeach201605312200,16.2,0.0,0.176,2.0
2016-05-31 23:00:00,127.0,Montrose Beach,1464735600,15.5,0.0,0.175,2.0,MontroseBeach201605312300,15.5,0.0,0.175,2.0
2016-06-01 00:00:00,128.0,Montrose Beach,1464739200,15.2,,,,MontroseBeach201606010000,15.2,0.0,0.215,7.0
2016-06-01 01:00:00,129.0,Montrose Beach,1464742800,,,0.213,3.0,MontroseBeach201606010100,14.7,0.0,0.213,3.0
2016-06-01 02:00:00,130.0,Montrose Beach,1464746400,14.8,0.0,0.223,2.0,MontroseBeach201606010200,14.8,0.0,0.223,2.0
2016-06-01 03:00:00,131.0,Montrose Beach,1464750000,14.9,0.0,0.212,5.0,MontroseBeach201606010300,14.9,0.0,0.212,5.0
2016-06-01 04:00:00,132.0,Montrose Beach,1464753600,,0.0,0.211,4.0,MontroseBeach201606010400,14.7,0.0,0.211,4.0
2016-06-01 05:00:00,133.0,Montrose Beach,1464757200,,0.0,0.204,4.0,MontroseBeach201606010500,14.7,0.0,0.204,4.0
2016-06-01 06:00:00,134.0,Montrose Beach,1464760800,14.3,0.0,0.201,5.0,MontroseBeach201606010600,14.3,0.0,0.201,5.0
2016-06-01 07:00:00,135.0,Montrose Beach,1464764400,14.4,0.0,0.19,5.0,MontroseBeach201606010700,14.4,0.0,0.19,5.0
2016-06-01 08:00:00,136.0,Montrose Beach,1464768000,14.5,0.0,0.212,5.0,MontroseBeach201606010800,14.5,0.0,0.212,5.0
2016-06-01 09:00:00,137.0,Montrose Beach,1464771600,14.5,0.0,0.19,5.0,MontroseBeach201606010900,14.5,0.0,0.19,5.0
2016-06-01 10:00:00,138.0,Montrose Beach,1464775200,14.6,0.0,0.182,5.0,MontroseBeach201606011000,14.6,0.0,0.182,5.0
2016-06-01 11:00:00,139.0,Montrose Beach,1464778800,14.4,0.0,0.171,5.0,MontroseBeach201606011100,14.4,0.0,0.171,5.0
2016-06-01 12:00:00,140.0,Montrose Beach,1464782400,14.5,0.0,0.177,4.0,MontroseBeach201606011200,14.5,0.0,0.177,4.0
2016-06-01 13:00:00,141.0,Montrose Beach,1464786000,14.9,0.0,0.186,4.0,MontroseBeach201606011300,14.9,0.0,0.186,4.0
2016-06-01 14:00:00,142.0,Montrose Beach,1464789600,,0.0,0.188,3.0,MontroseBeach201606011400,15.2,0.0,0.188,3.0
2016-06-01 15:00:00,143.0,Montrose Beach,1464793200,15.6,0.0,0.174,4.0,MontroseBeach201606011500,15.6,0.0,0.174,4.0
2016-06-01 16:00:00,144.0,Montrose Beach,1464796800,15.7,0.0,,5.0,MontroseBeach201606011600,15.7,0.0,0.16,5.0
2016-06-01 17:00:00,145.0,Montrose Beach,1464800400,15.4,0.0,,4.0,MontroseBeach201606011700,15.4,0.0,0.177,4.0
2016-06-01 18:00:00,146.0,Montrose Beach,1464804000,15.6,0.0,,7.0,MontroseBeach201606011800,15.6,0.0,0.183,7.0
2016-06-01 19:00:00,147.0,Montrose Beach,1464807600,14.8,0.0,0.171,4.0,MontroseBeach201606011900,14.8,0.0,0.171,4.0
2016-06-01 20:00:00,148.0,Montrose Beach,1464811200,15.1,0.0,0.153,4.0,MontroseBeach201606012000,15.1,0.0,0.153,4.0
2016-06-01 21:00:00,149.0,Montrose Beach,1464814800,15.2,0.0,0.141,4.0,MontroseBeach201606012100,15.2,0.0,0.141,4.0
2016-06-01 22:00:00,150.0,Montrose Beach,1464818400,14.7,0.0,0.137,10.0,MontroseBeach201606012200,14.7,0.0,0.137,10.0
2016-06-01 23:00:00,151.0,Montrose Beach,1464822000,14.3,0.0,0.126,4.0,MontroseBeach201606012300,14.3,0.0,0.126,4.0
2016-06-02 00:00:00,152.0,Montrose Beach,1464825600,,0.0,0.116,3.0,MontroseBeach201606020000,14.0,0.0,0.116,3.0
2016-06-02 01:00:00,153.0,Montrose Beach,1464829200,,0.0,0.111,7.0,MontroseBeach201606020100,14.1,0.0,0.111,7.0
2016-06-02 02:00:00,154.0,Montrose Beach,1464832800,14.1,0.0,0.103,6.0,MontroseBeach201606020200,14.1,0.0,0.103,6.0
2016-06-02 03:00:00,155.0,Montrose Beach,1464836400,14.0,0.0,0.087,5.0,MontroseBeach201606020300,14.0,0.0,0.087,5.0
2016-06-02 04:00:00,156.0,Montrose Beach,1464840000,13.9,0.0,0.09,4.0,MontroseBeach201606020400,13.9,0.0,0.09,4.0
2016-06-02 05:00:00,,Montrose Beach,1464843600,14.012500000000001,0.0,0.08975,3.875,MontroseBeach201606020500,14.012500000000001,0.0,0.08975,3.875
2016-06-02 06:00:00,,Montrose Beach,1464847200,14.125,0.0,0.0895,,MontroseBeach201606020600,14.125,0.0,0.0895,3.75
2016-06-02 07:00:00,,Montrose Beach,1464850800,,0.0,0.08925,,MontroseBeach201606020700,14.2375,0.0,0.08925,3.625
2016-06-02 08:00:00,,Montrose Beach,1464854400,14.350000000000001,0.0,0.089,,MontroseBeach201606020800,14.350000000000001,0.0,0.089,3.5
2016-06-02 09:00:00,,Montrose Beach,1464858000,14.4625,0.0,0.08875,3.375,MontroseBeach201606020900,14.4625,0.0,0.08875,3.375
2016-06-02 10:00:00,,Montrose Beach,1464861600,14.575000000000001,0.0,0.0885,3.25,MontroseBeach201606021000,14.575000000000001,0.0,0.0885,3.25
2016-06-02 11:00:00,,Montrose Beach,1464865200,14.6875,,0.08825,3.125,MontroseBeach201606021100,14.6875,0.0,0.08825,3.125
2016-06-02 12:00:00,157.0,Montrose Beach,1464868800,14.8,0.0,0.088,3.0,MontroseBeach201606021200,14.8,0.0,0.088,3.0
2016-06-02 13:00:00,159.0,Montrose Beach,1464872400,15.2,0.0,0.105,4.0,MontroseBeach201606021300,15.2,0.0,0.105,4.0
2016-06-02 14:00:00,162.0,Montrose Beach,1464876000,15.4,0.0,0.096,4.0,MontroseBeach201606021400,15.4,0.0,0.096,4.0
2016-06-02 15:00:00,163.0,Montrose Beach,1464879600,15.8,0.0,0.104,4.0,MontroseBeach201606021500,15.8,0.0,0.104,4.0
2016-06-02 16:00:00,165.0,Montrose Beach,1464883200,16.5,0.0,,8.0,MontroseBeach201606021600,16.5,0.0,0.093,8.0
2016-06-02 17:00:00,167.0,Montrose Beach,1464886800,16.6,0.0,,9.0,MontroseBeach201606021700,16.6,0.0,0.102,9.0
2016-06-02 18:00:00,170.0,Montrose Beach,1464890400,16.2,0.0,,7.0,MontroseBeach201606021800,16.2,0.0,0.101,7.0
2016-06-02 19:00:00,171.0,Montrose Beach,1464894000,,0.0,,6.0,MontroseBeach201606021900,16.0,0.0,0.118,6.0
2016-06-02 20:00:00,174.0,Montrose Beach,1464897600,15.6,0.0,,5.0,MontroseBeach201606022000,15.6,0.0,0.1,5.0
2016-06-02 21:00:00,175.0,Montrose Beach,1464901200,15.5,0.0,0.102,5.0,MontroseBeach201606022100,15.5,0.0,0.102,5.0
2016-06-02 22:00:00,178.0,Montrose Beach,1464904800,15.8,0.0,0.205,2.0,MontroseBeach201606022200,15.8,0.0,0.205,2.0
2016-06-02 23:00:00,179.0,Montrose Beach,1464908400,16.0,0.0,0.217,3.0,MontroseBeach201606022300,16.0,0.0,0.217,3.0
2016-06-03 00:00:00,182.0,Montrose Beach,1464912000,16.3,0.0,0.224,3.0,MontroseBeach201606030000,16.3,0.0,0.224,3.0
2016-06-03 01:00:00,183.0,Montrose Beach,1464915600,16.2,0.0,0.212,3.0,MontroseBeach201606030100,16.2,0.0,0.212,3.0
2016-06-03 02:00:00,185.0,Montrose Beach,1464919200,15.7,0.0,0.187,2.0,MontroseBeach201606030200,15.7,0.0,0.187,2.0
2016-06-03 03:00:00,187.0,Montrose Beach,1464922800,15.7,0.0,0.172,5.0,MontroseBeach201606030300,15.7,0.0,0.172,5.0
2016-06-03 04:00:00,190.0,Montrose Beach,1464926400,15.6,0.0,0.148,2.0,MontroseBeach201606030400,15.6,0.0,0.148,2.0
2016-06-03 05:00:00,191.0,Montrose Beach,1464930000,15.6,,0.145,2.0,MontroseBeach201606030500,15.6,0.0,0.145,2.0
2016-06-03 06:00:00,193.0,Montrose Beach,1464933600,15.5,0.0,0.145,2.0,MontroseBeach201606030600,15.5,0.0,0.145,2.0
2016-06-03 07:00:00,196.0,Montrose Beach,1464937200,15.4,0.0,0.143,2.0,MontroseBeach201606030700,15.4,0.0,0.143,2.0
2016-06-03 08:00:00,198.0,Montrose Beach,1464940800,15.5,0.0,0.131,2.0,MontroseBeach201606030800,15.5,0.0,0.131,2.0
2016-06-03 09:00:00,,Montrose Beach,1464944400,,0.0,0.13466666666666666,3.333333333333333,MontroseBeach201606030900,15.566666666666666,0.0,0.13466666666666666,3.333333333333333
2016-06-03 10:00:00,,Montrose Beach,1464948000,15.633333333333333,0.0,0.13833333333333334,,MontroseBeach201606031000,15.633333333333333,0.0,0.13833333333333334,4.666666666666666
2016-06-03 11:00:00,201.0,Montrose Beach,1464951600,15.7,0.0,0.142,,MontroseBeach201606031100,15.7,0.0,0.142,6.0
2016-06-03 12:00:00,202.0,Montrose Beach,1464955200,16.0,0.0,0.102,,MontroseBeach201606031200,16.0,0.0,0.102,3.0
2016-06-03 13:00:00,205.0,Montrose Beach,1464958800,16.2,0.0,0.117,,MontroseBeach201606031300,16.2,0.0,0.117,3.0
2016-06-03 14:00:00,206.0,Montrose Beach,1464962400,16.2,0.0,0.109,,MontroseBeach201606031400,16.2,0.0,0.109,7.0
2016-06-03 15:00:00,209.0,Montrose Beach,1464966000,16.2,0.0,0.124,6.0,MontroseBeach201606031500,16.2,0.0,0.124,6.0
2016-06-03 16:00:00,210.0,Montrose Beach,1464969600,16.0,,0.137,3.0,MontroseBeach201606031600,16.0,0.0,0.137,3.0
2016-06-03 17:00:00,213.0,Montrose Beach,1464973200,15.7,,0.142,3.0,MontroseBeach201606031700,15.7,0.0,0.142,3.0
2016-06-03 18:00:00,214.0,Montrose Beach,1464976800,15.6,0.0,0.153,7.0,MontroseBeach201606031800,15.6,0.0,0.153,7.0
2016-06-03 19:00:00,217.0,Montrose Beach,1464980400,14.6,0.0,0.153,6.0,MontroseBeach201606031900,14.6,0.0,0.153,6.0
2016-06-03 20:00:00,218.0,Montrose Beach,1464984000,,,0.154,,MontroseBeach201606032000,13.7,0.0,0.154,3.0
2016-06-03 21:00:00,220.0,Montrose Beach,1464987600,13.3,,0.181,,MontroseBeach201606032100,13.3,0.0,0.181,4.0
2016-06-03 22:00:00,223.0,Montrose Beach,1464991200,13.4,,0.14,,MontroseBeach201606032200,13.4,0.0,0.14,3.0
2016-06-03 23:00:00,225.0,Montrose Beach,1464994800,12.8,,0.133,,MontroseBeach201606032300,12.8,0.0,0.133,4.0
2016-06-04 00:00:00,226.0,Montrose Beach,1464998400,12.5,0.0,0.133,,MontroseBeach201606040000,12.5,0.0,0.133,8.0
2016-06-04 01:00:00,229.0,Montrose Beach,1465002000,,0.0,0.129,6.0,MontroseBeach201606040100,12.3,0.0,0.129,6.0
2016-06-04 02:00:00,230.0,Montrose Beach,1465005600,,0.0,0.127,6.0,MontroseBeach201606040200,12.2,0.0,0.127,6.0
2016-06-04 03:00:00,232.0,Montrose Beach,1465009200,,,0.121,,MontroseBeach201606040300,12.1,0.01,0.121,5.0
2016-06-04 04:00:00,234.0,Montrose Beach,1465012800,,0.0,0.128,3.0,MontroseBeach201606040400,12.1,0.0,0.128,3.0
2016-06-04 05:00:00,237.0,Montrose Beach,1465016400,,0.0,0.113,4.0,MontroseBeach201606040500,12.4,0.0,0.113,4.0
2016-06-04 06:00:00,239.0,Montrose Beach,1465020000,12.2,0.0,0.104,,MontroseBeach201606040600,12.2,0.0,0.104,3.0
2016-06-04 07:00:00,240.0,Montrose Beach,1465023600,12.4,0.0,0.099,2.0,MontroseBeach201606040700,12.4,0.0,0.099,2.0
2016-06-04 08:00:00,243.0,Montrose Beach,1465027200,12.5,0.0,0.1,2.0,MontroseBeach201606040800,12.5,0.0,0.1,2.0
2016-06-04 09:00:00,244.0,Montrose Beach,1465030800,12.8,0.0,0.125,4.0,MontroseBeach201606040900,12.8,0.0,0.125,4.0
2016-06-04 10:00:00,247.0,Montrose Beach,1465034400,12.3,0.0,0.096,4.0,MontroseBeach201606041000,12.3,0.0,0.096,4.0
2016-06-04 11:00:00,,Montrose Beach,1465038000,12.200000000000001,0.0,0.11075,4.0,MontroseBeach201606041100,12.200000000000001,0.0,0.11075,4.0
2016-06-04 12:00:00,,Montrose Beach,1465041600,12.100000000000001,0.0,0.1255,4.0,MontroseBeach201606041200,12.100000000000001,0.0,0.1255,4.0
2016-06-04 13:00:00,,Montrose Beach,1465045200,12.0,0.0,0.14024999999999999,4.0,MontroseBeach201606041300,12.0,0.0,0.14024999999999999,4.0
2016-06-04 14:00:00,250.0,Montrose Beach,1465048800,11.9,0.0,0.155,4.0,MontroseBeach201606041400,11.9,0.0,0.155,4.0
2016-06-04 15:00:00,253.0,Montrose Beach,1465052400,,0.0,0.098,,MontroseBeach201606041500,11.7,0.0,0.098,4.0
2016-06-04 16:00:00,255.0,Montrose Beach,1465056000,,0.0,0.096,,MontroseBeach201606041600,12.4,0.0,0.096,9.0
2016-06-04 17:00:00,256.0,Montrose Beach,1465059600,,0.0,0.095,,MontroseBeach201606041700,12.1,0.0,0.095,3.0
2016-06-04 18:00:00,258.0,Montrose Beach,1465063200,,0.0,0.115,7.0,MontroseBeach201606041800,12.1,0.0,0.115,7.0
2016-06-04 19:00:00,261.0,Montrose Beach,1465066800,,0.0,0.117,6.0,MontroseBeach201606041900,11.9,0.0,0.117,6.0
2016-06-04 20:00:00,262.0,Montrose Beach,1465070400,11.7,0.0,0.109,5.0,MontroseBeach201606042000,11.7,0.0,0.109,5.0
2016-06-04 21:00:00,265.0,Montrose Beach,1465074000,12.0,0.0,0.107,4.0,MontroseBeach201606042100,12.0,0.0,0.107,4.0
2016-06-04 22:00:00,266.0,Montrose Beach,1465077600,11.7,0.0,0.106,4.0,MontroseBeach201606042200,11.7,0.0,0.106,4.0
2016-06-04 23:00:00,268.0,Montrose Beach,1465081200,11.5,0.0,0.116,9.0,MontroseBeach201606042300,11.5,0.0,0.116,9.0
2016-06-05 00:00:00,271.0,Montrose Beach,1465084800,,0.0,,4.0,MontroseBeach201606050000,11.4,0.0,0.103,4.0
2016-06-05 01:00:00,,Montrose Beach,1465088400,11.4,0.0,0.09799999999999999,4.0,MontroseBeach201606050100,11.4,0.0,0.09799999999999999,4.0
2016-06-05 02:00:00,,Montrose Beach,1465092000,11.4,0.0,0.093,4.0,MontroseBeach201606050200,11.4,0.0,0.093,4.0
2016-06-05 03:00:00,274.0,Montrose Beach,1465095600,11.4,,0.088,4.0,MontroseBeach201606050300,11.4,0.0,0.088,4.0
2016-06-05 04:00:00,275.0,Montrose Beach,1465099200,11.4,,0.093,3.0,MontroseBeach201606050400,11.4,0.0,0.093,3.0
2016-06-05 05:00:00,278.0,Montrose Beach,1465102800,11.4,,0.083,4.0,MontroseBeach201606050500,11.4,0.0,0.083,4.0
2016-06-05 06:00:00,279.0,Montrose Beach,1465106400,11.4,,0.079,4.0,MontroseBeach201606050600,11.4,0.0,0.079,4.0
2016-06-05 07:00:00,281.0,Montrose Beach,1465110000,11.4,,0.082,3.0,MontroseBeach201606050700,11.4,0.0,0.082,3.0
2016-06-05 08:00:00,283.0,Montrose Beach,1465113600,11.5,0.0,0.095,6.0,MontroseBeach201606050800,11.5,0.0,0.095,6.0
2016-06-05 09:00:00,,Montrose Beach,1465117200,11.55,0.0,0.1265,4.0,MontroseBeach201606050900,11.55,0.0,0.1265,4.0
2016-06-05 10:00:00,286.0,Montrose Beach,1465120800,11.6,0.0,0.158,2.0,MontroseBeach201606051000,11.6,0.0,0.158,2.0
2016-06-05 11:00:00,288.0,Montrose Beach,1465124400,11.9,,0.196,3.0,MontroseBeach201606051100,11.9,0.0,0.196,3.0
2016-06-05 12:00:00,289.0,Montrose Beach,1465128000,12.1,0.0,0.209,3.0,MontroseBeach201606051200,12.1,0.0,0.209,3.0
2016-06-05 13:00:00,292.0,Montrose Beach,1465131600,12.2,0.0,0.205,3.0,MontroseBeach201606051300,12.2,0.0,0.205,3.0
2016-06-05 14:00:00,294.0,Montrose Beach,1465135200,12.4,0.0,0.218,3.0,MontroseBeach201606051400,12.4,0.0,0.218,3.0
2016-06-05 15:00:00,296.0,Montrose Beach,1465138800,12.6,0.0,0.208,3.0,MontroseBeach201606051500,12.6,0.0,0.208,3.0
2016-06-05 16:00:00,297.0,Montrose Beach,1465142400,12.8,0.0,0.202,3.0,MontroseBeach201606051600,12.8,0.0,0.202,3.0
2016-06-05 17:00:00,299.0,Montrose Beach,1465146000,12.9,,0.2,3.0,MontroseBeach201606051700,12.9,0.0,0.2,3.0
2016-06-05 18:00:00,302.0,Montrose Beach,1465149600,12.9,0.0,0.188,,MontroseBeach201606051800,12.9,0.0,0.188,3.0
2016-06-05 19:00:00,303.0,Montrose Beach,1465153200,12.9,0.0,0.184,3.0,MontroseBeach201606051900,12.9,0.0,0.184,3.0
2016-06-05 20:00:00,306.0,Montrose Beach,1465156800,,0.0,0.182,3.0,MontroseBeach201606052000,12.8,0.0,0.182,3.0
2016-06-05 21:00:00,307.0,Montrose Beach,1465160400,12.8,0.0,0.181,3.0,MontroseBeach201606052100,12.8,0.0,0.181,3.0
2016-06-05 22:00:00,309.0,Montrose Beach,1465164000,12.8,0.0,0.216,3.0,MontroseBeach201606052200,12.8,0.0,0.216,3.0
2016-06-05 23:00:00,312.0,Montrose Beach,1465167600,13.2,,0.259,3.0,MontroseBeach201606052300,13.2,0.0,0.259,3.0
2016-06-06 00:00:00,314.0,Montrose Beach,1465171200,12.9,,0.264,3.0,MontroseBeach201606060000,12.9,0.0,0.264,3.0
2016-06-06 01:00:00,315.0,Montrose Beach,1465174800,13.0,,0.226,6.0,MontroseBeach201606060100,13.0,0.0,0.226,6.0
2016-06-06 02:00:00,318.0,Montrose Beach,1465178400,12.7,,0.234,4.0,MontroseBeach201606060200,12.7,0.0,0.234,4.0
2016-06-06 03:00:00,319.0,Montrose Beach,1465182000,12.8,,0.222,4.0,MontroseBeach201606060300,12.8,0.0,0.222,4.0
2016-06-06 04:00:00,321.0,Montrose Beach,1465185600,12.7,0.0,0.192,4.0,MontroseBeach201606060400,12.7,0.0,0.192,4.0
2016-06-06 05:00:00,324.0,Montrose Beach,1465189200,12.7,0.0,0.18,4.0,MontroseBeach201606060500,12.7,0.0,0.18,4.0
2016-06-06 06:00:00,325.0,Montrose Beach,1465192800,12.7,0.0,0.17,4.0,MontroseBeach201606060600,12.7,0.0,0.17,4.0
2016-06-06 07:00:00,327.0,Montrose Beach,1465196400,12.8,0.0,0.159,4.0,MontroseBeach201606060700,12.8,0.0,0.159,4.0
2016-06-06 08:00:00,330.0,Montrose Beach,1465200000,12.9,0.0,0.173,4.0,MontroseBeach201606060800,12.9,0.0,0.173,4.0
2016-06-06 09:00:00,331.0,Montrose Beach,1465203600,13.2,0.0,0.129,4.0,MontroseBeach201606060900,13.2,0.0,0.129,4.0
2016-06-06 10:00:00,333.0,Montrose Beach,1465207200,13.3,0.0,0.133,6.0,MontroseBeach201606061000,13.3,0.0,0.133,6.0
2016-06-06 11:00:00,335.0,Montrose Beach,1465210800,13.6,,0.122,4.0,MontroseBeach201606061100,13.6,0.0,0.122,4.0
2016-06-06 12:00:00,338.0,Montrose Beach,1465214400,13.8,0.0,0.117,,MontroseBeach201606061200,13.8,0.0,0.117,4.0
2016-06-06 13:00:00,340.0,Montrose Beach,1465218000,,0.0,,,MontroseBeach201606061300,13.8,0.0,0.118,4.0
2016-06-06 14:00:00,341.0,Montrose Beach,1465221600,,0.0,,,MontroseBeach201606061400,13.6,0.0,0.156,2.0
2016-06-06 15:00:00,343.0,Montrose Beach,1465225200,,0.0,,,MontroseBeach201606061500,13.8,0.0,0.194,3.0
2016-06-06 16:00:00,345.0,Montrose Beach,1465228800,13.8,0.0,,3.0,MontroseBeach201606061600,13.8,0.0,0.2,3.0
2016-06-06 17:00:00,348.0,Montrose Beach,1465232400,13.8,0.0,0.245,3.0,MontroseBeach201606061700,13.8,0.0,0.245,3.0
2016-06-06 18:00:00,349.0,Montrose Beach,1465236000,13.6,,0.256,3.0,MontroseBeach201606061800,13.6,0.0,0.256,3.0
2016-06-06 19:00:00,351.0,Montrose Beach,1465239600,,,0.261,3.0,MontroseBeach201606061900,13.7,0.0,0.261,3.0
2016-06-06 20:00:00,353.0,Montrose Beach,1465243200,,,0.233,,MontroseBeach201606062000,13.7,0.0,0.233,4.0
2016-06-06 21:00:00,356.0,Montrose Beach,1465246800,,,0.215,3.0,MontroseBeach201606062100,13.6,0.0,0.215,3.0
2016-06-06 22:00:00,358.0,Montrose Beach,1465250400,13.6,,0.249,4.0,MontroseBeach201606062200,13.6,0.0,0.249,4.0
2016-06-06 23:00:00,359.0,Montrose Beach,1465254000,13.6,0.0,0.28,3.0,MontroseBeach201606062300,13.6,0.0,0.28,3.0
2016-06-07 00:00:00,361.0,Montrose Beach,1465257600,13.5,0.0,0.289,6.0,MontroseBeach201606070000,13.5,0.0,0.289,6.0
2016-06-07 01:00:00,364.0,Montrose Beach,1465261200,13.5,0.0,0.277,3.0,MontroseBeach201606070100,13.5,0.0,0.277,3.0
2016-06-07 02:00:00,366.0,Montrose Beach,1465264800,13.4,0.0,0.259,4.0,MontroseBeach201606070200,13.4,0.0,0.259,4.0
2016-06-07 03:00:00,368.0,Montrose Beach,1465268400,13.2,0.0,0.258,4.0,MontroseBeach201606070300,13.2,0.0,0.258,4.0
2016-06-07 04:00:00,369.0,Montrose Beach,1465272000,12.9,0.0,0.286,4.0,MontroseBeach201606070400,12.9,0.0,0.286,4.0
2016-06-07 05:00:00,372.0,Montrose Beach,1465275600,13.0,0.0,0.287,5.0,MontroseBeach201606070500,13.0,0.0,0.287,5.0
2016-06-07 06:00:00,374.0,Montrose Beach,1465279200,13.2,0.0,0.35,3.0,MontroseBeach201606070600,13.2,0.0,0.35,3.0
2016-06-07 07:00:00,376.0,Montrose Beach,1465282800,13.2,0.08,0.351,4.0,MontroseBeach201606070700,13.2,0.08,0.351,4.0
2016-06-07 08:00:00,377.0,Montrose Beach,1465286400,13.1,0.0,,4.0,MontroseBeach201606070800,13.1,0.0,0.357,4.0
2016-06-07 09:00:00,379.0,Montrose Beach,1465290000,13.4,0.0,0.358,,MontroseBeach201606070900,13.4,0.0,0.358,5.0
2016-06-07 10:00:00,382.0,Montrose Beach,1465293600,13.5,0.0,0.334,5.0,MontroseBeach201606071000,13.5,0.0,0.334,5.0
2016-06-07 11:00:00,,Montrose Beach,1465297200,,0.005,0.36400000000000005,5.0,MontroseBeach201606071100,13.7,0.005,0.36400000000000005,5.0
2016-06-07 12:00:00,383.0,Montrose Beach,1465300800,13.9,,0.394,,MontroseBeach201606071200,13.9,0.01,0.394,5.0
2016-06-07 13:00:00,386.0,Montrose Beach,1465304400,14.1,,0.388,,MontroseBeach201606071300,14.1,0.0,0.388,5.0
2016-06-07 14:00:00,,Montrose Beach,1465308000,14.2,,0.386,,MontroseBeach201606071400,14.2,0.005,0.386,5.0
2016-06-07 15:00:00,388.0,Montrose Beach,1465311600,14.3,,0.384,5.0,MontroseBeach201606071500,14.3,0.01,0.384,5.0
2016-06-07 16:00:00,391.0,Montrose Beach,1465315200,14.7,5.46,0.38,5.0,MontroseBeach201606071600,14.7,5.46,0.38,5.0
2016-06-07 17:00:00,392.0,Montrose Beach,1465318800,14.7,0.0,0.4,5.0,MontroseBeach201606071700,14.7,0.0,0.4,5.0
2016-06-07 18:00:00,394.0,Montrose Beach,1465322400,14.7,0.0,0.379,5.0,MontroseBeach201606071800,14.7,0.0,0.379,5.0
2016-06-07 19:00:00,396.0,Montrose Beach,1465326000,14.7,0.0,0.345,5.0,MontroseBeach201606071900,14.7,0.0,0.345,5.0
2016-06-07 20:00:00,398.0,Montrose Beach,1465329600,,0.0,0.312,5.0,MontroseBeach201606072000,14.7,0.0,0.312,5.0
2016-06-07 21:00:00,401.0,Montrose Beach,1465333200,14.6,0.0,0.302,5.0,MontroseBeach201606072100,14.6,0.0,0.302,5.0
2016-06-07 22:00:00,403.0,Montrose Beach,1465336800,14.6,0.0,0.297,6.0,MontroseBeach201606072200,14.6,0.0,0.297,6.0
2016-06-07 23:00:00,,Montrose Beach,1465340400,14.6,0.0,0.2895,6.0,MontroseBeach201606072300,14.6,0.0,0.2895,6.0
2016-06-08 00:00:00,405.0,Montrose Beach,1465344000,14.6,0.0,0.282,6.0,MontroseBeach201606080000,14.6,0.0,0.282,6.0
2016-06-08 01:00:00,408.0,Montrose Beach,1465347600,14.6,0.0,0.284,6.0,MontroseBeach201606080100,14.6,0.0,0.284,6.0
2016-06-08 02:00:00,409.0,Montrose Beach,1465351200,14.6,0.0,0.251,6.0,MontroseBeach201606080200,14.6,0.0,0.251,6.0
2016-06-08 03:00:00,412.0,Montrose Beach,1465354800,14.6,0.0,,5.0,MontroseBeach201606080300,14.6,0.0,0.251,5.0
2016-06-08 04:00:00,413.0,Montrose Beach,1465358400,14.6,0.0,0.237,5.0,MontroseBeach201606080400,14.6,0.0,0.237,5.0
2016-06-08 05:00:00,416.0,Montrose Beach,1465362000,14.5,,,5.0,MontroseBeach201606080500,14.5,0.0,0.225,5.0
2016-06-08 06:00:00,417.0,Montrose Beach,1465365600,14.3,0.0,,5.0,MontroseBeach201606080600,14.3,0.0,0.237,5.0
2016-06-08 07:00:00,420.0,Montrose Beach,1465369200,14.4,0.0,,5.0,MontroseBeach201606080700,14.4,0.0,0.242,5.0
2016-06-08 08:00:00,421.0,Montrose Beach,1465372800,14.6,0.0,,5.0,MontroseBeach201606080800,14.6,0.0,0.267,5.0
2016-06-08 09:00:00,424.0,Montrose Beach,1465376400,14.7,0.03,,5.0,MontroseBeach201606080900,14.7,0.03,0.306,5.0
2016-06-08 10:00:00,425.0,Montrose Beach,1465380000,15.1,0.0,,4.0,MontroseBeach201606081000,15.1,0.0,0.314,4.0
2016-06-08 11:00:00,428.0,Montrose Beach,1465383600,15.4,0.01,,3.0,MontroseBeach201606081100,15.4,0.01,0.336,3.0
2016-06-08 12:00:00,429.0,Montrose Beach,1465387200,15.6,0.0,,3.0,MontroseBeach201606081200,15.6,0.0,0.309,3.0
2016-06-08 13:00:00,432.0,Montrose Beach,1465390800,15.9,0.0,,4.0,MontroseBeach201606081300,15.9,0.0,0.31,4.0
2016-06-08 14:00:00,433.0,Montrose Beach,1465394400,16.2,0.0,0.316,4.0,MontroseBeach201606081400,16.2,0.0,0.316,4.0
2016-06-08 15:00:00,436.0,Montrose Beach,1465398000,16.4,0.0,0.303,4.0,MontroseBeach201606081500,16.4,0.0,0.303,4.0
2016-06-08 16:00:00,437.0,Montrose Beach,1465401600,16.6,0.08,0.3,4.0,MontroseBeach201606081600,16.6,0.08,0.3,4.0
2016-06-08 17:00:00,440.0,Montrose Beach,1465405200,17.0,0.0,0.289,3.0,MontroseBeach201606081700,17.0,0.0,0.289,3.0
2016-06-08 18:00:00,441.0,Montrose Beach,1465408800,17.4,0.0,0.292,5.0,MontroseBeach201606081800,17.4,0.0,0.292,5.0
2016-06-08 19:00:00,443.0,Montrose Beach,1465412400,17.1,0.0,0.296,3.0,MontroseBeach201606081900,17.1,0.0,0.296,3.0
2016-06-08 20:00:00,446.0,Montrose Beach,1465416000,,0.0,,4.0,MontroseBeach201606082000,16.8,0.0,0.28,4.0
2016-06-08 21:00:00,447.0,Montrose Beach,1465419600,16.4,0.0,0.293,5.0,MontroseBeach201606082100,16.4,0.0,0.293,5.0
2016-06-08 22:00:00,450.0,Montrose Beach,1465423200,16.2,,0.276,5.0,MontroseBeach201606082200,16.2,0.0,0.276,5.0
2016-06-08 23:00:00,451.0,Montrose Beach,1465426800,16.0,0.0,0.286,4.0,MontroseBeach201606082300,16.0,0.0,0.286,4.0
2016-06-09 00:00:00,454.0,Montrose Beach,1465430400,15.8,0.0,0.287,5.0,MontroseBeach201606090000,15.8,0.0,0.287,5.0
2016-06-09 01:00:00,455.0,Montrose Beach,1465434000,15.6,0.0,0.29,4.0,MontroseBeach201606090100,15.6,0.0,0.29,4.0
2016-06-09 02:00:00,458.0,Montrose Beach,1465437600,15.6,0.0,,4.0,MontroseBeach201606090200,15.6,0.0,0.288,4.0
2016-06-09 03:00:00,459.0,Montrose Beach,1465441200,15.5,0.0,,5.0,MontroseBeach201606090300,15.5,0.0,0.285,5.0
2016-06-09 04:00:00,461.0,Montrose Beach,1465444800,15.4,0.0,,5.0,MontroseBeach201606090400,15.4,0.0,0.261,5.0
2016-06-09 05:00:00,464.0,Montrose Beach,1465448400,15.4,0.0,0.238,5.0,MontroseBeach201606090500,15.4,0.0,0.238,5.0
2016-06-09 06:00:00,465.0,Montrose Beach,1465452000,15.4,0.0,0.218,4.0,MontroseBeach201606090600,15.4,0.0,0.218,4.0
2016-06-09 07:00:00,468.0,Montrose Beach,1465455600,15.4,0.0,0.202,4.0,MontroseBeach201606090700,15.4,0.0,0.202,4.0
2016-06-09 08:00:00,469.0,Montrose Beach,1465459200,15.3,,0.191,5.0,MontroseBeach201606090800,15.3,0.0,0.191,5.0
2016-06-09 09:00:00,472.0,Montrose Beach,1465462800,,0.0,0.182,5.0,MontroseBeach201606090900,15.4,0.0,0.182,5.0
2016-06-09 10:00:00,473.0,Montrose Beach,1465466400,15.6,0.0,0.173,5.0,MontroseBeach201606091000,15.6,0.0,0.173,5.0
2016-06-09 11:00:00,475.0,Montrose Beach,1465470000,15.6,0.0,0.18,4.0,MontroseBeach201606091100,15.6,0.0,0.18,4.0
2016-06-09 12:00:00,477.0,Montrose Beach,1465473600,15.7,0.0,0.154,5.0,MontroseBeach201606091200,15.7,0.0,0.154,5.0
2016-06-09 13:00:00,480.0,Montrose Beach,1465477200,15.7,0.0,0.154,5.0,MontroseBeach201606091300,15.7,0.0,0.154,5.0
2016-06-09 14:00:00,481.0,Montrose Beach,1465480800,,0.0,0.129,,MontroseBeach201606091400,15.8,0.0,0.129,4.0
2016-06-09 15:00:00,483.0,Montrose Beach,1465484400,,0.0,0.121,4.0,MontroseBeach201606091500,15.8,0.0,0.121,4.0
2016-06-09 16:00:00,486.0,Montrose Beach,1465488000,,0.0,0.114,9.0,MontroseBeach201606091600,15.8,0.0,0.114,9.0
2016-06-09 17:00:00,488.0,Montrose Beach,1465491600,,0.0,0.118,4.0,MontroseBeach201606091700,15.9,0.0,0.118,4.0
2016-06-09 18:00:00,489.0,Montrose Beach,1465495200,,0.0,,3.0,MontroseBeach201606091800,16.2,0.0,0.128,3.0
2016-06-09 19:00:00,491.0,Montrose Beach,1465498800,,0.0,,4.0,MontroseBeach201606091900,16.2,0.0,0.104,4.0
2016-06-09 20:00:00,494.0,Montrose Beach,1465502400,,,,,MontroseBeach201606092000,16.3,0.0,0.115,5.0
2016-06-09 21:00:00,495.0,Montrose Beach,1465506000,16.0,0.0,0.157,,MontroseBeach201606092100,16.0,0.0,0.157,3.0
2016-06-09 22:00:00,498.0,Montrose Beach,1465509600,15.9,0.0,0.195,,MontroseBeach201606092200,15.9,0.0,0.195,3.0
2016-06-09 23:00:00,499.0,Montrose Beach,1465513200,15.8,0.0,0.171,,MontroseBeach201606092300,15.8,0.0,0.171,3.0
2016-06-10 00:00:00,502.0,Montrose Beach,1465516800,15.8,,0.181,,MontroseBeach201606100000,15.8,0.0,0.181,2.0
2016-06-10 01:00:00,504.0,Montrose Beach,1465520400,15.7,,0.211,2.0,MontroseBeach201606100100,15.7,0.0,0.211,2.0
2016-06-10 02:00:00,506.0,Montrose Beach,1465524000,15.7,,0.236,,MontroseBeach201606100200,15.7,0.0,0.236,3.0
2016-06-10 03:00:00,507.0,Montrose Beach,1465527600,15.6,,,,MontroseBeach201606100300,15.6,0.0,0.201,3.0
2016-06-10 04:00:00,510.0,Montrose Beach,1465531200,15.6,,0.182,,MontroseBeach201606100400,15.6,0.0,0.182,3.0
2016-06-10 05:00:00,511.0,Montrose Beach,1465534800,15.5,0.0,0.157,3.0,MontroseBeach201606100500,15.5,0.0,0.157,3.0
2016-06-10 06:00:00,514.0,Montrose Beach,1465538400,15.5,0.0,0.136,3.0,MontroseBeach201606100600,15.5,0.0,0.136,3.0
2016-06-10 07:00:00,515.0,Montrose Beach,1465542000,15.5,0.0,0.116,3.0,MontroseBeach201606100700,15.5,0.0,0.116,3.0
2016-06-10 08:00:00,518.0,Montrose Beach,1465545600,15.7,0.0,0.125,3.0,MontroseBeach201606100800,15.7,0.0,0.125,3.0
2016-06-10 09:00:00,519.0,Montrose Beach,1465549200,16.1,0.0,0.118,3.0,MontroseBeach201606100900,16.1,0.0,0.118,3.0
2016-06-10 10:00:00,522.0,Montrose Beach,1465552800,16.3,,,2.0,MontroseBeach201606101000,16.3,0.0,0.113,2.0
2016-06-10 11:00:00,524.0,Montrose Beach,1465556400,16.2,,,3.0,MontroseBeach201606101100,16.2,0.0,0.122,3.0
2016-06-10 12:00:00,525.0,Montrose Beach,1465560000,16.3,0.0,,3.0,MontroseBeach201606101200,16.3,0.0,0.171,3.0
2016-06-10 13:00:00,528.0,Montrose Beach,1465563600,16.4,0.0,0.119,2.0,MontroseBeach201606101300,16.4,0.0,0.119,2.0
2016-06-10 14:00:00,529.0,Montrose Beach,1465567200,17.2,0.0,,3.0,MontroseBeach201606101400,17.2,0.0,0.132,3.0
2016-06-10 15:00:00,532.0,Montrose Beach,1465570800,17.1,0.0,0.145,9.0,MontroseBeach201606101500,17.1,0.0,0.145,9.0
2016-06-10 16:00:00,533.0,Montrose Beach,1465574400,17.0,0.0,0.123,9.0,MontroseBeach201606101600,17.0,0.0,0.123,9.0
2016-06-10 17:00:00,535.0,Montrose Beach,1465578000,17.3,0.0,0.111,8.0,MontroseBeach201606101700,17.3,0.0,0.111,8.0
2016-06-10 18:00:00,537.0,Montrose Beach,1465581600,17.2,0.0,0.13,,MontroseBeach201606101800,17.2,0.0,0.13,7.0
2016-06-10 19:00:00,540.0,Montrose Beach,1465585200,17.1,,0.138,6.0,MontroseBeach201606101900,17.1,0.0,0.138,6.0
2016-06-10 20:00:00,541.0,Montrose Beach,1465588800,16.9,0.0,0.12,5.0,MontroseBeach201606102000,16.9,0.0,0.12,5.0
2016-06-10 21:00:00,544.0,Montrose Beach,1465592400,16.8,0.0,0.092,6.0,MontroseBeach201606102100,16.8,0.0,0.092,6.0
2016-06-10 22:00:00,545.0,Montrose Beach,1465596000,16.6,0.0,0.11,10.0,MontroseBeach201606102200,16.6,0.0,0.11,10.0
2016-06-10 23:00:00,548.0,Montrose Beach,1465599600,16.5,0.0,0.09,9.0,MontroseBeach201606102300,16.5,0.0,0.09,9.0
2016-06-11 00:00:00,549.0,Montrose Beach,1465603200,16.4,0.0,0.107,,MontroseBeach201606110000,16.4,0.0,0.107,8.0
2016-06-11 01:00:00,,Montrose Beach,1465606800,16.5,0.0,0.11554545454545455,7.7272727272727275,MontroseBeach201606110100,16.5,0.0,0.11554545454545455,7.7272727272727275
2016-06-11 02:00:00,,Montrose Beach,1465610400,16.599999999999998,0.0,0.12409090909090909,7.454545454545455,MontroseBeach201606110200,16.599999999999998,0.0,0.12409090909090909,7.454545454545455
2016-06-11 03:00:00,,Montrose Beach,1465614000,16.7,0.0,0.13263636363636364,7.181818181818182,MontroseBeach201606110300,16.7,0.0,0.13263636363636364,7.181818181818182
2016-06-11 04:00:00,,Montrose Beach,1465617600,16.8,0.0,0.14118181818181819,6.909090909090909,MontroseBeach201606110400,16.8,0.0,0.14118181818181819,6.909090909090909
2016-06-11 05:00:00,,Montrose Beach,1465621200,16.9,0.0,0.14972727272727274,6.636363636363637,MontroseBeach201606110500,16.9,0.0,0.14972727272727274,6.636363636363637
2016-06-11 06:00:00,,Montrose Beach,1465624800,17.0,,,6.363636363636363,MontroseBeach201606110600,17.0,0.0,0.1582727272727273,6.363636363636363
2016-06-11 07:00:00,,Montrose Beach,1465628400,17.099999999999998,,0.1668181818181818,6.090909090909091,MontroseBeach201606110700,17.099999999999998,0.0,0.1668181818181818,6.090909090909091
2016-06-11 08:00:00,,Montrose Beach,1465632000,17.2,,0.1753636363636364,5.818181818181818,MontroseBeach201606110800,17.2,0.0,0.1753636363636364,5.818181818181818
2016-06-11 09:00:00,,Montrose Beach,1465635600,17.3,0.0,0.1839090909090909,5.545454545454545,MontroseBeach201606110900,17.3,0.0,0.1839090909090909,5.545454545454545
2016-06-11 10:00:00,,Montrose Beach,1465639200,,0.0,0.19245454545454546,5.272727272727273,MontroseBeach201606111000,17.4,0.0,0.19245454545454546,5.272727272727273
2016-06-11 11:00:00,552.0,Montrose Beach,1465642800,17.5,0.0,0.201,5.0,MontroseBeach201606111100,17.5,0.0,0.201,5.0
2016-06-11 12:00:00,553.0,Montrose Beach,1465646400,18.1,0.0,0.186,5.0,MontroseBeach201606111200,18.1,0.0,0.186,5.0
2016-06-11 13:00:00,556.0,Montrose Beach,1465650000,18.9,0.0,0.202,5.0,MontroseBeach201606111300,18.9,0.0,0.202,5.0
2016-06-11 14:00:00,557.0,Montrose Beach,1465653600,19.4,0.0,0.201,5.0,MontroseBeach201606111400,19.4,0.0,0.201,5.0
2016-06-11 15:00:00,560.0,Montrose Beach,1465657200,,0.0,0.219,3.0,MontroseBeach201606111500,19.6,0.0,0.219,3.0
2016-06-11 16:00:00,561.0,Montrose Beach,1465660800,19.5,,0.217,4.0,MontroseBeach201606111600,19.5,0.0,0.217,4.0
2016-06-11 17:00:00,564.0,Montrose Beach,1465664400,18.5,0.0,0.16,3.0,MontroseBeach201606111700,18.5,0.0,0.16,3.0
2016-06-11 18:00:00,565.0,Montrose Beach,1465668000,18.9,0.02,0.171,4.0,MontroseBeach201606111800,18.9,0.02,0.171,4.0
2016-06-11 19:00:00,568.0,Montrose Beach,1465671600,19.4,,0.128,4.0,MontroseBeach201606111900,19.4,0.0,0.128,4.0
2016-06-11 20:00:00,569.0,Montrose Beach,1465675200,,1.18,0.114,6.0,MontroseBeach201606112000,19.3,1.18,0.114,6.0
2016-06-11 21:00:00,572.0,Montrose Beach,1465678800,,,0.139,5.0,MontroseBeach201606112100,19.7,0.0,0.139,5.0
2016-06-11 22:00:00,573.0,Montrose Beach,1465682400,,0.0,0.125,3.0,MontroseBeach201606112200,19.2,0.0,0.125,3.0
2016-06-11 23:00:00,576.0,Montrose Beach,1465686000,,0.0,0.104,,MontroseBeach201606112300,19.0,0.0,0.104,9.0
2016-06-12 00:00:00,577.0,Montrose Beach,1465689600,,0.0,0.112,,MontroseBeach201606120000,18.8,0.0,0.112,7.0
2016-06-12 01:00:00,,Montrose Beach,1465693200,,0.0,0.196,,MontroseBeach201606120100,18.46666666666667,0.0,0.196,6.0
2016-06-12 02:00:00,,Montrose Beach,1465696800,,,0.27999999999999997,5.0,MontroseBeach201606120200,18.133333333333333,0.0,0.27999999999999997,5.0
2016-06-12 03:00:00,580.0,Montrose Beach,1465700400,17.8,,0.364,4.0,MontroseBeach201606120300,17.8,0.0,0.364,4.0
2016-06-12 04:00:00,581.0,Montrose Beach,1465704000,,0.0,0.404,4.0,MontroseBeach201606120400,17.2,0.0,0.404,4.0
2016-06-12 05:00:00,584.0,Montrose Beach,1465707600,17.3,0.0,0.424,4.0,MontroseBeach201606120500,17.3,0.0,0.424,4.0
2016-06-12 06:00:00,585.0,Montrose Beach,1465711200,17.1,0.0,0.447,,MontroseBeach201606120600,17.1,0.0,0.447,5.0
2016-06-12 07:00:00,588.0,Montrose Beach,1465714800,17.0,0.0,0.418,4.0,MontroseBeach201606120700,17.0,0.0,0.418,4.0
2016-06-12 08:00:00,589.0,Montrose Beach,1465718400,17.2,,0.47,4.0,MontroseBeach201606120800,17.2,0.02,0.47,4.0
2016-06-12 09:00:00,592.0,Montrose Beach,1465722000,17.2,,0.461,5.0,MontroseBeach201606120900,17.2,0.01,0.461,5.0
2016-06-12 10:00:00,593.0,Montrose Beach,1465725600,,,0.436,5.0,MontroseBeach201606121000,17.4,0.06,0.436,5.0
2016-06-12 11:00:00,,Montrose Beach,1465729200,,,0.4375,4.0,MontroseBeach201606121100,17.4,0.15,0.4375,4.0
2016-06-12 12:00:00,596.0,Montrose Beach,1465732800,,0.24,0.439,3.0,MontroseBeach201606121200,17.4,0.24,0.439,3.0
2016-06-12 13:00:00,597.0,Montrose Beach,1465736400,,0.24,0.439,4.0,MontroseBeach201606121300,17.5,0.24,0.439,4.0
2016-06-12 14:00:00,600.0,Montrose Beach,1465740000,,0.71,0.429,,MontroseBeach201606121400,17.6,0.71,0.429,5.0
2016-06-12 15:00:00,601.0,Montrose Beach,1465743600,17.7,1.05,0.432,4.0,MontroseBeach201606121500,17.7,1.05,0.432,4.0
2016-06-12 16:00:00,604.0,Montrose Beach,1465747200,17.8,1.52,0.413,4.0,MontroseBeach201606121600,17.8,1.52,0.413,4.0
2016-06-12 17:00:00,605.0,Montrose Beach,1465750800,17.8,1.74,0.435,4.0,MontroseBeach201606121700,17.8,1.74,0.435,4.0
2016-06-12 18:00:00,608.0,Montrose Beach,1465754400,17.8,2.45,0.474,4.0,MontroseBeach201606121800,17.8,2.45,0.474,4.0
2016-06-12 19:00:00,609.0,Montrose Beach,1465758000,,2.66,0.467,5.0,MontroseBeach201606121900,17.7,2.66,0.467,5.0
2016-06-12 20:00:00,612.0,Montrose Beach,1465761600,17.5,3.36,0.486,4.0,MontroseBeach201606122000,17.5,3.36,0.486,4.0
2016-06-12 21:00:00,613.0,Montrose Beach,1465765200,17.5,2.96,0.453,6.0,MontroseBeach201606122100,17.5,2.96,0.453,6.0
2016-06-12 22:00:00,616.0,Montrose Beach,1465768800,17.2,2.42,0.471,6.0,MontroseBeach201606122200,17.2,2.42,0.471,6.0
2016-06-12 23:00:00,617.0,Montrose Beach,1465772400,17.1,3.06,0.493,6.0,MontroseBeach201606122300,17.1,3.06,0.493,6.0
2016-06-13 00:00:00,620.0,Montrose Beach,1465776000,17.2,3.0,0.47,6.0,MontroseBeach201606130000,17.2,3.0,0.47,6.0
2016-06-13 01:00:00,621.0,Montrose Beach,1465779600,,1.86,0.43,6.0,MontroseBeach201606130100,16.9,1.86,0.43,6.0
2016-06-13 02:00:00,624.0,Montrose Beach,1465783200,,1.89,0.425,6.0,MontroseBeach201606130200,17.0,1.89,0.425,6.0
2016-06-13 03:00:00,625.0,Montrose Beach,1465786800,17.0,2.27,0.383,6.0,MontroseBeach201606130300,17.0,2.27,0.383,6.0
2016-06-13 04:00:00,628.0,Montrose Beach,1465790400,16.8,1.57,0.388,5.0,MontroseBeach201606130400,16.8,1.57,0.388,5.0
2016-06-13 05:00:00,629.0,Montrose Beach,1465794000,16.7,1.01,0.334,6.0,MontroseBeach201606130500,16.7,1.01,0.334,6.0
2016-06-13 06:00:00,632.0,Montrose Beach,1465797600,16.7,0.17,0.31,5.0,MontroseBeach201606130600,16.7,0.17,0.31,5.0
2016-06-13 07:00:00,633.0,Montrose Beach,1465801200,16.7,0.1,0.302,6.0,MontroseBeach201606130700,16.7,0.1,0.302,6.0
2016-06-13 08:00:00,636.0,Montrose Beach,1465804800,16.8,0.04,0.272,5.0,MontroseBeach201606130800,16.8,0.04,0.272,5.0
2016-06-13 09:00:00,637.0,Montrose Beach,1465808400,17.0,0.23,0.251,5.0,MontroseBeach201606130900,17.0,0.23,0.251,5.0
2016-06-13 10:00:00,640.0,Montrose Beach,1465812000,17.3,0.44,0.237,4.0,MontroseBeach201606131000,17.3,0.44,0.237,4.0
2016-06-13 11:00:00,641.0,Montrose Beach,1465815600,18.3,1.64,0.245,5.0,MontroseBeach201606131100,18.3,1.64,0.245,5.0
2016-06-13 12:00:00,644.0,Montrose Beach,1465819200,18.8,0.67,0.246,4.0,MontroseBeach201606131200,18.8,0.67,0.246,4.0
2016-06-13 13:00:00,645.0,Montrose Beach,1465822800,17.7,0.14,0.24,3.0,MontroseBeach201606131300,17.7,0.14,0.24,3.0
2016-06-13 14:00:00,648.0,Montrose Beach,1465826400,19.2,0.37,,4.0,MontroseBeach201606131400,19.2,0.37,0.248,4.0
2016-06-13 15:00:00,649.0,Montrose Beach,1465830000,19.8,0.71,0.247,4.0,MontroseBeach201606131500,19.8,0.71,0.247,4.0
2016-06-13 16:00:00,652.0,Montrose Beach,1465833600,19.4,0.0,0.24,3.0,MontroseBeach201606131600,19.4,0.0,0.24,3.0
2016-06-13 17:00:00,653.0,Montrose Beach,1465837200,20.3,1.58,0.242,4.0,MontroseBeach201606131700,20.3,1.58,0.242,4.0
2016-06-13 18:00:00,656.0,Montrose Beach,1465840800,19.0,0.02,0.234,3.0,MontroseBeach201606131800,19.0,0.02,0.234,3.0
2016-06-13 19:00:00,657.0,Montrose Beach,1465844400,18.4,0.0,0.206,4.0,MontroseBeach201606131900,18.4,0.0,0.206,4.0
2016-06-13 20:00:00,660.0,Montrose Beach,1465848000,18.7,,0.217,3.0,MontroseBeach201606132000,18.7,0.0,0.217,3.0
2016-06-13 21:00:00,661.0,Montrose Beach,1465851600,18.7,,0.25,3.0,MontroseBeach201606132100,18.7,0.0,0.25,3.0
2016-06-13 22:00:00,664.0,Montrose Beach,1465855200,18.7,,0.232,2.0,MontroseBeach201606132200,18.7,0.0,0.232,2.0
2016-06-13 23:00:00,666.0,Montrose Beach,1465858800,18.8,,0.255,3.0,MontroseBeach201606132300,18.8,0.0,0.255,3.0
2016-06-14 00:00:00,667.0,Montrose Beach,1465862400,18.7,0.0,0.26,3.0,MontroseBeach201606140000,18.7,0.0,0.26,3.0
2016-06-14 01:00:00,670.0,Montrose Beach,1465866000,18.3,0.0,0.239,6.0,MontroseBeach201606140100,18.3,0.0,0.239,6.0
2016-06-14 02:00:00,671.0,Montrose Beach,1465869600,18.1,0.0,0.234,3.0,MontroseBeach201606140200,18.1,0.0,0.234,3.0
2016-06-14 03:00:00,674.0,Montrose Beach,1465873200,18.1,0.0,0.227,3.0,MontroseBeach201606140300,18.1,0.0,0.227,3.0
2016-06-14 04:00:00,675.0,Montrose Beach,1465876800,17.9,0.0,0.228,3.0,MontroseBeach201606140400,17.9,0.0,0.228,3.0
2016-06-14 05:00:00,678.0,Montrose Beach,1465880400,17.9,0.0,0.228,,MontroseBeach201606140500,17.9,0.0,0.228,3.0
2016-06-14 06:00:00,679.0,Montrose Beach,1465884000,17.9,0.0,0.224,,MontroseBeach201606140600,17.9,0.0,0.224,3.0
2016-06-14 07:00:00,682.0,Montrose Beach,1465887600,17.9,0.0,0.229,,MontroseBeach201606140700,17.9,0.0,0.229,3.0
2016-06-14 08:00:00,683.0,Montrose Beach,1465891200,18.0,0.0,0.261,,MontroseBeach201606140800,18.0,0.0,0.261,3.0
2016-06-14 09:00:00,686.0,Montrose Beach,1465894800,18.1,0.0,0.3,,MontroseBeach201606140900,18.1,0.0,0.3,3.0
2016-06-14 10:00:00,687.0,Montrose Beach,1465898400,18.5,0.02,0.332,4.0,MontroseBeach201606141000,18.5,0.02,0.332,4.0
2016-06-14 11:00:00,690.0,Montrose Beach,1465902000,,0.05,0.323,3.0,MontroseBeach201606141100,19.0,0.05,0.323,3.0
2016-06-14 12:00:00,691.0,Montrose Beach,1465905600,18.8,0.0,,4.0,MontroseBeach201606141200,18.8,0.0,0.322,4.0
2016-06-14 13:00:00,694.0,Montrose Beach,1465909200,18.5,,,4.0,MontroseBeach201606141300,18.5,0.0,0.33,4.0
2016-06-14 14:00:00,695.0,Montrose Beach,1465912800,,,,4.0,MontroseBeach201606141400,18.4,0.0,0.322,4.0
2016-06-14 15:00:00,698.0,Montrose Beach,1465916400,,0.0,,4.0,MontroseBeach201606141500,18.2,0.0,0.291,4.0
2016-06-14 16:00:00,699.0,Montrose Beach,1465920000,,0.01,,4.0,MontroseBeach201606141600,18.6,0.01,0.28,4.0
2016-06-14 17:00:00,702.0,Montrose Beach,1465923600,,0.0,,4.0,MontroseBeach201606141700,19.7,0.0,0.261,4.0
2016-06-14 18:00:00,703.0,Montrose Beach,1465927200,,0.0,,4.0,MontroseBeach201606141800,19.2,0.0,0.257,4.0
2016-06-14 19:00:00,706.0,Montrose Beach,1465930800,,0.0,,3.0,MontroseBeach201606141900,18.5,0.0,0.222,3.0
2016-06-14 20:00:00,707.0,Montrose Beach,1465934400,,0.0,,3.0,MontroseBeach201606142000,18.1,0.0,0.21,3.0
2016-06-14 21:00:00,710.0,Montrose Beach,1465938000,18.0,0.0,,,MontroseBeach201606142100,18.0,0.0,0.199,3.0
2016-06-14 22:00:00,711.0,Montrose Beach,1465941600,17.9,0.0,0.194,3.0,MontroseBeach201606142200,17.9,0.0,0.194,3.0
2016-06-14 23:00:00,714.0,Montrose Beach,1465945200,17.6,0.0,0.191,3.0,MontroseBeach201606142300,17.6,0.0,0.191,3.0
2016-06-15 00:00:00,715.0,Montrose Beach,1465948800,17.4,0.0,0.194,3.0,MontroseBeach201606150000,17.4,0.0,0.194,3.0
2016-06-15 01:00:00,718.0,Montrose Beach,1465952400,17.4,0.0,0.17,3.0,MontroseBeach201606150100,17.4,0.0,0.17,3.0
2016-06-15 02:00:00,719.0,Montrose Beach,1465956000,17.3,0.0,0.16,3.0,MontroseBeach201606150200,17.3,0.0,0.16,3.0
2016-06-15 03:00:00,722.0,Montrose Beach,1465959600,17.4,0.0,0.159,3.0,MontroseBeach201606150300,17.4,0.0,0.159,3.0
2016-06-15 04:00:00,723.0,Montrose Beach,1465963200,17.4,0.0,0.159,3.0,MontroseBeach201606150400,17.4,0.0,0.159,3.0
2016-06-15 05:00:00,726.0,Montrose Beach,1465966800,,0.0,0.155,3.0,MontroseBeach201606150500,17.4,0.0,0.155,3.0
2016-06-15 06:00:00,727.0,Montrose Beach,1465970400,17.5,0.0,0.144,3.0,MontroseBeach201606150600,17.5,0.0,0.144,3.0
2016-06-15 07:00:00,730.0,Montrose Beach,1465974000,17.4,0.0,0.165,3.0,MontroseBeach201606150700,17.4,0.0,0.165,3.0
2016-06-15 08:00:00,,Montrose Beach,1465977600,17.6,0.0,,3.0,MontroseBeach201606150800,17.6,0.0,0.1545,3.0
2016-06-15 09:00:00,731.0,Montrose Beach,1465981200,,,0.144,3.0,MontroseBeach201606150900,17.8,0.0,0.144,3.0
2016-06-15 10:00:00,734.0,Montrose Beach,1465984800,,,0.118,,MontroseBeach201606151000,18.1,0.0,0.118,4.0
2016-06-15 11:00:00,735.0,Montrose Beach,1465988400,,0.0,0.118,,MontroseBeach201606151100,18.3,0.0,0.118,4.0
2016-06-15 12:00:00,738.0,Montrose Beach,1465992000,18.4,,,3.0,MontroseBeach201606151200,18.4,0.0,0.12,3.0
2016-06-15 13:00:00,739.0,Montrose Beach,1465995600,18.6,,0.131,3.0,MontroseBeach201606151300,18.6,0.0,0.131,3.0
2016-06-15 14:00:00,742.0,Montrose Beach,1465999200,19.0,,0.141,3.0,MontroseBeach201606151400,19.0,0.0,0.141,3.0
2016-06-15 15:00:00,743.0,Montrose Beach,1466002800,21.5,,0.151,,MontroseBeach201606151500,21.5,0.0,0.151,2.0
2016-06-15 16:00:00,746.0,Montrose Beach,1466006400,22.0,,0.132,4.0,MontroseBeach201606151600,22.0,0.0,0.132,4.0
2016-06-15 17:00:00,747.0,Montrose Beach,1466010000,22.5,0.0,0.172,2.0,MontroseBeach201606151700,22.5,0.0,0.172,2.0
2016-06-15 18:00:00,750.0,Montrose Beach,1466013600,21.7,0.0,,6.0,MontroseBeach201606151800,21.7,0.0,0.153,6.0
2016-06-15 19:00:00,751.0,Montrose Beach,1466017200,20.6,0.0,0.14,4.0,MontroseBeach201606151900,20.6,0.0,0.14,4.0
2016-06-15 20:00:00,754.0,Montrose Beach,1466020800,19.5,0.0,0.143,4.0,MontroseBeach201606152000,19.5,0.0,0.143,4.0
2016-06-15 21:00:00,755.0,Montrose Beach,1466024400,19.4,0.04,0.139,4.0,MontroseBeach201606152100,19.4,0.04,0.139,4.0
2016-06-15 22:00:00,758.0,Montrose Beach,1466028000,,0.0,0.149,,MontroseBeach201606152200,19.4,0.0,0.149,4.0
2016-06-15 23:00:00,759.0,Montrose Beach,1466031600,,,0.118,8.0,MontroseBeach201606152300,19.2,0.0,0.118,8.0
2016-06-16 00:00:00,761.0,Montrose Beach,1466035200,18.8,,0.134,4.0,MontroseBeach201606160000,18.8,0.0,0.134,4.0
2016-06-16 01:00:00,764.0,Montrose Beach,1466038800,18.7,,0.148,6.0,MontroseBeach201606160100,18.7,0.0,0.148,6.0
2016-06-16 02:00:00,765.0,Montrose Beach,1466042400,18.6,,0.148,6.0,MontroseBeach201606160200,18.6,0.0,0.148,6.0
2016-06-16 03:00:00,768.0,Montrose Beach,1466046000,18.6,0.0,0.134,2.0,MontroseBeach201606160300,18.6,0.0,0.134,2.0
2016-06-16 04:00:00,769.0,Montrose Beach,1466049600,18.4,0.0,,4.0,MontroseBeach201606160400,18.4,0.0,0.135,4.0
2016-06-16 05:00:00,772.0,Montrose Beach,1466053200,18.4,0.0,,2.0,MontroseBeach201606160500,18.4,0.0,0.137,2.0
2016-06-16 06:00:00,773.0,Montrose Beach,1466056800,18.2,0.0,,9.0,MontroseBeach201606160600,18.2,0.0,0.151,9.0
2016-06-16 07:00:00,776.0,Montrose Beach,1466060400,18.3,0.0,,,MontroseBeach201606160700,18.3,0.0,0.18,2.0
2016-06-16 08:00:00,778.0,Montrose Beach,1466064000,18.3,0.0,0.23,,MontroseBeach201606160800,18.3,0.0,0.23,2.0
2016-06-16 09:00:00,779.0,Montrose Beach,1466067600,18.5,0.0,0.221,,MontroseBeach201606160900,18.5,0.0,0.221,2.0
2016-06-16 10:00:00,781.0,Montrose Beach,1466071200,,0.0,0.317,,MontroseBeach201606161000,18.5,0.0,0.317,3.0
2016-06-16 11:00:00,783.0,Montrose Beach,1466074800,18.5,0.0,0.291,3.0,MontroseBeach201606161100,18.5,0.0,0.291,3.0
2016-06-16 12:00:00,785.0,Montrose Beach,1466078400,18.6,0.0,0.275,3.0,MontroseBeach201606161200,18.6,0.0,0.275,3.0
2016-06-16 13:00:00,788.0,Montrose Beach,1466082000,,0.0,0.267,3.0,MontroseBeach201606161300,18.7,0.0,0.267,3.0
2016-06-16 14:00:00,789.0,Montrose Beach,1466085600,18.7,0.0,0.319,3.0,MontroseBeach201606161400,18.7,0.0,0.319,3.0
2016-06-16 15:00:00,792.0,Montrose Beach,1466089200,,0.0,0.393,3.0,MontroseBeach201606161500,18.7,0.0,0.393,3.0
2016-06-16 16:00:00,793.0,Montrose Beach,1466092800,18.8,0.0,0.422,5.0,MontroseBeach201606161600,18.8,0.0,0.422,5.0
2016-06-16 17:00:00,795.0,Montrose Beach,1466096400,18.8,0.0,0.486,5.0,MontroseBeach201606161700,18.8,0.0,0.486,5.0
2016-06-16 18:00:00,798.0,Montrose Beach,1466100000,18.8,0.0,0.546,8.0,MontroseBeach201606161800,18.8,0.0,0.546,8.0
2016-06-16 19:00:00,799.0,Montrose Beach,1466103600,18.9,7.5,0.538,6.0,MontroseBeach201606161900,18.9,7.5,0.538,6.0
2016-06-16 20:00:00,802.0,Montrose Beach,1466107200,18.7,6.01,0.542,7.0,MontroseBeach201606162000,18.7,6.01,0.542,7.0
2016-06-16 21:00:00,803.0,Montrose Beach,1466110800,18.5,3.29,0.533,7.0,MontroseBeach201606162100,18.5,3.29,0.533,7.0
2016-06-16 22:00:00,806.0,Montrose Beach,1466114400,18.4,2.56,0.531,5.0,MontroseBeach201606162200,18.4,2.56,0.531,5.0
2016-06-16 23:00:00,807.0,Montrose Beach,1466118000,18.2,2.77,0.497,6.0,MontroseBeach201606162300,18.2,2.77,0.497,6.0
2016-06-17 00:00:00,810.0,Montrose Beach,1466121600,18.2,2.47,0.487,7.0,MontroseBeach201606170000,18.2,2.47,0.487,7.0
2016-06-17 01:00:00,811.0,Montrose Beach,1466125200,18.2,2.39,,,MontroseBeach201606170100,18.2,2.39,0.457,7.0
2016-06-17 02:00:00,814.0,Montrose Beach,1466128800,18.0,1.86,,7.0,MontroseBeach201606170200,18.0,1.86,0.469,7.0
2016-06-17 03:00:00,815.0,Montrose Beach,1466132400,17.9,,,6.0,MontroseBeach201606170300,17.9,1.74,0.418,6.0
2016-06-17 04:00:00,818.0,Montrose Beach,1466136000,,,,6.0,MontroseBeach201606170400,17.8,1.41,0.413,6.0
2016-06-17 05:00:00,819.0,Montrose Beach,1466139600,,1.16,0.404,6.0,MontroseBeach201606170500,17.7,1.16,0.404,6.0
2016-06-17 06:00:00,822.0,Montrose Beach,1466143200,17.7,0.84,,5.0,MontroseBeach201606170600,17.7,0.84,0.372,5.0
2016-06-17 07:00:00,823.0,Montrose Beach,1466146800,17.6,0.47,,6.0,MontroseBeach201606170700,17.6,0.47,0.368,6.0
2016-06-17 08:00:00,826.0,Montrose Beach,1466150400,17.8,1.6,,5.0,MontroseBeach201606170800,17.8,1.6,0.367,5.0
2016-06-17 09:00:00,827.0,Montrose Beach,1466154000,17.9,0.78,,6.0,MontroseBeach201606170900,17.9,0.78,0.345,6.0
2016-06-17 10:00:00,830.0,Montrose Beach,1466157600,18.1,0.48,,5.0,MontroseBeach201606171000,18.1,0.48,0.377,5.0
2016-06-17 11:00:00,831.0,Montrose Beach,1466161200,18.3,0.24,,6.0,MontroseBeach201606171100,18.3,0.24,0.346,6.0
2016-06-17 12:00:00,834.0,Montrose Beach,1466164800,18.6,0.49,0.338,,MontroseBeach201606171200,18.6,0.49,0.338,5.0
2016-06-17 13:00:00,836.0,Montrose Beach,1466168400,18.8,0.26,,,MontroseBeach201606171300,18.8,0.26,0.302,5.0
2016-06-17 14:00:00,838.0,Montrose Beach,1466172000,19.0,0.86,0.324,5.0,MontroseBeach201606171400,19.0,0.86,0.324,5.0
2016-06-17 15:00:00,839.0,Montrose Beach,1466175600,19.0,0.21,0.313,5.0,MontroseBeach201606171500,19.0,0.21,0.313,5.0
2016-06-17 16:00:00,842.0,Montrose Beach,1466179200,19.2,0.21,,4.0,MontroseBeach201606171600,19.2,0.21,0.33,4.0
2016-06-17 17:00:00,843.0,Montrose Beach,1466182800,19.4,0.56,,3.0,MontroseBeach201606171700,19.4,0.56,0.319,3.0
2016-06-17 18:00:00,846.0,Montrose Beach,1466186400,19.4,,,,MontroseBeach201606171800,19.4,0.68,0.305,3.0
2016-06-17 19:00:00,847.0,Montrose Beach,1466190000,19.4,0.36,,,MontroseBeach201606171900,19.4,0.36,0.297,3.0
2016-06-17 20:00:00,850.0,Montrose Beach,1466193600,19.3,0.37,0.272,,MontroseBeach201606172000,19.3,0.37,0.272,3.0
2016-06-17 21:00:00,851.0,Montrose Beach,1466197200,19.2,0.44,0.252,,MontroseBeach201606172100,19.2,0.44,0.252,3.0
2016-06-17 22:00:00,854.0,Montrose Beach,1466200800,19.1,0.12,0.259,,MontroseBeach201606172200,19.1,0.12,0.259,3.0
2016-06-17 23:00:00,856.0,Montrose Beach,1466204400,19.0,0.47,0.239,3.0,MontroseBeach201606172300,19.0,0.47,0.239,3.0
2016-06-18 00:00:00,857.0,Montrose Beach,1466208000,,0.06,0.244,7.0,MontroseBeach201606180000,19.0,0.06,0.244,7.0
2016-06-18 01:00:00,860.0,Montrose Beach,1466211600,,0.1,0.233,3.0,MontroseBeach201606180100,18.9,0.1,0.233,3.0
2016-06-18 02:00:00,861.0,Montrose Beach,1466215200,,0.0,0.233,3.0,MontroseBeach201606180200,18.8,0.0,0.233,3.0
2016-06-18 03:00:00,864.0,Montrose Beach,1466218800,18.8,0.02,0.23,3.0,MontroseBeach201606180300,18.8,0.02,0.23,3.0
2016-06-18 04:00:00,865.0,Montrose Beach,1466222400,18.7,0.17,0.214,,MontroseBeach201606180400,18.7,0.17,0.214,3.0
2016-06-18 05:00:00,868.0,Montrose Beach,1466226000,18.7,0.0,0.196,,MontroseBeach201606180500,18.7,0.0,0.196,4.0
2016-06-18 06:00:00,870.0,Montrose Beach,1466229600,18.7,0.07,0.179,,MontroseBeach201606180600,18.7,0.07,0.179,4.0
2016-06-18 07:00:00,871.0,Montrose Beach,1466233200,18.7,0.03,0.205,,MontroseBeach201606180700,18.7,0.03,0.205,3.0
2016-06-18 08:00:00,874.0,Montrose Beach,1466236800,18.8,0.01,,3.0,MontroseBeach201606180800,18.8,0.01,0.194,3.0
2016-06-18 09:00:00,875.0,Montrose Beach,1466240400,,0.0,0.196,4.0,MontroseBeach201606180900,19.1,0.0,0.196,4.0
2016-06-18 10:00:00,878.0,Montrose Beach,1466244000,,0.0,0.176,3.0,MontroseBeach201606181000,19.3,0.0,0.176,3.0
2016-06-18 11:00:00,879.0,Montrose Beach,1466247600,,0.0,,3.0,MontroseBeach201606181100,19.6,0.0,0.18,3.0
2016-06-18 12:00:00,882.0,Montrose Beach,1466251200,,0.0,,3.0,MontroseBeach201606181200,20.0,0.0,0.194,3.0
2016-06-18 13:00:00,883.0,Montrose Beach,1466254800,,0.0,0.202,3.0,MontroseBeach201606181300,20.4,0.0,0.202,3.0
2016-06-18 14:00:00,886.0,Montrose Beach,1466258400,21.8,0.0,0.181,3.0,MontroseBeach201606181400,21.8,0.0,0.181,3.0
2016-06-18 15:00:00,887.0,Montrose Beach,1466262000,22.2,0.0,,3.0,MontroseBeach201606181500,22.2,0.0,0.209,3.0
2016-06-18 16:00:00,890.0,Montrose Beach,1466265600,23.4,0.0,0.179,3.0,MontroseBeach201606181600,23.4,0.0,0.179,3.0
2016-06-18 17:00:00,892.0,Montrose Beach,1466269200,22.9,0.0,0.235,5.0,MontroseBeach201606181700,22.9,0.0,0.235,5.0
2016-06-18 18:00:00,893.0,Montrose Beach,1466272800,22.2,0.0,0.164,3.0,MontroseBeach201606181800,22.2,0.0,0.164,3.0
2016-06-18 19:00:00,895.0,Montrose Beach,1466276400,21.5,0.0,,6.0,MontroseBeach201606181900,21.5,0.0,0.169,6.0
2016-06-18 20:00:00,897.0,Montrose Beach,1466280000,22.0,0.0,,5.0,MontroseBeach201606182000,22.0,0.0,0.2,5.0
2016-06-18 21:00:00,900.0,Montrose Beach,1466283600,22.5,,,4.0,MontroseBeach201606182100,22.5,0.0,0.132,4.0
2016-06-18 22:00:00,901.0,Montrose Beach,1466287200,22.0,,,5.0,MontroseBeach201606182200,22.0,0.0,0.121,5.0
2016-06-18 23:00:00,904.0,Montrose Beach,1466290800,21.2,,0.127,,MontroseBeach201606182300,21.2,0.0,0.127,9.0
2016-06-19 00:00:00,905.0,Montrose Beach,1466294400,20.9,0.0,0.121,8.0,MontroseBeach201606190000,20.9,0.0,0.121,8.0
2016-06-19 01:00:00,,Montrose Beach,1466298000,,0.0,0.1195,7.0,MontroseBeach201606190100,20.7,0.0,0.1195,7.0
2016-06-19 02:00:00,908.0,Montrose Beach,1466301600,20.5,0.0,0.118,6.0,MontroseBeach201606190200,20.5,0.0,0.118,6.0
2016-06-19 03:00:00,909.0,Montrose Beach,1466305200,20.4,0.0,0.111,5.0,MontroseBeach201606190300,20.4,0.0,0.111,5.0
2016-06-19 04:00:00,912.0,Montrose Beach,1466308800,20.3,0.0,0.106,4.0,MontroseBeach201606190400,20.3,0.0,0.106,4.0
2016-06-19 05:00:00,913.0,Montrose Beach,1466312400,20.1,0.0,0.107,9.0,MontroseBeach201606190500,20.1,0.0,0.107,9.0
2016-06-19 06:00:00,916.0,Montrose Beach,1466316000,20.0,0.0,0.115,8.0,MontroseBeach201606190600,20.0,0.0,0.115,8.0
2016-06-19 07:00:00,918.0,Montrose Beach,1466319600,19.9,0.0,0.12,7.0,MontroseBeach201606190700,19.9,0.0,0.12,7.0
2016-06-19 08:00:00,920.0,Montrose Beach,1466323200,19.9,0.0,,7.0,MontroseBeach201606190800,19.9,0.0,0.105,7.0
2016-06-19 09:00:00,922.0,Montrose Beach,1466326800,19.9,0.0,,6.0,MontroseBeach201606190900,19.9,0.0,0.102,6.0
2016-06-19 10:00:00,924.0,Montrose Beach,1466330400,20.2,0.0,,,MontroseBeach201606191000,20.2,0.0,0.109,4.0
2016-06-19 11:00:00,925.0,Montrose Beach,1466334000,19.9,0.0,,3.0,MontroseBeach201606191100,19.9,0.0,0.211,3.0
2016-06-19 12:00:00,928.0,Montrose Beach,1466337600,19.9,0.0,0.169,2.0,MontroseBeach201606191200,19.9,0.0,0.169,2.0
2016-06-19 13:00:00,929.0,Montrose Beach,1466341200,,0.0,0.185,2.0,MontroseBeach201606191300,19.7,0.0,0.185,2.0
2016-06-19 14:00:00,932.0,Montrose Beach,1466344800,,0.0,,3.0,MontroseBeach201606191400,19.7,0.0,0.197,3.0
2016-06-19 15:00:00,933.0,Montrose Beach,1466348400,,0.0,0.177,2.0,MontroseBeach201606191500,19.8,0.0,0.177,2.0
2016-06-19 16:00:00,936.0,Montrose Beach,1466352000,20.2,0.0,0.179,4.0,MontroseBeach201606191600,20.2,0.0,0.179,4.0
2016-06-19 17:00:00,937.0,Montrose Beach,1466355600,20.0,0.0,0.157,4.0,MontroseBeach201606191700,20.0,0.0,0.157,4.0
2016-06-19 18:00:00,939.0,Montrose Beach,1466359200,20.0,0.0,,2.0,MontroseBeach201606191800,20.0,0.0,0.135,2.0
2016-06-19 19:00:00,941.0,Montrose Beach,1466362800,,0.0,,,MontroseBeach201606191900,19.6,0.0,0.145,6.0
2016-06-19 20:00:00,944.0,Montrose Beach,1466366400,,0.0,,,MontroseBeach201606192000,19.4,0.0,0.105,6.0
2016-06-19 21:00:00,946.0,Montrose Beach,1466370000,,0.03,0.098,3.0,MontroseBeach201606192100,20.0,0.03,0.098,3.0
2016-06-19 22:00:00,947.0,Montrose Beach,1466373600,,0.0,0.108,9.0,MontroseBeach201606192200,20.2,0.0,0.108,9.0
2016-06-19 23:00:00,949.0,Montrose Beach,1466377200,19.3,0.0,0.095,9.0,MontroseBeach201606192300,19.3,0.0,0.095,9.0
2016-06-20 00:00:00,952.0,Montrose Beach,1466380800,19.2,0.0,0.098,8.0,MontroseBeach201606200000,19.2,0.0,0.098,8.0
2016-06-20 01:00:00,953.0,Montrose Beach,1466384400,19.2,0.0,0.102,6.0,MontroseBeach201606200100,19.2,0.0,0.102,6.0
2016-06-20 02:00:00,956.0,Montrose Beach,1466388000,19.0,0.0,0.096,5.0,MontroseBeach201606200200,19.0,0.0,0.096,5.0
2016-06-20 03:00:00,957.0,Montrose Beach,1466391600,18.9,0.0,0.105,4.0,MontroseBeach201606200300,18.9,0.0,0.105,4.0
2016-06-20 04:00:00,960.0,Montrose Beach,1466395200,18.9,0.0,0.083,4.0,MontroseBeach201606200400,18.9,0.0,0.083,4.0
2016-06-20 05:00:00,962.0,Montrose Beach,1466398800,18.8,0.0,0.086,4.0,MontroseBeach201606200500,18.8,0.0,0.086,4.0
2016-06-20 06:00:00,963.0,Montrose Beach,1466402400,18.7,0.0,,8.0,MontroseBeach201606200600,18.7,0.0,0.081,8.0
2016-06-20 07:00:00,966.0,Montrose Beach,1466406000,18.8,0.0,,6.0,MontroseBeach201606200700,18.8,0.0,0.085,6.0
2016-06-20 08:00:00,967.0,Montrose Beach,1466409600,18.9,0.0,0.089,,MontroseBeach201606200800,18.9,0.0,0.089,5.0
2016-06-20 09:00:00,970.0,Montrose Beach,1466413200,19.1,0.0,0.084,,MontroseBeach201606200900,19.1,0.0,0.084,4.0
2016-06-20 10:00:00,971.0,Montrose Beach,1466416800,19.3,0.0,0.083,,MontroseBeach201606201000,19.3,0.0,0.083,3.0
2016-06-20 11:00:00,973.0,Montrose Beach,1466420400,19.6,0.0,0.117,9.0,MontroseBeach201606201100,19.6,0.0,0.117,9.0
2016-06-20 12:00:00,975.0,Montrose Beach,1466424000,19.8,0.0,0.102,,MontroseBeach201606201200,19.8,0.0,0.102,5.0
2016-06-20 13:00:00,978.0,Montrose Beach,1466427600,19.9,0.0,0.093,,MontroseBeach201606201300,19.9,0.0,0.093,4.0
2016-06-20 14:00:00,979.0,Montrose Beach,1466431200,20.1,0.0,0.114,3.0,MontroseBeach201606201400,20.1,0.0,0.114,3.0
2016-06-20 15:00:00,981.0,Montrose Beach,1466434800,,,0.155,7.0,MontroseBeach201606201500,20.4,0.0,0.155,7.0
2016-06-20 16:00:00,984.0,Montrose Beach,1466438400,,,0.137,3.0,MontroseBeach201606201600,20.5,0.0,0.137,3.0
2016-06-20 17:00:00,985.0,Montrose Beach,1466442000,,0.0,0.143,4.0,MontroseBeach201606201700,20.6,0.0,0.143,4.0
2016-06-20 18:00:00,988.0,Montrose Beach,1466445600,20.5,,0.166,7.0,MontroseBeach201606201800,20.5,0.0,0.166,7.0
2016-06-20 19:00:00,989.0,Montrose Beach,1466449200,20.3,0.0,0.19,6.0,MontroseBeach201606201900,20.3,0.0,0.19,6.0
2016-06-20 20:00:00,992.0,Montrose Beach,1466452800,20.3,0.0,0.206,2.0,MontroseBeach201606202000,20.3,0.0,0.206,2.0
2016-06-20 21:00:00,993.0,Montrose Beach,1466456400,20.5,0.0,0.167,2.0,MontroseBeach201606202100,20.5,0.0,0.167,2.0
2016-06-20 22:00:00,996.0,Montrose Beach,1466460000,20.4,0.0,0.15,3.0,MontroseBeach201606202200,20.4,0.0,0.15,3.0
2016-06-20 23:00:00,997.0,Montrose Beach,1466463600,20.9,0.0,0.14,3.0,MontroseBeach201606202300,20.9,0.0,0.14,3.0
2016-06-21 00:00:00,1000.0,Montrose Beach,1466467200,20.0,0.0,0.136,3.0,MontroseBeach201606210000,20.0,0.0,0.136,3.0
2016-06-21 01:00:00,1001.0,Montrose Beach,1466470800,19.8,0.0,0.149,,MontroseBeach201606210100,19.8,0.0,0.149,6.0
2016-06-21 02:00:00,1004.0,Montrose Beach,1466474400,19.7,0.0,0.148,5.0,MontroseBeach201606210200,19.7,0.0,0.148,5.0
2016-06-21 03:00:00,1005.0,Montrose Beach,1466478000,19.6,0.0,0.146,,MontroseBeach201606210300,19.6,0.0,0.146,3.0
2016-06-21 04:00:00,1008.0,Montrose Beach,1466481600,19.5,0.0,0.143,,MontroseBeach201606210400,19.5,0.0,0.143,3.0
2016-06-21 05:00:00,1009.0,Montrose Beach,1466485200,19.4,0.0,0.148,,MontroseBeach201606210500,19.4,0.0,0.148,3.0
2016-06-21 06:00:00,1012.0,Montrose Beach,1466488800,19.3,,0.157,,MontroseBeach201606210600,19.3,0.0,0.157,4.0
2016-06-21 07:00:00,1013.0,Montrose Beach,1466492400,19.3,0.0,0.185,,MontroseBeach201606210700,19.3,0.0,0.185,7.0
2016-06-21 08:00:00,1016.0,Montrose Beach,1466496000,19.4,0.0,0.172,3.0,MontroseBeach201606210800,19.4,0.0,0.172,3.0
2016-06-21 09:00:00,1017.0,Montrose Beach,1466499600,19.5,0.0,0.207,3.0,MontroseBeach201606210900,19.5,0.0,0.207,3.0
2016-06-21 10:00:00,,Montrose Beach,1466503200,19.8,0.0,0.2125,3.0,MontroseBeach201606211000,19.8,0.0,0.2125,3.0
2016-06-21 11:00:00,1020.0,Montrose Beach,1466506800,20.1,0.0,0.218,3.0,MontroseBeach201606211100,20.1,0.0,0.218,3.0
2016-06-21 12:00:00,1021.0,Montrose Beach,1466510400,20.4,0.0,0.207,3.0,MontroseBeach201606211200,20.4,0.0,0.207,3.0
2016-06-21 13:00:00,,Montrose Beach,1466514000,21.5,0.0,0.202,3.5,MontroseBeach201606211300,21.5,0.0,0.202,3.5
2016-06-21 14:00:00,1024.0,Montrose Beach,1466517600,,,0.197,4.0,MontroseBeach201606211400,22.6,0.0,0.197,4.0
2016-06-21 15:00:00,1026.0,Montrose Beach,1466521200,,,0.202,4.0,MontroseBeach201606211500,22.2,0.0,0.202,4.0
2016-06-21 16:00:00,1028.0,Montrose Beach,1466524800,,,0.175,4.0,MontroseBeach201606211600,21.7,0.0,0.175,4.0
2016-06-21 17:00:00,1029.0,Montrose Beach,1466528400,,,0.185,4.0,MontroseBeach201606211700,21.3,0.0,0.185,4.0
2016-06-21 18:00:00,1032.0,Montrose Beach,1466532000,,,0.175,4.0,MontroseBeach201606211800,21.1,0.0,0.175,4.0
2016-06-21 19:00:00,1033.0,Montrose Beach,1466535600,20.8,,0.18,,MontroseBeach201606211900,20.8,0.0,0.18,3.0
2016-06-21 20:00:00,1036.0,Montrose Beach,1466539200,20.6,,,3.0,MontroseBeach201606212000,20.6,0.0,0.161,3.0
2016-06-21 21:00:00,1037.0,Montrose Beach,1466542800,20.4,,0.155,4.0,MontroseBeach201606212100,20.4,0.0,0.155,4.0
2016-06-21 22:00:00,1040.0,Montrose Beach,1466546400,20.3,,0.147,3.0,MontroseBeach201606212200,20.3,0.0,0.147,3.0
2016-06-21 23:00:00,1041.0,Montrose Beach,1466550000,20.3,0.0,0.14,,MontroseBeach201606212300,20.3,0.0,0.14,3.0
2016-06-22 00:00:00,1044.0,Montrose Beach,1466553600,,0.0,0.139,,MontroseBeach201606220000,20.3,0.0,0.139,4.0
2016-06-22 01:00:00,1045.0,Montrose Beach,1466557200,20.4,0.0,0.136,,MontroseBeach201606220100,20.4,0.0,0.136,3.0
2016-06-22 02:00:00,1047.0,Montrose Beach,1466560800,20.6,0.0,0.143,,MontroseBeach201606220200,20.6,0.0,0.143,6.0
2016-06-22 03:00:00,1050.0,Montrose Beach,1466564400,20.6,0.0,,,MontroseBeach201606220300,20.6,0.0,0.128,3.0
2016-06-22 04:00:00,1051.0,Montrose Beach,1466568000,20.5,0.0,0.122,,MontroseBeach201606220400,20.5,0.0,0.122,3.0
2016-06-22 05:00:00,1053.0,Montrose Beach,1466571600,20.3,0.0,0.118,,MontroseBeach201606220500,20.3,0.0,0.118,3.0
2016-06-22 06:00:00,1056.0,Montrose Beach,1466575200,20.3,0.0,0.107,,MontroseBeach201606220600,20.3,0.0,0.107,3.0
2016-06-22 07:00:00,1058.0,Montrose Beach,1466578800,20.2,0.0,0.112,,MontroseBeach201606220700,20.2,0.0,0.112,6.0
2016-06-22 08:00:00,1059.0,Montrose Beach,1466582400,20.2,0.0,0.104,,MontroseBeach201606220800,20.2,0.0,0.104,5.0
2016-06-22 09:00:00,1061.0,Montrose Beach,1466586000,20.2,0.0,0.093,3.0,MontroseBeach201606220900,20.2,0.0,0.093,3.0
2016-06-22 10:00:00,1063.0,Montrose Beach,1466589600,20.3,0.0,0.086,4.0,MontroseBeach201606221000,20.3,0.0,0.086,4.0
2016-06-22 11:00:00,1066.0,Montrose Beach,1466593200,20.2,0.0,0.134,3.0,MontroseBeach201606221100,20.2,0.0,0.134,3.0
2016-06-22 12:00:00,1067.0,Montrose Beach,1466596800,20.2,,0.148,8.0,MontroseBeach201606221200,20.2,0.0,0.148,8.0
2016-06-22 13:00:00,1069.0,Montrose Beach,1466600400,,,0.1,,MontroseBeach201606221300,20.5,0.0,0.1,4.0
2016-06-22 14:00:00,1072.0,Montrose Beach,1466604000,20.9,,0.086,4.0,MontroseBeach201606221400,20.9,0.0,0.086,4.0
2016-06-22 15:00:00,1074.0,Montrose Beach,1466607600,21.1,0.0,0.099,3.0,MontroseBeach201606221500,21.1,0.0,0.099,3.0
2016-06-22 16:00:00,1075.0,Montrose Beach,1466611200,20.7,0.0,0.102,9.0,MontroseBeach201606221600,20.7,0.0,0.102,9.0
2016-06-22 17:00:00,1077.0,Montrose Beach,1466614800,20.7,0.0,0.117,8.0,MontroseBeach201606221700,20.7,0.0,0.117,8.0
2016-06-22 18:00:00,1079.0,Montrose Beach,1466618400,20.4,0.0,0.105,,MontroseBeach201606221800,20.4,0.0,0.105,2.0
2016-06-22 19:00:00,1082.0,Montrose Beach,1466622000,20.3,0.0,0.124,7.0,MontroseBeach201606221900,20.3,0.0,0.124,7.0
2016-06-22 20:00:00,1084.0,Montrose Beach,1466625600,20.1,0.0,0.123,6.0,MontroseBeach201606222000,20.1,0.0,0.123,6.0
2016-06-22 21:00:00,1086.0,Montrose Beach,1466629200,20.1,0.0,0.297,3.0,MontroseBeach201606222100,20.1,0.0,0.297,3.0
2016-06-22 22:00:00,1088.0,Montrose Beach,1466632800,21.0,6.08,0.269,3.0,MontroseBeach201606222200,21.0,6.08,0.269,3.0
2016-06-22 23:00:00,1090.0,Montrose Beach,1466636400,20.7,14.38,0.257,,MontroseBeach201606222300,20.7,14.38,0.257,3.0
2016-06-23 00:00:00,1091.0,Montrose Beach,1466640000,19.9,0.0,0.256,3.0,MontroseBeach201606230000,19.9,0.0,0.256,3.0
2016-06-23 01:00:00,1094.0,Montrose Beach,1466643600,20.3,1.07,0.268,3.0,MontroseBeach201606230100,20.3,1.07,0.268,3.0
2016-06-23 02:00:00,1095.0,Montrose Beach,1466647200,20.1,0.05,0.263,3.0,MontroseBeach201606230200,20.1,0.05,0.263,3.0
2016-06-23 03:00:00,1097.0,Montrose Beach,1466650800,19.8,0.0,0.24,3.0,MontroseBeach201606230300,19.8,0.0,0.24,3.0
2016-06-23 04:00:00,1099.0,Montrose Beach,1466654400,19.8,0.62,,3.0,MontroseBeach201606230400,19.8,0.62,0.221,3.0
2016-06-23 05:00:00,1102.0,Montrose Beach,1466658000,19.8,0.0,0.234,3.0,MontroseBeach201606230500,19.8,0.0,0.234,3.0
2016-06-23 06:00:00,1103.0,Montrose Beach,1466661600,19.8,,0.213,,MontroseBeach201606230600,19.8,0.0,0.213,3.0
2016-06-23 07:00:00,1106.0,Montrose Beach,1466665200,19.9,,0.204,7.0,MontroseBeach201606230700,19.9,0.0,0.204,7.0
2016-06-23 08:00:00,1107.0,Montrose Beach,1466668800,20.1,,0.204,3.0,MontroseBeach201606230800,20.1,0.0,0.204,3.0
2016-06-23 09:00:00,1110.0,Montrose Beach,1466672400,20.1,,0.211,3.0,MontroseBeach201606230900,20.1,0.0,0.211,3.0
2016-06-23 10:00:00,1111.0,Montrose Beach,1466676000,,,0.223,3.0,MontroseBeach201606231000,20.3,0.0,0.223,3.0
2016-06-23 11:00:00,1114.0,Montrose Beach,1466679600,20.5,0.0,0.241,3.0,MontroseBeach201606231100,20.5,0.0,0.241,3.0
2016-06-23 12:00:00,1116.0,Montrose Beach,1466683200,20.7,0.0,0.26,3.0,MontroseBeach201606231200,20.7,0.0,0.26,3.0
2016-06-23 13:00:00,1117.0,Montrose Beach,1466686800,20.8,0.0,0.244,3.0,MontroseBeach201606231300,20.8,0.0,0.244,3.0
2016-06-23 14:00:00,1120.0,Montrose Beach,1466690400,21.0,0.0,0.259,,MontroseBeach201606231400,21.0,0.0,0.259,3.0
2016-06-23 15:00:00,1121.0,Montrose Beach,1466694000,20.9,0.0,,3.0,MontroseBeach201606231500,20.9,0.0,0.343,3.0
2016-06-23 16:00:00,1123.0,Montrose Beach,1466697600,21.0,0.0,0.382,4.0,MontroseBeach201606231600,21.0,0.0,0.382,4.0
2016-06-23 17:00:00,1126.0,Montrose Beach,1466701200,20.9,0.0,0.386,3.0,MontroseBeach201606231700,20.9,0.0,0.386,3.0
2016-06-23 18:00:00,1127.0,Montrose Beach,1466704800,,0.0,0.366,4.0,MontroseBeach201606231800,21.0,0.0,0.366,4.0
2016-06-23 19:00:00,1130.0,Montrose Beach,1466708400,20.9,0.0,0.375,4.0,MontroseBeach201606231900,20.9,0.0,0.375,4.0
2016-06-23 20:00:00,1132.0,Montrose Beach,1466712000,20.9,0.02,0.38,4.0,MontroseBeach201606232000,20.9,0.02,0.38,4.0
2016-06-23 21:00:00,1133.0,Montrose Beach,1466715600,20.7,0.0,0.416,4.0,MontroseBeach201606232100,20.7,0.0,0.416,4.0
2016-06-23 22:00:00,1136.0,Montrose Beach,1466719200,20.7,0.04,0.431,5.0,MontroseBeach201606232200,20.7,0.04,0.431,5.0
2016-06-23 23:00:00,1137.0,Montrose Beach,1466722800,20.5,0.11,0.408,4.0,MontroseBeach201606232300,20.5,0.11,0.408,4.0
2016-06-24 00:00:00,1140.0,Montrose Beach,1466726400,20.5,,0.382,3.0,MontroseBeach201606240000,20.5,0.16,0.382,3.0
2016-06-24 01:00:00,,Montrose Beach,1466730000,20.45,0.11,0.374,3.5,MontroseBeach201606240100,20.45,0.11,0.374,3.5
2016-06-24 02:00:00,1143.0,Montrose Beach,1466733600,20.4,0.06,0.366,4.0,MontroseBeach201606240200,20.4,0.06,0.366,4.0
2016-06-24 03:00:00,1144.0,Montrose Beach,1466737200,20.2,0.2,0.319,4.0,MontroseBeach201606240300,20.2,0.2,0.319,4.0
2016-06-24 04:00:00,1147.0,Montrose Beach,1466740800,20.3,0.09,0.314,,MontroseBeach201606240400,20.3,0.09,0.314,4.0
2016-06-24 05:00:00,1148.0,Montrose Beach,1466744400,20.2,0.1,,,MontroseBeach201606240500,20.2,0.1,0.322,5.0
2016-06-24 06:00:00,1151.0,Montrose Beach,1466748000,20.1,0.07,,,MontroseBeach201606240600,20.1,0.07,0.307,4.0
2016-06-24 07:00:00,1152.0,Montrose Beach,1466751600,,,,,MontroseBeach201606240700,20.1,0.0,0.27,3.0
2016-06-24 08:00:00,1155.0,Montrose Beach,1466755200,,,,,MontroseBeach201606240800,20.2,0.0,0.262,5.0
2016-06-24 09:00:00,,Montrose Beach,1466758800,,,,4.0,MontroseBeach201606240900,20.5,0.0,0.2645,4.0
2016-06-24 10:00:00,1158.0,Montrose Beach,1466762400,20.8,0.0,0.267,3.0,MontroseBeach201606241000,20.8,0.0,0.267,3.0
2016-06-24 11:00:00,1159.0,Montrose Beach,1466766000,21.1,,,4.0,MontroseBeach201606241100,21.1,0.0,0.253,4.0
2016-06-24 12:00:00,1162.0,Montrose Beach,1466769600,21.3,,,3.0,MontroseBeach201606241200,21.3,0.0,0.237,3.0
2016-06-24 13:00:00,1164.0,Montrose Beach,1466773200,21.7,,,4.0,MontroseBeach201606241300,21.7,0.0,0.249,4.0
2016-06-24 14:00:00,1165.0,Montrose Beach,1466776800,22.1,0.0,0.24,3.0,MontroseBeach201606241400,22.1,0.0,0.24,3.0
2016-06-24 15:00:00,1168.0,Montrose Beach,1466780400,22.3,0.0,,4.0,MontroseBeach201606241500,22.3,0.0,0.242,4.0
2016-06-24 16:00:00,1170.0,Montrose Beach,1466784000,22.5,0.0,,4.0,MontroseBeach201606241600,22.5,0.0,0.234,4.0
2016-06-24 17:00:00,1171.0,Montrose Beach,1466787600,,0.0,,4.0,MontroseBeach201606241700,22.7,0.0,0.233,4.0
2016-06-24 18:00:00,1173.0,Montrose Beach,1466791200,,0.0,,4.0,MontroseBeach201606241800,22.8,0.0,0.219,4.0
2016-06-24 19:00:00,1175.0,Montrose Beach,1466794800,,0.0,,4.0,MontroseBeach201606241900,23.6,0.0,0.21,4.0
2016-06-24 20:00:00,1178.0,Montrose Beach,1466798400,,,0.216,4.0,MontroseBeach201606242000,23.4,0.0,0.216,4.0
2016-06-24 21:00:00,1180.0,Montrose Beach,1466802000,,,0.214,3.0,MontroseBeach201606242100,23.4,0.0,0.214,3.0
2016-06-24 22:00:00,1181.0,Montrose Beach,1466805600,23.3,,0.19,,MontroseBeach201606242200,23.3,0.0,0.19,4.0
2016-06-24 23:00:00,1184.0,Montrose Beach,1466809200,22.4,,0.178,4.0,MontroseBeach201606242300,22.4,0.0,0.178,4.0
2016-06-25 00:00:00,1186.0,Montrose Beach,1466812800,22.0,,0.178,8.0,MontroseBeach201606250000,22.0,0.0,0.178,8.0
2016-06-25 01:00:00,1188.0,Montrose Beach,1466816400,21.7,0.0,0.164,3.0,MontroseBeach201606250100,21.7,0.0,0.164,3.0
2016-06-25 02:00:00,1189.0,Montrose Beach,1466820000,21.5,0.0,0.187,,MontroseBeach201606250200,21.5,0.0,0.187,3.0
2016-06-25 03:00:00,1191.0,Montrose Beach,1466823600,,0.0,0.185,3.0,MontroseBeach201606250300,21.4,0.0,0.185,3.0
2016-06-25 04:00:00,1194.0,Montrose Beach,1466827200,,,0.174,2.0,MontroseBeach201606250400,21.2,0.0,0.174,2.0
2016-06-25 05:00:00,1196.0,Montrose Beach,1466830800,,,,3.0,MontroseBeach201606250500,21.1,0.0,0.164,3.0
2016-06-25 06:00:00,1198.0,Montrose Beach,1466834400,21.0,,,3.0,MontroseBeach201606250600,21.0,0.0,0.148,3.0
2016-06-25 07:00:00,1199.0,Montrose Beach,1466838000,20.9,0.0,,6.0,MontroseBeach201606250700,20.9,0.0,0.146,6.0
2016-06-25 08:00:00,1202.0,Montrose Beach,1466841600,20.9,,,3.0,MontroseBeach201606250800,20.9,0.0,0.146,3.0
2016-06-25 09:00:00,1203.0,Montrose Beach,1466845200,20.9,,,,MontroseBeach201606250900,20.9,0.0,0.159,2.0
2016-06-25 10:00:00,1206.0,Montrose Beach,1466848800,21.0,0.0,,2.0,MontroseBeach201606251000,21.0,0.0,0.155,2.0
2016-06-25 11:00:00,1208.0,Montrose Beach,1466852400,21.1,0.0,,3.0,MontroseBeach201606251100,21.1,0.0,0.142,3.0
2016-06-25 12:00:00,1210.0,Montrose Beach,1466856000,21.3,0.0,,3.0,MontroseBeach201606251200,21.3,0.0,0.148,3.0
2016-06-25 13:00:00,1211.0,Montrose Beach,1466859600,21.4,0.0,0.156,4.0,MontroseBeach201606251300,21.4,0.0,0.156,4.0
2016-06-25 14:00:00,1214.0,Montrose Beach,1466863200,21.6,0.0,0.173,3.0,MontroseBeach201606251400,21.6,0.0,0.173,3.0
2016-06-25 15:00:00,,Montrose Beach,1466866800,22.15,0.0,0.1805,2.5,MontroseBeach201606251500,22.15,0.0,0.1805,2.5
2016-06-25 16:00:00,1216.0,Montrose Beach,1466870400,22.7,0.0,0.188,2.0,MontroseBeach201606251600,22.7,0.0,0.188,2.0
2016-06-25 17:00:00,1217.0,Montrose Beach,1466874000,22.4,0.0,0.213,3.0,MontroseBeach201606251700,22.4,0.0,0.213,3.0
2016-06-25 18:00:00,1219.0,Montrose Beach,1466877600,22.5,0.0,0.19,3.0,MontroseBeach201606251800,22.5,0.0,0.19,3.0
2016-06-25 19:00:00,1221.0,Montrose Beach,1466881200,22.0,0.0,0.157,7.0,MontroseBeach201606251900,22.0,0.0,0.157,7.0
2016-06-25 20:00:00,1224.0,Montrose Beach,1466884800,21.8,,0.141,6.0,MontroseBeach201606252000,21.8,0.0,0.141,6.0
2016-06-25 21:00:00,1225.0,Montrose Beach,1466888400,21.0,0.0,0.133,3.0,MontroseBeach201606252100,21.0,0.0,0.133,3.0
2016-06-25 22:00:00,1228.0,Montrose Beach,1466892000,21.0,0.0,0.135,4.0,MontroseBeach201606252200,21.0,0.0,0.135,4.0
2016-06-25 23:00:00,1229.0,Montrose Beach,1466895600,,0.0,0.135,4.0,MontroseBeach201606252300,20.7,0.0,0.135,4.0
2016-06-26 00:00:00,1232.0,Montrose Beach,1466899200,,0.0,0.109,8.0,MontroseBeach201606260000,20.5,0.0,0.109,8.0
2016-06-26 01:00:00,,Montrose Beach,1466902800,20.466666666666665,0.0,,7.0,MontroseBeach201606260100,20.466666666666665,0.0,0.10566666666666667,7.0
2016-06-26 02:00:00,,Montrose Beach,1466906400,20.433333333333334,0.0,0.10233333333333333,6.0,MontroseBeach201606260200,20.433333333333334,0.0,0.10233333333333333,6.0
2016-06-26 03:00:00,1233.0,Montrose Beach,1466910000,20.4,0.0,0.099,5.0,MontroseBeach201606260300,20.4,0.0,0.099,5.0
2016-06-26 04:00:00,1236.0,Montrose Beach,1466913600,20.4,0.0,0.105,4.0,MontroseBeach201606260400,20.4,0.0,0.105,4.0
2016-06-26 05:00:00,1237.0,Montrose Beach,1466917200,20.4,0.0,0.102,9.0,MontroseBeach201606260500,20.4,0.0,0.102,9.0
2016-06-26 06:00:00,1239.0,Montrose Beach,1466920800,20.4,,0.103,7.0,MontroseBeach201606260600,20.4,0.0,0.103,7.0
2016-06-26 07:00:00,1242.0,Montrose Beach,1466924400,20.5,0.0,0.095,3.0,MontroseBeach201606260700,20.5,0.0,0.095,3.0
2016-06-26 08:00:00,1243.0,Montrose Beach,1466928000,20.2,0.0,0.099,6.0,MontroseBeach201606260800,20.2,0.0,0.099,6.0
2016-06-26 09:00:00,1245.0,Montrose Beach,1466931600,20.3,0.0,0.098,5.0,MontroseBeach201606260900,20.3,0.0,0.098,5.0
2016-06-26 10:00:00,1248.0,Montrose Beach,1466935200,20.4,0.0,0.135,,MontroseBeach201606261000,20.4,0.0,0.135,2.0
2016-06-26 11:00:00,1249.0,Montrose Beach,1466938800,,0.0,0.153,3.0,MontroseBeach201606261100,20.7,0.0,0.153,3.0
2016-06-26 12:00:00,1251.0,Montrose Beach,1466942400,21.1,0.0,0.156,3.0,MontroseBeach201606261200,21.1,0.0,0.156,3.0
2016-06-26 13:00:00,1254.0,Montrose Beach,1466946000,21.4,0.0,0.171,3.0,MontroseBeach201606261300,21.4,0.0,0.171,3.0
2016-06-26 14:00:00,,Montrose Beach,1466949600,22.049999999999997,0.0,0.183,3.0,MontroseBeach201606261400,22.049999999999997,0.0,0.183,3.0
2016-06-26 15:00:00,1256.0,Montrose Beach,1466953200,22.7,0.0,0.195,3.0,MontroseBeach201606261500,22.7,0.0,0.195,3.0
2016-06-26 16:00:00,1257.0,Montrose Beach,1466956800,23.5,0.0,0.163,3.0,MontroseBeach201606261600,23.5,0.0,0.163,3.0
2016-06-26 17:00:00,1259.0,Montrose Beach,1466960400,23.8,0.0,0.191,3.0,MontroseBeach201606261700,23.8,0.0,0.191,3.0
2016-06-26 18:00:00,1261.0,Montrose Beach,1466964000,22.6,0.0,0.177,6.0,MontroseBeach201606261800,22.6,0.0,0.177,6.0
2016-06-26 19:00:00,,Montrose Beach,1466967600,22.1,0.0,0.155,5.5,MontroseBeach201606261900,22.1,0.0,0.155,5.5
2016-06-26 20:00:00,1264.0,Montrose Beach,1466971200,21.6,0.0,,5.0,MontroseBeach201606262000,21.6,0.0,0.133,5.0
2016-06-26 21:00:00,1266.0,Montrose Beach,1466974800,,,0.128,4.0,MontroseBeach201606262100,21.5,0.0,0.128,4.0
2016-06-26 22:00:00,1267.0,Montrose Beach,1466978400,21.8,0.0,0.117,3.0,MontroseBeach201606262200,21.8,0.0,0.117,3.0
2016-06-26 23:00:00,1270.0,Montrose Beach,1466982000,20.9,0.0,0.121,3.0,MontroseBeach201606262300,20.9,0.0,0.121,3.0
2016-06-27 00:00:00,1272.0,Montrose Beach,1466985600,20.5,0.0,0.118,8.0,MontroseBeach201606270000,20.5,0.0,0.118,8.0
2016-06-27 01:00:00,1274.0,Montrose Beach,1466989200,20.5,0.0,,7.0,MontroseBeach201606270100,20.5,0.0,0.107,7.0
2016-06-27 02:00:00,1276.0,Montrose Beach,1466992800,20.4,0.0,,6.0,MontroseBeach201606270200,20.4,0.0,0.109,6.0
2016-06-27 03:00:00,1278.0,Montrose Beach,1466996400,20.4,0.0,,5.0,MontroseBeach201606270300,20.4,0.0,0.102,5.0
2016-06-27 04:00:00,1279.0,Montrose Beach,1467000000,20.4,,0.091,10.0,MontroseBeach201606270400,20.4,0.0,0.091,10.0
2016-06-27 05:00:00,1282.0,Montrose Beach,1467003600,20.3,,,10.0,MontroseBeach201606270500,20.3,0.0,0.083,10.0
2016-06-27 06:00:00,1283.0,Montrose Beach,1467007200,20.2,,0.083,9.0,MontroseBeach201606270600,20.2,0.0,0.083,9.0
2016-06-27 07:00:00,1286.0,Montrose Beach,1467010800,20.2,0.0,0.089,6.0,MontroseBeach201606270700,20.2,0.0,0.089,6.0
2016-06-27 08:00:00,1287.0,Montrose Beach,1467014400,20.3,0.0,0.086,5.0,MontroseBeach201606270800,20.3,0.0,0.086,5.0
2016-06-27 09:00:00,1289.0,Montrose Beach,1467018000,20.5,,,5.0,MontroseBeach201606270900,20.5,0.0,0.072,5.0
2016-06-27 10:00:00,1292.0,Montrose Beach,1467021600,20.6,,0.089,6.0,MontroseBeach201606271000,20.6,0.0,0.089,6.0
2016-06-27 11:00:00,1293.0,Montrose Beach,1467025200,20.8,,0.111,3.0,MontroseBeach201606271100,20.8,0.0,0.111,3.0
2016-06-27 12:00:00,1296.0,Montrose Beach,1467028800,21.1,,0.171,3.0,MontroseBeach201606271200,21.1,0.01,0.171,3.0
2016-06-27 13:00:00,1297.0,Montrose Beach,1467032400,21.2,2.59,0.136,6.0,MontroseBeach201606271300,21.2,2.59,0.136,6.0
2016-06-27 14:00:00,1300.0,Montrose Beach,1467036000,21.4,0.0,0.138,,MontroseBeach201606271400,21.4,0.0,0.138,2.0
2016-06-27 15:00:00,1301.0,Montrose Beach,1467039600,21.4,0.21,0.184,3.0,MontroseBeach201606271500,21.4,0.21,0.184,3.0
2016-06-27 16:00:00,1304.0,Montrose Beach,1467043200,,0.0,0.256,,MontroseBeach201606271600,21.4,0.0,0.256,3.0
2016-06-27 17:00:00,1306.0,Montrose Beach,1467046800,,0.0,0.255,,MontroseBeach201606271700,21.6,0.0,0.255,2.0
2016-06-27 18:00:00,1307.0,Montrose Beach,1467050400,,0.0,0.29,3.0,MontroseBeach201606271800,23.7,0.0,0.29,3.0
2016-06-27 19:00:00,1310.0,Montrose Beach,1467054000,23.6,0.0,0.282,3.0,MontroseBeach201606271900,23.6,0.0,0.282,3.0
2016-06-27 20:00:00,1311.0,Montrose Beach,1467057600,,0.0,0.3,3.0,MontroseBeach201606272000,23.2,0.0,0.3,3.0
2016-06-27 21:00:00,1314.0,Montrose Beach,1467061200,22.0,0.0,0.281,3.0,MontroseBeach201606272100,22.0,0.0,0.281,3.0
2016-06-27 22:00:00,1315.0,Montrose Beach,1467064800,21.6,0.0,0.257,,MontroseBeach201606272200,21.6,0.0,0.257,3.0
2016-06-27 23:00:00,1318.0,Montrose Beach,1467068400,21.4,0.0,0.248,,MontroseBeach201606272300,21.4,0.0,0.248,3.0
2016-06-28 00:00:00,1320.0,Montrose Beach,1467072000,21.1,,0.24,,MontroseBeach201606280000,21.1,0.0,0.24,3.0
2016-06-28 01:00:00,1321.0,Montrose Beach,1467075600,20.8,,,,MontroseBeach201606280100,20.8,0.0,0.213,3.0
2016-06-28 02:00:00,1324.0,Montrose Beach,1467079200,20.9,0.0,0.346,,MontroseBeach201606280200,20.9,0.0,0.346,3.0
2016-06-28 03:00:00,1325.0,Montrose Beach,1467082800,20.7,0.0,,4.0,MontroseBeach201606280300,20.7,0.0,0.428,4.0
2016-06-28 04:00:00,1328.0,Montrose Beach,1467086400,20.6,0.0,0.443,,MontroseBeach201606280400,20.6,0.0,0.443,4.0
2016-06-28 05:00:00,1329.0,Montrose Beach,1467090000,20.4,0.02,0.454,,MontroseBeach201606280500,20.4,0.02,0.454,5.0
2016-06-28 06:00:00,1332.0,Montrose Beach,1467093600,20.3,0.16,0.505,5.0,MontroseBeach201606280600,20.3,0.16,0.505,5.0
2016-06-28 07:00:00,1334.0,Montrose Beach,1467097200,,1.21,0.504,6.0,MontroseBeach201606280700,20.2,1.21,0.504,6.0
2016-06-28 08:00:00,1336.0,Montrose Beach,1467100800,,1.95,0.513,6.0,MontroseBeach201606280800,20.2,1.95,0.513,6.0
2016-06-28 09:00:00,1337.0,Montrose Beach,1467104400,20.2,2.47,,5.0,MontroseBeach201606280900,20.2,2.47,0.488,5.0
2016-06-28 10:00:00,1340.0,Montrose Beach,1467108000,20.2,3.96,0.506,4.0,MontroseBeach201606281000,20.2,3.96,0.506,4.0
2016-06-28 11:00:00,1341.0,Montrose Beach,1467111600,20.3,3.31,0.536,6.0,MontroseBeach201606281100,20.3,3.31,0.536,6.0
2016-06-28 12:00:00,1344.0,Montrose Beach,1467115200,20.3,4.26,0.535,6.0,MontroseBeach201606281200,20.3,4.26,0.535,6.0
2016-06-28 13:00:00,1345.0,Montrose Beach,1467118800,20.2,3.36,0.535,6.0,MontroseBeach201606281300,20.2,3.36,0.535,6.0
2016-06-28 14:00:00,1348.0,Montrose Beach,1467122400,20.2,4.95,0.515,6.0,MontroseBeach201606281400,20.2,4.95,0.515,6.0
2016-06-28 15:00:00,1349.0,Montrose Beach,1467126000,20.4,3.94,,7.0,MontroseBeach201606281500,20.4,3.94,0.533,7.0
2016-06-28 16:00:00,1352.0,Montrose Beach,1467129600,20.5,4.78,,7.0,MontroseBeach201606281600,20.5,4.78,0.516,7.0
2016-06-28 17:00:00,1353.0,Montrose Beach,1467133200,20.5,6.47,,6.0,MontroseBeach201606281700,20.5,6.47,0.513,6.0
2016-06-28 18:00:00,1356.0,Montrose Beach,1467136800,,7.05,,6.0,MontroseBeach201606281800,20.6,7.05,0.513,6.0
2016-06-28 19:00:00,1357.0,Montrose Beach,1467140400,,6.04,,7.0,MontroseBeach201606281900,20.5,6.04,0.556,7.0
2016-06-28 20:00:00,,Montrose Beach,1467144000,,6.3149999999999995,,6.5,MontroseBeach201606282000,20.35,6.3149999999999995,0.5265,6.5
2016-06-28 21:00:00,1360.0,Montrose Beach,1467147600,,6.59,0.497,6.0,MontroseBeach201606282100,20.2,6.59,0.497,6.0
2016-06-28 22:00:00,1363.0,Montrose Beach,1467151200,,8.49,0.492,7.0,MontroseBeach201606282200,20.2,8.49,0.492,7.0
2016-06-28 23:00:00,1365.0,Montrose Beach,1467154800,20.0,9.18,0.513,6.0,MontroseBeach201606282300,20.0,9.18,0.513,6.0
2016-06-29 00:00:00,1366.0,Montrose Beach,1467158400,19.9,7.29,0.456,5.0,MontroseBeach201606290000,19.9,7.29,0.456,5.0
2016-06-29 01:00:00,1368.0,Montrose Beach,1467162000,19.9,4.75,0.408,5.0,MontroseBeach201606290100,19.9,4.75,0.408,5.0
2016-06-29 02:00:00,1371.0,Montrose Beach,1467165600,19.9,3.88,0.418,6.0,MontroseBeach201606290200,19.9,3.88,0.418,6.0
2016-06-29 03:00:00,1372.0,Montrose Beach,1467169200,20.0,,0.385,6.0,MontroseBeach201606290300,20.0,2.67,0.385,6.0
2016-06-29 04:00:00,,Montrose Beach,1467172800,20.0,3.06,0.373,6.0,MontroseBeach201606290400,20.0,3.06,0.373,6.0
2016-06-29 05:00:00,1376.0,Montrose Beach,1467176400,20.0,3.45,0.361,6.0,MontroseBeach201606290500,20.0,3.45,0.361,6.0
2016-06-29 06:00:00,1378.0,Montrose Beach,1467180000,19.8,1.72,0.341,7.0,MontroseBeach201606290600,19.8,1.72,0.341,7.0
2016-06-29 07:00:00,1379.0,Montrose Beach,1467183600,19.8,0.98,0.332,6.0,MontroseBeach201606290700,19.8,0.98,0.332,6.0
2016-06-29 08:00:00,1382.0,Montrose Beach,1467187200,20.0,1.18,0.331,5.0,MontroseBeach201606290800,20.0,1.18,0.331,5.0
2016-06-29 09:00:00,1383.0,Montrose Beach,1467190800,20.1,1.96,0.32,5.0,MontroseBeach201606290900,20.1,1.96,0.32,5.0
2016-06-29 10:00:00,1386.0,Montrose Beach,1467194400,20.3,2.08,0.319,6.0,MontroseBeach201606291000,20.3,2.08,0.319,6.0
2016-06-29 11:00:00,1387.0,Montrose Beach,1467198000,20.5,0.33,0.298,5.0,MontroseBeach201606291100,20.5,0.33,0.298,5.0
2016-06-29 12:00:00,1390.0,Montrose Beach,1467201600,20.9,0.12,0.273,5.0,MontroseBeach201606291200,20.9,0.12,0.273,5.0
2016-06-29 13:00:00,1391.0,Montrose Beach,1467205200,21.7,,0.276,4.0,MontroseBeach201606291300,21.7,0.55,0.276,4.0
2016-06-29 14:00:00,1394.0,Montrose Beach,1467208800,,,0.263,4.0,MontroseBeach201606291400,21.9,1.54,0.263,4.0
2016-06-29 15:00:00,1395.0,Montrose Beach,1467212400,21.9,,0.249,4.0,MontroseBeach201606291500,21.9,0.71,0.249,4.0
2016-06-29 16:00:00,1397.0,Montrose Beach,1467216000,21.6,,0.238,4.0,MontroseBeach201606291600,21.6,1.0,0.238,4.0
2016-06-29 17:00:00,1400.0,Montrose Beach,1467219600,21.6,,0.235,4.0,MontroseBeach201606291700,21.6,0.42,0.235,4.0
2016-06-29 18:00:00,1401.0,Montrose Beach,1467223200,21.4,0.16,0.228,,MontroseBeach201606291800,21.4,0.16,0.228,3.0
2016-06-29 19:00:00,1404.0,Montrose Beach,1467226800,21.2,0.17,0.225,,MontroseBeach201606291900,21.2,0.17,0.225,4.0
2016-06-29 20:00:00,1405.0,Montrose Beach,1467230400,20.9,0.03,,,MontroseBeach201606292000,20.9,0.03,0.207,4.0
2016-06-29 21:00:00,,Montrose Beach,1467234000,20.8,0.03666666666666667,,3.6666666666666665,MontroseBeach201606292100,20.8,0.03666666666666667,0.19266666666666665,3.6666666666666665
2016-06-29 22:00:00,,Montrose Beach,1467237600,,0.043333333333333335,0.17833333333333334,3.3333333333333335,MontroseBeach201606292200,20.7,0.043333333333333335,0.17833333333333334,3.3333333333333335
2016-06-29 23:00:00,1410.0,Montrose Beach,1467241200,,0.05,0.164,3.0,MontroseBeach201606292300,20.6,0.05,0.164,3.0
2016-06-30 00:00:00,1411.0,Montrose Beach,1467244800,,0.02,0.142,3.0,MontroseBeach201606300000,20.8,0.02,0.142,3.0
2016-06-30 01:00:00,1414.0,Montrose Beach,1467248400,,0.03,0.143,7.0,MontroseBeach201606300100,20.8,0.03,0.143,7.0
2016-06-30 02:00:00,1416.0,Montrose Beach,1467252000,20.8,0.03,0.13,6.0,MontroseBeach201606300200,20.8,0.03,0.13,6.0
2016-06-30 03:00:00,1418.0,Montrose Beach,1467255600,20.8,0.01,0.127,5.0,MontroseBeach201606300300,20.8,0.01,0.127,5.0
2016-06-30 04:00:00,1419.0,Montrose Beach,1467259200,20.6,0.0,0.11,4.0,MontroseBeach201606300400,20.6,0.0,0.11,4.0
2016-06-30 05:00:00,1422.0,Montrose Beach,1467262800,20.6,0.0,0.117,3.0,MontroseBeach201606300500,20.6,0.0,0.117,3.0
2016-06-30 06:00:00,,Montrose Beach,1467266400,20.5,0.0,0.10550000000000001,4.5,MontroseBeach201606300600,20.5,0.0,0.10550000000000001,4.5
2016-06-30 07:00:00,1423.0,Montrose Beach,1467270000,20.4,,0.094,6.0,MontroseBeach201606300700,20.4,0.0,0.094,6.0
2016-06-30 08:00:00,1426.0,Montrose Beach,1467273600,20.5,,0.098,5.0,MontroseBeach201606300800,20.5,0.0,0.098,5.0
2016-06-30 09:00:00,1427.0,Montrose Beach,1467277200,20.6,,0.085,4.0,MontroseBeach201606300900,20.6,0.0,0.085,4.0
2016-06-30 10:00:00,1430.0,Montrose Beach,1467280800,,,0.084,4.0,MontroseBeach201606301000,20.8,0.0,0.084,4.0
2016-06-30 11:00:00,,Montrose Beach,1467284400,21.05,0.0,0.09100000000000001,,MontroseBeach201606301100,21.05,0.0,0.09100000000000001,3.5
2016-06-30 12:00:00,1433.0,Montrose Beach,1467288000,21.3,0.0,0.098,3.0,MontroseBeach201606301200,21.3,0.0,0.098,3.0
2016-06-30 13:00:00,1434.0,Montrose Beach,1467291600,21.4,0.0,0.145,3.0,MontroseBeach201606301300,21.4,0.0,0.145,3.0
2016-06-30 14:00:00,1437.0,Montrose Beach,1467295200,21.8,0.0,0.083,4.0,MontroseBeach201606301400,21.8,0.0,0.083,4.0
2016-06-30 15:00:00,1439.0,Montrose Beach,1467298800,21.7,0.0,0.095,,MontroseBeach201606301500,21.7,0.0,0.095,10.0
2016-06-30 16:00:00,1440.0,Montrose Beach,1467302400,21.4,0.0,0.115,2.0,MontroseBeach201606301600,21.4,0.0,0.115,2.0
2016-06-30 17:00:00,1442.0,Montrose Beach,1467306000,21.2,0.0,0.132,5.0,MontroseBeach201606301700,21.2,0.0,0.132,5.0
2016-06-30 18:00:00,1444.0,Montrose Beach,1467309600,21.4,0.0,0.099,8.0,MontroseBeach201606301800,21.4,0.0,0.099,8.0
2016-06-30 19:00:00,1447.0,Montrose Beach,1467313200,21.2,0.0,0.093,6.0,MontroseBeach201606301900,21.2,0.0,0.093,6.0
2016-06-30 20:00:00,1449.0,Montrose Beach,1467316800,21.1,0.07,0.095,6.0,MontroseBeach201606302000,21.1,0.07,0.095,6.0
2016-06-30 21:00:00,1450.0,Montrose Beach,1467320400,20.8,0.0,0.084,6.0,MontroseBeach201606302100,20.8,0.0,0.084,6.0
2016-06-30 22:00:00,1452.0,Montrose Beach,1467324000,20.8,0.0,0.118,4.0,MontroseBeach201606302200,20.8,0.0,0.118,4.0
2016-06-30 23:00:00,1454.0,Montrose Beach,1467327600,20.7,0.0,0.111,4.0,MontroseBeach201606302300,20.7,0.0,0.111,4.0
2016-07-01 00:00:00,,Montrose Beach,1467331200,20.633333333333333,0.0,0.128,3.3333333333333335,MontroseBeach201607010000,20.633333333333333,0.0,0.128,3.3333333333333335
2016-07-01 01:00:00,,Montrose Beach,1467334800,,0.0,0.14500000000000002,2.666666666666667,MontroseBeach201607010100,20.566666666666666,0.0,0.14500000000000002,2.666666666666667
2016-07-01 02:00:00,1458.0,Montrose Beach,1467338400,20.5,0.0,0.162,2.0,MontroseBeach201607010200,20.5,0.0,0.162,2.0
2016-07-01 03:00:00,1459.0,Montrose Beach,1467342000,20.4,0.0,0.225,,MontroseBeach201607010300,20.4,0.0,0.225,3.0
2016-07-01 04:00:00,1462.0,Montrose Beach,1467345600,20.4,0.0,0.216,3.0,MontroseBeach201607010400,20.4,0.0,0.216,3.0
2016-07-01 05:00:00,1463.0,Montrose Beach,1467349200,20.4,0.0,0.268,3.0,MontroseBeach201607010500,20.4,0.0,0.268,3.0
2016-07-01 06:00:00,1466.0,Montrose Beach,1467352800,20.3,0.0,0.364,,MontroseBeach201607010600,20.3,0.0,0.364,4.0
2016-07-01 07:00:00,,Montrose Beach,1467356400,20.35,0.01,0.424,,MontroseBeach201607010700,20.35,0.01,0.424,4.0
2016-07-01 08:00:00,1467.0,Montrose Beach,1467360000,20.4,0.02,0.484,4.0,MontroseBeach201607010800,20.4,0.02,0.484,4.0
2016-07-01 09:00:00,1470.0,Montrose Beach,1467363600,20.5,1.2,,6.0,MontroseBeach201607010900,20.5,1.2,0.52,6.0
2016-07-01 10:00:00,1472.0,Montrose Beach,1467367200,20.4,2.09,,4.0,MontroseBeach201607011000,20.4,2.09,0.525,4.0
2016-07-01 11:00:00,1473.0,Montrose Beach,1467370800,,3.35,,6.0,MontroseBeach201607011100,20.5,3.35,0.52,6.0
2016-07-01 12:00:00,1475.0,Montrose Beach,1467374400,20.6,3.38,,6.0,MontroseBeach201607011200,20.6,3.38,0.524,6.0
2016-07-01 13:00:00,1478.0,Montrose Beach,1467378000,20.8,3.48,0.51,6.0,MontroseBeach201607011300,20.8,3.48,0.51,6.0
2016-07-01 14:00:00,1479.0,Montrose Beach,1467381600,,4.2,0.503,7.0,MontroseBeach201607011400,21.2,4.2,0.503,7.0
2016-07-01 15:00:00,1482.0,Montrose Beach,1467385200,,6.33,0.494,8.0,MontroseBeach201607011500,21.3,6.33,0.494,8.0
2016-07-01 16:00:00,,Montrose Beach,1467388800,,5.8950000000000005,0.497,7.5,MontroseBeach201607011600,21.450000000000003,5.8950000000000005,0.497,7.5
2016-07-01 17:00:00,1484.0,Montrose Beach,1467392400,,5.46,0.5,7.0,MontroseBeach201607011700,21.6,5.46,0.5,7.0
2016-07-01 18:00:00,1486.0,Montrose Beach,1467396000,,6.58,0.489,,MontroseBeach201607011800,21.6,6.58,0.489,7.0
2016-07-01 19:00:00,,Montrose Beach,1467399600,21.46666666666667,7.503333333333333,,,MontroseBeach201607011900,21.46666666666667,7.503333333333333,0.48933333333333334,6.666666666666667
2016-07-01 20:00:00,,Montrose Beach,1467403200,21.333333333333332,8.426666666666666,,,MontroseBeach201607012000,21.333333333333332,8.426666666666666,0.48966666666666664,6.333333333333333
2016-07-01 21:00:00,1489.0,Montrose Beach,1467406800,21.2,9.35,,,MontroseBeach201607012100,21.2,9.35,0.49,6.0
2016-07-01 22:00:00,1490.0,Montrose Beach,1467410400,20.9,6.56,0.455,,MontroseBeach201607012200,20.9,6.56,0.455,7.0
2016-07-01 23:00:00,,Montrose Beach,1467414000,,,0.44,6.5,MontroseBeach201607012300,20.799999999999997,3.8499999999999996,0.44,6.5
2016-07-02 00:00:00,1493.0,Montrose Beach,1467417600,20.7,,,,MontroseBeach201607020000,20.7,1.14,0.425,6.0
2016-07-02 01:00:00,,Montrose Beach,1467421200,20.68888888888889,,0.4052222222222222,,MontroseBeach201607020100,20.68888888888889,1.0133333333333332,0.4052222222222222,5.888888888888889
2016-07-02 02:00:00,,Montrose Beach,1467424800,20.677777777777777,,0.3854444444444444,5.777777777777778,MontroseBeach201607020200,20.677777777777777,0.8866666666666666,0.3854444444444444,5.777777777777778
2016-07-02 03:00:00,,Montrose Beach,1467428400,,,0.36566666666666664,5.666666666666667,MontroseBeach201607020300,20.666666666666668,0.76,0.36566666666666664,5.666666666666667
2016-07-02 04:00:00,,Montrose Beach,1467432000,,0.6333333333333333,0.3458888888888889,5.555555555555555,MontroseBeach201607020400,20.655555555555555,0.6333333333333333,0.3458888888888889,5.555555555555555
2016-07-02 05:00:00,,Montrose Beach,1467435600,,0.5066666666666666,0.32611111111111113,5.444444444444445,MontroseBeach201607020500,20.644444444444446,0.5066666666666666,0.32611111111111113,5.444444444444445
2016-07-02 06:00:00,,Montrose Beach,1467439200,,0.38,0.30633333333333335,5.333333333333333,MontroseBeach201607020600,20.633333333333333,0.38,0.30633333333333335,5.333333333333333
2016-07-02 07:00:00,,Montrose Beach,1467442800,,0.2533333333333333,0.28655555555555556,5.222222222222222,MontroseBeach201607020700,20.622222222222224,0.2533333333333333,0.28655555555555556,5.222222222222222
2016-07-02 08:00:00,,Montrose Beach,1467446400,20.61111111111111,0.1266666666666667,0.2667777777777778,5.111111111111111,MontroseBeach201607020800,20.61111111111111,0.1266666666666667,0.2667777777777778,5.111111111111111
2016-07-02 09:00:00,1497.0,Montrose Beach,1467450000,20.6,0.0,0.247,,MontroseBeach201607020900,20.6,0.0,0.247,5.0
2016-07-02 10:00:00,1499.0,Montrose Beach,1467453600,20.8,0.0,0.228,5.0,MontroseBeach201607021000,20.8,0.0,0.228,5.0
2016-07-02 11:00:00,1500.0,Montrose Beach,1467457200,21.0,0.02,0.242,5.0,MontroseBeach201607021100,21.0,0.02,0.242,5.0
2016-07-02 12:00:00,1502.0,Montrose Beach,1467460800,21.7,1.92,,5.0,MontroseBeach201607021200,21.7,1.92,0.215,5.0
2016-07-02 13:00:00,1505.0,Montrose Beach,1467464400,22.1,1.99,,4.0,MontroseBeach201607021300,22.1,1.99,0.222,4.0
2016-07-02 14:00:00,1506.0,Montrose Beach,1467468000,21.7,0.62,,4.0,MontroseBeach201607021400,21.7,0.62,0.242,4.0
2016-07-02 15:00:00,1509.0,Montrose Beach,1467471600,21.7,0.22,,4.0,MontroseBeach201607021500,21.7,0.22,0.2,4.0
2016-07-02 16:00:00,,Montrose Beach,1467475200,21.6,0.245,,4.0,MontroseBeach201607021600,21.6,0.245,0.196,4.0
2016-07-02 17:00:00,1512.0,Montrose Beach,1467478800,21.5,0.27,0.192,4.0,MontroseBeach201607021700,21.5,0.27,0.192,4.0
2016-07-02 18:00:00,1514.0,Montrose Beach,1467482400,21.4,0.03,,4.0,MontroseBeach201607021800,21.4,0.03,0.193,4.0
2016-07-02 19:00:00,1515.0,Montrose Beach,1467486000,21.2,0.05,,4.0,MontroseBeach201607021900,21.2,0.05,0.188,4.0
2016-07-02 20:00:00,1517.0,Montrose Beach,1467489600,21.0,0.03,,4.0,MontroseBeach201607022000,21.0,0.03,0.145,4.0
2016-07-02 21:00:00,1520.0,Montrose Beach,1467493200,20.9,0.0,0.132,4.0,MontroseBeach201607022100,20.9,0.0,0.132,4.0
2016-07-02 22:00:00,1522.0,Montrose Beach,1467496800,,0.0,0.124,4.0,MontroseBeach201607022200,20.9,0.0,0.124,4.0
2016-07-02 23:00:00,1524.0,Montrose Beach,1467500400,,0.0,0.111,9.0,MontroseBeach201607022300,20.8,0.0,0.111,9.0
2016-07-03 00:00:00,,Montrose Beach,1467504000,,0.0,0.109,9.2,MontroseBeach201607030000,20.740000000000002,0.0,0.109,9.2
2016-07-03 01:00:00,,Montrose Beach,1467507600,,0.0,0.107,9.4,MontroseBeach201607030100,20.68,0.0,0.107,9.4
2016-07-03 02:00:00,,Montrose Beach,1467511200,,0.0,0.10500000000000001,9.6,MontroseBeach201607030200,20.62,0.0,0.10500000000000001,9.6
2016-07-03 03:00:00,,Montrose Beach,1467514800,20.56,0.0,0.10300000000000001,9.8,MontroseBeach201607030300,20.56,0.0,0.10300000000000001,9.8
2016-07-03 04:00:00,1526.0,Montrose Beach,1467518400,20.5,0.0,0.101,10.0,MontroseBeach201607030400,20.5,0.0,0.101,10.0
2016-07-03 05:00:00,1527.0,Montrose Beach,1467522000,20.5,0.0,,,MontroseBeach201607030500,20.5,0.0,0.098,10.0
2016-07-03 06:00:00,1529.0,Montrose Beach,1467525600,20.6,0.0,0.1,8.0,MontroseBeach201607030600,20.6,0.0,0.1,8.0
2016-07-03 07:00:00,1532.0,Montrose Beach,1467529200,20.6,0.0,0.106,6.0,MontroseBeach201607030700,20.6,0.0,0.106,6.0
2016-07-03 08:00:00,,Montrose Beach,1467532800,20.65,0.0,0.1415,4.5,MontroseBeach201607030800,20.65,0.0,0.1415,4.5
2016-07-03 09:00:00,1534.0,Montrose Beach,1467536400,20.7,0.0,0.177,3.0,MontroseBeach201607030900,20.7,0.0,0.177,3.0
2016-07-03 10:00:00,,Montrose Beach,1467540000,20.866666666666667,0.0,0.18866666666666665,3.0,MontroseBeach201607031000,20.866666666666667,0.0,0.18866666666666665,3.0
2016-07-03 11:00:00,,Montrose Beach,1467543600,21.03333333333333,0.0,0.20033333333333334,3.0,MontroseBeach201607031100,21.03333333333333,0.0,0.20033333333333334,3.0
2016-07-03 12:00:00,1535.0,Montrose Beach,1467547200,21.2,,0.212,3.0,MontroseBeach201607031200,21.2,0.0,0.212,3.0
2016-07-03 13:00:00,1538.0,Montrose Beach,1467550800,21.3,0.03,0.236,3.0,MontroseBeach201607031300,21.3,0.03,0.236,3.0
2016-07-03 14:00:00,,Montrose Beach,1467554400,21.28666666666667,0.028,0.23366666666666666,3.0,MontroseBeach201607031400,21.28666666666667,0.028,0.23366666666666666,3.0
2016-07-03 15:00:00,,Montrose Beach,1467558000,21.273333333333333,0.026,0.23133333333333334,3.0,MontroseBeach201607031500,21.273333333333333,0.026,0.23133333333333334,3.0
2016-07-03 16:00:00,,Montrose Beach,1467561600,21.26,0.024,0.22899999999999998,3.0,MontroseBeach201607031600,21.26,0.024,0.22899999999999998,3.0
2016-07-03 17:00:00,,Montrose Beach,1467565200,21.246666666666666,,0.22666666666666666,3.0,MontroseBeach201607031700,21.246666666666666,0.022,0.22666666666666666,3.0
2016-07-03 18:00:00,,Montrose Beach,1467568800,21.233333333333334,,0.22433333333333333,3.0,MontroseBeach201607031800,21.233333333333334,0.02,0.22433333333333333,3.0
2016-07-03 19:00:00,,Montrose Beach,1467572400,21.220000000000002,,0.222,3.0,MontroseBeach201607031900,21.220000000000002,0.018000000000000002,0.222,3.0
2016-07-03 20:00:00,,Montrose Beach,1467576000,21.206666666666667,,0.21966666666666668,3.0,MontroseBeach201607032000,21.206666666666667,0.016,0.21966666666666668,3.0
2016-07-03 21:00:00,,Montrose Beach,1467579600,21.193333333333335,,0.21733333333333332,3.0,MontroseBeach201607032100,21.193333333333335,0.014000000000000002,0.21733333333333332,3.0
2016-07-03 22:00:00,,Montrose Beach,1467583200,21.18,0.012,0.215,3.0,MontroseBeach201607032200,21.18,0.012,0.215,3.0
2016-07-03 23:00:00,,Montrose Beach,1467586800,21.166666666666668,,,,MontroseBeach201607032300,21.166666666666668,0.010000000000000002,0.21266666666666667,3.0
2016-07-04 00:00:00,,Montrose Beach,1467590400,21.153333333333336,,,,MontroseBeach201607040000,21.153333333333336,0.008,0.21033333333333334,3.0
2016-07-04 01:00:00,,Montrose Beach,1467594000,21.14,0.006000000000000002,,,MontroseBeach201607040100,21.14,0.006000000000000002,0.20800000000000002,3.0
2016-07-04 02:00:00,,Montrose Beach,1467597600,21.12666666666667,0.004,,,MontroseBeach201607040200,21.12666666666667,0.004,0.20566666666666666,3.0
2016-07-04 03:00:00,,Montrose Beach,1467601200,21.113333333333333,0.0020000000000000018,0.20333333333333334,3.0,MontroseBeach201607040300,21.113333333333333,0.0020000000000000018,0.20333333333333334,3.0
2016-07-04 04:00:00,1541.0,Montrose Beach,1467604800,21.1,0.0,0.201,3.0,MontroseBeach201607040400,21.1,0.0,0.201,3.0
2016-07-04 05:00:00,,Montrose Beach,1467608400,21.05,0.0,0.20475000000000002,3.0,MontroseBeach201607040500,21.05,0.0,0.20475000000000002,3.0
2016-07-04 06:00:00,,Montrose Beach,1467612000,21.0,0.0,0.20850000000000002,3.0,MontroseBeach201607040600,21.0,0.0,0.20850000000000002,3.0
2016-07-04 07:00:00,,Montrose Beach,1467615600,20.95,0.0,0.21225,3.0,MontroseBeach201607040700,20.95,0.0,0.21225,3.0
2016-07-04 08:00:00,1544.0,Montrose Beach,1467619200,20.9,0.0,0.216,3.0,MontroseBeach201607040800,20.9,0.0,0.216,3.0
2016-07-04 09:00:00,1547.0,Montrose Beach,1467622800,21.0,0.0,0.214,3.0,MontroseBeach201607040900,21.0,0.0,0.214,3.0
2016-07-04 10:00:00,,Montrose Beach,1467626400,21.15,0.0,0.2175,3.0,MontroseBeach201607041000,21.15,0.0,0.2175,3.0
2016-07-04 11:00:00,1549.0,Montrose Beach,1467630000,21.3,0.0,0.221,3.0,MontroseBeach201607041100,21.3,0.0,0.221,3.0
2016-07-04 12:00:00,1551.0,Montrose Beach,1467633600,21.4,,0.202,3.0,MontroseBeach201607041200,21.4,0.0,0.202,3.0
2016-07-04 13:00:00,1553.0,Montrose Beach,1467637200,21.6,,0.216,3.0,MontroseBeach201607041300,21.6,0.0,0.216,3.0
2016-07-04 14:00:00,1556.0,Montrose Beach,1467640800,21.7,0.0,,3.0,MontroseBeach201607041400,21.7,0.0,0.209,3.0
2016-07-04 15:00:00,1558.0,Montrose Beach,1467644400,21.9,,,3.0,MontroseBeach201607041500,21.9,0.0,0.196,3.0
2016-07-04 16:00:00,1560.0,Montrose Beach,1467648000,22.0,0.0,0.211,3.0,MontroseBeach201607041600,22.0,0.0,0.211,3.0
2016-07-04 17:00:00,1561.0,Montrose Beach,1467651600,21.9,,,3.0,MontroseBeach201607041700,21.9,0.0,0.211,3.0
2016-07-04 18:00:00,1564.0,Montrose Beach,1467655200,22.8,0.0,,6.0,MontroseBeach201607041800,22.8,0.0,0.175,6.0
2016-07-04 19:00:00,1566.0,Montrose Beach,1467658800,23.0,0.0,,6.0,MontroseBeach201607041900,23.0,0.0,0.17,6.0
2016-07-04 20:00:00,1567.0,Montrose Beach,1467662400,22.8,0.0,,3.0,MontroseBeach201607042000,22.8,0.0,0.168,3.0
2016-07-04 21:00:00,1570.0,Montrose Beach,1467666000,22.7,0.0,0.16,3.0,MontroseBeach201607042100,22.7,0.0,0.16,3.0
2016-07-04 22:00:00,,Montrose Beach,1467669600,22.5,,0.158,,MontroseBeach201607042200,22.5,0.0,0.158,3.0
2016-07-04 23:00:00,1572.0,Montrose Beach,1467673200,22.3,0.0,0.156,,MontroseBeach201607042300,22.3,0.0,0.156,3.0
2016-07-05 00:00:00,1575.0,Montrose Beach,1467676800,22.2,0.0,0.158,,MontroseBeach201607050000,22.2,0.0,0.158,7.0
2016-07-05 01:00:00,1576.0,Montrose Beach,1467680400,21.9,,0.165,7.0,MontroseBeach201607050100,21.9,0.0,0.165,7.0
2016-07-05 02:00:00,1578.0,Montrose Beach,1467684000,21.8,0.0,0.141,,MontroseBeach201607050200,21.8,0.0,0.141,3.0
2016-07-05 03:00:00,1581.0,Montrose Beach,1467687600,21.7,0.0,0.134,,MontroseBeach201607050300,21.7,0.0,0.134,3.0
2016-07-05 04:00:00,1582.0,Montrose Beach,1467691200,21.7,0.0,0.121,,MontroseBeach201607050400,21.7,0.0,0.121,4.0
2016-07-05 05:00:00,1584.0,Montrose Beach,1467694800,21.6,,0.102,,MontroseBeach201607050500,21.6,0.0,0.102,3.0
2016-07-05 06:00:00,,Montrose Beach,1467698400,21.55,,0.101,5.0,MontroseBeach201607050600,21.55,0.0,0.101,5.0
2016-07-05 07:00:00,1588.0,Montrose Beach,1467702000,21.5,,0.1,7.0,MontroseBeach201607050700,21.5,0.0,0.1,7.0
2016-07-05 08:00:00,1589.0,Montrose Beach,1467705600,,,0.088,6.0,MontroseBeach201607050800,21.6,0.0,0.088,6.0
2016-07-05 09:00:00,1592.0,Montrose Beach,1467709200,,,0.083,5.0,MontroseBeach201607050900,21.7,0.0,0.083,5.0
2016-07-05 10:00:00,1593.0,Montrose Beach,1467712800,21.8,,0.087,,MontroseBeach201607051000,21.8,0.0,0.087,3.0
2016-07-05 11:00:00,1596.0,Montrose Beach,1467716400,,0.0,0.097,,MontroseBeach201607051100,21.9,0.0,0.097,4.0
2016-07-05 12:00:00,1597.0,Montrose Beach,1467720000,,0.0,0.124,,MontroseBeach201607051200,22.1,0.0,0.124,3.0
2016-07-05 13:00:00,1599.0,Montrose Beach,1467723600,,0.0,0.101,,MontroseBeach201607051300,22.2,0.0,0.101,2.0
2016-07-05 14:00:00,1601.0,Montrose Beach,1467727200,,0.02,0.108,3.0,MontroseBeach201607051400,22.2,0.02,0.108,3.0
2016-07-05 15:00:00,1604.0,Montrose Beach,1467730800,,0.0,0.113,6.0,MontroseBeach201607051500,22.5,0.0,0.113,6.0
2016-07-05 16:00:00,1606.0,Montrose Beach,1467734400,,0.0,,5.0,MontroseBeach201607051600,22.8,0.0,0.111,5.0
2016-07-05 17:00:00,1607.0,Montrose Beach,1467738000,23.1,0.0,0.124,,MontroseBeach201607051700,23.1,0.0,0.124,4.0
2016-07-05 18:00:00,1610.0,Montrose Beach,1467741600,22.9,0.0,,,MontroseBeach201607051800,22.9,0.0,0.113,7.0
2016-07-05 19:00:00,,Montrose Beach,1467745200,22.7,0.0,0.127,6.5,MontroseBeach201607051900,22.7,0.0,0.127,6.5
2016-07-05 20:00:00,1612.0,Montrose Beach,1467748800,22.5,0.0,0.141,6.0,MontroseBeach201607052000,22.5,0.0,0.141,6.0
2016-07-05 21:00:00,1615.0,Montrose Beach,1467752400,22.5,,0.127,4.0,MontroseBeach201607052100,22.5,0.0,0.127,4.0
2016-07-05 22:00:00,1616.0,Montrose Beach,1467756000,,,0.109,2.0,MontroseBeach201607052200,22.1,0.0,0.109,2.0
2016-07-05 23:00:00,1619.0,Montrose Beach,1467759600,21.8,0.0,0.1,9.0,MontroseBeach201607052300,21.8,0.0,0.1,9.0
2016-07-06 00:00:00,1620.0,Montrose Beach,1467763200,21.4,0.0,0.089,8.0,MontroseBeach201607060000,21.4,0.0,0.089,8.0
2016-07-06 01:00:00,1623.0,Montrose Beach,1467766800,21.2,0.0,0.096,7.0,MontroseBeach201607060100,21.2,0.0,0.096,7.0
2016-07-06 02:00:00,1625.0,Montrose Beach,1467770400,,0.0,0.092,6.0,MontroseBeach201607060200,21.1,0.0,0.092,6.0
2016-07-06 03:00:00,1626.0,Montrose Beach,1467774000,,0.0,0.186,,MontroseBeach201607060300,21.1,0.0,0.186,2.0
2016-07-06 04:00:00,,Montrose Beach,1467777600,,0.0,,,MontroseBeach201607060400,21.15,0.0,0.177,2.5
2016-07-06 05:00:00,1629.0,Montrose Beach,1467781200,,0.0,0.168,,MontroseBeach201607060500,21.2,0.0,0.168,3.0
2016-07-06 06:00:00,1630.0,Montrose Beach,1467784800,,0.0,0.14,8.0,MontroseBeach201607060600,21.1,0.0,0.14,8.0
2016-07-06 07:00:00,1633.0,Montrose Beach,1467788400,21.0,0.0,0.124,6.0,MontroseBeach201607060700,21.0,0.0,0.124,6.0
2016-07-06 08:00:00,,Montrose Beach,1467792000,,0.0,0.11499999999999999,4.5,MontroseBeach201607060800,20.95,0.0,0.11499999999999999,4.5
2016-07-06 09:00:00,1635.0,Montrose Beach,1467795600,20.9,0.0,0.106,3.0,MontroseBeach201607060900,20.9,0.0,0.106,3.0
2016-07-06 10:00:00,1637.0,Montrose Beach,1467799200,21.1,0.0,0.101,4.0,MontroseBeach201607061000,21.1,0.0,0.101,4.0
2016-07-06 11:00:00,1638.0,Montrose Beach,1467802800,21.4,0.0,0.206,3.0,MontroseBeach201607061100,21.4,0.0,0.206,3.0
2016-07-06 12:00:00,,Montrose Beach,1467806400,21.7,0.0,0.159,3.0,MontroseBeach201607061200,21.7,0.0,0.159,3.0
2016-07-06 13:00:00,1641.0,Montrose Beach,1467810000,22.0,0.0,0.112,,MontroseBeach201607061300,22.0,0.0,0.112,3.0
2016-07-06 14:00:00,1642.0,Montrose Beach,1467813600,22.4,0.0,,4.0,MontroseBeach201607061400,22.4,0.0,0.11,4.0
2016-07-06 15:00:00,1644.0,Montrose Beach,1467817200,23.0,,,10.0,MontroseBeach201607061500,23.0,0.0,0.126,10.0
2016-07-06 16:00:00,1647.0,Montrose Beach,1467820800,23.7,0.0,,4.0,MontroseBeach201607061600,23.7,0.0,0.134,4.0
2016-07-06 17:00:00,1648.0,Montrose Beach,1467824400,24.1,0.0,,8.0,MontroseBeach201607061700,24.1,0.0,0.122,8.0
2016-07-06 18:00:00,1651.0,Montrose Beach,1467828000,22.8,0.0,,7.0,MontroseBeach201607061800,22.8,0.0,0.133,7.0
2016-07-06 19:00:00,,Montrose Beach,1467831600,22.566666666666666,0.0,,6.666666666666667,MontroseBeach201607061900,22.566666666666666,0.0,0.136,6.666666666666667
2016-07-06 20:00:00,,Montrose Beach,1467835200,22.333333333333336,,,6.333333333333333,MontroseBeach201607062000,22.333333333333336,0.0,0.13899999999999998,6.333333333333333
2016-07-06 21:00:00,1653.0,Montrose Beach,1467838800,22.1,0.0,,6.0,MontroseBeach201607062100,22.1,0.0,0.142,6.0
2016-07-06 22:00:00,1656.0,Montrose Beach,1467842400,22.0,0.0,,,MontroseBeach201607062200,22.0,0.0,0.123,5.0
2016-07-06 23:00:00,1658.0,Montrose Beach,1467846000,21.9,0.0,,,MontroseBeach201607062300,21.9,0.0,0.122,9.0
2016-07-07 00:00:00,,Montrose Beach,1467849600,21.9,0.0,0.11699999999999999,7.666666666666667,MontroseBeach201607070000,21.9,0.0,0.11699999999999999,7.666666666666667
2016-07-07 01:00:00,,Montrose Beach,1467853200,21.9,0.0,0.112,6.333333333333334,MontroseBeach201607070100,21.9,0.0,0.112,6.333333333333334
2016-07-07 02:00:00,1661.0,Montrose Beach,1467856800,,0.0,0.107,5.0,MontroseBeach201607070200,21.9,0.0,0.107,5.0
2016-07-07 03:00:00,1662.0,Montrose Beach,1467860400,,0.0,0.102,5.0,MontroseBeach201607070300,21.9,0.0,0.102,5.0
2016-07-07 04:00:00,1665.0,Montrose Beach,1467864000,,0.0,0.101,4.0,MontroseBeach201607070400,21.9,0.0,0.101,4.0
2016-07-07 05:00:00,1666.0,Montrose Beach,1467867600,,0.0,0.095,10.0,MontroseBeach201607070500,21.9,0.0,0.095,10.0
2016-07-07 06:00:00,1669.0,Montrose Beach,1467871200,,0.0,0.099,3.0,MontroseBeach201607070600,21.8,0.0,0.099,3.0
2016-07-07 07:00:00,1670.0,Montrose Beach,1467874800,21.8,0.0,0.096,7.0,MontroseBeach201607070700,21.8,0.0,0.096,7.0
2016-07-07 08:00:00,1673.0,Montrose Beach,1467878400,21.9,0.0,0.103,6.0,MontroseBeach201607070800,21.9,0.0,0.103,6.0
2016-07-07 09:00:00,1674.0,Montrose Beach,1467882000,22.0,0.0,0.103,5.0,MontroseBeach201607070900,22.0,0.0,0.103,5.0
2016-07-07 10:00:00,1677.0,Montrose Beach,1467885600,22.2,0.0,0.094,4.0,MontroseBeach201607071000,22.2,0.0,0.094,4.0
2016-07-07 11:00:00,1679.0,Montrose Beach,1467889200,22.4,0.0,0.227,6.0,MontroseBeach201607071100,22.4,0.0,0.227,6.0
2016-07-07 12:00:00,1680.0,Montrose Beach,1467892800,22.6,0.0,0.091,,MontroseBeach201607071200,22.6,0.0,0.091,6.0
2016-07-07 13:00:00,1682.0,Montrose Beach,1467896400,22.6,0.0,0.087,4.0,MontroseBeach201607071300,22.6,0.0,0.087,4.0
2016-07-07 14:00:00,1685.0,Montrose Beach,1467900000,22.2,0.0,0.116,3.0,MontroseBeach201607071400,22.2,0.0,0.116,3.0
2016-07-07 15:00:00,1686.0,Montrose Beach,1467903600,,0.0,0.141,2.0,MontroseBeach201607071500,22.1,0.0,0.141,2.0
2016-07-07 16:00:00,1689.0,Montrose Beach,1467907200,22.4,0.0,,,MontroseBeach201607071600,22.4,0.0,0.148,3.0
2016-07-07 17:00:00,1690.0,Montrose Beach,1467910800,22.1,0.0,,,MontroseBeach201607071700,22.1,0.0,0.147,4.0
2016-07-07 18:00:00,1692.0,Montrose Beach,1467914400,21.6,0.0,,,MontroseBeach201607071800,21.6,0.0,0.148,4.0
2016-07-07 19:00:00,1694.0,Montrose Beach,1467918000,21.7,0.0,,,MontroseBeach201607071900,21.7,0.0,0.116,6.0
2016-07-07 20:00:00,1697.0,Montrose Beach,1467921600,21.6,0.0,,,MontroseBeach201607072000,21.6,0.0,0.116,5.0
2016-07-07 21:00:00,1698.0,Montrose Beach,1467925200,21.6,0.0,,,MontroseBeach201607072100,21.6,0.0,0.105,5.0
2016-07-07 22:00:00,1701.0,Montrose Beach,1467928800,,0.0,,5.0,MontroseBeach201607072200,21.6,0.0,0.106,5.0
2016-07-07 23:00:00,1703.0,Montrose Beach,1467932400,,0.0,,9.0,MontroseBeach201607072300,21.6,0.0,0.114,9.0
2016-07-08 00:00:00,1704.0,Montrose Beach,1467936000,,0.0,0.127,7.0,MontroseBeach201607080000,21.5,0.0,0.127,7.0
2016-07-08 01:00:00,1707.0,Montrose Beach,1467939600,21.6,0.0,0.204,6.0,MontroseBeach201607080100,21.6,0.0,0.204,6.0
2016-07-08 02:00:00,1709.0,Montrose Beach,1467943200,21.8,0.0,0.256,3.0,MontroseBeach201607080200,21.8,0.0,0.256,3.0
2016-07-08 03:00:00,1711.0,Montrose Beach,1467946800,,0.0,0.257,3.0,MontroseBeach201607080300,21.5,0.0,0.257,3.0
2016-07-08 04:00:00,1712.0,Montrose Beach,1467950400,,0.0,0.245,3.0,MontroseBeach201607080400,21.4,0.0,0.245,3.0
2016-07-08 05:00:00,1714.0,Montrose Beach,1467954000,,0.0,0.247,4.0,MontroseBeach201607080500,21.3,0.0,0.247,4.0
2016-07-08 06:00:00,1717.0,Montrose Beach,1467957600,,0.0,0.207,3.0,MontroseBeach201607080600,21.3,0.0,0.207,3.0
2016-07-08 07:00:00,1718.0,Montrose Beach,1467961200,21.4,0.0,0.2,3.0,MontroseBeach201607080700,21.4,0.0,0.2,3.0
2016-07-08 08:00:00,1721.0,Montrose Beach,1467964800,21.5,0.0,0.177,3.0,MontroseBeach201607080800,21.5,0.0,0.177,3.0
2016-07-08 09:00:00,1722.0,Montrose Beach,1467968400,21.6,,,3.0,MontroseBeach201607080900,21.6,0.0,0.157,3.0
2016-07-08 10:00:00,,Montrose Beach,1467972000,21.8,,,3.5,MontroseBeach201607081000,21.8,0.0,0.149,3.5
2016-07-08 11:00:00,1725.0,Montrose Beach,1467975600,,,,4.0,MontroseBeach201607081100,22.0,0.0,0.141,4.0
2016-07-08 12:00:00,1726.0,Montrose Beach,1467979200,,0.0,,3.0,MontroseBeach201607081200,22.2,0.0,0.127,3.0
2016-07-08 13:00:00,1729.0,Montrose Beach,1467982800,,0.0,,4.0,MontroseBeach201607081300,22.4,0.0,0.146,4.0
2016-07-08 14:00:00,1730.0,Montrose Beach,1467986400,,0.0,0.184,3.0,MontroseBeach201607081400,22.5,0.0,0.184,3.0
2016-07-08 15:00:00,1733.0,Montrose Beach,1467990000,22.4,0.0,0.189,3.0,MontroseBeach201607081500,22.4,0.0,0.189,3.0
2016-07-08 16:00:00,1734.0,Montrose Beach,1467993600,22.4,0.0,0.181,4.0,MontroseBeach201607081600,22.4,0.0,0.181,4.0
2016-07-08 17:00:00,1737.0,Montrose Beach,1467997200,22.3,0.0,0.2,3.0,MontroseBeach201607081700,22.3,0.0,0.2,3.0
2016-07-08 18:00:00,1738.0,Montrose Beach,1468000800,,0.0,,3.0,MontroseBeach201607081800,22.1,0.0,0.21,3.0
2016-07-08 19:00:00,1740.0,Montrose Beach,1468004400,,0.0,0.227,3.0,MontroseBeach201607081900,22.0,0.0,0.227,3.0
2016-07-08 20:00:00,1742.0,Montrose Beach,1468008000,,0.0,0.249,,MontroseBeach201607082000,21.8,0.0,0.249,3.0
2016-07-08 21:00:00,1744.0,Montrose Beach,1468011600,,0.0,0.225,,MontroseBeach201607082100,21.7,0.0,0.225,3.0
2016-07-08 22:00:00,1747.0,Montrose Beach,1468015200,,0.0,0.235,3.0,MontroseBeach201607082200,21.7,0.0,0.235,3.0
2016-07-08 23:00:00,1748.0,Montrose Beach,1468018800,21.6,,0.221,3.0,MontroseBeach201607082300,21.6,0.0,0.221,3.0
2016-07-09 00:00:00,1751.0,Montrose Beach,1468022400,21.5,,0.215,4.0,MontroseBeach201607090000,21.5,0.0,0.215,4.0
2016-07-09 01:00:00,1753.0,Montrose Beach,1468026000,21.3,,0.219,3.0,MontroseBeach201607090100,21.3,0.0,0.219,3.0
2016-07-09 02:00:00,1754.0,Montrose Beach,1468029600,21.2,,0.223,3.0,MontroseBeach201607090200,21.2,0.0,0.223,3.0
2016-07-09 03:00:00,1756.0,Montrose Beach,1468033200,21.1,0.0,0.211,3.0,MontroseBeach201607090300,21.1,0.0,0.211,3.0
2016-07-09 04:00:00,1759.0,Montrose Beach,1468036800,,0.0,0.234,3.0,MontroseBeach201607090400,21.1,0.0,0.234,3.0
2016-07-09 05:00:00,1760.0,Montrose Beach,1468040400,21.0,0.0,0.259,4.0,MontroseBeach201607090500,21.0,0.0,0.259,4.0
2016-07-09 06:00:00,1763.0,Montrose Beach,1468044000,20.9,0.0,0.271,3.0,MontroseBeach201607090600,20.9,0.0,0.271,3.0
2016-07-09 07:00:00,1764.0,Montrose Beach,1468047600,20.9,0.0,0.313,,MontroseBeach201607090700,20.9,0.0,0.313,4.0
2016-07-09 08:00:00,1767.0,Montrose Beach,1468051200,20.9,,0.42,,MontroseBeach201607090800,20.9,0.0,0.42,4.0
2016-07-09 09:00:00,1768.0,Montrose Beach,1468054800,21.0,,0.427,,MontroseBeach201607090900,21.0,0.0,0.427,5.0
2016-07-09 10:00:00,1770.0,Montrose Beach,1468058400,21.2,,0.444,6.0,MontroseBeach201607091000,21.2,0.0,0.444,6.0
2016-07-09 11:00:00,1772.0,Montrose Beach,1468062000,21.3,,0.44,5.0,MontroseBeach201607091100,21.3,1.47,0.44,5.0
2016-07-09 12:00:00,1774.0,Montrose Beach,1468065600,21.5,,0.432,,MontroseBeach201607091200,21.5,0.03,0.432,6.0
2016-07-09 13:00:00,1776.0,Montrose Beach,1468069200,21.7,0.17,,,MontroseBeach201607091300,21.7,0.17,0.451,6.0
2016-07-09 14:00:00,1779.0,Montrose Beach,1468072800,21.9,0.67,,,MontroseBeach201607091400,21.9,0.67,0.476,5.0
2016-07-09 15:00:00,1780.0,Montrose Beach,1468076400,22.0,0.31,,,MontroseBeach201607091500,22.0,0.31,0.449,6.0
2016-07-09 16:00:00,1783.0,Montrose Beach,1468080000,22.3,1.35,0.452,6.0,MontroseBeach201607091600,22.3,1.35,0.452,6.0
2016-07-09 17:00:00,1784.0,Montrose Beach,1468083600,22.4,0.77,0.435,5.0,MontroseBeach201607091700,22.4,0.77,0.435,5.0
2016-07-09 18:00:00,1787.0,Montrose Beach,1468087200,22.4,1.4,0.432,6.0,MontroseBeach201607091800,22.4,1.4,0.432,6.0
2016-07-09 19:00:00,1788.0,Montrose Beach,1468090800,22.4,0.65,0.432,5.0,MontroseBeach201607091900,22.4,0.65,0.432,5.0
2016-07-09 20:00:00,1791.0,Montrose Beach,1468094400,22.2,0.98,0.421,7.0,MontroseBeach201607092000,22.2,0.98,0.421,7.0
2016-07-09 21:00:00,1792.0,Montrose Beach,1468098000,22.0,0.3,,3.0,MontroseBeach201607092100,22.0,0.3,0.421,3.0
2016-07-09 22:00:00,1795.0,Montrose Beach,1468101600,22.0,0.28,,6.0,MontroseBeach201607092200,22.0,0.28,0.402,6.0
2016-07-09 23:00:00,1796.0,Montrose Beach,1468105200,22.0,0.4,,6.0,MontroseBeach201607092300,22.0,0.4,0.388,6.0
2016-07-10 00:00:00,1799.0,Montrose Beach,1468108800,,0.09,,6.0,MontroseBeach201607100000,22.0,0.09,0.379,6.0
2016-07-10 01:00:00,,Montrose Beach,1468112400,,0.045,0.362,6.0,MontroseBeach201607100100,21.95,0.045,0.362,6.0
2016-07-10 02:00:00,1800.0,Montrose Beach,1468116000,,0.0,0.345,,MontroseBeach201607100200,21.9,0.0,0.345,6.0
2016-07-10 03:00:00,1802.0,Montrose Beach,1468119600,21.8,0.08,0.349,,MontroseBeach201607100300,21.8,0.08,0.349,6.0
2016-07-10 04:00:00,1804.0,Montrose Beach,1468123200,21.8,0.0,0.323,,MontroseBeach201607100400,21.8,0.0,0.323,6.0
2016-07-10 05:00:00,1807.0,Montrose Beach,1468126800,21.8,0.04,0.327,,MontroseBeach201607100500,21.8,0.04,0.327,6.0
2016-07-10 06:00:00,1808.0,Montrose Beach,1468130400,21.8,0.02,0.317,,MontroseBeach201607100600,21.8,0.02,0.317,6.0
2016-07-10 07:00:00,1810.0,Montrose Beach,1468134000,21.8,0.06,0.299,5.0,MontroseBeach201607100700,21.8,0.06,0.299,5.0
2016-07-10 08:00:00,1812.0,Montrose Beach,1468137600,21.9,0.03,0.282,5.0,MontroseBeach201607100800,21.9,0.03,0.282,5.0
2016-07-10 09:00:00,1814.0,Montrose Beach,1468141200,22.1,0.0,0.273,4.0,MontroseBeach201607100900,22.1,0.0,0.273,4.0
2016-07-10 10:00:00,1817.0,Montrose Beach,1468144800,22.4,0.0,0.259,6.0,MontroseBeach201607101000,22.4,0.0,0.259,6.0
2016-07-10 11:00:00,1819.0,Montrose Beach,1468148400,22.7,,0.254,4.0,MontroseBeach201607101100,22.7,0.0,0.254,4.0
2016-07-10 12:00:00,1820.0,Montrose Beach,1468152000,,0.0,0.244,5.0,MontroseBeach201607101200,23.2,0.0,0.244,5.0
2016-07-10 13:00:00,1822.0,Montrose Beach,1468155600,,0.09,0.236,4.0,MontroseBeach201607101300,23.8,0.09,0.236,4.0
2016-07-10 14:00:00,1824.0,Montrose Beach,1468159200,24.2,0.27,0.238,,MontroseBeach201607101400,24.2,0.27,0.238,3.0
2016-07-10 15:00:00,1826.0,Montrose Beach,1468162800,23.4,0.65,0.27,5.0,MontroseBeach201607101500,23.4,0.65,0.27,5.0
2016-07-10 16:00:00,1829.0,Montrose Beach,1468166400,,1.52,0.264,5.0,MontroseBeach201607101600,24.4,1.52,0.264,5.0
2016-07-10 17:00:00,1830.0,Montrose Beach,1468170000,,0.01,,4.0,MontroseBeach201607101700,23.3,0.01,0.295,4.0
2016-07-10 18:00:00,1833.0,Montrose Beach,1468173600,,0.15,,,MontroseBeach201607101800,23.0,0.15,0.271,5.0
2016-07-10 19:00:00,1834.0,Montrose Beach,1468177200,,0.0,,3.0,MontroseBeach201607101900,22.9,0.0,0.254,3.0
2016-07-10 20:00:00,1836.0,Montrose Beach,1468180800,23.4,1.64,0.247,3.0,MontroseBeach201607102000,23.4,1.64,0.247,3.0
2016-07-10 21:00:00,1838.0,Montrose Beach,1468184400,23.1,0.61,0.23,3.0,MontroseBeach201607102100,23.1,0.61,0.23,3.0
2016-07-10 22:00:00,1841.0,Montrose Beach,1468188000,22.7,0.0,,3.0,MontroseBeach201607102200,22.7,0.0,0.238,3.0
2016-07-10 23:00:00,1842.0,Montrose Beach,1468191600,22.3,0.0,0.209,3.0,MontroseBeach201607102300,22.3,0.0,0.209,3.0
2016-07-11 00:00:00,1845.0,Montrose Beach,1468195200,22.3,0.0,0.191,3.0,MontroseBeach201607110000,22.3,0.0,0.191,3.0
2016-07-11 01:00:00,1846.0,Montrose Beach,1468198800,22.2,0.0,0.196,3.0,MontroseBeach201607110100,22.2,0.0,0.196,3.0
2016-07-11 02:00:00,1849.0,Montrose Beach,1468202400,22.2,0.01,0.179,3.0,MontroseBeach201607110200,22.2,0.01,0.179,3.0
2016-07-11 03:00:00,1850.0,Montrose Beach,1468206000,22.1,0.0,0.166,3.0,MontroseBeach201607110300,22.1,0.0,0.166,3.0
2016-07-11 04:00:00,1853.0,Montrose Beach,1468209600,22.0,0.02,0.159,3.0,MontroseBeach201607110400,22.0,0.02,0.159,3.0
2016-07-11 05:00:00,1854.0,Montrose Beach,1468213200,22.0,0.0,0.136,4.0,MontroseBeach201607110500,22.0,0.0,0.136,4.0
2016-07-11 06:00:00,1857.0,Montrose Beach,1468216800,,0.0,0.139,4.0,MontroseBeach201607110600,22.0,0.0,0.139,4.0
2016-07-11 07:00:00,1858.0,Montrose Beach,1468220400,,0.0,0.135,7.0,MontroseBeach201607110700,22.0,0.0,0.135,7.0
2016-07-11 08:00:00,1861.0,Montrose Beach,1468224000,,0.0,0.141,6.0,MontroseBeach201607110800,22.1,0.0,0.141,6.0
2016-07-11 09:00:00,1862.0,Montrose Beach,1468227600,,0.0,0.12,3.0,MontroseBeach201607110900,22.3,0.0,0.12,3.0
2016-07-11 10:00:00,1865.0,Montrose Beach,1468231200,22.6,0.0,0.141,3.0,MontroseBeach201607111000,22.6,0.0,0.141,3.0
2016-07-11 11:00:00,1866.0,Montrose Beach,1468234800,22.9,0.0,0.124,3.0,MontroseBeach201607111100,22.9,0.0,0.124,3.0
2016-07-11 12:00:00,1869.0,Montrose Beach,1468238400,22.9,0.0,0.13,3.0,MontroseBeach201607111200,22.9,0.0,0.13,3.0
2016-07-11 13:00:00,1870.0,Montrose Beach,1468242000,22.9,0.0,0.131,5.0,MontroseBeach201607111300,22.9,0.0,0.131,5.0
2016-07-11 14:00:00,1872.0,Montrose Beach,1468245600,23.0,0.0,0.133,3.0,MontroseBeach201607111400,23.0,0.0,0.133,3.0
2016-07-11 15:00:00,1875.0,Montrose Beach,1468249200,23.1,0.0,0.121,3.0,MontroseBeach201607111500,23.1,0.0,0.121,3.0
2016-07-11 16:00:00,1876.0,Montrose Beach,1468252800,23.4,0.0,0.116,9.0,MontroseBeach201607111600,23.4,0.0,0.116,9.0
2016-07-11 17:00:00,1878.0,Montrose Beach,1468256400,23.7,0.0,0.129,8.0,MontroseBeach201607111700,23.7,0.0,0.129,8.0
2016-07-11 18:00:00,1881.0,Montrose Beach,1468260000,23.1,0.0,0.186,7.0,MontroseBeach201607111800,23.1,0.0,0.186,7.0
2016-07-11 19:00:00,1882.0,Montrose Beach,1468263600,23.0,0.01,0.116,6.0,MontroseBeach201607111900,23.0,0.01,0.116,6.0
2016-07-11 20:00:00,1885.0,Montrose Beach,1468267200,22.9,0.0,0.125,5.0,MontroseBeach201607112000,22.9,0.0,0.125,5.0
2016-07-11 21:00:00,1887.0,Montrose Beach,1468270800,22.8,0.0,0.108,4.0,MontroseBeach201607112100,22.8,0.0,0.108,4.0
2016-07-11 22:00:00,1888.0,Montrose Beach,1468274400,22.8,0.0,,3.0,MontroseBeach201607112200,22.8,0.0,0.107,3.0
2016-07-11 23:00:00,1891.0,Montrose Beach,1468278000,22.7,,0.117,3.0,MontroseBeach201607112300,22.7,0.0,0.117,3.0
2016-07-12 00:00:00,1893.0,Montrose Beach,1468281600,22.7,,0.116,8.0,MontroseBeach201607120000,22.7,0.0,0.116,8.0
2016-07-12 01:00:00,,Montrose Beach,1468285200,22.65,,0.11699999999999999,7.0,MontroseBeach201607120100,22.65,0.0,0.11699999999999999,7.0
2016-07-12 02:00:00,1895.0,Montrose Beach,1468288800,,,0.118,6.0,MontroseBeach201607120200,22.6,0.0,0.118,6.0
2016-07-12 03:00:00,1897.0,Montrose Beach,1468292400,,0.0,0.114,3.0,MontroseBeach201607120300,22.6,0.0,0.114,3.0
2016-07-12 04:00:00,1898.0,Montrose Beach,1468296000,,0.0,0.106,3.0,MontroseBeach201607120400,22.5,0.0,0.106,3.0
2016-07-12 05:00:00,1900.0,Montrose Beach,1468299600,,0.0,0.108,4.0,MontroseBeach201607120500,22.5,0.0,0.108,4.0
2016-07-12 06:00:00,1902.0,Montrose Beach,1468303200,,0.0,0.106,8.0,MontroseBeach201607120600,22.5,0.0,0.106,8.0
2016-07-12 07:00:00,1905.0,Montrose Beach,1468306800,,,0.114,,MontroseBeach201607120700,22.5,0.0,0.114,7.0
2016-07-12 08:00:00,1906.0,Montrose Beach,1468310400,,,0.1,,MontroseBeach201607120800,22.6,0.0,0.1,6.0
2016-07-12 09:00:00,1909.0,Montrose Beach,1468314000,,,0.094,,MontroseBeach201607120900,22.8,0.0,0.094,6.0
2016-07-12 10:00:00,1910.0,Montrose Beach,1468317600,,,0.095,3.0,MontroseBeach201607121000,23.0,0.0,0.095,3.0
2016-07-12 11:00:00,1913.0,Montrose Beach,1468321200,23.4,,0.146,,MontroseBeach201607121100,23.4,0.01,0.146,4.0
2016-07-12 12:00:00,1914.0,Montrose Beach,1468324800,23.9,0.0,0.099,3.0,MontroseBeach201607121200,23.9,0.0,0.099,3.0
2016-07-12 13:00:00,1916.0,Montrose Beach,1468328400,22.8,0.0,0.097,3.0,MontroseBeach201607121300,22.8,0.0,0.097,3.0
2016-07-12 14:00:00,1917.0,Montrose Beach,1468332000,22.3,0.0,0.147,3.0,MontroseBeach201607121400,22.3,0.0,0.147,3.0
2016-07-12 15:00:00,,Montrose Beach,1468335600,22.18235294117647,0.0,0.14323529411764704,3.235294117647059,MontroseBeach201607121500,22.18235294117647,0.0,0.14323529411764704,3.235294117647059
2016-07-12 16:00:00,,Montrose Beach,1468339200,22.064705882352943,0.0,0.13947058823529412,3.4705882352941178,MontroseBeach201607121600,22.064705882352943,0.0,0.13947058823529412,3.4705882352941178
2016-07-12 17:00:00,,Montrose Beach,1468342800,21.947058823529414,0.0,0.13570588235294118,3.7058823529411766,MontroseBeach201607121700,21.947058823529414,0.0,0.13570588235294118,3.7058823529411766
2016-07-12 18:00:00,,Montrose Beach,1468346400,21.829411764705885,0.0,,3.9411764705882355,MontroseBeach201607121800,21.829411764705885,0.0,0.13194117647058823,3.9411764705882355
2016-07-12 19:00:00,,Montrose Beach,1468350000,21.711764705882352,0.0,0.12817647058823528,4.176470588235294,MontroseBeach201607121900,21.711764705882352,0.0,0.12817647058823528,4.176470588235294
2016-07-12 20:00:00,,Montrose Beach,1468353600,21.594117647058823,0.0,0.12441176470588235,,MontroseBeach201607122000,21.594117647058823,0.0,0.12441176470588235,4.411764705882353
2016-07-12 21:00:00,,Montrose Beach,1468357200,21.476470588235294,0.0,0.12064705882352941,,MontroseBeach201607122100,21.476470588235294,0.0,0.12064705882352941,4.647058823529412
2016-07-12 22:00:00,,Montrose Beach,1468360800,21.358823529411765,0.0,0.11688235294117647,,MontroseBeach201607122200,21.358823529411765,0.0,0.11688235294117647,4.882352941176471
2016-07-12 23:00:00,,Montrose Beach,1468364400,,,0.11311764705882353,,MontroseBeach201607122300,21.241176470588236,0.0,0.11311764705882353,5.117647058823529
2016-07-13 00:00:00,,Montrose Beach,1468368000,21.123529411764707,,0.1093529411764706,,MontroseBeach201607130000,21.123529411764707,0.0,0.1093529411764706,5.352941176470589
2016-07-13 01:00:00,,Montrose Beach,1468371600,21.00588235294118,,0.10558823529411765,,MontroseBeach201607130100,21.00588235294118,0.0,0.10558823529411765,5.588235294117647
2016-07-13 02:00:00,,Montrose Beach,1468375200,20.88823529411765,,0.1018235294117647,,MontroseBeach201607130200,20.88823529411765,0.0,0.1018235294117647,5.8235294117647065
2016-07-13 03:00:00,,Montrose Beach,1468378800,20.770588235294117,,0.09805882352941177,6.0588235294117645,MontroseBeach201607130300,20.770588235294117,0.0,0.09805882352941177,6.0588235294117645
2016-07-13 04:00:00,,Montrose Beach,1468382400,20.652941176470588,,0.09429411764705883,,MontroseBeach201607130400,20.652941176470588,0.0,0.09429411764705883,6.294117647058824
2016-07-13 05:00:00,,Montrose Beach,1468386000,20.53529411764706,,,,MontroseBeach201607130500,20.53529411764706,0.0,0.09052941176470589,6.529411764705882
2016-07-13 06:00:00,,Montrose Beach,1468389600,20.41764705882353,,,6.764705882352942,MontroseBeach201607130600,20.41764705882353,0.0,0.08676470588235294,6.764705882352942
2016-07-13 07:00:00,1919.0,Montrose Beach,1468393200,20.3,,,7.0,MontroseBeach201607130700,20.3,0.0,0.083,7.0
2016-07-13 08:00:00,1920.0,Montrose Beach,1468396800,,0.0,0.079,7.0,MontroseBeach201607130800,20.4,0.0,0.079,7.0
2016-07-13 09:00:00,1923.0,Montrose Beach,1468400400,20.6,0.0,0.086,5.0,MontroseBeach201607130900,20.6,0.0,0.086,5.0
2016-07-13 10:00:00,1924.0,Montrose Beach,1468404000,20.8,0.0,,4.0,MontroseBeach201607131000,20.8,0.0,0.091,4.0
2016-07-13 11:00:00,1927.0,Montrose Beach,1468407600,20.9,0.0,,3.0,MontroseBeach201607131100,20.9,0.0,0.11,3.0
2016-07-13 12:00:00,1928.0,Montrose Beach,1468411200,20.8,0.0,,3.0,MontroseBeach201607131200,20.8,0.0,0.156,3.0
2016-07-13 13:00:00,1931.0,Montrose Beach,1468414800,20.8,0.0,,4.0,MontroseBeach201607131300,20.8,0.0,0.108,4.0
2016-07-13 14:00:00,1932.0,Montrose Beach,1468418400,20.9,0.0,,3.0,MontroseBeach201607131400,20.9,0.0,0.104,3.0
2016-07-13 15:00:00,1934.0,Montrose Beach,1468422000,19.8,0.0,0.098,3.0,MontroseBeach201607131500,19.8,0.0,0.098,3.0
2016-07-13 16:00:00,1936.0,Montrose Beach,1468425600,18.9,0.0,0.103,7.0,MontroseBeach201607131600,18.9,0.0,0.103,7.0
2016-07-13 17:00:00,1939.0,Montrose Beach,1468429200,19.2,0.01,0.091,4.0,MontroseBeach201607131700,19.2,0.01,0.091,4.0
2016-07-13 18:00:00,1940.0,Montrose Beach,1468432800,19.3,0.0,0.091,8.0,MontroseBeach201607131800,19.3,0.0,0.091,8.0
2016-07-13 19:00:00,1942.0,Montrose Beach,1468436400,19.3,0.0,,6.0,MontroseBeach201607131900,19.3,0.0,0.098,6.0
2016-07-13 20:00:00,1945.0,Montrose Beach,1468440000,18.9,0.0,0.085,5.0,MontroseBeach201607132000,18.9,0.0,0.085,5.0
2016-07-13 21:00:00,1946.0,Montrose Beach,1468443600,18.6,0.0,0.134,3.0,MontroseBeach201607132100,18.6,0.0,0.134,3.0
2016-07-13 22:00:00,1949.0,Montrose Beach,1468447200,18.7,0.0,0.144,4.0,MontroseBeach201607132200,18.7,0.0,0.144,4.0
2016-07-13 23:00:00,1950.0,Montrose Beach,1468450800,18.3,,0.127,3.0,MontroseBeach201607132300,18.3,0.0,0.127,3.0
2016-07-14 00:00:00,1953.0,Montrose Beach,1468454400,18.0,0.0,0.108,4.0,MontroseBeach201607140000,18.0,0.0,0.108,4.0
2016-07-14 01:00:00,1954.0,Montrose Beach,1468458000,18.0,0.0,0.109,6.0,MontroseBeach201607140100,18.0,0.0,0.109,6.0
2016-07-14 02:00:00,1957.0,Montrose Beach,1468461600,18.0,0.0,0.126,10.0,MontroseBeach201607140200,18.0,0.0,0.126,10.0
2016-07-14 03:00:00,1958.0,Montrose Beach,1468465200,17.7,0.0,0.103,9.0,MontroseBeach201607140300,17.7,0.0,0.103,9.0
2016-07-14 04:00:00,1961.0,Montrose Beach,1468468800,17.6,0.0,0.099,4.0,MontroseBeach201607140400,17.6,0.0,0.099,4.0
2016-07-14 05:00:00,1962.0,Montrose Beach,1468472400,,0.0,0.096,9.0,MontroseBeach201607140500,17.4,0.0,0.096,9.0
2016-07-14 06:00:00,1964.0,Montrose Beach,1468476000,,0.0,0.098,6.0,MontroseBeach201607140600,17.2,0.0,0.098,6.0
2016-07-14 07:00:00,1967.0,Montrose Beach,1468479600,,0.0,0.092,8.0,MontroseBeach201607140700,17.1,0.0,0.092,8.0
2016-07-14 08:00:00,1968.0,Montrose Beach,1468483200,17.2,0.0,0.084,,MontroseBeach201607140800,17.2,0.0,0.084,6.0
2016-07-14 09:00:00,1970.0,Montrose Beach,1468486800,17.4,0.0,0.1,4.0,MontroseBeach201607140900,17.4,0.0,0.1,4.0
2016-07-14 10:00:00,1973.0,Montrose Beach,1468490400,17.6,0.0,0.099,,MontroseBeach201607141000,17.6,0.0,0.099,4.0
2016-07-14 11:00:00,1974.0,Montrose Beach,1468494000,,0.0,0.105,4.0,MontroseBeach201607141100,17.5,0.0,0.105,4.0
2016-07-14 12:00:00,1977.0,Montrose Beach,1468497600,17.8,0.0,0.107,5.0,MontroseBeach201607141200,17.8,0.0,0.107,5.0
2016-07-14 13:00:00,1978.0,Montrose Beach,1468501200,17.8,0.0,0.107,9.0,MontroseBeach201607141300,17.8,0.0,0.107,9.0
2016-07-14 14:00:00,1981.0,Montrose Beach,1468504800,17.9,0.0,0.113,9.0,MontroseBeach201607141400,17.9,0.0,0.113,9.0
2016-07-14 15:00:00,1982.0,Montrose Beach,1468508400,17.8,0.0,0.139,5.0,MontroseBeach201607141500,17.8,0.0,0.139,5.0
2016-07-14 16:00:00,1984.0,Montrose Beach,1468512000,17.6,0.0,,2.0,MontroseBeach201607141600,17.6,0.0,0.167,2.0
2016-07-14 17:00:00,1987.0,Montrose Beach,1468515600,17.3,0.0,0.173,2.0,MontroseBeach201607141700,17.3,0.0,0.173,2.0
2016-07-14 18:00:00,1988.0,Montrose Beach,1468519200,17.1,0.0,,,MontroseBeach201607141800,17.1,0.0,0.174,7.0
2016-07-14 19:00:00,1991.0,Montrose Beach,1468522800,,0.0,,3.0,MontroseBeach201607141900,17.0,0.0,0.177,3.0
2016-07-14 20:00:00,1992.0,Montrose Beach,1468526400,,0.0,,3.0,MontroseBeach201607142000,16.8,0.0,0.161,3.0
2016-07-14 21:00:00,1995.0,Montrose Beach,1468530000,16.7,0.0,,4.0,MontroseBeach201607142100,16.7,0.0,0.151,4.0
2016-07-14 22:00:00,1997.0,Montrose Beach,1468533600,,0.0,,3.0,MontroseBeach201607142200,16.7,0.0,0.151,3.0
2016-07-14 23:00:00,1998.0,Montrose Beach,1468537200,,,,9.0,MontroseBeach201607142300,16.5,0.0,0.143,9.0
2016-07-15 00:00:00,2001.0,Montrose Beach,1468540800,16.5,0.0,,8.0,MontroseBeach201607150000,16.5,0.0,0.141,8.0
2016-07-15 01:00:00,2003.0,Montrose Beach,1468544400,16.5,0.0,,4.0,MontroseBeach201607150100,16.5,0.0,0.148,4.0
2016-07-15 02:00:00,2005.0,Montrose Beach,1468548000,17.2,0.0,0.161,3.0,MontroseBeach201607150200,17.2,0.0,0.161,3.0
2016-07-15 03:00:00,2006.0,Montrose Beach,1468551600,17.1,0.0,0.211,3.0,MontroseBeach201607150300,17.1,0.0,0.211,3.0
2016-07-15 04:00:00,2008.0,Montrose Beach,1468555200,17.1,0.0,0.184,3.0,MontroseBeach201607150400,17.1,0.0,0.184,3.0
2016-07-15 05:00:00,2010.0,Montrose Beach,1468558800,17.1,0.0,0.18,3.0,MontroseBeach201607150500,17.1,0.0,0.18,3.0
2016-07-15 06:00:00,2013.0,Montrose Beach,1468562400,,,0.186,3.0,MontroseBeach201607150600,17.0,0.0,0.186,3.0
2016-07-15 07:00:00,2014.0,Montrose Beach,1468566000,17.0,,0.221,3.0,MontroseBeach201607150700,17.0,0.0,0.221,3.0
2016-07-15 08:00:00,2017.0,Montrose Beach,1468569600,17.1,0.0,0.246,4.0,MontroseBeach201607150800,17.1,0.0,0.246,4.0
2016-07-15 09:00:00,2018.0,Montrose Beach,1468573200,17.2,0.0,0.262,4.0,MontroseBeach201607150900,17.2,0.0,0.262,4.0
2016-07-15 10:00:00,2021.0,Montrose Beach,1468576800,17.2,0.0,0.256,,MontroseBeach201607151000,17.2,0.0,0.256,4.0
2016-07-15 11:00:00,2022.0,Montrose Beach,1468580400,17.3,0.0,0.256,,MontroseBeach201607151100,17.3,0.0,0.256,4.0
2016-07-15 12:00:00,2025.0,Montrose Beach,1468584000,17.3,0.0,0.241,3.0,MontroseBeach201607151200,17.3,0.0,0.241,3.0
2016-07-15 13:00:00,2026.0,Montrose Beach,1468587600,17.3,0.01,,3.0,MontroseBeach201607151300,17.3,0.01,0.259,3.0
2016-07-15 14:00:00,2029.0,Montrose Beach,1468591200,17.3,0.0,,3.0,MontroseBeach201607151400,17.3,0.0,0.323,3.0
2016-07-15 15:00:00,2030.0,Montrose Beach,1468594800,17.4,0.0,,4.0,MontroseBeach201607151500,17.4,0.0,0.391,4.0
2016-07-15 16:00:00,2033.0,Montrose Beach,1468598400,17.4,,,5.0,MontroseBeach201607151600,17.4,0.0,0.416,5.0
2016-07-15 17:00:00,2034.0,Montrose Beach,1468602000,17.4,,0.406,4.0,MontroseBeach201607151700,17.4,0.0,0.406,4.0
2016-07-15 18:00:00,2037.0,Montrose Beach,1468605600,17.4,,0.435,,MontroseBeach201607151800,17.4,0.03,0.435,4.0
2016-07-15 19:00:00,2039.0,Montrose Beach,1468609200,17.3,,0.398,4.0,MontroseBeach201607151900,17.3,0.03,0.398,4.0
2016-07-15 20:00:00,2040.0,Montrose Beach,1468612800,17.2,,0.416,4.0,MontroseBeach201607152000,17.2,0.05,0.416,4.0
2016-07-15 21:00:00,2043.0,Montrose Beach,1468616400,18.8,0.0,0.418,,MontroseBeach201607152100,18.8,0.0,0.418,5.0
2016-07-15 22:00:00,2045.0,Montrose Beach,1468620000,18.8,0.0,0.438,5.0,MontroseBeach201607152200,18.8,0.0,0.438,5.0
2016-07-15 23:00:00,2046.0,Montrose Beach,1468623600,18.6,0.0,,5.0,MontroseBeach201607152300,18.6,0.0,0.441,5.0
2016-07-16 00:00:00,2049.0,Montrose Beach,1468627200,18.8,0.0,,5.0,MontroseBeach201607160000,18.8,0.0,0.437,5.0
2016-07-16 01:00:00,2050.0,Montrose Beach,1468630800,18.9,0.0,,5.0,MontroseBeach201607160100,18.9,0.0,0.428,5.0
2016-07-16 02:00:00,2052.0,Montrose Beach,1468634400,19.0,0.02,,6.0,MontroseBeach201607160200,19.0,0.02,0.386,6.0
2016-07-16 03:00:00,2054.0,Montrose Beach,1468638000,,0.0,,6.0,MontroseBeach201607160300,19.0,0.0,0.392,6.0
2016-07-16 04:00:00,2057.0,Montrose Beach,1468641600,,0.0,0.363,5.0,MontroseBeach201607160400,20.2,0.0,0.363,5.0
2016-07-16 05:00:00,2058.0,Montrose Beach,1468645200,,0.0,0.371,5.0,MontroseBeach201607160500,20.2,0.0,0.371,5.0
2016-07-16 06:00:00,2060.0,Montrose Beach,1468648800,,0.0,0.343,6.0,MontroseBeach201607160600,20.2,0.0,0.343,6.0
2016-07-16 07:00:00,2062.0,Montrose Beach,1468652400,20.1,0.0,0.32,5.0,MontroseBeach201607160700,20.1,0.0,0.32,5.0
2016-07-16 08:00:00,2065.0,Montrose Beach,1468656000,,0.0,0.292,5.0,MontroseBeach201607160800,20.2,0.0,0.292,5.0
2016-07-16 09:00:00,2066.0,Montrose Beach,1468659600,,0.0,,5.0,MontroseBeach201607160900,20.2,0.0,0.288,5.0
2016-07-16 10:00:00,2068.0,Montrose Beach,1468663200,,0.0,,3.0,MontroseBeach201607161000,20.4,0.0,0.315,3.0
2016-07-16 11:00:00,2071.0,Montrose Beach,1468666800,20.7,0.03,,5.0,MontroseBeach201607161100,20.7,0.03,0.278,5.0
2016-07-16 12:00:00,2072.0,Montrose Beach,1468670400,21.1,0.0,,3.0,MontroseBeach201607161200,21.1,0.0,0.278,3.0
2016-07-16 13:00:00,2075.0,Montrose Beach,1468674000,21.4,0.0,,4.0,MontroseBeach201607161300,21.4,0.0,0.257,4.0
2016-07-16 14:00:00,2077.0,Montrose Beach,1468677600,21.9,0.0,0.272,3.0,MontroseBeach201607161400,21.9,0.0,0.272,3.0
2016-07-16 15:00:00,2078.0,Montrose Beach,1468681200,,0.0,0.278,5.0,MontroseBeach201607161500,22.3,0.0,0.278,5.0
2016-07-16 16:00:00,2081.0,Montrose Beach,1468684800,22.7,0.0,0.256,5.0,MontroseBeach201607161600,22.7,0.0,0.256,5.0
2016-07-16 17:00:00,2082.0,Montrose Beach,1468688400,22.6,0.0,0.256,5.0,MontroseBeach201607161700,22.6,0.0,0.256,5.0
2016-07-16 18:00:00,2085.0,Montrose Beach,1468692000,22.5,0.0,0.257,5.0,MontroseBeach201607161800,22.5,0.0,0.257,5.0
2016-07-16 19:00:00,2086.0,Montrose Beach,1468695600,22.6,0.0,0.223,4.0,MontroseBeach201607161900,22.6,0.0,0.223,4.0
2016-07-16 20:00:00,2089.0,Montrose Beach,1468699200,22.1,0.0,0.205,4.0,MontroseBeach201607162000,22.1,0.0,0.205,4.0
2016-07-16 21:00:00,2090.0,Montrose Beach,1468702800,21.8,0.0,0.206,4.0,MontroseBeach201607162100,21.8,0.0,0.206,4.0
2016-07-16 22:00:00,2093.0,Montrose Beach,1468706400,21.5,0.0,0.183,4.0,MontroseBeach201607162200,21.5,0.0,0.183,4.0
2016-07-16 23:00:00,2094.0,Montrose Beach,1468710000,21.1,0.0,0.175,4.0,MontroseBeach201607162300,21.1,0.0,0.175,4.0
2016-07-17 00:00:00,2097.0,Montrose Beach,1468713600,20.7,0.0,0.162,3.0,MontroseBeach201607170000,20.7,0.0,0.162,3.0
2016-07-17 01:00:00,,Montrose Beach,1468717200,20.65,0.0,0.14950000000000002,3.5,MontroseBeach201607170100,20.65,0.0,0.14950000000000002,3.5
2016-07-17 02:00:00,2098.0,Montrose Beach,1468720800,20.6,0.0,0.137,4.0,MontroseBeach201607170200,20.6,0.0,0.137,4.0
2016-07-17 03:00:00,2100.0,Montrose Beach,1468724400,20.4,0.0,0.124,5.0,MontroseBeach201607170300,20.4,0.0,0.124,5.0
2016-07-17 04:00:00,2103.0,Montrose Beach,1468728000,20.2,0.0,0.132,3.0,MontroseBeach201607170400,20.2,0.0,0.132,3.0
2016-07-17 05:00:00,2105.0,Montrose Beach,1468731600,,0.0,0.134,4.0,MontroseBeach201607170500,20.1,0.0,0.134,4.0
2016-07-17 06:00:00,2107.0,Montrose Beach,1468735200,,0.0,0.14,3.0,MontroseBeach201607170600,19.9,0.0,0.14,3.0
2016-07-17 07:00:00,2109.0,Montrose Beach,1468738800,,0.0,0.148,4.0,MontroseBeach201607170700,19.7,0.0,0.148,4.0
2016-07-17 08:00:00,2110.0,Montrose Beach,1468742400,,0.0,0.179,,MontroseBeach201607170800,19.5,0.0,0.179,4.0
2016-07-17 09:00:00,2112.0,Montrose Beach,1468746000,,0.0,0.174,4.0,MontroseBeach201607170900,19.4,0.0,0.174,4.0
2016-07-17 10:00:00,2114.0,Montrose Beach,1468749600,,0.0,0.183,4.0,MontroseBeach201607171000,19.4,0.0,0.183,4.0
2016-07-17 11:00:00,2116.0,Montrose Beach,1468753200,,0.0,0.188,4.0,MontroseBeach201607171100,19.7,0.0,0.188,4.0
2016-07-17 12:00:00,2119.0,Montrose Beach,1468756800,,0.0,0.185,5.0,MontroseBeach201607171200,20.0,0.0,0.185,5.0
2016-07-17 13:00:00,2120.0,Montrose Beach,1468760400,,0.0,0.166,,MontroseBeach201607171300,20.5,0.0,0.166,5.0
2016-07-17 14:00:00,2122.0,Montrose Beach,1468764000,,0.0,0.156,,MontroseBeach201607171400,20.8,0.0,0.156,5.0
2016-07-17 15:00:00,2125.0,Montrose Beach,1468767600,21.1,,0.136,,MontroseBeach201607171500,21.1,0.0,0.136,4.0
2016-07-17 16:00:00,2127.0,Montrose Beach,1468771200,21.3,0.0,0.129,,MontroseBeach201607171600,21.3,0.0,0.129,4.0
2016-07-17 17:00:00,2128.0,Montrose Beach,1468774800,,,0.145,,MontroseBeach201607171700,21.4,0.0,0.145,4.0
2016-07-17 18:00:00,2131.0,Montrose Beach,1468778400,,,0.125,10.0,MontroseBeach201607171800,21.5,0.0,0.125,10.0
2016-07-17 19:00:00,2132.0,Montrose Beach,1468782000,21.5,,,5.0,MontroseBeach201607171900,21.5,0.0,0.125,5.0
2016-07-17 20:00:00,2135.0,Montrose Beach,1468785600,21.3,,0.133,8.0,MontroseBeach201607172000,21.3,0.0,0.133,8.0
2016-07-17 21:00:00,2137.0,Montrose Beach,1468789200,21.0,,0.128,5.0,MontroseBeach201607172100,21.0,0.0,0.128,5.0
2016-07-17 22:00:00,2138.0,Montrose Beach,1468792800,21.0,0.0,0.122,8.0,MontroseBeach201607172200,21.0,0.0,0.122,8.0
2016-07-17 23:00:00,2141.0,Montrose Beach,1468796400,20.6,0.0,,9.0,MontroseBeach201607172300,20.6,0.0,0.116,9.0
2016-07-18 00:00:00,2142.0,Montrose Beach,1468800000,,0.0,,9.0,MontroseBeach201607180000,18.7,0.0,0.121,9.0
2016-07-18 01:00:00,2145.0,Montrose Beach,1468803600,17.9,0.0,,9.0,MontroseBeach201607180100,17.9,0.0,0.111,9.0
2016-07-18 02:00:00,2147.0,Montrose Beach,1468807200,17.0,0.0,,9.0,MontroseBeach201607180200,17.0,0.0,0.139,9.0
2016-07-18 03:00:00,2149.0,Montrose Beach,1468810800,16.8,0.0,0.111,7.0,MontroseBeach201607180300,16.8,0.0,0.111,7.0
2016-07-18 04:00:00,2150.0,Montrose Beach,1468814400,16.4,0.0,0.114,8.0,MontroseBeach201607180400,16.4,0.0,0.114,8.0
2016-07-18 05:00:00,2153.0,Montrose Beach,1468818000,16.0,0.0,,9.0,MontroseBeach201607180500,16.0,0.0,0.115,9.0
2016-07-18 06:00:00,2154.0,Montrose Beach,1468821600,15.9,0.0,0.108,8.0,MontroseBeach201607180600,15.9,0.0,0.108,8.0
2016-07-18 07:00:00,2157.0,Montrose Beach,1468825200,15.8,0.0,0.104,7.0,MontroseBeach201607180700,15.8,0.0,0.104,7.0
2016-07-18 08:00:00,2159.0,Montrose Beach,1468828800,15.9,0.0,0.104,9.0,MontroseBeach201607180800,15.9,0.0,0.104,9.0
2016-07-18 09:00:00,2160.0,Montrose Beach,1468832400,16.0,0.0,0.126,6.0,MontroseBeach201607180900,16.0,0.0,0.126,6.0
2016-07-18 10:00:00,2163.0,Montrose Beach,1468836000,,0.0,0.114,9.0,MontroseBeach201607181000,16.9,0.0,0.114,9.0
2016-07-18 11:00:00,2165.0,Montrose Beach,1468839600,,0.0,0.11,9.0,MontroseBeach201607181100,19.7,0.0,0.11,9.0
2016-07-18 12:00:00,2166.0,Montrose Beach,1468843200,,0.0,0.11,7.0,MontroseBeach201607181200,19.6,0.0,0.11,7.0
2016-07-18 13:00:00,2169.0,Montrose Beach,1468846800,,0.0,0.111,7.0,MontroseBeach201607181300,20.6,0.0,0.111,7.0
2016-07-18 14:00:00,2171.0,Montrose Beach,1468850400,20.8,0.0,0.129,3.0,MontroseBeach201607181400,20.8,0.0,0.129,3.0
2016-07-18 15:00:00,2173.0,Montrose Beach,1468854000,21.3,0.0,0.16,4.0,MontroseBeach201607181500,21.3,0.0,0.16,4.0
2016-07-18 16:00:00,2174.0,Montrose Beach,1468857600,21.0,0.0,0.159,3.0,MontroseBeach201607181600,21.0,0.0,0.159,3.0
2016-07-18 17:00:00,2177.0,Montrose Beach,1468861200,20.8,0.0,,3.0,MontroseBeach201607181700,20.8,0.0,0.165,3.0
2016-07-18 18:00:00,2178.0,Montrose Beach,1468864800,20.7,0.0,0.195,6.0,MontroseBeach201607181800,20.7,0.0,0.195,6.0
2016-07-18 19:00:00,2181.0,Montrose Beach,1468868400,20.9,0.0,0.167,6.0,MontroseBeach201607181900,20.9,0.0,0.167,6.0
2016-07-18 20:00:00,2182.0,Montrose Beach,1468872000,20.4,0.0,0.154,,MontroseBeach201607182000,20.4,0.0,0.154,2.0
2016-07-18 21:00:00,2185.0,Montrose Beach,1468875600,19.9,0.0,0.159,2.0,MontroseBeach201607182100,19.9,0.0,0.159,2.0
2016-07-18 22:00:00,2186.0,Montrose Beach,1468879200,19.9,0.0,0.15,4.0,MontroseBeach201607182200,19.9,0.0,0.15,4.0
2016-07-18 23:00:00,2189.0,Montrose Beach,1468882800,19.7,0.0,0.127,2.0,MontroseBeach201607182300,19.7,0.0,0.127,2.0
2016-07-19 00:00:00,2191.0,Montrose Beach,1468886400,19.6,0.0,0.12,8.0,MontroseBeach201607190000,19.6,0.0,0.12,8.0
2016-07-19 01:00:00,2192.0,Montrose Beach,1468890000,19.7,0.0,0.105,4.0,MontroseBeach201607190100,19.7,0.0,0.105,4.0
2016-07-19 02:00:00,2194.0,Montrose Beach,1468893600,19.8,0.0,0.101,6.0,MontroseBeach201607190200,19.8,0.0,0.101,6.0
2016-07-19 03:00:00,2197.0,Montrose Beach,1468897200,19.7,0.0,0.106,4.0,MontroseBeach201607190300,19.7,0.0,0.106,4.0
2016-07-19 04:00:00,2198.0,Montrose Beach,1468900800,19.7,0.0,,4.0,MontroseBeach201607190400,19.7,0.0,0.103,4.0
2016-07-19 05:00:00,2201.0,Montrose Beach,1468904400,19.7,0.0,,4.0,MontroseBeach201607190500,19.7,0.0,0.098,4.0
2016-07-19 06:00:00,2202.0,Montrose Beach,1468908000,19.6,,,4.0,MontroseBeach201607190600,19.6,0.0,0.097,4.0
2016-07-19 07:00:00,2204.0,Montrose Beach,1468911600,19.6,0.0,,7.0,MontroseBeach201607190700,19.6,0.0,0.103,7.0
2016-07-19 08:00:00,2206.0,Montrose Beach,1468915200,19.7,0.0,,5.0,MontroseBeach201607190800,19.7,0.0,0.093,5.0
2016-07-19 09:00:00,2209.0,Montrose Beach,1468918800,20.0,0.0,,4.0,MontroseBeach201607190900,20.0,0.0,0.102,4.0
2016-07-19 10:00:00,2210.0,Montrose Beach,1468922400,,0.0,,4.0,MontroseBeach201607191000,20.3,0.0,0.089,4.0
2016-07-19 11:00:00,2213.0,Montrose Beach,1468926000,20.7,0.0,,3.0,MontroseBeach201607191100,20.7,0.0,0.128,3.0
2016-07-19 12:00:00,2214.0,Montrose Beach,1468929600,21.1,0.0,,3.0,MontroseBeach201607191200,21.1,0.0,0.157,3.0
2016-07-19 13:00:00,2217.0,Montrose Beach,1468933200,21.5,0.0,,2.0,MontroseBeach201607191300,21.5,0.0,0.189,2.0
2016-07-19 14:00:00,2218.0,Montrose Beach,1468936800,23.3,0.0,0.175,3.0,MontroseBeach201607191400,23.3,0.0,0.175,3.0
2016-07-19 15:00:00,2221.0,Montrose Beach,1468940400,24.0,,0.178,3.0,MontroseBeach201607191500,24.0,0.0,0.178,3.0
2016-07-19 16:00:00,2222.0,Montrose Beach,1468944000,24.1,,,3.0,MontroseBeach201607191600,24.1,0.0,0.178,3.0
2016-07-19 17:00:00,2224.0,Montrose Beach,1468947600,24.3,,,3.0,MontroseBeach201607191700,24.3,0.0,0.166,3.0
2016-07-19 18:00:00,2226.0,Montrose Beach,1468951200,25.1,,,3.0,MontroseBeach201607191800,25.1,0.0,0.163,3.0
2016-07-19 19:00:00,2229.0,Montrose Beach,1468954800,25.0,,,2.0,MontroseBeach201607191900,25.0,0.0,0.185,2.0
2016-07-19 20:00:00,2230.0,Montrose Beach,1468958400,24.5,0.0,,2.0,MontroseBeach201607192000,24.5,0.0,0.216,2.0
2016-07-19 21:00:00,2232.0,Montrose Beach,1468962000,24.5,0.03,0.228,3.0,MontroseBeach201607192100,24.5,0.03,0.228,3.0
2016-07-19 22:00:00,2235.0,Montrose Beach,1468965600,22.8,,0.249,3.0,MontroseBeach201607192200,22.8,0.0,0.249,3.0
2016-07-19 23:00:00,2237.0,Montrose Beach,1468969200,22.4,0.0,0.236,,MontroseBeach201607192300,22.4,0.0,0.236,3.0
2016-07-20 00:00:00,2238.0,Montrose Beach,1468972800,22.3,,0.231,,MontroseBeach201607200000,22.3,0.0,0.231,3.0
2016-07-20 01:00:00,2241.0,Montrose Beach,1468976400,22.1,,0.245,,MontroseBeach201607200100,22.1,0.0,0.245,3.0
2016-07-20 02:00:00,2243.0,Montrose Beach,1468980000,22.0,,,,MontroseBeach201607200200,22.0,0.0,0.249,3.0
2016-07-20 03:00:00,2244.0,Montrose Beach,1468983600,22.0,,0.245,3.0,MontroseBeach201607200300,22.0,0.0,0.245,3.0
2016-07-20 04:00:00,2246.0,Montrose Beach,1468987200,22.0,0.0,0.261,3.0,MontroseBeach201607200400,22.0,0.0,0.261,3.0
2016-07-20 05:00:00,2249.0,Montrose Beach,1468990800,21.9,0.0,,4.0,MontroseBeach201607200500,21.9,0.0,0.253,4.0
2016-07-20 06:00:00,2251.0,Montrose Beach,1468994400,21.8,0.0,,3.0,MontroseBeach201607200600,21.8,0.0,0.269,3.0
2016-07-20 07:00:00,2252.0,Montrose Beach,1468998000,21.6,,0.242,,MontroseBeach201607200700,21.6,0.0,0.242,3.0
2016-07-20 08:00:00,2255.0,Montrose Beach,1469001600,21.5,0.0,0.22,,MontroseBeach201607200800,21.5,0.0,0.22,3.0
2016-07-20 09:00:00,2257.0,Montrose Beach,1469005200,21.6,,0.199,,MontroseBeach201607200900,21.6,0.0,0.199,3.0
2016-07-20 10:00:00,2258.0,Montrose Beach,1469008800,22.0,0.0,0.188,3.0,MontroseBeach201607201000,22.0,0.0,0.188,3.0
2016-07-20 11:00:00,2260.0,Montrose Beach,1469012400,21.9,0.0,0.157,3.0,MontroseBeach201607201100,21.9,0.0,0.157,3.0
2016-07-20 12:00:00,2263.0,Montrose Beach,1469016000,21.6,0.0,,4.0,MontroseBeach201607201200,21.6,0.0,0.144,4.0
2016-07-20 13:00:00,2264.0,Montrose Beach,1469019600,21.4,0.0,0.148,4.0,MontroseBeach201607201300,21.4,0.0,0.148,4.0
2016-07-20 14:00:00,2267.0,Montrose Beach,1469023200,21.5,,0.157,4.0,MontroseBeach201607201400,21.5,0.0,0.157,4.0
2016-07-20 15:00:00,2268.0,Montrose Beach,1469026800,21.2,0.0,0.145,3.0,MontroseBeach201607201500,21.2,0.0,0.145,3.0
2016-07-20 16:00:00,2271.0,Montrose Beach,1469030400,20.6,0.0,0.169,3.0,MontroseBeach201607201600,20.6,0.0,0.169,3.0
2016-07-20 17:00:00,2272.0,Montrose Beach,1469034000,20.0,0.0,0.133,9.0,MontroseBeach201607201700,20.0,0.0,0.133,9.0
2016-07-20 18:00:00,2275.0,Montrose Beach,1469037600,19.3,0.0,0.124,3.0,MontroseBeach201607201800,19.3,0.0,0.124,3.0
2016-07-20 19:00:00,2277.0,Montrose Beach,1469041200,19.3,0.0,,7.0,MontroseBeach201607201900,19.3,0.0,0.132,7.0
2016-07-20 20:00:00,2278.0,Montrose Beach,1469044800,19.5,0.0,,3.0,MontroseBeach201607202000,19.5,0.0,0.134,3.0
2016-07-20 21:00:00,2280.0,Montrose Beach,1469048400,19.7,0.06,,,MontroseBeach201607202100,19.7,0.06,0.131,3.0
2016-07-20 22:00:00,2283.0,Montrose Beach,1469052000,,0.0,,,MontroseBeach201607202200,19.5,0.0,0.118,10.0
2016-07-20 23:00:00,2284.0,Montrose Beach,1469055600,,0.0,,,MontroseBeach201607202300,19.1,0.0,0.144,3.0
2016-07-21 00:00:00,2286.0,Montrose Beach,1469059200,17.4,0.0,,,MontroseBeach201607210000,17.4,0.0,0.13,7.0
2016-07-21 01:00:00,2289.0,Montrose Beach,1469062800,17.0,0.0,0.125,,MontroseBeach201607210100,17.0,0.0,0.125,6.0
2016-07-21 02:00:00,2290.0,Montrose Beach,1469066400,16.1,0.0,0.088,5.0,MontroseBeach201607210200,16.1,0.0,0.088,5.0
2016-07-21 03:00:00,2292.0,Montrose Beach,1469070000,15.9,,0.097,3.0,MontroseBeach201607210300,15.9,0.0,0.097,3.0
2016-07-21 04:00:00,2295.0,Montrose Beach,1469073600,16.1,0.0,,10.0,MontroseBeach201607210400,16.1,0.0,0.098,10.0
2016-07-21 05:00:00,2296.0,Montrose Beach,1469077200,16.1,0.0,,9.0,MontroseBeach201607210500,16.1,0.0,0.152,9.0
2016-07-21 06:00:00,2299.0,Montrose Beach,1469080800,15.5,,0.098,8.0,MontroseBeach201607210600,15.5,0.0,0.098,8.0
2016-07-21 07:00:00,2300.0,Montrose Beach,1469084400,15.3,0.0,0.092,,MontroseBeach201607210700,15.3,0.0,0.092,7.0
2016-07-21 08:00:00,2303.0,Montrose Beach,1469088000,15.3,0.0,0.096,6.0,MontroseBeach201607210800,15.3,0.0,0.096,6.0
2016-07-21 09:00:00,2304.0,Montrose Beach,1469091600,15.1,0.0,0.087,4.0,MontroseBeach201607210900,15.1,0.0,0.087,4.0
2016-07-21 10:00:00,2307.0,Montrose Beach,1469095200,16.3,0.0,0.097,4.0,MontroseBeach201607211000,16.3,0.0,0.097,4.0
2016-07-21 11:00:00,2308.0,Montrose Beach,1469098800,15.9,0.0,0.095,3.0,MontroseBeach201607211100,15.9,0.0,0.095,3.0
2016-07-21 12:00:00,2311.0,Montrose Beach,1469102400,16.4,,0.104,3.0,MontroseBeach201607211200,16.4,0.0,0.104,3.0
2016-07-21 13:00:00,2312.0,Montrose Beach,1469106000,15.4,,0.351,3.0,MontroseBeach201607211300,15.4,0.0,0.351,3.0
2016-07-21 14:00:00,2315.0,Montrose Beach,1469109600,15.4,,0.352,,MontroseBeach201607211400,15.4,0.0,0.352,3.0
2016-07-21 15:00:00,2316.0,Montrose Beach,1469113200,15.8,,0.323,3.0,MontroseBeach201607211500,15.8,0.0,0.323,3.0
2016-07-21 16:00:00,2318.0,Montrose Beach,1469116800,16.8,0.0,0.275,3.0,MontroseBeach201607211600,16.8,0.0,0.275,3.0
2016-07-21 17:00:00,2320.0,Montrose Beach,1469120400,16.7,0.0,0.249,4.0,MontroseBeach201607211700,16.7,0.0,0.249,4.0
2016-07-21 18:00:00,2322.0,Montrose Beach,1469124000,17.2,0.0,,3.0,MontroseBeach201607211800,17.2,0.0,0.203,3.0
2016-07-21 19:00:00,2325.0,Montrose Beach,1469127600,,0.0,,3.0,MontroseBeach201607211900,17.7,0.0,0.201,3.0
2016-07-21 20:00:00,2326.0,Montrose Beach,1469131200,,0.0,,3.0,MontroseBeach201607212000,17.1,0.0,0.145,3.0
2016-07-21 21:00:00,2329.0,Montrose Beach,1469134800,,0.0,0.343,3.0,MontroseBeach201607212100,15.8,0.0,0.343,3.0
2016-07-21 22:00:00,2330.0,Montrose Beach,1469138400,,0.0,0.262,3.0,MontroseBeach201607212200,16.3,0.0,0.262,3.0
2016-07-21 23:00:00,2333.0,Montrose Beach,1469142000,,0.0,0.234,3.0,MontroseBeach201607212300,16.4,0.0,0.234,3.0
2016-07-22 00:00:00,2334.0,Montrose Beach,1469145600,16.6,0.0,0.166,3.0,MontroseBeach201607220000,16.6,0.0,0.166,3.0
2016-07-22 01:00:00,2337.0,Montrose Beach,1469149200,16.6,0.0,0.169,7.0,MontroseBeach201607220100,16.6,0.0,0.169,7.0
2016-07-22 02:00:00,2338.0,Montrose Beach,1469152800,16.5,0.0,0.171,3.0,MontroseBeach201607220200,16.5,0.0,0.171,3.0
2016-07-22 03:00:00,2341.0,Montrose Beach,1469156400,16.6,0.0,0.211,4.0,MontroseBeach201607220300,16.6,0.0,0.211,4.0
2016-07-22 04:00:00,2342.0,Montrose Beach,1469160000,17.0,0.0,0.201,4.0,MontroseBeach201607220400,17.0,0.0,0.201,4.0
2016-07-22 05:00:00,2345.0,Montrose Beach,1469163600,17.3,,0.176,4.0,MontroseBeach201607220500,17.3,0.0,0.176,4.0
2016-07-22 06:00:00,2346.0,Montrose Beach,1469167200,17.4,0.0,0.162,3.0,MontroseBeach201607220600,17.4,0.0,0.162,3.0
2016-07-22 07:00:00,2349.0,Montrose Beach,1469170800,17.0,0.0,0.186,3.0,MontroseBeach201607220700,17.0,0.0,0.186,3.0
2016-07-22 08:00:00,2350.0,Montrose Beach,1469174400,17.4,0.0,0.163,4.0,MontroseBeach201607220800,17.4,0.0,0.163,4.0
2016-07-22 09:00:00,2352.0,Montrose Beach,1469178000,17.8,0.0,0.191,4.0,MontroseBeach201607220900,17.8,0.0,0.191,4.0
2016-07-22 10:00:00,2355.0,Montrose Beach,1469181600,,0.0,0.196,3.0,MontroseBeach201607221000,17.5,0.0,0.196,3.0
2016-07-22 11:00:00,2356.0,Montrose Beach,1469185200,,0.0,,4.0,MontroseBeach201607221100,18.0,0.0,0.186,4.0
2016-07-22 12:00:00,2359.0,Montrose Beach,1469188800,,0.0,0.18,3.0,MontroseBeach201607221200,18.3,0.0,0.18,3.0
2016-07-22 13:00:00,2361.0,Montrose Beach,1469192400,,0.0,0.173,3.0,MontroseBeach201607221300,18.6,0.0,0.173,3.0
2016-07-22 14:00:00,2363.0,Montrose Beach,1469196000,19.3,0.0,0.167,3.0,MontroseBeach201607221400,19.3,0.0,0.167,3.0
2016-07-22 15:00:00,2364.0,Montrose Beach,1469199600,19.5,0.0,0.146,3.0,MontroseBeach201607221500,19.5,0.0,0.146,3.0
2016-07-22 16:00:00,2366.0,Montrose Beach,1469203200,20.6,0.0,0.147,4.0,MontroseBeach201607221600,20.6,0.0,0.147,4.0
2016-07-22 17:00:00,2369.0,Montrose Beach,1469206800,21.6,0.0,0.142,4.0,MontroseBeach201607221700,21.6,0.0,0.142,4.0
2016-07-22 18:00:00,2371.0,Montrose Beach,1469210400,20.5,0.0,0.143,4.0,MontroseBeach201607221800,20.5,0.0,0.143,4.0
2016-07-22 19:00:00,2372.0,Montrose Beach,1469214000,19.9,0.0,0.12,7.0,MontroseBeach201607221900,19.9,0.0,0.12,7.0
2016-07-22 20:00:00,2375.0,Montrose Beach,1469217600,19.7,0.0,0.157,3.0,MontroseBeach201607222000,19.7,0.0,0.157,3.0
2016-07-22 21:00:00,2376.0,Montrose Beach,1469221200,19.1,0.0,0.099,3.0,MontroseBeach201607222100,19.1,0.0,0.099,3.0
2016-07-22 22:00:00,2379.0,Montrose Beach,1469224800,18.8,0.0,0.098,4.0,MontroseBeach201607222200,18.8,0.0,0.098,4.0
2016-07-22 23:00:00,2380.0,Montrose Beach,1469228400,18.7,0.0,0.137,4.0,MontroseBeach201607222300,18.7,0.0,0.137,4.0
2016-07-23 00:00:00,2383.0,Montrose Beach,1469232000,18.9,0.0,0.094,8.0,MontroseBeach201607230000,18.9,0.0,0.094,8.0
2016-07-23 01:00:00,2384.0,Montrose Beach,1469235600,19.9,0.0,0.105,3.0,MontroseBeach201607230100,19.9,0.0,0.105,3.0
2016-07-23 02:00:00,2387.0,Montrose Beach,1469239200,19.9,,0.097,4.0,MontroseBeach201607230200,19.9,0.0,0.097,4.0
2016-07-23 03:00:00,2389.0,Montrose Beach,1469242800,20.2,0.0,0.097,4.0,MontroseBeach201607230300,20.2,0.0,0.097,4.0
2016-07-23 04:00:00,2390.0,Montrose Beach,1469246400,20.2,0.0,,4.0,MontroseBeach201607230400,20.2,0.0,0.109,4.0
2016-07-23 05:00:00,2393.0,Montrose Beach,1469250000,20.4,0.0,,3.0,MontroseBeach201607230500,20.4,0.0,0.101,3.0
2016-07-23 06:00:00,2394.0,Montrose Beach,1469253600,20.5,0.0,,3.0,MontroseBeach201607230600,20.5,0.0,0.106,3.0
2016-07-23 07:00:00,2397.0,Montrose Beach,1469257200,,0.0,0.115,6.0,MontroseBeach201607230700,20.8,0.0,0.115,6.0
2016-07-23 08:00:00,2398.0,Montrose Beach,1469260800,,0.0,0.113,6.0,MontroseBeach201607230800,21.8,0.0,0.113,6.0
2016-07-23 09:00:00,2401.0,Montrose Beach,1469264400,,,0.104,5.0,MontroseBeach201607230900,21.9,0.0,0.104,5.0
2016-07-23 10:00:00,2402.0,Montrose Beach,1469268000,,0.0,0.13,3.0,MontroseBeach201607231000,22.5,0.0,0.13,3.0
2016-07-23 11:00:00,2404.0,Montrose Beach,1469271600,,0.0,,3.0,MontroseBeach201607231100,22.6,0.0,0.11,3.0
2016-07-23 12:00:00,,Montrose Beach,1469275200,22.65,0.0,,5.0,MontroseBeach201607231200,22.65,0.0,0.135,5.0
2016-07-23 13:00:00,2407.0,Montrose Beach,1469278800,22.7,0.0,,7.0,MontroseBeach201607231300,22.7,0.0,0.16,7.0
2016-07-23 14:00:00,2408.0,Montrose Beach,1469282400,23.3,0.0,,3.0,MontroseBeach201607231400,23.3,0.0,0.227,3.0
2016-07-23 15:00:00,2410.0,Montrose Beach,1469286000,23.2,0.0,,4.0,MontroseBeach201607231500,23.2,0.0,0.167,4.0
2016-07-23 16:00:00,2413.0,Montrose Beach,1469289600,22.8,0.0,,3.0,MontroseBeach201607231600,22.8,0.0,0.201,3.0
2016-07-23 17:00:00,2415.0,Montrose Beach,1469293200,22.8,,,3.0,MontroseBeach201607231700,22.8,0.0,0.224,3.0
2016-07-23 18:00:00,2416.0,Montrose Beach,1469296800,23.4,0.0,0.149,7.0,MontroseBeach201607231800,23.4,0.0,0.149,7.0
2016-07-23 19:00:00,2419.0,Montrose Beach,1469300400,,0.04,0.457,3.0,MontroseBeach201607231900,22.1,0.04,0.457,3.0
2016-07-23 20:00:00,2421.0,Montrose Beach,1469304000,,0.0,0.332,4.0,MontroseBeach201607232000,22.4,0.0,0.332,4.0
2016-07-23 21:00:00,2422.0,Montrose Beach,1469307600,,0.0,0.295,3.0,MontroseBeach201607232100,22.3,0.0,0.295,3.0
2016-07-23 22:00:00,2425.0,Montrose Beach,1469311200,,0.0,0.278,3.0,MontroseBeach201607232200,22.1,0.0,0.278,3.0
2016-07-23 23:00:00,2426.0,Montrose Beach,1469314800,22.0,0.0,0.259,3.0,MontroseBeach201607232300,22.0,0.0,0.259,3.0
2016-07-24 00:00:00,2428.0,Montrose Beach,1469318400,22.0,,0.217,7.0,MontroseBeach201607240000,22.0,0.0,0.217,7.0
2016-07-24 01:00:00,,Montrose Beach,1469322000,21.65,,0.18,5.0,MontroseBeach201607240100,21.65,0.0,0.18,5.0
2016-07-24 02:00:00,2431.0,Montrose Beach,1469325600,21.3,0.0,0.143,3.0,MontroseBeach201607240200,21.3,0.0,0.143,3.0
2016-07-24 03:00:00,2432.0,Montrose Beach,1469329200,21.0,0.0,0.149,,MontroseBeach201607240300,21.0,0.0,0.149,3.0
2016-07-24 04:00:00,2435.0,Montrose Beach,1469332800,20.3,0.0,0.135,,MontroseBeach201607240400,20.3,0.0,0.135,3.0
2016-07-24 05:00:00,2436.0,Montrose Beach,1469336400,20.0,0.0,0.119,,MontroseBeach201607240500,20.0,0.0,0.119,3.0
2016-07-24 06:00:00,2439.0,Montrose Beach,1469340000,19.7,0.0,0.112,3.0,MontroseBeach201607240600,19.7,0.0,0.112,3.0
2016-07-24 07:00:00,2440.0,Montrose Beach,1469343600,,0.0,0.122,3.0,MontroseBeach201607240700,19.6,0.0,0.122,3.0
2016-07-24 08:00:00,2443.0,Montrose Beach,1469347200,19.6,,0.136,7.0,MontroseBeach201607240800,19.6,0.0,0.136,7.0
2016-07-24 09:00:00,2445.0,Montrose Beach,1469350800,19.7,0.0,,3.0,MontroseBeach201607240900,19.7,0.0,0.146,3.0
2016-07-24 10:00:00,2446.0,Montrose Beach,1469354400,20.0,0.0,0.14,3.0,MontroseBeach201607241000,20.0,0.0,0.14,3.0
2016-07-24 11:00:00,2449.0,Montrose Beach,1469358000,20.3,0.0,0.134,4.0,MontroseBeach201607241100,20.3,0.0,0.134,4.0
2016-07-24 12:00:00,2450.0,Montrose Beach,1469361600,20.7,0.0,0.175,4.0,MontroseBeach201607241200,20.7,0.0,0.175,4.0
2016-07-24 13:00:00,2453.0,Montrose Beach,1469365200,20.8,0.01,0.165,,MontroseBeach201607241300,20.8,0.01,0.165,3.0
2016-07-24 14:00:00,2454.0,Montrose Beach,1469368800,20.3,,0.173,,MontroseBeach201607241400,20.3,0.0,0.173,4.0
2016-07-24 15:00:00,2457.0,Montrose Beach,1469372400,20.3,0.0,0.148,,MontroseBeach201607241500,20.3,0.0,0.148,8.0
2016-07-24 16:00:00,2458.0,Montrose Beach,1469376000,20.7,0.0,0.17,,MontroseBeach201607241600,20.7,0.0,0.17,4.0
2016-07-24 17:00:00,2461.0,Montrose Beach,1469379600,20.6,0.0,0.188,4.0,MontroseBeach201607241700,20.6,0.0,0.188,4.0
2016-07-24 18:00:00,2462.0,Montrose Beach,1469383200,19.2,0.0,0.153,4.0,MontroseBeach201607241800,19.2,0.0,0.153,4.0
2016-07-24 19:00:00,2465.0,Montrose Beach,1469386800,18.6,0.0,0.152,4.0,MontroseBeach201607241900,18.6,0.0,0.152,4.0
2016-07-24 20:00:00,2467.0,Montrose Beach,1469390400,18.6,0.0,0.122,4.0,MontroseBeach201607242000,18.6,0.0,0.122,4.0
2016-07-24 21:00:00,2468.0,Montrose Beach,1469394000,18.7,0.0,0.115,,MontroseBeach201607242100,18.7,0.0,0.115,3.0
2016-07-24 22:00:00,2471.0,Montrose Beach,1469397600,18.5,0.0,0.118,4.0,MontroseBeach201607242200,18.5,0.0,0.118,4.0
2016-07-24 23:00:00,2472.0,Montrose Beach,1469401200,17.8,0.0,0.12,3.0,MontroseBeach201607242300,17.8,0.0,0.12,3.0
2016-07-25 00:00:00,2475.0,Montrose Beach,1469404800,16.6,0.0,0.156,3.0,MontroseBeach201607250000,16.6,0.0,0.156,3.0
2016-07-25 01:00:00,2476.0,Montrose Beach,1469408400,16.3,0.0,0.156,8.0,MontroseBeach201607250100,16.3,0.0,0.156,8.0
2016-07-25 02:00:00,2478.0,Montrose Beach,1469412000,16.2,0.0,0.097,7.0,MontroseBeach201607250200,16.2,0.0,0.097,7.0
2016-07-25 03:00:00,2480.0,Montrose Beach,1469415600,15.7,,0.096,,MontroseBeach201607250300,15.7,0.0,0.096,6.0
2016-07-25 04:00:00,2482.0,Montrose Beach,1469419200,15.9,,0.1,,MontroseBeach201607250400,15.9,0.0,0.1,3.0
2016-07-25 05:00:00,2485.0,Montrose Beach,1469422800,15.6,,0.095,,MontroseBeach201607250500,15.6,0.0,0.095,9.0
2016-07-25 06:00:00,2486.0,Montrose Beach,1469426400,15.4,0.0,0.099,,MontroseBeach201607250600,15.4,0.0,0.099,8.0
2016-07-25 07:00:00,2489.0,Montrose Beach,1469430000,15.4,0.0,0.107,6.0,MontroseBeach201607250700,15.4,0.0,0.107,6.0
2016-07-25 08:00:00,2490.0,Montrose Beach,1469433600,15.3,,0.103,5.0,MontroseBeach201607250800,15.3,0.0,0.103,5.0
2016-07-25 09:00:00,2493.0,Montrose Beach,1469437200,15.2,0.0,0.114,4.0,MontroseBeach201607250900,15.2,0.0,0.114,4.0
2016-07-25 10:00:00,2494.0,Montrose Beach,1469440800,15.7,0.0,,6.0,MontroseBeach201607251000,15.7,0.0,0.121,6.0
2016-07-25 11:00:00,2497.0,Montrose Beach,1469444400,16.8,0.0,,4.0,MontroseBeach201607251100,16.8,0.0,0.126,4.0
2016-07-25 12:00:00,2499.0,Montrose Beach,1469448000,17.7,0.0,,3.0,MontroseBeach201607251200,17.7,0.0,0.133,3.0
2016-07-25 13:00:00,2500.0,Montrose Beach,1469451600,,0.0,0.155,2.0,MontroseBeach201607251300,18.9,0.0,0.155,2.0
2016-07-25 14:00:00,2503.0,Montrose Beach,1469455200,,0.0,0.155,,MontroseBeach201607251400,19.6,0.0,0.155,4.0
2016-07-25 15:00:00,2504.0,Montrose Beach,1469458800,,0.0,0.173,,MontroseBeach201607251500,19.4,0.0,0.173,3.0
2016-07-25 16:00:00,2507.0,Montrose Beach,1469462400,,0.0,,,MontroseBeach201607251600,18.7,0.0,0.174,4.0
2016-07-25 17:00:00,2509.0,Montrose Beach,1469466000,,0.0,,,MontroseBeach201607251700,18.8,0.0,0.153,4.0
2016-07-25 18:00:00,2511.0,Montrose Beach,1469469600,,0.0,,5.0,MontroseBeach201607251800,18.4,0.0,0.154,5.0
2016-07-25 19:00:00,2512.0,Montrose Beach,1469473200,17.8,0.0,,7.0,MontroseBeach201607251900,17.8,0.0,0.144,7.0
2016-07-25 20:00:00,2515.0,Montrose Beach,1469476800,,0.0,0.138,4.0,MontroseBeach201607252000,18.2,0.0,0.138,4.0
2016-07-25 21:00:00,2517.0,Montrose Beach,1469480400,,0.0,0.13,4.0,MontroseBeach201607252100,17.8,0.0,0.13,4.0
2016-07-25 22:00:00,2518.0,Montrose Beach,1469484000,,0.0,0.119,4.0,MontroseBeach201607252200,17.4,0.0,0.119,4.0
2016-07-25 23:00:00,2521.0,Montrose Beach,1469487600,,0.0,0.132,8.0,MontroseBeach201607252300,18.1,0.0,0.132,8.0
2016-07-26 00:00:00,2522.0,Montrose Beach,1469491200,,0.0,0.117,,MontroseBeach201607260000,17.8,0.0,0.117,4.0
2016-07-26 01:00:00,2525.0,Montrose Beach,1469494800,18.3,0.0,0.129,,MontroseBeach201607260100,18.3,0.0,0.129,4.0
2016-07-26 02:00:00,2527.0,Montrose Beach,1469498400,18.3,0.0,0.133,,MontroseBeach201607260200,18.3,0.0,0.133,4.0
2016-07-26 03:00:00,2528.0,Montrose Beach,1469502000,18.2,0.0,0.154,,MontroseBeach201607260300,18.2,0.0,0.154,3.0
2016-07-26 04:00:00,2531.0,Montrose Beach,1469505600,18.1,0.0,,,MontroseBeach201607260400,18.1,0.0,0.165,3.0
2016-07-26 05:00:00,2533.0,Montrose Beach,1469509200,18.1,0.0,0.169,3.0,MontroseBeach201607260500,18.1,0.0,0.169,3.0
2016-07-26 06:00:00,2534.0,Montrose Beach,1469512800,18.0,0.0,0.175,3.0,MontroseBeach201607260600,18.0,0.0,0.175,3.0
2016-07-26 07:00:00,2537.0,Montrose Beach,1469516400,18.0,0.0,0.172,7.0,MontroseBeach201607260700,18.0,0.0,0.172,7.0
2016-07-26 08:00:00,2538.0,Montrose Beach,1469520000,18.1,0.0,0.146,3.0,MontroseBeach201607260800,18.1,0.0,0.146,3.0
2016-07-26 09:00:00,2541.0,Montrose Beach,1469523600,18.5,0.0,0.122,3.0,MontroseBeach201607260900,18.5,0.0,0.122,3.0
2016-07-26 10:00:00,2542.0,Montrose Beach,1469527200,18.6,0.0,0.108,4.0,MontroseBeach201607261000,18.6,0.0,0.108,4.0
2016-07-26 11:00:00,2545.0,Montrose Beach,1469530800,20.6,,0.092,4.0,MontroseBeach201607261100,20.6,0.0,0.092,4.0
2016-07-26 12:00:00,2546.0,Montrose Beach,1469534400,21.4,0.0,0.092,3.0,MontroseBeach201607261200,21.4,0.0,0.092,3.0
2016-07-26 13:00:00,2549.0,Montrose Beach,1469538000,21.9,0.0,,3.0,MontroseBeach201607261300,21.9,0.0,0.093,3.0
2016-07-26 14:00:00,2550.0,Montrose Beach,1469541600,22.6,0.0,,2.0,MontroseBeach201607261400,22.6,0.0,0.1,2.0
2016-07-26 15:00:00,2553.0,Montrose Beach,1469545200,23.0,,,4.0,MontroseBeach201607261500,23.0,0.0,0.179,4.0
2016-07-26 16:00:00,2554.0,Montrose Beach,1469548800,23.3,,,,MontroseBeach201607261600,23.3,0.0,0.11,9.0
2016-07-26 17:00:00,2557.0,Montrose Beach,1469552400,22.3,,,,MontroseBeach201607261700,22.3,0.0,0.098,8.0
2016-07-26 18:00:00,2558.0,Montrose Beach,1469556000,23.4,,,7.0,MontroseBeach201607261800,23.4,0.0,0.135,7.0
2016-07-26 19:00:00,2561.0,Montrose Beach,1469559600,23.3,0.0,0.138,3.0,MontroseBeach201607261900,23.3,0.0,0.138,3.0
2016-07-26 20:00:00,2562.0,Montrose Beach,1469563200,22.3,,0.104,5.0,MontroseBeach201607262000,22.3,0.0,0.104,5.0
2016-07-26 21:00:00,2565.0,Montrose Beach,1469566800,21.2,,0.135,4.0,MontroseBeach201607262100,21.2,0.0,0.135,4.0
2016-07-26 22:00:00,2566.0,Montrose Beach,1469570400,20.3,,0.112,3.0,MontroseBeach201607262200,20.3,0.0,0.112,3.0
2016-07-26 23:00:00,2569.0,Montrose Beach,1469574000,19.3,,,3.0,MontroseBeach201607262300,19.3,0.0,0.115,3.0
2016-07-27 00:00:00,2570.0,Montrose Beach,1469577600,18.7,,,8.0,MontroseBeach201607270000,18.7,0.0,0.105,8.0
2016-07-27 01:00:00,2573.0,Montrose Beach,1469581200,18.0,0.0,,3.0,MontroseBeach201607270100,18.0,0.0,0.123,3.0
2016-07-27 02:00:00,2574.0,Montrose Beach,1469584800,18.0,0.0,,4.0,MontroseBeach201607270200,18.0,0.0,0.106,4.0
2016-07-27 03:00:00,2576.0,Montrose Beach,1469588400,18.3,0.0,,3.0,MontroseBeach201607270300,18.3,0.0,0.093,3.0
2016-07-27 04:00:00,2577.0,Montrose Beach,1469592000,18.0,0.0,0.125,10.0,MontroseBeach201607270400,18.0,0.0,0.125,10.0
2016-07-27 05:00:00,2579.0,Montrose Beach,1469595600,,0.0,0.089,4.0,MontroseBeach201607270500,17.9,0.0,0.089,4.0
2016-07-27 06:00:00,2582.0,Montrose Beach,1469599200,,0.0,0.076,8.0,MontroseBeach201607270600,18.1,0.0,0.076,8.0
2016-07-27 07:00:00,2583.0,Montrose Beach,1469602800,,0.0,0.087,7.0,MontroseBeach201607270700,18.0,0.0,0.087,7.0
2016-07-27 08:00:00,2585.0,Montrose Beach,1469606400,,0.0,0.091,3.0,MontroseBeach201607270800,18.7,0.0,0.091,3.0
2016-07-27 09:00:00,2587.0,Montrose Beach,1469610000,,0.0,0.085,5.0,MontroseBeach201607270900,18.6,0.0,0.085,5.0
2016-07-27 10:00:00,2589.0,Montrose Beach,1469613600,19.5,0.0,0.077,5.0,MontroseBeach201607271000,19.5,0.0,0.077,5.0
2016-07-27 11:00:00,2591.0,Montrose Beach,1469617200,,0.0,0.094,3.0,MontroseBeach201607271100,19.8,0.0,0.094,3.0
2016-07-27 12:00:00,2593.0,Montrose Beach,1469620800,19.9,0.0,0.085,5.0,MontroseBeach201607271200,19.9,0.0,0.085,5.0
2016-07-27 13:00:00,2595.0,Montrose Beach,1469624400,19.4,0.0,0.152,,MontroseBeach201607271300,19.4,0.0,0.152,3.0
2016-07-27 14:00:00,2597.0,Montrose Beach,1469628000,19.4,0.0,0.111,,MontroseBeach201607271400,19.4,0.0,0.111,3.0
2016-07-27 15:00:00,2599.0,Montrose Beach,1469631600,18.7,0.0,0.121,,MontroseBeach201607271500,18.7,0.0,0.121,7.0
2016-07-27 16:00:00,2601.0,Montrose Beach,1469635200,18.5,0.0,0.158,,MontroseBeach201607271600,18.5,0.0,0.158,3.0
2016-07-27 17:00:00,2603.0,Montrose Beach,1469638800,19.2,0.0,0.191,,MontroseBeach201607271700,19.2,0.0,0.191,3.0
2016-07-27 18:00:00,2605.0,Montrose Beach,1469642400,19.9,0.0,0.146,7.0,MontroseBeach201607271800,19.9,0.0,0.146,7.0
2016-07-27 19:00:00,2608.0,Montrose Beach,1469646000,,0.0,0.141,6.0,MontroseBeach201607271900,19.2,0.0,0.141,6.0
2016-07-27 20:00:00,2610.0,Montrose Beach,1469649600,,0.0,0.193,6.0,MontroseBeach201607272000,19.2,0.0,0.193,6.0
2016-07-27 21:00:00,2612.0,Montrose Beach,1469653200,,0.0,0.209,3.0,MontroseBeach201607272100,18.7,0.0,0.209,3.0
2016-07-27 22:00:00,2613.0,Montrose Beach,1469656800,,0.0,0.173,3.0,MontroseBeach201607272200,18.0,0.0,0.173,3.0
2016-07-27 23:00:00,2616.0,Montrose Beach,1469660400,,0.0,0.167,2.0,MontroseBeach201607272300,17.6,0.0,0.167,2.0
2016-07-28 00:00:00,2617.0,Montrose Beach,1469664000,17.4,0.0,0.178,3.0,MontroseBeach201607280000,17.4,0.0,0.178,3.0
2016-07-28 01:00:00,2620.0,Montrose Beach,1469667600,17.2,0.0,0.192,7.0,MontroseBeach201607280100,17.2,0.0,0.192,7.0
2016-07-28 02:00:00,2621.0,Montrose Beach,1469671200,17.5,0.0,0.177,3.0,MontroseBeach201607280200,17.5,0.0,0.177,3.0
2016-07-28 03:00:00,2624.0,Montrose Beach,1469674800,,,0.133,5.0,MontroseBeach201607280300,16.7,0.0,0.133,5.0
2016-07-28 04:00:00,2625.0,Montrose Beach,1469678400,,0.0,0.113,9.0,MontroseBeach201607280400,17.1,0.0,0.113,9.0
2016-07-28 05:00:00,2627.0,Montrose Beach,1469682000,,0.0,0.114,10.0,MontroseBeach201607280500,16.9,0.0,0.114,10.0
2016-07-28 06:00:00,2630.0,Montrose Beach,1469685600,17.3,0.0,0.133,4.0,MontroseBeach201607280600,17.3,0.0,0.133,4.0
2016-07-28 07:00:00,2631.0,Montrose Beach,1469689200,17.7,0.0,0.199,3.0,MontroseBeach201607280700,17.7,0.0,0.199,3.0
2016-07-28 08:00:00,2634.0,Montrose Beach,1469692800,18.4,0.0,0.256,3.0,MontroseBeach201607280800,18.4,0.0,0.256,3.0
2016-07-28 09:00:00,2635.0,Montrose Beach,1469696400,18.0,0.0,0.232,,MontroseBeach201607280900,18.0,0.0,0.232,3.0
2016-07-28 10:00:00,2638.0,Montrose Beach,1469700000,18.1,0.0,0.238,3.0,MontroseBeach201607281000,18.1,0.0,0.238,3.0
2016-07-28 11:00:00,2639.0,Montrose Beach,1469703600,18.3,0.0,0.224,,MontroseBeach201607281100,18.3,0.0,0.224,3.0
2016-07-28 12:00:00,2642.0,Montrose Beach,1469707200,17.7,0.0,0.228,,MontroseBeach201607281200,17.7,0.0,0.228,3.0
2016-07-28 13:00:00,2644.0,Montrose Beach,1469710800,19.9,0.0,0.224,,MontroseBeach201607281300,19.9,0.0,0.224,3.0
2016-07-28 14:00:00,2645.0,Montrose Beach,1469714400,20.9,0.0,0.214,2.0,MontroseBeach201607281400,20.9,0.0,0.214,2.0
2016-07-28 15:00:00,2648.0,Montrose Beach,1469718000,20.6,0.0,0.207,3.0,MontroseBeach201607281500,20.6,0.0,0.207,3.0
2016-07-28 16:00:00,2649.0,Montrose Beach,1469721600,20.7,0.0,0.212,3.0,MontroseBeach201607281600,20.7,0.0,0.212,3.0
2016-07-28 17:00:00,2651.0,Montrose Beach,1469725200,20.7,0.0,0.183,3.0,MontroseBeach201607281700,20.7,0.0,0.183,3.0
2016-07-28 18:00:00,2653.0,Montrose Beach,1469728800,20.7,0.0,0.246,8.0,MontroseBeach201607281800,20.7,0.0,0.246,8.0
2016-07-28 19:00:00,2655.0,Montrose Beach,1469732400,20.6,0.0,0.265,4.0,MontroseBeach201607281900,20.6,0.0,0.265,4.0
2016-07-28 20:00:00,2656.0,Montrose Beach,1469736000,19.8,0.0,0.346,4.0,MontroseBeach201607282000,19.8,0.0,0.346,4.0
2016-07-28 21:00:00,2658.0,Montrose Beach,1469739600,19.7,0.0,0.344,6.0,MontroseBeach201607282100,19.7,0.0,0.344,6.0
2016-07-28 22:00:00,2661.0,Montrose Beach,1469743200,19.3,0.0,0.365,6.0,MontroseBeach201607282200,19.3,0.0,0.365,6.0
2016-07-28 23:00:00,2662.0,Montrose Beach,1469746800,19.3,,0.349,6.0,MontroseBeach201607282300,19.3,0.0,0.349,6.0
2016-07-29 00:00:00,2665.0,Montrose Beach,1469750400,19.0,,0.366,5.0,MontroseBeach201607290000,19.0,0.0,0.366,5.0
2016-07-29 01:00:00,2667.0,Montrose Beach,1469754000,,0.0,0.367,6.0,MontroseBeach201607290100,19.5,0.0,0.367,6.0
2016-07-29 02:00:00,2668.0,Montrose Beach,1469757600,,,0.367,6.0,MontroseBeach201607290200,19.7,0.0,0.367,6.0
2016-07-29 03:00:00,2670.0,Montrose Beach,1469761200,,,0.354,6.0,MontroseBeach201607290300,19.7,0.0,0.354,6.0
2016-07-29 04:00:00,2672.0,Montrose Beach,1469764800,,,0.316,6.0,MontroseBeach201607290400,20.2,0.0,0.316,6.0
2016-07-29 05:00:00,2675.0,Montrose Beach,1469768400,20.4,,0.328,6.0,MontroseBeach201607290500,20.4,0.0,0.328,6.0
2016-07-29 06:00:00,2676.0,Montrose Beach,1469772000,,,0.34,4.0,MontroseBeach201607290600,20.5,0.0,0.34,4.0
2016-07-29 07:00:00,2678.0,Montrose Beach,1469775600,,0.0,0.29,7.0,MontroseBeach201607290700,20.6,0.0,0.29,7.0
2016-07-29 08:00:00,2681.0,Montrose Beach,1469779200,,0.0,0.292,7.0,MontroseBeach201607290800,20.8,0.0,0.292,7.0
2016-07-29 09:00:00,2683.0,Montrose Beach,1469782800,,0.0,0.296,6.0,MontroseBeach201607290900,20.9,0.0,0.296,6.0
2016-07-29 10:00:00,2684.0,Montrose Beach,1469786400,21.7,0.0,0.286,6.0,MontroseBeach201607291000,21.7,0.0,0.286,6.0
2016-07-29 11:00:00,2686.0,Montrose Beach,1469790000,21.8,0.0,0.308,6.0,MontroseBeach201607291100,21.8,0.0,0.308,6.0
2016-07-29 12:00:00,2688.0,Montrose Beach,1469793600,21.9,0.0,0.311,6.0,MontroseBeach201607291200,21.9,0.0,0.311,6.0
2016-07-29 13:00:00,2691.0,Montrose Beach,1469797200,22.2,0.0,0.325,4.0,MontroseBeach201607291300,22.2,0.0,0.325,4.0
2016-07-29 14:00:00,2693.0,Montrose Beach,1469800800,22.4,0.0,,6.0,MontroseBeach201607291400,22.4,0.0,0.384,6.0
2016-07-29 15:00:00,2694.0,Montrose Beach,1469804400,22.4,0.0,,6.0,MontroseBeach201607291500,22.4,0.0,0.417,6.0
2016-07-29 16:00:00,2697.0,Montrose Beach,1469808000,22.3,0.0,,5.0,MontroseBeach201607291600,22.3,0.0,0.392,5.0
2016-07-29 17:00:00,2699.0,Montrose Beach,1469811600,22.4,0.0,,5.0,MontroseBeach201607291700,22.4,0.0,0.42,5.0
2016-07-29 18:00:00,2701.0,Montrose Beach,1469815200,22.3,0.0,0.399,4.0,MontroseBeach201607291800,22.3,0.0,0.399,4.0
2016-07-29 19:00:00,2702.0,Montrose Beach,1469818800,22.3,0.0,0.401,,MontroseBeach201607291900,22.3,0.0,0.401,4.0
2016-07-29 20:00:00,2704.0,Montrose Beach,1469822400,22.4,0.0,0.39,,MontroseBeach201607292000,22.4,0.0,0.39,4.0
2016-07-29 21:00:00,2707.0,Montrose Beach,1469826000,,0.0,0.404,,MontroseBeach201607292100,22.3,0.0,0.404,4.0
2016-07-29 22:00:00,2708.0,Montrose Beach,1469829600,22.3,0.0,0.364,,MontroseBeach201607292200,22.3,0.0,0.364,4.0
2016-07-29 23:00:00,2710.0,Montrose Beach,1469833200,22.2,0.0,,,MontroseBeach201607292300,22.2,0.0,0.418,4.0
2016-07-30 00:00:00,2713.0,Montrose Beach,1469836800,22.2,0.0,,4.0,MontroseBeach201607300000,22.2,0.0,0.426,4.0
2016-07-30 01:00:00,2715.0,Montrose Beach,1469840400,22.1,0.0,,4.0,MontroseBeach201607300100,22.1,0.0,0.414,4.0
2016-07-30 02:00:00,2717.0,Montrose Beach,1469844000,22.1,0.0,0.379,4.0,MontroseBeach201607300200,22.1,0.0,0.379,4.0
2016-07-30 03:00:00,2718.0,Montrose Beach,1469847600,,0.0,0.397,4.0,MontroseBeach201607300300,22.0,0.0,0.397,4.0
2016-07-30 04:00:00,2720.0,Montrose Beach,1469851200,,0.0,0.379,,MontroseBeach201607300400,22.1,0.0,0.379,5.0
2016-07-30 05:00:00,2723.0,Montrose Beach,1469854800,,0.0,0.395,5.0,MontroseBeach201607300500,22.1,0.0,0.395,5.0
2016-07-30 06:00:00,2725.0,Montrose Beach,1469858400,,0.0,0.426,5.0,MontroseBeach201607300600,22.1,0.0,0.426,5.0
2016-07-30 07:00:00,2726.0,Montrose Beach,1469862000,22.1,0.0,0.439,6.0,MontroseBeach201607300700,22.1,0.0,0.439,6.0
2016-07-30 08:00:00,2729.0,Montrose Beach,1469865600,22.1,0.0,0.462,6.0,MontroseBeach201607300800,22.1,0.0,0.462,6.0
2016-07-30 09:00:00,2730.0,Montrose Beach,1469869200,22.1,0.0,0.445,6.0,MontroseBeach201607300900,22.1,0.0,0.445,6.0
2016-07-30 10:00:00,2732.0,Montrose Beach,1469872800,22.2,0.0,0.432,6.0,MontroseBeach201607301000,22.2,0.0,0.432,6.0
2016-07-30 11:00:00,2734.0,Montrose Beach,1469876400,22.2,0.0,0.434,5.0,MontroseBeach201607301100,22.2,0.0,0.434,5.0
2016-07-30 12:00:00,2735.0,Montrose Beach,1469880000,22.2,0.0,0.402,4.0,MontroseBeach201607301200,22.2,0.0,0.402,4.0
2016-07-30 13:00:00,2738.0,Montrose Beach,1469883600,22.4,0.0,0.37,5.0,MontroseBeach201607301300,22.4,0.0,0.37,5.0
2016-07-30 14:00:00,2739.0,Montrose Beach,1469887200,22.6,0.03,0.409,4.0,MontroseBeach201607301400,22.6,0.03,0.409,4.0
2016-07-30 15:00:00,2742.0,Montrose Beach,1469890800,22.6,0.0,,,MontroseBeach201607301500,22.6,0.0,0.378,4.0
2016-07-30 16:00:00,2743.0,Montrose Beach,1469894400,22.8,0.0,,,MontroseBeach201607301600,22.8,0.0,0.375,4.0
2016-07-30 17:00:00,2746.0,Montrose Beach,1469898000,23.0,0.0,,3.0,MontroseBeach201607301700,23.0,0.0,0.377,3.0
2016-07-30 18:00:00,2747.0,Montrose Beach,1469901600,23.2,0.0,,4.0,MontroseBeach201607301800,23.2,0.0,0.383,4.0
2016-07-30 19:00:00,2750.0,Montrose Beach,1469905200,23.1,0.0,,3.0,MontroseBeach201607301900,23.1,0.0,0.36,3.0
2016-07-30 20:00:00,2751.0,Montrose Beach,1469908800,22.9,0.0,0.358,4.0,MontroseBeach201607302000,22.9,0.0,0.358,4.0
2016-07-30 21:00:00,2753.0,Montrose Beach,1469912400,22.8,0.02,0.382,4.0,MontroseBeach201607302100,22.8,0.02,0.382,4.0
2016-07-30 22:00:00,2754.0,Montrose Beach,1469916000,22.6,0.0,,3.0,MontroseBeach201607302200,22.6,0.0,0.399,3.0
2016-07-30 23:00:00,2755.0,Montrose Beach,1469919600,22.5,0.0,,4.0,MontroseBeach201607302300,22.5,0.0,0.387,4.0
2016-07-31 00:00:00,2756.0,Montrose Beach,1469923200,22.4,0.0,0.357,4.0,MontroseBeach201607310000,22.4,0.0,0.357,4.0
2016-07-31 01:00:00,,Montrose Beach,1469926800,,0.0,0.344,4.0,MontroseBeach201607310100,22.35,0.0,0.344,4.0
2016-07-31 02:00:00,2757.0,Montrose Beach,1469930400,22.3,0.0,0.331,4.0,MontroseBeach201607310200,22.3,0.0,0.331,4.0
2016-07-31 03:00:00,2758.0,Montrose Beach,1469934000,22.2,0.0,0.297,4.0,MontroseBeach201607310300,22.2,0.0,0.297,4.0
2016-07-31 04:00:00,2759.0,Montrose Beach,1469937600,22.2,0.0,0.29,4.0,MontroseBeach201607310400,22.2,0.0,0.29,4.0
2016-07-31 05:00:00,2760.0,Montrose Beach,1469941200,22.1,0.0,,4.0,MontroseBeach201607310500,22.1,0.0,0.285,4.0
2016-07-31 06:00:00,2761.0,Montrose Beach,1469944800,22.1,0.01,0.272,3.0,MontroseBeach201607310600,22.1,0.01,0.272,3.0
2016-07-31 07:00:00,2762.0,Montrose Beach,1469948400,22.1,0.0,0.294,4.0,MontroseBeach201607310700,22.1,0.0,0.294,4.0
2016-07-31 08:00:00,2763.0,Montrose Beach,1469952000,22.0,0.07,0.284,,MontroseBeach201607310800,22.0,0.07,0.284,4.0
2016-07-31 09:00:00,2764.0,Montrose Beach,1469955600,22.0,0.01,0.297,3.0,MontroseBeach201607310900,22.0,0.01,0.297,3.0
2016-07-31 10:00:00,2765.0,Montrose Beach,1469959200,,0.0,,3.0,MontroseBeach201607311000,22.2,0.0,0.297,3.0
2016-07-31 11:00:00,2766.0,Montrose Beach,1469962800,,0.0,0.305,3.0,MontroseBeach201607311100,22.5,0.0,0.305,3.0
2016-07-31 12:00:00,2767.0,Montrose Beach,1469966400,,0.0,0.288,4.0,MontroseBeach201607311200,22.8,0.0,0.288,4.0
2016-07-31 13:00:00,2768.0,Montrose Beach,1469970000,23.1,0.0,0.277,5.0,MontroseBeach201607311300,23.1,0.0,0.277,5.0
2016-07-31 14:00:00,2769.0,Montrose Beach,1469973600,23.4,0.0,0.294,5.0,MontroseBeach201607311400,23.4,0.0,0.294,5.0
2016-07-31 15:00:00,2770.0,Montrose Beach,1469977200,23.6,0.0,,4.0,MontroseBeach201607311500,23.6,0.0,0.272,4.0
2016-07-31 16:00:00,2771.0,Montrose Beach,1469980800,,0.0,,4.0,MontroseBeach201607311600,23.7,0.0,0.268,4.0
2016-07-31 17:00:00,2772.0,Montrose Beach,1469984400,,0.0,,5.0,MontroseBeach201607311700,24.4,0.0,0.265,5.0
2016-07-31 18:00:00,2773.0,Montrose Beach,1469988000,,0.0,0.268,3.0,MontroseBeach201607311800,24.6,0.0,0.268,3.0
2016-07-31 19:00:00,2774.0,Montrose Beach,1469991600,24.4,0.0,0.271,3.0,MontroseBeach201607311900,24.4,0.0,0.271,3.0
2016-07-31 20:00:00,2775.0,Montrose Beach,1469995200,24.0,0.0,0.264,4.0,MontroseBeach201607312000,24.0,0.0,0.264,4.0
2016-07-31 21:00:00,2776.0,Montrose Beach,1469998800,23.7,0.0,0.246,3.0,MontroseBeach201607312100,23.7,0.0,0.246,3.0
2016-07-31 22:00:00,2777.0,Montrose Beach,1470002400,23.6,0.0,,3.0,MontroseBeach201607312200,23.6,0.0,0.248,3.0
2016-07-31 23:00:00,2778.0,Montrose Beach,1470006000,23.7,0.0,,3.0,MontroseBeach201607312300,23.7,0.0,0.241,3.0
2016-08-01 00:00:00,2780.0,Montrose Beach,1470009600,23.6,0.0,,4.0,MontroseBeach201608010000,23.6,0.0,0.225,4.0
2016-08-01 01:00:00,2783.0,Montrose Beach,1470013200,23.4,0.0,,3.0,MontroseBeach201608010100,23.4,0.0,0.228,3.0
2016-08-01 02:00:00,2785.0,Montrose Beach,1470016800,23.2,0.0,,2.0,MontroseBeach201608010200,23.2,0.0,0.214,2.0
2016-08-01 03:00:00,2786.0,Montrose Beach,1470020400,23.1,0.0,0.218,,MontroseBeach201608010300,23.1,0.0,0.218,3.0
2016-08-01 04:00:00,2789.0,Montrose Beach,1470024000,23.0,0.0,0.2,,MontroseBeach201608010400,23.0,0.0,0.2,3.0
2016-08-01 05:00:00,2791.0,Montrose Beach,1470027600,22.9,0.0,0.213,,MontroseBeach201608010500,22.9,0.0,0.213,3.0
2016-08-01 06:00:00,2792.0,Montrose Beach,1470031200,22.8,0.0,0.211,,MontroseBeach201608010600,22.8,0.0,0.211,3.0
2016-08-01 07:00:00,2795.0,Montrose Beach,1470034800,22.9,0.0,0.225,3.0,MontroseBeach201608010700,22.9,0.0,0.225,3.0
2016-08-01 08:00:00,2797.0,Montrose Beach,1470038400,22.9,0.0,0.213,,MontroseBeach201608010800,22.9,0.0,0.213,3.0
2016-08-01 09:00:00,2799.0,Montrose Beach,1470042000,23.2,0.0,0.211,3.0,MontroseBeach201608010900,23.2,0.0,0.211,3.0
2016-08-01 10:00:00,2801.0,Montrose Beach,1470045600,23.6,0.0,0.205,,MontroseBeach201608011000,23.6,0.0,0.205,4.0
2016-08-01 11:00:00,2802.0,Montrose Beach,1470049200,24.3,,0.209,3.0,MontroseBeach201608011100,24.3,0.0,0.209,3.0
2016-08-01 12:00:00,2805.0,Montrose Beach,1470052800,24.3,,0.218,3.0,MontroseBeach201608011200,24.3,0.0,0.218,3.0
2016-08-01 13:00:00,2807.0,Montrose Beach,1470056400,24.6,,0.237,3.0,MontroseBeach201608011300,24.6,0.0,0.237,3.0
2016-08-01 14:00:00,2808.0,Montrose Beach,1470060000,25.7,,,3.0,MontroseBeach201608011400,25.7,0.0,0.227,3.0
2016-08-01 15:00:00,2810.0,Montrose Beach,1470063600,26.5,,,3.0,MontroseBeach201608011500,26.5,0.0,0.234,3.0
2016-08-01 16:00:00,2813.0,Montrose Beach,1470067200,26.5,0.0,,3.0,MontroseBeach201608011600,26.5,0.0,0.249,3.0
2016-08-01 17:00:00,2814.0,Montrose Beach,1470070800,26.9,0.0,,2.0,MontroseBeach201608011700,26.9,0.0,0.264,2.0
2016-08-01 18:00:00,2816.0,Montrose Beach,1470074400,27.0,0.0,0.27,3.0,MontroseBeach201608011800,27.0,0.0,0.27,3.0
2016-08-01 19:00:00,2819.0,Montrose Beach,1470078000,26.1,0.02,0.263,3.0,MontroseBeach201608011900,26.1,0.02,0.263,3.0
2016-08-01 20:00:00,2820.0,Montrose Beach,1470081600,25.9,0.0,0.272,,MontroseBeach201608012000,25.9,0.0,0.272,3.0
2016-08-01 21:00:00,2822.0,Montrose Beach,1470085200,25.6,0.0,0.266,3.0,MontroseBeach201608012100,25.6,0.0,0.266,3.0
2016-08-01 22:00:00,2825.0,Montrose Beach,1470088800,25.5,0.0,0.251,3.0,MontroseBeach201608012200,25.5,0.0,0.251,3.0
2016-08-01 23:00:00,2826.0,Montrose Beach,1470092400,25.2,0.0,0.235,3.0,MontroseBeach201608012300,25.2,0.0,0.235,3.0
2016-08-02 00:00:00,2829.0,Montrose Beach,1470096000,24.9,0.0,0.227,3.0,MontroseBeach201608020000,24.9,0.0,0.227,3.0
2016-08-02 01:00:00,2831.0,Montrose Beach,1470099600,24.7,0.0,0.232,3.0,MontroseBeach201608020100,24.7,0.0,0.232,3.0
2016-08-02 02:00:00,2832.0,Montrose Beach,1470103200,24.8,0.0,0.236,,MontroseBeach201608020200,24.8,0.0,0.236,3.0
2016-08-02 03:00:00,2834.0,Montrose Beach,1470106800,24.6,0.0,0.246,,MontroseBeach201608020300,24.6,0.0,0.246,3.0
2016-08-02 04:00:00,2836.0,Montrose Beach,1470110400,24.4,0.0,0.249,,MontroseBeach201608020400,24.4,0.0,0.249,3.0
2016-08-02 05:00:00,2839.0,Montrose Beach,1470114000,24.3,0.0,0.263,,MontroseBeach201608020500,24.3,0.0,0.263,3.0
2016-08-02 06:00:00,2840.0,Montrose Beach,1470117600,24.0,0.0,0.273,,MontroseBeach201608020600,24.0,0.0,0.273,4.0
2016-08-02 07:00:00,2842.0,Montrose Beach,1470121200,24.0,0.0,0.287,4.0,MontroseBeach201608020700,24.0,0.0,0.287,4.0
2016-08-02 08:00:00,2843.0,Montrose Beach,1470124800,,0.0,0.265,,MontroseBeach201608020800,24.0,0.0,0.265,3.0
2016-08-02 09:00:00,2846.0,Montrose Beach,1470128400,24.1,0.0,0.258,3.0,MontroseBeach201608020900,24.1,0.0,0.258,3.0
2016-08-02 10:00:00,,Montrose Beach,1470132000,24.25,0.0,0.251,3.0,MontroseBeach201608021000,24.25,0.0,0.251,3.0
2016-08-02 11:00:00,2849.0,Montrose Beach,1470135600,24.4,0.0,0.244,3.0,MontroseBeach201608021100,24.4,0.0,0.244,3.0
2016-08-02 12:00:00,2850.0,Montrose Beach,1470139200,24.7,0.0,0.218,3.0,MontroseBeach201608021200,24.7,0.0,0.218,3.0
2016-08-02 13:00:00,2853.0,Montrose Beach,1470142800,,0.0,0.207,3.0,MontroseBeach201608021300,25.5,0.0,0.207,3.0
2016-08-02 14:00:00,2854.0,Montrose Beach,1470146400,,0.0,0.202,4.0,MontroseBeach201608021400,25.1,0.0,0.202,4.0
2016-08-02 15:00:00,2857.0,Montrose Beach,1470150000,,0.0,0.188,2.0,MontroseBeach201608021500,25.2,0.0,0.188,2.0
2016-08-02 16:00:00,2858.0,Montrose Beach,1470153600,,0.0,0.207,,MontroseBeach201608021600,25.0,0.0,0.207,3.0
2016-08-02 17:00:00,2861.0,Montrose Beach,1470157200,,0.0,0.219,2.0,MontroseBeach201608021700,24.9,0.0,0.219,2.0
2016-08-02 18:00:00,2862.0,Montrose Beach,1470160800,,0.0,0.23,2.0,MontroseBeach201608021800,26.0,0.0,0.23,2.0
2016-08-02 19:00:00,2865.0,Montrose Beach,1470164400,,,0.25,3.0,MontroseBeach201608021900,26.5,0.0,0.25,3.0
2016-08-02 20:00:00,2866.0,Montrose Beach,1470168000,25.1,,0.233,3.0,MontroseBeach201608022000,25.1,0.0,0.233,3.0
2016-08-02 21:00:00,2869.0,Montrose Beach,1470171600,24.7,,0.228,3.0,MontroseBeach201608022100,24.7,0.0,0.228,3.0
2016-08-02 22:00:00,2870.0,Montrose Beach,1470175200,24.5,,0.219,3.0,MontroseBeach201608022200,24.5,0.0,0.219,3.0
2016-08-02 23:00:00,2873.0,Montrose Beach,1470178800,24.2,,0.2,3.0,MontroseBeach201608022300,24.2,0.0,0.2,3.0
2016-08-03 00:00:00,2874.0,Montrose Beach,1470182400,24.2,,0.201,3.0,MontroseBeach201608030000,24.2,0.0,0.201,3.0
2016-08-03 01:00:00,2877.0,Montrose Beach,1470186000,24.1,,0.189,3.0,MontroseBeach201608030100,24.1,0.0,0.189,3.0
2016-08-03 02:00:00,2879.0,Montrose Beach,1470189600,24.0,,0.192,3.0,MontroseBeach201608030200,24.0,0.0,0.192,3.0
2016-08-03 03:00:00,2881.0,Montrose Beach,1470193200,24.0,0.0,0.161,3.0,MontroseBeach201608030300,24.0,0.0,0.161,3.0
2016-08-03 04:00:00,2882.0,Montrose Beach,1470196800,24.0,0.0,0.15,2.0,MontroseBeach201608030400,24.0,0.0,0.15,2.0
2016-08-03 05:00:00,2885.0,Montrose Beach,1470200400,24.0,,0.144,2.0,MontroseBeach201608030500,24.0,0.0,0.144,2.0
2016-08-03 06:00:00,2886.0,Montrose Beach,1470204000,24.0,,0.133,2.0,MontroseBeach201608030600,24.0,0.0,0.133,2.0
2016-08-03 07:00:00,2888.0,Montrose Beach,1470207600,,,0.107,4.0,MontroseBeach201608030700,23.9,0.0,0.107,4.0
2016-08-03 08:00:00,2891.0,Montrose Beach,1470211200,24.0,,0.1,4.0,MontroseBeach201608030800,24.0,0.0,0.1,4.0
2016-08-03 09:00:00,2892.0,Montrose Beach,1470214800,24.2,,0.102,4.0,MontroseBeach201608030900,24.2,0.0,0.102,4.0
2016-08-03 10:00:00,2895.0,Montrose Beach,1470218400,24.4,0.0,0.085,3.0,MontroseBeach201608031000,24.4,0.0,0.085,3.0
2016-08-03 11:00:00,2897.0,Montrose Beach,1470222000,24.6,0.0,0.08,4.0,MontroseBeach201608031100,24.6,0.0,0.08,4.0
2016-08-03 12:00:00,2899.0,Montrose Beach,1470225600,24.5,0.0,0.107,2.0,MontroseBeach201608031200,24.5,0.0,0.107,2.0
2016-08-03 13:00:00,2901.0,Montrose Beach,1470229200,24.6,,0.112,2.0,MontroseBeach201608031300,24.6,0.0,0.112,2.0
2016-08-03 14:00:00,2903.0,Montrose Beach,1470232800,24.6,0.0,0.11,4.0,MontroseBeach201608031400,24.6,0.0,0.11,4.0
2016-08-03 15:00:00,2904.0,Montrose Beach,1470236400,24.2,0.0,0.125,10.0,MontroseBeach201608031500,24.2,0.0,0.125,10.0
2016-08-03 16:00:00,2906.0,Montrose Beach,1470240000,24.3,0.0,0.159,3.0,MontroseBeach201608031600,24.3,0.0,0.159,3.0
2016-08-03 17:00:00,2909.0,Montrose Beach,1470243600,24.1,0.0,0.151,2.0,MontroseBeach201608031700,24.1,0.0,0.151,2.0
2016-08-03 18:00:00,2911.0,Montrose Beach,1470247200,24.0,0.0,0.164,7.0,MontroseBeach201608031800,24.0,0.0,0.164,7.0
2016-08-03 19:00:00,2912.0,Montrose Beach,1470250800,23.8,0.0,0.136,6.0,MontroseBeach201608031900,23.8,0.0,0.136,6.0
2016-08-03 20:00:00,2914.0,Montrose Beach,1470254400,,0.0,0.137,2.0,MontroseBeach201608032000,24.0,0.0,0.137,2.0
2016-08-03 21:00:00,2916.0,Montrose Beach,1470258000,23.7,0.0,0.151,2.0,MontroseBeach201608032100,23.7,0.0,0.151,2.0
2016-08-03 22:00:00,2918.0,Montrose Beach,1470261600,,0.0,0.148,10.0,MontroseBeach201608032200,23.4,0.0,0.148,10.0
2016-08-03 23:00:00,2920.0,Montrose Beach,1470265200,,0.0,0.121,2.0,MontroseBeach201608032300,23.2,0.0,0.121,2.0
2016-08-04 00:00:00,2923.0,Montrose Beach,1470268800,,0.0,0.113,8.0,MontroseBeach201608040000,23.0,0.0,0.113,8.0
2016-08-04 01:00:00,2924.0,Montrose Beach,1470272400,,0.0,0.127,7.0,MontroseBeach201608040100,22.9,0.0,0.127,7.0
2016-08-04 02:00:00,2927.0,Montrose Beach,1470276000,,0.0,0.131,6.0,MontroseBeach201608040200,22.7,0.0,0.131,6.0
2016-08-04 03:00:00,2928.0,Montrose Beach,1470279600,22.7,,0.122,,MontroseBeach201608040300,22.7,0.0,0.122,5.0
2016-08-04 04:00:00,2931.0,Montrose Beach,1470283200,22.7,,0.13,,MontroseBeach201608040400,22.7,0.0,0.13,5.0
2016-08-04 05:00:00,2932.0,Montrose Beach,1470286800,22.9,0.0,0.128,,MontroseBeach201608040500,22.9,0.0,0.128,8.0
2016-08-04 06:00:00,2935.0,Montrose Beach,1470290400,22.9,0.0,0.109,,MontroseBeach201608040600,22.9,0.0,0.109,8.0
2016-08-04 07:00:00,2937.0,Montrose Beach,1470294000,22.9,0.0,0.114,,MontroseBeach201608040700,22.9,0.0,0.114,6.0
2016-08-04 08:00:00,2939.0,Montrose Beach,1470297600,23.0,0.0,0.103,6.0,MontroseBeach201608040800,23.0,0.0,0.103,6.0
2016-08-04 09:00:00,2941.0,Montrose Beach,1470301200,23.2,0.0,0.104,,MontroseBeach201608040900,23.2,0.0,0.104,5.0
2016-08-04 10:00:00,2942.0,Montrose Beach,1470304800,23.3,0.0,0.103,,MontroseBeach201608041000,23.3,0.0,0.103,6.0
2016-08-04 11:00:00,2944.0,Montrose Beach,1470308400,23.5,0.0,0.092,,MontroseBeach201608041100,23.5,0.0,0.092,7.0
2016-08-04 12:00:00,2947.0,Montrose Beach,1470312000,23.6,0.0,0.093,,MontroseBeach201608041200,23.6,0.0,0.093,5.0
2016-08-04 13:00:00,2948.0,Montrose Beach,1470315600,,0.0,0.131,2.0,MontroseBeach201608041300,23.6,0.0,0.131,2.0
2016-08-04 14:00:00,2951.0,Montrose Beach,1470319200,,0.0,0.164,2.0,MontroseBeach201608041400,23.7,0.0,0.164,2.0
2016-08-04 15:00:00,2952.0,Montrose Beach,1470322800,,0.0,0.195,3.0,MontroseBeach201608041500,23.7,0.0,0.195,3.0
2016-08-04 16:00:00,2954.0,Montrose Beach,1470326400,,0.0,0.189,3.0,MontroseBeach201608041600,23.8,0.0,0.189,3.0
2016-08-04 17:00:00,2957.0,Montrose Beach,1470330000,,0.0,,3.0,MontroseBeach201608041700,24.0,0.0,0.182,3.0
2016-08-04 18:00:00,2958.0,Montrose Beach,1470333600,,0.0,0.173,3.0,MontroseBeach201608041800,24.0,0.0,0.173,3.0
2016-08-04 19:00:00,2960.0,Montrose Beach,1470337200,,0.0,0.168,3.0,MontroseBeach201608041900,23.5,0.0,0.168,3.0
2016-08-04 20:00:00,2962.0,Montrose Beach,1470340800,,0.02,0.16,3.0,MontroseBeach201608042000,23.6,0.02,0.16,3.0
2016-08-04 21:00:00,2964.0,Montrose Beach,1470344400,,0.0,0.146,5.0,MontroseBeach201608042100,23.1,0.0,0.146,5.0
2016-08-04 22:00:00,2967.0,Montrose Beach,1470348000,,0.0,0.135,,MontroseBeach201608042200,23.0,0.0,0.135,3.0
2016-08-04 23:00:00,2969.0,Montrose Beach,1470351600,,0.0,0.112,2.0,MontroseBeach201608042300,22.7,0.0,0.112,2.0
2016-08-05 00:00:00,2971.0,Montrose Beach,1470355200,,0.0,0.097,,MontroseBeach201608050000,22.7,0.0,0.097,8.0
2016-08-05 01:00:00,2972.0,Montrose Beach,1470358800,,0.0,,,MontroseBeach201608050100,22.7,0.0,0.097,7.0
2016-08-05 02:00:00,2974.0,Montrose Beach,1470362400,22.7,0.0,,,MontroseBeach201608050200,22.7,0.0,0.093,4.0
2016-08-05 03:00:00,2977.0,Montrose Beach,1470366000,22.6,0.0,0.091,,MontroseBeach201608050300,22.6,0.0,0.091,5.0
2016-08-05 04:00:00,2978.0,Montrose Beach,1470369600,,0.0,0.101,,MontroseBeach201608050400,22.6,0.0,0.101,10.0
2016-08-05 05:00:00,2981.0,Montrose Beach,1470373200,22.6,0.0,0.109,,MontroseBeach201608050500,22.6,0.0,0.109,9.0
2016-08-05 06:00:00,2982.0,Montrose Beach,1470376800,22.5,0.0,0.1,,MontroseBeach201608050600,22.5,0.0,0.1,8.0
2016-08-05 07:00:00,2985.0,Montrose Beach,1470380400,,0.0,0.099,,MontroseBeach201608050700,22.5,0.0,0.099,6.0
2016-08-05 08:00:00,2986.0,Montrose Beach,1470384000,,0.0,0.102,6.0,MontroseBeach201608050800,22.5,0.0,0.102,6.0
2016-08-05 09:00:00,2988.0,Montrose Beach,1470387600,,0.0,0.116,2.0,MontroseBeach201608050900,22.5,0.0,0.116,2.0
2016-08-05 10:00:00,2990.0,Montrose Beach,1470391200,,0.0,0.126,2.0,MontroseBeach201608051000,22.6,0.0,0.126,2.0
2016-08-05 11:00:00,2992.0,Montrose Beach,1470394800,22.7,0.0,0.148,3.0,MontroseBeach201608051100,22.7,0.0,0.148,3.0
2016-08-05 12:00:00,2995.0,Montrose Beach,1470398400,22.8,0.0,0.174,3.0,MontroseBeach201608051200,22.8,0.0,0.174,3.0
2016-08-05 13:00:00,2996.0,Montrose Beach,1470402000,23.1,0.0,0.184,3.0,MontroseBeach201608051300,23.1,0.0,0.184,3.0
2016-08-05 14:00:00,2999.0,Montrose Beach,1470405600,23.8,0.0,0.165,3.0,MontroseBeach201608051400,23.8,0.0,0.165,3.0
2016-08-05 15:00:00,3000.0,Montrose Beach,1470409200,24.2,0.0,,3.0,MontroseBeach201608051500,24.2,0.0,0.168,3.0
2016-08-05 16:00:00,3003.0,Montrose Beach,1470412800,24.6,0.0,0.178,4.0,MontroseBeach201608051600,24.6,0.0,0.178,4.0
2016-08-05 17:00:00,3004.0,Montrose Beach,1470416400,25.1,0.04,,6.0,MontroseBeach201608051700,25.1,0.04,0.144,6.0
2016-08-05 18:00:00,3007.0,Montrose Beach,1470420000,,0.0,,7.0,MontroseBeach201608051800,25.2,0.0,0.165,7.0
2016-08-05 19:00:00,3009.0,Montrose Beach,1470423600,24.5,0.0,,4.0,MontroseBeach201608051900,24.5,0.0,0.192,4.0
2016-08-05 20:00:00,3010.0,Montrose Beach,1470427200,24.8,0.0,,3.0,MontroseBeach201608052000,24.8,0.0,0.192,3.0
2016-08-05 21:00:00,3013.0,Montrose Beach,1470430800,23.9,0.0,,3.0,MontroseBeach201608052100,23.9,0.0,0.202,3.0
2016-08-05 22:00:00,3014.0,Montrose Beach,1470434400,23.6,0.0,,3.0,MontroseBeach201608052200,23.6,0.0,0.193,3.0
2016-08-05 23:00:00,3017.0,Montrose Beach,1470438000,23.4,0.0,,3.0,MontroseBeach201608052300,23.4,0.0,0.179,3.0
2016-08-06 00:00:00,3019.0,Montrose Beach,1470441600,23.3,0.0,,3.0,MontroseBeach201608060000,23.3,0.0,0.188,3.0
2016-08-06 01:00:00,3020.0,Montrose Beach,1470445200,23.4,0.0,0.197,3.0,MontroseBeach201608060100,23.4,0.0,0.197,3.0
2016-08-06 02:00:00,3022.0,Montrose Beach,1470448800,,0.0,0.249,3.0,MontroseBeach201608060200,23.5,0.0,0.249,3.0
2016-08-06 03:00:00,3024.0,Montrose Beach,1470452400,23.3,0.0,0.272,3.0,MontroseBeach201608060300,23.3,0.0,0.272,3.0
2016-08-06 04:00:00,3027.0,Montrose Beach,1470456000,23.1,0.0,0.285,3.0,MontroseBeach201608060400,23.1,0.0,0.285,3.0
2016-08-06 05:00:00,3029.0,Montrose Beach,1470459600,23.0,0.0,0.295,3.0,MontroseBeach201608060500,23.0,0.0,0.295,3.0
2016-08-06 06:00:00,3031.0,Montrose Beach,1470463200,22.9,,0.298,,MontroseBeach201608060600,22.9,0.0,0.298,4.0
2016-08-06 07:00:00,3033.0,Montrose Beach,1470466800,22.8,0.0,0.289,4.0,MontroseBeach201608060700,22.8,0.0,0.289,4.0
2016-08-06 08:00:00,3034.0,Montrose Beach,1470470400,22.8,0.0,0.307,3.0,MontroseBeach201608060800,22.8,0.0,0.307,3.0
2016-08-06 09:00:00,3037.0,Montrose Beach,1470474000,,0.0,0.321,4.0,MontroseBeach201608060900,22.9,0.0,0.321,4.0
2016-08-06 10:00:00,3038.0,Montrose Beach,1470477600,,0.0,0.321,3.0,MontroseBeach201608061000,23.1,0.0,0.321,3.0
2016-08-06 11:00:00,3041.0,Montrose Beach,1470481200,,0.0,0.352,4.0,MontroseBeach201608061100,23.3,0.0,0.352,4.0
2016-08-06 12:00:00,3042.0,Montrose Beach,1470484800,,0.0,0.356,5.0,MontroseBeach201608061200,23.6,0.0,0.356,5.0
2016-08-06 13:00:00,3045.0,Montrose Beach,1470488400,,0.0,0.338,4.0,MontroseBeach201608061300,23.8,0.0,0.338,4.0
2016-08-06 14:00:00,3046.0,Montrose Beach,1470492000,24.0,0.0,0.327,4.0,MontroseBeach201608061400,24.0,0.0,0.327,4.0
2016-08-06 15:00:00,3048.0,Montrose Beach,1470495600,24.2,0.0,0.325,4.0,MontroseBeach201608061500,24.2,0.0,0.325,4.0
2016-08-06 16:00:00,3050.0,Montrose Beach,1470499200,24.3,0.0,0.315,3.0,MontroseBeach201608061600,24.3,0.0,0.315,3.0
2016-08-06 17:00:00,3053.0,Montrose Beach,1470502800,24.4,0.0,0.293,3.0,MontroseBeach201608061700,24.4,0.0,0.293,3.0
2016-08-06 18:00:00,3054.0,Montrose Beach,1470506400,24.3,0.0,0.284,,MontroseBeach201608061800,24.3,0.0,0.284,5.0
2016-08-06 19:00:00,3057.0,Montrose Beach,1470510000,24.2,0.0,0.315,,MontroseBeach201608061900,24.2,0.0,0.315,3.0
2016-08-06 20:00:00,3058.0,Montrose Beach,1470513600,,,0.292,,MontroseBeach201608062000,24.2,0.0,0.292,4.0
2016-08-06 21:00:00,3061.0,Montrose Beach,1470517200,,0.0,0.299,,MontroseBeach201608062100,24.6,0.0,0.299,3.0
2016-08-06 22:00:00,3062.0,Montrose Beach,1470520800,24.3,0.0,0.293,,MontroseBeach201608062200,24.3,0.0,0.293,3.0
2016-08-06 23:00:00,3065.0,Montrose Beach,1470524400,24.1,0.0,0.282,,MontroseBeach201608062300,24.1,0.0,0.282,3.0
2016-08-07 00:00:00,3066.0,Montrose Beach,1470528000,23.9,0.0,0.26,,MontroseBeach201608070000,23.9,0.0,0.26,4.0
2016-08-07 01:00:00,,Montrose Beach,1470531600,23.85,0.0,0.2445,3.5,MontroseBeach201608070100,23.85,0.0,0.2445,3.5
2016-08-07 02:00:00,3069.0,Montrose Beach,1470535200,23.8,0.0,0.229,3.0,MontroseBeach201608070200,23.8,0.0,0.229,3.0
2016-08-07 03:00:00,3071.0,Montrose Beach,1470538800,23.6,0.0,0.218,4.0,MontroseBeach201608070300,23.6,0.0,0.218,4.0
2016-08-07 04:00:00,3073.0,Montrose Beach,1470542400,23.5,0.0,0.223,4.0,MontroseBeach201608070400,23.5,0.0,0.223,4.0
2016-08-07 05:00:00,3074.0,Montrose Beach,1470546000,23.5,0.0,0.221,4.0,MontroseBeach201608070500,23.5,0.0,0.221,4.0
2016-08-07 06:00:00,3077.0,Montrose Beach,1470549600,23.4,0.0,0.227,3.0,MontroseBeach201608070600,23.4,0.0,0.227,3.0
2016-08-07 07:00:00,3078.0,Montrose Beach,1470553200,23.4,0.0,0.223,4.0,MontroseBeach201608070700,23.4,0.0,0.223,4.0
2016-08-07 08:00:00,3081.0,Montrose Beach,1470556800,23.4,0.0,0.228,4.0,MontroseBeach201608070800,23.4,0.0,0.228,4.0
2016-08-07 09:00:00,3083.0,Montrose Beach,1470560400,23.6,0.0,0.225,4.0,MontroseBeach201608070900,23.6,0.0,0.225,4.0
2016-08-07 10:00:00,3084.0,Montrose Beach,1470564000,23.8,0.0,0.214,3.0,MontroseBeach201608071000,23.8,0.0,0.214,3.0
2016-08-07 11:00:00,3087.0,Montrose Beach,1470567600,24.0,0.0,,4.0,MontroseBeach201608071100,24.0,0.0,0.219,4.0
2016-08-07 12:00:00,3088.0,Montrose Beach,1470571200,24.7,0.0,,3.0,MontroseBeach201608071200,24.7,0.0,0.231,3.0
2016-08-07 13:00:00,3091.0,Montrose Beach,1470574800,24.9,,0.226,3.0,MontroseBeach201608071300,24.9,0.0,0.226,3.0
2016-08-07 14:00:00,3092.0,Montrose Beach,1470578400,,,0.222,3.0,MontroseBeach201608071400,25.1,0.0,0.222,3.0
2016-08-07 15:00:00,3094.0,Montrose Beach,1470582000,,,0.237,4.0,MontroseBeach201608071500,26.0,0.0,0.237,4.0
2016-08-07 16:00:00,3097.0,Montrose Beach,1470585600,,,0.221,,MontroseBeach201608071600,25.1,0.0,0.221,3.0
2016-08-07 17:00:00,3099.0,Montrose Beach,1470589200,,,0.251,,MontroseBeach201608071700,25.3,0.0,0.251,3.0
2016-08-07 18:00:00,3100.0,Montrose Beach,1470592800,,,0.303,3.0,MontroseBeach201608071800,24.6,0.0,0.303,3.0
2016-08-07 19:00:00,3103.0,Montrose Beach,1470596400,24.2,,0.353,3.0,MontroseBeach201608071900,24.2,0.0,0.353,3.0
2016-08-07 20:00:00,3104.0,Montrose Beach,1470600000,,,0.378,3.0,MontroseBeach201608072000,24.0,0.0,0.378,3.0
2016-08-07 21:00:00,3107.0,Montrose Beach,1470603600,,,0.387,4.0,MontroseBeach201608072100,23.9,0.0,0.387,4.0
2016-08-07 22:00:00,,Montrose Beach,1470607200,,,0.3895,,MontroseBeach201608072200,23.9,0.0,0.3895,4.0
2016-08-07 23:00:00,3108.0,Montrose Beach,1470610800,,0.0,0.392,4.0,MontroseBeach201608072300,23.9,0.0,0.392,4.0
2016-08-08 00:00:00,3110.0,Montrose Beach,1470614400,,0.0,0.401,4.0,MontroseBeach201608080000,23.9,0.0,0.401,4.0
2016-08-08 01:00:00,3113.0,Montrose Beach,1470618000,,,0.404,4.0,MontroseBeach201608080100,23.9,0.0,0.404,4.0
2016-08-08 02:00:00,3114.0,Montrose Beach,1470621600,23.9,,,4.0,MontroseBeach201608080200,23.9,0.02,0.425,4.0
2016-08-08 03:00:00,3117.0,Montrose Beach,1470625200,23.7,0.01,,,MontroseBeach201608080300,23.7,0.01,0.393,5.0
2016-08-08 04:00:00,3119.0,Montrose Beach,1470628800,23.3,0.0,,,MontroseBeach201608080400,23.3,0.0,0.387,4.0
2016-08-08 05:00:00,3120.0,Montrose Beach,1470632400,23.3,0.02,,,MontroseBeach201608080500,23.3,0.02,0.362,4.0
2016-08-08 06:00:00,3122.0,Montrose Beach,1470636000,23.3,0.0,,,MontroseBeach201608080600,23.3,0.0,0.336,4.0
2016-08-08 07:00:00,3124.0,Montrose Beach,1470639600,,0.0,0.339,,MontroseBeach201608080700,23.4,0.0,0.339,4.0
2016-08-08 08:00:00,3126.0,Montrose Beach,1470643200,,0.0,0.333,,MontroseBeach201608080800,23.4,0.0,0.333,4.0
2016-08-08 09:00:00,3129.0,Montrose Beach,1470646800,23.5,0.0,0.296,4.0,MontroseBeach201608080900,23.5,0.0,0.296,4.0
2016-08-08 10:00:00,3130.0,Montrose Beach,1470650400,23.7,0.0,0.292,4.0,MontroseBeach201608081000,23.7,0.0,0.292,4.0
2016-08-08 11:00:00,3133.0,Montrose Beach,1470654000,23.8,0.0,0.253,4.0,MontroseBeach201608081100,23.8,0.0,0.253,4.0
2016-08-08 12:00:00,3134.0,Montrose Beach,1470657600,23.9,0.0,0.254,3.0,MontroseBeach201608081200,23.9,0.0,0.254,3.0
2016-08-08 13:00:00,3137.0,Montrose Beach,1470661200,24.1,0.0,0.261,3.0,MontroseBeach201608081300,24.1,0.0,0.261,3.0
2016-08-08 14:00:00,3138.0,Montrose Beach,1470664800,24.4,0.0,0.259,4.0,MontroseBeach201608081400,24.4,0.0,0.259,4.0
2016-08-08 15:00:00,3140.0,Montrose Beach,1470668400,24.9,0.0,,3.0,MontroseBeach201608081500,24.9,0.0,0.262,3.0
2016-08-08 16:00:00,3142.0,Montrose Beach,1470672000,25.1,0.0,0.292,4.0,MontroseBeach201608081600,25.1,0.0,0.292,4.0
2016-08-08 17:00:00,3143.0,Montrose Beach,1470675600,25.2,0.0,0.317,3.0,MontroseBeach201608081700,25.2,0.0,0.317,3.0
2016-08-08 18:00:00,3146.0,Montrose Beach,1470679200,25.4,0.01,0.34,3.0,MontroseBeach201608081800,25.4,0.01,0.34,3.0
2016-08-08 19:00:00,3147.0,Montrose Beach,1470682800,25.3,0.0,0.342,3.0,MontroseBeach201608081900,25.3,0.0,0.342,3.0
2016-08-08 20:00:00,3148.0,Montrose Beach,1470686400,25.1,,0.346,3.0,MontroseBeach201608082000,25.1,0.0,0.346,3.0
2016-08-08 21:00:00,3150.0,Montrose Beach,1470690000,25.0,,0.34,3.0,MontroseBeach201608082100,25.0,0.0,0.34,3.0
2016-08-08 22:00:00,3153.0,Montrose Beach,1470693600,24.7,,0.309,3.0,MontroseBeach201608082200,24.7,0.0,0.309,3.0
2016-08-08 23:00:00,3155.0,Montrose Beach,1470697200,24.6,0.0,0.32,4.0,MontroseBeach201608082300,24.6,0.0,0.32,4.0
2016-08-09 00:00:00,3157.0,Montrose Beach,1470700800,24.4,0.0,0.307,4.0,MontroseBeach201608090000,24.4,0.0,0.307,4.0
2016-08-09 01:00:00,3158.0,Montrose Beach,1470704400,24.3,0.0,0.313,4.0,MontroseBeach201608090100,24.3,0.0,0.313,4.0
2016-08-09 02:00:00,3160.0,Montrose Beach,1470708000,24.0,0.04,0.288,4.0,MontroseBeach201608090200,24.0,0.04,0.288,4.0
2016-08-09 03:00:00,3163.0,Montrose Beach,1470711600,23.9,0.0,0.253,4.0,MontroseBeach201608090300,23.9,0.0,0.253,4.0
2016-08-09 04:00:00,3164.0,Montrose Beach,1470715200,23.8,0.0,0.233,4.0,MontroseBeach201608090400,23.8,0.0,0.233,4.0
2016-08-09 05:00:00,3167.0,Montrose Beach,1470718800,23.7,,0.218,3.0,MontroseBeach201608090500,23.7,0.02,0.218,3.0
2016-08-09 06:00:00,3168.0,Montrose Beach,1470722400,23.7,0.01,0.221,4.0,MontroseBeach201608090600,23.7,0.01,0.221,4.0
2016-08-09 07:00:00,3171.0,Montrose Beach,1470726000,23.7,0.0,0.203,4.0,MontroseBeach201608090700,23.7,0.0,0.203,4.0
2016-08-09 08:00:00,3172.0,Montrose Beach,1470729600,23.7,0.0,0.197,3.0,MontroseBeach201608090800,23.7,0.0,0.197,3.0
2016-08-09 09:00:00,3175.0,Montrose Beach,1470733200,,0.0,0.19,3.0,MontroseBeach201608090900,23.7,0.0,0.19,3.0
2016-08-09 10:00:00,3176.0,Montrose Beach,1470736800,,0.0,0.185,,MontroseBeach201608091000,23.9,0.0,0.185,4.0
2016-08-09 11:00:00,3179.0,Montrose Beach,1470740400,,0.0,,,MontroseBeach201608091100,24.0,0.0,0.18,3.0
2016-08-09 12:00:00,3180.0,Montrose Beach,1470744000,,0.0,,3.0,MontroseBeach201608091200,24.4,0.0,0.161,3.0
2016-08-09 13:00:00,3183.0,Montrose Beach,1470747600,24.5,0.0,,3.0,MontroseBeach201608091300,24.5,0.0,0.172,3.0
2016-08-09 14:00:00,3184.0,Montrose Beach,1470751200,24.6,,,3.0,MontroseBeach201608091400,24.6,0.0,0.163,3.0
2016-08-09 15:00:00,3186.0,Montrose Beach,1470754800,24.6,,0.17,3.0,MontroseBeach201608091500,24.6,0.0,0.17,3.0
2016-08-09 16:00:00,3188.0,Montrose Beach,1470758400,24.6,0.0,0.165,3.0,MontroseBeach201608091600,24.6,0.0,0.165,3.0
2016-08-09 17:00:00,3189.0,Montrose Beach,1470762000,,0.0,0.168,2.0,MontroseBeach201608091700,24.6,0.0,0.168,2.0
2016-08-09 18:00:00,3190.0,Montrose Beach,1470765600,,0.0,0.153,7.0,MontroseBeach201608091800,24.7,0.0,0.153,7.0
2016-08-09 19:00:00,3191.0,Montrose Beach,1470769200,,0.0,0.146,6.0,MontroseBeach201608091900,24.7,0.0,0.146,6.0
2016-08-09 20:00:00,3192.0,Montrose Beach,1470772800,,0.0,0.138,6.0,MontroseBeach201608092000,24.6,0.0,0.138,6.0
2016-08-09 21:00:00,3193.0,Montrose Beach,1470776400,24.1,0.0,0.137,2.0,MontroseBeach201608092100,24.1,0.0,0.137,2.0
2016-08-09 22:00:00,3194.0,Montrose Beach,1470780000,24.0,0.0,0.121,2.0,MontroseBeach201608092200,24.0,0.0,0.121,2.0
2016-08-09 23:00:00,3195.0,Montrose Beach,1470783600,24.0,0.0,0.127,9.0,MontroseBeach201608092300,24.0,0.0,0.127,9.0
2016-08-10 00:00:00,3196.0,Montrose Beach,1470787200,23.9,0.0,0.128,7.0,MontroseBeach201608100000,23.9,0.0,0.128,7.0
2016-08-10 01:00:00,3197.0,Montrose Beach,1470790800,,,0.118,6.0,MontroseBeach201608100100,23.9,0.0,0.118,6.0
2016-08-10 02:00:00,3198.0,Montrose Beach,1470794400,,0.0,0.122,,MontroseBeach201608100200,23.8,0.0,0.122,5.0
2016-08-10 03:00:00,3199.0,Montrose Beach,1470798000,,0.0,0.114,,MontroseBeach201608100300,23.8,0.0,0.114,5.0
2016-08-10 04:00:00,3200.0,Montrose Beach,1470801600,23.8,0.0,0.104,,MontroseBeach201608100400,23.8,0.0,0.104,4.0
2016-08-10 05:00:00,3201.0,Montrose Beach,1470805200,23.9,0.0,0.107,,MontroseBeach201608100500,23.9,0.0,0.107,2.0
2016-08-10 06:00:00,3202.0,Montrose Beach,1470808800,23.9,0.0,0.134,,MontroseBeach201608100600,23.9,0.0,0.134,3.0
2016-08-10 07:00:00,3203.0,Montrose Beach,1470812400,23.9,0.0,0.094,,MontroseBeach201608100700,23.9,0.0,0.094,3.0
2016-08-10 08:00:00,3204.0,Montrose Beach,1470816000,24.0,,0.091,4.0,MontroseBeach201608100800,24.0,0.0,0.091,4.0
2016-08-10 09:00:00,3205.0,Montrose Beach,1470819600,24.3,,0.082,4.0,MontroseBeach201608100900,24.3,0.0,0.082,4.0
2016-08-10 10:00:00,3206.0,Montrose Beach,1470823200,,,0.079,3.0,MontroseBeach201608101000,24.5,0.0,0.079,3.0
2016-08-10 11:00:00,3207.0,Montrose Beach,1470826800,,0.0,0.084,4.0,MontroseBeach201608101100,24.7,0.0,0.084,4.0
2016-08-10 12:00:00,3208.0,Montrose Beach,1470830400,,0.0,0.094,4.0,MontroseBeach201608101200,25.1,0.0,0.094,4.0
2016-08-10 13:00:00,3209.0,Montrose Beach,1470834000,,0.0,0.108,3.0,MontroseBeach201608101300,25.5,0.0,0.108,3.0
2016-08-10 14:00:00,3210.0,Montrose Beach,1470837600,,,,3.0,MontroseBeach201608101400,25.7,0.0,0.141,3.0
2016-08-10 15:00:00,3211.0,Montrose Beach,1470841200,26.4,0.0,0.133,4.0,MontroseBeach201608101500,26.4,0.0,0.133,4.0
2016-08-10 16:00:00,3212.0,Montrose Beach,1470844800,26.1,0.0,0.159,2.0,MontroseBeach201608101600,26.1,0.0,0.159,2.0
2016-08-10 17:00:00,3213.0,Montrose Beach,1470848400,25.8,0.0,0.168,3.0,MontroseBeach201608101700,25.8,0.0,0.168,3.0
2016-08-10 18:00:00,3214.0,Montrose Beach,1470852000,26.0,0.0,0.167,3.0,MontroseBeach201608101800,26.0,0.0,0.167,3.0
2016-08-10 19:00:00,3215.0,Montrose Beach,1470855600,26.8,0.0,0.145,,MontroseBeach201608101900,26.8,0.0,0.145,6.0
2016-08-10 20:00:00,3216.0,Montrose Beach,1470859200,25.7,0.0,0.134,,MontroseBeach201608102000,25.7,0.0,0.134,5.0
2016-08-10 21:00:00,3217.0,Montrose Beach,1470862800,25.0,0.0,0.158,,MontroseBeach201608102100,25.0,0.0,0.158,3.0
2016-08-10 22:00:00,3218.0,Montrose Beach,1470866400,24.9,0.0,0.124,2.0,MontroseBeach201608102200,24.9,0.0,0.124,2.0
2016-08-10 23:00:00,3219.0,Montrose Beach,1470870000,24.5,0.0,0.11,4.0,MontroseBeach201608102300,24.5,0.0,0.11,4.0
2016-08-11 00:00:00,3220.0,Montrose Beach,1470873600,24.4,0.0,0.102,3.0,MontroseBeach201608110000,24.4,0.0,0.102,3.0
2016-08-11 01:00:00,3221.0,Montrose Beach,1470877200,24.4,0.0,0.114,7.0,MontroseBeach201608110100,24.4,0.0,0.114,7.0
2016-08-11 02:00:00,3222.0,Montrose Beach,1470880800,24.4,0.0,0.098,6.0,MontroseBeach201608110200,24.4,0.0,0.098,6.0
2016-08-11 03:00:00,3223.0,Montrose Beach,1470884400,24.4,0.0,0.097,4.0,MontroseBeach201608110300,24.4,0.0,0.097,4.0
2016-08-11 04:00:00,3224.0,Montrose Beach,1470888000,24.3,0.0,0.091,10.0,MontroseBeach201608110400,24.3,0.0,0.091,10.0
2016-08-11 05:00:00,3225.0,Montrose Beach,1470891600,24.2,0.0,0.09,9.0,MontroseBeach201608110500,24.2,0.0,0.09,9.0
2016-08-11 06:00:00,3226.0,Montrose Beach,1470895200,24.1,0.0,0.092,8.0,MontroseBeach201608110600,24.1,0.0,0.092,8.0
2016-08-11 07:00:00,3227.0,Montrose Beach,1470898800,24.1,0.0,0.094,7.0,MontroseBeach201608110700,24.1,0.0,0.094,7.0
2016-08-11 08:00:00,3228.0,Montrose Beach,1470902400,24.1,0.0,0.094,6.0,MontroseBeach201608110800,24.1,0.0,0.094,6.0
2016-08-11 09:00:00,3229.0,Montrose Beach,1470906000,24.3,0.0,0.103,5.0,MontroseBeach201608110900,24.3,0.0,0.103,5.0
2016-08-11 10:00:00,3230.0,Montrose Beach,1470909600,24.4,0.0,0.08,5.0,MontroseBeach201608111000,24.4,0.0,0.08,5.0
2016-08-11 11:00:00,3231.0,Montrose Beach,1470913200,24.5,0.0,0.102,4.0,MontroseBeach201608111100,24.5,0.0,0.102,4.0
2016-08-11 12:00:00,3233.0,Montrose Beach,1470916800,23.8,0.0,,2.0,MontroseBeach201608111200,23.8,0.0,0.099,2.0
2016-08-11 13:00:00,3236.0,Montrose Beach,1470920400,23.9,0.0,,4.0,MontroseBeach201608111300,23.9,0.0,0.103,4.0
2016-08-11 14:00:00,3238.0,Montrose Beach,1470924000,23.7,0.0,,9.0,MontroseBeach201608111400,23.7,0.0,0.085,9.0
2016-08-11 15:00:00,3239.0,Montrose Beach,1470927600,23.2,0.0,,4.0,MontroseBeach201608111500,23.2,0.0,0.11,4.0
2016-08-11 16:00:00,3241.0,Montrose Beach,1470931200,22.9,0.0,,9.0,MontroseBeach201608111600,22.9,0.0,0.111,9.0
2016-08-11 17:00:00,3244.0,Montrose Beach,1470934800,21.9,0.0,0.094,9.0,MontroseBeach201608111700,21.9,0.0,0.094,9.0
2016-08-11 18:00:00,3245.0,Montrose Beach,1470938400,22.4,0.0,,,MontroseBeach201608111800,22.4,0.0,0.121,7.0
2016-08-11 19:00:00,3247.0,Montrose Beach,1470942000,22.3,0.0,0.12,,MontroseBeach201608111900,22.3,0.0,0.12,7.0
2016-08-11 20:00:00,3249.0,Montrose Beach,1470945600,,0.0,0.118,,MontroseBeach201608112000,21.9,0.0,0.118,5.0
2016-08-11 21:00:00,3252.0,Montrose Beach,1470949200,,,0.107,,MontroseBeach201608112100,22.1,0.0,0.107,4.0
2016-08-11 22:00:00,3253.0,Montrose Beach,1470952800,21.4,,0.107,,MontroseBeach201608112200,21.4,0.0,0.107,3.0
2016-08-11 23:00:00,3255.0,Montrose Beach,1470956400,21.6,,0.11,9.0,MontroseBeach201608112300,21.6,0.0,0.11,9.0
2016-08-12 00:00:00,3258.0,Montrose Beach,1470960000,21.2,,0.101,9.0,MontroseBeach201608120000,21.2,0.0,0.101,9.0
2016-08-12 01:00:00,3260.0,Montrose Beach,1470963600,21.0,,0.107,7.0,MontroseBeach201608120100,21.0,0.0,0.107,7.0
2016-08-12 02:00:00,3261.0,Montrose Beach,1470967200,20.9,0.0,0.094,6.0,MontroseBeach201608120200,20.9,0.0,0.094,6.0
2016-08-12 03:00:00,3263.0,Montrose Beach,1470970800,20.6,0.0,0.094,10.0,MontroseBeach201608120300,20.6,0.0,0.094,10.0
2016-08-12 04:00:00,3265.0,Montrose Beach,1470974400,20.1,0.0,0.093,9.0,MontroseBeach201608120400,20.1,0.0,0.093,9.0
2016-08-12 05:00:00,3267.0,Montrose Beach,1470978000,20.0,0.0,0.092,9.0,MontroseBeach201608120500,20.0,0.0,0.092,9.0
2016-08-12 06:00:00,3268.0,Montrose Beach,1470981600,20.5,,0.104,7.0,MontroseBeach201608120600,20.5,0.0,0.104,7.0
2016-08-12 07:00:00,3271.0,Montrose Beach,1470985200,21.3,,0.114,6.0,MontroseBeach201608120700,21.3,0.0,0.114,6.0
2016-08-12 08:00:00,3272.0,Montrose Beach,1470988800,21.7,,0.121,5.0,MontroseBeach201608120800,21.7,0.0,0.121,5.0
2016-08-12 09:00:00,3275.0,Montrose Beach,1470992400,21.6,0.0,0.153,2.0,MontroseBeach201608120900,21.6,0.0,0.153,2.0
2016-08-12 10:00:00,3277.0,Montrose Beach,1470996000,21.7,0.0,0.185,3.0,MontroseBeach201608121000,21.7,0.0,0.185,3.0
2016-08-12 11:00:00,3279.0,Montrose Beach,1470999600,21.5,0.0,0.186,3.0,MontroseBeach201608121100,21.5,0.0,0.186,3.0
2016-08-12 12:00:00,3280.0,Montrose Beach,1471003200,21.7,0.0,0.178,3.0,MontroseBeach201608121200,21.7,0.0,0.178,3.0
2016-08-12 13:00:00,3282.0,Montrose Beach,1471006800,21.8,0.0,0.166,3.0,MontroseBeach201608121300,21.8,0.0,0.166,3.0
2016-08-12 14:00:00,3285.0,Montrose Beach,1471010400,22.2,0.0,0.15,3.0,MontroseBeach201608121400,22.2,0.0,0.15,3.0
2016-08-12 15:00:00,3286.0,Montrose Beach,1471014000,22.2,0.0,0.149,2.0,MontroseBeach201608121500,22.2,0.0,0.149,2.0
2016-08-12 16:00:00,3289.0,Montrose Beach,1471017600,22.3,0.0,0.119,9.0,MontroseBeach201608121600,22.3,0.0,0.119,9.0
2016-08-12 17:00:00,3291.0,Montrose Beach,1471021200,22.4,0.0,0.173,3.0,MontroseBeach201608121700,22.4,0.0,0.173,3.0
2016-08-12 18:00:00,3292.0,Montrose Beach,1471024800,23.3,,0.195,7.0,MontroseBeach201608121800,23.3,0.0,0.195,7.0
2016-08-12 19:00:00,3295.0,Montrose Beach,1471028400,21.6,0.0,0.198,3.0,MontroseBeach201608121900,21.6,0.0,0.198,3.0
2016-08-12 20:00:00,3296.0,Montrose Beach,1471032000,22.3,0.0,0.192,3.0,MontroseBeach201608122000,22.3,0.0,0.192,3.0
2016-08-12 21:00:00,3299.0,Montrose Beach,1471035600,22.2,0.0,0.197,3.0,MontroseBeach201608122100,22.2,0.0,0.197,3.0
2016-08-12 22:00:00,3300.0,Montrose Beach,1471039200,22.1,0.0,0.189,3.0,MontroseBeach201608122200,22.1,0.0,0.189,3.0
2016-08-12 23:00:00,3303.0,Montrose Beach,1471042800,22.2,0.0,0.195,,MontroseBeach201608122300,22.2,0.0,0.195,3.0
2016-08-13 00:00:00,3304.0,Montrose Beach,1471046400,,0.0,0.185,,MontroseBeach201608130000,22.2,0.0,0.185,3.0
2016-08-13 01:00:00,3307.0,Montrose Beach,1471050000,21.9,0.0,0.178,,MontroseBeach201608130100,21.9,0.0,0.178,3.0
2016-08-13 02:00:00,3308.0,Montrose Beach,1471053600,22.0,0.0,,,MontroseBeach201608130200,22.0,0.0,0.171,3.0
2016-08-13 03:00:00,3311.0,Montrose Beach,1471057200,,0.0,,,MontroseBeach201608130300,21.5,0.0,0.145,3.0
2016-08-13 04:00:00,3312.0,Montrose Beach,1471060800,21.6,0.0,,3.0,MontroseBeach201608130400,21.6,0.0,0.151,3.0
2016-08-13 05:00:00,3315.0,Montrose Beach,1471064400,21.8,0.0,0.129,3.0,MontroseBeach201608130500,21.8,0.0,0.129,3.0
2016-08-13 06:00:00,3316.0,Montrose Beach,1471068000,21.5,,0.128,5.0,MontroseBeach201608130600,21.5,0.0,0.128,5.0
2016-08-13 07:00:00,3319.0,Montrose Beach,1471071600,21.6,0.0,0.125,5.0,MontroseBeach201608130700,21.6,0.0,0.125,5.0
2016-08-13 08:00:00,3320.0,Montrose Beach,1471075200,21.6,0.0,0.123,6.0,MontroseBeach201608130800,21.6,0.0,0.123,6.0
2016-08-13 09:00:00,3323.0,Montrose Beach,1471078800,21.8,0.0,0.133,5.0,MontroseBeach201608130900,21.8,0.0,0.133,5.0
2016-08-13 10:00:00,3324.0,Montrose Beach,1471082400,21.5,0.0,0.125,5.0,MontroseBeach201608131000,21.5,0.0,0.125,5.0
2016-08-13 11:00:00,3326.0,Montrose Beach,1471086000,22.0,0.0,0.142,6.0,MontroseBeach201608131100,22.0,0.0,0.142,6.0
2016-08-13 12:00:00,3328.0,Montrose Beach,1471089600,22.0,0.0,0.153,5.0,MontroseBeach201608131200,22.0,0.0,0.153,5.0
2016-08-13 13:00:00,3331.0,Montrose Beach,1471093200,22.2,0.0,0.187,4.0,MontroseBeach201608131300,22.2,0.0,0.187,4.0
2016-08-13 14:00:00,3332.0,Montrose Beach,1471096800,,0.0,0.237,3.0,MontroseBeach201608131400,22.3,0.0,0.237,3.0
2016-08-13 15:00:00,3335.0,Montrose Beach,1471100400,22.3,0.0,0.306,3.0,MontroseBeach201608131500,22.3,0.0,0.306,3.0
2016-08-13 16:00:00,3336.0,Montrose Beach,1471104000,22.4,0.0,0.322,3.0,MontroseBeach201608131600,22.4,0.0,0.322,3.0
2016-08-13 17:00:00,3339.0,Montrose Beach,1471107600,22.3,0.0,0.32,3.0,MontroseBeach201608131700,22.3,0.0,0.32,3.0
2016-08-13 18:00:00,3341.0,Montrose Beach,1471111200,22.5,0.0,0.305,4.0,MontroseBeach201608131800,22.5,0.0,0.305,4.0
2016-08-13 19:00:00,3343.0,Montrose Beach,1471114800,22.7,0.0,0.293,,MontroseBeach201608131900,22.7,0.0,0.293,4.0
2016-08-13 20:00:00,3345.0,Montrose Beach,1471118400,22.6,,0.276,,MontroseBeach201608132000,22.6,0.0,0.276,3.0
2016-08-13 21:00:00,3347.0,Montrose Beach,1471122000,22.6,,0.26,,MontroseBeach201608132100,22.6,0.0,0.26,4.0
2016-08-13 22:00:00,3348.0,Montrose Beach,1471125600,22.6,0.0,0.255,,MontroseBeach201608132200,22.6,0.0,0.255,4.0
2016-08-13 23:00:00,3350.0,Montrose Beach,1471129200,22.7,0.0,0.25,,MontroseBeach201608132300,22.7,0.0,0.25,5.0
2016-08-14 00:00:00,3353.0,Montrose Beach,1471132800,22.7,0.0,0.247,6.0,MontroseBeach201608140000,22.7,0.0,0.247,6.0
2016-08-14 01:00:00,,Montrose Beach,1471136400,22.75,,0.237,4.5,MontroseBeach201608140100,22.75,0.0,0.237,4.5
2016-08-14 02:00:00,3354.0,Montrose Beach,1471140000,22.8,,0.227,3.0,MontroseBeach201608140200,22.8,0.0,0.227,3.0
2016-08-14 03:00:00,3356.0,Montrose Beach,1471143600,22.8,,0.241,5.0,MontroseBeach201608140300,22.8,0.0,0.241,5.0
2016-08-14 04:00:00,3359.0,Montrose Beach,1471147200,22.8,,0.226,5.0,MontroseBeach201608140400,22.8,0.0,0.226,5.0
2016-08-14 05:00:00,3361.0,Montrose Beach,1471150800,22.7,0.0,0.221,4.0,MontroseBeach201608140500,22.7,0.0,0.221,4.0
2016-08-14 06:00:00,3362.0,Montrose Beach,1471154400,22.7,0.0,0.22,,MontroseBeach201608140600,22.7,0.0,0.22,4.0
2016-08-14 07:00:00,3364.0,Montrose Beach,1471158000,22.7,0.0,0.233,,MontroseBeach201608140700,22.7,0.0,0.233,4.0
2016-08-14 08:00:00,3367.0,Montrose Beach,1471161600,22.8,0.0,0.216,4.0,MontroseBeach201608140800,22.8,0.0,0.216,4.0
2016-08-14 09:00:00,3368.0,Montrose Beach,1471165200,23.0,0.0,,,MontroseBeach201608140900,23.0,0.0,0.212,4.0
2016-08-14 10:00:00,3371.0,Montrose Beach,1471168800,23.2,0.0,,5.0,MontroseBeach201608141000,23.2,0.0,0.22,5.0
2016-08-14 11:00:00,3373.0,Montrose Beach,1471172400,23.4,0.0,,3.0,MontroseBeach201608141100,23.4,0.0,0.216,3.0
2016-08-14 12:00:00,3374.0,Montrose Beach,1471176000,23.7,,,4.0,MontroseBeach201608141200,23.7,0.0,0.211,4.0
2016-08-14 13:00:00,3376.0,Montrose Beach,1471179600,23.9,0.0,,3.0,MontroseBeach201608141300,23.9,0.0,0.204,3.0
2016-08-14 14:00:00,3379.0,Montrose Beach,1471183200,24.8,0.0,0.213,4.0,MontroseBeach201608141400,24.8,0.0,0.213,4.0
2016-08-14 15:00:00,3380.0,Montrose Beach,1471186800,25.2,,0.202,4.0,MontroseBeach201608141500,25.2,0.0,0.202,4.0
2016-08-14 16:00:00,3383.0,Montrose Beach,1471190400,25.4,0.0,0.227,3.0,MontroseBeach201608141600,25.4,0.0,0.227,3.0
2016-08-14 17:00:00,3384.0,Montrose Beach,1471194000,25.2,0.0,0.196,4.0,MontroseBeach201608141700,25.2,0.0,0.196,4.0
2016-08-14 18:00:00,3386.0,Montrose Beach,1471197600,24.6,0.0,0.227,2.0,MontroseBeach201608141800,24.6,0.0,0.227,2.0
2016-08-14 19:00:00,3388.0,Montrose Beach,1471201200,25.2,0.0,0.192,3.0,MontroseBeach201608141900,25.2,0.0,0.192,3.0
2016-08-14 20:00:00,3390.0,Montrose Beach,1471204800,24.5,0.0,0.164,3.0,MontroseBeach201608142000,24.5,0.0,0.164,3.0
2016-08-14 21:00:00,3392.0,Montrose Beach,1471208400,24.1,0.0,0.173,5.0,MontroseBeach201608142100,24.1,0.0,0.173,5.0
2016-08-14 22:00:00,3395.0,Montrose Beach,1471212000,24.1,0.0,,,MontroseBeach201608142200,24.1,0.0,0.165,4.0
2016-08-14 23:00:00,3396.0,Montrose Beach,1471215600,23.9,,,,MontroseBeach201608142300,23.9,0.0,0.171,3.0
2016-08-15 00:00:00,3398.0,Montrose Beach,1471219200,23.8,0.0,0.167,,MontroseBeach201608150000,23.8,0.0,0.167,3.0
2016-08-15 01:00:00,3401.0,Montrose Beach,1471222800,23.7,0.0,0.14,,MontroseBeach201608150100,23.7,0.0,0.14,3.0
2016-08-15 02:00:00,3403.0,Montrose Beach,1471226400,,0.0,0.132,,MontroseBeach201608150200,23.7,0.0,0.132,5.0
2016-08-15 03:00:00,3405.0,Montrose Beach,1471230000,23.6,0.0,0.121,,MontroseBeach201608150300,23.6,0.0,0.121,3.0
2016-08-15 04:00:00,3406.0,Montrose Beach,1471233600,23.6,0.0,0.115,,MontroseBeach201608150400,23.6,0.0,0.115,3.0
2016-08-15 05:00:00,3409.0,Montrose Beach,1471237200,23.6,0.0,0.118,,MontroseBeach201608150500,23.6,0.0,0.118,9.0
2016-08-15 06:00:00,3410.0,Montrose Beach,1471240800,23.6,,0.114,8.0,MontroseBeach201608150600,23.6,0.0,0.114,8.0
2016-08-15 07:00:00,3413.0,Montrose Beach,1471244400,23.5,,0.11,6.0,MontroseBeach201608150700,23.5,0.0,0.11,6.0
2016-08-15 08:00:00,3414.0,Montrose Beach,1471248000,23.6,,0.098,4.0,MontroseBeach201608150800,23.6,0.0,0.098,4.0
2016-08-15 09:00:00,3417.0,Montrose Beach,1471251600,23.6,,0.122,,MontroseBeach201608150900,23.6,0.0,0.122,4.0
2016-08-15 10:00:00,3419.0,Montrose Beach,1471255200,23.7,,0.116,3.0,MontroseBeach201608151000,23.7,0.0,0.116,3.0
2016-08-15 11:00:00,3420.0,Montrose Beach,1471258800,23.7,0.0,0.12,,MontroseBeach201608151100,23.7,0.0,0.12,8.0
2016-08-15 12:00:00,3423.0,Montrose Beach,1471262400,23.7,0.0,0.139,,MontroseBeach201608151200,23.7,0.0,0.139,5.0
2016-08-15 13:00:00,3424.0,Montrose Beach,1471266000,23.8,0.0,0.138,,MontroseBeach201608151300,23.8,0.0,0.138,4.0
2016-08-15 14:00:00,3427.0,Montrose Beach,1471269600,23.8,0.0,0.154,,MontroseBeach201608151400,23.8,0.0,0.154,3.0
2016-08-15 15:00:00,3428.0,Montrose Beach,1471273200,23.8,0.0,0.193,3.0,MontroseBeach201608151500,23.8,0.0,0.193,3.0
2016-08-15 16:00:00,3431.0,Montrose Beach,1471276800,23.6,0.0,0.232,3.0,MontroseBeach201608151600,23.6,0.0,0.232,3.0
2016-08-15 17:00:00,3433.0,Montrose Beach,1471280400,,0.0,0.282,3.0,MontroseBeach201608151700,23.3,0.0,0.282,3.0
2016-08-15 18:00:00,3434.0,Montrose Beach,1471284000,,0.0,0.268,4.0,MontroseBeach201608151800,23.5,0.0,0.268,4.0
2016-08-15 19:00:00,3437.0,Montrose Beach,1471287600,23.1,0.0,0.319,4.0,MontroseBeach201608151900,23.1,0.0,0.319,4.0
2016-08-15 20:00:00,3438.0,Montrose Beach,1471291200,22.9,0.0,,4.0,MontroseBeach201608152000,22.9,0.0,0.33,4.0
2016-08-15 21:00:00,3441.0,Montrose Beach,1471294800,22.9,0.0,0.372,,MontroseBeach201608152100,22.9,0.0,0.372,4.0
2016-08-15 22:00:00,3442.0,Montrose Beach,1471298400,22.9,0.0,0.373,4.0,MontroseBeach201608152200,22.9,0.0,0.373,4.0
2016-08-15 23:00:00,3445.0,Montrose Beach,1471302000,23.1,0.0,0.365,4.0,MontroseBeach201608152300,23.1,0.0,0.365,4.0
2016-08-16 00:00:00,3446.0,Montrose Beach,1471305600,23.3,0.0,0.382,,MontroseBeach201608160000,23.3,0.0,0.382,4.0
2016-08-16 01:00:00,3449.0,Montrose Beach,1471309200,23.4,0.01,0.404,4.0,MontroseBeach201608160100,23.4,0.01,0.404,4.0
2016-08-16 02:00:00,3451.0,Montrose Beach,1471312800,,,0.428,4.0,MontroseBeach201608160200,23.4,5.3,0.428,4.0
2016-08-16 03:00:00,3452.0,Montrose Beach,1471316400,23.2,,,4.0,MontroseBeach201608160300,23.2,0.0,0.455,4.0
2016-08-16 04:00:00,3454.0,Montrose Beach,1471320000,23.2,,0.454,6.0,MontroseBeach201608160400,23.2,14.73,0.454,6.0
2016-08-16 05:00:00,3457.0,Montrose Beach,1471323600,23.3,,0.373,6.0,MontroseBeach201608160500,23.3,0.0,0.373,6.0
2016-08-16 06:00:00,3459.0,Montrose Beach,1471327200,,0.0,0.407,5.0,MontroseBeach201608160600,23.1,0.0,0.407,5.0
2016-08-16 07:00:00,3460.0,Montrose Beach,1471330800,22.9,0.0,0.356,5.0,MontroseBeach201608160700,22.9,0.0,0.356,5.0
2016-08-16 08:00:00,3463.0,Montrose Beach,1471334400,23.0,0.0,0.338,5.0,MontroseBeach201608160800,23.0,0.0,0.338,5.0
2016-08-16 09:00:00,3465.0,Montrose Beach,1471338000,23.1,0.0,0.34,5.0,MontroseBeach201608160900,23.1,0.0,0.34,5.0
2016-08-16 10:00:00,3467.0,Montrose Beach,1471341600,23.3,0.0,,4.0,MontroseBeach201608161000,23.3,0.0,0.329,4.0
2016-08-16 11:00:00,3469.0,Montrose Beach,1471345200,23.4,0.09,0.314,4.0,MontroseBeach201608161100,23.4,0.09,0.314,4.0
2016-08-16 12:00:00,3470.0,Montrose Beach,1471348800,23.7,0.01,0.346,4.0,MontroseBeach201608161200,23.7,0.01,0.346,4.0
2016-08-16 13:00:00,3472.0,Montrose Beach,1471352400,23.9,0.0,0.326,4.0,MontroseBeach201608161300,23.9,0.0,0.326,4.0
2016-08-16 14:00:00,3475.0,Montrose Beach,1471356000,24.2,0.0,0.334,,MontroseBeach201608161400,24.2,0.0,0.334,4.0
2016-08-16 15:00:00,3476.0,Montrose Beach,1471359600,24.4,0.0,0.308,,MontroseBeach201608161500,24.4,0.0,0.308,4.0
2016-08-16 16:00:00,3478.0,Montrose Beach,1471363200,24.6,,0.31,,MontroseBeach201608161600,24.6,0.0,0.31,4.0
2016-08-16 17:00:00,3481.0,Montrose Beach,1471366800,24.7,0.0,0.299,4.0,MontroseBeach201608161700,24.7,0.0,0.299,4.0
2016-08-16 18:00:00,3483.0,Montrose Beach,1471370400,24.5,0.0,0.262,3.0,MontroseBeach201608161800,24.5,0.0,0.262,3.0
2016-08-16 19:00:00,3485.0,Montrose Beach,1471374000,24.3,0.0,0.244,4.0,MontroseBeach201608161900,24.3,0.0,0.244,4.0
2016-08-16 20:00:00,3486.0,Montrose Beach,1471377600,24.1,0.0,0.217,3.0,MontroseBeach201608162000,24.1,0.0,0.217,3.0
2016-08-16 21:00:00,3489.0,Montrose Beach,1471381200,24.0,0.06,0.214,3.0,MontroseBeach201608162100,24.0,0.06,0.214,3.0
2016-08-16 22:00:00,3490.0,Montrose Beach,1471384800,23.9,,0.188,3.0,MontroseBeach201608162200,23.9,0.0,0.188,3.0
2016-08-16 23:00:00,3493.0,Montrose Beach,1471388400,23.8,0.0,0.167,4.0,MontroseBeach201608162300,23.8,0.0,0.167,4.0
2016-08-17 00:00:00,3494.0,Montrose Beach,1471392000,23.7,0.0,0.149,4.0,MontroseBeach201608170000,23.7,0.0,0.149,4.0
2016-08-17 01:00:00,3497.0,Montrose Beach,1471395600,23.7,0.0,0.135,4.0,MontroseBeach201608170100,23.7,0.0,0.135,4.0
2016-08-17 02:00:00,3498.0,Montrose Beach,1471399200,23.7,0.0,0.118,,MontroseBeach201608170200,23.7,0.0,0.118,6.0
2016-08-17 03:00:00,3500.0,Montrose Beach,1471402800,23.6,0.0,,3.0,MontroseBeach201608170300,23.6,0.0,0.11,3.0
2016-08-17 04:00:00,3501.0,Montrose Beach,1471406400,23.6,0.0,0.107,4.0,MontroseBeach201608170400,23.6,0.0,0.107,4.0
2016-08-17 05:00:00,3504.0,Montrose Beach,1471410000,,0.0,,3.0,MontroseBeach201608170500,23.6,0.0,0.097,3.0
2016-08-17 06:00:00,3505.0,Montrose Beach,1471413600,23.7,0.0,0.096,3.0,MontroseBeach201608170600,23.7,0.0,0.096,3.0
2016-08-17 07:00:00,3508.0,Montrose Beach,1471417200,23.6,0.0,0.104,4.0,MontroseBeach201608170700,23.6,0.0,0.104,4.0
2016-08-17 08:00:00,3509.0,Montrose Beach,1471420800,23.7,0.0,,4.0,MontroseBeach201608170800,23.7,0.0,0.102,4.0
2016-08-17 09:00:00,3511.0,Montrose Beach,1471424400,,0.0,,4.0,MontroseBeach201608170900,23.8,0.0,0.105,4.0
2016-08-17 10:00:00,3514.0,Montrose Beach,1471428000,,0.0,,4.0,MontroseBeach201608171000,23.9,0.0,0.095,4.0
2016-08-17 11:00:00,3515.0,Montrose Beach,1471431600,,0.0,,3.0,MontroseBeach201608171100,24.1,0.0,0.1,3.0
2016-08-17 12:00:00,3518.0,Montrose Beach,1471435200,,,,4.0,MontroseBeach201608171200,24.2,0.0,0.103,4.0
2016-08-17 13:00:00,3519.0,Montrose Beach,1471438800,,,,3.0,MontroseBeach201608171300,24.3,0.0,0.121,3.0
2016-08-17 14:00:00,3522.0,Montrose Beach,1471442400,24.5,0.0,,5.0,MontroseBeach201608171400,24.5,0.0,0.157,5.0
2016-08-17 15:00:00,3523.0,Montrose Beach,1471446000,24.5,0.0,0.117,3.0,MontroseBeach201608171500,24.5,0.0,0.117,3.0
2016-08-17 16:00:00,3526.0,Montrose Beach,1471449600,25.5,0.0,,3.0,MontroseBeach201608171600,25.5,0.0,0.17,3.0
2016-08-17 17:00:00,3527.0,Montrose Beach,1471453200,25.3,,0.133,8.0,MontroseBeach201608171700,25.3,0.0,0.133,8.0
2016-08-17 18:00:00,3530.0,Montrose Beach,1471456800,25.6,0.0,0.12,7.0,MontroseBeach201608171800,25.6,0.0,0.12,7.0
2016-08-17 19:00:00,3531.0,Montrose Beach,1471460400,,0.0,,6.0,MontroseBeach201608171900,25.2,0.0,0.114,6.0
2016-08-17 20:00:00,3533.0,Montrose Beach,1471464000,24.9,,0.109,5.0,MontroseBeach201608172000,24.9,0.0,0.109,5.0
2016-08-17 21:00:00,3535.0,Montrose Beach,1471467600,,0.0,,4.0,MontroseBeach201608172100,24.5,0.0,0.113,4.0
2016-08-17 22:00:00,3538.0,Montrose Beach,1471471200,24.4,0.0,0.13,4.0,MontroseBeach201608172200,24.4,0.0,0.13,4.0
2016-08-17 23:00:00,3539.0,Montrose Beach,1471474800,24.3,0.0,0.11,4.0,MontroseBeach201608172300,24.3,0.0,0.11,4.0
2016-08-18 00:00:00,3542.0,Montrose Beach,1471478400,24.2,0.0,0.126,7.0,MontroseBeach201608180000,24.2,0.0,0.126,7.0
2016-08-18 01:00:00,3543.0,Montrose Beach,1471482000,24.1,0.0,0.125,6.0,MontroseBeach201608180100,24.1,0.0,0.125,6.0
2016-08-18 02:00:00,3546.0,Montrose Beach,1471485600,24.1,0.0,0.147,,MontroseBeach201608180200,24.1,0.0,0.147,3.0
2016-08-18 03:00:00,3547.0,Montrose Beach,1471489200,24.0,0.0,0.151,,MontroseBeach201608180300,24.0,0.0,0.151,5.0
2016-08-18 04:00:00,3549.0,Montrose Beach,1471492800,24.0,0.0,0.141,,MontroseBeach201608180400,24.0,0.0,0.141,4.0
2016-08-18 05:00:00,3551.0,Montrose Beach,1471496400,,0.0,0.135,4.0,MontroseBeach201608180500,23.9,0.0,0.135,4.0
2016-08-18 06:00:00,3554.0,Montrose Beach,1471500000,23.9,,0.13,8.0,MontroseBeach201608180600,23.9,0.0,0.13,8.0
2016-08-18 07:00:00,3555.0,Montrose Beach,1471503600,23.8,0.0,0.127,6.0,MontroseBeach201608180700,23.8,0.0,0.127,6.0
2016-08-18 08:00:00,3557.0,Montrose Beach,1471507200,23.8,0.0,0.157,2.0,MontroseBeach201608180800,23.8,0.0,0.157,2.0
2016-08-18 09:00:00,3559.0,Montrose Beach,1471510800,23.7,0.0,0.136,,MontroseBeach201608180900,23.7,0.0,0.136,5.0
2016-08-18 10:00:00,3561.0,Montrose Beach,1471514400,23.9,0.0,0.132,4.0,MontroseBeach201608181000,23.9,0.0,0.132,4.0
2016-08-18 11:00:00,3563.0,Montrose Beach,1471518000,24.1,0.0,,3.0,MontroseBeach201608181100,24.1,0.0,0.122,3.0
2016-08-18 12:00:00,3566.0,Montrose Beach,1471521600,24.2,0.0,,3.0,MontroseBeach201608181200,24.2,0.0,0.125,3.0
2016-08-18 13:00:00,3567.0,Montrose Beach,1471525200,24.6,0.0,0.122,,MontroseBeach201608181300,24.6,0.0,0.122,3.0
2016-08-18 14:00:00,3569.0,Montrose Beach,1471528800,24.5,0.0,0.133,3.0,MontroseBeach201608181400,24.5,0.0,0.133,3.0
2016-08-18 15:00:00,3571.0,Montrose Beach,1471532400,24.6,0.0,0.122,3.0,MontroseBeach201608181500,24.6,0.0,0.122,3.0
2016-08-18 16:00:00,3573.0,Montrose Beach,1471536000,24.5,0.0,0.119,3.0,MontroseBeach201608181600,24.5,0.0,0.119,3.0
2016-08-18 17:00:00,3575.0,Montrose Beach,1471539600,24.6,0.0,0.146,3.0,MontroseBeach201608181700,24.6,0.0,0.146,3.0
2016-08-18 18:00:00,3578.0,Montrose Beach,1471543200,24.3,0.0,0.173,3.0,MontroseBeach201608181800,24.3,0.0,0.173,3.0
2016-08-18 19:00:00,3579.0,Montrose Beach,1471546800,24.2,0.0,0.159,3.0,MontroseBeach201608181900,24.2,0.0,0.159,3.0
2016-08-18 20:00:00,3582.0,Montrose Beach,1471550400,23.5,0.0,0.144,5.0,MontroseBeach201608182000,23.5,0.0,0.144,5.0
2016-08-18 21:00:00,3583.0,Montrose Beach,1471554000,23.3,0.0,0.105,3.0,MontroseBeach201608182100,23.3,0.0,0.105,3.0
2016-08-18 22:00:00,3585.0,Montrose Beach,1471557600,23.1,0.0,0.112,,MontroseBeach201608182200,23.1,0.0,0.112,5.0
2016-08-18 23:00:00,3588.0,Montrose Beach,1471561200,22.8,0.0,0.107,3.0,MontroseBeach201608182300,22.8,0.0,0.107,3.0
2016-08-19 00:00:00,3589.0,Montrose Beach,1471564800,22.6,0.0,0.106,3.0,MontroseBeach201608190000,22.6,0.0,0.106,3.0
2016-08-19 01:00:00,3592.0,Montrose Beach,1471568400,22.3,,0.107,7.0,MontroseBeach201608190100,22.3,0.0,0.107,7.0
2016-08-19 02:00:00,3593.0,Montrose Beach,1471572000,22.2,,0.113,6.0,MontroseBeach201608190200,22.2,0.0,0.113,6.0
2016-08-19 03:00:00,3596.0,Montrose Beach,1471575600,22.2,,0.11,5.0,MontroseBeach201608190300,22.2,0.0,0.11,5.0
2016-08-19 04:00:00,3598.0,Montrose Beach,1471579200,22.1,0.0,0.117,3.0,MontroseBeach201608190400,22.1,0.0,0.117,3.0
2016-08-19 05:00:00,3599.0,Montrose Beach,1471582800,22.1,0.0,,3.0,MontroseBeach201608190500,22.1,0.0,0.112,3.0
2016-08-19 06:00:00,3602.0,Montrose Beach,1471586400,22.5,0.0,0.109,4.0,MontroseBeach201608190600,22.5,0.0,0.109,4.0
2016-08-19 07:00:00,3604.0,Montrose Beach,1471590000,22.1,0.0,0.107,7.0,MontroseBeach201608190700,22.1,0.0,0.107,7.0
2016-08-19 08:00:00,3605.0,Montrose Beach,1471593600,22.1,0.0,0.105,6.0,MontroseBeach201608190800,22.1,0.0,0.105,6.0
2016-08-19 09:00:00,3607.0,Montrose Beach,1471597200,22.1,0.0,0.104,3.0,MontroseBeach201608190900,22.1,0.0,0.104,3.0
2016-08-19 10:00:00,3609.0,Montrose Beach,1471600800,22.1,0.0,,3.0,MontroseBeach201608191000,22.1,0.0,0.126,3.0
2016-08-19 11:00:00,3611.0,Montrose Beach,1471604400,21.9,0.0,0.231,3.0,MontroseBeach201608191100,21.9,0.0,0.231,3.0
2016-08-19 12:00:00,3612.0,Montrose Beach,1471608000,21.9,0.0,0.193,3.0,MontroseBeach201608191200,21.9,0.0,0.193,3.0
2016-08-19 13:00:00,3614.0,Montrose Beach,1471611600,22.0,,0.197,3.0,MontroseBeach201608191300,22.0,0.0,0.197,3.0
2016-08-19 14:00:00,3617.0,Montrose Beach,1471615200,22.2,,0.182,3.0,MontroseBeach201608191400,22.2,0.0,0.182,3.0
2016-08-19 15:00:00,3618.0,Montrose Beach,1471618800,22.8,,,3.0,MontroseBeach201608191500,22.8,0.0,0.152,3.0
2016-08-19 16:00:00,3621.0,Montrose Beach,1471622400,,,,3.0,MontroseBeach201608191600,22.7,0.0,0.184,3.0
2016-08-19 17:00:00,,Montrose Beach,1471626000,22.599999999999998,0.0,,3.4285714285714284,MontroseBeach201608191700,22.599999999999998,0.0,0.174,3.4285714285714284
2016-08-19 18:00:00,,Montrose Beach,1471629600,22.5,0.0,,3.857142857142857,MontroseBeach201608191800,22.5,0.0,0.164,3.857142857142857
2016-08-19 19:00:00,,Montrose Beach,1471633200,22.4,0.0,,,MontroseBeach201608191900,22.4,0.0,0.154,4.285714285714286
2016-08-19 20:00:00,,Montrose Beach,1471636800,22.3,0.0,0.144,4.714285714285714,MontroseBeach201608192000,22.3,0.0,0.144,4.714285714285714
2016-08-19 21:00:00,,Montrose Beach,1471640400,22.2,0.0,0.134,5.142857142857142,MontroseBeach201608192100,22.2,0.0,0.134,5.142857142857142
2016-08-19 22:00:00,,Montrose Beach,1471644000,22.1,0.0,0.124,5.571428571428571,MontroseBeach201608192200,22.1,0.0,0.124,5.571428571428571
2016-08-19 23:00:00,3622.0,Montrose Beach,1471647600,22.0,0.0,0.114,6.0,MontroseBeach201608192300,22.0,0.0,0.114,6.0
2016-08-20 00:00:00,3625.0,Montrose Beach,1471651200,21.7,0.0,0.1,6.0,MontroseBeach201608200000,21.7,0.0,0.1,6.0
2016-08-20 01:00:00,3626.0,Montrose Beach,1471654800,21.4,0.0,,6.0,MontroseBeach201608200100,21.4,0.0,0.107,6.0
2016-08-20 02:00:00,3629.0,Montrose Beach,1471658400,21.0,,0.093,6.0,MontroseBeach201608200200,21.0,0.0,0.093,6.0
2016-08-20 03:00:00,3631.0,Montrose Beach,1471662000,20.6,,0.122,6.0,MontroseBeach201608200300,20.6,0.0,0.122,6.0
2016-08-20 04:00:00,3632.0,Montrose Beach,1471665600,20.4,0.0,0.096,4.0,MontroseBeach201608200400,20.4,0.0,0.096,4.0
2016-08-20 05:00:00,3635.0,Montrose Beach,1471669200,20.6,0.0,0.11,9.0,MontroseBeach201608200500,20.6,0.0,0.11,9.0
2016-08-20 06:00:00,3637.0,Montrose Beach,1471672800,20.5,0.0,0.127,3.0,MontroseBeach201608200600,20.5,0.0,0.127,3.0
2016-08-20 07:00:00,3639.0,Montrose Beach,1471676400,20.1,0.0,0.131,4.0,MontroseBeach201608200700,20.1,0.0,0.131,4.0
2016-08-20 08:00:00,3641.0,Montrose Beach,1471680000,20.0,0.0,0.141,4.0,MontroseBeach201608200800,20.0,0.0,0.141,4.0
2016-08-20 09:00:00,3642.0,Montrose Beach,1471683600,20.0,0.0,0.146,4.0,MontroseBeach201608200900,20.0,0.0,0.146,4.0
2016-08-20 10:00:00,3645.0,Montrose Beach,1471687200,19.9,0.0,0.147,4.0,MontroseBeach201608201000,19.9,0.0,0.147,4.0
2016-08-20 11:00:00,3647.0,Montrose Beach,1471690800,20.3,0.0,0.139,4.0,MontroseBeach201608201100,20.3,0.0,0.139,4.0
2016-08-20 12:00:00,3648.0,Montrose Beach,1471694400,20.2,0.0,0.131,4.0,MontroseBeach201608201200,20.2,0.0,0.131,4.0
2016-08-20 13:00:00,3650.0,Montrose Beach,1471698000,20.1,,0.129,4.0,MontroseBeach201608201300,20.1,0.0,0.129,4.0
2016-08-20 14:00:00,3652.0,Montrose Beach,1471701600,19.8,,0.127,4.0,MontroseBeach201608201400,19.8,0.0,0.127,4.0
2016-08-20 15:00:00,3655.0,Montrose Beach,1471705200,20.0,0.0,0.116,3.0,MontroseBeach201608201500,20.0,0.0,0.116,3.0
2016-08-20 16:00:00,3657.0,Montrose Beach,1471708800,19.9,,0.127,4.0,MontroseBeach201608201600,19.9,0.0,0.127,4.0
2016-08-20 17:00:00,3658.0,Montrose Beach,1471712400,19.7,0.0,0.114,,MontroseBeach201608201700,19.7,0.0,0.114,8.0
2016-08-20 18:00:00,,Montrose Beach,1471716000,19.4,0.0,0.136,5.0,MontroseBeach201608201800,19.4,0.0,0.136,5.0
2016-08-20 19:00:00,3661.0,Montrose Beach,1471719600,19.1,0.0,0.158,,MontroseBeach201608201900,19.1,0.0,0.158,2.0
2016-08-20 20:00:00,3663.0,Montrose Beach,1471723200,18.7,0.0,0.192,,MontroseBeach201608202000,18.7,0.0,0.192,3.0
2016-08-20 21:00:00,3665.0,Montrose Beach,1471726800,18.6,0.0,0.181,,MontroseBeach201608202100,18.6,0.0,0.181,3.0
2016-08-20 22:00:00,3666.0,Montrose Beach,1471730400,18.5,0.0,,,MontroseBeach201608202200,18.5,0.0,0.188,3.0
2016-08-20 23:00:00,3668.0,Montrose Beach,1471734000,18.3,,0.19,3.0,MontroseBeach201608202300,18.3,0.0,0.19,3.0
2016-08-21 00:00:00,3671.0,Montrose Beach,1471737600,18.4,,0.211,3.0,MontroseBeach201608210000,18.4,0.0,0.211,3.0
2016-08-21 01:00:00,,Montrose Beach,1471741200,18.45,,0.2175,4.0,MontroseBeach201608210100,18.45,0.0,0.2175,4.0
2016-08-21 02:00:00,3673.0,Montrose Beach,1471744800,18.5,,0.224,,MontroseBeach201608210200,18.5,0.0,0.224,5.0
2016-08-21 03:00:00,3675.0,Montrose Beach,1471748400,18.7,,0.225,,MontroseBeach201608210300,18.7,0.0,0.225,4.0
2016-08-21 04:00:00,3677.0,Montrose Beach,1471752000,18.7,0.0,0.222,5.0,MontroseBeach201608210400,18.7,0.0,0.222,5.0
2016-08-21 05:00:00,3679.0,Montrose Beach,1471755600,18.7,0.0,0.218,3.0,MontroseBeach201608210500,18.7,0.0,0.218,3.0
2016-08-21 06:00:00,3681.0,Montrose Beach,1471759200,18.6,0.0,0.228,,MontroseBeach201608210600,18.6,0.0,0.228,4.0
2016-08-21 07:00:00,3682.0,Montrose Beach,1471762800,18.5,0.0,0.211,4.0,MontroseBeach201608210700,18.5,0.0,0.211,4.0
2016-08-21 08:00:00,3685.0,Montrose Beach,1471766400,18.5,,0.196,4.0,MontroseBeach201608210800,18.5,0.0,0.196,4.0
2016-08-21 09:00:00,3686.0,Montrose Beach,1471770000,18.6,,0.205,4.0,MontroseBeach201608210900,18.6,0.0,0.205,4.0
2016-08-21 10:00:00,3688.0,Montrose Beach,1471773600,18.7,,0.257,4.0,MontroseBeach201608211000,18.7,0.0,0.257,4.0
2016-08-21 11:00:00,3691.0,Montrose Beach,1471777200,18.9,,,5.0,MontroseBeach201608211100,18.9,0.0,0.282,5.0
2016-08-21 12:00:00,3692.0,Montrose Beach,1471780800,,,0.283,3.0,MontroseBeach201608211200,19.2,0.0,0.283,3.0
2016-08-21 13:00:00,3694.0,Montrose Beach,1471784400,,0.03,0.289,4.0,MontroseBeach201608211300,19.3,0.03,0.289,4.0
2016-08-21 14:00:00,3696.0,Montrose Beach,1471788000,,0.0,0.303,3.0,MontroseBeach201608211400,19.5,0.0,0.303,3.0
2016-08-21 15:00:00,3698.0,Montrose Beach,1471791600,,0.0,0.302,3.0,MontroseBeach201608211500,19.7,0.0,0.302,3.0
2016-08-21 16:00:00,3700.0,Montrose Beach,1471795200,19.8,0.0,0.31,3.0,MontroseBeach201608211600,19.8,0.0,0.31,3.0
2016-08-21 17:00:00,3702.0,Montrose Beach,1471798800,19.8,0.0,0.295,3.0,MontroseBeach201608211700,19.8,0.0,0.295,3.0
2016-08-21 18:00:00,3704.0,Montrose Beach,1471802400,19.7,0.0,0.292,3.0,MontroseBeach201608211800,19.7,0.0,0.292,3.0
2016-08-21 19:00:00,3707.0,Montrose Beach,1471806000,19.6,0.0,0.294,4.0,MontroseBeach201608211900,19.6,0.0,0.294,4.0
2016-08-21 20:00:00,3708.0,Montrose Beach,1471809600,19.5,0.0,0.296,3.0,MontroseBeach201608212000,19.5,0.0,0.296,3.0
2016-08-21 21:00:00,3711.0,Montrose Beach,1471813200,,,0.277,6.0,MontroseBeach201608212100,19.4,0.0,0.277,6.0
2016-08-21 22:00:00,3713.0,Montrose Beach,1471816800,,0.0,0.268,5.0,MontroseBeach201608212200,19.3,0.0,0.268,5.0
2016-08-21 23:00:00,3715.0,Montrose Beach,1471820400,,0.0,0.256,6.0,MontroseBeach201608212300,19.2,0.0,0.256,6.0
2016-08-22 00:00:00,3716.0,Montrose Beach,1471824000,19.1,0.0,0.262,5.0,MontroseBeach201608220000,19.1,0.0,0.262,5.0
2016-08-22 01:00:00,3719.0,Montrose Beach,1471827600,19.1,0.0,0.279,5.0,MontroseBeach201608220100,19.1,0.0,0.279,5.0
2016-08-22 02:00:00,3721.0,Montrose Beach,1471831200,19.1,0.0,0.259,4.0,MontroseBeach201608220200,19.1,0.0,0.259,4.0
2016-08-22 03:00:00,3722.0,Montrose Beach,1471834800,19.0,0.0,0.256,5.0,MontroseBeach201608220300,19.0,0.0,0.256,5.0
2016-08-22 04:00:00,3724.0,Montrose Beach,1471838400,18.9,0.0,0.239,4.0,MontroseBeach201608220400,18.9,0.0,0.239,4.0
2016-08-22 05:00:00,3726.0,Montrose Beach,1471842000,19.6,0.0,0.226,4.0,MontroseBeach201608220500,19.6,0.0,0.226,4.0
2016-08-22 06:00:00,3729.0,Montrose Beach,1471845600,19.4,0.0,0.229,6.0,MontroseBeach201608220600,19.4,0.0,0.229,6.0
2016-08-22 07:00:00,3731.0,Montrose Beach,1471849200,19.4,0.0,0.229,7.0,MontroseBeach201608220700,19.4,0.0,0.229,7.0
2016-08-22 08:00:00,3732.0,Montrose Beach,1471852800,19.5,0.0,0.214,,MontroseBeach201608220800,19.5,0.0,0.214,6.0
2016-08-22 09:00:00,3734.0,Montrose Beach,1471856400,19.7,,0.224,,MontroseBeach201608220900,19.7,0.0,0.224,5.0
2016-08-22 10:00:00,3737.0,Montrose Beach,1471860000,20.1,,0.22,5.0,MontroseBeach201608221000,20.1,0.0,0.22,5.0
2016-08-22 11:00:00,3738.0,Montrose Beach,1471863600,20.3,,0.216,6.0,MontroseBeach201608221100,20.3,0.0,0.216,6.0
2016-08-22 12:00:00,3740.0,Montrose Beach,1471867200,,,0.207,5.0,MontroseBeach201608221200,20.5,0.0,0.207,5.0
2016-08-22 13:00:00,3743.0,Montrose Beach,1471870800,21.2,,0.2,4.0,MontroseBeach201608221300,21.2,0.0,0.2,4.0
2016-08-22 14:00:00,3745.0,Montrose Beach,1471874400,21.1,0.0,0.213,4.0,MontroseBeach201608221400,21.1,0.0,0.213,4.0
2016-08-22 15:00:00,3747.0,Montrose Beach,1471878000,21.1,0.0,0.2,5.0,MontroseBeach201608221500,21.1,0.0,0.2,5.0
2016-08-22 16:00:00,3748.0,Montrose Beach,1471881600,21.2,0.0,0.183,5.0,MontroseBeach201608221600,21.2,0.0,0.183,5.0
2016-08-22 17:00:00,3751.0,Montrose Beach,1471885200,21.6,0.0,0.174,4.0,MontroseBeach201608221700,21.6,0.0,0.174,4.0
2016-08-22 18:00:00,3752.0,Montrose Beach,1471888800,21.6,0.0,0.16,3.0,MontroseBeach201608221800,21.6,0.0,0.16,3.0
2016-08-22 19:00:00,3755.0,Montrose Beach,1471892400,21.2,,0.151,6.0,MontroseBeach201608221900,21.2,0.0,0.151,6.0
2016-08-22 20:00:00,3756.0,Montrose Beach,1471896000,21.0,,0.131,5.0,MontroseBeach201608222000,21.0,0.0,0.131,5.0
2016-08-22 21:00:00,3759.0,Montrose Beach,1471899600,20.9,,0.143,2.0,MontroseBeach201608222100,20.9,0.0,0.143,2.0
2016-08-22 22:00:00,3761.0,Montrose Beach,1471903200,20.7,0.0,0.107,5.0,MontroseBeach201608222200,20.7,0.0,0.107,5.0
2016-08-22 23:00:00,3762.0,Montrose Beach,1471906800,20.6,,0.105,7.0,MontroseBeach201608222300,20.6,0.0,0.105,7.0
2016-08-23 00:00:00,3765.0,Montrose Beach,1471910400,20.5,0.0,0.098,8.0,MontroseBeach201608230000,20.5,0.0,0.098,8.0
2016-08-23 01:00:00,3766.0,Montrose Beach,1471914000,20.3,,0.11,7.0,MontroseBeach201608230100,20.3,0.0,0.11,7.0
2016-08-23 02:00:00,3769.0,Montrose Beach,1471917600,20.3,0.0,0.105,6.0,MontroseBeach201608230200,20.3,0.0,0.105,6.0
2016-08-23 03:00:00,3771.0,Montrose Beach,1471921200,20.2,0.0,0.1,6.0,MontroseBeach201608230300,20.2,0.0,0.1,6.0
2016-08-23 04:00:00,3772.0,Montrose Beach,1471924800,20.1,0.0,0.101,10.0,MontroseBeach201608230400,20.1,0.0,0.101,10.0
2016-08-23 05:00:00,3775.0,Montrose Beach,1471928400,20.0,0.0,,,MontroseBeach201608230500,20.0,0.0,0.098,3.0
2016-08-23 06:00:00,3776.0,Montrose Beach,1471932000,19.9,0.0,,,MontroseBeach201608230600,19.9,0.0,0.105,8.0
2016-08-23 07:00:00,3779.0,Montrose Beach,1471935600,19.6,0.0,,,MontroseBeach201608230700,19.6,0.0,0.096,6.0
2016-08-23 08:00:00,3780.0,Montrose Beach,1471939200,19.7,0.0,,,MontroseBeach201608230800,19.7,0.0,0.097,5.0
2016-08-23 09:00:00,3783.0,Montrose Beach,1471942800,19.9,0.0,0.105,,MontroseBeach201608230900,19.9,0.0,0.105,3.0
2016-08-23 10:00:00,3785.0,Montrose Beach,1471946400,20.2,0.0,0.113,3.0,MontroseBeach201608231000,20.2,0.0,0.113,3.0
2016-08-23 11:00:00,3787.0,Montrose Beach,1471950000,20.4,0.0,0.108,4.0,MontroseBeach201608231100,20.4,0.0,0.108,4.0
2016-08-23 12:00:00,3788.0,Montrose Beach,1471953600,20.8,0.0,0.108,3.0,MontroseBeach201608231200,20.8,0.0,0.108,3.0
2016-08-23 13:00:00,3790.0,Montrose Beach,1471957200,20.9,,,3.0,MontroseBeach201608231300,20.9,0.0,0.119,3.0
2016-08-23 14:00:00,3793.0,Montrose Beach,1471960800,20.7,,,3.0,MontroseBeach201608231400,20.7,0.0,0.118,3.0
2016-08-23 15:00:00,3794.0,Montrose Beach,1471964400,20.2,,0.138,2.0,MontroseBeach201608231500,20.2,0.0,0.138,2.0
2016-08-23 16:00:00,3797.0,Montrose Beach,1471968000,19.8,,,3.0,MontroseBeach201608231600,19.8,0.0,0.122,3.0
2016-08-23 17:00:00,,Montrose Beach,1471971600,19.5,,0.14300000000000002,2.5,MontroseBeach201608231700,19.5,0.0,0.14300000000000002,2.5
2016-08-23 18:00:00,3799.0,Montrose Beach,1471975200,,0.0,,2.0,MontroseBeach201608231800,19.2,0.0,0.164,2.0
2016-08-23 19:00:00,3801.0,Montrose Beach,1471978800,19.0,0.0,,7.0,MontroseBeach201608231900,19.0,0.0,0.131,7.0
2016-08-23 20:00:00,3804.0,Montrose Beach,1471982400,18.6,0.0,,6.0,MontroseBeach201608232000,18.6,0.0,0.114,6.0
2016-08-23 21:00:00,3806.0,Montrose Beach,1471986000,18.0,,,4.0,MontroseBeach201608232100,18.0,0.0,0.115,4.0
2016-08-23 22:00:00,3807.0,Montrose Beach,1471989600,,,0.106,3.0,MontroseBeach201608232200,17.2,0.0,0.106,3.0
2016-08-23 23:00:00,3810.0,Montrose Beach,1471993200,16.8,,0.117,4.0,MontroseBeach201608232300,16.8,0.0,0.117,4.0
2016-08-24 00:00:00,3811.0,Montrose Beach,1471996800,16.6,,0.116,3.0,MontroseBeach201608240000,16.6,0.0,0.116,3.0
2016-08-24 01:00:00,3814.0,Montrose Beach,1472000400,16.4,,0.121,6.0,MontroseBeach201608240100,16.4,0.0,0.121,6.0
2016-08-24 02:00:00,3815.0,Montrose Beach,1472004000,16.3,,0.122,3.0,MontroseBeach201608240200,16.3,0.0,0.122,3.0
2016-08-24 03:00:00,3818.0,Montrose Beach,1472007600,16.3,,0.126,,MontroseBeach201608240300,16.3,0.0,0.126,4.0
2016-08-24 04:00:00,3819.0,Montrose Beach,1472011200,16.3,0.0,0.126,,MontroseBeach201608240400,16.3,0.0,0.126,4.0
2016-08-24 05:00:00,3822.0,Montrose Beach,1472014800,16.5,0.0,0.127,,MontroseBeach201608240500,16.5,0.0,0.127,3.0
2016-08-24 06:00:00,3823.0,Montrose Beach,1472018400,16.6,,0.122,,MontroseBeach201608240600,16.6,0.0,0.122,3.0
2016-08-24 07:00:00,3826.0,Montrose Beach,1472022000,,,0.123,,MontroseBeach201608240700,16.4,0.0,0.123,3.0
2016-08-24 08:00:00,3827.0,Montrose Beach,1472025600,16.5,,0.113,4.0,MontroseBeach201608240800,16.5,0.0,0.113,4.0
2016-08-24 09:00:00,3830.0,Montrose Beach,1472029200,16.8,,0.121,4.0,MontroseBeach201608240900,16.8,0.0,0.121,4.0
2016-08-24 10:00:00,3831.0,Montrose Beach,1472032800,16.8,0.0,0.122,4.0,MontroseBeach201608241000,16.8,0.0,0.122,4.0
2016-08-24 11:00:00,3834.0,Montrose Beach,1472036400,16.7,0.0,0.12,4.0,MontroseBeach201608241100,16.7,0.0,0.12,4.0
2016-08-24 12:00:00,3835.0,Montrose Beach,1472040000,16.8,0.0,0.125,3.0,MontroseBeach201608241200,16.8,0.0,0.125,3.0
2016-08-24 13:00:00,3838.0,Montrose Beach,1472043600,16.9,,0.147,3.0,MontroseBeach201608241300,16.9,0.0,0.147,3.0
2016-08-24 14:00:00,3839.0,Montrose Beach,1472047200,16.6,,0.137,,MontroseBeach201608241400,16.6,0.0,0.137,4.0
2016-08-24 15:00:00,3842.0,Montrose Beach,1472050800,17.5,,0.135,,MontroseBeach201608241500,17.5,0.0,0.135,4.0
2016-08-24 16:00:00,3843.0,Montrose Beach,1472054400,17.8,,,,MontroseBeach201608241600,17.8,0.0,0.137,3.0
2016-08-24 17:00:00,3846.0,Montrose Beach,1472058000,17.5,0.0,0.138,,MontroseBeach201608241700,17.5,0.0,0.138,3.0
2016-08-24 18:00:00,3847.0,Montrose Beach,1472061600,17.1,0.0,,,MontroseBeach201608241800,17.1,0.0,0.138,10.0
2016-08-24 19:00:00,3850.0,Montrose Beach,1472065200,17.2,0.0,0.134,8.0,MontroseBeach201608241900,17.2,0.0,0.134,8.0
2016-08-24 20:00:00,3851.0,Montrose Beach,1472068800,17.0,0.0,0.127,4.0,MontroseBeach201608242000,17.0,0.0,0.127,4.0
2016-08-24 21:00:00,3853.0,Montrose Beach,1472072400,17.5,0.0,,6.0,MontroseBeach201608242100,17.5,0.0,0.138,6.0
2016-08-24 22:00:00,3855.0,Montrose Beach,1472076000,17.3,0.0,0.134,6.0,MontroseBeach201608242200,17.3,0.0,0.134,6.0
2016-08-24 23:00:00,3858.0,Montrose Beach,1472079600,16.9,0.0,0.117,9.0,MontroseBeach201608242300,16.9,0.0,0.117,9.0
2016-08-25 00:00:00,3860.0,Montrose Beach,1472083200,,0.0,0.115,,MontroseBeach201608250000,16.5,0.0,0.115,8.0
2016-08-25 01:00:00,3861.0,Montrose Beach,1472086800,16.6,0.0,0.109,,MontroseBeach201608250100,16.6,0.0,0.109,7.0
2016-08-25 02:00:00,3864.0,Montrose Beach,1472090400,16.6,0.0,0.096,,MontroseBeach201608250200,16.6,0.0,0.096,6.0
2016-08-25 03:00:00,3866.0,Montrose Beach,1472094000,16.5,0.0,0.123,,MontroseBeach201608250300,16.5,0.0,0.123,7.0
2016-08-25 04:00:00,3868.0,Montrose Beach,1472097600,16.3,0.0,0.099,9.0,MontroseBeach201608250400,16.3,0.0,0.099,9.0
2016-08-25 05:00:00,3869.0,Montrose Beach,1472101200,16.4,0.0,0.101,10.0,MontroseBeach201608250500,16.4,0.0,0.101,10.0
2016-08-25 06:00:00,3872.0,Montrose Beach,1472104800,16.3,,0.108,8.0,MontroseBeach201608250600,16.3,0.0,0.108,8.0
2016-08-25 07:00:00,3873.0,Montrose Beach,1472108400,16.2,0.0,0.123,,MontroseBeach201608250700,16.2,0.0,0.123,7.0
2016-08-25 08:00:00,3875.0,Montrose Beach,1472112000,16.1,0.0,0.109,,MontroseBeach201608250800,16.1,0.0,0.109,6.0
2016-08-25 09:00:00,3878.0,Montrose Beach,1472115600,16.0,0.0,0.119,,MontroseBeach201608250900,16.0,0.0,0.119,7.0
2016-08-25 10:00:00,3879.0,Montrose Beach,1472119200,16.3,0.0,0.117,,MontroseBeach201608251000,16.3,0.0,0.117,6.0
2016-08-25 11:00:00,3882.0,Montrose Beach,1472122800,16.2,,,3.0,MontroseBeach201608251100,16.2,0.0,0.104,3.0
2016-08-25 12:00:00,3883.0,Montrose Beach,1472126400,17.3,,0.107,7.0,MontroseBeach201608251200,17.3,0.0,0.107,7.0
2016-08-25 13:00:00,3886.0,Montrose Beach,1472130000,,,0.168,3.0,MontroseBeach201608251300,18.0,0.0,0.168,3.0
2016-08-25 14:00:00,3887.0,Montrose Beach,1472133600,,0.0,0.188,,MontroseBeach201608251400,18.9,0.0,0.188,3.0
2016-08-25 15:00:00,3890.0,Montrose Beach,1472137200,,0.0,0.183,2.0,MontroseBeach201608251500,19.4,0.0,0.183,2.0
2016-08-25 16:00:00,3891.0,Montrose Beach,1472140800,,0.0,0.176,4.0,MontroseBeach201608251600,20.1,0.0,0.176,4.0
2016-08-25 17:00:00,3894.0,Montrose Beach,1472144400,,0.0,0.18,8.0,MontroseBeach201608251700,20.2,0.0,0.18,8.0
2016-08-25 18:00:00,3895.0,Montrose Beach,1472148000,19.4,0.0,0.167,3.0,MontroseBeach201608251800,19.4,0.0,0.167,3.0
2016-08-25 19:00:00,3898.0,Montrose Beach,1472151600,18.8,0.0,,3.0,MontroseBeach201608251900,18.8,0.0,0.173,3.0
2016-08-25 20:00:00,3899.0,Montrose Beach,1472155200,18.6,0.0,,3.0,MontroseBeach201608252000,18.6,0.0,0.169,3.0
2016-08-25 21:00:00,3901.0,Montrose Beach,1472158800,19.4,,,,MontroseBeach201608252100,19.4,0.0,0.151,3.0
2016-08-25 22:00:00,3904.0,Montrose Beach,1472162400,,,0.141,,MontroseBeach201608252200,19.4,0.0,0.141,4.0
2016-08-25 23:00:00,3905.0,Montrose Beach,1472166000,,,0.145,3.0,MontroseBeach201608252300,18.9,0.0,0.145,3.0
2016-08-26 00:00:00,3908.0,Montrose Beach,1472169600,,0.0,0.136,3.0,MontroseBeach201608260000,18.6,0.0,0.136,3.0
2016-08-26 01:00:00,3909.0,Montrose Beach,1472173200,,0.0,0.142,3.0,MontroseBeach201608260100,18.4,0.0,0.142,3.0
2016-08-26 02:00:00,3912.0,Montrose Beach,1472176800,,0.0,0.142,6.0,MontroseBeach201608260200,18.2,0.0,0.142,6.0
2016-08-26 03:00:00,3913.0,Montrose Beach,1472180400,18.1,0.0,0.171,,MontroseBeach201608260300,18.1,0.0,0.171,3.0
2016-08-26 04:00:00,3916.0,Montrose Beach,1472184000,18.1,0.0,0.156,,MontroseBeach201608260400,18.1,0.0,0.156,3.0
2016-08-26 05:00:00,3917.0,Montrose Beach,1472187600,18.0,,0.198,3.0,MontroseBeach201608260500,18.0,0.0,0.198,3.0
2016-08-26 06:00:00,3920.0,Montrose Beach,1472191200,17.8,,0.244,3.0,MontroseBeach201608260600,17.8,0.0,0.244,3.0
2016-08-26 07:00:00,3921.0,Montrose Beach,1472194800,17.7,,0.247,3.0,MontroseBeach201608260700,17.7,0.0,0.247,3.0
2016-08-26 08:00:00,3924.0,Montrose Beach,1472198400,17.6,,0.272,3.0,MontroseBeach201608260800,17.6,0.0,0.272,3.0
2016-08-26 09:00:00,3925.0,Montrose Beach,1472202000,17.7,,0.291,3.0,MontroseBeach201608260900,17.7,0.0,0.291,3.0
2016-08-26 10:00:00,3928.0,Montrose Beach,1472205600,17.7,,0.29,4.0,MontroseBeach201608261000,17.7,0.0,0.29,4.0
2016-08-26 11:00:00,3929.0,Montrose Beach,1472209200,17.8,,0.266,4.0,MontroseBeach201608261100,17.8,0.0,0.266,4.0
2016-08-26 12:00:00,3932.0,Montrose Beach,1472212800,18.0,0.0,0.262,3.0,MontroseBeach201608261200,18.0,0.0,0.262,3.0
2016-08-26 13:00:00,3933.0,Montrose Beach,1472216400,18.3,0.0,0.231,3.0,MontroseBeach201608261300,18.3,0.0,0.231,3.0
2016-08-26 14:00:00,3936.0,Montrose Beach,1472220000,18.6,0.0,0.234,,MontroseBeach201608261400,18.6,0.0,0.234,4.0
2016-08-26 15:00:00,3937.0,Montrose Beach,1472223600,18.9,0.0,0.215,,MontroseBeach201608261500,18.9,0.0,0.215,3.0
2016-08-26 16:00:00,3940.0,Montrose Beach,1472227200,19.1,0.0,0.197,,MontroseBeach201608261600,19.1,0.0,0.197,4.0
2016-08-26 17:00:00,3941.0,Montrose Beach,1472230800,19.4,0.0,0.237,,MontroseBeach201608261700,19.4,0.0,0.237,4.0
2016-08-26 18:00:00,3944.0,Montrose Beach,1472234400,19.5,0.0,0.248,,MontroseBeach201608261800,19.5,0.0,0.248,2.0
2016-08-26 19:00:00,3945.0,Montrose Beach,1472238000,19.5,0.0,,3.0,MontroseBeach201608261900,19.5,0.0,0.265,3.0
2016-08-26 20:00:00,3947.0,Montrose Beach,1472241600,19.7,0.0,,3.0,MontroseBeach201608262000,19.7,0.0,0.29,3.0
2016-08-26 21:00:00,3950.0,Montrose Beach,1472245200,,0.0,,3.0,MontroseBeach201608262100,19.7,0.0,0.314,3.0
2016-08-26 22:00:00,3951.0,Montrose Beach,1472248800,19.7,0.0,,4.0,MontroseBeach201608262200,19.7,0.0,0.324,4.0
2016-08-26 23:00:00,3954.0,Montrose Beach,1472252400,19.7,0.0,,4.0,MontroseBeach201608262300,19.7,0.0,0.314,4.0
2016-08-27 00:00:00,3955.0,Montrose Beach,1472256000,19.7,0.0,0.352,3.0,MontroseBeach201608270000,19.7,0.0,0.352,3.0
2016-08-27 01:00:00,3958.0,Montrose Beach,1472259600,19.7,0.0,0.357,4.0,MontroseBeach201608270100,19.7,0.0,0.357,4.0
2016-08-27 02:00:00,3959.0,Montrose Beach,1472263200,19.8,,0.352,4.0,MontroseBeach201608270200,19.8,0.0,0.352,4.0
2016-08-27 03:00:00,3962.0,Montrose Beach,1472266800,,,0.341,4.0,MontroseBeach201608270300,19.8,0.0,0.341,4.0
2016-08-27 04:00:00,3963.0,Montrose Beach,1472270400,19.9,,0.35,4.0,MontroseBeach201608270400,19.9,0.0,0.35,4.0
2016-08-27 05:00:00,3965.0,Montrose Beach,1472274000,19.8,,0.341,4.0,MontroseBeach201608270500,19.8,0.0,0.341,4.0
2016-08-27 06:00:00,3968.0,Montrose Beach,1472277600,19.7,0.0,0.319,4.0,MontroseBeach201608270600,19.7,0.0,0.319,4.0
2016-08-27 07:00:00,3970.0,Montrose Beach,1472281200,19.7,0.0,0.312,4.0,MontroseBeach201608270700,19.7,0.0,0.312,4.0
2016-08-27 08:00:00,3971.0,Montrose Beach,1472284800,19.6,0.0,0.276,4.0,MontroseBeach201608270800,19.6,0.0,0.276,4.0
2016-08-27 09:00:00,3974.0,Montrose Beach,1472288400,19.4,0.0,0.278,4.0,MontroseBeach201608270900,19.4,0.0,0.278,4.0
2016-08-27 10:00:00,3975.0,Montrose Beach,1472292000,19.4,0.0,0.249,4.0,MontroseBeach201608271000,19.4,0.0,0.249,4.0
2016-08-27 11:00:00,3978.0,Montrose Beach,1472295600,19.2,0.0,0.274,4.0,MontroseBeach201608271100,19.2,0.0,0.274,4.0
2016-08-27 12:00:00,3980.0,Montrose Beach,1472299200,18.8,0.0,0.27,4.0,MontroseBeach201608271200,18.8,0.0,0.27,4.0
2016-08-27 13:00:00,3981.0,Montrose Beach,1472302800,18.7,0.0,0.241,,MontroseBeach201608271300,18.7,0.0,0.241,4.0
2016-08-27 14:00:00,3984.0,Montrose Beach,1472306400,18.2,,0.262,4.0,MontroseBeach201608271400,18.2,0.0,0.262,4.0
2016-08-27 15:00:00,3985.0,Montrose Beach,1472310000,17.3,,0.229,4.0,MontroseBeach201608271500,17.3,0.0,0.229,4.0
2016-08-27 16:00:00,3988.0,Montrose Beach,1472313600,17.4,0.0,0.23,4.0,MontroseBeach201608271600,17.4,0.0,0.23,4.0
2016-08-27 17:00:00,3989.0,Montrose Beach,1472317200,16.7,0.0,0.229,4.0,MontroseBeach201608271700,16.7,0.0,0.229,4.0
2016-08-27 18:00:00,3992.0,Montrose Beach,1472320800,16.3,0.0,0.233,4.0,MontroseBeach201608271800,16.3,0.0,0.233,4.0
2016-08-27 19:00:00,3993.0,Montrose Beach,1472324400,15.9,0.0,0.218,4.0,MontroseBeach201608271900,15.9,0.0,0.218,4.0
2016-08-27 20:00:00,3996.0,Montrose Beach,1472328000,16.0,0.0,0.212,4.0,MontroseBeach201608272000,16.0,0.0,0.212,4.0
2016-08-27 21:00:00,3997.0,Montrose Beach,1472331600,16.1,0.0,0.199,3.0,MontroseBeach201608272100,16.1,0.0,0.199,3.0
2016-08-27 22:00:00,4000.0,Montrose Beach,1472335200,15.9,0.0,0.17,3.0,MontroseBeach201608272200,15.9,0.0,0.17,3.0
2016-08-27 23:00:00,4001.0,Montrose Beach,1472338800,15.9,0.0,0.153,3.0,MontroseBeach201608272300,15.9,0.0,0.153,3.0
2016-08-28 00:00:00,4004.0,Montrose Beach,1472342400,16.0,0.0,,3.0,MontroseBeach201608280000,16.0,0.0,0.14,3.0
2016-08-28 01:00:00,,Montrose Beach,1472346000,16.05,0.0,,4.5,MontroseBeach201608280100,16.05,0.0,0.1365,4.5
2016-08-28 02:00:00,4005.0,Montrose Beach,1472349600,16.1,,,,MontroseBeach201608280200,16.1,0.0,0.133,6.0
2016-08-28 03:00:00,4008.0,Montrose Beach,1472353200,16.4,,0.116,6.0,MontroseBeach201608280300,16.4,0.0,0.116,6.0
2016-08-28 04:00:00,4009.0,Montrose Beach,1472356800,16.3,,0.116,5.0,MontroseBeach201608280400,16.3,0.0,0.116,5.0
2016-08-28 05:00:00,4012.0,Montrose Beach,1472360400,16.2,0.0,0.088,10.0,MontroseBeach201608280500,16.2,0.0,0.088,10.0
2016-08-28 06:00:00,4013.0,Montrose Beach,1472364000,16.2,0.0,0.103,4.0,MontroseBeach201608280600,16.2,0.0,0.103,4.0
2016-08-28 07:00:00,4016.0,Montrose Beach,1472367600,16.7,,0.104,7.0,MontroseBeach201608280700,16.7,0.0,0.104,7.0
2016-08-28 08:00:00,4017.0,Montrose Beach,1472371200,16.6,,0.123,,MontroseBeach201608280800,16.6,0.0,0.123,6.0
2016-08-28 09:00:00,4020.0,Montrose Beach,1472374800,16.8,0.0,0.128,,MontroseBeach201608280900,16.8,0.0,0.128,5.0
2016-08-28 10:00:00,4021.0,Montrose Beach,1472378400,17.2,0.0,0.136,,MontroseBeach201608281000,17.2,0.0,0.136,4.0
2016-08-28 11:00:00,4024.0,Montrose Beach,1472382000,18.3,0.0,0.172,,MontroseBeach201608281100,18.3,0.0,0.172,3.0
2016-08-28 12:00:00,4025.0,Montrose Beach,1472385600,18.6,0.0,,,MontroseBeach201608281200,18.6,0.0,0.217,3.0
2016-08-28 13:00:00,4028.0,Montrose Beach,1472389200,19.3,0.0,,3.0,MontroseBeach201608281300,19.3,0.0,0.221,3.0
2016-08-28 14:00:00,4029.0,Montrose Beach,1472392800,19.9,0.0,,3.0,MontroseBeach201608281400,19.9,0.0,0.269,3.0
2016-08-28 15:00:00,4032.0,Montrose Beach,1472396400,19.9,0.0,0.27,3.0,MontroseBeach201608281500,19.9,0.0,0.27,3.0
2016-08-28 16:00:00,4033.0,Montrose Beach,1472400000,20.5,0.0,,3.0,MontroseBeach201608281600,20.5,0.0,0.235,3.0
2016-08-28 17:00:00,4036.0,Montrose Beach,1472403600,20.8,0.0,,3.0,MontroseBeach201608281700,20.8,0.0,0.252,3.0
2016-08-28 18:00:00,4037.0,Montrose Beach,1472407200,21.2,0.0,,3.0,MontroseBeach201608281800,21.2,0.0,0.228,3.0
2016-08-28 19:00:00,4040.0,Montrose Beach,1472410800,21.1,0.0,,,MontroseBeach201608281900,21.1,0.0,0.253,3.0
2016-08-28 20:00:00,4041.0,Montrose Beach,1472414400,21.1,,,,MontroseBeach201608282000,21.1,0.0,0.268,3.0
2016-08-28 21:00:00,4044.0,Montrose Beach,1472418000,20.9,,0.273,3.0,MontroseBeach201608282100,20.9,0.0,0.273,3.0
2016-08-28 22:00:00,4045.0,Montrose Beach,1472421600,20.9,0.0,,3.0,MontroseBeach201608282200,20.9,0.0,0.291,3.0
2016-08-28 23:00:00,4048.0,Montrose Beach,1472425200,,0.0,,3.0,MontroseBeach201608282300,21.1,0.0,0.293,3.0
2016-08-29 00:00:00,4050.0,Montrose Beach,1472428800,,,,4.0,MontroseBeach201608290000,21.0,0.0,0.292,4.0
2016-08-29 01:00:00,4052.0,Montrose Beach,1472432400,,,,4.0,MontroseBeach201608290100,21.2,0.0,0.267,4.0
2016-08-29 02:00:00,4053.0,Montrose Beach,1472436000,,,0.248,4.0,MontroseBeach201608290200,21.1,0.0,0.248,4.0
2016-08-29 03:00:00,4056.0,Montrose Beach,1472439600,21.2,0.0,0.246,3.0,MontroseBeach201608290300,21.2,0.0,0.246,3.0
2016-08-29 04:00:00,4057.0,Montrose Beach,1472443200,21.2,0.0,0.237,3.0,MontroseBeach201608290400,21.2,0.0,0.237,3.0
2016-08-29 05:00:00,4060.0,Montrose Beach,1472446800,21.2,0.0,,3.0,MontroseBeach201608290500,21.2,0.0,0.258,3.0
2016-08-29 06:00:00,4061.0,Montrose Beach,1472450400,21.2,0.0,,3.0,MontroseBeach201608290600,21.2,0.0,0.247,3.0
2016-08-29 07:00:00,4064.0,Montrose Beach,1472454000,21.2,0.0,,3.0,MontroseBeach201608290700,21.2,0.0,0.253,3.0
2016-08-29 08:00:00,4065.0,Montrose Beach,1472457600,21.2,0.0,0.244,3.0,MontroseBeach201608290800,21.2,0.0,0.244,3.0
2016-08-29 09:00:00,4068.0,Montrose Beach,1472461200,21.6,0.0,0.239,,MontroseBeach201608290900,21.6,0.0,0.239,3.0
2016-08-29 10:00:00,4069.0,Montrose Beach,1472464800,21.9,0.0,0.235,3.0,MontroseBeach201608291000,21.9,0.0,0.235,3.0
2016-08-29 11:00:00,4072.0,Montrose Beach,1472468400,22.2,0.0,0.231,3.0,MontroseBeach201608291100,22.2,0.0,0.231,3.0
2016-08-29 12:00:00,4073.0,Montrose Beach,1472472000,22.7,0.0,0.222,2.0,MontroseBeach201608291200,22.7,0.0,0.222,2.0
2016-08-29 13:00:00,4075.0,Montrose Beach,1472475600,,0.0,0.237,3.0,MontroseBeach201608291300,22.9,0.0,0.237,3.0
2016-08-29 14:00:00,4078.0,Montrose Beach,1472479200,,0.0,0.236,,MontroseBeach201608291400,23.3,0.0,0.236,3.0
2016-08-29 15:00:00,4079.0,Montrose Beach,1472482800,,,0.217,3.0,MontroseBeach201608291500,23.6,0.03,0.217,3.0
2016-08-29 16:00:00,4081.0,Montrose Beach,1472486400,,0.0,0.23,3.0,MontroseBeach201608291600,23.6,0.0,0.23,3.0
2016-08-29 17:00:00,4084.0,Montrose Beach,1472490000,,0.0,0.237,3.0,MontroseBeach201608291700,24.0,0.0,0.237,3.0
2016-08-29 18:00:00,4085.0,Montrose Beach,1472493600,23.7,0.0,0.233,3.0,MontroseBeach201608291800,23.7,0.0,0.233,3.0
2016-08-29 19:00:00,4088.0,Montrose Beach,1472497200,23.6,0.0,0.213,3.0,MontroseBeach201608291900,23.6,0.0,0.213,3.0
2016-08-29 20:00:00,4090.0,Montrose Beach,1472500800,23.5,0.0,0.195,3.0,MontroseBeach201608292000,23.5,0.0,0.195,3.0
2016-08-29 21:00:00,4091.0,Montrose Beach,1472504400,23.4,0.0,0.184,3.0,MontroseBeach201608292100,23.4,0.0,0.184,3.0
2016-08-29 22:00:00,4093.0,Montrose Beach,1472508000,23.3,0.0,0.198,3.0,MontroseBeach201608292200,23.3,0.0,0.198,3.0
2016-08-29 23:00:00,4096.0,Montrose Beach,1472511600,23.3,0.0,0.188,2.0,MontroseBeach201608292300,23.3,0.0,0.188,2.0
2016-08-30 00:00:00,4097.0,Montrose Beach,1472515200,23.9,0.0,,3.0,MontroseBeach201608300000,23.9,0.0,0.19,3.0
2016-08-30 01:00:00,4099.0,Montrose Beach,1472518800,23.4,0.0,,6.0,MontroseBeach201608300100,23.4,0.0,0.197,6.0
2016-08-30 02:00:00,4102.0,Montrose Beach,1472522400,23.2,,,3.0,MontroseBeach201608300200,23.2,0.0,0.188,3.0
2016-08-30 03:00:00,4104.0,Montrose Beach,1472526000,23.2,,,2.0,MontroseBeach201608300300,23.2,0.0,0.191,2.0
2016-08-30 04:00:00,4105.0,Montrose Beach,1472529600,23.2,,0.178,3.0,MontroseBeach201608300400,23.2,0.0,0.178,3.0
2016-08-30 05:00:00,4107.0,Montrose Beach,1472533200,23.2,,0.16,2.0,MontroseBeach201608300500,23.2,0.0,0.16,2.0
2016-08-30 06:00:00,4109.0,Montrose Beach,1472536800,23.2,0.0,0.161,2.0,MontroseBeach201608300600,23.2,0.0,0.161,2.0
2016-08-30 07:00:00,4112.0,Montrose Beach,1472540400,23.2,,0.145,2.0,MontroseBeach201608300700,23.2,0.0,0.145,2.0
2016-08-30 08:00:00,4113.0,Montrose Beach,1472544000,23.1,0.0,0.176,,MontroseBeach201608300800,23.1,0.0,0.176,2.0
2016-08-30 09:00:00,4116.0,Montrose Beach,1472547600,23.1,0.0,0.204,,MontroseBeach201608300900,23.1,0.0,0.204,3.0
2016-08-30 10:00:00,4117.0,Montrose Beach,1472551200,23.2,0.0,0.19,3.0,MontroseBeach201608301000,23.2,0.0,0.19,3.0
2016-08-30 11:00:00,4120.0,Montrose Beach,1472554800,,0.0,0.211,3.0,MontroseBeach201608301100,23.3,0.0,0.211,3.0
2016-08-30 12:00:00,4121.0,Montrose Beach,1472558400,23.4,0.0,0.221,,MontroseBeach201608301200,23.4,0.0,0.221,3.0
2016-08-30 13:00:00,4124.0,Montrose Beach,1472562000,24.0,0.0,0.247,,MontroseBeach201608301300,24.0,0.0,0.247,4.0
2016-08-30 14:00:00,4125.0,Montrose Beach,1472565600,23.9,0.0,0.216,,MontroseBeach201608301400,23.9,0.0,0.216,4.0
2016-08-30 15:00:00,4128.0,Montrose Beach,1472569200,24.1,0.0,0.205,4.0,MontroseBeach201608301500,24.1,0.0,0.205,4.0
2016-08-30 16:00:00,4130.0,Montrose Beach,1472572800,24.5,0.0,0.2,4.0,MontroseBeach201608301600,24.5,0.0,0.2,4.0
2016-08-30 17:00:00,4131.0,Montrose Beach,1472576400,24.7,0.0,,3.0,MontroseBeach201608301700,24.7,0.0,0.18,3.0
2016-08-30 18:00:00,,Montrose Beach,1472580000,24.2,0.0,,2.5,MontroseBeach201608301800,24.2,0.0,0.188,2.5
2016-08-30 19:00:00,4135.0,Montrose Beach,1472583600,23.7,0.0,0.196,2.0,MontroseBeach201608301900,23.7,0.0,0.196,2.0
2016-08-30 20:00:00,4137.0,Montrose Beach,1472587200,23.7,0.0,0.155,3.0,MontroseBeach201608302000,23.7,0.0,0.155,3.0
2016-08-30 21:00:00,4139.0,Montrose Beach,1472590800,23.7,0.0,0.169,3.0,MontroseBeach201608302100,23.7,0.0,0.169,3.0
2016-08-30 22:00:00,4140.0,Montrose Beach,1472594400,,0.0,0.157,2.0,MontroseBeach201608302200,23.7,0.0,0.157,2.0
2016-08-30 23:00:00,4143.0,Montrose Beach,1472598000,,0.0,0.144,2.0,MontroseBeach201608302300,23.7,0.0,0.144,2.0
2016-08-31 00:00:00,4145.0,Montrose Beach,1472601600,,0.0,0.108,8.0,MontroseBeach201608310000,23.6,0.0,0.108,8.0
2016-08-31 01:00:00,4146.0,Montrose Beach,1472605200,,0.0,0.116,7.0,MontroseBeach201608310100,23.5,0.0,0.116,7.0
2016-08-31 02:00:00,4148.0,Montrose Beach,1472608800,,,0.095,6.0,MontroseBeach201608310200,23.4,0.0,0.095,6.0
2016-08-31 03:00:00,4149.0,Montrose Beach,1472612400,23.3,,0.099,5.0,MontroseBeach201608310300,23.3,0.0,0.099,5.0
2016-08-31 04:00:00,4152.0,Montrose Beach,1472616000,23.2,0.0,0.158,2.0,MontroseBeach201608310400,23.2,0.0,0.158,2.0
2016-08-31 05:00:00,4153.0,Montrose Beach,1472619600,23.1,0.0,0.34,3.0,MontroseBeach201608310500,23.1,0.0,0.34,3.0
2016-08-31 06:00:00,4155.0,Montrose Beach,1472623200,23.0,0.0,0.361,4.0,MontroseBeach201608310600,23.0,0.0,0.361,4.0
2016-08-31 07:00:00,4158.0,Montrose Beach,1472626800,23.0,0.0,0.383,,MontroseBeach201608310700,23.0,0.0,0.383,4.0
2016-08-31 08:00:00,4159.0,Montrose Beach,1472630400,23.0,0.0,0.398,,MontroseBeach201608310800,23.0,0.0,0.398,5.0
2016-08-31 09:00:00,4161.0,Montrose Beach,1472634000,22.8,0.0,0.432,,MontroseBeach201608310900,22.8,0.0,0.432,5.0
2016-08-31 10:00:00,4164.0,Montrose Beach,1472637600,22.8,0.0,0.44,,MontroseBeach201608311000,22.8,0.0,0.44,6.0
2016-08-31 11:00:00,4165.0,Montrose Beach,1472641200,,0.74,0.451,,MontroseBeach201608311100,22.7,0.74,0.451,6.0
2016-08-31 12:00:00,4168.0,Montrose Beach,1472644800,,0.0,0.446,7.0,MontroseBeach201608311200,22.8,0.0,0.446,7.0
2016-08-31 13:00:00,4169.0,Montrose Beach,1472648400,,0.0,0.489,6.0,MontroseBeach201608311300,22.9,0.0,0.489,6.0
2016-08-31 14:00:00,4171.0,Montrose Beach,1472652000,22.9,0.02,0.49,6.0,MontroseBeach201608311400,22.9,0.02,0.49,6.0
2016-08-31 15:00:00,,Montrose Beach,1472655600,22.95,0.09500000000000001,0.4945,6.0,MontroseBeach201608311500,22.95,0.09500000000000001,0.4945,6.0
2016-08-31 16:00:00,4175.0,Montrose Beach,1472659200,23.0,0.17,0.499,6.0,MontroseBeach201608311600,23.0,0.17,0.499,6.0
2016-08-31 17:00:00,4177.0,Montrose Beach,1472662800,23.0,0.81,0.513,6.0,MontroseBeach201608311700,23.0,0.81,0.513,6.0
2016-08-31 18:00:00,4179.0,Montrose Beach,1472666400,,0.47,0.52,7.0,MontroseBeach201608311800,23.0,0.47,0.52,7.0
2016-08-31 19:00:00,4180.0,Montrose Beach,1472670000,,,0.52,6.0,MontroseBeach201608311900,22.7,9.58,0.52,6.0
2016-08-31 20:00:00,4183.0,Montrose Beach,1472673600,22.4,,0.521,6.0,MontroseBeach201608312000,22.4,8.0,0.521,6.0
2016-08-31 21:00:00,,Montrose Beach,1472677200,22.2,7.275,,,MontroseBeach201608312100,22.2,7.275,0.526,6.5
2016-08-31 22:00:00,4185.0,Montrose Beach,1472680800,22.0,6.55,0.531,,MontroseBeach201608312200,22.0,6.55,0.531,7.0
2016-08-31 23:00:00,4187.0,Montrose Beach,1472684400,21.8,7.92,0.531,,MontroseBeach201608312300,21.8,7.92,0.531,6.0
2016-09-01 00:00:00,4190.0,Montrose Beach,1472688000,21.7,14.89,0.519,,MontroseBeach201609010000,21.7,14.89,0.519,7.0
2016-09-01 01:00:00,,Montrose Beach,1472691600,21.549999999999997,11.530000000000001,0.5155000000000001,5.5,MontroseBeach201609010100,21.549999999999997,11.530000000000001,0.5155000000000001,5.5
2016-09-01 02:00:00,4192.0,Montrose Beach,1472695200,21.4,8.17,0.512,4.0,MontroseBeach201609010200,21.4,8.17,0.512,4.0
2016-09-01 03:00:00,4194.0,Montrose Beach,1472698800,21.2,9.55,0.505,5.0,MontroseBeach201609010300,21.2,9.55,0.505,5.0
2016-09-01 04:00:00,4196.0,Montrose Beach,1472702400,21.2,10.23,0.502,5.0,MontroseBeach201609010400,21.2,10.23,0.502,5.0
2016-09-01 05:00:00,,Montrose Beach,1472706000,21.15,9.1325,0.486,5.0,MontroseBeach201609010500,21.15,9.1325,0.486,5.0
2016-09-01 06:00:00,,Montrose Beach,1472709600,21.1,8.035,0.47,5.0,MontroseBeach201609010600,21.1,8.035,0.47,5.0
2016-09-01 07:00:00,,Montrose Beach,1472713200,21.05,6.9375,0.454,5.0,MontroseBeach201609010700,21.05,6.9375,0.454,5.0
2016-09-01 08:00:00,4199.0,Montrose Beach,1472716800,21.0,5.84,,5.0,MontroseBeach201609010800,21.0,5.84,0.438,5.0
2016-09-01 09:00:00,4201.0,Montrose Beach,1472720400,20.8,6.99,,4.0,MontroseBeach201609010900,20.8,6.99,0.449,4.0
2016-09-01 10:00:00,4202.0,Montrose Beach,1472724000,20.9,4.74,,5.0,MontroseBeach201609011000,20.9,4.74,0.441,5.0
2016-09-01 11:00:00,4205.0,Montrose Beach,1472727600,20.9,7.14,,5.0,MontroseBeach201609011100,20.9,7.14,0.48,5.0
2016-09-01 12:00:00,4206.0,Montrose Beach,1472731200,21.0,9.74,,,MontroseBeach201609011200,21.0,9.74,0.503,5.0
2016-09-01 13:00:00,4209.0,Montrose Beach,1472734800,21.1,9.41,0.517,6.0,MontroseBeach201609011300,21.1,9.41,0.517,6.0
2016-09-01 14:00:00,4210.0,Montrose Beach,1472738400,21.1,10.81,0.503,6.0,MontroseBeach201609011400,21.1,10.81,0.503,6.0
2016-09-01 15:00:00,4213.0,Montrose Beach,1472742000,21.2,14.24,0.472,,MontroseBeach201609011500,21.2,14.24,0.472,6.0
2016-09-01 16:00:00,4214.0,Montrose Beach,1472745600,21.3,14.24,0.532,6.0,MontroseBeach201609011600,21.3,14.24,0.532,6.0
2016-09-01 17:00:00,4217.0,Montrose Beach,1472749200,21.2,15.44,0.524,6.0,MontroseBeach201609011700,21.2,15.44,0.524,6.0
2016-09-01 18:00:00,,Montrose Beach,1472752800,21.15,16.995,0.5265,6.0,MontroseBeach201609011800,21.15,16.995,0.5265,6.0
2016-09-01 19:00:00,4219.0,Montrose Beach,1472756400,21.1,18.55,0.529,6.0,MontroseBeach201609011900,21.1,18.55,0.529,6.0
2016-09-01 20:00:00,,Montrose Beach,1472760000,21.06153846153846,18.216923076923077,0.5221538461538462,6.076923076923077,MontroseBeach201609012000,21.06153846153846,18.216923076923077,0.5221538461538462,6.076923076923077
2016-09-01 21:00:00,,Montrose Beach,1472763600,21.023076923076925,17.883846153846154,0.5153076923076924,6.153846153846154,MontroseBeach201609012100,21.023076923076925,17.883846153846154,0.5153076923076924,6.153846153846154
2016-09-01 22:00:00,,Montrose Beach,1472767200,20.984615384615385,17.55076923076923,,6.230769230769231,MontroseBeach201609012200,20.984615384615385,17.55076923076923,0.5084615384615385,6.230769230769231
2016-09-01 23:00:00,,Montrose Beach,1472770800,20.946153846153848,,,6.3076923076923075,MontroseBeach201609012300,20.946153846153848,17.21769230769231,0.5016153846153847,6.3076923076923075
2016-09-02 00:00:00,,Montrose Beach,1472774400,,16.884615384615387,0.4947692307692308,6.384615384615385,MontroseBeach201609020000,20.907692307692308,16.884615384615387,0.4947692307692308,6.384615384615385
2016-09-02 01:00:00,,Montrose Beach,1472778000,,16.551538461538463,0.48792307692307696,6.461538461538462,MontroseBeach201609020100,20.86923076923077,16.551538461538463,0.48792307692307696,6.461538461538462
2016-09-02 02:00:00,,Montrose Beach,1472781600,20.83076923076923,16.21846153846154,0.48107692307692307,6.538461538461538,MontroseBeach201609020200,20.83076923076923,16.21846153846154,0.48107692307692307,6.538461538461538
2016-09-02 03:00:00,,Montrose Beach,1472785200,20.792307692307695,15.885384615384616,0.47423076923076923,6.615384615384615,MontroseBeach201609020300,20.792307692307695,15.885384615384616,0.47423076923076923,6.615384615384615
2016-09-02 04:00:00,,Montrose Beach,1472788800,20.753846153846155,15.552307692307693,0.4673846153846154,6.6923076923076925,MontroseBeach201609020400,20.753846153846155,15.552307692307693,0.4673846153846154,6.6923076923076925
2016-09-02 05:00:00,,Montrose Beach,1472792400,20.715384615384618,15.21923076923077,0.46053846153846156,6.769230769230769,MontroseBeach201609020500,20.715384615384618,15.21923076923077,0.46053846153846156,6.769230769230769
2016-09-02 06:00:00,,Montrose Beach,1472796000,20.676923076923078,14.886153846153848,0.45369230769230773,6.846153846153846,MontroseBeach201609020600,20.676923076923078,14.886153846153848,0.45369230769230773,6.846153846153846
2016-09-02 07:00:00,,Montrose Beach,1472799600,20.63846153846154,14.553076923076924,0.4468461538461539,6.923076923076923,MontroseBeach201609020700,20.63846153846154,14.553076923076924,0.4468461538461539,6.923076923076923
2016-09-02 08:00:00,4227.0,Montrose Beach,1472803200,20.6,14.22,0.44,7.0,MontroseBeach201609020800,20.6,14.22,0.44,7.0
2016-09-02 09:00:00,4230.0,Montrose Beach,1472806800,20.7,11.66,0.403,6.0,MontroseBeach201609020900,20.7,11.66,0.403,6.0
2016-09-02 10:00:00,4232.0,Montrose Beach,1472810400,20.9,11.2,,6.0,MontroseBeach201609021000,20.9,11.2,0.426,6.0
2016-09-02 11:00:00,4233.0,Montrose Beach,1472814000,21.0,9.8,,6.0,MontroseBeach201609021100,21.0,9.8,0.417,6.0
2016-09-02 12:00:00,4236.0,Montrose Beach,1472817600,21.2,9.69,0.408,7.0,MontroseBeach201609021200,21.2,9.69,0.408,7.0
2016-09-02 13:00:00,4237.0,Montrose Beach,1472821200,21.4,7.87,0.374,6.0,MontroseBeach201609021300,21.4,7.87,0.374,6.0
2016-09-02 14:00:00,4240.0,Montrose Beach,1472824800,21.6,6.94,0.369,6.0,MontroseBeach201609021400,21.6,6.94,0.369,6.0
2016-09-02 15:00:00,4242.0,Montrose Beach,1472828400,22.2,12.75,0.39,6.0,MontroseBeach201609021500,22.2,12.75,0.39,6.0
2016-09-02 16:00:00,4244.0,Montrose Beach,1472832000,22.1,12.18,0.397,6.0,MontroseBeach201609021600,22.1,12.18,0.397,6.0
2016-09-02 17:00:00,4245.0,Montrose Beach,1472835600,22.0,11.08,0.407,6.0,MontroseBeach201609021700,22.0,11.08,0.407,6.0
2016-09-02 18:00:00,4248.0,Montrose Beach,1472839200,22.0,11.63,0.418,6.0,MontroseBeach201609021800,22.0,11.63,0.418,6.0
2016-09-02 19:00:00,4250.0,Montrose Beach,1472842800,21.8,11.85,0.396,6.0,MontroseBeach201609021900,21.8,11.85,0.396,6.0
2016-09-02 20:00:00,4251.0,Montrose Beach,1472846400,21.4,10.7,,6.0,MontroseBeach201609022000,21.4,10.7,0.424,6.0
2016-09-02 21:00:00,4254.0,Montrose Beach,1472850000,21.2,10.6,0.419,4.0,MontroseBeach201609022100,21.2,10.6,0.419,4.0
2016-09-02 22:00:00,4255.0,Montrose Beach,1472853600,21.1,11.24,0.432,4.0,MontroseBeach201609022200,21.1,11.24,0.432,4.0
2016-09-02 23:00:00,4257.0,Montrose Beach,1472857200,21.1,9.91,0.431,4.0,MontroseBeach201609022300,21.1,9.91,0.431,4.0
2016-09-03 00:00:00,4258.0,Montrose Beach,1472860800,,8.34,0.402,,MontroseBeach201609030000,21.1,8.34,0.402,4.0
2016-09-03 01:00:00,4260.0,Montrose Beach,1472864400,,9.03,0.388,4.0,MontroseBeach201609030100,21.0,9.03,0.388,4.0
2016-09-03 02:00:00,4262.0,Montrose Beach,1472868000,,7.9,0.37,4.0,MontroseBeach201609030200,20.9,7.9,0.37,4.0
2016-09-03 03:00:00,4264.0,Montrose Beach,1472871600,,7.75,0.349,5.0,MontroseBeach201609030300,20.8,7.75,0.349,5.0
2016-09-03 04:00:00,4265.0,Montrose Beach,1472875200,21.0,7.22,0.367,4.0,MontroseBeach201609030400,21.0,7.22,0.367,4.0
2016-09-03 05:00:00,4268.0,Montrose Beach,1472878800,21.0,6.79,,4.0,MontroseBeach201609030500,21.0,6.79,0.332,4.0
2016-09-03 06:00:00,4270.0,Montrose Beach,1472882400,20.9,7.32,,4.0,MontroseBeach201609030600,20.9,7.32,0.308,4.0
2016-09-03 07:00:00,4271.0,Montrose Beach,1472886000,20.8,5.74,,5.0,MontroseBeach201609030700,20.8,5.74,0.299,5.0
2016-09-03 08:00:00,4274.0,Montrose Beach,1472889600,20.9,7.56,0.297,4.0,MontroseBeach201609030800,20.9,7.56,0.297,4.0
2016-09-03 09:00:00,4276.0,Montrose Beach,1472893200,21.0,7.85,0.285,4.0,MontroseBeach201609030900,21.0,7.85,0.285,4.0
2016-09-03 10:00:00,4277.0,Montrose Beach,1472896800,21.1,4.69,0.274,4.0,MontroseBeach201609031000,21.1,4.69,0.274,4.0
2016-09-03 11:00:00,4280.0,Montrose Beach,1472900400,21.4,3.99,,4.0,MontroseBeach201609031100,21.4,3.99,0.242,4.0
2016-09-03 12:00:00,4282.0,Montrose Beach,1472904000,21.6,,,,MontroseBeach201609031200,21.6,3.63,0.256,4.0
2016-09-03 13:00:00,4283.0,Montrose Beach,1472907600,21.9,3.82,,,MontroseBeach201609031300,21.9,3.82,0.262,4.0
2016-09-03 14:00:00,4286.0,Montrose Beach,1472911200,22.4,4.22,,,MontroseBeach201609031400,22.4,4.22,0.223,3.0
2016-09-03 15:00:00,4287.0,Montrose Beach,1472914800,22.8,5.83,0.253,,MontroseBeach201609031500,22.8,5.83,0.253,3.0
2016-09-03 16:00:00,4289.0,Montrose Beach,1472918400,23.4,6.45,0.257,,MontroseBeach201609031600,23.4,6.45,0.257,3.0
2016-09-03 17:00:00,4292.0,Montrose Beach,1472922000,23.4,5.94,0.271,2.0,MontroseBeach201609031700,23.4,5.94,0.271,2.0
2016-09-03 18:00:00,4293.0,Montrose Beach,1472925600,22.4,5.0,,3.0,MontroseBeach201609031800,22.4,5.0,0.267,3.0
2016-09-03 19:00:00,4295.0,Montrose Beach,1472929200,21.9,3.46,,3.0,MontroseBeach201609031900,21.9,3.46,0.251,3.0
2016-09-03 20:00:00,4298.0,Montrose Beach,1472932800,21.8,3.84,0.247,3.0,MontroseBeach201609032000,21.8,3.84,0.247,3.0
2016-09-03 21:00:00,4299.0,Montrose Beach,1472936400,21.6,3.59,0.263,3.0,MontroseBeach201609032100,21.6,3.59,0.263,3.0
2016-09-03 22:00:00,4302.0,Montrose Beach,1472940000,21.6,5.52,0.257,3.0,MontroseBeach201609032200,21.6,5.52,0.257,3.0
2016-09-03 23:00:00,4303.0,Montrose Beach,1472943600,21.6,6.15,0.258,3.0,MontroseBeach201609032300,21.6,6.15,0.258,3.0
2016-09-04 00:00:00,4305.0,Montrose Beach,1472947200,21.5,3.36,0.263,3.0,MontroseBeach201609040000,21.5,3.36,0.263,3.0
2016-09-04 01:00:00,,Montrose Beach,1472950800,21.35,,,3.0,MontroseBeach201609040100,21.35,3.9399999999999995,0.27749999999999997,3.0
2016-09-04 02:00:00,4306.0,Montrose Beach,1472954400,21.2,,,3.0,MontroseBeach201609040200,21.2,4.52,0.292,3.0
2016-09-04 03:00:00,4308.0,Montrose Beach,1472958000,21.1,4.84,,3.0,MontroseBeach201609040300,21.1,4.84,0.26,3.0
2016-09-04 04:00:00,4310.0,Montrose Beach,1472961600,20.9,5.75,,,MontroseBeach201609040400,20.9,5.75,0.246,3.0
2016-09-04 05:00:00,4312.0,Montrose Beach,1472965200,20.8,6.14,,3.0,MontroseBeach201609040500,20.8,6.14,0.227,3.0
2016-09-04 06:00:00,4314.0,Montrose Beach,1472968800,20.6,4.33,0.214,3.0,MontroseBeach201609040600,20.6,4.33,0.214,3.0
2016-09-04 07:00:00,4316.0,Montrose Beach,1472972400,20.6,4.13,0.223,3.0,MontroseBeach201609040700,20.6,4.13,0.223,3.0
2016-09-04 08:00:00,4319.0,Montrose Beach,1472976000,20.5,5.1,0.213,3.0,MontroseBeach201609040800,20.5,5.1,0.213,3.0
2016-09-04 09:00:00,4321.0,Montrose Beach,1472979600,20.7,,0.194,4.0,MontroseBeach201609040900,20.7,6.56,0.194,4.0
2016-09-04 10:00:00,4322.0,Montrose Beach,1472983200,20.9,,0.189,3.0,MontroseBeach201609041000,20.9,5.91,0.189,3.0
2016-09-04 11:00:00,4325.0,Montrose Beach,1472986800,21.1,4.31,0.192,4.0,MontroseBeach201609041100,21.1,4.31,0.192,4.0
2016-09-04 12:00:00,4326.0,Montrose Beach,1472990400,21.2,1.46,0.177,4.0,MontroseBeach201609041200,21.2,1.46,0.177,4.0
2016-09-04 13:00:00,4329.0,Montrose Beach,1472994000,21.3,0.34,0.18,4.0,MontroseBeach201609041300,21.3,0.34,0.18,4.0
2016-09-04 14:00:00,4331.0,Montrose Beach,1472997600,21.4,0.35,0.179,,MontroseBeach201609041400,21.4,0.35,0.179,3.0
2016-09-04 15:00:00,4332.0,Montrose Beach,1473001200,21.5,0.25,0.194,3.0,MontroseBeach201609041500,21.5,0.25,0.194,3.0
2016-09-04 16:00:00,4334.0,Montrose Beach,1473004800,21.5,0.1,,3.0,MontroseBeach201609041600,21.5,0.1,0.192,3.0
2016-09-04 17:00:00,4337.0,Montrose Beach,1473008400,21.5,0.0,0.186,3.0,MontroseBeach201609041700,21.5,0.0,0.186,3.0
2016-09-04 18:00:00,4339.0,Montrose Beach,1473012000,,0.0,0.221,3.0,MontroseBeach201609041800,21.4,0.0,0.221,3.0
2016-09-04 19:00:00,4340.0,Montrose Beach,1473015600,21.3,0.0,,,MontroseBeach201609041900,21.3,0.0,0.182,6.0
2016-09-04 20:00:00,4342.0,Montrose Beach,1473019200,22.0,0.14,0.171,3.0,MontroseBeach201609042000,22.0,0.14,0.171,3.0
2016-09-04 21:00:00,4344.0,Montrose Beach,1473022800,21.5,0.0,0.157,3.0,MontroseBeach201609042100,21.5,0.0,0.157,3.0
2016-09-04 22:00:00,4346.0,Montrose Beach,1473026400,21.2,0.0,,3.0,MontroseBeach201609042200,21.2,0.0,0.198,3.0
2016-09-04 23:00:00,,Montrose Beach,1473030000,21.1,0.0,0.1765,3.0,MontroseBeach201609042300,21.1,0.0,0.1765,3.0
2016-09-05 00:00:00,4349.0,Montrose Beach,1473033600,,0.0,,,MontroseBeach201609050000,21.0,0.0,0.155,3.0
2016-09-05 01:00:00,4351.0,Montrose Beach,1473037200,20.9,0.0,,,MontroseBeach201609050100,20.9,0.0,0.158,3.0
2016-09-05 02:00:00,4352.0,Montrose Beach,1473040800,20.9,0.0,,3.0,MontroseBeach201609050200,20.9,0.0,0.156,3.0
2016-09-05 03:00:00,4354.0,Montrose Beach,1473044400,20.8,0.0,,3.0,MontroseBeach201609050300,20.8,0.0,0.155,3.0
2016-09-05 04:00:00,4357.0,Montrose Beach,1473048000,20.8,0.0,0.146,3.0,MontroseBeach201609050400,20.8,0.0,0.146,3.0
2016-09-05 05:00:00,4358.0,Montrose Beach,1473051600,20.8,0.0,0.146,3.0,MontroseBeach201609050500,20.8,0.0,0.146,3.0
2016-09-05 06:00:00,4361.0,Montrose Beach,1473055200,20.7,0.0,0.136,3.0,MontroseBeach201609050600,20.7,0.0,0.136,3.0
2016-09-05 07:00:00,4363.0,Montrose Beach,1473058800,20.6,0.0,0.123,3.0,MontroseBeach201609050700,20.6,0.0,0.123,3.0
2016-09-05 08:00:00,4365.0,Montrose Beach,1473062400,20.6,0.0,0.126,4.0,MontroseBeach201609050800,20.6,0.0,0.126,4.0
2016-09-05 09:00:00,4366.0,Montrose Beach,1473066000,20.8,0.0,0.121,4.0,MontroseBeach201609050900,20.8,0.0,0.121,4.0
2016-09-05 10:00:00,4368.0,Montrose Beach,1473069600,20.8,0.0,0.124,4.0,MontroseBeach201609051000,20.8,0.0,0.124,4.0
2016-09-05 11:00:00,4371.0,Montrose Beach,1473073200,21.3,0.0,,2.0,MontroseBeach201609051100,21.3,0.0,0.155,2.0
2016-09-05 12:00:00,4372.0,Montrose Beach,1473076800,21.8,0.0,,4.0,MontroseBeach201609051200,21.8,0.0,0.131,4.0
2016-09-05 13:00:00,4375.0,Montrose Beach,1473080400,22.0,0.0,,3.0,MontroseBeach201609051300,22.0,0.0,0.141,3.0
2016-09-05 14:00:00,4377.0,Montrose Beach,1473084000,22.0,0.0,,3.0,MontroseBeach201609051400,22.0,0.0,0.141,3.0
2016-09-05 15:00:00,4378.0,Montrose Beach,1473087600,22.1,0.0,0.158,3.0,MontroseBeach201609051500,22.1,0.0,0.158,3.0
2016-09-05 16:00:00,4380.0,Montrose Beach,1473091200,22.1,,0.164,2.0,MontroseBeach201609051600,22.1,0.0,0.164,2.0
2016-09-05 17:00:00,4383.0,Montrose Beach,1473094800,22.0,,0.156,3.0,MontroseBeach201609051700,22.0,0.0,0.156,3.0
2016-09-05 18:00:00,4384.0,Montrose Beach,1473098400,22.1,,0.199,4.0,MontroseBeach201609051800,22.1,0.01,0.199,4.0
2016-09-05 19:00:00,4386.0,Montrose Beach,1473102000,22.0,,0.159,,MontroseBeach201609051900,22.0,0.01,0.159,3.0
2016-09-05 20:00:00,4389.0,Montrose Beach,1473105600,22.1,0.0,0.133,,MontroseBeach201609052000,22.1,0.0,0.133,3.0
2016-09-05 21:00:00,4391.0,Montrose Beach,1473109200,22.0,0.0,0.119,4.0,MontroseBeach201609052100,22.0,0.0,0.119,4.0
2016-09-05 22:00:00,4392.0,Montrose Beach,1473112800,,0.0,0.11,3.0,MontroseBeach201609052200,22.0,0.0,0.11,3.0
2016-09-05 23:00:00,4394.0,Montrose Beach,1473116400,,0.0,0.104,8.0,MontroseBeach201609052300,21.8,0.0,0.104,8.0
2016-09-06 00:00:00,4397.0,Montrose Beach,1473120000,,0.0,0.103,8.0,MontroseBeach201609060000,21.8,0.0,0.103,8.0
2016-09-06 01:00:00,4399.0,Montrose Beach,1473123600,21.8,0.0,0.099,7.0,MontroseBeach201609060100,21.8,0.0,0.099,7.0
2016-09-06 02:00:00,4400.0,Montrose Beach,1473127200,21.8,0.0,0.101,6.0,MontroseBeach201609060200,21.8,0.0,0.101,6.0
2016-09-06 03:00:00,4403.0,Montrose Beach,1473130800,21.9,0.0,0.098,5.0,MontroseBeach201609060300,21.9,0.0,0.098,5.0
2016-09-06 04:00:00,4405.0,Montrose Beach,1473134400,21.7,0.0,0.091,,MontroseBeach201609060400,21.7,0.0,0.091,3.0
2016-09-06 05:00:00,4406.0,Montrose Beach,1473138000,21.7,0.0,0.088,,MontroseBeach201609060500,21.7,0.0,0.088,9.0
2016-09-06 06:00:00,4409.0,Montrose Beach,1473141600,21.7,0.0,0.091,,MontroseBeach201609060600,21.7,0.0,0.091,8.0
2016-09-06 07:00:00,4410.0,Montrose Beach,1473145200,21.7,0.0,0.091,,MontroseBeach201609060700,21.7,0.0,0.091,7.0
2016-09-06 08:00:00,4413.0,Montrose Beach,1473148800,21.8,0.0,0.092,,MontroseBeach201609060800,21.8,0.0,0.092,6.0
2016-09-06 09:00:00,4414.0,Montrose Beach,1473152400,22.0,0.0,,5.0,MontroseBeach201609060900,22.0,0.0,0.088,5.0
2016-09-06 10:00:00,4417.0,Montrose Beach,1473156000,22.4,,,7.0,MontroseBeach201609061000,22.4,0.0,0.095,7.0
2016-09-06 11:00:00,4418.0,Montrose Beach,1473159600,22.9,0.0,,,MontroseBeach201609061100,22.9,0.0,0.084,3.0
2016-09-06 12:00:00,4421.0,Montrose Beach,1473163200,23.0,,,,MontroseBeach201609061200,23.0,0.0,0.084,5.0
2016-09-06 13:00:00,4422.0,Montrose Beach,1473166800,23.5,,,,MontroseBeach201609061300,23.5,0.0,0.085,7.0
2016-09-06 14:00:00,4425.0,Montrose Beach,1473170400,23.0,,0.098,,MontroseBeach201609061400,23.0,0.0,0.098,7.0
2016-09-06 15:00:00,4427.0,Montrose Beach,1473174000,22.8,,0.116,,MontroseBeach201609061500,22.8,0.0,0.116,5.0
2016-09-06 16:00:00,4428.0,Montrose Beach,1473177600,22.9,0.0,0.123,10.0,MontroseBeach201609061600,22.9,0.0,0.123,10.0
2016-09-06 17:00:00,4431.0,Montrose Beach,1473181200,22.8,0.0,0.111,4.0,MontroseBeach201609061700,22.8,0.0,0.111,4.0
2016-09-06 18:00:00,4432.0,Montrose Beach,1473184800,22.9,0.0,0.122,4.0,MontroseBeach201609061800,22.9,0.0,0.122,4.0
2016-09-06 19:00:00,4434.0,Montrose Beach,1473188400,22.9,0.0,0.15,4.0,MontroseBeach201609061900,22.9,0.0,0.15,4.0
2016-09-06 20:00:00,4436.0,Montrose Beach,1473192000,23.0,0.0,0.099,5.0,MontroseBeach201609062000,23.0,0.0,0.099,5.0
2016-09-06 21:00:00,4438.0,Montrose Beach,1473195600,23.0,0.0,0.091,4.0,MontroseBeach201609062100,23.0,0.0,0.091,4.0
2016-09-06 22:00:00,4441.0,Montrose Beach,1473199200,22.9,0.0,0.09,9.0,MontroseBeach201609062200,22.9,0.0,0.09,9.0
2016-09-06 23:00:00,4442.0,Montrose Beach,1473202800,22.6,0.0,0.096,9.0,MontroseBeach201609062300,22.6,0.0,0.096,9.0
2016-09-07 00:00:00,4444.0,Montrose Beach,1473206400,22.6,0.0,0.098,8.0,MontroseBeach201609070000,22.6,0.0,0.098,8.0
2016-09-07 01:00:00,4447.0,Montrose Beach,1473210000,22.5,,0.096,6.0,MontroseBeach201609070100,22.5,0.0,0.096,6.0
2016-09-07 02:00:00,4448.0,Montrose Beach,1473213600,22.5,,0.084,5.0,MontroseBeach201609070200,22.5,0.0,0.084,5.0
2016-09-07 03:00:00,4451.0,Montrose Beach,1473217200,22.5,,0.089,6.0,MontroseBeach201609070300,22.5,0.0,0.089,6.0
2016-09-07 04:00:00,4453.0,Montrose Beach,1473220800,,,0.09,5.0,MontroseBeach201609070400,22.4,0.0,0.09,5.0
2016-09-07 05:00:00,4454.0,Montrose Beach,1473224400,,,0.09,5.0,MontroseBeach201609070500,22.3,0.0,0.09,5.0
2016-09-07 06:00:00,4457.0,Montrose Beach,1473228000,,0.0,0.1,5.0,MontroseBeach201609070600,22.3,0.0,0.1,5.0
2016-09-07 07:00:00,4458.0,Montrose Beach,1473231600,,0.0,0.128,5.0,MontroseBeach201609070700,22.3,0.0,0.128,5.0
2016-09-07 08:00:00,4461.0,Montrose Beach,1473235200,,0.0,0.163,,MontroseBeach201609070800,22.3,0.0,0.163,4.0
2016-09-07 09:00:00,4462.0,Montrose Beach,1473238800,,0.0,0.17,4.0,MontroseBeach201609070900,22.5,0.0,0.17,4.0
2016-09-07 10:00:00,4465.0,Montrose Beach,1473242400,,0.0,0.167,4.0,MontroseBeach201609071000,22.8,0.0,0.167,4.0
2016-09-07 11:00:00,4466.0,Montrose Beach,1473246000,,0.0,0.151,,MontroseBeach201609071100,23.0,0.0,0.151,4.0
2016-09-07 12:00:00,4469.0,Montrose Beach,1473249600,,0.0,0.141,4.0,MontroseBeach201609071200,23.6,0.0,0.141,4.0
2016-09-07 13:00:00,4470.0,Montrose Beach,1473253200,23.1,0.0,0.156,4.0,MontroseBeach201609071300,23.1,0.0,0.156,4.0
2016-09-07 14:00:00,4473.0,Montrose Beach,1473256800,23.5,0.0,0.153,3.0,MontroseBeach201609071400,23.5,0.0,0.153,3.0
2016-09-07 15:00:00,4474.0,Montrose Beach,1473260400,24.8,0.0,0.153,,MontroseBeach201609071500,24.8,0.0,0.153,3.0
2016-09-07 16:00:00,4477.0,Montrose Beach,1473264000,24.4,0.0,0.152,3.0,MontroseBeach201609071600,24.4,0.0,0.152,3.0
2016-09-07 17:00:00,4478.0,Montrose Beach,1473267600,23.7,0.14,0.128,3.0,MontroseBeach201609071700,23.7,0.14,0.128,3.0
2016-09-07 18:00:00,4481.0,Montrose Beach,1473271200,23.5,0.0,0.128,7.0,MontroseBeach201609071800,23.5,0.0,0.128,7.0
2016-09-07 19:00:00,4482.0,Montrose Beach,1473274800,22.9,0.0,0.113,6.0,MontroseBeach201609071900,22.9,0.0,0.113,6.0
2016-09-07 20:00:00,4485.0,Montrose Beach,1473278400,22.7,0.0,0.105,3.0,MontroseBeach201609072000,22.7,0.0,0.105,3.0
2016-09-07 21:00:00,4486.0,Montrose Beach,1473282000,22.6,0.0,0.106,3.0,MontroseBeach201609072100,22.6,0.0,0.106,3.0
2016-09-07 22:00:00,4489.0,Montrose Beach,1473285600,22.3,0.0,0.096,5.0,MontroseBeach201609072200,22.3,0.0,0.096,5.0
2016-09-07 23:00:00,4490.0,Montrose Beach,1473289200,,,0.113,3.0,MontroseBeach201609072300,22.3,0.01,0.113,3.0
2016-09-08 00:00:00,4493.0,Montrose Beach,1473292800,,0.0,0.12,7.0,MontroseBeach201609080000,22.2,0.0,0.12,7.0
2016-09-08 01:00:00,4494.0,Montrose Beach,1473296400,,0.0,0.121,,MontroseBeach201609080100,22.2,0.0,0.121,6.0
2016-09-08 02:00:00,4497.0,Montrose Beach,1473300000,,0.0,0.12,,MontroseBeach201609080200,22.0,0.0,0.12,3.0
2016-09-08 03:00:00,4498.0,Montrose Beach,1473303600,,0.0,0.109,,MontroseBeach201609080300,22.0,0.0,0.109,3.0
2016-09-08 04:00:00,4501.0,Montrose Beach,1473307200,,0.0,0.102,,MontroseBeach201609080400,22.0,0.0,0.102,4.0
2016-09-08 05:00:00,4502.0,Montrose Beach,1473310800,22.0,0.0,0.093,,MontroseBeach201609080500,22.0,0.0,0.093,4.0
2016-09-08 06:00:00,4505.0,Montrose Beach,1473314400,21.9,0.0,0.089,3.0,MontroseBeach201609080600,21.9,0.0,0.089,3.0
2016-09-08 07:00:00,4506.0,Montrose Beach,1473318000,21.9,0.0,0.101,4.0,MontroseBeach201609080700,21.9,0.0,0.101,4.0
2016-09-08 08:00:00,4509.0,Montrose Beach,1473321600,21.9,0.0,0.089,4.0,MontroseBeach201609080800,21.9,0.0,0.089,4.0
2016-09-08 09:00:00,4510.0,Montrose Beach,1473325200,22.0,0.0,,4.0,MontroseBeach201609080900,22.0,0.0,0.093,4.0
2016-09-08 10:00:00,4513.0,Montrose Beach,1473328800,22.0,0.0,,4.0,MontroseBeach201609081000,22.0,0.0,0.093,4.0
2016-09-08 11:00:00,4514.0,Montrose Beach,1473332400,22.0,0.0,,4.0,MontroseBeach201609081100,22.0,0.0,0.088,4.0
2016-09-08 12:00:00,4517.0,Montrose Beach,1473336000,22.1,0.0,0.106,4.0,MontroseBeach201609081200,22.1,0.0,0.106,4.0
2016-09-08 13:00:00,4519.0,Montrose Beach,1473339600,22.2,0.0,0.102,3.0,MontroseBeach201609081300,22.2,0.0,0.102,3.0
2016-09-08 14:00:00,4520.0,Montrose Beach,1473343200,22.4,0.0,0.137,2.0,MontroseBeach201609081400,22.4,0.0,0.137,2.0
2016-09-08 15:00:00,4523.0,Montrose Beach,1473346800,,0.0,0.12,3.0,MontroseBeach201609081500,22.4,0.0,0.12,3.0
2016-09-08 16:00:00,4524.0,Montrose Beach,1473350400,22.5,0.0,0.101,4.0,MontroseBeach201609081600,22.5,0.0,0.101,4.0
2016-09-08 17:00:00,4527.0,Montrose Beach,1473354000,22.5,0.0,0.107,10.0,MontroseBeach201609081700,22.5,0.0,0.107,10.0
2016-09-08 18:00:00,4528.0,Montrose Beach,1473357600,,,0.108,7.0,MontroseBeach201609081800,22.5,0.0,0.108,7.0
2016-09-08 19:00:00,4531.0,Montrose Beach,1473361200,,,0.119,6.0,MontroseBeach201609081900,22.4,0.0,0.119,6.0
2016-09-08 20:00:00,4532.0,Montrose Beach,1473364800,,,0.105,9.0,MontroseBeach201609082000,22.4,0.0,0.105,9.0
2016-09-08 21:00:00,4535.0,Montrose Beach,1473368400,,,0.107,4.0,MontroseBeach201609082100,22.5,0.0,0.107,4.0
2016-09-08 22:00:00,4536.0,Montrose Beach,1473372000,22.4,,0.101,4.0,MontroseBeach201609082200,22.4,0.0,0.101,4.0
2016-09-08 23:00:00,4539.0,Montrose Beach,1473375600,22.4,0.0,0.12,4.0,MontroseBeach201609082300,22.4,0.0,0.12,4.0
2016-09-09 00:00:00,4541.0,Montrose Beach,1473379200,22.1,0.0,0.096,8.0,MontroseBeach201609090000,22.1,0.0,0.096,8.0
2016-09-09 01:00:00,4542.0,Montrose Beach,1473382800,22.0,0.0,0.096,,MontroseBeach201609090100,22.0,0.0,0.096,6.0
2016-09-09 02:00:00,4545.0,Montrose Beach,1473386400,21.9,0.0,0.096,5.0,MontroseBeach201609090200,21.9,0.0,0.096,5.0
2016-09-09 03:00:00,4546.0,Montrose Beach,1473390000,,0.0,,5.0,MontroseBeach201609090300,21.9,0.0,0.093,5.0
2016-09-09 04:00:00,4548.0,Montrose Beach,1473393600,21.8,0.0,,4.0,MontroseBeach201609090400,21.8,0.0,0.103,4.0
2016-09-09 05:00:00,4551.0,Montrose Beach,1473397200,21.8,0.0,0.105,4.0,MontroseBeach201609090500,21.8,0.0,0.105,4.0
2016-09-09 06:00:00,4553.0,Montrose Beach,1473400800,21.7,0.0,0.116,4.0,MontroseBeach201609090600,21.7,0.0,0.116,4.0
2016-09-09 07:00:00,4554.0,Montrose Beach,1473404400,21.9,0.0,0.156,3.0,MontroseBeach201609090700,21.9,0.0,0.156,3.0
2016-09-09 08:00:00,4556.0,Montrose Beach,1473408000,21.9,0.0,0.196,,MontroseBeach201609090800,21.9,0.0,0.196,3.0
2016-09-09 09:00:00,4559.0,Montrose Beach,1473411600,21.9,,0.175,2.0,MontroseBeach201609090900,21.9,0.0,0.175,2.0
2016-09-09 10:00:00,4561.0,Montrose Beach,1473415200,22.0,,0.171,,MontroseBeach201609091000,22.0,0.0,0.171,2.0
2016-09-09 11:00:00,4562.0,Montrose Beach,1473418800,22.1,,0.17,,MontroseBeach201609091100,22.1,0.0,0.17,3.0
2016-09-09 12:00:00,4564.0,Montrose Beach,1473422400,22.2,,,,MontroseBeach201609091200,22.2,0.0,0.174,3.0
2016-09-09 13:00:00,4567.0,Montrose Beach,1473426000,22.4,,,3.0,MontroseBeach201609091300,22.4,0.0,0.167,3.0
2016-09-09 14:00:00,4568.0,Montrose Beach,1473429600,22.7,0.0,,3.0,MontroseBeach201609091400,22.7,0.0,0.158,3.0
2016-09-09 15:00:00,4571.0,Montrose Beach,1473433200,,,,3.0,MontroseBeach201609091500,22.1,0.0,0.17,3.0
2016-09-09 16:00:00,4572.0,Montrose Beach,1473436800,,,,3.0,MontroseBeach201609091600,22.0,0.0,0.148,3.0
2016-09-09 17:00:00,4575.0,Montrose Beach,1473440400,,,0.161,3.0,MontroseBeach201609091700,21.8,0.0,0.161,3.0
2016-09-09 18:00:00,4576.0,Montrose Beach,1473444000,,0.0,0.144,,MontroseBeach201609091800,21.8,0.0,0.144,7.0
2016-09-09 19:00:00,4579.0,Montrose Beach,1473447600,,0.0,0.148,,MontroseBeach201609091900,21.7,0.0,0.148,6.0
2016-09-09 20:00:00,4580.0,Montrose Beach,1473451200,,0.0,0.139,,MontroseBeach201609092000,21.7,0.0,0.139,3.0
2016-09-09 21:00:00,4583.0,Montrose Beach,1473454800,21.6,0.0,0.128,4.0,MontroseBeach201609092100,21.6,0.0,0.128,4.0
2016-09-09 22:00:00,4585.0,Montrose Beach,1473458400,21.6,,0.117,4.0,MontroseBeach201609092200,21.6,0.0,0.117,4.0
2016-09-09 23:00:00,4586.0,Montrose Beach,1473462000,21.7,,0.121,3.0,MontroseBeach201609092300,21.7,0.0,0.121,3.0
2016-09-10 00:00:00,4589.0,Montrose Beach,1473465600,21.7,,0.113,7.0,MontroseBeach201609100000,21.7,0.0,0.113,7.0
2016-09-10 01:00:00,4590.0,Montrose Beach,1473469200,21.7,0.0,0.11,6.0,MontroseBeach201609100100,21.7,0.0,0.11,6.0
2016-09-10 02:00:00,4592.0,Montrose Beach,1473472800,21.8,0.0,0.117,5.0,MontroseBeach201609100200,21.8,0.0,0.117,5.0
2016-09-10 03:00:00,4595.0,Montrose Beach,1473476400,21.8,0.0,0.173,,MontroseBeach201609100300,21.8,0.0,0.173,3.0
2016-09-10 04:00:00,4596.0,Montrose Beach,1473480000,,0.0,0.222,3.0,MontroseBeach201609100400,21.7,0.0,0.222,3.0
2016-09-10 05:00:00,4599.0,Montrose Beach,1473483600,,0.0,,4.0,MontroseBeach201609100500,21.6,0.0,0.232,4.0
2016-09-10 06:00:00,4600.0,Montrose Beach,1473487200,,0.0,0.199,4.0,MontroseBeach201609100600,21.6,0.0,0.199,4.0
2016-09-10 07:00:00,4603.0,Montrose Beach,1473490800,21.6,,0.17,3.0,MontroseBeach201609100700,21.6,0.0,0.17,3.0
2016-09-10 08:00:00,4605.0,Montrose Beach,1473494400,21.5,,0.149,3.0,MontroseBeach201609100800,21.5,0.0,0.149,3.0
2016-09-10 09:00:00,4606.0,Montrose Beach,1473498000,21.6,,0.125,,MontroseBeach201609100900,21.6,0.0,0.125,4.0
2016-09-10 10:00:00,4609.0,Montrose Beach,1473501600,21.6,,0.109,,MontroseBeach201609101000,21.6,0.0,0.109,3.0
2016-09-10 11:00:00,4610.0,Montrose Beach,1473505200,21.6,,0.123,3.0,MontroseBeach201609101100,21.6,0.0,0.123,3.0
2016-09-10 12:00:00,4612.0,Montrose Beach,1473508800,,,0.186,2.0,MontroseBeach201609101200,21.5,0.0,0.186,2.0
2016-09-10 13:00:00,4614.0,Montrose Beach,1473512400,21.7,0.0,0.232,,MontroseBeach201609101300,21.7,0.0,0.232,3.0
2016-09-10 14:00:00,4617.0,Montrose Beach,1473516000,21.7,0.0,0.252,,MontroseBeach201609101400,21.7,0.0,0.252,3.0
2016-09-10 15:00:00,4618.0,Montrose Beach,1473519600,,0.0,0.268,,MontroseBeach201609101500,21.7,0.0,0.268,4.0
2016-09-10 16:00:00,4621.0,Montrose Beach,1473523200,,0.0,0.286,3.0,MontroseBeach201609101600,21.8,0.0,0.286,3.0
2016-09-10 17:00:00,4622.0,Montrose Beach,1473526800,,0.0,0.276,4.0,MontroseBeach201609101700,21.8,0.0,0.276,4.0
2016-09-10 18:00:00,4625.0,Montrose Beach,1473530400,,0.01,,4.0,MontroseBeach201609101800,21.7,0.01,0.278,4.0
2016-09-10 19:00:00,4626.0,Montrose Beach,1473534000,,0.0,0.296,3.0,MontroseBeach201609101900,21.6,0.0,0.296,3.0
2016-09-10 20:00:00,4629.0,Montrose Beach,1473537600,,,0.332,4.0,MontroseBeach201609102000,21.4,0.0,0.332,4.0
2016-09-10 21:00:00,4630.0,Montrose Beach,1473541200,21.3,,0.304,5.0,MontroseBeach201609102100,21.3,0.0,0.304,5.0
2016-09-10 22:00:00,4633.0,Montrose Beach,1473544800,21.3,,0.327,7.0,MontroseBeach201609102200,21.3,0.0,0.327,7.0
2016-09-10 23:00:00,4634.0,Montrose Beach,1473548400,21.2,0.0,0.361,5.0,MontroseBeach201609102300,21.2,0.0,0.361,5.0
2016-09-11 00:00:00,4637.0,Montrose Beach,1473552000,21.1,0.0,0.359,7.0,MontroseBeach201609110000,21.1,0.0,0.359,7.0
2016-09-11 01:00:00,,Montrose Beach,1473555600,20.950000000000003,0.0,,7.0,MontroseBeach201609110100,20.950000000000003,0.0,0.3815,7.0
2016-09-11 02:00:00,4639.0,Montrose Beach,1473559200,20.8,0.0,,7.0,MontroseBeach201609110200,20.8,0.0,0.404,7.0
2016-09-11 03:00:00,4640.0,Montrose Beach,1473562800,21.0,0.0,,5.0,MontroseBeach201609110300,21.0,0.0,0.38,5.0
2016-09-11 04:00:00,4643.0,Montrose Beach,1473566400,21.0,0.0,,,MontroseBeach201609110400,21.0,0.0,0.385,7.0
2016-09-11 05:00:00,4644.0,Montrose Beach,1473570000,20.9,0.01,0.418,,MontroseBeach201609110500,20.9,0.01,0.418,8.0
2016-09-11 06:00:00,4647.0,Montrose Beach,1473573600,20.6,2.0,0.433,,MontroseBeach201609110600,20.6,2.0,0.433,7.0
2016-09-11 07:00:00,4648.0,Montrose Beach,1473577200,20.6,3.51,0.439,,MontroseBeach201609110700,20.6,3.51,0.439,7.0
2016-09-11 08:00:00,4651.0,Montrose Beach,1473580800,20.6,5.64,0.399,,MontroseBeach201609110800,20.6,5.64,0.399,7.0
2016-09-11 09:00:00,4652.0,Montrose Beach,1473584400,20.7,1.64,0.474,7.0,MontroseBeach201609110900,20.7,1.64,0.474,7.0
2016-09-11 10:00:00,4655.0,Montrose Beach,1473588000,20.9,2.25,0.416,8.0,MontroseBeach201609111000,20.9,2.25,0.416,8.0
2016-09-11 11:00:00,4656.0,Montrose Beach,1473591600,21.2,3.42,0.413,7.0,MontroseBeach201609111100,21.2,3.42,0.413,7.0
2016-09-11 12:00:00,4659.0,Montrose Beach,1473595200,21.6,0.0,0.36,6.0,MontroseBeach201609111200,21.6,0.0,0.36,6.0
2016-09-11 13:00:00,4660.0,Montrose Beach,1473598800,21.9,0.0,0.332,6.0,MontroseBeach201609111300,21.9,0.0,0.332,6.0
2016-09-11 14:00:00,4663.0,Montrose Beach,1473602400,22.0,0.18,0.319,,MontroseBeach201609111400,22.0,0.18,0.319,8.0
2016-09-11 15:00:00,4664.0,Montrose Beach,1473606000,21.8,1.35,0.306,7.0,MontroseBeach201609111500,21.8,1.35,0.306,7.0
2016-09-11 16:00:00,4667.0,Montrose Beach,1473609600,21.8,,0.26,7.0,MontroseBeach201609111600,21.8,0.27,0.26,7.0
2016-09-11 17:00:00,4669.0,Montrose Beach,1473613200,21.8,,0.259,6.0,MontroseBeach201609111700,21.8,0.37,0.259,6.0
2016-09-11 18:00:00,4670.0,Montrose Beach,1473616800,21.7,,0.255,6.0,MontroseBeach201609111800,21.7,0.44,0.255,6.0
2016-09-11 19:00:00,4673.0,Montrose Beach,1473620400,21.6,0.1,0.229,6.0,MontroseBeach201609111900,21.6,0.1,0.229,6.0
2016-09-11 20:00:00,4674.0,Montrose Beach,1473624000,21.4,0.23,0.21,5.0,MontroseBeach201609112000,21.4,0.23,0.21,5.0
2016-09-11 21:00:00,4677.0,Montrose Beach,1473627600,21.3,0.14,0.213,6.0,MontroseBeach201609112100,21.3,0.14,0.213,6.0
2016-09-11 22:00:00,4679.0,Montrose Beach,1473631200,21.1,0.09,0.195,6.0,MontroseBeach201609112200,21.1,0.09,0.195,6.0
2016-09-11 23:00:00,,Montrose Beach,1473634800,21.1,0.065,0.1815,5.5,MontroseBeach201609112300,21.1,0.065,0.1815,5.5
2016-09-12 00:00:00,4680.0,Montrose Beach,1473638400,21.1,0.04,0.168,,MontroseBeach201609120000,21.1,0.04,0.168,5.0
2016-09-12 01:00:00,4683.0,Montrose Beach,1473642000,20.9,0.01,0.17,,MontroseBeach201609120100,20.9,0.01,0.17,5.0
2016-09-12 02:00:00,4685.0,Montrose Beach,1473645600,20.8,0.08,0.165,5.0,MontroseBeach201609120200,20.8,0.08,0.165,5.0
2016-09-12 03:00:00,4687.0,Montrose Beach,1473649200,20.7,0.16,,4.0,MontroseBeach201609120300,20.7,0.16,0.159,4.0
2016-09-12 04:00:00,4689.0,Montrose Beach,1473652800,20.6,0.12,,4.0,MontroseBeach201609120400,20.6,0.12,0.15,4.0
2016-09-12 05:00:00,4690.0,Montrose Beach,1473656400,20.7,0.15,,4.0,MontroseBeach201609120500,20.7,0.15,0.157,4.0
2016-09-12 06:00:00,4693.0,Montrose Beach,1473660000,20.5,0.05,0.141,4.0,MontroseBeach201609120600,20.5,0.05,0.141,4.0
2016-09-12 07:00:00,4694.0,Montrose Beach,1473663600,20.3,,0.126,3.0,MontroseBeach201609120700,20.3,0.0,0.126,3.0
2016-09-12 08:00:00,4696.0,Montrose Beach,1473667200,20.2,0.0,0.122,4.0,MontroseBeach201609120800,20.2,0.0,0.122,4.0
2016-09-12 09:00:00,4698.0,Montrose Beach,1473670800,20.4,0.0,0.115,3.0,MontroseBeach201609120900,20.4,0.0,0.115,3.0
2016-09-12 10:00:00,4701.0,Montrose Beach,1473674400,20.6,0.0,,3.0,MontroseBeach201609121000,20.6,0.0,0.123,3.0
2016-09-12 11:00:00,4702.0,Montrose Beach,1473678000,,0.0,0.121,3.0,MontroseBeach201609121100,20.8,0.0,0.121,3.0
2016-09-12 12:00:00,4705.0,Montrose Beach,1473681600,21.0,0.11,0.121,,MontroseBeach201609121200,21.0,0.11,0.121,4.0
2016-09-12 13:00:00,4706.0,Montrose Beach,1473685200,21.2,0.0,0.138,,MontroseBeach201609121300,21.2,0.0,0.138,3.0
2016-09-12 14:00:00,4708.0,Montrose Beach,1473688800,21.4,0.01,0.131,,MontroseBeach201609121400,21.4,0.01,0.131,3.0
2016-09-12 15:00:00,4711.0,Montrose Beach,1473692400,21.6,0.13,0.135,,MontroseBeach201609121500,21.6,0.13,0.135,3.0
2016-09-12 16:00:00,4712.0,Montrose Beach,1473696000,21.7,0.0,0.119,,MontroseBeach201609121600,21.7,0.0,0.119,3.0
2016-09-12 17:00:00,4714.0,Montrose Beach,1473699600,21.6,0.0,0.125,3.0,MontroseBeach201609121700,21.6,0.0,0.125,3.0
2016-09-12 18:00:00,4717.0,Montrose Beach,1473703200,21.4,0.0,0.112,7.0,MontroseBeach201609121800,21.4,0.0,0.112,7.0
2016-09-12 19:00:00,4718.0,Montrose Beach,1473706800,21.3,0.0,0.118,6.0,MontroseBeach201609121900,21.3,0.0,0.118,6.0
2016-09-12 20:00:00,4721.0,Montrose Beach,1473710400,21.2,0.0,0.111,3.0,MontroseBeach201609122000,21.2,0.0,0.111,3.0
2016-09-12 21:00:00,4722.0,Montrose Beach,1473714000,21.0,0.0,0.113,3.0,MontroseBeach201609122100,21.0,0.0,0.113,3.0
2016-09-12 22:00:00,4725.0,Montrose Beach,1473717600,21.0,0.0,0.108,4.0,MontroseBeach201609122200,21.0,0.0,0.108,4.0
2016-09-12 23:00:00,4726.0,Montrose Beach,1473721200,20.8,0.0,0.104,5.0,MontroseBeach201609122300,20.8,0.0,0.104,5.0
2016-09-13 00:00:00,4729.0,Montrose Beach,1473724800,,0.0,0.105,8.0,MontroseBeach201609130000,20.8,0.0,0.105,8.0
2016-09-13 01:00:00,4730.0,Montrose Beach,1473728400,,,0.115,7.0,MontroseBeach201609130100,20.7,0.0,0.115,7.0
2016-09-13 02:00:00,4733.0,Montrose Beach,1473732000,,,0.11,6.0,MontroseBeach201609130200,20.7,0.0,0.11,6.0
2016-09-13 03:00:00,4734.0,Montrose Beach,1473735600,20.4,,0.105,2.0,MontroseBeach201609130300,20.4,0.01,0.105,2.0
2016-09-13 04:00:00,4737.0,Montrose Beach,1473739200,20.5,,0.098,3.0,MontroseBeach201609130400,20.5,0.0,0.098,3.0
2016-09-13 05:00:00,4738.0,Montrose Beach,1473742800,20.7,,0.096,3.0,MontroseBeach201609130500,20.7,0.0,0.096,3.0
2016-09-13 06:00:00,4741.0,Montrose Beach,1473746400,20.8,0.0,,3.0,MontroseBeach201609130600,20.8,0.0,0.096,3.0
2016-09-13 07:00:00,4742.0,Montrose Beach,1473750000,20.6,0.0,,3.0,MontroseBeach201609130700,20.6,0.0,0.095,3.0
2016-09-13 08:00:00,4745.0,Montrose Beach,1473753600,20.7,0.0,0.088,3.0,MontroseBeach201609130800,20.7,0.0,0.088,3.0
2016-09-13 09:00:00,4746.0,Montrose Beach,1473757200,20.6,0.0,0.098,,MontroseBeach201609130900,20.6,0.0,0.098,9.0
2016-09-13 10:00:00,4749.0,Montrose Beach,1473760800,20.9,,,,MontroseBeach201609131000,20.9,0.0,0.102,9.0
2016-09-13 11:00:00,4750.0,Montrose Beach,1473764400,21.1,0.0,,,MontroseBeach201609131100,21.1,0.0,0.121,3.0
2016-09-13 12:00:00,4753.0,Montrose Beach,1473768000,21.4,0.0,,,MontroseBeach201609131200,21.4,0.0,0.108,10.0
2016-09-13 13:00:00,4754.0,Montrose Beach,1473771600,21.7,0.0,,8.0,MontroseBeach201609131300,21.7,0.0,0.117,8.0
2016-09-13 14:00:00,4757.0,Montrose Beach,1473775200,22.0,0.0,,3.0,MontroseBeach201609131400,22.0,0.0,0.136,3.0
2016-09-13 15:00:00,4758.0,Montrose Beach,1473778800,22.2,0.0,0.115,9.0,MontroseBeach201609131500,22.2,0.0,0.115,9.0
2016-09-13 16:00:00,4761.0,Montrose Beach,1473782400,22.2,0.0,0.111,8.0,MontroseBeach201609131600,22.2,0.0,0.111,8.0
2016-09-13 17:00:00,4762.0,Montrose Beach,1473786000,22.2,,0.123,9.0,MontroseBeach201609131700,22.2,0.0,0.123,9.0
2016-09-13 18:00:00,4765.0,Montrose Beach,1473789600,22.0,0.0,0.2,2.0,MontroseBeach201609131800,22.0,0.0,0.2,2.0
2016-09-13 19:00:00,4766.0,Montrose Beach,1473793200,22.0,0.0,0.258,2.0,MontroseBeach201609131900,22.0,0.0,0.258,2.0
2016-09-13 20:00:00,4769.0,Montrose Beach,1473796800,21.8,0.0,0.268,,MontroseBeach201609132000,21.8,0.0,0.268,3.0
2016-09-13 21:00:00,4770.0,Montrose Beach,1473800400,21.7,0.0,0.277,,MontroseBeach201609132100,21.7,0.0,0.277,3.0
2016-09-13 22:00:00,4773.0,Montrose Beach,1473804000,21.5,0.0,0.326,,MontroseBeach201609132200,21.5,0.0,0.326,3.0
2016-09-13 23:00:00,4774.0,Montrose Beach,1473807600,21.4,0.08,0.374,4.0,MontroseBeach201609132300,21.4,0.08,0.374,4.0
2016-09-14 00:00:00,4777.0,Montrose Beach,1473811200,21.3,0.17,0.382,4.0,MontroseBeach201609140000,21.3,0.17,0.382,4.0
2016-09-14 01:00:00,4778.0,Montrose Beach,1473814800,21.2,0.05,0.375,4.0,MontroseBeach201609140100,21.2,0.05,0.375,4.0
2016-09-14 02:00:00,4781.0,Montrose Beach,1473818400,21.1,0.02,0.388,4.0,MontroseBeach201609140200,21.1,0.02,0.388,4.0
2016-09-14 03:00:00,4782.0,Montrose Beach,1473822000,21.2,0.01,,5.0,MontroseBeach201609140300,21.2,0.01,0.377,5.0
2016-09-14 04:00:00,4785.0,Montrose Beach,1473825600,21.2,0.05,0.39,5.0,MontroseBeach201609140400,21.2,0.05,0.39,5.0
2016-09-14 05:00:00,4786.0,Montrose Beach,1473829200,21.1,0.0,0.352,5.0,MontroseBeach201609140500,21.1,0.0,0.352,5.0
2016-09-14 06:00:00,4789.0,Montrose Beach,1473832800,21.1,0.05,0.392,4.0,MontroseBeach201609140600,21.1,0.05,0.392,4.0
2016-09-14 07:00:00,4791.0,Montrose Beach,1473836400,21.0,0.02,0.362,4.0,MontroseBeach201609140700,21.0,0.02,0.362,4.0
2016-09-14 08:00:00,4793.0,Montrose Beach,1473840000,21.0,0.0,0.407,4.0,MontroseBeach201609140800,21.0,0.0,0.407,4.0
2016-09-14 09:00:00,4794.0,Montrose Beach,1473843600,21.0,0.01,0.373,4.0,MontroseBeach201609140900,21.0,0.01,0.373,4.0
2016-09-14 10:00:00,4797.0,Montrose Beach,1473847200,21.1,0.01,0.376,,MontroseBeach201609141000,21.1,0.01,0.376,5.0
2016-09-14 11:00:00,4798.0,Montrose Beach,1473850800,,,0.356,,MontroseBeach201609141100,21.3,0.0,0.356,3.0
2016-09-14 12:00:00,4800.0,Montrose Beach,1473854400,,0.0,0.362,,MontroseBeach201609141200,21.4,0.0,0.362,4.0
2016-09-14 13:00:00,4803.0,Montrose Beach,1473858000,,0.02,0.362,4.0,MontroseBeach201609141300,21.5,0.02,0.362,4.0
2016-09-14 14:00:00,4804.0,Montrose Beach,1473861600,,0.01,0.356,4.0,MontroseBeach201609141400,21.6,0.01,0.356,4.0
2016-09-14 15:00:00,4807.0,Montrose Beach,1473865200,21.7,0.02,0.362,4.0,MontroseBeach201609141500,21.7,0.02,0.362,4.0
2016-09-14 16:00:00,4808.0,Montrose Beach,1473868800,21.8,0.0,0.364,4.0,MontroseBeach201609141600,21.8,0.0,0.364,4.0
2016-09-14 17:00:00,4811.0,Montrose Beach,1473872400,22.0,0.01,0.329,4.0,MontroseBeach201609141700,22.0,0.01,0.329,4.0
2016-09-14 18:00:00,4812.0,Montrose Beach,1473876000,22.0,,0.363,4.0,MontroseBeach201609141800,22.0,0.1,0.363,4.0
2016-09-14 19:00:00,4815.0,Montrose Beach,1473879600,21.9,0.01,0.36,3.0,MontroseBeach201609141900,21.9,0.01,0.36,3.0
