,Beach Name,Measurement Timestamp,Water Temperature,Turbidity,Wave Height,Wave Period,Measurement ID,Readable Timestamp
0,Montrose Beach,1464274800.0,13.5,0.0,0.114,3.0,MontroseBeach201605261500,2016-05-26 15:00:00
1,Montrose Beach,1464278400.0,14.0,0.0,0.112,3.0,MontroseBeach201605261600,2016-05-26 16:00:00
2,Montrose Beach,1464282000.0,13.4,0.0,0.105,8.0,MontroseBeach201605261700,2016-05-26 17:00:00
3,Montrose Beach,1464285600.0,13.4,0.0,0.13,7.0,MontroseBeach201605261800,2016-05-26 18:00:00
4,Montrose Beach,1464289200.0,13.6,0.0,0.111,6.0,MontroseBeach201605261900,2016-05-26 19:00:00
5,Montrose Beach,1464292800.0,13.3,0.0,0.096,5.0,MontroseBeach201605262000,2016-05-26 20:00:00
6,Montrose Beach,1464296400.0,14.1,0.0,0.096,5.0,MontroseBeach201605262100,2016-05-26 21:00:00
7,Montrose Beach,1464300000.0,14.2,0.0,0.102,3.0,MontroseBeach201605262200,2016-05-26 22:00:00
8,Montrose Beach,1464303600.0,14.0,0.0,0.088,10.0,MontroseBeach201605262300,2016-05-26 23:00:00
9,Montrose Beach,1464307200.0,13.3,0.0,0.11,7.0,MontroseBeach201605272400,2016-05-27 00:00:00
10,Montrose Beach,1464310800.0,13.1,0.0,0.1,7.0,MontroseBeach201605270100,2016-05-27 01:00:00
11,Montrose Beach,1464314400.0,13.0,0.0,0.096,6.0,MontroseBeach201605270200,2016-05-27 02:00:00
12,Montrose Beach,1464318000.0,12.5,0.0,0.095,4.0,MontroseBeach201605270300,2016-05-27 03:00:00
13,Montrose Beach,1464321600.0,12.4,0.0,0.086,6.0,MontroseBeach201605270400,2016-05-27 04:00:00
14,Montrose Beach,1464325200.0,12.7,0.0,0.092,9.0,MontroseBeach201605270500,2016-05-27 05:00:00
15,Montrose Beach,1464328800.0,13.4,0.0,0.082,9.0,MontroseBeach201605270600,2016-05-27 06:00:00
16,Montrose Beach,1464332400.0,12.9,0.0,0.092,8.0,MontroseBeach201605270700,2016-05-27 07:00:00
17,Montrose Beach,1464336000.0,12.0,0.0,0.111,4.0,MontroseBeach201605270800,2016-05-27 08:00:00
18,Montrose Beach,1464339600.0,11.4,0.0,0.108,6.0,MontroseBeach201605270900,2016-05-27 09:00:00
19,Montrose Beach,1464343200.0,11.9,0.0,0.085,8.0,MontroseBeach201605271000,2016-05-27 10:00:00
20,Montrose Beach,1464346800.0,12.3,0.0,0.088,9.0,MontroseBeach201605271100,2016-05-27 11:00:00
21,Montrose Beach,1464350400.0,11.8,0.0,0.096,9.0,MontroseBeach201605271200,2016-05-27 12:00:00
22,Montrose Beach,1464354000.0,11.7,0.0,0.097,9.0,MontroseBeach201605271300,2016-05-27 13:00:00
23,Montrose Beach,1464357600.0,11.4,0.0,0.145,8.0,MontroseBeach201605271400,2016-05-27 14:00:00
24,Montrose Beach,1464361200.0,11.6,0.0,0.118,4.0,MontroseBeach201605271500,2016-05-27 15:00:00
25,Montrose Beach,1464364800.0,11.5,0.0,0.102,9.0,MontroseBeach201605271600,2016-05-27 16:00:00
26,Montrose Beach,1464368400.0,11.5,0.0,0.133,8.0,MontroseBeach201605271700,2016-05-27 17:00:00
27,Montrose Beach,1464372000.0,11.4,0.0,0.11,7.0,MontroseBeach201605271800,2016-05-27 18:00:00
28,Montrose Beach,1464375600.0,11.3,0.0,0.131,6.0,MontroseBeach201605271900,2016-05-27 19:00:00
29,Montrose Beach,1464379200.0,11.3,0.0,0.128,6.0,MontroseBeach201605272000,2016-05-27 20:00:00
30,Montrose Beach,1464382800.0,11.1,0.0,0.119,3.0,MontroseBeach201605272100,2016-05-27 21:00:00
31,Montrose Beach,1464386400.0,11.1,0.0,0.12,10.0,MontroseBeach201605272200,2016-05-27 22:00:00
32,Montrose Beach,1464390000.0,11.1,0.0,0.109,3.0,MontroseBeach201605272300,2016-05-27 23:00:00
33,Montrose Beach,1464393600.0,11.2,0.0,0.123,7.0,MontroseBeach201605282400,2016-05-28 00:00:00
34,Montrose Beach,1464397200.0,11.3,0.0,0.104,6.0,MontroseBeach201605280100,2016-05-28 01:00:00
35,Montrose Beach,1464400800.0,11.5,0.0,0.1,6.0,MontroseBeach201605280200,2016-05-28 02:00:00
36,Montrose Beach,1464404400.0,11.3,0.0,0.107,5.0,MontroseBeach201605280300,2016-05-28 03:00:00
37,Montrose Beach,1464408000.0,11.3,0.0,0.096,5.0,MontroseBeach201605280400,2016-05-28 04:00:00
38,Montrose Beach,1464411600.0,11.3,0.0,0.092,3.0,MontroseBeach201605280500,2016-05-28 05:00:00
39,Montrose Beach,1464415200.0,11.4,0.0,0.093,9.0,MontroseBeach201605280600,2016-05-28 06:00:00
40,Montrose Beach,1464418800.0,11.5,0.0,0.102,3.0,MontroseBeach201605280700,2016-05-28 07:00:00
41,Montrose Beach,1464422400.0,11.7,0.0,0.107,3.0,MontroseBeach201605280800,2016-05-28 08:00:00
42,Montrose Beach,1464426000.0,12.0,0.0,0.113,3.0,MontroseBeach201605280900,2016-05-28 09:00:00
43,Montrose Beach,1464429600.0,12.4,0.0,0.104,8.0,MontroseBeach201605281000,2016-05-28 10:00:00
44,Montrose Beach,1464433200.0,13.0,0.0,0.106,7.0,MontroseBeach201605281100,2016-05-28 11:00:00
45,Montrose Beach,1464436800.0,12.9,0.0,0.105,3.0,MontroseBeach201605281200,2016-05-28 12:00:00
46,Montrose Beach,1464440400.0,13.3,0.0,0.112,4.0,MontroseBeach201605281300,2016-05-28 13:00:00
47,Montrose Beach,1464444000.0,13.5,0.0,0.114,4.0,MontroseBeach201605281400,2016-05-28 14:00:00
48,Montrose Beach,1464447600.0,14.0,0.0,0.104,4.0,MontroseBeach201605281500,2016-05-28 15:00:00
49,Montrose Beach,1464451200.0,14.3,0.0,0.104,10.0,MontroseBeach201605281600,2016-05-28 16:00:00
50,Montrose Beach,1464454800.0,14.0,0.0,0.115,8.0,MontroseBeach201605281700,2016-05-28 17:00:00
51,Montrose Beach,1464458400.0,13.5,0.0,0.128,7.0,MontroseBeach201605281800,2016-05-28 18:00:00
52,Montrose Beach,1464462000.0,13.2,0.0,0.114,6.0,MontroseBeach201605281900,2016-05-28 19:00:00
53,Montrose Beach,1464465600.0,13.2,0.0,0.104,5.0,MontroseBeach201605282000,2016-05-28 20:00:00
54,Montrose Beach,1464469200.0,13.0,0.0,0.104,4.0,MontroseBeach201605282100,2016-05-28 21:00:00
55,Montrose Beach,1464472800.0,13.1,0.0,0.112,4.0,MontroseBeach201605282200,2016-05-28 22:00:00
56,Montrose Beach,1464476400.0,13.0,0.0,0.11,9.0,MontroseBeach201605282300,2016-05-28 23:00:00
57,Montrose Beach,1464480000.0,13.0,0.0,0.136,7.0,MontroseBeach201605292400,2016-05-29 00:00:00
58,Montrose Beach,1464487200.0,13.2,0.0,0.105,5.0,MontroseBeach201605290200,2016-05-29 02:00:00
59,Montrose Beach,1464490800.0,13.0,0.0,0.109,4.0,MontroseBeach201605290300,2016-05-29 03:00:00
60,Montrose Beach,1464494400.0,13.0,0.0,0.096,3.0,MontroseBeach201605290400,2016-05-29 04:00:00
61,Montrose Beach,1464498000.0,12.7,0.0,0.094,3.0,MontroseBeach201605290500,2016-05-29 05:00:00
62,Montrose Beach,1464501600.0,12.8,0.0,0.108,4.0,MontroseBeach201605290600,2016-05-29 06:00:00
63,Montrose Beach,1464505200.0,12.8,0.0,0.087,3.0,MontroseBeach201605290700,2016-05-29 07:00:00
64,Montrose Beach,1464508800.0,12.8,0.0,0.085,4.0,MontroseBeach201605290800,2016-05-29 08:00:00
65,Montrose Beach,1464512400.0,12.8,0.0,0.126,4.0,MontroseBeach201605290900,2016-05-29 09:00:00
66,Montrose Beach,1464516000.0,12.9,0.0,0.081,4.0,MontroseBeach201605291000,2016-05-29 10:00:00
67,Montrose Beach,1464519600.0,13.4,0.0,0.101,4.0,MontroseBeach201605291100,2016-05-29 11:00:00
68,Montrose Beach,1464523200.0,13.6,0.0,0.128,3.0,MontroseBeach201605291200,2016-05-29 12:00:00
69,Montrose Beach,1464526800.0,13.6,0.0,0.089,3.0,MontroseBeach201605291300,2016-05-29 13:00:00
70,Montrose Beach,1464530400.0,13.5,0.0,0.132,2.0,MontroseBeach201605291400,2016-05-29 14:00:00
71,Montrose Beach,1464534000.0,13.6,0.0,0.134,5.0,MontroseBeach201605291500,2016-05-29 15:00:00
72,Montrose Beach,1464537600.0,13.9,0.0,0.143,5.0,MontroseBeach201605291600,2016-05-29 16:00:00
73,Montrose Beach,1464541200.0,13.9,0.0,0.153,3.0,MontroseBeach201605291700,2016-05-29 17:00:00
74,Montrose Beach,1464544800.0,13.7,0.0,0.13,7.0,MontroseBeach201605291800,2016-05-29 18:00:00
75,Montrose Beach,1464548400.0,13.5,0.0,0.134,6.0,MontroseBeach201605291900,2016-05-29 19:00:00
76,Montrose Beach,1464552000.0,13.3,0.0,0.151,4.0,MontroseBeach201605292000,2016-05-29 20:00:00
77,Montrose Beach,1464555600.0,13.2,0.0,0.118,4.0,MontroseBeach201605292100,2016-05-29 21:00:00
78,Montrose Beach,1464559200.0,13.1,0.0,0.101,3.0,MontroseBeach201605292200,2016-05-29 22:00:00
79,Montrose Beach,1464562800.0,13.1,0.0,0.097,9.0,MontroseBeach201605292300,2016-05-29 23:00:00
80,Montrose Beach,1464566400.0,13.2,0.0,0.093,7.0,MontroseBeach201605302400,2016-05-30 00:00:00
81,Montrose Beach,1464570000.0,13.2,0.0,0.09,6.0,MontroseBeach201605300100,2016-05-30 01:00:00
82,Montrose Beach,1464573600.0,13.0,0.0,0.107,3.0,MontroseBeach201605300200,2016-05-30 02:00:00
83,Montrose Beach,1464577200.0,12.9,0.0,0.094,4.0,MontroseBeach201605300300,2016-05-30 03:00:00
84,Montrose Beach,1464580800.0,12.8,0.0,0.078,4.0,MontroseBeach201605300400,2016-05-30 04:00:00
85,Montrose Beach,1464584400.0,12.8,0.0,0.078,4.0,MontroseBeach201605300500,2016-05-30 05:00:00
86,Montrose Beach,1464588000.0,12.8,0.0,0.079,5.0,MontroseBeach201605300600,2016-05-30 06:00:00
87,Montrose Beach,1464591600.0,12.8,0.0,0.082,4.0,MontroseBeach201605300700,2016-05-30 07:00:00
88,Montrose Beach,1464595200.0,13.0,0.0,0.1,4.0,MontroseBeach201605300800,2016-05-30 08:00:00
89,Montrose Beach,1464598800.0,13.4,0.0,0.091,4.0,MontroseBeach201605300900,2016-05-30 09:00:00
90,Montrose Beach,1464602400.0,14.1,0.0,0.096,4.0,MontroseBeach201605301000,2016-05-30 10:00:00
91,Montrose Beach,1464606000.0,14.3,0.0,0.109,4.0,MontroseBeach201605301100,2016-05-30 11:00:00
92,Montrose Beach,1464609600.0,14.4,0.0,0.141,5.0,MontroseBeach201605301200,2016-05-30 12:00:00
93,Montrose Beach,1464613200.0,15.6,0.0,0.18,4.0,MontroseBeach201605301300,2016-05-30 13:00:00
94,Montrose Beach,1464616800.0,16.6,0.0,0.155,3.0,MontroseBeach201605301400,2016-05-30 14:00:00
95,Montrose Beach,1464620400.0,15.8,0.0,0.172,5.0,MontroseBeach201605301500,2016-05-30 15:00:00
96,Montrose Beach,1464624000.0,15.0,0.0,0.157,5.0,MontroseBeach201605301600,2016-05-30 16:00:00
97,Montrose Beach,1464627600.0,14.4,0.0,0.136,3.0,MontroseBeach201605301700,2016-05-30 17:00:00
98,Montrose Beach,1464631200.0,14.4,0.0,0.161,5.0,MontroseBeach201605301800,2016-05-30 18:00:00
99,Montrose Beach,1464634800.0,14.1,0.0,0.13,6.0,MontroseBeach201605301900,2016-05-30 19:00:00
100,Montrose Beach,1464638400.0,15.0,0.0,0.172,5.0,MontroseBeach201605302000,2016-05-30 20:00:00
101,Montrose Beach,1464642000.0,14.1,0.0,0.096,4.0,MontroseBeach201605302100,2016-05-30 21:00:00
102,Montrose Beach,1464645600.0,13.9,0.0,0.098,4.0,MontroseBeach201605302200,2016-05-30 22:00:00
103,Montrose Beach,1464649200.0,13.9,0.0,0.116,9.0,MontroseBeach201605302300,2016-05-30 23:00:00
104,Montrose Beach,1464652800.0,14.0,0.0,0.113,8.0,MontroseBeach201605312400,2016-05-31 00:00:00
105,Montrose Beach,1464656400.0,14.1,0.0,0.124,6.0,MontroseBeach201605310100,2016-05-31 01:00:00
106,Montrose Beach,1464660000.0,14.0,0.0,0.145,5.0,MontroseBeach201605310200,2016-05-31 02:00:00
107,Montrose Beach,1464663600.0,13.9,0.0,0.128,2.0,MontroseBeach201605310300,2016-05-31 03:00:00
108,Montrose Beach,1464667200.0,13.9,0.0,0.135,2.0,MontroseBeach201605310400,2016-05-31 04:00:00
109,Montrose Beach,1464670800.0,13.7,0.0,0.134,2.0,MontroseBeach201605310500,2016-05-31 05:00:00
110,Montrose Beach,1464674400.0,14.0,0.0,0.132,4.0,MontroseBeach201605310600,2016-05-31 06:00:00
111,Montrose Beach,1464678000.0,14.0,0.0,0.112,2.0,MontroseBeach201605310700,2016-05-31 07:00:00
112,Montrose Beach,1464681600.0,14.2,0.0,0.114,2.0,MontroseBeach201605310800,2016-05-31 08:00:00
113,Montrose Beach,1464685200.0,14.4,0.0,0.144,4.0,MontroseBeach201605310900,2016-05-31 09:00:00
114,Montrose Beach,1464688800.0,14.8,0.0,0.147,2.0,MontroseBeach201605311000,2016-05-31 10:00:00
115,Montrose Beach,1464692400.0,15.6,0.0,0.157,2.0,MontroseBeach201605311100,2016-05-31 11:00:00
116,Montrose Beach,1464696000.0,16.2,0.0,0.145,2.0,MontroseBeach201605311200,2016-05-31 12:00:00
117,Montrose Beach,1464699600.0,16.1,0.0,0.129,2.0,MontroseBeach201605311300,2016-05-31 13:00:00
118,Montrose Beach,1464703200.0,16.4,0.0,0.141,2.0,MontroseBeach201605311400,2016-05-31 14:00:00
119,Montrose Beach,1464706800.0,17.1,0.08,0.177,2.0,MontroseBeach201605311500,2016-05-31 15:00:00
120,Montrose Beach,1464710400.0,16.1,0.0,0.163,2.0,MontroseBeach201605311600,2016-05-31 16:00:00
121,Montrose Beach,1464714000.0,16.2,0.0,0.179,3.0,MontroseBeach201605311700,2016-05-31 17:00:00
122,Montrose Beach,1464717600.0,16.4,0.0,0.18,3.0,MontroseBeach201605311800,2016-05-31 18:00:00
123,Montrose Beach,1464721200.0,16.2,0.0,0.194,6.0,MontroseBeach201605311900,2016-05-31 19:00:00
124,Montrose Beach,1464724800.0,16.4,0.02,0.174,5.0,MontroseBeach201605312000,2016-05-31 20:00:00
125,Montrose Beach,1464728400.0,16.8,0.0,0.186,3.0,MontroseBeach201605312100,2016-05-31 21:00:00
126,Montrose Beach,1464732000.0,16.2,0.0,0.176,2.0,MontroseBeach201605312200,2016-05-31 22:00:00
127,Montrose Beach,1464735600.0,15.5,0.0,0.175,2.0,MontroseBeach201605312300,2016-05-31 23:00:00
128,Montrose Beach,1464739200.0,15.2,0.0,0.215,7.0,MontroseBeach201606012400,2016-06-01 00:00:00
129,Montrose Beach,1464742800.0,14.7,0.0,0.213,3.0,MontroseBeach201606010100,2016-06-01 01:00:00
130,Montrose Beach,1464746400.0,14.8,0.0,0.223,2.0,MontroseBeach201606010200,2016-06-01 02:00:00
131,Montrose Beach,1464750000.0,14.9,0.0,0.212,5.0,MontroseBeach201606010300,2016-06-01 03:00:00
132,Montrose Beach,1464753600.0,14.7,0.0,0.211,4.0,MontroseBeach201606010400,2016-06-01 04:00:00
133,Montrose Beach,1464757200.0,14.7,0.0,0.204,4.0,MontroseBeach201606010500,2016-06-01 05:00:00
134,Montrose Beach,1464760800.0,14.3,0.0,0.201,5.0,MontroseBeach201606010600,2016-06-01 06:00:00
135,Montrose Beach,1464764400.0,14.4,0.0,0.19,5.0,MontroseBeach201606010700,2016-06-01 07:00:00
136,Montrose Beach,1464768000.0,14.5,0.0,0.212,5.0,MontroseBeach201606010800,2016-06-01 08:00:00
137,Montrose Beach,1464771600.0,14.5,0.0,0.19,5.0,MontroseBeach201606010900,2016-06-01 09:00:00
138,Montrose Beach,1464775200.0,14.6,0.0,0.182,5.0,MontroseBeach201606011000,2016-06-01 10:00:00
139,Montrose Beach,1464778800.0,14.4,0.0,0.171,5.0,MontroseBeach201606011100,2016-06-01 11:00:00
140,Montrose Beach,1464782400.0,14.5,0.0,0.177,4.0,MontroseBeach201606011200,2016-06-01 12:00:00
141,Montrose Beach,1464786000.0,14.9,0.0,0.186,4.0,MontroseBeach201606011300,2016-06-01 13:00:00
142,Montrose Beach,1464789600.0,15.2,0.0,0.188,3.0,MontroseBeach201606011400,2016-06-01 14:00:00
143,Montrose Beach,1464793200.0,15.6,0.0,0.174,4.0,MontroseBeach201606011500,2016-06-01 15:00:00
144,Montrose Beach,1464796800.0,15.7,0.0,0.16,5.0,MontroseBeach201606011600,2016-06-01 16:00:00
145,Montrose Beach,1464800400.0,15.4,0.0,0.177,4.0,MontroseBeach201606011700,2016-06-01 17:00:00
146,Montrose Beach,1464804000.0,15.6,0.0,0.183,7.0,MontroseBeach201606011800,2016-06-01 18:00:00
147,Montrose Beach,1464807600.0,14.8,0.0,0.171,4.0,MontroseBeach201606011900,2016-06-01 19:00:00
148,Montrose Beach,1464811200.0,15.1,0.0,0.153,4.0,MontroseBeach201606012000,2016-06-01 20:00:00
149,Montrose Beach,1464814800.0,15.2,0.0,0.141,4.0,MontroseBeach201606012100,2016-06-01 21:00:00
150,Montrose Beach,1464818400.0,14.7,0.0,0.137,10.0,MontroseBeach201606012200,2016-06-01 22:00:00
151,Montrose Beach,1464822000.0,14.3,0.0,0.126,4.0,MontroseBeach201606012300,2016-06-01 23:00:00
152,Montrose Beach,1464825600.0,14.0,0.0,0.116,3.0,MontroseBeach201606022400,2016-06-02 00:00:00
153,Montrose Beach,1464829200.0,14.1,0.0,0.111,7.0,MontroseBeach201606020100,2016-06-02 01:00:00
154,Montrose Beach,1464832800.0,14.1,0.0,0.103,6.0,MontroseBeach201606020200,2016-06-02 02:00:00
155,Montrose Beach,1464836400.0,14.0,0.0,0.087,5.0,MontroseBeach201606020300,2016-06-02 03:00:00
156,Montrose Beach,1464840000.0,13.9,0.0,0.09,4.0,MontroseBeach201606020400,2016-06-02 04:00:00
157,Montrose Beach,1464868800.0,14.8,0.0,0.088,3.0,MontroseBeach201606021200,2016-06-02 12:00:00
159,Montrose Beach,1464872400.0,15.2,0.0,0.105,4.0,MontroseBeach201606021300,2016-06-02 13:00:00
162,Montrose Beach,1464876000.0,15.4,0.0,0.096,4.0,MontroseBeach201606021400,2016-06-02 14:00:00
163,Montrose Beach,1464879600.0,15.8,0.0,0.104,4.0,MontroseBeach201606021500,2016-06-02 15:00:00
165,Montrose Beach,1464883200.0,16.5,0.0,0.093,8.0,MontroseBeach201606021600,2016-06-02 16:00:00
167,Montrose Beach,1464886800.0,16.6,0.0,0.102,9.0,MontroseBeach201606021700,2016-06-02 17:00:00
170,Montrose Beach,1464890400.0,16.2,0.0,0.101,7.0,MontroseBeach201606021800,2016-06-02 18:00:00
171,Montrose Beach,1464894000.0,16.0,0.0,0.118,6.0,MontroseBeach201606021900,2016-06-02 19:00:00
174,Montrose Beach,1464897600.0,15.6,0.0,0.1,5.0,MontroseBeach201606022000,2016-06-02 20:00:00
175,Montrose Beach,1464901200.0,15.5,0.0,0.102,5.0,MontroseBeach201606022100,2016-06-02 21:00:00
178,Montrose Beach,1464904800.0,15.8,0.0,0.205,2.0,MontroseBeach201606022200,2016-06-02 22:00:00
179,Montrose Beach,1464908400.0,16.0,0.0,0.217,3.0,MontroseBeach201606022300,2016-06-02 23:00:00
182,Montrose Beach,1464912000.0,16.3,0.0,0.224,3.0,MontroseBeach201606032400,2016-06-03 00:00:00
183,Montrose Beach,1464915600.0,16.2,0.0,0.212,3.0,MontroseBeach201606030100,2016-06-03 01:00:00
185,Montrose Beach,1464919200.0,15.7,0.0,0.187,2.0,MontroseBeach201606030200,2016-06-03 02:00:00
187,Montrose Beach,1464922800.0,15.7,0.0,0.172,5.0,MontroseBeach201606030300,2016-06-03 03:00:00
190,Montrose Beach,1464926400.0,15.6,0.0,0.148,2.0,MontroseBeach201606030400,2016-06-03 04:00:00
191,Montrose Beach,1464930000.0,15.6,0.0,0.145,2.0,MontroseBeach201606030500,2016-06-03 05:00:00
193,Montrose Beach,1464933600.0,15.5,0.0,0.145,2.0,MontroseBeach201606030600,2016-06-03 06:00:00
196,Montrose Beach,1464937200.0,15.4,0.0,0.143,2.0,MontroseBeach201606030700,2016-06-03 07:00:00
198,Montrose Beach,1464940800.0,15.5,0.0,0.131,2.0,MontroseBeach201606030800,2016-06-03 08:00:00
201,Montrose Beach,1464951600.0,15.7,0.0,0.142,6.0,MontroseBeach201606031100,2016-06-03 11:00:00
202,Montrose Beach,1464955200.0,16.0,0.0,0.102,3.0,MontroseBeach201606031200,2016-06-03 12:00:00
205,Montrose Beach,1464958800.0,16.2,0.0,0.117,3.0,MontroseBeach201606031300,2016-06-03 13:00:00
206,Montrose Beach,1464962400.0,16.2,0.0,0.109,7.0,MontroseBeach201606031400,2016-06-03 14:00:00
209,Montrose Beach,1464966000.0,16.2,0.0,0.124,6.0,MontroseBeach201606031500,2016-06-03 15:00:00
210,Montrose Beach,1464969600.0,16.0,0.0,0.137,3.0,MontroseBeach201606031600,2016-06-03 16:00:00
213,Montrose Beach,1464973200.0,15.7,0.0,0.142,3.0,MontroseBeach201606031700,2016-06-03 17:00:00
214,Montrose Beach,1464976800.0,15.6,0.0,0.153,7.0,MontroseBeach201606031800,2016-06-03 18:00:00
217,Montrose Beach,1464980400.0,14.6,0.0,0.153,6.0,MontroseBeach201606031900,2016-06-03 19:00:00
218,Montrose Beach,1464984000.0,13.7,0.0,0.154,3.0,MontroseBeach201606032000,2016-06-03 20:00:00
220,Montrose Beach,1464987600.0,13.3,0.0,0.181,4.0,MontroseBeach201606032100,2016-06-03 21:00:00
223,Montrose Beach,1464991200.0,13.4,0.0,0.14,3.0,MontroseBeach201606032200,2016-06-03 22:00:00
225,Montrose Beach,1464994800.0,12.8,0.0,0.133,4.0,MontroseBeach201606032300,2016-06-03 23:00:00
226,Montrose Beach,1464998400.0,12.5,0.0,0.133,8.0,MontroseBeach201606042400,2016-06-04 00:00:00
229,Montrose Beach,1465002000.0,12.3,0.0,0.129,6.0,MontroseBeach201606040100,2016-06-04 01:00:00
230,Montrose Beach,1465005600.0,12.2,0.0,0.127,6.0,MontroseBeach201606040200,2016-06-04 02:00:00
232,Montrose Beach,1465009200.0,12.1,0.01,0.121,5.0,MontroseBeach201606040300,2016-06-04 03:00:00
234,Montrose Beach,1465012800.0,12.1,0.0,0.128,3.0,MontroseBeach201606040400,2016-06-04 04:00:00
237,Montrose Beach,1465016400.0,12.4,0.0,0.113,4.0,MontroseBeach201606040500,2016-06-04 05:00:00
239,Montrose Beach,1465020000.0,12.2,0.0,0.104,3.0,MontroseBeach201606040600,2016-06-04 06:00:00
240,Montrose Beach,1465023600.0,12.4,0.0,0.099,2.0,MontroseBeach201606040700,2016-06-04 07:00:00
243,Montrose Beach,1465027200.0,12.5,0.0,0.1,2.0,MontroseBeach201606040800,2016-06-04 08:00:00
244,Montrose Beach,1465030800.0,12.8,0.0,0.125,4.0,MontroseBeach201606040900,2016-06-04 09:00:00
247,Montrose Beach,1465034400.0,12.3,0.0,0.096,4.0,MontroseBeach201606041000,2016-06-04 10:00:00
250,Montrose Beach,1465048800.0,11.9,0.0,0.155,4.0,MontroseBeach201606041400,2016-06-04 14:00:00
253,Montrose Beach,1465052400.0,11.7,0.0,0.098,4.0,MontroseBeach201606041500,2016-06-04 15:00:00
255,Montrose Beach,1465056000.0,12.4,0.0,0.096,9.0,MontroseBeach201606041600,2016-06-04 16:00:00
256,Montrose Beach,1465059600.0,12.1,0.0,0.095,3.0,MontroseBeach201606041700,2016-06-04 17:00:00
258,Montrose Beach,1465063200.0,12.1,0.0,0.115,7.0,MontroseBeach201606041800,2016-06-04 18:00:00
261,Montrose Beach,1465066800.0,11.9,0.0,0.117,6.0,MontroseBeach201606041900,2016-06-04 19:00:00
262,Montrose Beach,1465070400.0,11.7,0.0,0.109,5.0,MontroseBeach201606042000,2016-06-04 20:00:00
265,Montrose Beach,1465074000.0,12.0,0.0,0.107,4.0,MontroseBeach201606042100,2016-06-04 21:00:00
266,Montrose Beach,1465077600.0,11.7,0.0,0.106,4.0,MontroseBeach201606042200,2016-06-04 22:00:00
268,Montrose Beach,1465081200.0,11.5,0.0,0.116,9.0,MontroseBeach201606042300,2016-06-04 23:00:00
271,Montrose Beach,1465084800.0,11.4,0.0,0.103,4.0,MontroseBeach201606052400,2016-06-05 00:00:00
274,Montrose Beach,1465095600.0,11.4,0.0,0.088,4.0,MontroseBeach201606050300,2016-06-05 03:00:00
275,Montrose Beach,1465099200.0,11.4,0.0,0.093,3.0,MontroseBeach201606050400,2016-06-05 04:00:00
278,Montrose Beach,1465102800.0,11.4,0.0,0.083,4.0,MontroseBeach201606050500,2016-06-05 05:00:00
279,Montrose Beach,1465106400.0,11.4,0.0,0.079,4.0,MontroseBeach201606050600,2016-06-05 06:00:00
281,Montrose Beach,1465110000.0,11.4,0.0,0.082,3.0,MontroseBeach201606050700,2016-06-05 07:00:00
283,Montrose Beach,1465113600.0,11.5,0.0,0.095,6.0,MontroseBeach201606050800,2016-06-05 08:00:00
286,Montrose Beach,1465120800.0,11.6,0.0,0.158,2.0,MontroseBeach201606051000,2016-06-05 10:00:00
288,Montrose Beach,1465124400.0,11.9,0.0,0.196,3.0,MontroseBeach201606051100,2016-06-05 11:00:00
289,Montrose Beach,1465128000.0,12.1,0.0,0.209,3.0,MontroseBeach201606051200,2016-06-05 12:00:00
292,Montrose Beach,1465131600.0,12.2,0.0,0.205,3.0,MontroseBeach201606051300,2016-06-05 13:00:00
294,Montrose Beach,1465135200.0,12.4,0.0,0.218,3.0,MontroseBeach201606051400,2016-06-05 14:00:00
296,Montrose Beach,1465138800.0,12.6,0.0,0.208,3.0,MontroseBeach201606051500,2016-06-05 15:00:00
297,Montrose Beach,1465142400.0,12.8,0.0,0.202,3.0,MontroseBeach201606051600,2016-06-05 16:00:00
299,Montrose Beach,1465146000.0,12.9,0.0,0.2,3.0,MontroseBeach201606051700,2016-06-05 17:00:00
302,Montrose Beach,1465149600.0,12.9,0.0,0.188,3.0,MontroseBeach201606051800,2016-06-05 18:00:00
303,Montrose Beach,1465153200.0,12.9,0.0,0.184,3.0,MontroseBeach201606051900,2016-06-05 19:00:00
306,Montrose Beach,1465156800.0,12.8,0.0,0.182,3.0,MontroseBeach201606052000,2016-06-05 20:00:00
307,Montrose Beach,1465160400.0,12.8,0.0,0.181,3.0,MontroseBeach201606052100,2016-06-05 21:00:00
309,Montrose Beach,1465164000.0,12.8,0.0,0.216,3.0,MontroseBeach201606052200,2016-06-05 22:00:00
312,Montrose Beach,1465167600.0,13.2,0.0,0.259,3.0,MontroseBeach201606052300,2016-06-05 23:00:00
314,Montrose Beach,1465171200.0,12.9,0.0,0.264,3.0,MontroseBeach201606062400,2016-06-06 00:00:00
315,Montrose Beach,1465174800.0,13.0,0.0,0.226,6.0,MontroseBeach201606060100,2016-06-06 01:00:00
318,Montrose Beach,1465178400.0,12.7,0.0,0.234,4.0,MontroseBeach201606060200,2016-06-06 02:00:00
319,Montrose Beach,1465182000.0,12.8,0.0,0.222,4.0,MontroseBeach201606060300,2016-06-06 03:00:00
321,Montrose Beach,1465185600.0,12.7,0.0,0.192,4.0,MontroseBeach201606060400,2016-06-06 04:00:00
324,Montrose Beach,1465189200.0,12.7,0.0,0.18,4.0,MontroseBeach201606060500,2016-06-06 05:00:00
325,Montrose Beach,1465192800.0,12.7,0.0,0.17,4.0,MontroseBeach201606060600,2016-06-06 06:00:00
327,Montrose Beach,1465196400.0,12.8,0.0,0.159,4.0,MontroseBeach201606060700,2016-06-06 07:00:00
330,Montrose Beach,1465200000.0,12.9,0.0,0.173,4.0,MontroseBeach201606060800,2016-06-06 08:00:00
331,Montrose Beach,1465203600.0,13.2,0.0,0.129,4.0,MontroseBeach201606060900,2016-06-06 09:00:00
333,Montrose Beach,1465207200.0,13.3,0.0,0.133,6.0,MontroseBeach201606061000,2016-06-06 10:00:00
335,Montrose Beach,1465210800.0,13.6,0.0,0.122,4.0,MontroseBeach201606061100,2016-06-06 11:00:00
338,Montrose Beach,1465214400.0,13.8,0.0,0.117,4.0,MontroseBeach201606061200,2016-06-06 12:00:00
340,Montrose Beach,1465218000.0,13.8,0.0,0.118,4.0,MontroseBeach201606061300,2016-06-06 13:00:00
341,Montrose Beach,1465221600.0,13.6,0.0,0.156,2.0,MontroseBeach201606061400,2016-06-06 14:00:00
343,Montrose Beach,1465225200.0,13.8,0.0,0.194,3.0,MontroseBeach201606061500,2016-06-06 15:00:00
345,Montrose Beach,1465228800.0,13.8,0.0,0.2,3.0,MontroseBeach201606061600,2016-06-06 16:00:00
348,Montrose Beach,1465232400.0,13.8,0.0,0.245,3.0,MontroseBeach201606061700,2016-06-06 17:00:00
349,Montrose Beach,1465236000.0,13.6,0.0,0.256,3.0,MontroseBeach201606061800,2016-06-06 18:00:00
351,Montrose Beach,1465239600.0,13.7,0.0,0.261,3.0,MontroseBeach201606061900,2016-06-06 19:00:00
353,Montrose Beach,1465243200.0,13.7,0.0,0.233,4.0,MontroseBeach201606062000,2016-06-06 20:00:00
356,Montrose Beach,1465246800.0,13.6,0.0,0.215,3.0,MontroseBeach201606062100,2016-06-06 21:00:00
358,Montrose Beach,1465250400.0,13.6,0.0,0.249,4.0,MontroseBeach201606062200,2016-06-06 22:00:00
359,Montrose Beach,1465254000.0,13.6,0.0,0.28,3.0,MontroseBeach201606062300,2016-06-06 23:00:00
361,Montrose Beach,1465257600.0,13.5,0.0,0.289,6.0,MontroseBeach201606072400,2016-06-07 00:00:00
364,Montrose Beach,1465261200.0,13.5,0.0,0.277,3.0,MontroseBeach201606070100,2016-06-07 01:00:00
366,Montrose Beach,1465264800.0,13.4,0.0,0.259,4.0,MontroseBeach201606070200,2016-06-07 02:00:00
368,Montrose Beach,1465268400.0,13.2,0.0,0.258,4.0,MontroseBeach201606070300,2016-06-07 03:00:00
369,Montrose Beach,1465272000.0,12.9,0.0,0.286,4.0,MontroseBeach201606070400,2016-06-07 04:00:00
372,Montrose Beach,1465275600.0,13.0,0.0,0.287,5.0,MontroseBeach201606070500,2016-06-07 05:00:00
374,Montrose Beach,1465279200.0,13.2,0.0,0.35,3.0,MontroseBeach201606070600,2016-06-07 06:00:00
376,Montrose Beach,1465282800.0,13.2,0.08,0.351,4.0,MontroseBeach201606070700,2016-06-07 07:00:00
377,Montrose Beach,1465286400.0,13.1,0.0,0.357,4.0,MontroseBeach201606070800,2016-06-07 08:00:00
379,Montrose Beach,1465290000.0,13.4,0.0,0.358,5.0,MontroseBeach201606070900,2016-06-07 09:00:00
382,Montrose Beach,1465293600.0,13.5,0.0,0.334,5.0,MontroseBeach201606071000,2016-06-07 10:00:00
383,Montrose Beach,1465300800.0,13.9,0.01,0.394,5.0,MontroseBeach201606071200,2016-06-07 12:00:00
386,Montrose Beach,1465304400.0,14.1,0.0,0.388,5.0,MontroseBeach201606071300,2016-06-07 13:00:00
388,Montrose Beach,1465311600.0,14.3,0.01,0.384,5.0,MontroseBeach201606071500,2016-06-07 15:00:00
391,Montrose Beach,1465315200.0,14.7,5.46,0.38,5.0,MontroseBeach201606071600,2016-06-07 16:00:00
392,Montrose Beach,1465318800.0,14.7,0.0,0.4,5.0,MontroseBeach201606071700,2016-06-07 17:00:00
394,Montrose Beach,1465322400.0,14.7,0.0,0.379,5.0,MontroseBeach201606071800,2016-06-07 18:00:00
396,Montrose Beach,1465326000.0,14.7,0.0,0.345,5.0,MontroseBeach201606071900,2016-06-07 19:00:00
398,Montrose Beach,1465329600.0,14.7,0.0,0.312,5.0,MontroseBeach201606072000,2016-06-07 20:00:00
401,Montrose Beach,1465333200.0,14.6,0.0,0.302,5.0,MontroseBeach201606072100,2016-06-07 21:00:00
403,Montrose Beach,1465336800.0,14.6,0.0,0.297,6.0,MontroseBeach201606072200,2016-06-07 22:00:00
405,Montrose Beach,1465344000.0,14.6,0.0,0.282,6.0,MontroseBeach201606082400,2016-06-08 00:00:00
408,Montrose Beach,1465347600.0,14.6,0.0,0.284,6.0,MontroseBeach201606080100,2016-06-08 01:00:00
409,Montrose Beach,1465351200.0,14.6,0.0,0.251,6.0,MontroseBeach201606080200,2016-06-08 02:00:00
412,Montrose Beach,1465354800.0,14.6,0.0,0.251,5.0,MontroseBeach201606080300,2016-06-08 03:00:00
413,Montrose Beach,1465358400.0,14.6,0.0,0.237,5.0,MontroseBeach201606080400,2016-06-08 04:00:00
416,Montrose Beach,1465362000.0,14.5,0.0,0.225,5.0,MontroseBeach201606080500,2016-06-08 05:00:00
417,Montrose Beach,1465365600.0,14.3,0.0,0.237,5.0,MontroseBeach201606080600,2016-06-08 06:00:00
420,Montrose Beach,1465369200.0,14.4,0.0,0.242,5.0,MontroseBeach201606080700,2016-06-08 07:00:00
421,Montrose Beach,1465372800.0,14.6,0.0,0.267,5.0,MontroseBeach201606080800,2016-06-08 08:00:00
424,Montrose Beach,1465376400.0,14.7,0.03,0.306,5.0,MontroseBeach201606080900,2016-06-08 09:00:00
425,Montrose Beach,1465380000.0,15.1,0.0,0.314,4.0,MontroseBeach201606081000,2016-06-08 10:00:00
428,Montrose Beach,1465383600.0,15.4,0.01,0.336,3.0,MontroseBeach201606081100,2016-06-08 11:00:00
429,Montrose Beach,1465387200.0,15.6,0.0,0.309,3.0,MontroseBeach201606081200,2016-06-08 12:00:00
432,Montrose Beach,1465390800.0,15.9,0.0,0.31,4.0,MontroseBeach201606081300,2016-06-08 13:00:00
433,Montrose Beach,1465394400.0,16.2,0.0,0.316,4.0,MontroseBeach201606081400,2016-06-08 14:00:00
436,Montrose Beach,1465398000.0,16.4,0.0,0.303,4.0,MontroseBeach201606081500,2016-06-08 15:00:00
437,Montrose Beach,1465401600.0,16.6,0.08,0.3,4.0,MontroseBeach201606081600,2016-06-08 16:00:00
440,Montrose Beach,1465405200.0,17.0,0.0,0.289,3.0,MontroseBeach201606081700,2016-06-08 17:00:00
441,Montrose Beach,1465408800.0,17.4,0.0,0.292,5.0,MontroseBeach201606081800,2016-06-08 18:00:00
443,Montrose Beach,1465412400.0,17.1,0.0,0.296,3.0,MontroseBeach201606081900,2016-06-08 19:00:00
446,Montrose Beach,1465416000.0,16.8,0.0,0.28,4.0,MontroseBeach201606082000,2016-06-08 20:00:00
447,Montrose Beach,1465419600.0,16.4,0.0,0.293,5.0,MontroseBeach201606082100,2016-06-08 21:00:00
450,Montrose Beach,1465423200.0,16.2,0.0,0.276,5.0,MontroseBeach201606082200,2016-06-08 22:00:00
451,Montrose Beach,1465426800.0,16.0,0.0,0.286,4.0,MontroseBeach201606082300,2016-06-08 23:00:00
454,Montrose Beach,1465430400.0,15.8,0.0,0.287,5.0,MontroseBeach201606092400,2016-06-09 00:00:00
455,Montrose Beach,1465434000.0,15.6,0.0,0.29,4.0,MontroseBeach201606090100,2016-06-09 01:00:00
458,Montrose Beach,1465437600.0,15.6,0.0,0.288,4.0,MontroseBeach201606090200,2016-06-09 02:00:00
459,Montrose Beach,1465441200.0,15.5,0.0,0.285,5.0,MontroseBeach201606090300,2016-06-09 03:00:00
461,Montrose Beach,1465444800.0,15.4,0.0,0.261,5.0,MontroseBeach201606090400,2016-06-09 04:00:00
464,Montrose Beach,1465448400.0,15.4,0.0,0.238,5.0,MontroseBeach201606090500,2016-06-09 05:00:00
465,Montrose Beach,1465452000.0,15.4,0.0,0.218,4.0,MontroseBeach201606090600,2016-06-09 06:00:00
468,Montrose Beach,1465455600.0,15.4,0.0,0.202,4.0,MontroseBeach201606090700,2016-06-09 07:00:00
469,Montrose Beach,1465459200.0,15.3,0.0,0.191,5.0,MontroseBeach201606090800,2016-06-09 08:00:00
472,Montrose Beach,1465462800.0,15.4,0.0,0.182,5.0,MontroseBeach201606090900,2016-06-09 09:00:00
473,Montrose Beach,1465466400.0,15.6,0.0,0.173,5.0,MontroseBeach201606091000,2016-06-09 10:00:00
475,Montrose Beach,1465470000.0,15.6,0.0,0.18,4.0,MontroseBeach201606091100,2016-06-09 11:00:00
477,Montrose Beach,1465473600.0,15.7,0.0,0.154,5.0,MontroseBeach201606091200,2016-06-09 12:00:00
480,Montrose Beach,1465477200.0,15.7,0.0,0.154,5.0,MontroseBeach201606091300,2016-06-09 13:00:00
481,Montrose Beach,1465480800.0,15.8,0.0,0.129,4.0,MontroseBeach201606091400,2016-06-09 14:00:00
483,Montrose Beach,1465484400.0,15.8,0.0,0.121,4.0,MontroseBeach201606091500,2016-06-09 15:00:00
486,Montrose Beach,1465488000.0,15.8,0.0,0.114,9.0,MontroseBeach201606091600,2016-06-09 16:00:00
488,Montrose Beach,1465491600.0,15.9,0.0,0.118,4.0,MontroseBeach201606091700,2016-06-09 17:00:00
489,Montrose Beach,1465495200.0,16.2,0.0,0.128,3.0,MontroseBeach201606091800,2016-06-09 18:00:00
491,Montrose Beach,1465498800.0,16.2,0.0,0.104,4.0,MontroseBeach201606091900,2016-06-09 19:00:00
494,Montrose Beach,1465502400.0,16.3,0.0,0.115,5.0,MontroseBeach201606092000,2016-06-09 20:00:00
495,Montrose Beach,1465506000.0,16.0,0.0,0.157,3.0,MontroseBeach201606092100,2016-06-09 21:00:00
498,Montrose Beach,1465509600.0,15.9,0.0,0.195,3.0,MontroseBeach201606092200,2016-06-09 22:00:00
499,Montrose Beach,1465513200.0,15.8,0.0,0.171,3.0,MontroseBeach201606092300,2016-06-09 23:00:00
502,Montrose Beach,1465516800.0,15.8,0.0,0.181,2.0,MontroseBeach201606102400,2016-06-10 00:00:00
504,Montrose Beach,1465520400.0,15.7,0.0,0.211,2.0,MontroseBeach201606100100,2016-06-10 01:00:00
506,Montrose Beach,1465524000.0,15.7,0.0,0.236,3.0,MontroseBeach201606100200,2016-06-10 02:00:00
507,Montrose Beach,1465527600.0,15.6,0.0,0.201,3.0,MontroseBeach201606100300,2016-06-10 03:00:00
510,Montrose Beach,1465531200.0,15.6,0.0,0.182,3.0,MontroseBeach201606100400,2016-06-10 04:00:00
511,Montrose Beach,1465534800.0,15.5,0.0,0.157,3.0,MontroseBeach201606100500,2016-06-10 05:00:00
514,Montrose Beach,1465538400.0,15.5,0.0,0.136,3.0,MontroseBeach201606100600,2016-06-10 06:00:00
515,Montrose Beach,1465542000.0,15.5,0.0,0.116,3.0,MontroseBeach201606100700,2016-06-10 07:00:00
518,Montrose Beach,1465545600.0,15.7,0.0,0.125,3.0,MontroseBeach201606100800,2016-06-10 08:00:00
519,Montrose Beach,1465549200.0,16.1,0.0,0.118,3.0,MontroseBeach201606100900,2016-06-10 09:00:00
522,Montrose Beach,1465552800.0,16.3,0.0,0.113,2.0,MontroseBeach201606101000,2016-06-10 10:00:00
524,Montrose Beach,1465556400.0,16.2,0.0,0.122,3.0,MontroseBeach201606101100,2016-06-10 11:00:00
525,Montrose Beach,1465560000.0,16.3,0.0,0.171,3.0,MontroseBeach201606101200,2016-06-10 12:00:00
528,Montrose Beach,1465563600.0,16.4,0.0,0.119,2.0,MontroseBeach201606101300,2016-06-10 13:00:00
529,Montrose Beach,1465567200.0,17.2,0.0,0.132,3.0,MontroseBeach201606101400,2016-06-10 14:00:00
532,Montrose Beach,1465570800.0,17.1,0.0,0.145,9.0,MontroseBeach201606101500,2016-06-10 15:00:00
533,Montrose Beach,1465574400.0,17.0,0.0,0.123,9.0,MontroseBeach201606101600,2016-06-10 16:00:00
535,Montrose Beach,1465578000.0,17.3,0.0,0.111,8.0,MontroseBeach201606101700,2016-06-10 17:00:00
537,Montrose Beach,1465581600.0,17.2,0.0,0.13,7.0,MontroseBeach201606101800,2016-06-10 18:00:00
540,Montrose Beach,1465585200.0,17.1,0.0,0.138,6.0,MontroseBeach201606101900,2016-06-10 19:00:00
541,Montrose Beach,1465588800.0,16.9,0.0,0.12,5.0,MontroseBeach201606102000,2016-06-10 20:00:00
544,Montrose Beach,1465592400.0,16.8,0.0,0.092,6.0,MontroseBeach201606102100,2016-06-10 21:00:00
545,Montrose Beach,1465596000.0,16.6,0.0,0.11,10.0,MontroseBeach201606102200,2016-06-10 22:00:00
548,Montrose Beach,1465599600.0,16.5,0.0,0.09,9.0,MontroseBeach201606102300,2016-06-10 23:00:00
549,Montrose Beach,1465603200.0,16.4,0.0,0.107,8.0,MontroseBeach201606112400,2016-06-11 00:00:00
552,Montrose Beach,1465642800.0,17.5,0.0,0.201,5.0,MontroseBeach201606111100,2016-06-11 11:00:00
553,Montrose Beach,1465646400.0,18.1,0.0,0.186,5.0,MontroseBeach201606111200,2016-06-11 12:00:00
556,Montrose Beach,1465650000.0,18.9,0.0,0.202,5.0,MontroseBeach201606111300,2016-06-11 13:00:00
557,Montrose Beach,1465653600.0,19.4,0.0,0.201,5.0,MontroseBeach201606111400,2016-06-11 14:00:00
560,Montrose Beach,1465657200.0,19.6,0.0,0.219,3.0,MontroseBeach201606111500,2016-06-11 15:00:00
561,Montrose Beach,1465660800.0,19.5,0.0,0.217,4.0,MontroseBeach201606111600,2016-06-11 16:00:00
564,Montrose Beach,1465664400.0,18.5,0.0,0.16,3.0,MontroseBeach201606111700,2016-06-11 17:00:00
565,Montrose Beach,1465668000.0,18.9,0.02,0.171,4.0,MontroseBeach201606111800,2016-06-11 18:00:00
568,Montrose Beach,1465671600.0,19.4,0.0,0.128,4.0,MontroseBeach201606111900,2016-06-11 19:00:00
569,Montrose Beach,1465675200.0,19.3,1.18,0.114,6.0,MontroseBeach201606112000,2016-06-11 20:00:00
572,Montrose Beach,1465678800.0,19.7,0.0,0.139,5.0,MontroseBeach201606112100,2016-06-11 21:00:00
573,Montrose Beach,1465682400.0,19.2,0.0,0.125,3.0,MontroseBeach201606112200,2016-06-11 22:00:00
576,Montrose Beach,1465686000.0,19.0,0.0,0.104,9.0,MontroseBeach201606112300,2016-06-11 23:00:00
577,Montrose Beach,1465689600.0,18.8,0.0,0.112,7.0,MontroseBeach201606122400,2016-06-12 00:00:00
580,Montrose Beach,1465700400.0,17.8,0.0,0.364,4.0,MontroseBeach201606120300,2016-06-12 03:00:00
581,Montrose Beach,1465704000.0,17.2,0.0,0.404,4.0,MontroseBeach201606120400,2016-06-12 04:00:00
584,Montrose Beach,1465707600.0,17.3,0.0,0.424,4.0,MontroseBeach201606120500,2016-06-12 05:00:00
585,Montrose Beach,1465711200.0,17.1,0.0,0.447,5.0,MontroseBeach201606120600,2016-06-12 06:00:00
588,Montrose Beach,1465714800.0,17.0,0.0,0.418,4.0,MontroseBeach201606120700,2016-06-12 07:00:00
589,Montrose Beach,1465718400.0,17.2,0.02,0.47,4.0,MontroseBeach201606120800,2016-06-12 08:00:00
592,Montrose Beach,1465722000.0,17.2,0.01,0.461,5.0,MontroseBeach201606120900,2016-06-12 09:00:00
593,Montrose Beach,1465725600.0,17.4,0.06,0.436,5.0,MontroseBeach201606121000,2016-06-12 10:00:00
596,Montrose Beach,1465732800.0,17.4,0.24,0.439,3.0,MontroseBeach201606121200,2016-06-12 12:00:00
597,Montrose Beach,1465736400.0,17.5,0.24,0.439,4.0,MontroseBeach201606121300,2016-06-12 13:00:00
600,Montrose Beach,1465740000.0,17.6,0.71,0.429,5.0,MontroseBeach201606121400,2016-06-12 14:00:00
601,Montrose Beach,1465743600.0,17.7,1.05,0.432,4.0,MontroseBeach201606121500,2016-06-12 15:00:00
604,Montrose Beach,1465747200.0,17.8,1.52,0.413,4.0,MontroseBeach201606121600,2016-06-12 16:00:00
605,Montrose Beach,1465750800.0,17.8,1.74,0.435,4.0,MontroseBeach201606121700,2016-06-12 17:00:00
608,Montrose Beach,1465754400.0,17.8,2.45,0.474,4.0,MontroseBeach201606121800,2016-06-12 18:00:00
609,Montrose Beach,1465758000.0,17.7,2.66,0.467,5.0,MontroseBeach201606121900,2016-06-12 19:00:00
612,Montrose Beach,1465761600.0,17.5,3.36,0.486,4.0,MontroseBeach201606122000,2016-06-12 20:00:00
613,Montrose Beach,1465765200.0,17.5,2.96,0.453,6.0,MontroseBeach201606122100,2016-06-12 21:00:00
616,Montrose Beach,1465768800.0,17.2,2.42,0.471,6.0,MontroseBeach201606122200,2016-06-12 22:00:00
617,Montrose Beach,1465772400.0,17.1,3.06,0.493,6.0,MontroseBeach201606122300,2016-06-12 23:00:00
620,Montrose Beach,1465776000.0,17.2,3.0,0.47,6.0,MontroseBeach201606132400,2016-06-13 00:00:00
621,Montrose Beach,1465779600.0,16.9,1.86,0.43,6.0,MontroseBeach201606130100,2016-06-13 01:00:00
624,Montrose Beach,1465783200.0,17.0,1.89,0.425,6.0,MontroseBeach201606130200,2016-06-13 02:00:00
625,Montrose Beach,1465786800.0,17.0,2.27,0.383,6.0,MontroseBeach201606130300,2016-06-13 03:00:00
628,Montrose Beach,1465790400.0,16.8,1.57,0.388,5.0,MontroseBeach201606130400,2016-06-13 04:00:00
629,Montrose Beach,1465794000.0,16.7,1.01,0.334,6.0,MontroseBeach201606130500,2016-06-13 05:00:00
632,Montrose Beach,1465797600.0,16.7,0.17,0.31,5.0,MontroseBeach201606130600,2016-06-13 06:00:00
633,Montrose Beach,1465801200.0,16.7,0.1,0.302,6.0,MontroseBeach201606130700,2016-06-13 07:00:00
636,Montrose Beach,1465804800.0,16.8,0.04,0.272,5.0,MontroseBeach201606130800,2016-06-13 08:00:00
637,Montrose Beach,1465808400.0,17.0,0.23,0.251,5.0,MontroseBeach201606130900,2016-06-13 09:00:00
640,Montrose Beach,1465812000.0,17.3,0.44,0.237,4.0,MontroseBeach201606131000,2016-06-13 10:00:00
641,Montrose Beach,1465815600.0,18.3,1.64,0.245,5.0,MontroseBeach201606131100,2016-06-13 11:00:00
644,Montrose Beach,1465819200.0,18.8,0.67,0.246,4.0,MontroseBeach201606131200,2016-06-13 12:00:00
645,Montrose Beach,1465822800.0,17.7,0.14,0.24,3.0,MontroseBeach201606131300,2016-06-13 13:00:00
648,Montrose Beach,1465826400.0,19.2,0.37,0.248,4.0,MontroseBeach201606131400,2016-06-13 14:00:00
649,Montrose Beach,1465830000.0,19.8,0.71,0.247,4.0,MontroseBeach201606131500,2016-06-13 15:00:00
652,Montrose Beach,1465833600.0,19.4,0.0,0.24,3.0,MontroseBeach201606131600,2016-06-13 16:00:00
653,Montrose Beach,1465837200.0,20.3,1.58,0.242,4.0,MontroseBeach201606131700,2016-06-13 17:00:00
656,Montrose Beach,1465840800.0,19.0,0.02,0.234,3.0,MontroseBeach201606131800,2016-06-13 18:00:00
657,Montrose Beach,1465844400.0,18.4,0.0,0.206,4.0,MontroseBeach201606131900,2016-06-13 19:00:00
660,Montrose Beach,1465848000.0,18.7,0.0,0.217,3.0,MontroseBeach201606132000,2016-06-13 20:00:00
661,Montrose Beach,1465851600.0,18.7,0.0,0.25,3.0,MontroseBeach201606132100,2016-06-13 21:00:00
664,Montrose Beach,1465855200.0,18.7,0.0,0.232,2.0,MontroseBeach201606132200,2016-06-13 22:00:00
666,Montrose Beach,1465858800.0,18.8,0.0,0.255,3.0,MontroseBeach201606132300,2016-06-13 23:00:00
667,Montrose Beach,1465862400.0,18.7,0.0,0.26,3.0,MontroseBeach201606142400,2016-06-14 00:00:00
670,Montrose Beach,1465866000.0,18.3,0.0,0.239,6.0,MontroseBeach201606140100,2016-06-14 01:00:00
671,Montrose Beach,1465869600.0,18.1,0.0,0.234,3.0,MontroseBeach201606140200,2016-06-14 02:00:00
674,Montrose Beach,1465873200.0,18.1,0.0,0.227,3.0,MontroseBeach201606140300,2016-06-14 03:00:00
675,Montrose Beach,1465876800.0,17.9,0.0,0.228,3.0,MontroseBeach201606140400,2016-06-14 04:00:00
678,Montrose Beach,1465880400.0,17.9,0.0,0.228,3.0,MontroseBeach201606140500,2016-06-14 05:00:00
679,Montrose Beach,1465884000.0,17.9,0.0,0.224,3.0,MontroseBeach201606140600,2016-06-14 06:00:00
682,Montrose Beach,1465887600.0,17.9,0.0,0.229,3.0,MontroseBeach201606140700,2016-06-14 07:00:00
683,Montrose Beach,1465891200.0,18.0,0.0,0.261,3.0,MontroseBeach201606140800,2016-06-14 08:00:00
686,Montrose Beach,1465894800.0,18.1,0.0,0.3,3.0,MontroseBeach201606140900,2016-06-14 09:00:00
687,Montrose Beach,1465898400.0,18.5,0.02,0.332,4.0,MontroseBeach201606141000,2016-06-14 10:00:00
690,Montrose Beach,1465902000.0,19.0,0.05,0.323,3.0,MontroseBeach201606141100,2016-06-14 11:00:00
691,Montrose Beach,1465905600.0,18.8,0.0,0.322,4.0,MontroseBeach201606141200,2016-06-14 12:00:00
694,Montrose Beach,1465909200.0,18.5,0.0,0.33,4.0,MontroseBeach201606141300,2016-06-14 13:00:00
695,Montrose Beach,1465912800.0,18.4,0.0,0.322,4.0,MontroseBeach201606141400,2016-06-14 14:00:00
698,Montrose Beach,1465916400.0,18.2,0.0,0.291,4.0,MontroseBeach201606141500,2016-06-14 15:00:00
699,Montrose Beach,1465920000.0,18.6,0.01,0.28,4.0,MontroseBeach201606141600,2016-06-14 16:00:00
702,Montrose Beach,1465923600.0,19.7,0.0,0.261,4.0,MontroseBeach201606141700,2016-06-14 17:00:00
703,Montrose Beach,1465927200.0,19.2,0.0,0.257,4.0,MontroseBeach201606141800,2016-06-14 18:00:00
706,Montrose Beach,1465930800.0,18.5,0.0,0.222,3.0,MontroseBeach201606141900,2016-06-14 19:00:00
707,Montrose Beach,1465934400.0,18.1,0.0,0.21,3.0,MontroseBeach201606142000,2016-06-14 20:00:00
710,Montrose Beach,1465938000.0,18.0,0.0,0.199,3.0,MontroseBeach201606142100,2016-06-14 21:00:00
711,Montrose Beach,1465941600.0,17.9,0.0,0.194,3.0,MontroseBeach201606142200,2016-06-14 22:00:00
714,Montrose Beach,1465945200.0,17.6,0.0,0.191,3.0,MontroseBeach201606142300,2016-06-14 23:00:00
715,Montrose Beach,1465948800.0,17.4,0.0,0.194,3.0,MontroseBeach201606152400,2016-06-15 00:00:00
718,Montrose Beach,1465952400.0,17.4,0.0,0.17,3.0,MontroseBeach201606150100,2016-06-15 01:00:00
719,Montrose Beach,1465956000.0,17.3,0.0,0.16,3.0,MontroseBeach201606150200,2016-06-15 02:00:00
722,Montrose Beach,1465959600.0,17.4,0.0,0.159,3.0,MontroseBeach201606150300,2016-06-15 03:00:00
723,Montrose Beach,1465963200.0,17.4,0.0,0.159,3.0,MontroseBeach201606150400,2016-06-15 04:00:00
726,Montrose Beach,1465966800.0,17.4,0.0,0.155,3.0,MontroseBeach201606150500,2016-06-15 05:00:00
727,Montrose Beach,1465970400.0,17.5,0.0,0.144,3.0,MontroseBeach201606150600,2016-06-15 06:00:00
730,Montrose Beach,1465974000.0,17.4,0.0,0.165,3.0,MontroseBeach201606150700,2016-06-15 07:00:00
731,Montrose Beach,1465981200.0,17.8,0.0,0.144,3.0,MontroseBeach201606150900,2016-06-15 09:00:00
734,Montrose Beach,1465984800.0,18.1,0.0,0.118,4.0,MontroseBeach201606151000,2016-06-15 10:00:00
735,Montrose Beach,1465988400.0,18.3,0.0,0.118,4.0,MontroseBeach201606151100,2016-06-15 11:00:00
738,Montrose Beach,1465992000.0,18.4,0.0,0.12,3.0,MontroseBeach201606151200,2016-06-15 12:00:00
739,Montrose Beach,1465995600.0,18.6,0.0,0.131,3.0,MontroseBeach201606151300,2016-06-15 13:00:00
742,Montrose Beach,1465999200.0,19.0,0.0,0.141,3.0,MontroseBeach201606151400,2016-06-15 14:00:00
743,Montrose Beach,1466002800.0,21.5,0.0,0.151,2.0,MontroseBeach201606151500,2016-06-15 15:00:00
746,Montrose Beach,1466006400.0,22.0,0.0,0.132,4.0,MontroseBeach201606151600,2016-06-15 16:00:00
747,Montrose Beach,1466010000.0,22.5,0.0,0.172,2.0,MontroseBeach201606151700,2016-06-15 17:00:00
750,Montrose Beach,1466013600.0,21.7,0.0,0.153,6.0,MontroseBeach201606151800,2016-06-15 18:00:00
751,Montrose Beach,1466017200.0,20.6,0.0,0.14,4.0,MontroseBeach201606151900,2016-06-15 19:00:00
754,Montrose Beach,1466020800.0,19.5,0.0,0.143,4.0,MontroseBeach201606152000,2016-06-15 20:00:00
755,Montrose Beach,1466024400.0,19.4,0.04,0.139,4.0,MontroseBeach201606152100,2016-06-15 21:00:00
758,Montrose Beach,1466028000.0,19.4,0.0,0.149,4.0,MontroseBeach201606152200,2016-06-15 22:00:00
759,Montrose Beach,1466031600.0,19.2,0.0,0.118,8.0,MontroseBeach201606152300,2016-06-15 23:00:00
761,Montrose Beach,1466035200.0,18.8,0.0,0.134,4.0,MontroseBeach201606162400,2016-06-16 00:00:00
764,Montrose Beach,1466038800.0,18.7,0.0,0.148,6.0,MontroseBeach201606160100,2016-06-16 01:00:00
765,Montrose Beach,1466042400.0,18.6,0.0,0.148,6.0,MontroseBeach201606160200,2016-06-16 02:00:00
768,Montrose Beach,1466046000.0,18.6,0.0,0.134,2.0,MontroseBeach201606160300,2016-06-16 03:00:00
769,Montrose Beach,1466049600.0,18.4,0.0,0.135,4.0,MontroseBeach201606160400,2016-06-16 04:00:00
772,Montrose Beach,1466053200.0,18.4,0.0,0.137,2.0,MontroseBeach201606160500,2016-06-16 05:00:00
773,Montrose Beach,1466056800.0,18.2,0.0,0.151,9.0,MontroseBeach201606160600,2016-06-16 06:00:00
776,Montrose Beach,1466060400.0,18.3,0.0,0.18,2.0,MontroseBeach201606160700,2016-06-16 07:00:00
778,Montrose Beach,1466064000.0,18.3,0.0,0.23,2.0,MontroseBeach201606160800,2016-06-16 08:00:00
779,Montrose Beach,1466067600.0,18.5,0.0,0.221,2.0,MontroseBeach201606160900,2016-06-16 09:00:00
781,Montrose Beach,1466071200.0,18.5,0.0,0.317,3.0,MontroseBeach201606161000,2016-06-16 10:00:00
783,Montrose Beach,1466074800.0,18.5,0.0,0.291,3.0,MontroseBeach201606161100,2016-06-16 11:00:00
785,Montrose Beach,1466078400.0,18.6,0.0,0.275,3.0,MontroseBeach201606161200,2016-06-16 12:00:00
788,Montrose Beach,1466082000.0,18.7,0.0,0.267,3.0,MontroseBeach201606161300,2016-06-16 13:00:00
789,Montrose Beach,1466085600.0,18.7,0.0,0.319,3.0,MontroseBeach201606161400,2016-06-16 14:00:00
792,Montrose Beach,1466089200.0,18.7,0.0,0.393,3.0,MontroseBeach201606161500,2016-06-16 15:00:00
793,Montrose Beach,1466092800.0,18.8,0.0,0.422,5.0,MontroseBeach201606161600,2016-06-16 16:00:00
795,Montrose Beach,1466096400.0,18.8,0.0,0.486,5.0,MontroseBeach201606161700,2016-06-16 17:00:00
798,Montrose Beach,1466100000.0,18.8,0.0,0.546,8.0,MontroseBeach201606161800,2016-06-16 18:00:00
799,Montrose Beach,1466103600.0,18.9,7.5,0.538,6.0,MontroseBeach201606161900,2016-06-16 19:00:00
802,Montrose Beach,1466107200.0,18.7,6.01,0.542,7.0,MontroseBeach201606162000,2016-06-16 20:00:00
803,Montrose Beach,1466110800.0,18.5,3.29,0.533,7.0,MontroseBeach201606162100,2016-06-16 21:00:00
806,Montrose Beach,1466114400.0,18.4,2.56,0.531,5.0,MontroseBeach201606162200,2016-06-16 22:00:00
807,Montrose Beach,1466118000.0,18.2,2.77,0.497,6.0,MontroseBeach201606162300,2016-06-16 23:00:00
810,Montrose Beach,1466121600.0,18.2,2.47,0.487,7.0,MontroseBeach201606172400,2016-06-17 00:00:00
811,Montrose Beach,1466125200.0,18.2,2.39,0.457,7.0,MontroseBeach201606170100,2016-06-17 01:00:00
814,Montrose Beach,1466128800.0,18.0,1.86,0.469,7.0,MontroseBeach201606170200,2016-06-17 02:00:00
815,Montrose Beach,1466132400.0,17.9,1.74,0.418,6.0,MontroseBeach201606170300,2016-06-17 03:00:00
818,Montrose Beach,1466136000.0,17.8,1.41,0.413,6.0,MontroseBeach201606170400,2016-06-17 04:00:00
819,Montrose Beach,1466139600.0,17.7,1.16,0.404,6.0,MontroseBeach201606170500,2016-06-17 05:00:00
822,Montrose Beach,1466143200.0,17.7,0.84,0.372,5.0,MontroseBeach201606170600,2016-06-17 06:00:00
823,Montrose Beach,1466146800.0,17.6,0.47,0.368,6.0,MontroseBeach201606170700,2016-06-17 07:00:00
826,Montrose Beach,1466150400.0,17.8,1.6,0.367,5.0,MontroseBeach201606170800,2016-06-17 08:00:00
827,Montrose Beach,1466154000.0,17.9,0.78,0.345,6.0,MontroseBeach201606170900,2016-06-17 09:00:00
830,Montrose Beach,1466157600.0,18.1,0.48,0.377,5.0,MontroseBeach201606171000,2016-06-17 10:00:00
831,Montrose Beach,1466161200.0,18.3,0.24,0.346,6.0,MontroseBeach201606171100,2016-06-17 11:00:00
834,Montrose Beach,1466164800.0,18.6,0.49,0.338,5.0,MontroseBeach201606171200,2016-06-17 12:00:00
836,Montrose Beach,1466168400.0,18.8,0.26,0.302,5.0,MontroseBeach201606171300,2016-06-17 13:00:00
838,Montrose Beach,1466172000.0,19.0,0.86,0.324,5.0,MontroseBeach201606171400,2016-06-17 14:00:00
839,Montrose Beach,1466175600.0,19.0,0.21,0.313,5.0,MontroseBeach201606171500,2016-06-17 15:00:00
842,Montrose Beach,1466179200.0,19.2,0.21,0.33,4.0,MontroseBeach201606171600,2016-06-17 16:00:00
843,Montrose Beach,1466182800.0,19.4,0.56,0.319,3.0,MontroseBeach201606171700,2016-06-17 17:00:00
846,Montrose Beach,1466186400.0,19.4,0.68,0.305,3.0,MontroseBeach201606171800,2016-06-17 18:00:00
847,Montrose Beach,1466190000.0,19.4,0.36,0.297,3.0,MontroseBeach201606171900,2016-06-17 19:00:00
850,Montrose Beach,1466193600.0,19.3,0.37,0.272,3.0,MontroseBeach201606172000,2016-06-17 20:00:00
851,Montrose Beach,1466197200.0,19.2,0.44,0.252,3.0,MontroseBeach201606172100,2016-06-17 21:00:00
854,Montrose Beach,1466200800.0,19.1,0.12,0.259,3.0,MontroseBeach201606172200,2016-06-17 22:00:00
856,Montrose Beach,1466204400.0,19.0,0.47,0.239,3.0,MontroseBeach201606172300,2016-06-17 23:00:00
857,Montrose Beach,1466208000.0,19.0,0.06,0.244,7.0,MontroseBeach201606182400,2016-06-18 00:00:00
860,Montrose Beach,1466211600.0,18.9,0.1,0.233,3.0,MontroseBeach201606180100,2016-06-18 01:00:00
861,Montrose Beach,1466215200.0,18.8,0.0,0.233,3.0,MontroseBeach201606180200,2016-06-18 02:00:00
864,Montrose Beach,1466218800.0,18.8,0.02,0.23,3.0,MontroseBeach201606180300,2016-06-18 03:00:00
865,Montrose Beach,1466222400.0,18.7,0.17,0.214,3.0,MontroseBeach201606180400,2016-06-18 04:00:00
868,Montrose Beach,1466226000.0,18.7,0.0,0.196,4.0,MontroseBeach201606180500,2016-06-18 05:00:00
870,Montrose Beach,1466229600.0,18.7,0.07,0.179,4.0,MontroseBeach201606180600,2016-06-18 06:00:00
871,Montrose Beach,1466233200.0,18.7,0.03,0.205,3.0,MontroseBeach201606180700,2016-06-18 07:00:00
874,Montrose Beach,1466236800.0,18.8,0.01,0.194,3.0,MontroseBeach201606180800,2016-06-18 08:00:00
875,Montrose Beach,1466240400.0,19.1,0.0,0.196,4.0,MontroseBeach201606180900,2016-06-18 09:00:00
878,Montrose Beach,1466244000.0,19.3,0.0,0.176,3.0,MontroseBeach201606181000,2016-06-18 10:00:00
879,Montrose Beach,1466247600.0,19.6,0.0,0.18,3.0,MontroseBeach201606181100,2016-06-18 11:00:00
882,Montrose Beach,1466251200.0,20.0,0.0,0.194,3.0,MontroseBeach201606181200,2016-06-18 12:00:00
883,Montrose Beach,1466254800.0,20.4,0.0,0.202,3.0,MontroseBeach201606181300,2016-06-18 13:00:00
886,Montrose Beach,1466258400.0,21.8,0.0,0.181,3.0,MontroseBeach201606181400,2016-06-18 14:00:00
887,Montrose Beach,1466262000.0,22.2,0.0,0.209,3.0,MontroseBeach201606181500,2016-06-18 15:00:00
890,Montrose Beach,1466265600.0,23.4,0.0,0.179,3.0,MontroseBeach201606181600,2016-06-18 16:00:00
892,Montrose Beach,1466269200.0,22.9,0.0,0.235,5.0,MontroseBeach201606181700,2016-06-18 17:00:00
893,Montrose Beach,1466272800.0,22.2,0.0,0.164,3.0,MontroseBeach201606181800,2016-06-18 18:00:00
895,Montrose Beach,1466276400.0,21.5,0.0,0.169,6.0,MontroseBeach201606181900,2016-06-18 19:00:00
897,Montrose Beach,1466280000.0,22.0,0.0,0.2,5.0,MontroseBeach201606182000,2016-06-18 20:00:00
900,Montrose Beach,1466283600.0,22.5,0.0,0.132,4.0,MontroseBeach201606182100,2016-06-18 21:00:00
901,Montrose Beach,1466287200.0,22.0,0.0,0.121,5.0,MontroseBeach201606182200,2016-06-18 22:00:00
904,Montrose Beach,1466290800.0,21.2,0.0,0.127,9.0,MontroseBeach201606182300,2016-06-18 23:00:00
905,Montrose Beach,1466294400.0,20.9,0.0,0.121,8.0,MontroseBeach201606192400,2016-06-19 00:00:00
908,Montrose Beach,1466301600.0,20.5,0.0,0.118,6.0,MontroseBeach201606190200,2016-06-19 02:00:00
909,Montrose Beach,1466305200.0,20.4,0.0,0.111,5.0,MontroseBeach201606190300,2016-06-19 03:00:00
912,Montrose Beach,1466308800.0,20.3,0.0,0.106,4.0,MontroseBeach201606190400,2016-06-19 04:00:00
913,Montrose Beach,1466312400.0,20.1,0.0,0.107,9.0,MontroseBeach201606190500,2016-06-19 05:00:00
916,Montrose Beach,1466316000.0,20.0,0.0,0.115,8.0,MontroseBeach201606190600,2016-06-19 06:00:00
918,Montrose Beach,1466319600.0,19.9,0.0,0.12,7.0,MontroseBeach201606190700,2016-06-19 07:00:00
920,Montrose Beach,1466323200.0,19.9,0.0,0.105,7.0,MontroseBeach201606190800,2016-06-19 08:00:00
922,Montrose Beach,1466326800.0,19.9,0.0,0.102,6.0,MontroseBeach201606190900,2016-06-19 09:00:00
924,Montrose Beach,1466330400.0,20.2,0.0,0.109,4.0,MontroseBeach201606191000,2016-06-19 10:00:00
925,Montrose Beach,1466334000.0,19.9,0.0,0.211,3.0,MontroseBeach201606191100,2016-06-19 11:00:00
928,Montrose Beach,1466337600.0,19.9,0.0,0.169,2.0,MontroseBeach201606191200,2016-06-19 12:00:00
929,Montrose Beach,1466341200.0,19.7,0.0,0.185,2.0,MontroseBeach201606191300,2016-06-19 13:00:00
932,Montrose Beach,1466344800.0,19.7,0.0,0.197,3.0,MontroseBeach201606191400,2016-06-19 14:00:00
933,Montrose Beach,1466348400.0,19.8,0.0,0.177,2.0,MontroseBeach201606191500,2016-06-19 15:00:00
936,Montrose Beach,1466352000.0,20.2,0.0,0.179,4.0,MontroseBeach201606191600,2016-06-19 16:00:00
937,Montrose Beach,1466355600.0,20.0,0.0,0.157,4.0,MontroseBeach201606191700,2016-06-19 17:00:00
939,Montrose Beach,1466359200.0,20.0,0.0,0.135,2.0,MontroseBeach201606191800,2016-06-19 18:00:00
941,Montrose Beach,1466362800.0,19.6,0.0,0.145,6.0,MontroseBeach201606191900,2016-06-19 19:00:00
944,Montrose Beach,1466366400.0,19.4,0.0,0.105,6.0,MontroseBeach201606192000,2016-06-19 20:00:00
946,Montrose Beach,1466370000.0,20.0,0.03,0.098,3.0,MontroseBeach201606192100,2016-06-19 21:00:00
947,Montrose Beach,1466373600.0,20.2,0.0,0.108,9.0,MontroseBeach201606192200,2016-06-19 22:00:00
949,Montrose Beach,1466377200.0,19.3,0.0,0.095,9.0,MontroseBeach201606192300,2016-06-19 23:00:00
952,Montrose Beach,1466380800.0,19.2,0.0,0.098,8.0,MontroseBeach201606202400,2016-06-20 00:00:00
953,Montrose Beach,1466384400.0,19.2,0.0,0.102,6.0,MontroseBeach201606200100,2016-06-20 01:00:00
956,Montrose Beach,1466388000.0,19.0,0.0,0.096,5.0,MontroseBeach201606200200,2016-06-20 02:00:00
957,Montrose Beach,1466391600.0,18.9,0.0,0.105,4.0,MontroseBeach201606200300,2016-06-20 03:00:00
960,Montrose Beach,1466395200.0,18.9,0.0,0.083,4.0,MontroseBeach201606200400,2016-06-20 04:00:00
962,Montrose Beach,1466398800.0,18.8,0.0,0.086,4.0,MontroseBeach201606200500,2016-06-20 05:00:00
963,Montrose Beach,1466402400.0,18.7,0.0,0.081,8.0,MontroseBeach201606200600,2016-06-20 06:00:00
966,Montrose Beach,1466406000.0,18.8,0.0,0.085,6.0,MontroseBeach201606200700,2016-06-20 07:00:00
967,Montrose Beach,1466409600.0,18.9,0.0,0.089,5.0,MontroseBeach201606200800,2016-06-20 08:00:00
970,Montrose Beach,1466413200.0,19.1,0.0,0.084,4.0,MontroseBeach201606200900,2016-06-20 09:00:00
971,Montrose Beach,1466416800.0,19.3,0.0,0.083,3.0,MontroseBeach201606201000,2016-06-20 10:00:00
973,Montrose Beach,1466420400.0,19.6,0.0,0.117,9.0,MontroseBeach201606201100,2016-06-20 11:00:00
975,Montrose Beach,1466424000.0,19.8,0.0,0.102,5.0,MontroseBeach201606201200,2016-06-20 12:00:00
978,Montrose Beach,1466427600.0,19.9,0.0,0.093,4.0,MontroseBeach201606201300,2016-06-20 13:00:00
979,Montrose Beach,1466431200.0,20.1,0.0,0.114,3.0,MontroseBeach201606201400,2016-06-20 14:00:00
981,Montrose Beach,1466434800.0,20.4,0.0,0.155,7.0,MontroseBeach201606201500,2016-06-20 15:00:00
984,Montrose Beach,1466438400.0,20.5,0.0,0.137,3.0,MontroseBeach201606201600,2016-06-20 16:00:00
985,Montrose Beach,1466442000.0,20.6,0.0,0.143,4.0,MontroseBeach201606201700,2016-06-20 17:00:00
988,Montrose Beach,1466445600.0,20.5,0.0,0.166,7.0,MontroseBeach201606201800,2016-06-20 18:00:00
989,Montrose Beach,1466449200.0,20.3,0.0,0.19,6.0,MontroseBeach201606201900,2016-06-20 19:00:00
992,Montrose Beach,1466452800.0,20.3,0.0,0.206,2.0,MontroseBeach201606202000,2016-06-20 20:00:00
993,Montrose Beach,1466456400.0,20.5,0.0,0.167,2.0,MontroseBeach201606202100,2016-06-20 21:00:00
996,Montrose Beach,1466460000.0,20.4,0.0,0.15,3.0,MontroseBeach201606202200,2016-06-20 22:00:00
997,Montrose Beach,1466463600.0,20.9,0.0,0.14,3.0,MontroseBeach201606202300,2016-06-20 23:00:00
1000,Montrose Beach,1466467200.0,20.0,0.0,0.136,3.0,MontroseBeach201606212400,2016-06-21 00:00:00
1001,Montrose Beach,1466470800.0,19.8,0.0,0.149,6.0,MontroseBeach201606210100,2016-06-21 01:00:00
1004,Montrose Beach,1466474400.0,19.7,0.0,0.148,5.0,MontroseBeach201606210200,2016-06-21 02:00:00
1005,Montrose Beach,1466478000.0,19.6,0.0,0.146,3.0,MontroseBeach201606210300,2016-06-21 03:00:00
1008,Montrose Beach,1466481600.0,19.5,0.0,0.143,3.0,MontroseBeach201606210400,2016-06-21 04:00:00
1009,Montrose Beach,1466485200.0,19.4,0.0,0.148,3.0,MontroseBeach201606210500,2016-06-21 05:00:00
1012,Montrose Beach,1466488800.0,19.3,0.0,0.157,4.0,MontroseBeach201606210600,2016-06-21 06:00:00
1013,Montrose Beach,1466492400.0,19.3,0.0,0.185,7.0,MontroseBeach201606210700,2016-06-21 07:00:00
1016,Montrose Beach,1466496000.0,19.4,0.0,0.172,3.0,MontroseBeach201606210800,2016-06-21 08:00:00
1017,Montrose Beach,1466499600.0,19.5,0.0,0.207,3.0,MontroseBeach201606210900,2016-06-21 09:00:00
1020,Montrose Beach,1466506800.0,20.1,0.0,0.218,3.0,MontroseBeach201606211100,2016-06-21 11:00:00
1021,Montrose Beach,1466510400.0,20.4,0.0,0.207,3.0,MontroseBeach201606211200,2016-06-21 12:00:00
1024,Montrose Beach,1466517600.0,22.6,0.0,0.197,4.0,MontroseBeach201606211400,2016-06-21 14:00:00
1026,Montrose Beach,1466521200.0,22.2,0.0,0.202,4.0,MontroseBeach201606211500,2016-06-21 15:00:00
1028,Montrose Beach,1466524800.0,21.7,0.0,0.175,4.0,MontroseBeach201606211600,2016-06-21 16:00:00
1029,Montrose Beach,1466528400.0,21.3,0.0,0.185,4.0,MontroseBeach201606211700,2016-06-21 17:00:00
1032,Montrose Beach,1466532000.0,21.1,0.0,0.175,4.0,MontroseBeach201606211800,2016-06-21 18:00:00
1033,Montrose Beach,1466535600.0,20.8,0.0,0.18,3.0,MontroseBeach201606211900,2016-06-21 19:00:00
1036,Montrose Beach,1466539200.0,20.6,0.0,0.161,3.0,MontroseBeach201606212000,2016-06-21 20:00:00
1037,Montrose Beach,1466542800.0,20.4,0.0,0.155,4.0,MontroseBeach201606212100,2016-06-21 21:00:00
1040,Montrose Beach,1466546400.0,20.3,0.0,0.147,3.0,MontroseBeach201606212200,2016-06-21 22:00:00
1041,Montrose Beach,1466550000.0,20.3,0.0,0.14,3.0,MontroseBeach201606212300,2016-06-21 23:00:00
1044,Montrose Beach,1466553600.0,20.3,0.0,0.139,4.0,MontroseBeach201606222400,2016-06-22 00:00:00
1045,Montrose Beach,1466557200.0,20.4,0.0,0.136,3.0,MontroseBeach201606220100,2016-06-22 01:00:00
1047,Montrose Beach,1466560800.0,20.6,0.0,0.143,6.0,MontroseBeach201606220200,2016-06-22 02:00:00
1050,Montrose Beach,1466564400.0,20.6,0.0,0.128,3.0,MontroseBeach201606220300,2016-06-22 03:00:00
1051,Montrose Beach,1466568000.0,20.5,0.0,0.122,3.0,MontroseBeach201606220400,2016-06-22 04:00:00
1053,Montrose Beach,1466571600.0,20.3,0.0,0.118,3.0,MontroseBeach201606220500,2016-06-22 05:00:00
1056,Montrose Beach,1466575200.0,20.3,0.0,0.107,3.0,MontroseBeach201606220600,2016-06-22 06:00:00
1058,Montrose Beach,1466578800.0,20.2,0.0,0.112,6.0,MontroseBeach201606220700,2016-06-22 07:00:00
1059,Montrose Beach,1466582400.0,20.2,0.0,0.104,5.0,MontroseBeach201606220800,2016-06-22 08:00:00
1061,Montrose Beach,1466586000.0,20.2,0.0,0.093,3.0,MontroseBeach201606220900,2016-06-22 09:00:00
1063,Montrose Beach,1466589600.0,20.3,0.0,0.086,4.0,MontroseBeach201606221000,2016-06-22 10:00:00
1066,Montrose Beach,1466593200.0,20.2,0.0,0.134,3.0,MontroseBeach201606221100,2016-06-22 11:00:00
1067,Montrose Beach,1466596800.0,20.2,0.0,0.148,8.0,MontroseBeach201606221200,2016-06-22 12:00:00
1069,Montrose Beach,1466600400.0,20.5,0.0,0.1,4.0,MontroseBeach201606221300,2016-06-22 13:00:00
1072,Montrose Beach,1466604000.0,20.9,0.0,0.086,4.0,MontroseBeach201606221400,2016-06-22 14:00:00
1074,Montrose Beach,1466607600.0,21.1,0.0,0.099,3.0,MontroseBeach201606221500,2016-06-22 15:00:00
1075,Montrose Beach,1466611200.0,20.7,0.0,0.102,9.0,MontroseBeach201606221600,2016-06-22 16:00:00
1077,Montrose Beach,1466614800.0,20.7,0.0,0.117,8.0,MontroseBeach201606221700,2016-06-22 17:00:00
1079,Montrose Beach,1466618400.0,20.4,0.0,0.105,2.0,MontroseBeach201606221800,2016-06-22 18:00:00
1082,Montrose Beach,1466622000.0,20.3,0.0,0.124,7.0,MontroseBeach201606221900,2016-06-22 19:00:00
1084,Montrose Beach,1466625600.0,20.1,0.0,0.123,6.0,MontroseBeach201606222000,2016-06-22 20:00:00
1086,Montrose Beach,1466629200.0,20.1,0.0,0.297,3.0,MontroseBeach201606222100,2016-06-22 21:00:00
1088,Montrose Beach,1466632800.0,21.0,6.08,0.269,3.0,MontroseBeach201606222200,2016-06-22 22:00:00
1090,Montrose Beach,1466636400.0,20.7,14.38,0.257,3.0,MontroseBeach201606222300,2016-06-22 23:00:00
1091,Montrose Beach,1466640000.0,19.9,0.0,0.256,3.0,MontroseBeach201606232400,2016-06-23 00:00:00
1094,Montrose Beach,1466643600.0,20.3,1.07,0.268,3.0,MontroseBeach201606230100,2016-06-23 01:00:00
1095,Montrose Beach,1466647200.0,20.1,0.05,0.263,3.0,MontroseBeach201606230200,2016-06-23 02:00:00
1097,Montrose Beach,1466650800.0,19.8,0.0,0.24,3.0,MontroseBeach201606230300,2016-06-23 03:00:00
1099,Montrose Beach,1466654400.0,19.8,0.62,0.221,3.0,MontroseBeach201606230400,2016-06-23 04:00:00
1102,Montrose Beach,1466658000.0,19.8,0.0,0.234,3.0,MontroseBeach201606230500,2016-06-23 05:00:00
1103,Montrose Beach,1466661600.0,19.8,0.0,0.213,3.0,MontroseBeach201606230600,2016-06-23 06:00:00
1106,Montrose Beach,1466665200.0,19.9,0.0,0.204,7.0,MontroseBeach201606230700,2016-06-23 07:00:00
1107,Montrose Beach,1466668800.0,20.1,0.0,0.204,3.0,MontroseBeach201606230800,2016-06-23 08:00:00
1110,Montrose Beach,1466672400.0,20.1,0.0,0.211,3.0,MontroseBeach201606230900,2016-06-23 09:00:00
1111,Montrose Beach,1466676000.0,20.3,0.0,0.223,3.0,MontroseBeach201606231000,2016-06-23 10:00:00
1114,Montrose Beach,1466679600.0,20.5,0.0,0.241,3.0,MontroseBeach201606231100,2016-06-23 11:00:00
1116,Montrose Beach,1466683200.0,20.7,0.0,0.26,3.0,MontroseBeach201606231200,2016-06-23 12:00:00
1117,Montrose Beach,1466686800.0,20.8,0.0,0.244,3.0,MontroseBeach201606231300,2016-06-23 13:00:00
1120,Montrose Beach,1466690400.0,21.0,0.0,0.259,3.0,MontroseBeach201606231400,2016-06-23 14:00:00
1121,Montrose Beach,1466694000.0,20.9,0.0,0.343,3.0,MontroseBeach201606231500,2016-06-23 15:00:00
1123,Montrose Beach,1466697600.0,21.0,0.0,0.382,4.0,MontroseBeach201606231600,2016-06-23 16:00:00
1126,Montrose Beach,1466701200.0,20.9,0.0,0.386,3.0,MontroseBeach201606231700,2016-06-23 17:00:00
1127,Montrose Beach,1466704800.0,21.0,0.0,0.366,4.0,MontroseBeach201606231800,2016-06-23 18:00:00
1130,Montrose Beach,1466708400.0,20.9,0.0,0.375,4.0,MontroseBeach201606231900,2016-06-23 19:00:00
1132,Montrose Beach,1466712000.0,20.9,0.02,0.38,4.0,MontroseBeach201606232000,2016-06-23 20:00:00
1133,Montrose Beach,1466715600.0,20.7,0.0,0.416,4.0,MontroseBeach201606232100,2016-06-23 21:00:00
1136,Montrose Beach,1466719200.0,20.7,0.04,0.431,5.0,MontroseBeach201606232200,2016-06-23 22:00:00
1137,Montrose Beach,1466722800.0,20.5,0.11,0.408,4.0,MontroseBeach201606232300,2016-06-23 23:00:00
1140,Montrose Beach,1466726400.0,20.5,0.16,0.382,3.0,MontroseBeach201606242400,2016-06-24 00:00:00
1143,Montrose Beach,1466733600.0,20.4,0.06,0.366,4.0,MontroseBeach201606240200,2016-06-24 02:00:00
1144,Montrose Beach,1466737200.0,20.2,0.2,0.319,4.0,MontroseBeach201606240300,2016-06-24 03:00:00
1147,Montrose Beach,1466740800.0,20.3,0.09,0.314,4.0,MontroseBeach201606240400,2016-06-24 04:00:00
1148,Montrose Beach,1466744400.0,20.2,0.1,0.322,5.0,MontroseBeach201606240500,2016-06-24 05:00:00
1151,Montrose Beach,1466748000.0,20.1,0.07,0.307,4.0,MontroseBeach201606240600,2016-06-24 06:00:00
1152,Montrose Beach,1466751600.0,20.1,0.0,0.27,3.0,MontroseBeach201606240700,2016-06-24 07:00:00
1155,Montrose Beach,1466755200.0,20.2,0.0,0.262,5.0,MontroseBeach201606240800,2016-06-24 08:00:00
1158,Montrose Beach,1466762400.0,20.8,0.0,0.267,3.0,MontroseBeach201606241000,2016-06-24 10:00:00
1159,Montrose Beach,1466766000.0,21.1,0.0,0.253,4.0,MontroseBeach201606241100,2016-06-24 11:00:00
1162,Montrose Beach,1466769600.0,21.3,0.0,0.237,3.0,MontroseBeach201606241200,2016-06-24 12:00:00
1164,Montrose Beach,1466773200.0,21.7,0.0,0.249,4.0,MontroseBeach201606241300,2016-06-24 13:00:00
1165,Montrose Beach,1466776800.0,22.1,0.0,0.24,3.0,MontroseBeach201606241400,2016-06-24 14:00:00
1168,Montrose Beach,1466780400.0,22.3,0.0,0.242,4.0,MontroseBeach201606241500,2016-06-24 15:00:00
1170,Montrose Beach,1466784000.0,22.5,0.0,0.234,4.0,MontroseBeach201606241600,2016-06-24 16:00:00
1171,Montrose Beach,1466787600.0,22.7,0.0,0.233,4.0,MontroseBeach201606241700,2016-06-24 17:00:00
1173,Montrose Beach,1466791200.0,22.8,0.0,0.219,4.0,MontroseBeach201606241800,2016-06-24 18:00:00
1175,Montrose Beach,1466794800.0,23.6,0.0,0.21,4.0,MontroseBeach201606241900,2016-06-24 19:00:00
1178,Montrose Beach,1466798400.0,23.4,0.0,0.216,4.0,MontroseBeach201606242000,2016-06-24 20:00:00
1180,Montrose Beach,1466802000.0,23.4,0.0,0.214,3.0,MontroseBeach201606242100,2016-06-24 21:00:00
1181,Montrose Beach,1466805600.0,23.3,0.0,0.19,4.0,MontroseBeach201606242200,2016-06-24 22:00:00
1184,Montrose Beach,1466809200.0,22.4,0.0,0.178,4.0,MontroseBeach201606242300,2016-06-24 23:00:00
1186,Montrose Beach,1466812800.0,22.0,0.0,0.178,8.0,MontroseBeach201606252400,2016-06-25 00:00:00
1188,Montrose Beach,1466816400.0,21.7,0.0,0.164,3.0,MontroseBeach201606250100,2016-06-25 01:00:00
1189,Montrose Beach,1466820000.0,21.5,0.0,0.187,3.0,MontroseBeach201606250200,2016-06-25 02:00:00
1191,Montrose Beach,1466823600.0,21.4,0.0,0.185,3.0,MontroseBeach201606250300,2016-06-25 03:00:00
1194,Montrose Beach,1466827200.0,21.2,0.0,0.174,2.0,MontroseBeach201606250400,2016-06-25 04:00:00
1196,Montrose Beach,1466830800.0,21.1,0.0,0.164,3.0,MontroseBeach201606250500,2016-06-25 05:00:00
1198,Montrose Beach,1466834400.0,21.0,0.0,0.148,3.0,MontroseBeach201606250600,2016-06-25 06:00:00
1199,Montrose Beach,1466838000.0,20.9,0.0,0.146,6.0,MontroseBeach201606250700,2016-06-25 07:00:00
1202,Montrose Beach,1466841600.0,20.9,0.0,0.146,3.0,MontroseBeach201606250800,2016-06-25 08:00:00
1203,Montrose Beach,1466845200.0,20.9,0.0,0.159,2.0,MontroseBeach201606250900,2016-06-25 09:00:00
1206,Montrose Beach,1466848800.0,21.0,0.0,0.155,2.0,MontroseBeach201606251000,2016-06-25 10:00:00
1208,Montrose Beach,1466852400.0,21.1,0.0,0.142,3.0,MontroseBeach201606251100,2016-06-25 11:00:00
1210,Montrose Beach,1466856000.0,21.3,0.0,0.148,3.0,MontroseBeach201606251200,2016-06-25 12:00:00
1211,Montrose Beach,1466859600.0,21.4,0.0,0.156,4.0,MontroseBeach201606251300,2016-06-25 13:00:00
1214,Montrose Beach,1466863200.0,21.6,0.0,0.173,3.0,MontroseBeach201606251400,2016-06-25 14:00:00
1216,Montrose Beach,1466870400.0,22.7,0.0,0.188,2.0,MontroseBeach201606251600,2016-06-25 16:00:00
1217,Montrose Beach,1466874000.0,22.4,0.0,0.213,3.0,MontroseBeach201606251700,2016-06-25 17:00:00
1219,Montrose Beach,1466877600.0,22.5,0.0,0.19,3.0,MontroseBeach201606251800,2016-06-25 18:00:00
1221,Montrose Beach,1466881200.0,22.0,0.0,0.157,7.0,MontroseBeach201606251900,2016-06-25 19:00:00
1224,Montrose Beach,1466884800.0,21.8,0.0,0.141,6.0,MontroseBeach201606252000,2016-06-25 20:00:00
1225,Montrose Beach,1466888400.0,21.0,0.0,0.133,3.0,MontroseBeach201606252100,2016-06-25 21:00:00
1228,Montrose Beach,1466892000.0,21.0,0.0,0.135,4.0,MontroseBeach201606252200,2016-06-25 22:00:00
1229,Montrose Beach,1466895600.0,20.7,0.0,0.135,4.0,MontroseBeach201606252300,2016-06-25 23:00:00
1232,Montrose Beach,1466899200.0,20.5,0.0,0.109,8.0,MontroseBeach201606262400,2016-06-26 00:00:00
1233,Montrose Beach,1466910000.0,20.4,0.0,0.099,5.0,MontroseBeach201606260300,2016-06-26 03:00:00
1236,Montrose Beach,1466913600.0,20.4,0.0,0.105,4.0,MontroseBeach201606260400,2016-06-26 04:00:00
1237,Montrose Beach,1466917200.0,20.4,0.0,0.102,9.0,MontroseBeach201606260500,2016-06-26 05:00:00
1239,Montrose Beach,1466920800.0,20.4,0.0,0.103,7.0,MontroseBeach201606260600,2016-06-26 06:00:00
1242,Montrose Beach,1466924400.0,20.5,0.0,0.095,3.0,MontroseBeach201606260700,2016-06-26 07:00:00
1243,Montrose Beach,1466928000.0,20.2,0.0,0.099,6.0,MontroseBeach201606260800,2016-06-26 08:00:00
1245,Montrose Beach,1466931600.0,20.3,0.0,0.098,5.0,MontroseBeach201606260900,2016-06-26 09:00:00
1248,Montrose Beach,1466935200.0,20.4,0.0,0.135,2.0,MontroseBeach201606261000,2016-06-26 10:00:00
1249,Montrose Beach,1466938800.0,20.7,0.0,0.153,3.0,MontroseBeach201606261100,2016-06-26 11:00:00
1251,Montrose Beach,1466942400.0,21.1,0.0,0.156,3.0,MontroseBeach201606261200,2016-06-26 12:00:00
1254,Montrose Beach,1466946000.0,21.4,0.0,0.171,3.0,MontroseBeach201606261300,2016-06-26 13:00:00
1256,Montrose Beach,1466953200.0,22.7,0.0,0.195,3.0,MontroseBeach201606261500,2016-06-26 15:00:00
1257,Montrose Beach,1466956800.0,23.5,0.0,0.163,3.0,MontroseBeach201606261600,2016-06-26 16:00:00
1259,Montrose Beach,1466960400.0,23.8,0.0,0.191,3.0,MontroseBeach201606261700,2016-06-26 17:00:00
1261,Montrose Beach,1466964000.0,22.6,0.0,0.177,6.0,MontroseBeach201606261800,2016-06-26 18:00:00
1264,Montrose Beach,1466971200.0,21.6,0.0,0.133,5.0,MontroseBeach201606262000,2016-06-26 20:00:00
1266,Montrose Beach,1466974800.0,21.5,0.0,0.128,4.0,MontroseBeach201606262100,2016-06-26 21:00:00
1267,Montrose Beach,1466978400.0,21.8,0.0,0.117,3.0,MontroseBeach201606262200,2016-06-26 22:00:00
1270,Montrose Beach,1466982000.0,20.9,0.0,0.121,3.0,MontroseBeach201606262300,2016-06-26 23:00:00
1272,Montrose Beach,1466985600.0,20.5,0.0,0.118,8.0,MontroseBeach201606272400,2016-06-27 00:00:00
1274,Montrose Beach,1466989200.0,20.5,0.0,0.107,7.0,MontroseBeach201606270100,2016-06-27 01:00:00
1276,Montrose Beach,1466992800.0,20.4,0.0,0.109,6.0,MontroseBeach201606270200,2016-06-27 02:00:00
1278,Montrose Beach,1466996400.0,20.4,0.0,0.102,5.0,MontroseBeach201606270300,2016-06-27 03:00:00
1279,Montrose Beach,1467000000.0,20.4,0.0,0.091,10.0,MontroseBeach201606270400,2016-06-27 04:00:00
1282,Montrose Beach,1467003600.0,20.3,0.0,0.083,10.0,MontroseBeach201606270500,2016-06-27 05:00:00
1283,Montrose Beach,1467007200.0,20.2,0.0,0.083,9.0,MontroseBeach201606270600,2016-06-27 06:00:00
1286,Montrose Beach,1467010800.0,20.2,0.0,0.089,6.0,MontroseBeach201606270700,2016-06-27 07:00:00
1287,Montrose Beach,1467014400.0,20.3,0.0,0.086,5.0,MontroseBeach201606270800,2016-06-27 08:00:00
1289,Montrose Beach,1467018000.0,20.5,0.0,0.072,5.0,MontroseBeach201606270900,2016-06-27 09:00:00
1292,Montrose Beach,1467021600.0,20.6,0.0,0.089,6.0,MontroseBeach201606271000,2016-06-27 10:00:00
1293,Montrose Beach,1467025200.0,20.8,0.0,0.111,3.0,MontroseBeach201606271100,2016-06-27 11:00:00
1296,Montrose Beach,1467028800.0,21.1,0.01,0.171,3.0,MontroseBeach201606271200,2016-06-27 12:00:00
1297,Montrose Beach,1467032400.0,21.2,2.59,0.136,6.0,MontroseBeach201606271300,2016-06-27 13:00:00
1300,Montrose Beach,1467036000.0,21.4,0.0,0.138,2.0,MontroseBeach201606271400,2016-06-27 14:00:00
1301,Montrose Beach,1467039600.0,21.4,0.21,0.184,3.0,MontroseBeach201606271500,2016-06-27 15:00:00
1304,Montrose Beach,1467043200.0,21.4,0.0,0.256,3.0,MontroseBeach201606271600,2016-06-27 16:00:00
1306,Montrose Beach,1467046800.0,21.6,0.0,0.255,2.0,MontroseBeach201606271700,2016-06-27 17:00:00
1307,Montrose Beach,1467050400.0,23.7,0.0,0.29,3.0,MontroseBeach201606271800,2016-06-27 18:00:00
1310,Montrose Beach,1467054000.0,23.6,0.0,0.282,3.0,MontroseBeach201606271900,2016-06-27 19:00:00
1311,Montrose Beach,1467057600.0,23.2,0.0,0.3,3.0,MontroseBeach201606272000,2016-06-27 20:00:00
1314,Montrose Beach,1467061200.0,22.0,0.0,0.281,3.0,MontroseBeach201606272100,2016-06-27 21:00:00
1315,Montrose Beach,1467064800.0,21.6,0.0,0.257,3.0,MontroseBeach201606272200,2016-06-27 22:00:00
1318,Montrose Beach,1467068400.0,21.4,0.0,0.248,3.0,MontroseBeach201606272300,2016-06-27 23:00:00
1320,Montrose Beach,1467072000.0,21.1,0.0,0.24,3.0,MontroseBeach201606282400,2016-06-28 00:00:00
1321,Montrose Beach,1467075600.0,20.8,0.0,0.213,3.0,MontroseBeach201606280100,2016-06-28 01:00:00
1324,Montrose Beach,1467079200.0,20.9,0.0,0.346,3.0,MontroseBeach201606280200,2016-06-28 02:00:00
1325,Montrose Beach,1467082800.0,20.7,0.0,0.428,4.0,MontroseBeach201606280300,2016-06-28 03:00:00
1328,Montrose Beach,1467086400.0,20.6,0.0,0.443,4.0,MontroseBeach201606280400,2016-06-28 04:00:00
1329,Montrose Beach,1467090000.0,20.4,0.02,0.454,5.0,MontroseBeach201606280500,2016-06-28 05:00:00
1332,Montrose Beach,1467093600.0,20.3,0.16,0.505,5.0,MontroseBeach201606280600,2016-06-28 06:00:00
1334,Montrose Beach,1467097200.0,20.2,1.21,0.504,6.0,MontroseBeach201606280700,2016-06-28 07:00:00
1336,Montrose Beach,1467100800.0,20.2,1.95,0.513,6.0,MontroseBeach201606280800,2016-06-28 08:00:00
1337,Montrose Beach,1467104400.0,20.2,2.47,0.488,5.0,MontroseBeach201606280900,2016-06-28 09:00:00
1340,Montrose Beach,1467108000.0,20.2,3.96,0.506,4.0,MontroseBeach201606281000,2016-06-28 10:00:00
1341,Montrose Beach,1467111600.0,20.3,3.31,0.536,6.0,MontroseBeach201606281100,2016-06-28 11:00:00
1344,Montrose Beach,1467115200.0,20.3,4.26,0.535,6.0,MontroseBeach201606281200,2016-06-28 12:00:00
1345,Montrose Beach,1467118800.0,20.2,3.36,0.535,6.0,MontroseBeach201606281300,2016-06-28 13:00:00
1348,Montrose Beach,1467122400.0,20.2,4.95,0.515,6.0,MontroseBeach201606281400,2016-06-28 14:00:00
1349,Montrose Beach,1467126000.0,20.4,3.94,0.533,7.0,MontroseBeach201606281500,2016-06-28 15:00:00
1352,Montrose Beach,1467129600.0,20.5,4.78,0.516,7.0,MontroseBeach201606281600,2016-06-28 16:00:00
1353,Montrose Beach,1467133200.0,20.5,6.47,0.513,6.0,MontroseBeach201606281700,2016-06-28 17:00:00
1356,Montrose Beach,1467136800.0,20.6,7.05,0.513,6.0,MontroseBeach201606281800,2016-06-28 18:00:00
1357,Montrose Beach,1467140400.0,20.5,6.04,0.556,7.0,MontroseBeach201606281900,2016-06-28 19:00:00
1360,Montrose Beach,1467147600.0,20.2,6.59,0.497,6.0,MontroseBeach201606282100,2016-06-28 21:00:00
1363,Montrose Beach,1467151200.0,20.2,8.49,0.492,7.0,MontroseBeach201606282200,2016-06-28 22:00:00
1365,Montrose Beach,1467154800.0,20.0,9.18,0.513,6.0,MontroseBeach201606282300,2016-06-28 23:00:00
1366,Montrose Beach,1467158400.0,19.9,7.29,0.456,5.0,MontroseBeach201606292400,2016-06-29 00:00:00
1368,Montrose Beach,1467162000.0,19.9,4.75,0.408,5.0,MontroseBeach201606290100,2016-06-29 01:00:00
1371,Montrose Beach,1467165600.0,19.9,3.88,0.418,6.0,MontroseBeach201606290200,2016-06-29 02:00:00
1372,Montrose Beach,1467169200.0,20.0,2.67,0.385,6.0,MontroseBeach201606290300,2016-06-29 03:00:00
1376,Montrose Beach,1467176400.0,20.0,3.45,0.361,6.0,MontroseBeach201606290500,2016-06-29 05:00:00
1378,Montrose Beach,1467180000.0,19.8,1.72,0.341,7.0,MontroseBeach201606290600,2016-06-29 06:00:00
1379,Montrose Beach,1467183600.0,19.8,0.98,0.332,6.0,MontroseBeach201606290700,2016-06-29 07:00:00
1382,Montrose Beach,1467187200.0,20.0,1.18,0.331,5.0,MontroseBeach201606290800,2016-06-29 08:00:00
1383,Montrose Beach,1467190800.0,20.1,1.96,0.32,5.0,MontroseBeach201606290900,2016-06-29 09:00:00
1386,Montrose Beach,1467194400.0,20.3,2.08,0.319,6.0,MontroseBeach201606291000,2016-06-29 10:00:00
1387,Montrose Beach,1467198000.0,20.5,0.33,0.298,5.0,MontroseBeach201606291100,2016-06-29 11:00:00
1390,Montrose Beach,1467201600.0,20.9,0.12,0.273,5.0,MontroseBeach201606291200,2016-06-29 12:00:00
1391,Montrose Beach,1467205200.0,21.7,0.55,0.276,4.0,MontroseBeach201606291300,2016-06-29 13:00:00
1394,Montrose Beach,1467208800.0,21.9,1.54,0.263,4.0,MontroseBeach201606291400,2016-06-29 14:00:00
1395,Montrose Beach,1467212400.0,21.9,0.71,0.249,4.0,MontroseBeach201606291500,2016-06-29 15:00:00
1397,Montrose Beach,1467216000.0,21.6,1.0,0.238,4.0,MontroseBeach201606291600,2016-06-29 16:00:00
1400,Montrose Beach,1467219600.0,21.6,0.42,0.235,4.0,MontroseBeach201606291700,2016-06-29 17:00:00
1401,Montrose Beach,1467223200.0,21.4,0.16,0.228,3.0,MontroseBeach201606291800,2016-06-29 18:00:00
1404,Montrose Beach,1467226800.0,21.2,0.17,0.225,4.0,MontroseBeach201606291900,2016-06-29 19:00:00
1405,Montrose Beach,1467230400.0,20.9,0.03,0.207,4.0,MontroseBeach201606292000,2016-06-29 20:00:00
1410,Montrose Beach,1467241200.0,20.6,0.05,0.164,3.0,MontroseBeach201606292300,2016-06-29 23:00:00
1411,Montrose Beach,1467244800.0,20.8,0.02,0.142,3.0,MontroseBeach201606302400,2016-06-30 00:00:00
1414,Montrose Beach,1467248400.0,20.8,0.03,0.143,7.0,MontroseBeach201606300100,2016-06-30 01:00:00
1416,Montrose Beach,1467252000.0,20.8,0.03,0.13,6.0,MontroseBeach201606300200,2016-06-30 02:00:00
1418,Montrose Beach,1467255600.0,20.8,0.01,0.127,5.0,MontroseBeach201606300300,2016-06-30 03:00:00
1419,Montrose Beach,1467259200.0,20.6,0.0,0.11,4.0,MontroseBeach201606300400,2016-06-30 04:00:00
1422,Montrose Beach,1467262800.0,20.6,0.0,0.117,3.0,MontroseBeach201606300500,2016-06-30 05:00:00
1423,Montrose Beach,1467270000.0,20.4,0.0,0.094,6.0,MontroseBeach201606300700,2016-06-30 07:00:00
1426,Montrose Beach,1467273600.0,20.5,0.0,0.098,5.0,MontroseBeach201606300800,2016-06-30 08:00:00
1427,Montrose Beach,1467277200.0,20.6,0.0,0.085,4.0,MontroseBeach201606300900,2016-06-30 09:00:00
1430,Montrose Beach,1467280800.0,20.8,0.0,0.084,4.0,MontroseBeach201606301000,2016-06-30 10:00:00
1433,Montrose Beach,1467288000.0,21.3,0.0,0.098,3.0,MontroseBeach201606301200,2016-06-30 12:00:00
1434,Montrose Beach,1467291600.0,21.4,0.0,0.145,3.0,MontroseBeach201606301300,2016-06-30 13:00:00
1437,Montrose Beach,1467295200.0,21.8,0.0,0.083,4.0,MontroseBeach201606301400,2016-06-30 14:00:00
1439,Montrose Beach,1467298800.0,21.7,0.0,0.095,10.0,MontroseBeach201606301500,2016-06-30 15:00:00
1440,Montrose Beach,1467302400.0,21.4,0.0,0.115,2.0,MontroseBeach201606301600,2016-06-30 16:00:00
1442,Montrose Beach,1467306000.0,21.2,0.0,0.132,5.0,MontroseBeach201606301700,2016-06-30 17:00:00
1444,Montrose Beach,1467309600.0,21.4,0.0,0.099,8.0,MontroseBeach201606301800,2016-06-30 18:00:00
1447,Montrose Beach,1467313200.0,21.2,0.0,0.093,6.0,MontroseBeach201606301900,2016-06-30 19:00:00
1449,Montrose Beach,1467316800.0,21.1,0.07,0.095,6.0,MontroseBeach201606302000,2016-06-30 20:00:00
1450,Montrose Beach,1467320400.0,20.8,0.0,0.084,6.0,MontroseBeach201606302100,2016-06-30 21:00:00
1452,Montrose Beach,1467324000.0,20.8,0.0,0.118,4.0,MontroseBeach201606302200,2016-06-30 22:00:00
1454,Montrose Beach,1467327600.0,20.7,0.0,0.111,4.0,MontroseBeach201606302300,2016-06-30 23:00:00
1458,Montrose Beach,1467338400.0,20.5,0.0,0.162,2.0,MontroseBeach201607010200,2016-07-01 02:00:00
1459,Montrose Beach,1467342000.0,20.4,0.0,0.225,3.0,MontroseBeach201607010300,2016-07-01 03:00:00
1462,Montrose Beach,1467345600.0,20.4,0.0,0.216,3.0,MontroseBeach201607010400,2016-07-01 04:00:00
1463,Montrose Beach,1467349200.0,20.4,0.0,0.268,3.0,MontroseBeach201607010500,2016-07-01 05:00:00
1466,Montrose Beach,1467352800.0,20.3,0.0,0.364,4.0,MontroseBeach201607010600,2016-07-01 06:00:00
1467,Montrose Beach,1467360000.0,20.4,0.02,0.484,4.0,MontroseBeach201607010800,2016-07-01 08:00:00
1470,Montrose Beach,1467363600.0,20.5,1.2,0.52,6.0,MontroseBeach201607010900,2016-07-01 09:00:00
1472,Montrose Beach,1467367200.0,20.4,2.09,0.525,4.0,MontroseBeach201607011000,2016-07-01 10:00:00
1473,Montrose Beach,1467370800.0,20.5,3.35,0.52,6.0,MontroseBeach201607011100,2016-07-01 11:00:00
1475,Montrose Beach,1467374400.0,20.6,3.38,0.524,6.0,MontroseBeach201607011200,2016-07-01 12:00:00
1478,Montrose Beach,1467378000.0,20.8,3.48,0.51,6.0,MontroseBeach201607011300,2016-07-01 13:00:00
1479,Montrose Beach,1467381600.0,21.2,4.2,0.503,7.0,MontroseBeach201607011400,2016-07-01 14:00:00
1482,Montrose Beach,1467385200.0,21.3,6.33,0.494,8.0,MontroseBeach201607011500,2016-07-01 15:00:00
1484,Montrose Beach,1467392400.0,21.6,5.46,0.5,7.0,MontroseBeach201607011700,2016-07-01 17:00:00
1486,Montrose Beach,1467396000.0,21.6,6.58,0.489,7.0,MontroseBeach201607011800,2016-07-01 18:00:00
1489,Montrose Beach,1467406800.0,21.2,9.35,0.49,6.0,MontroseBeach201607012100,2016-07-01 21:00:00
1490,Montrose Beach,1467410400.0,20.9,6.56,0.455,7.0,MontroseBeach201607012200,2016-07-01 22:00:00
1493,Montrose Beach,1467417600.0,20.7,1.14,0.425,6.0,MontroseBeach201607022400,2016-07-02 00:00:00
1497,Montrose Beach,1467450000.0,20.6,0.0,0.247,5.0,MontroseBeach201607020900,2016-07-02 09:00:00
1499,Montrose Beach,1467453600.0,20.8,0.0,0.228,5.0,MontroseBeach201607021000,2016-07-02 10:00:00
1500,Montrose Beach,1467457200.0,21.0,0.02,0.242,5.0,MontroseBeach201607021100,2016-07-02 11:00:00
1502,Montrose Beach,1467460800.0,21.7,1.92,0.215,5.0,MontroseBeach201607021200,2016-07-02 12:00:00
1505,Montrose Beach,1467464400.0,22.1,1.99,0.222,4.0,MontroseBeach201607021300,2016-07-02 13:00:00
1506,Montrose Beach,1467468000.0,21.7,0.62,0.242,4.0,MontroseBeach201607021400,2016-07-02 14:00:00
1509,Montrose Beach,1467471600.0,21.7,0.22,0.2,4.0,MontroseBeach201607021500,2016-07-02 15:00:00
1512,Montrose Beach,1467478800.0,21.5,0.27,0.192,4.0,MontroseBeach201607021700,2016-07-02 17:00:00
1514,Montrose Beach,1467482400.0,21.4,0.03,0.193,4.0,MontroseBeach201607021800,2016-07-02 18:00:00
1515,Montrose Beach,1467486000.0,21.2,0.05,0.188,4.0,MontroseBeach201607021900,2016-07-02 19:00:00
1517,Montrose Beach,1467489600.0,21.0,0.03,0.145,4.0,MontroseBeach201607022000,2016-07-02 20:00:00
1520,Montrose Beach,1467493200.0,20.9,0.0,0.132,4.0,MontroseBeach201607022100,2016-07-02 21:00:00
1522,Montrose Beach,1467496800.0,20.9,0.0,0.124,4.0,MontroseBeach201607022200,2016-07-02 22:00:00
1524,Montrose Beach,1467500400.0,20.8,0.0,0.111,9.0,MontroseBeach201607022300,2016-07-02 23:00:00
1526,Montrose Beach,1467518400.0,20.5,0.0,0.101,10.0,MontroseBeach201607030400,2016-07-03 04:00:00
1527,Montrose Beach,1467522000.0,20.5,0.0,0.098,10.0,MontroseBeach201607030500,2016-07-03 05:00:00
1529,Montrose Beach,1467525600.0,20.6,0.0,0.1,8.0,MontroseBeach201607030600,2016-07-03 06:00:00
1532,Montrose Beach,1467529200.0,20.6,0.0,0.106,6.0,MontroseBeach201607030700,2016-07-03 07:00:00
1534,Montrose Beach,1467536400.0,20.7,0.0,0.177,3.0,MontroseBeach201607030900,2016-07-03 09:00:00
1535,Montrose Beach,1467547200.0,21.2,0.0,0.212,3.0,MontroseBeach201607031200,2016-07-03 12:00:00
1538,Montrose Beach,1467550800.0,21.3,0.03,0.236,3.0,MontroseBeach201607031300,2016-07-03 13:00:00
1541,Montrose Beach,1467604800.0,21.1,0.0,0.201,3.0,MontroseBeach201607040400,2016-07-04 04:00:00
1544,Montrose Beach,1467619200.0,20.9,0.0,0.216,3.0,MontroseBeach201607040800,2016-07-04 08:00:00
1547,Montrose Beach,1467622800.0,21.0,0.0,0.214,3.0,MontroseBeach201607040900,2016-07-04 09:00:00
1549,Montrose Beach,1467630000.0,21.3,0.0,0.221,3.0,MontroseBeach201607041100,2016-07-04 11:00:00
1551,Montrose Beach,1467633600.0,21.4,0.0,0.202,3.0,MontroseBeach201607041200,2016-07-04 12:00:00
1553,Montrose Beach,1467637200.0,21.6,0.0,0.216,3.0,MontroseBeach201607041300,2016-07-04 13:00:00
1556,Montrose Beach,1467640800.0,21.7,0.0,0.209,3.0,MontroseBeach201607041400,2016-07-04 14:00:00
1558,Montrose Beach,1467644400.0,21.9,0.0,0.196,3.0,MontroseBeach201607041500,2016-07-04 15:00:00
1560,Montrose Beach,1467648000.0,22.0,0.0,0.211,3.0,MontroseBeach201607041600,2016-07-04 16:00:00
1561,Montrose Beach,1467651600.0,21.9,0.0,0.211,3.0,MontroseBeach201607041700,2016-07-04 17:00:00
1564,Montrose Beach,1467655200.0,22.8,0.0,0.175,6.0,MontroseBeach201607041800,2016-07-04 18:00:00
1566,Montrose Beach,1467658800.0,23.0,0.0,0.17,6.0,MontroseBeach201607041900,2016-07-04 19:00:00
1567,Montrose Beach,1467662400.0,22.8,0.0,0.168,3.0,MontroseBeach201607042000,2016-07-04 20:00:00
1570,Montrose Beach,1467666000.0,22.7,0.0,0.16,3.0,MontroseBeach201607042100,2016-07-04 21:00:00
1572,Montrose Beach,1467673200.0,22.3,0.0,0.156,3.0,MontroseBeach201607042300,2016-07-04 23:00:00
1575,Montrose Beach,1467676800.0,22.2,0.0,0.158,7.0,MontroseBeach201607052400,2016-07-05 00:00:00
1576,Montrose Beach,1467680400.0,21.9,0.0,0.165,7.0,MontroseBeach201607050100,2016-07-05 01:00:00
1578,Montrose Beach,1467684000.0,21.8,0.0,0.141,3.0,MontroseBeach201607050200,2016-07-05 02:00:00
1581,Montrose Beach,1467687600.0,21.7,0.0,0.134,3.0,MontroseBeach201607050300,2016-07-05 03:00:00
1582,Montrose Beach,1467691200.0,21.7,0.0,0.121,4.0,MontroseBeach201607050400,2016-07-05 04:00:00
1584,Montrose Beach,1467694800.0,21.6,0.0,0.102,3.0,MontroseBeach201607050500,2016-07-05 05:00:00
1588,Montrose Beach,1467702000.0,21.5,0.0,0.1,7.0,MontroseBeach201607050700,2016-07-05 07:00:00
1589,Montrose Beach,1467705600.0,21.6,0.0,0.088,6.0,MontroseBeach201607050800,2016-07-05 08:00:00
1592,Montrose Beach,1467709200.0,21.7,0.0,0.083,5.0,MontroseBeach201607050900,2016-07-05 09:00:00
1593,Montrose Beach,1467712800.0,21.8,0.0,0.087,3.0,MontroseBeach201607051000,2016-07-05 10:00:00
1596,Montrose Beach,1467716400.0,21.9,0.0,0.097,4.0,MontroseBeach201607051100,2016-07-05 11:00:00
1597,Montrose Beach,1467720000.0,22.1,0.0,0.124,3.0,MontroseBeach201607051200,2016-07-05 12:00:00
1599,Montrose Beach,1467723600.0,22.2,0.0,0.101,2.0,MontroseBeach201607051300,2016-07-05 13:00:00
1601,Montrose Beach,1467727200.0,22.2,0.02,0.108,3.0,MontroseBeach201607051400,2016-07-05 14:00:00
1604,Montrose Beach,1467730800.0,22.5,0.0,0.113,6.0,MontroseBeach201607051500,2016-07-05 15:00:00
1606,Montrose Beach,1467734400.0,22.8,0.0,0.111,5.0,MontroseBeach201607051600,2016-07-05 16:00:00
1607,Montrose Beach,1467738000.0,23.1,0.0,0.124,4.0,MontroseBeach201607051700,2016-07-05 17:00:00
1610,Montrose Beach,1467741600.0,22.9,0.0,0.113,7.0,MontroseBeach201607051800,2016-07-05 18:00:00
1612,Montrose Beach,1467748800.0,22.5,0.0,0.141,6.0,MontroseBeach201607052000,2016-07-05 20:00:00
1615,Montrose Beach,1467752400.0,22.5,0.0,0.127,4.0,MontroseBeach201607052100,2016-07-05 21:00:00
1616,Montrose Beach,1467756000.0,22.1,0.0,0.109,2.0,MontroseBeach201607052200,2016-07-05 22:00:00
1619,Montrose Beach,1467759600.0,21.8,0.0,0.1,9.0,MontroseBeach201607052300,2016-07-05 23:00:00
1620,Montrose Beach,1467763200.0,21.4,0.0,0.089,8.0,MontroseBeach201607062400,2016-07-06 00:00:00
1623,Montrose Beach,1467766800.0,21.2,0.0,0.096,7.0,MontroseBeach201607060100,2016-07-06 01:00:00
1625,Montrose Beach,1467770400.0,21.1,0.0,0.092,6.0,MontroseBeach201607060200,2016-07-06 02:00:00
1626,Montrose Beach,1467774000.0,21.1,0.0,0.186,2.0,MontroseBeach201607060300,2016-07-06 03:00:00
1629,Montrose Beach,1467781200.0,21.2,0.0,0.168,3.0,MontroseBeach201607060500,2016-07-06 05:00:00
1630,Montrose Beach,1467784800.0,21.1,0.0,0.14,8.0,MontroseBeach201607060600,2016-07-06 06:00:00
1633,Montrose Beach,1467788400.0,21.0,0.0,0.124,6.0,MontroseBeach201607060700,2016-07-06 07:00:00
1635,Montrose Beach,1467795600.0,20.9,0.0,0.106,3.0,MontroseBeach201607060900,2016-07-06 09:00:00
1637,Montrose Beach,1467799200.0,21.1,0.0,0.101,4.0,MontroseBeach201607061000,2016-07-06 10:00:00
1638,Montrose Beach,1467802800.0,21.4,0.0,0.206,3.0,MontroseBeach201607061100,2016-07-06 11:00:00
1641,Montrose Beach,1467810000.0,22.0,0.0,0.112,3.0,MontroseBeach201607061300,2016-07-06 13:00:00
1642,Montrose Beach,1467813600.0,22.4,0.0,0.11,4.0,MontroseBeach201607061400,2016-07-06 14:00:00
1644,Montrose Beach,1467817200.0,23.0,0.0,0.126,10.0,MontroseBeach201607061500,2016-07-06 15:00:00
1647,Montrose Beach,1467820800.0,23.7,0.0,0.134,4.0,MontroseBeach201607061600,2016-07-06 16:00:00
1648,Montrose Beach,1467824400.0,24.1,0.0,0.122,8.0,MontroseBeach201607061700,2016-07-06 17:00:00
1651,Montrose Beach,1467828000.0,22.8,0.0,0.133,7.0,MontroseBeach201607061800,2016-07-06 18:00:00
1653,Montrose Beach,1467838800.0,22.1,0.0,0.142,6.0,MontroseBeach201607062100,2016-07-06 21:00:00
1656,Montrose Beach,1467842400.0,22.0,0.0,0.123,5.0,MontroseBeach201607062200,2016-07-06 22:00:00
1658,Montrose Beach,1467846000.0,21.9,0.0,0.122,9.0,MontroseBeach201607062300,2016-07-06 23:00:00
1661,Montrose Beach,1467856800.0,21.9,0.0,0.107,5.0,MontroseBeach201607070200,2016-07-07 02:00:00
1662,Montrose Beach,1467860400.0,21.9,0.0,0.102,5.0,MontroseBeach201607070300,2016-07-07 03:00:00
1665,Montrose Beach,1467864000.0,21.9,0.0,0.101,4.0,MontroseBeach201607070400,2016-07-07 04:00:00
1666,Montrose Beach,1467867600.0,21.9,0.0,0.095,10.0,MontroseBeach201607070500,2016-07-07 05:00:00
1669,Montrose Beach,1467871200.0,21.8,0.0,0.099,3.0,MontroseBeach201607070600,2016-07-07 06:00:00
1670,Montrose Beach,1467874800.0,21.8,0.0,0.096,7.0,MontroseBeach201607070700,2016-07-07 07:00:00
1673,Montrose Beach,1467878400.0,21.9,0.0,0.103,6.0,MontroseBeach201607070800,2016-07-07 08:00:00
1674,Montrose Beach,1467882000.0,22.0,0.0,0.103,5.0,MontroseBeach201607070900,2016-07-07 09:00:00
1677,Montrose Beach,1467885600.0,22.2,0.0,0.094,4.0,MontroseBeach201607071000,2016-07-07 10:00:00
1679,Montrose Beach,1467889200.0,22.4,0.0,0.227,6.0,MontroseBeach201607071100,2016-07-07 11:00:00
1680,Montrose Beach,1467892800.0,22.6,0.0,0.091,6.0,MontroseBeach201607071200,2016-07-07 12:00:00
1682,Montrose Beach,1467896400.0,22.6,0.0,0.087,4.0,MontroseBeach201607071300,2016-07-07 13:00:00
1685,Montrose Beach,1467900000.0,22.2,0.0,0.116,3.0,MontroseBeach201607071400,2016-07-07 14:00:00
1686,Montrose Beach,1467903600.0,22.1,0.0,0.141,2.0,MontroseBeach201607071500,2016-07-07 15:00:00
1689,Montrose Beach,1467907200.0,22.4,0.0,0.148,3.0,MontroseBeach201607071600,2016-07-07 16:00:00
1690,Montrose Beach,1467910800.0,22.1,0.0,0.147,4.0,MontroseBeach201607071700,2016-07-07 17:00:00
1692,Montrose Beach,1467914400.0,21.6,0.0,0.148,4.0,MontroseBeach201607071800,2016-07-07 18:00:00
1694,Montrose Beach,1467918000.0,21.7,0.0,0.116,6.0,MontroseBeach201607071900,2016-07-07 19:00:00
1697,Montrose Beach,1467921600.0,21.6,0.0,0.116,5.0,MontroseBeach201607072000,2016-07-07 20:00:00
1698,Montrose Beach,1467925200.0,21.6,0.0,0.105,5.0,MontroseBeach201607072100,2016-07-07 21:00:00
1701,Montrose Beach,1467928800.0,21.6,0.0,0.106,5.0,MontroseBeach201607072200,2016-07-07 22:00:00
1703,Montrose Beach,1467932400.0,21.6,0.0,0.114,9.0,MontroseBeach201607072300,2016-07-07 23:00:00
1704,Montrose Beach,1467936000.0,21.5,0.0,0.127,7.0,MontroseBeach201607082400,2016-07-08 00:00:00
1707,Montrose Beach,1467939600.0,21.6,0.0,0.204,6.0,MontroseBeach201607080100,2016-07-08 01:00:00
1709,Montrose Beach,1467943200.0,21.8,0.0,0.256,3.0,MontroseBeach201607080200,2016-07-08 02:00:00
1711,Montrose Beach,1467946800.0,21.5,0.0,0.257,3.0,MontroseBeach201607080300,2016-07-08 03:00:00
1712,Montrose Beach,1467950400.0,21.4,0.0,0.245,3.0,MontroseBeach201607080400,2016-07-08 04:00:00
1714,Montrose Beach,1467954000.0,21.3,0.0,0.247,4.0,MontroseBeach201607080500,2016-07-08 05:00:00
1717,Montrose Beach,1467957600.0,21.3,0.0,0.207,3.0,MontroseBeach201607080600,2016-07-08 06:00:00
1718,Montrose Beach,1467961200.0,21.4,0.0,0.2,3.0,MontroseBeach201607080700,2016-07-08 07:00:00
1721,Montrose Beach,1467964800.0,21.5,0.0,0.177,3.0,MontroseBeach201607080800,2016-07-08 08:00:00
1722,Montrose Beach,1467968400.0,21.6,0.0,0.157,3.0,MontroseBeach201607080900,2016-07-08 09:00:00
1725,Montrose Beach,1467975600.0,22.0,0.0,0.141,4.0,MontroseBeach201607081100,2016-07-08 11:00:00
1726,Montrose Beach,1467979200.0,22.2,0.0,0.127,3.0,MontroseBeach201607081200,2016-07-08 12:00:00
1729,Montrose Beach,1467982800.0,22.4,0.0,0.146,4.0,MontroseBeach201607081300,2016-07-08 13:00:00
1730,Montrose Beach,1467986400.0,22.5,0.0,0.184,3.0,MontroseBeach201607081400,2016-07-08 14:00:00
1733,Montrose Beach,1467990000.0,22.4,0.0,0.189,3.0,MontroseBeach201607081500,2016-07-08 15:00:00
1734,Montrose Beach,1467993600.0,22.4,0.0,0.181,4.0,MontroseBeach201607081600,2016-07-08 16:00:00
1737,Montrose Beach,1467997200.0,22.3,0.0,0.2,3.0,MontroseBeach201607081700,2016-07-08 17:00:00
1738,Montrose Beach,1468000800.0,22.1,0.0,0.21,3.0,MontroseBeach201607081800,2016-07-08 18:00:00
1740,Montrose Beach,1468004400.0,22.0,0.0,0.227,3.0,MontroseBeach201607081900,2016-07-08 19:00:00
1742,Montrose Beach,1468008000.0,21.8,0.0,0.249,3.0,MontroseBeach201607082000,2016-07-08 20:00:00
1744,Montrose Beach,1468011600.0,21.7,0.0,0.225,3.0,MontroseBeach201607082100,2016-07-08 21:00:00
1747,Montrose Beach,1468015200.0,21.7,0.0,0.235,3.0,MontroseBeach201607082200,2016-07-08 22:00:00
1748,Montrose Beach,1468018800.0,21.6,0.0,0.221,3.0,MontroseBeach201607082300,2016-07-08 23:00:00
1751,Montrose Beach,1468022400.0,21.5,0.0,0.215,4.0,MontroseBeach201607092400,2016-07-09 00:00:00
1753,Montrose Beach,1468026000.0,21.3,0.0,0.219,3.0,MontroseBeach201607090100,2016-07-09 01:00:00
1754,Montrose Beach,1468029600.0,21.2,0.0,0.223,3.0,MontroseBeach201607090200,2016-07-09 02:00:00
1756,Montrose Beach,1468033200.0,21.1,0.0,0.211,3.0,MontroseBeach201607090300,2016-07-09 03:00:00
1759,Montrose Beach,1468036800.0,21.1,0.0,0.234,3.0,MontroseBeach201607090400,2016-07-09 04:00:00
1760,Montrose Beach,1468040400.0,21.0,0.0,0.259,4.0,MontroseBeach201607090500,2016-07-09 05:00:00
1763,Montrose Beach,1468044000.0,20.9,0.0,0.271,3.0,MontroseBeach201607090600,2016-07-09 06:00:00
1764,Montrose Beach,1468047600.0,20.9,0.0,0.313,4.0,MontroseBeach201607090700,2016-07-09 07:00:00
1767,Montrose Beach,1468051200.0,20.9,0.0,0.42,4.0,MontroseBeach201607090800,2016-07-09 08:00:00
1768,Montrose Beach,1468054800.0,21.0,0.0,0.427,5.0,MontroseBeach201607090900,2016-07-09 09:00:00
1770,Montrose Beach,1468058400.0,21.2,0.0,0.444,6.0,MontroseBeach201607091000,2016-07-09 10:00:00
1772,Montrose Beach,1468062000.0,21.3,1.47,0.44,5.0,MontroseBeach201607091100,2016-07-09 11:00:00
1774,Montrose Beach,1468065600.0,21.5,0.03,0.432,6.0,MontroseBeach201607091200,2016-07-09 12:00:00
1776,Montrose Beach,1468069200.0,21.7,0.17,0.451,6.0,MontroseBeach201607091300,2016-07-09 13:00:00
1779,Montrose Beach,1468072800.0,21.9,0.67,0.476,5.0,MontroseBeach201607091400,2016-07-09 14:00:00
1780,Montrose Beach,1468076400.0,22.0,0.31,0.449,6.0,MontroseBeach201607091500,2016-07-09 15:00:00
1783,Montrose Beach,1468080000.0,22.3,1.35,0.452,6.0,MontroseBeach201607091600,2016-07-09 16:00:00
1784,Montrose Beach,1468083600.0,22.4,0.77,0.435,5.0,MontroseBeach201607091700,2016-07-09 17:00:00
1787,Montrose Beach,1468087200.0,22.4,1.4,0.432,6.0,MontroseBeach201607091800,2016-07-09 18:00:00
1788,Montrose Beach,1468090800.0,22.4,0.65,0.432,5.0,MontroseBeach201607091900,2016-07-09 19:00:00
1791,Montrose Beach,1468094400.0,22.2,0.98,0.421,7.0,MontroseBeach201607092000,2016-07-09 20:00:00
1792,Montrose Beach,1468098000.0,22.0,0.3,0.421,3.0,MontroseBeach201607092100,2016-07-09 21:00:00
1795,Montrose Beach,1468101600.0,22.0,0.28,0.402,6.0,MontroseBeach201607092200,2016-07-09 22:00:00
1796,Montrose Beach,1468105200.0,22.0,0.4,0.388,6.0,MontroseBeach201607092300,2016-07-09 23:00:00
1799,Montrose Beach,1468108800.0,22.0,0.09,0.379,6.0,MontroseBeach201607102400,2016-07-10 00:00:00
1800,Montrose Beach,1468116000.0,21.9,0.0,0.345,6.0,MontroseBeach201607100200,2016-07-10 02:00:00
1802,Montrose Beach,1468119600.0,21.8,0.08,0.349,6.0,MontroseBeach201607100300,2016-07-10 03:00:00
1804,Montrose Beach,1468123200.0,21.8,0.0,0.323,6.0,MontroseBeach201607100400,2016-07-10 04:00:00
1807,Montrose Beach,1468126800.0,21.8,0.04,0.327,6.0,MontroseBeach201607100500,2016-07-10 05:00:00
1808,Montrose Beach,1468130400.0,21.8,0.02,0.317,6.0,MontroseBeach201607100600,2016-07-10 06:00:00
1810,Montrose Beach,1468134000.0,21.8,0.06,0.299,5.0,MontroseBeach201607100700,2016-07-10 07:00:00
1812,Montrose Beach,1468137600.0,21.9,0.03,0.282,5.0,MontroseBeach201607100800,2016-07-10 08:00:00
1814,Montrose Beach,1468141200.0,22.1,0.0,0.273,4.0,MontroseBeach201607100900,2016-07-10 09:00:00
1817,Montrose Beach,1468144800.0,22.4,0.0,0.259,6.0,MontroseBeach201607101000,2016-07-10 10:00:00
1819,Montrose Beach,1468148400.0,22.7,0.0,0.254,4.0,MontroseBeach201607101100,2016-07-10 11:00:00
1820,Montrose Beach,1468152000.0,23.2,0.0,0.244,5.0,MontroseBeach201607101200,2016-07-10 12:00:00
1822,Montrose Beach,1468155600.0,23.8,0.09,0.236,4.0,MontroseBeach201607101300,2016-07-10 13:00:00
1824,Montrose Beach,1468159200.0,24.2,0.27,0.238,3.0,MontroseBeach201607101400,2016-07-10 14:00:00
1826,Montrose Beach,1468162800.0,23.4,0.65,0.27,5.0,MontroseBeach201607101500,2016-07-10 15:00:00
1829,Montrose Beach,1468166400.0,24.4,1.52,0.264,5.0,MontroseBeach201607101600,2016-07-10 16:00:00
1830,Montrose Beach,1468170000.0,23.3,0.01,0.295,4.0,MontroseBeach201607101700,2016-07-10 17:00:00
1833,Montrose Beach,1468173600.0,23.0,0.15,0.271,5.0,MontroseBeach201607101800,2016-07-10 18:00:00
1834,Montrose Beach,1468177200.0,22.9,0.0,0.254,3.0,MontroseBeach201607101900,2016-07-10 19:00:00
1836,Montrose Beach,1468180800.0,23.4,1.64,0.247,3.0,MontroseBeach201607102000,2016-07-10 20:00:00
1838,Montrose Beach,1468184400.0,23.1,0.61,0.23,3.0,MontroseBeach201607102100,2016-07-10 21:00:00
1841,Montrose Beach,1468188000.0,22.7,0.0,0.238,3.0,MontroseBeach201607102200,2016-07-10 22:00:00
1842,Montrose Beach,1468191600.0,22.3,0.0,0.209,3.0,MontroseBeach201607102300,2016-07-10 23:00:00
1845,Montrose Beach,1468195200.0,22.3,0.0,0.191,3.0,MontroseBeach201607112400,2016-07-11 00:00:00
1846,Montrose Beach,1468198800.0,22.2,0.0,0.196,3.0,MontroseBeach201607110100,2016-07-11 01:00:00
1849,Montrose Beach,1468202400.0,22.2,0.01,0.179,3.0,MontroseBeach201607110200,2016-07-11 02:00:00
1850,Montrose Beach,1468206000.0,22.1,0.0,0.166,3.0,MontroseBeach201607110300,2016-07-11 03:00:00
1853,Montrose Beach,1468209600.0,22.0,0.02,0.159,3.0,MontroseBeach201607110400,2016-07-11 04:00:00
1854,Montrose Beach,1468213200.0,22.0,0.0,0.136,4.0,MontroseBeach201607110500,2016-07-11 05:00:00
1857,Montrose Beach,1468216800.0,22.0,0.0,0.139,4.0,MontroseBeach201607110600,2016-07-11 06:00:00
1858,Montrose Beach,1468220400.0,22.0,0.0,0.135,7.0,MontroseBeach201607110700,2016-07-11 07:00:00
1861,Montrose Beach,1468224000.0,22.1,0.0,0.141,6.0,MontroseBeach201607110800,2016-07-11 08:00:00
1862,Montrose Beach,1468227600.0,22.3,0.0,0.12,3.0,MontroseBeach201607110900,2016-07-11 09:00:00
1865,Montrose Beach,1468231200.0,22.6,0.0,0.141,3.0,MontroseBeach201607111000,2016-07-11 10:00:00
1866,Montrose Beach,1468234800.0,22.9,0.0,0.124,3.0,MontroseBeach201607111100,2016-07-11 11:00:00
1869,Montrose Beach,1468238400.0,22.9,0.0,0.13,3.0,MontroseBeach201607111200,2016-07-11 12:00:00
1870,Montrose Beach,1468242000.0,22.9,0.0,0.131,5.0,MontroseBeach201607111300,2016-07-11 13:00:00
1872,Montrose Beach,1468245600.0,23.0,0.0,0.133,3.0,MontroseBeach201607111400,2016-07-11 14:00:00
1875,Montrose Beach,1468249200.0,23.1,0.0,0.121,3.0,MontroseBeach201607111500,2016-07-11 15:00:00
1876,Montrose Beach,1468252800.0,23.4,0.0,0.116,9.0,MontroseBeach201607111600,2016-07-11 16:00:00
1878,Montrose Beach,1468256400.0,23.7,0.0,0.129,8.0,MontroseBeach201607111700,2016-07-11 17:00:00
1881,Montrose Beach,1468260000.0,23.1,0.0,0.186,7.0,MontroseBeach201607111800,2016-07-11 18:00:00
1882,Montrose Beach,1468263600.0,23.0,0.01,0.116,6.0,MontroseBeach201607111900,2016-07-11 19:00:00
1885,Montrose Beach,1468267200.0,22.9,0.0,0.125,5.0,MontroseBeach201607112000,2016-07-11 20:00:00
1887,Montrose Beach,1468270800.0,22.8,0.0,0.108,4.0,MontroseBeach201607112100,2016-07-11 21:00:00
1888,Montrose Beach,1468274400.0,22.8,0.0,0.107,3.0,MontroseBeach201607112200,2016-07-11 22:00:00
1891,Montrose Beach,1468278000.0,22.7,0.0,0.117,3.0,MontroseBeach201607112300,2016-07-11 23:00:00
1893,Montrose Beach,1468281600.0,22.7,0.0,0.116,8.0,MontroseBeach201607122400,2016-07-12 00:00:00
1895,Montrose Beach,1468288800.0,22.6,0.0,0.118,6.0,MontroseBeach201607120200,2016-07-12 02:00:00
1897,Montrose Beach,1468292400.0,22.6,0.0,0.114,3.0,MontroseBeach201607120300,2016-07-12 03:00:00
1898,Montrose Beach,1468296000.0,22.5,0.0,0.106,3.0,MontroseBeach201607120400,2016-07-12 04:00:00
1900,Montrose Beach,1468299600.0,22.5,0.0,0.108,4.0,MontroseBeach201607120500,2016-07-12 05:00:00
1902,Montrose Beach,1468303200.0,22.5,0.0,0.106,8.0,MontroseBeach201607120600,2016-07-12 06:00:00
1905,Montrose Beach,1468306800.0,22.5,0.0,0.114,7.0,MontroseBeach201607120700,2016-07-12 07:00:00
1906,Montrose Beach,1468310400.0,22.6,0.0,0.1,6.0,MontroseBeach201607120800,2016-07-12 08:00:00
1909,Montrose Beach,1468314000.0,22.8,0.0,0.094,6.0,MontroseBeach201607120900,2016-07-12 09:00:00
1910,Montrose Beach,1468317600.0,23.0,0.0,0.095,3.0,MontroseBeach201607121000,2016-07-12 10:00:00
1913,Montrose Beach,1468321200.0,23.4,0.01,0.146,4.0,MontroseBeach201607121100,2016-07-12 11:00:00
1914,Montrose Beach,1468324800.0,23.9,0.0,0.099,3.0,MontroseBeach201607121200,2016-07-12 12:00:00
1916,Montrose Beach,1468328400.0,22.8,0.0,0.097,3.0,MontroseBeach201607121300,2016-07-12 13:00:00
1917,Montrose Beach,1468332000.0,22.3,0.0,0.147,3.0,MontroseBeach201607121400,2016-07-12 14:00:00
1919,Montrose Beach,1468393200.0,20.3,0.0,0.083,7.0,MontroseBeach201607130700,2016-07-13 07:00:00
1920,Montrose Beach,1468396800.0,20.4,0.0,0.079,7.0,MontroseBeach201607130800,2016-07-13 08:00:00
1923,Montrose Beach,1468400400.0,20.6,0.0,0.086,5.0,MontroseBeach201607130900,2016-07-13 09:00:00
1924,Montrose Beach,1468404000.0,20.8,0.0,0.091,4.0,MontroseBeach201607131000,2016-07-13 10:00:00
1927,Montrose Beach,1468407600.0,20.9,0.0,0.11,3.0,MontroseBeach201607131100,2016-07-13 11:00:00
1928,Montrose Beach,1468411200.0,20.8,0.0,0.156,3.0,MontroseBeach201607131200,2016-07-13 12:00:00
1931,Montrose Beach,1468414800.0,20.8,0.0,0.108,4.0,MontroseBeach201607131300,2016-07-13 13:00:00
1932,Montrose Beach,1468418400.0,20.9,0.0,0.104,3.0,MontroseBeach201607131400,2016-07-13 14:00:00
1934,Montrose Beach,1468422000.0,19.8,0.0,0.098,3.0,MontroseBeach201607131500,2016-07-13 15:00:00
1936,Montrose Beach,1468425600.0,18.9,0.0,0.103,7.0,MontroseBeach201607131600,2016-07-13 16:00:00
1939,Montrose Beach,1468429200.0,19.2,0.01,0.091,4.0,MontroseBeach201607131700,2016-07-13 17:00:00
1940,Montrose Beach,1468432800.0,19.3,0.0,0.091,8.0,MontroseBeach201607131800,2016-07-13 18:00:00
1942,Montrose Beach,1468436400.0,19.3,0.0,0.098,6.0,MontroseBeach201607131900,2016-07-13 19:00:00
1945,Montrose Beach,1468440000.0,18.9,0.0,0.085,5.0,MontroseBeach201607132000,2016-07-13 20:00:00
1946,Montrose Beach,1468443600.0,18.6,0.0,0.134,3.0,MontroseBeach201607132100,2016-07-13 21:00:00
1949,Montrose Beach,1468447200.0,18.7,0.0,0.144,4.0,MontroseBeach201607132200,2016-07-13 22:00:00
1950,Montrose Beach,1468450800.0,18.3,0.0,0.127,3.0,MontroseBeach201607132300,2016-07-13 23:00:00
1953,Montrose Beach,1468454400.0,18.0,0.0,0.108,4.0,MontroseBeach201607142400,2016-07-14 00:00:00
1954,Montrose Beach,1468458000.0,18.0,0.0,0.109,6.0,MontroseBeach201607140100,2016-07-14 01:00:00
1957,Montrose Beach,1468461600.0,18.0,0.0,0.126,10.0,MontroseBeach201607140200,2016-07-14 02:00:00
1958,Montrose Beach,1468465200.0,17.7,0.0,0.103,9.0,MontroseBeach201607140300,2016-07-14 03:00:00
1961,Montrose Beach,1468468800.0,17.6,0.0,0.099,4.0,MontroseBeach201607140400,2016-07-14 04:00:00
1962,Montrose Beach,1468472400.0,17.4,0.0,0.096,9.0,MontroseBeach201607140500,2016-07-14 05:00:00
1964,Montrose Beach,1468476000.0,17.2,0.0,0.098,6.0,MontroseBeach201607140600,2016-07-14 06:00:00
1967,Montrose Beach,1468479600.0,17.1,0.0,0.092,8.0,MontroseBeach201607140700,2016-07-14 07:00:00
1968,Montrose Beach,1468483200.0,17.2,0.0,0.084,6.0,MontroseBeach201607140800,2016-07-14 08:00:00
1970,Montrose Beach,1468486800.0,17.4,0.0,0.1,4.0,MontroseBeach201607140900,2016-07-14 09:00:00
1973,Montrose Beach,1468490400.0,17.6,0.0,0.099,4.0,MontroseBeach201607141000,2016-07-14 10:00:00
1974,Montrose Beach,1468494000.0,17.5,0.0,0.105,4.0,MontroseBeach201607141100,2016-07-14 11:00:00
1977,Montrose Beach,1468497600.0,17.8,0.0,0.107,5.0,MontroseBeach201607141200,2016-07-14 12:00:00
1978,Montrose Beach,1468501200.0,17.8,0.0,0.107,9.0,MontroseBeach201607141300,2016-07-14 13:00:00
1981,Montrose Beach,1468504800.0,17.9,0.0,0.113,9.0,MontroseBeach201607141400,2016-07-14 14:00:00
1982,Montrose Beach,1468508400.0,17.8,0.0,0.139,5.0,MontroseBeach201607141500,2016-07-14 15:00:00
1984,Montrose Beach,1468512000.0,17.6,0.0,0.167,2.0,MontroseBeach201607141600,2016-07-14 16:00:00
1987,Montrose Beach,1468515600.0,17.3,0.0,0.173,2.0,MontroseBeach201607141700,2016-07-14 17:00:00
1988,Montrose Beach,1468519200.0,17.1,0.0,0.174,7.0,MontroseBeach201607141800,2016-07-14 18:00:00
1991,Montrose Beach,1468522800.0,17.0,0.0,0.177,3.0,MontroseBeach201607141900,2016-07-14 19:00:00
1992,Montrose Beach,1468526400.0,16.8,0.0,0.161,3.0,MontroseBeach201607142000,2016-07-14 20:00:00
1995,Montrose Beach,1468530000.0,16.7,0.0,0.151,4.0,MontroseBeach201607142100,2016-07-14 21:00:00
1997,Montrose Beach,1468533600.0,16.7,0.0,0.151,3.0,MontroseBeach201607142200,2016-07-14 22:00:00
1998,Montrose Beach,1468537200.0,16.5,0.0,0.143,9.0,MontroseBeach201607142300,2016-07-14 23:00:00
2001,Montrose Beach,1468540800.0,16.5,0.0,0.141,8.0,MontroseBeach201607152400,2016-07-15 00:00:00
2003,Montrose Beach,1468544400.0,16.5,0.0,0.148,4.0,MontroseBeach201607150100,2016-07-15 01:00:00
2005,Montrose Beach,1468548000.0,17.2,0.0,0.161,3.0,MontroseBeach201607150200,2016-07-15 02:00:00
2006,Montrose Beach,1468551600.0,17.1,0.0,0.211,3.0,MontroseBeach201607150300,2016-07-15 03:00:00
2008,Montrose Beach,1468555200.0,17.1,0.0,0.184,3.0,MontroseBeach201607150400,2016-07-15 04:00:00
2010,Montrose Beach,1468558800.0,17.1,0.0,0.18,3.0,MontroseBeach201607150500,2016-07-15 05:00:00
2013,Montrose Beach,1468562400.0,17.0,0.0,0.186,3.0,MontroseBeach201607150600,2016-07-15 06:00:00
2014,Montrose Beach,1468566000.0,17.0,0.0,0.221,3.0,MontroseBeach201607150700,2016-07-15 07:00:00
2017,Montrose Beach,1468569600.0,17.1,0.0,0.246,4.0,MontroseBeach201607150800,2016-07-15 08:00:00
2018,Montrose Beach,1468573200.0,17.2,0.0,0.262,4.0,MontroseBeach201607150900,2016-07-15 09:00:00
2021,Montrose Beach,1468576800.0,17.2,0.0,0.256,4.0,MontroseBeach201607151000,2016-07-15 10:00:00
2022,Montrose Beach,1468580400.0,17.3,0.0,0.256,4.0,MontroseBeach201607151100,2016-07-15 11:00:00
2025,Montrose Beach,1468584000.0,17.3,0.0,0.241,3.0,MontroseBeach201607151200,2016-07-15 12:00:00
2026,Montrose Beach,1468587600.0,17.3,0.01,0.259,3.0,MontroseBeach201607151300,2016-07-15 13:00:00
2029,Montrose Beach,1468591200.0,17.3,0.0,0.323,3.0,MontroseBeach201607151400,2016-07-15 14:00:00
2030,Montrose Beach,1468594800.0,17.4,0.0,0.391,4.0,MontroseBeach201607151500,2016-07-15 15:00:00
2033,Montrose Beach,1468598400.0,17.4,0.0,0.416,5.0,MontroseBeach201607151600,2016-07-15 16:00:00
2034,Montrose Beach,1468602000.0,17.4,0.0,0.406,4.0,MontroseBeach201607151700,2016-07-15 17:00:00
2037,Montrose Beach,1468605600.0,17.4,0.03,0.435,4.0,MontroseBeach201607151800,2016-07-15 18:00:00
2039,Montrose Beach,1468609200.0,17.3,0.03,0.398,4.0,MontroseBeach201607151900,2016-07-15 19:00:00
2040,Montrose Beach,1468612800.0,17.2,0.05,0.416,4.0,MontroseBeach201607152000,2016-07-15 20:00:00
2043,Montrose Beach,1468616400.0,18.8,0.0,0.418,5.0,MontroseBeach201607152100,2016-07-15 21:00:00
2045,Montrose Beach,1468620000.0,18.8,0.0,0.438,5.0,MontroseBeach201607152200,2016-07-15 22:00:00
2046,Montrose Beach,1468623600.0,18.6,0.0,0.441,5.0,MontroseBeach201607152300,2016-07-15 23:00:00
2049,Montrose Beach,1468627200.0,18.8,0.0,0.437,5.0,MontroseBeach201607162400,2016-07-16 00:00:00
2050,Montrose Beach,1468630800.0,18.9,0.0,0.428,5.0,MontroseBeach201607160100,2016-07-16 01:00:00
2052,Montrose Beach,1468634400.0,19.0,0.02,0.386,6.0,MontroseBeach201607160200,2016-07-16 02:00:00
2054,Montrose Beach,1468638000.0,19.0,0.0,0.392,6.0,MontroseBeach201607160300,2016-07-16 03:00:00
2057,Montrose Beach,1468641600.0,20.2,0.0,0.363,5.0,MontroseBeach201607160400,2016-07-16 04:00:00
2058,Montrose Beach,1468645200.0,20.2,0.0,0.371,5.0,MontroseBeach201607160500,2016-07-16 05:00:00
2060,Montrose Beach,1468648800.0,20.2,0.0,0.343,6.0,MontroseBeach201607160600,2016-07-16 06:00:00
2062,Montrose Beach,1468652400.0,20.1,0.0,0.32,5.0,MontroseBeach201607160700,2016-07-16 07:00:00
2065,Montrose Beach,1468656000.0,20.2,0.0,0.292,5.0,MontroseBeach201607160800,2016-07-16 08:00:00
2066,Montrose Beach,1468659600.0,20.2,0.0,0.288,5.0,MontroseBeach201607160900,2016-07-16 09:00:00
2068,Montrose Beach,1468663200.0,20.4,0.0,0.315,3.0,MontroseBeach201607161000,2016-07-16 10:00:00
2071,Montrose Beach,1468666800.0,20.7,0.03,0.278,5.0,MontroseBeach201607161100,2016-07-16 11:00:00
2072,Montrose Beach,1468670400.0,21.1,0.0,0.278,3.0,MontroseBeach201607161200,2016-07-16 12:00:00
2075,Montrose Beach,1468674000.0,21.4,0.0,0.257,4.0,MontroseBeach201607161300,2016-07-16 13:00:00
2077,Montrose Beach,1468677600.0,21.9,0.0,0.272,3.0,MontroseBeach201607161400,2016-07-16 14:00:00
2078,Montrose Beach,1468681200.0,22.3,0.0,0.278,5.0,MontroseBeach201607161500,2016-07-16 15:00:00
2081,Montrose Beach,1468684800.0,22.7,0.0,0.256,5.0,MontroseBeach201607161600,2016-07-16 16:00:00
2082,Montrose Beach,1468688400.0,22.6,0.0,0.256,5.0,MontroseBeach201607161700,2016-07-16 17:00:00
2085,Montrose Beach,1468692000.0,22.5,0.0,0.257,5.0,MontroseBeach201607161800,2016-07-16 18:00:00
2086,Montrose Beach,1468695600.0,22.6,0.0,0.223,4.0,MontroseBeach201607161900,2016-07-16 19:00:00
2089,Montrose Beach,1468699200.0,22.1,0.0,0.205,4.0,MontroseBeach201607162000,2016-07-16 20:00:00
2090,Montrose Beach,1468702800.0,21.8,0.0,0.206,4.0,MontroseBeach201607162100,2016-07-16 21:00:00
2093,Montrose Beach,1468706400.0,21.5,0.0,0.183,4.0,MontroseBeach201607162200,2016-07-16 22:00:00
2094,Montrose Beach,1468710000.0,21.1,0.0,0.175,4.0,MontroseBeach201607162300,2016-07-16 23:00:00
2097,Montrose Beach,1468713600.0,20.7,0.0,0.162,3.0,MontroseBeach201607172400,2016-07-17 00:00:00
2098,Montrose Beach,1468720800.0,20.6,0.0,0.137,4.0,MontroseBeach201607170200,2016-07-17 02:00:00
2100,Montrose Beach,1468724400.0,20.4,0.0,0.124,5.0,MontroseBeach201607170300,2016-07-17 03:00:00
2103,Montrose Beach,1468728000.0,20.2,0.0,0.132,3.0,MontroseBeach201607170400,2016-07-17 04:00:00
2105,Montrose Beach,1468731600.0,20.1,0.0,0.134,4.0,MontroseBeach201607170500,2016-07-17 05:00:00
2107,Montrose Beach,1468735200.0,19.9,0.0,0.14,3.0,MontroseBeach201607170600,2016-07-17 06:00:00
2109,Montrose Beach,1468738800.0,19.7,0.0,0.148,4.0,MontroseBeach201607170700,2016-07-17 07:00:00
2110,Montrose Beach,1468742400.0,19.5,0.0,0.179,4.0,MontroseBeach201607170800,2016-07-17 08:00:00
2112,Montrose Beach,1468746000.0,19.4,0.0,0.174,4.0,MontroseBeach201607170900,2016-07-17 09:00:00
2114,Montrose Beach,1468749600.0,19.4,0.0,0.183,4.0,MontroseBeach201607171000,2016-07-17 10:00:00
2116,Montrose Beach,1468753200.0,19.7,0.0,0.188,4.0,MontroseBeach201607171100,2016-07-17 11:00:00
2119,Montrose Beach,1468756800.0,20.0,0.0,0.185,5.0,MontroseBeach201607171200,2016-07-17 12:00:00
2120,Montrose Beach,1468760400.0,20.5,0.0,0.166,5.0,MontroseBeach201607171300,2016-07-17 13:00:00
2122,Montrose Beach,1468764000.0,20.8,0.0,0.156,5.0,MontroseBeach201607171400,2016-07-17 14:00:00
2125,Montrose Beach,1468767600.0,21.1,0.0,0.136,4.0,MontroseBeach201607171500,2016-07-17 15:00:00
2127,Montrose Beach,1468771200.0,21.3,0.0,0.129,4.0,MontroseBeach201607171600,2016-07-17 16:00:00
2128,Montrose Beach,1468774800.0,21.4,0.0,0.145,4.0,MontroseBeach201607171700,2016-07-17 17:00:00
2131,Montrose Beach,1468778400.0,21.5,0.0,0.125,10.0,MontroseBeach201607171800,2016-07-17 18:00:00
2132,Montrose Beach,1468782000.0,21.5,0.0,0.125,5.0,MontroseBeach201607171900,2016-07-17 19:00:00
2135,Montrose Beach,1468785600.0,21.3,0.0,0.133,8.0,MontroseBeach201607172000,2016-07-17 20:00:00
2137,Montrose Beach,1468789200.0,21.0,0.0,0.128,5.0,MontroseBeach201607172100,2016-07-17 21:00:00
2138,Montrose Beach,1468792800.0,21.0,0.0,0.122,8.0,MontroseBeach201607172200,2016-07-17 22:00:00
2141,Montrose Beach,1468796400.0,20.6,0.0,0.116,9.0,MontroseBeach201607172300,2016-07-17 23:00:00
2142,Montrose Beach,1468800000.0,18.7,0.0,0.121,9.0,MontroseBeach201607182400,2016-07-18 00:00:00
2145,Montrose Beach,1468803600.0,17.9,0.0,0.111,9.0,MontroseBeach201607180100,2016-07-18 01:00:00
2147,Montrose Beach,1468807200.0,17.0,0.0,0.139,9.0,MontroseBeach201607180200,2016-07-18 02:00:00
2149,Montrose Beach,1468810800.0,16.8,0.0,0.111,7.0,MontroseBeach201607180300,2016-07-18 03:00:00
2150,Montrose Beach,1468814400.0,16.4,0.0,0.114,8.0,MontroseBeach201607180400,2016-07-18 04:00:00
2153,Montrose Beach,1468818000.0,16.0,0.0,0.115,9.0,MontroseBeach201607180500,2016-07-18 05:00:00
2154,Montrose Beach,1468821600.0,15.9,0.0,0.108,8.0,MontroseBeach201607180600,2016-07-18 06:00:00
2157,Montrose Beach,1468825200.0,15.8,0.0,0.104,7.0,MontroseBeach201607180700,2016-07-18 07:00:00
2159,Montrose Beach,1468828800.0,15.9,0.0,0.104,9.0,MontroseBeach201607180800,2016-07-18 08:00:00
2160,Montrose Beach,1468832400.0,16.0,0.0,0.126,6.0,MontroseBeach201607180900,2016-07-18 09:00:00
2163,Montrose Beach,1468836000.0,16.9,0.0,0.114,9.0,MontroseBeach201607181000,2016-07-18 10:00:00
2165,Montrose Beach,1468839600.0,19.7,0.0,0.11,9.0,MontroseBeach201607181100,2016-07-18 11:00:00
2166,Montrose Beach,1468843200.0,19.6,0.0,0.11,7.0,MontroseBeach201607181200,2016-07-18 12:00:00
2169,Montrose Beach,1468846800.0,20.6,0.0,0.111,7.0,MontroseBeach201607181300,2016-07-18 13:00:00
2171,Montrose Beach,1468850400.0,20.8,0.0,0.129,3.0,MontroseBeach201607181400,2016-07-18 14:00:00
2173,Montrose Beach,1468854000.0,21.3,0.0,0.16,4.0,MontroseBeach201607181500,2016-07-18 15:00:00
2174,Montrose Beach,1468857600.0,21.0,0.0,0.159,3.0,MontroseBeach201607181600,2016-07-18 16:00:00
2177,Montrose Beach,1468861200.0,20.8,0.0,0.165,3.0,MontroseBeach201607181700,2016-07-18 17:00:00
2178,Montrose Beach,1468864800.0,20.7,0.0,0.195,6.0,MontroseBeach201607181800,2016-07-18 18:00:00
2181,Montrose Beach,1468868400.0,20.9,0.0,0.167,6.0,MontroseBeach201607181900,2016-07-18 19:00:00
2182,Montrose Beach,1468872000.0,20.4,0.0,0.154,2.0,MontroseBeach201607182000,2016-07-18 20:00:00
2185,Montrose Beach,1468875600.0,19.9,0.0,0.159,2.0,MontroseBeach201607182100,2016-07-18 21:00:00
2186,Montrose Beach,1468879200.0,19.9,0.0,0.15,4.0,MontroseBeach201607182200,2016-07-18 22:00:00
2189,Montrose Beach,1468882800.0,19.7,0.0,0.127,2.0,MontroseBeach201607182300,2016-07-18 23:00:00
2191,Montrose Beach,1468886400.0,19.6,0.0,0.12,8.0,MontroseBeach201607192400,2016-07-19 00:00:00
2192,Montrose Beach,1468890000.0,19.7,0.0,0.105,4.0,MontroseBeach201607190100,2016-07-19 01:00:00
2194,Montrose Beach,1468893600.0,19.8,0.0,0.101,6.0,MontroseBeach201607190200,2016-07-19 02:00:00
2197,Montrose Beach,1468897200.0,19.7,0.0,0.106,4.0,MontroseBeach201607190300,2016-07-19 03:00:00
2198,Montrose Beach,1468900800.0,19.7,0.0,0.103,4.0,MontroseBeach201607190400,2016-07-19 04:00:00
2201,Montrose Beach,1468904400.0,19.7,0.0,0.098,4.0,MontroseBeach201607190500,2016-07-19 05:00:00
2202,Montrose Beach,1468908000.0,19.6,0.0,0.097,4.0,MontroseBeach201607190600,2016-07-19 06:00:00
2204,Montrose Beach,1468911600.0,19.6,0.0,0.103,7.0,MontroseBeach201607190700,2016-07-19 07:00:00
2206,Montrose Beach,1468915200.0,19.7,0.0,0.093,5.0,MontroseBeach201607190800,2016-07-19 08:00:00
2209,Montrose Beach,1468918800.0,20.0,0.0,0.102,4.0,MontroseBeach201607190900,2016-07-19 09:00:00
2210,Montrose Beach,1468922400.0,20.3,0.0,0.089,4.0,MontroseBeach201607191000,2016-07-19 10:00:00
2213,Montrose Beach,1468926000.0,20.7,0.0,0.128,3.0,MontroseBeach201607191100,2016-07-19 11:00:00
2214,Montrose Beach,1468929600.0,21.1,0.0,0.157,3.0,MontroseBeach201607191200,2016-07-19 12:00:00
2217,Montrose Beach,1468933200.0,21.5,0.0,0.189,2.0,MontroseBeach201607191300,2016-07-19 13:00:00
2218,Montrose Beach,1468936800.0,23.3,0.0,0.175,3.0,MontroseBeach201607191400,2016-07-19 14:00:00
2221,Montrose Beach,1468940400.0,24.0,0.0,0.178,3.0,MontroseBeach201607191500,2016-07-19 15:00:00
2222,Montrose Beach,1468944000.0,24.1,0.0,0.178,3.0,MontroseBeach201607191600,2016-07-19 16:00:00
2224,Montrose Beach,1468947600.0,24.3,0.0,0.166,3.0,MontroseBeach201607191700,2016-07-19 17:00:00
2226,Montrose Beach,1468951200.0,25.1,0.0,0.163,3.0,MontroseBeach201607191800,2016-07-19 18:00:00
2229,Montrose Beach,1468954800.0,25.0,0.0,0.185,2.0,MontroseBeach201607191900,2016-07-19 19:00:00
2230,Montrose Beach,1468958400.0,24.5,0.0,0.216,2.0,MontroseBeach201607192000,2016-07-19 20:00:00
2232,Montrose Beach,1468962000.0,24.5,0.03,0.228,3.0,MontroseBeach201607192100,2016-07-19 21:00:00
2235,Montrose Beach,1468965600.0,22.8,0.0,0.249,3.0,MontroseBeach201607192200,2016-07-19 22:00:00
2237,Montrose Beach,1468969200.0,22.4,0.0,0.236,3.0,MontroseBeach201607192300,2016-07-19 23:00:00
2238,Montrose Beach,1468972800.0,22.3,0.0,0.231,3.0,MontroseBeach201607202400,2016-07-20 00:00:00
2241,Montrose Beach,1468976400.0,22.1,0.0,0.245,3.0,MontroseBeach201607200100,2016-07-20 01:00:00
2243,Montrose Beach,1468980000.0,22.0,0.0,0.249,3.0,MontroseBeach201607200200,2016-07-20 02:00:00
2244,Montrose Beach,1468983600.0,22.0,0.0,0.245,3.0,MontroseBeach201607200300,2016-07-20 03:00:00
2246,Montrose Beach,1468987200.0,22.0,0.0,0.261,3.0,MontroseBeach201607200400,2016-07-20 04:00:00
2249,Montrose Beach,1468990800.0,21.9,0.0,0.253,4.0,MontroseBeach201607200500,2016-07-20 05:00:00
2251,Montrose Beach,1468994400.0,21.8,0.0,0.269,3.0,MontroseBeach201607200600,2016-07-20 06:00:00
2252,Montrose Beach,1468998000.0,21.6,0.0,0.242,3.0,MontroseBeach201607200700,2016-07-20 07:00:00
2255,Montrose Beach,1469001600.0,21.5,0.0,0.22,3.0,MontroseBeach201607200800,2016-07-20 08:00:00
2257,Montrose Beach,1469005200.0,21.6,0.0,0.199,3.0,MontroseBeach201607200900,2016-07-20 09:00:00
2258,Montrose Beach,1469008800.0,22.0,0.0,0.188,3.0,MontroseBeach201607201000,2016-07-20 10:00:00
2260,Montrose Beach,1469012400.0,21.9,0.0,0.157,3.0,MontroseBeach201607201100,2016-07-20 11:00:00
2263,Montrose Beach,1469016000.0,21.6,0.0,0.144,4.0,MontroseBeach201607201200,2016-07-20 12:00:00
2264,Montrose Beach,1469019600.0,21.4,0.0,0.148,4.0,MontroseBeach201607201300,2016-07-20 13:00:00
2267,Montrose Beach,1469023200.0,21.5,0.0,0.157,4.0,MontroseBeach201607201400,2016-07-20 14:00:00
2268,Montrose Beach,1469026800.0,21.2,0.0,0.145,3.0,MontroseBeach201607201500,2016-07-20 15:00:00
2271,Montrose Beach,1469030400.0,20.6,0.0,0.169,3.0,MontroseBeach201607201600,2016-07-20 16:00:00
2272,Montrose Beach,1469034000.0,20.0,0.0,0.133,9.0,MontroseBeach201607201700,2016-07-20 17:00:00
2275,Montrose Beach,1469037600.0,19.3,0.0,0.124,3.0,MontroseBeach201607201800,2016-07-20 18:00:00
2277,Montrose Beach,1469041200.0,19.3,0.0,0.132,7.0,MontroseBeach201607201900,2016-07-20 19:00:00
2278,Montrose Beach,1469044800.0,19.5,0.0,0.134,3.0,MontroseBeach201607202000,2016-07-20 20:00:00
2280,Montrose Beach,1469048400.0,19.7,0.06,0.131,3.0,MontroseBeach201607202100,2016-07-20 21:00:00
2283,Montrose Beach,1469052000.0,19.5,0.0,0.118,10.0,MontroseBeach201607202200,2016-07-20 22:00:00
2284,Montrose Beach,1469055600.0,19.1,0.0,0.144,3.0,MontroseBeach201607202300,2016-07-20 23:00:00
2286,Montrose Beach,1469059200.0,17.4,0.0,0.13,7.0,MontroseBeach201607212400,2016-07-21 00:00:00
2289,Montrose Beach,1469062800.0,17.0,0.0,0.125,6.0,MontroseBeach201607210100,2016-07-21 01:00:00
2290,Montrose Beach,1469066400.0,16.1,0.0,0.088,5.0,MontroseBeach201607210200,2016-07-21 02:00:00
2292,Montrose Beach,1469070000.0,15.9,0.0,0.097,3.0,MontroseBeach201607210300,2016-07-21 03:00:00
2295,Montrose Beach,1469073600.0,16.1,0.0,0.098,10.0,MontroseBeach201607210400,2016-07-21 04:00:00
2296,Montrose Beach,1469077200.0,16.1,0.0,0.152,9.0,MontroseBeach201607210500,2016-07-21 05:00:00
2299,Montrose Beach,1469080800.0,15.5,0.0,0.098,8.0,MontroseBeach201607210600,2016-07-21 06:00:00
2300,Montrose Beach,1469084400.0,15.3,0.0,0.092,7.0,MontroseBeach201607210700,2016-07-21 07:00:00
2303,Montrose Beach,1469088000.0,15.3,0.0,0.096,6.0,MontroseBeach201607210800,2016-07-21 08:00:00
2304,Montrose Beach,1469091600.0,15.1,0.0,0.087,4.0,MontroseBeach201607210900,2016-07-21 09:00:00
2307,Montrose Beach,1469095200.0,16.3,0.0,0.097,4.0,MontroseBeach201607211000,2016-07-21 10:00:00
2308,Montrose Beach,1469098800.0,15.9,0.0,0.095,3.0,MontroseBeach201607211100,2016-07-21 11:00:00
2311,Montrose Beach,1469102400.0,16.4,0.0,0.104,3.0,MontroseBeach201607211200,2016-07-21 12:00:00
2312,Montrose Beach,1469106000.0,15.4,0.0,0.351,3.0,MontroseBeach201607211300,2016-07-21 13:00:00
2315,Montrose Beach,1469109600.0,15.4,0.0,0.352,3.0,MontroseBeach201607211400,2016-07-21 14:00:00
2316,Montrose Beach,1469113200.0,15.8,0.0,0.323,3.0,MontroseBeach201607211500,2016-07-21 15:00:00
2318,Montrose Beach,1469116800.0,16.8,0.0,0.275,3.0,MontroseBeach201607211600,2016-07-21 16:00:00
2320,Montrose Beach,1469120400.0,16.7,0.0,0.249,4.0,MontroseBeach201607211700,2016-07-21 17:00:00
2322,Montrose Beach,1469124000.0,17.2,0.0,0.203,3.0,MontroseBeach201607211800,2016-07-21 18:00:00
2325,Montrose Beach,1469127600.0,17.7,0.0,0.201,3.0,MontroseBeach201607211900,2016-07-21 19:00:00
2326,Montrose Beach,1469131200.0,17.1,0.0,0.145,3.0,MontroseBeach201607212000,2016-07-21 20:00:00
2329,Montrose Beach,1469134800.0,15.8,0.0,0.343,3.0,MontroseBeach201607212100,2016-07-21 21:00:00
2330,Montrose Beach,1469138400.0,16.3,0.0,0.262,3.0,MontroseBeach201607212200,2016-07-21 22:00:00
2333,Montrose Beach,1469142000.0,16.4,0.0,0.234,3.0,MontroseBeach201607212300,2016-07-21 23:00:00
2334,Montrose Beach,1469145600.0,16.6,0.0,0.166,3.0,MontroseBeach201607222400,2016-07-22 00:00:00
2337,Montrose Beach,1469149200.0,16.6,0.0,0.169,7.0,MontroseBeach201607220100,2016-07-22 01:00:00
2338,Montrose Beach,1469152800.0,16.5,0.0,0.171,3.0,MontroseBeach201607220200,2016-07-22 02:00:00
2341,Montrose Beach,1469156400.0,16.6,0.0,0.211,4.0,MontroseBeach201607220300,2016-07-22 03:00:00
2342,Montrose Beach,1469160000.0,17.0,0.0,0.201,4.0,MontroseBeach201607220400,2016-07-22 04:00:00
2345,Montrose Beach,1469163600.0,17.3,0.0,0.176,4.0,MontroseBeach201607220500,2016-07-22 05:00:00
2346,Montrose Beach,1469167200.0,17.4,0.0,0.162,3.0,MontroseBeach201607220600,2016-07-22 06:00:00
2349,Montrose Beach,1469170800.0,17.0,0.0,0.186,3.0,MontroseBeach201607220700,2016-07-22 07:00:00
2350,Montrose Beach,1469174400.0,17.4,0.0,0.163,4.0,MontroseBeach201607220800,2016-07-22 08:00:00
2352,Montrose Beach,1469178000.0,17.8,0.0,0.191,4.0,MontroseBeach201607220900,2016-07-22 09:00:00
2355,Montrose Beach,1469181600.0,17.5,0.0,0.196,3.0,MontroseBeach201607221000,2016-07-22 10:00:00
2356,Montrose Beach,1469185200.0,18.0,0.0,0.186,4.0,MontroseBeach201607221100,2016-07-22 11:00:00
2359,Montrose Beach,1469188800.0,18.3,0.0,0.18,3.0,MontroseBeach201607221200,2016-07-22 12:00:00
2361,Montrose Beach,1469192400.0,18.6,0.0,0.173,3.0,MontroseBeach201607221300,2016-07-22 13:00:00
2363,Montrose Beach,1469196000.0,19.3,0.0,0.167,3.0,MontroseBeach201607221400,2016-07-22 14:00:00
2364,Montrose Beach,1469199600.0,19.5,0.0,0.146,3.0,MontroseBeach201607221500,2016-07-22 15:00:00
2366,Montrose Beach,1469203200.0,20.6,0.0,0.147,4.0,MontroseBeach201607221600,2016-07-22 16:00:00
2369,Montrose Beach,1469206800.0,21.6,0.0,0.142,4.0,MontroseBeach201607221700,2016-07-22 17:00:00
2371,Montrose Beach,1469210400.0,20.5,0.0,0.143,4.0,MontroseBeach201607221800,2016-07-22 18:00:00
2372,Montrose Beach,1469214000.0,19.9,0.0,0.12,7.0,MontroseBeach201607221900,2016-07-22 19:00:00
2375,Montrose Beach,1469217600.0,19.7,0.0,0.157,3.0,MontroseBeach201607222000,2016-07-22 20:00:00
2376,Montrose Beach,1469221200.0,19.1,0.0,0.099,3.0,MontroseBeach201607222100,2016-07-22 21:00:00
2379,Montrose Beach,1469224800.0,18.8,0.0,0.098,4.0,MontroseBeach201607222200,2016-07-22 22:00:00
2380,Montrose Beach,1469228400.0,18.7,0.0,0.137,4.0,MontroseBeach201607222300,2016-07-22 23:00:00
2383,Montrose Beach,1469232000.0,18.9,0.0,0.094,8.0,MontroseBeach201607232400,2016-07-23 00:00:00
2384,Montrose Beach,1469235600.0,19.9,0.0,0.105,3.0,MontroseBeach201607230100,2016-07-23 01:00:00
2387,Montrose Beach,1469239200.0,19.9,0.0,0.097,4.0,MontroseBeach201607230200,2016-07-23 02:00:00
2389,Montrose Beach,1469242800.0,20.2,0.0,0.097,4.0,MontroseBeach201607230300,2016-07-23 03:00:00
2390,Montrose Beach,1469246400.0,20.2,0.0,0.109,4.0,MontroseBeach201607230400,2016-07-23 04:00:00
2393,Montrose Beach,1469250000.0,20.4,0.0,0.101,3.0,MontroseBeach201607230500,2016-07-23 05:00:00
2394,Montrose Beach,1469253600.0,20.5,0.0,0.106,3.0,MontroseBeach201607230600,2016-07-23 06:00:00
2397,Montrose Beach,1469257200.0,20.8,0.0,0.115,6.0,MontroseBeach201607230700,2016-07-23 07:00:00
2398,Montrose Beach,1469260800.0,21.8,0.0,0.113,6.0,MontroseBeach201607230800,2016-07-23 08:00:00
2401,Montrose Beach,1469264400.0,21.9,0.0,0.104,5.0,MontroseBeach201607230900,2016-07-23 09:00:00
2402,Montrose Beach,1469268000.0,22.5,0.0,0.13,3.0,MontroseBeach201607231000,2016-07-23 10:00:00
2404,Montrose Beach,1469271600.0,22.6,0.0,0.11,3.0,MontroseBeach201607231100,2016-07-23 11:00:00
2407,Montrose Beach,1469278800.0,22.7,0.0,0.16,7.0,MontroseBeach201607231300,2016-07-23 13:00:00
2408,Montrose Beach,1469282400.0,23.3,0.0,0.227,3.0,MontroseBeach201607231400,2016-07-23 14:00:00
2410,Montrose Beach,1469286000.0,23.2,0.0,0.167,4.0,MontroseBeach201607231500,2016-07-23 15:00:00
2413,Montrose Beach,1469289600.0,22.8,0.0,0.201,3.0,MontroseBeach201607231600,2016-07-23 16:00:00
2415,Montrose Beach,1469293200.0,22.8,0.0,0.224,3.0,MontroseBeach201607231700,2016-07-23 17:00:00
2416,Montrose Beach,1469296800.0,23.4,0.0,0.149,7.0,MontroseBeach201607231800,2016-07-23 18:00:00
2419,Montrose Beach,1469300400.0,22.1,0.04,0.457,3.0,MontroseBeach201607231900,2016-07-23 19:00:00
2421,Montrose Beach,1469304000.0,22.4,0.0,0.332,4.0,MontroseBeach201607232000,2016-07-23 20:00:00
2422,Montrose Beach,1469307600.0,22.3,0.0,0.295,3.0,MontroseBeach201607232100,2016-07-23 21:00:00
2425,Montrose Beach,1469311200.0,22.1,0.0,0.278,3.0,MontroseBeach201607232200,2016-07-23 22:00:00
2426,Montrose Beach,1469314800.0,22.0,0.0,0.259,3.0,MontroseBeach201607232300,2016-07-23 23:00:00
2428,Montrose Beach,1469318400.0,22.0,0.0,0.217,7.0,MontroseBeach201607242400,2016-07-24 00:00:00
2431,Montrose Beach,1469325600.0,21.3,0.0,0.143,3.0,MontroseBeach201607240200,2016-07-24 02:00:00
2432,Montrose Beach,1469329200.0,21.0,0.0,0.149,3.0,MontroseBeach201607240300,2016-07-24 03:00:00
2435,Montrose Beach,1469332800.0,20.3,0.0,0.135,3.0,MontroseBeach201607240400,2016-07-24 04:00:00
2436,Montrose Beach,1469336400.0,20.0,0.0,0.119,3.0,MontroseBeach201607240500,2016-07-24 05:00:00
2439,Montrose Beach,1469340000.0,19.7,0.0,0.112,3.0,MontroseBeach201607240600,2016-07-24 06:00:00
2440,Montrose Beach,1469343600.0,19.6,0.0,0.122,3.0,MontroseBeach201607240700,2016-07-24 07:00:00
2443,Montrose Beach,1469347200.0,19.6,0.0,0.136,7.0,MontroseBeach201607240800,2016-07-24 08:00:00
2445,Montrose Beach,1469350800.0,19.7,0.0,0.146,3.0,MontroseBeach201607240900,2016-07-24 09:00:00
2446,Montrose Beach,1469354400.0,20.0,0.0,0.14,3.0,MontroseBeach201607241000,2016-07-24 10:00:00
2449,Montrose Beach,1469358000.0,20.3,0.0,0.134,4.0,MontroseBeach201607241100,2016-07-24 11:00:00
2450,Montrose Beach,1469361600.0,20.7,0.0,0.175,4.0,MontroseBeach201607241200,2016-07-24 12:00:00
2453,Montrose Beach,1469365200.0,20.8,0.01,0.165,3.0,MontroseBeach201607241300,2016-07-24 13:00:00
2454,Montrose Beach,1469368800.0,20.3,0.0,0.173,4.0,MontroseBeach201607241400,2016-07-24 14:00:00
2457,Montrose Beach,1469372400.0,20.3,0.0,0.148,8.0,MontroseBeach201607241500,2016-07-24 15:00:00
2458,Montrose Beach,1469376000.0,20.7,0.0,0.17,4.0,MontroseBeach201607241600,2016-07-24 16:00:00
2461,Montrose Beach,1469379600.0,20.6,0.0,0.188,4.0,MontroseBeach201607241700,2016-07-24 17:00:00
2462,Montrose Beach,1469383200.0,19.2,0.0,0.153,4.0,MontroseBeach201607241800,2016-07-24 18:00:00
2465,Montrose Beach,1469386800.0,18.6,0.0,0.152,4.0,MontroseBeach201607241900,2016-07-24 19:00:00
2467,Montrose Beach,1469390400.0,18.6,0.0,0.122,4.0,MontroseBeach201607242000,2016-07-24 20:00:00
2468,Montrose Beach,1469394000.0,18.7,0.0,0.115,3.0,MontroseBeach201607242100,2016-07-24 21:00:00
2471,Montrose Beach,1469397600.0,18.5,0.0,0.118,4.0,MontroseBeach201607242200,2016-07-24 22:00:00
2472,Montrose Beach,1469401200.0,17.8,0.0,0.12,3.0,MontroseBeach201607242300,2016-07-24 23:00:00
2475,Montrose Beach,1469404800.0,16.6,0.0,0.156,3.0,MontroseBeach201607252400,2016-07-25 00:00:00
2476,Montrose Beach,1469408400.0,16.3,0.0,0.156,8.0,MontroseBeach201607250100,2016-07-25 01:00:00
2478,Montrose Beach,1469412000.0,16.2,0.0,0.097,7.0,MontroseBeach201607250200,2016-07-25 02:00:00
2480,Montrose Beach,1469415600.0,15.7,0.0,0.096,6.0,MontroseBeach201607250300,2016-07-25 03:00:00
2482,Montrose Beach,1469419200.0,15.9,0.0,0.1,3.0,MontroseBeach201607250400,2016-07-25 04:00:00
2485,Montrose Beach,1469422800.0,15.6,0.0,0.095,9.0,MontroseBeach201607250500,2016-07-25 05:00:00
2486,Montrose Beach,1469426400.0,15.4,0.0,0.099,8.0,MontroseBeach201607250600,2016-07-25 06:00:00
2489,Montrose Beach,1469430000.0,15.4,0.0,0.107,6.0,MontroseBeach201607250700,2016-07-25 07:00:00
2490,Montrose Beach,1469433600.0,15.3,0.0,0.103,5.0,MontroseBeach201607250800,2016-07-25 08:00:00
2493,Montrose Beach,1469437200.0,15.2,0.0,0.114,4.0,MontroseBeach201607250900,2016-07-25 09:00:00
2494,Montrose Beach,1469440800.0,15.7,0.0,0.121,6.0,MontroseBeach201607251000,2016-07-25 10:00:00
2497,Montrose Beach,1469444400.0,16.8,0.0,0.126,4.0,MontroseBeach201607251100,2016-07-25 11:00:00
2499,Montrose Beach,1469448000.0,17.7,0.0,0.133,3.0,MontroseBeach201607251200,2016-07-25 12:00:00
2500,Montrose Beach,1469451600.0,18.9,0.0,0.155,2.0,MontroseBeach201607251300,2016-07-25 13:00:00
2503,Montrose Beach,1469455200.0,19.6,0.0,0.155,4.0,MontroseBeach201607251400,2016-07-25 14:00:00
2504,Montrose Beach,1469458800.0,19.4,0.0,0.173,3.0,MontroseBeach201607251500,2016-07-25 15:00:00
2507,Montrose Beach,1469462400.0,18.7,0.0,0.174,4.0,MontroseBeach201607251600,2016-07-25 16:00:00
2509,Montrose Beach,1469466000.0,18.8,0.0,0.153,4.0,MontroseBeach201607251700,2016-07-25 17:00:00
2511,Montrose Beach,1469469600.0,18.4,0.0,0.154,5.0,MontroseBeach201607251800,2016-07-25 18:00:00
2512,Montrose Beach,1469473200.0,17.8,0.0,0.144,7.0,MontroseBeach201607251900,2016-07-25 19:00:00
2515,Montrose Beach,1469476800.0,18.2,0.0,0.138,4.0,MontroseBeach201607252000,2016-07-25 20:00:00
2517,Montrose Beach,1469480400.0,17.8,0.0,0.13,4.0,MontroseBeach201607252100,2016-07-25 21:00:00
2518,Montrose Beach,1469484000.0,17.4,0.0,0.119,4.0,MontroseBeach201607252200,2016-07-25 22:00:00
2521,Montrose Beach,1469487600.0,18.1,0.0,0.132,8.0,MontroseBeach201607252300,2016-07-25 23:00:00
2522,Montrose Beach,1469491200.0,17.8,0.0,0.117,4.0,MontroseBeach201607262400,2016-07-26 00:00:00
2525,Montrose Beach,1469494800.0,18.3,0.0,0.129,4.0,MontroseBeach201607260100,2016-07-26 01:00:00
2527,Montrose Beach,1469498400.0,18.3,0.0,0.133,4.0,MontroseBeach201607260200,2016-07-26 02:00:00
2528,Montrose Beach,1469502000.0,18.2,0.0,0.154,3.0,MontroseBeach201607260300,2016-07-26 03:00:00
2531,Montrose Beach,1469505600.0,18.1,0.0,0.165,3.0,MontroseBeach201607260400,2016-07-26 04:00:00
2533,Montrose Beach,1469509200.0,18.1,0.0,0.169,3.0,MontroseBeach201607260500,2016-07-26 05:00:00
2534,Montrose Beach,1469512800.0,18.0,0.0,0.175,3.0,MontroseBeach201607260600,2016-07-26 06:00:00
2537,Montrose Beach,1469516400.0,18.0,0.0,0.172,7.0,MontroseBeach201607260700,2016-07-26 07:00:00
2538,Montrose Beach,1469520000.0,18.1,0.0,0.146,3.0,MontroseBeach201607260800,2016-07-26 08:00:00
2541,Montrose Beach,1469523600.0,18.5,0.0,0.122,3.0,MontroseBeach201607260900,2016-07-26 09:00:00
2542,Montrose Beach,1469527200.0,18.6,0.0,0.108,4.0,MontroseBeach201607261000,2016-07-26 10:00:00
2545,Montrose Beach,1469530800.0,20.6,0.0,0.092,4.0,MontroseBeach201607261100,2016-07-26 11:00:00
2546,Montrose Beach,1469534400.0,21.4,0.0,0.092,3.0,MontroseBeach201607261200,2016-07-26 12:00:00
2549,Montrose Beach,1469538000.0,21.9,0.0,0.093,3.0,MontroseBeach201607261300,2016-07-26 13:00:00
2550,Montrose Beach,1469541600.0,22.6,0.0,0.1,2.0,MontroseBeach201607261400,2016-07-26 14:00:00
2553,Montrose Beach,1469545200.0,23.0,0.0,0.179,4.0,MontroseBeach201607261500,2016-07-26 15:00:00
2554,Montrose Beach,1469548800.0,23.3,0.0,0.11,9.0,MontroseBeach201607261600,2016-07-26 16:00:00
2557,Montrose Beach,1469552400.0,22.3,0.0,0.098,8.0,MontroseBeach201607261700,2016-07-26 17:00:00
2558,Montrose Beach,1469556000.0,23.4,0.0,0.135,7.0,MontroseBeach201607261800,2016-07-26 18:00:00
2561,Montrose Beach,1469559600.0,23.3,0.0,0.138,3.0,MontroseBeach201607261900,2016-07-26 19:00:00
2562,Montrose Beach,1469563200.0,22.3,0.0,0.104,5.0,MontroseBeach201607262000,2016-07-26 20:00:00
2565,Montrose Beach,1469566800.0,21.2,0.0,0.135,4.0,MontroseBeach201607262100,2016-07-26 21:00:00
2566,Montrose Beach,1469570400.0,20.3,0.0,0.112,3.0,MontroseBeach201607262200,2016-07-26 22:00:00
2569,Montrose Beach,1469574000.0,19.3,0.0,0.115,3.0,MontroseBeach201607262300,2016-07-26 23:00:00
2570,Montrose Beach,1469577600.0,18.7,0.0,0.105,8.0,MontroseBeach201607272400,2016-07-27 00:00:00
2573,Montrose Beach,1469581200.0,18.0,0.0,0.123,3.0,MontroseBeach201607270100,2016-07-27 01:00:00
2574,Montrose Beach,1469584800.0,18.0,0.0,0.106,4.0,MontroseBeach201607270200,2016-07-27 02:00:00
2576,Montrose Beach,1469588400.0,18.3,0.0,0.093,3.0,MontroseBeach201607270300,2016-07-27 03:00:00
2577,Montrose Beach,1469592000.0,18.0,0.0,0.125,10.0,MontroseBeach201607270400,2016-07-27 04:00:00
2579,Montrose Beach,1469595600.0,17.9,0.0,0.089,4.0,MontroseBeach201607270500,2016-07-27 05:00:00
2582,Montrose Beach,1469599200.0,18.1,0.0,0.076,8.0,MontroseBeach201607270600,2016-07-27 06:00:00
2583,Montrose Beach,1469602800.0,18.0,0.0,0.087,7.0,MontroseBeach201607270700,2016-07-27 07:00:00
2585,Montrose Beach,1469606400.0,18.7,0.0,0.091,3.0,MontroseBeach201607270800,2016-07-27 08:00:00
2587,Montrose Beach,1469610000.0,18.6,0.0,0.085,5.0,MontroseBeach201607270900,2016-07-27 09:00:00
2589,Montrose Beach,1469613600.0,19.5,0.0,0.077,5.0,MontroseBeach201607271000,2016-07-27 10:00:00
2591,Montrose Beach,1469617200.0,19.8,0.0,0.094,3.0,MontroseBeach201607271100,2016-07-27 11:00:00
2593,Montrose Beach,1469620800.0,19.9,0.0,0.085,5.0,MontroseBeach201607271200,2016-07-27 12:00:00
2595,Montrose Beach,1469624400.0,19.4,0.0,0.152,3.0,MontroseBeach201607271300,2016-07-27 13:00:00
2597,Montrose Beach,1469628000.0,19.4,0.0,0.111,3.0,MontroseBeach201607271400,2016-07-27 14:00:00
2599,Montrose Beach,1469631600.0,18.7,0.0,0.121,7.0,MontroseBeach201607271500,2016-07-27 15:00:00
2601,Montrose Beach,1469635200.0,18.5,0.0,0.158,3.0,MontroseBeach201607271600,2016-07-27 16:00:00
2603,Montrose Beach,1469638800.0,19.2,0.0,0.191,3.0,MontroseBeach201607271700,2016-07-27 17:00:00
2605,Montrose Beach,1469642400.0,19.9,0.0,0.146,7.0,MontroseBeach201607271800,2016-07-27 18:00:00
2608,Montrose Beach,1469646000.0,19.2,0.0,0.141,6.0,MontroseBeach201607271900,2016-07-27 19:00:00
2610,Montrose Beach,1469649600.0,19.2,0.0,0.193,6.0,MontroseBeach201607272000,2016-07-27 20:00:00
2612,Montrose Beach,1469653200.0,18.7,0.0,0.209,3.0,MontroseBeach201607272100,2016-07-27 21:00:00
2613,Montrose Beach,1469656800.0,18.0,0.0,0.173,3.0,MontroseBeach201607272200,2016-07-27 22:00:00
2616,Montrose Beach,1469660400.0,17.6,0.0,0.167,2.0,MontroseBeach201607272300,2016-07-27 23:00:00
2617,Montrose Beach,1469664000.0,17.4,0.0,0.178,3.0,MontroseBeach201607282400,2016-07-28 00:00:00
2620,Montrose Beach,1469667600.0,17.2,0.0,0.192,7.0,MontroseBeach201607280100,2016-07-28 01:00:00
2621,Montrose Beach,1469671200.0,17.5,0.0,0.177,3.0,MontroseBeach201607280200,2016-07-28 02:00:00
2624,Montrose Beach,1469674800.0,16.7,0.0,0.133,5.0,MontroseBeach201607280300,2016-07-28 03:00:00
2625,Montrose Beach,1469678400.0,17.1,0.0,0.113,9.0,MontroseBeach201607280400,2016-07-28 04:00:00
2627,Montrose Beach,1469682000.0,16.9,0.0,0.114,10.0,MontroseBeach201607280500,2016-07-28 05:00:00
2630,Montrose Beach,1469685600.0,17.3,0.0,0.133,4.0,MontroseBeach201607280600,2016-07-28 06:00:00
2631,Montrose Beach,1469689200.0,17.7,0.0,0.199,3.0,MontroseBeach201607280700,2016-07-28 07:00:00
2634,Montrose Beach,1469692800.0,18.4,0.0,0.256,3.0,MontroseBeach201607280800,2016-07-28 08:00:00
2635,Montrose Beach,1469696400.0,18.0,0.0,0.232,3.0,MontroseBeach201607280900,2016-07-28 09:00:00
2638,Montrose Beach,1469700000.0,18.1,0.0,0.238,3.0,MontroseBeach201607281000,2016-07-28 10:00:00
2639,Montrose Beach,1469703600.0,18.3,0.0,0.224,3.0,MontroseBeach201607281100,2016-07-28 11:00:00
2642,Montrose Beach,1469707200.0,17.7,0.0,0.228,3.0,MontroseBeach201607281200,2016-07-28 12:00:00
2644,Montrose Beach,1469710800.0,19.9,0.0,0.224,3.0,MontroseBeach201607281300,2016-07-28 13:00:00
2645,Montrose Beach,1469714400.0,20.9,0.0,0.214,2.0,MontroseBeach201607281400,2016-07-28 14:00:00
2648,Montrose Beach,1469718000.0,20.6,0.0,0.207,3.0,MontroseBeach201607281500,2016-07-28 15:00:00
2649,Montrose Beach,1469721600.0,20.7,0.0,0.212,3.0,MontroseBeach201607281600,2016-07-28 16:00:00
2651,Montrose Beach,1469725200.0,20.7,0.0,0.183,3.0,MontroseBeach201607281700,2016-07-28 17:00:00
2653,Montrose Beach,1469728800.0,20.7,0.0,0.246,8.0,MontroseBeach201607281800,2016-07-28 18:00:00
2655,Montrose Beach,1469732400.0,20.6,0.0,0.265,4.0,MontroseBeach201607281900,2016-07-28 19:00:00
2656,Montrose Beach,1469736000.0,19.8,0.0,0.346,4.0,MontroseBeach201607282000,2016-07-28 20:00:00
2658,Montrose Beach,1469739600.0,19.7,0.0,0.344,6.0,MontroseBeach201607282100,2016-07-28 21:00:00
2661,Montrose Beach,1469743200.0,19.3,0.0,0.365,6.0,MontroseBeach201607282200,2016-07-28 22:00:00
2662,Montrose Beach,1469746800.0,19.3,0.0,0.349,6.0,MontroseBeach201607282300,2016-07-28 23:00:00
2665,Montrose Beach,1469750400.0,19.0,0.0,0.366,5.0,MontroseBeach201607292400,2016-07-29 00:00:00
2667,Montrose Beach,1469754000.0,19.5,0.0,0.367,6.0,MontroseBeach201607290100,2016-07-29 01:00:00
2668,Montrose Beach,1469757600.0,19.7,0.0,0.367,6.0,MontroseBeach201607290200,2016-07-29 02:00:00
2670,Montrose Beach,1469761200.0,19.7,0.0,0.354,6.0,MontroseBeach201607290300,2016-07-29 03:00:00
2672,Montrose Beach,1469764800.0,20.2,0.0,0.316,6.0,MontroseBeach201607290400,2016-07-29 04:00:00
2675,Montrose Beach,1469768400.0,20.4,0.0,0.328,6.0,MontroseBeach201607290500,2016-07-29 05:00:00
2676,Montrose Beach,1469772000.0,20.5,0.0,0.34,4.0,MontroseBeach201607290600,2016-07-29 06:00:00
2678,Montrose Beach,1469775600.0,20.6,0.0,0.29,7.0,MontroseBeach201607290700,2016-07-29 07:00:00
2681,Montrose Beach,1469779200.0,20.8,0.0,0.292,7.0,MontroseBeach201607290800,2016-07-29 08:00:00
2683,Montrose Beach,1469782800.0,20.9,0.0,0.296,6.0,MontroseBeach201607290900,2016-07-29 09:00:00
2684,Montrose Beach,1469786400.0,21.7,0.0,0.286,6.0,MontroseBeach201607291000,2016-07-29 10:00:00
2686,Montrose Beach,1469790000.0,21.8,0.0,0.308,6.0,MontroseBeach201607291100,2016-07-29 11:00:00
2688,Montrose Beach,1469793600.0,21.9,0.0,0.311,6.0,MontroseBeach201607291200,2016-07-29 12:00:00
2691,Montrose Beach,1469797200.0,22.2,0.0,0.325,4.0,MontroseBeach201607291300,2016-07-29 13:00:00
2693,Montrose Beach,1469800800.0,22.4,0.0,0.384,6.0,MontroseBeach201607291400,2016-07-29 14:00:00
2694,Montrose Beach,1469804400.0,22.4,0.0,0.417,6.0,MontroseBeach201607291500,2016-07-29 15:00:00
2697,Montrose Beach,1469808000.0,22.3,0.0,0.392,5.0,MontroseBeach201607291600,2016-07-29 16:00:00
2699,Montrose Beach,1469811600.0,22.4,0.0,0.42,5.0,MontroseBeach201607291700,2016-07-29 17:00:00
2701,Montrose Beach,1469815200.0,22.3,0.0,0.399,4.0,MontroseBeach201607291800,2016-07-29 18:00:00
2702,Montrose Beach,1469818800.0,22.3,0.0,0.401,4.0,MontroseBeach201607291900,2016-07-29 19:00:00
2704,Montrose Beach,1469822400.0,22.4,0.0,0.39,4.0,MontroseBeach201607292000,2016-07-29 20:00:00
2707,Montrose Beach,1469826000.0,22.3,0.0,0.404,4.0,MontroseBeach201607292100,2016-07-29 21:00:00
2708,Montrose Beach,1469829600.0,22.3,0.0,0.364,4.0,MontroseBeach201607292200,2016-07-29 22:00:00
2710,Montrose Beach,1469833200.0,22.2,0.0,0.418,4.0,MontroseBeach201607292300,2016-07-29 23:00:00
2713,Montrose Beach,1469836800.0,22.2,0.0,0.426,4.0,MontroseBeach201607302400,2016-07-30 00:00:00
2715,Montrose Beach,1469840400.0,22.1,0.0,0.414,4.0,MontroseBeach201607300100,2016-07-30 01:00:00
2717,Montrose Beach,1469844000.0,22.1,0.0,0.379,4.0,MontroseBeach201607300200,2016-07-30 02:00:00
2718,Montrose Beach,1469847600.0,22.0,0.0,0.397,4.0,MontroseBeach201607300300,2016-07-30 03:00:00
2720,Montrose Beach,1469851200.0,22.1,0.0,0.379,5.0,MontroseBeach201607300400,2016-07-30 04:00:00
2723,Montrose Beach,1469854800.0,22.1,0.0,0.395,5.0,MontroseBeach201607300500,2016-07-30 05:00:00
2725,Montrose Beach,1469858400.0,22.1,0.0,0.426,5.0,MontroseBeach201607300600,2016-07-30 06:00:00
2726,Montrose Beach,1469862000.0,22.1,0.0,0.439,6.0,MontroseBeach201607300700,2016-07-30 07:00:00
2729,Montrose Beach,1469865600.0,22.1,0.0,0.462,6.0,MontroseBeach201607300800,2016-07-30 08:00:00
2730,Montrose Beach,1469869200.0,22.1,0.0,0.445,6.0,MontroseBeach201607300900,2016-07-30 09:00:00
2732,Montrose Beach,1469872800.0,22.2,0.0,0.432,6.0,MontroseBeach201607301000,2016-07-30 10:00:00
2734,Montrose Beach,1469876400.0,22.2,0.0,0.434,5.0,MontroseBeach201607301100,2016-07-30 11:00:00
2735,Montrose Beach,1469880000.0,22.2,0.0,0.402,4.0,MontroseBeach201607301200,2016-07-30 12:00:00
2738,Montrose Beach,1469883600.0,22.4,0.0,0.37,5.0,MontroseBeach201607301300,2016-07-30 13:00:00
2739,Montrose Beach,1469887200.0,22.6,0.03,0.409,4.0,MontroseBeach201607301400,2016-07-30 14:00:00
2742,Montrose Beach,1469890800.0,22.6,0.0,0.378,4.0,MontroseBeach201607301500,2016-07-30 15:00:00
2743,Montrose Beach,1469894400.0,22.8,0.0,0.375,4.0,MontroseBeach201607301600,2016-07-30 16:00:00
2746,Montrose Beach,1469898000.0,23.0,0.0,0.377,3.0,MontroseBeach201607301700,2016-07-30 17:00:00
2747,Montrose Beach,1469901600.0,23.2,0.0,0.383,4.0,MontroseBeach201607301800,2016-07-30 18:00:00
2750,Montrose Beach,1469905200.0,23.1,0.0,0.36,3.0,MontroseBeach201607301900,2016-07-30 19:00:00
2751,Montrose Beach,1469908800.0,22.9,0.0,0.358,4.0,MontroseBeach201607302000,2016-07-30 20:00:00
2753,Montrose Beach,1469912400.0,22.8,0.02,0.382,4.0,MontroseBeach201607302100,2016-07-30 21:00:00
2754,Montrose Beach,1469916000.0,22.6,0.0,0.399,3.0,MontroseBeach201607302200,2016-07-30 22:00:00
2755,Montrose Beach,1469919600.0,22.5,0.0,0.387,4.0,MontroseBeach201607302300,2016-07-30 23:00:00
2756,Montrose Beach,1469923200.0,22.4,0.0,0.357,4.0,MontroseBeach201607312400,2016-07-31 00:00:00
2757,Montrose Beach,1469930400.0,22.3,0.0,0.331,4.0,MontroseBeach201607310200,2016-07-31 02:00:00
2758,Montrose Beach,1469934000.0,22.2,0.0,0.297,4.0,MontroseBeach201607310300,2016-07-31 03:00:00
2759,Montrose Beach,1469937600.0,22.2,0.0,0.29,4.0,MontroseBeach201607310400,2016-07-31 04:00:00
2760,Montrose Beach,1469941200.0,22.1,0.0,0.285,4.0,MontroseBeach201607310500,2016-07-31 05:00:00
2761,Montrose Beach,1469944800.0,22.1,0.01,0.272,3.0,MontroseBeach201607310600,2016-07-31 06:00:00
2762,Montrose Beach,1469948400.0,22.1,0.0,0.294,4.0,MontroseBeach201607310700,2016-07-31 07:00:00
2763,Montrose Beach,1469952000.0,22.0,0.07,0.284,4.0,MontroseBeach201607310800,2016-07-31 08:00:00
2764,Montrose Beach,1469955600.0,22.0,0.01,0.297,3.0,MontroseBeach201607310900,2016-07-31 09:00:00
2765,Montrose Beach,1469959200.0,22.2,0.0,0.297,3.0,MontroseBeach201607311000,2016-07-31 10:00:00
2766,Montrose Beach,1469962800.0,22.5,0.0,0.305,3.0,MontroseBeach201607311100,2016-07-31 11:00:00
2767,Montrose Beach,1469966400.0,22.8,0.0,0.288,4.0,MontroseBeach201607311200,2016-07-31 12:00:00
2768,Montrose Beach,1469970000.0,23.1,0.0,0.277,5.0,MontroseBeach201607311300,2016-07-31 13:00:00
2769,Montrose Beach,1469973600.0,23.4,0.0,0.294,5.0,MontroseBeach201607311400,2016-07-31 14:00:00
2770,Montrose Beach,1469977200.0,23.6,0.0,0.272,4.0,MontroseBeach201607311500,2016-07-31 15:00:00
2771,Montrose Beach,1469980800.0,23.7,0.0,0.268,4.0,MontroseBeach201607311600,2016-07-31 16:00:00
2772,Montrose Beach,1469984400.0,24.4,0.0,0.265,5.0,MontroseBeach201607311700,2016-07-31 17:00:00
2773,Montrose Beach,1469988000.0,24.6,0.0,0.268,3.0,MontroseBeach201607311800,2016-07-31 18:00:00
2774,Montrose Beach,1469991600.0,24.4,0.0,0.271,3.0,MontroseBeach201607311900,2016-07-31 19:00:00
2775,Montrose Beach,1469995200.0,24.0,0.0,0.264,4.0,MontroseBeach201607312000,2016-07-31 20:00:00
2776,Montrose Beach,1469998800.0,23.7,0.0,0.246,3.0,MontroseBeach201607312100,2016-07-31 21:00:00
2777,Montrose Beach,1470002400.0,23.6,0.0,0.248,3.0,MontroseBeach201607312200,2016-07-31 22:00:00
2778,Montrose Beach,1470006000.0,23.7,0.0,0.241,3.0,MontroseBeach201607312300,2016-07-31 23:00:00
2780,Montrose Beach,1470009600.0,23.6,0.0,0.225,4.0,MontroseBeach201608012400,2016-08-01 00:00:00
2783,Montrose Beach,1470013200.0,23.4,0.0,0.228,3.0,MontroseBeach201608010100,2016-08-01 01:00:00
2785,Montrose Beach,1470016800.0,23.2,0.0,0.214,2.0,MontroseBeach201608010200,2016-08-01 02:00:00
2786,Montrose Beach,1470020400.0,23.1,0.0,0.218,3.0,MontroseBeach201608010300,2016-08-01 03:00:00
2789,Montrose Beach,1470024000.0,23.0,0.0,0.2,3.0,MontroseBeach201608010400,2016-08-01 04:00:00
2791,Montrose Beach,1470027600.0,22.9,0.0,0.213,3.0,MontroseBeach201608010500,2016-08-01 05:00:00
2792,Montrose Beach,1470031200.0,22.8,0.0,0.211,3.0,MontroseBeach201608010600,2016-08-01 06:00:00
2795,Montrose Beach,1470034800.0,22.9,0.0,0.225,3.0,MontroseBeach201608010700,2016-08-01 07:00:00
2797,Montrose Beach,1470038400.0,22.9,0.0,0.213,3.0,MontroseBeach201608010800,2016-08-01 08:00:00
2799,Montrose Beach,1470042000.0,23.2,0.0,0.211,3.0,MontroseBeach201608010900,2016-08-01 09:00:00
2801,Montrose Beach,1470045600.0,23.6,0.0,0.205,4.0,MontroseBeach201608011000,2016-08-01 10:00:00
2802,Montrose Beach,1470049200.0,24.3,0.0,0.209,3.0,MontroseBeach201608011100,2016-08-01 11:00:00
2805,Montrose Beach,1470052800.0,24.3,0.0,0.218,3.0,MontroseBeach201608011200,2016-08-01 12:00:00
2807,Montrose Beach,1470056400.0,24.6,0.0,0.237,3.0,MontroseBeach201608011300,2016-08-01 13:00:00
2808,Montrose Beach,1470060000.0,25.7,0.0,0.227,3.0,MontroseBeach201608011400,2016-08-01 14:00:00
2810,Montrose Beach,1470063600.0,26.5,0.0,0.234,3.0,MontroseBeach201608011500,2016-08-01 15:00:00
2813,Montrose Beach,1470067200.0,26.5,0.0,0.249,3.0,MontroseBeach201608011600,2016-08-01 16:00:00
2814,Montrose Beach,1470070800.0,26.9,0.0,0.264,2.0,MontroseBeach201608011700,2016-08-01 17:00:00
2816,Montrose Beach,1470074400.0,27.0,0.0,0.27,3.0,MontroseBeach201608011800,2016-08-01 18:00:00
2819,Montrose Beach,1470078000.0,26.1,0.02,0.263,3.0,MontroseBeach201608011900,2016-08-01 19:00:00
2820,Montrose Beach,1470081600.0,25.9,0.0,0.272,3.0,MontroseBeach201608012000,2016-08-01 20:00:00
2822,Montrose Beach,1470085200.0,25.6,0.0,0.266,3.0,MontroseBeach201608012100,2016-08-01 21:00:00
2825,Montrose Beach,1470088800.0,25.5,0.0,0.251,3.0,MontroseBeach201608012200,2016-08-01 22:00:00
2826,Montrose Beach,1470092400.0,25.2,0.0,0.235,3.0,MontroseBeach201608012300,2016-08-01 23:00:00
2829,Montrose Beach,1470096000.0,24.9,0.0,0.227,3.0,MontroseBeach201608022400,2016-08-02 00:00:00
2831,Montrose Beach,1470099600.0,24.7,0.0,0.232,3.0,MontroseBeach201608020100,2016-08-02 01:00:00
2832,Montrose Beach,1470103200.0,24.8,0.0,0.236,3.0,MontroseBeach201608020200,2016-08-02 02:00:00
2834,Montrose Beach,1470106800.0,24.6,0.0,0.246,3.0,MontroseBeach201608020300,2016-08-02 03:00:00
2836,Montrose Beach,1470110400.0,24.4,0.0,0.249,3.0,MontroseBeach201608020400,2016-08-02 04:00:00
2839,Montrose Beach,1470114000.0,24.3,0.0,0.263,3.0,MontroseBeach201608020500,2016-08-02 05:00:00
2840,Montrose Beach,1470117600.0,24.0,0.0,0.273,4.0,MontroseBeach201608020600,2016-08-02 06:00:00
2842,Montrose Beach,1470121200.0,24.0,0.0,0.287,4.0,MontroseBeach201608020700,2016-08-02 07:00:00
2843,Montrose Beach,1470124800.0,24.0,0.0,0.265,3.0,MontroseBeach201608020800,2016-08-02 08:00:00
2846,Montrose Beach,1470128400.0,24.1,0.0,0.258,3.0,MontroseBeach201608020900,2016-08-02 09:00:00
2849,Montrose Beach,1470135600.0,24.4,0.0,0.244,3.0,MontroseBeach201608021100,2016-08-02 11:00:00
2850,Montrose Beach,1470139200.0,24.7,0.0,0.218,3.0,MontroseBeach201608021200,2016-08-02 12:00:00
2853,Montrose Beach,1470142800.0,25.5,0.0,0.207,3.0,MontroseBeach201608021300,2016-08-02 13:00:00
2854,Montrose Beach,1470146400.0,25.1,0.0,0.202,4.0,MontroseBeach201608021400,2016-08-02 14:00:00
2857,Montrose Beach,1470150000.0,25.2,0.0,0.188,2.0,MontroseBeach201608021500,2016-08-02 15:00:00
2858,Montrose Beach,1470153600.0,25.0,0.0,0.207,3.0,MontroseBeach201608021600,2016-08-02 16:00:00
2861,Montrose Beach,1470157200.0,24.9,0.0,0.219,2.0,MontroseBeach201608021700,2016-08-02 17:00:00
2862,Montrose Beach,1470160800.0,26.0,0.0,0.23,2.0,MontroseBeach201608021800,2016-08-02 18:00:00
2865,Montrose Beach,1470164400.0,26.5,0.0,0.25,3.0,MontroseBeach201608021900,2016-08-02 19:00:00
2866,Montrose Beach,1470168000.0,25.1,0.0,0.233,3.0,MontroseBeach201608022000,2016-08-02 20:00:00
2869,Montrose Beach,1470171600.0,24.7,0.0,0.228,3.0,MontroseBeach201608022100,2016-08-02 21:00:00
2870,Montrose Beach,1470175200.0,24.5,0.0,0.219,3.0,MontroseBeach201608022200,2016-08-02 22:00:00
2873,Montrose Beach,1470178800.0,24.2,0.0,0.2,3.0,MontroseBeach201608022300,2016-08-02 23:00:00
2874,Montrose Beach,1470182400.0,24.2,0.0,0.201,3.0,MontroseBeach201608032400,2016-08-03 00:00:00
2877,Montrose Beach,1470186000.0,24.1,0.0,0.189,3.0,MontroseBeach201608030100,2016-08-03 01:00:00
2879,Montrose Beach,1470189600.0,24.0,0.0,0.192,3.0,MontroseBeach201608030200,2016-08-03 02:00:00
2881,Montrose Beach,1470193200.0,24.0,0.0,0.161,3.0,MontroseBeach201608030300,2016-08-03 03:00:00
2882,Montrose Beach,1470196800.0,24.0,0.0,0.15,2.0,MontroseBeach201608030400,2016-08-03 04:00:00
2885,Montrose Beach,1470200400.0,24.0,0.0,0.144,2.0,MontroseBeach201608030500,2016-08-03 05:00:00
2886,Montrose Beach,1470204000.0,24.0,0.0,0.133,2.0,MontroseBeach201608030600,2016-08-03 06:00:00
2888,Montrose Beach,1470207600.0,23.9,0.0,0.107,4.0,MontroseBeach201608030700,2016-08-03 07:00:00
2891,Montrose Beach,1470211200.0,24.0,0.0,0.1,4.0,MontroseBeach201608030800,2016-08-03 08:00:00
2892,Montrose Beach,1470214800.0,24.2,0.0,0.102,4.0,MontroseBeach201608030900,2016-08-03 09:00:00
2895,Montrose Beach,1470218400.0,24.4,0.0,0.085,3.0,MontroseBeach201608031000,2016-08-03 10:00:00
2897,Montrose Beach,1470222000.0,24.6,0.0,0.08,4.0,MontroseBeach201608031100,2016-08-03 11:00:00
2899,Montrose Beach,1470225600.0,24.5,0.0,0.107,2.0,MontroseBeach201608031200,2016-08-03 12:00:00
2901,Montrose Beach,1470229200.0,24.6,0.0,0.112,2.0,MontroseBeach201608031300,2016-08-03 13:00:00
2903,Montrose Beach,1470232800.0,24.6,0.0,0.11,4.0,MontroseBeach201608031400,2016-08-03 14:00:00
2904,Montrose Beach,1470236400.0,24.2,0.0,0.125,10.0,MontroseBeach201608031500,2016-08-03 15:00:00
2906,Montrose Beach,1470240000.0,24.3,0.0,0.159,3.0,MontroseBeach201608031600,2016-08-03 16:00:00
2909,Montrose Beach,1470243600.0,24.1,0.0,0.151,2.0,MontroseBeach201608031700,2016-08-03 17:00:00
2911,Montrose Beach,1470247200.0,24.0,0.0,0.164,7.0,MontroseBeach201608031800,2016-08-03 18:00:00
2912,Montrose Beach,1470250800.0,23.8,0.0,0.136,6.0,MontroseBeach201608031900,2016-08-03 19:00:00
2914,Montrose Beach,1470254400.0,24.0,0.0,0.137,2.0,MontroseBeach201608032000,2016-08-03 20:00:00
2916,Montrose Beach,1470258000.0,23.7,0.0,0.151,2.0,MontroseBeach201608032100,2016-08-03 21:00:00
2918,Montrose Beach,1470261600.0,23.4,0.0,0.148,10.0,MontroseBeach201608032200,2016-08-03 22:00:00
2920,Montrose Beach,1470265200.0,23.2,0.0,0.121,2.0,MontroseBeach201608032300,2016-08-03 23:00:00
2923,Montrose Beach,1470268800.0,23.0,0.0,0.113,8.0,MontroseBeach201608042400,2016-08-04 00:00:00
2924,Montrose Beach,1470272400.0,22.9,0.0,0.127,7.0,MontroseBeach201608040100,2016-08-04 01:00:00
2927,Montrose Beach,1470276000.0,22.7,0.0,0.131,6.0,MontroseBeach201608040200,2016-08-04 02:00:00
2928,Montrose Beach,1470279600.0,22.7,0.0,0.122,5.0,MontroseBeach201608040300,2016-08-04 03:00:00
2931,Montrose Beach,1470283200.0,22.7,0.0,0.13,5.0,MontroseBeach201608040400,2016-08-04 04:00:00
2932,Montrose Beach,1470286800.0,22.9,0.0,0.128,8.0,MontroseBeach201608040500,2016-08-04 05:00:00
2935,Montrose Beach,1470290400.0,22.9,0.0,0.109,8.0,MontroseBeach201608040600,2016-08-04 06:00:00
2937,Montrose Beach,1470294000.0,22.9,0.0,0.114,6.0,MontroseBeach201608040700,2016-08-04 07:00:00
2939,Montrose Beach,1470297600.0,23.0,0.0,0.103,6.0,MontroseBeach201608040800,2016-08-04 08:00:00
2941,Montrose Beach,1470301200.0,23.2,0.0,0.104,5.0,MontroseBeach201608040900,2016-08-04 09:00:00
2942,Montrose Beach,1470304800.0,23.3,0.0,0.103,6.0,MontroseBeach201608041000,2016-08-04 10:00:00
2944,Montrose Beach,1470308400.0,23.5,0.0,0.092,7.0,MontroseBeach201608041100,2016-08-04 11:00:00
2947,Montrose Beach,1470312000.0,23.6,0.0,0.093,5.0,MontroseBeach201608041200,2016-08-04 12:00:00
2948,Montrose Beach,1470315600.0,23.6,0.0,0.131,2.0,MontroseBeach201608041300,2016-08-04 13:00:00
2951,Montrose Beach,1470319200.0,23.7,0.0,0.164,2.0,MontroseBeach201608041400,2016-08-04 14:00:00
2952,Montrose Beach,1470322800.0,23.7,0.0,0.195,3.0,MontroseBeach201608041500,2016-08-04 15:00:00
2954,Montrose Beach,1470326400.0,23.8,0.0,0.189,3.0,MontroseBeach201608041600,2016-08-04 16:00:00
2957,Montrose Beach,1470330000.0,24.0,0.0,0.182,3.0,MontroseBeach201608041700,2016-08-04 17:00:00
2958,Montrose Beach,1470333600.0,24.0,0.0,0.173,3.0,MontroseBeach201608041800,2016-08-04 18:00:00
2960,Montrose Beach,1470337200.0,23.5,0.0,0.168,3.0,MontroseBeach201608041900,2016-08-04 19:00:00
2962,Montrose Beach,1470340800.0,23.6,0.02,0.16,3.0,MontroseBeach201608042000,2016-08-04 20:00:00
2964,Montrose Beach,1470344400.0,23.1,0.0,0.146,5.0,MontroseBeach201608042100,2016-08-04 21:00:00
2967,Montrose Beach,1470348000.0,23.0,0.0,0.135,3.0,MontroseBeach201608042200,2016-08-04 22:00:00
2969,Montrose Beach,1470351600.0,22.7,0.0,0.112,2.0,MontroseBeach201608042300,2016-08-04 23:00:00
2971,Montrose Beach,1470355200.0,22.7,0.0,0.097,8.0,MontroseBeach201608052400,2016-08-05 00:00:00
2972,Montrose Beach,1470358800.0,22.7,0.0,0.097,7.0,MontroseBeach201608050100,2016-08-05 01:00:00
2974,Montrose Beach,1470362400.0,22.7,0.0,0.093,4.0,MontroseBeach201608050200,2016-08-05 02:00:00
2977,Montrose Beach,1470366000.0,22.6,0.0,0.091,5.0,MontroseBeach201608050300,2016-08-05 03:00:00
2978,Montrose Beach,1470369600.0,22.6,0.0,0.101,10.0,MontroseBeach201608050400,2016-08-05 04:00:00
2981,Montrose Beach,1470373200.0,22.6,0.0,0.109,9.0,MontroseBeach201608050500,2016-08-05 05:00:00
2982,Montrose Beach,1470376800.0,22.5,0.0,0.1,8.0,MontroseBeach201608050600,2016-08-05 06:00:00
2985,Montrose Beach,1470380400.0,22.5,0.0,0.099,6.0,MontroseBeach201608050700,2016-08-05 07:00:00
2986,Montrose Beach,1470384000.0,22.5,0.0,0.102,6.0,MontroseBeach201608050800,2016-08-05 08:00:00
2988,Montrose Beach,1470387600.0,22.5,0.0,0.116,2.0,MontroseBeach201608050900,2016-08-05 09:00:00
2990,Montrose Beach,1470391200.0,22.6,0.0,0.126,2.0,MontroseBeach201608051000,2016-08-05 10:00:00
2992,Montrose Beach,1470394800.0,22.7,0.0,0.148,3.0,MontroseBeach201608051100,2016-08-05 11:00:00
2995,Montrose Beach,1470398400.0,22.8,0.0,0.174,3.0,MontroseBeach201608051200,2016-08-05 12:00:00
2996,Montrose Beach,1470402000.0,23.1,0.0,0.184,3.0,MontroseBeach201608051300,2016-08-05 13:00:00
2999,Montrose Beach,1470405600.0,23.8,0.0,0.165,3.0,MontroseBeach201608051400,2016-08-05 14:00:00
3000,Montrose Beach,1470409200.0,24.2,0.0,0.168,3.0,MontroseBeach201608051500,2016-08-05 15:00:00
3003,Montrose Beach,1470412800.0,24.6,0.0,0.178,4.0,MontroseBeach201608051600,2016-08-05 16:00:00
3004,Montrose Beach,1470416400.0,25.1,0.04,0.144,6.0,MontroseBeach201608051700,2016-08-05 17:00:00
3007,Montrose Beach,1470420000.0,25.2,0.0,0.165,7.0,MontroseBeach201608051800,2016-08-05 18:00:00
3009,Montrose Beach,1470423600.0,24.5,0.0,0.192,4.0,MontroseBeach201608051900,2016-08-05 19:00:00
3010,Montrose Beach,1470427200.0,24.8,0.0,0.192,3.0,MontroseBeach201608052000,2016-08-05 20:00:00
3013,Montrose Beach,1470430800.0,23.9,0.0,0.202,3.0,MontroseBeach201608052100,2016-08-05 21:00:00
3014,Montrose Beach,1470434400.0,23.6,0.0,0.193,3.0,MontroseBeach201608052200,2016-08-05 22:00:00
3017,Montrose Beach,1470438000.0,23.4,0.0,0.179,3.0,MontroseBeach201608052300,2016-08-05 23:00:00
3019,Montrose Beach,1470441600.0,23.3,0.0,0.188,3.0,MontroseBeach201608062400,2016-08-06 00:00:00
3020,Montrose Beach,1470445200.0,23.4,0.0,0.197,3.0,MontroseBeach201608060100,2016-08-06 01:00:00
3022,Montrose Beach,1470448800.0,23.5,0.0,0.249,3.0,MontroseBeach201608060200,2016-08-06 02:00:00
3024,Montrose Beach,1470452400.0,23.3,0.0,0.272,3.0,MontroseBeach201608060300,2016-08-06 03:00:00
3027,Montrose Beach,1470456000.0,23.1,0.0,0.285,3.0,MontroseBeach201608060400,2016-08-06 04:00:00
3029,Montrose Beach,1470459600.0,23.0,0.0,0.295,3.0,MontroseBeach201608060500,2016-08-06 05:00:00
3031,Montrose Beach,1470463200.0,22.9,0.0,0.298,4.0,MontroseBeach201608060600,2016-08-06 06:00:00
3033,Montrose Beach,1470466800.0,22.8,0.0,0.289,4.0,MontroseBeach201608060700,2016-08-06 07:00:00
3034,Montrose Beach,1470470400.0,22.8,0.0,0.307,3.0,MontroseBeach201608060800,2016-08-06 08:00:00
3037,Montrose Beach,1470474000.0,22.9,0.0,0.321,4.0,MontroseBeach201608060900,2016-08-06 09:00:00
3038,Montrose Beach,1470477600.0,23.1,0.0,0.321,3.0,MontroseBeach201608061000,2016-08-06 10:00:00
3041,Montrose Beach,1470481200.0,23.3,0.0,0.352,4.0,MontroseBeach201608061100,2016-08-06 11:00:00
3042,Montrose Beach,1470484800.0,23.6,0.0,0.356,5.0,MontroseBeach201608061200,2016-08-06 12:00:00
3045,Montrose Beach,1470488400.0,23.8,0.0,0.338,4.0,MontroseBeach201608061300,2016-08-06 13:00:00
3046,Montrose Beach,1470492000.0,24.0,0.0,0.327,4.0,MontroseBeach201608061400,2016-08-06 14:00:00
3048,Montrose Beach,1470495600.0,24.2,0.0,0.325,4.0,MontroseBeach201608061500,2016-08-06 15:00:00
3050,Montrose Beach,1470499200.0,24.3,0.0,0.315,3.0,MontroseBeach201608061600,2016-08-06 16:00:00
3053,Montrose Beach,1470502800.0,24.4,0.0,0.293,3.0,MontroseBeach201608061700,2016-08-06 17:00:00
3054,Montrose Beach,1470506400.0,24.3,0.0,0.284,5.0,MontroseBeach201608061800,2016-08-06 18:00:00
3057,Montrose Beach,1470510000.0,24.2,0.0,0.315,3.0,MontroseBeach201608061900,2016-08-06 19:00:00
3058,Montrose Beach,1470513600.0,24.2,0.0,0.292,4.0,MontroseBeach201608062000,2016-08-06 20:00:00
3061,Montrose Beach,1470517200.0,24.6,0.0,0.299,3.0,MontroseBeach201608062100,2016-08-06 21:00:00
3062,Montrose Beach,1470520800.0,24.3,0.0,0.293,3.0,MontroseBeach201608062200,2016-08-06 22:00:00
3065,Montrose Beach,1470524400.0,24.1,0.0,0.282,3.0,MontroseBeach201608062300,2016-08-06 23:00:00
3066,Montrose Beach,1470528000.0,23.9,0.0,0.26,4.0,MontroseBeach201608072400,2016-08-07 00:00:00
3069,Montrose Beach,1470535200.0,23.8,0.0,0.229,3.0,MontroseBeach201608070200,2016-08-07 02:00:00
3071,Montrose Beach,1470538800.0,23.6,0.0,0.218,4.0,MontroseBeach201608070300,2016-08-07 03:00:00
3073,Montrose Beach,1470542400.0,23.5,0.0,0.223,4.0,MontroseBeach201608070400,2016-08-07 04:00:00
3074,Montrose Beach,1470546000.0,23.5,0.0,0.221,4.0,MontroseBeach201608070500,2016-08-07 05:00:00
3077,Montrose Beach,1470549600.0,23.4,0.0,0.227,3.0,MontroseBeach201608070600,2016-08-07 06:00:00
3078,Montrose Beach,1470553200.0,23.4,0.0,0.223,4.0,MontroseBeach201608070700,2016-08-07 07:00:00
3081,Montrose Beach,1470556800.0,23.4,0.0,0.228,4.0,MontroseBeach201608070800,2016-08-07 08:00:00
3083,Montrose Beach,1470560400.0,23.6,0.0,0.225,4.0,MontroseBeach201608070900,2016-08-07 09:00:00
3084,Montrose Beach,1470564000.0,23.8,0.0,0.214,3.0,MontroseBeach201608071000,2016-08-07 10:00:00
3087,Montrose Beach,1470567600.0,24.0,0.0,0.219,4.0,MontroseBeach201608071100,2016-08-07 11:00:00
3088,Montrose Beach,1470571200.0,24.7,0.0,0.231,3.0,MontroseBeach201608071200,2016-08-07 12:00:00
3091,Montrose Beach,1470574800.0,24.9,0.0,0.226,3.0,MontroseBeach201608071300,2016-08-07 13:00:00
3092,Montrose Beach,1470578400.0,25.1,0.0,0.222,3.0,MontroseBeach201608071400,2016-08-07 14:00:00
3094,Montrose Beach,1470582000.0,26.0,0.0,0.237,4.0,MontroseBeach201608071500,2016-08-07 15:00:00
3097,Montrose Beach,1470585600.0,25.1,0.0,0.221,3.0,MontroseBeach201608071600,2016-08-07 16:00:00
3099,Montrose Beach,1470589200.0,25.3,0.0,0.251,3.0,MontroseBeach201608071700,2016-08-07 17:00:00
3100,Montrose Beach,1470592800.0,24.6,0.0,0.303,3.0,MontroseBeach201608071800,2016-08-07 18:00:00
3103,Montrose Beach,1470596400.0,24.2,0.0,0.353,3.0,MontroseBeach201608071900,2016-08-07 19:00:00
3104,Montrose Beach,1470600000.0,24.0,0.0,0.378,3.0,MontroseBeach201608072000,2016-08-07 20:00:00
3107,Montrose Beach,1470603600.0,23.9,0.0,0.387,4.0,MontroseBeach201608072100,2016-08-07 21:00:00
3108,Montrose Beach,1470610800.0,23.9,0.0,0.392,4.0,MontroseBeach201608072300,2016-08-07 23:00:00
3110,Montrose Beach,1470614400.0,23.9,0.0,0.401,4.0,MontroseBeach201608082400,2016-08-08 00:00:00
3113,Montrose Beach,1470618000.0,23.9,0.0,0.404,4.0,MontroseBeach201608080100,2016-08-08 01:00:00
3114,Montrose Beach,1470621600.0,23.9,0.02,0.425,4.0,MontroseBeach201608080200,2016-08-08 02:00:00
3117,Montrose Beach,1470625200.0,23.7,0.01,0.393,5.0,MontroseBeach201608080300,2016-08-08 03:00:00
3119,Montrose Beach,1470628800.0,23.3,0.0,0.387,4.0,MontroseBeach201608080400,2016-08-08 04:00:00
3120,Montrose Beach,1470632400.0,23.3,0.02,0.362,4.0,MontroseBeach201608080500,2016-08-08 05:00:00
3122,Montrose Beach,1470636000.0,23.3,0.0,0.336,4.0,MontroseBeach201608080600,2016-08-08 06:00:00
3124,Montrose Beach,1470639600.0,23.4,0.0,0.339,4.0,MontroseBeach201608080700,2016-08-08 07:00:00
3126,Montrose Beach,1470643200.0,23.4,0.0,0.333,4.0,MontroseBeach201608080800,2016-08-08 08:00:00
3129,Montrose Beach,1470646800.0,23.5,0.0,0.296,4.0,MontroseBeach201608080900,2016-08-08 09:00:00
3130,Montrose Beach,1470650400.0,23.7,0.0,0.292,4.0,MontroseBeach201608081000,2016-08-08 10:00:00
3133,Montrose Beach,1470654000.0,23.8,0.0,0.253,4.0,MontroseBeach201608081100,2016-08-08 11:00:00
3134,Montrose Beach,1470657600.0,23.9,0.0,0.254,3.0,MontroseBeach201608081200,2016-08-08 12:00:00
3137,Montrose Beach,1470661200.0,24.1,0.0,0.261,3.0,MontroseBeach201608081300,2016-08-08 13:00:00
3138,Montrose Beach,1470664800.0,24.4,0.0,0.259,4.0,MontroseBeach201608081400,2016-08-08 14:00:00
3140,Montrose Beach,1470668400.0,24.9,0.0,0.262,3.0,MontroseBeach201608081500,2016-08-08 15:00:00
3142,Montrose Beach,1470672000.0,25.1,0.0,0.292,4.0,MontroseBeach201608081600,2016-08-08 16:00:00
3143,Montrose Beach,1470675600.0,25.2,0.0,0.317,3.0,MontroseBeach201608081700,2016-08-08 17:00:00
3146,Montrose Beach,1470679200.0,25.4,0.01,0.34,3.0,MontroseBeach201608081800,2016-08-08 18:00:00
3147,Montrose Beach,1470682800.0,25.3,0.0,0.342,3.0,MontroseBeach201608081900,2016-08-08 19:00:00
3148,Montrose Beach,1470686400.0,25.1,0.0,0.346,3.0,MontroseBeach201608082000,2016-08-08 20:00:00
3150,Montrose Beach,1470690000.0,25.0,0.0,0.34,3.0,MontroseBeach201608082100,2016-08-08 21:00:00
3153,Montrose Beach,1470693600.0,24.7,0.0,0.309,3.0,MontroseBeach201608082200,2016-08-08 22:00:00
3155,Montrose Beach,1470697200.0,24.6,0.0,0.32,4.0,MontroseBeach201608082300,2016-08-08 23:00:00
3157,Montrose Beach,1470700800.0,24.4,0.0,0.307,4.0,MontroseBeach201608092400,2016-08-09 00:00:00
3158,Montrose Beach,1470704400.0,24.3,0.0,0.313,4.0,MontroseBeach201608090100,2016-08-09 01:00:00
3160,Montrose Beach,1470708000.0,24.0,0.04,0.288,4.0,MontroseBeach201608090200,2016-08-09 02:00:00
3163,Montrose Beach,1470711600.0,23.9,0.0,0.253,4.0,MontroseBeach201608090300,2016-08-09 03:00:00
3164,Montrose Beach,1470715200.0,23.8,0.0,0.233,4.0,MontroseBeach201608090400,2016-08-09 04:00:00
3167,Montrose Beach,1470718800.0,23.7,0.02,0.218,3.0,MontroseBeach201608090500,2016-08-09 05:00:00
3168,Montrose Beach,1470722400.0,23.7,0.01,0.221,4.0,MontroseBeach201608090600,2016-08-09 06:00:00
3171,Montrose Beach,1470726000.0,23.7,0.0,0.203,4.0,MontroseBeach201608090700,2016-08-09 07:00:00
3172,Montrose Beach,1470729600.0,23.7,0.0,0.197,3.0,MontroseBeach201608090800,2016-08-09 08:00:00
3175,Montrose Beach,1470733200.0,23.7,0.0,0.19,3.0,MontroseBeach201608090900,2016-08-09 09:00:00
3176,Montrose Beach,1470736800.0,23.9,0.0,0.185,4.0,MontroseBeach201608091000,2016-08-09 10:00:00
3179,Montrose Beach,1470740400.0,24.0,0.0,0.18,3.0,MontroseBeach201608091100,2016-08-09 11:00:00
3180,Montrose Beach,1470744000.0,24.4,0.0,0.161,3.0,MontroseBeach201608091200,2016-08-09 12:00:00
3183,Montrose Beach,1470747600.0,24.5,0.0,0.172,3.0,MontroseBeach201608091300,2016-08-09 13:00:00
3184,Montrose Beach,1470751200.0,24.6,0.0,0.163,3.0,MontroseBeach201608091400,2016-08-09 14:00:00
3186,Montrose Beach,1470754800.0,24.6,0.0,0.17,3.0,MontroseBeach201608091500,2016-08-09 15:00:00
3188,Montrose Beach,1470758400.0,24.6,0.0,0.165,3.0,MontroseBeach201608091600,2016-08-09 16:00:00
3189,Montrose Beach,1470762000.0,24.6,0.0,0.168,2.0,MontroseBeach201608091700,2016-08-09 17:00:00
3190,Montrose Beach,1470765600.0,24.7,0.0,0.153,7.0,MontroseBeach201608091800,2016-08-09 18:00:00
3191,Montrose Beach,1470769200.0,24.7,0.0,0.146,6.0,MontroseBeach201608091900,2016-08-09 19:00:00
3192,Montrose Beach,1470772800.0,24.6,0.0,0.138,6.0,MontroseBeach201608092000,2016-08-09 20:00:00
3193,Montrose Beach,1470776400.0,24.1,0.0,0.137,2.0,MontroseBeach201608092100,2016-08-09 21:00:00
3194,Montrose Beach,1470780000.0,24.0,0.0,0.121,2.0,MontroseBeach201608092200,2016-08-09 22:00:00
3195,Montrose Beach,1470783600.0,24.0,0.0,0.127,9.0,MontroseBeach201608092300,2016-08-09 23:00:00
3196,Montrose Beach,1470787200.0,23.9,0.0,0.128,7.0,MontroseBeach201608102400,2016-08-10 00:00:00
3197,Montrose Beach,1470790800.0,23.9,0.0,0.118,6.0,MontroseBeach201608100100,2016-08-10 01:00:00
3198,Montrose Beach,1470794400.0,23.8,0.0,0.122,5.0,MontroseBeach201608100200,2016-08-10 02:00:00
3199,Montrose Beach,1470798000.0,23.8,0.0,0.114,5.0,MontroseBeach201608100300,2016-08-10 03:00:00
3200,Montrose Beach,1470801600.0,23.8,0.0,0.104,4.0,MontroseBeach201608100400,2016-08-10 04:00:00
3201,Montrose Beach,1470805200.0,23.9,0.0,0.107,2.0,MontroseBeach201608100500,2016-08-10 05:00:00
3202,Montrose Beach,1470808800.0,23.9,0.0,0.134,3.0,MontroseBeach201608100600,2016-08-10 06:00:00
3203,Montrose Beach,1470812400.0,23.9,0.0,0.094,3.0,MontroseBeach201608100700,2016-08-10 07:00:00
3204,Montrose Beach,1470816000.0,24.0,0.0,0.091,4.0,MontroseBeach201608100800,2016-08-10 08:00:00
3205,Montrose Beach,1470819600.0,24.3,0.0,0.082,4.0,MontroseBeach201608100900,2016-08-10 09:00:00
3206,Montrose Beach,1470823200.0,24.5,0.0,0.079,3.0,MontroseBeach201608101000,2016-08-10 10:00:00
3207,Montrose Beach,1470826800.0,24.7,0.0,0.084,4.0,MontroseBeach201608101100,2016-08-10 11:00:00
3208,Montrose Beach,1470830400.0,25.1,0.0,0.094,4.0,MontroseBeach201608101200,2016-08-10 12:00:00
3209,Montrose Beach,1470834000.0,25.5,0.0,0.108,3.0,MontroseBeach201608101300,2016-08-10 13:00:00
3210,Montrose Beach,1470837600.0,25.7,0.0,0.141,3.0,MontroseBeach201608101400,2016-08-10 14:00:00
3211,Montrose Beach,1470841200.0,26.4,0.0,0.133,4.0,MontroseBeach201608101500,2016-08-10 15:00:00
3212,Montrose Beach,1470844800.0,26.1,0.0,0.159,2.0,MontroseBeach201608101600,2016-08-10 16:00:00
3213,Montrose Beach,1470848400.0,25.8,0.0,0.168,3.0,MontroseBeach201608101700,2016-08-10 17:00:00
3214,Montrose Beach,1470852000.0,26.0,0.0,0.167,3.0,MontroseBeach201608101800,2016-08-10 18:00:00
3215,Montrose Beach,1470855600.0,26.8,0.0,0.145,6.0,MontroseBeach201608101900,2016-08-10 19:00:00
3216,Montrose Beach,1470859200.0,25.7,0.0,0.134,5.0,MontroseBeach201608102000,2016-08-10 20:00:00
3217,Montrose Beach,1470862800.0,25.0,0.0,0.158,3.0,MontroseBeach201608102100,2016-08-10 21:00:00
3218,Montrose Beach,1470866400.0,24.9,0.0,0.124,2.0,MontroseBeach201608102200,2016-08-10 22:00:00
3219,Montrose Beach,1470870000.0,24.5,0.0,0.11,4.0,MontroseBeach201608102300,2016-08-10 23:00:00
3220,Montrose Beach,1470873600.0,24.4,0.0,0.102,3.0,MontroseBeach201608112400,2016-08-11 00:00:00
3221,Montrose Beach,1470877200.0,24.4,0.0,0.114,7.0,MontroseBeach201608110100,2016-08-11 01:00:00
3222,Montrose Beach,1470880800.0,24.4,0.0,0.098,6.0,MontroseBeach201608110200,2016-08-11 02:00:00
3223,Montrose Beach,1470884400.0,24.4,0.0,0.097,4.0,MontroseBeach201608110300,2016-08-11 03:00:00
3224,Montrose Beach,1470888000.0,24.3,0.0,0.091,10.0,MontroseBeach201608110400,2016-08-11 04:00:00
3225,Montrose Beach,1470891600.0,24.2,0.0,0.09,9.0,MontroseBeach201608110500,2016-08-11 05:00:00
3226,Montrose Beach,1470895200.0,24.1,0.0,0.092,8.0,MontroseBeach201608110600,2016-08-11 06:00:00
3227,Montrose Beach,1470898800.0,24.1,0.0,0.094,7.0,MontroseBeach201608110700,2016-08-11 07:00:00
3228,Montrose Beach,1470902400.0,24.1,0.0,0.094,6.0,MontroseBeach201608110800,2016-08-11 08:00:00
3229,Montrose Beach,1470906000.0,24.3,0.0,0.103,5.0,MontroseBeach201608110900,2016-08-11 09:00:00
3230,Montrose Beach,1470909600.0,24.4,0.0,0.08,5.0,MontroseBeach201608111000,2016-08-11 10:00:00
3231,Montrose Beach,1470913200.0,24.5,0.0,0.102,4.0,MontroseBeach201608111100,2016-08-11 11:00:00
3233,Montrose Beach,1470916800.0,23.8,0.0,0.099,2.0,MontroseBeach201608111200,2016-08-11 12:00:00
3236,Montrose Beach,1470920400.0,23.9,0.0,0.103,4.0,MontroseBeach201608111300,2016-08-11 13:00:00
3238,Montrose Beach,1470924000.0,23.7,0.0,0.085,9.0,MontroseBeach201608111400,2016-08-11 14:00:00
3239,Montrose Beach,1470927600.0,23.2,0.0,0.11,4.0,MontroseBeach201608111500,2016-08-11 15:00:00
3241,Montrose Beach,1470931200.0,22.9,0.0,0.111,9.0,MontroseBeach201608111600,2016-08-11 16:00:00
3244,Montrose Beach,1470934800.0,21.9,0.0,0.094,9.0,MontroseBeach201608111700,2016-08-11 17:00:00
3245,Montrose Beach,1470938400.0,22.4,0.0,0.121,7.0,MontroseBeach201608111800,2016-08-11 18:00:00
3247,Montrose Beach,1470942000.0,22.3,0.0,0.12,7.0,MontroseBeach201608111900,2016-08-11 19:00:00
3249,Montrose Beach,1470945600.0,21.9,0.0,0.118,5.0,MontroseBeach201608112000,2016-08-11 20:00:00
3252,Montrose Beach,1470949200.0,22.1,0.0,0.107,4.0,MontroseBeach201608112100,2016-08-11 21:00:00
3253,Montrose Beach,1470952800.0,21.4,0.0,0.107,3.0,MontroseBeach201608112200,2016-08-11 22:00:00
3255,Montrose Beach,1470956400.0,21.6,0.0,0.11,9.0,MontroseBeach201608112300,2016-08-11 23:00:00
3258,Montrose Beach,1470960000.0,21.2,0.0,0.101,9.0,MontroseBeach201608122400,2016-08-12 00:00:00
3260,Montrose Beach,1470963600.0,21.0,0.0,0.107,7.0,MontroseBeach201608120100,2016-08-12 01:00:00
3261,Montrose Beach,1470967200.0,20.9,0.0,0.094,6.0,MontroseBeach201608120200,2016-08-12 02:00:00
3263,Montrose Beach,1470970800.0,20.6,0.0,0.094,10.0,MontroseBeach201608120300,2016-08-12 03:00:00
3265,Montrose Beach,1470974400.0,20.1,0.0,0.093,9.0,MontroseBeach201608120400,2016-08-12 04:00:00
3267,Montrose Beach,1470978000.0,20.0,0.0,0.092,9.0,MontroseBeach201608120500,2016-08-12 05:00:00
3268,Montrose Beach,1470981600.0,20.5,0.0,0.104,7.0,MontroseBeach201608120600,2016-08-12 06:00:00
3271,Montrose Beach,1470985200.0,21.3,0.0,0.114,6.0,MontroseBeach201608120700,2016-08-12 07:00:00
3272,Montrose Beach,1470988800.0,21.7,0.0,0.121,5.0,MontroseBeach201608120800,2016-08-12 08:00:00
3275,Montrose Beach,1470992400.0,21.6,0.0,0.153,2.0,MontroseBeach201608120900,2016-08-12 09:00:00
3277,Montrose Beach,1470996000.0,21.7,0.0,0.185,3.0,MontroseBeach201608121000,2016-08-12 10:00:00
3279,Montrose Beach,1470999600.0,21.5,0.0,0.186,3.0,MontroseBeach201608121100,2016-08-12 11:00:00
3280,Montrose Beach,1471003200.0,21.7,0.0,0.178,3.0,MontroseBeach201608121200,2016-08-12 12:00:00
3282,Montrose Beach,1471006800.0,21.8,0.0,0.166,3.0,MontroseBeach201608121300,2016-08-12 13:00:00
3285,Montrose Beach,1471010400.0,22.2,0.0,0.15,3.0,MontroseBeach201608121400,2016-08-12 14:00:00
3286,Montrose Beach,1471014000.0,22.2,0.0,0.149,2.0,MontroseBeach201608121500,2016-08-12 15:00:00
3289,Montrose Beach,1471017600.0,22.3,0.0,0.119,9.0,MontroseBeach201608121600,2016-08-12 16:00:00
3291,Montrose Beach,1471021200.0,22.4,0.0,0.173,3.0,MontroseBeach201608121700,2016-08-12 17:00:00
3292,Montrose Beach,1471024800.0,23.3,0.0,0.195,7.0,MontroseBeach201608121800,2016-08-12 18:00:00
3295,Montrose Beach,1471028400.0,21.6,0.0,0.198,3.0,MontroseBeach201608121900,2016-08-12 19:00:00
3296,Montrose Beach,1471032000.0,22.3,0.0,0.192,3.0,MontroseBeach201608122000,2016-08-12 20:00:00
3299,Montrose Beach,1471035600.0,22.2,0.0,0.197,3.0,MontroseBeach201608122100,2016-08-12 21:00:00
3300,Montrose Beach,1471039200.0,22.1,0.0,0.189,3.0,MontroseBeach201608122200,2016-08-12 22:00:00
3303,Montrose Beach,1471042800.0,22.2,0.0,0.195,3.0,MontroseBeach201608122300,2016-08-12 23:00:00
3304,Montrose Beach,1471046400.0,22.2,0.0,0.185,3.0,MontroseBeach201608132400,2016-08-13 00:00:00
3307,Montrose Beach,1471050000.0,21.9,0.0,0.178,3.0,MontroseBeach201608130100,2016-08-13 01:00:00
3308,Montrose Beach,1471053600.0,22.0,0.0,0.171,3.0,MontroseBeach201608130200,2016-08-13 02:00:00
3311,Montrose Beach,1471057200.0,21.5,0.0,0.145,3.0,MontroseBeach201608130300,2016-08-13 03:00:00
3312,Montrose Beach,1471060800.0,21.6,0.0,0.151,3.0,MontroseBeach201608130400,2016-08-13 04:00:00
3315,Montrose Beach,1471064400.0,21.8,0.0,0.129,3.0,MontroseBeach201608130500,2016-08-13 05:00:00
3316,Montrose Beach,1471068000.0,21.5,0.0,0.128,5.0,MontroseBeach201608130600,2016-08-13 06:00:00
3319,Montrose Beach,1471071600.0,21.6,0.0,0.125,5.0,MontroseBeach201608130700,2016-08-13 07:00:00
3320,Montrose Beach,1471075200.0,21.6,0.0,0.123,6.0,MontroseBeach201608130800,2016-08-13 08:00:00
3323,Montrose Beach,1471078800.0,21.8,0.0,0.133,5.0,MontroseBeach201608130900,2016-08-13 09:00:00
3324,Montrose Beach,1471082400.0,21.5,0.0,0.125,5.0,MontroseBeach201608131000,2016-08-13 10:00:00
3326,Montrose Beach,1471086000.0,22.0,0.0,0.142,6.0,MontroseBeach201608131100,2016-08-13 11:00:00
3328,Montrose Beach,1471089600.0,22.0,0.0,0.153,5.0,MontroseBeach201608131200,2016-08-13 12:00:00
3331,Montrose Beach,1471093200.0,22.2,0.0,0.187,4.0,MontroseBeach201608131300,2016-08-13 13:00:00
3332,Montrose Beach,1471096800.0,22.3,0.0,0.237,3.0,MontroseBeach201608131400,2016-08-13 14:00:00
3335,Montrose Beach,1471100400.0,22.3,0.0,0.306,3.0,MontroseBeach201608131500,2016-08-13 15:00:00
3336,Montrose Beach,1471104000.0,22.4,0.0,0.322,3.0,MontroseBeach201608131600,2016-08-13 16:00:00
3339,Montrose Beach,1471107600.0,22.3,0.0,0.32,3.0,MontroseBeach201608131700,2016-08-13 17:00:00
3341,Montrose Beach,1471111200.0,22.5,0.0,0.305,4.0,MontroseBeach201608131800,2016-08-13 18:00:00
3343,Montrose Beach,1471114800.0,22.7,0.0,0.293,4.0,MontroseBeach201608131900,2016-08-13 19:00:00
3345,Montrose Beach,1471118400.0,22.6,0.0,0.276,3.0,MontroseBeach201608132000,2016-08-13 20:00:00
3347,Montrose Beach,1471122000.0,22.6,0.0,0.26,4.0,MontroseBeach201608132100,2016-08-13 21:00:00
3348,Montrose Beach,1471125600.0,22.6,0.0,0.255,4.0,MontroseBeach201608132200,2016-08-13 22:00:00
3350,Montrose Beach,1471129200.0,22.7,0.0,0.25,5.0,MontroseBeach201608132300,2016-08-13 23:00:00
3353,Montrose Beach,1471132800.0,22.7,0.0,0.247,6.0,MontroseBeach201608142400,2016-08-14 00:00:00
3354,Montrose Beach,1471140000.0,22.8,0.0,0.227,3.0,MontroseBeach201608140200,2016-08-14 02:00:00
3356,Montrose Beach,1471143600.0,22.8,0.0,0.241,5.0,MontroseBeach201608140300,2016-08-14 03:00:00
3359,Montrose Beach,1471147200.0,22.8,0.0,0.226,5.0,MontroseBeach201608140400,2016-08-14 04:00:00
3361,Montrose Beach,1471150800.0,22.7,0.0,0.221,4.0,MontroseBeach201608140500,2016-08-14 05:00:00
3362,Montrose Beach,1471154400.0,22.7,0.0,0.22,4.0,MontroseBeach201608140600,2016-08-14 06:00:00
3364,Montrose Beach,1471158000.0,22.7,0.0,0.233,4.0,MontroseBeach201608140700,2016-08-14 07:00:00
3367,Montrose Beach,1471161600.0,22.8,0.0,0.216,4.0,MontroseBeach201608140800,2016-08-14 08:00:00
3368,Montrose Beach,1471165200.0,23.0,0.0,0.212,4.0,MontroseBeach201608140900,2016-08-14 09:00:00
3371,Montrose Beach,1471168800.0,23.2,0.0,0.22,5.0,MontroseBeach201608141000,2016-08-14 10:00:00
3373,Montrose Beach,1471172400.0,23.4,0.0,0.216,3.0,MontroseBeach201608141100,2016-08-14 11:00:00
3374,Montrose Beach,1471176000.0,23.7,0.0,0.211,4.0,MontroseBeach201608141200,2016-08-14 12:00:00
3376,Montrose Beach,1471179600.0,23.9,0.0,0.204,3.0,MontroseBeach201608141300,2016-08-14 13:00:00
3379,Montrose Beach,1471183200.0,24.8,0.0,0.213,4.0,MontroseBeach201608141400,2016-08-14 14:00:00
3380,Montrose Beach,1471186800.0,25.2,0.0,0.202,4.0,MontroseBeach201608141500,2016-08-14 15:00:00
3383,Montrose Beach,1471190400.0,25.4,0.0,0.227,3.0,MontroseBeach201608141600,2016-08-14 16:00:00
3384,Montrose Beach,1471194000.0,25.2,0.0,0.196,4.0,MontroseBeach201608141700,2016-08-14 17:00:00
3386,Montrose Beach,1471197600.0,24.6,0.0,0.227,2.0,MontroseBeach201608141800,2016-08-14 18:00:00
3388,Montrose Beach,1471201200.0,25.2,0.0,0.192,3.0,MontroseBeach201608141900,2016-08-14 19:00:00
3390,Montrose Beach,1471204800.0,24.5,0.0,0.164,3.0,MontroseBeach201608142000,2016-08-14 20:00:00
3392,Montrose Beach,1471208400.0,24.1,0.0,0.173,5.0,MontroseBeach201608142100,2016-08-14 21:00:00
3395,Montrose Beach,1471212000.0,24.1,0.0,0.165,4.0,MontroseBeach201608142200,2016-08-14 22:00:00
3396,Montrose Beach,1471215600.0,23.9,0.0,0.171,3.0,MontroseBeach201608142300,2016-08-14 23:00:00
3398,Montrose Beach,1471219200.0,23.8,0.0,0.167,3.0,MontroseBeach201608152400,2016-08-15 00:00:00
3401,Montrose Beach,1471222800.0,23.7,0.0,0.14,3.0,MontroseBeach201608150100,2016-08-15 01:00:00
3403,Montrose Beach,1471226400.0,23.7,0.0,0.132,5.0,MontroseBeach201608150200,2016-08-15 02:00:00
3405,Montrose Beach,1471230000.0,23.6,0.0,0.121,3.0,MontroseBeach201608150300,2016-08-15 03:00:00
3406,Montrose Beach,1471233600.0,23.6,0.0,0.115,3.0,MontroseBeach201608150400,2016-08-15 04:00:00
3409,Montrose Beach,1471237200.0,23.6,0.0,0.118,9.0,MontroseBeach201608150500,2016-08-15 05:00:00
3410,Montrose Beach,1471240800.0,23.6,0.0,0.114,8.0,MontroseBeach201608150600,2016-08-15 06:00:00
3413,Montrose Beach,1471244400.0,23.5,0.0,0.11,6.0,MontroseBeach201608150700,2016-08-15 07:00:00
3414,Montrose Beach,1471248000.0,23.6,0.0,0.098,4.0,MontroseBeach201608150800,2016-08-15 08:00:00
3417,Montrose Beach,1471251600.0,23.6,0.0,0.122,4.0,MontroseBeach201608150900,2016-08-15 09:00:00
3419,Montrose Beach,1471255200.0,23.7,0.0,0.116,3.0,MontroseBeach201608151000,2016-08-15 10:00:00
3420,Montrose Beach,1471258800.0,23.7,0.0,0.12,8.0,MontroseBeach201608151100,2016-08-15 11:00:00
3423,Montrose Beach,1471262400.0,23.7,0.0,0.139,5.0,MontroseBeach201608151200,2016-08-15 12:00:00
3424,Montrose Beach,1471266000.0,23.8,0.0,0.138,4.0,MontroseBeach201608151300,2016-08-15 13:00:00
3427,Montrose Beach,1471269600.0,23.8,0.0,0.154,3.0,MontroseBeach201608151400,2016-08-15 14:00:00
3428,Montrose Beach,1471273200.0,23.8,0.0,0.193,3.0,MontroseBeach201608151500,2016-08-15 15:00:00
3431,Montrose Beach,1471276800.0,23.6,0.0,0.232,3.0,MontroseBeach201608151600,2016-08-15 16:00:00
3433,Montrose Beach,1471280400.0,23.3,0.0,0.282,3.0,MontroseBeach201608151700,2016-08-15 17:00:00
3434,Montrose Beach,1471284000.0,23.5,0.0,0.268,4.0,MontroseBeach201608151800,2016-08-15 18:00:00
3437,Montrose Beach,1471287600.0,23.1,0.0,0.319,4.0,MontroseBeach201608151900,2016-08-15 19:00:00
3438,Montrose Beach,1471291200.0,22.9,0.0,0.33,4.0,MontroseBeach201608152000,2016-08-15 20:00:00
3441,Montrose Beach,1471294800.0,22.9,0.0,0.372,4.0,MontroseBeach201608152100,2016-08-15 21:00:00
3442,Montrose Beach,1471298400.0,22.9,0.0,0.373,4.0,MontroseBeach201608152200,2016-08-15 22:00:00
3445,Montrose Beach,1471302000.0,23.1,0.0,0.365,4.0,MontroseBeach201608152300,2016-08-15 23:00:00
3446,Montrose Beach,1471305600.0,23.3,0.0,0.382,4.0,MontroseBeach201608162400,2016-08-16 00:00:00
3449,Montrose Beach,1471309200.0,23.4,0.01,0.404,4.0,MontroseBeach201608160100,2016-08-16 01:00:00
3451,Montrose Beach,1471312800.0,23.4,5.3,0.428,4.0,MontroseBeach201608160200,2016-08-16 02:00:00
3452,Montrose Beach,1471316400.0,23.2,0.0,0.455,4.0,MontroseBeach201608160300,2016-08-16 03:00:00
3454,Montrose Beach,1471320000.0,23.2,14.73,0.454,6.0,MontroseBeach201608160400,2016-08-16 04:00:00
3457,Montrose Beach,1471323600.0,23.3,0.0,0.373,6.0,MontroseBeach201608160500,2016-08-16 05:00:00
3459,Montrose Beach,1471327200.0,23.1,0.0,0.407,5.0,MontroseBeach201608160600,2016-08-16 06:00:00
3460,Montrose Beach,1471330800.0,22.9,0.0,0.356,5.0,MontroseBeach201608160700,2016-08-16 07:00:00
3463,Montrose Beach,1471334400.0,23.0,0.0,0.338,5.0,MontroseBeach201608160800,2016-08-16 08:00:00
3465,Montrose Beach,1471338000.0,23.1,0.0,0.34,5.0,MontroseBeach201608160900,2016-08-16 09:00:00
3467,Montrose Beach,1471341600.0,23.3,0.0,0.329,4.0,MontroseBeach201608161000,2016-08-16 10:00:00
3469,Montrose Beach,1471345200.0,23.4,0.09,0.314,4.0,MontroseBeach201608161100,2016-08-16 11:00:00
3470,Montrose Beach,1471348800.0,23.7,0.01,0.346,4.0,MontroseBeach201608161200,2016-08-16 12:00:00
3472,Montrose Beach,1471352400.0,23.9,0.0,0.326,4.0,MontroseBeach201608161300,2016-08-16 13:00:00
3475,Montrose Beach,1471356000.0,24.2,0.0,0.334,4.0,MontroseBeach201608161400,2016-08-16 14:00:00
3476,Montrose Beach,1471359600.0,24.4,0.0,0.308,4.0,MontroseBeach201608161500,2016-08-16 15:00:00
3478,Montrose Beach,1471363200.0,24.6,0.0,0.31,4.0,MontroseBeach201608161600,2016-08-16 16:00:00
3481,Montrose Beach,1471366800.0,24.7,0.0,0.299,4.0,MontroseBeach201608161700,2016-08-16 17:00:00
3483,Montrose Beach,1471370400.0,24.5,0.0,0.262,3.0,MontroseBeach201608161800,2016-08-16 18:00:00
3485,Montrose Beach,1471374000.0,24.3,0.0,0.244,4.0,MontroseBeach201608161900,2016-08-16 19:00:00
3486,Montrose Beach,1471377600.0,24.1,0.0,0.217,3.0,MontroseBeach201608162000,2016-08-16 20:00:00
3489,Montrose Beach,1471381200.0,24.0,0.06,0.214,3.0,MontroseBeach201608162100,2016-08-16 21:00:00
3490,Montrose Beach,1471384800.0,23.9,0.0,0.188,3.0,MontroseBeach201608162200,2016-08-16 22:00:00
3493,Montrose Beach,1471388400.0,23.8,0.0,0.167,4.0,MontroseBeach201608162300,2016-08-16 23:00:00
3494,Montrose Beach,1471392000.0,23.7,0.0,0.149,4.0,MontroseBeach201608172400,2016-08-17 00:00:00
3497,Montrose Beach,1471395600.0,23.7,0.0,0.135,4.0,MontroseBeach201608170100,2016-08-17 01:00:00
3498,Montrose Beach,1471399200.0,23.7,0.0,0.118,6.0,MontroseBeach201608170200,2016-08-17 02:00:00
3500,Montrose Beach,1471402800.0,23.6,0.0,0.11,3.0,MontroseBeach201608170300,2016-08-17 03:00:00
3501,Montrose Beach,1471406400.0,23.6,0.0,0.107,4.0,MontroseBeach201608170400,2016-08-17 04:00:00
3504,Montrose Beach,1471410000.0,23.6,0.0,0.097,3.0,MontroseBeach201608170500,2016-08-17 05:00:00
3505,Montrose Beach,1471413600.0,23.7,0.0,0.096,3.0,MontroseBeach201608170600,2016-08-17 06:00:00
3508,Montrose Beach,1471417200.0,23.6,0.0,0.104,4.0,MontroseBeach201608170700,2016-08-17 07:00:00
3509,Montrose Beach,1471420800.0,23.7,0.0,0.102,4.0,MontroseBeach201608170800,2016-08-17 08:00:00
3511,Montrose Beach,1471424400.0,23.8,0.0,0.105,4.0,MontroseBeach201608170900,2016-08-17 09:00:00
3514,Montrose Beach,1471428000.0,23.9,0.0,0.095,4.0,MontroseBeach201608171000,2016-08-17 10:00:00
3515,Montrose Beach,1471431600.0,24.1,0.0,0.1,3.0,MontroseBeach201608171100,2016-08-17 11:00:00
3518,Montrose Beach,1471435200.0,24.2,0.0,0.103,4.0,MontroseBeach201608171200,2016-08-17 12:00:00
3519,Montrose Beach,1471438800.0,24.3,0.0,0.121,3.0,MontroseBeach201608171300,2016-08-17 13:00:00
3522,Montrose Beach,1471442400.0,24.5,0.0,0.157,5.0,MontroseBeach201608171400,2016-08-17 14:00:00
3523,Montrose Beach,1471446000.0,24.5,0.0,0.117,3.0,MontroseBeach201608171500,2016-08-17 15:00:00
3526,Montrose Beach,1471449600.0,25.5,0.0,0.17,3.0,MontroseBeach201608171600,2016-08-17 16:00:00
3527,Montrose Beach,1471453200.0,25.3,0.0,0.133,8.0,MontroseBeach201608171700,2016-08-17 17:00:00
3530,Montrose Beach,1471456800.0,25.6,0.0,0.12,7.0,MontroseBeach201608171800,2016-08-17 18:00:00
3531,Montrose Beach,1471460400.0,25.2,0.0,0.114,6.0,MontroseBeach201608171900,2016-08-17 19:00:00
3533,Montrose Beach,1471464000.0,24.9,0.0,0.109,5.0,MontroseBeach201608172000,2016-08-17 20:00:00
3535,Montrose Beach,1471467600.0,24.5,0.0,0.113,4.0,MontroseBeach201608172100,2016-08-17 21:00:00
3538,Montrose Beach,1471471200.0,24.4,0.0,0.13,4.0,MontroseBeach201608172200,2016-08-17 22:00:00
3539,Montrose Beach,1471474800.0,24.3,0.0,0.11,4.0,MontroseBeach201608172300,2016-08-17 23:00:00
3542,Montrose Beach,1471478400.0,24.2,0.0,0.126,7.0,MontroseBeach201608182400,2016-08-18 00:00:00
3543,Montrose Beach,1471482000.0,24.1,0.0,0.125,6.0,MontroseBeach201608180100,2016-08-18 01:00:00
3546,Montrose Beach,1471485600.0,24.1,0.0,0.147,3.0,MontroseBeach201608180200,2016-08-18 02:00:00
3547,Montrose Beach,1471489200.0,24.0,0.0,0.151,5.0,MontroseBeach201608180300,2016-08-18 03:00:00
3549,Montrose Beach,1471492800.0,24.0,0.0,0.141,4.0,MontroseBeach201608180400,2016-08-18 04:00:00
3551,Montrose Beach,1471496400.0,23.9,0.0,0.135,4.0,MontroseBeach201608180500,2016-08-18 05:00:00
3554,Montrose Beach,1471500000.0,23.9,0.0,0.13,8.0,MontroseBeach201608180600,2016-08-18 06:00:00
3555,Montrose Beach,1471503600.0,23.8,0.0,0.127,6.0,MontroseBeach201608180700,2016-08-18 07:00:00
3557,Montrose Beach,1471507200.0,23.8,0.0,0.157,2.0,MontroseBeach201608180800,2016-08-18 08:00:00
3559,Montrose Beach,1471510800.0,23.7,0.0,0.136,5.0,MontroseBeach201608180900,2016-08-18 09:00:00
3561,Montrose Beach,1471514400.0,23.9,0.0,0.132,4.0,MontroseBeach201608181000,2016-08-18 10:00:00
3563,Montrose Beach,1471518000.0,24.1,0.0,0.122,3.0,MontroseBeach201608181100,2016-08-18 11:00:00
3566,Montrose Beach,1471521600.0,24.2,0.0,0.125,3.0,MontroseBeach201608181200,2016-08-18 12:00:00
3567,Montrose Beach,1471525200.0,24.6,0.0,0.122,3.0,MontroseBeach201608181300,2016-08-18 13:00:00
3569,Montrose Beach,1471528800.0,24.5,0.0,0.133,3.0,MontroseBeach201608181400,2016-08-18 14:00:00
3571,Montrose Beach,1471532400.0,24.6,0.0,0.122,3.0,MontroseBeach201608181500,2016-08-18 15:00:00
3573,Montrose Beach,1471536000.0,24.5,0.0,0.119,3.0,MontroseBeach201608181600,2016-08-18 16:00:00
3575,Montrose Beach,1471539600.0,24.6,0.0,0.146,3.0,MontroseBeach201608181700,2016-08-18 17:00:00
3578,Montrose Beach,1471543200.0,24.3,0.0,0.173,3.0,MontroseBeach201608181800,2016-08-18 18:00:00
3579,Montrose Beach,1471546800.0,24.2,0.0,0.159,3.0,MontroseBeach201608181900,2016-08-18 19:00:00
3582,Montrose Beach,1471550400.0,23.5,0.0,0.144,5.0,MontroseBeach201608182000,2016-08-18 20:00:00
3583,Montrose Beach,1471554000.0,23.3,0.0,0.105,3.0,MontroseBeach201608182100,2016-08-18 21:00:00
3585,Montrose Beach,1471557600.0,23.1,0.0,0.112,5.0,MontroseBeach201608182200,2016-08-18 22:00:00
3588,Montrose Beach,1471561200.0,22.8,0.0,0.107,3.0,MontroseBeach201608182300,2016-08-18 23:00:00
3589,Montrose Beach,1471564800.0,22.6,0.0,0.106,3.0,MontroseBeach201608192400,2016-08-19 00:00:00
3592,Montrose Beach,1471568400.0,22.3,0.0,0.107,7.0,MontroseBeach201608190100,2016-08-19 01:00:00
3593,Montrose Beach,1471572000.0,22.2,0.0,0.113,6.0,MontroseBeach201608190200,2016-08-19 02:00:00
3596,Montrose Beach,1471575600.0,22.2,0.0,0.11,5.0,MontroseBeach201608190300,2016-08-19 03:00:00
3598,Montrose Beach,1471579200.0,22.1,0.0,0.117,3.0,MontroseBeach201608190400,2016-08-19 04:00:00
3599,Montrose Beach,1471582800.0,22.1,0.0,0.112,3.0,MontroseBeach201608190500,2016-08-19 05:00:00
3602,Montrose Beach,1471586400.0,22.5,0.0,0.109,4.0,MontroseBeach201608190600,2016-08-19 06:00:00
3604,Montrose Beach,1471590000.0,22.1,0.0,0.107,7.0,MontroseBeach201608190700,2016-08-19 07:00:00
3605,Montrose Beach,1471593600.0,22.1,0.0,0.105,6.0,MontroseBeach201608190800,2016-08-19 08:00:00
3607,Montrose Beach,1471597200.0,22.1,0.0,0.104,3.0,MontroseBeach201608190900,2016-08-19 09:00:00
3609,Montrose Beach,1471600800.0,22.1,0.0,0.126,3.0,MontroseBeach201608191000,2016-08-19 10:00:00
3611,Montrose Beach,1471604400.0,21.9,0.0,0.231,3.0,MontroseBeach201608191100,2016-08-19 11:00:00
3612,Montrose Beach,1471608000.0,21.9,0.0,0.193,3.0,MontroseBeach201608191200,2016-08-19 12:00:00
3614,Montrose Beach,1471611600.0,22.0,0.0,0.197,3.0,MontroseBeach201608191300,2016-08-19 13:00:00
3617,Montrose Beach,1471615200.0,22.2,0.0,0.182,3.0,MontroseBeach201608191400,2016-08-19 14:00:00
3618,Montrose Beach,1471618800.0,22.8,0.0,0.152,3.0,MontroseBeach201608191500,2016-08-19 15:00:00
3621,Montrose Beach,1471622400.0,22.7,0.0,0.184,3.0,MontroseBeach201608191600,2016-08-19 16:00:00
3622,Montrose Beach,1471647600.0,22.0,0.0,0.114,6.0,MontroseBeach201608192300,2016-08-19 23:00:00
3625,Montrose Beach,1471651200.0,21.7,0.0,0.1,6.0,MontroseBeach201608202400,2016-08-20 00:00:00
3626,Montrose Beach,1471654800.0,21.4,0.0,0.107,6.0,MontroseBeach201608200100,2016-08-20 01:00:00
3629,Montrose Beach,1471658400.0,21.0,0.0,0.093,6.0,MontroseBeach201608200200,2016-08-20 02:00:00
3631,Montrose Beach,1471662000.0,20.6,0.0,0.122,6.0,MontroseBeach201608200300,2016-08-20 03:00:00
3632,Montrose Beach,1471665600.0,20.4,0.0,0.096,4.0,MontroseBeach201608200400,2016-08-20 04:00:00
3635,Montrose Beach,1471669200.0,20.6,0.0,0.11,9.0,MontroseBeach201608200500,2016-08-20 05:00:00
3637,Montrose Beach,1471672800.0,20.5,0.0,0.127,3.0,MontroseBeach201608200600,2016-08-20 06:00:00
3639,Montrose Beach,1471676400.0,20.1,0.0,0.131,4.0,MontroseBeach201608200700,2016-08-20 07:00:00
3641,Montrose Beach,1471680000.0,20.0,0.0,0.141,4.0,MontroseBeach201608200800,2016-08-20 08:00:00
3642,Montrose Beach,1471683600.0,20.0,0.0,0.146,4.0,MontroseBeach201608200900,2016-08-20 09:00:00
3645,Montrose Beach,1471687200.0,19.9,0.0,0.147,4.0,MontroseBeach201608201000,2016-08-20 10:00:00
3647,Montrose Beach,1471690800.0,20.3,0.0,0.139,4.0,MontroseBeach201608201100,2016-08-20 11:00:00
3648,Montrose Beach,1471694400.0,20.2,0.0,0.131,4.0,MontroseBeach201608201200,2016-08-20 12:00:00
3650,Montrose Beach,1471698000.0,20.1,0.0,0.129,4.0,MontroseBeach201608201300,2016-08-20 13:00:00
3652,Montrose Beach,1471701600.0,19.8,0.0,0.127,4.0,MontroseBeach201608201400,2016-08-20 14:00:00
3655,Montrose Beach,1471705200.0,20.0,0.0,0.116,3.0,MontroseBeach201608201500,2016-08-20 15:00:00
3657,Montrose Beach,1471708800.0,19.9,0.0,0.127,4.0,MontroseBeach201608201600,2016-08-20 16:00:00
3658,Montrose Beach,1471712400.0,19.7,0.0,0.114,8.0,MontroseBeach201608201700,2016-08-20 17:00:00
3661,Montrose Beach,1471719600.0,19.1,0.0,0.158,2.0,MontroseBeach201608201900,2016-08-20 19:00:00
3663,Montrose Beach,1471723200.0,18.7,0.0,0.192,3.0,MontroseBeach201608202000,2016-08-20 20:00:00
3665,Montrose Beach,1471726800.0,18.6,0.0,0.181,3.0,MontroseBeach201608202100,2016-08-20 21:00:00
3666,Montrose Beach,1471730400.0,18.5,0.0,0.188,3.0,MontroseBeach201608202200,2016-08-20 22:00:00
3668,Montrose Beach,1471734000.0,18.3,0.0,0.19,3.0,MontroseBeach201608202300,2016-08-20 23:00:00
3671,Montrose Beach,1471737600.0,18.4,0.0,0.211,3.0,MontroseBeach201608212400,2016-08-21 00:00:00
3673,Montrose Beach,1471744800.0,18.5,0.0,0.224,5.0,MontroseBeach201608210200,2016-08-21 02:00:00
3675,Montrose Beach,1471748400.0,18.7,0.0,0.225,4.0,MontroseBeach201608210300,2016-08-21 03:00:00
3677,Montrose Beach,1471752000.0,18.7,0.0,0.222,5.0,MontroseBeach201608210400,2016-08-21 04:00:00
3679,Montrose Beach,1471755600.0,18.7,0.0,0.218,3.0,MontroseBeach201608210500,2016-08-21 05:00:00
3681,Montrose Beach,1471759200.0,18.6,0.0,0.228,4.0,MontroseBeach201608210600,2016-08-21 06:00:00
3682,Montrose Beach,1471762800.0,18.5,0.0,0.211,4.0,MontroseBeach201608210700,2016-08-21 07:00:00
3685,Montrose Beach,1471766400.0,18.5,0.0,0.196,4.0,MontroseBeach201608210800,2016-08-21 08:00:00
3686,Montrose Beach,1471770000.0,18.6,0.0,0.205,4.0,MontroseBeach201608210900,2016-08-21 09:00:00
3688,Montrose Beach,1471773600.0,18.7,0.0,0.257,4.0,MontroseBeach201608211000,2016-08-21 10:00:00
3691,Montrose Beach,1471777200.0,18.9,0.0,0.282,5.0,MontroseBeach201608211100,2016-08-21 11:00:00
3692,Montrose Beach,1471780800.0,19.2,0.0,0.283,3.0,MontroseBeach201608211200,2016-08-21 12:00:00
3694,Montrose Beach,1471784400.0,19.3,0.03,0.289,4.0,MontroseBeach201608211300,2016-08-21 13:00:00
3696,Montrose Beach,1471788000.0,19.5,0.0,0.303,3.0,MontroseBeach201608211400,2016-08-21 14:00:00
3698,Montrose Beach,1471791600.0,19.7,0.0,0.302,3.0,MontroseBeach201608211500,2016-08-21 15:00:00
3700,Montrose Beach,1471795200.0,19.8,0.0,0.31,3.0,MontroseBeach201608211600,2016-08-21 16:00:00
3702,Montrose Beach,1471798800.0,19.8,0.0,0.295,3.0,MontroseBeach201608211700,2016-08-21 17:00:00
3704,Montrose Beach,1471802400.0,19.7,0.0,0.292,3.0,MontroseBeach201608211800,2016-08-21 18:00:00
3707,Montrose Beach,1471806000.0,19.6,0.0,0.294,4.0,MontroseBeach201608211900,2016-08-21 19:00:00
3708,Montrose Beach,1471809600.0,19.5,0.0,0.296,3.0,MontroseBeach201608212000,2016-08-21 20:00:00
3711,Montrose Beach,1471813200.0,19.4,0.0,0.277,6.0,MontroseBeach201608212100,2016-08-21 21:00:00
3713,Montrose Beach,1471816800.0,19.3,0.0,0.268,5.0,MontroseBeach201608212200,2016-08-21 22:00:00
3715,Montrose Beach,1471820400.0,19.2,0.0,0.256,6.0,MontroseBeach201608212300,2016-08-21 23:00:00
3716,Montrose Beach,1471824000.0,19.1,0.0,0.262,5.0,MontroseBeach201608222400,2016-08-22 00:00:00
3719,Montrose Beach,1471827600.0,19.1,0.0,0.279,5.0,MontroseBeach201608220100,2016-08-22 01:00:00
3721,Montrose Beach,1471831200.0,19.1,0.0,0.259,4.0,MontroseBeach201608220200,2016-08-22 02:00:00
3722,Montrose Beach,1471834800.0,19.0,0.0,0.256,5.0,MontroseBeach201608220300,2016-08-22 03:00:00
3724,Montrose Beach,1471838400.0,18.9,0.0,0.239,4.0,MontroseBeach201608220400,2016-08-22 04:00:00
3726,Montrose Beach,1471842000.0,19.6,0.0,0.226,4.0,MontroseBeach201608220500,2016-08-22 05:00:00
3729,Montrose Beach,1471845600.0,19.4,0.0,0.229,6.0,MontroseBeach201608220600,2016-08-22 06:00:00
3731,Montrose Beach,1471849200.0,19.4,0.0,0.229,7.0,MontroseBeach201608220700,2016-08-22 07:00:00
3732,Montrose Beach,1471852800.0,19.5,0.0,0.214,6.0,MontroseBeach201608220800,2016-08-22 08:00:00
3734,Montrose Beach,1471856400.0,19.7,0.0,0.224,5.0,MontroseBeach201608220900,2016-08-22 09:00:00
3737,Montrose Beach,1471860000.0,20.1,0.0,0.22,5.0,MontroseBeach201608221000,2016-08-22 10:00:00
3738,Montrose Beach,1471863600.0,20.3,0.0,0.216,6.0,MontroseBeach201608221100,2016-08-22 11:00:00
3740,Montrose Beach,1471867200.0,20.5,0.0,0.207,5.0,MontroseBeach201608221200,2016-08-22 12:00:00
3743,Montrose Beach,1471870800.0,21.2,0.0,0.2,4.0,MontroseBeach201608221300,2016-08-22 13:00:00
3745,Montrose Beach,1471874400.0,21.1,0.0,0.213,4.0,MontroseBeach201608221400,2016-08-22 14:00:00
3747,Montrose Beach,1471878000.0,21.1,0.0,0.2,5.0,MontroseBeach201608221500,2016-08-22 15:00:00
3748,Montrose Beach,1471881600.0,21.2,0.0,0.183,5.0,MontroseBeach201608221600,2016-08-22 16:00:00
3751,Montrose Beach,1471885200.0,21.6,0.0,0.174,4.0,MontroseBeach201608221700,2016-08-22 17:00:00
3752,Montrose Beach,1471888800.0,21.6,0.0,0.16,3.0,MontroseBeach201608221800,2016-08-22 18:00:00
3755,Montrose Beach,1471892400.0,21.2,0.0,0.151,6.0,MontroseBeach201608221900,2016-08-22 19:00:00
3756,Montrose Beach,1471896000.0,21.0,0.0,0.131,5.0,MontroseBeach201608222000,2016-08-22 20:00:00
3759,Montrose Beach,1471899600.0,20.9,0.0,0.143,2.0,MontroseBeach201608222100,2016-08-22 21:00:00
3761,Montrose Beach,1471903200.0,20.7,0.0,0.107,5.0,MontroseBeach201608222200,2016-08-22 22:00:00
3762,Montrose Beach,1471906800.0,20.6,0.0,0.105,7.0,MontroseBeach201608222300,2016-08-22 23:00:00
3765,Montrose Beach,1471910400.0,20.5,0.0,0.098,8.0,MontroseBeach201608232400,2016-08-23 00:00:00
3766,Montrose Beach,1471914000.0,20.3,0.0,0.11,7.0,MontroseBeach201608230100,2016-08-23 01:00:00
3769,Montrose Beach,1471917600.0,20.3,0.0,0.105,6.0,MontroseBeach201608230200,2016-08-23 02:00:00
3771,Montrose Beach,1471921200.0,20.2,0.0,0.1,6.0,MontroseBeach201608230300,2016-08-23 03:00:00
3772,Montrose Beach,1471924800.0,20.1,0.0,0.101,10.0,MontroseBeach201608230400,2016-08-23 04:00:00
3775,Montrose Beach,1471928400.0,20.0,0.0,0.098,3.0,MontroseBeach201608230500,2016-08-23 05:00:00
3776,Montrose Beach,1471932000.0,19.9,0.0,0.105,8.0,MontroseBeach201608230600,2016-08-23 06:00:00
3779,Montrose Beach,1471935600.0,19.6,0.0,0.096,6.0,MontroseBeach201608230700,2016-08-23 07:00:00
3780,Montrose Beach,1471939200.0,19.7,0.0,0.097,5.0,MontroseBeach201608230800,2016-08-23 08:00:00
3783,Montrose Beach,1471942800.0,19.9,0.0,0.105,3.0,MontroseBeach201608230900,2016-08-23 09:00:00
3785,Montrose Beach,1471946400.0,20.2,0.0,0.113,3.0,MontroseBeach201608231000,2016-08-23 10:00:00
3787,Montrose Beach,1471950000.0,20.4,0.0,0.108,4.0,MontroseBeach201608231100,2016-08-23 11:00:00
3788,Montrose Beach,1471953600.0,20.8,0.0,0.108,3.0,MontroseBeach201608231200,2016-08-23 12:00:00
3790,Montrose Beach,1471957200.0,20.9,0.0,0.119,3.0,MontroseBeach201608231300,2016-08-23 13:00:00
3793,Montrose Beach,1471960800.0,20.7,0.0,0.118,3.0,MontroseBeach201608231400,2016-08-23 14:00:00
3794,Montrose Beach,1471964400.0,20.2,0.0,0.138,2.0,MontroseBeach201608231500,2016-08-23 15:00:00
3797,Montrose Beach,1471968000.0,19.8,0.0,0.122,3.0,MontroseBeach201608231600,2016-08-23 16:00:00
3799,Montrose Beach,1471975200.0,19.2,0.0,0.164,2.0,MontroseBeach201608231800,2016-08-23 18:00:00
3801,Montrose Beach,1471978800.0,19.0,0.0,0.131,7.0,MontroseBeach201608231900,2016-08-23 19:00:00
3804,Montrose Beach,1471982400.0,18.6,0.0,0.114,6.0,MontroseBeach201608232000,2016-08-23 20:00:00
3806,Montrose Beach,1471986000.0,18.0,0.0,0.115,4.0,MontroseBeach201608232100,2016-08-23 21:00:00
3807,Montrose Beach,1471989600.0,17.2,0.0,0.106,3.0,MontroseBeach201608232200,2016-08-23 22:00:00
3810,Montrose Beach,1471993200.0,16.8,0.0,0.117,4.0,MontroseBeach201608232300,2016-08-23 23:00:00
3811,Montrose Beach,1471996800.0,16.6,0.0,0.116,3.0,MontroseBeach201608242400,2016-08-24 00:00:00
3814,Montrose Beach,1472000400.0,16.4,0.0,0.121,6.0,MontroseBeach201608240100,2016-08-24 01:00:00
3815,Montrose Beach,1472004000.0,16.3,0.0,0.122,3.0,MontroseBeach201608240200,2016-08-24 02:00:00
3818,Montrose Beach,1472007600.0,16.3,0.0,0.126,4.0,MontroseBeach201608240300,2016-08-24 03:00:00
3819,Montrose Beach,1472011200.0,16.3,0.0,0.126,4.0,MontroseBeach201608240400,2016-08-24 04:00:00
3822,Montrose Beach,1472014800.0,16.5,0.0,0.127,3.0,MontroseBeach201608240500,2016-08-24 05:00:00
3823,Montrose Beach,1472018400.0,16.6,0.0,0.122,3.0,MontroseBeach201608240600,2016-08-24 06:00:00
3826,Montrose Beach,1472022000.0,16.4,0.0,0.123,3.0,MontroseBeach201608240700,2016-08-24 07:00:00
3827,Montrose Beach,1472025600.0,16.5,0.0,0.113,4.0,MontroseBeach201608240800,2016-08-24 08:00:00
3830,Montrose Beach,1472029200.0,16.8,0.0,0.121,4.0,MontroseBeach201608240900,2016-08-24 09:00:00
3831,Montrose Beach,1472032800.0,16.8,0.0,0.122,4.0,MontroseBeach201608241000,2016-08-24 10:00:00
3834,Montrose Beach,1472036400.0,16.7,0.0,0.12,4.0,MontroseBeach201608241100,2016-08-24 11:00:00
3835,Montrose Beach,1472040000.0,16.8,0.0,0.125,3.0,MontroseBeach201608241200,2016-08-24 12:00:00
3838,Montrose Beach,1472043600.0,16.9,0.0,0.147,3.0,MontroseBeach201608241300,2016-08-24 13:00:00
3839,Montrose Beach,1472047200.0,16.6,0.0,0.137,4.0,MontroseBeach201608241400,2016-08-24 14:00:00
3842,Montrose Beach,1472050800.0,17.5,0.0,0.135,4.0,MontroseBeach201608241500,2016-08-24 15:00:00
3843,Montrose Beach,1472054400.0,17.8,0.0,0.137,3.0,MontroseBeach201608241600,2016-08-24 16:00:00
3846,Montrose Beach,1472058000.0,17.5,0.0,0.138,3.0,MontroseBeach201608241700,2016-08-24 17:00:00
3847,Montrose Beach,1472061600.0,17.1,0.0,0.138,10.0,MontroseBeach201608241800,2016-08-24 18:00:00
3850,Montrose Beach,1472065200.0,17.2,0.0,0.134,8.0,MontroseBeach201608241900,2016-08-24 19:00:00
3851,Montrose Beach,1472068800.0,17.0,0.0,0.127,4.0,MontroseBeach201608242000,2016-08-24 20:00:00
3853,Montrose Beach,1472072400.0,17.5,0.0,0.138,6.0,MontroseBeach201608242100,2016-08-24 21:00:00
3855,Montrose Beach,1472076000.0,17.3,0.0,0.134,6.0,MontroseBeach201608242200,2016-08-24 22:00:00
3858,Montrose Beach,1472079600.0,16.9,0.0,0.117,9.0,MontroseBeach201608242300,2016-08-24 23:00:00
3860,Montrose Beach,1472083200.0,16.5,0.0,0.115,8.0,MontroseBeach201608252400,2016-08-25 00:00:00
3861,Montrose Beach,1472086800.0,16.6,0.0,0.109,7.0,MontroseBeach201608250100,2016-08-25 01:00:00
3864,Montrose Beach,1472090400.0,16.6,0.0,0.096,6.0,MontroseBeach201608250200,2016-08-25 02:00:00
3866,Montrose Beach,1472094000.0,16.5,0.0,0.123,7.0,MontroseBeach201608250300,2016-08-25 03:00:00
3868,Montrose Beach,1472097600.0,16.3,0.0,0.099,9.0,MontroseBeach201608250400,2016-08-25 04:00:00
3869,Montrose Beach,1472101200.0,16.4,0.0,0.101,10.0,MontroseBeach201608250500,2016-08-25 05:00:00
3872,Montrose Beach,1472104800.0,16.3,0.0,0.108,8.0,MontroseBeach201608250600,2016-08-25 06:00:00
3873,Montrose Beach,1472108400.0,16.2,0.0,0.123,7.0,MontroseBeach201608250700,2016-08-25 07:00:00
3875,Montrose Beach,1472112000.0,16.1,0.0,0.109,6.0,MontroseBeach201608250800,2016-08-25 08:00:00
3878,Montrose Beach,1472115600.0,16.0,0.0,0.119,7.0,MontroseBeach201608250900,2016-08-25 09:00:00
3879,Montrose Beach,1472119200.0,16.3,0.0,0.117,6.0,MontroseBeach201608251000,2016-08-25 10:00:00
3882,Montrose Beach,1472122800.0,16.2,0.0,0.104,3.0,MontroseBeach201608251100,2016-08-25 11:00:00
3883,Montrose Beach,1472126400.0,17.3,0.0,0.107,7.0,MontroseBeach201608251200,2016-08-25 12:00:00
3886,Montrose Beach,1472130000.0,18.0,0.0,0.168,3.0,MontroseBeach201608251300,2016-08-25 13:00:00
3887,Montrose Beach,1472133600.0,18.9,0.0,0.188,3.0,MontroseBeach201608251400,2016-08-25 14:00:00
3890,Montrose Beach,1472137200.0,19.4,0.0,0.183,2.0,MontroseBeach201608251500,2016-08-25 15:00:00
3891,Montrose Beach,1472140800.0,20.1,0.0,0.176,4.0,MontroseBeach201608251600,2016-08-25 16:00:00
3894,Montrose Beach,1472144400.0,20.2,0.0,0.18,8.0,MontroseBeach201608251700,2016-08-25 17:00:00
3895,Montrose Beach,1472148000.0,19.4,0.0,0.167,3.0,MontroseBeach201608251800,2016-08-25 18:00:00
3898,Montrose Beach,1472151600.0,18.8,0.0,0.173,3.0,MontroseBeach201608251900,2016-08-25 19:00:00
3899,Montrose Beach,1472155200.0,18.6,0.0,0.169,3.0,MontroseBeach201608252000,2016-08-25 20:00:00
3901,Montrose Beach,1472158800.0,19.4,0.0,0.151,3.0,MontroseBeach201608252100,2016-08-25 21:00:00
3904,Montrose Beach,1472162400.0,19.4,0.0,0.141,4.0,MontroseBeach201608252200,2016-08-25 22:00:00
3905,Montrose Beach,1472166000.0,18.9,0.0,0.145,3.0,MontroseBeach201608252300,2016-08-25 23:00:00
3908,Montrose Beach,1472169600.0,18.6,0.0,0.136,3.0,MontroseBeach201608262400,2016-08-26 00:00:00
3909,Montrose Beach,1472173200.0,18.4,0.0,0.142,3.0,MontroseBeach201608260100,2016-08-26 01:00:00
3912,Montrose Beach,1472176800.0,18.2,0.0,0.142,6.0,MontroseBeach201608260200,2016-08-26 02:00:00
3913,Montrose Beach,1472180400.0,18.1,0.0,0.171,3.0,MontroseBeach201608260300,2016-08-26 03:00:00
3916,Montrose Beach,1472184000.0,18.1,0.0,0.156,3.0,MontroseBeach201608260400,2016-08-26 04:00:00
3917,Montrose Beach,1472187600.0,18.0,0.0,0.198,3.0,MontroseBeach201608260500,2016-08-26 05:00:00
3920,Montrose Beach,1472191200.0,17.8,0.0,0.244,3.0,MontroseBeach201608260600,2016-08-26 06:00:00
3921,Montrose Beach,1472194800.0,17.7,0.0,0.247,3.0,MontroseBeach201608260700,2016-08-26 07:00:00
3924,Montrose Beach,1472198400.0,17.6,0.0,0.272,3.0,MontroseBeach201608260800,2016-08-26 08:00:00
3925,Montrose Beach,1472202000.0,17.7,0.0,0.291,3.0,MontroseBeach201608260900,2016-08-26 09:00:00
3928,Montrose Beach,1472205600.0,17.7,0.0,0.29,4.0,MontroseBeach201608261000,2016-08-26 10:00:00
3929,Montrose Beach,1472209200.0,17.8,0.0,0.266,4.0,MontroseBeach201608261100,2016-08-26 11:00:00
3932,Montrose Beach,1472212800.0,18.0,0.0,0.262,3.0,MontroseBeach201608261200,2016-08-26 12:00:00
3933,Montrose Beach,1472216400.0,18.3,0.0,0.231,3.0,MontroseBeach201608261300,2016-08-26 13:00:00
3936,Montrose Beach,1472220000.0,18.6,0.0,0.234,4.0,MontroseBeach201608261400,2016-08-26 14:00:00
3937,Montrose Beach,1472223600.0,18.9,0.0,0.215,3.0,MontroseBeach201608261500,2016-08-26 15:00:00
3940,Montrose Beach,1472227200.0,19.1,0.0,0.197,4.0,MontroseBeach201608261600,2016-08-26 16:00:00
3941,Montrose Beach,1472230800.0,19.4,0.0,0.237,4.0,MontroseBeach201608261700,2016-08-26 17:00:00
3944,Montrose Beach,1472234400.0,19.5,0.0,0.248,2.0,MontroseBeach201608261800,2016-08-26 18:00:00
3945,Montrose Beach,1472238000.0,19.5,0.0,0.265,3.0,MontroseBeach201608261900,2016-08-26 19:00:00
3947,Montrose Beach,1472241600.0,19.7,0.0,0.29,3.0,MontroseBeach201608262000,2016-08-26 20:00:00
3950,Montrose Beach,1472245200.0,19.7,0.0,0.314,3.0,MontroseBeach201608262100,2016-08-26 21:00:00
3951,Montrose Beach,1472248800.0,19.7,0.0,0.324,4.0,MontroseBeach201608262200,2016-08-26 22:00:00
3954,Montrose Beach,1472252400.0,19.7,0.0,0.314,4.0,MontroseBeach201608262300,2016-08-26 23:00:00
3955,Montrose Beach,1472256000.0,19.7,0.0,0.352,3.0,MontroseBeach201608272400,2016-08-27 00:00:00
3958,Montrose Beach,1472259600.0,19.7,0.0,0.357,4.0,MontroseBeach201608270100,2016-08-27 01:00:00
3959,Montrose Beach,1472263200.0,19.8,0.0,0.352,4.0,MontroseBeach201608270200,2016-08-27 02:00:00
3962,Montrose Beach,1472266800.0,19.8,0.0,0.341,4.0,MontroseBeach201608270300,2016-08-27 03:00:00
3963,Montrose Beach,1472270400.0,19.9,0.0,0.35,4.0,MontroseBeach201608270400,2016-08-27 04:00:00
3965,Montrose Beach,1472274000.0,19.8,0.0,0.341,4.0,MontroseBeach201608270500,2016-08-27 05:00:00
3968,Montrose Beach,1472277600.0,19.7,0.0,0.319,4.0,MontroseBeach201608270600,2016-08-27 06:00:00
3970,Montrose Beach,1472281200.0,19.7,0.0,0.312,4.0,MontroseBeach201608270700,2016-08-27 07:00:00
3971,Montrose Beach,1472284800.0,19.6,0.0,0.276,4.0,MontroseBeach201608270800,2016-08-27 08:00:00
3974,Montrose Beach,1472288400.0,19.4,0.0,0.278,4.0,MontroseBeach201608270900,2016-08-27 09:00:00
3975,Montrose Beach,1472292000.0,19.4,0.0,0.249,4.0,MontroseBeach201608271000,2016-08-27 10:00:00
3978,Montrose Beach,1472295600.0,19.2,0.0,0.274,4.0,MontroseBeach201608271100,2016-08-27 11:00:00
3980,Montrose Beach,1472299200.0,18.8,0.0,0.27,4.0,MontroseBeach201608271200,2016-08-27 12:00:00
3981,Montrose Beach,1472302800.0,18.7,0.0,0.241,4.0,MontroseBeach201608271300,2016-08-27 13:00:00
3984,Montrose Beach,1472306400.0,18.2,0.0,0.262,4.0,MontroseBeach201608271400,2016-08-27 14:00:00
3985,Montrose Beach,1472310000.0,17.3,0.0,0.229,4.0,MontroseBeach201608271500,2016-08-27 15:00:00
3988,Montrose Beach,1472313600.0,17.4,0.0,0.23,4.0,MontroseBeach201608271600,2016-08-27 16:00:00
3989,Montrose Beach,1472317200.0,16.7,0.0,0.229,4.0,MontroseBeach201608271700,2016-08-27 17:00:00
3992,Montrose Beach,1472320800.0,16.3,0.0,0.233,4.0,MontroseBeach201608271800,2016-08-27 18:00:00
3993,Montrose Beach,1472324400.0,15.9,0.0,0.218,4.0,MontroseBeach201608271900,2016-08-27 19:00:00
3996,Montrose Beach,1472328000.0,16.0,0.0,0.212,4.0,MontroseBeach201608272000,2016-08-27 20:00:00
3997,Montrose Beach,1472331600.0,16.1,0.0,0.199,3.0,MontroseBeach201608272100,2016-08-27 21:00:00
4000,Montrose Beach,1472335200.0,15.9,0.0,0.17,3.0,MontroseBeach201608272200,2016-08-27 22:00:00
4001,Montrose Beach,1472338800.0,15.9,0.0,0.153,3.0,MontroseBeach201608272300,2016-08-27 23:00:00
4004,Montrose Beach,1472342400.0,16.0,0.0,0.14,3.0,MontroseBeach201608282400,2016-08-28 00:00:00
4005,Montrose Beach,1472349600.0,16.1,0.0,0.133,6.0,MontroseBeach201608280200,2016-08-28 02:00:00
4008,Montrose Beach,1472353200.0,16.4,0.0,0.116,6.0,MontroseBeach201608280300,2016-08-28 03:00:00
4009,Montrose Beach,1472356800.0,16.3,0.0,0.116,5.0,MontroseBeach201608280400,2016-08-28 04:00:00
4012,Montrose Beach,1472360400.0,16.2,0.0,0.088,10.0,MontroseBeach201608280500,2016-08-28 05:00:00
4013,Montrose Beach,1472364000.0,16.2,0.0,0.103,4.0,MontroseBeach201608280600,2016-08-28 06:00:00
4016,Montrose Beach,1472367600.0,16.7,0.0,0.104,7.0,MontroseBeach201608280700,2016-08-28 07:00:00
4017,Montrose Beach,1472371200.0,16.6,0.0,0.123,6.0,MontroseBeach201608280800,2016-08-28 08:00:00
4020,Montrose Beach,1472374800.0,16.8,0.0,0.128,5.0,MontroseBeach201608280900,2016-08-28 09:00:00
4021,Montrose Beach,1472378400.0,17.2,0.0,0.136,4.0,MontroseBeach201608281000,2016-08-28 10:00:00
4024,Montrose Beach,1472382000.0,18.3,0.0,0.172,3.0,MontroseBeach201608281100,2016-08-28 11:00:00
4025,Montrose Beach,1472385600.0,18.6,0.0,0.217,3.0,MontroseBeach201608281200,2016-08-28 12:00:00
4028,Montrose Beach,1472389200.0,19.3,0.0,0.221,3.0,MontroseBeach201608281300,2016-08-28 13:00:00
4029,Montrose Beach,1472392800.0,19.9,0.0,0.269,3.0,MontroseBeach201608281400,2016-08-28 14:00:00
4032,Montrose Beach,1472396400.0,19.9,0.0,0.27,3.0,MontroseBeach201608281500,2016-08-28 15:00:00
4033,Montrose Beach,1472400000.0,20.5,0.0,0.235,3.0,MontroseBeach201608281600,2016-08-28 16:00:00
4036,Montrose Beach,1472403600.0,20.8,0.0,0.252,3.0,MontroseBeach201608281700,2016-08-28 17:00:00
4037,Montrose Beach,1472407200.0,21.2,0.0,0.228,3.0,MontroseBeach201608281800,2016-08-28 18:00:00
4040,Montrose Beach,1472410800.0,21.1,0.0,0.253,3.0,MontroseBeach201608281900,2016-08-28 19:00:00
4041,Montrose Beach,1472414400.0,21.1,0.0,0.268,3.0,MontroseBeach201608282000,2016-08-28 20:00:00
4044,Montrose Beach,1472418000.0,20.9,0.0,0.273,3.0,MontroseBeach201608282100,2016-08-28 21:00:00
4045,Montrose Beach,1472421600.0,20.9,0.0,0.291,3.0,MontroseBeach201608282200,2016-08-28 22:00:00
4048,Montrose Beach,1472425200.0,21.1,0.0,0.293,3.0,MontroseBeach201608282300,2016-08-28 23:00:00
4050,Montrose Beach,1472428800.0,21.0,0.0,0.292,4.0,MontroseBeach201608292400,2016-08-29 00:00:00
4052,Montrose Beach,1472432400.0,21.2,0.0,0.267,4.0,MontroseBeach201608290100,2016-08-29 01:00:00
4053,Montrose Beach,1472436000.0,21.1,0.0,0.248,4.0,MontroseBeach201608290200,2016-08-29 02:00:00
4056,Montrose Beach,1472439600.0,21.2,0.0,0.246,3.0,MontroseBeach201608290300,2016-08-29 03:00:00
4057,Montrose Beach,1472443200.0,21.2,0.0,0.237,3.0,MontroseBeach201608290400,2016-08-29 04:00:00
4060,Montrose Beach,1472446800.0,21.2,0.0,0.258,3.0,MontroseBeach201608290500,2016-08-29 05:00:00
4061,Montrose Beach,1472450400.0,21.2,0.0,0.247,3.0,MontroseBeach201608290600,2016-08-29 06:00:00
4064,Montrose Beach,1472454000.0,21.2,0.0,0.253,3.0,MontroseBeach201608290700,2016-08-29 07:00:00
4065,Montrose Beach,1472457600.0,21.2,0.0,0.244,3.0,MontroseBeach201608290800,2016-08-29 08:00:00
4068,Montrose Beach,1472461200.0,21.6,0.0,0.239,3.0,MontroseBeach201608290900,2016-08-29 09:00:00
4069,Montrose Beach,1472464800.0,21.9,0.0,0.235,3.0,MontroseBeach201608291000,2016-08-29 10:00:00
4072,Montrose Beach,1472468400.0,22.2,0.0,0.231,3.0,MontroseBeach201608291100,2016-08-29 11:00:00
4073,Montrose Beach,1472472000.0,22.7,0.0,0.222,2.0,MontroseBeach201608291200,2016-08-29 12:00:00
4075,Montrose Beach,1472475600.0,22.9,0.0,0.237,3.0,MontroseBeach201608291300,2016-08-29 13:00:00
4078,Montrose Beach,1472479200.0,23.3,0.0,0.236,3.0,MontroseBeach201608291400,2016-08-29 14:00:00
4079,Montrose Beach,1472482800.0,23.6,0.03,0.217,3.0,MontroseBeach201608291500,2016-08-29 15:00:00
4081,Montrose Beach,1472486400.0,23.6,0.0,0.23,3.0,MontroseBeach201608291600,2016-08-29 16:00:00
4084,Montrose Beach,1472490000.0,24.0,0.0,0.237,3.0,MontroseBeach201608291700,2016-08-29 17:00:00
4085,Montrose Beach,1472493600.0,23.7,0.0,0.233,3.0,MontroseBeach201608291800,2016-08-29 18:00:00
4088,Montrose Beach,1472497200.0,23.6,0.0,0.213,3.0,MontroseBeach201608291900,2016-08-29 19:00:00
4090,Montrose Beach,1472500800.0,23.5,0.0,0.195,3.0,MontroseBeach201608292000,2016-08-29 20:00:00
4091,Montrose Beach,1472504400.0,23.4,0.0,0.184,3.0,MontroseBeach201608292100,2016-08-29 21:00:00
4093,Montrose Beach,1472508000.0,23.3,0.0,0.198,3.0,MontroseBeach201608292200,2016-08-29 22:00:00
4096,Montrose Beach,1472511600.0,23.3,0.0,0.188,2.0,MontroseBeach201608292300,2016-08-29 23:00:00
4097,Montrose Beach,1472515200.0,23.9,0.0,0.19,3.0,MontroseBeach201608302400,2016-08-30 00:00:00
4099,Montrose Beach,1472518800.0,23.4,0.0,0.197,6.0,MontroseBeach201608300100,2016-08-30 01:00:00
4102,Montrose Beach,1472522400.0,23.2,0.0,0.188,3.0,MontroseBeach201608300200,2016-08-30 02:00:00
4104,Montrose Beach,1472526000.0,23.2,0.0,0.191,2.0,MontroseBeach201608300300,2016-08-30 03:00:00
4105,Montrose Beach,1472529600.0,23.2,0.0,0.178,3.0,MontroseBeach201608300400,2016-08-30 04:00:00
4107,Montrose Beach,1472533200.0,23.2,0.0,0.16,2.0,MontroseBeach201608300500,2016-08-30 05:00:00
4109,Montrose Beach,1472536800.0,23.2,0.0,0.161,2.0,MontroseBeach201608300600,2016-08-30 06:00:00
4112,Montrose Beach,1472540400.0,23.2,0.0,0.145,2.0,MontroseBeach201608300700,2016-08-30 07:00:00
4113,Montrose Beach,1472544000.0,23.1,0.0,0.176,2.0,MontroseBeach201608300800,2016-08-30 08:00:00
4116,Montrose Beach,1472547600.0,23.1,0.0,0.204,3.0,MontroseBeach201608300900,2016-08-30 09:00:00
4117,Montrose Beach,1472551200.0,23.2,0.0,0.19,3.0,MontroseBeach201608301000,2016-08-30 10:00:00
4120,Montrose Beach,1472554800.0,23.3,0.0,0.211,3.0,MontroseBeach201608301100,2016-08-30 11:00:00
4121,Montrose Beach,1472558400.0,23.4,0.0,0.221,3.0,MontroseBeach201608301200,2016-08-30 12:00:00
4124,Montrose Beach,1472562000.0,24.0,0.0,0.247,4.0,MontroseBeach201608301300,2016-08-30 13:00:00
4125,Montrose Beach,1472565600.0,23.9,0.0,0.216,4.0,MontroseBeach201608301400,2016-08-30 14:00:00
4128,Montrose Beach,1472569200.0,24.1,0.0,0.205,4.0,MontroseBeach201608301500,2016-08-30 15:00:00
4130,Montrose Beach,1472572800.0,24.5,0.0,0.2,4.0,MontroseBeach201608301600,2016-08-30 16:00:00
4131,Montrose Beach,1472576400.0,24.7,0.0,0.18,3.0,MontroseBeach201608301700,2016-08-30 17:00:00
4135,Montrose Beach,1472583600.0,23.7,0.0,0.196,2.0,MontroseBeach201608301900,2016-08-30 19:00:00
4137,Montrose Beach,1472587200.0,23.7,0.0,0.155,3.0,MontroseBeach201608302000,2016-08-30 20:00:00
4139,Montrose Beach,1472590800.0,23.7,0.0,0.169,3.0,MontroseBeach201608302100,2016-08-30 21:00:00
4140,Montrose Beach,1472594400.0,23.7,0.0,0.157,2.0,MontroseBeach201608302200,2016-08-30 22:00:00
4143,Montrose Beach,1472598000.0,23.7,0.0,0.144,2.0,MontroseBeach201608302300,2016-08-30 23:00:00
4145,Montrose Beach,1472601600.0,23.6,0.0,0.108,8.0,MontroseBeach201608312400,2016-08-31 00:00:00
4146,Montrose Beach,1472605200.0,23.5,0.0,0.116,7.0,MontroseBeach201608310100,2016-08-31 01:00:00
4148,Montrose Beach,1472608800.0,23.4,0.0,0.095,6.0,MontroseBeach201608310200,2016-08-31 02:00:00
4149,Montrose Beach,1472612400.0,23.3,0.0,0.099,5.0,MontroseBeach201608310300,2016-08-31 03:00:00
4152,Montrose Beach,1472616000.0,23.2,0.0,0.158,2.0,MontroseBeach201608310400,2016-08-31 04:00:00
4153,Montrose Beach,1472619600.0,23.1,0.0,0.34,3.0,MontroseBeach201608310500,2016-08-31 05:00:00
4155,Montrose Beach,1472623200.0,23.0,0.0,0.361,4.0,MontroseBeach201608310600,2016-08-31 06:00:00
4158,Montrose Beach,1472626800.0,23.0,0.0,0.383,4.0,MontroseBeach201608310700,2016-08-31 07:00:00
4159,Montrose Beach,1472630400.0,23.0,0.0,0.398,5.0,MontroseBeach201608310800,2016-08-31 08:00:00
4161,Montrose Beach,1472634000.0,22.8,0.0,0.432,5.0,MontroseBeach201608310900,2016-08-31 09:00:00
4164,Montrose Beach,1472637600.0,22.8,0.0,0.44,6.0,MontroseBeach201608311000,2016-08-31 10:00:00
4165,Montrose Beach,1472641200.0,22.7,0.74,0.451,6.0,MontroseBeach201608311100,2016-08-31 11:00:00
4168,Montrose Beach,1472644800.0,22.8,0.0,0.446,7.0,MontroseBeach201608311200,2016-08-31 12:00:00
4169,Montrose Beach,1472648400.0,22.9,0.0,0.489,6.0,MontroseBeach201608311300,2016-08-31 13:00:00
4171,Montrose Beach,1472652000.0,22.9,0.02,0.49,6.0,MontroseBeach201608311400,2016-08-31 14:00:00
4175,Montrose Beach,1472659200.0,23.0,0.17,0.499,6.0,MontroseBeach201608311600,2016-08-31 16:00:00
4177,Montrose Beach,1472662800.0,23.0,0.81,0.513,6.0,MontroseBeach201608311700,2016-08-31 17:00:00
4179,Montrose Beach,1472666400.0,23.0,0.47,0.52,7.0,MontroseBeach201608311800,2016-08-31 18:00:00
4180,Montrose Beach,1472670000.0,22.7,9.58,0.52,6.0,MontroseBeach201608311900,2016-08-31 19:00:00
4183,Montrose Beach,1472673600.0,22.4,8.0,0.521,6.0,MontroseBeach201608312000,2016-08-31 20:00:00
4185,Montrose Beach,1472680800.0,22.0,6.55,0.531,7.0,MontroseBeach201608312200,2016-08-31 22:00:00
4187,Montrose Beach,1472684400.0,21.8,7.92,0.531,6.0,MontroseBeach201608312300,2016-08-31 23:00:00
4190,Montrose Beach,1472688000.0,21.7,14.89,0.519,7.0,MontroseBeach201609012400,2016-09-01 00:00:00
4192,Montrose Beach,1472695200.0,21.4,8.17,0.512,4.0,MontroseBeach201609010200,2016-09-01 02:00:00
4194,Montrose Beach,1472698800.0,21.2,9.55,0.505,5.0,MontroseBeach201609010300,2016-09-01 03:00:00
4196,Montrose Beach,1472702400.0,21.2,10.23,0.502,5.0,MontroseBeach201609010400,2016-09-01 04:00:00
4199,Montrose Beach,1472716800.0,21.0,5.84,0.438,5.0,MontroseBeach201609010800,2016-09-01 08:00:00
4201,Montrose Beach,1472720400.0,20.8,6.99,0.449,4.0,MontroseBeach201609010900,2016-09-01 09:00:00
4202,Montrose Beach,1472724000.0,20.9,4.74,0.441,5.0,MontroseBeach201609011000,2016-09-01 10:00:00
4205,Montrose Beach,1472727600.0,20.9,7.14,0.48,5.0,MontroseBeach201609011100,2016-09-01 11:00:00
4206,Montrose Beach,1472731200.0,21.0,9.74,0.503,5.0,MontroseBeach201609011200,2016-09-01 12:00:00
4209,Montrose Beach,1472734800.0,21.1,9.41,0.517,6.0,MontroseBeach201609011300,2016-09-01 13:00:00
4210,Montrose Beach,1472738400.0,21.1,10.81,0.503,6.0,MontroseBeach201609011400,2016-09-01 14:00:00
4213,Montrose Beach,1472742000.0,21.2,14.24,0.472,6.0,MontroseBeach201609011500,2016-09-01 15:00:00
4214,Montrose Beach,1472745600.0,21.3,14.24,0.532,6.0,MontroseBeach201609011600,2016-09-01 16:00:00
4217,Montrose Beach,1472749200.0,21.2,15.44,0.524,6.0,MontroseBeach201609011700,2016-09-01 17:00:00
4219,Montrose Beach,1472756400.0,21.1,18.55,0.529,6.0,MontroseBeach201609011900,2016-09-01 19:00:00
4227,Montrose Beach,1472803200.0,20.6,14.22,0.44,7.0,MontroseBeach201609020800,2016-09-02 08:00:00
4230,Montrose Beach,1472806800.0,20.7,11.66,0.403,6.0,MontroseBeach201609020900,2016-09-02 09:00:00
4232,Montrose Beach,1472810400.0,20.9,11.2,0.426,6.0,MontroseBeach201609021000,2016-09-02 10:00:00
4233,Montrose Beach,1472814000.0,21.0,9.8,0.417,6.0,MontroseBeach201609021100,2016-09-02 11:00:00
4236,Montrose Beach,1472817600.0,21.2,9.69,0.408,7.0,MontroseBeach201609021200,2016-09-02 12:00:00
4237,Montrose Beach,1472821200.0,21.4,7.87,0.374,6.0,MontroseBeach201609021300,2016-09-02 13:00:00
4240,Montrose Beach,1472824800.0,21.6,6.94,0.369,6.0,MontroseBeach201609021400,2016-09-02 14:00:00
4242,Montrose Beach,1472828400.0,22.2,12.75,0.39,6.0,MontroseBeach201609021500,2016-09-02 15:00:00
4244,Montrose Beach,1472832000.0,22.1,12.18,0.397,6.0,MontroseBeach201609021600,2016-09-02 16:00:00
4245,Montrose Beach,1472835600.0,22.0,11.08,0.407,6.0,MontroseBeach201609021700,2016-09-02 17:00:00
4248,Montrose Beach,1472839200.0,22.0,11.63,0.418,6.0,MontroseBeach201609021800,2016-09-02 18:00:00
4250,Montrose Beach,1472842800.0,21.8,11.85,0.396,6.0,MontroseBeach201609021900,2016-09-02 19:00:00
4251,Montrose Beach,1472846400.0,21.4,10.7,0.424,6.0,MontroseBeach201609022000,2016-09-02 20:00:00
4254,Montrose Beach,1472850000.0,21.2,10.6,0.419,4.0,MontroseBeach201609022100,2016-09-02 21:00:00
4255,Montrose Beach,1472853600.0,21.1,11.24,0.432,4.0,MontroseBeach201609022200,2016-09-02 22:00:00
4257,Montrose Beach,1472857200.0,21.1,9.91,0.431,4.0,MontroseBeach201609022300,2016-09-02 23:00:00
4258,Montrose Beach,1472860800.0,21.1,8.34,0.402,4.0,MontroseBeach201609032400,2016-09-03 00:00:00
4260,Montrose Beach,1472864400.0,21.0,9.03,0.388,4.0,MontroseBeach201609030100,2016-09-03 01:00:00
4262,Montrose Beach,1472868000.0,20.9,7.9,0.37,4.0,MontroseBeach201609030200,2016-09-03 02:00:00
4264,Montrose Beach,1472871600.0,20.8,7.75,0.349,5.0,MontroseBeach201609030300,2016-09-03 03:00:00
4265,Montrose Beach,1472875200.0,21.0,7.22,0.367,4.0,MontroseBeach201609030400,2016-09-03 04:00:00
4268,Montrose Beach,1472878800.0,21.0,6.79,0.332,4.0,MontroseBeach201609030500,2016-09-03 05:00:00
4270,Montrose Beach,1472882400.0,20.9,7.32,0.308,4.0,MontroseBeach201609030600,2016-09-03 06:00:00
4271,Montrose Beach,1472886000.0,20.8,5.74,0.299,5.0,MontroseBeach201609030700,2016-09-03 07:00:00
4274,Montrose Beach,1472889600.0,20.9,7.56,0.297,4.0,MontroseBeach201609030800,2016-09-03 08:00:00
4276,Montrose Beach,1472893200.0,21.0,7.85,0.285,4.0,MontroseBeach201609030900,2016-09-03 09:00:00
4277,Montrose Beach,1472896800.0,21.1,4.69,0.274,4.0,MontroseBeach201609031000,2016-09-03 10:00:00
4280,Montrose Beach,1472900400.0,21.4,3.99,0.242,4.0,MontroseBeach201609031100,2016-09-03 11:00:00
4282,Montrose Beach,1472904000.0,21.6,3.63,0.256,4.0,MontroseBeach201609031200,2016-09-03 12:00:00
4283,Montrose Beach,1472907600.0,21.9,3.82,0.262,4.0,MontroseBeach201609031300,2016-09-03 13:00:00
4286,Montrose Beach,1472911200.0,22.4,4.22,0.223,3.0,MontroseBeach201609031400,2016-09-03 14:00:00
4287,Montrose Beach,1472914800.0,22.8,5.83,0.253,3.0,MontroseBeach201609031500,2016-09-03 15:00:00
4289,Montrose Beach,1472918400.0,23.4,6.45,0.257,3.0,MontroseBeach201609031600,2016-09-03 16:00:00
4292,Montrose Beach,1472922000.0,23.4,5.94,0.271,2.0,MontroseBeach201609031700,2016-09-03 17:00:00
4293,Montrose Beach,1472925600.0,22.4,5.0,0.267,3.0,MontroseBeach201609031800,2016-09-03 18:00:00
4295,Montrose Beach,1472929200.0,21.9,3.46,0.251,3.0,MontroseBeach201609031900,2016-09-03 19:00:00
4298,Montrose Beach,1472932800.0,21.8,3.84,0.247,3.0,MontroseBeach201609032000,2016-09-03 20:00:00
4299,Montrose Beach,1472936400.0,21.6,3.59,0.263,3.0,MontroseBeach201609032100,2016-09-03 21:00:00
4302,Montrose Beach,1472940000.0,21.6,5.52,0.257,3.0,MontroseBeach201609032200,2016-09-03 22:00:00
4303,Montrose Beach,1472943600.0,21.6,6.15,0.258,3.0,MontroseBeach201609032300,2016-09-03 23:00:00
4305,Montrose Beach,1472947200.0,21.5,3.36,0.263,3.0,MontroseBeach201609042400,2016-09-04 00:00:00
4306,Montrose Beach,1472954400.0,21.2,4.52,0.292,3.0,MontroseBeach201609040200,2016-09-04 02:00:00
4308,Montrose Beach,1472958000.0,21.1,4.84,0.26,3.0,MontroseBeach201609040300,2016-09-04 03:00:00
4310,Montrose Beach,1472961600.0,20.9,5.75,0.246,3.0,MontroseBeach201609040400,2016-09-04 04:00:00
4312,Montrose Beach,1472965200.0,20.8,6.14,0.227,3.0,MontroseBeach201609040500,2016-09-04 05:00:00
4314,Montrose Beach,1472968800.0,20.6,4.33,0.214,3.0,MontroseBeach201609040600,2016-09-04 06:00:00
4316,Montrose Beach,1472972400.0,20.6,4.13,0.223,3.0,MontroseBeach201609040700,2016-09-04 07:00:00
4319,Montrose Beach,1472976000.0,20.5,5.1,0.213,3.0,MontroseBeach201609040800,2016-09-04 08:00:00
4321,Montrose Beach,1472979600.0,20.7,6.56,0.194,4.0,MontroseBeach201609040900,2016-09-04 09:00:00
4322,Montrose Beach,1472983200.0,20.9,5.91,0.189,3.0,MontroseBeach201609041000,2016-09-04 10:00:00
4325,Montrose Beach,1472986800.0,21.1,4.31,0.192,4.0,MontroseBeach201609041100,2016-09-04 11:00:00
4326,Montrose Beach,1472990400.0,21.2,1.46,0.177,4.0,MontroseBeach201609041200,2016-09-04 12:00:00
4329,Montrose Beach,1472994000.0,21.3,0.34,0.18,4.0,MontroseBeach201609041300,2016-09-04 13:00:00
4331,Montrose Beach,1472997600.0,21.4,0.35,0.179,3.0,MontroseBeach201609041400,2016-09-04 14:00:00
4332,Montrose Beach,1473001200.0,21.5,0.25,0.194,3.0,MontroseBeach201609041500,2016-09-04 15:00:00
4334,Montrose Beach,1473004800.0,21.5,0.1,0.192,3.0,MontroseBeach201609041600,2016-09-04 16:00:00
4337,Montrose Beach,1473008400.0,21.5,0.0,0.186,3.0,MontroseBeach201609041700,2016-09-04 17:00:00
4339,Montrose Beach,1473012000.0,21.4,0.0,0.221,3.0,MontroseBeach201609041800,2016-09-04 18:00:00
4340,Montrose Beach,1473015600.0,21.3,0.0,0.182,6.0,MontroseBeach201609041900,2016-09-04 19:00:00
4342,Montrose Beach,1473019200.0,22.0,0.14,0.171,3.0,MontroseBeach201609042000,2016-09-04 20:00:00
4344,Montrose Beach,1473022800.0,21.5,0.0,0.157,3.0,MontroseBeach201609042100,2016-09-04 21:00:00
4346,Montrose Beach,1473026400.0,21.2,0.0,0.198,3.0,MontroseBeach201609042200,2016-09-04 22:00:00
4349,Montrose Beach,1473033600.0,21.0,0.0,0.155,3.0,MontroseBeach201609052400,2016-09-05 00:00:00
4351,Montrose Beach,1473037200.0,20.9,0.0,0.158,3.0,MontroseBeach201609050100,2016-09-05 01:00:00
4352,Montrose Beach,1473040800.0,20.9,0.0,0.156,3.0,MontroseBeach201609050200,2016-09-05 02:00:00
4354,Montrose Beach,1473044400.0,20.8,0.0,0.155,3.0,MontroseBeach201609050300,2016-09-05 03:00:00
4357,Montrose Beach,1473048000.0,20.8,0.0,0.146,3.0,MontroseBeach201609050400,2016-09-05 04:00:00
4358,Montrose Beach,1473051600.0,20.8,0.0,0.146,3.0,MontroseBeach201609050500,2016-09-05 05:00:00
4361,Montrose Beach,1473055200.0,20.7,0.0,0.136,3.0,MontroseBeach201609050600,2016-09-05 06:00:00
4363,Montrose Beach,1473058800.0,20.6,0.0,0.123,3.0,MontroseBeach201609050700,2016-09-05 07:00:00
4365,Montrose Beach,1473062400.0,20.6,0.0,0.126,4.0,MontroseBeach201609050800,2016-09-05 08:00:00
4366,Montrose Beach,1473066000.0,20.8,0.0,0.121,4.0,MontroseBeach201609050900,2016-09-05 09:00:00
4368,Montrose Beach,1473069600.0,20.8,0.0,0.124,4.0,MontroseBeach201609051000,2016-09-05 10:00:00
4371,Montrose Beach,1473073200.0,21.3,0.0,0.155,2.0,MontroseBeach201609051100,2016-09-05 11:00:00
4372,Montrose Beach,1473076800.0,21.8,0.0,0.131,4.0,MontroseBeach201609051200,2016-09-05 12:00:00
4375,Montrose Beach,1473080400.0,22.0,0.0,0.141,3.0,MontroseBeach201609051300,2016-09-05 13:00:00
4377,Montrose Beach,1473084000.0,22.0,0.0,0.141,3.0,MontroseBeach201609051400,2016-09-05 14:00:00
4378,Montrose Beach,1473087600.0,22.1,0.0,0.158,3.0,MontroseBeach201609051500,2016-09-05 15:00:00
4380,Montrose Beach,1473091200.0,22.1,0.0,0.164,2.0,MontroseBeach201609051600,2016-09-05 16:00:00
4383,Montrose Beach,1473094800.0,22.0,0.0,0.156,3.0,MontroseBeach201609051700,2016-09-05 17:00:00
4384,Montrose Beach,1473098400.0,22.1,0.01,0.199,4.0,MontroseBeach201609051800,2016-09-05 18:00:00
4386,Montrose Beach,1473102000.0,22.0,0.01,0.159,3.0,MontroseBeach201609051900,2016-09-05 19:00:00
4389,Montrose Beach,1473105600.0,22.1,0.0,0.133,3.0,MontroseBeach201609052000,2016-09-05 20:00:00
4391,Montrose Beach,1473109200.0,22.0,0.0,0.119,4.0,MontroseBeach201609052100,2016-09-05 21:00:00
4392,Montrose Beach,1473112800.0,22.0,0.0,0.11,3.0,MontroseBeach201609052200,2016-09-05 22:00:00
4394,Montrose Beach,1473116400.0,21.8,0.0,0.104,8.0,MontroseBeach201609052300,2016-09-05 23:00:00
4397,Montrose Beach,1473120000.0,21.8,0.0,0.103,8.0,MontroseBeach201609062400,2016-09-06 00:00:00
4399,Montrose Beach,1473123600.0,21.8,0.0,0.099,7.0,MontroseBeach201609060100,2016-09-06 01:00:00
4400,Montrose Beach,1473127200.0,21.8,0.0,0.101,6.0,MontroseBeach201609060200,2016-09-06 02:00:00
4403,Montrose Beach,1473130800.0,21.9,0.0,0.098,5.0,MontroseBeach201609060300,2016-09-06 03:00:00
4405,Montrose Beach,1473134400.0,21.7,0.0,0.091,3.0,MontroseBeach201609060400,2016-09-06 04:00:00
4406,Montrose Beach,1473138000.0,21.7,0.0,0.088,9.0,MontroseBeach201609060500,2016-09-06 05:00:00
4409,Montrose Beach,1473141600.0,21.7,0.0,0.091,8.0,MontroseBeach201609060600,2016-09-06 06:00:00
4410,Montrose Beach,1473145200.0,21.7,0.0,0.091,7.0,MontroseBeach201609060700,2016-09-06 07:00:00
4413,Montrose Beach,1473148800.0,21.8,0.0,0.092,6.0,MontroseBeach201609060800,2016-09-06 08:00:00
4414,Montrose Beach,1473152400.0,22.0,0.0,0.088,5.0,MontroseBeach201609060900,2016-09-06 09:00:00
4417,Montrose Beach,1473156000.0,22.4,0.0,0.095,7.0,MontroseBeach201609061000,2016-09-06 10:00:00
4418,Montrose Beach,1473159600.0,22.9,0.0,0.084,3.0,MontroseBeach201609061100,2016-09-06 11:00:00
4421,Montrose Beach,1473163200.0,23.0,0.0,0.084,5.0,MontroseBeach201609061200,2016-09-06 12:00:00
4422,Montrose Beach,1473166800.0,23.5,0.0,0.085,7.0,MontroseBeach201609061300,2016-09-06 13:00:00
4425,Montrose Beach,1473170400.0,23.0,0.0,0.098,7.0,MontroseBeach201609061400,2016-09-06 14:00:00
4427,Montrose Beach,1473174000.0,22.8,0.0,0.116,5.0,MontroseBeach201609061500,2016-09-06 15:00:00
4428,Montrose Beach,1473177600.0,22.9,0.0,0.123,10.0,MontroseBeach201609061600,2016-09-06 16:00:00
4431,Montrose Beach,1473181200.0,22.8,0.0,0.111,4.0,MontroseBeach201609061700,2016-09-06 17:00:00
4432,Montrose Beach,1473184800.0,22.9,0.0,0.122,4.0,MontroseBeach201609061800,2016-09-06 18:00:00
4434,Montrose Beach,1473188400.0,22.9,0.0,0.15,4.0,MontroseBeach201609061900,2016-09-06 19:00:00
4436,Montrose Beach,1473192000.0,23.0,0.0,0.099,5.0,MontroseBeach201609062000,2016-09-06 20:00:00
4438,Montrose Beach,1473195600.0,23.0,0.0,0.091,4.0,MontroseBeach201609062100,2016-09-06 21:00:00
4441,Montrose Beach,1473199200.0,22.9,0.0,0.09,9.0,MontroseBeach201609062200,2016-09-06 22:00:00
4442,Montrose Beach,1473202800.0,22.6,0.0,0.096,9.0,MontroseBeach201609062300,2016-09-06 23:00:00
4444,Montrose Beach,1473206400.0,22.6,0.0,0.098,8.0,MontroseBeach201609072400,2016-09-07 00:00:00
4447,Montrose Beach,1473210000.0,22.5,0.0,0.096,6.0,MontroseBeach201609070100,2016-09-07 01:00:00
4448,Montrose Beach,1473213600.0,22.5,0.0,0.084,5.0,MontroseBeach201609070200,2016-09-07 02:00:00
4451,Montrose Beach,1473217200.0,22.5,0.0,0.089,6.0,MontroseBeach201609070300,2016-09-07 03:00:00
4453,Montrose Beach,1473220800.0,22.4,0.0,0.09,5.0,MontroseBeach201609070400,2016-09-07 04:00:00
4454,Montrose Beach,1473224400.0,22.3,0.0,0.09,5.0,MontroseBeach201609070500,2016-09-07 05:00:00
4457,Montrose Beach,1473228000.0,22.3,0.0,0.1,5.0,MontroseBeach201609070600,2016-09-07 06:00:00
4458,Montrose Beach,1473231600.0,22.3,0.0,0.128,5.0,MontroseBeach201609070700,2016-09-07 07:00:00
4461,Montrose Beach,1473235200.0,22.3,0.0,0.163,4.0,MontroseBeach201609070800,2016-09-07 08:00:00
4462,Montrose Beach,1473238800.0,22.5,0.0,0.17,4.0,MontroseBeach201609070900,2016-09-07 09:00:00
4465,Montrose Beach,1473242400.0,22.8,0.0,0.167,4.0,MontroseBeach201609071000,2016-09-07 10:00:00
4466,Montrose Beach,1473246000.0,23.0,0.0,0.151,4.0,MontroseBeach201609071100,2016-09-07 11:00:00
4469,Montrose Beach,1473249600.0,23.6,0.0,0.141,4.0,MontroseBeach201609071200,2016-09-07 12:00:00
4470,Montrose Beach,1473253200.0,23.1,0.0,0.156,4.0,MontroseBeach201609071300,2016-09-07 13:00:00
4473,Montrose Beach,1473256800.0,23.5,0.0,0.153,3.0,MontroseBeach201609071400,2016-09-07 14:00:00
4474,Montrose Beach,1473260400.0,24.8,0.0,0.153,3.0,MontroseBeach201609071500,2016-09-07 15:00:00
4477,Montrose Beach,1473264000.0,24.4,0.0,0.152,3.0,MontroseBeach201609071600,2016-09-07 16:00:00
4478,Montrose Beach,1473267600.0,23.7,0.14,0.128,3.0,MontroseBeach201609071700,2016-09-07 17:00:00
4481,Montrose Beach,1473271200.0,23.5,0.0,0.128,7.0,MontroseBeach201609071800,2016-09-07 18:00:00
4482,Montrose Beach,1473274800.0,22.9,0.0,0.113,6.0,MontroseBeach201609071900,2016-09-07 19:00:00
4485,Montrose Beach,1473278400.0,22.7,0.0,0.105,3.0,MontroseBeach201609072000,2016-09-07 20:00:00
4486,Montrose Beach,1473282000.0,22.6,0.0,0.106,3.0,MontroseBeach201609072100,2016-09-07 21:00:00
4489,Montrose Beach,1473285600.0,22.3,0.0,0.096,5.0,MontroseBeach201609072200,2016-09-07 22:00:00
4490,Montrose Beach,1473289200.0,22.3,0.01,0.113,3.0,MontroseBeach201609072300,2016-09-07 23:00:00
4493,Montrose Beach,1473292800.0,22.2,0.0,0.12,7.0,MontroseBeach201609082400,2016-09-08 00:00:00
4494,Montrose Beach,1473296400.0,22.2,0.0,0.121,6.0,MontroseBeach201609080100,2016-09-08 01:00:00
4497,Montrose Beach,1473300000.0,22.0,0.0,0.12,3.0,MontroseBeach201609080200,2016-09-08 02:00:00
4498,Montrose Beach,1473303600.0,22.0,0.0,0.109,3.0,MontroseBeach201609080300,2016-09-08 03:00:00
4501,Montrose Beach,1473307200.0,22.0,0.0,0.102,4.0,MontroseBeach201609080400,2016-09-08 04:00:00
4502,Montrose Beach,1473310800.0,22.0,0.0,0.093,4.0,MontroseBeach201609080500,2016-09-08 05:00:00
4505,Montrose Beach,1473314400.0,21.9,0.0,0.089,3.0,MontroseBeach201609080600,2016-09-08 06:00:00
4506,Montrose Beach,1473318000.0,21.9,0.0,0.101,4.0,MontroseBeach201609080700,2016-09-08 07:00:00
4509,Montrose Beach,1473321600.0,21.9,0.0,0.089,4.0,MontroseBeach201609080800,2016-09-08 08:00:00
4510,Montrose Beach,1473325200.0,22.0,0.0,0.093,4.0,MontroseBeach201609080900,2016-09-08 09:00:00
4513,Montrose Beach,1473328800.0,22.0,0.0,0.093,4.0,MontroseBeach201609081000,2016-09-08 10:00:00
4514,Montrose Beach,1473332400.0,22.0,0.0,0.088,4.0,MontroseBeach201609081100,2016-09-08 11:00:00
4517,Montrose Beach,1473336000.0,22.1,0.0,0.106,4.0,MontroseBeach201609081200,2016-09-08 12:00:00
4519,Montrose Beach,1473339600.0,22.2,0.0,0.102,3.0,MontroseBeach201609081300,2016-09-08 13:00:00
4520,Montrose Beach,1473343200.0,22.4,0.0,0.137,2.0,MontroseBeach201609081400,2016-09-08 14:00:00
4523,Montrose Beach,1473346800.0,22.4,0.0,0.12,3.0,MontroseBeach201609081500,2016-09-08 15:00:00
4524,Montrose Beach,1473350400.0,22.5,0.0,0.101,4.0,MontroseBeach201609081600,2016-09-08 16:00:00
4527,Montrose Beach,1473354000.0,22.5,0.0,0.107,10.0,MontroseBeach201609081700,2016-09-08 17:00:00
4528,Montrose Beach,1473357600.0,22.5,0.0,0.108,7.0,MontroseBeach201609081800,2016-09-08 18:00:00
4531,Montrose Beach,1473361200.0,22.4,0.0,0.119,6.0,MontroseBeach201609081900,2016-09-08 19:00:00
4532,Montrose Beach,1473364800.0,22.4,0.0,0.105,9.0,MontroseBeach201609082000,2016-09-08 20:00:00
4535,Montrose Beach,1473368400.0,22.5,0.0,0.107,4.0,MontroseBeach201609082100,2016-09-08 21:00:00
4536,Montrose Beach,1473372000.0,22.4,0.0,0.101,4.0,MontroseBeach201609082200,2016-09-08 22:00:00
4539,Montrose Beach,1473375600.0,22.4,0.0,0.12,4.0,MontroseBeach201609082300,2016-09-08 23:00:00
4541,Montrose Beach,1473379200.0,22.1,0.0,0.096,8.0,MontroseBeach201609092400,2016-09-09 00:00:00
4542,Montrose Beach,1473382800.0,22.0,0.0,0.096,6.0,MontroseBeach201609090100,2016-09-09 01:00:00
4545,Montrose Beach,1473386400.0,21.9,0.0,0.096,5.0,MontroseBeach201609090200,2016-09-09 02:00:00
4546,Montrose Beach,1473390000.0,21.9,0.0,0.093,5.0,MontroseBeach201609090300,2016-09-09 03:00:00
4548,Montrose Beach,1473393600.0,21.8,0.0,0.103,4.0,MontroseBeach201609090400,2016-09-09 04:00:00
4551,Montrose Beach,1473397200.0,21.8,0.0,0.105,4.0,MontroseBeach201609090500,2016-09-09 05:00:00
4553,Montrose Beach,1473400800.0,21.7,0.0,0.116,4.0,MontroseBeach201609090600,2016-09-09 06:00:00
4554,Montrose Beach,1473404400.0,21.9,0.0,0.156,3.0,MontroseBeach201609090700,2016-09-09 07:00:00
4556,Montrose Beach,1473408000.0,21.9,0.0,0.196,3.0,MontroseBeach201609090800,2016-09-09 08:00:00
4559,Montrose Beach,1473411600.0,21.9,0.0,0.175,2.0,MontroseBeach201609090900,2016-09-09 09:00:00
4561,Montrose Beach,1473415200.0,22.0,0.0,0.171,2.0,MontroseBeach201609091000,2016-09-09 10:00:00
4562,Montrose Beach,1473418800.0,22.1,0.0,0.17,3.0,MontroseBeach201609091100,2016-09-09 11:00:00
4564,Montrose Beach,1473422400.0,22.2,0.0,0.174,3.0,MontroseBeach201609091200,2016-09-09 12:00:00
4567,Montrose Beach,1473426000.0,22.4,0.0,0.167,3.0,MontroseBeach201609091300,2016-09-09 13:00:00
4568,Montrose Beach,1473429600.0,22.7,0.0,0.158,3.0,MontroseBeach201609091400,2016-09-09 14:00:00
4571,Montrose Beach,1473433200.0,22.1,0.0,0.17,3.0,MontroseBeach201609091500,2016-09-09 15:00:00
4572,Montrose Beach,1473436800.0,22.0,0.0,0.148,3.0,MontroseBeach201609091600,2016-09-09 16:00:00
4575,Montrose Beach,1473440400.0,21.8,0.0,0.161,3.0,MontroseBeach201609091700,2016-09-09 17:00:00
4576,Montrose Beach,1473444000.0,21.8,0.0,0.144,7.0,MontroseBeach201609091800,2016-09-09 18:00:00
4579,Montrose Beach,1473447600.0,21.7,0.0,0.148,6.0,MontroseBeach201609091900,2016-09-09 19:00:00
4580,Montrose Beach,1473451200.0,21.7,0.0,0.139,3.0,MontroseBeach201609092000,2016-09-09 20:00:00
4583,Montrose Beach,1473454800.0,21.6,0.0,0.128,4.0,MontroseBeach201609092100,2016-09-09 21:00:00
4585,Montrose Beach,1473458400.0,21.6,0.0,0.117,4.0,MontroseBeach201609092200,2016-09-09 22:00:00
4586,Montrose Beach,1473462000.0,21.7,0.0,0.121,3.0,MontroseBeach201609092300,2016-09-09 23:00:00
4589,Montrose Beach,1473465600.0,21.7,0.0,0.113,7.0,MontroseBeach201609102400,2016-09-10 00:00:00
4590,Montrose Beach,1473469200.0,21.7,0.0,0.11,6.0,MontroseBeach201609100100,2016-09-10 01:00:00
4592,Montrose Beach,1473472800.0,21.8,0.0,0.117,5.0,MontroseBeach201609100200,2016-09-10 02:00:00
4595,Montrose Beach,1473476400.0,21.8,0.0,0.173,3.0,MontroseBeach201609100300,2016-09-10 03:00:00
4596,Montrose Beach,1473480000.0,21.7,0.0,0.222,3.0,MontroseBeach201609100400,2016-09-10 04:00:00
4599,Montrose Beach,1473483600.0,21.6,0.0,0.232,4.0,MontroseBeach201609100500,2016-09-10 05:00:00
4600,Montrose Beach,1473487200.0,21.6,0.0,0.199,4.0,MontroseBeach201609100600,2016-09-10 06:00:00
4603,Montrose Beach,1473490800.0,21.6,0.0,0.17,3.0,MontroseBeach201609100700,2016-09-10 07:00:00
4605,Montrose Beach,1473494400.0,21.5,0.0,0.149,3.0,MontroseBeach201609100800,2016-09-10 08:00:00
4606,Montrose Beach,1473498000.0,21.6,0.0,0.125,4.0,MontroseBeach201609100900,2016-09-10 09:00:00
4609,Montrose Beach,1473501600.0,21.6,0.0,0.109,3.0,MontroseBeach201609101000,2016-09-10 10:00:00
4610,Montrose Beach,1473505200.0,21.6,0.0,0.123,3.0,MontroseBeach201609101100,2016-09-10 11:00:00
4612,Montrose Beach,1473508800.0,21.5,0.0,0.186,2.0,MontroseBeach201609101200,2016-09-10 12:00:00
4614,Montrose Beach,1473512400.0,21.7,0.0,0.232,3.0,MontroseBeach201609101300,2016-09-10 13:00:00
4617,Montrose Beach,1473516000.0,21.7,0.0,0.252,3.0,MontroseBeach201609101400,2016-09-10 14:00:00
4618,Montrose Beach,1473519600.0,21.7,0.0,0.268,4.0,MontroseBeach201609101500,2016-09-10 15:00:00
4621,Montrose Beach,1473523200.0,21.8,0.0,0.286,3.0,MontroseBeach201609101600,2016-09-10 16:00:00
4622,Montrose Beach,1473526800.0,21.8,0.0,0.276,4.0,MontroseBeach201609101700,2016-09-10 17:00:00
4625,Montrose Beach,1473530400.0,21.7,0.01,0.278,4.0,MontroseBeach201609101800,2016-09-10 18:00:00
4626,Montrose Beach,1473534000.0,21.6,0.0,0.296,3.0,MontroseBeach201609101900,2016-09-10 19:00:00
4629,Montrose Beach,1473537600.0,21.4,0.0,0.332,4.0,MontroseBeach201609102000,2016-09-10 20:00:00
4630,Montrose Beach,1473541200.0,21.3,0.0,0.304,5.0,MontroseBeach201609102100,2016-09-10 21:00:00
4633,Montrose Beach,1473544800.0,21.3,0.0,0.327,7.0,MontroseBeach201609102200,2016-09-10 22:00:00
4634,Montrose Beach,1473548400.0,21.2,0.0,0.361,5.0,MontroseBeach201609102300,2016-09-10 23:00:00
4637,Montrose Beach,1473552000.0,21.1,0.0,0.359,7.0,MontroseBeach201609112400,2016-09-11 00:00:00
4639,Montrose Beach,1473559200.0,20.8,0.0,0.404,7.0,MontroseBeach201609110200,2016-09-11 02:00:00
4640,Montrose Beach,1473562800.0,21.0,0.0,0.38,5.0,MontroseBeach201609110300,2016-09-11 03:00:00
4643,Montrose Beach,1473566400.0,21.0,0.0,0.385,7.0,MontroseBeach201609110400,2016-09-11 04:00:00
4644,Montrose Beach,1473570000.0,20.9,0.01,0.418,8.0,MontroseBeach201609110500,2016-09-11 05:00:00
4647,Montrose Beach,1473573600.0,20.6,2.0,0.433,7.0,MontroseBeach201609110600,2016-09-11 06:00:00
4648,Montrose Beach,1473577200.0,20.6,3.51,0.439,7.0,MontroseBeach201609110700,2016-09-11 07:00:00
4651,Montrose Beach,1473580800.0,20.6,5.64,0.399,7.0,MontroseBeach201609110800,2016-09-11 08:00:00
4652,Montrose Beach,1473584400.0,20.7,1.64,0.474,7.0,MontroseBeach201609110900,2016-09-11 09:00:00
4655,Montrose Beach,1473588000.0,20.9,2.25,0.416,8.0,MontroseBeach201609111000,2016-09-11 10:00:00
4656,Montrose Beach,1473591600.0,21.2,3.42,0.413,7.0,MontroseBeach201609111100,2016-09-11 11:00:00
4659,Montrose Beach,1473595200.0,21.6,0.0,0.36,6.0,MontroseBeach201609111200,2016-09-11 12:00:00
4660,Montrose Beach,1473598800.0,21.9,0.0,0.332,6.0,MontroseBeach201609111300,2016-09-11 13:00:00
4663,Montrose Beach,1473602400.0,22.0,0.18,0.319,8.0,MontroseBeach201609111400,2016-09-11 14:00:00
4664,Montrose Beach,1473606000.0,21.8,1.35,0.306,7.0,MontroseBeach201609111500,2016-09-11 15:00:00
4667,Montrose Beach,1473609600.0,21.8,0.27,0.26,7.0,MontroseBeach201609111600,2016-09-11 16:00:00
4669,Montrose Beach,1473613200.0,21.8,0.37,0.259,6.0,MontroseBeach201609111700,2016-09-11 17:00:00
4670,Montrose Beach,1473616800.0,21.7,0.44,0.255,6.0,MontroseBeach201609111800,2016-09-11 18:00:00
4673,Montrose Beach,1473620400.0,21.6,0.1,0.229,6.0,MontroseBeach201609111900,2016-09-11 19:00:00
4674,Montrose Beach,1473624000.0,21.4,0.23,0.21,5.0,MontroseBeach201609112000,2016-09-11 20:00:00
4677,Montrose Beach,1473627600.0,21.3,0.14,0.213,6.0,MontroseBeach201609112100,2016-09-11 21:00:00
4679,Montrose Beach,1473631200.0,21.1,0.09,0.195,6.0,MontroseBeach201609112200,2016-09-11 22:00:00
4680,Montrose Beach,1473638400.0,21.1,0.04,0.168,5.0,MontroseBeach201609122400,2016-09-12 00:00:00
4683,Montrose Beach,1473642000.0,20.9,0.01,0.17,5.0,MontroseBeach201609120100,2016-09-12 01:00:00
4685,Montrose Beach,1473645600.0,20.8,0.08,0.165,5.0,MontroseBeach201609120200,2016-09-12 02:00:00
4687,Montrose Beach,1473649200.0,20.7,0.16,0.159,4.0,MontroseBeach201609120300,2016-09-12 03:00:00
4689,Montrose Beach,1473652800.0,20.6,0.12,0.15,4.0,MontroseBeach201609120400,2016-09-12 04:00:00
4690,Montrose Beach,1473656400.0,20.7,0.15,0.157,4.0,MontroseBeach201609120500,2016-09-12 05:00:00
4693,Montrose Beach,1473660000.0,20.5,0.05,0.141,4.0,MontroseBeach201609120600,2016-09-12 06:00:00
4694,Montrose Beach,1473663600.0,20.3,0.0,0.126,3.0,MontroseBeach201609120700,2016-09-12 07:00:00
4696,Montrose Beach,1473667200.0,20.2,0.0,0.122,4.0,MontroseBeach201609120800,2016-09-12 08:00:00
4698,Montrose Beach,1473670800.0,20.4,0.0,0.115,3.0,MontroseBeach201609120900,2016-09-12 09:00:00
4701,Montrose Beach,1473674400.0,20.6,0.0,0.123,3.0,MontroseBeach201609121000,2016-09-12 10:00:00
4702,Montrose Beach,1473678000.0,20.8,0.0,0.121,3.0,MontroseBeach201609121100,2016-09-12 11:00:00
4705,Montrose Beach,1473681600.0,21.0,0.11,0.121,4.0,MontroseBeach201609121200,2016-09-12 12:00:00
4706,Montrose Beach,1473685200.0,21.2,0.0,0.138,3.0,MontroseBeach201609121300,2016-09-12 13:00:00
4708,Montrose Beach,1473688800.0,21.4,0.01,0.131,3.0,MontroseBeach201609121400,2016-09-12 14:00:00
4711,Montrose Beach,1473692400.0,21.6,0.13,0.135,3.0,MontroseBeach201609121500,2016-09-12 15:00:00
4712,Montrose Beach,1473696000.0,21.7,0.0,0.119,3.0,MontroseBeach201609121600,2016-09-12 16:00:00
4714,Montrose Beach,1473699600.0,21.6,0.0,0.125,3.0,MontroseBeach201609121700,2016-09-12 17:00:00
4717,Montrose Beach,1473703200.0,21.4,0.0,0.112,7.0,MontroseBeach201609121800,2016-09-12 18:00:00
4718,Montrose Beach,1473706800.0,21.3,0.0,0.118,6.0,MontroseBeach201609121900,2016-09-12 19:00:00
4721,Montrose Beach,1473710400.0,21.2,0.0,0.111,3.0,MontroseBeach201609122000,2016-09-12 20:00:00
4722,Montrose Beach,1473714000.0,21.0,0.0,0.113,3.0,MontroseBeach201609122100,2016-09-12 21:00:00
4725,Montrose Beach,1473717600.0,21.0,0.0,0.108,4.0,MontroseBeach201609122200,2016-09-12 22:00:00
4726,Montrose Beach,1473721200.0,20.8,0.0,0.104,5.0,MontroseBeach201609122300,2016-09-12 23:00:00
4729,Montrose Beach,1473724800.0,20.8,0.0,0.105,8.0,MontroseBeach201609132400,2016-09-13 00:00:00
4730,Montrose Beach,1473728400.0,20.7,0.0,0.115,7.0,MontroseBeach201609130100,2016-09-13 01:00:00
4733,Montrose Beach,1473732000.0,20.7,0.0,0.11,6.0,MontroseBeach201609130200,2016-09-13 02:00:00
4734,Montrose Beach,1473735600.0,20.4,0.01,0.105,2.0,MontroseBeach201609130300,2016-09-13 03:00:00
4737,Montrose Beach,1473739200.0,20.5,0.0,0.098,3.0,MontroseBeach201609130400,2016-09-13 04:00:00
4738,Montrose Beach,1473742800.0,20.7,0.0,0.096,3.0,MontroseBeach201609130500,2016-09-13 05:00:00
4741,Montrose Beach,1473746400.0,20.8,0.0,0.096,3.0,MontroseBeach201609130600,2016-09-13 06:00:00
4742,Montrose Beach,1473750000.0,20.6,0.0,0.095,3.0,MontroseBeach201609130700,2016-09-13 07:00:00
4745,Montrose Beach,1473753600.0,20.7,0.0,0.088,3.0,MontroseBeach201609130800,2016-09-13 08:00:00
4746,Montrose Beach,1473757200.0,20.6,0.0,0.098,9.0,MontroseBeach201609130900,2016-09-13 09:00:00
4749,Montrose Beach,1473760800.0,20.9,0.0,0.102,9.0,MontroseBeach201609131000,2016-09-13 10:00:00
4750,Montrose Beach,1473764400.0,21.1,0.0,0.121,3.0,MontroseBeach201609131100,2016-09-13 11:00:00
4753,Montrose Beach,1473768000.0,21.4,0.0,0.108,10.0,MontroseBeach201609131200,2016-09-13 12:00:00
4754,Montrose Beach,1473771600.0,21.7,0.0,0.117,8.0,MontroseBeach201609131300,2016-09-13 13:00:00
4757,Montrose Beach,1473775200.0,22.0,0.0,0.136,3.0,MontroseBeach201609131400,2016-09-13 14:00:00
4758,Montrose Beach,1473778800.0,22.2,0.0,0.115,9.0,MontroseBeach201609131500,2016-09-13 15:00:00
4761,Montrose Beach,1473782400.0,22.2,0.0,0.111,8.0,MontroseBeach201609131600,2016-09-13 16:00:00
4762,Montrose Beach,1473786000.0,22.2,0.0,0.123,9.0,MontroseBeach201609131700,2016-09-13 17:00:00
4765,Montrose Beach,1473789600.0,22.0,0.0,0.2,2.0,MontroseBeach201609131800,2016-09-13 18:00:00
4766,Montrose Beach,1473793200.0,22.0,0.0,0.258,2.0,MontroseBeach201609131900,2016-09-13 19:00:00
4769,Montrose Beach,1473796800.0,21.8,0.0,0.268,3.0,MontroseBeach201609132000,2016-09-13 20:00:00
4770,Montrose Beach,1473800400.0,21.7,0.0,0.277,3.0,MontroseBeach201609132100,2016-09-13 21:00:00
4773,Montrose Beach,1473804000.0,21.5,0.0,0.326,3.0,MontroseBeach201609132200,2016-09-13 22:00:00
4774,Montrose Beach,1473807600.0,21.4,0.08,0.374,4.0,MontroseBeach201609132300,2016-09-13 23:00:00
4777,Montrose Beach,1473811200.0,21.3,0.17,0.382,4.0,MontroseBeach201609142400,2016-09-14 00:00:00
4778,Montrose Beach,1473814800.0,21.2,0.05,0.375,4.0,MontroseBeach201609140100,2016-09-14 01:00:00
4781,Montrose Beach,1473818400.0,21.1,0.02,0.388,4.0,MontroseBeach201609140200,2016-09-14 02:00:00
4782,Montrose Beach,1473822000.0,21.2,0.01,0.377,5.0,MontroseBeach201609140300,2016-09-14 03:00:00
4785,Montrose Beach,1473825600.0,21.2,0.05,0.39,5.0,MontroseBeach201609140400,2016-09-14 04:00:00
4786,Montrose Beach,1473829200.0,21.1,0.0,0.352,5.0,MontroseBeach201609140500,2016-09-14 05:00:00
4789,Montrose Beach,1473832800.0,21.1,0.05,0.392,4.0,MontroseBeach201609140600,2016-09-14 06:00:00
4791,Montrose Beach,1473836400.0,21.0,0.02,0.362,4.0,MontroseBeach201609140700,2016-09-14 07:00:00
4793,Montrose Beach,1473840000.0,21.0,0.0,0.407,4.0,MontroseBeach201609140800,2016-09-14 08:00:00
4794,Montrose Beach,1473843600.0,21.0,0.01,0.373,4.0,MontroseBeach201609140900,2016-09-14 09:00:00
4797,Montrose Beach,1473847200.0,21.1,0.01,0.376,5.0,MontroseBeach201609141000,2016-09-14 10:00:00
4798,Montrose Beach,1473850800.0,21.3,0.0,0.356,3.0,MontroseBeach201609141100,2016-09-14 11:00:00
4800,Montrose Beach,1473854400.0,21.4,0.0,0.362,4.0,MontroseBeach201609141200,2016-09-14 12:00:00
4803,Montrose Beach,1473858000.0,21.5,0.02,0.362,4.0,MontroseBeach201609141300,2016-09-14 13:00:00
4804,Montrose Beach,1473861600.0,21.6,0.01,0.356,4.0,MontroseBeach201609141400,2016-09-14 14:00:00
4807,Montrose Beach,1473865200.0,21.7,0.02,0.362,4.0,MontroseBeach201609141500,2016-09-14 15:00:00
4808,Montrose Beach,1473868800.0,21.8,0.0,0.364,4.0,MontroseBeach201609141600,2016-09-14 16:00:00
4811,Montrose Beach,1473872400.0,22.0,0.01,0.329,4.0,MontroseBeach201609141700,2016-09-14 17:00:00
4812,Montrose Beach,1473876000.0,22.0,0.1,0.363,4.0,MontroseBeach201609141800,2016-09-14 18:00:00
4815,Montrose Beach,1473879600.0,21.9,0.01,0.36,3.0,MontroseBeach201609141900,2016-09-14 19:00:00
