Readable Timestamp,Beach Name,Measurement Timestamp,Water Temperature,Turbidity,Wave Height,Wave Period,Measurement ID,structural_gap,Water Temperature_groundtruth,Turbidity_groundtruth,Wave Height_groundtruth,Wave Period_groundtruth
2015-05-19 10:00:00,63rd Street Beach,1432029600.0,11.2,1.19,0.209,3.0,63rdStreetBeach201505191000,0,11.2,1.19,0.209,3.0
2015-05-19 11:00:00,63rd Street Beach,,,,,,,1,,,,
2015-05-19 12:00:00,63rd Street Beach,,,,,,,1,,,,
2015-05-19 13:00:00,63rd Street Beach,1432040400.0,11.3,,,3.0,63rdStreetBeach201505191300,0,11.3,1.22,0.194,3.0
2015-05-19 14:00:00,63rd Street Beach,1432044000.0,11.3,1.27,0.237,,63rdStreetBeach201505191400,0,11.3,1.27,0.237,3.0
2015-05-19 15:00:00,63rd Street Beach,1432047600.0,11.3,1.35,0.253,3.0,63rdStreetBeach201505191500,0,11.3,1.35,0.253,3.0
2015-05-19 16:00:00,63rd Street Beach,1432051200.0,11.5,1.95,0.246,3.0,63rdStreetBeach201505191600,0,11.5,1.95,0.246,3.0
2015-05-19 17:00:00,63rd Street Beach,1432054800.0,11.7,,0.237,3.0,63rdStreetBeach201505191700,0,11.7,3.82,0.237,3.0
2015-05-19 18:00:00,63rd Street Beach,1432058400.0,11.6,1.67,0.227,3.0,63rdStreetBeach201505191800,0,11.6,1.67,0.227,3.0
2015-05-19 19:00:00,63rd Street Beach,1432062000.0,11.6,1.69,0.212,,63rdStreetBeach201505191900,0,11.6,1.69,0.212,3.0
2015-05-19 20:00:00,63rd Street Beach,1432065600.0,11.2,,0.193,3.0,63rdStreetBeach201505192000,0,11.2,1.31,0.193,3.0
2015-05-19 21:00:00,63rd Street Beach,1432069200.0,11.1,1.23,,3.0,63rdStreetBeach201505192100,0,11.1,1.23,0.218,3.0
2015-05-19 22:00:00,63rd Street Beach,1432072800.0,10.9,,0.218,3.0,63rdStreetBeach201505192200,0,10.9,1.29,0.218,3.0
2015-05-19 23:00:00,63rd Street Beach,1432076400.0,10.8,1.19,0.217,3.0,63rdStreetBeach201505192300,0,10.8,1.19,0.217,3.0
2015-05-20 00:00:00,63rd Street Beach,1432080000.0,10.7,1.25,0.226,3.0,63rdStreetBeach201505202400,0,10.7,1.25,0.226,3.0
2015-05-20 01:00:00,63rd Street Beach,1432083600.0,,1.53,0.237,3.0,63rdStreetBeach201505200100,0,10.5,1.53,0.237,3.0
2015-05-20 02:00:00,63rd Street Beach,1432087200.0,10.1,2.44,0.271,3.0,63rdStreetBeach201505200200,0,10.1,2.44,0.271,3.0
2015-05-20 03:00:00,63rd Street Beach,1432090800.0,10.3,,0.286,5.0,63rdStreetBeach201505200300,0,10.3,1.63,0.286,5.0
2015-05-20 04:00:00,63rd Street Beach,1432094400.0,10.2,1.63,0.294,4.0,63rdStreetBeach201505200400,0,10.2,1.63,0.294,4.0
2015-05-20 05:00:00,63rd Street Beach,1432098000.0,10.1,,0.292,4.0,63rdStreetBeach201505200500,0,10.1,2.25,0.292,4.0
2015-05-20 06:00:00,63rd Street Beach,1432101600.0,10.3,1.95,0.299,4.0,63rdStreetBeach201505200600,0,10.3,1.95,0.299,4.0
2015-05-20 07:00:00,63rd Street Beach,1432105200.0,10.4,1.68,0.293,4.0,63rdStreetBeach201505200700,0,10.4,1.68,0.293,4.0
2015-05-20 08:00:00,63rd Street Beach,1432108800.0,10.1,2.62,0.29,3.0,63rdStreetBeach201505200800,0,10.1,2.62,0.29,3.0
2015-05-20 09:00:00,63rd Street Beach,1432112400.0,10.6,1.89,0.28,,63rdStreetBeach201505200900,0,10.6,1.89,0.28,4.0
2015-05-20 10:00:00,63rd Street Beach,,,,,,,1,,,,
2015-05-20 11:00:00,63rd Street Beach,,,,,,,1,,,,
2015-05-20 12:00:00,63rd Street Beach,,,,,,,1,,,,
2015-05-20 13:00:00,63rd Street Beach,1432126800.0,10.9,2.11,,,63rdStreetBeach201505201300,0,10.9,2.11,0.304,4.0
2015-05-20 14:00:00,63rd Street Beach,1432130400.0,11.0,3.52,,3.0,63rdStreetBeach201505201400,0,11.0,3.52,0.321,3.0
2015-05-20 15:00:00,63rd Street Beach,1432134000.0,10.7,2.52,0.315,4.0,63rdStreetBeach201505201500,0,10.7,2.52,0.315,4.0
2015-05-20 16:00:00,63rd Street Beach,1432137600.0,10.7,2.53,0.344,4.0,63rdStreetBeach201505201600,0,10.7,2.53,0.344,4.0
2015-05-20 17:00:00,63rd Street Beach,1432141200.0,10.8,2.92,0.386,4.0,63rdStreetBeach201505201700,0,10.8,2.92,0.386,4.0
2015-05-20 18:00:00,63rd Street Beach,1432144800.0,10.8,2.98,0.381,4.0,63rdStreetBeach201505201800,0,10.8,2.98,0.381,4.0
2015-05-20 19:00:00,63rd Street Beach,1432148400.0,10.6,3.12,0.362,4.0,63rdStreetBeach201505201900,0,10.6,3.12,0.362,4.0
2015-05-20 20:00:00,63rd Street Beach,1432152000.0,,2.4,0.326,,63rdStreetBeach201505202000,0,10.7,2.4,0.326,4.0
2015-05-20 21:00:00,63rd Street Beach,1432155600.0,10.7,2.95,0.292,5.0,63rdStreetBeach201505202100,0,10.7,2.95,0.292,5.0
2015-05-20 22:00:00,63rd Street Beach,,,,,,,1,,,,
2015-05-20 23:00:00,63rd Street Beach,1432162800.0,10.7,2.08,,3.0,63rdStreetBeach201505202300,0,10.7,2.08,0.229,3.0
2015-05-21 00:00:00,63rd Street Beach,1432166400.0,10.8,1.93,0.22,,63rdStreetBeach201505212400,0,10.8,1.93,0.22,5.0
2015-05-21 01:00:00,63rd Street Beach,1432170000.0,10.7,2.05,0.189,4.0,63rdStreetBeach201505210100,0,10.7,2.05,0.189,4.0
2015-05-21 02:00:00,63rd Street Beach,1432173600.0,10.7,,0.189,,63rdStreetBeach201505210200,0,10.7,1.92,0.189,5.0
2015-05-21 03:00:00,63rd Street Beach,1432177200.0,10.7,1.93,0.185,5.0,63rdStreetBeach201505210300,0,10.7,1.93,0.185,5.0
2015-05-21 04:00:00,63rd Street Beach,1432180800.0,10.7,,0.172,4.0,63rdStreetBeach201505210400,0,10.7,1.77,0.172,4.0
2015-05-21 05:00:00,63rd Street Beach,1432184400.0,10.7,1.82,,4.0,63rdStreetBeach201505210500,0,10.7,1.82,0.168,4.0
2015-05-21 06:00:00,63rd Street Beach,1432188000.0,10.6,1.94,0.156,4.0,63rdStreetBeach201505210600,0,10.6,1.94,0.156,4.0
2015-05-21 07:00:00,63rd Street Beach,1432191600.0,10.4,2.27,0.153,3.0,63rdStreetBeach201505210700,0,10.4,2.27,0.153,3.0
2015-05-21 08:00:00,63rd Street Beach,1432195200.0,10.5,1.98,,3.0,63rdStreetBeach201505210800,0,10.5,1.98,0.153,3.0
2015-05-21 09:00:00,63rd Street Beach,1432198800.0,10.6,1.55,0.153,3.0,63rdStreetBeach201505210900,0,10.6,1.55,0.153,3.0
2015-05-21 10:00:00,63rd Street Beach,1432202400.0,10.8,1.39,0.142,,63rdStreetBeach201505211000,0,10.8,1.39,0.142,2.0
2015-05-21 11:00:00,63rd Street Beach,1432206000.0,11.0,1.46,0.122,,63rdStreetBeach201505211100,0,11.0,1.46,0.122,3.0
2015-05-21 12:00:00,63rd Street Beach,1432209600.0,,1.31,0.141,3.0,63rdStreetBeach201505211200,0,11.4,1.31,0.141,3.0
2015-05-21 13:00:00,63rd Street Beach,,,,,,,1,,,,
2015-05-21 14:00:00,63rd Street Beach,,,,,,,1,,,,
2015-05-21 15:00:00,63rd Street Beach,1432220400.0,12.1,1.32,0.11,3.0,63rdStreetBeach201505211500,0,12.1,1.32,0.11,3.0
2015-05-21 16:00:00,63rd Street Beach,,,,,,,1,,,,
2015-05-21 17:00:00,63rd Street Beach,1432227600.0,12.4,,,3.0,63rdStreetBeach201505211700,0,12.4,1.5,0.103,3.0
2015-05-21 18:00:00,63rd Street Beach,1432231200.0,12.3,1.48,0.131,2.0,63rdStreetBeach201505211800,0,12.3,1.48,0.131,2.0
2015-05-21 19:00:00,63rd Street Beach,1432234800.0,,1.49,,4.0,63rdStreetBeach201505211900,0,12.2,1.49,0.104,4.0
2015-05-21 20:00:00,63rd Street Beach,1432238400.0,12.1,1.48,0.092,6.0,63rdStreetBeach201505212000,0,12.1,1.48,0.092,6.0
2015-05-21 21:00:00,63rd Street Beach,1432242000.0,11.9,,0.091,3.0,63rdStreetBeach201505212100,0,11.9,1.64,0.091,3.0
2015-05-21 22:00:00,63rd Street Beach,1432245600.0,,,0.107,4.0,63rdStreetBeach201505212200,0,11.8,1.65,0.107,4.0
2015-05-21 23:00:00,63rd Street Beach,1432249200.0,11.8,1.69,0.081,,63rdStreetBeach201505212300,0,11.8,1.69,0.081,4.0
2015-05-22 00:00:00,63rd Street Beach,1432252800.0,11.7,1.59,0.075,,63rdStreetBeach201505222400,0,11.7,1.59,0.075,4.0
2015-05-22 01:00:00,63rd Street Beach,1432256400.0,11.7,1.61,,7.0,63rdStreetBeach201505220100,0,11.7,1.61,0.077,7.0
2015-05-22 02:00:00,63rd Street Beach,1432260000.0,11.6,,0.084,6.0,63rdStreetBeach201505220200,0,11.6,1.64,0.084,6.0
2015-05-22 03:00:00,63rd Street Beach,1432263600.0,,1.51,,5.0,63rdStreetBeach201505220300,0,11.6,1.51,0.083,5.0
2015-05-22 04:00:00,63rd Street Beach,1432267200.0,11.6,1.57,0.101,2.0,63rdStreetBeach201505220400,0,11.6,1.57,0.101,2.0
2015-05-22 05:00:00,63rd Street Beach,1432270800.0,11.4,1.67,,3.0,63rdStreetBeach201505220500,0,11.4,1.67,0.222,3.0
2015-05-22 06:00:00,63rd Street Beach,1432274400.0,11.3,1.84,0.211,3.0,63rdStreetBeach201505220600,0,11.3,1.84,0.211,3.0
2015-05-22 07:00:00,63rd Street Beach,1432278000.0,11.2,,0.174,3.0,63rdStreetBeach201505220700,0,11.2,1.65,0.174,3.0
2015-05-22 08:00:00,63rd Street Beach,1432281600.0,11.4,,0.175,3.0,63rdStreetBeach201505220800,0,11.4,1.66,0.175,3.0
2015-05-22 09:00:00,63rd Street Beach,1432285200.0,11.5,,,,63rdStreetBeach201505220900,0,11.5,1.62,0.222,3.0
2015-05-22 10:00:00,63rd Street Beach,1432288800.0,11.7,1.47,0.24,3.0,63rdStreetBeach201505221000,0,11.7,1.47,0.24,3.0
2015-05-22 11:00:00,63rd Street Beach,1432292400.0,12.0,1.32,0.211,3.0,63rdStreetBeach201505221100,0,12.0,1.32,0.211,3.0
2015-05-22 12:00:00,63rd Street Beach,1432296000.0,,1.43,0.224,3.0,63rdStreetBeach201505221200,0,12.2,1.43,0.224,3.0
2015-05-22 13:00:00,63rd Street Beach,1432299600.0,12.4,1.4,0.24,3.0,63rdStreetBeach201505221300,0,12.4,1.4,0.24,3.0
2015-05-22 14:00:00,63rd Street Beach,,,,,,,1,,,,
2015-05-22 15:00:00,63rd Street Beach,1432306800.0,,1.31,0.235,3.0,63rdStreetBeach201505221500,0,12.8,1.31,0.235,3.0
2015-05-22 16:00:00,63rd Street Beach,1432310400.0,13.0,1.35,0.215,3.0,63rdStreetBeach201505221600,0,13.0,1.35,0.215,3.0
2015-05-22 17:00:00,63rd Street Beach,1432314000.0,,,0.208,3.0,63rdStreetBeach201505221700,0,13.2,1.38,0.208,3.0
2015-05-22 18:00:00,63rd Street Beach,1432317600.0,,,0.203,3.0,63rdStreetBeach201505221800,0,14.1,1.96,0.203,3.0
2015-05-22 19:00:00,63rd Street Beach,,,,,,,1,,,,
2015-05-22 20:00:00,63rd Street Beach,1432324800.0,13.4,,0.219,3.0,63rdStreetBeach201505222000,0,13.4,1.66,0.219,3.0
2015-05-22 21:00:00,63rd Street Beach,1432328400.0,13.0,1.47,0.206,3.0,63rdStreetBeach201505222100,0,13.0,1.47,0.206,3.0
2015-05-22 22:00:00,63rd Street Beach,,,,,,,1,,,,
2015-05-22 23:00:00,63rd Street Beach,,,,,,,1,,,,
2015-05-23 00:00:00,63rd Street Beach,,,,,,,1,,,,
2015-05-23 01:00:00,63rd Street Beach,,,,,,,1,,,,
2015-05-23 02:00:00,63rd Street Beach,,,,,,,1,,,,
2015-05-23 03:00:00,63rd Street Beach,,,,,,,1,,,,
2015-05-23 04:00:00,63rd Street Beach,,,,,,,1,,,,
2015-05-23 05:00:00,63rd Street Beach,,,,,,,1,,,,
2015-05-23 06:00:00,63rd Street Beach,,,,,,,1,,,,
2015-05-23 07:00:00,63rd Street Beach,,,,,,,1,,,,
2015-05-23 08:00:00,63rd Street Beach,1432368000.0,,1.78,0.137,3.0,63rdStreetBeach201505230800,0,12.2,1.78,0.137,3.0
2015-05-23 09:00:00,63rd Street Beach,1432371600.0,12.1,1.44,0.128,3.0,63rdStreetBeach201505230900,0,12.1,1.44,0.128,3.0
2015-05-23 10:00:00,63rd Street Beach,1432375200.0,12.3,1.62,0.128,4.0,63rdStreetBeach201505231000,0,12.3,1.62,0.128,4.0
2015-05-23 11:00:00,63rd Street Beach,1432378800.0,12.7,1.02,0.118,3.0,63rdStreetBeach201505231100,0,12.7,1.02,0.118,3.0
2015-05-23 12:00:00,63rd Street Beach,1432382400.0,13.0,0.99,0.13,2.0,63rdStreetBeach201505231200,0,13.0,0.99,0.13,2.0
2015-05-23 13:00:00,63rd Street Beach,,,,,,,1,,,,
2015-05-23 14:00:00,63rd Street Beach,1432389600.0,14.0,0.94,0.169,2.0,63rdStreetBeach201505231400,0,14.0,0.94,0.169,2.0
2015-05-23 15:00:00,63rd Street Beach,1432393200.0,13.9,,0.16,4.0,63rdStreetBeach201505231500,0,13.9,0.99,0.16,4.0
2015-05-23 16:00:00,63rd Street Beach,1432396800.0,15.8,0.97,,,63rdStreetBeach201505231600,0,15.8,0.97,0.174,3.0
2015-05-23 17:00:00,63rd Street Beach,1432400400.0,15.5,1.07,0.175,4.0,63rdStreetBeach201505231700,0,15.5,1.07,0.175,4.0
2015-05-23 18:00:00,63rd Street Beach,1432404000.0,16.9,1.69,0.165,2.0,63rdStreetBeach201505231800,0,16.9,1.69,0.165,2.0
2015-05-23 19:00:00,63rd Street Beach,,,,,,,1,,,,
2015-05-23 20:00:00,63rd Street Beach,1432411200.0,15.5,1.27,,4.0,63rdStreetBeach201505232000,0,15.5,1.27,0.163,4.0
2015-05-23 21:00:00,63rd Street Beach,1432414800.0,14.6,1.03,0.138,2.0,63rdStreetBeach201505232100,0,14.6,1.03,0.138,2.0
2015-05-23 22:00:00,63rd Street Beach,1432418400.0,13.8,1.04,0.142,2.0,63rdStreetBeach201505232200,0,13.8,1.04,0.142,2.0
2015-05-23 23:00:00,63rd Street Beach,1432422000.0,13.6,1.03,0.136,2.0,63rdStreetBeach201505232300,0,13.6,1.03,0.136,2.0
2015-05-24 00:00:00,63rd Street Beach,1432425600.0,13.8,1.2,0.119,2.0,63rdStreetBeach201505242400,0,13.8,1.2,0.119,2.0
2015-05-24 01:00:00,63rd Street Beach,,,,,,,1,,,,
2015-05-24 02:00:00,63rd Street Beach,1432432800.0,13.7,1.62,,6.0,63rdStreetBeach201505240200,0,13.7,1.62,0.107,6.0
2015-05-24 03:00:00,63rd Street Beach,1432436400.0,13.8,1.46,0.098,6.0,63rdStreetBeach201505240300,0,13.8,1.46,0.098,6.0
2015-05-24 04:00:00,63rd Street Beach,1432440000.0,13.7,1.82,0.096,5.0,63rdStreetBeach201505240400,0,13.7,1.82,0.096,5.0
2015-05-24 05:00:00,63rd Street Beach,1432443600.0,13.6,1.64,0.096,4.0,63rdStreetBeach201505240500,0,13.6,1.64,0.096,4.0
2015-05-24 06:00:00,63rd Street Beach,1432447200.0,13.5,1.54,0.091,3.0,63rdStreetBeach201505240600,0,13.5,1.54,0.091,3.0
2015-05-24 07:00:00,63rd Street Beach,1432450800.0,13.4,1.42,0.086,5.0,63rdStreetBeach201505240700,0,13.4,1.42,0.086,5.0
2015-05-24 08:00:00,63rd Street Beach,1432454400.0,13.5,1.29,,3.0,63rdStreetBeach201505240800,0,13.5,1.29,0.109,3.0
2015-05-24 09:00:00,63rd Street Beach,1432458000.0,13.5,1.24,0.085,,63rdStreetBeach201505240900,0,13.5,1.24,0.085,5.0
2015-05-24 10:00:00,63rd Street Beach,1432461600.0,,,,5.0,63rdStreetBeach201505241000,0,13.7,1.26,0.085,5.0
2015-05-24 11:00:00,63rd Street Beach,1432465200.0,13.9,1.31,0.083,5.0,63rdStreetBeach201505241100,0,13.9,1.31,0.083,5.0
2015-05-24 12:00:00,63rd Street Beach,,,,,,,1,,,,
2015-05-24 13:00:00,63rd Street Beach,1432472400.0,13.5,1.1,0.11,4.0,63rdStreetBeach201505241300,0,13.5,1.1,0.11,4.0
2015-05-24 14:00:00,63rd Street Beach,1432476000.0,,1.09,,2.0,63rdStreetBeach201505241400,0,13.4,1.09,0.152,2.0
2015-05-24 15:00:00,63rd Street Beach,1432479600.0,,1.13,0.205,3.0,63rdStreetBeach201505241500,0,13.6,1.13,0.205,3.0
2015-05-24 16:00:00,63rd Street Beach,1432483200.0,13.6,1.15,0.212,3.0,63rdStreetBeach201505241600,0,13.6,1.15,0.212,3.0
2015-05-24 17:00:00,63rd Street Beach,1432486800.0,14.0,1.83,0.226,3.0,63rdStreetBeach201505241700,0,14.0,1.83,0.226,3.0
2015-05-24 18:00:00,63rd Street Beach,1432490400.0,13.6,1.45,0.215,3.0,63rdStreetBeach201505241800,0,13.6,1.45,0.215,3.0
2015-05-24 19:00:00,63rd Street Beach,,,,,,,1,,,,
2015-05-24 20:00:00,63rd Street Beach,1432497600.0,14.0,1.49,0.209,3.0,63rdStreetBeach201505242000,0,14.0,1.49,0.209,3.0
2015-05-24 21:00:00,63rd Street Beach,1432501200.0,13.9,,0.193,3.0,63rdStreetBeach201505242100,0,13.9,1.44,0.193,3.0
2015-05-24 22:00:00,63rd Street Beach,,,,,,,1,,,,
2015-05-24 23:00:00,63rd Street Beach,1432508400.0,13.8,,0.147,3.0,63rdStreetBeach201505242300,0,13.8,1.34,0.147,3.0
2015-05-25 00:00:00,63rd Street Beach,1432512000.0,13.7,1.51,0.143,,63rdStreetBeach201505252400,0,13.7,1.51,0.143,3.0
2015-05-25 01:00:00,63rd Street Beach,1432515600.0,13.2,1.58,0.123,3.0,63rdStreetBeach201505250100,0,13.2,1.58,0.123,3.0
2015-05-25 02:00:00,63rd Street Beach,1432519200.0,,,0.124,3.0,63rdStreetBeach201505250200,0,12.9,1.36,0.124,3.0
2015-05-25 03:00:00,63rd Street Beach,1432522800.0,13.0,1.43,0.116,,63rdStreetBeach201505250300,0,13.0,1.43,0.116,6.0
2015-05-25 04:00:00,63rd Street Beach,1432526400.0,,1.54,0.118,3.0,63rdStreetBeach201505250400,0,13.1,1.54,0.118,3.0
2015-05-25 05:00:00,63rd Street Beach,1432530000.0,12.9,1.34,0.111,,63rdStreetBeach201505250500,0,12.9,1.34,0.111,3.0
2015-05-25 06:00:00,63rd Street Beach,1432533600.0,12.9,1.28,0.105,3.0,63rdStreetBeach201505250600,0,12.9,1.28,0.105,3.0
2015-05-25 07:00:00,63rd Street Beach,1432537200.0,13.0,,0.099,3.0,63rdStreetBeach201505250700,0,13.0,1.22,0.099,3.0
2015-05-25 08:00:00,63rd Street Beach,1432540800.0,13.0,1.17,0.099,,63rdStreetBeach201505250800,0,13.0,1.17,0.099,3.0
2015-05-25 09:00:00,63rd Street Beach,1432544400.0,13.2,1.12,0.092,3.0,63rdStreetBeach201505250900,0,13.2,1.12,0.092,3.0
2015-05-25 10:00:00,63rd Street Beach,1432548000.0,13.3,1.07,0.099,,63rdStreetBeach201505251000,0,13.3,1.07,0.099,3.0
2015-05-25 11:00:00,63rd Street Beach,1432551600.0,13.4,1.07,,3.0,63rdStreetBeach201505251100,0,13.4,1.07,0.09,3.0
2015-05-25 12:00:00,63rd Street Beach,1432555200.0,14.5,,0.082,3.0,63rdStreetBeach201505251200,0,14.5,1.24,0.082,3.0
2015-05-25 13:00:00,63rd Street Beach,1432558800.0,,,0.075,3.0,63rdStreetBeach201505251300,0,14.8,1.23,0.075,3.0
2015-05-25 14:00:00,63rd Street Beach,1432562400.0,14.9,1.17,0.081,3.0,63rdStreetBeach201505251400,0,14.9,1.17,0.081,3.0
2015-05-25 15:00:00,63rd Street Beach,1432566000.0,15.0,1.17,0.075,9.0,63rdStreetBeach201505251500,0,15.0,1.17,0.075,9.0
2015-05-25 16:00:00,63rd Street Beach,,,,,,,1,,,,
2015-05-25 17:00:00,63rd Street Beach,1432573200.0,15.1,1.14,,,63rdStreetBeach201505251700,0,15.1,1.14,0.088,7.0
2015-05-25 18:00:00,63rd Street Beach,1432576800.0,,1.09,0.083,4.0,63rdStreetBeach201505251800,0,15.3,1.09,0.083,4.0
2015-05-25 19:00:00,63rd Street Beach,1432580400.0,15.1,1.13,0.094,7.0,63rdStreetBeach201505251900,0,15.1,1.13,0.094,7.0
2015-05-25 20:00:00,63rd Street Beach,1432584000.0,14.6,1.09,0.094,6.0,63rdStreetBeach201505252000,0,14.6,1.09,0.094,6.0
2015-05-25 21:00:00,63rd Street Beach,1432587600.0,14.8,1.18,0.083,6.0,63rdStreetBeach201505252100,0,14.8,1.18,0.083,6.0
2015-05-25 22:00:00,63rd Street Beach,1432591200.0,,1.13,0.109,5.0,63rdStreetBeach201505252200,0,14.7,1.13,0.109,5.0
2015-05-25 23:00:00,63rd Street Beach,1432594800.0,14.3,1.07,0.077,9.0,63rdStreetBeach201505252300,0,14.3,1.07,0.077,9.0
2015-05-26 00:00:00,63rd Street Beach,1432598400.0,13.9,1.07,0.076,4.0,63rdStreetBeach201505262400,0,13.9,1.07,0.076,4.0
2015-05-26 01:00:00,63rd Street Beach,1432602000.0,13.6,1.08,,4.0,63rdStreetBeach201505260100,0,13.6,1.08,0.076,4.0
2015-05-26 02:00:00,63rd Street Beach,1432605600.0,13.4,1.1,,7.0,63rdStreetBeach201505260200,0,13.4,1.1,0.077,7.0
2015-05-26 03:00:00,63rd Street Beach,1432609200.0,13.3,1.05,0.086,,63rdStreetBeach201505260300,0,13.3,1.05,0.086,6.0
2015-05-26 04:00:00,63rd Street Beach,1432612800.0,,,0.079,6.0,63rdStreetBeach201505260400,0,13.2,1.01,0.079,6.0
2015-05-26 05:00:00,63rd Street Beach,1432616400.0,,1.04,0.074,,63rdStreetBeach201505260500,0,13.2,1.04,0.074,5.0
2015-05-26 06:00:00,63rd Street Beach,1432620000.0,13.0,1.0,0.077,4.0,63rdStreetBeach201505260600,0,13.0,1.0,0.077,4.0
2015-05-26 07:00:00,63rd Street Beach,,,,,,,1,,,,
2015-05-26 08:00:00,63rd Street Beach,,,,,,,1,,,,
2015-05-26 09:00:00,63rd Street Beach,1432630800.0,13.2,0.98,0.082,,63rdStreetBeach201505260900,0,13.2,0.98,0.082,4.0
2015-05-26 10:00:00,63rd Street Beach,,,,,,,1,,,,
2015-05-26 11:00:00,63rd Street Beach,1432638000.0,13.6,1.0,0.1,3.0,63rdStreetBeach201505261100,0,13.6,1.0,0.1,3.0
2015-05-26 12:00:00,63rd Street Beach,1432641600.0,13.8,1.0,0.117,3.0,63rdStreetBeach201505261200,0,13.8,1.0,0.117,3.0
2015-05-26 13:00:00,63rd Street Beach,1432645200.0,13.7,1.05,0.151,3.0,63rdStreetBeach201505261300,0,13.7,1.05,0.151,3.0
2015-05-26 14:00:00,63rd Street Beach,,,,,,,1,,,,
2015-05-26 15:00:00,63rd Street Beach,,,,,,,1,,,,
2015-05-26 16:00:00,63rd Street Beach,,,,,,,1,,,,
2015-05-26 17:00:00,63rd Street Beach,1432659600.0,14.4,1.0,0.095,,63rdStreetBeach201505261700,0,14.4,1.0,0.095,5.0
2015-05-26 18:00:00,63rd Street Beach,,,,,,,1,,,,
2015-05-26 19:00:00,63rd Street Beach,1432666800.0,14.9,0.99,0.089,4.0,63rdStreetBeach201505261900,0,14.9,0.99,0.089,4.0
2015-05-26 20:00:00,63rd Street Beach,1432670400.0,15.1,,0.093,6.0,63rdStreetBeach201505262000,0,15.1,1.12,0.093,6.0
2015-05-26 21:00:00,63rd Street Beach,1432674000.0,14.9,,0.097,,63rdStreetBeach201505262100,0,14.9,1.05,0.097,5.0
2015-05-26 22:00:00,63rd Street Beach,1432677600.0,14.9,1.11,0.084,4.0,63rdStreetBeach201505262200,0,14.9,1.11,0.084,4.0
2015-05-26 23:00:00,63rd Street Beach,1432681200.0,14.4,1.04,0.085,4.0,63rdStreetBeach201505262300,0,14.4,1.04,0.085,4.0
2015-05-27 00:00:00,63rd Street Beach,1432684800.0,14.1,1.03,0.074,4.0,63rdStreetBeach201505272400,0,14.1,1.03,0.074,4.0
2015-05-27 01:00:00,63rd Street Beach,1432688400.0,13.9,1.03,0.084,7.0,63rdStreetBeach201505270100,0,13.9,1.03,0.084,7.0
2015-05-27 02:00:00,63rd Street Beach,1432692000.0,13.9,,0.082,6.0,63rdStreetBeach201505270200,0,13.9,1.01,0.082,6.0
2015-05-27 03:00:00,63rd Street Beach,1432695600.0,13.8,,0.089,6.0,63rdStreetBeach201505270300,0,13.8,0.98,0.089,6.0
2015-05-27 04:00:00,63rd Street Beach,,,,,,,1,,,,
2015-05-27 05:00:00,63rd Street Beach,,,,,,,1,,,,
2015-05-27 06:00:00,63rd Street Beach,,,,,,,1,,,,
2015-05-27 07:00:00,63rd Street Beach,,,,,,,1,,,,
2015-05-27 08:00:00,63rd Street Beach,,,,,,,1,,,,
2015-05-27 09:00:00,63rd Street Beach,1432717200.0,14.1,,0.069,4.0,63rdStreetBeach201505270900,0,14.1,0.95,0.069,4.0
2015-05-27 10:00:00,63rd Street Beach,1432720800.0,14.4,,,9.0,63rdStreetBeach201505271000,0,14.4,0.92,0.074,9.0
2015-05-27 11:00:00,63rd Street Beach,,,,,,,1,,,,
2015-05-27 12:00:00,63rd Street Beach,1432728000.0,14.5,0.9,0.098,6.0,63rdStreetBeach201505271200,0,14.5,0.9,0.098,6.0
2015-05-27 13:00:00,63rd Street Beach,,,,,,,1,,,,
2015-05-27 14:00:00,63rd Street Beach,,,,,,,1,,,,
2015-05-27 15:00:00,63rd Street Beach,,,,,,,1,,,,
2015-05-27 16:00:00,63rd Street Beach,1432742400.0,14.5,0.91,0.131,4.0,63rdStreetBeach201505271600,0,14.5,0.91,0.131,4.0
2015-05-27 17:00:00,63rd Street Beach,1432746000.0,14.5,0.94,0.131,3.0,63rdStreetBeach201505271700,0,14.5,0.94,0.131,3.0
2015-05-27 18:00:00,63rd Street Beach,1432749600.0,14.5,0.93,,8.0,63rdStreetBeach201505271800,0,14.5,0.93,0.124,8.0
2015-05-27 19:00:00,63rd Street Beach,,,,,,,1,,,,
2015-05-27 20:00:00,63rd Street Beach,,,,,,,1,,,,
2015-05-27 21:00:00,63rd Street Beach,,,,,,,1,,,,
2015-05-27 22:00:00,63rd Street Beach,,,,,,,1,,,,
2015-05-27 23:00:00,63rd Street Beach,,,,,,,1,,,,
2015-05-28 00:00:00,63rd Street Beach,,,,,,,1,,,,
2015-05-28 01:00:00,63rd Street Beach,,,,,,,1,,,,
2015-05-28 02:00:00,63rd Street Beach,,,,,,,1,,,,
2015-05-28 03:00:00,63rd Street Beach,,,,,,,1,,,,
2015-05-28 04:00:00,63rd Street Beach,,,,,,,1,,,,
2015-05-28 05:00:00,63rd Street Beach,,,,,,,1,,,,
2015-05-28 06:00:00,63rd Street Beach,,,,,,,1,,,,
2015-05-28 07:00:00,63rd Street Beach,,,,,,,1,,,,
2015-05-28 08:00:00,63rd Street Beach,,,,,,,1,,,,
2015-05-28 09:00:00,63rd Street Beach,,,,,,,1,,,,
2015-05-28 10:00:00,63rd Street Beach,,,,,,,1,,,,
2015-05-28 11:00:00,63rd Street Beach,1432810800.0,15.0,,0.069,4.0,63rdStreetBeach201505281100,0,15.0,0.82,0.069,4.0
2015-05-28 12:00:00,63rd Street Beach,1432814400.0,15.6,0.78,0.075,4.0,63rdStreetBeach201505281200,0,15.6,0.78,0.075,4.0
2015-05-28 13:00:00,63rd Street Beach,1432818000.0,16.2,0.76,0.093,,63rdStreetBeach201505281300,0,16.2,0.76,0.093,6.0
2015-05-28 14:00:00,63rd Street Beach,1432821600.0,16.0,0.81,0.104,3.0,63rdStreetBeach201505281400,0,16.0,0.81,0.104,3.0
2015-05-28 15:00:00,63rd Street Beach,1432825200.0,16.5,0.74,0.1,5.0,63rdStreetBeach201505281500,0,16.5,0.74,0.1,5.0
2015-05-28 16:00:00,63rd Street Beach,1432828800.0,16.9,0.73,0.115,4.0,63rdStreetBeach201505281600,0,16.9,0.73,0.115,4.0
2015-05-28 17:00:00,63rd Street Beach,1432832400.0,,0.74,0.111,,63rdStreetBeach201505281700,0,17.4,0.74,0.111,2.0
2015-05-28 18:00:00,63rd Street Beach,1432836000.0,17.1,0.7,0.115,4.0,63rdStreetBeach201505281800,0,17.1,0.7,0.115,4.0
2015-05-28 19:00:00,63rd Street Beach,1432839600.0,17.5,0.76,0.132,2.0,63rdStreetBeach201505281900,0,17.5,0.76,0.132,2.0
2015-05-28 20:00:00,63rd Street Beach,,,,,,,1,,,,
2015-05-28 21:00:00,63rd Street Beach,1432846800.0,17.2,,,3.0,63rdStreetBeach201505282100,0,17.2,0.81,0.189,3.0
2015-05-28 22:00:00,63rd Street Beach,1432850400.0,17.2,0.87,0.184,3.0,63rdStreetBeach201505282200,0,17.2,0.87,0.184,3.0
2015-05-28 23:00:00,63rd Street Beach,1432854000.0,,0.86,0.176,3.0,63rdStreetBeach201505282300,0,16.7,0.86,0.176,3.0
2015-05-29 00:00:00,63rd Street Beach,,,,,,,1,,,,
2015-05-29 01:00:00,63rd Street Beach,1432861200.0,16.5,0.88,0.157,,63rdStreetBeach201505290100,0,16.5,0.88,0.157,2.0
2015-05-29 02:00:00,63rd Street Beach,1432864800.0,16.4,1.16,0.139,2.0,63rdStreetBeach201505290200,0,16.4,1.16,0.139,2.0
2015-05-29 03:00:00,63rd Street Beach,1432868400.0,16.2,,0.127,6.0,63rdStreetBeach201505290300,0,16.2,1.01,0.127,6.0
2015-05-29 04:00:00,63rd Street Beach,1432872000.0,16.1,1.01,0.115,2.0,63rdStreetBeach201505290400,0,16.1,1.01,0.115,2.0
2015-05-29 05:00:00,63rd Street Beach,1432875600.0,15.3,0.89,,2.0,63rdStreetBeach201505290500,0,15.3,0.89,0.109,2.0
2015-05-29 06:00:00,63rd Street Beach,1432879200.0,15.2,0.9,0.093,2.0,63rdStreetBeach201505290600,0,15.2,0.9,0.093,2.0
2015-05-29 07:00:00,63rd Street Beach,,,,,,,1,,,,
2015-05-29 08:00:00,63rd Street Beach,,,,,,,1,,,,
2015-05-29 09:00:00,63rd Street Beach,1432890000.0,14.8,,,3.0,63rdStreetBeach201505290900,0,14.8,0.91,0.081,3.0
2015-05-29 10:00:00,63rd Street Beach,1432893600.0,14.6,0.92,0.09,4.0,63rdStreetBeach201505291000,0,14.6,0.92,0.09,4.0
2015-05-29 11:00:00,63rd Street Beach,1432897200.0,14.6,0.91,0.082,2.0,63rdStreetBeach201505291100,0,14.6,0.91,0.082,2.0
2015-05-29 12:00:00,63rd Street Beach,1432900800.0,14.4,1.07,0.104,4.0,63rdStreetBeach201505291200,0,14.4,1.07,0.104,4.0
2015-05-29 13:00:00,63rd Street Beach,,,,,,,1,,,,
2015-05-29 14:00:00,63rd Street Beach,1432908000.0,,,0.096,3.0,63rdStreetBeach201505291400,0,15.3,0.97,0.096,3.0
2015-05-29 15:00:00,63rd Street Beach,1432911600.0,15.7,0.87,0.111,3.0,63rdStreetBeach201505291500,0,15.7,0.87,0.111,3.0
2015-05-29 16:00:00,63rd Street Beach,,,,,,,1,,,,
2015-05-29 17:00:00,63rd Street Beach,1432918800.0,14.8,1.1,0.086,4.0,63rdStreetBeach201505291700,0,14.8,1.1,0.086,4.0
2015-05-29 18:00:00,63rd Street Beach,1432922400.0,14.4,1.11,0.079,,63rdStreetBeach201505291800,0,14.4,1.11,0.079,4.0
2015-05-29 19:00:00,63rd Street Beach,1432926000.0,13.7,1.11,0.094,7.0,63rdStreetBeach201505291900,0,13.7,1.11,0.094,7.0
2015-05-29 20:00:00,63rd Street Beach,1432929600.0,,,0.087,6.0,63rdStreetBeach201505292000,0,13.5,1.09,0.087,6.0
2015-05-29 21:00:00,63rd Street Beach,1432933200.0,,,0.082,5.0,63rdStreetBeach201505292100,0,13.6,1.1,0.082,5.0
2015-05-29 22:00:00,63rd Street Beach,1432936800.0,13.4,1.02,0.077,,63rdStreetBeach201505292200,0,13.4,1.02,0.077,9.0
2015-05-29 23:00:00,63rd Street Beach,1432940400.0,13.2,1.06,0.09,2.0,63rdStreetBeach201505292300,0,13.2,1.06,0.09,2.0
2015-05-30 00:00:00,63rd Street Beach,1432944000.0,,1.19,0.091,4.0,63rdStreetBeach201505302400,0,12.9,1.19,0.091,4.0
2015-05-30 01:00:00,63rd Street Beach,1432947600.0,12.9,1.16,0.064,,63rdStreetBeach201505300100,0,12.9,1.16,0.064,7.0
2015-05-30 02:00:00,63rd Street Beach,1432951200.0,12.4,1.15,,,63rdStreetBeach201505300200,0,12.4,1.15,0.075,7.0
2015-05-30 03:00:00,63rd Street Beach,1432954800.0,12.4,1.04,0.067,6.0,63rdStreetBeach201505300300,0,12.4,1.04,0.067,6.0
2015-05-30 04:00:00,63rd Street Beach,1432958400.0,,1.06,0.091,4.0,63rdStreetBeach201505300400,0,12.4,1.06,0.091,4.0
2015-05-30 05:00:00,63rd Street Beach,1432962000.0,12.4,0.98,0.088,4.0,63rdStreetBeach201505300500,0,12.4,0.98,0.088,4.0
2015-05-30 06:00:00,63rd Street Beach,1432965600.0,12.6,0.98,0.065,4.0,63rdStreetBeach201505300600,0,12.6,0.98,0.065,4.0
2015-05-30 07:00:00,63rd Street Beach,1432969200.0,12.7,0.97,0.098,3.0,63rdStreetBeach201505300700,0,12.7,0.97,0.098,3.0
2015-05-30 08:00:00,63rd Street Beach,1432972800.0,,0.92,0.065,4.0,63rdStreetBeach201505300800,0,12.9,0.92,0.065,4.0
2015-05-30 09:00:00,63rd Street Beach,1432976400.0,13.3,0.94,,4.0,63rdStreetBeach201505300900,0,13.3,0.94,0.067,4.0
2015-05-30 10:00:00,63rd Street Beach,1432980000.0,13.2,0.92,,4.0,63rdStreetBeach201505301000,0,13.2,0.92,0.065,4.0
2015-05-30 11:00:00,63rd Street Beach,1432983600.0,12.6,0.99,0.182,2.0,63rdStreetBeach201505301100,0,12.6,0.99,0.182,2.0
2015-05-30 12:00:00,63rd Street Beach,1432987200.0,12.4,1.29,0.286,3.0,63rdStreetBeach201505301200,0,12.4,1.29,0.286,3.0
2015-05-30 13:00:00,63rd Street Beach,1432990800.0,12.6,1.83,,4.0,63rdStreetBeach201505301300,0,12.6,1.83,0.363,4.0
2015-05-30 14:00:00,63rd Street Beach,1432994400.0,12.6,1.96,0.424,,63rdStreetBeach201505301400,0,12.6,1.96,0.424,5.0
2015-05-30 15:00:00,63rd Street Beach,1432998000.0,12.4,4.41,0.449,5.0,63rdStreetBeach201505301500,0,12.4,4.41,0.449,5.0
2015-05-30 16:00:00,63rd Street Beach,1433001600.0,12.4,12.05,0.474,6.0,63rdStreetBeach201505301600,0,12.4,12.05,0.474,6.0
2015-05-30 17:00:00,63rd Street Beach,1433005200.0,12.2,8.29,0.47,6.0,63rdStreetBeach201505301700,0,12.2,8.29,0.47,6.0
2015-05-30 18:00:00,63rd Street Beach,,,,,,,1,,,,
2015-05-30 19:00:00,63rd Street Beach,,,,,,,1,,,,
2015-05-30 20:00:00,63rd Street Beach,,,,,,,1,,,,
2015-05-30 21:00:00,63rd Street Beach,,,,,,,1,,,,
2015-05-30 22:00:00,63rd Street Beach,1433023200.0,11.9,,0.509,7.0,63rdStreetBeach201505302200,0,11.9,25.13,0.509,7.0
2015-05-30 23:00:00,63rd Street Beach,,,,,,,1,,,,
2015-05-31 00:00:00,63rd Street Beach,,,,,,,1,,,,
2015-05-31 01:00:00,63rd Street Beach,,,,,,,1,,,,
2015-05-31 02:00:00,63rd Street Beach,,,,,,,1,,,,
2015-05-31 03:00:00,63rd Street Beach,,,,,,,1,,,,
2015-05-31 04:00:00,63rd Street Beach,,,,,,,1,,,,
2015-05-31 05:00:00,63rd Street Beach,,,,,,,1,,,,
2015-05-31 06:00:00,63rd Street Beach,,,,,,,1,,,,
2015-05-31 07:00:00,63rd Street Beach,,,,,,,1,,,,
2015-05-31 08:00:00,63rd Street Beach,,,,,,,1,,,,
2015-05-31 09:00:00,63rd Street Beach,,,,,,,1,,,,
2015-05-31 10:00:00,63rd Street Beach,,,,,,,1,,,,
2015-05-31 11:00:00,63rd Street Beach,,,,,,,1,,,,
2015-05-31 12:00:00,63rd Street Beach,,,,,,,1,,,,
2015-05-31 13:00:00,63rd Street Beach,,,,,,,1,,,,
2015-05-31 14:00:00,63rd Street Beach,,,,,,,1,,,,
2015-05-31 15:00:00,63rd Street Beach,,,,,,,1,,,,
2015-05-31 16:00:00,63rd Street Beach,,,,,,,1,,,,
2015-05-31 17:00:00,63rd Street Beach,,,,,,,1,,,,
2015-05-31 18:00:00,63rd Street Beach,,,,,,,1,,,,
2015-05-31 19:00:00,63rd Street Beach,,,,,,,1,,,,
2015-05-31 20:00:00,63rd Street Beach,,,,,,,1,,,,
2015-05-31 21:00:00,63rd Street Beach,1433106000.0,11.7,42.41,0.434,6.0,63rdStreetBeach201505312100,0,11.7,42.41,0.434,6.0
2015-05-31 22:00:00,63rd Street Beach,1433109600.0,11.7,39.23,,6.0,63rdStreetBeach201505312200,0,11.7,39.23,0.419,6.0
2015-05-31 23:00:00,63rd Street Beach,1433113200.0,11.6,35.24,0.39,5.0,63rdStreetBeach201505312300,0,11.6,35.24,0.39,5.0
2015-06-01 00:00:00,63rd Street Beach,1433116800.0,,34.28,0.386,6.0,63rdStreetBeach201506012400,0,11.5,34.28,0.386,6.0
2015-06-01 01:00:00,63rd Street Beach,1433120400.0,,27.32,0.382,6.0,63rdStreetBeach201506010100,0,11.4,27.32,0.382,6.0
2015-06-01 02:00:00,63rd Street Beach,1433124000.0,,32.33,,,63rdStreetBeach201506010200,0,11.4,32.33,0.381,6.0
2015-06-01 03:00:00,63rd Street Beach,1433127600.0,11.2,39.89,0.415,6.0,63rdStreetBeach201506010300,0,11.2,39.89,0.415,6.0
2015-06-01 04:00:00,63rd Street Beach,1433131200.0,11.2,34.03,0.391,5.0,63rdStreetBeach201506010400,0,11.2,34.03,0.391,5.0
2015-06-01 05:00:00,63rd Street Beach,1433134800.0,11.2,32.14,0.43,6.0,63rdStreetBeach201506010500,0,11.2,32.14,0.43,6.0
2015-06-01 06:00:00,63rd Street Beach,1433138400.0,11.2,33.82,0.404,6.0,63rdStreetBeach201506010600,0,11.2,33.82,0.404,6.0
2015-06-01 07:00:00,63rd Street Beach,,,,,,,1,,,,
2015-06-01 08:00:00,63rd Street Beach,,,,,,,1,,,,
2015-06-01 09:00:00,63rd Street Beach,,,,,,,1,,,,
2015-06-01 10:00:00,63rd Street Beach,1433152800.0,11.4,20.63,,5.0,63rdStreetBeach201506011000,0,11.4,20.63,0.384,5.0
2015-06-01 11:00:00,63rd Street Beach,1433156400.0,,22.44,,4.0,63rdStreetBeach201506011100,0,11.6,22.44,0.36,4.0
2015-06-01 12:00:00,63rd Street Beach,,,,,,,1,,,,
2015-06-01 13:00:00,63rd Street Beach,,,,,,,1,,,,
2015-06-01 14:00:00,63rd Street Beach,1433167200.0,,28.94,0.372,4.0,63rdStreetBeach201506011400,0,12.4,28.94,0.372,4.0
2015-06-01 15:00:00,63rd Street Beach,1433170800.0,,28.43,0.393,4.0,63rdStreetBeach201506011500,0,12.5,28.43,0.393,4.0
2015-06-01 16:00:00,63rd Street Beach,,,,,,,1,,,,
2015-06-01 17:00:00,63rd Street Beach,1433178000.0,12.7,22.68,0.365,4.0,63rdStreetBeach201506011700,0,12.7,22.68,0.365,4.0
2015-06-01 18:00:00,63rd Street Beach,,,,,,,1,,,,
2015-06-01 19:00:00,63rd Street Beach,1433185200.0,12.5,16.74,,,63rdStreetBeach201506011900,0,12.5,16.74,0.342,4.0
2015-06-01 20:00:00,63rd Street Beach,1433188800.0,12.3,,0.313,3.0,63rdStreetBeach201506012000,0,12.3,15.02,0.313,3.0
2015-06-01 21:00:00,63rd Street Beach,1433192400.0,12.2,15.16,0.279,4.0,63rdStreetBeach201506012100,0,12.2,15.16,0.279,4.0
2015-06-01 22:00:00,63rd Street Beach,1433196000.0,12.0,14.21,0.273,4.0,63rdStreetBeach201506012200,0,12.0,14.21,0.273,4.0
2015-06-01 23:00:00,63rd Street Beach,,,,,,,1,,,,
2015-06-02 00:00:00,63rd Street Beach,1433203200.0,11.8,12.76,0.29,4.0,63rdStreetBeach201506022400,0,11.8,12.76,0.29,4.0
2015-06-02 01:00:00,63rd Street Beach,,,,,,,1,,,,
2015-06-02 02:00:00,63rd Street Beach,1433210400.0,11.7,11.75,0.276,4.0,63rdStreetBeach201506020200,0,11.7,11.75,0.276,4.0
2015-06-02 03:00:00,63rd Street Beach,1433214000.0,11.7,,0.262,4.0,63rdStreetBeach201506020300,0,11.7,11.3,0.262,4.0
2015-06-02 04:00:00,63rd Street Beach,1433217600.0,11.7,11.08,0.233,4.0,63rdStreetBeach201506020400,0,11.7,11.08,0.233,4.0
2015-06-02 05:00:00,63rd Street Beach,,,,,,,1,,,,
2015-06-02 06:00:00,63rd Street Beach,1433224800.0,,10.5,,4.0,63rdStreetBeach201506020600,0,11.7,10.5,0.238,4.0
2015-06-02 07:00:00,63rd Street Beach,1433228400.0,,11.45,0.234,4.0,63rdStreetBeach201506020700,0,11.7,11.45,0.234,4.0
2015-06-02 08:00:00,63rd Street Beach,1433232000.0,11.9,10.26,0.214,4.0,63rdStreetBeach201506020800,0,11.9,10.26,0.214,4.0
2015-06-02 09:00:00,63rd Street Beach,1433235600.0,,9.32,,4.0,63rdStreetBeach201506020900,0,12.1,9.32,0.216,4.0
2015-06-02 10:00:00,63rd Street Beach,,,,,,,1,,,,
2015-06-02 11:00:00,63rd Street Beach,1433242800.0,12.7,8.1,,4.0,63rdStreetBeach201506021100,0,12.7,8.1,0.205,4.0
2015-06-02 12:00:00,63rd Street Beach,1433246400.0,13.3,7.92,0.187,4.0,63rdStreetBeach201506021200,0,13.3,7.92,0.187,4.0
2015-06-02 13:00:00,63rd Street Beach,1433250000.0,14.4,14.14,0.209,4.0,63rdStreetBeach201506021300,0,14.4,14.14,0.209,4.0
2015-06-02 14:00:00,63rd Street Beach,1433253600.0,,13.29,0.198,4.0,63rdStreetBeach201506021400,0,14.8,13.29,0.198,4.0
2015-06-02 15:00:00,63rd Street Beach,,,,,,,1,,,,
2015-06-02 16:00:00,63rd Street Beach,1433260800.0,15.5,10.83,0.171,,63rdStreetBeach201506021600,0,15.5,10.83,0.171,4.0
2015-06-02 17:00:00,63rd Street Beach,,,,,,,1,,,,
2015-06-02 18:00:00,63rd Street Beach,1433268000.0,,,,,63rdStreetBeach201506021800,1,15.8,9.84,0.171,6.0
2015-06-02 19:00:00,63rd Street Beach,,,,,,,1,,,,
2015-06-02 20:00:00,63rd Street Beach,1433275200.0,,12.54,0.185,3.0,63rdStreetBeach201506022000,0,17.0,12.54,0.185,3.0
2015-06-02 21:00:00,63rd Street Beach,1433278800.0,15.7,9.66,0.182,4.0,63rdStreetBeach201506022100,0,15.7,9.66,0.182,4.0
2015-06-02 22:00:00,63rd Street Beach,1433282400.0,15.2,9.51,0.183,4.0,63rdStreetBeach201506022200,0,15.2,9.51,0.183,4.0
2015-06-02 23:00:00,63rd Street Beach,1433286000.0,14.9,9.42,0.166,3.0,63rdStreetBeach201506022300,0,14.9,9.42,0.166,3.0
2015-06-03 00:00:00,63rd Street Beach,1433289600.0,14.3,9.62,0.16,4.0,63rdStreetBeach201506032400,0,14.3,9.62,0.16,4.0
2015-06-03 01:00:00,63rd Street Beach,,,,,,,1,,,,
2015-06-03 02:00:00,63rd Street Beach,,,,,,,1,,,,
2015-06-03 03:00:00,63rd Street Beach,1433300400.0,13.7,8.92,0.132,4.0,63rdStreetBeach201506030300,0,13.7,8.92,0.132,4.0
2015-06-03 04:00:00,63rd Street Beach,1433304000.0,13.6,8.53,0.12,3.0,63rdStreetBeach201506030400,0,13.6,8.53,0.12,3.0
2015-06-03 05:00:00,63rd Street Beach,1433307600.0,,8.25,,3.0,63rdStreetBeach201506030500,0,13.5,8.25,0.116,3.0
2015-06-03 06:00:00,63rd Street Beach,,,,,,,1,,,,
2015-06-03 07:00:00,63rd Street Beach,,,,,,,1,,,,
2015-06-03 08:00:00,63rd Street Beach,,,,,,,1,,,,
2015-06-03 09:00:00,63rd Street Beach,,,,,,,1,,,,
2015-06-03 10:00:00,63rd Street Beach,,,,,,,1,,,,
2015-06-03 11:00:00,63rd Street Beach,1433329200.0,13.8,6.66,0.13,3.0,63rdStreetBeach201506031100,0,13.8,6.66,0.13,3.0
2015-06-03 12:00:00,63rd Street Beach,1433332800.0,14.1,6.39,0.115,,63rdStreetBeach201506031200,0,14.1,6.39,0.115,3.0
2015-06-03 13:00:00,63rd Street Beach,1433336400.0,14.3,,0.122,2.0,63rdStreetBeach201506031300,0,14.3,6.24,0.122,2.0
2015-06-03 14:00:00,63rd Street Beach,1433340000.0,,6.28,0.136,4.0,63rdStreetBeach201506031400,0,14.6,6.28,0.136,4.0
2015-06-03 15:00:00,63rd Street Beach,1433343600.0,14.8,,0.139,2.0,63rdStreetBeach201506031500,0,14.8,6.07,0.139,2.0
2015-06-03 16:00:00,63rd Street Beach,1433347200.0,14.5,5.51,,2.0,63rdStreetBeach201506031600,0,14.5,5.51,0.186,2.0
2015-06-03 17:00:00,63rd Street Beach,1433350800.0,,5.98,0.152,2.0,63rdStreetBeach201506031700,0,15.3,5.98,0.152,2.0
2015-06-03 18:00:00,63rd Street Beach,1433354400.0,15.4,6.14,,2.0,63rdStreetBeach201506031800,0,15.4,6.14,0.175,2.0
2015-06-03 19:00:00,63rd Street Beach,1433358000.0,15.2,5.9,0.179,3.0,63rdStreetBeach201506031900,0,15.2,5.9,0.179,3.0
2015-06-03 20:00:00,63rd Street Beach,1433361600.0,14.7,5.75,0.187,3.0,63rdStreetBeach201506032000,0,14.7,5.75,0.187,3.0
2015-06-03 21:00:00,63rd Street Beach,1433365200.0,14.5,5.68,0.181,3.0,63rdStreetBeach201506032100,0,14.5,5.68,0.181,3.0
2015-06-03 22:00:00,63rd Street Beach,1433368800.0,,5.85,0.195,3.0,63rdStreetBeach201506032200,0,14.4,5.85,0.195,3.0
2015-06-03 23:00:00,63rd Street Beach,1433372400.0,14.2,5.97,,3.0,63rdStreetBeach201506032300,0,14.2,5.97,0.175,3.0
2015-06-04 00:00:00,63rd Street Beach,1433376000.0,14.0,5.92,0.156,3.0,63rdStreetBeach201506042400,0,14.0,5.92,0.156,3.0
2015-06-04 01:00:00,63rd Street Beach,1433379600.0,14.0,6.81,0.139,3.0,63rdStreetBeach201506040100,0,14.0,6.81,0.139,3.0
2015-06-04 02:00:00,63rd Street Beach,1433383200.0,14.0,6.57,,2.0,63rdStreetBeach201506040200,0,14.0,6.57,0.129,2.0
2015-06-04 03:00:00,63rd Street Beach,1433386800.0,13.9,6.55,0.105,6.0,63rdStreetBeach201506040300,0,13.9,6.55,0.105,6.0
2015-06-04 04:00:00,63rd Street Beach,1433390400.0,13.7,6.09,0.1,5.0,63rdStreetBeach201506040400,0,13.7,6.09,0.1,5.0
2015-06-04 05:00:00,63rd Street Beach,1433394000.0,13.4,6.0,0.088,5.0,63rdStreetBeach201506040500,0,13.4,6.0,0.088,5.0
2015-06-04 06:00:00,63rd Street Beach,1433397600.0,13.1,5.77,0.079,,63rdStreetBeach201506040600,0,13.1,5.77,0.079,5.0
2015-06-04 07:00:00,63rd Street Beach,1433401200.0,12.5,4.92,0.079,4.0,63rdStreetBeach201506040700,0,12.5,4.92,0.079,4.0
2015-06-04 08:00:00,63rd Street Beach,1433404800.0,12.0,3.75,0.078,2.0,63rdStreetBeach201506040800,0,12.0,3.75,0.078,2.0
2015-06-04 09:00:00,63rd Street Beach,1433408400.0,12.0,2.89,0.071,4.0,63rdStreetBeach201506040900,0,12.0,2.89,0.071,4.0
2015-06-04 10:00:00,63rd Street Beach,1433412000.0,12.3,2.9,,7.0,63rdStreetBeach201506041000,0,12.3,2.9,0.072,7.0
2015-06-04 11:00:00,63rd Street Beach,1433415600.0,12.5,2.72,0.084,4.0,63rdStreetBeach201506041100,0,12.5,2.72,0.084,4.0
2015-06-04 12:00:00,63rd Street Beach,1433419200.0,12.5,3.13,0.085,7.0,63rdStreetBeach201506041200,0,12.5,3.13,0.085,7.0
2015-06-04 13:00:00,63rd Street Beach,1433422800.0,12.6,,0.076,3.0,63rdStreetBeach201506041300,0,12.6,3.09,0.076,3.0
2015-06-04 14:00:00,63rd Street Beach,1433426400.0,,,0.078,4.0,63rdStreetBeach201506041400,0,13.2,3.27,0.078,4.0
2015-06-04 15:00:00,63rd Street Beach,1433430000.0,13.0,3.22,0.119,2.0,63rdStreetBeach201506041500,0,13.0,3.22,0.119,2.0
2015-06-04 16:00:00,63rd Street Beach,1433433600.0,13.1,3.22,0.119,4.0,63rdStreetBeach201506041600,0,13.1,3.22,0.119,4.0
2015-06-04 17:00:00,63rd Street Beach,1433437200.0,13.2,3.39,0.091,4.0,63rdStreetBeach201506041700,0,13.2,3.39,0.091,4.0
2015-06-04 18:00:00,63rd Street Beach,1433440800.0,13.7,3.29,0.109,8.0,63rdStreetBeach201506041800,0,13.7,3.29,0.109,8.0
2015-06-04 19:00:00,63rd Street Beach,1433444400.0,13.6,2.84,0.116,2.0,63rdStreetBeach201506041900,0,13.6,2.84,0.116,2.0
2015-06-04 20:00:00,63rd Street Beach,1433448000.0,,2.95,0.09,6.0,63rdStreetBeach201506042000,0,13.5,2.95,0.09,6.0
2015-06-04 21:00:00,63rd Street Beach,1433451600.0,,2.98,0.101,6.0,63rdStreetBeach201506042100,0,13.1,2.98,0.101,6.0
2015-06-04 22:00:00,63rd Street Beach,1433455200.0,13.0,2.86,0.091,3.0,63rdStreetBeach201506042200,0,13.0,2.86,0.091,3.0
2015-06-04 23:00:00,63rd Street Beach,,,,,,,1,,,,
2015-06-05 00:00:00,63rd Street Beach,1433462400.0,13.3,,0.093,3.0,63rdStreetBeach201506052400,0,13.3,3.52,0.093,3.0
2015-06-05 01:00:00,63rd Street Beach,1433466000.0,12.7,3.19,,7.0,63rdStreetBeach201506050100,0,12.7,3.19,0.074,7.0
2015-06-05 02:00:00,63rd Street Beach,1433469600.0,12.5,3.35,0.119,,63rdStreetBeach201506050200,0,12.5,3.35,0.119,6.0
2015-06-05 03:00:00,63rd Street Beach,1433473200.0,12.5,,0.156,,63rdStreetBeach201506050300,0,12.5,3.52,0.156,2.0
2015-06-05 04:00:00,63rd Street Beach,1433476800.0,12.4,3.23,0.167,2.0,63rdStreetBeach201506050400,0,12.4,3.23,0.167,2.0
2015-06-05 05:00:00,63rd Street Beach,1433480400.0,,3.04,,,63rdStreetBeach201506050500,0,12.3,3.04,0.213,3.0
2015-06-05 06:00:00,63rd Street Beach,,,,,,,1,,,,
2015-06-05 07:00:00,63rd Street Beach,,,,,,,1,,,,
2015-06-05 08:00:00,63rd Street Beach,,,,,,,1,,,,
2015-06-05 09:00:00,63rd Street Beach,,,,,,,1,,,,
2015-06-05 10:00:00,63rd Street Beach,1433498400.0,,,0.298,3.0,63rdStreetBeach201506051000,0,12.5,4.14,0.298,3.0
2015-06-05 11:00:00,63rd Street Beach,1433502000.0,12.6,4.26,0.29,4.0,63rdStreetBeach201506051100,0,12.6,4.26,0.29,4.0
2015-06-05 12:00:00,63rd Street Beach,1433505600.0,12.6,4.25,0.304,3.0,63rdStreetBeach201506051200,0,12.6,4.25,0.304,3.0
2015-06-05 13:00:00,63rd Street Beach,1433509200.0,12.6,4.24,0.339,4.0,63rdStreetBeach201506051300,0,12.6,4.24,0.339,4.0
2015-06-05 14:00:00,63rd Street Beach,,,,,,,1,,,,
2015-06-05 15:00:00,63rd Street Beach,1433516400.0,12.6,4.96,0.42,4.0,63rdStreetBeach201506051500,0,12.6,4.96,0.42,4.0
2015-06-05 16:00:00,63rd Street Beach,1433520000.0,12.5,4.26,0.442,,63rdStreetBeach201506051600,0,12.5,4.26,0.442,4.0
2015-06-05 17:00:00,63rd Street Beach,1433523600.0,,,,4.0,63rdStreetBeach201506051700,0,12.3,4.63,0.47,4.0
2015-06-05 18:00:00,63rd Street Beach,,,,,,,1,,,,
2015-06-05 19:00:00,63rd Street Beach,1433530800.0,,,0.467,,63rdStreetBeach201506051900,0,12.5,7.88,0.467,5.0
2015-06-05 20:00:00,63rd Street Beach,,,,,,,1,,,,
2015-06-05 21:00:00,63rd Street Beach,1433538000.0,,,0.476,6.0,63rdStreetBeach201506052100,0,12.3,9.72,0.476,6.0
2015-06-05 22:00:00,63rd Street Beach,1433541600.0,,10.39,0.501,5.0,63rdStreetBeach201506052200,0,12.3,10.39,0.501,5.0
2015-06-05 23:00:00,63rd Street Beach,,,,,,,1,,,,
2015-06-06 00:00:00,63rd Street Beach,1433548800.0,12.3,10.26,0.456,5.0,63rdStreetBeach201506062400,0,12.3,10.26,0.456,5.0
2015-06-06 01:00:00,63rd Street Beach,1433552400.0,12.3,11.21,0.455,6.0,63rdStreetBeach201506060100,0,12.3,11.21,0.455,6.0
2015-06-06 02:00:00,63rd Street Beach,1433556000.0,12.4,11.45,0.463,6.0,63rdStreetBeach201506060200,0,12.4,11.45,0.463,6.0
2015-06-06 03:00:00,63rd Street Beach,1433559600.0,,10.29,0.41,6.0,63rdStreetBeach201506060300,0,12.2,10.29,0.41,6.0
2015-06-06 04:00:00,63rd Street Beach,1433563200.0,12.2,12.06,0.382,6.0,63rdStreetBeach201506060400,0,12.2,12.06,0.382,6.0
2015-06-06 05:00:00,63rd Street Beach,1433566800.0,12.2,10.11,0.396,,63rdStreetBeach201506060500,0,12.2,10.11,0.396,6.0
2015-06-06 06:00:00,63rd Street Beach,1433570400.0,,10.53,,6.0,63rdStreetBeach201506060600,0,12.1,10.53,0.364,6.0
2015-06-06 07:00:00,63rd Street Beach,1433574000.0,,10.21,0.32,,63rdStreetBeach201506060700,0,12.1,10.21,0.32,6.0
2015-06-06 08:00:00,63rd Street Beach,1433577600.0,12.3,,0.355,5.0,63rdStreetBeach201506060800,0,12.3,10.01,0.355,5.0
2015-06-06 09:00:00,63rd Street Beach,1433581200.0,12.5,,0.317,5.0,63rdStreetBeach201506060900,0,12.5,9.72,0.317,5.0
2015-06-06 10:00:00,63rd Street Beach,1433584800.0,12.7,10.06,0.316,5.0,63rdStreetBeach201506061000,0,12.7,10.06,0.316,5.0
2015-06-06 11:00:00,63rd Street Beach,1433588400.0,13.0,9.37,,,63rdStreetBeach201506061100,0,13.0,9.37,0.288,4.0
2015-06-06 12:00:00,63rd Street Beach,,,,,,,1,,,,
2015-06-06 13:00:00,63rd Street Beach,1433595600.0,13.6,9.33,0.316,5.0,63rdStreetBeach201506061300,0,13.6,9.33,0.316,5.0
2015-06-06 14:00:00,63rd Street Beach,1433599200.0,13.8,8.58,0.298,5.0,63rdStreetBeach201506061400,0,13.8,8.58,0.298,5.0
2015-06-06 15:00:00,63rd Street Beach,1433602800.0,13.9,8.53,0.302,4.0,63rdStreetBeach201506061500,0,13.9,8.53,0.302,4.0
2015-06-06 16:00:00,63rd Street Beach,1433606400.0,14.0,,0.29,,63rdStreetBeach201506061600,0,14.0,7.9,0.29,4.0
2015-06-06 17:00:00,63rd Street Beach,1433610000.0,14.1,8.12,0.292,5.0,63rdStreetBeach201506061700,0,14.1,8.12,0.292,5.0
2015-06-06 18:00:00,63rd Street Beach,1433613600.0,14.1,8.15,,4.0,63rdStreetBeach201506061800,0,14.1,8.15,0.256,4.0
2015-06-06 19:00:00,63rd Street Beach,1433617200.0,14.1,,0.234,4.0,63rdStreetBeach201506061900,0,14.1,8.41,0.234,4.0
2015-06-06 20:00:00,63rd Street Beach,1433620800.0,14.0,8.14,0.228,4.0,63rdStreetBeach201506062000,0,14.0,8.14,0.228,4.0
2015-06-06 21:00:00,63rd Street Beach,1433624400.0,13.9,7.9,0.224,,63rdStreetBeach201506062100,0,13.9,7.9,0.224,4.0
2015-06-06 22:00:00,63rd Street Beach,1433628000.0,,8.19,0.199,,63rdStreetBeach201506062200,0,13.9,8.19,0.199,4.0
2015-06-06 23:00:00,63rd Street Beach,,,,,,,1,,,,
2015-06-07 00:00:00,63rd Street Beach,1433635200.0,13.9,6.91,0.19,4.0,63rdStreetBeach201506072400,0,13.9,6.91,0.19,4.0
2015-06-07 01:00:00,63rd Street Beach,,,,,,,1,,,,
2015-06-07 02:00:00,63rd Street Beach,1433642400.0,14.0,7.96,0.194,4.0,63rdStreetBeach201506070200,0,14.0,7.96,0.194,4.0
2015-06-07 03:00:00,63rd Street Beach,1433646000.0,,8.05,,3.0,63rdStreetBeach201506070300,0,13.8,8.05,0.188,3.0
2015-06-07 04:00:00,63rd Street Beach,1433649600.0,13.8,7.54,0.173,4.0,63rdStreetBeach201506070400,0,13.8,7.54,0.173,4.0
2015-06-07 05:00:00,63rd Street Beach,1433653200.0,13.7,7.07,0.166,4.0,63rdStreetBeach201506070500,0,13.7,7.07,0.166,4.0
2015-06-07 06:00:00,63rd Street Beach,,,,,,,1,,,,
2015-06-07 07:00:00,63rd Street Beach,1433660400.0,13.5,,0.136,4.0,63rdStreetBeach201506070700,0,13.5,6.12,0.136,4.0
2015-06-07 08:00:00,63rd Street Beach,,,,,,,1,,,,
2015-06-07 09:00:00,63rd Street Beach,1433667600.0,13.5,5.23,,4.0,63rdStreetBeach201506070900,0,13.5,5.23,0.129,4.0
2015-06-07 10:00:00,63rd Street Beach,1433671200.0,13.5,,0.108,4.0,63rdStreetBeach201506071000,0,13.5,5.17,0.108,4.0
2015-06-07 11:00:00,63rd Street Beach,1433674800.0,13.7,4.76,0.098,4.0,63rdStreetBeach201506071100,0,13.7,4.76,0.098,4.0
2015-06-07 12:00:00,63rd Street Beach,,,,,,,1,,,,
2015-06-07 13:00:00,63rd Street Beach,1433682000.0,13.9,4.12,0.097,3.0,63rdStreetBeach201506071300,0,13.9,4.12,0.097,3.0
2015-06-07 14:00:00,63rd Street Beach,1433685600.0,,3.97,0.101,5.0,63rdStreetBeach201506071400,0,14.1,3.97,0.101,5.0
2015-06-07 15:00:00,63rd Street Beach,1433689200.0,14.3,3.6,0.092,4.0,63rdStreetBeach201506071500,0,14.3,3.6,0.092,4.0
2015-06-07 16:00:00,63rd Street Beach,1433692800.0,14.9,,,3.0,63rdStreetBeach201506071600,0,14.9,3.56,0.093,3.0
2015-06-07 17:00:00,63rd Street Beach,1433696400.0,15.1,3.39,0.105,9.0,63rdStreetBeach201506071700,0,15.1,3.39,0.105,9.0
2015-06-07 18:00:00,63rd Street Beach,1433700000.0,14.4,3.36,0.1,8.0,63rdStreetBeach201506071800,0,14.4,3.36,0.1,8.0
2015-06-07 19:00:00,63rd Street Beach,1433703600.0,14.1,3.45,0.106,7.0,63rdStreetBeach201506071900,0,14.1,3.45,0.106,7.0
2015-06-07 20:00:00,63rd Street Beach,,,,,,,1,,,,
2015-06-07 21:00:00,63rd Street Beach,1433710800.0,14.0,3.21,0.122,,63rdStreetBeach201506072100,0,14.0,3.21,0.122,3.0
2015-06-07 22:00:00,63rd Street Beach,1433714400.0,14.0,,0.111,,63rdStreetBeach201506072200,0,14.0,3.1,0.111,3.0
2015-06-07 23:00:00,63rd Street Beach,,,,,,,1,,,,
2015-06-08 00:00:00,63rd Street Beach,1433721600.0,14.0,2.97,0.093,4.0,63rdStreetBeach201506082400,0,14.0,2.97,0.093,4.0
2015-06-08 01:00:00,63rd Street Beach,1433725200.0,13.9,3.04,0.093,4.0,63rdStreetBeach201506080100,0,13.9,3.04,0.093,4.0
2015-06-08 02:00:00,63rd Street Beach,1433728800.0,,3.18,0.081,7.0,63rdStreetBeach201506080200,0,14.1,3.18,0.081,7.0
2015-06-08 03:00:00,63rd Street Beach,1433732400.0,14.0,3.12,0.08,6.0,63rdStreetBeach201506080300,0,14.0,3.12,0.08,6.0
2015-06-08 04:00:00,63rd Street Beach,1433736000.0,14.0,3.04,0.078,,63rdStreetBeach201506080400,0,14.0,3.04,0.078,5.0
2015-06-08 05:00:00,63rd Street Beach,1433739600.0,14.0,2.92,,,63rdStreetBeach201506080500,0,14.0,2.92,0.078,5.0
2015-06-08 06:00:00,63rd Street Beach,1433743200.0,14.0,2.94,0.074,8.0,63rdStreetBeach201506080600,0,14.0,2.94,0.074,8.0
2015-06-08 07:00:00,63rd Street Beach,1433746800.0,14.1,2.84,0.092,,63rdStreetBeach201506080700,0,14.1,2.84,0.092,4.0
2015-06-08 08:00:00,63rd Street Beach,1433750400.0,14.3,2.77,0.082,4.0,63rdStreetBeach201506080800,0,14.3,2.77,0.082,4.0
2015-06-08 09:00:00,63rd Street Beach,1433754000.0,14.5,2.79,0.078,5.0,63rdStreetBeach201506080900,0,14.5,2.79,0.078,5.0
2015-06-08 10:00:00,63rd Street Beach,1433757600.0,,2.75,0.077,6.0,63rdStreetBeach201506081000,0,14.8,2.75,0.077,6.0
2015-06-08 11:00:00,63rd Street Beach,1433761200.0,,2.9,0.081,3.0,63rdStreetBeach201506081100,0,15.1,2.9,0.081,3.0
2015-06-08 12:00:00,63rd Street Beach,1433764800.0,15.4,2.59,,3.0,63rdStreetBeach201506081200,0,15.4,2.59,0.078,3.0
2015-06-08 13:00:00,63rd Street Beach,,,,,,,1,,,,
2015-06-08 14:00:00,63rd Street Beach,1433772000.0,,2.56,,4.0,63rdStreetBeach201506081400,0,15.8,2.56,0.09,4.0
2015-06-08 15:00:00,63rd Street Beach,,,,,,,1,,,,
2015-06-08 16:00:00,63rd Street Beach,1433779200.0,,2.62,0.083,4.0,63rdStreetBeach201506081600,0,16.4,2.62,0.083,4.0
2015-06-08 17:00:00,63rd Street Beach,1433782800.0,15.4,2.7,0.19,3.0,63rdStreetBeach201506081700,0,15.4,2.7,0.19,3.0
2015-06-08 18:00:00,63rd Street Beach,1433786400.0,15.0,2.56,0.207,3.0,63rdStreetBeach201506081800,0,15.0,2.56,0.207,3.0
2015-06-08 19:00:00,63rd Street Beach,1433790000.0,15.0,2.63,0.164,3.0,63rdStreetBeach201506081900,0,15.0,2.63,0.164,3.0
2015-06-08 20:00:00,63rd Street Beach,1433793600.0,14.8,2.52,0.165,3.0,63rdStreetBeach201506082000,0,14.8,2.52,0.165,3.0
2015-06-08 21:00:00,63rd Street Beach,1433797200.0,14.7,2.64,0.194,,63rdStreetBeach201506082100,0,14.7,2.64,0.194,3.0
2015-06-08 22:00:00,63rd Street Beach,1433800800.0,,2.34,0.168,,63rdStreetBeach201506082200,0,14.5,2.34,0.168,4.0
2015-06-08 23:00:00,63rd Street Beach,1433804400.0,,2.33,0.141,3.0,63rdStreetBeach201506082300,0,14.5,2.33,0.141,3.0
2015-06-09 00:00:00,63rd Street Beach,1433808000.0,14.4,2.42,0.12,,63rdStreetBeach201506092400,0,14.4,2.42,0.12,3.0
2015-06-09 01:00:00,63rd Street Beach,1433811600.0,14.4,2.29,0.127,3.0,63rdStreetBeach201506090100,0,14.4,2.29,0.127,3.0
2015-06-09 02:00:00,63rd Street Beach,1433815200.0,14.8,3.82,0.121,6.0,63rdStreetBeach201506090200,0,14.8,3.82,0.121,6.0
2015-06-09 03:00:00,63rd Street Beach,1433818800.0,14.6,2.68,0.115,4.0,63rdStreetBeach201506090300,0,14.6,2.68,0.115,4.0
2015-06-09 04:00:00,63rd Street Beach,1433822400.0,14.5,2.69,0.119,4.0,63rdStreetBeach201506090400,0,14.5,2.69,0.119,4.0
2015-06-09 05:00:00,63rd Street Beach,1433826000.0,,2.51,0.122,3.0,63rdStreetBeach201506090500,0,14.4,2.51,0.122,3.0
2015-06-09 06:00:00,63rd Street Beach,1433829600.0,,2.35,0.108,3.0,63rdStreetBeach201506090600,0,14.3,2.35,0.108,3.0
2015-06-09 07:00:00,63rd Street Beach,1433833200.0,14.3,2.18,0.134,,63rdStreetBeach201506090700,0,14.3,2.18,0.134,2.0
2015-06-09 08:00:00,63rd Street Beach,1433836800.0,14.3,2.13,0.101,4.0,63rdStreetBeach201506090800,0,14.3,2.13,0.101,4.0
2015-06-09 09:00:00,63rd Street Beach,1433840400.0,14.5,,0.096,4.0,63rdStreetBeach201506090900,0,14.5,2.08,0.096,4.0
2015-06-09 10:00:00,63rd Street Beach,,,,,,,1,,,,
2015-06-09 11:00:00,63rd Street Beach,1433847600.0,15.1,2.08,,3.0,63rdStreetBeach201506091100,0,15.1,2.08,0.108,3.0
2015-06-09 12:00:00,63rd Street Beach,1433851200.0,15.7,1.99,0.095,4.0,63rdStreetBeach201506091200,0,15.7,1.99,0.095,4.0
2015-06-09 13:00:00,63rd Street Beach,1433854800.0,16.0,2.07,0.095,,63rdStreetBeach201506091300,0,16.0,2.07,0.095,4.0
2015-06-09 14:00:00,63rd Street Beach,1433858400.0,16.1,2.08,0.101,,63rdStreetBeach201506091400,0,16.1,2.08,0.101,6.0
2015-06-09 15:00:00,63rd Street Beach,1433862000.0,17.1,2.75,0.096,4.0,63rdStreetBeach201506091500,0,17.1,2.75,0.096,4.0
2015-06-09 16:00:00,63rd Street Beach,1433865600.0,16.6,2.15,0.122,4.0,63rdStreetBeach201506091600,0,16.6,2.15,0.122,4.0
2015-06-09 17:00:00,63rd Street Beach,1433869200.0,16.2,1.95,0.106,4.0,63rdStreetBeach201506091700,0,16.2,1.95,0.106,4.0
2015-06-09 18:00:00,63rd Street Beach,1433872800.0,15.9,1.98,0.104,3.0,63rdStreetBeach201506091800,0,15.9,1.98,0.104,3.0
2015-06-09 19:00:00,63rd Street Beach,1433876400.0,15.3,,0.104,7.0,63rdStreetBeach201506091900,0,15.3,1.93,0.104,7.0
2015-06-09 20:00:00,63rd Street Beach,1433880000.0,15.3,1.98,,6.0,63rdStreetBeach201506092000,0,15.3,1.98,0.096,6.0
2015-06-09 21:00:00,63rd Street Beach,1433883600.0,,1.86,0.101,5.0,63rdStreetBeach201506092100,0,15.1,1.86,0.101,5.0
2015-06-09 22:00:00,63rd Street Beach,1433887200.0,,1.82,0.088,5.0,63rdStreetBeach201506092200,0,14.8,1.82,0.088,5.0
2015-06-09 23:00:00,63rd Street Beach,1433890800.0,14.6,,0.073,,63rdStreetBeach201506092300,0,14.6,1.74,0.073,9.0
2015-06-10 00:00:00,63rd Street Beach,1433894400.0,14.7,1.79,0.092,3.0,63rdStreetBeach201506102400,0,14.7,1.79,0.092,3.0
2015-06-10 01:00:00,63rd Street Beach,1433898000.0,14.7,1.79,0.062,7.0,63rdStreetBeach201506100100,0,14.7,1.79,0.062,7.0
2015-06-10 02:00:00,63rd Street Beach,1433901600.0,,,0.061,7.0,63rdStreetBeach201506100200,0,14.7,1.78,0.061,7.0
2015-06-10 03:00:00,63rd Street Beach,1433905200.0,14.7,1.68,,6.0,63rdStreetBeach201506100300,0,14.7,1.68,0.066,6.0
2015-06-10 04:00:00,63rd Street Beach,1433908800.0,14.7,1.6,0.063,5.0,63rdStreetBeach201506100400,0,14.7,1.6,0.063,5.0
2015-06-10 05:00:00,63rd Street Beach,1433912400.0,14.7,1.66,0.068,5.0,63rdStreetBeach201506100500,0,14.7,1.66,0.068,5.0
2015-06-10 06:00:00,63rd Street Beach,1433916000.0,14.7,,0.066,5.0,63rdStreetBeach201506100600,0,14.7,1.5,0.066,5.0
2015-06-10 07:00:00,63rd Street Beach,1433919600.0,14.8,1.46,0.063,9.0,63rdStreetBeach201506100700,0,14.8,1.46,0.063,9.0
2015-06-10 08:00:00,63rd Street Beach,,,,,,,1,,,,
2015-06-10 09:00:00,63rd Street Beach,1433926800.0,15.2,1.39,,6.0,63rdStreetBeach201506100900,0,15.2,1.39,0.075,6.0
2015-06-10 10:00:00,63rd Street Beach,1433930400.0,15.4,1.36,0.087,3.0,63rdStreetBeach201506101000,0,15.4,1.36,0.087,3.0
2015-06-10 11:00:00,63rd Street Beach,,,,,,,1,,,,
2015-06-10 12:00:00,63rd Street Beach,1433937600.0,16.2,1.33,0.09,8.0,63rdStreetBeach201506101200,0,16.2,1.33,0.09,8.0
2015-06-10 13:00:00,63rd Street Beach,1433941200.0,16.3,1.31,,3.0,63rdStreetBeach201506101300,0,16.3,1.31,0.099,3.0
2015-06-10 14:00:00,63rd Street Beach,,,,,,,1,,,,
2015-06-10 15:00:00,63rd Street Beach,,,,,,,1,,,,
2015-06-10 16:00:00,63rd Street Beach,,,,,,,1,,,,
2015-06-10 17:00:00,63rd Street Beach,1433955600.0,18.2,1.32,0.105,5.0,63rdStreetBeach201506101700,0,18.2,1.32,0.105,5.0
2015-06-10 18:00:00,63rd Street Beach,1433959200.0,17.5,1.27,,2.0,63rdStreetBeach201506101800,0,17.5,1.27,0.177,2.0
2015-06-10 19:00:00,63rd Street Beach,1433962800.0,18.5,1.48,0.183,,63rdStreetBeach201506101900,0,18.5,1.48,0.183,3.0
2015-06-10 20:00:00,63rd Street Beach,1433966400.0,17.3,1.26,0.163,,63rdStreetBeach201506102000,0,17.3,1.26,0.163,6.0
2015-06-10 21:00:00,63rd Street Beach,1433970000.0,17.3,1.54,,4.0,63rdStreetBeach201506102100,0,17.3,1.54,0.145,4.0
2015-06-10 22:00:00,63rd Street Beach,1433973600.0,16.9,1.61,,3.0,63rdStreetBeach201506102200,0,16.9,1.61,0.154,3.0
2015-06-10 23:00:00,63rd Street Beach,1433977200.0,16.7,1.73,0.143,4.0,63rdStreetBeach201506102300,0,16.7,1.73,0.143,4.0
2015-06-11 00:00:00,63rd Street Beach,1433980800.0,17.0,2.21,0.117,9.0,63rdStreetBeach201506112400,0,17.0,2.21,0.117,9.0
2015-06-11 01:00:00,63rd Street Beach,1433984400.0,16.5,1.64,0.112,7.0,63rdStreetBeach201506110100,0,16.5,1.64,0.112,7.0
2015-06-11 02:00:00,63rd Street Beach,1433988000.0,,1.78,0.104,4.0,63rdStreetBeach201506110200,0,16.6,1.78,0.104,4.0
2015-06-11 03:00:00,63rd Street Beach,1433991600.0,17.0,1.56,0.104,6.0,63rdStreetBeach201506110300,0,17.0,1.56,0.104,6.0
2015-06-11 04:00:00,63rd Street Beach,1433995200.0,,1.57,0.096,3.0,63rdStreetBeach201506110400,0,16.9,1.57,0.096,3.0
2015-06-11 05:00:00,63rd Street Beach,1433998800.0,16.5,,0.113,2.0,63rdStreetBeach201506110500,0,16.5,1.48,0.113,2.0
2015-06-11 06:00:00,63rd Street Beach,,,,,,,1,,,,
2015-06-11 07:00:00,63rd Street Beach,1434006000.0,16.6,,0.14,,63rdStreetBeach201506110700,0,16.6,1.53,0.14,2.0
2015-06-11 08:00:00,63rd Street Beach,,,,,,,1,,,,
2015-06-11 09:00:00,63rd Street Beach,1434013200.0,16.5,1.45,0.122,2.0,63rdStreetBeach201506110900,0,16.5,1.45,0.122,2.0
2015-06-11 10:00:00,63rd Street Beach,,,,,,,1,,,,
2015-06-11 11:00:00,63rd Street Beach,,,,,,,1,,,,
2015-06-11 12:00:00,63rd Street Beach,1434024000.0,16.6,1.44,0.194,3.0,63rdStreetBeach201506111200,0,16.6,1.44,0.194,3.0
2015-06-11 13:00:00,63rd Street Beach,,,,,,,1,,,,
2015-06-11 14:00:00,63rd Street Beach,1434031200.0,16.9,1.38,0.183,3.0,63rdStreetBeach201506111400,0,16.9,1.38,0.183,3.0
2015-06-11 15:00:00,63rd Street Beach,1434034800.0,,,0.18,3.0,63rdStreetBeach201506111500,0,17.0,1.43,0.18,3.0
2015-06-11 16:00:00,63rd Street Beach,1434038400.0,16.5,,0.263,3.0,63rdStreetBeach201506111600,0,16.5,1.58,0.263,3.0
2015-06-11 17:00:00,63rd Street Beach,1434042000.0,,1.79,0.265,3.0,63rdStreetBeach201506111700,0,16.2,1.79,0.265,3.0
2015-06-11 18:00:00,63rd Street Beach,,,,,,,1,,,,
2015-06-11 19:00:00,63rd Street Beach,1434049200.0,16.1,1.74,,4.0,63rdStreetBeach201506111900,0,16.1,1.74,0.28,4.0
2015-06-11 20:00:00,63rd Street Beach,1434052800.0,16.0,1.64,0.273,4.0,63rdStreetBeach201506112000,0,16.0,1.64,0.273,4.0
2015-06-11 21:00:00,63rd Street Beach,1434056400.0,16.0,1.5,0.286,4.0,63rdStreetBeach201506112100,0,16.0,1.5,0.286,4.0
2015-06-11 22:00:00,63rd Street Beach,1434060000.0,16.1,2.12,0.267,4.0,63rdStreetBeach201506112200,0,16.1,2.12,0.267,4.0
2015-06-11 23:00:00,63rd Street Beach,1434063600.0,16.1,2.16,0.284,4.0,63rdStreetBeach201506112300,0,16.1,2.16,0.284,4.0
2015-06-12 00:00:00,63rd Street Beach,1434067200.0,16.0,1.98,0.259,4.0,63rdStreetBeach201506122400,0,16.0,1.98,0.259,4.0
2015-06-12 01:00:00,63rd Street Beach,,,,,,,1,,,,
2015-06-12 02:00:00,63rd Street Beach,1434074400.0,16.0,2.14,0.239,4.0,63rdStreetBeach201506120200,0,16.0,2.14,0.239,4.0
2015-06-12 03:00:00,63rd Street Beach,1434078000.0,16.0,2.01,0.224,4.0,63rdStreetBeach201506120300,0,16.0,2.01,0.224,4.0
2015-06-12 04:00:00,63rd Street Beach,1434081600.0,16.0,2.2,0.219,4.0,63rdStreetBeach201506120400,0,16.0,2.2,0.219,4.0
2015-06-12 05:00:00,63rd Street Beach,1434085200.0,,2.23,0.228,4.0,63rdStreetBeach201506120500,0,16.0,2.23,0.228,4.0
2015-06-12 06:00:00,63rd Street Beach,1434088800.0,,2.13,0.234,5.0,63rdStreetBeach201506120600,0,16.0,2.13,0.234,5.0
2015-06-12 07:00:00,63rd Street Beach,1434092400.0,16.2,,0.231,5.0,63rdStreetBeach201506120700,0,16.2,2.16,0.231,5.0
2015-06-12 08:00:00,63rd Street Beach,1434096000.0,16.2,2.19,0.233,5.0,63rdStreetBeach201506120800,0,16.2,2.19,0.233,5.0
2015-06-12 09:00:00,63rd Street Beach,1434099600.0,,2.34,0.222,,63rdStreetBeach201506120900,0,16.3,2.34,0.222,5.0
2015-06-12 10:00:00,63rd Street Beach,1434103200.0,16.5,2.11,0.214,5.0,63rdStreetBeach201506121000,0,16.5,2.11,0.214,5.0
2015-06-12 11:00:00,63rd Street Beach,1434106800.0,,,0.211,5.0,63rdStreetBeach201506121100,0,16.1,2.9,0.211,5.0
2015-06-12 12:00:00,63rd Street Beach,1434110400.0,,3.32,0.249,5.0,63rdStreetBeach201506121200,0,16.0,3.32,0.249,5.0
2015-06-12 13:00:00,63rd Street Beach,1434114000.0,16.1,2.72,0.269,3.0,63rdStreetBeach201506121300,0,16.1,2.72,0.269,3.0
2015-06-12 14:00:00,63rd Street Beach,,,,,,,1,,,,
2015-06-12 15:00:00,63rd Street Beach,,,,,,,1,,,,
2015-06-12 16:00:00,63rd Street Beach,,,,,,,1,,,,
2015-06-12 17:00:00,63rd Street Beach,,,,,,,1,,,,
2015-06-12 18:00:00,63rd Street Beach,1434132000.0,,2.04,,4.0,63rdStreetBeach201506121800,0,15.5,2.04,0.276,4.0
2015-06-12 19:00:00,63rd Street Beach,1434135600.0,15.4,2.28,0.276,4.0,63rdStreetBeach201506121900,0,15.4,2.28,0.276,4.0
2015-06-12 20:00:00,63rd Street Beach,1434139200.0,15.4,2.4,0.289,3.0,63rdStreetBeach201506122000,0,15.4,2.4,0.289,3.0
2015-06-12 21:00:00,63rd Street Beach,1434142800.0,,,0.29,6.0,63rdStreetBeach201506122100,0,15.3,2.34,0.29,6.0
2015-06-12 22:00:00,63rd Street Beach,1434146400.0,15.3,2.46,0.286,,63rdStreetBeach201506122200,0,15.3,2.46,0.286,5.0
2015-06-12 23:00:00,63rd Street Beach,,,,,,,1,,,,
2015-06-13 00:00:00,63rd Street Beach,1434153600.0,15.2,2.17,0.257,5.0,63rdStreetBeach201506132400,0,15.2,2.17,0.257,5.0
2015-06-13 01:00:00,63rd Street Beach,1434157200.0,15.1,2.07,0.246,5.0,63rdStreetBeach201506130100,0,15.1,2.07,0.246,5.0
2015-06-13 02:00:00,63rd Street Beach,1434160800.0,15.1,2.17,0.231,5.0,63rdStreetBeach201506130200,0,15.1,2.17,0.231,5.0
2015-06-13 03:00:00,63rd Street Beach,1434164400.0,15.1,,0.24,5.0,63rdStreetBeach201506130300,0,15.1,2.14,0.24,5.0
2015-06-13 04:00:00,63rd Street Beach,1434168000.0,15.0,2.11,0.236,5.0,63rdStreetBeach201506130400,0,15.0,2.11,0.236,5.0
2015-06-13 05:00:00,63rd Street Beach,1434171600.0,,1.91,0.216,5.0,63rdStreetBeach201506130500,0,15.0,1.91,0.216,5.0
2015-06-13 06:00:00,63rd Street Beach,1434175200.0,15.0,1.85,0.2,4.0,63rdStreetBeach201506130600,0,15.0,1.85,0.2,4.0
2015-06-13 07:00:00,63rd Street Beach,1434178800.0,15.0,1.8,0.199,4.0,63rdStreetBeach201506130700,0,15.0,1.8,0.199,4.0
2015-06-13 08:00:00,63rd Street Beach,,,,,,,1,,,,
2015-06-13 09:00:00,63rd Street Beach,1434186000.0,15.3,1.92,0.176,5.0,63rdStreetBeach201506130900,0,15.3,1.92,0.176,5.0
2015-06-13 10:00:00,63rd Street Beach,1434189600.0,16.2,4.22,0.17,5.0,63rdStreetBeach201506131000,0,16.2,4.22,0.17,5.0
2015-06-13 11:00:00,63rd Street Beach,1434193200.0,16.2,3.86,0.167,,63rdStreetBeach201506131100,0,16.2,3.86,0.167,4.0
2015-06-13 12:00:00,63rd Street Beach,1434196800.0,16.1,2.17,0.164,4.0,63rdStreetBeach201506131200,0,16.1,2.17,0.164,4.0
2015-06-13 13:00:00,63rd Street Beach,1434200400.0,17.8,7.06,0.17,4.0,63rdStreetBeach201506131300,0,17.8,7.06,0.17,4.0
2015-06-13 14:00:00,63rd Street Beach,1434204000.0,18.8,5.65,0.183,4.0,63rdStreetBeach201506131400,0,18.8,5.65,0.183,4.0
2015-06-13 15:00:00,63rd Street Beach,1434207600.0,17.9,3.25,0.172,4.0,63rdStreetBeach201506131500,0,17.9,3.25,0.172,4.0
2015-06-13 16:00:00,63rd Street Beach,,,,,,,1,,,,
2015-06-13 17:00:00,63rd Street Beach,1434214800.0,16.5,1.99,,4.0,63rdStreetBeach201506131700,0,16.5,1.99,0.166,4.0
2015-06-13 18:00:00,63rd Street Beach,1434218400.0,16.8,2.22,0.189,,63rdStreetBeach201506131800,0,16.8,2.22,0.189,4.0
2015-06-13 19:00:00,63rd Street Beach,,,,,,,1,,,,
2015-06-13 20:00:00,63rd Street Beach,1434225600.0,16.8,,0.17,3.0,63rdStreetBeach201506132000,0,16.8,1.74,0.17,3.0
2015-06-13 21:00:00,63rd Street Beach,1434229200.0,17.0,1.72,0.15,4.0,63rdStreetBeach201506132100,0,17.0,1.72,0.15,4.0
2015-06-13 22:00:00,63rd Street Beach,1434232800.0,17.1,1.83,0.143,5.0,63rdStreetBeach201506132200,0,17.1,1.83,0.143,5.0
2015-06-13 23:00:00,63rd Street Beach,1434236400.0,16.8,1.81,0.135,3.0,63rdStreetBeach201506132300,0,16.8,1.81,0.135,3.0
2015-06-14 00:00:00,63rd Street Beach,1434240000.0,16.7,,0.129,3.0,63rdStreetBeach201506142400,0,16.7,1.73,0.129,3.0
2015-06-14 01:00:00,63rd Street Beach,,,,,,,1,,,,
2015-06-14 02:00:00,63rd Street Beach,1434247200.0,16.9,1.77,0.112,3.0,63rdStreetBeach201506140200,0,16.9,1.77,0.112,3.0
2015-06-14 03:00:00,63rd Street Beach,1434250800.0,16.9,1.65,0.118,3.0,63rdStreetBeach201506140300,0,16.9,1.65,0.118,3.0
2015-06-14 04:00:00,63rd Street Beach,1434254400.0,16.9,1.6,0.117,,63rdStreetBeach201506140400,0,16.9,1.6,0.117,3.0
2015-06-14 05:00:00,63rd Street Beach,1434258000.0,17.0,2.15,,4.0,63rdStreetBeach201506140500,0,17.0,2.15,0.117,4.0
2015-06-14 06:00:00,63rd Street Beach,1434261600.0,17.0,1.94,0.089,4.0,63rdStreetBeach201506140600,0,17.0,1.94,0.089,4.0
2015-06-14 07:00:00,63rd Street Beach,1434265200.0,16.8,2.11,0.089,,63rdStreetBeach201506140700,0,16.8,2.11,0.089,4.0
2015-06-14 08:00:00,63rd Street Beach,1434268800.0,16.6,2.16,0.093,4.0,63rdStreetBeach201506140800,0,16.6,2.16,0.093,4.0
2015-06-14 09:00:00,63rd Street Beach,1434272400.0,16.5,,,4.0,63rdStreetBeach201506140900,0,16.5,3.09,0.081,4.0
2015-06-14 10:00:00,63rd Street Beach,1434276000.0,16.3,1.76,0.079,4.0,63rdStreetBeach201506141000,0,16.3,1.76,0.079,4.0
2015-06-14 11:00:00,63rd Street Beach,1434279600.0,16.5,,0.081,3.0,63rdStreetBeach201506141100,0,16.5,1.66,0.081,3.0
2015-06-14 12:00:00,63rd Street Beach,1434283200.0,16.7,1.58,0.08,5.0,63rdStreetBeach201506141200,0,16.7,1.58,0.08,5.0
2015-06-14 13:00:00,63rd Street Beach,1434286800.0,16.8,1.4,0.122,4.0,63rdStreetBeach201506141300,0,16.8,1.4,0.122,4.0
2015-06-14 14:00:00,63rd Street Beach,1434290400.0,17.0,1.39,0.1,4.0,63rdStreetBeach201506141400,0,17.0,1.39,0.1,4.0
2015-06-14 15:00:00,63rd Street Beach,1434294000.0,16.7,1.38,0.124,,63rdStreetBeach201506141500,0,16.7,1.38,0.124,3.0
2015-06-14 16:00:00,63rd Street Beach,1434297600.0,16.7,1.31,0.107,5.0,63rdStreetBeach201506141600,0,16.7,1.31,0.107,5.0
2015-06-14 17:00:00,63rd Street Beach,,,,,,,1,,,,
2015-06-14 18:00:00,63rd Street Beach,1434304800.0,17.0,1.45,0.135,3.0,63rdStreetBeach201506141800,0,17.0,1.45,0.135,3.0
2015-06-14 19:00:00,63rd Street Beach,1434308400.0,17.1,,0.135,4.0,63rdStreetBeach201506141900,0,17.1,1.43,0.135,4.0
2015-06-14 20:00:00,63rd Street Beach,1434312000.0,,1.66,0.116,6.0,63rdStreetBeach201506142000,0,17.4,1.66,0.116,6.0
2015-06-14 21:00:00,63rd Street Beach,1434315600.0,,1.4,0.085,,63rdStreetBeach201506142100,0,17.2,1.4,0.085,4.0
2015-06-14 22:00:00,63rd Street Beach,1434319200.0,16.7,1.41,,10.0,63rdStreetBeach201506142200,0,16.7,1.41,0.087,10.0
2015-06-14 23:00:00,63rd Street Beach,1434322800.0,,1.38,0.094,2.0,63rdStreetBeach201506142300,0,16.6,1.38,0.094,2.0
2015-06-15 00:00:00,63rd Street Beach,1434326400.0,16.5,1.53,,10.0,63rdStreetBeach201506152400,0,16.5,1.53,0.076,10.0
2015-06-15 01:00:00,63rd Street Beach,1434330000.0,16.4,1.33,0.093,4.0,63rdStreetBeach201506150100,0,16.4,1.33,0.093,4.0
2015-06-15 02:00:00,63rd Street Beach,1434333600.0,,1.3,0.071,7.0,63rdStreetBeach201506150200,0,16.4,1.3,0.071,7.0
2015-06-15 03:00:00,63rd Street Beach,1434337200.0,,1.43,0.079,4.0,63rdStreetBeach201506150300,0,16.3,1.43,0.079,4.0
2015-06-15 04:00:00,63rd Street Beach,1434340800.0,16.2,1.19,0.07,5.0,63rdStreetBeach201506150400,0,16.2,1.19,0.07,5.0
2015-06-15 05:00:00,63rd Street Beach,1434344400.0,16.1,1.4,0.06,,63rdStreetBeach201506150500,0,16.1,1.4,0.06,4.0
2015-06-15 06:00:00,63rd Street Beach,1434348000.0,16.1,1.32,0.064,4.0,63rdStreetBeach201506150600,0,16.1,1.32,0.064,4.0
2015-06-15 07:00:00,63rd Street Beach,1434351600.0,16.0,1.26,0.059,4.0,63rdStreetBeach201506150700,0,16.0,1.26,0.059,4.0
2015-06-15 08:00:00,63rd Street Beach,1434355200.0,16.1,1.16,,4.0,63rdStreetBeach201506150800,0,16.1,1.16,0.056,4.0
2015-06-15 09:00:00,63rd Street Beach,1434358800.0,16.3,1.27,0.061,4.0,63rdStreetBeach201506150900,0,16.3,1.27,0.061,4.0
2015-06-15 10:00:00,63rd Street Beach,1434362400.0,16.5,1.2,0.071,6.0,63rdStreetBeach201506151000,0,16.5,1.2,0.071,6.0
2015-06-15 11:00:00,63rd Street Beach,1434366000.0,16.5,1.36,0.065,5.0,63rdStreetBeach201506151100,0,16.5,1.36,0.065,5.0
2015-06-15 12:00:00,63rd Street Beach,1434369600.0,,1.15,0.068,4.0,63rdStreetBeach201506151200,0,16.3,1.15,0.068,4.0
2015-06-15 13:00:00,63rd Street Beach,,,,,,,1,,,,
2015-06-15 14:00:00,63rd Street Beach,1434376800.0,16.8,1.06,,4.0,63rdStreetBeach201506151400,0,16.8,1.06,0.064,4.0
2015-06-15 15:00:00,63rd Street Beach,1434380400.0,17.0,,0.06,10.0,63rdStreetBeach201506151500,0,17.0,1.08,0.06,10.0
2015-06-15 16:00:00,63rd Street Beach,1434384000.0,16.7,1.15,0.071,10.0,63rdStreetBeach201506151600,0,16.7,1.15,0.071,10.0
2015-06-15 17:00:00,63rd Street Beach,,,,,,,1,,,,
2015-06-15 18:00:00,63rd Street Beach,1434391200.0,16.0,1.18,0.113,2.0,63rdStreetBeach201506151800,0,16.0,1.18,0.113,2.0
2015-06-15 19:00:00,63rd Street Beach,1434394800.0,16.1,1.19,0.104,7.0,63rdStreetBeach201506151900,0,16.1,1.19,0.104,7.0
2015-06-15 20:00:00,63rd Street Beach,1434398400.0,16.1,1.14,0.087,6.0,63rdStreetBeach201506152000,0,16.1,1.14,0.087,6.0
2015-06-15 21:00:00,63rd Street Beach,1434402000.0,16.4,,0.07,4.0,63rdStreetBeach201506152100,0,16.4,1.13,0.07,4.0
2015-06-15 22:00:00,63rd Street Beach,1434405600.0,16.4,1.2,0.071,5.0,63rdStreetBeach201506152200,0,16.4,1.2,0.071,5.0
2015-06-15 23:00:00,63rd Street Beach,1434409200.0,16.4,1.03,0.075,9.0,63rdStreetBeach201506152300,0,16.4,1.03,0.075,9.0
2015-06-16 00:00:00,63rd Street Beach,1434412800.0,16.5,,0.069,8.0,63rdStreetBeach201506162400,0,16.5,1.1,0.069,8.0
2015-06-16 01:00:00,63rd Street Beach,,,,,,,1,,,,
2015-06-16 02:00:00,63rd Street Beach,1434420000.0,16.5,1.48,0.292,,63rdStreetBeach201506160200,0,16.5,1.48,0.292,4.0
2015-06-16 03:00:00,63rd Street Beach,1434423600.0,,1.53,0.267,,63rdStreetBeach201506160300,0,16.5,1.53,0.267,4.0
2015-06-16 04:00:00,63rd Street Beach,1434427200.0,16.5,1.41,,3.0,63rdStreetBeach201506160400,0,16.5,1.41,0.248,3.0
2015-06-16 05:00:00,63rd Street Beach,1434430800.0,16.5,1.4,0.239,4.0,63rdStreetBeach201506160500,0,16.5,1.4,0.239,4.0
2015-06-16 06:00:00,63rd Street Beach,1434434400.0,16.5,1.3,0.225,3.0,63rdStreetBeach201506160600,0,16.5,1.3,0.225,3.0
2015-06-16 07:00:00,63rd Street Beach,,,,,,,1,,,,
2015-06-16 08:00:00,63rd Street Beach,1434441600.0,16.6,,,,63rdStreetBeach201506160800,0,16.6,1.23,0.274,3.0
2015-06-16 09:00:00,63rd Street Beach,1434445200.0,16.5,,0.324,,63rdStreetBeach201506160900,0,16.5,1.49,0.324,3.0
2015-06-16 10:00:00,63rd Street Beach,1434448800.0,16.7,1.56,0.332,4.0,63rdStreetBeach201506161000,0,16.7,1.56,0.332,4.0
2015-06-16 11:00:00,63rd Street Beach,,,,,,,1,,,,
2015-06-16 12:00:00,63rd Street Beach,1434456000.0,17.1,1.58,0.346,4.0,63rdStreetBeach201506161200,0,17.1,1.58,0.346,4.0
2015-06-16 13:00:00,63rd Street Beach,1434459600.0,17.3,2.0,0.345,4.0,63rdStreetBeach201506161300,0,17.3,2.0,0.345,4.0
2015-06-16 14:00:00,63rd Street Beach,,,,,,,1,,,,
2015-06-16 15:00:00,63rd Street Beach,1434466800.0,17.7,1.88,0.303,4.0,63rdStreetBeach201506161500,0,17.7,1.88,0.303,4.0
2015-06-16 16:00:00,63rd Street Beach,1434470400.0,17.7,2.05,0.313,,63rdStreetBeach201506161600,0,17.7,2.05,0.313,4.0
2015-06-16 17:00:00,63rd Street Beach,1434474000.0,17.5,1.86,0.296,,63rdStreetBeach201506161700,0,17.5,1.86,0.296,4.0
2015-06-16 18:00:00,63rd Street Beach,,,,,,,1,,,,
2015-06-16 19:00:00,63rd Street Beach,,,,,,,1,,,,
2015-06-16 20:00:00,63rd Street Beach,1434484800.0,,1.97,0.248,4.0,63rdStreetBeach201506162000,0,17.4,1.97,0.248,4.0
2015-06-16 21:00:00,63rd Street Beach,,,,,,,1,,,,
2015-06-16 22:00:00,63rd Street Beach,1434492000.0,17.2,1.9,0.232,3.0,63rdStreetBeach201506162200,0,17.2,1.9,0.232,3.0
2015-06-16 23:00:00,63rd Street Beach,,,,,,,1,,,,
2015-06-17 00:00:00,63rd Street Beach,1434499200.0,17.0,2.0,0.232,4.0,63rdStreetBeach201506172400,0,17.0,2.0,0.232,4.0
2015-06-17 01:00:00,63rd Street Beach,,,,,,,1,,,,
2015-06-17 02:00:00,63rd Street Beach,1434506400.0,17.0,2.14,0.271,5.0,63rdStreetBeach201506170200,0,17.0,2.14,0.271,5.0
2015-06-17 03:00:00,63rd Street Beach,1434510000.0,16.9,2.16,0.282,5.0,63rdStreetBeach201506170300,0,16.9,2.16,0.282,5.0
2015-06-17 04:00:00,63rd Street Beach,1434513600.0,16.9,2.2,0.283,4.0,63rdStreetBeach201506170400,0,16.9,2.2,0.283,4.0
2015-06-17 05:00:00,63rd Street Beach,1434517200.0,16.9,2.13,0.282,4.0,63rdStreetBeach201506170500,0,16.9,2.13,0.282,4.0
2015-06-17 06:00:00,63rd Street Beach,1434520800.0,16.9,2.16,0.272,,63rdStreetBeach201506170600,0,16.9,2.16,0.272,4.0
2015-06-17 07:00:00,63rd Street Beach,1434524400.0,,2.24,0.246,4.0,63rdStreetBeach201506170700,0,16.8,2.24,0.246,4.0
2015-06-17 08:00:00,63rd Street Beach,,,,,,,1,,,,
2015-06-17 09:00:00,63rd Street Beach,,,,,,,1,,,,
2015-06-17 10:00:00,63rd Street Beach,,,,,,,1,,,,
2015-06-17 11:00:00,63rd Street Beach,1434538800.0,,1.94,0.226,4.0,63rdStreetBeach201506171100,0,16.9,1.94,0.226,4.0
2015-06-17 12:00:00,63rd Street Beach,,,,,,,1,,,,
2015-06-17 13:00:00,63rd Street Beach,,,,,,,1,,,,
2015-06-17 14:00:00,63rd Street Beach,1434549600.0,,,0.181,4.0,63rdStreetBeach201506171400,0,17.1,1.78,0.181,4.0
2015-06-17 15:00:00,63rd Street Beach,,,,,,,1,,,,
2015-06-17 16:00:00,63rd Street Beach,,,,,,,1,,,,
2015-06-17 17:00:00,63rd Street Beach,1434560400.0,17.5,1.69,0.167,4.0,63rdStreetBeach201506171700,0,17.5,1.69,0.167,4.0
2015-06-17 18:00:00,63rd Street Beach,1434564000.0,18.1,3.01,0.157,4.0,63rdStreetBeach201506171800,0,18.1,3.01,0.157,4.0
2015-06-17 19:00:00,63rd Street Beach,1434567600.0,,1.78,,4.0,63rdStreetBeach201506171900,0,17.6,1.78,0.156,4.0
2015-06-17 20:00:00,63rd Street Beach,1434571200.0,17.7,2.48,0.143,4.0,63rdStreetBeach201506172000,0,17.7,2.48,0.143,4.0
2015-06-17 21:00:00,63rd Street Beach,1434574800.0,17.4,1.98,,4.0,63rdStreetBeach201506172100,0,17.4,1.98,0.141,4.0
2015-06-17 22:00:00,63rd Street Beach,1434578400.0,,1.72,,4.0,63rdStreetBeach201506172200,0,17.2,1.72,0.128,4.0
2015-06-17 23:00:00,63rd Street Beach,1434582000.0,17.2,1.64,0.131,3.0,63rdStreetBeach201506172300,0,17.2,1.64,0.131,3.0
2015-06-18 00:00:00,63rd Street Beach,1434585600.0,17.4,,0.127,4.0,63rdStreetBeach201506182400,0,17.4,2.69,0.127,4.0
2015-06-18 01:00:00,63rd Street Beach,1434589200.0,,,,,63rdStreetBeach201506180100,1,17.4,3.02,0.112,4.0
2015-06-18 02:00:00,63rd Street Beach,1434592800.0,17.7,4.45,0.132,4.0,63rdStreetBeach201506180200,0,17.7,4.45,0.132,4.0
2015-06-18 03:00:00,63rd Street Beach,1434596400.0,17.7,3.08,0.112,4.0,63rdStreetBeach201506180300,0,17.7,3.08,0.112,4.0
2015-06-18 04:00:00,63rd Street Beach,1434600000.0,17.7,2.79,0.105,5.0,63rdStreetBeach201506180400,0,17.7,2.79,0.105,5.0
2015-06-18 05:00:00,63rd Street Beach,1434603600.0,17.5,2.22,0.096,3.0,63rdStreetBeach201506180500,0,17.5,2.22,0.096,3.0
2015-06-18 06:00:00,63rd Street Beach,1434607200.0,17.5,2.37,0.091,3.0,63rdStreetBeach201506180600,0,17.5,2.37,0.091,3.0
2015-06-18 07:00:00,63rd Street Beach,1434610800.0,17.2,1.95,,3.0,63rdStreetBeach201506180700,0,17.2,1.95,0.089,3.0
2015-06-18 08:00:00,63rd Street Beach,,,,,,,1,,,,
2015-06-18 09:00:00,63rd Street Beach,,,,,,,1,,,,
2015-06-18 10:00:00,63rd Street Beach,,,,,,,1,,,,
2015-06-18 11:00:00,63rd Street Beach,1434625200.0,17.1,1.16,,4.0,63rdStreetBeach201506181100,0,17.1,1.16,0.08,4.0
2015-06-18 12:00:00,63rd Street Beach,1434628800.0,17.2,1.28,0.102,2.0,63rdStreetBeach201506181200,0,17.2,1.28,0.102,2.0
2015-06-18 13:00:00,63rd Street Beach,,,,,,,1,,,,
2015-06-18 14:00:00,63rd Street Beach,1434636000.0,17.3,1.18,0.088,4.0,63rdStreetBeach201506181400,0,17.3,1.18,0.088,4.0
2015-06-18 15:00:00,63rd Street Beach,1434639600.0,17.2,1.09,0.095,3.0,63rdStreetBeach201506181500,0,17.2,1.09,0.095,3.0
2015-06-18 16:00:00,63rd Street Beach,,,,,,,1,,,,
2015-06-18 17:00:00,63rd Street Beach,1434646800.0,17.1,1.12,,4.0,63rdStreetBeach201506181700,0,17.1,1.12,0.111,4.0
2015-06-18 18:00:00,63rd Street Beach,1434650400.0,17.0,1.11,0.101,4.0,63rdStreetBeach201506181800,0,17.0,1.11,0.101,4.0
2015-06-18 19:00:00,63rd Street Beach,1434654000.0,16.8,,0.13,4.0,63rdStreetBeach201506181900,0,16.8,1.05,0.13,4.0
2015-06-18 20:00:00,63rd Street Beach,1434657600.0,,1.12,0.261,,63rdStreetBeach201506182000,0,16.7,1.12,0.261,3.0
2015-06-18 21:00:00,63rd Street Beach,1434661200.0,16.4,1.25,0.271,3.0,63rdStreetBeach201506182100,0,16.4,1.25,0.271,3.0
2015-06-18 22:00:00,63rd Street Beach,1434664800.0,,1.37,,,63rdStreetBeach201506182200,0,16.2,1.37,0.295,3.0
2015-06-18 23:00:00,63rd Street Beach,1434668400.0,,1.4,0.29,3.0,63rdStreetBeach201506182300,0,16.1,1.4,0.29,3.0
2015-06-19 00:00:00,63rd Street Beach,1434672000.0,16.0,1.43,,4.0,63rdStreetBeach201506192400,0,16.0,1.43,0.291,4.0
2015-06-19 01:00:00,63rd Street Beach,1434675600.0,15.9,1.47,0.318,4.0,63rdStreetBeach201506190100,0,15.9,1.47,0.318,4.0
2015-06-19 02:00:00,63rd Street Beach,,,,,,,1,,,,
2015-06-19 03:00:00,63rd Street Beach,1434682800.0,15.6,1.68,0.357,4.0,63rdStreetBeach201506190300,0,15.6,1.68,0.357,4.0
2015-06-19 04:00:00,63rd Street Beach,1434686400.0,15.4,1.53,0.351,4.0,63rdStreetBeach201506190400,0,15.4,1.53,0.351,4.0
2015-06-19 05:00:00,63rd Street Beach,1434690000.0,15.4,1.52,,4.0,63rdStreetBeach201506190500,0,15.4,1.52,0.356,4.0
2015-06-19 06:00:00,63rd Street Beach,1434693600.0,,,,5.0,63rdStreetBeach201506190600,0,15.3,1.7,0.365,5.0
2015-06-19 07:00:00,63rd Street Beach,1434697200.0,15.4,1.91,0.369,5.0,63rdStreetBeach201506190700,0,15.4,1.91,0.369,5.0
2015-06-19 08:00:00,63rd Street Beach,,,,,,,1,,,,
2015-06-19 09:00:00,63rd Street Beach,,,,,,,1,,,,
2015-06-19 10:00:00,63rd Street Beach,,,,,,,1,,,,
2015-06-19 11:00:00,63rd Street Beach,1434711600.0,15.6,2.15,0.361,3.0,63rdStreetBeach201506191100,0,15.6,2.15,0.361,3.0
2015-06-19 12:00:00,63rd Street Beach,1434715200.0,15.9,2.38,0.357,5.0,63rdStreetBeach201506191200,0,15.9,2.38,0.357,5.0
2015-06-19 13:00:00,63rd Street Beach,1434718800.0,15.8,2.58,0.361,4.0,63rdStreetBeach201506191300,0,15.8,2.58,0.361,4.0
2015-06-19 14:00:00,63rd Street Beach,,,,,,,1,,,,
2015-06-19 15:00:00,63rd Street Beach,1434726000.0,16.0,3.11,0.364,5.0,63rdStreetBeach201506191500,0,16.0,3.11,0.364,5.0
2015-06-19 16:00:00,63rd Street Beach,1434729600.0,16.0,2.89,0.353,,63rdStreetBeach201506191600,0,16.0,2.89,0.353,4.0
2015-06-19 17:00:00,63rd Street Beach,1434733200.0,16.2,3.3,0.335,,63rdStreetBeach201506191700,0,16.2,3.3,0.335,4.0
2015-06-19 18:00:00,63rd Street Beach,,,,,,,1,,,,
2015-06-19 19:00:00,63rd Street Beach,,,,,,,1,,,,
2015-06-19 20:00:00,63rd Street Beach,1434744000.0,15.9,2.99,0.307,3.0,63rdStreetBeach201506192000,0,15.9,2.99,0.307,3.0
2015-06-19 21:00:00,63rd Street Beach,1434747600.0,15.8,3.0,0.262,4.0,63rdStreetBeach201506192100,0,15.8,3.0,0.262,4.0
2015-06-19 22:00:00,63rd Street Beach,1434751200.0,15.8,2.98,0.259,4.0,63rdStreetBeach201506192200,0,15.8,2.98,0.259,4.0
2015-06-19 23:00:00,63rd Street Beach,,,,,,,1,,,,
2015-06-20 00:00:00,63rd Street Beach,1434758400.0,15.7,3.01,0.264,4.0,63rdStreetBeach201506202400,0,15.7,3.01,0.264,4.0
2015-06-20 01:00:00,63rd Street Beach,1434762000.0,15.7,3.01,,3.0,63rdStreetBeach201506200100,0,15.7,3.01,0.264,3.0
2015-06-20 02:00:00,63rd Street Beach,,,,,,,1,,,,
2015-06-20 03:00:00,63rd Street Beach,1434769200.0,15.6,2.71,0.241,4.0,63rdStreetBeach201506200300,0,15.6,2.71,0.241,4.0
2015-06-20 04:00:00,63rd Street Beach,1434772800.0,15.6,2.74,0.237,4.0,63rdStreetBeach201506200400,0,15.6,2.74,0.237,4.0
2015-06-20 05:00:00,63rd Street Beach,,,,,,,1,,,,
2015-06-20 06:00:00,63rd Street Beach,1434780000.0,15.6,2.18,0.193,4.0,63rdStreetBeach201506200600,0,15.6,2.18,0.193,4.0
2015-06-20 07:00:00,63rd Street Beach,1434783600.0,15.6,2.26,0.199,4.0,63rdStreetBeach201506200700,0,15.6,2.26,0.199,4.0
2015-06-20 08:00:00,63rd Street Beach,1434787200.0,15.6,2.25,0.202,4.0,63rdStreetBeach201506200800,0,15.6,2.25,0.202,4.0
2015-06-20 09:00:00,63rd Street Beach,1434790800.0,15.7,,0.185,4.0,63rdStreetBeach201506200900,0,15.7,2.18,0.185,4.0
2015-06-20 10:00:00,63rd Street Beach,1434794400.0,15.9,2.12,,4.0,63rdStreetBeach201506201000,0,15.9,2.12,0.197,4.0
2015-06-20 11:00:00,63rd Street Beach,1434798000.0,,2.26,0.216,,63rdStreetBeach201506201100,0,16.1,2.26,0.216,4.0
2015-06-20 12:00:00,63rd Street Beach,,,,,,,1,,,,
2015-06-20 13:00:00,63rd Street Beach,1434805200.0,16.5,2.06,0.182,4.0,63rdStreetBeach201506201300,0,16.5,2.06,0.182,4.0
2015-06-20 14:00:00,63rd Street Beach,,,,,,,1,,,,
2015-06-20 15:00:00,63rd Street Beach,1434812400.0,17.0,3.17,0.189,4.0,63rdStreetBeach201506201500,0,17.0,3.17,0.189,4.0
2015-06-20 16:00:00,63rd Street Beach,1434816000.0,17.4,,0.179,,63rdStreetBeach201506201600,0,17.4,3.34,0.179,3.0
2015-06-20 17:00:00,63rd Street Beach,1434819600.0,,2.7,,4.0,63rdStreetBeach201506201700,0,17.3,2.7,0.186,4.0
2015-06-20 18:00:00,63rd Street Beach,1434823200.0,17.2,2.45,0.148,,63rdStreetBeach201506201800,0,17.2,2.45,0.148,3.0
2015-06-20 19:00:00,63rd Street Beach,,,,,,,1,,,,
2015-06-20 20:00:00,63rd Street Beach,,,,,,,1,,,,
2015-06-20 21:00:00,63rd Street Beach,,,,,,,1,,,,
2015-06-20 22:00:00,63rd Street Beach,1434837600.0,17.0,2.37,0.143,3.0,63rdStreetBeach201506202200,0,17.0,2.37,0.143,3.0
2015-06-20 23:00:00,63rd Street Beach,1434841200.0,16.8,2.18,0.148,3.0,63rdStreetBeach201506202300,0,16.8,2.18,0.148,3.0
2015-06-21 00:00:00,63rd Street Beach,1434844800.0,16.7,1.77,0.113,3.0,63rdStreetBeach201506212400,0,16.7,1.77,0.113,3.0
2015-06-21 01:00:00,63rd Street Beach,,,,,,,1,,,,
2015-06-21 02:00:00,63rd Street Beach,1434852000.0,16.7,2.15,0.127,3.0,63rdStreetBeach201506210200,0,16.7,2.15,0.127,3.0
2015-06-21 03:00:00,63rd Street Beach,1434855600.0,16.4,1.61,,6.0,63rdStreetBeach201506210300,0,16.4,1.61,0.115,6.0
2015-06-21 04:00:00,63rd Street Beach,1434859200.0,16.6,1.82,0.106,,63rdStreetBeach201506210400,0,16.6,1.82,0.106,5.0
2015-06-21 05:00:00,63rd Street Beach,1434862800.0,16.6,1.81,,3.0,63rdStreetBeach201506210500,0,16.6,1.81,0.096,3.0
2015-06-21 06:00:00,63rd Street Beach,1434866400.0,16.7,,,3.0,63rdStreetBeach201506210600,0,16.7,1.59,0.1,3.0
2015-06-21 07:00:00,63rd Street Beach,1434870000.0,16.7,1.56,0.111,3.0,63rdStreetBeach201506210700,0,16.7,1.56,0.111,3.0
2015-06-21 08:00:00,63rd Street Beach,1434873600.0,,,0.083,5.0,63rdStreetBeach201506210800,0,16.7,1.32,0.083,5.0
2015-06-21 09:00:00,63rd Street Beach,1434877200.0,16.8,1.28,0.1,,63rdStreetBeach201506210900,0,16.8,1.28,0.1,4.0
2015-06-21 10:00:00,63rd Street Beach,,,,,,,1,,,,
2015-06-21 11:00:00,63rd Street Beach,,,,,,,1,,,,
2015-06-21 12:00:00,63rd Street Beach,,,,,,,1,,,,
2015-06-21 13:00:00,63rd Street Beach,,,,,,,1,,,,
2015-06-21 14:00:00,63rd Street Beach,,,,,,,1,,,,
2015-06-21 15:00:00,63rd Street Beach,,,,,,,1,,,,
2015-06-21 16:00:00,63rd Street Beach,,,,,,,1,,,,
2015-06-21 17:00:00,63rd Street Beach,,,,,,,1,,,,
2015-06-21 18:00:00,63rd Street Beach,,,,,,,1,,,,
2015-06-21 19:00:00,63rd Street Beach,1434913200.0,19.2,2.02,0.114,7.0,63rdStreetBeach201506211900,0,19.2,2.02,0.114,7.0
2015-06-21 20:00:00,63rd Street Beach,,,,,,,1,,,,
2015-06-21 21:00:00,63rd Street Beach,1434920400.0,,,0.133,5.0,63rdStreetBeach201506212100,0,18.0,1.4,0.133,5.0
2015-06-21 22:00:00,63rd Street Beach,1434924000.0,18.2,1.42,0.096,,63rdStreetBeach201506212200,0,18.2,1.42,0.096,2.0
2015-06-21 23:00:00,63rd Street Beach,1434927600.0,18.1,1.43,0.11,4.0,63rdStreetBeach201506212300,0,18.1,1.43,0.11,4.0
2015-06-22 00:00:00,63rd Street Beach,1434931200.0,18.1,,0.09,3.0,63rdStreetBeach201506222400,0,18.1,1.39,0.09,3.0
2015-06-22 01:00:00,63rd Street Beach,1434934800.0,18.2,1.43,0.075,7.0,63rdStreetBeach201506220100,0,18.2,1.43,0.075,7.0
2015-06-22 02:00:00,63rd Street Beach,1434938400.0,18.1,1.49,,6.0,63rdStreetBeach201506220200,0,18.1,1.49,0.072,6.0
2015-06-22 03:00:00,63rd Street Beach,1434942000.0,18.0,1.48,0.079,6.0,63rdStreetBeach201506220300,0,18.0,1.48,0.079,6.0
2015-06-22 04:00:00,63rd Street Beach,1434945600.0,17.7,,0.087,5.0,63rdStreetBeach201506220400,0,17.7,1.2,0.087,5.0
2015-06-22 05:00:00,63rd Street Beach,1434949200.0,17.7,,0.066,4.0,63rdStreetBeach201506220500,0,17.7,1.28,0.066,4.0
2015-06-22 06:00:00,63rd Street Beach,1434952800.0,17.7,1.18,0.062,4.0,63rdStreetBeach201506220600,0,17.7,1.18,0.062,4.0
2015-06-22 07:00:00,63rd Street Beach,1434956400.0,17.3,1.17,0.065,4.0,63rdStreetBeach201506220700,0,17.3,1.17,0.065,4.0
2015-06-22 08:00:00,63rd Street Beach,1434960000.0,17.1,1.03,0.066,4.0,63rdStreetBeach201506220800,0,17.1,1.03,0.066,4.0
2015-06-22 09:00:00,63rd Street Beach,1434963600.0,,1.06,,4.0,63rdStreetBeach201506220900,0,17.0,1.06,0.059,4.0
2015-06-22 10:00:00,63rd Street Beach,1434967200.0,17.0,0.96,0.074,3.0,63rdStreetBeach201506221000,0,17.0,0.96,0.074,3.0
2015-06-22 11:00:00,63rd Street Beach,1434970800.0,16.8,0.97,0.088,4.0,63rdStreetBeach201506221100,0,16.8,0.97,0.088,4.0
2015-06-22 12:00:00,63rd Street Beach,,,,,,,1,,,,
2015-06-22 13:00:00,63rd Street Beach,1434978000.0,16.5,1.01,0.089,4.0,63rdStreetBeach201506221300,0,16.5,1.01,0.089,4.0
2015-06-22 14:00:00,63rd Street Beach,1434981600.0,16.8,,0.085,4.0,63rdStreetBeach201506221400,0,16.8,0.98,0.085,4.0
2015-06-22 15:00:00,63rd Street Beach,1434985200.0,17.1,,,4.0,63rdStreetBeach201506221500,0,17.1,1.01,0.094,4.0
2015-06-22 16:00:00,63rd Street Beach,,,,,,,1,,,,
2015-06-22 17:00:00,63rd Street Beach,1434992400.0,,0.95,0.09,3.0,63rdStreetBeach201506221700,0,17.6,0.95,0.09,3.0
2015-06-22 18:00:00,63rd Street Beach,1434996000.0,,1.0,,4.0,63rdStreetBeach201506221800,0,17.3,1.0,0.109,4.0
2015-06-22 19:00:00,63rd Street Beach,1434999600.0,18.3,1.05,0.099,7.0,63rdStreetBeach201506221900,0,18.3,1.05,0.099,7.0
2015-06-22 20:00:00,63rd Street Beach,1435003200.0,18.0,0.99,0.088,,63rdStreetBeach201506222000,0,18.0,0.99,0.088,3.0
2015-06-22 21:00:00,63rd Street Beach,1435006800.0,,1.04,0.084,3.0,63rdStreetBeach201506222100,0,17.6,1.04,0.084,3.0
2015-06-22 22:00:00,63rd Street Beach,,,,,,,1,,,,
2015-06-22 23:00:00,63rd Street Beach,1435014000.0,17.0,1.02,,,63rdStreetBeach201506222300,0,17.0,1.02,0.089,8.0
2015-06-23 00:00:00,63rd Street Beach,,,,,,,1,,,,
2015-06-23 01:00:00,63rd Street Beach,,,,,,,1,,,,
2015-06-23 02:00:00,63rd Street Beach,1435024800.0,17.0,0.85,0.088,,63rdStreetBeach201506230200,0,17.0,0.85,0.088,6.0
2015-06-23 03:00:00,63rd Street Beach,1435028400.0,17.0,0.87,0.089,5.0,63rdStreetBeach201506230300,0,17.0,0.87,0.089,5.0
2015-06-23 04:00:00,63rd Street Beach,1435032000.0,16.9,0.87,,5.0,63rdStreetBeach201506230400,0,16.9,0.87,0.09,5.0
2015-06-23 05:00:00,63rd Street Beach,1435035600.0,16.9,0.9,0.166,2.0,63rdStreetBeach201506230500,0,16.9,0.9,0.166,2.0
2015-06-23 06:00:00,63rd Street Beach,1435039200.0,16.8,0.98,0.243,3.0,63rdStreetBeach201506230600,0,16.8,0.98,0.243,3.0
2015-06-23 07:00:00,63rd Street Beach,1435042800.0,16.8,1.0,0.237,3.0,63rdStreetBeach201506230700,0,16.8,1.0,0.237,3.0
2015-06-23 08:00:00,63rd Street Beach,1435046400.0,16.8,1.11,0.239,3.0,63rdStreetBeach201506230800,0,16.8,1.11,0.239,3.0
2015-06-23 09:00:00,63rd Street Beach,1435050000.0,16.9,1.12,0.242,3.0,63rdStreetBeach201506230900,0,16.9,1.12,0.242,3.0
2015-06-23 10:00:00,63rd Street Beach,1435053600.0,17.1,1.11,0.25,3.0,63rdStreetBeach201506231000,0,17.1,1.11,0.25,3.0
2015-06-23 11:00:00,63rd Street Beach,,,,,,,1,,,,
2015-06-23 12:00:00,63rd Street Beach,,,,,,,1,,,,
2015-06-23 13:00:00,63rd Street Beach,1435064400.0,,2.09,,,63rdStreetBeach201506231300,0,19.3,2.09,0.199,4.0
2015-06-23 14:00:00,63rd Street Beach,,,,,,,1,,,,
2015-06-23 15:00:00,63rd Street Beach,1435071600.0,19.1,1.68,0.181,4.0,63rdStreetBeach201506231500,0,19.1,1.68,0.181,4.0
2015-06-23 16:00:00,63rd Street Beach,,,,,,,1,,,,
2015-06-23 17:00:00,63rd Street Beach,1435078800.0,,,0.163,4.0,63rdStreetBeach201506231700,0,18.6,1.13,0.163,4.0
2015-06-23 18:00:00,63rd Street Beach,1435082400.0,18.6,,0.167,4.0,63rdStreetBeach201506231800,0,18.6,1.11,0.167,4.0
2015-06-23 19:00:00,63rd Street Beach,1435086000.0,,2.45,0.168,4.0,63rdStreetBeach201506231900,0,19.0,2.45,0.168,4.0
2015-06-23 20:00:00,63rd Street Beach,1435089600.0,18.7,2.24,0.164,4.0,63rdStreetBeach201506232000,0,18.7,2.24,0.164,4.0
2015-06-23 21:00:00,63rd Street Beach,1435093200.0,18.3,2.12,0.168,3.0,63rdStreetBeach201506232100,0,18.3,2.12,0.168,3.0
2015-06-23 22:00:00,63rd Street Beach,1435096800.0,18.1,1.75,0.161,4.0,63rdStreetBeach201506232200,0,18.1,1.75,0.161,4.0
2015-06-23 23:00:00,63rd Street Beach,1435100400.0,18.5,1.9,0.151,4.0,63rdStreetBeach201506232300,0,18.5,1.9,0.151,4.0
2015-06-24 00:00:00,63rd Street Beach,1435104000.0,18.6,1.7,0.15,3.0,63rdStreetBeach201506242400,0,18.6,1.7,0.15,3.0
2015-06-24 01:00:00,63rd Street Beach,1435107600.0,18.4,1.66,0.142,4.0,63rdStreetBeach201506240100,0,18.4,1.66,0.142,4.0
2015-06-24 02:00:00,63rd Street Beach,1435111200.0,18.6,1.38,0.14,3.0,63rdStreetBeach201506240200,0,18.6,1.38,0.14,3.0
2015-06-24 03:00:00,63rd Street Beach,1435114800.0,18.5,1.19,0.131,4.0,63rdStreetBeach201506240300,0,18.5,1.19,0.131,4.0
2015-06-24 04:00:00,63rd Street Beach,1435118400.0,18.5,1.13,0.123,4.0,63rdStreetBeach201506240400,0,18.5,1.13,0.123,4.0
2015-06-24 05:00:00,63rd Street Beach,1435122000.0,18.2,1.33,,4.0,63rdStreetBeach201506240500,0,18.2,1.33,0.121,4.0
2015-06-24 06:00:00,63rd Street Beach,1435125600.0,18.0,1.36,,,63rdStreetBeach201506240600,0,18.0,1.36,0.124,4.0
2015-06-24 07:00:00,63rd Street Beach,1435129200.0,17.9,1.57,0.122,4.0,63rdStreetBeach201506240700,0,17.9,1.57,0.122,4.0
2015-06-24 08:00:00,63rd Street Beach,1435132800.0,17.8,1.41,0.122,4.0,63rdStreetBeach201506240800,0,17.8,1.41,0.122,4.0
2015-06-24 09:00:00,63rd Street Beach,1435136400.0,17.9,1.98,0.118,4.0,63rdStreetBeach201506240900,0,17.9,1.98,0.118,4.0
2015-06-24 10:00:00,63rd Street Beach,,,,,,,1,,,,
2015-06-24 11:00:00,63rd Street Beach,1435143600.0,18.2,1.12,0.14,4.0,63rdStreetBeach201506241100,0,18.2,1.12,0.14,4.0
2015-06-24 12:00:00,63rd Street Beach,1435147200.0,18.3,1.0,0.114,,63rdStreetBeach201506241200,0,18.3,1.0,0.114,4.0
2015-06-24 13:00:00,63rd Street Beach,,,,,,,1,,,,
2015-06-24 14:00:00,63rd Street Beach,,,,,,,1,,,,
2015-06-24 15:00:00,63rd Street Beach,1435158000.0,18.4,,0.108,4.0,63rdStreetBeach201506241500,0,18.4,0.91,0.108,4.0
2015-06-24 16:00:00,63rd Street Beach,1435161600.0,19.0,1.3,0.113,4.0,63rdStreetBeach201506241600,0,19.0,1.3,0.113,4.0
2015-06-24 17:00:00,63rd Street Beach,1435165200.0,18.5,0.99,0.108,4.0,63rdStreetBeach201506241700,0,18.5,0.99,0.108,4.0
2015-06-24 18:00:00,63rd Street Beach,1435168800.0,19.2,1.1,0.113,4.0,63rdStreetBeach201506241800,0,19.2,1.1,0.113,4.0
2015-06-24 19:00:00,63rd Street Beach,1435172400.0,18.8,1.12,0.102,4.0,63rdStreetBeach201506241900,0,18.8,1.12,0.102,4.0
2015-06-24 20:00:00,63rd Street Beach,,,,,,,1,,,,
2015-06-24 21:00:00,63rd Street Beach,1435179600.0,18.2,1.03,0.108,,63rdStreetBeach201506242100,0,18.2,1.03,0.108,5.0
2015-06-24 22:00:00,63rd Street Beach,1435183200.0,17.9,0.9,0.094,5.0,63rdStreetBeach201506242200,0,17.9,0.9,0.094,5.0
2015-06-24 23:00:00,63rd Street Beach,1435186800.0,17.8,0.98,0.093,5.0,63rdStreetBeach201506242300,0,17.8,0.98,0.093,5.0
2015-06-25 00:00:00,63rd Street Beach,1435190400.0,17.7,1.0,0.086,4.0,63rdStreetBeach201506252400,0,17.7,1.0,0.086,4.0
2015-06-25 01:00:00,63rd Street Beach,1435194000.0,17.6,0.89,0.08,7.0,63rdStreetBeach201506250100,0,17.6,0.89,0.08,7.0
2015-06-25 02:00:00,63rd Street Beach,1435197600.0,17.6,1.01,,6.0,63rdStreetBeach201506250200,0,17.6,1.01,0.069,6.0
2015-06-25 03:00:00,63rd Street Beach,1435201200.0,17.5,,,3.0,63rdStreetBeach201506250300,0,17.5,0.91,0.101,3.0
2015-06-25 04:00:00,63rd Street Beach,,,,,,,1,,,,
2015-06-25 05:00:00,63rd Street Beach,1435208400.0,17.4,0.85,0.093,4.0,63rdStreetBeach201506250500,0,17.4,0.85,0.093,4.0
2015-06-25 06:00:00,63rd Street Beach,1435212000.0,17.3,0.88,,5.0,63rdStreetBeach201506250600,0,17.3,0.88,0.066,5.0
2015-06-25 07:00:00,63rd Street Beach,1435215600.0,17.2,0.83,0.07,4.0,63rdStreetBeach201506250700,0,17.2,0.83,0.07,4.0
2015-06-25 08:00:00,63rd Street Beach,1435219200.0,,0.85,,,63rdStreetBeach201506250800,0,17.2,0.85,0.09,4.0
2015-06-25 09:00:00,63rd Street Beach,1435222800.0,17.4,0.9,0.083,4.0,63rdStreetBeach201506250900,0,17.4,0.9,0.083,4.0
2015-06-25 10:00:00,63rd Street Beach,1435226400.0,17.6,0.9,0.087,4.0,63rdStreetBeach201506251000,0,17.6,0.9,0.087,4.0
2015-06-25 11:00:00,63rd Street Beach,1435230000.0,18.2,1.06,,,63rdStreetBeach201506251100,0,18.2,1.06,0.075,4.0
2015-06-25 12:00:00,63rd Street Beach,,,,,,,1,,,,
2015-06-25 13:00:00,63rd Street Beach,,,,,,,1,,,,
2015-06-25 14:00:00,63rd Street Beach,1435240800.0,18.8,0.91,0.081,3.0,63rdStreetBeach201506251400,0,18.8,0.91,0.081,3.0
2015-06-25 15:00:00,63rd Street Beach,1435244400.0,18.8,0.88,0.105,10.0,63rdStreetBeach201506251500,0,18.8,0.88,0.105,10.0
2015-06-25 16:00:00,63rd Street Beach,1435248000.0,18.9,0.71,0.109,4.0,63rdStreetBeach201506251600,0,18.9,0.71,0.109,4.0
2015-06-25 17:00:00,63rd Street Beach,1435251600.0,19.0,0.81,0.097,10.0,63rdStreetBeach201506251700,0,19.0,0.81,0.097,10.0
2015-06-25 18:00:00,63rd Street Beach,1435255200.0,18.5,0.65,0.1,,63rdStreetBeach201506251800,0,18.5,0.65,0.1,8.0
2015-06-25 19:00:00,63rd Street Beach,1435258800.0,18.1,0.73,0.202,2.0,63rdStreetBeach201506251900,0,18.1,0.73,0.202,2.0
2015-06-25 20:00:00,63rd Street Beach,1435262400.0,,0.7,0.176,3.0,63rdStreetBeach201506252000,0,18.0,0.7,0.176,3.0
2015-06-25 21:00:00,63rd Street Beach,1435266000.0,18.1,0.71,0.173,3.0,63rdStreetBeach201506252100,0,18.1,0.71,0.173,3.0
2015-06-25 22:00:00,63rd Street Beach,1435269600.0,,0.69,0.193,3.0,63rdStreetBeach201506252200,0,17.9,0.69,0.193,3.0
2015-06-25 23:00:00,63rd Street Beach,1435273200.0,17.9,0.7,,3.0,63rdStreetBeach201506252300,0,17.9,0.7,0.183,3.0
2015-06-26 00:00:00,63rd Street Beach,1435276800.0,17.8,0.7,0.205,,63rdStreetBeach201506262400,0,17.8,0.7,0.205,3.0
2015-06-26 01:00:00,63rd Street Beach,1435280400.0,17.8,0.75,0.205,3.0,63rdStreetBeach201506260100,0,17.8,0.75,0.205,3.0
2015-06-26 02:00:00,63rd Street Beach,1435284000.0,17.7,0.78,0.238,3.0,63rdStreetBeach201506260200,0,17.7,0.78,0.238,3.0
2015-06-26 03:00:00,63rd Street Beach,,,,,,,1,,,,
2015-06-26 04:00:00,63rd Street Beach,1435291200.0,17.6,0.89,0.257,,63rdStreetBeach201506260400,0,17.6,0.89,0.257,3.0
2015-06-26 05:00:00,63rd Street Beach,,,,,,,1,,,,
2015-06-26 06:00:00,63rd Street Beach,,,,,,,1,,,,
2015-06-26 07:00:00,63rd Street Beach,1435302000.0,17.2,0.85,,3.0,63rdStreetBeach201506260700,0,17.2,0.85,0.24,3.0
2015-06-26 08:00:00,63rd Street Beach,1435305600.0,17.2,0.85,0.247,3.0,63rdStreetBeach201506260800,0,17.2,0.85,0.247,3.0
2015-06-26 09:00:00,63rd Street Beach,1435309200.0,17.2,,0.229,4.0,63rdStreetBeach201506260900,0,17.2,0.88,0.229,4.0
2015-06-26 10:00:00,63rd Street Beach,,,,,,,1,,,,
2015-06-26 11:00:00,63rd Street Beach,1435316400.0,17.3,0.87,0.22,,63rdStreetBeach201506261100,0,17.3,0.87,0.22,3.0
2015-06-26 12:00:00,63rd Street Beach,1435320000.0,17.4,0.88,0.233,3.0,63rdStreetBeach201506261200,0,17.4,0.88,0.233,3.0
2015-06-26 13:00:00,63rd Street Beach,,,,,,,1,,,,
2015-06-26 14:00:00,63rd Street Beach,1435327200.0,17.4,,0.262,3.0,63rdStreetBeach201506261400,0,17.4,0.95,0.262,3.0
2015-06-26 15:00:00,63rd Street Beach,1435330800.0,17.4,1.01,,3.0,63rdStreetBeach201506261500,0,17.4,1.01,0.274,3.0
2015-06-26 16:00:00,63rd Street Beach,1435334400.0,17.5,,0.25,3.0,63rdStreetBeach201506261600,0,17.5,1.15,0.25,3.0
2015-06-26 17:00:00,63rd Street Beach,1435338000.0,,1.55,0.299,3.0,63rdStreetBeach201506261700,0,17.6,1.55,0.299,3.0
2015-06-26 18:00:00,63rd Street Beach,1435341600.0,,1.25,0.292,,63rdStreetBeach201506261800,0,17.4,1.25,0.292,4.0
2015-06-26 19:00:00,63rd Street Beach,1435345200.0,17.3,1.12,0.287,3.0,63rdStreetBeach201506261900,0,17.3,1.12,0.287,3.0
2015-06-26 20:00:00,63rd Street Beach,1435348800.0,17.3,1.13,0.316,4.0,63rdStreetBeach201506262000,0,17.3,1.13,0.316,4.0
2015-06-26 21:00:00,63rd Street Beach,1435352400.0,17.3,1.67,0.272,3.0,63rdStreetBeach201506262100,0,17.3,1.67,0.272,3.0
2015-06-26 22:00:00,63rd Street Beach,1435356000.0,17.2,1.75,0.288,4.0,63rdStreetBeach201506262200,0,17.2,1.75,0.288,4.0
2015-06-26 23:00:00,63rd Street Beach,1435359600.0,17.2,1.87,0.272,,63rdStreetBeach201506262300,0,17.2,1.87,0.272,4.0
2015-06-27 00:00:00,63rd Street Beach,,,,,,,1,,,,
2015-06-27 01:00:00,63rd Street Beach,1435366800.0,17.2,1.69,0.223,,63rdStreetBeach201506270100,0,17.2,1.69,0.223,4.0
2015-06-27 02:00:00,63rd Street Beach,1435370400.0,17.2,1.75,0.226,4.0,63rdStreetBeach201506270200,0,17.2,1.75,0.226,4.0
2015-06-27 03:00:00,63rd Street Beach,1435374000.0,17.1,1.69,,3.0,63rdStreetBeach201506270300,0,17.1,1.69,0.231,3.0
2015-06-27 04:00:00,63rd Street Beach,1435377600.0,17.1,1.42,,4.0,63rdStreetBeach201506270400,0,17.1,1.42,0.244,4.0
2015-06-27 05:00:00,63rd Street Beach,1435381200.0,,,0.272,,63rdStreetBeach201506270500,0,17.1,1.21,0.272,3.0
2015-06-27 06:00:00,63rd Street Beach,1435384800.0,17.0,1.18,,3.0,63rdStreetBeach201506270600,0,17.0,1.18,0.295,3.0
2015-06-27 07:00:00,63rd Street Beach,1435388400.0,,1.24,0.289,4.0,63rdStreetBeach201506270700,0,17.0,1.24,0.289,4.0
2015-06-27 08:00:00,63rd Street Beach,1435392000.0,17.1,1.34,0.329,,63rdStreetBeach201506270800,0,17.1,1.34,0.329,4.0
2015-06-27 09:00:00,63rd Street Beach,1435395600.0,17.1,1.45,0.316,4.0,63rdStreetBeach201506270900,0,17.1,1.45,0.316,4.0
2015-06-27 10:00:00,63rd Street Beach,1435399200.0,17.2,1.52,0.32,4.0,63rdStreetBeach201506271000,0,17.2,1.52,0.32,4.0
2015-06-27 11:00:00,63rd Street Beach,1435402800.0,17.4,,0.336,4.0,63rdStreetBeach201506271100,0,17.4,1.64,0.336,4.0
2015-06-27 12:00:00,63rd Street Beach,,,,,,,1,,,,
2015-06-27 13:00:00,63rd Street Beach,,,,,,,1,,,,
2015-06-27 14:00:00,63rd Street Beach,1435413600.0,18.0,2.06,0.321,4.0,63rdStreetBeach201506271400,0,18.0,2.06,0.321,4.0
2015-06-27 15:00:00,63rd Street Beach,1435417200.0,18.1,1.97,0.302,,63rdStreetBeach201506271500,0,18.1,1.97,0.302,4.0
2015-06-27 16:00:00,63rd Street Beach,1435420800.0,18.3,1.98,0.325,,63rdStreetBeach201506271600,0,18.3,1.98,0.325,4.0
2015-06-27 17:00:00,63rd Street Beach,1435424400.0,,1.91,0.312,5.0,63rdStreetBeach201506271700,0,18.2,1.91,0.312,5.0
2015-06-27 18:00:00,63rd Street Beach,1435428000.0,18.2,2.15,0.307,4.0,63rdStreetBeach201506271800,0,18.2,2.15,0.307,4.0
2015-06-27 19:00:00,63rd Street Beach,1435431600.0,18.4,2.15,0.301,4.0,63rdStreetBeach201506271900,0,18.4,2.15,0.301,4.0
2015-06-27 20:00:00,63rd Street Beach,1435435200.0,18.4,,0.265,,63rdStreetBeach201506272000,0,18.4,2.21,0.265,4.0
2015-06-27 21:00:00,63rd Street Beach,1435438800.0,18.0,2.06,0.262,4.0,63rdStreetBeach201506272100,0,18.0,2.06,0.262,4.0
2015-06-27 22:00:00,63rd Street Beach,1435442400.0,17.9,,0.25,4.0,63rdStreetBeach201506272200,0,17.9,2.0,0.25,4.0
2015-06-27 23:00:00,63rd Street Beach,1435446000.0,,1.93,0.246,,63rdStreetBeach201506272300,0,17.7,1.93,0.246,4.0
2015-06-28 00:00:00,63rd Street Beach,1435449600.0,17.6,1.89,0.225,4.0,63rdStreetBeach201506282400,0,17.6,1.89,0.225,4.0
2015-06-28 01:00:00,63rd Street Beach,,,,,,,1,,,,
2015-06-28 02:00:00,63rd Street Beach,1435456800.0,17.5,1.95,0.229,4.0,63rdStreetBeach201506280200,0,17.5,1.95,0.229,4.0
2015-06-28 03:00:00,63rd Street Beach,1435460400.0,17.5,2.0,0.236,4.0,63rdStreetBeach201506280300,0,17.5,2.0,0.236,4.0
2015-06-28 04:00:00,63rd Street Beach,1435464000.0,17.5,2.09,0.229,,63rdStreetBeach201506280400,0,17.5,2.09,0.229,4.0
2015-06-28 05:00:00,63rd Street Beach,1435467600.0,17.4,1.99,0.228,4.0,63rdStreetBeach201506280500,0,17.4,1.99,0.228,4.0
2015-06-28 06:00:00,63rd Street Beach,1435471200.0,,1.96,0.222,5.0,63rdStreetBeach201506280600,0,17.4,1.96,0.222,5.0
2015-06-28 07:00:00,63rd Street Beach,1435474800.0,17.4,1.98,0.223,4.0,63rdStreetBeach201506280700,0,17.4,1.98,0.223,4.0
2015-06-28 08:00:00,63rd Street Beach,1435478400.0,,1.89,0.208,5.0,63rdStreetBeach201506280800,0,17.5,1.89,0.208,5.0
2015-06-28 09:00:00,63rd Street Beach,1435482000.0,17.7,1.7,0.209,4.0,63rdStreetBeach201506280900,0,17.7,1.7,0.209,4.0
2015-06-28 10:00:00,63rd Street Beach,1435485600.0,18.0,1.75,0.19,4.0,63rdStreetBeach201506281000,0,18.0,1.75,0.19,4.0
2015-06-28 11:00:00,63rd Street Beach,1435489200.0,18.3,2.4,0.185,3.0,63rdStreetBeach201506281100,0,18.3,2.4,0.185,3.0
2015-06-28 12:00:00,63rd Street Beach,1435492800.0,18.4,2.56,0.182,,63rdStreetBeach201506281200,0,18.4,2.56,0.182,4.0
2015-06-28 13:00:00,63rd Street Beach,1435496400.0,18.8,2.3,0.181,3.0,63rdStreetBeach201506281300,0,18.8,2.3,0.181,3.0
2015-06-28 14:00:00,63rd Street Beach,1435500000.0,18.8,2.44,0.185,,63rdStreetBeach201506281400,0,18.8,2.44,0.185,4.0
2015-06-28 15:00:00,63rd Street Beach,1435503600.0,18.9,2.23,0.157,,63rdStreetBeach201506281500,0,18.9,2.23,0.157,4.0
2015-06-28 16:00:00,63rd Street Beach,1435507200.0,19.0,,0.181,3.0,63rdStreetBeach201506281600,0,19.0,1.98,0.181,3.0
2015-06-28 17:00:00,63rd Street Beach,1435510800.0,18.9,,0.164,,63rdStreetBeach201506281700,0,18.9,1.67,0.164,3.0
2015-06-28 18:00:00,63rd Street Beach,1435514400.0,18.9,1.69,0.131,3.0,63rdStreetBeach201506281800,0,18.9,1.69,0.131,3.0
2015-06-28 19:00:00,63rd Street Beach,1435518000.0,18.9,,0.131,4.0,63rdStreetBeach201506281900,0,18.9,1.74,0.131,4.0
2015-06-28 20:00:00,63rd Street Beach,1435521600.0,,1.79,0.12,6.0,63rdStreetBeach201506282000,0,18.9,1.79,0.12,6.0
2015-06-28 21:00:00,63rd Street Beach,1435525200.0,18.5,1.46,0.13,4.0,63rdStreetBeach201506282100,0,18.5,1.46,0.13,4.0
2015-06-28 22:00:00,63rd Street Beach,1435528800.0,18.1,1.26,,3.0,63rdStreetBeach201506282200,0,18.1,1.26,0.129,3.0
2015-06-28 23:00:00,63rd Street Beach,1435532400.0,18.2,1.25,,3.0,63rdStreetBeach201506282300,0,18.2,1.25,0.146,3.0
2015-06-29 00:00:00,63rd Street Beach,1435536000.0,18.3,1.26,0.118,3.0,63rdStreetBeach201506292400,0,18.3,1.26,0.118,3.0
2015-06-29 01:00:00,63rd Street Beach,1435539600.0,18.2,,0.108,8.0,63rdStreetBeach201506290100,0,18.2,1.38,0.108,8.0
2015-06-29 02:00:00,63rd Street Beach,1435543200.0,18.2,1.53,,6.0,63rdStreetBeach201506290200,0,18.2,1.53,0.103,6.0
2015-06-29 03:00:00,63rd Street Beach,1435546800.0,18.1,1.52,0.1,6.0,63rdStreetBeach201506290300,0,18.1,1.52,0.1,6.0
2015-06-29 04:00:00,63rd Street Beach,1435550400.0,18.1,1.57,0.094,3.0,63rdStreetBeach201506290400,0,18.1,1.57,0.094,3.0
2015-06-29 05:00:00,63rd Street Beach,1435554000.0,18.0,1.43,0.094,3.0,63rdStreetBeach201506290500,0,18.0,1.43,0.094,3.0
2015-06-29 06:00:00,63rd Street Beach,1435557600.0,18.0,,0.084,3.0,63rdStreetBeach201506290600,0,18.0,1.23,0.084,3.0
2015-06-29 07:00:00,63rd Street Beach,1435561200.0,,1.37,,,63rdStreetBeach201506290700,0,17.9,1.37,0.084,6.0
2015-06-29 08:00:00,63rd Street Beach,1435564800.0,17.9,1.05,0.075,4.0,63rdStreetBeach201506290800,0,17.9,1.05,0.075,4.0
2015-06-29 09:00:00,63rd Street Beach,1435568400.0,17.9,1.02,0.071,3.0,63rdStreetBeach201506290900,0,17.9,1.02,0.071,3.0
2015-06-29 10:00:00,63rd Street Beach,1435572000.0,18.0,,0.07,3.0,63rdStreetBeach201506291000,0,18.0,1.03,0.07,3.0
2015-06-29 11:00:00,63rd Street Beach,1435575600.0,18.0,0.97,,,63rdStreetBeach201506291100,0,18.0,0.97,0.068,4.0
2015-06-29 12:00:00,63rd Street Beach,1435579200.0,18.1,0.99,0.1,4.0,63rdStreetBeach201506291200,0,18.1,0.99,0.1,4.0
2015-06-29 13:00:00,63rd Street Beach,1435582800.0,18.2,0.95,0.085,,63rdStreetBeach201506291300,0,18.2,0.95,0.085,3.0
2015-06-29 14:00:00,63rd Street Beach,1435586400.0,18.5,0.94,,4.0,63rdStreetBeach201506291400,0,18.5,0.94,0.113,4.0
2015-06-29 15:00:00,63rd Street Beach,1435590000.0,18.8,0.86,0.08,4.0,63rdStreetBeach201506291500,0,18.8,0.86,0.08,4.0
2015-06-29 16:00:00,63rd Street Beach,1435593600.0,18.9,0.85,0.085,,63rdStreetBeach201506291600,0,18.9,0.85,0.085,4.0
2015-06-29 17:00:00,63rd Street Beach,1435597200.0,19.3,0.78,0.074,4.0,63rdStreetBeach201506291700,0,19.3,0.78,0.074,4.0
2015-06-29 18:00:00,63rd Street Beach,1435600800.0,19.4,1.41,,3.0,63rdStreetBeach201506291800,0,19.4,1.41,0.071,3.0
2015-06-29 19:00:00,63rd Street Beach,1435604400.0,19.8,0.8,0.078,7.0,63rdStreetBeach201506291900,0,19.8,0.8,0.078,7.0
2015-06-29 20:00:00,63rd Street Beach,1435608000.0,,0.77,0.077,3.0,63rdStreetBeach201506292000,0,19.8,0.77,0.077,3.0
2015-06-29 21:00:00,63rd Street Beach,1435611600.0,19.8,0.82,0.083,5.0,63rdStreetBeach201506292100,0,19.8,0.82,0.083,5.0
2015-06-29 22:00:00,63rd Street Beach,1435615200.0,,0.85,0.079,4.0,63rdStreetBeach201506292200,0,19.5,0.85,0.079,4.0
2015-06-29 23:00:00,63rd Street Beach,1435618800.0,19.3,,0.071,,63rdStreetBeach201506292300,0,19.3,0.84,0.071,4.0
2015-06-30 00:00:00,63rd Street Beach,1435622400.0,19.1,0.8,,9.0,63rdStreetBeach201506302400,0,19.1,0.8,0.072,9.0
2015-06-30 01:00:00,63rd Street Beach,1435626000.0,18.8,0.79,0.066,8.0,63rdStreetBeach201506300100,0,18.8,0.79,0.066,8.0
2015-06-30 02:00:00,63rd Street Beach,1435629600.0,18.7,0.89,0.058,7.0,63rdStreetBeach201506300200,0,18.7,0.89,0.058,7.0
2015-06-30 03:00:00,63rd Street Beach,1435633200.0,,1.01,0.058,,63rdStreetBeach201506300300,0,18.7,1.01,0.058,6.0
2015-06-30 04:00:00,63rd Street Beach,1435636800.0,18.5,0.99,0.058,5.0,63rdStreetBeach201506300400,0,18.5,0.99,0.058,5.0
2015-06-30 05:00:00,63rd Street Beach,1435640400.0,17.9,0.84,0.066,,63rdStreetBeach201506300500,0,17.9,0.84,0.066,4.0
2015-06-30 06:00:00,63rd Street Beach,1435644000.0,17.8,0.81,0.072,2.0,63rdStreetBeach201506300600,0,17.8,0.81,0.072,2.0
2015-06-30 07:00:00,63rd Street Beach,1435647600.0,17.7,,0.069,5.0,63rdStreetBeach201506300700,0,17.7,0.83,0.069,5.0
2015-06-30 08:00:00,63rd Street Beach,1435651200.0,17.8,0.78,0.083,2.0,63rdStreetBeach201506300800,0,17.8,0.78,0.083,2.0
2015-06-30 09:00:00,63rd Street Beach,1435654800.0,17.9,0.78,0.07,3.0,63rdStreetBeach201506300900,0,17.9,0.78,0.07,3.0
2015-06-30 10:00:00,63rd Street Beach,1435658400.0,18.2,0.78,0.076,2.0,63rdStreetBeach201506301000,0,18.2,0.78,0.076,2.0
2015-06-30 11:00:00,63rd Street Beach,1435662000.0,18.4,0.75,0.087,3.0,63rdStreetBeach201506301100,0,18.4,0.75,0.087,3.0
2015-06-30 12:00:00,63rd Street Beach,1435665600.0,18.8,0.73,,3.0,63rdStreetBeach201506301200,0,18.8,0.73,0.115,3.0
2015-06-30 13:00:00,63rd Street Beach,1435669200.0,19.1,0.7,0.089,4.0,63rdStreetBeach201506301300,0,19.1,0.7,0.089,4.0
2015-06-30 14:00:00,63rd Street Beach,1435672800.0,19.3,0.68,0.132,2.0,63rdStreetBeach201506301400,0,19.3,0.68,0.132,2.0
2015-06-30 15:00:00,63rd Street Beach,1435676400.0,19.7,0.64,0.133,2.0,63rdStreetBeach201506301500,0,19.7,0.64,0.133,2.0
2015-06-30 16:00:00,63rd Street Beach,1435680000.0,,0.58,,3.0,63rdStreetBeach201506301600,0,20.7,0.58,0.13,3.0
2015-06-30 17:00:00,63rd Street Beach,1435683600.0,,0.61,0.119,2.0,63rdStreetBeach201506301700,0,20.0,0.61,0.119,2.0
2015-06-30 18:00:00,63rd Street Beach,1435687200.0,19.8,0.66,0.225,3.0,63rdStreetBeach201506301800,0,19.8,0.66,0.225,3.0
2015-06-30 19:00:00,63rd Street Beach,,,,,,,1,,,,
2015-06-30 20:00:00,63rd Street Beach,1435694400.0,19.7,0.94,0.266,3.0,63rdStreetBeach201506302000,0,19.7,0.94,0.266,3.0
2015-06-30 21:00:00,63rd Street Beach,1435698000.0,19.5,1.02,0.259,3.0,63rdStreetBeach201506302100,0,19.5,1.02,0.259,3.0
2015-06-30 22:00:00,63rd Street Beach,1435701600.0,19.3,1.01,0.238,3.0,63rdStreetBeach201506302200,0,19.3,1.01,0.238,3.0
2015-06-30 23:00:00,63rd Street Beach,1435705200.0,19.0,1.0,0.247,3.0,63rdStreetBeach201506302300,0,19.0,1.0,0.247,3.0
2015-07-01 00:00:00,63rd Street Beach,1435708800.0,18.7,0.99,0.262,3.0,63rdStreetBeach201507012400,0,18.7,0.99,0.262,3.0
2015-07-01 01:00:00,63rd Street Beach,1435712400.0,18.5,1.0,,4.0,63rdStreetBeach201507010100,0,18.5,1.0,0.293,4.0
2015-07-01 02:00:00,63rd Street Beach,1435716000.0,18.4,1.1,0.297,5.0,63rdStreetBeach201507010200,0,18.4,1.1,0.297,5.0
2015-07-01 03:00:00,63rd Street Beach,1435719600.0,18.3,1.14,0.332,5.0,63rdStreetBeach201507010300,0,18.3,1.14,0.332,5.0
2015-07-01 04:00:00,63rd Street Beach,1435723200.0,18.3,1.25,0.328,5.0,63rdStreetBeach201507010400,0,18.3,1.25,0.328,5.0
2015-07-01 05:00:00,63rd Street Beach,1435726800.0,18.2,1.26,0.342,5.0,63rdStreetBeach201507010500,0,18.2,1.26,0.342,5.0
2015-07-01 06:00:00,63rd Street Beach,1435730400.0,18.1,1.35,0.317,5.0,63rdStreetBeach201507010600,0,18.1,1.35,0.317,5.0
2015-07-01 07:00:00,63rd Street Beach,,,,,,,1,,,,
2015-07-01 08:00:00,63rd Street Beach,1435737600.0,18.0,2.0,0.328,6.0,63rdStreetBeach201507010800,0,18.0,2.0,0.328,6.0
2015-07-01 09:00:00,63rd Street Beach,1435741200.0,18.1,1.57,0.302,5.0,63rdStreetBeach201507010900,0,18.1,1.57,0.302,5.0
2015-07-01 10:00:00,63rd Street Beach,,,,,,,1,,,,
2015-07-01 11:00:00,63rd Street Beach,1435748400.0,18.4,1.9,0.326,6.0,63rdStreetBeach201507011100,0,18.4,1.9,0.326,6.0
2015-07-01 12:00:00,63rd Street Beach,,,,,,,1,,,,
2015-07-01 13:00:00,63rd Street Beach,1435755600.0,19.0,,0.322,6.0,63rdStreetBeach201507011300,0,19.0,1.77,0.322,6.0
2015-07-01 14:00:00,63rd Street Beach,1435759200.0,19.2,1.65,0.309,5.0,63rdStreetBeach201507011400,0,19.2,1.65,0.309,5.0
2015-07-01 15:00:00,63rd Street Beach,1435762800.0,19.3,1.76,0.304,5.0,63rdStreetBeach201507011500,0,19.3,1.76,0.304,5.0
2015-07-01 16:00:00,63rd Street Beach,1435766400.0,19.4,1.75,0.295,4.0,63rdStreetBeach201507011600,0,19.4,1.75,0.295,4.0
2015-07-01 17:00:00,63rd Street Beach,1435770000.0,19.4,1.67,,5.0,63rdStreetBeach201507011700,0,19.4,1.67,0.311,5.0
2015-07-01 18:00:00,63rd Street Beach,1435773600.0,19.4,1.71,0.291,,63rdStreetBeach201507011800,0,19.4,1.71,0.291,5.0
2015-07-01 19:00:00,63rd Street Beach,1435777200.0,19.5,3.09,0.284,4.0,63rdStreetBeach201507011900,0,19.5,3.09,0.284,4.0
2015-07-01 20:00:00,63rd Street Beach,1435780800.0,19.5,3.78,0.285,5.0,63rdStreetBeach201507012000,0,19.5,3.78,0.285,5.0
2015-07-01 21:00:00,63rd Street Beach,,,,,,,1,,,,
2015-07-01 22:00:00,63rd Street Beach,,,,,,,1,,,,
2015-07-01 23:00:00,63rd Street Beach,,,,,,,1,,,,
2015-07-02 00:00:00,63rd Street Beach,,,,,,,1,,,,
2015-07-02 01:00:00,63rd Street Beach,,,,,,,1,,,,
2015-07-02 02:00:00,63rd Street Beach,,,,,,,1,,,,
2015-07-02 03:00:00,63rd Street Beach,,,,,,,1,,,,
2015-07-02 04:00:00,63rd Street Beach,,,,,,,1,,,,
2015-07-02 05:00:00,63rd Street Beach,,,,,,,1,,,,
2015-07-02 06:00:00,63rd Street Beach,,,,,,,1,,,,
2015-07-02 07:00:00,63rd Street Beach,,,,,,,1,,,,
2015-07-02 08:00:00,63rd Street Beach,,,,,,,1,,,,
2015-07-02 09:00:00,63rd Street Beach,,,,,,,1,,,,
2015-07-02 10:00:00,63rd Street Beach,,,,,,,1,,,,
2015-07-02 11:00:00,63rd Street Beach,,,,,,,1,,,,
2015-07-02 12:00:00,63rd Street Beach,,,,,,,1,,,,
2015-07-02 13:00:00,63rd Street Beach,,,,,,,1,,,,
2015-07-02 14:00:00,63rd Street Beach,1435845600.0,,3.85,0.346,4.0,63rdStreetBeach201507021400,0,19.6,3.85,0.346,4.0
2015-07-02 15:00:00,63rd Street Beach,1435849200.0,19.4,3.65,0.365,,63rdStreetBeach201507021500,0,19.4,3.65,0.365,4.0
2015-07-02 16:00:00,63rd Street Beach,,,,,,,1,,,,
2015-07-02 17:00:00,63rd Street Beach,1435856400.0,19.4,,0.327,4.0,63rdStreetBeach201507021700,0,19.4,3.06,0.327,4.0
2015-07-02 18:00:00,63rd Street Beach,1435860000.0,19.4,3.1,,4.0,63rdStreetBeach201507021800,0,19.4,3.1,0.329,4.0
2015-07-02 19:00:00,63rd Street Beach,1435863600.0,19.3,3.38,,,63rdStreetBeach201507021900,0,19.3,3.38,0.354,4.0
2015-07-02 20:00:00,63rd Street Beach,1435867200.0,19.2,3.46,0.347,4.0,63rdStreetBeach201507022000,0,19.2,3.46,0.347,4.0
2015-07-02 21:00:00,63rd Street Beach,,,,,,,1,,,,
2015-07-02 22:00:00,63rd Street Beach,,,,,,,1,,,,
2015-07-02 23:00:00,63rd Street Beach,1435878000.0,18.9,3.55,0.351,4.0,63rdStreetBeach201507022300,0,18.9,3.55,0.351,4.0
2015-07-03 00:00:00,63rd Street Beach,,,,,,,1,,,,
2015-07-03 01:00:00,63rd Street Beach,1435885200.0,18.7,3.65,0.302,4.0,63rdStreetBeach201507030100,0,18.7,3.65,0.302,4.0
2015-07-03 02:00:00,63rd Street Beach,1435888800.0,18.7,3.41,0.316,,63rdStreetBeach201507030200,0,18.7,3.41,0.316,4.0
2015-07-03 03:00:00,63rd Street Beach,1435892400.0,18.7,3.18,0.281,5.0,63rdStreetBeach201507030300,0,18.7,3.18,0.281,5.0
2015-07-03 04:00:00,63rd Street Beach,1435896000.0,18.6,3.16,0.263,4.0,63rdStreetBeach201507030400,0,18.6,3.16,0.263,4.0
2015-07-03 05:00:00,63rd Street Beach,1435899600.0,18.6,3.06,0.244,5.0,63rdStreetBeach201507030500,0,18.6,3.06,0.244,5.0
2015-07-03 06:00:00,63rd Street Beach,,,,,,,1,,,,
2015-07-03 07:00:00,63rd Street Beach,1435906800.0,18.5,,,4.0,63rdStreetBeach201507030700,0,18.5,3.19,0.222,4.0
2015-07-03 08:00:00,63rd Street Beach,1435910400.0,18.4,3.25,0.205,4.0,63rdStreetBeach201507030800,0,18.4,3.25,0.205,4.0
2015-07-03 09:00:00,63rd Street Beach,1435914000.0,18.6,,0.206,4.0,63rdStreetBeach201507030900,0,18.6,2.75,0.206,4.0
2015-07-03 10:00:00,63rd Street Beach,,,,,,,1,,,,
2015-07-03 11:00:00,63rd Street Beach,1435921200.0,19.0,2.82,0.191,4.0,63rdStreetBeach201507031100,0,19.0,2.82,0.191,4.0
2015-07-03 12:00:00,63rd Street Beach,1435924800.0,19.2,,0.187,,63rdStreetBeach201507031200,0,19.2,3.63,0.187,4.0
2015-07-03 13:00:00,63rd Street Beach,1435928400.0,19.6,3.27,0.182,,63rdStreetBeach201507031300,0,19.6,3.27,0.182,3.0
2015-07-03 14:00:00,63rd Street Beach,1435932000.0,19.8,,0.18,3.0,63rdStreetBeach201507031400,0,19.8,2.88,0.18,3.0
2015-07-03 15:00:00,63rd Street Beach,1435935600.0,,2.92,0.184,3.0,63rdStreetBeach201507031500,0,20.1,2.92,0.184,3.0
2015-07-03 16:00:00,63rd Street Beach,1435939200.0,20.3,2.61,0.179,4.0,63rdStreetBeach201507031600,0,20.3,2.61,0.179,4.0
2015-07-03 17:00:00,63rd Street Beach,1435942800.0,20.5,3.47,0.202,4.0,63rdStreetBeach201507031700,0,20.5,3.47,0.202,4.0
2015-07-03 18:00:00,63rd Street Beach,1435946400.0,20.6,3.81,0.163,4.0,63rdStreetBeach201507031800,0,20.6,3.81,0.163,4.0
2015-07-03 19:00:00,63rd Street Beach,1435950000.0,21.7,4.5,0.169,4.0,63rdStreetBeach201507031900,0,21.7,4.5,0.169,4.0
2015-07-03 20:00:00,63rd Street Beach,1435953600.0,21.6,5.08,0.167,6.0,63rdStreetBeach201507032000,0,21.6,5.08,0.167,6.0
2015-07-03 21:00:00,63rd Street Beach,1435957200.0,21.1,4.81,0.143,4.0,63rdStreetBeach201507032100,0,21.1,4.81,0.143,4.0
2015-07-03 22:00:00,63rd Street Beach,1435960800.0,,2.82,,3.0,63rdStreetBeach201507032200,0,20.3,2.82,0.141,3.0
2015-07-03 23:00:00,63rd Street Beach,1435964400.0,20.0,2.64,0.131,4.0,63rdStreetBeach201507032300,0,20.0,2.64,0.131,4.0
2015-07-04 00:00:00,63rd Street Beach,1435968000.0,19.8,,0.114,3.0,63rdStreetBeach201507042400,0,19.8,2.58,0.114,3.0
2015-07-04 01:00:00,63rd Street Beach,1435971600.0,19.7,2.45,,3.0,63rdStreetBeach201507040100,0,19.7,2.45,0.119,3.0
2015-07-04 02:00:00,63rd Street Beach,1435975200.0,19.7,2.16,0.109,3.0,63rdStreetBeach201507040200,0,19.7,2.16,0.109,3.0
2015-07-04 03:00:00,63rd Street Beach,1435978800.0,19.6,2.16,,6.0,63rdStreetBeach201507040300,0,19.6,2.16,0.112,6.0
2015-07-04 04:00:00,63rd Street Beach,1435982400.0,19.5,,0.112,4.0,63rdStreetBeach201507040400,0,19.5,2.1,0.112,4.0
2015-07-04 05:00:00,63rd Street Beach,1435986000.0,19.4,,0.107,4.0,63rdStreetBeach201507040500,0,19.4,2.08,0.107,4.0
2015-07-04 06:00:00,63rd Street Beach,1435989600.0,19.3,2.15,0.099,5.0,63rdStreetBeach201507040600,0,19.3,2.15,0.099,5.0
2015-07-04 07:00:00,63rd Street Beach,1435993200.0,19.3,1.99,0.094,4.0,63rdStreetBeach201507040700,0,19.3,1.99,0.094,4.0
2015-07-04 08:00:00,63rd Street Beach,1435996800.0,19.3,1.88,0.112,7.0,63rdStreetBeach201507040800,0,19.3,1.88,0.112,7.0
2015-07-04 09:00:00,63rd Street Beach,1436000400.0,19.5,1.71,0.1,6.0,63rdStreetBeach201507040900,0,19.5,1.71,0.1,6.0
2015-07-04 10:00:00,63rd Street Beach,1436004000.0,19.8,1.69,0.097,4.0,63rdStreetBeach201507041000,0,19.8,1.69,0.097,4.0
2015-07-04 11:00:00,63rd Street Beach,1436007600.0,,1.62,0.096,4.0,63rdStreetBeach201507041100,0,20.1,1.62,0.096,4.0
2015-07-04 12:00:00,63rd Street Beach,1436011200.0,20.3,1.61,0.141,2.0,63rdStreetBeach201507041200,0,20.3,1.61,0.141,2.0
2015-07-04 13:00:00,63rd Street Beach,1436014800.0,20.3,,0.12,,63rdStreetBeach201507041300,0,20.3,1.53,0.12,3.0
2015-07-04 14:00:00,63rd Street Beach,1436018400.0,20.4,1.51,0.145,5.0,63rdStreetBeach201507041400,0,20.4,1.51,0.145,5.0
2015-07-04 15:00:00,63rd Street Beach,1436022000.0,20.7,1.46,0.143,3.0,63rdStreetBeach201507041500,0,20.7,1.46,0.143,3.0
2015-07-04 16:00:00,63rd Street Beach,1436025600.0,21.7,1.44,0.134,3.0,63rdStreetBeach201507041600,0,21.7,1.44,0.134,3.0
2015-07-04 17:00:00,63rd Street Beach,1436029200.0,22.3,1.96,0.147,5.0,63rdStreetBeach201507041700,0,22.3,1.96,0.147,5.0
2015-07-04 18:00:00,63rd Street Beach,1436032800.0,22.1,2.0,0.156,2.0,63rdStreetBeach201507041800,0,22.1,2.0,0.156,2.0
2015-07-04 19:00:00,63rd Street Beach,1436036400.0,22.0,1.92,0.153,3.0,63rdStreetBeach201507041900,0,22.0,1.92,0.153,3.0
2015-07-04 20:00:00,63rd Street Beach,1436040000.0,21.6,1.58,0.136,4.0,63rdStreetBeach201507042000,0,21.6,1.58,0.136,4.0
2015-07-04 21:00:00,63rd Street Beach,1436043600.0,21.6,1.54,0.126,6.0,63rdStreetBeach201507042100,0,21.6,1.54,0.126,6.0
2015-07-04 22:00:00,63rd Street Beach,1436047200.0,21.3,,0.137,,63rdStreetBeach201507042200,0,21.3,1.5,0.137,3.0
2015-07-04 23:00:00,63rd Street Beach,1436050800.0,21.1,1.49,0.174,3.0,63rdStreetBeach201507042300,0,21.1,1.49,0.174,3.0
2015-07-05 00:00:00,63rd Street Beach,1436054400.0,20.9,1.45,0.109,4.0,63rdStreetBeach201507052400,0,20.9,1.45,0.109,4.0
2015-07-05 01:00:00,63rd Street Beach,,,,,,,1,,,,
2015-07-05 02:00:00,63rd Street Beach,,,,,,,1,,,,
2015-07-05 03:00:00,63rd Street Beach,1436065200.0,20.4,1.34,0.087,6.0,63rdStreetBeach201507050300,0,20.4,1.34,0.087,6.0
2015-07-05 04:00:00,63rd Street Beach,1436068800.0,20.3,1.31,,5.0,63rdStreetBeach201507050400,0,20.3,1.31,0.088,5.0
2015-07-05 05:00:00,63rd Street Beach,1436072400.0,,1.36,,5.0,63rdStreetBeach201507050500,0,20.2,1.36,0.09,5.0
2015-07-05 06:00:00,63rd Street Beach,1436076000.0,20.1,1.16,0.075,3.0,63rdStreetBeach201507050600,0,20.1,1.16,0.075,3.0
2015-07-05 07:00:00,63rd Street Beach,1436079600.0,20.1,1.2,0.077,7.0,63rdStreetBeach201507050700,0,20.1,1.2,0.077,7.0
2015-07-05 08:00:00,63rd Street Beach,1436083200.0,20.1,1.22,0.07,6.0,63rdStreetBeach201507050800,0,20.1,1.22,0.07,6.0
2015-07-05 09:00:00,63rd Street Beach,1436086800.0,,1.14,0.075,,63rdStreetBeach201507050900,0,20.5,1.14,0.075,6.0
2015-07-05 10:00:00,63rd Street Beach,1436090400.0,20.6,1.06,0.098,2.0,63rdStreetBeach201507051000,0,20.6,1.06,0.098,2.0
2015-07-05 11:00:00,63rd Street Beach,1436094000.0,20.7,,0.088,3.0,63rdStreetBeach201507051100,0,20.7,1.04,0.088,3.0
2015-07-05 12:00:00,63rd Street Beach,1436097600.0,20.5,,0.126,3.0,63rdStreetBeach201507051200,0,20.5,1.15,0.126,3.0
2015-07-05 13:00:00,63rd Street Beach,1436101200.0,20.7,0.98,,3.0,63rdStreetBeach201507051300,0,20.7,0.98,0.121,3.0
2015-07-05 14:00:00,63rd Street Beach,1436104800.0,21.1,1.0,0.119,7.0,63rdStreetBeach201507051400,0,21.1,1.0,0.119,7.0
2015-07-05 15:00:00,63rd Street Beach,,,,,,,1,,,,
2015-07-05 16:00:00,63rd Street Beach,1436112000.0,21.0,0.91,0.167,,63rdStreetBeach201507051600,0,21.0,0.91,0.167,5.0
2015-07-05 17:00:00,63rd Street Beach,1436115600.0,21.2,0.91,0.145,4.0,63rdStreetBeach201507051700,0,21.2,0.91,0.145,4.0
2015-07-05 18:00:00,63rd Street Beach,1436119200.0,21.3,0.89,0.147,4.0,63rdStreetBeach201507051800,0,21.3,0.89,0.147,4.0
2015-07-05 19:00:00,63rd Street Beach,1436122800.0,21.1,,0.159,4.0,63rdStreetBeach201507051900,0,21.1,0.91,0.159,4.0
2015-07-05 20:00:00,63rd Street Beach,1436126400.0,20.8,0.89,0.139,,63rdStreetBeach201507052000,0,20.8,0.89,0.139,4.0
2015-07-05 21:00:00,63rd Street Beach,1436130000.0,20.6,0.85,0.125,6.0,63rdStreetBeach201507052100,0,20.6,0.85,0.125,6.0
2015-07-05 22:00:00,63rd Street Beach,1436133600.0,20.5,,0.12,5.0,63rdStreetBeach201507052200,0,20.5,0.89,0.12,5.0
2015-07-05 23:00:00,63rd Street Beach,1436137200.0,20.3,0.9,0.106,4.0,63rdStreetBeach201507052300,0,20.3,0.9,0.106,4.0
2015-07-06 00:00:00,63rd Street Beach,1436140800.0,20.5,1.15,0.092,,63rdStreetBeach201507062400,0,20.5,1.15,0.092,6.0
2015-07-06 01:00:00,63rd Street Beach,1436144400.0,20.5,,0.09,7.0,63rdStreetBeach201507060100,0,20.5,1.35,0.09,7.0
2015-07-06 02:00:00,63rd Street Beach,1436148000.0,20.6,1.32,,4.0,63rdStreetBeach201507060200,0,20.6,1.32,0.08,4.0
2015-07-06 03:00:00,63rd Street Beach,1436151600.0,20.4,1.13,0.082,6.0,63rdStreetBeach201507060300,0,20.4,1.13,0.082,6.0
2015-07-06 04:00:00,63rd Street Beach,1436155200.0,20.2,1.15,0.082,5.0,63rdStreetBeach201507060400,0,20.2,1.15,0.082,5.0
2015-07-06 05:00:00,63rd Street Beach,1436158800.0,19.8,0.9,0.074,10.0,63rdStreetBeach201507060500,0,19.8,0.9,0.074,10.0
2015-07-06 06:00:00,63rd Street Beach,1436162400.0,19.4,,0.07,9.0,63rdStreetBeach201507060600,0,19.4,0.9,0.07,9.0
2015-07-06 07:00:00,63rd Street Beach,1436166000.0,19.3,,0.072,8.0,63rdStreetBeach201507060700,0,19.3,1.18,0.072,8.0
2015-07-06 08:00:00,63rd Street Beach,1436169600.0,19.2,1.13,0.072,7.0,63rdStreetBeach201507060800,0,19.2,1.13,0.072,7.0
2015-07-06 09:00:00,63rd Street Beach,1436173200.0,19.2,0.84,0.091,6.0,63rdStreetBeach201507060900,0,19.2,0.84,0.091,6.0
2015-07-06 10:00:00,63rd Street Beach,1436176800.0,19.4,0.73,0.105,4.0,63rdStreetBeach201507061000,0,19.4,0.73,0.105,4.0
2015-07-06 11:00:00,63rd Street Beach,1436180400.0,19.5,0.83,,4.0,63rdStreetBeach201507061100,0,19.5,0.83,0.083,4.0
2015-07-06 12:00:00,63rd Street Beach,1436184000.0,19.4,0.79,0.095,3.0,63rdStreetBeach201507061200,0,19.4,0.79,0.095,3.0
2015-07-06 13:00:00,63rd Street Beach,1436187600.0,19.5,,0.077,4.0,63rdStreetBeach201507061300,0,19.5,0.83,0.077,4.0
2015-07-06 14:00:00,63rd Street Beach,1436191200.0,19.5,,0.084,5.0,63rdStreetBeach201507061400,0,19.5,0.83,0.084,5.0
2015-07-06 15:00:00,63rd Street Beach,1436194800.0,19.3,1.0,0.081,5.0,63rdStreetBeach201507061500,0,19.3,1.0,0.081,5.0
2015-07-06 16:00:00,63rd Street Beach,1436198400.0,18.8,0.93,0.082,10.0,63rdStreetBeach201507061600,0,18.8,0.93,0.082,10.0
2015-07-06 17:00:00,63rd Street Beach,1436202000.0,19.5,0.76,0.085,4.0,63rdStreetBeach201507061700,0,19.5,0.76,0.085,4.0
2015-07-06 18:00:00,63rd Street Beach,1436205600.0,19.3,,0.096,8.0,63rdStreetBeach201507061800,0,19.3,0.93,0.096,8.0
2015-07-06 19:00:00,63rd Street Beach,1436209200.0,18.9,0.92,0.08,7.0,63rdStreetBeach201507061900,0,18.9,0.92,0.08,7.0
2015-07-06 20:00:00,63rd Street Beach,1436212800.0,18.8,,0.082,,63rdStreetBeach201507062000,0,18.8,0.83,0.082,6.0
2015-07-06 21:00:00,63rd Street Beach,1436216400.0,18.6,0.87,0.079,5.0,63rdStreetBeach201507062100,0,18.6,0.87,0.079,5.0
2015-07-06 22:00:00,63rd Street Beach,1436220000.0,18.4,0.92,0.08,4.0,63rdStreetBeach201507062200,0,18.4,0.92,0.08,4.0
2015-07-06 23:00:00,63rd Street Beach,1436223600.0,,0.91,0.074,3.0,63rdStreetBeach201507062300,0,18.5,0.91,0.074,3.0
2015-07-07 00:00:00,63rd Street Beach,1436227200.0,18.6,0.79,0.076,9.0,63rdStreetBeach201507072400,0,18.6,0.79,0.076,9.0
2015-07-07 01:00:00,63rd Street Beach,1436230800.0,18.5,0.73,,,63rdStreetBeach201507070100,0,18.5,0.73,0.073,7.0
2015-07-07 02:00:00,63rd Street Beach,1436234400.0,18.5,0.69,0.076,,63rdStreetBeach201507070200,0,18.5,0.69,0.076,7.0
2015-07-07 03:00:00,63rd Street Beach,1436238000.0,18.5,0.76,0.08,5.0,63rdStreetBeach201507070300,0,18.5,0.76,0.08,5.0
2015-07-07 04:00:00,63rd Street Beach,1436241600.0,18.5,0.7,0.073,6.0,63rdStreetBeach201507070400,0,18.5,0.7,0.073,6.0
2015-07-07 05:00:00,63rd Street Beach,1436245200.0,18.2,0.91,0.215,2.0,63rdStreetBeach201507070500,0,18.2,0.91,0.215,2.0
2015-07-07 06:00:00,63rd Street Beach,1436248800.0,17.9,1.45,0.392,,63rdStreetBeach201507070600,0,17.9,1.45,0.392,5.0
2015-07-07 07:00:00,63rd Street Beach,1436252400.0,17.8,2.18,,4.0,63rdStreetBeach201507070700,0,17.8,2.18,0.487,4.0
2015-07-07 08:00:00,63rd Street Beach,,,,,,,1,,,,
2015-07-07 09:00:00,63rd Street Beach,,,,,,,1,,,,
2015-07-07 10:00:00,63rd Street Beach,,,,,,,1,,,,
2015-07-07 11:00:00,63rd Street Beach,1436266800.0,17.7,7.74,0.528,6.0,63rdStreetBeach201507071100,0,17.7,7.74,0.528,6.0
2015-07-07 12:00:00,63rd Street Beach,,,,,,,1,,,,
2015-07-07 13:00:00,63rd Street Beach,1436274000.0,18.0,15.1,0.516,7.0,63rdStreetBeach201507071300,0,18.0,15.1,0.516,7.0
2015-07-07 14:00:00,63rd Street Beach,1436277600.0,18.2,13.7,0.482,7.0,63rdStreetBeach201507071400,0,18.2,13.7,0.482,7.0
2015-07-07 15:00:00,63rd Street Beach,1436281200.0,18.5,,0.497,6.0,63rdStreetBeach201507071500,0,18.5,11.24,0.497,6.0
2015-07-07 16:00:00,63rd Street Beach,1436284800.0,18.5,12.19,0.505,5.0,63rdStreetBeach201507071600,0,18.5,12.19,0.505,5.0
2015-07-07 17:00:00,63rd Street Beach,,,,,,,1,,,,
2015-07-07 18:00:00,63rd Street Beach,1436292000.0,18.7,13.5,0.503,7.0,63rdStreetBeach201507071800,0,18.7,13.5,0.503,7.0
2015-07-07 19:00:00,63rd Street Beach,,,,,,,1,,,,
2015-07-07 20:00:00,63rd Street Beach,1436299200.0,,15.93,0.487,,63rdStreetBeach201507072000,0,18.6,15.93,0.487,8.0
2015-07-07 21:00:00,63rd Street Beach,,,,,,,1,,,,
2015-07-07 22:00:00,63rd Street Beach,1436306400.0,18.2,21.81,0.483,8.0,63rdStreetBeach201507072200,0,18.2,21.81,0.483,8.0
2015-07-07 23:00:00,63rd Street Beach,1436310000.0,18.1,14.52,0.463,7.0,63rdStreetBeach201507072300,0,18.1,14.52,0.463,7.0
2015-07-08 00:00:00,63rd Street Beach,,,,,,,1,,,,
2015-07-08 01:00:00,63rd Street Beach,1436317200.0,17.8,14.73,0.45,7.0,63rdStreetBeach201507080100,0,17.8,14.73,0.45,7.0
2015-07-08 02:00:00,63rd Street Beach,1436320800.0,,14.78,0.438,6.0,63rdStreetBeach201507080200,0,17.7,14.78,0.438,6.0
2015-07-08 03:00:00,63rd Street Beach,1436324400.0,17.6,15.16,0.428,4.0,63rdStreetBeach201507080300,0,17.6,15.16,0.428,4.0
2015-07-08 04:00:00,63rd Street Beach,1436328000.0,17.5,15.49,0.407,,63rdStreetBeach201507080400,0,17.5,15.49,0.407,6.0
2015-07-08 05:00:00,63rd Street Beach,1436331600.0,17.5,14.98,,5.0,63rdStreetBeach201507080500,0,17.5,14.98,0.408,5.0
2015-07-08 06:00:00,63rd Street Beach,,,,,,,1,,,,
2015-07-08 07:00:00,63rd Street Beach,1436338800.0,17.6,14.26,0.373,3.0,63rdStreetBeach201507080700,0,17.6,14.26,0.373,3.0
2015-07-08 08:00:00,63rd Street Beach,,,,,,,1,,,,
2015-07-08 09:00:00,63rd Street Beach,,,,,,,1,,,,
2015-07-08 10:00:00,63rd Street Beach,1436349600.0,,10.09,0.3,,63rdStreetBeach201507081000,0,17.6,10.09,0.3,4.0
2015-07-08 11:00:00,63rd Street Beach,1436353200.0,17.8,7.26,0.287,4.0,63rdStreetBeach201507081100,0,17.8,7.26,0.287,4.0
2015-07-08 12:00:00,63rd Street Beach,,,,,,,1,,,,
2015-07-08 13:00:00,63rd Street Beach,1436360400.0,17.9,8.2,0.246,,63rdStreetBeach201507081300,0,17.9,8.2,0.246,4.0
2015-07-08 14:00:00,63rd Street Beach,,,,,,,1,,,,
2015-07-08 15:00:00,63rd Street Beach,,,,,,,1,,,,
2015-07-08 16:00:00,63rd Street Beach,1436371200.0,18.2,8.04,0.212,4.0,63rdStreetBeach201507081600,0,18.2,8.04,0.212,4.0
2015-07-08 17:00:00,63rd Street Beach,1436374800.0,18.2,7.8,,3.0,63rdStreetBeach201507081700,0,18.2,7.8,0.213,3.0
2015-07-08 18:00:00,63rd Street Beach,1436378400.0,18.2,7.58,0.245,4.0,63rdStreetBeach201507081800,0,18.2,7.58,0.245,4.0
2015-07-08 19:00:00,63rd Street Beach,1436382000.0,18.4,10.17,,4.0,63rdStreetBeach201507081900,0,18.4,10.17,0.233,4.0
2015-07-08 20:00:00,63rd Street Beach,1436385600.0,,,0.214,3.0,63rdStreetBeach201507082000,0,18.1,6.8,0.214,3.0
2015-07-08 21:00:00,63rd Street Beach,1436389200.0,18.2,,0.199,3.0,63rdStreetBeach201507082100,0,18.2,7.39,0.199,3.0
2015-07-08 22:00:00,63rd Street Beach,1436392800.0,18.2,9.88,0.209,4.0,63rdStreetBeach201507082200,0,18.2,9.88,0.209,4.0
2015-07-08 23:00:00,63rd Street Beach,,,,,,,1,,,,
2015-07-09 00:00:00,63rd Street Beach,,,,,,,1,,,,
2015-07-09 01:00:00,63rd Street Beach,1436403600.0,,5.82,,,63rdStreetBeach201507090100,0,18.1,5.82,0.232,3.0
2015-07-09 02:00:00,63rd Street Beach,1436407200.0,,7.79,0.251,3.0,63rdStreetBeach201507090200,0,18.1,7.79,0.251,3.0
2015-07-09 03:00:00,63rd Street Beach,,,,,,,1,,,,
2015-07-09 04:00:00,63rd Street Beach,1436414400.0,,8.85,0.291,3.0,63rdStreetBeach201507090400,0,18.0,8.85,0.291,3.0
2015-07-09 05:00:00,63rd Street Beach,1436418000.0,17.9,6.93,0.294,3.0,63rdStreetBeach201507090500,0,17.9,6.93,0.294,3.0
2015-07-09 06:00:00,63rd Street Beach,1436421600.0,,16.77,0.294,,63rdStreetBeach201507090600,0,17.9,16.77,0.294,3.0
2015-07-09 07:00:00,63rd Street Beach,1436425200.0,18.0,8.54,0.3,,63rdStreetBeach201507090700,0,18.0,8.54,0.3,4.0
2015-07-09 08:00:00,63rd Street Beach,,,,,,,1,,,,
2015-07-09 09:00:00,63rd Street Beach,,,,,,,1,,,,
2015-07-09 10:00:00,63rd Street Beach,1436436000.0,18.1,6.61,0.303,,63rdStreetBeach201507091000,0,18.1,6.61,0.303,4.0
2015-07-09 11:00:00,63rd Street Beach,1436439600.0,18.2,6.75,0.296,4.0,63rdStreetBeach201507091100,0,18.2,6.75,0.296,4.0
2015-07-09 12:00:00,63rd Street Beach,1436443200.0,18.4,6.11,,4.0,63rdStreetBeach201507091200,0,18.4,6.11,0.284,4.0
2015-07-09 13:00:00,63rd Street Beach,1436446800.0,18.6,5.57,0.292,4.0,63rdStreetBeach201507091300,0,18.6,5.57,0.292,4.0
2015-07-09 14:00:00,63rd Street Beach,,,,,,,1,,,,
2015-07-09 15:00:00,63rd Street Beach,1436454000.0,19.0,6.23,0.25,4.0,63rdStreetBeach201507091500,0,19.0,6.23,0.25,4.0
2015-07-09 16:00:00,63rd Street Beach,1436457600.0,19.3,,0.239,4.0,63rdStreetBeach201507091600,0,19.3,6.34,0.239,4.0
2015-07-09 17:00:00,63rd Street Beach,1436461200.0,19.4,6.25,0.235,4.0,63rdStreetBeach201507091700,0,19.4,6.25,0.235,4.0
2015-07-09 18:00:00,63rd Street Beach,,,,,,,1,,,,
2015-07-09 19:00:00,63rd Street Beach,1436468400.0,19.8,6.23,0.199,4.0,63rdStreetBeach201507091900,0,19.8,6.23,0.199,4.0
2015-07-09 20:00:00,63rd Street Beach,1436472000.0,19.2,,0.177,4.0,63rdStreetBeach201507092000,0,19.2,5.32,0.177,4.0
2015-07-09 21:00:00,63rd Street Beach,1436475600.0,19.1,6.13,0.161,,63rdStreetBeach201507092100,0,19.1,6.13,0.161,3.0
2015-07-09 22:00:00,63rd Street Beach,1436479200.0,19.0,5.1,0.157,3.0,63rdStreetBeach201507092200,0,19.0,5.1,0.157,3.0
2015-07-09 23:00:00,63rd Street Beach,1436482800.0,18.9,5.33,,3.0,63rdStreetBeach201507092300,0,18.9,5.33,0.137,3.0
2015-07-10 00:00:00,63rd Street Beach,1436486400.0,18.8,4.82,0.135,3.0,63rdStreetBeach201507102400,0,18.8,4.82,0.135,3.0
2015-07-10 01:00:00,63rd Street Beach,1436490000.0,18.7,5.09,0.119,3.0,63rdStreetBeach201507100100,0,18.7,5.09,0.119,3.0
2015-07-10 02:00:00,63rd Street Beach,1436493600.0,18.7,,0.119,3.0,63rdStreetBeach201507100200,0,18.7,4.85,0.119,3.0
2015-07-10 03:00:00,63rd Street Beach,1436497200.0,18.9,5.57,0.109,6.0,63rdStreetBeach201507100300,0,18.9,5.57,0.109,6.0
2015-07-10 04:00:00,63rd Street Beach,1436500800.0,,3.96,,3.0,63rdStreetBeach201507100400,0,18.7,3.96,0.101,3.0
2015-07-10 05:00:00,63rd Street Beach,1436504400.0,18.4,3.39,0.102,3.0,63rdStreetBeach201507100500,0,18.4,3.39,0.102,3.0
2015-07-10 06:00:00,63rd Street Beach,1436508000.0,18.4,3.43,0.101,3.0,63rdStreetBeach201507100600,0,18.4,3.43,0.101,3.0
2015-07-10 07:00:00,63rd Street Beach,1436511600.0,18.4,3.37,0.102,,63rdStreetBeach201507100700,0,18.4,3.37,0.102,3.0
2015-07-10 08:00:00,63rd Street Beach,1436515200.0,18.5,,0.104,7.0,63rdStreetBeach201507100800,0,18.5,3.21,0.104,7.0
2015-07-10 09:00:00,63rd Street Beach,1436518800.0,18.6,3.34,0.116,6.0,63rdStreetBeach201507100900,0,18.6,3.34,0.116,6.0
2015-07-10 10:00:00,63rd Street Beach,1436522400.0,18.8,2.98,0.107,3.0,63rdStreetBeach201507101000,0,18.8,2.98,0.107,3.0
2015-07-10 11:00:00,63rd Street Beach,1436526000.0,19.3,2.79,0.112,3.0,63rdStreetBeach201507101100,0,19.3,2.79,0.112,3.0
2015-07-10 12:00:00,63rd Street Beach,1436529600.0,19.8,2.65,0.094,4.0,63rdStreetBeach201507101200,0,19.8,2.65,0.094,4.0
2015-07-10 13:00:00,63rd Street Beach,1436533200.0,20.0,2.58,0.117,3.0,63rdStreetBeach201507101300,0,20.0,2.58,0.117,3.0
2015-07-10 14:00:00,63rd Street Beach,1436536800.0,20.3,2.54,0.107,3.0,63rdStreetBeach201507101400,0,20.3,2.54,0.107,3.0
2015-07-10 15:00:00,63rd Street Beach,1436540400.0,20.4,2.78,0.112,4.0,63rdStreetBeach201507101500,0,20.4,2.78,0.112,4.0
2015-07-10 16:00:00,63rd Street Beach,,,,,,,1,,,,
2015-07-10 17:00:00,63rd Street Beach,1436547600.0,20.6,2.36,0.106,3.0,63rdStreetBeach201507101700,0,20.6,2.36,0.106,3.0
2015-07-10 18:00:00,63rd Street Beach,1436551200.0,20.3,2.24,0.108,3.0,63rdStreetBeach201507101800,0,20.3,2.24,0.108,3.0
2015-07-10 19:00:00,63rd Street Beach,1436554800.0,20.5,2.2,0.106,5.0,63rdStreetBeach201507101900,0,20.5,2.2,0.106,5.0
2015-07-10 20:00:00,63rd Street Beach,1436558400.0,20.2,,0.101,6.0,63rdStreetBeach201507102000,0,20.2,2.35,0.101,6.0
2015-07-10 21:00:00,63rd Street Beach,1436562000.0,20.0,2.3,0.105,,63rdStreetBeach201507102100,0,20.0,2.3,0.105,6.0
2015-07-10 22:00:00,63rd Street Beach,1436565600.0,19.8,2.41,0.105,5.0,63rdStreetBeach201507102200,0,19.8,2.41,0.105,5.0
2015-07-10 23:00:00,63rd Street Beach,1436569200.0,19.9,2.35,0.092,5.0,63rdStreetBeach201507102300,0,19.9,2.35,0.092,5.0
2015-07-11 00:00:00,63rd Street Beach,1436572800.0,20.3,2.41,0.081,4.0,63rdStreetBeach201507112400,0,20.3,2.41,0.081,4.0
2015-07-11 01:00:00,63rd Street Beach,1436576400.0,20.0,2.35,0.085,7.0,63rdStreetBeach201507110100,0,20.0,2.35,0.085,7.0
2015-07-11 02:00:00,63rd Street Beach,1436580000.0,19.9,2.41,0.077,6.0,63rdStreetBeach201507110200,0,19.9,2.41,0.077,6.0
2015-07-11 03:00:00,63rd Street Beach,1436583600.0,19.7,2.17,0.086,6.0,63rdStreetBeach201507110300,0,19.7,2.17,0.086,6.0
2015-07-11 04:00:00,63rd Street Beach,1436587200.0,19.6,2.16,0.079,5.0,63rdStreetBeach201507110400,0,19.6,2.16,0.079,5.0
2015-07-11 05:00:00,63rd Street Beach,1436590800.0,19.5,,,3.0,63rdStreetBeach201507110500,0,19.5,1.9,0.089,3.0
2015-07-11 06:00:00,63rd Street Beach,1436594400.0,19.4,2.0,0.081,4.0,63rdStreetBeach201507110600,0,19.4,2.0,0.081,4.0
2015-07-11 07:00:00,63rd Street Beach,1436598000.0,19.4,2.0,0.084,3.0,63rdStreetBeach201507110700,0,19.4,2.0,0.084,3.0
2015-07-11 08:00:00,63rd Street Beach,1436601600.0,19.4,1.91,0.072,7.0,63rdStreetBeach201507110800,0,19.4,1.91,0.072,7.0
2015-07-11 09:00:00,63rd Street Beach,1436605200.0,19.5,,0.071,6.0,63rdStreetBeach201507110900,0,19.5,1.73,0.071,6.0
2015-07-11 10:00:00,63rd Street Beach,1436608800.0,19.6,1.62,0.078,6.0,63rdStreetBeach201507111000,0,19.6,1.62,0.078,6.0
2015-07-11 11:00:00,63rd Street Beach,1436612400.0,20.0,1.56,0.086,2.0,63rdStreetBeach201507111100,0,20.0,1.56,0.086,2.0
2015-07-11 12:00:00,63rd Street Beach,1436616000.0,20.0,,0.104,,63rdStreetBeach201507111200,0,20.0,1.43,0.104,4.0
2015-07-11 13:00:00,63rd Street Beach,1436619600.0,20.2,1.42,0.12,,63rdStreetBeach201507111300,0,20.2,1.42,0.12,4.0
2015-07-11 14:00:00,63rd Street Beach,1436623200.0,19.4,1.47,0.138,2.0,63rdStreetBeach201507111400,0,19.4,1.47,0.138,2.0
2015-07-11 15:00:00,63rd Street Beach,1436626800.0,19.2,1.45,0.124,4.0,63rdStreetBeach201507111500,0,19.2,1.45,0.124,4.0
2015-07-11 16:00:00,63rd Street Beach,,,,,,,1,,,,
2015-07-11 17:00:00,63rd Street Beach,1436634000.0,19.1,1.23,0.124,4.0,63rdStreetBeach201507111700,0,19.1,1.23,0.124,4.0
2015-07-11 18:00:00,63rd Street Beach,,,,,,,1,,,,
2015-07-11 19:00:00,63rd Street Beach,,,,,,,1,,,,
2015-07-11 20:00:00,63rd Street Beach,1436644800.0,20.2,1.71,0.1,6.0,63rdStreetBeach201507112000,0,20.2,1.71,0.1,6.0
2015-07-11 21:00:00,63rd Street Beach,,,,,,,1,,,,
2015-07-11 22:00:00,63rd Street Beach,1436652000.0,19.8,1.43,0.094,5.0,63rdStreetBeach201507112200,0,19.8,1.43,0.094,5.0
2015-07-11 23:00:00,63rd Street Beach,1436655600.0,19.1,1.15,0.099,3.0,63rdStreetBeach201507112300,0,19.1,1.15,0.099,3.0
2015-07-12 00:00:00,63rd Street Beach,1436659200.0,18.7,1.14,0.092,,63rdStreetBeach201507122400,0,18.7,1.14,0.092,3.0
2015-07-12 01:00:00,63rd Street Beach,1436662800.0,18.7,,,,63rdStreetBeach201507120100,0,18.7,1.15,0.088,7.0
2015-07-12 02:00:00,63rd Street Beach,,,,,,,1,,,,
2015-07-12 03:00:00,63rd Street Beach,1436670000.0,18.5,1.15,0.087,6.0,63rdStreetBeach201507120300,0,18.5,1.15,0.087,6.0
2015-07-12 04:00:00,63rd Street Beach,1436673600.0,18.4,1.3,0.08,6.0,63rdStreetBeach201507120400,0,18.4,1.3,0.08,6.0
2015-07-12 05:00:00,63rd Street Beach,1436677200.0,18.4,1.11,,9.0,63rdStreetBeach201507120500,0,18.4,1.11,0.075,9.0
2015-07-12 06:00:00,63rd Street Beach,1436680800.0,18.9,1.13,,8.0,63rdStreetBeach201507120600,0,18.9,1.13,0.082,8.0
2015-07-12 07:00:00,63rd Street Beach,1436684400.0,18.9,1.18,0.08,7.0,63rdStreetBeach201507120700,0,18.9,1.18,0.08,7.0
2015-07-12 08:00:00,63rd Street Beach,1436688000.0,19.0,,0.094,7.0,63rdStreetBeach201507120800,0,19.0,1.14,0.094,7.0
2015-07-12 09:00:00,63rd Street Beach,1436691600.0,,1.13,0.088,2.0,63rdStreetBeach201507120900,0,19.3,1.13,0.088,2.0
2015-07-12 10:00:00,63rd Street Beach,1436695200.0,,1.06,0.092,4.0,63rdStreetBeach201507121000,0,20.0,1.06,0.092,4.0
2015-07-12 11:00:00,63rd Street Beach,1436698800.0,20.4,1.14,0.093,4.0,63rdStreetBeach201507121100,0,20.4,1.14,0.093,4.0
2015-07-12 12:00:00,63rd Street Beach,1436702400.0,20.8,1.08,0.133,,63rdStreetBeach201507121200,0,20.8,1.08,0.133,3.0
2015-07-12 13:00:00,63rd Street Beach,1436706000.0,21.4,1.12,0.156,4.0,63rdStreetBeach201507121300,0,21.4,1.12,0.156,4.0
2015-07-12 14:00:00,63rd Street Beach,,,,,,,1,,,,
2015-07-12 15:00:00,63rd Street Beach,1436713200.0,22.2,1.15,,,63rdStreetBeach201507121500,0,22.2,1.15,0.127,4.0
2015-07-12 16:00:00,63rd Street Beach,1436716800.0,23.3,1.08,0.124,7.0,63rdStreetBeach201507121600,0,23.3,1.08,0.124,7.0
2015-07-12 17:00:00,63rd Street Beach,1436720400.0,23.1,1.53,0.128,4.0,63rdStreetBeach201507121700,0,23.1,1.53,0.128,4.0
2015-07-12 18:00:00,63rd Street Beach,,,,,,,1,,,,
2015-07-12 19:00:00,63rd Street Beach,,,,,,,1,,,,
2015-07-12 20:00:00,63rd Street Beach,1436731200.0,22.2,0.94,0.111,6.0,63rdStreetBeach201507122000,0,22.2,0.94,0.111,6.0
2015-07-12 21:00:00,63rd Street Beach,1436734800.0,,1.65,0.132,6.0,63rdStreetBeach201507122100,0,22.2,1.65,0.132,6.0
2015-07-12 22:00:00,63rd Street Beach,1436738400.0,21.8,1.57,0.136,3.0,63rdStreetBeach201507122200,0,21.8,1.57,0.136,3.0
2015-07-12 23:00:00,63rd Street Beach,1436742000.0,21.1,,0.102,2.0,63rdStreetBeach201507122300,0,21.1,1.17,0.102,2.0
2015-07-13 00:00:00,63rd Street Beach,1436745600.0,20.4,1.05,0.106,2.0,63rdStreetBeach201507132400,0,20.4,1.05,0.106,2.0
2015-07-13 01:00:00,63rd Street Beach,1436749200.0,20.2,1.03,0.094,,63rdStreetBeach201507130100,0,20.2,1.03,0.094,3.0
2015-07-13 02:00:00,63rd Street Beach,1436752800.0,19.6,1.01,0.09,6.0,63rdStreetBeach201507130200,0,19.6,1.01,0.09,6.0
2015-07-13 03:00:00,63rd Street Beach,1436756400.0,18.8,1.03,0.098,6.0,63rdStreetBeach201507130300,0,18.8,1.03,0.098,6.0
2015-07-13 04:00:00,63rd Street Beach,1436760000.0,,,0.087,6.0,63rdStreetBeach201507130400,0,18.5,0.95,0.087,6.0
2015-07-13 05:00:00,63rd Street Beach,1436763600.0,18.5,,0.098,5.0,63rdStreetBeach201507130500,0,18.5,1.01,0.098,5.0
2015-07-13 06:00:00,63rd Street Beach,1436767200.0,,1.01,0.094,9.0,63rdStreetBeach201507130600,0,18.4,1.01,0.094,9.0
2015-07-13 07:00:00,63rd Street Beach,1436770800.0,18.4,0.9,0.104,8.0,63rdStreetBeach201507130700,0,18.4,0.9,0.104,8.0
2015-07-13 08:00:00,63rd Street Beach,,,,,,,1,,,,
2015-07-13 09:00:00,63rd Street Beach,1436778000.0,18.5,1.0,0.188,3.0,63rdStreetBeach201507130900,0,18.5,1.0,0.188,3.0
2015-07-13 10:00:00,63rd Street Beach,,,,,,,1,,,,
2015-07-13 11:00:00,63rd Street Beach,1436785200.0,18.7,,0.149,3.0,63rdStreetBeach201507131100,0,18.7,1.09,0.149,3.0
2015-07-13 12:00:00,63rd Street Beach,1436788800.0,19.1,1.05,0.152,3.0,63rdStreetBeach201507131200,0,19.1,1.05,0.152,3.0
2015-07-13 13:00:00,63rd Street Beach,1436792400.0,19.6,,0.145,3.0,63rdStreetBeach201507131300,0,19.6,1.16,0.145,3.0
2015-07-13 14:00:00,63rd Street Beach,1436796000.0,,1.15,0.138,4.0,63rdStreetBeach201507131400,0,19.6,1.15,0.138,4.0
2015-07-13 15:00:00,63rd Street Beach,1436799600.0,20.2,,0.123,3.0,63rdStreetBeach201507131500,0,20.2,1.55,0.123,3.0
2015-07-13 16:00:00,63rd Street Beach,1436803200.0,19.9,1.12,,4.0,63rdStreetBeach201507131600,0,19.9,1.12,0.132,4.0
2015-07-13 17:00:00,63rd Street Beach,1436806800.0,19.7,1.14,0.109,3.0,63rdStreetBeach201507131700,0,19.7,1.14,0.109,3.0
2015-07-13 18:00:00,63rd Street Beach,1436810400.0,,1.18,0.123,6.0,63rdStreetBeach201507131800,0,19.7,1.18,0.123,6.0
2015-07-13 19:00:00,63rd Street Beach,1436814000.0,20.1,1.76,,,63rdStreetBeach201507131900,0,20.1,1.76,0.106,4.0
2015-07-13 20:00:00,63rd Street Beach,1436817600.0,19.3,1.24,0.096,4.0,63rdStreetBeach201507132000,0,19.3,1.24,0.096,4.0
2015-07-13 21:00:00,63rd Street Beach,1436821200.0,19.3,1.67,,6.0,63rdStreetBeach201507132100,0,19.3,1.67,0.092,6.0
2015-07-13 22:00:00,63rd Street Beach,1436824800.0,,1.28,0.083,4.0,63rdStreetBeach201507132200,0,18.9,1.28,0.083,4.0
2015-07-13 23:00:00,63rd Street Beach,1436828400.0,18.9,,0.076,4.0,63rdStreetBeach201507132300,0,18.9,1.21,0.076,4.0
2015-07-14 00:00:00,63rd Street Beach,1436832000.0,18.8,1.08,,9.0,63rdStreetBeach201507142400,0,18.8,1.08,0.083,9.0
2015-07-14 01:00:00,63rd Street Beach,1436835600.0,18.7,1.05,0.09,7.0,63rdStreetBeach201507140100,0,18.7,1.05,0.09,7.0
2015-07-14 02:00:00,63rd Street Beach,1436839200.0,18.6,0.95,0.1,,63rdStreetBeach201507140200,0,18.6,0.95,0.1,6.0
2015-07-14 03:00:00,63rd Street Beach,1436842800.0,18.7,,,2.0,63rdStreetBeach201507140300,0,18.7,0.84,0.11,2.0
2015-07-14 04:00:00,63rd Street Beach,1436846400.0,18.7,0.77,0.126,2.0,63rdStreetBeach201507140400,0,18.7,0.77,0.126,2.0
2015-07-14 05:00:00,63rd Street Beach,1436850000.0,18.7,0.78,0.111,3.0,63rdStreetBeach201507140500,0,18.7,0.78,0.111,3.0
2015-07-14 06:00:00,63rd Street Beach,1436853600.0,18.7,0.79,0.116,3.0,63rdStreetBeach201507140600,0,18.7,0.79,0.116,3.0
2015-07-14 07:00:00,63rd Street Beach,1436857200.0,,0.74,0.108,7.0,63rdStreetBeach201507140700,0,18.7,0.74,0.108,7.0
2015-07-14 08:00:00,63rd Street Beach,1436860800.0,18.8,,0.111,3.0,63rdStreetBeach201507140800,0,18.8,0.81,0.111,3.0
2015-07-14 09:00:00,63rd Street Beach,1436864400.0,18.9,0.81,0.113,6.0,63rdStreetBeach201507140900,0,18.9,0.81,0.113,6.0
2015-07-14 10:00:00,63rd Street Beach,1436868000.0,19.1,0.81,,2.0,63rdStreetBeach201507141000,0,19.1,0.81,0.145,2.0
2015-07-14 11:00:00,63rd Street Beach,1436871600.0,19.1,0.78,0.155,2.0,63rdStreetBeach201507141100,0,19.1,0.78,0.155,2.0
2015-07-14 12:00:00,63rd Street Beach,,,,,,,1,,,,
2015-07-14 13:00:00,63rd Street Beach,1436878800.0,19.4,0.78,0.154,,63rdStreetBeach201507141300,0,19.4,0.78,0.154,3.0
2015-07-14 14:00:00,63rd Street Beach,1436882400.0,19.5,0.74,,,63rdStreetBeach201507141400,0,19.5,0.74,0.151,3.0
2015-07-14 15:00:00,63rd Street Beach,1436886000.0,19.7,0.74,,4.0,63rdStreetBeach201507141500,0,19.7,0.74,0.166,4.0
2015-07-14 16:00:00,63rd Street Beach,1436889600.0,,0.77,0.224,,63rdStreetBeach201507141600,0,19.8,0.77,0.224,3.0
2015-07-14 17:00:00,63rd Street Beach,,,,,,,1,,,,
2015-07-14 18:00:00,63rd Street Beach,,,,,,,1,,,,
2015-07-14 19:00:00,63rd Street Beach,1436900400.0,19.6,,0.42,5.0,63rdStreetBeach201507141900,0,19.6,6.97,0.42,5.0
2015-07-14 20:00:00,63rd Street Beach,1436904000.0,19.3,3.54,0.432,5.0,63rdStreetBeach201507142000,0,19.3,3.54,0.432,5.0
2015-07-14 21:00:00,63rd Street Beach,,,,,,,1,,,,
2015-07-14 22:00:00,63rd Street Beach,1436911200.0,19.0,9.8,0.522,6.0,63rdStreetBeach201507142200,0,19.0,9.8,0.522,6.0
2015-07-14 23:00:00,63rd Street Beach,,,,,,,1,,,,
2015-07-15 00:00:00,63rd Street Beach,,,,,,,1,,,,
2015-07-15 01:00:00,63rd Street Beach,1436922000.0,18.7,14.28,,7.0,63rdStreetBeach201507150100,0,18.7,14.28,0.569,7.0
2015-07-15 02:00:00,63rd Street Beach,1436925600.0,18.6,13.69,0.537,8.0,63rdStreetBeach201507150200,0,18.6,13.69,0.537,8.0
2015-07-15 03:00:00,63rd Street Beach,1436929200.0,,16.38,0.526,,63rdStreetBeach201507150300,0,18.5,16.38,0.526,8.0
2015-07-15 04:00:00,63rd Street Beach,1436932800.0,18.4,,0.493,8.0,63rdStreetBeach201507150400,0,18.4,15.46,0.493,8.0
2015-07-15 05:00:00,63rd Street Beach,1436936400.0,18.3,,0.48,7.0,63rdStreetBeach201507150500,0,18.3,13.81,0.48,7.0
2015-07-15 06:00:00,63rd Street Beach,,,,,,,1,,,,
2015-07-15 07:00:00,63rd Street Beach,1436943600.0,18.2,14.79,0.444,7.0,63rdStreetBeach201507150700,0,18.2,14.79,0.444,7.0
2015-07-15 08:00:00,63rd Street Beach,1436947200.0,18.2,17.39,0.453,7.0,63rdStreetBeach201507150800,0,18.2,17.39,0.453,7.0
2015-07-15 09:00:00,63rd Street Beach,1436950800.0,18.4,14.63,0.38,7.0,63rdStreetBeach201507150900,0,18.4,14.63,0.38,7.0
2015-07-15 10:00:00,63rd Street Beach,1436954400.0,18.5,16.09,0.406,6.0,63rdStreetBeach201507151000,0,18.5,16.09,0.406,6.0
2015-07-15 11:00:00,63rd Street Beach,1436958000.0,18.9,13.78,0.392,5.0,63rdStreetBeach201507151100,0,18.9,13.78,0.392,5.0
2015-07-15 12:00:00,63rd Street Beach,1436961600.0,19.5,14.37,0.39,6.0,63rdStreetBeach201507151200,0,19.5,14.37,0.39,6.0
2015-07-15 13:00:00,63rd Street Beach,1436965200.0,19.8,,0.401,,63rdStreetBeach201507151300,0,19.8,15.14,0.401,6.0
2015-07-15 14:00:00,63rd Street Beach,1436968800.0,19.8,12.93,0.349,5.0,63rdStreetBeach201507151400,0,19.8,12.93,0.349,5.0
2015-07-15 15:00:00,63rd Street Beach,1436972400.0,,15.21,,5.0,63rdStreetBeach201507151500,0,20.0,15.21,0.366,5.0
2015-07-15 16:00:00,63rd Street Beach,1436976000.0,20.1,,0.355,,63rdStreetBeach201507151600,0,20.1,13.92,0.355,4.0
2015-07-15 17:00:00,63rd Street Beach,,,,,,,1,,,,
2015-07-15 18:00:00,63rd Street Beach,1436983200.0,19.8,12.15,0.331,7.0,63rdStreetBeach201507151800,0,19.8,12.15,0.331,7.0
2015-07-15 19:00:00,63rd Street Beach,1436986800.0,,10.96,0.317,5.0,63rdStreetBeach201507151900,0,19.8,10.96,0.317,5.0
2015-07-15 20:00:00,63rd Street Beach,1436990400.0,19.6,11.53,,5.0,63rdStreetBeach201507152000,0,19.6,11.53,0.308,5.0
2015-07-15 21:00:00,63rd Street Beach,1436994000.0,19.5,11.52,0.301,6.0,63rdStreetBeach201507152100,0,19.5,11.52,0.301,6.0
2015-07-15 22:00:00,63rd Street Beach,1436997600.0,19.3,11.32,0.291,6.0,63rdStreetBeach201507152200,0,19.3,11.32,0.291,6.0
2015-07-15 23:00:00,63rd Street Beach,1437001200.0,19.2,10.8,0.261,6.0,63rdStreetBeach201507152300,0,19.2,10.8,0.261,6.0
2015-07-16 00:00:00,63rd Street Beach,1437004800.0,19.2,10.04,0.27,6.0,63rdStreetBeach201507162400,0,19.2,10.04,0.27,6.0
2015-07-16 01:00:00,63rd Street Beach,1437008400.0,,12.92,0.256,4.0,63rdStreetBeach201507160100,0,19.5,12.92,0.256,4.0
2015-07-16 02:00:00,63rd Street Beach,1437012000.0,,11.83,0.269,,63rdStreetBeach201507160200,0,19.5,11.83,0.269,5.0
2015-07-16 03:00:00,63rd Street Beach,1437015600.0,,11.63,0.251,5.0,63rdStreetBeach201507160300,0,19.4,11.63,0.251,5.0
2015-07-16 04:00:00,63rd Street Beach,1437019200.0,,11.24,0.248,4.0,63rdStreetBeach201507160400,0,19.3,11.24,0.248,4.0
2015-07-16 05:00:00,63rd Street Beach,,,,,,,1,,,,
2015-07-16 06:00:00,63rd Street Beach,1437026400.0,19.2,12.13,0.23,,63rdStreetBeach201507160600,0,19.2,12.13,0.23,5.0
2015-07-16 07:00:00,63rd Street Beach,1437030000.0,19.1,11.47,0.236,4.0,63rdStreetBeach201507160700,0,19.1,11.47,0.236,4.0
2015-07-16 08:00:00,63rd Street Beach,1437033600.0,19.2,7.99,0.216,,63rdStreetBeach201507160800,0,19.2,7.99,0.216,4.0
2015-07-16 09:00:00,63rd Street Beach,1437037200.0,19.2,9.93,,4.0,63rdStreetBeach201507160900,0,19.2,9.93,0.212,4.0
2015-07-16 10:00:00,63rd Street Beach,,,,,,,1,,,,
2015-07-16 11:00:00,63rd Street Beach,1437044400.0,19.2,12.75,0.157,4.0,63rdStreetBeach201507161100,0,19.2,12.75,0.157,4.0
2015-07-16 12:00:00,63rd Street Beach,1437048000.0,19.2,9.84,0.161,3.0,63rdStreetBeach201507161200,0,19.2,9.84,0.161,3.0
2015-07-16 13:00:00,63rd Street Beach,1437051600.0,19.3,,0.153,4.0,63rdStreetBeach201507161300,0,19.3,8.68,0.153,4.0
2015-07-16 14:00:00,63rd Street Beach,1437055200.0,19.3,6.94,0.148,,63rdStreetBeach201507161400,0,19.3,6.94,0.148,4.0
2015-07-16 15:00:00,63rd Street Beach,1437058800.0,19.2,4.32,0.164,5.0,63rdStreetBeach201507161500,0,19.2,4.32,0.164,5.0
2015-07-16 16:00:00,63rd Street Beach,1437062400.0,19.2,3.96,0.156,,63rdStreetBeach201507161600,0,19.2,3.96,0.156,3.0
2015-07-16 17:00:00,63rd Street Beach,1437066000.0,19.2,3.32,0.154,3.0,63rdStreetBeach201507161700,0,19.2,3.32,0.154,3.0
2015-07-16 18:00:00,63rd Street Beach,1437069600.0,19.5,4.12,0.152,3.0,63rdStreetBeach201507161800,0,19.5,4.12,0.152,3.0
2015-07-16 19:00:00,63rd Street Beach,1437073200.0,19.0,3.21,0.151,3.0,63rdStreetBeach201507161900,0,19.0,3.21,0.151,3.0
2015-07-16 20:00:00,63rd Street Beach,1437076800.0,19.0,,0.185,3.0,63rdStreetBeach201507162000,0,19.0,3.87,0.185,3.0
2015-07-16 21:00:00,63rd Street Beach,1437080400.0,,3.56,0.171,3.0,63rdStreetBeach201507162100,0,19.0,3.56,0.171,3.0
2015-07-16 22:00:00,63rd Street Beach,1437084000.0,,3.58,,3.0,63rdStreetBeach201507162200,0,18.8,3.58,0.175,3.0
2015-07-16 23:00:00,63rd Street Beach,1437087600.0,18.8,3.13,,3.0,63rdStreetBeach201507162300,0,18.8,3.13,0.193,3.0
2015-07-17 00:00:00,63rd Street Beach,1437091200.0,18.9,3.13,0.194,3.0,63rdStreetBeach201507172400,0,18.9,3.13,0.194,3.0
2015-07-17 01:00:00,63rd Street Beach,1437094800.0,19.0,3.06,0.191,3.0,63rdStreetBeach201507170100,0,19.0,3.06,0.191,3.0
2015-07-17 02:00:00,63rd Street Beach,1437098400.0,19.0,3.07,0.174,4.0,63rdStreetBeach201507170200,0,19.0,3.07,0.174,4.0
2015-07-17 03:00:00,63rd Street Beach,,,,,,,1,,,,
2015-07-17 04:00:00,63rd Street Beach,1437105600.0,19.0,3.61,0.174,4.0,63rdStreetBeach201507170400,0,19.0,3.61,0.174,4.0
2015-07-17 05:00:00,63rd Street Beach,1437109200.0,19.0,3.76,0.172,,63rdStreetBeach201507170500,0,19.0,3.76,0.172,3.0
2015-07-17 06:00:00,63rd Street Beach,1437112800.0,,3.95,,4.0,63rdStreetBeach201507170600,0,19.0,3.95,0.153,4.0
2015-07-17 07:00:00,63rd Street Beach,,,,,,,1,,,,
2015-07-17 08:00:00,63rd Street Beach,1437120000.0,19.3,,,3.0,63rdStreetBeach201507170800,0,19.3,3.91,0.129,3.0
2015-07-17 09:00:00,63rd Street Beach,1437123600.0,19.4,,0.117,3.0,63rdStreetBeach201507170900,0,19.4,3.93,0.117,3.0
2015-07-17 10:00:00,63rd Street Beach,1437127200.0,19.9,,0.109,3.0,63rdStreetBeach201507171000,0,19.9,4.67,0.109,3.0
2015-07-17 11:00:00,63rd Street Beach,1437130800.0,,,0.12,3.0,63rdStreetBeach201507171100,0,20.4,4.08,0.12,3.0
2015-07-17 12:00:00,63rd Street Beach,1437134400.0,20.7,3.6,0.114,3.0,63rdStreetBeach201507171200,0,20.7,3.6,0.114,3.0
2015-07-17 13:00:00,63rd Street Beach,1437138000.0,21.1,,0.102,4.0,63rdStreetBeach201507171300,0,21.1,3.66,0.102,4.0
2015-07-17 14:00:00,63rd Street Beach,1437141600.0,21.4,3.34,0.14,3.0,63rdStreetBeach201507171400,0,21.4,3.34,0.14,3.0
2015-07-17 15:00:00,63rd Street Beach,1437145200.0,21.3,2.93,0.119,3.0,63rdStreetBeach201507171500,0,21.3,2.93,0.119,3.0
2015-07-17 16:00:00,63rd Street Beach,1437148800.0,21.5,,0.117,10.0,63rdStreetBeach201507171600,0,21.5,3.58,0.117,10.0
2015-07-17 17:00:00,63rd Street Beach,1437152400.0,21.3,2.93,0.116,3.0,63rdStreetBeach201507171700,0,21.3,2.93,0.116,3.0
2015-07-17 18:00:00,63rd Street Beach,1437156000.0,21.2,2.73,0.126,,63rdStreetBeach201507171800,0,21.2,2.73,0.126,4.0
2015-07-17 19:00:00,63rd Street Beach,1437159600.0,21.3,2.48,0.159,,63rdStreetBeach201507171900,0,21.3,2.48,0.159,4.0
2015-07-17 20:00:00,63rd Street Beach,1437163200.0,21.2,2.36,0.119,6.0,63rdStreetBeach201507172000,0,21.2,2.36,0.119,6.0
2015-07-17 21:00:00,63rd Street Beach,1437166800.0,21.3,2.39,,3.0,63rdStreetBeach201507172100,0,21.3,2.39,0.132,3.0
2015-07-17 22:00:00,63rd Street Beach,1437170400.0,21.4,2.98,,4.0,63rdStreetBeach201507172200,0,21.4,2.98,0.119,4.0
2015-07-17 23:00:00,63rd Street Beach,1437174000.0,21.1,,0.102,5.0,63rdStreetBeach201507172300,0,21.1,2.41,0.102,5.0
2015-07-18 00:00:00,63rd Street Beach,1437177600.0,20.3,2.44,0.145,3.0,63rdStreetBeach201507182400,0,20.3,2.44,0.145,3.0
2015-07-18 01:00:00,63rd Street Beach,1437181200.0,19.9,2.4,0.114,3.0,63rdStreetBeach201507180100,0,19.9,2.4,0.114,3.0
2015-07-18 02:00:00,63rd Street Beach,1437184800.0,20.1,2.86,0.091,7.0,63rdStreetBeach201507180200,0,20.1,2.86,0.091,7.0
2015-07-18 03:00:00,63rd Street Beach,1437188400.0,20.4,2.49,,6.0,63rdStreetBeach201507180300,0,20.4,2.49,0.086,6.0
2015-07-18 04:00:00,63rd Street Beach,1437192000.0,20.3,2.07,0.09,6.0,63rdStreetBeach201507180400,0,20.3,2.07,0.09,6.0
2015-07-18 05:00:00,63rd Street Beach,1437195600.0,20.0,1.74,0.082,4.0,63rdStreetBeach201507180500,0,20.0,1.74,0.082,4.0
2015-07-18 06:00:00,63rd Street Beach,1437199200.0,,1.74,0.081,4.0,63rdStreetBeach201507180600,0,19.9,1.74,0.081,4.0
2015-07-18 07:00:00,63rd Street Beach,1437202800.0,19.7,1.88,0.093,4.0,63rdStreetBeach201507180700,0,19.7,1.88,0.093,4.0
2015-07-18 08:00:00,63rd Street Beach,1437206400.0,19.7,1.59,0.082,7.0,63rdStreetBeach201507180800,0,19.7,1.59,0.082,7.0
2015-07-18 09:00:00,63rd Street Beach,1437210000.0,19.7,1.47,0.086,6.0,63rdStreetBeach201507180900,0,19.7,1.47,0.086,6.0
2015-07-18 10:00:00,63rd Street Beach,1437213600.0,,1.4,0.12,5.0,63rdStreetBeach201507181000,0,20.0,1.4,0.12,5.0
2015-07-18 11:00:00,63rd Street Beach,1437217200.0,19.8,1.49,0.186,2.0,63rdStreetBeach201507181100,0,19.8,1.49,0.186,2.0
2015-07-18 12:00:00,63rd Street Beach,1437220800.0,20.3,,0.237,3.0,63rdStreetBeach201507181200,0,20.3,2.44,0.237,3.0
2015-07-18 13:00:00,63rd Street Beach,,,,,,,1,,,,
2015-07-18 14:00:00,63rd Street Beach,1437228000.0,20.6,2.19,0.214,3.0,63rdStreetBeach201507181400,0,20.6,2.19,0.214,3.0
2015-07-18 15:00:00,63rd Street Beach,1437231600.0,20.7,2.0,0.198,4.0,63rdStreetBeach201507181500,0,20.7,2.0,0.198,4.0
2015-07-18 16:00:00,63rd Street Beach,,,,,,,1,,,,
2015-07-18 17:00:00,63rd Street Beach,1437238800.0,21.2,2.79,0.158,3.0,63rdStreetBeach201507181700,0,21.2,2.79,0.158,3.0
2015-07-18 18:00:00,63rd Street Beach,1437242400.0,20.6,3.03,0.241,3.0,63rdStreetBeach201507181800,0,20.6,3.03,0.241,3.0
2015-07-18 19:00:00,63rd Street Beach,,,,,,,1,,,,
2015-07-18 20:00:00,63rd Street Beach,1437249600.0,21.2,,0.203,3.0,63rdStreetBeach201507182000,0,21.2,6.68,0.203,3.0
2015-07-18 21:00:00,63rd Street Beach,1437253200.0,20.9,4.57,,,63rdStreetBeach201507182100,0,20.9,4.57,0.182,3.0
2015-07-18 22:00:00,63rd Street Beach,1437256800.0,20.7,4.64,0.176,,63rdStreetBeach201507182200,0,20.7,4.64,0.176,3.0
2015-07-18 23:00:00,63rd Street Beach,1437260400.0,20.5,4.12,0.187,4.0,63rdStreetBeach201507182300,0,20.5,4.12,0.187,4.0
2015-07-19 00:00:00,63rd Street Beach,1437264000.0,20.3,3.31,0.158,4.0,63rdStreetBeach201507192400,0,20.3,3.31,0.158,4.0
2015-07-19 01:00:00,63rd Street Beach,,,,,,,1,,,,
2015-07-19 02:00:00,63rd Street Beach,,,,,,,1,,,,
2015-07-19 03:00:00,63rd Street Beach,1437274800.0,20.1,2.35,0.137,6.0,63rdStreetBeach201507190300,0,20.1,2.35,0.137,6.0
2015-07-19 04:00:00,63rd Street Beach,1437278400.0,20.1,2.39,0.119,,63rdStreetBeach201507190400,0,20.1,2.39,0.119,4.0
2015-07-19 05:00:00,63rd Street Beach,1437282000.0,20.0,1.87,0.116,4.0,63rdStreetBeach201507190500,0,20.0,1.87,0.116,4.0
2015-07-19 06:00:00,63rd Street Beach,1437285600.0,20.0,1.49,0.105,4.0,63rdStreetBeach201507190600,0,20.0,1.49,0.105,4.0
2015-07-19 07:00:00,63rd Street Beach,1437289200.0,20.1,1.83,0.098,4.0,63rdStreetBeach201507190700,0,20.1,1.83,0.098,4.0
2015-07-19 08:00:00,63rd Street Beach,1437292800.0,20.2,1.83,0.096,6.0,63rdStreetBeach201507190800,0,20.2,1.83,0.096,6.0
2015-07-19 09:00:00,63rd Street Beach,1437296400.0,20.5,1.39,0.094,3.0,63rdStreetBeach201507190900,0,20.5,1.39,0.094,3.0
2015-07-19 10:00:00,63rd Street Beach,1437300000.0,20.6,1.43,,4.0,63rdStreetBeach201507191000,0,20.6,1.43,0.105,4.0
2015-07-19 11:00:00,63rd Street Beach,1437303600.0,,1.22,0.109,3.0,63rdStreetBeach201507191100,0,20.9,1.22,0.109,3.0
2015-07-19 12:00:00,63rd Street Beach,1437307200.0,21.7,,,3.0,63rdStreetBeach201507191200,0,21.7,2.12,0.165,3.0
2015-07-19 13:00:00,63rd Street Beach,1437310800.0,22.2,2.27,0.151,3.0,63rdStreetBeach201507191300,0,22.2,2.27,0.151,3.0
2015-07-19 14:00:00,63rd Street Beach,1437314400.0,22.0,2.31,0.14,4.0,63rdStreetBeach201507191400,0,22.0,2.31,0.14,4.0
2015-07-19 15:00:00,63rd Street Beach,1437318000.0,,1.43,,3.0,63rdStreetBeach201507191500,0,23.3,1.43,0.156,3.0
2015-07-19 16:00:00,63rd Street Beach,,,,,,,1,,,,
2015-07-19 17:00:00,63rd Street Beach,1437325200.0,22.4,1.59,,3.0,63rdStreetBeach201507191700,0,22.4,1.59,0.146,3.0
2015-07-19 18:00:00,63rd Street Beach,1437328800.0,22.3,,0.16,3.0,63rdStreetBeach201507191800,0,22.3,1.4,0.16,3.0
2015-07-19 19:00:00,63rd Street Beach,1437332400.0,22.4,1.46,0.152,7.0,63rdStreetBeach201507191900,0,22.4,1.46,0.152,7.0
2015-07-19 20:00:00,63rd Street Beach,1437336000.0,22.2,1.98,,6.0,63rdStreetBeach201507192000,0,22.2,1.98,0.15,6.0
2015-07-19 21:00:00,63rd Street Beach,1437339600.0,22.4,2.62,0.159,3.0,63rdStreetBeach201507192100,0,22.4,2.62,0.159,3.0
2015-07-19 22:00:00,63rd Street Beach,1437343200.0,22.3,2.91,0.126,5.0,63rdStreetBeach201507192200,0,22.3,2.91,0.126,5.0
2015-07-19 23:00:00,63rd Street Beach,1437346800.0,22.1,1.68,0.118,4.0,63rdStreetBeach201507192300,0,22.1,1.68,0.118,4.0
2015-07-20 00:00:00,63rd Street Beach,1437350400.0,22.0,1.85,0.107,8.0,63rdStreetBeach201507202400,0,22.0,1.85,0.107,8.0
2015-07-20 01:00:00,63rd Street Beach,,,,,,,1,,,,
2015-07-20 02:00:00,63rd Street Beach,,,,,,,1,,,,
2015-07-20 03:00:00,63rd Street Beach,,,,,,,1,,,,
2015-07-20 04:00:00,63rd Street Beach,,,,,,,1,,,,
2015-07-20 05:00:00,63rd Street Beach,,,,,,,1,,,,
2015-07-20 06:00:00,63rd Street Beach,,,,,,,1,,,,
2015-07-20 07:00:00,63rd Street Beach,,,,,,,1,,,,
2015-07-20 08:00:00,63rd Street Beach,1437379200.0,21.2,1.15,0.08,7.0,63rdStreetBeach201507200800,0,21.2,1.15,0.08,7.0
2015-07-20 09:00:00,63rd Street Beach,1437382800.0,21.3,1.23,0.078,,63rdStreetBeach201507200900,0,21.3,1.23,0.078,6.0
2015-07-20 10:00:00,63rd Street Beach,1437386400.0,21.5,1.23,0.074,5.0,63rdStreetBeach201507201000,0,21.5,1.23,0.074,5.0
2015-07-20 11:00:00,63rd Street Beach,1437390000.0,21.5,1.24,0.074,5.0,63rdStreetBeach201507201100,0,21.5,1.24,0.074,5.0
2015-07-20 12:00:00,63rd Street Beach,1437393600.0,21.4,1.12,,2.0,63rdStreetBeach201507201200,0,21.4,1.12,0.117,2.0
2015-07-20 13:00:00,63rd Street Beach,1437397200.0,,1.21,,,63rdStreetBeach201507201300,0,21.9,1.21,0.076,5.0
2015-07-20 14:00:00,63rd Street Beach,1437400800.0,,1.93,0.087,4.0,63rdStreetBeach201507201400,0,22.1,1.93,0.087,4.0
2015-07-20 15:00:00,63rd Street Beach,1437404400.0,,1.25,0.081,4.0,63rdStreetBeach201507201500,0,22.0,1.25,0.081,4.0
2015-07-20 16:00:00,63rd Street Beach,1437408000.0,21.7,1.19,0.079,10.0,63rdStreetBeach201507201600,0,21.7,1.19,0.079,10.0
2015-07-20 17:00:00,63rd Street Beach,,,,,,,1,,,,
2015-07-20 18:00:00,63rd Street Beach,1437415200.0,20.6,1.04,0.102,3.0,63rdStreetBeach201507201800,0,20.6,1.04,0.102,3.0
2015-07-20 19:00:00,63rd Street Beach,1437418800.0,20.9,0.93,,4.0,63rdStreetBeach201507201900,0,20.9,0.93,0.086,4.0
2015-07-20 20:00:00,63rd Street Beach,1437422400.0,,0.87,0.104,,63rdStreetBeach201507202000,0,20.9,0.87,0.104,3.0
2015-07-20 21:00:00,63rd Street Beach,1437426000.0,20.7,1.08,,5.0,63rdStreetBeach201507202100,0,20.7,1.08,0.084,5.0
2015-07-20 22:00:00,63rd Street Beach,1437429600.0,20.7,,0.086,5.0,63rdStreetBeach201507202200,0,20.7,1.14,0.086,5.0
2015-07-20 23:00:00,63rd Street Beach,1437433200.0,20.7,1.1,0.082,4.0,63rdStreetBeach201507202300,0,20.7,1.1,0.082,4.0
2015-07-21 00:00:00,63rd Street Beach,1437436800.0,,0.91,0.088,8.0,63rdStreetBeach201507212400,0,20.6,0.91,0.088,8.0
2015-07-21 01:00:00,63rd Street Beach,1437440400.0,20.5,,0.114,3.0,63rdStreetBeach201507210100,0,20.5,0.86,0.114,3.0
2015-07-21 02:00:00,63rd Street Beach,1437444000.0,,1.12,0.179,4.0,63rdStreetBeach201507210200,0,20.4,1.12,0.179,4.0
2015-07-21 03:00:00,63rd Street Beach,1437447600.0,20.3,1.6,0.228,,63rdStreetBeach201507210300,0,20.3,1.6,0.228,3.0
2015-07-21 04:00:00,63rd Street Beach,1437451200.0,,2.65,0.294,3.0,63rdStreetBeach201507210400,0,20.0,2.65,0.294,3.0
2015-07-21 05:00:00,63rd Street Beach,,,,,,,1,,,,
2015-07-21 06:00:00,63rd Street Beach,,,,,,,1,,,,
2015-07-21 07:00:00,63rd Street Beach,1437462000.0,,2.43,0.304,3.0,63rdStreetBeach201507210700,0,20.3,2.43,0.304,3.0
2015-07-21 08:00:00,63rd Street Beach,,,,,,,1,,,,
2015-07-21 09:00:00,63rd Street Beach,1437469200.0,20.5,2.43,0.313,4.0,63rdStreetBeach201507210900,0,20.5,2.43,0.313,4.0
2015-07-21 10:00:00,63rd Street Beach,1437472800.0,20.5,,,4.0,63rdStreetBeach201507211000,0,20.5,2.18,0.285,4.0
2015-07-21 11:00:00,63rd Street Beach,1437476400.0,20.8,2.38,0.272,4.0,63rdStreetBeach201507211100,0,20.8,2.38,0.272,4.0
2015-07-21 12:00:00,63rd Street Beach,1437480000.0,21.1,2.43,0.254,4.0,63rdStreetBeach201507211200,0,21.1,2.43,0.254,4.0
2015-07-21 13:00:00,63rd Street Beach,,,,,,,1,,,,
2015-07-21 14:00:00,63rd Street Beach,1437487200.0,21.8,2.53,0.217,4.0,63rdStreetBeach201507211400,0,21.8,2.53,0.217,4.0
2015-07-21 15:00:00,63rd Street Beach,1437490800.0,,4.4,0.224,,63rdStreetBeach201507211500,0,23.1,4.4,0.224,3.0
2015-07-21 16:00:00,63rd Street Beach,1437494400.0,23.0,,0.211,3.0,63rdStreetBeach201507211600,0,23.0,3.25,0.211,3.0
2015-07-21 17:00:00,63rd Street Beach,1437498000.0,22.7,,0.192,3.0,63rdStreetBeach201507211700,0,22.7,2.59,0.192,3.0
2015-07-21 18:00:00,63rd Street Beach,1437501600.0,22.4,2.17,,3.0,63rdStreetBeach201507211800,0,22.4,2.17,0.179,3.0
2015-07-21 19:00:00,63rd Street Beach,1437505200.0,,,0.174,,63rdStreetBeach201507211900,0,22.1,2.05,0.174,3.0
2015-07-21 20:00:00,63rd Street Beach,1437508800.0,21.7,1.66,0.16,3.0,63rdStreetBeach201507212000,0,21.7,1.66,0.16,3.0
2015-07-21 21:00:00,63rd Street Beach,1437512400.0,21.6,1.54,0.153,3.0,63rdStreetBeach201507212100,0,21.6,1.54,0.153,3.0
2015-07-21 22:00:00,63rd Street Beach,1437516000.0,21.4,1.41,0.136,3.0,63rdStreetBeach201507212200,0,21.4,1.41,0.136,3.0
2015-07-21 23:00:00,63rd Street Beach,1437519600.0,21.3,1.28,0.132,3.0,63rdStreetBeach201507212300,0,21.3,1.28,0.132,3.0
2015-07-22 00:00:00,63rd Street Beach,1437523200.0,21.3,1.28,0.113,3.0,63rdStreetBeach201507222400,0,21.3,1.28,0.113,3.0
2015-07-22 01:00:00,63rd Street Beach,1437526800.0,21.2,1.32,0.108,3.0,63rdStreetBeach201507220100,0,21.2,1.32,0.108,3.0
2015-07-22 02:00:00,63rd Street Beach,1437530400.0,22.1,,0.113,3.0,63rdStreetBeach201507220200,0,22.1,2.9,0.113,3.0
2015-07-22 03:00:00,63rd Street Beach,1437534000.0,,2.19,0.121,6.0,63rdStreetBeach201507220300,0,21.8,2.19,0.121,6.0
2015-07-22 04:00:00,63rd Street Beach,1437537600.0,21.5,1.66,0.125,4.0,63rdStreetBeach201507220400,0,21.5,1.66,0.125,4.0
2015-07-22 05:00:00,63rd Street Beach,1437541200.0,21.3,,0.123,,63rdStreetBeach201507220500,0,21.3,1.45,0.123,3.0
2015-07-22 06:00:00,63rd Street Beach,1437544800.0,21.2,1.34,,3.0,63rdStreetBeach201507220600,0,21.2,1.34,0.121,3.0
2015-07-22 07:00:00,63rd Street Beach,1437548400.0,21.2,,,3.0,63rdStreetBeach201507220700,0,21.2,1.32,0.12,3.0
2015-07-22 08:00:00,63rd Street Beach,1437552000.0,21.3,,0.124,3.0,63rdStreetBeach201507220800,0,21.3,1.21,0.124,3.0
2015-07-22 09:00:00,63rd Street Beach,1437555600.0,21.4,1.12,0.122,4.0,63rdStreetBeach201507220900,0,21.4,1.12,0.122,4.0
2015-07-22 10:00:00,63rd Street Beach,1437559200.0,21.6,1.07,0.114,4.0,63rdStreetBeach201507221000,0,21.6,1.07,0.114,4.0
2015-07-22 11:00:00,63rd Street Beach,1437562800.0,22.0,0.99,0.114,4.0,63rdStreetBeach201507221100,0,22.0,0.99,0.114,4.0
2015-07-22 12:00:00,63rd Street Beach,1437566400.0,22.0,0.98,0.126,4.0,63rdStreetBeach201507221200,0,22.0,0.98,0.126,4.0
2015-07-22 13:00:00,63rd Street Beach,1437570000.0,22.3,,0.113,,63rdStreetBeach201507221300,0,22.3,0.99,0.113,4.0
2015-07-22 14:00:00,63rd Street Beach,1437573600.0,22.5,1.08,,4.0,63rdStreetBeach201507221400,0,22.5,1.08,0.128,4.0
2015-07-22 15:00:00,63rd Street Beach,1437577200.0,22.9,1.2,0.107,4.0,63rdStreetBeach201507221500,0,22.9,1.2,0.107,4.0
2015-07-22 16:00:00,63rd Street Beach,1437580800.0,22.8,0.98,0.116,4.0,63rdStreetBeach201507221600,0,22.8,0.98,0.116,4.0
2015-07-22 17:00:00,63rd Street Beach,1437584400.0,22.8,0.95,0.151,4.0,63rdStreetBeach201507221700,0,22.8,0.95,0.151,4.0
2015-07-22 18:00:00,63rd Street Beach,1437588000.0,22.9,0.94,0.115,4.0,63rdStreetBeach201507221800,0,22.9,0.94,0.115,4.0
2015-07-22 19:00:00,63rd Street Beach,1437591600.0,22.8,0.91,0.117,7.0,63rdStreetBeach201507221900,0,22.8,0.91,0.117,7.0
2015-07-22 20:00:00,63rd Street Beach,1437595200.0,22.6,0.86,0.127,6.0,63rdStreetBeach201507222000,0,22.6,0.86,0.127,6.0
2015-07-22 21:00:00,63rd Street Beach,1437598800.0,22.5,0.88,0.114,4.0,63rdStreetBeach201507222100,0,22.5,0.88,0.114,4.0
2015-07-22 22:00:00,63rd Street Beach,1437602400.0,22.2,,0.107,4.0,63rdStreetBeach201507222200,0,22.2,0.87,0.107,4.0
2015-07-22 23:00:00,63rd Street Beach,1437606000.0,22.1,,0.117,4.0,63rdStreetBeach201507222300,0,22.1,0.94,0.117,4.0
2015-07-23 00:00:00,63rd Street Beach,1437609600.0,22.1,0.98,0.095,4.0,63rdStreetBeach201507232400,0,22.1,0.98,0.095,4.0
2015-07-23 01:00:00,63rd Street Beach,1437613200.0,22.0,0.99,0.123,4.0,63rdStreetBeach201507230100,0,22.0,0.99,0.123,4.0
2015-07-23 02:00:00,63rd Street Beach,1437616800.0,,0.96,0.082,6.0,63rdStreetBeach201507230200,0,22.0,0.96,0.082,6.0
2015-07-23 03:00:00,63rd Street Beach,1437620400.0,21.9,1.02,0.085,6.0,63rdStreetBeach201507230300,0,21.9,1.02,0.085,6.0
2015-07-23 04:00:00,63rd Street Beach,1437624000.0,21.9,1.16,0.084,5.0,63rdStreetBeach201507230400,0,21.9,1.16,0.084,5.0
2015-07-23 05:00:00,63rd Street Beach,1437627600.0,,1.13,0.078,4.0,63rdStreetBeach201507230500,0,21.8,1.13,0.078,4.0
2015-07-23 06:00:00,63rd Street Beach,1437631200.0,21.8,1.07,0.07,,63rdStreetBeach201507230600,0,21.8,1.07,0.07,10.0
2015-07-23 07:00:00,63rd Street Beach,1437634800.0,21.7,1.0,0.075,3.0,63rdStreetBeach201507230700,0,21.7,1.0,0.075,3.0
2015-07-23 08:00:00,63rd Street Beach,1437638400.0,21.8,0.89,0.075,7.0,63rdStreetBeach201507230800,0,21.8,0.89,0.075,7.0
2015-07-23 09:00:00,63rd Street Beach,1437642000.0,21.9,0.89,0.071,4.0,63rdStreetBeach201507230900,0,21.9,0.89,0.071,4.0
2015-07-23 10:00:00,63rd Street Beach,1437645600.0,22.3,0.83,,5.0,63rdStreetBeach201507231000,0,22.3,0.83,0.091,5.0
2015-07-23 11:00:00,63rd Street Beach,1437649200.0,22.4,0.82,0.09,,63rdStreetBeach201507231100,0,22.4,0.82,0.09,4.0
2015-07-23 12:00:00,63rd Street Beach,1437652800.0,22.8,0.81,0.116,2.0,63rdStreetBeach201507231200,0,22.8,0.81,0.116,2.0
2015-07-23 13:00:00,63rd Street Beach,1437656400.0,23.2,0.81,,7.0,63rdStreetBeach201507231300,0,23.2,0.81,0.099,7.0
2015-07-23 14:00:00,63rd Street Beach,1437660000.0,23.5,0.76,0.132,3.0,63rdStreetBeach201507231400,0,23.5,0.76,0.132,3.0
2015-07-23 15:00:00,63rd Street Beach,1437663600.0,24.0,0.72,0.112,3.0,63rdStreetBeach201507231500,0,24.0,0.72,0.112,3.0
2015-07-23 16:00:00,63rd Street Beach,1437667200.0,,0.7,0.138,,63rdStreetBeach201507231600,0,24.2,0.7,0.138,2.0
2015-07-23 17:00:00,63rd Street Beach,1437670800.0,24.3,0.67,0.134,2.0,63rdStreetBeach201507231700,0,24.3,0.67,0.134,2.0
2015-07-23 18:00:00,63rd Street Beach,1437674400.0,24.0,0.67,,2.0,63rdStreetBeach201507231800,0,24.0,0.67,0.125,2.0
2015-07-23 19:00:00,63rd Street Beach,1437678000.0,23.8,0.62,0.117,2.0,63rdStreetBeach201507231900,0,23.8,0.62,0.117,2.0
2015-07-23 20:00:00,63rd Street Beach,1437681600.0,23.6,0.63,0.128,6.0,63rdStreetBeach201507232000,0,23.6,0.63,0.128,6.0
2015-07-23 21:00:00,63rd Street Beach,1437685200.0,23.7,0.79,0.114,2.0,63rdStreetBeach201507232100,0,23.7,0.79,0.114,2.0
2015-07-23 22:00:00,63rd Street Beach,1437688800.0,,0.95,0.113,4.0,63rdStreetBeach201507232200,0,23.5,0.95,0.113,4.0
2015-07-23 23:00:00,63rd Street Beach,1437692400.0,23.2,0.94,0.096,4.0,63rdStreetBeach201507232300,0,23.2,0.94,0.096,4.0
2015-07-24 00:00:00,63rd Street Beach,1437696000.0,23.0,0.84,0.096,9.0,63rdStreetBeach201507242400,0,23.0,0.84,0.096,9.0
2015-07-24 01:00:00,63rd Street Beach,1437699600.0,22.8,0.73,0.094,8.0,63rdStreetBeach201507240100,0,22.8,0.73,0.094,8.0
2015-07-24 02:00:00,63rd Street Beach,1437703200.0,,0.71,0.08,7.0,63rdStreetBeach201507240200,0,22.9,0.71,0.08,7.0
2015-07-24 03:00:00,63rd Street Beach,1437706800.0,22.9,0.8,0.07,6.0,63rdStreetBeach201507240300,0,22.9,0.8,0.07,6.0
2015-07-24 04:00:00,63rd Street Beach,1437710400.0,22.7,0.99,0.07,5.0,63rdStreetBeach201507240400,0,22.7,0.99,0.07,5.0
2015-07-24 05:00:00,63rd Street Beach,1437714000.0,22.4,0.87,0.085,5.0,63rdStreetBeach201507240500,0,22.4,0.87,0.085,5.0
2015-07-24 06:00:00,63rd Street Beach,1437717600.0,22.3,0.77,,4.0,63rdStreetBeach201507240600,0,22.3,0.77,0.081,4.0
2015-07-24 07:00:00,63rd Street Beach,1437721200.0,22.2,0.77,0.068,7.0,63rdStreetBeach201507240700,0,22.2,0.77,0.068,7.0
2015-07-24 08:00:00,63rd Street Beach,1437724800.0,22.3,0.67,0.077,6.0,63rdStreetBeach201507240800,0,22.3,0.67,0.077,6.0
2015-07-24 09:00:00,63rd Street Beach,1437728400.0,22.6,0.62,0.086,4.0,63rdStreetBeach201507240900,0,22.6,0.62,0.086,4.0
2015-07-24 10:00:00,63rd Street Beach,1437732000.0,22.8,,0.087,,63rdStreetBeach201507241000,0,22.8,0.71,0.087,4.0
2015-07-24 11:00:00,63rd Street Beach,1437735600.0,,0.86,,5.0,63rdStreetBeach201507241100,0,22.9,0.86,0.073,5.0
2015-07-24 12:00:00,63rd Street Beach,1437739200.0,22.6,0.87,0.098,,63rdStreetBeach201507241200,0,22.6,0.87,0.098,4.0
2015-07-24 13:00:00,63rd Street Beach,1437742800.0,22.4,0.81,0.11,3.0,63rdStreetBeach201507241300,0,22.4,0.81,0.11,3.0
2015-07-24 14:00:00,63rd Street Beach,1437746400.0,22.3,0.74,0.099,,63rdStreetBeach201507241400,0,22.3,0.74,0.099,4.0
2015-07-24 15:00:00,63rd Street Beach,1437750000.0,21.9,0.81,,4.0,63rdStreetBeach201507241500,0,21.9,0.81,0.132,4.0
2015-07-24 16:00:00,63rd Street Beach,1437753600.0,21.7,0.84,0.115,4.0,63rdStreetBeach201507241600,0,21.7,0.84,0.115,4.0
2015-07-24 17:00:00,63rd Street Beach,1437757200.0,21.4,,0.097,,63rdStreetBeach201507241700,0,21.4,0.91,0.097,9.0
2015-07-24 18:00:00,63rd Street Beach,1437760800.0,21.0,0.99,0.103,6.0,63rdStreetBeach201507241800,0,21.0,0.99,0.103,6.0
2015-07-24 19:00:00,63rd Street Beach,1437764400.0,20.6,1.2,0.114,4.0,63rdStreetBeach201507241900,0,20.6,1.2,0.114,4.0
2015-07-24 20:00:00,63rd Street Beach,1437768000.0,20.6,1.01,0.103,7.0,63rdStreetBeach201507242000,0,20.6,1.01,0.103,7.0
2015-07-24 21:00:00,63rd Street Beach,1437771600.0,20.6,1.01,0.114,4.0,63rdStreetBeach201507242100,0,20.6,1.01,0.114,4.0
2015-07-24 22:00:00,63rd Street Beach,1437775200.0,20.6,1.07,0.106,,63rdStreetBeach201507242200,0,20.6,1.07,0.106,5.0
2015-07-24 23:00:00,63rd Street Beach,1437778800.0,20.4,1.48,0.123,3.0,63rdStreetBeach201507242300,0,20.4,1.48,0.123,3.0
2015-07-25 00:00:00,63rd Street Beach,1437782400.0,20.3,1.61,0.084,4.0,63rdStreetBeach201507252400,0,20.3,1.61,0.084,4.0
2015-07-25 01:00:00,63rd Street Beach,1437786000.0,,0.9,0.074,5.0,63rdStreetBeach201507250100,0,20.2,0.9,0.074,5.0
2015-07-25 02:00:00,63rd Street Beach,1437789600.0,20.1,,0.078,,63rdStreetBeach201507250200,0,20.1,0.91,0.078,6.0
2015-07-25 03:00:00,63rd Street Beach,1437793200.0,20.0,0.93,0.07,5.0,63rdStreetBeach201507250300,0,20.0,0.93,0.07,5.0
2015-07-25 04:00:00,63rd Street Beach,1437796800.0,19.8,0.99,0.077,5.0,63rdStreetBeach201507250400,0,19.8,0.99,0.077,5.0
2015-07-25 05:00:00,63rd Street Beach,1437800400.0,19.8,,0.071,5.0,63rdStreetBeach201507250500,0,19.8,0.85,0.071,5.0
2015-07-25 06:00:00,63rd Street Beach,1437804000.0,19.8,0.78,0.073,4.0,63rdStreetBeach201507250600,0,19.8,0.78,0.073,4.0
2015-07-25 07:00:00,63rd Street Beach,1437807600.0,,0.78,0.078,8.0,63rdStreetBeach201507250700,0,19.8,0.78,0.078,8.0
2015-07-25 08:00:00,63rd Street Beach,1437811200.0,19.7,0.76,0.071,,63rdStreetBeach201507250800,0,19.7,0.76,0.071,7.0
2015-07-25 09:00:00,63rd Street Beach,,,,,,,1,,,,
2015-07-25 10:00:00,63rd Street Beach,1437818400.0,20.0,0.64,0.1,,63rdStreetBeach201507251000,0,20.0,0.64,0.1,3.0
2015-07-25 11:00:00,63rd Street Beach,1437822000.0,20.4,,0.104,4.0,63rdStreetBeach201507251100,0,20.4,0.6,0.104,4.0
2015-07-25 12:00:00,63rd Street Beach,1437825600.0,,0.54,0.137,4.0,63rdStreetBeach201507251200,0,20.6,0.54,0.137,4.0
2015-07-25 13:00:00,63rd Street Beach,1437829200.0,21.3,0.43,0.123,4.0,63rdStreetBeach201507251300,0,21.3,0.43,0.123,4.0
2015-07-25 14:00:00,63rd Street Beach,1437832800.0,22.2,18.04,0.155,3.0,63rdStreetBeach201507251400,0,22.2,18.04,0.155,3.0
2015-07-25 15:00:00,63rd Street Beach,1437836400.0,21.9,0.47,0.174,3.0,63rdStreetBeach201507251500,0,21.9,0.47,0.174,3.0
2015-07-25 16:00:00,63rd Street Beach,1437840000.0,21.7,,0.136,3.0,63rdStreetBeach201507251600,0,21.7,0.41,0.136,3.0
2015-07-25 17:00:00,63rd Street Beach,1437843600.0,22.6,0.74,0.156,,63rdStreetBeach201507251700,0,22.6,0.74,0.156,3.0
2015-07-25 18:00:00,63rd Street Beach,1437847200.0,23.2,1.24,0.203,3.0,63rdStreetBeach201507251800,0,23.2,1.24,0.203,3.0
2015-07-25 19:00:00,63rd Street Beach,1437850800.0,22.7,0.49,0.208,,63rdStreetBeach201507251900,0,22.7,0.49,0.208,2.0
2015-07-25 20:00:00,63rd Street Beach,1437854400.0,22.6,,0.193,3.0,63rdStreetBeach201507252000,0,22.6,1.06,0.193,3.0
2015-07-25 21:00:00,63rd Street Beach,1437858000.0,23.0,1.57,0.192,,63rdStreetBeach201507252100,0,23.0,1.57,0.192,3.0
2015-07-25 22:00:00,63rd Street Beach,1437861600.0,21.9,0.63,0.182,3.0,63rdStreetBeach201507252200,0,21.9,0.63,0.182,3.0
2015-07-25 23:00:00,63rd Street Beach,1437865200.0,,0.66,0.196,3.0,63rdStreetBeach201507252300,0,21.8,0.66,0.196,3.0
2015-07-26 00:00:00,63rd Street Beach,1437868800.0,21.9,0.61,0.171,3.0,63rdStreetBeach201507262400,0,21.9,0.61,0.171,3.0
2015-07-26 01:00:00,63rd Street Beach,,,,,,,1,,,,
2015-07-26 02:00:00,63rd Street Beach,,,,,,,1,,,,
2015-07-26 03:00:00,63rd Street Beach,1437879600.0,22.0,0.55,,6.0,63rdStreetBeach201507260300,0,22.0,0.55,0.136,6.0
2015-07-26 04:00:00,63rd Street Beach,1437883200.0,22.0,0.53,0.136,3.0,63rdStreetBeach201507260400,0,22.0,0.53,0.136,3.0
2015-07-26 05:00:00,63rd Street Beach,1437886800.0,22.0,0.51,,2.0,63rdStreetBeach201507260500,0,22.0,0.51,0.129,2.0
2015-07-26 06:00:00,63rd Street Beach,1437890400.0,21.9,0.51,0.134,3.0,63rdStreetBeach201507260600,0,21.9,0.51,0.134,3.0
2015-07-26 07:00:00,63rd Street Beach,1437894000.0,21.9,,0.137,3.0,63rdStreetBeach201507260700,0,21.9,0.49,0.137,3.0
2015-07-26 08:00:00,63rd Street Beach,1437897600.0,22.0,0.49,0.147,2.0,63rdStreetBeach201507260800,0,22.0,0.49,0.147,2.0
2015-07-26 09:00:00,63rd Street Beach,1437901200.0,22.2,0.46,0.17,4.0,63rdStreetBeach201507260900,0,22.2,0.46,0.17,4.0
2015-07-26 10:00:00,63rd Street Beach,1437904800.0,22.8,0.42,0.138,4.0,63rdStreetBeach201507261000,0,22.8,0.42,0.138,4.0
2015-07-26 11:00:00,63rd Street Beach,1437908400.0,,,0.147,3.0,63rdStreetBeach201507261100,0,22.9,0.43,0.147,3.0
2015-07-26 12:00:00,63rd Street Beach,1437912000.0,22.8,0.77,0.19,3.0,63rdStreetBeach201507261200,0,22.8,0.77,0.19,3.0
2015-07-26 13:00:00,63rd Street Beach,1437915600.0,22.9,0.74,0.158,4.0,63rdStreetBeach201507261300,0,22.9,0.74,0.158,4.0
2015-07-26 14:00:00,63rd Street Beach,1437919200.0,23.0,0.63,,3.0,63rdStreetBeach201507261400,0,23.0,0.63,0.157,3.0
2015-07-26 15:00:00,63rd Street Beach,1437922800.0,23.1,,,3.0,63rdStreetBeach201507261500,0,23.1,1.34,0.197,3.0
2015-07-26 16:00:00,63rd Street Beach,1437926400.0,23.2,,,3.0,63rdStreetBeach201507261600,0,23.2,1.08,0.212,3.0
2015-07-26 17:00:00,63rd Street Beach,1437930000.0,23.2,,0.198,3.0,63rdStreetBeach201507261700,0,23.2,0.6,0.198,3.0
2015-07-26 18:00:00,63rd Street Beach,1437933600.0,23.2,0.56,0.187,2.0,63rdStreetBeach201507261800,0,23.2,0.56,0.187,2.0
2015-07-26 19:00:00,63rd Street Beach,1437937200.0,,0.59,0.173,3.0,63rdStreetBeach201507261900,0,23.1,0.59,0.173,3.0
2015-07-26 20:00:00,63rd Street Beach,1437940800.0,,0.56,0.165,,63rdStreetBeach201507262000,0,23.1,0.56,0.165,3.0
2015-07-26 21:00:00,63rd Street Beach,1437944400.0,23.1,0.55,0.16,2.0,63rdStreetBeach201507262100,0,23.1,0.55,0.16,2.0
2015-07-26 22:00:00,63rd Street Beach,1437948000.0,23.0,0.55,0.184,2.0,63rdStreetBeach201507262200,0,23.0,0.55,0.184,2.0
2015-07-26 23:00:00,63rd Street Beach,1437951600.0,23.1,,0.188,2.0,63rdStreetBeach201507262300,0,23.1,0.58,0.188,2.0
2015-07-27 00:00:00,63rd Street Beach,1437955200.0,23.1,0.73,0.263,,63rdStreetBeach201507272400,0,23.1,0.73,0.263,4.0
2015-07-27 01:00:00,63rd Street Beach,1437958800.0,23.1,1.26,,3.0,63rdStreetBeach201507270100,0,23.1,1.26,0.237,3.0
2015-07-27 02:00:00,63rd Street Beach,1437962400.0,23.0,5.39,0.213,3.0,63rdStreetBeach201507270200,0,23.0,5.39,0.213,3.0
2015-07-27 03:00:00,63rd Street Beach,1437966000.0,22.9,1.51,0.197,3.0,63rdStreetBeach201507270300,0,22.9,1.51,0.197,3.0
2015-07-27 04:00:00,63rd Street Beach,1437969600.0,22.9,1.87,0.19,3.0,63rdStreetBeach201507270400,0,22.9,1.87,0.19,3.0
2015-07-27 05:00:00,63rd Street Beach,,,,,,,1,,,,
2015-07-27 06:00:00,63rd Street Beach,1437976800.0,22.8,2.48,0.174,3.0,63rdStreetBeach201507270600,0,22.8,2.48,0.174,3.0
2015-07-27 07:00:00,63rd Street Beach,1437980400.0,22.8,2.45,,3.0,63rdStreetBeach201507270700,0,22.8,2.45,0.167,3.0
2015-07-27 08:00:00,63rd Street Beach,1437984000.0,22.9,2.39,0.161,3.0,63rdStreetBeach201507270800,0,22.9,2.39,0.161,3.0
2015-07-27 09:00:00,63rd Street Beach,1437987600.0,23.0,,0.169,3.0,63rdStreetBeach201507270900,0,23.0,2.87,0.169,3.0
2015-07-27 10:00:00,63rd Street Beach,1437991200.0,23.2,,0.2,3.0,63rdStreetBeach201507271000,0,23.2,0.66,0.2,3.0
2015-07-27 11:00:00,63rd Street Beach,1437994800.0,23.5,,0.182,3.0,63rdStreetBeach201507271100,0,23.5,0.4,0.182,3.0
2015-07-27 12:00:00,63rd Street Beach,1437998400.0,23.8,0.4,,3.0,63rdStreetBeach201507271200,0,23.8,0.4,0.184,3.0
2015-07-27 13:00:00,63rd Street Beach,1438002000.0,24.2,0.39,0.175,3.0,63rdStreetBeach201507271300,0,24.2,0.39,0.175,3.0
2015-07-27 14:00:00,63rd Street Beach,1438005600.0,24.5,0.47,0.196,3.0,63rdStreetBeach201507271400,0,24.5,0.47,0.196,3.0
2015-07-27 15:00:00,63rd Street Beach,1438009200.0,24.9,0.41,,3.0,63rdStreetBeach201507271500,0,24.9,0.41,0.183,3.0
2015-07-27 16:00:00,63rd Street Beach,1438012800.0,,0.53,0.213,,63rdStreetBeach201507271600,0,25.3,0.53,0.213,2.0
2015-07-27 17:00:00,63rd Street Beach,1438016400.0,,1.64,0.211,,63rdStreetBeach201507271700,0,25.6,1.64,0.211,3.0
2015-07-27 18:00:00,63rd Street Beach,,,,,,,1,,,,
2015-07-27 19:00:00,63rd Street Beach,,,,,,,1,,,,
2015-07-27 20:00:00,63rd Street Beach,1438027200.0,26.0,2.91,0.212,3.0,63rdStreetBeach201507272000,0,26.0,2.91,0.212,3.0
2015-07-27 21:00:00,63rd Street Beach,,,,,,,1,,,,
2015-07-27 22:00:00,63rd Street Beach,1438034400.0,,,0.214,3.0,63rdStreetBeach201507272200,0,26.1,4.03,0.214,3.0
2015-07-27 23:00:00,63rd Street Beach,1438038000.0,25.8,,0.214,3.0,63rdStreetBeach201507272300,0,25.8,2.55,0.214,3.0
2015-07-28 00:00:00,63rd Street Beach,1438041600.0,24.6,0.96,,3.0,63rdStreetBeach201507282400,0,24.6,0.96,0.215,3.0
2015-07-28 01:00:00,63rd Street Beach,1438045200.0,24.2,0.77,,,63rdStreetBeach201507280100,0,24.2,0.77,0.232,3.0
2015-07-28 02:00:00,63rd Street Beach,1438048800.0,24.1,0.73,0.224,,63rdStreetBeach201507280200,0,24.1,0.73,0.224,3.0
2015-07-28 03:00:00,63rd Street Beach,1438052400.0,24.0,0.8,0.218,3.0,63rdStreetBeach201507280300,0,24.0,0.8,0.218,3.0
2015-07-28 04:00:00,63rd Street Beach,1438056000.0,23.9,,0.196,3.0,63rdStreetBeach201507280400,0,23.9,0.67,0.196,3.0
2015-07-28 05:00:00,63rd Street Beach,1438059600.0,23.8,,0.202,3.0,63rdStreetBeach201507280500,0,23.8,0.84,0.202,3.0
2015-07-28 06:00:00,63rd Street Beach,1438063200.0,23.7,0.69,0.172,3.0,63rdStreetBeach201507280600,0,23.7,0.69,0.172,3.0
2015-07-28 07:00:00,63rd Street Beach,1438066800.0,23.6,0.54,,3.0,63rdStreetBeach201507280700,0,23.6,0.54,0.164,3.0
2015-07-28 08:00:00,63rd Street Beach,1438070400.0,23.6,0.51,0.151,3.0,63rdStreetBeach201507280800,0,23.6,0.51,0.151,3.0
2015-07-28 09:00:00,63rd Street Beach,1438074000.0,,0.47,0.139,,63rdStreetBeach201507280900,0,23.8,0.47,0.139,3.0
2015-07-28 10:00:00,63rd Street Beach,1438077600.0,24.0,0.43,,3.0,63rdStreetBeach201507281000,0,24.0,0.43,0.138,3.0
2015-07-28 11:00:00,63rd Street Beach,1438081200.0,24.3,0.34,0.134,3.0,63rdStreetBeach201507281100,0,24.3,0.34,0.134,3.0
2015-07-28 12:00:00,63rd Street Beach,1438084800.0,24.5,,0.134,2.0,63rdStreetBeach201507281200,0,24.5,0.29,0.134,2.0
2015-07-28 13:00:00,63rd Street Beach,1438088400.0,24.7,0.25,0.152,,63rdStreetBeach201507281300,0,24.7,0.25,0.152,2.0
2015-07-28 14:00:00,63rd Street Beach,1438092000.0,,0.21,0.165,2.0,63rdStreetBeach201507281400,0,25.0,0.21,0.165,2.0
2015-07-28 15:00:00,63rd Street Beach,1438095600.0,25.2,,,3.0,63rdStreetBeach201507281500,0,25.2,0.33,0.169,3.0
2015-07-28 16:00:00,63rd Street Beach,1438099200.0,,0.31,0.177,2.0,63rdStreetBeach201507281600,0,25.2,0.31,0.177,2.0
2015-07-28 17:00:00,63rd Street Beach,1438102800.0,25.1,0.28,0.208,3.0,63rdStreetBeach201507281700,0,25.1,0.28,0.208,3.0
2015-07-28 18:00:00,63rd Street Beach,1438106400.0,25.1,0.31,,3.0,63rdStreetBeach201507281800,0,25.1,0.31,0.188,3.0
2015-07-28 19:00:00,63rd Street Beach,1438110000.0,25.3,,0.179,3.0,63rdStreetBeach201507281900,0,25.3,0.49,0.179,3.0
2015-07-28 20:00:00,63rd Street Beach,1438113600.0,25.1,0.46,,3.0,63rdStreetBeach201507282000,0,25.1,0.46,0.149,3.0
2015-07-28 21:00:00,63rd Street Beach,1438117200.0,25.0,0.41,0.145,3.0,63rdStreetBeach201507282100,0,25.0,0.41,0.145,3.0
2015-07-28 22:00:00,63rd Street Beach,1438120800.0,25.0,1.22,0.124,5.0,63rdStreetBeach201507282200,0,25.0,1.22,0.124,5.0
2015-07-28 23:00:00,63rd Street Beach,1438124400.0,24.9,1.16,,3.0,63rdStreetBeach201507282300,0,24.9,1.16,0.128,3.0
2015-07-29 00:00:00,63rd Street Beach,1438128000.0,24.8,0.94,0.114,5.0,63rdStreetBeach201507292400,0,24.8,0.94,0.114,5.0
2015-07-29 01:00:00,63rd Street Beach,1438131600.0,24.8,0.76,,7.0,63rdStreetBeach201507290100,0,24.8,0.76,0.1,7.0
2015-07-29 02:00:00,63rd Street Beach,1438135200.0,,0.64,0.095,2.0,63rdStreetBeach201507290200,0,24.7,0.64,0.095,2.0
2015-07-29 03:00:00,63rd Street Beach,1438138800.0,24.5,,0.085,,63rdStreetBeach201507290300,0,24.5,0.69,0.085,6.0
2015-07-29 04:00:00,63rd Street Beach,1438142400.0,24.3,,0.081,6.0,63rdStreetBeach201507290400,0,24.3,0.62,0.081,6.0
2015-07-29 05:00:00,63rd Street Beach,1438146000.0,23.2,,,5.0,63rdStreetBeach201507290500,0,23.2,0.59,0.072,5.0
2015-07-29 06:00:00,63rd Street Beach,1438149600.0,22.1,0.72,0.064,5.0,63rdStreetBeach201507290600,0,22.1,0.72,0.064,5.0
2015-07-29 07:00:00,63rd Street Beach,1438153200.0,21.5,0.78,0.07,8.0,63rdStreetBeach201507290700,0,21.5,0.78,0.07,8.0
2015-07-29 08:00:00,63rd Street Beach,1438156800.0,20.7,,0.065,7.0,63rdStreetBeach201507290800,0,20.7,0.76,0.065,7.0
2015-07-29 09:00:00,63rd Street Beach,,,,,,,1,,,,
2015-07-29 10:00:00,63rd Street Beach,,,,,,,1,,,,
2015-07-29 11:00:00,63rd Street Beach,,,,,,,1,,,,
2015-07-29 12:00:00,63rd Street Beach,,,,,,,1,,,,
2015-07-29 13:00:00,63rd Street Beach,,,,,,,1,,,,
2015-07-29 14:00:00,63rd Street Beach,,,,,,,1,,,,
2015-07-29 15:00:00,63rd Street Beach,1438182000.0,24.8,0.27,,2.0,63rdStreetBeach201507291500,0,24.8,0.27,0.162,2.0
2015-07-29 16:00:00,63rd Street Beach,,,,,,,1,,,,
2015-07-29 17:00:00,63rd Street Beach,,,,,,,1,,,,
2015-07-29 18:00:00,63rd Street Beach,,,,,,,1,,,,
2015-07-29 19:00:00,63rd Street Beach,,,,,,,1,,,,
2015-07-29 20:00:00,63rd Street Beach,,,,,,,1,,,,
2015-07-29 21:00:00,63rd Street Beach,,,,,,,1,,,,
2015-07-29 22:00:00,63rd Street Beach,1438207200.0,24.3,0.25,,,63rdStreetBeach201507292200,0,24.3,0.25,0.124,4.0
2015-07-29 23:00:00,63rd Street Beach,,,,,,,1,,,,
2015-07-30 00:00:00,63rd Street Beach,,,,,,,1,,,,
2015-07-30 01:00:00,63rd Street Beach,,,,,,,1,,,,
2015-07-30 02:00:00,63rd Street Beach,,,,,,,1,,,,
2015-07-30 03:00:00,63rd Street Beach,,,,,,,1,,,,
2015-07-30 04:00:00,63rd Street Beach,,,,,,,1,,,,
2015-07-30 05:00:00,63rd Street Beach,,,,,,,1,,,,
2015-07-30 06:00:00,63rd Street Beach,,,,,,,1,,,,
2015-07-30 07:00:00,63rd Street Beach,,,,,,,1,,,,
2015-07-30 08:00:00,63rd Street Beach,,,,,,,1,,,,
2015-07-30 09:00:00,63rd Street Beach,,,,,,,1,,,,
2015-07-30 10:00:00,63rd Street Beach,,,,,,,1,,,,
2015-07-30 11:00:00,63rd Street Beach,,,,,,,1,,,,
2015-07-30 12:00:00,63rd Street Beach,,,,,,,1,,,,
2015-07-30 13:00:00,63rd Street Beach,,,,,,,1,,,,
2015-07-30 14:00:00,63rd Street Beach,,,,,,,1,,,,
2015-07-30 15:00:00,63rd Street Beach,,,,,,,1,,,,
2015-07-30 16:00:00,63rd Street Beach,,,,,,,1,,,,
2015-07-30 17:00:00,63rd Street Beach,,,,,,,1,,,,
2015-07-30 18:00:00,63rd Street Beach,,,,,,,1,,,,
2015-07-30 19:00:00,63rd Street Beach,,,,,,,1,,,,
2015-07-30 20:00:00,63rd Street Beach,,,,,,,1,,,,
2015-07-30 21:00:00,63rd Street Beach,1438290000.0,24.0,0.24,0.131,5.0,63rdStreetBeach201507302100,0,24.0,0.24,0.131,5.0
2015-07-30 22:00:00,63rd Street Beach,1438293600.0,23.8,0.25,0.119,3.0,63rdStreetBeach201507302200,0,23.8,0.25,0.119,3.0
2015-07-30 23:00:00,63rd Street Beach,1438297200.0,23.8,0.26,0.12,3.0,63rdStreetBeach201507302300,0,23.8,0.26,0.12,3.0
2015-07-31 00:00:00,63rd Street Beach,,,,,,,1,,,,
2015-07-31 01:00:00,63rd Street Beach,1438304400.0,23.4,0.28,0.115,3.0,63rdStreetBeach201507310100,0,23.4,0.28,0.115,3.0
2015-07-31 02:00:00,63rd Street Beach,1438308000.0,,0.3,0.115,3.0,63rdStreetBeach201507310200,0,23.2,0.3,0.115,3.0
2015-07-31 03:00:00,63rd Street Beach,1438311600.0,,0.31,0.135,,63rdStreetBeach201507310300,0,23.0,0.31,0.135,4.0
2015-07-31 04:00:00,63rd Street Beach,1438315200.0,22.9,0.3,,3.0,63rdStreetBeach201507310400,0,22.9,0.3,0.131,3.0
2015-07-31 05:00:00,63rd Street Beach,,,,,,,1,,,,
2015-07-31 06:00:00,63rd Street Beach,1438322400.0,22.7,,,,63rdStreetBeach201507310600,0,22.7,0.32,0.108,4.0
2015-07-31 07:00:00,63rd Street Beach,1438326000.0,,0.33,0.094,3.0,63rdStreetBeach201507310700,0,22.7,0.33,0.094,3.0
2015-07-31 08:00:00,63rd Street Beach,1438329600.0,22.7,0.32,0.094,4.0,63rdStreetBeach201507310800,0,22.7,0.32,0.094,4.0
2015-07-31 09:00:00,63rd Street Beach,,,,,,,1,,,,
2015-07-31 10:00:00,63rd Street Beach,1438336800.0,22.9,0.31,0.096,6.0,63rdStreetBeach201507311000,0,22.9,0.31,0.096,6.0
2015-07-31 11:00:00,63rd Street Beach,1438340400.0,23.2,,0.104,3.0,63rdStreetBeach201507311100,0,23.2,0.28,0.104,3.0
2015-07-31 12:00:00,63rd Street Beach,1438344000.0,23.4,0.27,0.157,2.0,63rdStreetBeach201507311200,0,23.4,0.27,0.157,2.0
2015-07-31 13:00:00,63rd Street Beach,1438347600.0,23.5,0.27,0.143,3.0,63rdStreetBeach201507311300,0,23.5,0.27,0.143,3.0
2015-07-31 14:00:00,63rd Street Beach,1438351200.0,23.5,0.31,,3.0,63rdStreetBeach201507311400,0,23.5,0.31,0.183,3.0
2015-07-31 15:00:00,63rd Street Beach,1438354800.0,23.5,,0.205,3.0,63rdStreetBeach201507311500,0,23.5,0.33,0.205,3.0
2015-07-31 16:00:00,63rd Street Beach,,,,,,,1,,,,
2015-07-31 17:00:00,63rd Street Beach,1438362000.0,23.3,0.37,0.195,4.0,63rdStreetBeach201507311700,0,23.3,0.37,0.195,4.0
2015-07-31 18:00:00,63rd Street Beach,1438365600.0,23.2,0.45,0.212,4.0,63rdStreetBeach201507311800,0,23.2,0.45,0.212,4.0
2015-07-31 19:00:00,63rd Street Beach,,,,,,,1,,,,
2015-07-31 20:00:00,63rd Street Beach,,,,,,,1,,,,
2015-07-31 21:00:00,63rd Street Beach,,,,,,,1,,,,
2015-07-31 22:00:00,63rd Street Beach,1438380000.0,22.7,0.52,0.18,3.0,63rdStreetBeach201507312200,0,22.7,0.52,0.18,3.0
2015-07-31 23:00:00,63rd Street Beach,1438383600.0,22.6,0.54,,4.0,63rdStreetBeach201507312300,0,22.6,0.54,0.159,4.0
2015-08-01 00:00:00,63rd Street Beach,,,,,,,1,,,,
2015-08-01 01:00:00,63rd Street Beach,1438390800.0,22.4,0.48,,3.0,63rdStreetBeach201508010100,0,22.4,0.48,0.131,3.0
2015-08-01 02:00:00,63rd Street Beach,1438394400.0,22.5,,0.131,4.0,63rdStreetBeach201508010200,0,22.5,0.43,0.131,4.0
2015-08-01 03:00:00,63rd Street Beach,1438398000.0,22.5,0.47,0.125,6.0,63rdStreetBeach201508010300,0,22.5,0.47,0.125,6.0
2015-08-01 04:00:00,63rd Street Beach,1438401600.0,22.4,0.45,0.126,4.0,63rdStreetBeach201508010400,0,22.4,0.45,0.126,4.0
2015-08-01 05:00:00,63rd Street Beach,1438405200.0,22.3,0.52,0.139,4.0,63rdStreetBeach201508010500,0,22.3,0.52,0.139,4.0
2015-08-01 06:00:00,63rd Street Beach,1438408800.0,22.2,0.48,0.147,,63rdStreetBeach201508010600,0,22.2,0.48,0.147,5.0
2015-08-01 07:00:00,63rd Street Beach,,,,,,,1,,,,
2015-08-01 08:00:00,63rd Street Beach,1438416000.0,22.2,0.54,0.173,4.0,63rdStreetBeach201508010800,0,22.2,0.54,0.173,4.0
2015-08-01 09:00:00,63rd Street Beach,1438419600.0,22.2,0.54,0.168,4.0,63rdStreetBeach201508010900,0,22.2,0.54,0.168,4.0
2015-08-01 10:00:00,63rd Street Beach,1438423200.0,22.5,0.58,,3.0,63rdStreetBeach201508011000,0,22.5,0.58,0.169,3.0
2015-08-01 11:00:00,63rd Street Beach,1438426800.0,22.9,0.55,0.169,3.0,63rdStreetBeach201508011100,0,22.9,0.55,0.169,3.0
2015-08-01 12:00:00,63rd Street Beach,1438430400.0,23.0,,0.169,3.0,63rdStreetBeach201508011200,0,23.0,0.44,0.169,3.0
2015-08-01 13:00:00,63rd Street Beach,1438434000.0,23.2,0.36,0.171,3.0,63rdStreetBeach201508011300,0,23.2,0.36,0.171,3.0
2015-08-01 14:00:00,63rd Street Beach,1438437600.0,23.5,0.35,,4.0,63rdStreetBeach201508011400,0,23.5,0.35,0.161,4.0
2015-08-01 15:00:00,63rd Street Beach,1438441200.0,,,,3.0,63rdStreetBeach201508011500,0,23.7,0.32,0.164,3.0
2015-08-01 16:00:00,63rd Street Beach,,,,,,,1,,,,
2015-08-01 17:00:00,63rd Street Beach,1438448400.0,,0.36,0.145,5.0,63rdStreetBeach201508011700,0,23.7,0.36,0.145,5.0
2015-08-01 18:00:00,63rd Street Beach,,,,,,,1,,,,
2015-08-01 19:00:00,63rd Street Beach,1438455600.0,23.5,,0.129,4.0,63rdStreetBeach201508011900,0,23.5,0.44,0.129,4.0
2015-08-01 20:00:00,63rd Street Beach,1438459200.0,23.3,0.48,0.121,4.0,63rdStreetBeach201508012000,0,23.3,0.48,0.121,4.0
2015-08-01 21:00:00,63rd Street Beach,1438462800.0,,0.51,0.108,6.0,63rdStreetBeach201508012100,0,23.2,0.51,0.108,6.0
2015-08-01 22:00:00,63rd Street Beach,1438466400.0,23.0,,0.112,,63rdStreetBeach201508012200,0,23.0,0.49,0.112,4.0
2015-08-01 23:00:00,63rd Street Beach,1438470000.0,22.9,0.49,0.119,4.0,63rdStreetBeach201508012300,0,22.9,0.49,0.119,4.0
2015-08-02 00:00:00,63rd Street Beach,1438473600.0,22.8,0.46,0.108,,63rdStreetBeach201508022400,0,22.8,0.46,0.108,3.0
2015-08-02 01:00:00,63rd Street Beach,,,,,,,1,,,,
2015-08-02 02:00:00,63rd Street Beach,1438480800.0,22.6,0.51,,5.0,63rdStreetBeach201508020200,0,22.6,0.51,0.104,5.0
2015-08-02 03:00:00,63rd Street Beach,1438484400.0,22.5,,0.089,4.0,63rdStreetBeach201508020300,0,22.5,0.49,0.089,4.0
2015-08-02 04:00:00,63rd Street Beach,1438488000.0,22.4,0.5,0.086,4.0,63rdStreetBeach201508020400,0,22.4,0.5,0.086,4.0
2015-08-02 05:00:00,63rd Street Beach,1438491600.0,22.4,0.49,0.079,9.0,63rdStreetBeach201508020500,0,22.4,0.49,0.079,9.0
2015-08-02 06:00:00,63rd Street Beach,1438495200.0,22.3,0.47,0.074,,63rdStreetBeach201508020600,0,22.3,0.47,0.074,5.0
2015-08-02 07:00:00,63rd Street Beach,1438498800.0,,0.47,0.069,,63rdStreetBeach201508020700,0,22.3,0.47,0.069,4.0
2015-08-02 08:00:00,63rd Street Beach,1438502400.0,22.3,0.45,0.084,3.0,63rdStreetBeach201508020800,0,22.3,0.45,0.084,3.0
2015-08-02 09:00:00,63rd Street Beach,1438506000.0,22.4,0.45,0.074,6.0,63rdStreetBeach201508020900,0,22.4,0.45,0.074,6.0
2015-08-02 10:00:00,63rd Street Beach,1438509600.0,22.7,0.42,,7.0,63rdStreetBeach201508021000,0,22.7,0.42,0.077,7.0
2015-08-02 11:00:00,63rd Street Beach,1438513200.0,23.0,0.41,0.096,7.0,63rdStreetBeach201508021100,0,23.0,0.41,0.096,7.0
2015-08-02 12:00:00,63rd Street Beach,1438516800.0,23.4,0.4,,8.0,63rdStreetBeach201508021200,0,23.4,0.4,0.082,8.0
2015-08-02 13:00:00,63rd Street Beach,1438520400.0,23.6,0.39,0.091,4.0,63rdStreetBeach201508021300,0,23.6,0.39,0.091,4.0
2015-08-02 14:00:00,63rd Street Beach,1438524000.0,23.7,0.38,0.09,5.0,63rdStreetBeach201508021400,0,23.7,0.38,0.09,5.0
2015-08-02 15:00:00,63rd Street Beach,1438527600.0,23.9,0.38,0.101,3.0,63rdStreetBeach201508021500,0,23.9,0.38,0.101,3.0
2015-08-02 16:00:00,63rd Street Beach,1438531200.0,24.0,,0.098,4.0,63rdStreetBeach201508021600,0,24.0,0.37,0.098,4.0
2015-08-02 17:00:00,63rd Street Beach,1438534800.0,24.1,0.41,0.089,4.0,63rdStreetBeach201508021700,0,24.1,0.41,0.089,4.0
2015-08-02 18:00:00,63rd Street Beach,1438538400.0,24.1,0.38,0.095,9.0,63rdStreetBeach201508021800,0,24.1,0.38,0.095,9.0
2015-08-02 19:00:00,63rd Street Beach,,,,,,,1,,,,
2015-08-02 20:00:00,63rd Street Beach,1438545600.0,,0.4,0.109,,63rdStreetBeach201508022000,0,23.9,0.4,0.109,4.0
2015-08-02 21:00:00,63rd Street Beach,1438549200.0,23.6,0.42,0.092,,63rdStreetBeach201508022100,0,23.6,0.42,0.092,5.0
2015-08-02 22:00:00,63rd Street Beach,1438552800.0,23.5,0.4,0.098,10.0,63rdStreetBeach201508022200,0,23.5,0.4,0.098,10.0
2015-08-02 23:00:00,63rd Street Beach,1438556400.0,23.3,0.43,0.187,2.0,63rdStreetBeach201508022300,0,23.3,0.43,0.187,2.0
2015-08-03 00:00:00,63rd Street Beach,1438560000.0,23.0,0.89,0.266,,63rdStreetBeach201508032400,0,23.0,0.89,0.266,4.0
2015-08-03 01:00:00,63rd Street Beach,1438563600.0,23.0,1.17,,4.0,63rdStreetBeach201508030100,0,23.0,1.17,0.223,4.0
2015-08-03 02:00:00,63rd Street Beach,1438567200.0,,1.3,,5.0,63rdStreetBeach201508030200,0,22.9,1.3,0.229,5.0
2015-08-03 03:00:00,63rd Street Beach,1438570800.0,22.9,1.05,0.239,4.0,63rdStreetBeach201508030300,0,22.9,1.05,0.239,4.0
2015-08-03 04:00:00,63rd Street Beach,1438574400.0,22.8,1.15,0.247,4.0,63rdStreetBeach201508030400,0,22.8,1.15,0.247,4.0
2015-08-03 05:00:00,63rd Street Beach,,,,,,,1,,,,
2015-08-03 06:00:00,63rd Street Beach,1438581600.0,22.9,,0.194,4.0,63rdStreetBeach201508030600,0,22.9,1.26,0.194,4.0
2015-08-03 07:00:00,63rd Street Beach,,,,,,,1,,,,
2015-08-03 08:00:00,63rd Street Beach,1438588800.0,22.9,1.02,0.181,4.0,63rdStreetBeach201508030800,0,22.9,1.02,0.181,4.0
2015-08-03 09:00:00,63rd Street Beach,1438592400.0,,0.89,0.196,,63rdStreetBeach201508030900,0,23.1,0.89,0.196,4.0
2015-08-03 10:00:00,63rd Street Beach,,,,,,,1,,,,
2015-08-03 11:00:00,63rd Street Beach,1438599600.0,,1.33,0.279,5.0,63rdStreetBeach201508031100,0,23.4,1.33,0.279,5.0
2015-08-03 12:00:00,63rd Street Beach,,,,,,,1,,,,
2015-08-03 13:00:00,63rd Street Beach,,,,,,,1,,,,
2015-08-03 14:00:00,63rd Street Beach,1438610400.0,24.3,1.52,0.238,4.0,63rdStreetBeach201508031400,0,24.3,1.52,0.238,4.0
2015-08-03 15:00:00,63rd Street Beach,1438614000.0,,2.31,,4.0,63rdStreetBeach201508031500,0,25.1,2.31,0.226,4.0
2015-08-03 16:00:00,63rd Street Beach,1438617600.0,25.2,2.84,0.208,4.0,63rdStreetBeach201508031600,0,25.2,2.84,0.208,4.0
2015-08-03 17:00:00,63rd Street Beach,1438621200.0,25.3,3.09,0.204,,63rdStreetBeach201508031700,0,25.3,3.09,0.204,3.0
2015-08-03 18:00:00,63rd Street Beach,1438624800.0,25.0,2.35,0.2,,63rdStreetBeach201508031800,0,25.0,2.35,0.2,4.0
2015-08-03 19:00:00,63rd Street Beach,1438628400.0,24.1,,,4.0,63rdStreetBeach201508031900,0,24.1,1.39,0.195,4.0
2015-08-03 20:00:00,63rd Street Beach,1438632000.0,24.2,1.51,0.197,4.0,63rdStreetBeach201508032000,0,24.2,1.51,0.197,4.0
2015-08-03 21:00:00,63rd Street Beach,1438635600.0,24.1,,0.19,4.0,63rdStreetBeach201508032100,0,24.1,1.51,0.19,4.0
2015-08-03 22:00:00,63rd Street Beach,,,,,,,1,,,,
2015-08-03 23:00:00,63rd Street Beach,1438642800.0,23.7,1.29,0.168,4.0,63rdStreetBeach201508032300,0,23.7,1.29,0.168,4.0
2015-08-04 00:00:00,63rd Street Beach,1438646400.0,,1.25,0.151,4.0,63rdStreetBeach201508042400,0,23.6,1.25,0.151,4.0
2015-08-04 01:00:00,63rd Street Beach,1438650000.0,23.5,1.3,0.147,4.0,63rdStreetBeach201508040100,0,23.5,1.3,0.147,4.0
2015-08-04 02:00:00,63rd Street Beach,1438653600.0,23.4,1.08,0.146,4.0,63rdStreetBeach201508040200,0,23.4,1.08,0.146,4.0
2015-08-04 03:00:00,63rd Street Beach,1438657200.0,23.2,1.02,0.136,4.0,63rdStreetBeach201508040300,0,23.2,1.02,0.136,4.0
2015-08-04 04:00:00,63rd Street Beach,,,,,,,1,,,,
2015-08-04 05:00:00,63rd Street Beach,,,,,,,1,,,,
2015-08-04 06:00:00,63rd Street Beach,1438668000.0,22.8,0.91,0.142,4.0,63rdStreetBeach201508040600,0,22.8,0.91,0.142,4.0
2015-08-04 07:00:00,63rd Street Beach,1438671600.0,22.7,0.89,0.146,,63rdStreetBeach201508040700,0,22.7,0.89,0.146,4.0
2015-08-04 08:00:00,63rd Street Beach,1438675200.0,22.7,0.86,0.148,3.0,63rdStreetBeach201508040800,0,22.7,0.86,0.148,3.0
2015-08-04 09:00:00,63rd Street Beach,,,,,,,1,,,,
2015-08-04 10:00:00,63rd Street Beach,,,,,,,1,,,,
2015-08-04 11:00:00,63rd Street Beach,,,,,,,1,,,,
2015-08-04 12:00:00,63rd Street Beach,1438689600.0,23.4,0.75,,3.0,63rdStreetBeach201508041200,0,23.4,0.75,0.132,3.0
2015-08-04 13:00:00,63rd Street Beach,,,,,,,1,,,,
2015-08-04 14:00:00,63rd Street Beach,,,,,,,1,,,,
2015-08-04 15:00:00,63rd Street Beach,1438700400.0,24.0,0.53,0.123,3.0,63rdStreetBeach201508041500,0,24.0,0.53,0.123,3.0
2015-08-04 16:00:00,63rd Street Beach,1438704000.0,,0.54,,5.0,63rdStreetBeach201508041600,0,24.2,0.54,0.117,5.0
2015-08-04 17:00:00,63rd Street Beach,1438707600.0,24.3,,0.108,,63rdStreetBeach201508041700,0,24.3,0.52,0.108,5.0
2015-08-04 18:00:00,63rd Street Beach,1438711200.0,24.3,0.6,0.105,5.0,63rdStreetBeach201508041800,0,24.3,0.6,0.105,5.0
2015-08-04 19:00:00,63rd Street Beach,1438714800.0,,0.52,0.104,7.0,63rdStreetBeach201508041900,0,24.0,0.52,0.104,7.0
2015-08-04 20:00:00,63rd Street Beach,1438718400.0,23.8,0.54,,6.0,63rdStreetBeach201508042000,0,23.8,0.54,0.116,6.0
2015-08-04 21:00:00,63rd Street Beach,1438722000.0,23.7,,0.156,3.0,63rdStreetBeach201508042100,0,23.7,0.55,0.156,3.0
2015-08-04 22:00:00,63rd Street Beach,1438725600.0,23.5,0.56,0.167,3.0,63rdStreetBeach201508042200,0,23.5,0.56,0.167,3.0
2015-08-04 23:00:00,63rd Street Beach,1438729200.0,23.4,0.66,0.186,3.0,63rdStreetBeach201508042300,0,23.4,0.66,0.186,3.0
2015-08-05 00:00:00,63rd Street Beach,1438732800.0,23.1,,0.159,3.0,63rdStreetBeach201508052400,0,23.1,0.62,0.159,3.0
2015-08-05 01:00:00,63rd Street Beach,1438736400.0,,0.63,0.168,,63rdStreetBeach201508050100,0,22.8,0.63,0.168,3.0
2015-08-05 02:00:00,63rd Street Beach,1438740000.0,,0.61,0.145,3.0,63rdStreetBeach201508050200,0,22.8,0.61,0.145,3.0
2015-08-05 03:00:00,63rd Street Beach,1438743600.0,22.8,,,6.0,63rdStreetBeach201508050300,0,22.8,0.66,0.137,6.0
2015-08-05 04:00:00,63rd Street Beach,1438747200.0,22.7,,0.116,,63rdStreetBeach201508050400,0,22.7,1.13,0.116,3.0
2015-08-05 05:00:00,63rd Street Beach,1438750800.0,23.0,1.13,0.11,2.0,63rdStreetBeach201508050500,0,23.0,1.13,0.11,2.0
2015-08-05 06:00:00,63rd Street Beach,1438754400.0,,0.9,,2.0,63rdStreetBeach201508050600,0,23.1,0.9,0.097,2.0
2015-08-05 07:00:00,63rd Street Beach,1438758000.0,23.0,0.76,,3.0,63rdStreetBeach201508050700,0,23.0,0.76,0.089,3.0
2015-08-05 08:00:00,63rd Street Beach,1438761600.0,23.0,0.66,0.09,4.0,63rdStreetBeach201508050800,0,23.0,0.66,0.09,4.0
2015-08-05 09:00:00,63rd Street Beach,1438765200.0,23.2,0.57,0.126,,63rdStreetBeach201508050900,0,23.2,0.57,0.126,4.0
2015-08-05 10:00:00,63rd Street Beach,1438768800.0,23.5,0.54,,4.0,63rdStreetBeach201508051000,0,23.5,0.54,0.097,4.0
2015-08-05 11:00:00,63rd Street Beach,,,,,,,1,,,,
2015-08-05 12:00:00,63rd Street Beach,1438776000.0,23.8,0.53,0.107,5.0,63rdStreetBeach201508051200,0,23.8,0.53,0.107,5.0
2015-08-05 13:00:00,63rd Street Beach,1438779600.0,24.1,0.54,0.099,4.0,63rdStreetBeach201508051300,0,24.1,0.54,0.099,4.0
2015-08-05 14:00:00,63rd Street Beach,1438783200.0,24.2,0.52,0.131,4.0,63rdStreetBeach201508051400,0,24.2,0.52,0.131,4.0
2015-08-05 15:00:00,63rd Street Beach,1438786800.0,24.3,0.48,,,63rdStreetBeach201508051500,0,24.3,0.48,0.144,4.0
2015-08-05 16:00:00,63rd Street Beach,1438790400.0,24.3,0.49,,2.0,63rdStreetBeach201508051600,0,24.3,0.49,0.177,2.0
2015-08-05 17:00:00,63rd Street Beach,1438794000.0,24.5,0.58,0.202,2.0,63rdStreetBeach201508051700,0,24.5,0.58,0.202,2.0
2015-08-05 18:00:00,63rd Street Beach,,,,,,,1,,,,
2015-08-05 19:00:00,63rd Street Beach,,,,,,,1,,,,
2015-08-05 20:00:00,63rd Street Beach,,,,,,,1,,,,
2015-08-05 21:00:00,63rd Street Beach,1438808400.0,,,0.219,,63rdStreetBeach201508052100,0,23.8,0.73,0.219,3.0
2015-08-05 22:00:00,63rd Street Beach,1438812000.0,23.6,0.67,0.215,3.0,63rdStreetBeach201508052200,0,23.6,0.67,0.215,3.0
2015-08-05 23:00:00,63rd Street Beach,1438815600.0,,0.74,0.251,4.0,63rdStreetBeach201508052300,0,23.3,0.74,0.251,4.0
2015-08-06 00:00:00,63rd Street Beach,,,,,,,1,,,,
2015-08-06 01:00:00,63rd Street Beach,1438822800.0,23.3,0.85,0.254,4.0,63rdStreetBeach201508060100,0,23.3,0.85,0.254,4.0
2015-08-06 02:00:00,63rd Street Beach,1438826400.0,23.2,1.01,0.262,3.0,63rdStreetBeach201508060200,0,23.2,1.01,0.262,3.0
2015-08-06 03:00:00,63rd Street Beach,1438830000.0,23.1,1.23,0.248,4.0,63rdStreetBeach201508060300,0,23.1,1.23,0.248,4.0
2015-08-06 04:00:00,63rd Street Beach,1438833600.0,23.1,1.32,0.255,4.0,63rdStreetBeach201508060400,0,23.1,1.32,0.255,4.0
2015-08-06 05:00:00,63rd Street Beach,1438837200.0,23.1,1.32,0.272,4.0,63rdStreetBeach201508060500,0,23.1,1.32,0.272,4.0
2015-08-06 06:00:00,63rd Street Beach,,,,,,,1,,,,
2015-08-06 07:00:00,63rd Street Beach,1438844400.0,22.8,,0.244,5.0,63rdStreetBeach201508060700,0,22.8,1.98,0.244,5.0
2015-08-06 08:00:00,63rd Street Beach,1438848000.0,22.8,2.26,0.24,4.0,63rdStreetBeach201508060800,0,22.8,2.26,0.24,4.0
2015-08-06 09:00:00,63rd Street Beach,1438851600.0,22.9,3.17,0.206,4.0,63rdStreetBeach201508060900,0,22.9,3.17,0.206,4.0
2015-08-06 10:00:00,63rd Street Beach,,,,,,,1,,,,
2015-08-06 11:00:00,63rd Street Beach,,,,,,,1,,,,
2015-08-06 12:00:00,63rd Street Beach,1438862400.0,23.8,,0.218,4.0,63rdStreetBeach201508061200,0,23.8,1.17,0.218,4.0
2015-08-06 13:00:00,63rd Street Beach,1438866000.0,24.1,1.04,0.183,4.0,63rdStreetBeach201508061300,0,24.1,1.04,0.183,4.0
2015-08-06 14:00:00,63rd Street Beach,,,,,,,1,,,,
2015-08-06 15:00:00,63rd Street Beach,1438873200.0,24.8,1.73,0.22,4.0,63rdStreetBeach201508061500,0,24.8,1.73,0.22,4.0
2015-08-06 16:00:00,63rd Street Beach,1438876800.0,25.2,2.26,0.209,3.0,63rdStreetBeach201508061600,0,25.2,2.26,0.209,3.0
2015-08-06 17:00:00,63rd Street Beach,1438880400.0,25.3,2.31,0.198,3.0,63rdStreetBeach201508061700,0,25.3,2.31,0.198,3.0
2015-08-06 18:00:00,63rd Street Beach,1438884000.0,25.1,,0.21,4.0,63rdStreetBeach201508061800,0,25.1,1.54,0.21,4.0
2015-08-06 19:00:00,63rd Street Beach,1438887600.0,,1.4,0.214,,63rdStreetBeach201508061900,0,25.1,1.4,0.214,3.0
2015-08-06 20:00:00,63rd Street Beach,1438891200.0,25.0,1.41,0.225,,63rdStreetBeach201508062000,0,25.0,1.41,0.225,3.0
2015-08-06 21:00:00,63rd Street Beach,1438894800.0,,1.53,0.202,3.0,63rdStreetBeach201508062100,0,24.8,1.53,0.202,3.0
2015-08-06 22:00:00,63rd Street Beach,1438898400.0,,2.71,,3.0,63rdStreetBeach201508062200,0,24.8,2.71,0.213,3.0
2015-08-06 23:00:00,63rd Street Beach,1438902000.0,24.2,2.57,0.186,4.0,63rdStreetBeach201508062300,0,24.2,2.57,0.186,4.0
2015-08-07 00:00:00,63rd Street Beach,,,,,,,1,,,,
2015-08-07 01:00:00,63rd Street Beach,1438909200.0,24.2,1.33,0.196,3.0,63rdStreetBeach201508070100,0,24.2,1.33,0.196,3.0
2015-08-07 02:00:00,63rd Street Beach,1438912800.0,24.2,1.4,0.182,3.0,63rdStreetBeach201508070200,0,24.2,1.4,0.182,3.0
2015-08-07 03:00:00,63rd Street Beach,1438916400.0,24.1,1.41,0.158,3.0,63rdStreetBeach201508070300,0,24.1,1.41,0.158,3.0
2015-08-07 04:00:00,63rd Street Beach,1438920000.0,23.9,,0.142,4.0,63rdStreetBeach201508070400,0,23.9,1.6,0.142,4.0
2015-08-07 05:00:00,63rd Street Beach,1438923600.0,,1.51,0.127,4.0,63rdStreetBeach201508070500,0,23.8,1.51,0.127,4.0
2015-08-07 06:00:00,63rd Street Beach,1438927200.0,23.6,1.42,0.12,4.0,63rdStreetBeach201508070600,0,23.6,1.42,0.12,4.0
2015-08-07 07:00:00,63rd Street Beach,1438930800.0,23.6,,,3.0,63rdStreetBeach201508070700,0,23.6,1.4,0.109,3.0
2015-08-07 08:00:00,63rd Street Beach,1438934400.0,23.5,1.29,0.094,,63rdStreetBeach201508070800,0,23.5,1.29,0.094,3.0
2015-08-07 09:00:00,63rd Street Beach,1438938000.0,23.5,1.32,0.093,3.0,63rdStreetBeach201508070900,0,23.5,1.32,0.093,3.0
2015-08-07 10:00:00,63rd Street Beach,1438941600.0,23.7,1.58,0.095,6.0,63rdStreetBeach201508071000,0,23.7,1.58,0.095,6.0
2015-08-07 11:00:00,63rd Street Beach,1438945200.0,23.9,1.2,0.091,3.0,63rdStreetBeach201508071100,0,23.9,1.2,0.091,3.0
2015-08-07 12:00:00,63rd Street Beach,1438948800.0,24.0,0.74,0.095,3.0,63rdStreetBeach201508071200,0,24.0,0.74,0.095,3.0
2015-08-07 13:00:00,63rd Street Beach,1438952400.0,24.2,0.84,0.108,3.0,63rdStreetBeach201508071300,0,24.2,0.84,0.108,3.0
2015-08-07 14:00:00,63rd Street Beach,1438956000.0,24.4,0.84,0.118,3.0,63rdStreetBeach201508071400,0,24.4,0.84,0.118,3.0
2015-08-07 15:00:00,63rd Street Beach,1438959600.0,24.3,0.71,0.123,,63rdStreetBeach201508071500,0,24.3,0.71,0.123,3.0
2015-08-07 16:00:00,63rd Street Beach,1438963200.0,24.2,0.63,,3.0,63rdStreetBeach201508071600,0,24.2,0.63,0.135,3.0
2015-08-07 17:00:00,63rd Street Beach,1438966800.0,24.1,0.53,0.155,3.0,63rdStreetBeach201508071700,0,24.1,0.53,0.155,3.0
2015-08-07 18:00:00,63rd Street Beach,1438970400.0,24.0,0.56,0.158,,63rdStreetBeach201508071800,0,24.0,0.56,0.158,3.0
2015-08-07 19:00:00,63rd Street Beach,1438974000.0,24.0,0.55,,3.0,63rdStreetBeach201508071900,0,24.0,0.55,0.135,3.0
2015-08-07 20:00:00,63rd Street Beach,1438977600.0,24.0,0.59,0.12,3.0,63rdStreetBeach201508072000,0,24.0,0.59,0.12,3.0
2015-08-07 21:00:00,63rd Street Beach,1438981200.0,23.8,0.61,0.111,6.0,63rdStreetBeach201508072100,0,23.8,0.61,0.111,6.0
2015-08-07 22:00:00,63rd Street Beach,1438984800.0,23.6,0.56,0.097,3.0,63rdStreetBeach201508072200,0,23.6,0.56,0.097,3.0
2015-08-07 23:00:00,63rd Street Beach,1438988400.0,23.5,,0.094,3.0,63rdStreetBeach201508072300,0,23.5,0.61,0.094,3.0
2015-08-08 00:00:00,63rd Street Beach,1438992000.0,23.4,0.59,0.119,3.0,63rdStreetBeach201508082400,0,23.4,0.59,0.119,3.0
2015-08-08 01:00:00,63rd Street Beach,1438995600.0,23.1,,0.121,3.0,63rdStreetBeach201508080100,0,23.1,0.59,0.121,3.0
2015-08-08 02:00:00,63rd Street Beach,1438999200.0,22.9,0.73,0.117,3.0,63rdStreetBeach201508080200,0,22.9,0.73,0.117,3.0
2015-08-08 03:00:00,63rd Street Beach,1439002800.0,22.7,,0.109,3.0,63rdStreetBeach201508080300,0,22.7,0.75,0.109,3.0
2015-08-08 04:00:00,63rd Street Beach,1439006400.0,22.4,0.67,0.102,3.0,63rdStreetBeach201508080400,0,22.4,0.67,0.102,3.0
2015-08-08 05:00:00,63rd Street Beach,1439010000.0,22.3,0.68,0.095,5.0,63rdStreetBeach201508080500,0,22.3,0.68,0.095,5.0
2015-08-08 06:00:00,63rd Street Beach,1439013600.0,22.1,0.65,0.089,4.0,63rdStreetBeach201508080600,0,22.1,0.65,0.089,4.0
2015-08-08 07:00:00,63rd Street Beach,1439017200.0,22.0,0.72,0.084,4.0,63rdStreetBeach201508080700,0,22.0,0.72,0.084,4.0
2015-08-08 08:00:00,63rd Street Beach,1439020800.0,21.8,0.47,,7.0,63rdStreetBeach201508080800,0,21.8,0.47,0.088,7.0
2015-08-08 09:00:00,63rd Street Beach,1439024400.0,21.6,0.5,0.085,6.0,63rdStreetBeach201508080900,0,21.6,0.5,0.085,6.0
2015-08-08 10:00:00,63rd Street Beach,1439028000.0,,0.42,0.087,4.0,63rdStreetBeach201508081000,0,21.7,0.42,0.087,4.0
2015-08-08 11:00:00,63rd Street Beach,1439031600.0,22.0,0.28,0.135,2.0,63rdStreetBeach201508081100,0,22.0,0.28,0.135,2.0
2015-08-08 12:00:00,63rd Street Beach,1439035200.0,22.0,0.3,0.114,,63rdStreetBeach201508081200,0,22.0,0.3,0.114,6.0
2015-08-08 13:00:00,63rd Street Beach,,,,,,,1,,,,
2015-08-08 14:00:00,63rd Street Beach,1439042400.0,22.0,0.46,0.212,3.0,63rdStreetBeach201508081400,0,22.0,0.46,0.212,3.0
2015-08-08 15:00:00,63rd Street Beach,,,,,,,1,,,,
2015-08-08 16:00:00,63rd Street Beach,1439049600.0,22.1,0.84,0.219,,63rdStreetBeach201508081600,0,22.1,0.84,0.219,3.0
2015-08-08 17:00:00,63rd Street Beach,,,,,,,1,,,,
2015-08-08 18:00:00,63rd Street Beach,1439056800.0,22.4,1.12,0.206,3.0,63rdStreetBeach201508081800,0,22.4,1.12,0.206,3.0
2015-08-08 19:00:00,63rd Street Beach,1439060400.0,22.7,1.11,,3.0,63rdStreetBeach201508081900,0,22.7,1.11,0.191,3.0
2015-08-08 20:00:00,63rd Street Beach,,,,,,,1,,,,
2015-08-08 21:00:00,63rd Street Beach,1439067600.0,,1.52,0.175,4.0,63rdStreetBeach201508082100,0,22.9,1.52,0.175,4.0
2015-08-08 22:00:00,63rd Street Beach,,,,,,,1,,,,
2015-08-08 23:00:00,63rd Street Beach,1439074800.0,,1.68,0.156,3.0,63rdStreetBeach201508082300,0,22.8,1.68,0.156,3.0
2015-08-09 00:00:00,63rd Street Beach,1439078400.0,22.6,1.23,,4.0,63rdStreetBeach201508092400,0,22.6,1.23,0.152,4.0
2015-08-09 01:00:00,63rd Street Beach,,,,,,,1,,,,
2015-08-09 02:00:00,63rd Street Beach,1439085600.0,22.3,0.47,,4.0,63rdStreetBeach201508090200,0,22.3,0.47,0.143,4.0
2015-08-09 03:00:00,63rd Street Beach,1439089200.0,22.4,0.42,0.141,3.0,63rdStreetBeach201508090300,0,22.4,0.42,0.141,3.0
2015-08-09 04:00:00,63rd Street Beach,1439092800.0,22.4,0.37,0.135,3.0,63rdStreetBeach201508090400,0,22.4,0.37,0.135,3.0
2015-08-09 05:00:00,63rd Street Beach,,,,,,,1,,,,
2015-08-09 06:00:00,63rd Street Beach,1439100000.0,22.4,0.36,,4.0,63rdStreetBeach201508090600,0,22.4,0.36,0.125,4.0
2015-08-09 07:00:00,63rd Street Beach,1439103600.0,22.5,0.39,0.118,3.0,63rdStreetBeach201508090700,0,22.5,0.39,0.118,3.0
2015-08-09 08:00:00,63rd Street Beach,1439107200.0,22.5,0.42,0.116,3.0,63rdStreetBeach201508090800,0,22.5,0.42,0.116,3.0
2015-08-09 09:00:00,63rd Street Beach,1439110800.0,,,0.127,6.0,63rdStreetBeach201508090900,0,22.5,0.36,0.127,6.0
2015-08-09 10:00:00,63rd Street Beach,1439114400.0,,0.34,0.115,5.0,63rdStreetBeach201508091000,0,22.5,0.34,0.115,5.0
2015-08-09 11:00:00,63rd Street Beach,1439118000.0,,0.36,0.108,3.0,63rdStreetBeach201508091100,0,22.5,0.36,0.108,3.0
2015-08-09 12:00:00,63rd Street Beach,1439121600.0,22.4,0.63,,3.0,63rdStreetBeach201508091200,0,22.4,0.63,0.108,3.0
2015-08-09 13:00:00,63rd Street Beach,1439125200.0,22.6,0.57,0.109,3.0,63rdStreetBeach201508091300,0,22.6,0.57,0.109,3.0
2015-08-09 14:00:00,63rd Street Beach,1439128800.0,22.8,0.48,,3.0,63rdStreetBeach201508091400,0,22.8,0.48,0.126,3.0
2015-08-09 15:00:00,63rd Street Beach,1439132400.0,23.1,,0.112,3.0,63rdStreetBeach201508091500,0,23.1,0.41,0.112,3.0
2015-08-09 16:00:00,63rd Street Beach,1439136000.0,23.1,0.47,,4.0,63rdStreetBeach201508091600,0,23.1,0.47,0.115,4.0
2015-08-09 17:00:00,63rd Street Beach,1439139600.0,23.2,0.53,0.111,3.0,63rdStreetBeach201508091700,0,23.2,0.53,0.111,3.0
2015-08-09 18:00:00,63rd Street Beach,1439143200.0,23.2,,0.109,3.0,63rdStreetBeach201508091800,0,23.2,0.57,0.109,3.0
2015-08-09 19:00:00,63rd Street Beach,1439146800.0,23.0,0.47,0.1,4.0,63rdStreetBeach201508091900,0,23.0,0.47,0.1,4.0
2015-08-09 20:00:00,63rd Street Beach,1439150400.0,22.9,0.46,0.097,,63rdStreetBeach201508092000,0,22.9,0.46,0.097,6.0
2015-08-09 21:00:00,63rd Street Beach,1439154000.0,22.9,0.46,0.104,6.0,63rdStreetBeach201508092100,0,22.9,0.46,0.104,6.0
2015-08-09 22:00:00,63rd Street Beach,1439157600.0,22.9,0.42,0.093,7.0,63rdStreetBeach201508092200,0,22.9,0.42,0.093,7.0
2015-08-09 23:00:00,63rd Street Beach,1439161200.0,,0.42,0.079,5.0,63rdStreetBeach201508092300,0,22.8,0.42,0.079,5.0
2015-08-10 00:00:00,63rd Street Beach,1439164800.0,,0.36,0.074,4.0,63rdStreetBeach201508102400,0,22.7,0.36,0.074,4.0
2015-08-10 01:00:00,63rd Street Beach,1439168400.0,22.7,0.4,,8.0,63rdStreetBeach201508100100,0,22.7,0.4,0.082,8.0
2015-08-10 02:00:00,63rd Street Beach,1439172000.0,22.7,0.4,0.075,6.0,63rdStreetBeach201508100200,0,22.7,0.4,0.075,6.0
2015-08-10 03:00:00,63rd Street Beach,1439175600.0,22.6,0.38,0.077,3.0,63rdStreetBeach201508100300,0,22.6,0.38,0.077,3.0
2015-08-10 04:00:00,63rd Street Beach,1439179200.0,22.6,0.39,,5.0,63rdStreetBeach201508100400,0,22.6,0.39,0.08,5.0
2015-08-10 05:00:00,63rd Street Beach,1439182800.0,22.8,0.71,0.076,5.0,63rdStreetBeach201508100500,0,22.8,0.71,0.076,5.0
2015-08-10 06:00:00,63rd Street Beach,1439186400.0,,0.61,0.072,5.0,63rdStreetBeach201508100600,0,22.8,0.61,0.072,5.0
2015-08-10 07:00:00,63rd Street Beach,1439190000.0,22.7,0.51,0.067,4.0,63rdStreetBeach201508100700,0,22.7,0.51,0.067,4.0
2015-08-10 08:00:00,63rd Street Beach,1439193600.0,22.8,0.48,0.101,2.0,63rdStreetBeach201508100800,0,22.8,0.48,0.101,2.0
2015-08-10 09:00:00,63rd Street Beach,1439197200.0,22.8,0.45,0.079,6.0,63rdStreetBeach201508100900,0,22.8,0.45,0.079,6.0
2015-08-10 10:00:00,63rd Street Beach,1439200800.0,22.9,0.41,0.076,5.0,63rdStreetBeach201508101000,0,22.9,0.41,0.076,5.0
2015-08-10 11:00:00,63rd Street Beach,1439204400.0,23.2,0.38,,3.0,63rdStreetBeach201508101100,0,23.2,0.38,0.129,3.0
2015-08-10 12:00:00,63rd Street Beach,1439208000.0,23.4,0.36,0.149,3.0,63rdStreetBeach201508101200,0,23.4,0.36,0.149,3.0
2015-08-10 13:00:00,63rd Street Beach,1439211600.0,23.6,0.38,0.134,3.0,63rdStreetBeach201508101300,0,23.6,0.38,0.134,3.0
2015-08-10 14:00:00,63rd Street Beach,,,,,,,1,,,,
2015-08-10 15:00:00,63rd Street Beach,1439218800.0,23.8,0.88,0.129,2.0,63rdStreetBeach201508101500,0,23.8,0.88,0.129,2.0
2015-08-10 16:00:00,63rd Street Beach,1439222400.0,23.7,0.99,0.233,3.0,63rdStreetBeach201508101600,0,23.7,0.99,0.233,3.0
2015-08-10 17:00:00,63rd Street Beach,1439226000.0,,1.06,0.205,3.0,63rdStreetBeach201508101700,0,23.9,1.06,0.205,3.0
2015-08-10 18:00:00,63rd Street Beach,,,,,,,1,,,,
2015-08-10 19:00:00,63rd Street Beach,1439233200.0,23.7,0.72,0.203,3.0,63rdStreetBeach201508101900,0,23.7,0.72,0.203,3.0
2015-08-10 20:00:00,63rd Street Beach,,,,,,,1,,,,
2015-08-10 21:00:00,63rd Street Beach,1439240400.0,23.4,0.56,0.178,4.0,63rdStreetBeach201508102100,0,23.4,0.56,0.178,4.0
2015-08-10 22:00:00,63rd Street Beach,1439244000.0,,0.6,0.164,,63rdStreetBeach201508102200,0,23.3,0.6,0.164,3.0
2015-08-10 23:00:00,63rd Street Beach,1439247600.0,23.2,0.57,0.137,3.0,63rdStreetBeach201508102300,0,23.2,0.57,0.137,3.0
2015-08-11 00:00:00,63rd Street Beach,1439251200.0,23.2,0.6,0.157,3.0,63rdStreetBeach201508112400,0,23.2,0.6,0.157,3.0
2015-08-11 01:00:00,63rd Street Beach,1439254800.0,23.2,0.97,0.141,4.0,63rdStreetBeach201508110100,0,23.2,0.97,0.141,4.0
2015-08-11 02:00:00,63rd Street Beach,1439258400.0,23.2,0.56,0.135,3.0,63rdStreetBeach201508110200,0,23.2,0.56,0.135,3.0
2015-08-11 03:00:00,63rd Street Beach,,,,,,,1,,,,
2015-08-11 04:00:00,63rd Street Beach,1439265600.0,23.1,0.7,0.155,3.0,63rdStreetBeach201508110400,0,23.1,0.7,0.155,3.0
2015-08-11 05:00:00,63rd Street Beach,1439269200.0,23.0,0.68,0.169,,63rdStreetBeach201508110500,0,23.0,0.68,0.169,4.0
2015-08-11 06:00:00,63rd Street Beach,1439272800.0,22.9,0.92,0.209,3.0,63rdStreetBeach201508110600,0,22.9,0.92,0.209,3.0
2015-08-11 07:00:00,63rd Street Beach,1439276400.0,22.9,0.71,0.22,4.0,63rdStreetBeach201508110700,0,22.9,0.71,0.22,4.0
2015-08-11 08:00:00,63rd Street Beach,1439280000.0,22.8,0.71,0.235,3.0,63rdStreetBeach201508110800,0,22.8,0.71,0.235,3.0
2015-08-11 09:00:00,63rd Street Beach,1439283600.0,22.9,0.77,0.238,,63rdStreetBeach201508110900,0,22.9,0.77,0.238,4.0
2015-08-11 10:00:00,63rd Street Beach,1439287200.0,23.1,0.94,0.247,4.0,63rdStreetBeach201508111000,0,23.1,0.94,0.247,4.0
2015-08-11 11:00:00,63rd Street Beach,1439290800.0,23.4,1.13,0.236,4.0,63rdStreetBeach201508111100,0,23.4,1.13,0.236,4.0
2015-08-11 12:00:00,63rd Street Beach,1439294400.0,23.7,1.09,0.225,4.0,63rdStreetBeach201508111200,0,23.7,1.09,0.225,4.0
2015-08-11 13:00:00,63rd Street Beach,1439298000.0,24.0,1.13,0.222,,63rdStreetBeach201508111300,0,24.0,1.13,0.222,4.0
2015-08-11 14:00:00,63rd Street Beach,,,,,,,1,,,,
2015-08-11 15:00:00,63rd Street Beach,1439305200.0,24.6,1.13,,3.0,63rdStreetBeach201508111500,0,24.6,1.13,0.225,3.0
2015-08-11 16:00:00,63rd Street Beach,1439308800.0,25.1,1.82,0.255,4.0,63rdStreetBeach201508111600,0,25.1,1.82,0.255,4.0
2015-08-11 17:00:00,63rd Street Beach,,,,,,,1,,,,
2015-08-11 18:00:00,63rd Street Beach,1439316000.0,25.6,3.15,0.298,4.0,63rdStreetBeach201508111800,0,25.6,3.15,0.298,4.0
2015-08-11 19:00:00,63rd Street Beach,1439319600.0,25.3,2.3,0.286,4.0,63rdStreetBeach201508111900,0,25.3,2.3,0.286,4.0
2015-08-11 20:00:00,63rd Street Beach,1439323200.0,24.9,,0.288,4.0,63rdStreetBeach201508112000,0,24.9,1.65,0.288,4.0
2015-08-11 21:00:00,63rd Street Beach,1439326800.0,24.9,1.95,0.269,,63rdStreetBeach201508112100,0,24.9,1.95,0.269,5.0
2015-08-11 22:00:00,63rd Street Beach,,,,,,,1,,,,
2015-08-11 23:00:00,63rd Street Beach,,,,,,,1,,,,
2015-08-12 00:00:00,63rd Street Beach,,,,,,,1,,,,
2015-08-12 01:00:00,63rd Street Beach,1439341200.0,23.7,1.74,0.259,5.0,63rdStreetBeach201508120100,0,23.7,1.74,0.259,5.0
2015-08-12 02:00:00,63rd Street Beach,1439344800.0,23.6,2.06,,5.0,63rdStreetBeach201508120200,0,23.6,2.06,0.256,5.0
2015-08-12 03:00:00,63rd Street Beach,,,,,,,1,,,,
2015-08-12 04:00:00,63rd Street Beach,1439352000.0,23.4,2.08,0.249,4.0,63rdStreetBeach201508120400,0,23.4,2.08,0.249,4.0
2015-08-12 05:00:00,63rd Street Beach,1439355600.0,,,,,63rdStreetBeach201508120500,1,23.2,2.39,0.234,5.0
2015-08-12 06:00:00,63rd Street Beach,,,,,,,1,,,,
2015-08-12 07:00:00,63rd Street Beach,1439362800.0,22.8,,0.259,4.0,63rdStreetBeach201508120700,0,22.8,4.52,0.259,4.0
2015-08-12 08:00:00,63rd Street Beach,1439366400.0,22.8,,0.266,5.0,63rdStreetBeach201508120800,0,22.8,5.07,0.266,5.0
2015-08-12 09:00:00,63rd Street Beach,1439370000.0,22.9,4.18,0.276,4.0,63rdStreetBeach201508120900,0,22.9,4.18,0.276,4.0
2015-08-12 10:00:00,63rd Street Beach,,,,,,,1,,,,
2015-08-12 11:00:00,63rd Street Beach,1439377200.0,23.5,3.2,0.295,5.0,63rdStreetBeach201508121100,0,23.5,3.2,0.295,5.0
2015-08-12 12:00:00,63rd Street Beach,,,,,,,1,,,,
2015-08-12 13:00:00,63rd Street Beach,,,,,,,1,,,,
2015-08-12 14:00:00,63rd Street Beach,,,,,,,1,,,,
2015-08-12 15:00:00,63rd Street Beach,1439391600.0,24.7,2.81,,7.0,63rdStreetBeach201508121500,0,24.7,2.81,0.291,7.0
2015-08-12 16:00:00,63rd Street Beach,,,,,,,1,,,,
2015-08-12 17:00:00,63rd Street Beach,1439398800.0,25.4,5.26,0.26,6.0,63rdStreetBeach201508121700,0,25.4,5.26,0.26,6.0
2015-08-12 18:00:00,63rd Street Beach,1439402400.0,25.1,,,6.0,63rdStreetBeach201508121800,0,25.1,4.25,0.241,6.0
2015-08-12 19:00:00,63rd Street Beach,1439406000.0,24.7,3.47,,6.0,63rdStreetBeach201508121900,0,24.7,3.47,0.236,6.0
2015-08-12 20:00:00,63rd Street Beach,1439409600.0,24.4,3.37,0.231,6.0,63rdStreetBeach201508122000,0,24.4,3.37,0.231,6.0
2015-08-12 21:00:00,63rd Street Beach,1439413200.0,24.2,3.76,0.201,6.0,63rdStreetBeach201508122100,0,24.2,3.76,0.201,6.0
2015-08-12 22:00:00,63rd Street Beach,1439416800.0,24.0,,0.193,6.0,63rdStreetBeach201508122200,0,24.0,3.13,0.193,6.0
2015-08-12 23:00:00,63rd Street Beach,1439420400.0,23.9,2.91,0.181,6.0,63rdStreetBeach201508122300,0,23.9,2.91,0.181,6.0
2015-08-13 00:00:00,63rd Street Beach,1439424000.0,23.8,3.14,0.156,6.0,63rdStreetBeach201508132400,0,23.8,3.14,0.156,6.0
2015-08-13 01:00:00,63rd Street Beach,1439427600.0,23.8,2.8,0.153,,63rdStreetBeach201508130100,0,23.8,2.8,0.153,5.0
2015-08-13 02:00:00,63rd Street Beach,1439431200.0,23.7,3.11,,6.0,63rdStreetBeach201508130200,0,23.7,3.11,0.139,6.0
2015-08-13 03:00:00,63rd Street Beach,1439434800.0,23.7,,0.13,5.0,63rdStreetBeach201508130300,0,23.7,3.14,0.13,5.0
2015-08-13 04:00:00,63rd Street Beach,1439438400.0,23.6,3.1,0.117,5.0,63rdStreetBeach201508130400,0,23.6,3.1,0.117,5.0
2015-08-13 05:00:00,63rd Street Beach,1439442000.0,23.6,3.36,0.1,5.0,63rdStreetBeach201508130500,0,23.6,3.36,0.1,5.0
2015-08-13 06:00:00,63rd Street Beach,1439445600.0,23.5,2.96,0.091,5.0,63rdStreetBeach201508130600,0,23.5,2.96,0.091,5.0
2015-08-13 07:00:00,63rd Street Beach,1439449200.0,23.4,2.7,0.08,5.0,63rdStreetBeach201508130700,0,23.4,2.7,0.08,5.0
2015-08-13 08:00:00,63rd Street Beach,1439452800.0,23.4,,0.079,4.0,63rdStreetBeach201508130800,0,23.4,2.47,0.079,4.0
2015-08-13 09:00:00,63rd Street Beach,1439456400.0,23.5,2.37,0.071,4.0,63rdStreetBeach201508130900,0,23.5,2.37,0.071,4.0
2015-08-13 10:00:00,63rd Street Beach,1439460000.0,23.7,,,4.0,63rdStreetBeach201508131000,0,23.7,1.99,0.071,4.0
2015-08-13 11:00:00,63rd Street Beach,1439463600.0,23.9,1.78,0.067,,63rdStreetBeach201508131100,0,23.9,1.78,0.067,5.0
2015-08-13 12:00:00,63rd Street Beach,1439467200.0,,1.64,0.071,3.0,63rdStreetBeach201508131200,0,24.3,1.64,0.071,3.0
2015-08-13 13:00:00,63rd Street Beach,1439470800.0,,1.58,0.073,4.0,63rdStreetBeach201508131300,0,24.6,1.58,0.073,4.0
2015-08-13 14:00:00,63rd Street Beach,1439474400.0,24.7,1.44,0.088,,63rdStreetBeach201508131400,0,24.7,1.44,0.088,3.0
2015-08-13 15:00:00,63rd Street Beach,1439478000.0,24.7,1.3,0.11,6.0,63rdStreetBeach201508131500,0,24.7,1.3,0.11,6.0
2015-08-13 16:00:00,63rd Street Beach,1439481600.0,24.6,1.2,0.078,6.0,63rdStreetBeach201508131600,0,24.6,1.2,0.078,6.0
2015-08-13 17:00:00,63rd Street Beach,1439485200.0,24.7,1.01,,,63rdStreetBeach201508131700,0,24.7,1.01,0.082,5.0
2015-08-13 18:00:00,63rd Street Beach,1439488800.0,24.4,1.06,0.101,6.0,63rdStreetBeach201508131800,0,24.4,1.06,0.101,6.0
2015-08-13 19:00:00,63rd Street Beach,1439492400.0,24.2,0.93,0.078,5.0,63rdStreetBeach201508131900,0,24.2,0.93,0.078,5.0
2015-08-13 20:00:00,63rd Street Beach,1439496000.0,,0.76,0.102,4.0,63rdStreetBeach201508132000,0,24.0,0.76,0.102,4.0
2015-08-13 21:00:00,63rd Street Beach,1439499600.0,23.7,0.7,0.075,6.0,63rdStreetBeach201508132100,0,23.7,0.7,0.075,6.0
2015-08-13 22:00:00,63rd Street Beach,1439503200.0,,0.68,0.08,,63rdStreetBeach201508132200,0,23.6,0.68,0.08,5.0
2015-08-13 23:00:00,63rd Street Beach,1439506800.0,23.4,0.72,0.081,5.0,63rdStreetBeach201508132300,0,23.4,0.72,0.081,5.0
2015-08-14 00:00:00,63rd Street Beach,1439510400.0,23.4,,0.063,4.0,63rdStreetBeach201508142400,0,23.4,0.74,0.063,4.0
2015-08-14 01:00:00,63rd Street Beach,1439514000.0,23.3,0.67,0.065,8.0,63rdStreetBeach201508140100,0,23.3,0.67,0.065,8.0
2015-08-14 02:00:00,63rd Street Beach,1439517600.0,23.2,,0.062,,63rdStreetBeach201508140200,0,23.2,0.73,0.062,7.0
2015-08-14 03:00:00,63rd Street Beach,1439521200.0,,0.63,0.083,3.0,63rdStreetBeach201508140300,0,23.1,0.63,0.083,3.0
2015-08-14 04:00:00,63rd Street Beach,1439524800.0,23.0,0.65,0.058,,63rdStreetBeach201508140400,0,23.0,0.65,0.058,6.0
2015-08-14 05:00:00,63rd Street Beach,1439528400.0,22.9,0.54,0.055,9.0,63rdStreetBeach201508140500,0,22.9,0.54,0.055,9.0
2015-08-14 06:00:00,63rd Street Beach,1439532000.0,22.8,0.51,0.058,9.0,63rdStreetBeach201508140600,0,22.8,0.51,0.058,9.0
2015-08-14 07:00:00,63rd Street Beach,1439535600.0,22.8,0.45,,,63rdStreetBeach201508140700,0,22.8,0.45,0.056,8.0
2015-08-14 08:00:00,63rd Street Beach,1439539200.0,22.7,0.47,0.06,7.0,63rdStreetBeach201508140800,0,22.7,0.47,0.06,7.0
2015-08-14 09:00:00,63rd Street Beach,1439542800.0,22.8,0.48,0.076,9.0,63rdStreetBeach201508140900,0,22.8,0.48,0.076,9.0
2015-08-14 10:00:00,63rd Street Beach,1439546400.0,22.7,0.53,0.073,5.0,63rdStreetBeach201508141000,0,22.7,0.53,0.073,5.0
2015-08-14 11:00:00,63rd Street Beach,1439550000.0,22.8,0.48,0.067,7.0,63rdStreetBeach201508141100,0,22.8,0.48,0.067,7.0
2015-08-14 12:00:00,63rd Street Beach,1439553600.0,22.7,,,4.0,63rdStreetBeach201508141200,0,22.7,0.4,0.095,4.0
2015-08-14 13:00:00,63rd Street Beach,,,,,,,1,,,,
2015-08-14 14:00:00,63rd Street Beach,1439560800.0,23.2,,0.092,5.0,63rdStreetBeach201508141400,0,23.2,0.3,0.092,5.0
2015-08-14 15:00:00,63rd Street Beach,1439564400.0,23.6,0.29,0.088,,63rdStreetBeach201508141500,0,23.6,0.29,0.088,4.0
2015-08-14 16:00:00,63rd Street Beach,1439568000.0,23.9,,0.125,5.0,63rdStreetBeach201508141600,0,23.9,0.3,0.125,5.0
2015-08-14 17:00:00,63rd Street Beach,1439571600.0,23.9,0.32,0.122,3.0,63rdStreetBeach201508141700,0,23.9,0.32,0.122,3.0
2015-08-14 18:00:00,63rd Street Beach,1439575200.0,23.7,0.36,,4.0,63rdStreetBeach201508141800,0,23.7,0.36,0.106,4.0
2015-08-14 19:00:00,63rd Street Beach,1439578800.0,23.6,0.42,0.095,7.0,63rdStreetBeach201508141900,0,23.6,0.42,0.095,7.0
2015-08-14 20:00:00,63rd Street Beach,1439582400.0,23.6,0.46,0.095,,63rdStreetBeach201508142000,0,23.6,0.46,0.095,3.0
2015-08-14 21:00:00,63rd Street Beach,1439586000.0,23.6,0.45,0.101,5.0,63rdStreetBeach201508142100,0,23.6,0.45,0.101,5.0
2015-08-14 22:00:00,63rd Street Beach,1439589600.0,22.8,0.59,0.17,3.0,63rdStreetBeach201508142200,0,22.8,0.59,0.17,3.0
2015-08-14 23:00:00,63rd Street Beach,,,,,,,1,,,,
2015-08-15 00:00:00,63rd Street Beach,1439596800.0,22.5,0.59,,3.0,63rdStreetBeach201508152400,0,22.5,0.59,0.163,3.0
2015-08-15 01:00:00,63rd Street Beach,1439600400.0,22.8,1.97,0.135,4.0,63rdStreetBeach201508150100,0,22.8,1.97,0.135,4.0
2015-08-15 02:00:00,63rd Street Beach,1439604000.0,22.8,1.21,,4.0,63rdStreetBeach201508150200,0,22.8,1.21,0.134,4.0
2015-08-15 03:00:00,63rd Street Beach,1439607600.0,22.7,0.75,0.143,4.0,63rdStreetBeach201508150300,0,22.7,0.75,0.143,4.0
2015-08-15 04:00:00,63rd Street Beach,1439611200.0,22.6,0.71,0.134,4.0,63rdStreetBeach201508150400,0,22.6,0.71,0.134,4.0
2015-08-15 05:00:00,63rd Street Beach,1439614800.0,22.6,1.03,0.13,4.0,63rdStreetBeach201508150500,0,22.6,1.03,0.13,4.0
2015-08-15 06:00:00,63rd Street Beach,1439618400.0,22.5,1.17,,,63rdStreetBeach201508150600,0,22.5,1.17,0.124,4.0
2015-08-15 07:00:00,63rd Street Beach,1439622000.0,22.5,1.08,0.123,4.0,63rdStreetBeach201508150700,0,22.5,1.08,0.123,4.0
2015-08-15 08:00:00,63rd Street Beach,1439625600.0,22.5,1.36,0.11,4.0,63rdStreetBeach201508150800,0,22.5,1.36,0.11,4.0
2015-08-15 09:00:00,63rd Street Beach,,,,,,,1,,,,
2015-08-15 10:00:00,63rd Street Beach,1439632800.0,22.8,1.06,0.126,4.0,63rdStreetBeach201508151000,0,22.8,1.06,0.126,4.0
2015-08-15 11:00:00,63rd Street Beach,1439636400.0,,1.41,0.106,4.0,63rdStreetBeach201508151100,0,23.2,1.41,0.106,4.0
2015-08-15 12:00:00,63rd Street Beach,1439640000.0,,1.01,0.136,4.0,63rdStreetBeach201508151200,0,23.9,1.01,0.136,4.0
2015-08-15 13:00:00,63rd Street Beach,1439643600.0,24.3,0.96,0.154,5.0,63rdStreetBeach201508151300,0,24.3,0.96,0.154,5.0
2015-08-15 14:00:00,63rd Street Beach,1439647200.0,23.8,0.73,0.123,4.0,63rdStreetBeach201508151400,0,23.8,0.73,0.123,4.0
2015-08-15 15:00:00,63rd Street Beach,1439650800.0,23.8,0.56,0.138,4.0,63rdStreetBeach201508151500,0,23.8,0.56,0.138,4.0
2015-08-15 16:00:00,63rd Street Beach,1439654400.0,24.0,0.48,0.19,4.0,63rdStreetBeach201508151600,0,24.0,0.48,0.19,4.0
2015-08-15 17:00:00,63rd Street Beach,,,,,,,1,,,,
2015-08-15 18:00:00,63rd Street Beach,1439661600.0,24.5,1.12,0.117,3.0,63rdStreetBeach201508151800,0,24.5,1.12,0.117,3.0
2015-08-15 19:00:00,63rd Street Beach,,,,,,,1,,,,
2015-08-15 20:00:00,63rd Street Beach,1439668800.0,24.0,0.71,0.102,6.0,63rdStreetBeach201508152000,0,24.0,0.71,0.102,6.0
2015-08-15 21:00:00,63rd Street Beach,,,,,,,1,,,,
2015-08-15 22:00:00,63rd Street Beach,,,,,,,1,,,,
2015-08-15 23:00:00,63rd Street Beach,1439679600.0,23.7,0.56,,3.0,63rdStreetBeach201508152300,0,23.7,0.56,0.09,3.0
2015-08-16 00:00:00,63rd Street Beach,1439683200.0,23.6,0.52,0.081,5.0,63rdStreetBeach201508162400,0,23.6,0.52,0.081,5.0
2015-08-16 01:00:00,63rd Street Beach,,,,,,,1,,,,
2015-08-16 02:00:00,63rd Street Beach,1439690400.0,23.3,0.5,0.075,3.0,63rdStreetBeach201508160200,0,23.3,0.5,0.075,3.0
2015-08-16 03:00:00,63rd Street Beach,1439694000.0,23.2,0.53,0.068,,63rdStreetBeach201508160300,0,23.2,0.53,0.068,6.0
2015-08-16 04:00:00,63rd Street Beach,1439697600.0,,0.44,0.064,5.0,63rdStreetBeach201508160400,0,23.2,0.44,0.064,5.0
2015-08-16 05:00:00,63rd Street Beach,1439701200.0,23.1,0.45,,5.0,63rdStreetBeach201508160500,0,23.1,0.45,0.063,5.0
2015-08-16 06:00:00,63rd Street Beach,1439704800.0,,0.42,0.06,8.0,63rdStreetBeach201508160600,0,23.0,0.42,0.06,8.0
2015-08-16 07:00:00,63rd Street Beach,1439708400.0,23.0,0.42,0.057,7.0,63rdStreetBeach201508160700,0,23.0,0.42,0.057,7.0
2015-08-16 08:00:00,63rd Street Beach,1439712000.0,23.0,0.38,0.056,6.0,63rdStreetBeach201508160800,0,23.0,0.38,0.056,6.0
2015-08-16 09:00:00,63rd Street Beach,1439715600.0,,0.35,0.064,,63rdStreetBeach201508160900,0,23.2,0.35,0.064,6.0
2015-08-16 10:00:00,63rd Street Beach,1439719200.0,23.6,0.49,0.077,5.0,63rdStreetBeach201508161000,0,23.6,0.49,0.077,5.0
2015-08-16 11:00:00,63rd Street Beach,1439722800.0,,0.48,0.109,3.0,63rdStreetBeach201508161100,0,23.6,0.48,0.109,3.0
2015-08-16 12:00:00,63rd Street Beach,1439726400.0,23.6,0.53,0.11,4.0,63rdStreetBeach201508161200,0,23.6,0.53,0.11,4.0
2015-08-16 13:00:00,63rd Street Beach,1439730000.0,,0.52,0.118,3.0,63rdStreetBeach201508161300,0,23.8,0.52,0.118,3.0
2015-08-16 14:00:00,63rd Street Beach,1439733600.0,23.7,0.52,0.114,3.0,63rdStreetBeach201508161400,0,23.7,0.52,0.114,3.0
2015-08-16 15:00:00,63rd Street Beach,1439737200.0,23.9,0.6,0.108,,63rdStreetBeach201508161500,0,23.9,0.6,0.108,3.0
2015-08-16 16:00:00,63rd Street Beach,1439740800.0,23.8,0.68,0.17,,63rdStreetBeach201508161600,0,23.8,0.68,0.17,3.0
2015-08-16 17:00:00,63rd Street Beach,1439744400.0,23.5,0.98,,3.0,63rdStreetBeach201508161700,0,23.5,0.98,0.123,3.0
2015-08-16 18:00:00,63rd Street Beach,1439748000.0,23.0,0.8,0.103,4.0,63rdStreetBeach201508161800,0,23.0,0.8,0.103,4.0
2015-08-16 19:00:00,63rd Street Beach,1439751600.0,22.7,0.84,0.116,3.0,63rdStreetBeach201508161900,0,22.7,0.84,0.116,3.0
2015-08-16 20:00:00,63rd Street Beach,1439755200.0,,0.68,0.088,6.0,63rdStreetBeach201508162000,0,22.2,0.68,0.088,6.0
2015-08-16 21:00:00,63rd Street Beach,,,,,,,1,,,,
2015-08-16 22:00:00,63rd Street Beach,,,,,,,1,,,,
2015-08-16 23:00:00,63rd Street Beach,,,,,,,1,,,,
2015-08-17 00:00:00,63rd Street Beach,1439769600.0,21.9,0.86,0.059,10.0,63rdStreetBeach201508172400,0,21.9,0.86,0.059,10.0
2015-08-17 01:00:00,63rd Street Beach,1439773200.0,,0.83,0.051,6.0,63rdStreetBeach201508170100,0,21.9,0.83,0.051,6.0
2015-08-17 02:00:00,63rd Street Beach,1439776800.0,21.7,,0.056,,63rdStreetBeach201508170200,0,21.7,0.7,0.056,6.0
2015-08-17 03:00:00,63rd Street Beach,1439780400.0,21.6,,0.053,,63rdStreetBeach201508170300,0,21.6,0.56,0.053,6.0
2015-08-17 04:00:00,63rd Street Beach,1439784000.0,21.5,0.55,0.057,5.0,63rdStreetBeach201508170400,0,21.5,0.55,0.057,5.0
2015-08-17 05:00:00,63rd Street Beach,1439787600.0,21.6,0.36,,5.0,63rdStreetBeach201508170500,0,21.6,0.36,0.055,5.0
2015-08-17 06:00:00,63rd Street Beach,1439791200.0,,0.42,,8.0,63rdStreetBeach201508170600,0,21.7,0.42,0.049,8.0
2015-08-17 07:00:00,63rd Street Beach,1439794800.0,,0.48,0.05,8.0,63rdStreetBeach201508170700,0,21.8,0.48,0.05,8.0
2015-08-17 08:00:00,63rd Street Beach,1439798400.0,22.1,0.35,0.053,7.0,63rdStreetBeach201508170800,0,22.1,0.35,0.053,7.0
2015-08-17 09:00:00,63rd Street Beach,1439802000.0,22.3,,,6.0,63rdStreetBeach201508170900,0,22.3,0.33,0.052,6.0
2015-08-17 10:00:00,63rd Street Beach,1439805600.0,,0.31,0.078,4.0,63rdStreetBeach201508171000,0,22.6,0.31,0.078,4.0
2015-08-17 11:00:00,63rd Street Beach,1439809200.0,22.5,0.36,0.063,7.0,63rdStreetBeach201508171100,0,22.5,0.36,0.063,7.0
2015-08-17 12:00:00,63rd Street Beach,1439812800.0,22.8,0.41,0.061,,63rdStreetBeach201508171200,0,22.8,0.41,0.061,3.0
2015-08-17 13:00:00,63rd Street Beach,1439816400.0,23.1,0.35,0.055,4.0,63rdStreetBeach201508171300,0,23.1,0.35,0.055,4.0
2015-08-17 14:00:00,63rd Street Beach,1439820000.0,,3.81,0.084,4.0,63rdStreetBeach201508171400,0,23.1,3.81,0.084,4.0
2015-08-17 15:00:00,63rd Street Beach,,,,,,,1,,,,
2015-08-17 16:00:00,63rd Street Beach,,,,,,,1,,,,
2015-08-17 17:00:00,63rd Street Beach,1439830800.0,21.7,,0.076,4.0,63rdStreetBeach201508171700,0,21.7,2.15,0.076,4.0
2015-08-17 18:00:00,63rd Street Beach,1439834400.0,21.3,1.44,0.08,,63rdStreetBeach201508171800,0,21.3,1.44,0.08,3.0
2015-08-17 19:00:00,63rd Street Beach,1439838000.0,21.1,0.64,0.084,3.0,63rdStreetBeach201508171900,0,21.1,0.64,0.084,3.0
2015-08-17 20:00:00,63rd Street Beach,1439841600.0,,0.7,0.079,6.0,63rdStreetBeach201508172000,0,21.1,0.7,0.079,6.0
2015-08-17 21:00:00,63rd Street Beach,1439845200.0,,0.71,0.09,6.0,63rdStreetBeach201508172100,0,21.2,0.71,0.09,6.0
2015-08-17 22:00:00,63rd Street Beach,1439848800.0,,0.83,0.073,4.0,63rdStreetBeach201508172200,0,21.3,0.83,0.073,4.0
2015-08-17 23:00:00,63rd Street Beach,1439852400.0,,0.53,0.093,3.0,63rdStreetBeach201508172300,0,21.3,0.53,0.093,3.0
2015-08-18 00:00:00,63rd Street Beach,1439856000.0,21.6,0.47,0.078,3.0,63rdStreetBeach201508182400,0,21.6,0.47,0.078,3.0
2015-08-18 01:00:00,63rd Street Beach,1439859600.0,21.5,0.45,,3.0,63rdStreetBeach201508180100,0,21.5,0.45,0.065,3.0
2015-08-18 02:00:00,63rd Street Beach,,,,,,,1,,,,
2015-08-18 03:00:00,63rd Street Beach,1439866800.0,21.3,0.44,0.062,,63rdStreetBeach201508180300,0,21.3,0.44,0.062,6.0
2015-08-18 04:00:00,63rd Street Beach,1439870400.0,21.2,0.58,0.07,,63rdStreetBeach201508180400,0,21.2,0.58,0.07,5.0
2015-08-18 05:00:00,63rd Street Beach,1439874000.0,20.5,1.31,0.073,10.0,63rdStreetBeach201508180500,0,20.5,1.31,0.073,10.0
2015-08-18 06:00:00,63rd Street Beach,1439877600.0,19.2,0.62,0.08,3.0,63rdStreetBeach201508180600,0,19.2,0.62,0.08,3.0
2015-08-18 07:00:00,63rd Street Beach,1439881200.0,19.5,1.14,,2.0,63rdStreetBeach201508180700,0,19.5,1.14,0.082,2.0
2015-08-18 08:00:00,63rd Street Beach,,,,,,,1,,,,
2015-08-18 09:00:00,63rd Street Beach,1439888400.0,19.1,0.65,0.07,6.0,63rdStreetBeach201508180900,0,19.1,0.65,0.07,6.0
2015-08-18 10:00:00,63rd Street Beach,,,,,,,1,,,,
2015-08-18 11:00:00,63rd Street Beach,1439895600.0,19.3,1.1,0.074,,63rdStreetBeach201508181100,0,19.3,1.1,0.074,4.0
2015-08-18 12:00:00,63rd Street Beach,,,,,,,1,,,,
2015-08-18 13:00:00,63rd Street Beach,1439902800.0,19.6,1.36,0.073,9.0,63rdStreetBeach201508181300,0,19.6,1.36,0.073,9.0
2015-08-18 14:00:00,63rd Street Beach,1439906400.0,19.6,1.27,0.066,4.0,63rdStreetBeach201508181400,0,19.6,1.27,0.066,4.0
2015-08-18 15:00:00,63rd Street Beach,1439910000.0,19.4,0.77,0.066,9.0,63rdStreetBeach201508181500,0,19.4,0.77,0.066,9.0
2015-08-18 16:00:00,63rd Street Beach,1439913600.0,,0.47,0.076,4.0,63rdStreetBeach201508181600,0,19.1,0.47,0.076,4.0
2015-08-18 17:00:00,63rd Street Beach,1439917200.0,,0.37,0.078,4.0,63rdStreetBeach201508181700,0,18.7,0.37,0.078,4.0
2015-08-18 18:00:00,63rd Street Beach,1439920800.0,18.5,0.41,0.107,2.0,63rdStreetBeach201508181800,0,18.5,0.41,0.107,2.0
2015-08-18 19:00:00,63rd Street Beach,1439924400.0,18.3,,0.108,3.0,63rdStreetBeach201508181900,0,18.3,0.37,0.108,3.0
2015-08-18 20:00:00,63rd Street Beach,1439928000.0,18.2,1.5,0.098,3.0,63rdStreetBeach201508182000,0,18.2,1.5,0.098,3.0
2015-08-18 21:00:00,63rd Street Beach,1439931600.0,17.9,0.64,0.087,3.0,63rdStreetBeach201508182100,0,17.9,0.64,0.087,3.0
2015-08-18 22:00:00,63rd Street Beach,,,,,,,1,,,,
2015-08-18 23:00:00,63rd Street Beach,1439938800.0,17.6,1.57,0.085,3.0,63rdStreetBeach201508182300,0,17.6,1.57,0.085,3.0
2015-08-19 00:00:00,63rd Street Beach,1439942400.0,17.3,0.86,0.092,3.0,63rdStreetBeach201508192400,0,17.3,0.86,0.092,3.0
2015-08-19 01:00:00,63rd Street Beach,1439946000.0,17.3,0.74,0.09,3.0,63rdStreetBeach201508190100,0,17.3,0.74,0.09,3.0
2015-08-19 02:00:00,63rd Street Beach,1439949600.0,17.1,0.53,0.088,3.0,63rdStreetBeach201508190200,0,17.1,0.53,0.088,3.0
2015-08-19 03:00:00,63rd Street Beach,1439953200.0,16.9,,0.084,3.0,63rdStreetBeach201508190300,0,16.9,0.55,0.084,3.0
2015-08-19 04:00:00,63rd Street Beach,1439956800.0,16.8,0.62,0.081,3.0,63rdStreetBeach201508190400,0,16.8,0.62,0.081,3.0
2015-08-19 05:00:00,63rd Street Beach,1439960400.0,16.7,1.11,0.082,3.0,63rdStreetBeach201508190500,0,16.7,1.11,0.082,3.0
2015-08-19 06:00:00,63rd Street Beach,1439964000.0,16.3,0.83,0.075,2.0,63rdStreetBeach201508190600,0,16.3,0.83,0.075,2.0
2015-08-19 07:00:00,63rd Street Beach,1439967600.0,16.1,0.67,0.082,3.0,63rdStreetBeach201508190700,0,16.1,0.67,0.082,3.0
2015-08-19 08:00:00,63rd Street Beach,1439971200.0,15.9,0.76,0.077,3.0,63rdStreetBeach201508190800,0,15.9,0.76,0.077,3.0
2015-08-19 09:00:00,63rd Street Beach,1439974800.0,15.8,0.9,0.081,6.0,63rdStreetBeach201508190900,0,15.8,0.9,0.081,6.0
2015-08-19 10:00:00,63rd Street Beach,,,,,,,1,,,,
2015-08-19 11:00:00,63rd Street Beach,1439982000.0,,,0.074,9.0,63rdStreetBeach201508191100,0,15.1,0.64,0.074,9.0
2015-08-19 12:00:00,63rd Street Beach,,,,,,,1,,,,
2015-08-19 13:00:00,63rd Street Beach,1439989200.0,,0.44,0.079,7.0,63rdStreetBeach201508191300,0,15.3,0.44,0.079,7.0
2015-08-19 14:00:00,63rd Street Beach,1439992800.0,,,0.075,,63rdStreetBeach201508191400,0,15.2,0.43,0.075,9.0
2015-08-19 15:00:00,63rd Street Beach,,,,,,,1,,,,
2015-08-19 16:00:00,63rd Street Beach,1440000000.0,15.4,0.43,0.073,3.0,63rdStreetBeach201508191600,0,15.4,0.43,0.073,3.0
2015-08-19 17:00:00,63rd Street Beach,1440003600.0,15.0,0.46,0.07,6.0,63rdStreetBeach201508191700,0,15.0,0.46,0.07,6.0
2015-08-19 18:00:00,63rd Street Beach,1440007200.0,14.6,0.47,0.072,8.0,63rdStreetBeach201508191800,0,14.6,0.47,0.072,8.0
2015-08-19 19:00:00,63rd Street Beach,1440010800.0,14.1,0.48,0.076,9.0,63rdStreetBeach201508191900,0,14.1,0.48,0.076,9.0
2015-08-19 20:00:00,63rd Street Beach,1440014400.0,14.1,0.51,0.079,7.0,63rdStreetBeach201508192000,0,14.1,0.51,0.079,7.0
2015-08-19 21:00:00,63rd Street Beach,1440018000.0,13.9,0.47,0.079,8.0,63rdStreetBeach201508192100,0,13.9,0.47,0.079,8.0
2015-08-19 22:00:00,63rd Street Beach,1440021600.0,13.8,0.49,0.08,7.0,63rdStreetBeach201508192200,0,13.8,0.49,0.08,7.0
2015-08-19 23:00:00,63rd Street Beach,1440025200.0,13.7,1.08,,5.0,63rdStreetBeach201508192300,0,13.7,1.08,0.082,5.0
2015-08-20 00:00:00,63rd Street Beach,1440028800.0,13.7,0.45,0.075,5.0,63rdStreetBeach201508202400,0,13.7,0.45,0.075,5.0
2015-08-20 01:00:00,63rd Street Beach,1440032400.0,13.7,0.52,0.074,10.0,63rdStreetBeach201508200100,0,13.7,0.52,0.074,10.0
2015-08-20 02:00:00,63rd Street Beach,1440036000.0,13.6,0.46,0.071,9.0,63rdStreetBeach201508200200,0,13.6,0.46,0.071,9.0
2015-08-20 03:00:00,63rd Street Beach,1440039600.0,13.6,0.45,0.068,,63rdStreetBeach201508200300,0,13.6,0.45,0.068,6.0
2015-08-20 04:00:00,63rd Street Beach,1440043200.0,13.7,0.46,0.071,6.0,63rdStreetBeach201508200400,0,13.7,0.46,0.071,6.0
2015-08-20 05:00:00,63rd Street Beach,1440046800.0,13.7,,0.068,5.0,63rdStreetBeach201508200500,0,13.7,0.45,0.068,5.0
2015-08-20 06:00:00,63rd Street Beach,1440050400.0,13.7,0.46,0.07,8.0,63rdStreetBeach201508200600,0,13.7,0.46,0.07,8.0
2015-08-20 07:00:00,63rd Street Beach,1440054000.0,13.7,0.44,0.07,9.0,63rdStreetBeach201508200700,0,13.7,0.44,0.07,9.0
2015-08-20 08:00:00,63rd Street Beach,1440057600.0,13.7,0.45,0.083,5.0,63rdStreetBeach201508200800,0,13.7,0.45,0.083,5.0
2015-08-20 09:00:00,63rd Street Beach,1440061200.0,13.7,0.42,0.07,8.0,63rdStreetBeach201508200900,0,13.7,0.42,0.07,8.0
2015-08-20 10:00:00,63rd Street Beach,1440064800.0,13.7,0.43,0.073,9.0,63rdStreetBeach201508201000,0,13.7,0.43,0.073,9.0
2015-08-20 11:00:00,63rd Street Beach,,,,,,,1,,,,
2015-08-20 12:00:00,63rd Street Beach,,,,,,,1,,,,
2015-08-20 13:00:00,63rd Street Beach,1440075600.0,14.1,0.41,0.083,7.0,63rdStreetBeach201508201300,0,14.1,0.41,0.083,7.0
2015-08-20 14:00:00,63rd Street Beach,,,,,,,1,,,,
2015-08-20 15:00:00,63rd Street Beach,,,,,,,1,,,,
2015-08-20 16:00:00,63rd Street Beach,1440086400.0,,0.41,0.105,3.0,63rdStreetBeach201508201600,0,14.4,0.41,0.105,3.0
2015-08-20 17:00:00,63rd Street Beach,1440090000.0,14.4,0.45,0.113,3.0,63rdStreetBeach201508201700,0,14.4,0.45,0.113,3.0
2015-08-20 18:00:00,63rd Street Beach,1440093600.0,14.5,,0.121,3.0,63rdStreetBeach201508201800,0,14.5,0.4,0.121,3.0
2015-08-20 19:00:00,63rd Street Beach,1440097200.0,14.4,0.41,0.12,3.0,63rdStreetBeach201508201900,0,14.4,0.41,0.12,3.0
2015-08-20 20:00:00,63rd Street Beach,1440100800.0,14.2,0.44,0.115,3.0,63rdStreetBeach201508202000,0,14.2,0.44,0.115,3.0
2015-08-20 21:00:00,63rd Street Beach,1440104400.0,13.9,0.41,,7.0,63rdStreetBeach201508202100,0,13.9,0.41,0.123,7.0
2015-08-20 22:00:00,63rd Street Beach,1440108000.0,14.4,0.44,0.106,3.0,63rdStreetBeach201508202200,0,14.4,0.44,0.106,3.0
2015-08-20 23:00:00,63rd Street Beach,,,,,,,1,,,,
2015-08-21 00:00:00,63rd Street Beach,1440115200.0,14.1,,0.098,3.0,63rdStreetBeach201508212400,0,14.1,0.53,0.098,3.0
2015-08-21 01:00:00,63rd Street Beach,,,,,,,1,,,,
2015-08-21 02:00:00,63rd Street Beach,1440122400.0,13.8,0.44,0.09,,63rdStreetBeach201508210200,0,13.8,0.44,0.09,6.0
2015-08-21 03:00:00,63rd Street Beach,1440126000.0,13.7,0.47,0.088,6.0,63rdStreetBeach201508210300,0,13.7,0.47,0.088,6.0
2015-08-21 04:00:00,63rd Street Beach,1440129600.0,13.6,0.45,0.081,4.0,63rdStreetBeach201508210400,0,13.6,0.45,0.081,4.0
2015-08-21 05:00:00,63rd Street Beach,1440133200.0,13.6,0.44,0.078,6.0,63rdStreetBeach201508210500,0,13.6,0.44,0.078,6.0
2015-08-21 06:00:00,63rd Street Beach,1440136800.0,13.5,0.45,0.076,4.0,63rdStreetBeach201508210600,0,13.5,0.45,0.076,4.0
2015-08-21 07:00:00,63rd Street Beach,1440140400.0,13.5,0.45,0.074,6.0,63rdStreetBeach201508210700,0,13.5,0.45,0.074,6.0
2015-08-21 08:00:00,63rd Street Beach,1440144000.0,13.7,1.55,0.078,5.0,63rdStreetBeach201508210800,0,13.7,1.55,0.078,5.0
2015-08-21 09:00:00,63rd Street Beach,1440147600.0,14.1,0.42,,,63rdStreetBeach201508210900,0,14.1,0.42,0.07,6.0
2015-08-21 10:00:00,63rd Street Beach,,,,,,,1,,,,
2015-08-21 11:00:00,63rd Street Beach,1440154800.0,14.7,0.79,0.073,5.0,63rdStreetBeach201508211100,0,14.7,0.79,0.073,5.0
2015-08-21 12:00:00,63rd Street Beach,,,,,,,1,,,,
2015-08-21 13:00:00,63rd Street Beach,,,,,,,1,,,,
2015-08-21 14:00:00,63rd Street Beach,,,,,,,1,,,,
2015-08-21 15:00:00,63rd Street Beach,,,,,,,1,,,,
2015-08-21 16:00:00,63rd Street Beach,,,,,,,1,,,,
2015-08-21 17:00:00,63rd Street Beach,,,,,,,1,,,,
2015-08-21 18:00:00,63rd Street Beach,,,,,,,1,,,,
2015-08-21 19:00:00,63rd Street Beach,,,,,,,1,,,,
2015-08-21 20:00:00,63rd Street Beach,,,,,,,1,,,,
2015-08-21 21:00:00,63rd Street Beach,,,,,,,1,,,,
2015-08-21 22:00:00,63rd Street Beach,,,,,,,1,,,,
2015-08-21 23:00:00,63rd Street Beach,,,,,,,1,,,,
2015-08-22 00:00:00,63rd Street Beach,,,,,,,1,,,,
2015-08-22 01:00:00,63rd Street Beach,,,,,,,1,,,,
2015-08-22 02:00:00,63rd Street Beach,,,,,,,1,,,,
2015-08-22 03:00:00,63rd Street Beach,,,,,,,1,,,,
2015-08-22 04:00:00,63rd Street Beach,,,,,,,1,,,,
2015-08-22 05:00:00,63rd Street Beach,,,,,,,1,,,,
2015-08-22 06:00:00,63rd Street Beach,,,,,,,1,,,,
2015-08-22 07:00:00,63rd Street Beach,,,,,,,1,,,,
2015-08-22 08:00:00,63rd Street Beach,1440230400.0,13.5,0.72,0.065,6.0,63rdStreetBeach201508220800,0,13.5,0.72,0.065,6.0
2015-08-22 09:00:00,63rd Street Beach,,,,,,,1,,,,
2015-08-22 10:00:00,63rd Street Beach,1440237600.0,14.0,,,3.0,63rdStreetBeach201508221000,0,14.0,0.65,0.083,3.0
2015-08-22 11:00:00,63rd Street Beach,,,,,,,1,,,,
2015-08-22 12:00:00,63rd Street Beach,1440244800.0,14.3,0.45,0.105,4.0,63rdStreetBeach201508221200,0,14.3,0.45,0.105,4.0
2015-08-22 13:00:00,63rd Street Beach,1440248400.0,14.3,0.44,0.101,4.0,63rdStreetBeach201508221300,0,14.3,0.44,0.101,4.0
2015-08-22 14:00:00,63rd Street Beach,1440252000.0,,0.44,0.099,2.0,63rdStreetBeach201508221400,0,14.2,0.44,0.099,2.0
2015-08-22 15:00:00,63rd Street Beach,,,,,,,1,,,,
2015-08-22 16:00:00,63rd Street Beach,1440259200.0,14.3,0.44,0.106,4.0,63rdStreetBeach201508221600,0,14.3,0.44,0.106,4.0
2015-08-22 17:00:00,63rd Street Beach,1440262800.0,14.5,0.44,0.113,3.0,63rdStreetBeach201508221700,0,14.5,0.44,0.113,3.0
2015-08-22 18:00:00,63rd Street Beach,1440266400.0,14.4,0.43,0.108,3.0,63rdStreetBeach201508221800,0,14.4,0.43,0.108,3.0
2015-08-22 19:00:00,63rd Street Beach,1440270000.0,14.4,0.45,0.115,3.0,63rdStreetBeach201508221900,0,14.4,0.45,0.115,3.0
2015-08-22 20:00:00,63rd Street Beach,1440273600.0,,0.44,0.103,3.0,63rdStreetBeach201508222000,0,14.3,0.44,0.103,3.0
2015-08-22 21:00:00,63rd Street Beach,,,,,,,1,,,,
2015-08-22 22:00:00,63rd Street Beach,,,,,,,1,,,,
2015-08-22 23:00:00,63rd Street Beach,1440284400.0,14.6,0.64,0.1,4.0,63rdStreetBeach201508222300,0,14.6,0.64,0.1,4.0
2015-08-23 00:00:00,63rd Street Beach,1440288000.0,14.4,0.5,0.098,3.0,63rdStreetBeach201508232400,0,14.4,0.5,0.098,3.0
2015-08-23 01:00:00,63rd Street Beach,,,,,,,1,,,,
2015-08-23 02:00:00,63rd Street Beach,1440295200.0,14.3,0.5,0.087,6.0,63rdStreetBeach201508230200,0,14.3,0.5,0.087,6.0
2015-08-23 03:00:00,63rd Street Beach,1440298800.0,14.3,0.47,,,63rdStreetBeach201508230300,0,14.3,0.47,0.1,2.0
2015-08-23 04:00:00,63rd Street Beach,1440302400.0,14.2,0.45,0.085,,63rdStreetBeach201508230400,0,14.2,0.45,0.085,3.0
2015-08-23 05:00:00,63rd Street Beach,1440306000.0,,0.47,0.076,3.0,63rdStreetBeach201508230500,0,14.3,0.47,0.076,3.0
2015-08-23 06:00:00,63rd Street Beach,1440309600.0,14.3,,0.079,3.0,63rdStreetBeach201508230600,0,14.3,0.5,0.079,3.0
2015-08-23 07:00:00,63rd Street Beach,,,,,,,1,,,,
2015-08-23 08:00:00,63rd Street Beach,1440316800.0,14.0,0.43,0.073,7.0,63rdStreetBeach201508230800,0,14.0,0.43,0.073,7.0
2015-08-23 09:00:00,63rd Street Beach,1440320400.0,14.1,0.43,0.073,5.0,63rdStreetBeach201508230900,0,14.1,0.43,0.073,5.0
2015-08-23 10:00:00,63rd Street Beach,1440324000.0,14.4,0.53,0.075,2.0,63rdStreetBeach201508231000,0,14.4,0.53,0.075,2.0
2015-08-23 11:00:00,63rd Street Beach,1440327600.0,14.5,0.49,0.085,4.0,63rdStreetBeach201508231100,0,14.5,0.49,0.085,4.0
2015-08-23 12:00:00,63rd Street Beach,1440331200.0,,0.5,0.079,3.0,63rdStreetBeach201508231200,0,14.7,0.5,0.079,3.0
2015-08-23 13:00:00,63rd Street Beach,1440334800.0,14.3,0.48,0.103,3.0,63rdStreetBeach201508231300,0,14.3,0.48,0.103,3.0
2015-08-23 14:00:00,63rd Street Beach,,,,,,,1,,,,
2015-08-23 15:00:00,63rd Street Beach,1440342000.0,14.7,0.46,0.079,,63rdStreetBeach201508231500,0,14.7,0.46,0.079,4.0
2015-08-23 16:00:00,63rd Street Beach,1440345600.0,14.7,,0.094,9.0,63rdStreetBeach201508231600,0,14.7,0.43,0.094,9.0
2015-08-23 17:00:00,63rd Street Beach,1440349200.0,14.6,0.42,,3.0,63rdStreetBeach201508231700,0,14.6,0.42,0.101,3.0
2015-08-23 18:00:00,63rd Street Beach,1440352800.0,14.5,0.43,0.099,,63rdStreetBeach201508231800,0,14.5,0.43,0.099,3.0
2015-08-23 19:00:00,63rd Street Beach,1440356400.0,,0.41,0.115,3.0,63rdStreetBeach201508231900,0,14.4,0.41,0.115,3.0
2015-08-23 20:00:00,63rd Street Beach,1440360000.0,,0.44,0.111,3.0,63rdStreetBeach201508232000,0,14.3,0.44,0.111,3.0
2015-08-23 21:00:00,63rd Street Beach,1440363600.0,14.2,0.44,0.116,4.0,63rdStreetBeach201508232100,0,14.2,0.44,0.116,4.0
2015-08-23 22:00:00,63rd Street Beach,,,,,,,1,,,,
2015-08-23 23:00:00,63rd Street Beach,,,,,,,1,,,,
2015-08-24 00:00:00,63rd Street Beach,1440374400.0,14.0,0.44,0.113,3.0,63rdStreetBeach201508242400,0,14.0,0.44,0.113,3.0
2015-08-24 01:00:00,63rd Street Beach,1440378000.0,,0.45,0.11,3.0,63rdStreetBeach201508240100,0,13.9,0.45,0.11,3.0
2015-08-24 02:00:00,63rd Street Beach,1440381600.0,13.9,0.42,0.105,6.0,63rdStreetBeach201508240200,0,13.9,0.42,0.105,6.0
2015-08-24 03:00:00,63rd Street Beach,1440385200.0,13.9,0.42,0.099,5.0,63rdStreetBeach201508240300,0,13.9,0.42,0.099,5.0
2015-08-24 04:00:00,63rd Street Beach,1440388800.0,13.8,0.44,0.096,4.0,63rdStreetBeach201508240400,0,13.8,0.44,0.096,4.0
2015-08-24 05:00:00,63rd Street Beach,1440392400.0,,,,4.0,63rdStreetBeach201508240500,0,13.8,0.43,0.086,4.0
2015-08-24 06:00:00,63rd Street Beach,1440396000.0,,0.44,,4.0,63rdStreetBeach201508240600,0,13.7,0.44,0.087,4.0
2015-08-24 07:00:00,63rd Street Beach,1440399600.0,,0.43,0.079,5.0,63rdStreetBeach201508240700,0,13.7,0.43,0.079,5.0
2015-08-24 08:00:00,63rd Street Beach,1440403200.0,13.8,0.42,0.074,,63rdStreetBeach201508240800,0,13.8,0.42,0.074,7.0
2015-08-24 09:00:00,63rd Street Beach,1440406800.0,13.9,0.42,0.082,6.0,63rdStreetBeach201508240900,0,13.9,0.42,0.082,6.0
2015-08-24 10:00:00,63rd Street Beach,1440410400.0,,0.41,0.085,5.0,63rdStreetBeach201508241000,0,14.1,0.41,0.085,5.0
2015-08-24 11:00:00,63rd Street Beach,1440414000.0,,0.42,0.082,5.0,63rdStreetBeach201508241100,0,14.4,0.42,0.082,5.0
2015-08-24 12:00:00,63rd Street Beach,1440417600.0,14.6,0.39,0.085,5.0,63rdStreetBeach201508241200,0,14.6,0.39,0.085,5.0
2015-08-24 13:00:00,63rd Street Beach,1440421200.0,14.8,0.37,0.083,9.0,63rdStreetBeach201508241300,0,14.8,0.37,0.083,9.0
2015-08-24 14:00:00,63rd Street Beach,,,,,,,1,,,,
2015-08-24 15:00:00,63rd Street Beach,1440428400.0,15.1,0.38,0.089,9.0,63rdStreetBeach201508241500,0,15.1,0.38,0.089,9.0
2015-08-24 16:00:00,63rd Street Beach,1440432000.0,15.0,0.38,0.092,6.0,63rdStreetBeach201508241600,0,15.0,0.38,0.092,6.0
2015-08-24 17:00:00,63rd Street Beach,1440435600.0,,0.38,0.107,4.0,63rdStreetBeach201508241700,0,14.8,0.38,0.107,4.0
2015-08-24 18:00:00,63rd Street Beach,1440439200.0,14.7,0.41,0.122,3.0,63rdStreetBeach201508241800,0,14.7,0.41,0.122,3.0
2015-08-24 19:00:00,63rd Street Beach,1440442800.0,14.7,0.42,0.14,3.0,63rdStreetBeach201508241900,0,14.7,0.42,0.14,3.0
2015-08-24 20:00:00,63rd Street Beach,1440446400.0,14.6,0.43,0.164,3.0,63rdStreetBeach201508242000,0,14.6,0.43,0.164,3.0
2015-08-24 21:00:00,63rd Street Beach,1440450000.0,14.5,0.42,0.169,3.0,63rdStreetBeach201508242100,0,14.5,0.42,0.169,3.0
2015-08-24 22:00:00,63rd Street Beach,1440453600.0,14.6,0.46,,3.0,63rdStreetBeach201508242200,0,14.6,0.46,0.198,3.0
2015-08-24 23:00:00,63rd Street Beach,1440457200.0,14.6,,0.175,6.0,63rdStreetBeach201508242300,0,14.6,0.51,0.175,6.0
2015-08-25 00:00:00,63rd Street Beach,1440460800.0,14.6,,0.179,6.0,63rdStreetBeach201508252400,0,14.6,0.53,0.179,6.0
2015-08-25 01:00:00,63rd Street Beach,1440464400.0,14.5,0.62,0.199,5.0,63rdStreetBeach201508250100,0,14.5,0.62,0.199,5.0
2015-08-25 02:00:00,63rd Street Beach,1440468000.0,14.5,0.71,0.208,5.0,63rdStreetBeach201508250200,0,14.5,0.71,0.208,5.0
2015-08-25 03:00:00,63rd Street Beach,1440471600.0,,0.75,0.198,,63rdStreetBeach201508250300,0,14.4,0.75,0.198,4.0
2015-08-25 04:00:00,63rd Street Beach,1440475200.0,14.3,0.77,,,63rdStreetBeach201508250400,0,14.3,0.77,0.2,4.0
2015-08-25 05:00:00,63rd Street Beach,1440478800.0,14.3,0.73,0.189,4.0,63rdStreetBeach201508250500,0,14.3,0.73,0.189,4.0
2015-08-25 06:00:00,63rd Street Beach,1440482400.0,14.2,0.69,0.181,4.0,63rdStreetBeach201508250600,0,14.2,0.69,0.181,4.0
2015-08-25 07:00:00,63rd Street Beach,1440486000.0,14.2,0.7,0.18,4.0,63rdStreetBeach201508250700,0,14.2,0.7,0.18,4.0
2015-08-25 08:00:00,63rd Street Beach,1440489600.0,14.2,0.69,0.157,4.0,63rdStreetBeach201508250800,0,14.2,0.69,0.157,4.0
2015-08-25 09:00:00,63rd Street Beach,,,,,,,1,,,,
2015-08-25 10:00:00,63rd Street Beach,1440496800.0,14.4,0.6,0.16,3.0,63rdStreetBeach201508251000,0,14.4,0.6,0.16,3.0
2015-08-25 11:00:00,63rd Street Beach,1440500400.0,14.5,0.64,0.164,5.0,63rdStreetBeach201508251100,0,14.5,0.64,0.164,5.0
2015-08-25 12:00:00,63rd Street Beach,,,,,,,1,,,,
2015-08-25 13:00:00,63rd Street Beach,,,,,,,1,,,,
2015-08-25 14:00:00,63rd Street Beach,,,,,,,1,,,,
2015-08-25 15:00:00,63rd Street Beach,1440514800.0,15.3,0.83,0.174,4.0,63rdStreetBeach201508251500,0,15.3,0.83,0.174,4.0
2015-08-25 16:00:00,63rd Street Beach,1440518400.0,16.3,1.96,0.181,4.0,63rdStreetBeach201508251600,0,16.3,1.96,0.181,4.0
2015-08-25 17:00:00,63rd Street Beach,1440522000.0,16.3,1.58,0.177,5.0,63rdStreetBeach201508251700,0,16.3,1.58,0.177,5.0
2015-08-25 18:00:00,63rd Street Beach,1440525600.0,16.4,1.53,0.172,5.0,63rdStreetBeach201508251800,0,16.4,1.53,0.172,5.0
2015-08-25 19:00:00,63rd Street Beach,1440529200.0,16.2,1.68,0.177,4.0,63rdStreetBeach201508251900,0,16.2,1.68,0.177,4.0
2015-08-25 20:00:00,63rd Street Beach,1440532800.0,15.8,1.29,0.161,4.0,63rdStreetBeach201508252000,0,15.8,1.29,0.161,4.0
2015-08-25 21:00:00,63rd Street Beach,1440536400.0,15.7,,0.159,4.0,63rdStreetBeach201508252100,0,15.7,1.37,0.159,4.0
2015-08-25 22:00:00,63rd Street Beach,,,,,,,1,,,,
2015-08-25 23:00:00,63rd Street Beach,1440543600.0,15.5,1.35,0.17,5.0,63rdStreetBeach201508252300,0,15.5,1.35,0.17,5.0
2015-08-26 00:00:00,63rd Street Beach,1440547200.0,15.5,1.33,0.177,5.0,63rdStreetBeach201508262400,0,15.5,1.33,0.177,5.0
2015-08-26 01:00:00,63rd Street Beach,1440550800.0,15.6,1.37,0.177,5.0,63rdStreetBeach201508260100,0,15.6,1.37,0.177,5.0
2015-08-26 02:00:00,63rd Street Beach,1440554400.0,15.6,1.22,0.165,,63rdStreetBeach201508260200,0,15.6,1.22,0.165,4.0
2015-08-26 03:00:00,63rd Street Beach,,,,,,,1,,,,
2015-08-26 04:00:00,63rd Street Beach,,,,,,,1,,,,
2015-08-26 05:00:00,63rd Street Beach,,,,,,,1,,,,
2015-08-26 06:00:00,63rd Street Beach,1440568800.0,15.4,1.27,0.196,4.0,63rdStreetBeach201508260600,0,15.4,1.27,0.196,4.0
2015-08-26 07:00:00,63rd Street Beach,,,,,,,1,,,,
2015-08-26 08:00:00,63rd Street Beach,1440576000.0,15.2,1.32,0.182,,63rdStreetBeach201508260800,0,15.2,1.32,0.182,4.0
2015-08-26 09:00:00,63rd Street Beach,1440579600.0,15.2,1.23,0.185,,63rdStreetBeach201508260900,0,15.2,1.23,0.185,4.0
2015-08-26 10:00:00,63rd Street Beach,1440583200.0,15.1,,0.182,4.0,63rdStreetBeach201508261000,0,15.1,1.23,0.182,4.0
2015-08-26 11:00:00,63rd Street Beach,,,,,,,1,,,,
2015-08-26 12:00:00,63rd Street Beach,1440590400.0,,1.22,0.221,,63rdStreetBeach201508261200,0,15.2,1.22,0.221,5.0
2015-08-26 13:00:00,63rd Street Beach,1440594000.0,15.2,,,5.0,63rdStreetBeach201508261300,0,15.2,1.24,0.21,5.0
2015-08-26 14:00:00,63rd Street Beach,,,,,,,1,,,,
2015-08-26 15:00:00,63rd Street Beach,,,,,,,1,,,,
2015-08-26 16:00:00,63rd Street Beach,1440604800.0,15.9,1.57,0.208,4.0,63rdStreetBeach201508261600,0,15.9,1.57,0.208,4.0
2015-08-26 17:00:00,63rd Street Beach,,,,,,,1,,,,
2015-08-26 18:00:00,63rd Street Beach,1440612000.0,15.6,1.45,0.185,4.0,63rdStreetBeach201508261800,0,15.6,1.45,0.185,4.0
2015-08-26 19:00:00,63rd Street Beach,1440615600.0,15.6,0.94,0.173,4.0,63rdStreetBeach201508261900,0,15.6,0.94,0.173,4.0
2015-08-26 20:00:00,63rd Street Beach,1440619200.0,,0.94,0.173,4.0,63rdStreetBeach201508262000,0,15.8,0.94,0.173,4.0
2015-08-26 21:00:00,63rd Street Beach,1440622800.0,,0.73,0.174,3.0,63rdStreetBeach201508262100,0,16.0,0.73,0.174,3.0
2015-08-26 22:00:00,63rd Street Beach,,,,,,,1,,,,
2015-08-26 23:00:00,63rd Street Beach,1440630000.0,16.3,0.72,0.16,,63rdStreetBeach201508262300,0,16.3,0.72,0.16,4.0
2015-08-27 00:00:00,63rd Street Beach,1440633600.0,16.3,0.74,0.16,4.0,63rdStreetBeach201508272400,0,16.3,0.74,0.16,4.0
2015-08-27 01:00:00,63rd Street Beach,1440637200.0,16.3,0.72,0.158,4.0,63rdStreetBeach201508270100,0,16.3,0.72,0.158,4.0
2015-08-27 02:00:00,63rd Street Beach,1440640800.0,16.2,,,4.0,63rdStreetBeach201508270200,0,16.2,0.72,0.152,4.0
2015-08-27 03:00:00,63rd Street Beach,1440644400.0,16.2,0.81,0.148,5.0,63rdStreetBeach201508270300,0,16.2,0.81,0.148,5.0
2015-08-27 04:00:00,63rd Street Beach,1440648000.0,,,0.138,5.0,63rdStreetBeach201508270400,0,16.2,0.82,0.138,5.0
2015-08-27 05:00:00,63rd Street Beach,1440651600.0,,0.72,0.135,5.0,63rdStreetBeach201508270500,0,16.4,0.72,0.135,5.0
2015-08-27 06:00:00,63rd Street Beach,1440655200.0,16.4,0.93,0.143,,63rdStreetBeach201508270600,0,16.4,0.93,0.143,4.0
2015-08-27 07:00:00,63rd Street Beach,1440658800.0,16.3,0.76,0.139,5.0,63rdStreetBeach201508270700,0,16.3,0.76,0.139,5.0
2015-08-27 08:00:00,63rd Street Beach,1440662400.0,16.3,,0.14,4.0,63rdStreetBeach201508270800,0,16.3,0.79,0.14,4.0
2015-08-27 09:00:00,63rd Street Beach,1440666000.0,16.4,0.87,0.137,5.0,63rdStreetBeach201508270900,0,16.4,0.87,0.137,5.0
2015-08-27 10:00:00,63rd Street Beach,1440669600.0,16.7,0.74,0.131,5.0,63rdStreetBeach201508271000,0,16.7,0.74,0.131,5.0
2015-08-27 11:00:00,63rd Street Beach,1440673200.0,17.2,,0.127,5.0,63rdStreetBeach201508271100,0,17.2,0.77,0.127,5.0
2015-08-27 12:00:00,63rd Street Beach,1440676800.0,17.6,0.57,,4.0,63rdStreetBeach201508271200,0,17.6,0.57,0.126,4.0
2015-08-27 13:00:00,63rd Street Beach,1440680400.0,17.5,0.59,0.128,4.0,63rdStreetBeach201508271300,0,17.5,0.59,0.128,4.0
2015-08-27 14:00:00,63rd Street Beach,,,,,,,1,,,,
2015-08-27 15:00:00,63rd Street Beach,,,,,,,1,,,,
2015-08-27 16:00:00,63rd Street Beach,1440691200.0,,1.09,0.107,5.0,63rdStreetBeach201508271600,0,18.4,1.09,0.107,5.0
2015-08-27 17:00:00,63rd Street Beach,1440694800.0,18.3,0.79,0.104,5.0,63rdStreetBeach201508271700,0,18.3,0.79,0.104,5.0
2015-08-27 18:00:00,63rd Street Beach,1440698400.0,,0.73,0.092,4.0,63rdStreetBeach201508271800,0,18.3,0.73,0.092,4.0
2015-08-27 19:00:00,63rd Street Beach,1440702000.0,18.3,0.73,0.079,4.0,63rdStreetBeach201508271900,0,18.3,0.73,0.079,4.0
2015-08-27 20:00:00,63rd Street Beach,1440705600.0,18.0,0.67,,5.0,63rdStreetBeach201508272000,0,18.0,0.67,0.08,5.0
2015-08-27 21:00:00,63rd Street Beach,1440709200.0,17.8,0.58,,,63rdStreetBeach201508272100,0,17.8,0.58,0.078,4.0
2015-08-27 22:00:00,63rd Street Beach,1440712800.0,,0.65,0.072,4.0,63rdStreetBeach201508272200,0,17.8,0.65,0.072,4.0
2015-08-27 23:00:00,63rd Street Beach,1440716400.0,17.7,0.59,0.087,4.0,63rdStreetBeach201508272300,0,17.7,0.59,0.087,4.0
2015-08-28 00:00:00,63rd Street Beach,1440720000.0,,0.54,0.092,,63rdStreetBeach201508282400,0,17.9,0.54,0.092,3.0
2015-08-28 01:00:00,63rd Street Beach,1440723600.0,17.8,0.56,0.102,,63rdStreetBeach201508280100,0,17.8,0.56,0.102,3.0
2015-08-28 02:00:00,63rd Street Beach,1440727200.0,17.8,,0.101,,63rdStreetBeach201508280200,0,17.8,0.58,0.101,6.0
2015-08-28 03:00:00,63rd Street Beach,1440730800.0,17.7,,0.103,3.0,63rdStreetBeach201508280300,0,17.7,0.57,0.103,3.0
2015-08-28 04:00:00,63rd Street Beach,1440734400.0,17.6,0.58,0.106,3.0,63rdStreetBeach201508280400,0,17.6,0.58,0.106,3.0
2015-08-28 05:00:00,63rd Street Beach,1440738000.0,17.5,0.59,0.105,,63rdStreetBeach201508280500,0,17.5,0.59,0.105,3.0
2015-08-28 06:00:00,63rd Street Beach,1440741600.0,17.5,0.56,0.1,3.0,63rdStreetBeach201508280600,0,17.5,0.56,0.1,3.0
2015-08-28 07:00:00,63rd Street Beach,1440745200.0,17.4,0.61,0.101,,63rdStreetBeach201508280700,0,17.4,0.61,0.101,3.0
2015-08-28 08:00:00,63rd Street Beach,1440748800.0,17.4,0.61,0.093,3.0,63rdStreetBeach201508280800,0,17.4,0.61,0.093,3.0
2015-08-28 09:00:00,63rd Street Beach,1440752400.0,17.4,0.79,,,63rdStreetBeach201508280900,0,17.4,0.79,0.088,3.0
2015-08-28 10:00:00,63rd Street Beach,1440756000.0,17.5,1.02,,4.0,63rdStreetBeach201508281000,0,17.5,1.02,0.083,4.0
2015-08-28 11:00:00,63rd Street Beach,1440759600.0,16.7,,0.071,,63rdStreetBeach201508281100,0,16.7,0.69,0.071,3.0
2015-08-28 12:00:00,63rd Street Beach,1440763200.0,16.4,0.68,0.073,3.0,63rdStreetBeach201508281200,0,16.4,0.68,0.073,3.0
2015-08-28 13:00:00,63rd Street Beach,1440766800.0,16.3,0.59,0.071,3.0,63rdStreetBeach201508281300,0,16.3,0.59,0.071,3.0
2015-08-28 14:00:00,63rd Street Beach,1440770400.0,16.4,0.56,0.062,4.0,63rdStreetBeach201508281400,0,16.4,0.56,0.062,4.0
2015-08-28 15:00:00,63rd Street Beach,1440774000.0,16.5,0.61,0.06,3.0,63rdStreetBeach201508281500,0,16.5,0.61,0.06,3.0
2015-08-28 16:00:00,63rd Street Beach,1440777600.0,,0.58,0.071,3.0,63rdStreetBeach201508281600,0,16.3,0.58,0.071,3.0
2015-08-28 17:00:00,63rd Street Beach,1440781200.0,,0.54,0.063,3.0,63rdStreetBeach201508281700,0,16.3,0.54,0.063,3.0
2015-08-28 18:00:00,63rd Street Beach,1440784800.0,16.5,0.56,0.072,,63rdStreetBeach201508281800,0,16.5,0.56,0.072,4.0
2015-08-28 19:00:00,63rd Street Beach,1440788400.0,16.5,0.5,0.08,4.0,63rdStreetBeach201508281900,0,16.5,0.5,0.08,4.0
2015-08-28 20:00:00,63rd Street Beach,1440792000.0,16.5,,0.059,6.0,63rdStreetBeach201508282000,0,16.5,0.5,0.059,6.0
2015-08-28 21:00:00,63rd Street Beach,1440795600.0,,0.48,0.08,6.0,63rdStreetBeach201508282100,0,16.4,0.48,0.08,6.0
2015-08-28 22:00:00,63rd Street Beach,1440799200.0,16.3,0.49,0.087,4.0,63rdStreetBeach201508282200,0,16.3,0.49,0.087,4.0
2015-08-28 23:00:00,63rd Street Beach,1440802800.0,16.2,0.49,,2.0,63rdStreetBeach201508282300,0,16.2,0.49,0.096,2.0
2015-08-29 00:00:00,63rd Street Beach,1440806400.0,,0.5,0.102,3.0,63rdStreetBeach201508292400,0,16.1,0.5,0.102,3.0
2015-08-29 01:00:00,63rd Street Beach,1440810000.0,16.0,,0.097,2.0,63rdStreetBeach201508290100,0,16.0,0.51,0.097,2.0
2015-08-29 02:00:00,63rd Street Beach,1440813600.0,16.0,0.5,,,63rdStreetBeach201508290200,0,16.0,0.5,0.109,3.0
2015-08-29 03:00:00,63rd Street Beach,1440817200.0,16.0,0.5,0.097,3.0,63rdStreetBeach201508290300,0,16.0,0.5,0.097,3.0
2015-08-29 04:00:00,63rd Street Beach,1440820800.0,,0.51,0.1,3.0,63rdStreetBeach201508290400,0,15.9,0.51,0.1,3.0
2015-08-29 05:00:00,63rd Street Beach,1440824400.0,15.9,,0.096,3.0,63rdStreetBeach201508290500,0,15.9,1.0,0.096,3.0
2015-08-29 06:00:00,63rd Street Beach,1440828000.0,15.9,0.53,0.089,3.0,63rdStreetBeach201508290600,0,15.9,0.53,0.089,3.0
2015-08-29 07:00:00,63rd Street Beach,1440831600.0,16.4,0.55,0.091,3.0,63rdStreetBeach201508290700,0,16.4,0.55,0.091,3.0
2015-08-29 08:00:00,63rd Street Beach,1440835200.0,16.3,0.53,0.086,,63rdStreetBeach201508290800,0,16.3,0.53,0.086,3.0
2015-08-29 09:00:00,63rd Street Beach,,,,,,,1,,,,
2015-08-29 10:00:00,63rd Street Beach,,,,,,,1,,,,
2015-08-29 11:00:00,63rd Street Beach,1440846000.0,,0.53,0.101,3.0,63rdStreetBeach201508291100,0,16.3,0.53,0.101,3.0
2015-08-29 12:00:00,63rd Street Beach,1440849600.0,,0.53,0.105,3.0,63rdStreetBeach201508291200,0,16.2,0.53,0.105,3.0
2015-08-29 13:00:00,63rd Street Beach,,,,,,,1,,,,
2015-08-29 14:00:00,63rd Street Beach,1440856800.0,16.2,0.77,0.1,,63rdStreetBeach201508291400,0,16.2,0.77,0.1,3.0
2015-08-29 15:00:00,63rd Street Beach,1440860400.0,,,0.105,3.0,63rdStreetBeach201508291500,0,16.0,0.53,0.105,3.0
2015-08-29 16:00:00,63rd Street Beach,1440864000.0,16.0,0.52,0.126,3.0,63rdStreetBeach201508291600,0,16.0,0.52,0.126,3.0
2015-08-29 17:00:00,63rd Street Beach,,,,,,,1,,,,
2015-08-29 18:00:00,63rd Street Beach,1440871200.0,16.6,0.6,0.128,4.0,63rdStreetBeach201508291800,0,16.6,0.6,0.128,4.0
2015-08-29 19:00:00,63rd Street Beach,,,,,,,1,,,,
2015-08-29 20:00:00,63rd Street Beach,1440878400.0,16.7,,0.105,6.0,63rdStreetBeach201508292000,0,16.7,0.55,0.105,6.0
2015-08-29 21:00:00,63rd Street Beach,,,,,,,1,,,,
2015-08-29 22:00:00,63rd Street Beach,1440885600.0,16.4,0.59,0.105,4.0,63rdStreetBeach201508292200,0,16.4,0.59,0.105,4.0
2015-08-29 23:00:00,63rd Street Beach,1440889200.0,16.6,0.61,0.099,5.0,63rdStreetBeach201508292300,0,16.6,0.61,0.099,5.0
2015-08-30 00:00:00,63rd Street Beach,1440892800.0,16.4,0.52,0.124,3.0,63rdStreetBeach201508302400,0,16.4,0.52,0.124,3.0
2015-08-30 01:00:00,63rd Street Beach,,,,,,,1,,,,
2015-08-30 02:00:00,63rd Street Beach,1440900000.0,16.4,0.54,0.136,3.0,63rdStreetBeach201508300200,0,16.4,0.54,0.136,3.0
2015-08-30 03:00:00,63rd Street Beach,1440903600.0,16.4,0.55,,3.0,63rdStreetBeach201508300300,0,16.4,0.55,0.15,3.0
2015-08-30 04:00:00,63rd Street Beach,,,,,,,1,,,,
2015-08-30 05:00:00,63rd Street Beach,,,,,,,1,,,,
2015-08-30 06:00:00,63rd Street Beach,1440914400.0,17.5,0.4,0.156,3.0,63rdStreetBeach201508300600,0,17.5,0.4,0.156,3.0
2015-08-30 07:00:00,63rd Street Beach,1440918000.0,17.4,0.42,0.145,4.0,63rdStreetBeach201508300700,0,17.4,0.42,0.145,4.0
2015-08-30 08:00:00,63rd Street Beach,1440921600.0,17.9,0.32,0.149,3.0,63rdStreetBeach201508300800,0,17.9,0.32,0.149,3.0
2015-08-30 09:00:00,63rd Street Beach,1440925200.0,18.4,0.29,0.142,,63rdStreetBeach201508300900,0,18.4,0.29,0.142,3.0
2015-08-30 10:00:00,63rd Street Beach,1440928800.0,18.5,0.31,0.147,3.0,63rdStreetBeach201508301000,0,18.5,0.31,0.147,3.0
2015-08-30 11:00:00,63rd Street Beach,1440932400.0,18.7,0.31,0.157,4.0,63rdStreetBeach201508301100,0,18.7,0.31,0.157,4.0
2015-08-30 12:00:00,63rd Street Beach,1440936000.0,19.0,0.3,0.148,3.0,63rdStreetBeach201508301200,0,19.0,0.3,0.148,3.0
2015-08-30 13:00:00,63rd Street Beach,1440939600.0,19.2,0.32,0.142,3.0,63rdStreetBeach201508301300,0,19.2,0.32,0.142,3.0
2015-08-30 14:00:00,63rd Street Beach,,,,,,,1,,,,
2015-08-30 15:00:00,63rd Street Beach,,,,,,,1,,,,
2015-08-30 16:00:00,63rd Street Beach,,,,,,,1,,,,
2015-08-30 17:00:00,63rd Street Beach,1440954000.0,20.0,0.27,0.125,3.0,63rdStreetBeach201508301700,0,20.0,0.27,0.125,3.0
2015-08-30 18:00:00,63rd Street Beach,1440957600.0,20.0,0.27,0.13,3.0,63rdStreetBeach201508301800,0,20.0,0.27,0.13,3.0
2015-08-30 19:00:00,63rd Street Beach,1440961200.0,20.0,0.25,0.119,3.0,63rdStreetBeach201508301900,0,20.0,0.25,0.119,3.0
2015-08-30 20:00:00,63rd Street Beach,1440964800.0,20.4,0.5,0.118,3.0,63rdStreetBeach201508302000,0,20.4,0.5,0.118,3.0
2015-08-30 21:00:00,63rd Street Beach,1440968400.0,20.2,0.6,,3.0,63rdStreetBeach201508302100,0,20.2,0.6,0.118,3.0
2015-08-30 22:00:00,63rd Street Beach,1440972000.0,20.0,,0.112,3.0,63rdStreetBeach201508302200,0,20.0,0.64,0.112,3.0
2015-08-30 23:00:00,63rd Street Beach,,,,,,,1,,,,
2015-08-31 00:00:00,63rd Street Beach,1440979200.0,19.8,0.62,0.106,3.0,63rdStreetBeach201508312400,0,19.8,0.62,0.106,3.0
2015-08-31 01:00:00,63rd Street Beach,1440982800.0,19.7,0.36,0.103,3.0,63rdStreetBeach201508310100,0,19.7,0.36,0.103,3.0
2015-08-31 02:00:00,63rd Street Beach,1440986400.0,19.6,0.35,0.09,3.0,63rdStreetBeach201508310200,0,19.6,0.35,0.09,3.0
2015-08-31 03:00:00,63rd Street Beach,1440990000.0,19.6,,0.087,3.0,63rdStreetBeach201508310300,0,19.6,0.31,0.087,3.0
2015-08-31 04:00:00,63rd Street Beach,1440993600.0,19.6,0.35,0.08,3.0,63rdStreetBeach201508310400,0,19.6,0.35,0.08,3.0
2015-08-31 05:00:00,63rd Street Beach,,,,,,,1,,,,
2015-08-31 06:00:00,63rd Street Beach,1441000800.0,19.5,0.36,0.073,3.0,63rdStreetBeach201508310600,0,19.5,0.36,0.073,3.0
2015-08-31 07:00:00,63rd Street Beach,1441004400.0,19.5,0.42,0.072,7.0,63rdStreetBeach201508310700,0,19.5,0.42,0.072,7.0
2015-08-31 08:00:00,63rd Street Beach,1441008000.0,19.5,0.41,0.068,6.0,63rdStreetBeach201508310800,0,19.5,0.41,0.068,6.0
2015-08-31 09:00:00,63rd Street Beach,1441011600.0,19.7,0.33,,6.0,63rdStreetBeach201508310900,0,19.7,0.33,0.06,6.0
2015-08-31 10:00:00,63rd Street Beach,,,,,,,1,,,,
2015-08-31 11:00:00,63rd Street Beach,1441018800.0,20.4,0.37,0.059,5.0,63rdStreetBeach201508311100,0,20.4,0.37,0.059,5.0
2015-08-31 12:00:00,63rd Street Beach,,,,,,,1,,,,
2015-08-31 13:00:00,63rd Street Beach,,,,,,,1,,,,
2015-08-31 14:00:00,63rd Street Beach,1441029600.0,21.0,0.23,0.06,4.0,63rdStreetBeach201508311400,0,21.0,0.23,0.06,4.0
2015-08-31 15:00:00,63rd Street Beach,,,,,,,1,,,,
2015-08-31 16:00:00,63rd Street Beach,1441036800.0,21.5,0.22,0.069,4.0,63rdStreetBeach201508311600,0,21.5,0.22,0.069,4.0
2015-08-31 17:00:00,63rd Street Beach,1441040400.0,21.9,0.43,0.071,,63rdStreetBeach201508311700,0,21.9,0.43,0.071,4.0
2015-08-31 18:00:00,63rd Street Beach,1441044000.0,23.2,0.47,0.077,4.0,63rdStreetBeach201508311800,0,23.2,0.47,0.077,4.0
2015-08-31 19:00:00,63rd Street Beach,1441047600.0,,0.16,0.083,7.0,63rdStreetBeach201508311900,0,22.7,0.16,0.083,7.0
2015-08-31 20:00:00,63rd Street Beach,1441051200.0,22.5,0.16,0.072,6.0,63rdStreetBeach201508312000,0,22.5,0.16,0.072,6.0
2015-08-31 21:00:00,63rd Street Beach,1441054800.0,22.3,0.2,,6.0,63rdStreetBeach201508312100,0,22.3,0.2,0.067,6.0
2015-08-31 22:00:00,63rd Street Beach,1441058400.0,22.1,,0.077,10.0,63rdStreetBeach201508312200,0,22.1,0.27,0.077,10.0
2015-08-31 23:00:00,63rd Street Beach,1441062000.0,21.8,0.35,,9.0,63rdStreetBeach201508312300,0,21.8,0.35,0.074,9.0
2015-09-01 00:00:00,63rd Street Beach,1441065600.0,21.3,0.4,,4.0,63rdStreetBeach201509012400,0,21.3,0.4,0.075,4.0
2015-09-01 01:00:00,63rd Street Beach,,,,,,,1,,,,
2015-09-01 02:00:00,63rd Street Beach,1441072800.0,,0.27,0.068,6.0,63rdStreetBeach201509010200,0,20.9,0.27,0.068,6.0
2015-09-01 03:00:00,63rd Street Beach,1441076400.0,21.2,0.47,0.084,6.0,63rdStreetBeach201509010300,0,21.2,0.47,0.084,6.0
2015-09-01 04:00:00,63rd Street Beach,1441080000.0,,0.32,,5.0,63rdStreetBeach201509010400,0,20.9,0.32,0.051,5.0
2015-09-01 05:00:00,63rd Street Beach,1441083600.0,20.5,0.33,0.048,9.0,63rdStreetBeach201509010500,0,20.5,0.33,0.048,9.0
2015-09-01 06:00:00,63rd Street Beach,1441087200.0,20.3,0.31,0.043,9.0,63rdStreetBeach201509010600,0,20.3,0.31,0.043,9.0
2015-09-01 07:00:00,63rd Street Beach,,,,,,,1,,,,
2015-09-01 08:00:00,63rd Street Beach,1441094400.0,20.0,0.34,0.039,7.0,63rdStreetBeach201509010800,0,20.0,0.34,0.039,7.0
2015-09-01 09:00:00,63rd Street Beach,1441098000.0,20.0,0.35,0.04,6.0,63rdStreetBeach201509010900,0,20.0,0.35,0.04,6.0
2015-09-01 10:00:00,63rd Street Beach,1441101600.0,20.2,0.35,0.052,6.0,63rdStreetBeach201509011000,0,20.2,0.35,0.052,6.0
2015-09-01 11:00:00,63rd Street Beach,1441105200.0,20.5,0.31,0.05,,63rdStreetBeach201509011100,0,20.5,0.31,0.05,5.0
2015-09-01 12:00:00,63rd Street Beach,1441108800.0,20.6,0.31,0.052,,63rdStreetBeach201509011200,0,20.6,0.31,0.052,2.0
2015-09-01 13:00:00,63rd Street Beach,1441112400.0,20.5,0.33,0.052,8.0,63rdStreetBeach201509011300,0,20.5,0.33,0.052,8.0
2015-09-01 14:00:00,63rd Street Beach,,,,,,,1,,,,
2015-09-01 15:00:00,63rd Street Beach,1441119600.0,19.9,0.48,0.063,4.0,63rdStreetBeach201509011500,0,19.9,0.48,0.063,4.0
2015-09-01 16:00:00,63rd Street Beach,1441123200.0,19.9,0.44,,9.0,63rdStreetBeach201509011600,0,19.9,0.44,0.062,9.0
2015-09-01 17:00:00,63rd Street Beach,1441126800.0,19.3,0.47,,3.0,63rdStreetBeach201509011700,0,19.3,0.47,0.071,3.0
2015-09-01 18:00:00,63rd Street Beach,1441130400.0,,0.54,0.063,8.0,63rdStreetBeach201509011800,0,19.2,0.54,0.063,8.0
2015-09-01 19:00:00,63rd Street Beach,1441134000.0,19.1,,0.086,3.0,63rdStreetBeach201509011900,0,19.1,0.51,0.086,3.0
2015-09-01 20:00:00,63rd Street Beach,,,,,,,1,,,,
2015-09-01 21:00:00,63rd Street Beach,,,,,,,1,,,,
2015-09-01 22:00:00,63rd Street Beach,,,,,,,1,,,,
2015-09-01 23:00:00,63rd Street Beach,,,,,,,1,,,,
2015-09-02 00:00:00,63rd Street Beach,,,,,,,1,,,,
2015-09-02 01:00:00,63rd Street Beach,,,,,,,1,,,,
2015-09-02 02:00:00,63rd Street Beach,,,,,,,1,,,,
2015-09-02 03:00:00,63rd Street Beach,,,,,,,1,,,,
2015-09-02 04:00:00,63rd Street Beach,,,,,,,1,,,,
2015-09-02 05:00:00,63rd Street Beach,,,,,,,1,,,,
2015-09-02 06:00:00,63rd Street Beach,,,,,,,1,,,,
2015-09-02 07:00:00,63rd Street Beach,1441177200.0,17.5,0.45,0.04,5.0,63rdStreetBeach201509020700,0,17.5,0.45,0.04,5.0
2015-09-02 08:00:00,63rd Street Beach,1441180800.0,17.6,0.43,0.053,,63rdStreetBeach201509020800,0,17.6,0.43,0.053,2.0
2015-09-02 09:00:00,63rd Street Beach,1441184400.0,17.8,,0.04,8.0,63rdStreetBeach201509020900,0,17.8,0.39,0.04,8.0
2015-09-02 10:00:00,63rd Street Beach,,,,,,,1,,,,
2015-09-02 11:00:00,63rd Street Beach,1441191600.0,,0.4,0.059,,63rdStreetBeach201509021100,0,18.9,0.4,0.059,4.0
2015-09-02 12:00:00,63rd Street Beach,,,,,,,1,,,,
2015-09-02 13:00:00,63rd Street Beach,1441198800.0,19.3,0.46,0.067,3.0,63rdStreetBeach201509021300,0,19.3,0.46,0.067,3.0
2015-09-02 14:00:00,63rd Street Beach,,,,,,,1,,,,
2015-09-02 15:00:00,63rd Street Beach,,,,,,,1,,,,
2015-09-02 16:00:00,63rd Street Beach,1441209600.0,19.1,,0.076,,63rdStreetBeach201509021600,0,19.1,0.37,0.076,3.0
2015-09-02 17:00:00,63rd Street Beach,1441213200.0,19.0,0.38,0.065,,63rdStreetBeach201509021700,0,19.0,0.38,0.065,4.0
2015-09-02 18:00:00,63rd Street Beach,,,,,,,1,,,,
2015-09-02 19:00:00,63rd Street Beach,1441220400.0,,,0.069,7.0,63rdStreetBeach201509021900,0,19.3,0.57,0.069,7.0
2015-09-02 20:00:00,63rd Street Beach,1441224000.0,19.3,0.55,0.067,6.0,63rdStreetBeach201509022000,0,19.3,0.55,0.067,6.0
2015-09-02 21:00:00,63rd Street Beach,1441227600.0,19.4,,0.066,,63rdStreetBeach201509022100,0,19.4,0.42,0.066,5.0
2015-09-02 22:00:00,63rd Street Beach,1441231200.0,19.4,0.35,0.066,,63rdStreetBeach201509022200,0,19.4,0.35,0.066,5.0
2015-09-02 23:00:00,63rd Street Beach,1441234800.0,19.4,0.39,0.065,4.0,63rdStreetBeach201509022300,0,19.4,0.39,0.065,4.0
2015-09-03 00:00:00,63rd Street Beach,1441238400.0,19.4,0.67,0.061,6.0,63rdStreetBeach201509032400,0,19.4,0.67,0.061,6.0
2015-09-03 01:00:00,63rd Street Beach,1441242000.0,19.3,0.43,0.048,7.0,63rdStreetBeach201509030100,0,19.3,0.43,0.048,7.0
2015-09-03 02:00:00,63rd Street Beach,1441245600.0,19.2,0.35,0.051,6.0,63rdStreetBeach201509030200,0,19.2,0.35,0.051,6.0
2015-09-03 03:00:00,63rd Street Beach,1441249200.0,19.1,0.36,0.047,4.0,63rdStreetBeach201509030300,0,19.1,0.36,0.047,4.0
2015-09-03 04:00:00,63rd Street Beach,,,,,,,1,,,,
2015-09-03 05:00:00,63rd Street Beach,1441256400.0,18.9,0.38,0.046,9.0,63rdStreetBeach201509030500,0,18.9,0.38,0.046,9.0
2015-09-03 06:00:00,63rd Street Beach,1441260000.0,19.0,0.36,0.046,4.0,63rdStreetBeach201509030600,0,19.0,0.36,0.046,4.0
2015-09-03 07:00:00,63rd Street Beach,1441263600.0,19.1,,0.05,7.0,63rdStreetBeach201509030700,0,19.1,0.31,0.05,7.0
2015-09-03 08:00:00,63rd Street Beach,1441267200.0,19.3,0.3,0.05,7.0,63rdStreetBeach201509030800,0,19.3,0.3,0.05,7.0
2015-09-03 09:00:00,63rd Street Beach,,,,,,,1,,,,
2015-09-03 10:00:00,63rd Street Beach,,,,,,,1,,,,
2015-09-03 11:00:00,63rd Street Beach,,,,,,,1,,,,
2015-09-03 12:00:00,63rd Street Beach,,,,,,,1,,,,
2015-09-03 13:00:00,63rd Street Beach,,,,,,,1,,,,
2015-09-03 14:00:00,63rd Street Beach,,,,,,,1,,,,
2015-09-03 15:00:00,63rd Street Beach,1441292400.0,,0.45,0.078,4.0,63rdStreetBeach201509031500,0,17.9,0.45,0.078,4.0
2015-09-03 16:00:00,63rd Street Beach,1441296000.0,17.9,0.41,0.066,3.0,63rdStreetBeach201509031600,0,17.9,0.41,0.066,3.0
2015-09-03 17:00:00,63rd Street Beach,,,,,,,1,,,,
2015-09-03 18:00:00,63rd Street Beach,1441303200.0,17.6,0.5,0.08,2.0,63rdStreetBeach201509031800,0,17.6,0.5,0.08,2.0
2015-09-03 19:00:00,63rd Street Beach,1441306800.0,18.2,0.55,0.078,,63rdStreetBeach201509031900,0,18.2,0.55,0.078,7.0
2015-09-03 20:00:00,63rd Street Beach,1441310400.0,17.8,0.5,0.172,,63rdStreetBeach201509032000,0,17.8,0.5,0.172,3.0
2015-09-03 21:00:00,63rd Street Beach,1441314000.0,17.8,0.62,0.218,3.0,63rdStreetBeach201509032100,0,17.8,0.62,0.218,3.0
2015-09-03 22:00:00,63rd Street Beach,,,,,,,1,,,,
2015-09-03 23:00:00,63rd Street Beach,1441321200.0,,0.33,0.199,4.0,63rdStreetBeach201509032300,0,18.6,0.33,0.199,4.0
2015-09-04 00:00:00,63rd Street Beach,1441324800.0,18.8,0.37,,4.0,63rdStreetBeach201509042400,0,18.8,0.37,0.231,4.0
2015-09-04 01:00:00,63rd Street Beach,1441328400.0,19.0,0.42,0.182,,63rdStreetBeach201509040100,0,19.0,0.42,0.182,4.0
2015-09-04 02:00:00,63rd Street Beach,1441332000.0,19.3,0.38,,,63rdStreetBeach201509040200,0,19.3,0.38,0.18,4.0
2015-09-04 03:00:00,63rd Street Beach,,,,,,,1,,,,
2015-09-04 04:00:00,63rd Street Beach,1441339200.0,20.4,0.24,0.161,4.0,63rdStreetBeach201509040400,0,20.4,0.24,0.161,4.0
2015-09-04 05:00:00,63rd Street Beach,1441342800.0,20.7,,0.158,4.0,63rdStreetBeach201509040500,0,20.7,0.24,0.158,4.0
2015-09-04 06:00:00,63rd Street Beach,1441346400.0,20.6,0.23,0.133,4.0,63rdStreetBeach201509040600,0,20.6,0.23,0.133,4.0
2015-09-04 07:00:00,63rd Street Beach,1441350000.0,20.7,,0.141,4.0,63rdStreetBeach201509040700,0,20.7,0.23,0.141,4.0
2015-09-04 08:00:00,63rd Street Beach,1441353600.0,20.6,0.24,0.147,4.0,63rdStreetBeach201509040800,0,20.6,0.24,0.147,4.0
2015-09-04 09:00:00,63rd Street Beach,,,,,,,1,,,,
2015-09-04 10:00:00,63rd Street Beach,,,,,,,1,,,,
2015-09-04 11:00:00,63rd Street Beach,1441364400.0,21.2,0.25,0.17,5.0,63rdStreetBeach201509041100,0,21.2,0.25,0.17,5.0
2015-09-04 12:00:00,63rd Street Beach,,,,,,,1,,,,
2015-09-04 13:00:00,63rd Street Beach,1441371600.0,,0.26,0.187,5.0,63rdStreetBeach201509041300,0,21.7,0.26,0.187,5.0
2015-09-04 14:00:00,63rd Street Beach,1441375200.0,22.0,0.3,0.187,4.0,63rdStreetBeach201509041400,0,22.0,0.3,0.187,4.0
2015-09-04 15:00:00,63rd Street Beach,,,,,,,1,,,,
2015-09-04 16:00:00,63rd Street Beach,,,,,,,1,,,,
2015-09-04 17:00:00,63rd Street Beach,1441386000.0,22.2,0.27,0.157,4.0,63rdStreetBeach201509041700,0,22.2,0.27,0.157,4.0
2015-09-04 18:00:00,63rd Street Beach,,,,,,,1,,,,
2015-09-04 19:00:00,63rd Street Beach,1441393200.0,23.1,1.45,0.143,,63rdStreetBeach201509041900,0,23.1,1.45,0.143,3.0
2015-09-04 20:00:00,63rd Street Beach,1441396800.0,,0.68,0.145,3.0,63rdStreetBeach201509042000,0,22.5,0.68,0.145,3.0
2015-09-04 21:00:00,63rd Street Beach,1441400400.0,22.3,0.74,,4.0,63rdStreetBeach201509042100,0,22.3,0.74,0.131,4.0
2015-09-04 22:00:00,63rd Street Beach,1441404000.0,22.3,1.31,0.131,3.0,63rdStreetBeach201509042200,0,22.3,1.31,0.131,3.0
2015-09-04 23:00:00,63rd Street Beach,1441407600.0,22.1,0.66,0.126,4.0,63rdStreetBeach201509042300,0,22.1,0.66,0.126,4.0
2015-09-05 00:00:00,63rd Street Beach,1441411200.0,22.3,,0.117,4.0,63rdStreetBeach201509052400,0,22.3,1.72,0.117,4.0
2015-09-05 01:00:00,63rd Street Beach,1441414800.0,,1.44,,3.0,63rdStreetBeach201509050100,0,22.2,1.44,0.115,3.0
2015-09-05 02:00:00,63rd Street Beach,1441418400.0,22.1,1.2,0.111,4.0,63rdStreetBeach201509050200,0,22.1,1.2,0.111,4.0
2015-09-05 03:00:00,63rd Street Beach,1441422000.0,22.0,0.65,0.108,3.0,63rdStreetBeach201509050300,0,22.0,0.65,0.108,3.0
2015-09-05 04:00:00,63rd Street Beach,1441425600.0,21.9,,0.109,4.0,63rdStreetBeach201509050400,0,21.9,0.56,0.109,4.0
2015-09-05 05:00:00,63rd Street Beach,1441429200.0,21.9,,0.114,,63rdStreetBeach201509050500,0,21.9,0.64,0.114,4.0
2015-09-05 06:00:00,63rd Street Beach,1441432800.0,21.9,0.65,0.096,,63rdStreetBeach201509050600,0,21.9,0.65,0.096,4.0
2015-09-05 07:00:00,63rd Street Beach,1441436400.0,21.8,0.68,0.092,4.0,63rdStreetBeach201509050700,0,21.8,0.68,0.092,4.0
2015-09-05 08:00:00,63rd Street Beach,1441440000.0,21.8,0.63,0.087,4.0,63rdStreetBeach201509050800,0,21.8,0.63,0.087,4.0
2015-09-05 09:00:00,63rd Street Beach,1441443600.0,21.8,0.69,0.078,4.0,63rdStreetBeach201509050900,0,21.8,0.69,0.078,4.0
2015-09-05 10:00:00,63rd Street Beach,1441447200.0,21.7,0.69,0.095,4.0,63rdStreetBeach201509051000,0,21.7,0.69,0.095,4.0
2015-09-05 11:00:00,63rd Street Beach,1441450800.0,21.7,0.78,0.09,3.0,63rdStreetBeach201509051100,0,21.7,0.78,0.09,3.0
2015-09-05 12:00:00,63rd Street Beach,1441454400.0,21.7,0.66,0.097,4.0,63rdStreetBeach201509051200,0,21.7,0.66,0.097,4.0
2015-09-05 13:00:00,63rd Street Beach,1441458000.0,21.7,0.44,0.093,,63rdStreetBeach201509051300,0,21.7,0.44,0.093,3.0
2015-09-05 14:00:00,63rd Street Beach,1441461600.0,,,0.081,3.0,63rdStreetBeach201509051400,0,21.9,1.03,0.081,3.0
2015-09-05 15:00:00,63rd Street Beach,1441465200.0,20.7,0.7,0.085,3.0,63rdStreetBeach201509051500,0,20.7,0.7,0.085,3.0
2015-09-05 16:00:00,63rd Street Beach,1441468800.0,21.4,0.65,,4.0,63rdStreetBeach201509051600,0,21.4,0.65,0.072,4.0
2015-09-05 17:00:00,63rd Street Beach,1441472400.0,21.5,0.66,,3.0,63rdStreetBeach201509051700,0,21.5,0.66,0.086,3.0
2015-09-05 18:00:00,63rd Street Beach,1441476000.0,21.3,0.64,0.079,4.0,63rdStreetBeach201509051800,0,21.3,0.64,0.079,4.0
2015-09-05 19:00:00,63rd Street Beach,1441479600.0,,0.74,0.087,4.0,63rdStreetBeach201509051900,0,21.1,0.74,0.087,4.0
2015-09-05 20:00:00,63rd Street Beach,1441483200.0,21.1,0.76,0.085,4.0,63rdStreetBeach201509052000,0,21.1,0.76,0.085,4.0
2015-09-05 21:00:00,63rd Street Beach,1441486800.0,20.9,0.74,,4.0,63rdStreetBeach201509052100,0,20.9,0.74,0.065,4.0
2015-09-05 22:00:00,63rd Street Beach,1441490400.0,20.5,0.84,0.062,4.0,63rdStreetBeach201509052200,0,20.5,0.84,0.062,4.0
2015-09-05 23:00:00,63rd Street Beach,1441494000.0,,,,4.0,63rdStreetBeach201509052300,0,20.2,0.72,0.075,4.0
2015-09-06 00:00:00,63rd Street Beach,1441497600.0,19.9,0.69,0.057,4.0,63rdStreetBeach201509062400,0,19.9,0.69,0.057,4.0
2015-09-06 01:00:00,63rd Street Beach,,,,,,,1,,,,
2015-09-06 02:00:00,63rd Street Beach,1441504800.0,,0.76,0.063,4.0,63rdStreetBeach201509060200,0,19.5,0.76,0.063,4.0
2015-09-06 03:00:00,63rd Street Beach,1441508400.0,,0.69,0.057,,63rdStreetBeach201509060300,0,19.2,0.69,0.057,4.0
2015-09-06 04:00:00,63rd Street Beach,1441512000.0,18.6,0.78,0.054,4.0,63rdStreetBeach201509060400,0,18.6,0.78,0.054,4.0
2015-09-06 05:00:00,63rd Street Beach,1441515600.0,19.2,0.69,0.047,4.0,63rdStreetBeach201509060500,0,19.2,0.69,0.047,4.0
2015-09-06 06:00:00,63rd Street Beach,1441519200.0,19.5,0.62,0.044,,63rdStreetBeach201509060600,0,19.5,0.62,0.044,4.0
2015-09-06 07:00:00,63rd Street Beach,1441522800.0,19.3,0.56,0.046,8.0,63rdStreetBeach201509060700,0,19.3,0.56,0.046,8.0
2015-09-06 08:00:00,63rd Street Beach,1441526400.0,18.9,0.61,0.043,7.0,63rdStreetBeach201509060800,0,18.9,0.61,0.043,7.0
2015-09-06 09:00:00,63rd Street Beach,1441530000.0,18.8,0.62,0.05,6.0,63rdStreetBeach201509060900,0,18.8,0.62,0.05,6.0
2015-09-06 10:00:00,63rd Street Beach,1441533600.0,18.7,,0.041,6.0,63rdStreetBeach201509061000,0,18.7,0.68,0.041,6.0
2015-09-06 11:00:00,63rd Street Beach,1441537200.0,18.7,0.72,0.074,3.0,63rdStreetBeach201509061100,0,18.7,0.72,0.074,3.0
2015-09-06 12:00:00,63rd Street Beach,1441540800.0,18.0,0.64,0.059,9.0,63rdStreetBeach201509061200,0,18.0,0.64,0.059,9.0
2015-09-06 13:00:00,63rd Street Beach,1441544400.0,,0.71,0.083,,63rdStreetBeach201509061300,0,17.6,0.71,0.083,3.0
2015-09-06 14:00:00,63rd Street Beach,1441548000.0,17.8,,0.076,7.0,63rdStreetBeach201509061400,0,17.8,0.64,0.076,7.0
2015-09-06 15:00:00,63rd Street Beach,1441551600.0,17.6,1.02,0.089,3.0,63rdStreetBeach201509061500,0,17.6,1.02,0.089,3.0
2015-09-06 16:00:00,63rd Street Beach,1441555200.0,17.8,0.72,0.096,3.0,63rdStreetBeach201509061600,0,17.8,0.72,0.096,3.0
2015-09-06 17:00:00,63rd Street Beach,1441558800.0,17.8,0.81,0.082,3.0,63rdStreetBeach201509061700,0,17.8,0.81,0.082,3.0
2015-09-06 18:00:00,63rd Street Beach,1441562400.0,17.7,,0.086,3.0,63rdStreetBeach201509061800,0,17.7,0.91,0.086,3.0
2015-09-06 19:00:00,63rd Street Beach,1441566000.0,17.4,0.55,0.101,3.0,63rdStreetBeach201509061900,0,17.4,0.55,0.101,3.0
2015-09-06 20:00:00,63rd Street Beach,1441569600.0,17.3,0.6,0.074,5.0,63rdStreetBeach201509062000,0,17.3,0.6,0.074,5.0
2015-09-06 21:00:00,63rd Street Beach,1441573200.0,17.3,,0.072,3.0,63rdStreetBeach201509062100,0,17.3,1.14,0.072,3.0
2015-09-06 22:00:00,63rd Street Beach,1441576800.0,17.1,0.92,0.068,5.0,63rdStreetBeach201509062200,0,17.1,0.92,0.068,5.0
2015-09-06 23:00:00,63rd Street Beach,1441580400.0,17.0,0.73,,3.0,63rdStreetBeach201509062300,0,17.0,0.73,0.058,3.0
2015-09-07 00:00:00,63rd Street Beach,1441584000.0,16.8,0.55,0.059,,63rdStreetBeach201509072400,0,16.8,0.55,0.059,3.0
2015-09-07 01:00:00,63rd Street Beach,1441587600.0,16.9,0.62,0.052,7.0,63rdStreetBeach201509070100,0,16.9,0.62,0.052,7.0
2015-09-07 02:00:00,63rd Street Beach,1441591200.0,17.0,0.72,0.043,7.0,63rdStreetBeach201509070200,0,17.0,0.72,0.043,7.0
2015-09-07 03:00:00,63rd Street Beach,1441594800.0,16.8,0.64,0.043,6.0,63rdStreetBeach201509070300,0,16.8,0.64,0.043,6.0
2015-09-07 04:00:00,63rd Street Beach,1441598400.0,16.7,0.59,0.044,10.0,63rdStreetBeach201509070400,0,16.7,0.59,0.044,10.0
2015-09-07 05:00:00,63rd Street Beach,1441602000.0,16.4,0.54,0.04,10.0,63rdStreetBeach201509070500,0,16.4,0.54,0.04,10.0
2015-09-07 06:00:00,63rd Street Beach,1441605600.0,,0.59,0.043,9.0,63rdStreetBeach201509070600,0,16.3,0.59,0.043,9.0
2015-09-07 07:00:00,63rd Street Beach,1441609200.0,,0.5,0.043,7.0,63rdStreetBeach201509070700,0,16.1,0.5,0.043,7.0
2015-09-07 08:00:00,63rd Street Beach,1441612800.0,16.2,0.47,0.042,6.0,63rdStreetBeach201509070800,0,16.2,0.47,0.042,6.0
2015-09-07 09:00:00,63rd Street Beach,1441616400.0,16.6,0.44,0.047,6.0,63rdStreetBeach201509070900,0,16.6,0.44,0.047,6.0
2015-09-07 10:00:00,63rd Street Beach,1441620000.0,16.3,0.47,,8.0,63rdStreetBeach201509071000,0,16.3,0.47,0.045,8.0
2015-09-07 11:00:00,63rd Street Beach,1441623600.0,16.9,0.44,0.055,4.0,63rdStreetBeach201509071100,0,16.9,0.44,0.055,4.0
2015-09-07 12:00:00,63rd Street Beach,1441627200.0,17.2,0.42,,4.0,63rdStreetBeach201509071200,0,17.2,0.42,0.057,4.0
2015-09-07 13:00:00,63rd Street Beach,1441630800.0,17.7,0.41,0.12,3.0,63rdStreetBeach201509071300,0,17.7,0.41,0.12,3.0
2015-09-07 14:00:00,63rd Street Beach,1441634400.0,17.5,0.56,0.08,4.0,63rdStreetBeach201509071400,0,17.5,0.56,0.08,4.0
2015-09-07 15:00:00,63rd Street Beach,1441638000.0,17.5,0.49,,4.0,63rdStreetBeach201509071500,0,17.5,0.49,0.08,4.0
2015-09-07 16:00:00,63rd Street Beach,1441641600.0,17.6,0.43,0.068,3.0,63rdStreetBeach201509071600,0,17.6,0.43,0.068,3.0
2015-09-07 17:00:00,63rd Street Beach,1441645200.0,17.6,,,3.0,63rdStreetBeach201509071700,0,17.6,0.44,0.089,3.0
2015-09-07 18:00:00,63rd Street Beach,1441648800.0,17.8,0.64,0.061,5.0,63rdStreetBeach201509071800,0,17.8,0.64,0.061,5.0
2015-09-07 19:00:00,63rd Street Beach,1441652400.0,,1.02,0.079,5.0,63rdStreetBeach201509071900,0,17.9,1.02,0.079,5.0
2015-09-07 20:00:00,63rd Street Beach,1441656000.0,,0.36,0.061,3.0,63rdStreetBeach201509072000,0,18.2,0.36,0.061,3.0
2015-09-07 21:00:00,63rd Street Beach,1441659600.0,18.3,0.32,,6.0,63rdStreetBeach201509072100,0,18.3,0.32,0.058,6.0
2015-09-07 22:00:00,63rd Street Beach,1441663200.0,18.8,0.28,0.055,6.0,63rdStreetBeach201509072200,0,18.8,0.28,0.055,6.0
2015-09-07 23:00:00,63rd Street Beach,1441666800.0,18.7,0.28,0.049,5.0,63rdStreetBeach201509072300,0,18.7,0.28,0.049,5.0
2015-09-08 00:00:00,63rd Street Beach,1441670400.0,,,0.061,3.0,63rdStreetBeach201509082400,0,19.6,0.27,0.061,3.0
2015-09-08 01:00:00,63rd Street Beach,1441674000.0,19.9,0.23,0.038,,63rdStreetBeach201509080100,0,19.9,0.23,0.038,8.0
2015-09-08 02:00:00,63rd Street Beach,1441677600.0,19.9,0.25,0.035,5.0,63rdStreetBeach201509080200,0,19.9,0.25,0.035,5.0
2015-09-08 03:00:00,63rd Street Beach,1441681200.0,20.0,0.22,,,63rdStreetBeach201509080300,0,20.0,0.22,0.043,6.0
2015-09-08 04:00:00,63rd Street Beach,1441684800.0,19.8,0.24,0.039,5.0,63rdStreetBeach201509080400,0,19.8,0.24,0.039,5.0
2015-09-08 05:00:00,63rd Street Beach,1441688400.0,19.5,,0.042,4.0,63rdStreetBeach201509080500,0,19.5,0.23,0.042,4.0
2015-09-08 06:00:00,63rd Street Beach,1441692000.0,19.2,0.32,0.041,,63rdStreetBeach201509080600,0,19.2,0.32,0.041,3.0
2015-09-08 07:00:00,63rd Street Beach,1441695600.0,19.1,0.34,0.044,8.0,63rdStreetBeach201509080700,0,19.1,0.34,0.044,8.0
2015-09-08 08:00:00,63rd Street Beach,1441699200.0,,0.32,0.061,3.0,63rdStreetBeach201509080800,0,18.8,0.32,0.061,3.0
2015-09-08 09:00:00,63rd Street Beach,1441702800.0,18.8,,0.072,3.0,63rdStreetBeach201509080900,0,18.8,0.31,0.072,3.0
2015-09-08 10:00:00,63rd Street Beach,1441706400.0,,0.39,0.093,3.0,63rdStreetBeach201509081000,0,18.9,0.39,0.093,3.0
2015-09-08 11:00:00,63rd Street Beach,1441710000.0,18.7,0.49,,3.0,63rdStreetBeach201509081100,0,18.7,0.49,0.069,3.0
2015-09-08 12:00:00,63rd Street Beach,1441713600.0,,,,3.0,63rdStreetBeach201509081200,0,18.1,0.47,0.064,3.0
2015-09-08 13:00:00,63rd Street Beach,1441717200.0,17.3,0.48,0.058,3.0,63rdStreetBeach201509081300,0,17.3,0.48,0.058,3.0
2015-09-08 14:00:00,63rd Street Beach,1441720800.0,16.8,0.67,0.052,4.0,63rdStreetBeach201509081400,0,16.8,0.67,0.052,4.0
2015-09-08 15:00:00,63rd Street Beach,1441724400.0,17.2,0.46,0.053,3.0,63rdStreetBeach201509081500,0,17.2,0.46,0.053,3.0
2015-09-08 16:00:00,63rd Street Beach,1441728000.0,17.0,0.88,0.052,9.0,63rdStreetBeach201509081600,0,17.0,0.88,0.052,9.0
2015-09-08 17:00:00,63rd Street Beach,1441731600.0,16.8,1.92,0.054,9.0,63rdStreetBeach201509081700,0,16.8,1.92,0.054,9.0
2015-09-08 18:00:00,63rd Street Beach,1441735200.0,16.8,1.21,0.047,,63rdStreetBeach201509081800,0,16.8,1.21,0.047,8.0
2015-09-08 19:00:00,63rd Street Beach,1441738800.0,16.3,,0.055,4.0,63rdStreetBeach201509081900,0,16.3,1.51,0.055,4.0
2015-09-08 20:00:00,63rd Street Beach,1441742400.0,16.1,0.64,0.05,6.0,63rdStreetBeach201509082000,0,16.1,0.64,0.05,6.0
2015-09-08 21:00:00,63rd Street Beach,1441746000.0,15.9,,0.07,4.0,63rdStreetBeach201509082100,0,15.9,0.56,0.07,4.0
2015-09-08 22:00:00,63rd Street Beach,1441749600.0,15.8,0.54,0.06,10.0,63rdStreetBeach201509082200,0,15.8,0.54,0.06,10.0
2015-09-08 23:00:00,63rd Street Beach,1441753200.0,16.0,0.45,0.073,2.0,63rdStreetBeach201509082300,0,16.0,0.45,0.073,2.0
2015-09-09 00:00:00,63rd Street Beach,1441756800.0,16.0,0.51,0.098,3.0,63rdStreetBeach201509092400,0,16.0,0.51,0.098,3.0
2015-09-09 01:00:00,63rd Street Beach,,,,,,,1,,,,
2015-09-09 02:00:00,63rd Street Beach,1441764000.0,16.7,0.39,0.091,3.0,63rdStreetBeach201509090200,0,16.7,0.39,0.091,3.0
2015-09-09 03:00:00,63rd Street Beach,1441767600.0,17.0,0.35,0.085,3.0,63rdStreetBeach201509090300,0,17.0,0.35,0.085,3.0
2015-09-09 04:00:00,63rd Street Beach,1441771200.0,17.3,,,3.0,63rdStreetBeach201509090400,0,17.3,0.32,0.093,3.0
2015-09-09 05:00:00,63rd Street Beach,1441774800.0,18.1,0.34,0.107,2.0,63rdStreetBeach201509090500,0,18.1,0.34,0.107,2.0
2015-09-09 06:00:00,63rd Street Beach,1441778400.0,18.8,0.27,,3.0,63rdStreetBeach201509090600,0,18.8,0.27,0.115,3.0
2015-09-09 07:00:00,63rd Street Beach,,,,,,,1,,,,
2015-09-09 08:00:00,63rd Street Beach,1441785600.0,18.7,,0.182,3.0,63rdStreetBeach201509090800,0,18.7,0.33,0.182,3.0
2015-09-09 09:00:00,63rd Street Beach,,,,,,,1,,,,
2015-09-09 10:00:00,63rd Street Beach,,,,,,,1,,,,
2015-09-09 11:00:00,63rd Street Beach,1441796400.0,19.3,0.56,0.268,4.0,63rdStreetBeach201509091100,0,19.3,0.56,0.268,4.0
2015-09-09 12:00:00,63rd Street Beach,,,,,,,1,,,,
2015-09-09 13:00:00,63rd Street Beach,1441803600.0,19.7,0.8,,6.0,63rdStreetBeach201509091300,0,19.7,0.8,0.313,6.0
2015-09-09 14:00:00,63rd Street Beach,1441807200.0,20.1,2.48,0.297,5.0,63rdStreetBeach201509091400,0,20.1,2.48,0.297,5.0
2015-09-09 15:00:00,63rd Street Beach,1441810800.0,20.3,1.75,0.244,5.0,63rdStreetBeach201509091500,0,20.3,1.75,0.244,5.0
2015-09-09 16:00:00,63rd Street Beach,,,,,,,1,,,,
2015-09-09 17:00:00,63rd Street Beach,1441818000.0,20.7,,0.223,,63rdStreetBeach201509091700,0,20.7,1.67,0.223,5.0
2015-09-09 18:00:00,63rd Street Beach,1441821600.0,20.8,1.9,0.203,5.0,63rdStreetBeach201509091800,0,20.8,1.9,0.203,5.0
2015-09-09 19:00:00,63rd Street Beach,1441825200.0,20.7,1.91,0.186,,63rdStreetBeach201509091900,0,20.7,1.91,0.186,5.0
2015-09-09 20:00:00,63rd Street Beach,1441828800.0,20.5,1.64,0.169,5.0,63rdStreetBeach201509092000,0,20.5,1.64,0.169,5.0
2015-09-09 21:00:00,63rd Street Beach,1441832400.0,20.4,1.4,0.162,5.0,63rdStreetBeach201509092100,0,20.4,1.4,0.162,5.0
2015-09-09 22:00:00,63rd Street Beach,1441836000.0,20.2,1.07,0.144,4.0,63rdStreetBeach201509092200,0,20.2,1.07,0.144,4.0
2015-09-09 23:00:00,63rd Street Beach,1441839600.0,20.1,1.03,0.139,4.0,63rdStreetBeach201509092300,0,20.1,1.03,0.139,4.0
2015-09-10 00:00:00,63rd Street Beach,1441843200.0,20.0,,0.135,5.0,63rdStreetBeach201509102400,0,20.0,2.05,0.135,5.0
2015-09-10 01:00:00,63rd Street Beach,1441846800.0,19.9,2.38,0.126,,63rdStreetBeach201509100100,0,19.9,2.38,0.126,4.0
2015-09-10 02:00:00,63rd Street Beach,1441850400.0,20.3,0.47,0.115,5.0,63rdStreetBeach201509100200,0,20.3,0.47,0.115,5.0
2015-09-10 03:00:00,63rd Street Beach,1441854000.0,,0.66,0.113,5.0,63rdStreetBeach201509100300,0,20.1,0.66,0.113,5.0
2015-09-10 04:00:00,63rd Street Beach,1441857600.0,20.1,0.58,0.105,4.0,63rdStreetBeach201509100400,0,20.1,0.58,0.105,4.0
2015-09-10 05:00:00,63rd Street Beach,1441861200.0,20.3,0.4,0.101,5.0,63rdStreetBeach201509100500,0,20.3,0.4,0.101,5.0
2015-09-10 06:00:00,63rd Street Beach,1441864800.0,,0.41,0.091,,63rdStreetBeach201509100600,0,20.1,0.41,0.091,5.0
2015-09-10 07:00:00,63rd Street Beach,1441868400.0,20.1,0.45,0.087,,63rdStreetBeach201509100700,0,20.1,0.45,0.087,4.0
2015-09-10 08:00:00,63rd Street Beach,1441872000.0,,0.35,0.086,4.0,63rdStreetBeach201509100800,0,20.1,0.35,0.086,4.0
2015-09-10 09:00:00,63rd Street Beach,1441875600.0,20.1,0.41,0.083,4.0,63rdStreetBeach201509100900,0,20.1,0.41,0.083,4.0
2015-09-10 10:00:00,63rd Street Beach,1441879200.0,20.2,0.45,0.096,8.0,63rdStreetBeach201509101000,0,20.2,0.45,0.096,8.0
2015-09-10 11:00:00,63rd Street Beach,1441882800.0,,0.47,,4.0,63rdStreetBeach201509101100,0,20.4,0.47,0.082,4.0
2015-09-10 12:00:00,63rd Street Beach,1441886400.0,20.8,0.4,0.105,4.0,63rdStreetBeach201509101200,0,20.8,0.4,0.105,4.0
2015-09-10 13:00:00,63rd Street Beach,1441890000.0,20.9,0.38,,4.0,63rdStreetBeach201509101300,0,20.9,0.38,0.093,4.0
2015-09-10 14:00:00,63rd Street Beach,1441893600.0,21.0,0.35,0.09,3.0,63rdStreetBeach201509101400,0,21.0,0.35,0.09,3.0
2015-09-10 15:00:00,63rd Street Beach,,,,,,,1,,,,
2015-09-10 16:00:00,63rd Street Beach,1441900800.0,20.9,0.33,0.072,3.0,63rdStreetBeach201509101600,0,20.9,0.33,0.072,3.0
2015-09-10 17:00:00,63rd Street Beach,1441904400.0,21.0,0.36,0.071,,63rdStreetBeach201509101700,0,21.0,0.36,0.071,5.0
2015-09-10 18:00:00,63rd Street Beach,,,,,,,1,,,,
2015-09-10 19:00:00,63rd Street Beach,1441911600.0,20.9,0.32,0.063,7.0,63rdStreetBeach201509101900,0,20.9,0.32,0.063,7.0
2015-09-10 20:00:00,63rd Street Beach,1441915200.0,20.8,0.33,0.06,3.0,63rdStreetBeach201509102000,0,20.8,0.33,0.06,3.0
2015-09-10 21:00:00,63rd Street Beach,1441918800.0,20.8,0.32,0.07,4.0,63rdStreetBeach201509102100,0,20.8,0.32,0.07,4.0
2015-09-10 22:00:00,63rd Street Beach,1441922400.0,,0.32,0.08,4.0,63rdStreetBeach201509102200,0,20.7,0.32,0.08,4.0
2015-09-10 23:00:00,63rd Street Beach,1441926000.0,20.7,,0.082,3.0,63rdStreetBeach201509102300,0,20.7,0.35,0.082,3.0
2015-09-11 00:00:00,63rd Street Beach,1441929600.0,20.6,0.35,0.075,,63rdStreetBeach201509112400,0,20.6,0.35,0.075,3.0
2015-09-11 01:00:00,63rd Street Beach,1441933200.0,20.6,0.35,0.084,3.0,63rdStreetBeach201509110100,0,20.6,0.35,0.084,3.0
2015-09-11 02:00:00,63rd Street Beach,1441936800.0,,0.35,,6.0,63rdStreetBeach201509110200,0,20.5,0.35,0.081,6.0
2015-09-11 03:00:00,63rd Street Beach,1441940400.0,20.5,0.36,0.091,,63rdStreetBeach201509110300,0,20.5,0.36,0.091,6.0
2015-09-11 04:00:00,63rd Street Beach,1441944000.0,20.4,,0.106,3.0,63rdStreetBeach201509110400,0,20.4,0.35,0.106,3.0
2015-09-11 05:00:00,63rd Street Beach,1441947600.0,20.4,0.35,,3.0,63rdStreetBeach201509110500,0,20.4,0.35,0.105,3.0
2015-09-11 06:00:00,63rd Street Beach,,,,,,,1,,,,
2015-09-11 07:00:00,63rd Street Beach,1441954800.0,,0.37,,3.0,63rdStreetBeach201509110700,0,20.3,0.37,0.095,3.0
2015-09-11 08:00:00,63rd Street Beach,1441958400.0,20.3,0.37,,3.0,63rdStreetBeach201509110800,0,20.3,0.37,0.094,3.0
2015-09-11 09:00:00,63rd Street Beach,,,,,,,1,,,,
2015-09-11 10:00:00,63rd Street Beach,1441965600.0,20.3,0.42,,3.0,63rdStreetBeach201509111000,0,20.3,0.42,0.156,3.0
2015-09-11 11:00:00,63rd Street Beach,1441969200.0,20.3,0.53,0.157,3.0,63rdStreetBeach201509111100,0,20.3,0.53,0.157,3.0
2015-09-11 12:00:00,63rd Street Beach,1441972800.0,20.3,0.85,0.209,4.0,63rdStreetBeach201509111200,0,20.3,0.85,0.209,4.0
2015-09-11 13:00:00,63rd Street Beach,1441976400.0,20.2,,0.254,4.0,63rdStreetBeach201509111300,0,20.2,1.4,0.254,4.0
2015-09-11 14:00:00,63rd Street Beach,1441980000.0,,1.99,0.417,,63rdStreetBeach201509111400,0,20.2,1.99,0.417,5.0
2015-09-11 15:00:00,63rd Street Beach,1441983600.0,20.3,4.29,,5.0,63rdStreetBeach201509111500,0,20.3,4.29,0.397,5.0
2015-09-11 16:00:00,63rd Street Beach,,,,,,,1,,,,
2015-09-11 17:00:00,63rd Street Beach,1441990800.0,20.3,7.12,0.484,6.0,63rdStreetBeach201509111700,0,20.3,7.12,0.484,6.0
2015-05-19 12:00:00,Calumet Beach,1432036800.0,12.9,1.22,0.147,3.0,CalumetBeach201505191200,0,12.9,1.22,0.147,3.0
2015-05-19 13:00:00,Calumet Beach,1432040400.0,,1.3,0.147,3.0,CalumetBeach201505191300,0,12.9,1.3,0.147,3.0
2015-05-19 14:00:00,Calumet Beach,1432044000.0,12.9,1.38,0.165,4.0,CalumetBeach201505191400,0,12.9,1.38,0.165,4.0
2015-05-19 15:00:00,Calumet Beach,1432047600.0,12.9,1.24,0.221,3.0,CalumetBeach201505191500,0,12.9,1.24,0.221,3.0
2015-05-19 16:00:00,Calumet Beach,1432051200.0,,1.32,0.235,3.0,CalumetBeach201505191600,0,13.0,1.32,0.235,3.0
2015-05-19 17:00:00,Calumet Beach,1432054800.0,13.0,1.45,0.225,,CalumetBeach201505191700,0,13.0,1.45,0.225,3.0
2015-05-19 18:00:00,Calumet Beach,1432058400.0,13.1,1.55,0.207,3.0,CalumetBeach201505191800,0,13.1,1.55,0.207,3.0
2015-05-19 19:00:00,Calumet Beach,1432062000.0,13.0,1.58,0.21,3.0,CalumetBeach201505191900,0,13.0,1.58,0.21,3.0
2015-05-19 20:00:00,Calumet Beach,1432065600.0,12.8,2.16,0.226,3.0,CalumetBeach201505192000,0,12.8,2.16,0.226,3.0
2015-05-19 21:00:00,Calumet Beach,1432069200.0,12.6,1.83,0.223,3.0,CalumetBeach201505192100,0,12.6,1.83,0.223,3.0
2015-05-19 22:00:00,Calumet Beach,1432072800.0,12.3,2.26,,3.0,CalumetBeach201505192200,0,12.3,2.26,0.238,3.0
2015-05-19 23:00:00,Calumet Beach,1432076400.0,12.2,1.79,0.243,,CalumetBeach201505192300,0,12.2,1.79,0.243,3.0
2015-05-20 00:00:00,Calumet Beach,1432080000.0,12.1,2.16,0.245,,CalumetBeach201505202400,0,12.1,2.16,0.245,3.0
2015-05-20 01:00:00,Calumet Beach,1432083600.0,12.1,1.78,0.24,3.0,CalumetBeach201505200100,0,12.1,1.78,0.24,3.0
2015-05-20 02:00:00,Calumet Beach,1432087200.0,,1.7,0.226,,CalumetBeach201505200200,0,12.1,1.7,0.226,3.0
2015-05-20 03:00:00,Calumet Beach,1432090800.0,,1.6,0.24,3.0,CalumetBeach201505200300,0,12.0,1.6,0.24,3.0
2015-05-20 04:00:00,Calumet Beach,1432094400.0,12.0,,0.238,3.0,CalumetBeach201505200400,0,12.0,1.51,0.238,3.0
2015-05-20 05:00:00,Calumet Beach,1432098000.0,11.4,2.75,0.247,4.0,CalumetBeach201505200500,0,11.4,2.75,0.247,4.0
2015-05-20 06:00:00,Calumet Beach,1432101600.0,11.5,,0.262,3.0,CalumetBeach201505200600,0,11.5,2.26,0.262,3.0
2015-05-20 07:00:00,Calumet Beach,1432105200.0,,2.29,0.262,,CalumetBeach201505200700,0,11.6,2.29,0.262,3.0
2015-05-20 08:00:00,Calumet Beach,1432108800.0,11.8,2.38,0.247,3.0,CalumetBeach201505200800,0,11.8,2.38,0.247,3.0
2015-05-20 09:00:00,Calumet Beach,1432112400.0,11.9,,,5.0,CalumetBeach201505200900,0,11.9,2.75,0.269,5.0
2015-05-20 10:00:00,Calumet Beach,1432116000.0,11.9,3.74,0.267,4.0,CalumetBeach201505201000,0,11.9,3.74,0.267,4.0
2015-05-20 11:00:00,Calumet Beach,1432119600.0,12.2,2.85,0.248,4.0,CalumetBeach201505201100,0,12.2,2.85,0.248,4.0
2015-05-20 12:00:00,Calumet Beach,1432123200.0,12.3,2.98,0.23,4.0,CalumetBeach201505201200,0,12.3,2.98,0.23,4.0
2015-05-20 13:00:00,Calumet Beach,1432126800.0,12.3,2.67,0.221,,CalumetBeach201505201300,0,12.3,2.67,0.221,4.0
2015-05-20 14:00:00,Calumet Beach,1432130400.0,,2.67,0.211,3.0,CalumetBeach201505201400,0,12.3,2.67,0.211,3.0
2015-05-20 15:00:00,Calumet Beach,1432134000.0,12.2,2.48,,5.0,CalumetBeach201505201500,0,12.2,2.48,0.194,5.0
2015-05-20 16:00:00,Calumet Beach,1432137600.0,12.2,2.65,0.212,3.0,CalumetBeach201505201600,0,12.2,2.65,0.212,3.0
2015-05-20 17:00:00,Calumet Beach,1432141200.0,12.1,2.32,0.244,,CalumetBeach201505201700,0,12.1,2.32,0.244,4.0
2015-05-20 18:00:00,Calumet Beach,1432144800.0,12.0,2.81,0.221,4.0,CalumetBeach201505201800,0,12.0,2.81,0.221,4.0
2015-05-20 19:00:00,Calumet Beach,1432148400.0,11.9,2.95,0.24,5.0,CalumetBeach201505201900,0,11.9,2.95,0.24,5.0
2015-05-20 20:00:00,Calumet Beach,1432152000.0,11.8,2.31,0.229,5.0,CalumetBeach201505202000,0,11.8,2.31,0.229,5.0
2015-05-20 21:00:00,Calumet Beach,1432155600.0,11.7,2.4,0.22,4.0,CalumetBeach201505202100,0,11.7,2.4,0.22,4.0
2015-05-20 22:00:00,Calumet Beach,1432159200.0,11.7,2.2,0.207,4.0,CalumetBeach201505202200,0,11.7,2.2,0.207,4.0
2015-05-20 23:00:00,Calumet Beach,1432162800.0,11.6,2.25,0.195,4.0,CalumetBeach201505202300,0,11.6,2.25,0.195,4.0
2015-05-21 00:00:00,Calumet Beach,1432166400.0,11.6,,0.185,5.0,CalumetBeach201505212400,0,11.6,2.26,0.185,5.0
2015-05-21 01:00:00,Calumet Beach,1432170000.0,11.6,2.25,0.17,,CalumetBeach201505210100,0,11.6,2.25,0.17,4.0
2015-05-21 02:00:00,Calumet Beach,1432173600.0,11.6,2.18,0.16,,CalumetBeach201505210200,0,11.6,2.18,0.16,3.0
2015-05-21 03:00:00,Calumet Beach,1432177200.0,,2.11,0.146,3.0,CalumetBeach201505210300,0,11.5,2.11,0.146,3.0
2015-05-21 04:00:00,Calumet Beach,1432180800.0,11.5,2.39,0.135,4.0,CalumetBeach201505210400,0,11.5,2.39,0.135,4.0
2015-05-21 05:00:00,Calumet Beach,1432184400.0,11.5,2.24,0.121,4.0,CalumetBeach201505210500,0,11.5,2.24,0.121,4.0
2015-05-21 06:00:00,Calumet Beach,1432188000.0,11.5,1.89,0.11,4.0,CalumetBeach201505210600,0,11.5,1.89,0.11,4.0
2015-05-21 07:00:00,Calumet Beach,1432191600.0,11.4,2.11,,4.0,CalumetBeach201505210700,0,11.4,2.11,0.111,4.0
2015-05-21 08:00:00,Calumet Beach,1432195200.0,,2.25,0.116,,CalumetBeach201505210800,0,11.4,2.25,0.116,3.0
2015-05-21 09:00:00,Calumet Beach,1432198800.0,11.4,2.17,0.116,3.0,CalumetBeach201505210900,0,11.4,2.17,0.116,3.0
2015-05-21 10:00:00,Calumet Beach,1432202400.0,11.5,2.0,0.127,3.0,CalumetBeach201505211000,0,11.5,2.0,0.127,3.0
2015-05-21 11:00:00,Calumet Beach,1432206000.0,,,0.126,3.0,CalumetBeach201505211100,0,11.8,1.94,0.126,3.0
2015-05-21 12:00:00,Calumet Beach,1432209600.0,12.3,1.8,0.139,3.0,CalumetBeach201505211200,0,12.3,1.8,0.139,3.0
2015-05-21 13:00:00,Calumet Beach,1432213200.0,,1.67,0.121,3.0,CalumetBeach201505211300,0,12.3,1.67,0.121,3.0
2015-05-21 14:00:00,Calumet Beach,1432216800.0,12.9,1.89,0.132,3.0,CalumetBeach201505211400,0,12.9,1.89,0.132,3.0
2015-05-21 15:00:00,Calumet Beach,1432220400.0,12.9,1.86,0.11,3.0,CalumetBeach201505211500,0,12.9,1.86,0.11,3.0
2015-05-21 16:00:00,Calumet Beach,1432224000.0,,2.72,0.121,3.0,CalumetBeach201505211600,0,12.9,2.72,0.121,3.0
2015-05-21 17:00:00,Calumet Beach,1432227600.0,12.9,,,,CalumetBeach201505211700,0,12.9,1.71,0.1,3.0
2015-05-21 18:00:00,Calumet Beach,1432231200.0,12.7,1.52,0.093,4.0,CalumetBeach201505211800,0,12.7,1.52,0.093,4.0
2015-05-21 19:00:00,Calumet Beach,1432234800.0,12.5,1.45,0.095,3.0,CalumetBeach201505211900,0,12.5,1.45,0.095,3.0
2015-05-21 20:00:00,Calumet Beach,1432238400.0,12.2,1.34,0.081,,CalumetBeach201505212000,0,12.2,1.34,0.081,3.0
2015-05-21 21:00:00,Calumet Beach,1432242000.0,12.0,,0.078,3.0,CalumetBeach201505212100,0,12.0,1.26,0.078,3.0
2015-05-21 22:00:00,Calumet Beach,1432245600.0,12.0,1.45,0.079,5.0,CalumetBeach201505212200,0,12.0,1.45,0.079,5.0
2015-05-21 23:00:00,Calumet Beach,1432249200.0,12.1,1.48,,4.0,CalumetBeach201505212300,0,12.1,1.48,0.079,4.0
2015-05-22 00:00:00,Calumet Beach,1432252800.0,11.9,,0.068,4.0,CalumetBeach201505222400,0,11.9,1.47,0.068,4.0
2015-05-22 01:00:00,Calumet Beach,1432256400.0,11.9,1.38,0.068,8.0,CalumetBeach201505220100,0,11.9,1.38,0.068,8.0
2015-05-22 02:00:00,Calumet Beach,1432260000.0,11.8,1.42,0.074,7.0,CalumetBeach201505220200,0,11.8,1.42,0.074,7.0
2015-05-22 03:00:00,Calumet Beach,1432263600.0,11.7,1.36,,6.0,CalumetBeach201505220300,0,11.7,1.36,0.072,6.0
2015-05-22 04:00:00,Calumet Beach,1432267200.0,,1.45,0.071,6.0,CalumetBeach201505220400,0,11.7,1.45,0.071,6.0
2015-05-22 05:00:00,Calumet Beach,1432270800.0,11.7,1.36,0.073,5.0,CalumetBeach201505220500,0,11.7,1.36,0.073,5.0
2015-05-22 06:00:00,Calumet Beach,1432274400.0,11.7,1.52,0.085,3.0,CalumetBeach201505220600,0,11.7,1.52,0.085,3.0
2015-05-22 07:00:00,Calumet Beach,1432278000.0,11.7,1.34,0.117,,CalumetBeach201505220700,0,11.7,1.34,0.117,3.0
2015-05-22 08:00:00,Calumet Beach,1432281600.0,11.8,,0.135,3.0,CalumetBeach201505220800,0,11.8,1.3,0.135,3.0
2015-05-22 09:00:00,Calumet Beach,1432285200.0,11.9,,0.132,,CalumetBeach201505220900,0,11.9,1.18,0.132,3.0
2015-05-22 10:00:00,Calumet Beach,1432288800.0,12.1,1.18,0.144,3.0,CalumetBeach201505221000,0,12.1,1.18,0.144,3.0
2015-05-22 11:00:00,Calumet Beach,1432292400.0,12.4,1.12,0.157,,CalumetBeach201505221100,0,12.4,1.12,0.157,3.0
2015-05-22 12:00:00,Calumet Beach,1432296000.0,12.6,,0.153,3.0,CalumetBeach201505221200,0,12.6,1.14,0.153,3.0
2015-05-22 13:00:00,Calumet Beach,1432299600.0,12.9,1.16,0.156,3.0,CalumetBeach201505221300,0,12.9,1.16,0.156,3.0
2015-05-22 14:00:00,Calumet Beach,1432303200.0,13.1,1.16,0.17,4.0,CalumetBeach201505221400,0,13.1,1.16,0.17,4.0
2015-05-22 15:00:00,Calumet Beach,1432306800.0,13.4,1.14,,3.0,CalumetBeach201505221500,0,13.4,1.14,0.172,3.0
2015-05-22 16:00:00,Calumet Beach,1432310400.0,13.6,1.12,0.176,3.0,CalumetBeach201505221600,0,13.6,1.12,0.176,3.0
2015-05-22 17:00:00,Calumet Beach,1432314000.0,,1.16,0.177,,CalumetBeach201505221700,0,13.8,1.16,0.177,3.0
2015-05-22 18:00:00,Calumet Beach,1432317600.0,,1.12,0.171,3.0,CalumetBeach201505221800,0,13.7,1.12,0.171,3.0
2015-05-22 19:00:00,Calumet Beach,1432321200.0,13.8,1.29,,2.0,CalumetBeach201505221900,0,13.8,1.29,0.217,2.0
2015-05-22 20:00:00,Calumet Beach,1432324800.0,14.2,1.53,,,CalumetBeach201505222000,0,14.2,1.53,0.246,3.0
2015-05-22 21:00:00,Calumet Beach,1432328400.0,14.2,1.48,0.222,3.0,CalumetBeach201505222100,0,14.2,1.48,0.222,3.0
2015-05-22 22:00:00,Calumet Beach,1432332000.0,14.1,2.17,0.22,3.0,CalumetBeach201505222200,0,14.1,2.17,0.22,3.0
2015-05-22 23:00:00,Calumet Beach,,,,,,,1,,,,
2015-05-23 00:00:00,Calumet Beach,,,,,,,1,,,,
2015-05-23 01:00:00,Calumet Beach,,,,,,,1,,,,
2015-05-23 02:00:00,Calumet Beach,,,,,,,1,,,,
2015-05-23 03:00:00,Calumet Beach,,,,,,,1,,,,
2015-05-23 04:00:00,Calumet Beach,,,,,,,1,,,,
2015-05-23 05:00:00,Calumet Beach,,,,,,,1,,,,
2015-05-23 06:00:00,Calumet Beach,,,,,,,1,,,,
2015-05-23 07:00:00,Calumet Beach,,,,,,,1,,,,
2015-05-23 08:00:00,Calumet Beach,1432368000.0,12.6,1.53,0.133,,CalumetBeach201505230800,0,12.6,1.53,0.133,3.0
2015-05-23 09:00:00,Calumet Beach,1432371600.0,12.7,,0.16,3.0,CalumetBeach201505230900,0,12.7,1.54,0.16,3.0
2015-05-23 10:00:00,Calumet Beach,1432375200.0,12.9,1.57,0.139,3.0,CalumetBeach201505231000,0,12.9,1.57,0.139,3.0
2015-05-23 11:00:00,Calumet Beach,1432378800.0,13.1,,0.138,2.0,CalumetBeach201505231100,0,13.1,1.56,0.138,2.0
2015-05-23 12:00:00,Calumet Beach,1432382400.0,13.4,,0.133,2.0,CalumetBeach201505231200,0,13.4,1.52,0.133,2.0
2015-05-23 13:00:00,Calumet Beach,1432386000.0,14.3,,,2.0,CalumetBeach201505231300,0,14.3,1.57,0.129,2.0
2015-05-23 14:00:00,Calumet Beach,1432389600.0,14.7,1.67,0.172,2.0,CalumetBeach201505231400,0,14.7,1.67,0.172,2.0
2015-05-23 15:00:00,Calumet Beach,1432393200.0,15.2,1.55,,3.0,CalumetBeach201505231500,0,15.2,1.55,0.151,3.0
2015-05-23 16:00:00,Calumet Beach,1432396800.0,15.7,1.49,0.167,4.0,CalumetBeach201505231600,0,15.7,1.49,0.167,4.0
2015-05-23 17:00:00,Calumet Beach,1432400400.0,17.2,2.13,0.164,2.0,CalumetBeach201505231700,0,17.2,2.13,0.164,2.0
2015-05-23 18:00:00,Calumet Beach,1432404000.0,16.4,1.64,,,CalumetBeach201505231800,0,16.4,1.64,0.173,2.0
2015-05-23 19:00:00,Calumet Beach,1432407600.0,16.6,2.17,0.153,2.0,CalumetBeach201505231900,0,16.6,2.17,0.153,2.0
2015-05-23 20:00:00,Calumet Beach,1432411200.0,15.7,1.64,0.167,2.0,CalumetBeach201505232000,0,15.7,1.64,0.167,2.0
2015-05-23 21:00:00,Calumet Beach,1432414800.0,15.1,1.43,0.163,2.0,CalumetBeach201505232100,0,15.1,1.43,0.163,2.0
2015-05-23 22:00:00,Calumet Beach,1432418400.0,,2.19,,2.0,CalumetBeach201505232200,0,15.3,2.19,0.145,2.0
2015-05-23 23:00:00,Calumet Beach,1432422000.0,15.0,1.74,0.135,2.0,CalumetBeach201505232300,0,15.0,1.74,0.135,2.0
2015-05-24 00:00:00,Calumet Beach,1432425600.0,,,0.135,2.0,CalumetBeach201505242400,0,14.5,1.53,0.135,2.0
2015-05-24 01:00:00,Calumet Beach,,,,,,,1,,,,
2015-05-24 02:00:00,Calumet Beach,1432432800.0,14.3,1.79,,2.0,CalumetBeach201505240200,0,14.3,1.79,0.099,2.0
2015-05-24 03:00:00,Calumet Beach,1432436400.0,,1.71,,4.0,CalumetBeach201505240300,0,14.1,1.71,0.096,4.0
2015-05-24 04:00:00,Calumet Beach,1432440000.0,,,0.083,3.0,CalumetBeach201505240400,0,14.1,1.27,0.083,3.0
2015-05-24 05:00:00,Calumet Beach,1432443600.0,13.9,1.68,,5.0,CalumetBeach201505240500,0,13.9,1.68,0.073,5.0
2015-05-24 06:00:00,Calumet Beach,1432447200.0,13.8,1.25,0.073,,CalumetBeach201505240600,0,13.8,1.25,0.073,3.0
2015-05-24 07:00:00,Calumet Beach,1432450800.0,13.8,1.14,0.07,3.0,CalumetBeach201505240700,0,13.8,1.14,0.07,3.0
2015-05-24 08:00:00,Calumet Beach,1432454400.0,13.8,1.09,0.067,4.0,CalumetBeach201505240800,0,13.8,1.09,0.067,4.0
2015-05-24 09:00:00,Calumet Beach,1432458000.0,,1.01,,5.0,CalumetBeach201505240900,0,13.9,1.01,0.078,5.0
2015-05-24 10:00:00,Calumet Beach,1432461600.0,14.0,1.05,0.094,5.0,CalumetBeach201505241000,0,14.0,1.05,0.094,5.0
2015-05-24 11:00:00,Calumet Beach,1432465200.0,14.2,1.04,0.086,5.0,CalumetBeach201505241100,0,14.2,1.04,0.086,5.0
2015-05-24 12:00:00,Calumet Beach,1432468800.0,,1.03,0.102,2.0,CalumetBeach201505241200,0,14.2,1.03,0.102,2.0
2015-05-24 13:00:00,Calumet Beach,1432472400.0,14.7,1.02,0.12,2.0,CalumetBeach201505241300,0,14.7,1.02,0.12,2.0
2015-05-24 14:00:00,Calumet Beach,1432476000.0,15.0,,0.125,2.0,CalumetBeach201505241400,0,15.0,1.03,0.125,2.0
2015-05-24 15:00:00,Calumet Beach,1432479600.0,14.6,0.99,0.204,2.0,CalumetBeach201505241500,0,14.6,0.99,0.204,2.0
2015-05-24 16:00:00,Calumet Beach,1432483200.0,14.8,1.2,0.199,3.0,CalumetBeach201505241600,0,14.8,1.2,0.199,3.0
2015-05-24 17:00:00,Calumet Beach,1432486800.0,15.2,2.15,0.168,2.0,CalumetBeach201505241700,0,15.2,2.15,0.168,2.0
2015-05-24 18:00:00,Calumet Beach,1432490400.0,14.5,1.34,0.166,3.0,CalumetBeach201505241800,0,14.5,1.34,0.166,3.0
2015-05-24 19:00:00,Calumet Beach,1432494000.0,14.7,1.2,0.151,3.0,CalumetBeach201505241900,0,14.7,1.2,0.151,3.0
2015-05-24 20:00:00,Calumet Beach,1432497600.0,,,0.149,3.0,CalumetBeach201505242000,0,14.7,1.73,0.149,3.0
2015-05-24 21:00:00,Calumet Beach,1432501200.0,,1.7,,,CalumetBeach201505242100,0,14.8,1.7,0.138,3.0
2015-05-24 22:00:00,Calumet Beach,1432504800.0,14.5,1.18,0.15,2.0,CalumetBeach201505242200,0,14.5,1.18,0.15,2.0
2015-05-24 23:00:00,Calumet Beach,1432508400.0,14.4,1.1,0.164,,CalumetBeach201505242300,0,14.4,1.1,0.164,2.0
2015-05-25 00:00:00,Calumet Beach,1432512000.0,14.4,1.09,0.169,2.0,CalumetBeach201505252400,0,14.4,1.09,0.169,2.0
2015-05-25 01:00:00,Calumet Beach,1432515600.0,14.4,1.15,,2.0,CalumetBeach201505250100,0,14.4,1.15,0.153,2.0
2015-05-25 02:00:00,Calumet Beach,1432519200.0,14.3,1.01,0.141,2.0,CalumetBeach201505250200,0,14.3,1.01,0.141,2.0
2015-05-25 03:00:00,Calumet Beach,1432522800.0,14.4,1.06,0.145,2.0,CalumetBeach201505250300,0,14.4,1.06,0.145,2.0
2015-05-25 04:00:00,Calumet Beach,1432526400.0,14.4,,0.124,2.0,CalumetBeach201505250400,0,14.4,1.14,0.124,2.0
2015-05-25 05:00:00,Calumet Beach,1432530000.0,14.4,,,2.0,CalumetBeach201505250500,0,14.4,1.09,0.123,2.0
2015-05-25 06:00:00,Calumet Beach,1432533600.0,14.4,,0.122,2.0,CalumetBeach201505250600,0,14.4,1.11,0.122,2.0
2015-05-25 07:00:00,Calumet Beach,1432537200.0,,,0.13,2.0,CalumetBeach201505250700,0,14.5,0.98,0.13,2.0
2015-05-25 08:00:00,Calumet Beach,1432540800.0,14.6,0.99,0.123,3.0,CalumetBeach201505250800,0,14.6,0.99,0.123,3.0
2015-05-25 09:00:00,Calumet Beach,1432544400.0,14.8,0.99,0.11,2.0,CalumetBeach201505250900,0,14.8,0.99,0.11,2.0
2015-05-25 10:00:00,Calumet Beach,1432548000.0,14.9,1.15,0.11,3.0,CalumetBeach201505251000,0,14.9,1.15,0.11,3.0
2015-05-25 11:00:00,Calumet Beach,1432551600.0,14.9,1.06,0.106,3.0,CalumetBeach201505251100,0,14.9,1.06,0.106,3.0
2015-05-25 12:00:00,Calumet Beach,1432555200.0,15.1,1.02,,3.0,CalumetBeach201505251200,0,15.1,1.02,0.084,3.0
2015-05-25 13:00:00,Calumet Beach,1432558800.0,15.1,0.91,0.112,2.0,CalumetBeach201505251300,0,15.1,0.91,0.112,2.0
2015-05-25 14:00:00,Calumet Beach,1432562400.0,,,0.096,3.0,CalumetBeach201505251400,0,15.2,0.87,0.096,3.0
2015-05-25 15:00:00,Calumet Beach,1432566000.0,15.3,0.93,0.091,3.0,CalumetBeach201505251500,0,15.3,0.93,0.091,3.0
2015-05-25 16:00:00,Calumet Beach,1432569600.0,15.5,0.87,0.111,2.0,CalumetBeach201505251600,0,15.5,0.87,0.111,2.0
2015-05-25 17:00:00,Calumet Beach,1432573200.0,,,,4.0,CalumetBeach201505251700,0,15.3,0.83,0.103,4.0
2015-05-25 18:00:00,Calumet Beach,1432576800.0,15.2,1.04,,2.0,CalumetBeach201505251800,0,15.2,1.04,0.102,2.0
2015-05-25 19:00:00,Calumet Beach,1432580400.0,15.3,1.02,0.093,4.0,CalumetBeach201505251900,0,15.3,1.02,0.093,4.0
2015-05-25 20:00:00,Calumet Beach,1432584000.0,15.1,0.89,0.087,7.0,CalumetBeach201505252000,0,15.1,0.89,0.087,7.0
2015-05-25 21:00:00,Calumet Beach,1432587600.0,15.2,0.94,0.09,4.0,CalumetBeach201505252100,0,15.2,0.94,0.09,4.0
2015-05-25 22:00:00,Calumet Beach,1432591200.0,15.6,,0.086,3.0,CalumetBeach201505252200,0,15.6,1.12,0.086,3.0
2015-05-25 23:00:00,Calumet Beach,1432594800.0,15.3,1.13,,3.0,CalumetBeach201505252300,0,15.3,1.13,0.082,3.0
2015-05-26 00:00:00,Calumet Beach,1432598400.0,14.8,1.46,0.099,,CalumetBeach201505262400,0,14.8,1.46,0.099,2.0
2015-05-26 01:00:00,Calumet Beach,1432602000.0,14.5,1.6,0.081,,CalumetBeach201505260100,0,14.5,1.6,0.081,2.0
2015-05-26 02:00:00,Calumet Beach,1432605600.0,14.7,1.42,0.091,2.0,CalumetBeach201505260200,0,14.7,1.42,0.091,2.0
2015-05-26 03:00:00,Calumet Beach,1432609200.0,,,0.097,2.0,CalumetBeach201505260300,0,14.7,1.5,0.097,2.0
2015-05-26 04:00:00,Calumet Beach,1432612800.0,14.7,,0.094,,CalumetBeach201505260400,0,14.7,1.47,0.094,2.0
2015-05-26 05:00:00,Calumet Beach,1432616400.0,,1.37,0.077,2.0,CalumetBeach201505260500,0,14.7,1.37,0.077,2.0
2015-05-26 06:00:00,Calumet Beach,1432620000.0,,,0.082,,CalumetBeach201505260600,0,14.6,1.37,0.082,2.0
2015-05-26 07:00:00,Calumet Beach,,,,,,,1,,,,
2015-05-26 08:00:00,Calumet Beach,,,,,,,1,,,,
2015-05-26 09:00:00,Calumet Beach,,,,,,,1,,,,
2015-05-26 10:00:00,Calumet Beach,1432634400.0,15.1,1.29,0.145,2.0,CalumetBeach201505261000,0,15.1,1.29,0.145,2.0
2015-05-26 11:00:00,Calumet Beach,1432638000.0,15.2,1.22,0.165,2.0,CalumetBeach201505261100,0,15.2,1.22,0.165,2.0
2015-05-26 12:00:00,Calumet Beach,1432641600.0,,1.2,0.192,2.0,CalumetBeach201505261200,0,15.3,1.2,0.192,2.0
2015-05-26 13:00:00,Calumet Beach,,,,,,,1,,,,
2015-05-26 14:00:00,Calumet Beach,,,,,,,1,,,,
2015-05-26 15:00:00,Calumet Beach,1432652400.0,,1.36,,3.0,CalumetBeach201505261500,0,15.6,1.36,0.129,3.0
2015-05-26 16:00:00,Calumet Beach,1432656000.0,15.5,1.04,0.104,2.0,CalumetBeach201505261600,0,15.5,1.04,0.104,2.0
2015-05-26 17:00:00,Calumet Beach,1432659600.0,,0.89,0.096,,CalumetBeach201505261700,0,15.3,0.89,0.096,4.0
2015-05-26 18:00:00,Calumet Beach,1432663200.0,15.4,0.9,,3.0,CalumetBeach201505261800,0,15.4,0.9,0.108,3.0
2015-05-26 19:00:00,Calumet Beach,1432666800.0,,0.94,0.115,,CalumetBeach201505261900,0,15.4,0.94,0.115,2.0
2015-05-26 20:00:00,Calumet Beach,1432670400.0,15.3,0.97,0.122,2.0,CalumetBeach201505262000,0,15.3,0.97,0.122,2.0
2015-05-26 21:00:00,Calumet Beach,1432674000.0,15.2,0.9,,4.0,CalumetBeach201505262100,0,15.2,0.9,0.107,4.0
2015-05-26 22:00:00,Calumet Beach,1432677600.0,15.2,0.95,0.088,3.0,CalumetBeach201505262200,0,15.2,0.95,0.088,3.0
2015-05-26 23:00:00,Calumet Beach,1432681200.0,15.2,0.91,0.082,4.0,CalumetBeach201505262300,0,15.2,0.91,0.082,4.0
2015-05-27 00:00:00,Calumet Beach,1432684800.0,15.1,1.02,,3.0,CalumetBeach201505272400,0,15.1,1.02,0.1,3.0
2015-05-27 01:00:00,Calumet Beach,1432688400.0,15.1,,0.108,2.0,CalumetBeach201505270100,0,15.1,1.01,0.108,2.0
2015-05-27 02:00:00,Calumet Beach,1432692000.0,15.1,1.07,0.087,2.0,CalumetBeach201505270200,0,15.1,1.07,0.087,2.0
2015-05-27 03:00:00,Calumet Beach,1432695600.0,15.1,1.13,0.093,,CalumetBeach201505270300,0,15.1,1.13,0.093,2.0
2015-05-27 04:00:00,Calumet Beach,,,,,,,1,,,,
2015-05-27 05:00:00,Calumet Beach,,,,,,,1,,,,
2015-05-27 06:00:00,Calumet Beach,,,,,,,1,,,,
2015-05-27 07:00:00,Calumet Beach,,,,,,,1,,,,
2015-05-27 08:00:00,Calumet Beach,,,,,,,1,,,,
2015-05-27 09:00:00,Calumet Beach,1432717200.0,15.1,,0.082,2.0,CalumetBeach201505270900,0,15.1,1.05,0.082,2.0
2015-05-27 10:00:00,Calumet Beach,1432720800.0,15.1,1.22,0.079,2.0,CalumetBeach201505271000,0,15.1,1.22,0.079,2.0
2015-05-27 11:00:00,Calumet Beach,1432724400.0,15.3,1.0,0.081,2.0,CalumetBeach201505271100,0,15.3,1.0,0.081,2.0
2015-05-27 12:00:00,Calumet Beach,1432728000.0,15.4,1.06,0.087,2.0,CalumetBeach201505271200,0,15.4,1.06,0.087,2.0
2015-05-27 13:00:00,Calumet Beach,1432731600.0,15.3,1.1,,2.0,CalumetBeach201505271300,0,15.3,1.1,0.09,2.0
2015-05-27 14:00:00,Calumet Beach,,,,,,,1,,,,
2015-05-27 15:00:00,Calumet Beach,,,,,,,1,,,,
2015-05-27 16:00:00,Calumet Beach,1432742400.0,15.4,1.03,0.113,2.0,CalumetBeach201505271600,0,15.4,1.03,0.113,2.0
2015-05-27 17:00:00,Calumet Beach,1432746000.0,15.5,1.41,0.105,3.0,CalumetBeach201505271700,0,15.5,1.41,0.105,3.0
2015-05-27 18:00:00,Calumet Beach,1432749600.0,15.8,0.88,0.117,2.0,CalumetBeach201505271800,0,15.8,0.88,0.117,2.0
2015-05-27 19:00:00,Calumet Beach,,,,,,,1,,,,
2015-05-27 20:00:00,Calumet Beach,,,,,,,1,,,,
2015-05-27 21:00:00,Calumet Beach,,,,,,,1,,,,
2015-05-27 22:00:00,Calumet Beach,,,,,,,1,,,,
2015-05-27 23:00:00,Calumet Beach,,,,,,,1,,,,
2015-05-28 00:00:00,Calumet Beach,,,,,,,1,,,,
2015-05-28 01:00:00,Calumet Beach,,,,,,,1,,,,
2015-05-28 02:00:00,Calumet Beach,,,,,,,1,,,,
2015-05-28 03:00:00,Calumet Beach,,,,,,,1,,,,
2015-05-28 04:00:00,Calumet Beach,,,,,,,1,,,,
2015-05-28 05:00:00,Calumet Beach,,,,,,,1,,,,
2015-05-28 06:00:00,Calumet Beach,,,,,,,1,,,,
2015-05-28 07:00:00,Calumet Beach,,,,,,,1,,,,
2015-05-28 08:00:00,Calumet Beach,,,,,,,1,,,,
2015-05-28 09:00:00,Calumet Beach,,,,,,,1,,,,
2015-05-28 10:00:00,Calumet Beach,,,,,,,1,,,,
2015-05-28 11:00:00,Calumet Beach,1432810800.0,,0.73,0.085,4.0,CalumetBeach201505281100,0,16.7,0.73,0.085,4.0
2015-05-28 12:00:00,Calumet Beach,1432814400.0,16.9,0.74,0.092,2.0,CalumetBeach201505281200,0,16.9,0.74,0.092,2.0
2015-05-28 13:00:00,Calumet Beach,1432818000.0,17.3,0.72,0.121,2.0,CalumetBeach201505281300,0,17.3,0.72,0.121,2.0
2015-05-28 14:00:00,Calumet Beach,1432821600.0,17.6,0.79,0.156,2.0,CalumetBeach201505281400,0,17.6,0.79,0.156,2.0
2015-05-28 15:00:00,Calumet Beach,1432825200.0,17.6,0.88,0.129,2.0,CalumetBeach201505281500,0,17.6,0.88,0.129,2.0
2015-05-28 16:00:00,Calumet Beach,1432828800.0,,0.82,0.127,,CalumetBeach201505281600,0,17.7,0.82,0.127,2.0
2015-05-28 17:00:00,Calumet Beach,1432832400.0,18.1,0.77,0.103,2.0,CalumetBeach201505281700,0,18.1,0.77,0.103,2.0
2015-05-28 18:00:00,Calumet Beach,1432836000.0,,0.73,0.112,,CalumetBeach201505281800,0,18.4,0.73,0.112,3.0
2015-05-28 19:00:00,Calumet Beach,1432839600.0,19.6,1.31,0.147,2.0,CalumetBeach201505281900,0,19.6,1.31,0.147,2.0
2015-05-28 20:00:00,Calumet Beach,1432843200.0,19.1,1.1,0.196,3.0,CalumetBeach201505282000,0,19.1,1.1,0.196,3.0
2015-05-28 21:00:00,Calumet Beach,1432846800.0,18.7,1.04,0.179,3.0,CalumetBeach201505282100,0,18.7,1.04,0.179,3.0
2015-05-28 22:00:00,Calumet Beach,1432850400.0,18.3,0.93,0.183,3.0,CalumetBeach201505282200,0,18.3,0.93,0.183,3.0
2015-05-28 23:00:00,Calumet Beach,1432854000.0,18.0,,0.155,2.0,CalumetBeach201505282300,0,18.0,0.84,0.155,2.0
2015-05-29 00:00:00,Calumet Beach,1432857600.0,18.1,1.03,0.156,2.0,CalumetBeach201505292400,0,18.1,1.03,0.156,2.0
2015-05-29 01:00:00,Calumet Beach,1432861200.0,18.0,,0.156,,CalumetBeach201505290100,0,18.0,1.11,0.156,2.0
2015-05-29 02:00:00,Calumet Beach,1432864800.0,17.6,1.23,0.132,2.0,CalumetBeach201505290200,0,17.6,1.23,0.132,2.0
2015-05-29 03:00:00,Calumet Beach,1432868400.0,17.3,1.3,0.11,,CalumetBeach201505290300,0,17.3,1.3,0.11,2.0
2015-05-29 04:00:00,Calumet Beach,1432872000.0,17.1,,0.104,2.0,CalumetBeach201505290400,0,17.1,1.47,0.104,2.0
2015-05-29 05:00:00,Calumet Beach,1432875600.0,17.0,1.37,0.108,3.0,CalumetBeach201505290500,0,17.0,1.37,0.108,3.0
2015-05-29 06:00:00,Calumet Beach,1432879200.0,16.7,,0.101,,CalumetBeach201505290600,0,16.7,1.19,0.101,2.0
2015-05-29 07:00:00,Calumet Beach,1432882800.0,16.5,0.94,0.104,,CalumetBeach201505290700,0,16.5,0.94,0.104,2.0
2015-05-29 08:00:00,Calumet Beach,1432886400.0,,0.99,0.098,2.0,CalumetBeach201505290800,0,16.4,0.99,0.098,2.0
2015-05-29 09:00:00,Calumet Beach,1432890000.0,16.1,1.07,,2.0,CalumetBeach201505290900,0,16.1,1.07,0.095,2.0
2015-05-29 10:00:00,Calumet Beach,1432893600.0,,1.15,,2.0,CalumetBeach201505291000,0,16.1,1.15,0.094,2.0
2015-05-29 11:00:00,Calumet Beach,1432897200.0,15.8,1.07,0.103,8.0,CalumetBeach201505291100,0,15.8,1.07,0.103,8.0
2015-05-29 12:00:00,Calumet Beach,1432900800.0,15.5,,0.118,2.0,CalumetBeach201505291200,0,15.5,1.04,0.118,2.0
2015-05-29 13:00:00,Calumet Beach,1432904400.0,16.5,,0.116,2.0,CalumetBeach201505291300,0,16.5,1.17,0.116,2.0
2015-05-29 14:00:00,Calumet Beach,1432908000.0,17.1,1.15,0.083,4.0,CalumetBeach201505291400,0,17.1,1.15,0.083,4.0
2015-05-29 15:00:00,Calumet Beach,1432911600.0,,1.26,0.09,4.0,CalumetBeach201505291500,0,17.9,1.26,0.09,4.0
2015-05-29 16:00:00,Calumet Beach,1432915200.0,16.5,1.19,0.141,2.0,CalumetBeach201505291600,0,16.5,1.19,0.141,2.0
2015-05-29 17:00:00,Calumet Beach,1432918800.0,15.5,1.25,0.099,,CalumetBeach201505291700,0,15.5,1.25,0.099,2.0
2015-05-29 18:00:00,Calumet Beach,1432922400.0,,1.26,0.074,,CalumetBeach201505291800,0,15.8,1.26,0.074,9.0
2015-05-29 19:00:00,Calumet Beach,1432926000.0,16.2,1.09,0.077,4.0,CalumetBeach201505291900,0,16.2,1.09,0.077,4.0
2015-05-29 20:00:00,Calumet Beach,1432929600.0,15.6,,0.094,3.0,CalumetBeach201505292000,0,15.6,1.13,0.094,3.0
2015-05-29 21:00:00,Calumet Beach,1432933200.0,15.4,,0.078,6.0,CalumetBeach201505292100,0,15.4,1.43,0.078,6.0
2015-05-29 22:00:00,Calumet Beach,1432936800.0,15.1,1.32,0.084,9.0,CalumetBeach201505292200,0,15.1,1.32,0.084,9.0
2015-05-29 23:00:00,Calumet Beach,1432940400.0,15.1,1.37,0.075,9.0,CalumetBeach201505292300,0,15.1,1.37,0.075,9.0
2015-05-30 00:00:00,Calumet Beach,1432944000.0,,1.45,0.069,9.0,CalumetBeach201505302400,0,14.8,1.45,0.069,9.0
2015-05-30 01:00:00,Calumet Beach,1432947600.0,14.7,,0.078,2.0,CalumetBeach201505300100,0,14.7,1.67,0.078,2.0
2015-05-30 02:00:00,Calumet Beach,1432951200.0,14.6,1.65,0.069,,CalumetBeach201505300200,0,14.6,1.65,0.069,4.0
2015-05-30 03:00:00,Calumet Beach,1432954800.0,14.5,1.7,0.07,3.0,CalumetBeach201505300300,0,14.5,1.7,0.07,3.0
2015-05-30 04:00:00,Calumet Beach,1432958400.0,,1.67,0.077,4.0,CalumetBeach201505300400,0,14.5,1.67,0.077,4.0
2015-05-30 05:00:00,Calumet Beach,1432962000.0,,2.03,0.076,4.0,CalumetBeach201505300500,0,14.4,2.03,0.076,4.0
2015-05-30 06:00:00,Calumet Beach,1432965600.0,14.5,1.53,0.062,,CalumetBeach201505300600,0,14.5,1.53,0.062,4.0
2015-05-30 07:00:00,Calumet Beach,1432969200.0,14.4,1.19,0.063,4.0,CalumetBeach201505300700,0,14.4,1.19,0.063,4.0
2015-05-30 08:00:00,Calumet Beach,1432972800.0,14.7,,0.074,2.0,CalumetBeach201505300800,0,14.7,1.05,0.074,2.0
2015-05-30 09:00:00,Calumet Beach,1432976400.0,15.0,1.04,0.055,4.0,CalumetBeach201505300900,0,15.0,1.04,0.055,4.0
2015-05-30 10:00:00,Calumet Beach,1432980000.0,14.8,1.12,,4.0,CalumetBeach201505301000,0,14.8,1.12,0.059,4.0
2015-05-30 11:00:00,Calumet Beach,1432983600.0,14.8,1.06,0.065,4.0,CalumetBeach201505301100,0,14.8,1.06,0.065,4.0
2015-05-30 12:00:00,Calumet Beach,1432987200.0,14.5,1.2,0.127,3.0,CalumetBeach201505301200,0,14.5,1.2,0.127,3.0
2015-05-30 13:00:00,Calumet Beach,1432990800.0,14.4,1.14,0.159,3.0,CalumetBeach201505301300,0,14.4,1.14,0.159,3.0
2015-05-30 14:00:00,Calumet Beach,1432994400.0,14.3,,0.23,4.0,CalumetBeach201505301400,0,14.3,1.16,0.23,4.0
2015-05-30 15:00:00,Calumet Beach,1432998000.0,14.1,1.42,0.264,5.0,CalumetBeach201505301500,0,14.1,1.42,0.264,5.0
2015-05-30 16:00:00,Calumet Beach,1433001600.0,14.1,1.72,0.283,6.0,CalumetBeach201505301600,0,14.1,1.72,0.283,6.0
2015-05-30 17:00:00,Calumet Beach,1433005200.0,14.1,2.32,0.278,5.0,CalumetBeach201505301700,0,14.1,2.32,0.278,5.0
2015-05-30 18:00:00,Calumet Beach,1433008800.0,14.1,2.67,0.292,6.0,CalumetBeach201505301800,0,14.1,2.67,0.292,6.0
2015-05-30 19:00:00,Calumet Beach,1433012400.0,14.0,3.01,0.304,7.0,CalumetBeach201505301900,0,14.0,3.01,0.304,7.0
2015-05-30 20:00:00,Calumet Beach,1433016000.0,13.8,4.63,,7.0,CalumetBeach201505302000,0,13.8,4.63,0.353,7.0
2015-05-30 21:00:00,Calumet Beach,1433019600.0,13.7,6.24,0.348,8.0,CalumetBeach201505302100,0,13.7,6.24,0.348,8.0
2015-05-30 22:00:00,Calumet Beach,1433023200.0,13.6,7.15,,7.0,CalumetBeach201505302200,0,13.6,7.15,0.362,7.0
2015-05-30 23:00:00,Calumet Beach,1433026800.0,,,0.391,7.0,CalumetBeach201505302300,0,13.6,8.01,0.391,7.0
2015-05-31 00:00:00,Calumet Beach,1433030400.0,13.4,10.46,0.376,7.0,CalumetBeach201505312400,0,13.4,10.46,0.376,7.0
2015-05-31 01:00:00,Calumet Beach,,,,,,,1,,,,
2015-05-31 02:00:00,Calumet Beach,1433037600.0,13.1,10.78,,8.0,CalumetBeach201505310200,0,13.1,10.78,0.364,8.0
2015-05-31 03:00:00,Calumet Beach,1433041200.0,13.1,12.21,0.391,7.0,CalumetBeach201505310300,0,13.1,12.21,0.391,7.0
2015-05-31 04:00:00,Calumet Beach,1433044800.0,13.0,12.96,0.36,6.0,CalumetBeach201505310400,0,13.0,12.96,0.36,6.0
2015-05-31 05:00:00,Calumet Beach,1433048400.0,12.8,,0.363,7.0,CalumetBeach201505310500,0,12.8,14.73,0.363,7.0
2015-05-31 06:00:00,Calumet Beach,1433052000.0,12.7,14.82,0.357,8.0,CalumetBeach201505310600,0,12.7,14.82,0.357,8.0
2015-05-31 07:00:00,Calumet Beach,1433055600.0,12.6,13.54,0.348,7.0,CalumetBeach201505310700,0,12.6,13.54,0.348,7.0
2015-05-31 08:00:00,Calumet Beach,1433059200.0,,13.63,0.333,,CalumetBeach201505310800,0,12.5,13.63,0.333,6.0
2015-05-31 09:00:00,Calumet Beach,1433062800.0,12.5,14.24,0.319,5.0,CalumetBeach201505310900,0,12.5,14.24,0.319,5.0
2015-05-31 10:00:00,Calumet Beach,1433066400.0,12.5,13.73,,4.0,CalumetBeach201505311000,0,12.5,13.73,0.3,4.0
2015-05-31 11:00:00,Calumet Beach,1433070000.0,12.5,13.38,0.323,,CalumetBeach201505311100,0,12.5,13.38,0.323,4.0
2015-05-31 12:00:00,Calumet Beach,1433073600.0,,,,5.0,CalumetBeach201505311200,0,12.4,13.97,0.305,5.0
2015-05-31 13:00:00,Calumet Beach,1433077200.0,12.5,13.46,,7.0,CalumetBeach201505311300,0,12.5,13.46,0.305,7.0
2015-05-31 14:00:00,Calumet Beach,1433080800.0,12.5,,,5.0,CalumetBeach201505311400,0,12.5,12.41,0.29,5.0
2015-05-31 15:00:00,Calumet Beach,1433084400.0,12.6,12.01,0.301,5.0,CalumetBeach201505311500,0,12.6,12.01,0.301,5.0
2015-05-31 16:00:00,Calumet Beach,1433088000.0,12.6,11.98,0.29,6.0,CalumetBeach201505311600,0,12.6,11.98,0.29,6.0
2015-05-31 17:00:00,Calumet Beach,1433091600.0,12.7,11.3,0.296,6.0,CalumetBeach201505311700,0,12.7,11.3,0.296,6.0
2015-05-31 18:00:00,Calumet Beach,1433095200.0,12.7,12.43,,6.0,CalumetBeach201505311800,0,12.7,12.43,0.286,6.0
2015-05-31 19:00:00,Calumet Beach,1433098800.0,12.5,12.63,0.296,5.0,CalumetBeach201505311900,0,12.5,12.63,0.296,5.0
2015-05-31 20:00:00,Calumet Beach,1433102400.0,12.5,11.26,0.275,5.0,CalumetBeach201505312000,0,12.5,11.26,0.275,5.0
2015-05-31 21:00:00,Calumet Beach,1433106000.0,12.4,12.29,0.272,6.0,CalumetBeach201505312100,0,12.4,12.29,0.272,6.0
2015-05-31 22:00:00,Calumet Beach,1433109600.0,12.5,9.98,0.258,5.0,CalumetBeach201505312200,0,12.5,9.98,0.258,5.0
2015-05-31 23:00:00,Calumet Beach,1433113200.0,,12.0,,6.0,CalumetBeach201505312300,0,12.5,12.0,0.254,6.0
2015-06-01 00:00:00,Calumet Beach,1433116800.0,12.4,13.91,0.271,6.0,CalumetBeach201506012400,0,12.4,13.91,0.271,6.0
2015-06-01 01:00:00,Calumet Beach,1433120400.0,12.2,13.27,0.265,6.0,CalumetBeach201506010100,0,12.2,13.27,0.265,6.0
2015-06-01 02:00:00,Calumet Beach,1433124000.0,12.2,12.23,0.273,6.0,CalumetBeach201506010200,0,12.2,12.23,0.273,6.0
2015-06-01 03:00:00,Calumet Beach,1433127600.0,12.1,12.42,0.274,3.0,CalumetBeach201506010300,0,12.1,12.42,0.274,3.0
2015-06-01 04:00:00,Calumet Beach,1433131200.0,12.0,,,6.0,CalumetBeach201506010400,0,12.0,13.31,0.274,6.0
2015-06-01 05:00:00,Calumet Beach,1433134800.0,12.0,12.97,0.272,,CalumetBeach201506010500,0,12.0,12.97,0.272,7.0
2015-06-01 06:00:00,Calumet Beach,1433138400.0,11.9,,0.278,6.0,CalumetBeach201506010600,0,11.9,13.68,0.278,6.0
2015-06-01 07:00:00,Calumet Beach,1433142000.0,11.9,11.06,0.274,6.0,CalumetBeach201506010700,0,11.9,11.06,0.274,6.0
2015-06-01 08:00:00,Calumet Beach,1433145600.0,11.9,10.3,0.233,6.0,CalumetBeach201506010800,0,11.9,10.3,0.233,6.0
2015-06-01 09:00:00,Calumet Beach,1433149200.0,11.9,10.7,0.245,3.0,CalumetBeach201506010900,0,11.9,10.7,0.245,3.0
2015-06-01 10:00:00,Calumet Beach,1433152800.0,11.9,6.99,0.231,6.0,CalumetBeach201506011000,0,11.9,6.99,0.231,6.0
2015-06-01 11:00:00,Calumet Beach,1433156400.0,12.0,,0.206,3.0,CalumetBeach201506011100,0,12.0,6.68,0.206,3.0
2015-06-01 12:00:00,Calumet Beach,1433160000.0,12.2,6.97,0.231,3.0,CalumetBeach201506011200,0,12.2,6.97,0.231,3.0
2015-06-01 13:00:00,Calumet Beach,1433163600.0,12.5,7.14,0.215,3.0,CalumetBeach201506011300,0,12.5,7.14,0.215,3.0
2015-06-01 14:00:00,Calumet Beach,1433167200.0,13.1,6.91,0.22,3.0,CalumetBeach201506011400,0,13.1,6.91,0.22,3.0
2015-06-01 15:00:00,Calumet Beach,1433170800.0,13.4,6.81,0.204,3.0,CalumetBeach201506011500,0,13.4,6.81,0.204,3.0
2015-06-01 16:00:00,Calumet Beach,1433174400.0,13.5,6.73,0.222,4.0,CalumetBeach201506011600,0,13.5,6.73,0.222,4.0
2015-06-01 17:00:00,Calumet Beach,1433178000.0,13.6,7.33,0.211,4.0,CalumetBeach201506011700,0,13.6,7.33,0.211,4.0
2015-06-01 18:00:00,Calumet Beach,1433181600.0,13.5,6.63,0.204,4.0,CalumetBeach201506011800,0,13.5,6.63,0.204,4.0
2015-06-01 19:00:00,Calumet Beach,1433185200.0,13.5,6.78,0.199,3.0,CalumetBeach201506011900,0,13.5,6.78,0.199,3.0
2015-06-01 20:00:00,Calumet Beach,1433188800.0,13.4,7.15,0.204,4.0,CalumetBeach201506012000,0,13.4,7.15,0.204,4.0
2015-06-01 21:00:00,Calumet Beach,1433192400.0,,6.42,0.196,4.0,CalumetBeach201506012100,0,13.2,6.42,0.196,4.0
2015-06-01 22:00:00,Calumet Beach,1433196000.0,13.0,6.45,,3.0,CalumetBeach201506012200,0,13.0,6.45,0.19,3.0
2015-06-01 23:00:00,Calumet Beach,1433199600.0,12.9,6.35,0.185,4.0,CalumetBeach201506012300,0,12.9,6.35,0.185,4.0
2015-06-02 00:00:00,Calumet Beach,1433203200.0,13.0,6.08,0.182,4.0,CalumetBeach201506022400,0,13.0,6.08,0.182,4.0
2015-06-02 01:00:00,Calumet Beach,1433206800.0,12.8,6.25,,4.0,CalumetBeach201506020100,0,12.8,6.25,0.175,4.0
2015-06-02 02:00:00,Calumet Beach,1433210400.0,12.7,5.99,0.171,,CalumetBeach201506020200,0,12.7,5.99,0.171,4.0
2015-06-02 03:00:00,Calumet Beach,1433214000.0,12.7,5.79,,,CalumetBeach201506020300,0,12.7,5.79,0.172,4.0
2015-06-02 04:00:00,Calumet Beach,1433217600.0,12.6,5.92,0.164,4.0,CalumetBeach201506020400,0,12.6,5.92,0.164,4.0
2015-06-02 05:00:00,Calumet Beach,1433221200.0,12.6,5.5,,,CalumetBeach201506020500,0,12.6,5.5,0.165,4.0
2015-06-02 06:00:00,Calumet Beach,1433224800.0,12.5,,0.155,5.0,CalumetBeach201506020600,0,12.5,5.91,0.155,5.0
2015-06-02 07:00:00,Calumet Beach,1433228400.0,12.5,5.85,0.151,4.0,CalumetBeach201506020700,0,12.5,5.85,0.151,4.0
2015-06-02 08:00:00,Calumet Beach,1433232000.0,12.7,5.62,0.151,5.0,CalumetBeach201506020800,0,12.7,5.62,0.151,5.0
2015-06-02 09:00:00,Calumet Beach,1433235600.0,12.9,5.76,0.148,4.0,CalumetBeach201506020900,0,12.9,5.76,0.148,4.0
2015-06-02 10:00:00,Calumet Beach,1433239200.0,13.2,5.8,0.13,4.0,CalumetBeach201506021000,0,13.2,5.8,0.13,4.0
2015-06-02 11:00:00,Calumet Beach,1433242800.0,13.5,5.3,0.134,4.0,CalumetBeach201506021100,0,13.5,5.3,0.134,4.0
2015-06-02 12:00:00,Calumet Beach,1433246400.0,13.8,,0.139,,CalumetBeach201506021200,0,13.8,5.11,0.139,4.0
2015-06-02 13:00:00,Calumet Beach,1433250000.0,14.2,,0.158,4.0,CalumetBeach201506021300,0,14.2,5.13,0.158,4.0
2015-06-02 14:00:00,Calumet Beach,1433253600.0,14.6,4.7,,4.0,CalumetBeach201506021400,0,14.6,4.7,0.149,4.0
2015-06-02 15:00:00,Calumet Beach,1433257200.0,,4.61,0.137,4.0,CalumetBeach201506021500,0,14.8,4.61,0.137,4.0
2015-06-02 16:00:00,Calumet Beach,1433260800.0,15.5,4.29,0.129,4.0,CalumetBeach201506021600,0,15.5,4.29,0.129,4.0
2015-06-02 17:00:00,Calumet Beach,1433264400.0,15.8,4.5,0.136,4.0,CalumetBeach201506021700,0,15.8,4.5,0.136,4.0
2015-06-02 18:00:00,Calumet Beach,1433268000.0,16.4,4.37,0.127,3.0,CalumetBeach201506021800,0,16.4,4.37,0.127,3.0
2015-06-02 19:00:00,Calumet Beach,1433271600.0,,4.39,0.125,,CalumetBeach201506021900,0,16.3,4.39,0.125,2.0
2015-06-02 20:00:00,Calumet Beach,1433275200.0,16.4,4.33,0.149,2.0,CalumetBeach201506022000,0,16.4,4.33,0.149,2.0
2015-06-02 21:00:00,Calumet Beach,1433278800.0,16.0,4.61,0.151,,CalumetBeach201506022100,0,16.0,4.61,0.151,2.0
2015-06-02 22:00:00,Calumet Beach,1433282400.0,15.8,4.73,0.15,2.0,CalumetBeach201506022200,0,15.8,4.73,0.15,2.0
2015-06-02 23:00:00,Calumet Beach,1433286000.0,15.8,4.86,0.17,2.0,CalumetBeach201506022300,0,15.8,4.86,0.17,2.0
2015-06-03 00:00:00,Calumet Beach,,,,,,,1,,,,
2015-06-03 01:00:00,Calumet Beach,1433293200.0,15.4,4.71,0.148,3.0,CalumetBeach201506030100,0,15.4,4.71,0.148,3.0
2015-06-03 02:00:00,Calumet Beach,1433296800.0,15.2,,0.137,,CalumetBeach201506030200,0,15.2,4.68,0.137,3.0
2015-06-03 03:00:00,Calumet Beach,1433300400.0,15.0,4.53,,3.0,CalumetBeach201506030300,0,15.0,4.53,0.13,3.0
2015-06-03 04:00:00,Calumet Beach,1433304000.0,15.0,4.83,,3.0,CalumetBeach201506030400,0,15.0,4.83,0.142,3.0
2015-06-03 05:00:00,Calumet Beach,,,,,,,1,,,,
2015-06-03 06:00:00,Calumet Beach,,,,,,,1,,,,
2015-06-03 07:00:00,Calumet Beach,,,,,,,1,,,,
2015-06-03 08:00:00,Calumet Beach,,,,,,,1,,,,
2015-06-03 09:00:00,Calumet Beach,,,,,,,1,,,,
2015-06-03 10:00:00,Calumet Beach,,,,,,,1,,,,
2015-06-03 11:00:00,Calumet Beach,1433329200.0,15.2,4.79,,3.0,CalumetBeach201506031100,0,15.2,4.79,0.122,3.0
2015-06-03 12:00:00,Calumet Beach,1433332800.0,,,0.111,2.0,CalumetBeach201506031200,0,15.5,4.73,0.111,2.0
2015-06-03 13:00:00,Calumet Beach,1433336400.0,16.2,4.49,,2.0,CalumetBeach201506031300,0,16.2,4.49,0.124,2.0
2015-06-03 14:00:00,Calumet Beach,1433340000.0,16.7,4.48,0.133,2.0,CalumetBeach201506031400,0,16.7,4.48,0.133,2.0
2015-06-03 15:00:00,Calumet Beach,1433343600.0,16.6,,0.154,2.0,CalumetBeach201506031500,0,16.6,4.46,0.154,2.0
2015-06-03 16:00:00,Calumet Beach,1433347200.0,16.9,,0.178,2.0,CalumetBeach201506031600,0,16.9,4.27,0.178,2.0
2015-06-03 17:00:00,Calumet Beach,1433350800.0,18.0,4.44,0.179,2.0,CalumetBeach201506031700,0,18.0,4.44,0.179,2.0
2015-06-03 18:00:00,Calumet Beach,1433354400.0,18.4,4.57,0.185,2.0,CalumetBeach201506031800,0,18.4,4.57,0.185,2.0
2015-06-03 19:00:00,Calumet Beach,1433358000.0,,4.56,0.224,2.0,CalumetBeach201506031900,0,18.6,4.56,0.224,2.0
2015-06-03 20:00:00,Calumet Beach,1433361600.0,17.9,,,3.0,CalumetBeach201506032000,0,17.9,4.25,0.204,3.0
2015-06-03 21:00:00,Calumet Beach,1433365200.0,17.3,4.34,0.196,3.0,CalumetBeach201506032100,0,17.3,4.34,0.196,3.0
2015-06-03 22:00:00,Calumet Beach,1433368800.0,16.9,4.23,0.189,3.0,CalumetBeach201506032200,0,16.9,4.23,0.189,3.0
2015-06-03 23:00:00,Calumet Beach,1433372400.0,16.8,4.11,0.149,2.0,CalumetBeach201506032300,0,16.8,4.11,0.149,2.0
2015-06-04 00:00:00,Calumet Beach,1433376000.0,16.7,4.36,0.134,2.0,CalumetBeach201506042400,0,16.7,4.36,0.134,2.0
2015-06-04 01:00:00,Calumet Beach,1433379600.0,,4.8,,2.0,CalumetBeach201506040100,0,16.7,4.8,0.133,2.0
2015-06-04 02:00:00,Calumet Beach,1433383200.0,16.4,4.25,0.115,,CalumetBeach201506040200,0,16.4,4.25,0.115,2.0
2015-06-04 03:00:00,Calumet Beach,1433386800.0,16.1,4.28,0.11,2.0,CalumetBeach201506040300,0,16.1,4.28,0.11,2.0
2015-06-04 04:00:00,Calumet Beach,1433390400.0,15.7,4.18,0.102,3.0,CalumetBeach201506040400,0,15.7,4.18,0.102,3.0
2015-06-04 05:00:00,Calumet Beach,1433394000.0,15.4,4.12,0.09,3.0,CalumetBeach201506040500,0,15.4,4.12,0.09,3.0
2015-06-04 06:00:00,Calumet Beach,1433397600.0,15.2,4.16,0.079,2.0,CalumetBeach201506040600,0,15.2,4.16,0.079,2.0
2015-06-04 07:00:00,Calumet Beach,1433401200.0,15.2,3.89,0.088,2.0,CalumetBeach201506040700,0,15.2,3.89,0.088,2.0
2015-06-04 08:00:00,Calumet Beach,1433404800.0,15.3,4.04,0.075,5.0,CalumetBeach201506040800,0,15.3,4.04,0.075,5.0
2015-06-04 09:00:00,Calumet Beach,1433408400.0,15.5,3.77,0.069,3.0,CalumetBeach201506040900,0,15.5,3.77,0.069,3.0
2015-06-04 10:00:00,Calumet Beach,1433412000.0,15.4,3.79,,2.0,CalumetBeach201506041000,0,15.4,3.79,0.07,2.0
2015-06-04 11:00:00,Calumet Beach,1433415600.0,15.4,3.72,0.076,,CalumetBeach201506041100,0,15.4,3.72,0.076,3.0
2015-06-04 12:00:00,Calumet Beach,1433419200.0,15.5,,0.082,3.0,CalumetBeach201506041200,0,15.5,3.89,0.082,3.0
2015-06-04 13:00:00,Calumet Beach,1433422800.0,16.3,,0.086,8.0,CalumetBeach201506041300,0,16.3,3.91,0.086,8.0
2015-06-04 14:00:00,Calumet Beach,1433426400.0,15.4,,0.097,9.0,CalumetBeach201506041400,0,15.4,3.97,0.097,9.0
2015-06-04 15:00:00,Calumet Beach,1433430000.0,15.2,3.54,0.087,,CalumetBeach201506041500,0,15.2,3.54,0.087,4.0
2015-06-04 16:00:00,Calumet Beach,1433433600.0,,3.34,0.104,3.0,CalumetBeach201506041600,0,15.0,3.34,0.104,3.0
2015-06-04 17:00:00,Calumet Beach,1433437200.0,14.8,3.26,0.09,3.0,CalumetBeach201506041700,0,14.8,3.26,0.09,3.0
2015-06-04 18:00:00,Calumet Beach,1433440800.0,14.6,,0.111,2.0,CalumetBeach201506041800,0,14.6,3.35,0.111,2.0
2015-06-04 19:00:00,Calumet Beach,1433444400.0,15.0,2.92,,4.0,CalumetBeach201506041900,0,15.0,2.92,0.088,4.0
2015-06-04 20:00:00,Calumet Beach,1433448000.0,,,0.098,2.0,CalumetBeach201506042000,0,14.9,3.45,0.098,2.0
2015-06-04 21:00:00,Calumet Beach,1433451600.0,,2.84,0.091,5.0,CalumetBeach201506042100,0,15.5,2.84,0.091,5.0
2015-06-04 22:00:00,Calumet Beach,1433455200.0,15.6,2.77,0.069,5.0,CalumetBeach201506042200,0,15.6,2.77,0.069,5.0
2015-06-04 23:00:00,Calumet Beach,1433458800.0,15.5,2.88,0.071,,CalumetBeach201506042300,0,15.5,2.88,0.071,9.0
2015-06-05 00:00:00,Calumet Beach,1433462400.0,15.3,2.88,0.07,3.0,CalumetBeach201506052400,0,15.3,2.88,0.07,3.0
2015-06-05 01:00:00,Calumet Beach,1433466000.0,15.2,,0.081,,CalumetBeach201506050100,0,15.2,2.95,0.081,3.0
2015-06-05 02:00:00,Calumet Beach,1433469600.0,15.0,2.92,0.069,,CalumetBeach201506050200,0,15.0,2.92,0.069,7.0
2015-06-05 03:00:00,Calumet Beach,1433473200.0,15.0,3.08,,3.0,CalumetBeach201506050300,0,15.0,3.08,0.076,3.0
2015-06-05 04:00:00,Calumet Beach,1433476800.0,,3.05,,6.0,CalumetBeach201506050400,0,15.0,3.05,0.069,6.0
2015-06-05 05:00:00,Calumet Beach,1433480400.0,15.0,3.16,0.109,3.0,CalumetBeach201506050500,0,15.0,3.16,0.109,3.0
2015-06-05 06:00:00,Calumet Beach,1433484000.0,14.9,3.2,0.121,,CalumetBeach201506050600,0,14.9,3.2,0.121,3.0
2015-06-05 07:00:00,Calumet Beach,1433487600.0,,3.67,0.15,3.0,CalumetBeach201506050700,0,15.0,3.67,0.15,3.0
2015-06-05 08:00:00,Calumet Beach,1433491200.0,15.0,3.0,,3.0,CalumetBeach201506050800,0,15.0,3.0,0.175,3.0
2015-06-05 09:00:00,Calumet Beach,1433494800.0,15.0,3.1,0.182,,CalumetBeach201506050900,0,15.0,3.1,0.182,4.0
2015-06-05 10:00:00,Calumet Beach,,,,,,,1,,,,
2015-06-05 11:00:00,Calumet Beach,1433502000.0,15.0,3.1,0.196,4.0,CalumetBeach201506051100,0,15.0,3.1,0.196,4.0
2015-06-05 12:00:00,Calumet Beach,1433505600.0,15.0,2.95,,4.0,CalumetBeach201506051200,0,15.0,2.95,0.192,4.0
2015-06-05 13:00:00,Calumet Beach,1433509200.0,15.0,2.92,0.21,,CalumetBeach201506051300,0,15.0,2.92,0.21,4.0
2015-06-05 14:00:00,Calumet Beach,,,,,,,1,,,,
2015-06-05 15:00:00,Calumet Beach,1433516400.0,15.2,3.26,,4.0,CalumetBeach201506051500,0,15.2,3.26,0.244,4.0
2015-06-05 16:00:00,Calumet Beach,1433520000.0,15.3,3.39,0.247,5.0,CalumetBeach201506051600,0,15.3,3.39,0.247,5.0
2015-06-05 17:00:00,Calumet Beach,1433523600.0,15.3,,0.262,4.0,CalumetBeach201506051700,0,15.3,3.71,0.262,4.0
2015-06-05 18:00:00,Calumet Beach,1433527200.0,15.1,,0.238,5.0,CalumetBeach201506051800,0,15.1,3.56,0.238,5.0
2015-06-05 19:00:00,Calumet Beach,1433530800.0,15.1,3.77,0.261,5.0,CalumetBeach201506051900,0,15.1,3.77,0.261,5.0
2015-06-05 20:00:00,Calumet Beach,1433534400.0,,3.88,0.252,4.0,CalumetBeach201506052000,0,15.1,3.88,0.252,4.0
2015-06-05 21:00:00,Calumet Beach,1433538000.0,15.1,4.2,,6.0,CalumetBeach201506052100,0,15.1,4.2,0.26,6.0
2015-06-05 22:00:00,Calumet Beach,1433541600.0,15.0,4.58,0.267,5.0,CalumetBeach201506052200,0,15.0,4.58,0.267,5.0
2015-06-05 23:00:00,Calumet Beach,1433545200.0,,4.31,0.255,3.0,CalumetBeach201506052300,0,14.9,4.31,0.255,3.0
2015-06-06 00:00:00,Calumet Beach,1433548800.0,14.8,4.91,0.245,6.0,CalumetBeach201506062400,0,14.8,4.91,0.245,6.0
2015-06-06 01:00:00,Calumet Beach,1433552400.0,14.7,4.41,0.251,6.0,CalumetBeach201506060100,0,14.7,4.41,0.251,6.0
2015-06-06 02:00:00,Calumet Beach,1433556000.0,14.7,4.72,0.224,6.0,CalumetBeach201506060200,0,14.7,4.72,0.224,6.0
2015-06-06 03:00:00,Calumet Beach,1433559600.0,14.7,3.72,0.221,5.0,CalumetBeach201506060300,0,14.7,3.72,0.221,5.0
2015-06-06 04:00:00,Calumet Beach,1433563200.0,14.7,3.85,0.217,6.0,CalumetBeach201506060400,0,14.7,3.85,0.217,6.0
2015-06-06 05:00:00,Calumet Beach,1433566800.0,14.7,4.39,0.207,,CalumetBeach201506060500,0,14.7,4.39,0.207,4.0
2015-06-06 06:00:00,Calumet Beach,1433570400.0,14.6,4.44,0.205,6.0,CalumetBeach201506060600,0,14.6,4.44,0.205,6.0
2015-06-06 07:00:00,Calumet Beach,1433574000.0,,,0.197,5.0,CalumetBeach201506060700,0,14.5,4.19,0.197,5.0
2015-06-06 08:00:00,Calumet Beach,1433577600.0,14.4,,0.186,5.0,CalumetBeach201506060800,0,14.4,4.13,0.186,5.0
2015-06-06 09:00:00,Calumet Beach,1433581200.0,14.5,3.82,0.189,5.0,CalumetBeach201506060900,0,14.5,3.82,0.189,5.0
2015-06-06 10:00:00,Calumet Beach,1433584800.0,14.8,3.96,0.172,5.0,CalumetBeach201506061000,0,14.8,3.96,0.172,5.0
2015-06-06 11:00:00,Calumet Beach,1433588400.0,15.0,,,5.0,CalumetBeach201506061100,0,15.0,3.85,0.185,5.0
2015-06-06 12:00:00,Calumet Beach,1433592000.0,15.0,3.5,0.182,5.0,CalumetBeach201506061200,0,15.0,3.5,0.182,5.0
2015-06-06 13:00:00,Calumet Beach,1433595600.0,,3.35,0.181,,CalumetBeach201506061300,0,15.1,3.35,0.181,4.0
2015-06-06 14:00:00,Calumet Beach,1433599200.0,15.3,3.39,0.192,,CalumetBeach201506061400,0,15.3,3.39,0.192,5.0
2015-06-06 15:00:00,Calumet Beach,1433602800.0,15.4,,0.196,3.0,CalumetBeach201506061500,0,15.4,3.48,0.196,3.0
2015-06-06 16:00:00,Calumet Beach,1433606400.0,15.5,3.21,0.196,3.0,CalumetBeach201506061600,0,15.5,3.21,0.196,3.0
2015-06-06 17:00:00,Calumet Beach,1433610000.0,15.6,3.16,0.19,3.0,CalumetBeach201506061700,0,15.6,3.16,0.19,3.0
2015-06-06 18:00:00,Calumet Beach,1433613600.0,15.7,3.3,0.189,5.0,CalumetBeach201506061800,0,15.7,3.3,0.189,5.0
2015-06-06 19:00:00,Calumet Beach,1433617200.0,15.7,,0.179,5.0,CalumetBeach201506061900,0,15.7,3.1,0.179,5.0
2015-06-06 20:00:00,Calumet Beach,1433620800.0,16.5,3.51,0.165,4.0,CalumetBeach201506062000,0,16.5,3.51,0.165,4.0
2015-06-06 21:00:00,Calumet Beach,1433624400.0,16.5,3.54,0.154,4.0,CalumetBeach201506062100,0,16.5,3.54,0.154,4.0
2015-06-06 22:00:00,Calumet Beach,1433628000.0,16.6,3.79,0.151,5.0,CalumetBeach201506062200,0,16.6,3.79,0.151,5.0
2015-06-06 23:00:00,Calumet Beach,1433631600.0,16.5,4.14,0.154,4.0,CalumetBeach201506062300,0,16.5,4.14,0.154,4.0
2015-06-07 00:00:00,Calumet Beach,1433635200.0,,3.81,0.15,4.0,CalumetBeach201506072400,0,16.2,3.81,0.15,4.0
2015-06-07 01:00:00,Calumet Beach,,,,,,,1,,,,
2015-06-07 02:00:00,Calumet Beach,1433642400.0,15.7,,0.142,4.0,CalumetBeach201506070200,0,15.7,3.21,0.142,4.0
2015-06-07 03:00:00,Calumet Beach,1433646000.0,,3.05,0.14,4.0,CalumetBeach201506070300,0,15.6,3.05,0.14,4.0
2015-06-07 04:00:00,Calumet Beach,1433649600.0,15.5,3.15,0.181,2.0,CalumetBeach201506070400,0,15.5,3.15,0.181,2.0
2015-06-07 05:00:00,Calumet Beach,1433653200.0,15.2,3.07,0.161,4.0,CalumetBeach201506070500,0,15.2,3.07,0.161,4.0
2015-06-07 06:00:00,Calumet Beach,1433656800.0,14.9,2.86,0.146,3.0,CalumetBeach201506070600,0,14.9,2.86,0.146,3.0
2015-06-07 07:00:00,Calumet Beach,1433660400.0,14.8,2.77,0.161,3.0,CalumetBeach201506070700,0,14.8,2.77,0.161,3.0
2015-06-07 08:00:00,Calumet Beach,1433664000.0,,,0.142,3.0,CalumetBeach201506070800,0,14.7,2.71,0.142,3.0
2015-06-07 09:00:00,Calumet Beach,1433667600.0,14.8,2.83,0.117,4.0,CalumetBeach201506070900,0,14.8,2.83,0.117,4.0
2015-06-07 10:00:00,Calumet Beach,1433671200.0,,2.77,0.107,4.0,CalumetBeach201506071000,0,14.7,2.77,0.107,4.0
2015-06-07 11:00:00,Calumet Beach,1433674800.0,14.8,2.7,,,CalumetBeach201506071100,0,14.8,2.7,0.122,2.0
2015-06-07 12:00:00,Calumet Beach,1433678400.0,14.8,2.6,0.121,3.0,CalumetBeach201506071200,0,14.8,2.6,0.121,3.0
2015-06-07 13:00:00,Calumet Beach,1433682000.0,15.1,2.5,0.133,,CalumetBeach201506071300,0,15.1,2.5,0.133,3.0
2015-06-07 14:00:00,Calumet Beach,1433685600.0,15.2,2.7,0.11,3.0,CalumetBeach201506071400,0,15.2,2.7,0.11,3.0
2015-06-07 15:00:00,Calumet Beach,1433689200.0,15.4,2.68,0.093,2.0,CalumetBeach201506071500,0,15.4,2.68,0.093,2.0
2015-06-07 16:00:00,Calumet Beach,1433692800.0,15.5,,0.104,3.0,CalumetBeach201506071600,0,15.5,2.42,0.104,3.0
2015-06-07 17:00:00,Calumet Beach,1433696400.0,15.4,,0.123,2.0,CalumetBeach201506071700,0,15.4,2.49,0.123,2.0
2015-06-07 18:00:00,Calumet Beach,1433700000.0,15.5,2.39,0.109,2.0,CalumetBeach201506071800,0,15.5,2.39,0.109,2.0
2015-06-07 19:00:00,Calumet Beach,1433703600.0,15.6,2.37,0.137,2.0,CalumetBeach201506071900,0,15.6,2.37,0.137,2.0
2015-06-07 20:00:00,Calumet Beach,1433707200.0,15.7,2.33,0.167,2.0,CalumetBeach201506072000,0,15.7,2.33,0.167,2.0
2015-06-07 21:00:00,Calumet Beach,1433710800.0,15.7,2.27,,2.0,CalumetBeach201506072100,0,15.7,2.27,0.127,2.0
2015-06-07 22:00:00,Calumet Beach,1433714400.0,,2.36,0.127,3.0,CalumetBeach201506072200,0,15.6,2.36,0.127,3.0
2015-06-07 23:00:00,Calumet Beach,1433718000.0,,2.22,0.107,2.0,CalumetBeach201506072300,0,15.6,2.22,0.107,2.0
2015-06-08 00:00:00,Calumet Beach,1433721600.0,15.7,2.12,0.088,8.0,CalumetBeach201506082400,0,15.7,2.12,0.088,8.0
2015-06-08 01:00:00,Calumet Beach,1433725200.0,15.4,,0.091,2.0,CalumetBeach201506080100,0,15.4,2.13,0.091,2.0
2015-06-08 02:00:00,Calumet Beach,1433728800.0,15.2,2.2,0.08,4.0,CalumetBeach201506080200,0,15.2,2.2,0.08,4.0
2015-06-08 03:00:00,Calumet Beach,1433732400.0,15.1,,0.087,2.0,CalumetBeach201506080300,0,15.1,2.17,0.087,2.0
2015-06-08 04:00:00,Calumet Beach,1433736000.0,,2.03,0.088,2.0,CalumetBeach201506080400,0,15.0,2.03,0.088,2.0
2015-06-08 05:00:00,Calumet Beach,1433739600.0,,2.02,0.101,2.0,CalumetBeach201506080500,0,15.1,2.02,0.101,2.0
2015-06-08 06:00:00,Calumet Beach,1433743200.0,15.1,1.92,0.086,,CalumetBeach201506080600,0,15.1,1.92,0.086,2.0
2015-06-08 07:00:00,Calumet Beach,1433746800.0,15.2,1.87,0.084,2.0,CalumetBeach201506080700,0,15.2,1.87,0.084,2.0
2015-06-08 08:00:00,Calumet Beach,1433750400.0,15.4,1.87,0.075,3.0,CalumetBeach201506080800,0,15.4,1.87,0.075,3.0
2015-06-08 09:00:00,Calumet Beach,1433754000.0,15.4,1.93,0.077,3.0,CalumetBeach201506080900,0,15.4,1.93,0.077,3.0
2015-06-08 10:00:00,Calumet Beach,1433757600.0,,1.9,0.078,3.0,CalumetBeach201506081000,0,15.7,1.9,0.078,3.0
2015-06-08 11:00:00,Calumet Beach,1433761200.0,16.2,,0.083,6.0,CalumetBeach201506081100,0,16.2,1.88,0.083,6.0
2015-06-08 12:00:00,Calumet Beach,1433764800.0,16.0,2.02,0.075,10.0,CalumetBeach201506081200,0,16.0,2.02,0.075,10.0
2015-06-08 13:00:00,Calumet Beach,1433768400.0,16.5,,,3.0,CalumetBeach201506081300,0,16.5,2.0,0.098,3.0
2015-06-08 14:00:00,Calumet Beach,1433772000.0,16.3,2.1,0.075,4.0,CalumetBeach201506081400,0,16.3,2.1,0.075,4.0
2015-06-08 15:00:00,Calumet Beach,1433775600.0,15.7,2.0,0.086,2.0,CalumetBeach201506081500,0,15.7,2.0,0.086,2.0
2015-06-08 16:00:00,Calumet Beach,1433779200.0,15.9,1.76,0.087,2.0,CalumetBeach201506081600,0,15.9,1.76,0.087,2.0
2015-06-08 17:00:00,Calumet Beach,1433782800.0,15.4,2.04,0.121,,CalumetBeach201506081700,0,15.4,2.04,0.121,2.0
2015-06-08 18:00:00,Calumet Beach,1433786400.0,15.8,1.74,0.122,3.0,CalumetBeach201506081800,0,15.8,1.74,0.122,3.0
2015-06-08 19:00:00,Calumet Beach,1433790000.0,15.9,1.85,0.166,3.0,CalumetBeach201506081900,0,15.9,1.85,0.166,3.0
2015-06-08 20:00:00,Calumet Beach,1433793600.0,15.5,1.8,0.15,4.0,CalumetBeach201506082000,0,15.5,1.8,0.15,4.0
2015-06-08 21:00:00,Calumet Beach,1433797200.0,15.5,1.85,0.125,3.0,CalumetBeach201506082100,0,15.5,1.85,0.125,3.0
2015-06-08 22:00:00,Calumet Beach,1433800800.0,15.5,1.66,0.153,2.0,CalumetBeach201506082200,0,15.5,1.66,0.153,2.0
2015-06-08 23:00:00,Calumet Beach,1433804400.0,15.4,1.73,0.158,3.0,CalumetBeach201506082300,0,15.4,1.73,0.158,3.0
2015-06-09 00:00:00,Calumet Beach,1433808000.0,15.4,1.61,0.136,3.0,CalumetBeach201506092400,0,15.4,1.61,0.136,3.0
2015-06-09 01:00:00,Calumet Beach,1433811600.0,15.4,1.6,0.119,,CalumetBeach201506090100,0,15.4,1.6,0.119,3.0
2015-06-09 02:00:00,Calumet Beach,1433815200.0,15.3,1.73,0.1,3.0,CalumetBeach201506090200,0,15.3,1.73,0.1,3.0
2015-06-09 03:00:00,Calumet Beach,1433818800.0,15.2,1.73,0.097,3.0,CalumetBeach201506090300,0,15.2,1.73,0.097,3.0
2015-06-09 04:00:00,Calumet Beach,1433822400.0,15.1,1.8,0.105,3.0,CalumetBeach201506090400,0,15.1,1.8,0.105,3.0
2015-06-09 05:00:00,Calumet Beach,1433826000.0,15.0,,0.103,3.0,CalumetBeach201506090500,0,15.0,1.83,0.103,3.0
2015-06-09 06:00:00,Calumet Beach,1433829600.0,15.0,1.65,0.103,4.0,CalumetBeach201506090600,0,15.0,1.65,0.103,4.0
2015-06-09 07:00:00,Calumet Beach,1433833200.0,15.0,1.66,,3.0,CalumetBeach201506090700,0,15.0,1.66,0.109,3.0
2015-06-09 08:00:00,Calumet Beach,1433836800.0,15.1,,0.098,3.0,CalumetBeach201506090800,0,15.1,1.67,0.098,3.0
2015-06-09 09:00:00,Calumet Beach,1433840400.0,,1.72,0.087,3.0,CalumetBeach201506090900,0,15.3,1.72,0.087,3.0
2015-06-09 10:00:00,Calumet Beach,1433844000.0,15.6,1.92,0.089,3.0,CalumetBeach201506091000,0,15.6,1.92,0.089,3.0
2015-06-09 11:00:00,Calumet Beach,1433847600.0,15.9,,0.103,,CalumetBeach201506091100,0,15.9,1.63,0.103,4.0
2015-06-09 12:00:00,Calumet Beach,1433851200.0,15.8,1.48,0.097,4.0,CalumetBeach201506091200,0,15.8,1.48,0.097,4.0
2015-06-09 13:00:00,Calumet Beach,1433854800.0,16.1,1.71,0.09,4.0,CalumetBeach201506091300,0,16.1,1.71,0.09,4.0
2015-06-09 14:00:00,Calumet Beach,1433858400.0,,1.61,0.094,3.0,CalumetBeach201506091400,0,16.2,1.61,0.094,3.0
2015-06-09 15:00:00,Calumet Beach,1433862000.0,16.5,,0.096,,CalumetBeach201506091500,0,16.5,1.83,0.096,2.0
2015-06-09 16:00:00,Calumet Beach,1433865600.0,,1.88,0.104,3.0,CalumetBeach201506091600,0,16.5,1.88,0.104,3.0
2015-06-09 17:00:00,Calumet Beach,1433869200.0,16.3,2.02,,4.0,CalumetBeach201506091700,0,16.3,2.02,0.097,4.0
2015-06-09 18:00:00,Calumet Beach,1433872800.0,,2.07,,4.0,CalumetBeach201506091800,0,15.9,2.07,0.09,4.0
2015-06-09 19:00:00,Calumet Beach,1433876400.0,15.9,1.95,0.09,4.0,CalumetBeach201506091900,0,15.9,1.95,0.09,4.0
2015-06-09 20:00:00,Calumet Beach,1433880000.0,15.7,1.93,0.096,2.0,CalumetBeach201506092000,0,15.7,1.93,0.096,2.0
2015-06-09 21:00:00,Calumet Beach,1433883600.0,15.6,1.99,0.082,3.0,CalumetBeach201506092100,0,15.6,1.99,0.082,3.0
2015-06-09 22:00:00,Calumet Beach,1433887200.0,15.3,1.81,0.08,3.0,CalumetBeach201506092200,0,15.3,1.81,0.08,3.0
2015-06-09 23:00:00,Calumet Beach,1433890800.0,15.3,,0.073,5.0,CalumetBeach201506092300,0,15.3,1.72,0.073,5.0
2015-06-10 00:00:00,Calumet Beach,1433894400.0,15.4,1.82,,9.0,CalumetBeach201506102400,0,15.4,1.82,0.065,9.0
2015-06-10 01:00:00,Calumet Beach,1433898000.0,15.1,2.0,0.07,,CalumetBeach201506100100,0,15.1,2.0,0.07,2.0
2015-06-10 02:00:00,Calumet Beach,1433901600.0,15.0,2.1,0.071,4.0,CalumetBeach201506100200,0,15.0,2.1,0.071,4.0
2015-06-10 03:00:00,Calumet Beach,1433905200.0,15.0,1.81,0.07,,CalumetBeach201506100300,0,15.0,1.81,0.07,2.0
2015-06-10 04:00:00,Calumet Beach,1433908800.0,15.0,,,2.0,CalumetBeach201506100400,0,15.0,2.01,0.086,2.0
2015-06-10 05:00:00,Calumet Beach,1433912400.0,15.0,1.92,0.076,2.0,CalumetBeach201506100500,0,15.0,1.92,0.076,2.0
2015-06-10 06:00:00,Calumet Beach,1433916000.0,15.0,1.77,0.084,2.0,CalumetBeach201506100600,0,15.0,1.77,0.084,2.0
2015-06-10 07:00:00,Calumet Beach,1433919600.0,15.1,1.73,0.099,,CalumetBeach201506100700,0,15.1,1.73,0.099,2.0
2015-06-10 08:00:00,Calumet Beach,1433923200.0,15.3,1.57,0.102,2.0,CalumetBeach201506100800,0,15.3,1.57,0.102,2.0
2015-06-10 09:00:00,Calumet Beach,1433926800.0,15.5,,,3.0,CalumetBeach201506100900,0,15.5,1.82,0.109,3.0
2015-06-10 10:00:00,Calumet Beach,1433930400.0,15.5,1.76,0.101,2.0,CalumetBeach201506101000,0,15.5,1.76,0.101,2.0
2015-06-10 11:00:00,Calumet Beach,1433934000.0,15.9,,0.094,2.0,CalumetBeach201506101100,0,15.9,1.52,0.094,2.0
2015-06-10 12:00:00,Calumet Beach,1433937600.0,16.3,1.72,0.109,2.0,CalumetBeach201506101200,0,16.3,1.72,0.109,2.0
2015-06-10 13:00:00,Calumet Beach,1433941200.0,16.6,1.74,0.109,2.0,CalumetBeach201506101300,0,16.6,1.74,0.109,2.0
2015-06-10 14:00:00,Calumet Beach,1433944800.0,16.7,1.6,0.104,3.0,CalumetBeach201506101400,0,16.7,1.6,0.104,3.0
2015-06-10 15:00:00,Calumet Beach,1433948400.0,16.7,1.55,0.098,3.0,CalumetBeach201506101500,0,16.7,1.55,0.098,3.0
2015-06-10 16:00:00,Calumet Beach,1433952000.0,16.4,1.64,0.111,4.0,CalumetBeach201506101600,0,16.4,1.64,0.111,4.0
2015-06-10 17:00:00,Calumet Beach,1433955600.0,17.1,1.58,,2.0,CalumetBeach201506101700,0,17.1,1.58,0.109,2.0
2015-06-10 18:00:00,Calumet Beach,1433959200.0,16.8,,0.121,2.0,CalumetBeach201506101800,0,16.8,1.5,0.121,2.0
2015-06-10 19:00:00,Calumet Beach,1433962800.0,17.2,2.51,0.206,3.0,CalumetBeach201506101900,0,17.2,2.51,0.206,3.0
2015-06-10 20:00:00,Calumet Beach,1433966400.0,,1.97,,3.0,CalumetBeach201506102000,0,16.9,1.97,0.194,3.0
2015-06-10 21:00:00,Calumet Beach,1433970000.0,17.1,1.91,,3.0,CalumetBeach201506102100,0,17.1,1.91,0.172,3.0
2015-06-10 22:00:00,Calumet Beach,1433973600.0,17.1,,0.161,3.0,CalumetBeach201506102200,0,17.1,2.56,0.161,3.0
2015-06-10 23:00:00,Calumet Beach,1433977200.0,17.0,,0.127,,CalumetBeach201506102300,0,17.0,2.45,0.127,2.0
2015-06-11 00:00:00,Calumet Beach,1433980800.0,16.9,2.7,0.107,2.0,CalumetBeach201506112400,0,16.9,2.7,0.107,2.0
2015-06-11 01:00:00,Calumet Beach,1433984400.0,16.6,1.67,0.108,2.0,CalumetBeach201506110100,0,16.6,1.67,0.108,2.0
2015-06-11 02:00:00,Calumet Beach,1433988000.0,16.5,1.53,0.096,,CalumetBeach201506110200,0,16.5,1.53,0.096,2.0
2015-06-11 03:00:00,Calumet Beach,1433991600.0,16.6,1.87,0.096,3.0,CalumetBeach201506110300,0,16.6,1.87,0.096,3.0
2015-06-11 04:00:00,Calumet Beach,1433995200.0,16.5,,0.11,3.0,CalumetBeach201506110400,0,16.5,1.48,0.11,3.0
2015-06-11 05:00:00,Calumet Beach,1433998800.0,16.5,1.45,0.11,3.0,CalumetBeach201506110500,0,16.5,1.45,0.11,3.0
2015-06-11 06:00:00,Calumet Beach,1434002400.0,16.5,1.41,0.127,3.0,CalumetBeach201506110600,0,16.5,1.41,0.127,3.0
2015-06-11 07:00:00,Calumet Beach,1434006000.0,16.4,1.42,0.133,2.0,CalumetBeach201506110700,0,16.4,1.42,0.133,2.0
2015-06-11 08:00:00,Calumet Beach,1434009600.0,16.5,1.34,0.146,3.0,CalumetBeach201506110800,0,16.5,1.34,0.146,3.0
2015-06-11 09:00:00,Calumet Beach,,,,,,,1,,,,
2015-06-11 10:00:00,Calumet Beach,,,,,,,1,,,,
2015-06-11 11:00:00,Calumet Beach,,,,,,,1,,,,
2015-06-11 12:00:00,Calumet Beach,1434024000.0,16.8,1.27,0.137,3.0,CalumetBeach201506111200,0,16.8,1.27,0.137,3.0
2015-06-11 13:00:00,Calumet Beach,1434027600.0,17.0,1.13,0.133,2.0,CalumetBeach201506111300,0,17.0,1.13,0.133,2.0
2015-06-11 14:00:00,Calumet Beach,1434031200.0,17.2,1.13,0.128,2.0,CalumetBeach201506111400,0,17.2,1.13,0.128,2.0
2015-06-11 15:00:00,Calumet Beach,1434034800.0,17.2,1.18,0.125,,CalumetBeach201506111500,0,17.2,1.18,0.125,3.0
2015-06-11 16:00:00,Calumet Beach,1434038400.0,17.1,1.28,0.124,3.0,CalumetBeach201506111600,0,17.1,1.28,0.124,3.0
2015-06-11 17:00:00,Calumet Beach,1434042000.0,17.1,,0.135,3.0,CalumetBeach201506111700,0,17.1,1.24,0.135,3.0
2015-06-11 18:00:00,Calumet Beach,1434045600.0,17.1,1.27,0.192,4.0,CalumetBeach201506111800,0,17.1,1.27,0.192,4.0
2015-06-11 19:00:00,Calumet Beach,1434049200.0,17.1,1.18,0.184,,CalumetBeach201506111900,0,17.1,1.18,0.184,4.0
2015-06-11 20:00:00,Calumet Beach,1434052800.0,,1.25,0.192,4.0,CalumetBeach201506112000,0,17.1,1.25,0.192,4.0
2015-06-11 21:00:00,Calumet Beach,1434056400.0,17.1,,,4.0,CalumetBeach201506112100,0,17.1,1.19,0.186,4.0
2015-06-11 22:00:00,Calumet Beach,1434060000.0,,1.17,0.183,5.0,CalumetBeach201506112200,0,17.0,1.17,0.183,5.0
2015-06-11 23:00:00,Calumet Beach,1434063600.0,17.0,,0.172,5.0,CalumetBeach201506112300,0,17.0,1.31,0.172,5.0
2015-06-12 00:00:00,Calumet Beach,1434067200.0,16.9,1.43,0.172,,CalumetBeach201506122400,0,16.9,1.43,0.172,4.0
2015-06-12 01:00:00,Calumet Beach,1434070800.0,16.9,1.45,0.164,4.0,CalumetBeach201506120100,0,16.9,1.45,0.164,4.0
2015-06-12 02:00:00,Calumet Beach,1434074400.0,,,0.171,4.0,CalumetBeach201506120200,0,17.0,1.68,0.171,4.0
2015-06-12 03:00:00,Calumet Beach,1434078000.0,17.0,1.62,0.171,4.0,CalumetBeach201506120300,0,17.0,1.62,0.171,4.0
2015-06-12 04:00:00,Calumet Beach,1434081600.0,17.2,2.42,0.166,,CalumetBeach201506120400,0,17.2,2.42,0.166,4.0
2015-06-12 05:00:00,Calumet Beach,1434085200.0,16.9,1.59,0.172,4.0,CalumetBeach201506120500,0,16.9,1.59,0.172,4.0
2015-06-12 06:00:00,Calumet Beach,1434088800.0,,1.43,0.169,4.0,CalumetBeach201506120600,0,16.8,1.43,0.169,4.0
2015-06-12 07:00:00,Calumet Beach,1434092400.0,16.9,2.06,0.166,4.0,CalumetBeach201506120700,0,16.9,2.06,0.166,4.0
2015-06-12 08:00:00,Calumet Beach,1434096000.0,16.9,1.96,0.157,4.0,CalumetBeach201506120800,0,16.9,1.96,0.157,4.0
2015-06-12 09:00:00,Calumet Beach,1434099600.0,16.8,1.41,0.153,,CalumetBeach201506120900,0,16.8,1.41,0.153,3.0
2015-06-12 10:00:00,Calumet Beach,1434103200.0,,,0.155,,CalumetBeach201506121000,0,16.9,1.7,0.155,4.0
2015-06-12 11:00:00,Calumet Beach,1434106800.0,,,0.2,5.0,CalumetBeach201506121100,0,16.8,1.39,0.2,5.0
2015-06-12 12:00:00,Calumet Beach,1434110400.0,,1.5,0.171,5.0,CalumetBeach201506121200,0,16.5,1.5,0.171,5.0
2015-06-12 13:00:00,Calumet Beach,1434114000.0,16.5,1.42,0.177,5.0,CalumetBeach201506121300,0,16.5,1.42,0.177,5.0
2015-06-12 14:00:00,Calumet Beach,1434117600.0,16.5,1.39,0.183,5.0,CalumetBeach201506121400,0,16.5,1.39,0.183,5.0
2015-06-12 15:00:00,Calumet Beach,1434121200.0,16.5,1.45,0.186,3.0,CalumetBeach201506121500,0,16.5,1.45,0.186,3.0
2015-06-12 16:00:00,Calumet Beach,1434124800.0,16.5,1.39,,3.0,CalumetBeach201506121600,0,16.5,1.39,0.192,3.0
2015-06-12 17:00:00,Calumet Beach,1434128400.0,16.5,1.52,0.195,3.0,CalumetBeach201506121700,0,16.5,1.52,0.195,3.0
2015-06-12 18:00:00,Calumet Beach,1434132000.0,16.5,1.35,0.182,4.0,CalumetBeach201506121800,0,16.5,1.35,0.182,4.0
2015-06-12 19:00:00,Calumet Beach,1434135600.0,,1.43,0.195,4.0,CalumetBeach201506121900,0,16.5,1.43,0.195,4.0
2015-06-12 20:00:00,Calumet Beach,1434139200.0,16.4,1.4,0.189,4.0,CalumetBeach201506122000,0,16.4,1.4,0.189,4.0
2015-06-12 21:00:00,Calumet Beach,1434142800.0,,1.39,0.184,3.0,CalumetBeach201506122100,0,16.3,1.39,0.184,3.0
2015-06-12 22:00:00,Calumet Beach,1434146400.0,,1.42,0.195,4.0,CalumetBeach201506122200,0,16.3,1.42,0.195,4.0
2015-06-12 23:00:00,Calumet Beach,1434150000.0,16.2,1.38,0.181,3.0,CalumetBeach201506122300,0,16.2,1.38,0.181,3.0
2015-06-13 00:00:00,Calumet Beach,1434153600.0,16.2,1.37,0.179,,CalumetBeach201506132400,0,16.2,1.37,0.179,4.0
2015-06-13 01:00:00,Calumet Beach,1434157200.0,16.1,1.36,0.162,4.0,CalumetBeach201506130100,0,16.1,1.36,0.162,4.0
2015-06-13 02:00:00,Calumet Beach,1434160800.0,16.1,1.33,0.163,,CalumetBeach201506130200,0,16.1,1.33,0.163,5.0
2015-06-13 03:00:00,Calumet Beach,1434164400.0,16.1,,0.148,5.0,CalumetBeach201506130300,0,16.1,1.34,0.148,5.0
2015-06-13 04:00:00,Calumet Beach,1434168000.0,16.0,1.4,0.152,5.0,CalumetBeach201506130400,0,16.0,1.4,0.152,5.0
2015-06-13 05:00:00,Calumet Beach,1434171600.0,16.0,1.33,0.153,5.0,CalumetBeach201506130500,0,16.0,1.33,0.153,5.0
2015-06-13 06:00:00,Calumet Beach,1434175200.0,16.0,,0.15,5.0,CalumetBeach201506130600,0,16.0,1.25,0.15,5.0
2015-06-13 07:00:00,Calumet Beach,1434178800.0,16.0,1.3,,5.0,CalumetBeach201506130700,0,16.0,1.3,0.144,5.0
2015-06-13 08:00:00,Calumet Beach,1434182400.0,16.1,1.21,0.137,5.0,CalumetBeach201506130800,0,16.1,1.21,0.137,5.0
2015-06-13 09:00:00,Calumet Beach,1434186000.0,16.3,1.19,0.131,4.0,CalumetBeach201506130900,0,16.3,1.19,0.131,4.0
2015-06-13 10:00:00,Calumet Beach,1434189600.0,16.8,1.16,0.127,,CalumetBeach201506131000,0,16.8,1.16,0.127,4.0
2015-06-13 11:00:00,Calumet Beach,1434193200.0,,1.16,0.127,5.0,CalumetBeach201506131100,0,17.0,1.16,0.127,5.0
2015-06-13 12:00:00,Calumet Beach,1434196800.0,17.8,,0.126,4.0,CalumetBeach201506131200,0,17.8,1.23,0.126,4.0
2015-06-13 13:00:00,Calumet Beach,1434200400.0,18.4,,0.124,4.0,CalumetBeach201506131300,0,18.4,0.99,0.124,4.0
2015-06-13 14:00:00,Calumet Beach,1434204000.0,19.7,1.27,,5.0,CalumetBeach201506131400,0,19.7,1.27,0.129,5.0
2015-06-13 15:00:00,Calumet Beach,1434207600.0,19.0,1.29,0.141,4.0,CalumetBeach201506131500,0,19.0,1.29,0.141,4.0
2015-06-13 16:00:00,Calumet Beach,1434211200.0,19.1,1.55,0.123,4.0,CalumetBeach201506131600,0,19.1,1.55,0.123,4.0
2015-06-13 17:00:00,Calumet Beach,1434214800.0,,1.31,0.124,4.0,CalumetBeach201506131700,0,18.6,1.31,0.124,4.0
2015-06-13 18:00:00,Calumet Beach,1434218400.0,19.2,1.14,0.143,,CalumetBeach201506131800,0,19.2,1.14,0.143,4.0
2015-06-13 19:00:00,Calumet Beach,1434222000.0,19.2,1.09,,,CalumetBeach201506131900,0,19.2,1.09,0.14,4.0
2015-06-13 20:00:00,Calumet Beach,1434225600.0,19.1,1.08,0.119,,CalumetBeach201506132000,0,19.1,1.08,0.119,3.0
2015-06-13 21:00:00,Calumet Beach,1434229200.0,18.7,1.55,,4.0,CalumetBeach201506132100,0,18.7,1.55,0.116,4.0
2015-06-13 22:00:00,Calumet Beach,1434232800.0,,1.29,,3.0,CalumetBeach201506132200,0,17.9,1.29,0.112,3.0
2015-06-13 23:00:00,Calumet Beach,1434236400.0,17.4,1.25,,4.0,CalumetBeach201506132300,0,17.4,1.25,0.105,4.0
2015-06-14 00:00:00,Calumet Beach,1434240000.0,17.4,1.23,0.096,3.0,CalumetBeach201506142400,0,17.4,1.23,0.096,3.0
2015-06-14 01:00:00,Calumet Beach,,,,,,,1,,,,
2015-06-14 02:00:00,Calumet Beach,1434247200.0,,1.1,0.099,3.0,CalumetBeach201506140200,0,17.6,1.1,0.099,3.0
2015-06-14 03:00:00,Calumet Beach,1434250800.0,,1.51,0.078,,CalumetBeach201506140300,0,17.3,1.51,0.078,3.0
2015-06-14 04:00:00,Calumet Beach,1434254400.0,16.1,1.23,,,CalumetBeach201506140400,0,16.1,1.23,0.096,3.0
2015-06-14 05:00:00,Calumet Beach,1434258000.0,,1.0,0.081,4.0,CalumetBeach201506140500,0,17.3,1.0,0.081,4.0
2015-06-14 06:00:00,Calumet Beach,1434261600.0,17.2,1.03,0.083,,CalumetBeach201506140600,0,17.2,1.03,0.083,4.0
2015-06-14 07:00:00,Calumet Beach,1434265200.0,16.4,1.18,0.077,4.0,CalumetBeach201506140700,0,16.4,1.18,0.077,4.0
2015-06-14 08:00:00,Calumet Beach,1434268800.0,16.2,1.13,0.079,2.0,CalumetBeach201506140800,0,16.2,1.13,0.079,2.0
2015-06-14 09:00:00,Calumet Beach,1434272400.0,16.2,1.08,,5.0,CalumetBeach201506140900,0,16.2,1.08,0.073,5.0
2015-06-14 10:00:00,Calumet Beach,1434276000.0,16.5,1.07,0.074,4.0,CalumetBeach201506141000,0,16.5,1.07,0.074,4.0
2015-06-14 11:00:00,Calumet Beach,1434279600.0,,1.27,0.086,3.0,CalumetBeach201506141100,0,16.5,1.27,0.086,3.0
2015-06-14 12:00:00,Calumet Beach,1434283200.0,16.7,,,3.0,CalumetBeach201506141200,0,16.7,1.24,0.077,3.0
2015-06-14 13:00:00,Calumet Beach,1434286800.0,16.8,1.31,0.116,4.0,CalumetBeach201506141300,0,16.8,1.31,0.116,4.0
2015-06-14 14:00:00,Calumet Beach,1434290400.0,,1.24,0.094,3.0,CalumetBeach201506141400,0,16.9,1.24,0.094,3.0
2015-06-14 15:00:00,Calumet Beach,1434294000.0,17.2,1.17,0.114,2.0,CalumetBeach201506141500,0,17.2,1.17,0.114,2.0
2015-06-14 16:00:00,Calumet Beach,1434297600.0,,1.33,0.108,2.0,CalumetBeach201506141600,0,17.1,1.33,0.108,2.0
2015-06-14 17:00:00,Calumet Beach,1434301200.0,17.1,,0.098,4.0,CalumetBeach201506141700,0,17.1,1.43,0.098,4.0
2015-06-14 18:00:00,Calumet Beach,1434304800.0,17.1,1.4,0.109,4.0,CalumetBeach201506141800,0,17.1,1.4,0.109,4.0
2015-06-14 19:00:00,Calumet Beach,1434308400.0,16.8,1.43,0.099,4.0,CalumetBeach201506141900,0,16.8,1.43,0.099,4.0
2015-06-14 20:00:00,Calumet Beach,1434312000.0,16.6,1.15,0.096,2.0,CalumetBeach201506142000,0,16.6,1.15,0.096,2.0
2015-06-14 21:00:00,Calumet Beach,1434315600.0,16.8,1.39,0.079,4.0,CalumetBeach201506142100,0,16.8,1.39,0.079,4.0
2015-06-14 22:00:00,Calumet Beach,1434319200.0,16.5,1.08,0.092,4.0,CalumetBeach201506142200,0,16.5,1.08,0.092,4.0
2015-06-14 23:00:00,Calumet Beach,1434322800.0,16.4,1.14,,9.0,CalumetBeach201506142300,0,16.4,1.14,0.081,9.0
2015-06-15 00:00:00,Calumet Beach,1434326400.0,16.3,1.13,0.086,10.0,CalumetBeach201506152400,0,16.3,1.13,0.086,10.0
2015-06-15 01:00:00,Calumet Beach,1434330000.0,16.2,1.33,,4.0,CalumetBeach201506150100,0,16.2,1.33,0.069,4.0
2015-06-15 02:00:00,Calumet Beach,1434333600.0,16.2,1.12,0.072,4.0,CalumetBeach201506150200,0,16.2,1.12,0.072,4.0
2015-06-15 03:00:00,Calumet Beach,1434337200.0,16.1,1.15,0.071,6.0,CalumetBeach201506150300,0,16.1,1.15,0.071,6.0
2015-06-15 04:00:00,Calumet Beach,1434340800.0,16.1,,0.073,6.0,CalumetBeach201506150400,0,16.1,1.22,0.073,6.0
2015-06-15 05:00:00,Calumet Beach,1434344400.0,16.1,1.18,0.065,4.0,CalumetBeach201506150500,0,16.1,1.18,0.065,4.0
2015-06-15 06:00:00,Calumet Beach,1434348000.0,16.1,1.06,,4.0,CalumetBeach201506150600,0,16.1,1.06,0.065,4.0
2015-06-15 07:00:00,Calumet Beach,1434351600.0,16.1,1.03,0.077,,CalumetBeach201506150700,0,16.1,1.03,0.077,2.0
2015-06-15 08:00:00,Calumet Beach,1434355200.0,16.3,1.15,0.06,9.0,CalumetBeach201506150800,0,16.3,1.15,0.06,9.0
2015-06-15 09:00:00,Calumet Beach,1434358800.0,16.4,1.52,0.066,3.0,CalumetBeach201506150900,0,16.4,1.52,0.066,3.0
2015-06-15 10:00:00,Calumet Beach,1434362400.0,16.5,1.12,0.074,3.0,CalumetBeach201506151000,0,16.5,1.12,0.074,3.0
2015-06-15 11:00:00,Calumet Beach,1434366000.0,16.8,1.13,0.065,4.0,CalumetBeach201506151100,0,16.8,1.13,0.065,4.0
2015-06-15 12:00:00,Calumet Beach,1434369600.0,16.7,1.14,0.091,3.0,CalumetBeach201506151200,0,16.7,1.14,0.091,3.0
2015-06-15 13:00:00,Calumet Beach,1434373200.0,16.6,1.06,0.087,3.0,CalumetBeach201506151300,0,16.6,1.06,0.087,3.0
2015-06-15 14:00:00,Calumet Beach,1434376800.0,16.8,1.12,0.071,3.0,CalumetBeach201506151400,0,16.8,1.12,0.071,3.0
2015-06-15 15:00:00,Calumet Beach,1434380400.0,17.1,1.12,0.075,3.0,CalumetBeach201506151500,0,17.1,1.12,0.075,3.0
2015-06-15 16:00:00,Calumet Beach,1434384000.0,17.3,,,6.0,CalumetBeach201506151600,0,17.3,1.59,0.106,6.0
2015-06-15 17:00:00,Calumet Beach,1434387600.0,17.2,1.38,0.066,9.0,CalumetBeach201506151700,0,17.2,1.38,0.066,9.0
2015-06-15 18:00:00,Calumet Beach,1434391200.0,16.8,,0.09,3.0,CalumetBeach201506151800,0,16.8,1.86,0.09,3.0
2015-06-15 19:00:00,Calumet Beach,1434394800.0,,1.46,0.074,7.0,CalumetBeach201506151900,0,17.2,1.46,0.074,7.0
2015-06-15 20:00:00,Calumet Beach,1434398400.0,17.5,,0.075,3.0,CalumetBeach201506152000,0,17.5,0.99,0.075,3.0
2015-06-15 21:00:00,Calumet Beach,1434402000.0,16.9,3.2,0.117,,CalumetBeach201506152100,0,16.9,3.2,0.117,3.0
2015-06-15 22:00:00,Calumet Beach,1434405600.0,17.1,0.92,0.094,3.0,CalumetBeach201506152200,0,17.1,0.92,0.094,3.0
2015-06-15 23:00:00,Calumet Beach,1434409200.0,17.0,1.6,0.082,,CalumetBeach201506152300,0,17.0,1.6,0.082,6.0
2015-06-16 00:00:00,Calumet Beach,1434412800.0,,2.09,0.074,9.0,CalumetBeach201506162400,0,16.6,2.09,0.074,9.0
2015-06-16 01:00:00,Calumet Beach,1434416400.0,16.4,1.65,0.08,,CalumetBeach201506160100,0,16.4,1.65,0.08,8.0
2015-06-16 02:00:00,Calumet Beach,1434420000.0,16.3,,0.13,4.0,CalumetBeach201506160200,0,16.3,1.34,0.13,4.0
2015-06-16 03:00:00,Calumet Beach,1434423600.0,,1.48,0.204,4.0,CalumetBeach201506160300,0,16.2,1.48,0.204,4.0
2015-06-16 04:00:00,Calumet Beach,1434427200.0,16.2,1.5,,4.0,CalumetBeach201506160400,0,16.2,1.5,0.192,4.0
2015-06-16 05:00:00,Calumet Beach,1434430800.0,,1.44,,4.0,CalumetBeach201506160500,0,16.2,1.44,0.18,4.0
2015-06-16 06:00:00,Calumet Beach,1434434400.0,,1.37,0.158,4.0,CalumetBeach201506160600,0,16.2,1.37,0.158,4.0
2015-06-16 07:00:00,Calumet Beach,1434438000.0,16.3,1.35,0.165,3.0,CalumetBeach201506160700,0,16.3,1.35,0.165,3.0
2015-06-16 08:00:00,Calumet Beach,1434441600.0,16.3,1.27,0.151,3.0,CalumetBeach201506160800,0,16.3,1.27,0.151,3.0
2015-06-16 09:00:00,Calumet Beach,1434445200.0,16.4,,0.158,4.0,CalumetBeach201506160900,0,16.4,1.23,0.158,4.0
2015-06-16 10:00:00,Calumet Beach,1434448800.0,,1.14,0.179,3.0,CalumetBeach201506161000,0,16.6,1.14,0.179,3.0
2015-06-16 11:00:00,Calumet Beach,1434452400.0,16.8,1.2,0.199,4.0,CalumetBeach201506161100,0,16.8,1.2,0.199,4.0
2015-06-16 12:00:00,Calumet Beach,1434456000.0,17.0,1.22,0.202,,CalumetBeach201506161200,0,17.0,1.22,0.202,4.0
2015-06-16 13:00:00,Calumet Beach,1434459600.0,17.2,1.79,,,CalumetBeach201506161300,0,17.2,1.79,0.2,4.0
2015-06-16 14:00:00,Calumet Beach,1434463200.0,17.5,1.1,0.196,4.0,CalumetBeach201506161400,0,17.5,1.1,0.196,4.0
2015-06-16 15:00:00,Calumet Beach,1434466800.0,17.7,1.16,0.197,4.0,CalumetBeach201506161500,0,17.7,1.16,0.197,4.0
2015-06-16 16:00:00,Calumet Beach,1434470400.0,17.8,1.2,0.176,4.0,CalumetBeach201506161600,0,17.8,1.2,0.176,4.0
2015-06-16 17:00:00,Calumet Beach,1434474000.0,,1.22,0.199,4.0,CalumetBeach201506161700,0,17.7,1.22,0.199,4.0
2015-06-16 18:00:00,Calumet Beach,1434477600.0,17.8,1.13,0.181,4.0,CalumetBeach201506161800,0,17.8,1.13,0.181,4.0
2015-06-16 19:00:00,Calumet Beach,1434481200.0,17.7,1.2,0.19,,CalumetBeach201506161900,0,17.7,1.2,0.19,4.0
2015-06-16 20:00:00,Calumet Beach,1434484800.0,17.6,1.21,0.173,4.0,CalumetBeach201506162000,0,17.6,1.21,0.173,4.0
2015-06-16 21:00:00,Calumet Beach,1434488400.0,,1.51,0.179,,CalumetBeach201506162100,0,18.2,1.51,0.179,4.0
2015-06-16 22:00:00,Calumet Beach,1434492000.0,18.0,,0.174,3.0,CalumetBeach201506162200,0,18.0,1.4,0.174,3.0
2015-06-16 23:00:00,Calumet Beach,1434495600.0,,,0.155,3.0,CalumetBeach201506162300,0,17.8,1.35,0.155,3.0
2015-06-17 00:00:00,Calumet Beach,1434499200.0,17.7,1.52,,4.0,CalumetBeach201506172400,0,17.7,1.52,0.158,4.0
2015-06-17 01:00:00,Calumet Beach,1434502800.0,17.5,1.25,0.159,4.0,CalumetBeach201506170100,0,17.5,1.25,0.159,4.0
2015-06-17 02:00:00,Calumet Beach,1434506400.0,17.4,1.42,0.171,5.0,CalumetBeach201506170200,0,17.4,1.42,0.171,5.0
2015-06-17 03:00:00,Calumet Beach,1434510000.0,,1.13,0.174,4.0,CalumetBeach201506170300,0,17.3,1.13,0.174,4.0
2015-06-17 04:00:00,Calumet Beach,1434513600.0,,1.23,0.169,4.0,CalumetBeach201506170400,0,17.3,1.23,0.169,4.0
2015-06-17 05:00:00,Calumet Beach,1434517200.0,17.2,,0.161,5.0,CalumetBeach201506170500,0,17.2,1.12,0.161,5.0
2015-06-17 06:00:00,Calumet Beach,1434520800.0,17.2,1.16,0.162,4.0,CalumetBeach201506170600,0,17.2,1.16,0.162,4.0
2015-06-17 07:00:00,Calumet Beach,1434524400.0,17.2,1.17,0.156,5.0,CalumetBeach201506170700,0,17.2,1.17,0.156,5.0
2015-06-17 08:00:00,Calumet Beach,1434528000.0,17.2,1.07,0.147,4.0,CalumetBeach201506170800,0,17.2,1.07,0.147,4.0
2015-06-17 09:00:00,Calumet Beach,1434531600.0,17.1,1.03,0.151,4.0,CalumetBeach201506170900,0,17.1,1.03,0.151,4.0
2015-06-17 10:00:00,Calumet Beach,1434535200.0,17.2,1.2,0.138,5.0,CalumetBeach201506171000,0,17.2,1.2,0.138,5.0
2015-06-17 11:00:00,Calumet Beach,1434538800.0,17.2,1.08,0.158,3.0,CalumetBeach201506171100,0,17.2,1.08,0.158,3.0
2015-06-17 12:00:00,Calumet Beach,1434542400.0,17.2,0.98,0.151,4.0,CalumetBeach201506171200,0,17.2,0.98,0.151,4.0
2015-06-17 13:00:00,Calumet Beach,1434546000.0,17.3,1.12,0.138,4.0,CalumetBeach201506171300,0,17.3,1.12,0.138,4.0
2015-06-17 14:00:00,Calumet Beach,1434549600.0,17.4,1.0,0.129,4.0,CalumetBeach201506171400,0,17.4,1.0,0.129,4.0
2015-06-17 15:00:00,Calumet Beach,1434553200.0,17.5,1.01,,3.0,CalumetBeach201506171500,0,17.5,1.01,0.126,3.0
2015-06-17 16:00:00,Calumet Beach,1434556800.0,17.6,0.99,0.116,3.0,CalumetBeach201506171600,0,17.6,0.99,0.116,3.0
2015-06-17 17:00:00,Calumet Beach,1434560400.0,17.7,1.02,0.115,3.0,CalumetBeach201506171700,0,17.7,1.02,0.115,3.0
2015-06-17 18:00:00,Calumet Beach,1434564000.0,17.8,1.02,0.105,4.0,CalumetBeach201506171800,0,17.8,1.02,0.105,4.0
2015-06-17 19:00:00,Calumet Beach,1434567600.0,17.9,0.91,,3.0,CalumetBeach201506171900,0,17.9,0.91,0.1,3.0
2015-06-17 20:00:00,Calumet Beach,1434571200.0,17.7,1.03,,4.0,CalumetBeach201506172000,0,17.7,1.03,0.1,4.0
2015-06-17 21:00:00,Calumet Beach,1434574800.0,17.8,0.89,,3.0,CalumetBeach201506172100,0,17.8,0.89,0.103,3.0
2015-06-17 22:00:00,Calumet Beach,1434578400.0,,1.01,0.095,4.0,CalumetBeach201506172200,0,18.3,1.01,0.095,4.0
2015-06-17 23:00:00,Calumet Beach,1434582000.0,,0.9,0.091,3.0,CalumetBeach201506172300,0,18.0,0.9,0.091,3.0
2015-06-18 00:00:00,Calumet Beach,1434585600.0,17.9,0.99,0.088,4.0,CalumetBeach201506182400,0,17.9,0.99,0.088,4.0
2015-06-18 01:00:00,Calumet Beach,1434589200.0,17.9,0.78,0.116,3.0,CalumetBeach201506180100,0,17.9,0.78,0.116,3.0
2015-06-18 02:00:00,Calumet Beach,1434592800.0,17.8,0.79,0.078,4.0,CalumetBeach201506180200,0,17.8,0.79,0.078,4.0
2015-06-18 03:00:00,Calumet Beach,1434596400.0,17.7,0.88,0.089,,CalumetBeach201506180300,0,17.7,0.88,0.089,4.0
2015-06-18 04:00:00,Calumet Beach,1434600000.0,,0.89,0.074,4.0,CalumetBeach201506180400,0,17.7,0.89,0.074,4.0
2015-06-18 05:00:00,Calumet Beach,1434603600.0,17.7,0.97,0.073,4.0,CalumetBeach201506180500,0,17.7,0.97,0.073,4.0
2015-06-18 06:00:00,Calumet Beach,1434607200.0,17.8,0.85,0.065,4.0,CalumetBeach201506180600,0,17.8,0.85,0.065,4.0
2015-06-18 07:00:00,Calumet Beach,1434610800.0,17.5,0.87,0.067,3.0,CalumetBeach201506180700,0,17.5,0.87,0.067,3.0
2015-06-18 08:00:00,Calumet Beach,1434614400.0,17.3,1.04,0.067,3.0,CalumetBeach201506180800,0,17.3,1.04,0.067,3.0
2015-06-18 09:00:00,Calumet Beach,1434618000.0,17.4,,0.091,3.0,CalumetBeach201506180900,0,17.4,1.26,0.091,3.0
2015-06-18 10:00:00,Calumet Beach,1434621600.0,17.4,1.14,,3.0,CalumetBeach201506181000,0,17.4,1.14,0.082,3.0
2015-06-18 11:00:00,Calumet Beach,1434625200.0,17.6,1.19,0.07,4.0,CalumetBeach201506181100,0,17.6,1.19,0.07,4.0
2015-06-18 12:00:00,Calumet Beach,1434628800.0,17.6,1.26,,4.0,CalumetBeach201506181200,0,17.6,1.26,0.069,4.0
2015-06-18 13:00:00,Calumet Beach,1434632400.0,17.8,1.33,0.1,3.0,CalumetBeach201506181300,0,17.8,1.33,0.1,3.0
2015-06-18 14:00:00,Calumet Beach,1434636000.0,17.8,1.31,0.076,2.0,CalumetBeach201506181400,0,17.8,1.31,0.076,2.0
2015-06-18 15:00:00,Calumet Beach,1434639600.0,17.8,1.29,0.085,3.0,CalumetBeach201506181500,0,17.8,1.29,0.085,3.0
2015-06-18 16:00:00,Calumet Beach,1434643200.0,17.9,1.39,0.11,2.0,CalumetBeach201506181600,0,17.9,1.39,0.11,2.0
2015-06-18 17:00:00,Calumet Beach,1434646800.0,17.7,,0.087,2.0,CalumetBeach201506181700,0,17.7,1.22,0.087,2.0
2015-06-18 18:00:00,Calumet Beach,1434650400.0,,1.24,0.096,3.0,CalumetBeach201506181800,0,17.5,1.24,0.096,3.0
2015-06-18 19:00:00,Calumet Beach,1434654000.0,17.5,1.01,,4.0,CalumetBeach201506181900,0,17.5,1.01,0.096,4.0
2015-06-18 20:00:00,Calumet Beach,1434657600.0,17.1,,0.108,2.0,CalumetBeach201506182000,0,17.1,1.29,0.108,2.0
2015-06-18 21:00:00,Calumet Beach,1434661200.0,17.0,1.24,0.133,,CalumetBeach201506182100,0,17.0,1.24,0.133,3.0
2015-06-18 22:00:00,Calumet Beach,1434664800.0,17.0,1.29,0.165,3.0,CalumetBeach201506182200,0,17.0,1.29,0.165,3.0
2015-06-18 23:00:00,Calumet Beach,1434668400.0,16.9,1.18,0.194,,CalumetBeach201506182300,0,16.9,1.18,0.194,4.0
2015-06-19 00:00:00,Calumet Beach,1434672000.0,16.9,1.21,0.188,4.0,CalumetBeach201506192400,0,16.9,1.21,0.188,4.0
2015-06-19 01:00:00,Calumet Beach,1434675600.0,16.9,,,4.0,CalumetBeach201506190100,0,16.9,1.41,0.193,4.0
2015-06-19 02:00:00,Calumet Beach,1434679200.0,16.8,,0.194,,CalumetBeach201506190200,0,16.8,1.32,0.194,4.0
2015-06-19 03:00:00,Calumet Beach,1434682800.0,16.8,,0.209,4.0,CalumetBeach201506190300,0,16.8,1.28,0.209,4.0
2015-06-19 04:00:00,Calumet Beach,1434686400.0,16.7,1.18,0.223,4.0,CalumetBeach201506190400,0,16.7,1.18,0.223,4.0
2015-06-19 05:00:00,Calumet Beach,1434690000.0,16.6,1.33,,4.0,CalumetBeach201506190500,0,16.6,1.33,0.214,4.0
2015-06-19 06:00:00,Calumet Beach,1434693600.0,,1.29,,,CalumetBeach201506190600,0,16.6,1.29,0.205,5.0
2015-06-19 07:00:00,Calumet Beach,1434697200.0,16.6,1.5,0.213,5.0,CalumetBeach201506190700,0,16.6,1.5,0.213,5.0
2015-06-19 08:00:00,Calumet Beach,1434700800.0,16.6,1.44,0.218,5.0,CalumetBeach201506190800,0,16.6,1.44,0.218,5.0
2015-06-19 09:00:00,Calumet Beach,1434704400.0,16.7,1.37,0.228,5.0,CalumetBeach201506190900,0,16.7,1.37,0.228,5.0
2015-06-19 10:00:00,Calumet Beach,1434708000.0,16.8,1.46,0.21,,CalumetBeach201506191000,0,16.8,1.46,0.21,4.0
2015-06-19 11:00:00,Calumet Beach,1434711600.0,16.9,1.3,0.208,5.0,CalumetBeach201506191100,0,16.9,1.3,0.208,5.0
2015-06-19 12:00:00,Calumet Beach,1434715200.0,,1.31,0.208,4.0,CalumetBeach201506191200,0,17.1,1.31,0.208,4.0
2015-06-19 13:00:00,Calumet Beach,1434718800.0,17.1,1.25,0.224,,CalumetBeach201506191300,0,17.1,1.25,0.224,4.0
2015-06-19 14:00:00,Calumet Beach,1434722400.0,17.2,1.29,0.215,4.0,CalumetBeach201506191400,0,17.2,1.29,0.215,4.0
2015-06-19 15:00:00,Calumet Beach,1434726000.0,17.3,1.37,,4.0,CalumetBeach201506191500,0,17.3,1.37,0.223,4.0
2015-06-19 16:00:00,Calumet Beach,1434729600.0,17.4,1.41,,5.0,CalumetBeach201506191600,0,17.4,1.41,0.202,5.0
2015-06-19 17:00:00,Calumet Beach,1434733200.0,17.4,1.35,,4.0,CalumetBeach201506191700,0,17.4,1.35,0.226,4.0
2015-06-19 18:00:00,Calumet Beach,1434736800.0,17.4,1.41,0.205,4.0,CalumetBeach201506191800,0,17.4,1.41,0.205,4.0
2015-06-19 19:00:00,Calumet Beach,1434740400.0,17.4,1.32,0.217,4.0,CalumetBeach201506191900,0,17.4,1.32,0.217,4.0
2015-06-19 20:00:00,Calumet Beach,1434744000.0,17.3,1.34,,4.0,CalumetBeach201506192000,0,17.3,1.34,0.201,4.0
2015-06-19 21:00:00,Calumet Beach,1434747600.0,,,0.189,4.0,CalumetBeach201506192100,0,17.2,1.39,0.189,4.0
2015-06-19 22:00:00,Calumet Beach,1434751200.0,17.2,1.24,0.185,4.0,CalumetBeach201506192200,0,17.2,1.24,0.185,4.0
2015-06-19 23:00:00,Calumet Beach,1434754800.0,17.2,1.33,0.171,4.0,CalumetBeach201506192300,0,17.2,1.33,0.171,4.0
2015-06-20 00:00:00,Calumet Beach,1434758400.0,,1.25,0.177,4.0,CalumetBeach201506202400,0,17.1,1.25,0.177,4.0
2015-06-20 01:00:00,Calumet Beach,1434762000.0,17.1,1.37,0.165,4.0,CalumetBeach201506200100,0,17.1,1.37,0.165,4.0
2015-06-20 02:00:00,Calumet Beach,1434765600.0,17.1,1.18,0.179,4.0,CalumetBeach201506200200,0,17.1,1.18,0.179,4.0
2015-06-20 03:00:00,Calumet Beach,1434769200.0,,1.27,,3.0,CalumetBeach201506200300,0,17.0,1.27,0.168,3.0
2015-06-20 04:00:00,Calumet Beach,1434772800.0,17.0,1.23,0.159,3.0,CalumetBeach201506200400,0,17.0,1.23,0.159,3.0
2015-06-20 05:00:00,Calumet Beach,1434776400.0,16.9,1.2,,5.0,CalumetBeach201506200500,0,16.9,1.2,0.151,5.0
2015-06-20 06:00:00,Calumet Beach,1434780000.0,16.9,,0.138,3.0,CalumetBeach201506200600,0,16.9,1.28,0.138,3.0
2015-06-20 07:00:00,Calumet Beach,1434783600.0,16.9,1.24,0.138,4.0,CalumetBeach201506200700,0,16.9,1.24,0.138,4.0
2015-06-20 08:00:00,Calumet Beach,1434787200.0,16.9,,0.128,4.0,CalumetBeach201506200800,0,16.9,1.16,0.128,4.0
2015-06-20 09:00:00,Calumet Beach,1434790800.0,17.0,1.1,0.12,4.0,CalumetBeach201506200900,0,17.0,1.1,0.12,4.0
2015-06-20 10:00:00,Calumet Beach,1434794400.0,17.2,,0.127,,CalumetBeach201506201000,0,17.2,1.17,0.127,4.0
2015-06-20 11:00:00,Calumet Beach,1434798000.0,17.3,1.08,,4.0,CalumetBeach201506201100,0,17.3,1.08,0.124,4.0
2015-06-20 12:00:00,Calumet Beach,1434801600.0,17.4,1.1,0.131,3.0,CalumetBeach201506201200,0,17.4,1.1,0.131,3.0
2015-06-20 13:00:00,Calumet Beach,1434805200.0,17.6,,0.155,3.0,CalumetBeach201506201300,0,17.6,1.08,0.155,3.0
2015-06-20 14:00:00,Calumet Beach,1434808800.0,,1.05,,3.0,CalumetBeach201506201400,0,18.2,1.05,0.19,3.0
2015-06-20 15:00:00,Calumet Beach,1434812400.0,19.0,1.22,0.182,3.0,CalumetBeach201506201500,0,19.0,1.22,0.182,3.0
2015-06-20 16:00:00,Calumet Beach,1434816000.0,18.8,,0.143,4.0,CalumetBeach201506201600,0,18.8,1.23,0.143,4.0
2015-06-20 17:00:00,Calumet Beach,1434819600.0,18.2,1.13,0.137,3.0,CalumetBeach201506201700,0,18.2,1.13,0.137,3.0
2015-06-20 18:00:00,Calumet Beach,1434823200.0,18.1,1.12,0.13,4.0,CalumetBeach201506201800,0,18.1,1.12,0.13,4.0
2015-06-20 19:00:00,Calumet Beach,,,,,,,1,,,,
2015-06-20 20:00:00,Calumet Beach,,,,,,,1,,,,
2015-06-20 21:00:00,Calumet Beach,,,,,,,1,,,,
2015-06-20 22:00:00,Calumet Beach,1434837600.0,17.7,1.18,,4.0,CalumetBeach201506202200,0,17.7,1.18,0.114,4.0
2015-06-20 23:00:00,Calumet Beach,1434841200.0,,1.23,0.125,3.0,CalumetBeach201506202300,0,17.7,1.23,0.125,3.0
2015-06-21 00:00:00,Calumet Beach,1434844800.0,,1.28,0.113,5.0,CalumetBeach201506212400,0,17.6,1.28,0.113,5.0
2015-06-21 01:00:00,Calumet Beach,,,,,,,1,,,,
2015-06-21 02:00:00,Calumet Beach,1434852000.0,17.6,1.21,0.109,2.0,CalumetBeach201506210200,0,17.6,1.21,0.109,2.0
2015-06-21 03:00:00,Calumet Beach,1434855600.0,17.4,1.24,0.104,4.0,CalumetBeach201506210300,0,17.4,1.24,0.104,4.0
2015-06-21 04:00:00,Calumet Beach,1434859200.0,17.4,1.22,0.1,6.0,CalumetBeach201506210400,0,17.4,1.22,0.1,6.0
2015-06-21 05:00:00,Calumet Beach,1434862800.0,17.4,,0.103,,CalumetBeach201506210500,0,17.4,1.09,0.103,3.0
2015-06-21 06:00:00,Calumet Beach,1434866400.0,17.4,1.19,0.091,3.0,CalumetBeach201506210600,0,17.4,1.19,0.091,3.0
2015-06-21 07:00:00,Calumet Beach,1434870000.0,17.4,1.07,0.086,3.0,CalumetBeach201506210700,0,17.4,1.07,0.086,3.0
2015-06-21 08:00:00,Calumet Beach,1434873600.0,17.6,1.13,0.083,,CalumetBeach201506210800,0,17.6,1.13,0.083,3.0
2015-06-21 09:00:00,Calumet Beach,1434877200.0,18.0,1.09,0.09,3.0,CalumetBeach201506210900,0,18.0,1.09,0.09,3.0
2015-06-21 10:00:00,Calumet Beach,,,,,,,1,,,,
2015-06-21 11:00:00,Calumet Beach,,,,,,,1,,,,
2015-06-21 12:00:00,Calumet Beach,,,,,,,1,,,,
2015-06-21 13:00:00,Calumet Beach,,,,,,,1,,,,
2015-06-21 14:00:00,Calumet Beach,,,,,,,1,,,,
2015-06-21 15:00:00,Calumet Beach,,,,,,,1,,,,
2015-06-21 16:00:00,Calumet Beach,,,,,,,1,,,,
2015-06-21 17:00:00,Calumet Beach,,,,,,,1,,,,
2015-06-21 18:00:00,Calumet Beach,,,,,,,1,,,,
2015-06-21 19:00:00,Calumet Beach,1434913200.0,18.8,1.24,,3.0,CalumetBeach201506211900,0,18.8,1.24,0.101,3.0
2015-06-21 20:00:00,Calumet Beach,1434916800.0,18.6,1.35,0.11,4.0,CalumetBeach201506212000,0,18.6,1.35,0.11,4.0
2015-06-21 21:00:00,Calumet Beach,1434920400.0,18.6,,0.098,6.0,CalumetBeach201506212100,0,18.6,1.38,0.098,6.0
2015-06-21 22:00:00,Calumet Beach,1434924000.0,18.4,,,3.0,CalumetBeach201506212200,0,18.4,1.3,0.094,3.0
2015-06-21 23:00:00,Calumet Beach,1434927600.0,18.2,1.13,0.092,4.0,CalumetBeach201506212300,0,18.2,1.13,0.092,4.0
2015-06-22 00:00:00,Calumet Beach,1434931200.0,18.1,1.08,0.081,,CalumetBeach201506222400,0,18.1,1.08,0.081,7.0
2015-06-22 01:00:00,Calumet Beach,1434934800.0,18.0,1.27,0.076,3.0,CalumetBeach201506220100,0,18.0,1.27,0.076,3.0
2015-06-22 02:00:00,Calumet Beach,1434938400.0,17.8,1.07,0.076,7.0,CalumetBeach201506220200,0,17.8,1.07,0.076,7.0
2015-06-22 03:00:00,Calumet Beach,1434942000.0,,1.05,,6.0,CalumetBeach201506220300,0,17.7,1.05,0.074,6.0
2015-06-22 04:00:00,Calumet Beach,1434945600.0,17.6,0.96,0.068,4.0,CalumetBeach201506220400,0,17.6,0.96,0.068,4.0
2015-06-22 05:00:00,Calumet Beach,1434949200.0,17.6,0.91,0.064,4.0,CalumetBeach201506220500,0,17.6,0.91,0.064,4.0
2015-06-22 06:00:00,Calumet Beach,1434952800.0,17.7,0.83,0.061,5.0,CalumetBeach201506220600,0,17.7,0.83,0.061,5.0
2015-06-22 07:00:00,Calumet Beach,1434956400.0,17.5,0.84,0.065,3.0,CalumetBeach201506220700,0,17.5,0.84,0.065,3.0
2015-06-22 08:00:00,Calumet Beach,1434960000.0,17.5,1.12,0.06,4.0,CalumetBeach201506220800,0,17.5,1.12,0.06,4.0
2015-06-22 09:00:00,Calumet Beach,1434963600.0,17.6,1.16,0.071,2.0,CalumetBeach201506220900,0,17.6,1.16,0.071,2.0
2015-06-22 10:00:00,Calumet Beach,1434967200.0,17.8,1.1,0.064,4.0,CalumetBeach201506221000,0,17.8,1.1,0.064,4.0
2015-06-22 11:00:00,Calumet Beach,1434970800.0,18.0,0.95,0.086,2.0,CalumetBeach201506221100,0,18.0,0.95,0.086,2.0
2015-06-22 12:00:00,Calumet Beach,1434974400.0,18.0,1.09,0.071,4.0,CalumetBeach201506221200,0,18.0,1.09,0.071,4.0
2015-06-22 13:00:00,Calumet Beach,1434978000.0,,1.05,0.071,4.0,CalumetBeach201506221300,0,17.7,1.05,0.071,4.0
2015-06-22 14:00:00,Calumet Beach,1434981600.0,17.8,1.12,0.073,4.0,CalumetBeach201506221400,0,17.8,1.12,0.073,4.0
2015-06-22 15:00:00,Calumet Beach,1434985200.0,17.7,1.27,0.135,2.0,CalumetBeach201506221500,0,17.7,1.27,0.135,2.0
2015-06-22 16:00:00,Calumet Beach,1434988800.0,17.8,1.24,0.163,3.0,CalumetBeach201506221600,0,17.8,1.24,0.163,3.0
2015-06-22 17:00:00,Calumet Beach,1434992400.0,18.0,,0.136,,CalumetBeach201506221700,0,18.0,1.29,0.136,2.0
2015-06-22 18:00:00,Calumet Beach,1434996000.0,18.2,,0.127,3.0,CalumetBeach201506221800,0,18.2,1.29,0.127,3.0
2015-06-22 19:00:00,Calumet Beach,1434999600.0,,1.31,0.113,2.0,CalumetBeach201506221900,0,18.2,1.31,0.113,2.0
2015-06-22 20:00:00,Calumet Beach,1435003200.0,18.0,,0.13,2.0,CalumetBeach201506222000,0,18.0,1.26,0.13,2.0
2015-06-22 21:00:00,Calumet Beach,1435006800.0,18.0,1.12,0.113,2.0,CalumetBeach201506222100,0,18.0,1.12,0.113,2.0
2015-06-22 22:00:00,Calumet Beach,1435010400.0,18.0,1.09,0.094,4.0,CalumetBeach201506222200,0,18.0,1.09,0.094,4.0
2015-06-22 23:00:00,Calumet Beach,1435014000.0,17.8,1.13,0.097,2.0,CalumetBeach201506222300,0,17.8,1.13,0.097,2.0
2015-06-23 00:00:00,Calumet Beach,1435017600.0,18.0,1.09,0.105,2.0,CalumetBeach201506232400,0,18.0,1.09,0.105,2.0
2015-06-23 01:00:00,Calumet Beach,1435021200.0,18.1,1.15,0.096,2.0,CalumetBeach201506230100,0,18.1,1.15,0.096,2.0
2015-06-23 02:00:00,Calumet Beach,1435024800.0,18.1,,0.089,6.0,CalumetBeach201506230200,0,18.1,1.08,0.089,6.0
2015-06-23 03:00:00,Calumet Beach,1435028400.0,18.1,1.0,0.075,2.0,CalumetBeach201506230300,0,18.1,1.0,0.075,2.0
2015-06-23 04:00:00,Calumet Beach,1435032000.0,17.9,1.0,,3.0,CalumetBeach201506230400,0,17.9,1.0,0.085,3.0
2015-06-23 05:00:00,Calumet Beach,1435035600.0,17.8,1.23,0.075,3.0,CalumetBeach201506230500,0,17.8,1.23,0.075,3.0
2015-06-23 06:00:00,Calumet Beach,1435039200.0,17.5,1.23,,3.0,CalumetBeach201506230600,0,17.5,1.23,0.092,3.0
2015-06-23 07:00:00,Calumet Beach,1435042800.0,17.5,1.18,0.109,3.0,CalumetBeach201506230700,0,17.5,1.18,0.109,3.0
2015-06-23 08:00:00,Calumet Beach,1435046400.0,,1.23,0.155,3.0,CalumetBeach201506230800,0,17.6,1.23,0.155,3.0
2015-06-23 09:00:00,Calumet Beach,1435050000.0,17.7,1.18,,3.0,CalumetBeach201506230900,0,17.7,1.18,0.17,3.0
2015-06-23 10:00:00,Calumet Beach,1435053600.0,,1.12,0.171,4.0,CalumetBeach201506231000,0,17.9,1.12,0.171,4.0
2015-06-23 11:00:00,Calumet Beach,1435057200.0,18.2,1.04,0.157,4.0,CalumetBeach201506231100,0,18.2,1.04,0.157,4.0
2015-06-23 12:00:00,Calumet Beach,1435060800.0,18.6,1.14,0.172,3.0,CalumetBeach201506231200,0,18.6,1.14,0.172,3.0
2015-06-23 13:00:00,Calumet Beach,1435064400.0,19.7,1.15,0.163,3.0,CalumetBeach201506231300,0,19.7,1.15,0.163,3.0
2015-06-23 14:00:00,Calumet Beach,1435068000.0,20.0,1.08,0.161,4.0,CalumetBeach201506231400,0,20.0,1.08,0.161,4.0
2015-06-23 15:00:00,Calumet Beach,1435071600.0,20.1,,0.182,4.0,CalumetBeach201506231500,0,20.1,1.07,0.182,4.0
2015-06-23 16:00:00,Calumet Beach,1435075200.0,20.4,1.18,0.161,4.0,CalumetBeach201506231600,0,20.4,1.18,0.161,4.0
2015-06-23 17:00:00,Calumet Beach,1435078800.0,20.6,,,,CalumetBeach201506231700,0,20.6,1.04,0.161,4.0
2015-06-23 18:00:00,Calumet Beach,1435082400.0,21.3,1.31,0.161,2.0,CalumetBeach201506231800,0,21.3,1.31,0.161,2.0
2015-06-23 19:00:00,Calumet Beach,1435086000.0,21.6,,0.163,4.0,CalumetBeach201506231900,0,21.6,1.7,0.163,4.0
2015-06-23 20:00:00,Calumet Beach,1435089600.0,20.9,1.29,0.154,2.0,CalumetBeach201506232000,0,20.9,1.29,0.154,2.0
2015-06-23 21:00:00,Calumet Beach,1435093200.0,20.8,1.43,0.151,2.0,CalumetBeach201506232100,0,20.8,1.43,0.151,2.0
2015-06-23 22:00:00,Calumet Beach,1435096800.0,20.5,1.35,0.155,2.0,CalumetBeach201506232200,0,20.5,1.35,0.155,2.0
2015-06-23 23:00:00,Calumet Beach,1435100400.0,20.5,1.49,0.145,,CalumetBeach201506232300,0,20.5,1.49,0.145,2.0
2015-06-24 00:00:00,Calumet Beach,1435104000.0,19.8,1.53,0.135,4.0,CalumetBeach201506242400,0,19.8,1.53,0.135,4.0
2015-06-24 01:00:00,Calumet Beach,1435107600.0,,1.59,0.123,3.0,CalumetBeach201506240100,0,19.6,1.59,0.123,3.0
2015-06-24 02:00:00,Calumet Beach,1435111200.0,19.2,1.18,,,CalumetBeach201506240200,0,19.2,1.18,0.119,3.0
2015-06-24 03:00:00,Calumet Beach,1435114800.0,19.1,1.17,0.11,,CalumetBeach201506240300,0,19.1,1.17,0.11,4.0
2015-06-24 04:00:00,Calumet Beach,1435118400.0,,1.13,,4.0,CalumetBeach201506240400,0,19.1,1.13,0.101,4.0
2015-06-24 05:00:00,Calumet Beach,1435122000.0,18.9,1.07,0.098,4.0,CalumetBeach201506240500,0,18.9,1.07,0.098,4.0
2015-06-24 06:00:00,Calumet Beach,1435125600.0,18.6,1.0,0.106,4.0,CalumetBeach201506240600,0,18.6,1.0,0.106,4.0
2015-06-24 07:00:00,Calumet Beach,1435129200.0,18.5,1.0,0.092,,CalumetBeach201506240700,0,18.5,1.0,0.092,4.0
2015-06-24 08:00:00,Calumet Beach,1435132800.0,18.5,1.05,,4.0,CalumetBeach201506240800,0,18.5,1.05,0.088,4.0
2015-06-24 09:00:00,Calumet Beach,1435136400.0,18.6,0.96,,4.0,CalumetBeach201506240900,0,18.6,0.96,0.084,4.0
2015-06-24 10:00:00,Calumet Beach,1435140000.0,18.7,0.9,0.086,3.0,CalumetBeach201506241000,0,18.7,0.9,0.086,3.0
2015-06-24 11:00:00,Calumet Beach,1435143600.0,18.8,0.94,0.082,4.0,CalumetBeach201506241100,0,18.8,0.94,0.082,4.0
2015-06-24 12:00:00,Calumet Beach,1435147200.0,19.4,0.8,0.117,3.0,CalumetBeach201506241200,0,19.4,0.8,0.117,3.0
2015-06-24 13:00:00,Calumet Beach,1435150800.0,19.4,0.97,0.097,4.0,CalumetBeach201506241300,0,19.4,0.97,0.097,4.0
2015-06-24 14:00:00,Calumet Beach,1435154400.0,19.2,1.1,0.088,4.0,CalumetBeach201506241400,0,19.2,1.1,0.088,4.0
2015-06-24 15:00:00,Calumet Beach,1435158000.0,19.4,1.11,0.099,2.0,CalumetBeach201506241500,0,19.4,1.11,0.099,2.0
2015-06-24 16:00:00,Calumet Beach,1435161600.0,19.1,1.13,,3.0,CalumetBeach201506241600,0,19.1,1.13,0.092,3.0
2015-06-24 17:00:00,Calumet Beach,1435165200.0,18.7,1.03,0.094,,CalumetBeach201506241700,0,18.7,1.03,0.094,3.0
2015-06-24 18:00:00,Calumet Beach,1435168800.0,19.4,0.81,0.088,,CalumetBeach201506241800,0,19.4,0.81,0.088,4.0
2015-06-24 19:00:00,Calumet Beach,1435172400.0,18.8,1.31,0.085,3.0,CalumetBeach201506241900,0,18.8,1.31,0.085,3.0
2015-06-24 20:00:00,Calumet Beach,1435176000.0,,1.14,0.09,,CalumetBeach201506242000,0,18.7,1.14,0.09,4.0
2015-06-24 21:00:00,Calumet Beach,1435179600.0,,1.01,0.084,3.0,CalumetBeach201506242100,0,18.7,1.01,0.084,3.0
2015-06-24 22:00:00,Calumet Beach,1435183200.0,18.8,0.84,,6.0,CalumetBeach201506242200,0,18.8,0.84,0.078,6.0
2015-06-24 23:00:00,Calumet Beach,1435186800.0,18.3,0.99,0.074,5.0,CalumetBeach201506242300,0,18.3,0.99,0.074,5.0
2015-06-25 00:00:00,Calumet Beach,1435190400.0,18.1,,0.073,5.0,CalumetBeach201506252400,0,18.1,0.95,0.073,5.0
2015-06-25 01:00:00,Calumet Beach,1435194000.0,18.0,0.97,,,CalumetBeach201506250100,0,18.0,0.97,0.071,4.0
2015-06-25 02:00:00,Calumet Beach,1435197600.0,18.0,1.08,0.064,,CalumetBeach201506250200,0,18.0,1.08,0.064,6.0
2015-06-25 03:00:00,Calumet Beach,1435201200.0,18.0,0.92,0.068,3.0,CalumetBeach201506250300,0,18.0,0.92,0.068,3.0
2015-06-25 04:00:00,Calumet Beach,1435204800.0,18.0,0.85,0.076,4.0,CalumetBeach201506250400,0,18.0,0.85,0.076,4.0
2015-06-25 05:00:00,Calumet Beach,1435208400.0,17.9,0.87,0.064,3.0,CalumetBeach201506250500,0,17.9,0.87,0.064,3.0
2015-06-25 06:00:00,Calumet Beach,1435212000.0,,0.86,0.074,4.0,CalumetBeach201506250600,0,17.9,0.86,0.074,4.0
2015-06-25 07:00:00,Calumet Beach,1435215600.0,,1.05,0.079,2.0,CalumetBeach201506250700,0,17.8,1.05,0.079,2.0
2015-06-25 08:00:00,Calumet Beach,1435219200.0,17.8,1.02,0.102,2.0,CalumetBeach201506250800,0,17.8,1.02,0.102,2.0
2015-06-25 09:00:00,Calumet Beach,1435222800.0,18.0,0.98,0.093,2.0,CalumetBeach201506250900,0,18.0,0.98,0.093,2.0
2015-06-25 10:00:00,Calumet Beach,1435226400.0,18.4,1.07,0.073,3.0,CalumetBeach201506251000,0,18.4,1.07,0.073,3.0
2015-06-25 11:00:00,Calumet Beach,1435230000.0,18.8,,,2.0,CalumetBeach201506251100,0,18.8,1.01,0.067,2.0
2015-06-25 12:00:00,Calumet Beach,,,,,,,1,,,,
2015-06-25 13:00:00,Calumet Beach,1435237200.0,19.2,0.97,0.094,3.0,CalumetBeach201506251300,0,19.2,0.97,0.094,3.0
2015-06-25 14:00:00,Calumet Beach,1435240800.0,19.2,1.01,0.102,2.0,CalumetBeach201506251400,0,19.2,1.01,0.102,2.0
2015-06-25 15:00:00,Calumet Beach,1435244400.0,19.1,0.95,0.073,3.0,CalumetBeach201506251500,0,19.1,0.95,0.073,3.0
2015-06-25 16:00:00,Calumet Beach,1435248000.0,18.9,0.93,0.095,2.0,CalumetBeach201506251600,0,18.9,0.93,0.095,2.0
2015-06-25 17:00:00,Calumet Beach,1435251600.0,19.1,0.93,0.096,2.0,CalumetBeach201506251700,0,19.1,0.93,0.096,2.0
2015-06-25 18:00:00,Calumet Beach,1435255200.0,19.0,0.99,0.093,,CalumetBeach201506251800,0,19.0,0.99,0.093,2.0
2015-06-25 19:00:00,Calumet Beach,1435258800.0,18.7,,0.091,4.0,CalumetBeach201506251900,0,18.7,0.97,0.091,4.0
2015-06-25 20:00:00,Calumet Beach,1435262400.0,18.7,1.03,0.1,2.0,CalumetBeach201506252000,0,18.7,1.03,0.1,2.0
2015-06-25 21:00:00,Calumet Beach,1435266000.0,18.6,1.18,0.138,2.0,CalumetBeach201506252100,0,18.6,1.18,0.138,2.0
2015-06-25 22:00:00,Calumet Beach,1435269600.0,18.5,0.96,0.145,3.0,CalumetBeach201506252200,0,18.5,0.96,0.145,3.0
2015-06-25 23:00:00,Calumet Beach,1435273200.0,18.4,,0.148,3.0,CalumetBeach201506252300,0,18.4,0.86,0.148,3.0
2015-06-26 00:00:00,Calumet Beach,1435276800.0,18.4,0.97,0.125,2.0,CalumetBeach201506262400,0,18.4,0.97,0.125,2.0
2015-06-26 01:00:00,Calumet Beach,1435280400.0,18.3,0.98,0.149,3.0,CalumetBeach201506260100,0,18.3,0.98,0.149,3.0
2015-06-26 02:00:00,Calumet Beach,1435284000.0,18.3,,0.157,3.0,CalumetBeach201506260200,0,18.3,0.97,0.157,3.0
2015-06-26 03:00:00,Calumet Beach,1435287600.0,18.3,0.96,0.168,3.0,CalumetBeach201506260300,0,18.3,0.96,0.168,3.0
2015-06-26 04:00:00,Calumet Beach,1435291200.0,18.3,,0.167,3.0,CalumetBeach201506260400,0,18.3,0.97,0.167,3.0
2015-06-26 05:00:00,Calumet Beach,1435294800.0,18.2,,0.173,3.0,CalumetBeach201506260500,0,18.2,0.93,0.173,3.0
2015-06-26 06:00:00,Calumet Beach,1435298400.0,,0.94,0.179,4.0,CalumetBeach201506260600,0,18.2,0.94,0.179,4.0
2015-06-26 07:00:00,Calumet Beach,1435302000.0,18.2,0.92,,3.0,CalumetBeach201506260700,0,18.2,0.92,0.18,3.0
2015-06-26 08:00:00,Calumet Beach,1435305600.0,18.2,0.85,0.16,3.0,CalumetBeach201506260800,0,18.2,0.85,0.16,3.0
2015-06-26 09:00:00,Calumet Beach,1435309200.0,18.2,,0.158,3.0,CalumetBeach201506260900,0,18.2,0.93,0.158,3.0
2015-06-26 10:00:00,Calumet Beach,1435312800.0,18.2,0.95,0.175,,CalumetBeach201506261000,0,18.2,0.95,0.175,3.0
2015-06-26 11:00:00,Calumet Beach,1435316400.0,18.3,0.94,0.205,,CalumetBeach201506261100,0,18.3,0.94,0.205,2.0
2015-06-26 12:00:00,Calumet Beach,1435320000.0,18.3,0.93,0.212,3.0,CalumetBeach201506261200,0,18.3,0.93,0.212,3.0
2015-06-26 13:00:00,Calumet Beach,1435323600.0,,0.93,0.202,3.0,CalumetBeach201506261300,0,18.3,0.93,0.202,3.0
2015-06-26 14:00:00,Calumet Beach,1435327200.0,18.2,0.96,0.194,3.0,CalumetBeach201506261400,0,18.2,0.96,0.194,3.0
2015-06-26 15:00:00,Calumet Beach,1435330800.0,18.2,0.99,0.188,3.0,CalumetBeach201506261500,0,18.2,0.99,0.188,3.0
2015-06-26 16:00:00,Calumet Beach,1435334400.0,18.2,,0.187,,CalumetBeach201506261600,0,18.2,0.95,0.187,3.0
2015-06-26 17:00:00,Calumet Beach,1435338000.0,18.1,,0.19,3.0,CalumetBeach201506261700,0,18.1,0.97,0.19,3.0
2015-06-26 18:00:00,Calumet Beach,1435341600.0,18.1,0.92,0.183,,CalumetBeach201506261800,0,18.1,0.92,0.183,4.0
2015-06-26 19:00:00,Calumet Beach,1435345200.0,18.1,1.03,,4.0,CalumetBeach201506261900,0,18.1,1.03,0.181,4.0
2015-06-26 20:00:00,Calumet Beach,1435348800.0,18.1,0.99,,4.0,CalumetBeach201506262000,0,18.1,0.99,0.206,4.0
2015-06-26 21:00:00,Calumet Beach,1435352400.0,18.0,0.93,0.209,4.0,CalumetBeach201506262100,0,18.0,0.93,0.209,4.0
2015-06-26 22:00:00,Calumet Beach,1435356000.0,,,0.215,4.0,CalumetBeach201506262200,0,18.1,1.01,0.215,4.0
2015-06-26 23:00:00,Calumet Beach,1435359600.0,,1.05,,4.0,CalumetBeach201506262300,0,18.0,1.05,0.213,4.0
2015-06-27 00:00:00,Calumet Beach,1435363200.0,18.0,1.16,,4.0,CalumetBeach201506272400,0,18.0,1.16,0.21,4.0
2015-06-27 01:00:00,Calumet Beach,1435366800.0,18.0,1.21,0.19,4.0,CalumetBeach201506270100,0,18.0,1.21,0.19,4.0
2015-06-27 02:00:00,Calumet Beach,1435370400.0,17.9,1.17,0.167,4.0,CalumetBeach201506270200,0,17.9,1.17,0.167,4.0
2015-06-27 03:00:00,Calumet Beach,1435374000.0,17.8,1.07,0.168,4.0,CalumetBeach201506270300,0,17.8,1.07,0.168,4.0
2015-06-27 04:00:00,Calumet Beach,1435377600.0,,1.11,0.164,4.0,CalumetBeach201506270400,0,17.8,1.11,0.164,4.0
2015-06-27 05:00:00,Calumet Beach,1435381200.0,17.7,1.09,0.182,4.0,CalumetBeach201506270500,0,17.7,1.09,0.182,4.0
2015-06-27 06:00:00,Calumet Beach,1435384800.0,,1.01,0.18,3.0,CalumetBeach201506270600,0,17.7,1.01,0.18,3.0
2015-06-27 07:00:00,Calumet Beach,1435388400.0,17.6,1.14,0.171,3.0,CalumetBeach201506270700,0,17.6,1.14,0.171,3.0
2015-06-27 08:00:00,Calumet Beach,1435392000.0,17.6,,0.188,4.0,CalumetBeach201506270800,0,17.6,1.14,0.188,4.0
2015-06-27 09:00:00,Calumet Beach,1435395600.0,17.6,1.08,0.2,4.0,CalumetBeach201506270900,0,17.6,1.08,0.2,4.0
2015-06-27 10:00:00,Calumet Beach,1435399200.0,17.7,1.11,0.217,4.0,CalumetBeach201506271000,0,17.7,1.11,0.217,4.0
2015-06-27 11:00:00,Calumet Beach,1435402800.0,17.8,1.13,0.223,4.0,CalumetBeach201506271100,0,17.8,1.13,0.223,4.0
2015-06-27 12:00:00,Calumet Beach,1435406400.0,18.0,1.24,0.225,4.0,CalumetBeach201506271200,0,18.0,1.24,0.225,4.0
2015-06-27 13:00:00,Calumet Beach,1435410000.0,18.2,1.56,0.218,4.0,CalumetBeach201506271300,0,18.2,1.56,0.218,4.0
2015-06-27 14:00:00,Calumet Beach,1435413600.0,18.5,1.17,0.209,4.0,CalumetBeach201506271400,0,18.5,1.17,0.209,4.0
2015-06-27 15:00:00,Calumet Beach,1435417200.0,18.7,1.32,0.191,,CalumetBeach201506271500,0,18.7,1.32,0.191,4.0
2015-06-27 16:00:00,Calumet Beach,1435420800.0,18.8,1.46,0.203,5.0,CalumetBeach201506271600,0,18.8,1.46,0.203,5.0
2015-06-27 17:00:00,Calumet Beach,1435424400.0,18.9,1.4,0.187,4.0,CalumetBeach201506271700,0,18.9,1.4,0.187,4.0
2015-06-27 18:00:00,Calumet Beach,1435428000.0,,1.4,0.172,4.0,CalumetBeach201506271800,0,18.9,1.4,0.172,4.0
2015-06-27 19:00:00,Calumet Beach,1435431600.0,18.8,1.22,0.177,4.0,CalumetBeach201506271900,0,18.8,1.22,0.177,4.0
2015-06-27 20:00:00,Calumet Beach,1435435200.0,18.7,1.31,,,CalumetBeach201506272000,0,18.7,1.31,0.175,4.0
2015-06-27 21:00:00,Calumet Beach,1435438800.0,18.6,1.32,0.174,4.0,CalumetBeach201506272100,0,18.6,1.32,0.174,4.0
2015-06-27 22:00:00,Calumet Beach,1435442400.0,18.5,1.24,0.172,4.0,CalumetBeach201506272200,0,18.5,1.24,0.172,4.0
2015-06-27 23:00:00,Calumet Beach,1435446000.0,18.3,,0.165,,CalumetBeach201506272300,0,18.3,1.35,0.165,4.0
2015-06-28 00:00:00,Calumet Beach,1435449600.0,18.2,1.21,0.168,,CalumetBeach201506282400,0,18.2,1.21,0.168,4.0
2015-06-28 01:00:00,Calumet Beach,,,,,,,1,,,,
2015-06-28 02:00:00,Calumet Beach,1435456800.0,18.0,1.25,0.154,4.0,CalumetBeach201506280200,0,18.0,1.25,0.154,4.0
2015-06-28 03:00:00,Calumet Beach,1435460400.0,17.8,1.24,0.152,4.0,CalumetBeach201506280300,0,17.8,1.24,0.152,4.0
2015-06-28 04:00:00,Calumet Beach,1435464000.0,17.8,,0.151,4.0,CalumetBeach201506280400,0,17.8,1.34,0.151,4.0
2015-06-28 05:00:00,Calumet Beach,1435467600.0,17.7,,0.146,,CalumetBeach201506280500,0,17.7,1.42,0.146,5.0
2015-06-28 06:00:00,Calumet Beach,1435471200.0,17.7,1.37,0.135,,CalumetBeach201506280600,0,17.7,1.37,0.135,4.0
2015-06-28 07:00:00,Calumet Beach,1435474800.0,17.7,1.26,0.145,5.0,CalumetBeach201506280700,0,17.7,1.26,0.145,5.0
2015-06-28 08:00:00,Calumet Beach,1435478400.0,17.8,1.21,0.138,4.0,CalumetBeach201506280800,0,17.8,1.21,0.138,4.0
2015-06-28 09:00:00,Calumet Beach,1435482000.0,18.2,1.19,0.134,4.0,CalumetBeach201506280900,0,18.2,1.19,0.134,4.0
2015-06-28 10:00:00,Calumet Beach,1435485600.0,18.4,,0.139,4.0,CalumetBeach201506281000,0,18.4,1.08,0.139,4.0
2015-06-28 11:00:00,Calumet Beach,1435489200.0,18.6,1.15,,4.0,CalumetBeach201506281100,0,18.6,1.15,0.18,4.0
2015-06-28 12:00:00,Calumet Beach,1435492800.0,18.9,1.12,0.141,4.0,CalumetBeach201506281200,0,18.9,1.12,0.141,4.0
2015-06-28 13:00:00,Calumet Beach,1435496400.0,19.5,1.19,0.164,2.0,CalumetBeach201506281300,0,19.5,1.19,0.164,2.0
2015-06-28 14:00:00,Calumet Beach,1435500000.0,,1.13,0.175,2.0,CalumetBeach201506281400,0,19.6,1.13,0.175,2.0
2015-06-28 15:00:00,Calumet Beach,1435503600.0,20.1,1.13,0.176,2.0,CalumetBeach201506281500,0,20.1,1.13,0.176,2.0
2015-06-28 16:00:00,Calumet Beach,1435507200.0,20.2,1.18,0.204,2.0,CalumetBeach201506281600,0,20.2,1.18,0.204,2.0
2015-06-28 17:00:00,Calumet Beach,1435510800.0,20.6,2.94,0.187,2.0,CalumetBeach201506281700,0,20.6,2.94,0.187,2.0
2015-06-28 18:00:00,Calumet Beach,1435514400.0,19.8,1.75,0.141,2.0,CalumetBeach201506281800,0,19.8,1.75,0.141,2.0
2015-06-28 19:00:00,Calumet Beach,1435518000.0,19.6,1.54,0.111,3.0,CalumetBeach201506281900,0,19.6,1.54,0.111,3.0
2015-06-28 20:00:00,Calumet Beach,1435521600.0,19.4,1.32,0.11,3.0,CalumetBeach201506282000,0,19.4,1.32,0.11,3.0
2015-06-28 21:00:00,Calumet Beach,1435525200.0,19.5,1.45,,2.0,CalumetBeach201506282100,0,19.5,1.45,0.117,2.0
2015-06-28 22:00:00,Calumet Beach,1435528800.0,19.2,1.12,0.119,3.0,CalumetBeach201506282200,0,19.2,1.12,0.119,3.0
2015-06-28 23:00:00,Calumet Beach,1435532400.0,19.3,,0.122,3.0,CalumetBeach201506282300,0,19.3,1.15,0.122,3.0
2015-06-29 00:00:00,Calumet Beach,1435536000.0,19.2,1.23,0.102,2.0,CalumetBeach201506292400,0,19.2,1.23,0.102,2.0
2015-06-29 01:00:00,Calumet Beach,1435539600.0,,1.14,0.092,3.0,CalumetBeach201506290100,0,19.1,1.14,0.092,3.0
2015-06-29 02:00:00,Calumet Beach,1435543200.0,18.8,1.15,0.089,3.0,CalumetBeach201506290200,0,18.8,1.15,0.089,3.0
2015-06-29 03:00:00,Calumet Beach,1435546800.0,18.7,1.07,0.087,2.0,CalumetBeach201506290300,0,18.7,1.07,0.087,2.0
2015-06-29 04:00:00,Calumet Beach,1435550400.0,18.7,1.05,,3.0,CalumetBeach201506290400,0,18.7,1.05,0.082,3.0
2015-06-29 05:00:00,Calumet Beach,1435554000.0,18.6,1.03,,2.0,CalumetBeach201506290500,0,18.6,1.03,0.076,2.0
2015-06-29 06:00:00,Calumet Beach,1435557600.0,18.6,0.89,0.071,3.0,CalumetBeach201506290600,0,18.6,0.89,0.071,3.0
2015-06-29 07:00:00,Calumet Beach,1435561200.0,18.6,0.95,0.061,3.0,CalumetBeach201506290700,0,18.6,0.95,0.061,3.0
2015-06-29 08:00:00,Calumet Beach,1435564800.0,18.6,0.89,0.062,3.0,CalumetBeach201506290800,0,18.6,0.89,0.062,3.0
2015-06-29 09:00:00,Calumet Beach,1435568400.0,18.6,,0.069,3.0,CalumetBeach201506290900,0,18.6,0.9,0.069,3.0
2015-06-29 10:00:00,Calumet Beach,1435572000.0,,,0.063,,CalumetBeach201506291000,0,18.8,0.87,0.063,2.0
2015-06-29 11:00:00,Calumet Beach,1435575600.0,19.0,0.92,0.077,3.0,CalumetBeach201506291100,0,19.0,0.92,0.077,3.0
2015-06-29 12:00:00,Calumet Beach,1435579200.0,19.2,0.91,0.071,3.0,CalumetBeach201506291200,0,19.2,0.91,0.071,3.0
2015-06-29 13:00:00,Calumet Beach,1435582800.0,19.3,0.91,0.08,2.0,CalumetBeach201506291300,0,19.3,0.91,0.08,2.0
2015-06-29 14:00:00,Calumet Beach,1435586400.0,19.3,0.87,,3.0,CalumetBeach201506291400,0,19.3,0.87,0.097,3.0
2015-06-29 15:00:00,Calumet Beach,1435590000.0,20.1,0.86,0.085,,CalumetBeach201506291500,0,20.1,0.86,0.085,4.0
2015-06-29 16:00:00,Calumet Beach,1435593600.0,20.6,0.86,0.086,3.0,CalumetBeach201506291600,0,20.6,0.86,0.086,3.0
2015-06-29 17:00:00,Calumet Beach,1435597200.0,20.2,0.82,0.064,9.0,CalumetBeach201506291700,0,20.2,0.82,0.064,9.0
2015-06-29 18:00:00,Calumet Beach,1435600800.0,19.9,0.84,0.067,,CalumetBeach201506291800,0,19.9,0.84,0.067,4.0
2015-06-29 19:00:00,Calumet Beach,1435604400.0,19.8,0.81,0.081,4.0,CalumetBeach201506291900,0,19.8,0.81,0.081,4.0
2015-06-29 20:00:00,Calumet Beach,1435608000.0,19.9,0.86,0.07,7.0,CalumetBeach201506292000,0,19.9,0.86,0.07,7.0
2015-06-29 21:00:00,Calumet Beach,1435611600.0,19.9,,0.075,2.0,CalumetBeach201506292100,0,19.9,1.0,0.075,2.0
2015-06-29 22:00:00,Calumet Beach,1435615200.0,,0.93,0.066,5.0,CalumetBeach201506292200,0,19.9,0.93,0.066,5.0
2015-06-29 23:00:00,Calumet Beach,1435618800.0,,0.87,0.068,10.0,CalumetBeach201506292300,0,19.7,0.87,0.068,10.0
2015-06-30 00:00:00,Calumet Beach,1435622400.0,19.6,0.82,,9.0,CalumetBeach201506302400,0,19.6,0.82,0.061,9.0
2015-06-30 01:00:00,Calumet Beach,1435626000.0,19.3,0.8,,8.0,CalumetBeach201506300100,0,19.3,0.8,0.059,8.0
2015-06-30 02:00:00,Calumet Beach,1435629600.0,19.2,,0.06,7.0,CalumetBeach201506300200,0,19.2,0.9,0.06,7.0
2015-06-30 03:00:00,Calumet Beach,1435633200.0,19.2,0.85,,6.0,CalumetBeach201506300300,0,19.2,0.85,0.06,6.0
2015-06-30 04:00:00,Calumet Beach,,,,,,,1,,,,
2015-06-30 05:00:00,Calumet Beach,,,,,,,1,,,,
2015-06-30 06:00:00,Calumet Beach,,,,,,,1,,,,
2015-06-30 07:00:00,Calumet Beach,,,,,,,1,,,,
2015-06-30 08:00:00,Calumet Beach,,,,,,,1,,,,
2015-06-30 09:00:00,Calumet Beach,,,,,,,1,,,,
2015-06-30 10:00:00,Calumet Beach,,,,,,,1,,,,
2015-06-30 11:00:00,Calumet Beach,,,,,,,1,,,,
2015-06-30 12:00:00,Calumet Beach,,,,,,,1,,,,
2015-06-30 13:00:00,Calumet Beach,,,,,,,1,,,,
2015-06-30 14:00:00,Calumet Beach,,,,,,,1,,,,
2015-06-30 15:00:00,Calumet Beach,,,,,,,1,,,,
2015-06-30 16:00:00,Calumet Beach,,,,,,,1,,,,
2015-06-30 17:00:00,Calumet Beach,,,,,,,1,,,,
2015-06-30 18:00:00,Calumet Beach,,,,,,,1,,,,
2015-06-30 19:00:00,Calumet Beach,,,,,,,1,,,,
2015-06-30 20:00:00,Calumet Beach,,,,,,,1,,,,
2015-06-30 21:00:00,Calumet Beach,,,,,,,1,,,,
2015-06-30 22:00:00,Calumet Beach,,,,,,,1,,,,
2015-06-30 23:00:00,Calumet Beach,,,,,,,1,,,,
2015-07-01 00:00:00,Calumet Beach,,,,,,,1,,,,
2015-07-01 01:00:00,Calumet Beach,,,,,,,1,,,,
2015-07-01 02:00:00,Calumet Beach,,,,,,,1,,,,
2015-07-01 03:00:00,Calumet Beach,,,,,,,1,,,,
2015-07-01 04:00:00,Calumet Beach,,,,,,,1,,,,
2015-07-01 05:00:00,Calumet Beach,,,,,,,1,,,,
2015-07-01 06:00:00,Calumet Beach,,,,,,,1,,,,
2015-07-01 07:00:00,Calumet Beach,,,,,,,1,,,,
2015-07-01 08:00:00,Calumet Beach,,,,,,,1,,,,
2015-07-01 09:00:00,Calumet Beach,,,,,,,1,,,,
2015-07-01 10:00:00,Calumet Beach,,,,,,,1,,,,
2015-07-01 11:00:00,Calumet Beach,,,,,,,1,,,,
2015-07-01 12:00:00,Calumet Beach,1435752000.0,19.5,,0.208,5.0,CalumetBeach201507011200,0,19.5,0.96,0.208,5.0
2015-07-01 13:00:00,Calumet Beach,1435755600.0,19.8,1.0,0.208,6.0,CalumetBeach201507011300,0,19.8,1.0,0.208,6.0
2015-07-01 14:00:00,Calumet Beach,1435759200.0,20.1,0.96,0.218,6.0,CalumetBeach201507011400,0,20.1,0.96,0.218,6.0
2015-07-01 15:00:00,Calumet Beach,1435762800.0,,1.02,0.215,6.0,CalumetBeach201507011500,0,20.1,1.02,0.215,6.0
2015-07-01 16:00:00,Calumet Beach,1435766400.0,,1.0,,,CalumetBeach201507011600,0,20.2,1.0,0.222,5.0
2015-07-01 17:00:00,Calumet Beach,1435770000.0,20.2,,0.207,3.0,CalumetBeach201507011700,0,20.2,1.0,0.207,3.0
2015-07-01 18:00:00,Calumet Beach,1435773600.0,,1.05,0.218,,CalumetBeach201507011800,0,20.3,1.05,0.218,3.0
2015-07-01 19:00:00,Calumet Beach,1435777200.0,20.1,,0.202,5.0,CalumetBeach201507011900,0,20.1,1.07,0.202,5.0
2015-07-01 20:00:00,Calumet Beach,1435780800.0,,1.01,,3.0,CalumetBeach201507012000,0,19.9,1.01,0.201,3.0
2015-07-01 21:00:00,Calumet Beach,,,,,,,1,,,,
2015-07-01 22:00:00,Calumet Beach,,,,,,,1,,,,
2015-07-01 23:00:00,Calumet Beach,,,,,,,1,,,,
2015-07-02 00:00:00,Calumet Beach,,,,,,,1,,,,
2015-07-02 01:00:00,Calumet Beach,,,,,,,1,,,,
2015-07-02 02:00:00,Calumet Beach,,,,,,,1,,,,
2015-07-02 03:00:00,Calumet Beach,,,,,,,1,,,,
2015-07-02 04:00:00,Calumet Beach,,,,,,,1,,,,
2015-07-02 05:00:00,Calumet Beach,,,,,,,1,,,,
2015-07-02 06:00:00,Calumet Beach,,,,,,,1,,,,
2015-07-02 07:00:00,Calumet Beach,,,,,,,1,,,,
2015-07-02 08:00:00,Calumet Beach,,,,,,,1,,,,
2015-07-02 09:00:00,Calumet Beach,,,,,,,1,,,,
2015-07-02 10:00:00,Calumet Beach,,,,,,,1,,,,
2015-07-02 11:00:00,Calumet Beach,,,,,,,1,,,,
2015-07-02 12:00:00,Calumet Beach,,,,,,,1,,,,
2015-07-02 13:00:00,Calumet Beach,,,,,,,1,,,,
2015-07-02 14:00:00,Calumet Beach,1435845600.0,19.9,2.02,0.219,4.0,CalumetBeach201507021400,0,19.9,2.02,0.219,4.0
2015-07-02 15:00:00,Calumet Beach,1435849200.0,19.8,1.87,0.225,4.0,CalumetBeach201507021500,0,19.8,1.87,0.225,4.0
2015-07-02 16:00:00,Calumet Beach,1435852800.0,19.8,1.79,0.206,4.0,CalumetBeach201507021600,0,19.8,1.79,0.206,4.0
2015-07-02 17:00:00,Calumet Beach,1435856400.0,19.8,1.69,0.193,4.0,CalumetBeach201507021700,0,19.8,1.69,0.193,4.0
2015-07-02 18:00:00,Calumet Beach,1435860000.0,19.7,1.67,0.205,4.0,CalumetBeach201507021800,0,19.7,1.67,0.205,4.0
2015-07-02 19:00:00,Calumet Beach,1435863600.0,19.5,1.53,0.21,4.0,CalumetBeach201507021900,0,19.5,1.53,0.21,4.0
2015-07-02 20:00:00,Calumet Beach,1435867200.0,19.4,1.62,0.21,4.0,CalumetBeach201507022000,0,19.4,1.62,0.21,4.0
2015-07-02 21:00:00,Calumet Beach,1435870800.0,,1.67,0.217,4.0,CalumetBeach201507022100,0,19.3,1.67,0.217,4.0
2015-07-02 22:00:00,Calumet Beach,1435874400.0,19.2,1.6,,5.0,CalumetBeach201507022200,0,19.2,1.6,0.214,5.0
2015-07-02 23:00:00,Calumet Beach,1435878000.0,,1.59,0.219,5.0,CalumetBeach201507022300,0,19.2,1.59,0.219,5.0
2015-07-03 00:00:00,Calumet Beach,1435881600.0,19.3,1.74,0.213,4.0,CalumetBeach201507032400,0,19.3,1.74,0.213,4.0
2015-07-03 01:00:00,Calumet Beach,1435885200.0,19.2,1.76,0.215,4.0,CalumetBeach201507030100,0,19.2,1.76,0.215,4.0
2015-07-03 02:00:00,Calumet Beach,1435888800.0,,1.8,0.197,4.0,CalumetBeach201507030200,0,19.1,1.8,0.197,4.0
2015-07-03 03:00:00,Calumet Beach,1435892400.0,,1.71,0.185,4.0,CalumetBeach201507030300,0,19.0,1.71,0.185,4.0
2015-07-03 04:00:00,Calumet Beach,1435896000.0,,1.83,,5.0,CalumetBeach201507030400,0,19.0,1.83,0.188,5.0
2015-07-03 05:00:00,Calumet Beach,1435899600.0,18.9,,0.193,4.0,CalumetBeach201507030500,0,18.9,1.9,0.193,4.0
2015-07-03 06:00:00,Calumet Beach,1435903200.0,18.8,1.87,0.179,5.0,CalumetBeach201507030600,0,18.8,1.87,0.179,5.0
2015-07-03 07:00:00,Calumet Beach,1435906800.0,18.7,,0.187,,CalumetBeach201507030700,0,18.7,1.75,0.187,3.0
2015-07-03 08:00:00,Calumet Beach,1435910400.0,,1.7,0.173,3.0,CalumetBeach201507030800,0,18.8,1.7,0.173,3.0
2015-07-03 09:00:00,Calumet Beach,1435914000.0,18.9,1.51,0.156,4.0,CalumetBeach201507030900,0,18.9,1.51,0.156,4.0
2015-07-03 10:00:00,Calumet Beach,1435917600.0,,1.38,0.15,4.0,CalumetBeach201507031000,0,19.1,1.38,0.15,4.0
2015-07-03 11:00:00,Calumet Beach,1435921200.0,19.3,1.58,0.139,4.0,CalumetBeach201507031100,0,19.3,1.58,0.139,4.0
2015-07-03 12:00:00,Calumet Beach,1435924800.0,19.4,,0.139,4.0,CalumetBeach201507031200,0,19.4,1.38,0.139,4.0
2015-07-03 13:00:00,Calumet Beach,1435928400.0,19.6,,0.143,4.0,CalumetBeach201507031300,0,19.6,1.37,0.143,4.0
2015-07-03 14:00:00,Calumet Beach,1435932000.0,20.0,1.27,,3.0,CalumetBeach201507031400,0,20.0,1.27,0.135,3.0
2015-07-03 15:00:00,Calumet Beach,1435935600.0,20.3,1.26,0.147,,CalumetBeach201507031500,0,20.3,1.26,0.147,2.0
2015-07-03 16:00:00,Calumet Beach,1435939200.0,20.4,1.26,0.16,2.0,CalumetBeach201507031600,0,20.4,1.26,0.16,2.0
2015-07-03 17:00:00,Calumet Beach,1435942800.0,20.6,1.25,0.16,3.0,CalumetBeach201507031700,0,20.6,1.25,0.16,3.0
2015-07-03 18:00:00,Calumet Beach,1435946400.0,,,0.156,,CalumetBeach201507031800,0,20.7,1.24,0.156,2.0
2015-07-03 19:00:00,Calumet Beach,1435950000.0,20.7,1.21,0.136,4.0,CalumetBeach201507031900,0,20.7,1.21,0.136,4.0
2015-07-03 20:00:00,Calumet Beach,1435953600.0,20.6,1.26,0.173,,CalumetBeach201507032000,0,20.6,1.26,0.173,3.0
2015-07-03 21:00:00,Calumet Beach,1435957200.0,20.7,1.44,0.123,2.0,CalumetBeach201507032100,0,20.7,1.44,0.123,2.0
2015-07-03 22:00:00,Calumet Beach,1435960800.0,20.8,1.41,,3.0,CalumetBeach201507032200,0,20.8,1.41,0.116,3.0
2015-07-03 23:00:00,Calumet Beach,1435964400.0,20.7,1.71,0.111,3.0,CalumetBeach201507032300,0,20.7,1.71,0.111,3.0
2015-07-04 00:00:00,Calumet Beach,1435968000.0,20.5,1.59,0.125,3.0,CalumetBeach201507042400,0,20.5,1.59,0.125,3.0
2015-07-04 01:00:00,Calumet Beach,1435971600.0,20.1,1.37,,4.0,CalumetBeach201507040100,0,20.1,1.37,0.096,4.0
2015-07-04 02:00:00,Calumet Beach,1435975200.0,19.9,1.46,0.098,2.0,CalumetBeach201507040200,0,19.9,1.46,0.098,2.0
2015-07-04 03:00:00,Calumet Beach,1435978800.0,19.7,1.26,0.097,4.0,CalumetBeach201507040300,0,19.7,1.26,0.097,4.0
2015-07-04 04:00:00,Calumet Beach,1435982400.0,19.5,1.49,,3.0,CalumetBeach201507040400,0,19.5,1.49,0.089,3.0
2015-07-04 05:00:00,Calumet Beach,1435986000.0,19.4,1.57,0.081,3.0,CalumetBeach201507040500,0,19.4,1.57,0.081,3.0
2015-07-04 06:00:00,Calumet Beach,1435989600.0,19.3,1.55,0.071,3.0,CalumetBeach201507040600,0,19.3,1.55,0.071,3.0
2015-07-04 07:00:00,Calumet Beach,1435993200.0,19.3,1.61,0.083,5.0,CalumetBeach201507040700,0,19.3,1.61,0.083,5.0
2015-07-04 08:00:00,Calumet Beach,1435996800.0,19.4,1.54,0.076,3.0,CalumetBeach201507040800,0,19.4,1.54,0.076,3.0
2015-07-04 09:00:00,Calumet Beach,1436000400.0,19.6,,0.082,4.0,CalumetBeach201507040900,0,19.6,1.3,0.082,4.0
2015-07-04 10:00:00,Calumet Beach,1436004000.0,20.0,1.33,0.1,2.0,CalumetBeach201507041000,0,20.0,1.33,0.1,2.0
2015-07-04 11:00:00,Calumet Beach,1436007600.0,20.2,1.22,0.093,2.0,CalumetBeach201507041100,0,20.2,1.22,0.093,2.0
2015-07-04 12:00:00,Calumet Beach,1436011200.0,20.7,1.35,0.117,3.0,CalumetBeach201507041200,0,20.7,1.35,0.117,3.0
2015-07-04 13:00:00,Calumet Beach,1436014800.0,21.1,1.45,0.184,2.0,CalumetBeach201507041300,0,21.1,1.45,0.184,2.0
2015-07-04 14:00:00,Calumet Beach,1436018400.0,21.8,1.93,0.18,3.0,CalumetBeach201507041400,0,21.8,1.93,0.18,3.0
2015-07-04 15:00:00,Calumet Beach,1436022000.0,22.2,2.26,0.18,3.0,CalumetBeach201507041500,0,22.2,2.26,0.18,3.0
2015-07-04 16:00:00,Calumet Beach,1436025600.0,22.4,2.19,0.178,2.0,CalumetBeach201507041600,0,22.4,2.19,0.178,2.0
2015-07-04 17:00:00,Calumet Beach,1436029200.0,22.5,2.05,0.161,2.0,CalumetBeach201507041700,0,22.5,2.05,0.161,2.0
2015-07-04 18:00:00,Calumet Beach,1436032800.0,22.4,2.26,0.166,2.0,CalumetBeach201507041800,0,22.4,2.26,0.166,2.0
2015-07-04 19:00:00,Calumet Beach,1436036400.0,22.4,2.99,0.151,2.0,CalumetBeach201507041900,0,22.4,2.99,0.151,2.0
2015-07-04 20:00:00,Calumet Beach,1436040000.0,22.1,,0.151,2.0,CalumetBeach201507042000,0,22.1,3.47,0.151,2.0
2015-07-04 21:00:00,Calumet Beach,1436043600.0,22.0,3.62,0.158,3.0,CalumetBeach201507042100,0,22.0,3.62,0.158,3.0
2015-07-04 22:00:00,Calumet Beach,1436047200.0,21.8,3.13,0.145,,CalumetBeach201507042200,0,21.8,3.13,0.145,2.0
2015-07-04 23:00:00,Calumet Beach,1436050800.0,21.6,3.44,0.145,,CalumetBeach201507042300,0,21.6,3.44,0.145,2.0
2015-07-05 00:00:00,Calumet Beach,1436054400.0,21.5,3.09,0.123,3.0,CalumetBeach201507052400,0,21.5,3.09,0.123,3.0
2015-07-05 01:00:00,Calumet Beach,,,,,,,1,,,,
2015-07-05 02:00:00,Calumet Beach,,,,,,,1,,,,
2015-07-05 03:00:00,Calumet Beach,1436065200.0,20.6,1.43,0.091,3.0,CalumetBeach201507050300,0,20.6,1.43,0.091,3.0
2015-07-05 04:00:00,Calumet Beach,1436068800.0,20.4,1.43,0.095,,CalumetBeach201507050400,0,20.4,1.43,0.095,2.0
2015-07-05 05:00:00,Calumet Beach,1436072400.0,20.3,1.28,0.08,3.0,CalumetBeach201507050500,0,20.3,1.28,0.08,3.0
2015-07-05 06:00:00,Calumet Beach,1436076000.0,,1.32,0.069,2.0,CalumetBeach201507050600,0,20.2,1.32,0.069,2.0
2015-07-05 07:00:00,Calumet Beach,1436079600.0,20.2,1.35,0.082,2.0,CalumetBeach201507050700,0,20.2,1.35,0.082,2.0
2015-07-05 08:00:00,Calumet Beach,1436083200.0,,1.33,0.073,2.0,CalumetBeach201507050800,0,20.3,1.33,0.073,2.0
2015-07-05 09:00:00,Calumet Beach,1436086800.0,20.7,1.38,0.059,,CalumetBeach201507050900,0,20.7,1.38,0.059,6.0
2015-07-05 10:00:00,Calumet Beach,1436090400.0,20.9,1.26,0.071,6.0,CalumetBeach201507051000,0,20.9,1.26,0.071,6.0
2015-07-05 11:00:00,Calumet Beach,1436094000.0,21.2,1.16,0.092,3.0,CalumetBeach201507051100,0,21.2,1.16,0.092,3.0
2015-07-05 12:00:00,Calumet Beach,1436097600.0,21.4,1.08,,4.0,CalumetBeach201507051200,0,21.4,1.08,0.119,4.0
2015-07-05 13:00:00,Calumet Beach,1436101200.0,,1.02,0.133,,CalumetBeach201507051300,0,21.7,1.02,0.133,3.0
2015-07-05 14:00:00,Calumet Beach,1436104800.0,22.1,1.01,,4.0,CalumetBeach201507051400,0,22.1,1.01,0.139,4.0
2015-07-05 15:00:00,Calumet Beach,1436108400.0,22.7,0.99,0.164,3.0,CalumetBeach201507051500,0,22.7,0.99,0.164,3.0
2015-07-05 16:00:00,Calumet Beach,1436112000.0,,1.97,0.189,2.0,CalumetBeach201507051600,0,23.5,1.97,0.189,2.0
2015-07-05 17:00:00,Calumet Beach,1436115600.0,23.4,1.79,0.219,,CalumetBeach201507051700,0,23.4,1.79,0.219,2.0
2015-07-05 18:00:00,Calumet Beach,1436119200.0,,1.49,0.192,2.0,CalumetBeach201507051800,0,23.2,1.49,0.192,2.0
2015-07-05 19:00:00,Calumet Beach,1436122800.0,,1.46,0.158,2.0,CalumetBeach201507051900,0,23.0,1.46,0.158,2.0
2015-07-05 20:00:00,Calumet Beach,1436126400.0,,1.48,0.16,2.0,CalumetBeach201507052000,0,22.8,1.48,0.16,2.0
2015-07-05 21:00:00,Calumet Beach,1436130000.0,22.6,2.91,,2.0,CalumetBeach201507052100,0,22.6,2.91,0.141,2.0
2015-07-05 22:00:00,Calumet Beach,1436133600.0,22.7,3.15,0.126,2.0,CalumetBeach201507052200,0,22.7,3.15,0.126,2.0
2015-07-05 23:00:00,Calumet Beach,1436137200.0,22.7,4.36,0.1,3.0,CalumetBeach201507052300,0,22.7,4.36,0.1,3.0
2015-07-06 00:00:00,Calumet Beach,1436140800.0,,,0.088,,CalumetBeach201507062400,0,22.3,2.86,0.088,2.0
2015-07-06 01:00:00,Calumet Beach,1436144400.0,21.8,1.72,0.086,,CalumetBeach201507060100,0,21.8,1.72,0.086,2.0
2015-07-06 02:00:00,Calumet Beach,1436148000.0,21.5,0.99,0.083,7.0,CalumetBeach201507060200,0,21.5,0.99,0.083,7.0
2015-07-06 03:00:00,Calumet Beach,1436151600.0,21.4,0.85,0.078,,CalumetBeach201507060300,0,21.4,0.85,0.078,3.0
2015-07-06 04:00:00,Calumet Beach,1436155200.0,21.3,0.92,,6.0,CalumetBeach201507060400,0,21.3,0.92,0.075,6.0
2015-07-06 05:00:00,Calumet Beach,1436158800.0,21.2,0.78,0.068,5.0,CalumetBeach201507060500,0,21.2,0.78,0.068,5.0
2015-07-06 06:00:00,Calumet Beach,1436162400.0,21.1,0.71,,9.0,CalumetBeach201507060600,0,21.1,0.71,0.075,9.0
2015-07-06 07:00:00,Calumet Beach,1436166000.0,21.1,0.86,0.071,2.0,CalumetBeach201507060700,0,21.1,0.86,0.071,2.0
2015-07-06 08:00:00,Calumet Beach,1436169600.0,21.1,0.78,0.081,3.0,CalumetBeach201507060800,0,21.1,0.78,0.081,3.0
2015-07-06 09:00:00,Calumet Beach,1436173200.0,21.2,0.76,,2.0,CalumetBeach201507060900,0,21.2,0.76,0.093,2.0
2015-07-06 10:00:00,Calumet Beach,1436176800.0,21.0,0.9,,3.0,CalumetBeach201507061000,0,21.0,0.9,0.095,3.0
2015-07-06 11:00:00,Calumet Beach,1436180400.0,21.0,0.91,0.096,,CalumetBeach201507061100,0,21.0,0.91,0.096,2.0
2015-07-06 12:00:00,Calumet Beach,1436184000.0,20.9,1.06,,2.0,CalumetBeach201507061200,0,20.9,1.06,0.111,2.0
2015-07-06 13:00:00,Calumet Beach,1436187600.0,21.1,1.02,,2.0,CalumetBeach201507061300,0,21.1,1.02,0.119,2.0
2015-07-06 14:00:00,Calumet Beach,1436191200.0,21.3,,0.114,3.0,CalumetBeach201507061400,0,21.3,1.13,0.114,3.0
2015-07-06 15:00:00,Calumet Beach,1436194800.0,21.6,1.38,0.107,2.0,CalumetBeach201507061500,0,21.6,1.38,0.107,2.0
2015-07-06 16:00:00,Calumet Beach,1436198400.0,,1.5,0.103,2.0,CalumetBeach201507061600,0,21.5,1.5,0.103,2.0
2015-07-06 17:00:00,Calumet Beach,1436202000.0,21.4,,0.09,2.0,CalumetBeach201507061700,0,21.4,1.22,0.09,2.0
2015-07-06 18:00:00,Calumet Beach,1436205600.0,,1.26,0.1,2.0,CalumetBeach201507061800,0,21.4,1.26,0.1,2.0
2015-07-06 19:00:00,Calumet Beach,1436209200.0,21.3,1.39,0.108,2.0,CalumetBeach201507061900,0,21.3,1.39,0.108,2.0
2015-07-06 20:00:00,Calumet Beach,1436212800.0,21.1,1.33,0.097,2.0,CalumetBeach201507062000,0,21.1,1.33,0.097,2.0
2015-07-06 21:00:00,Calumet Beach,1436216400.0,21.2,2.28,0.098,3.0,CalumetBeach201507062100,0,21.2,2.28,0.098,3.0
2015-07-06 22:00:00,Calumet Beach,1436220000.0,20.8,1.26,0.086,2.0,CalumetBeach201507062200,0,20.8,1.26,0.086,2.0
2015-07-06 23:00:00,Calumet Beach,1436223600.0,20.7,1.33,0.082,2.0,CalumetBeach201507062300,0,20.7,1.33,0.082,2.0
2015-07-07 00:00:00,Calumet Beach,1436227200.0,20.6,1.31,0.08,2.0,CalumetBeach201507072400,0,20.6,1.31,0.08,2.0
2015-07-07 01:00:00,Calumet Beach,1436230800.0,20.6,1.26,0.089,2.0,CalumetBeach201507070100,0,20.6,1.26,0.089,2.0
2015-07-07 02:00:00,Calumet Beach,1436234400.0,,,0.083,2.0,CalumetBeach201507070200,0,20.4,1.17,0.083,2.0
2015-07-07 03:00:00,Calumet Beach,1436238000.0,20.3,1.07,0.081,6.0,CalumetBeach201507070300,0,20.3,1.07,0.081,6.0
2015-07-07 04:00:00,Calumet Beach,1436241600.0,,1.04,0.076,2.0,CalumetBeach201507070400,0,20.3,1.04,0.076,2.0
2015-07-07 05:00:00,Calumet Beach,1436245200.0,20.2,1.23,0.072,,CalumetBeach201507070500,0,20.2,1.23,0.072,10.0
2015-07-07 06:00:00,Calumet Beach,1436248800.0,19.9,1.51,0.153,3.0,CalumetBeach201507070600,0,19.9,1.51,0.153,3.0
2015-07-07 07:00:00,Calumet Beach,1436252400.0,19.7,1.42,0.241,5.0,CalumetBeach201507070700,0,19.7,1.42,0.241,5.0
2015-07-07 08:00:00,Calumet Beach,1436256000.0,,1.78,0.257,5.0,CalumetBeach201507070800,0,19.5,1.78,0.257,5.0
2015-07-07 09:00:00,Calumet Beach,1436259600.0,19.4,2.03,0.27,4.0,CalumetBeach201507070900,0,19.4,2.03,0.27,4.0
2015-07-07 10:00:00,Calumet Beach,1436263200.0,19.3,2.43,0.275,6.0,CalumetBeach201507071000,0,19.3,2.43,0.275,6.0
2015-07-07 11:00:00,Calumet Beach,1436266800.0,19.4,2.6,0.281,5.0,CalumetBeach201507071100,0,19.4,2.6,0.281,5.0
2015-07-07 12:00:00,Calumet Beach,1436270400.0,19.6,3.05,0.274,7.0,CalumetBeach201507071200,0,19.6,3.05,0.274,7.0
2015-07-07 13:00:00,Calumet Beach,1436274000.0,19.8,3.93,0.296,,CalumetBeach201507071300,0,19.8,3.93,0.296,7.0
2015-07-07 14:00:00,Calumet Beach,1436277600.0,20.0,4.97,0.299,7.0,CalumetBeach201507071400,0,20.0,4.97,0.299,7.0
2015-07-07 15:00:00,Calumet Beach,1436281200.0,20.3,4.9,0.282,,CalumetBeach201507071500,0,20.3,4.9,0.282,7.0
2015-07-07 16:00:00,Calumet Beach,1436284800.0,20.4,,0.309,7.0,CalumetBeach201507071600,0,20.4,5.56,0.309,7.0
2015-07-07 17:00:00,Calumet Beach,1436288400.0,20.6,6.55,,7.0,CalumetBeach201507071700,0,20.6,6.55,0.307,7.0
2015-07-07 18:00:00,Calumet Beach,1436292000.0,20.6,5.83,0.286,6.0,CalumetBeach201507071800,0,20.6,5.83,0.286,6.0
2015-07-07 19:00:00,Calumet Beach,1436295600.0,,,0.282,,CalumetBeach201507071900,0,20.4,5.72,0.282,7.0
2015-07-07 20:00:00,Calumet Beach,1436299200.0,20.1,6.78,0.29,6.0,CalumetBeach201507072000,0,20.1,6.78,0.29,6.0
2015-07-07 21:00:00,Calumet Beach,1436302800.0,20.0,7.36,0.289,7.0,CalumetBeach201507072100,0,20.0,7.36,0.289,7.0
2015-07-07 22:00:00,Calumet Beach,1436306400.0,19.8,7.4,0.295,7.0,CalumetBeach201507072200,0,19.8,7.4,0.295,7.0
2015-07-07 23:00:00,Calumet Beach,1436310000.0,,7.54,0.272,7.0,CalumetBeach201507072300,0,19.7,7.54,0.272,7.0
2015-07-08 00:00:00,Calumet Beach,1436313600.0,19.5,9.61,,6.0,CalumetBeach201507082400,0,19.5,9.61,0.268,6.0
2015-07-08 01:00:00,Calumet Beach,1436317200.0,19.3,12.09,0.272,6.0,CalumetBeach201507080100,0,19.3,12.09,0.272,6.0
2015-07-08 02:00:00,Calumet Beach,1436320800.0,19.2,8.75,0.253,6.0,CalumetBeach201507080200,0,19.2,8.75,0.253,6.0
2015-07-08 03:00:00,Calumet Beach,1436324400.0,,8.73,0.245,6.0,CalumetBeach201507080300,0,19.1,8.73,0.245,6.0
2015-07-08 04:00:00,Calumet Beach,1436328000.0,19.0,8.14,0.245,6.0,CalumetBeach201507080400,0,19.0,8.14,0.245,6.0
2015-07-08 05:00:00,Calumet Beach,1436331600.0,18.9,6.98,0.236,3.0,CalumetBeach201507080500,0,18.9,6.98,0.236,3.0
2015-07-08 06:00:00,Calumet Beach,1436335200.0,18.8,10.94,0.244,4.0,CalumetBeach201507080600,0,18.8,10.94,0.244,4.0
2015-07-08 07:00:00,Calumet Beach,1436338800.0,18.8,10.35,0.264,5.0,CalumetBeach201507080700,0,18.8,10.35,0.264,5.0
2015-07-08 08:00:00,Calumet Beach,1436342400.0,18.8,8.46,0.24,,CalumetBeach201507080800,0,18.8,8.46,0.24,3.0
2015-07-08 09:00:00,Calumet Beach,1436346000.0,18.8,6.77,0.228,5.0,CalumetBeach201507080900,0,18.8,6.77,0.228,5.0
2015-07-08 10:00:00,Calumet Beach,1436349600.0,18.8,6.46,,4.0,CalumetBeach201507081000,0,18.8,6.46,0.21,4.0
2015-07-08 11:00:00,Calumet Beach,1436353200.0,18.9,6.55,0.204,5.0,CalumetBeach201507081100,0,18.9,6.55,0.204,5.0
2015-07-08 12:00:00,Calumet Beach,1436356800.0,18.9,5.93,0.176,3.0,CalumetBeach201507081200,0,18.9,5.93,0.176,3.0
2015-07-08 13:00:00,Calumet Beach,1436360400.0,18.9,5.83,,3.0,CalumetBeach201507081300,0,18.9,5.83,0.167,3.0
2015-07-08 14:00:00,Calumet Beach,1436364000.0,19.1,4.71,0.169,4.0,CalumetBeach201507081400,0,19.1,4.71,0.169,4.0
2015-07-08 15:00:00,Calumet Beach,1436367600.0,19.3,4.68,,4.0,CalumetBeach201507081500,0,19.3,4.68,0.159,4.0
2015-07-08 16:00:00,Calumet Beach,1436371200.0,19.2,4.83,0.157,3.0,CalumetBeach201507081600,0,19.2,4.83,0.157,3.0
2015-07-08 17:00:00,Calumet Beach,1436374800.0,19.2,,0.156,5.0,CalumetBeach201507081700,0,19.2,4.95,0.156,5.0
2015-07-08 18:00:00,Calumet Beach,1436378400.0,19.2,5.04,0.184,2.0,CalumetBeach201507081800,0,19.2,5.04,0.184,2.0
2015-07-08 19:00:00,Calumet Beach,1436382000.0,19.2,4.82,0.178,2.0,CalumetBeach201507081900,0,19.2,4.82,0.178,2.0
2015-07-08 20:00:00,Calumet Beach,1436385600.0,19.2,4.27,0.167,2.0,CalumetBeach201507082000,0,19.2,4.27,0.167,2.0
2015-07-08 21:00:00,Calumet Beach,1436389200.0,19.1,4.64,0.152,2.0,CalumetBeach201507082100,0,19.1,4.64,0.152,2.0
2015-07-08 22:00:00,Calumet Beach,1436392800.0,18.9,4.52,0.191,2.0,CalumetBeach201507082200,0,18.9,4.52,0.191,2.0
2015-07-08 23:00:00,Calumet Beach,1436396400.0,18.9,4.96,0.192,2.0,CalumetBeach201507082300,0,18.9,4.96,0.192,2.0
2015-07-09 00:00:00,Calumet Beach,1436400000.0,19.0,5.27,0.197,2.0,CalumetBeach201507092400,0,19.0,5.27,0.197,2.0
2015-07-09 01:00:00,Calumet Beach,1436403600.0,19.0,5.82,0.201,2.0,CalumetBeach201507090100,0,19.0,5.82,0.201,2.0
2015-07-09 02:00:00,Calumet Beach,1436407200.0,19.0,6.86,,2.0,CalumetBeach201507090200,0,19.0,6.86,0.196,2.0
2015-07-09 03:00:00,Calumet Beach,1436410800.0,18.9,6.54,0.209,3.0,CalumetBeach201507090300,0,18.9,6.54,0.209,3.0
2015-07-09 04:00:00,Calumet Beach,1436414400.0,18.9,6.31,0.219,,CalumetBeach201507090400,0,18.9,6.31,0.219,3.0
2015-07-09 05:00:00,Calumet Beach,1436418000.0,18.8,5.67,0.209,3.0,CalumetBeach201507090500,0,18.8,5.67,0.209,3.0
2015-07-09 06:00:00,Calumet Beach,1436421600.0,18.8,5.82,0.195,3.0,CalumetBeach201507090600,0,18.8,5.82,0.195,3.0
2015-07-09 07:00:00,Calumet Beach,1436425200.0,18.8,5.08,0.191,3.0,CalumetBeach201507090700,0,18.8,5.08,0.191,3.0
2015-07-09 08:00:00,Calumet Beach,1436428800.0,,5.06,0.196,4.0,CalumetBeach201507090800,0,18.6,5.06,0.196,4.0
2015-07-09 09:00:00,Calumet Beach,1436432400.0,18.5,4.65,0.213,4.0,CalumetBeach201507090900,0,18.5,4.65,0.213,4.0
2015-07-09 10:00:00,Calumet Beach,1436436000.0,18.5,,,4.0,CalumetBeach201507091000,0,18.5,4.62,0.189,4.0
2015-07-09 11:00:00,Calumet Beach,1436439600.0,18.5,5.2,0.198,4.0,CalumetBeach201507091100,0,18.5,5.2,0.198,4.0
2015-07-09 12:00:00,Calumet Beach,1436443200.0,18.7,4.2,0.199,4.0,CalumetBeach201507091200,0,18.7,4.2,0.199,4.0
2015-07-09 13:00:00,Calumet Beach,1436446800.0,18.9,3.88,0.205,4.0,CalumetBeach201507091300,0,18.9,3.88,0.205,4.0
2015-07-09 14:00:00,Calumet Beach,1436450400.0,19.1,3.62,0.191,4.0,CalumetBeach201507091400,0,19.1,3.62,0.191,4.0
2015-07-09 15:00:00,Calumet Beach,1436454000.0,19.3,3.35,0.175,3.0,CalumetBeach201507091500,0,19.3,3.35,0.175,3.0
2015-07-09 16:00:00,Calumet Beach,1436457600.0,19.5,3.37,0.175,4.0,CalumetBeach201507091600,0,19.5,3.37,0.175,4.0
2015-07-09 17:00:00,Calumet Beach,1436461200.0,19.6,3.26,0.164,4.0,CalumetBeach201507091700,0,19.6,3.26,0.164,4.0
2015-07-09 18:00:00,Calumet Beach,1436464800.0,19.8,3.38,0.165,,CalumetBeach201507091800,0,19.8,3.38,0.165,4.0
2015-07-09 19:00:00,Calumet Beach,1436468400.0,20.8,4.45,0.142,4.0,CalumetBeach201507091900,0,20.8,4.45,0.142,4.0
2015-07-09 20:00:00,Calumet Beach,1436472000.0,20.2,3.64,0.135,3.0,CalumetBeach201507092000,0,20.2,3.64,0.135,3.0
2015-07-09 21:00:00,Calumet Beach,1436475600.0,20.0,3.52,0.13,3.0,CalumetBeach201507092100,0,20.0,3.52,0.13,3.0
2015-07-09 22:00:00,Calumet Beach,1436479200.0,20.0,3.82,,,CalumetBeach201507092200,0,20.0,3.82,0.113,3.0
2015-07-09 23:00:00,Calumet Beach,1436482800.0,19.7,3.54,0.102,3.0,CalumetBeach201507092300,0,19.7,3.54,0.102,3.0
2015-07-10 00:00:00,Calumet Beach,1436486400.0,19.4,3.61,0.103,3.0,CalumetBeach201507102400,0,19.4,3.61,0.103,3.0
2015-07-10 01:00:00,Calumet Beach,1436490000.0,19.2,3.21,0.093,3.0,CalumetBeach201507100100,0,19.2,3.21,0.093,3.0
2015-07-10 02:00:00,Calumet Beach,1436493600.0,19.1,3.0,0.081,,CalumetBeach201507100200,0,19.1,3.0,0.081,3.0
2015-07-10 03:00:00,Calumet Beach,1436497200.0,19.0,,0.089,3.0,CalumetBeach201507100300,0,19.0,3.15,0.089,3.0
2015-07-10 04:00:00,Calumet Beach,1436500800.0,,3.09,0.078,,CalumetBeach201507100400,0,18.9,3.09,0.078,3.0
2015-07-10 05:00:00,Calumet Beach,1436504400.0,18.8,,0.078,3.0,CalumetBeach201507100500,0,18.8,2.85,0.078,3.0
2015-07-10 06:00:00,Calumet Beach,1436508000.0,18.7,3.11,0.075,3.0,CalumetBeach201507100600,0,18.7,3.11,0.075,3.0
2015-07-10 07:00:00,Calumet Beach,1436511600.0,18.7,2.81,0.078,3.0,CalumetBeach201507100700,0,18.7,2.81,0.078,3.0
2015-07-10 08:00:00,Calumet Beach,1436515200.0,18.8,3.05,,,CalumetBeach201507100800,0,18.8,3.05,0.087,3.0
2015-07-10 09:00:00,Calumet Beach,1436518800.0,19.0,2.61,0.084,4.0,CalumetBeach201507100900,0,19.0,2.61,0.084,4.0
2015-07-10 10:00:00,Calumet Beach,1436522400.0,19.1,2.6,0.084,,CalumetBeach201507101000,0,19.1,2.6,0.084,3.0
2015-07-10 11:00:00,Calumet Beach,1436526000.0,,2.45,0.091,3.0,CalumetBeach201507101100,0,19.3,2.45,0.091,3.0
2015-07-10 12:00:00,Calumet Beach,1436529600.0,19.7,2.31,0.086,3.0,CalumetBeach201507101200,0,19.7,2.31,0.086,3.0
2015-07-10 13:00:00,Calumet Beach,1436533200.0,20.2,2.38,0.088,4.0,CalumetBeach201507101300,0,20.2,2.38,0.088,4.0
2015-07-10 14:00:00,Calumet Beach,1436536800.0,20.5,2.33,0.081,3.0,CalumetBeach201507101400,0,20.5,2.33,0.081,3.0
2015-07-10 15:00:00,Calumet Beach,1436540400.0,20.8,2.24,0.124,,CalumetBeach201507101500,0,20.8,2.24,0.124,6.0
2015-07-10 16:00:00,Calumet Beach,1436544000.0,21.2,2.19,0.114,2.0,CalumetBeach201507101600,0,21.2,2.19,0.114,2.0
2015-07-10 17:00:00,Calumet Beach,1436547600.0,21.6,2.1,0.11,2.0,CalumetBeach201507101700,0,21.6,2.1,0.11,2.0
2015-07-10 18:00:00,Calumet Beach,1436551200.0,22.5,2.36,0.1,2.0,CalumetBeach201507101800,0,22.5,2.36,0.1,2.0
2015-07-10 19:00:00,Calumet Beach,1436554800.0,22.4,2.44,0.118,3.0,CalumetBeach201507101900,0,22.4,2.44,0.118,3.0
2015-07-10 20:00:00,Calumet Beach,1436558400.0,22.1,2.54,0.089,3.0,CalumetBeach201507102000,0,22.1,2.54,0.089,3.0
2015-07-10 21:00:00,Calumet Beach,1436562000.0,21.4,1.91,0.088,4.0,CalumetBeach201507102100,0,21.4,1.91,0.088,4.0
2015-07-10 22:00:00,Calumet Beach,1436565600.0,21.2,2.26,0.109,2.0,CalumetBeach201507102200,0,21.2,2.26,0.109,2.0
2015-07-10 23:00:00,Calumet Beach,1436569200.0,,2.78,0.084,5.0,CalumetBeach201507102300,0,20.9,2.78,0.084,5.0
2015-07-11 00:00:00,Calumet Beach,1436572800.0,20.6,2.69,0.077,3.0,CalumetBeach201507112400,0,20.6,2.69,0.077,3.0
2015-07-11 01:00:00,Calumet Beach,1436576400.0,20.4,2.99,0.076,8.0,CalumetBeach201507110100,0,20.4,2.99,0.076,8.0
2015-07-11 02:00:00,Calumet Beach,1436580000.0,20.3,2.78,0.073,3.0,CalumetBeach201507110200,0,20.3,2.78,0.073,3.0
2015-07-11 03:00:00,Calumet Beach,1436583600.0,20.2,2.66,0.071,4.0,CalumetBeach201507110300,0,20.2,2.66,0.071,4.0
2015-07-11 04:00:00,Calumet Beach,1436587200.0,20.1,2.61,0.076,4.0,CalumetBeach201507110400,0,20.1,2.61,0.076,4.0
2015-07-11 05:00:00,Calumet Beach,1436590800.0,19.9,,0.079,3.0,CalumetBeach201507110500,0,19.9,2.38,0.079,3.0
2015-07-11 06:00:00,Calumet Beach,1436594400.0,19.8,2.46,0.069,3.0,CalumetBeach201507110600,0,19.8,2.46,0.069,3.0
2015-07-11 07:00:00,Calumet Beach,1436598000.0,19.7,,0.068,4.0,CalumetBeach201507110700,0,19.7,2.09,0.068,4.0
2015-07-11 08:00:00,Calumet Beach,1436601600.0,19.8,2.1,0.084,7.0,CalumetBeach201507110800,0,19.8,2.1,0.084,7.0
2015-07-11 09:00:00,Calumet Beach,1436605200.0,19.6,1.54,0.091,,CalumetBeach201507110900,0,19.6,1.54,0.091,3.0
2015-07-11 10:00:00,Calumet Beach,1436608800.0,20.2,1.75,0.082,2.0,CalumetBeach201507111000,0,20.2,1.75,0.082,2.0
2015-07-11 11:00:00,Calumet Beach,1436612400.0,20.6,1.75,0.081,4.0,CalumetBeach201507111100,0,20.6,1.75,0.081,4.0
2015-07-11 12:00:00,Calumet Beach,1436616000.0,21.0,1.78,0.109,3.0,CalumetBeach201507111200,0,21.0,1.78,0.109,3.0
2015-07-11 13:00:00,Calumet Beach,1436619600.0,20.8,1.8,,,CalumetBeach201507111300,0,20.8,1.8,0.12,4.0
2015-07-11 14:00:00,Calumet Beach,1436623200.0,20.7,1.9,0.13,3.0,CalumetBeach201507111400,0,20.7,1.9,0.13,3.0
2015-07-11 15:00:00,Calumet Beach,1436626800.0,21.1,1.85,0.123,,CalumetBeach201507111500,0,21.1,1.85,0.123,3.0
2015-07-11 16:00:00,Calumet Beach,1436630400.0,,1.92,0.152,2.0,CalumetBeach201507111600,0,21.3,1.92,0.152,2.0
2015-07-11 17:00:00,Calumet Beach,1436634000.0,21.1,1.86,,2.0,CalumetBeach201507111700,0,21.1,1.86,0.153,2.0
2015-07-11 18:00:00,Calumet Beach,1436637600.0,20.9,,0.141,,CalumetBeach201507111800,0,20.9,1.91,0.141,2.0
2015-07-11 19:00:00,Calumet Beach,1436641200.0,20.9,1.82,0.129,4.0,CalumetBeach201507111900,0,20.9,1.82,0.129,4.0
2015-07-11 20:00:00,Calumet Beach,1436644800.0,20.9,1.76,0.106,3.0,CalumetBeach201507112000,0,20.9,1.76,0.106,3.0
2015-07-11 21:00:00,Calumet Beach,1436648400.0,20.9,1.72,,2.0,CalumetBeach201507112100,0,20.9,1.72,0.104,2.0
2015-07-11 22:00:00,Calumet Beach,1436652000.0,20.8,1.69,0.105,3.0,CalumetBeach201507112200,0,20.8,1.69,0.105,3.0
2015-07-11 23:00:00,Calumet Beach,1436655600.0,20.6,1.68,0.09,2.0,CalumetBeach201507112300,0,20.6,1.68,0.09,2.0
2015-07-12 00:00:00,Calumet Beach,1436659200.0,20.6,1.64,0.09,3.0,CalumetBeach201507122400,0,20.6,1.64,0.09,3.0
2015-07-12 01:00:00,Calumet Beach,,,,,,,1,,,,
2015-07-12 02:00:00,Calumet Beach,1436666400.0,20.6,1.75,0.088,,CalumetBeach201507120200,0,20.6,1.75,0.088,5.0
2015-07-12 03:00:00,Calumet Beach,1436670000.0,20.5,1.53,0.082,2.0,CalumetBeach201507120300,0,20.5,1.53,0.082,2.0
2015-07-12 04:00:00,Calumet Beach,1436673600.0,20.5,1.6,0.082,3.0,CalumetBeach201507120400,0,20.5,1.6,0.082,3.0
2015-07-12 05:00:00,Calumet Beach,1436677200.0,20.4,1.38,0.073,9.0,CalumetBeach201507120500,0,20.4,1.38,0.073,9.0
2015-07-12 06:00:00,Calumet Beach,1436680800.0,20.3,1.42,,9.0,CalumetBeach201507120600,0,20.3,1.42,0.069,9.0
2015-07-12 07:00:00,Calumet Beach,1436684400.0,19.9,1.64,0.064,,CalumetBeach201507120700,0,19.9,1.64,0.064,8.0
2015-07-12 08:00:00,Calumet Beach,1436688000.0,19.9,1.49,0.107,2.0,CalumetBeach201507120800,0,19.9,1.49,0.107,2.0
2015-07-12 09:00:00,Calumet Beach,1436691600.0,,1.44,0.091,2.0,CalumetBeach201507120900,0,20.0,1.44,0.091,2.0
2015-07-12 10:00:00,Calumet Beach,1436695200.0,,,0.094,2.0,CalumetBeach201507121000,0,20.2,1.46,0.094,2.0
2015-07-12 11:00:00,Calumet Beach,1436698800.0,,1.34,0.089,2.0,CalumetBeach201507121100,0,20.7,1.34,0.089,2.0
2015-07-12 12:00:00,Calumet Beach,1436702400.0,21.3,1.36,0.116,2.0,CalumetBeach201507121200,0,21.3,1.36,0.116,2.0
2015-07-12 13:00:00,Calumet Beach,1436706000.0,21.9,1.51,0.126,2.0,CalumetBeach201507121300,0,21.9,1.51,0.126,2.0
2015-07-12 14:00:00,Calumet Beach,1436709600.0,22.2,1.42,0.127,,CalumetBeach201507121400,0,22.2,1.42,0.127,2.0
2015-07-12 15:00:00,Calumet Beach,1436713200.0,22.8,1.73,0.135,3.0,CalumetBeach201507121500,0,22.8,1.73,0.135,3.0
2015-07-12 16:00:00,Calumet Beach,1436716800.0,23.1,,,3.0,CalumetBeach201507121600,0,23.1,1.42,0.146,3.0
2015-07-12 17:00:00,Calumet Beach,1436720400.0,23.6,,0.163,2.0,CalumetBeach201507121700,0,23.6,2.16,0.163,2.0
2015-07-12 18:00:00,Calumet Beach,1436724000.0,23.5,2.2,0.15,,CalumetBeach201507121800,0,23.5,2.2,0.15,5.0
2015-07-12 19:00:00,Calumet Beach,1436727600.0,23.5,2.31,,2.0,CalumetBeach201507121900,0,23.5,2.31,0.136,2.0
2015-07-12 20:00:00,Calumet Beach,1436731200.0,23.4,,0.124,2.0,CalumetBeach201507122000,0,23.4,2.62,0.124,2.0
2015-07-12 21:00:00,Calumet Beach,1436734800.0,23.0,3.19,,2.0,CalumetBeach201507122100,0,23.0,3.19,0.115,2.0
2015-07-12 22:00:00,Calumet Beach,1436738400.0,22.9,2.52,0.123,2.0,CalumetBeach201507122200,0,22.9,2.52,0.123,2.0
2015-07-12 23:00:00,Calumet Beach,1436742000.0,22.0,1.73,,2.0,CalumetBeach201507122300,0,22.0,1.73,0.163,2.0
2015-07-13 00:00:00,Calumet Beach,1436745600.0,21.5,1.66,0.152,,CalumetBeach201507132400,0,21.5,1.66,0.152,2.0
2015-07-13 01:00:00,Calumet Beach,1436749200.0,22.0,2.17,0.14,,CalumetBeach201507130100,0,22.0,2.17,0.14,2.0
2015-07-13 02:00:00,Calumet Beach,1436752800.0,21.5,1.88,0.13,2.0,CalumetBeach201507130200,0,21.5,1.88,0.13,2.0
2015-07-13 03:00:00,Calumet Beach,1436756400.0,21.3,1.77,0.128,2.0,CalumetBeach201507130300,0,21.3,1.77,0.128,2.0
2015-07-13 04:00:00,Calumet Beach,1436760000.0,21.3,1.59,,2.0,CalumetBeach201507130400,0,21.3,1.59,0.118,2.0
2015-07-13 05:00:00,Calumet Beach,1436763600.0,20.8,1.46,0.118,2.0,CalumetBeach201507130500,0,20.8,1.46,0.118,2.0
2015-07-13 06:00:00,Calumet Beach,1436767200.0,20.4,1.53,0.116,2.0,CalumetBeach201507130600,0,20.4,1.53,0.116,2.0
2015-07-13 07:00:00,Calumet Beach,1436770800.0,20.3,1.39,0.122,3.0,CalumetBeach201507130700,0,20.3,1.39,0.122,3.0
2015-07-13 08:00:00,Calumet Beach,1436774400.0,20.6,1.84,0.143,2.0,CalumetBeach201507130800,0,20.6,1.84,0.143,2.0
2015-07-13 09:00:00,Calumet Beach,1436778000.0,20.8,1.71,0.226,2.0,CalumetBeach201507130900,0,20.8,1.71,0.226,2.0
2015-07-13 10:00:00,Calumet Beach,1436781600.0,20.9,1.7,0.217,3.0,CalumetBeach201507131000,0,20.9,1.7,0.217,3.0
2015-07-13 11:00:00,Calumet Beach,1436785200.0,20.9,1.95,0.212,3.0,CalumetBeach201507131100,0,20.9,1.95,0.212,3.0
2015-07-13 12:00:00,Calumet Beach,1436788800.0,21.0,2.38,0.204,3.0,CalumetBeach201507131200,0,21.0,2.38,0.204,3.0
2015-07-13 13:00:00,Calumet Beach,1436792400.0,21.1,2.42,0.192,,CalumetBeach201507131300,0,21.1,2.42,0.192,3.0
2015-07-13 14:00:00,Calumet Beach,1436796000.0,21.3,2.38,0.15,3.0,CalumetBeach201507131400,0,21.3,2.38,0.15,3.0
2015-07-13 15:00:00,Calumet Beach,1436799600.0,,2.53,0.143,3.0,CalumetBeach201507131500,0,21.7,2.53,0.143,3.0
2015-07-13 16:00:00,Calumet Beach,1436803200.0,21.9,2.49,0.11,3.0,CalumetBeach201507131600,0,21.9,2.49,0.11,3.0
2015-07-13 17:00:00,Calumet Beach,1436806800.0,21.3,1.97,0.11,3.0,CalumetBeach201507131700,0,21.3,1.97,0.11,3.0
2015-07-13 18:00:00,Calumet Beach,1436810400.0,21.3,1.98,0.101,4.0,CalumetBeach201507131800,0,21.3,1.98,0.101,4.0
2015-07-13 19:00:00,Calumet Beach,1436814000.0,21.3,,0.107,3.0,CalumetBeach201507131900,0,21.3,2.18,0.107,3.0
2015-07-13 20:00:00,Calumet Beach,1436817600.0,20.9,,0.093,3.0,CalumetBeach201507132000,0,20.9,1.5,0.093,3.0
2015-07-13 21:00:00,Calumet Beach,1436821200.0,20.9,1.71,,3.0,CalumetBeach201507132100,0,20.9,1.71,0.098,3.0
2015-07-13 22:00:00,Calumet Beach,1436824800.0,20.6,1.71,0.158,3.0,CalumetBeach201507132200,0,20.6,1.71,0.158,3.0
2015-07-13 23:00:00,Calumet Beach,1436828400.0,20.8,2.82,0.102,3.0,CalumetBeach201507132300,0,20.8,2.82,0.102,3.0
2015-07-14 00:00:00,Calumet Beach,1436832000.0,20.8,1.56,0.093,2.0,CalumetBeach201507142400,0,20.8,1.56,0.093,2.0
2015-07-14 01:00:00,Calumet Beach,1436835600.0,20.5,1.84,,,CalumetBeach201507140100,0,20.5,1.84,0.078,8.0
2015-07-14 02:00:00,Calumet Beach,1436839200.0,20.4,1.91,0.1,2.0,CalumetBeach201507140200,0,20.4,1.91,0.1,2.0
2015-07-14 03:00:00,Calumet Beach,1436842800.0,20.4,1.6,0.133,3.0,CalumetBeach201507140300,0,20.4,1.6,0.133,3.0
2015-07-14 04:00:00,Calumet Beach,1436846400.0,20.3,1.27,,2.0,CalumetBeach201507140400,0,20.3,1.27,0.13,2.0
2015-07-14 05:00:00,Calumet Beach,1436850000.0,20.3,1.36,0.115,3.0,CalumetBeach201507140500,0,20.3,1.36,0.115,3.0
2015-07-14 06:00:00,Calumet Beach,1436853600.0,20.2,1.8,0.103,3.0,CalumetBeach201507140600,0,20.2,1.8,0.103,3.0
2015-07-14 07:00:00,Calumet Beach,1436857200.0,20.2,1.66,0.104,3.0,CalumetBeach201507140700,0,20.2,1.66,0.104,3.0
2015-07-14 08:00:00,Calumet Beach,1436860800.0,20.2,,0.087,3.0,CalumetBeach201507140800,0,20.2,1.59,0.087,3.0
2015-07-14 09:00:00,Calumet Beach,1436864400.0,,1.52,0.087,3.0,CalumetBeach201507140900,0,20.3,1.52,0.087,3.0
2015-07-14 10:00:00,Calumet Beach,1436868000.0,20.4,1.21,,3.0,CalumetBeach201507141000,0,20.4,1.21,0.092,3.0
2015-07-14 11:00:00,Calumet Beach,1436871600.0,20.1,1.4,0.098,2.0,CalumetBeach201507141100,0,20.1,1.4,0.098,2.0
2015-07-14 12:00:00,Calumet Beach,1436875200.0,20.2,1.22,0.121,3.0,CalumetBeach201507141200,0,20.2,1.22,0.121,3.0
2015-07-14 13:00:00,Calumet Beach,1436878800.0,20.3,1.12,0.127,3.0,CalumetBeach201507141300,0,20.3,1.12,0.127,3.0
2015-07-14 14:00:00,Calumet Beach,1436882400.0,20.5,1.07,0.134,3.0,CalumetBeach201507141400,0,20.5,1.07,0.134,3.0
2015-07-14 15:00:00,Calumet Beach,1436886000.0,20.7,1.24,,3.0,CalumetBeach201507141500,0,20.7,1.24,0.154,3.0
2015-07-14 16:00:00,Calumet Beach,1436889600.0,20.8,1.19,0.149,2.0,CalumetBeach201507141600,0,20.8,1.19,0.149,2.0
2015-07-14 17:00:00,Calumet Beach,1436893200.0,21.0,,0.172,3.0,CalumetBeach201507141700,0,21.0,1.28,0.172,3.0
2015-07-14 18:00:00,Calumet Beach,1436896800.0,20.9,1.32,0.184,3.0,CalumetBeach201507141800,0,20.9,1.32,0.184,3.0
2015-07-14 19:00:00,Calumet Beach,1436900400.0,20.8,1.36,0.245,5.0,CalumetBeach201507141900,0,20.8,1.36,0.245,5.0
2015-07-14 20:00:00,Calumet Beach,1436904000.0,20.7,1.69,0.26,5.0,CalumetBeach201507142000,0,20.7,1.69,0.26,5.0
2015-07-14 21:00:00,Calumet Beach,1436907600.0,20.7,2.36,,6.0,CalumetBeach201507142100,0,20.7,2.36,0.278,6.0
2015-07-14 22:00:00,Calumet Beach,1436911200.0,20.5,3.5,0.297,6.0,CalumetBeach201507142200,0,20.5,3.5,0.297,6.0
2015-07-14 23:00:00,Calumet Beach,1436914800.0,20.3,3.05,0.325,7.0,CalumetBeach201507142300,0,20.3,3.05,0.325,7.0
2015-07-15 00:00:00,Calumet Beach,1436918400.0,20.2,5.42,0.314,6.0,CalumetBeach201507152400,0,20.2,5.42,0.314,6.0
2015-07-15 01:00:00,Calumet Beach,1436922000.0,20.2,5.0,0.297,8.0,CalumetBeach201507150100,0,20.2,5.0,0.297,8.0
2015-07-15 02:00:00,Calumet Beach,1436925600.0,,7.76,0.276,7.0,CalumetBeach201507150200,0,20.1,7.76,0.276,7.0
2015-07-15 03:00:00,Calumet Beach,1436929200.0,19.9,6.52,0.264,8.0,CalumetBeach201507150300,0,19.9,6.52,0.264,8.0
2015-07-15 04:00:00,Calumet Beach,1436932800.0,19.8,10.18,0.278,7.0,CalumetBeach201507150400,0,19.8,10.18,0.278,7.0
2015-07-15 05:00:00,Calumet Beach,1436936400.0,19.8,,,7.0,CalumetBeach201507150500,0,19.8,6.55,0.26,7.0
2015-07-15 06:00:00,Calumet Beach,1436940000.0,19.7,5.74,0.253,7.0,CalumetBeach201507150600,0,19.7,5.74,0.253,7.0
2015-07-15 07:00:00,Calumet Beach,1436943600.0,19.7,6.41,0.239,,CalumetBeach201507150700,0,19.7,6.41,0.239,6.0
2015-07-15 08:00:00,Calumet Beach,1436947200.0,19.7,4.98,0.24,7.0,CalumetBeach201507150800,0,19.7,4.98,0.24,7.0
2015-07-15 09:00:00,Calumet Beach,1436950800.0,19.9,5.09,0.223,7.0,CalumetBeach201507150900,0,19.9,5.09,0.223,7.0
2015-07-15 10:00:00,Calumet Beach,1436954400.0,,5.34,0.211,7.0,CalumetBeach201507151000,0,20.0,5.34,0.211,7.0
2015-07-15 11:00:00,Calumet Beach,1436958000.0,20.2,5.43,0.204,6.0,CalumetBeach201507151100,0,20.2,5.43,0.204,6.0
2015-07-15 12:00:00,Calumet Beach,1436961600.0,20.4,5.18,0.234,,CalumetBeach201507151200,0,20.4,5.18,0.234,6.0
2015-07-15 13:00:00,Calumet Beach,1436965200.0,20.6,5.29,0.202,,CalumetBeach201507151300,0,20.6,5.29,0.202,6.0
2015-07-15 14:00:00,Calumet Beach,1436968800.0,20.8,4.69,0.209,3.0,CalumetBeach201507151400,0,20.8,4.69,0.209,3.0
2015-07-15 15:00:00,Calumet Beach,1436972400.0,21.0,4.4,0.198,6.0,CalumetBeach201507151500,0,21.0,4.4,0.198,6.0
2015-07-15 16:00:00,Calumet Beach,1436976000.0,21.1,4.34,0.199,6.0,CalumetBeach201507151600,0,21.1,4.34,0.199,6.0
2015-07-15 17:00:00,Calumet Beach,1436979600.0,21.2,4.9,,6.0,CalumetBeach201507151700,0,21.2,4.9,0.193,6.0
2015-07-15 18:00:00,Calumet Beach,1436983200.0,21.1,4.28,0.186,4.0,CalumetBeach201507151800,0,21.1,4.28,0.186,4.0
2015-07-15 19:00:00,Calumet Beach,1436986800.0,20.7,,0.183,6.0,CalumetBeach201507151900,0,20.7,4.11,0.183,6.0
2015-07-15 20:00:00,Calumet Beach,1436990400.0,20.7,4.16,0.176,6.0,CalumetBeach201507152000,0,20.7,4.16,0.176,6.0
2015-07-15 21:00:00,Calumet Beach,1436994000.0,20.6,4.17,0.17,3.0,CalumetBeach201507152100,0,20.6,4.17,0.17,3.0
2015-07-15 22:00:00,Calumet Beach,1436997600.0,,4.37,0.185,6.0,CalumetBeach201507152200,0,20.5,4.37,0.185,6.0
2015-07-15 23:00:00,Calumet Beach,1437001200.0,20.8,,0.177,5.0,CalumetBeach201507152300,0,20.8,4.39,0.177,5.0
2015-07-16 00:00:00,Calumet Beach,1437004800.0,,4.5,0.17,6.0,CalumetBeach201507162400,0,20.7,4.5,0.17,6.0
2015-07-16 01:00:00,Calumet Beach,1437008400.0,20.7,4.15,0.177,3.0,CalumetBeach201507160100,0,20.7,4.15,0.177,3.0
2015-07-16 02:00:00,Calumet Beach,1437012000.0,20.6,4.21,0.176,5.0,CalumetBeach201507160200,0,20.6,4.21,0.176,5.0
2015-07-16 03:00:00,Calumet Beach,1437015600.0,20.5,4.55,0.176,5.0,CalumetBeach201507160300,0,20.5,4.55,0.176,5.0
2015-07-16 04:00:00,Calumet Beach,1437019200.0,,,0.169,4.0,CalumetBeach201507160400,0,20.3,4.12,0.169,4.0
2015-07-16 05:00:00,Calumet Beach,1437022800.0,20.2,4.16,0.158,4.0,CalumetBeach201507160500,0,20.2,4.16,0.158,4.0
2015-07-16 06:00:00,Calumet Beach,1437026400.0,20.1,3.5,0.153,3.0,CalumetBeach201507160600,0,20.1,3.5,0.153,3.0
2015-07-16 07:00:00,Calumet Beach,1437030000.0,20.2,,0.145,4.0,CalumetBeach201507160700,0,20.2,3.32,0.145,4.0
2015-07-16 08:00:00,Calumet Beach,1437033600.0,20.2,3.35,0.137,4.0,CalumetBeach201507160800,0,20.2,3.35,0.137,4.0
2015-07-16 09:00:00,Calumet Beach,1437037200.0,20.0,,0.132,4.0,CalumetBeach201507160900,0,20.0,3.6,0.132,4.0
2015-07-16 10:00:00,Calumet Beach,,,,,,,1,,,,
2015-07-16 11:00:00,Calumet Beach,1437044400.0,19.5,3.82,0.13,4.0,CalumetBeach201507161100,0,19.5,3.82,0.13,4.0
2015-07-16 12:00:00,Calumet Beach,1437048000.0,19.5,3.26,0.161,2.0,CalumetBeach201507161200,0,19.5,3.26,0.161,2.0
2015-07-16 13:00:00,Calumet Beach,1437051600.0,19.6,3.2,0.158,,CalumetBeach201507161300,0,19.6,3.2,0.158,2.0
2015-07-16 14:00:00,Calumet Beach,1437055200.0,19.7,3.16,0.163,,CalumetBeach201507161400,0,19.7,3.16,0.163,2.0
2015-07-16 15:00:00,Calumet Beach,1437058800.0,19.7,,0.206,2.0,CalumetBeach201507161500,0,19.7,3.19,0.206,2.0
2015-07-16 16:00:00,Calumet Beach,1437062400.0,,3.41,0.242,3.0,CalumetBeach201507161600,0,19.8,3.41,0.242,3.0
2015-07-16 17:00:00,Calumet Beach,1437066000.0,20.1,,0.221,,CalumetBeach201507161700,0,20.1,3.57,0.221,3.0
2015-07-16 18:00:00,Calumet Beach,1437069600.0,,3.65,0.156,3.0,CalumetBeach201507161800,0,20.0,3.65,0.156,3.0
2015-07-16 19:00:00,Calumet Beach,1437073200.0,20.1,3.82,0.149,3.0,CalumetBeach201507161900,0,20.1,3.82,0.149,3.0
2015-07-16 20:00:00,Calumet Beach,1437076800.0,,4.97,0.204,2.0,CalumetBeach201507162000,0,20.1,4.97,0.204,2.0
2015-07-16 21:00:00,Calumet Beach,1437080400.0,20.3,5.67,0.189,3.0,CalumetBeach201507162100,0,20.3,5.67,0.189,3.0
2015-07-16 22:00:00,Calumet Beach,1437084000.0,20.1,4.12,0.189,,CalumetBeach201507162200,0,20.1,4.12,0.189,3.0
2015-07-16 23:00:00,Calumet Beach,1437087600.0,20.0,3.72,0.204,3.0,CalumetBeach201507162300,0,20.0,3.72,0.204,3.0
2015-07-17 00:00:00,Calumet Beach,1437091200.0,20.0,3.35,0.194,2.0,CalumetBeach201507172400,0,20.0,3.35,0.194,2.0
2015-07-17 01:00:00,Calumet Beach,1437094800.0,20.0,3.06,0.183,3.0,CalumetBeach201507170100,0,20.0,3.06,0.183,3.0
2015-07-17 02:00:00,Calumet Beach,1437098400.0,20.0,3.25,0.149,,CalumetBeach201507170200,0,20.0,3.25,0.149,3.0
2015-07-17 03:00:00,Calumet Beach,1437102000.0,19.9,3.14,0.137,3.0,CalumetBeach201507170300,0,19.9,3.14,0.137,3.0
2015-07-17 04:00:00,Calumet Beach,1437105600.0,19.9,2.94,0.124,3.0,CalumetBeach201507170400,0,19.9,2.94,0.124,3.0
2015-07-17 05:00:00,Calumet Beach,1437109200.0,19.8,2.54,0.107,3.0,CalumetBeach201507170500,0,19.8,2.54,0.107,3.0
2015-07-17 06:00:00,Calumet Beach,1437112800.0,19.8,2.76,0.109,3.0,CalumetBeach201507170600,0,19.8,2.76,0.109,3.0
2015-07-17 07:00:00,Calumet Beach,1437116400.0,19.8,2.32,0.102,,CalumetBeach201507170700,0,19.8,2.32,0.102,3.0
2015-07-17 08:00:00,Calumet Beach,1437120000.0,20.0,2.21,,3.0,CalumetBeach201507170800,0,20.0,2.21,0.09,3.0
2015-07-17 09:00:00,Calumet Beach,1437123600.0,20.3,,,4.0,CalumetBeach201507170900,0,20.3,2.14,0.091,4.0
2015-07-17 10:00:00,Calumet Beach,1437127200.0,20.5,2.15,0.095,2.0,CalumetBeach201507171000,0,20.5,2.15,0.095,2.0
2015-07-17 11:00:00,Calumet Beach,1437130800.0,20.7,2.02,0.083,3.0,CalumetBeach201507171100,0,20.7,2.02,0.083,3.0
2015-07-17 12:00:00,Calumet Beach,1437134400.0,20.9,2.09,0.109,,CalumetBeach201507171200,0,20.9,2.09,0.109,2.0
2015-07-17 13:00:00,Calumet Beach,1437138000.0,20.9,2.39,0.081,3.0,CalumetBeach201507171300,0,20.9,2.39,0.081,3.0
2015-07-17 14:00:00,Calumet Beach,1437141600.0,21.1,2.52,0.089,5.0,CalumetBeach201507171400,0,21.1,2.52,0.089,5.0
2015-07-17 15:00:00,Calumet Beach,1437145200.0,21.3,,0.106,,CalumetBeach201507171500,0,21.3,2.37,0.106,3.0
2015-07-17 16:00:00,Calumet Beach,1437148800.0,21.1,2.18,0.086,2.0,CalumetBeach201507171600,0,21.1,2.18,0.086,2.0
2015-07-17 17:00:00,Calumet Beach,1437152400.0,21.0,2.25,0.134,3.0,CalumetBeach201507171700,0,21.0,2.25,0.134,3.0
2015-07-17 18:00:00,Calumet Beach,1437156000.0,21.1,,0.103,3.0,CalumetBeach201507171800,0,21.1,2.86,0.103,3.0
2015-07-17 19:00:00,Calumet Beach,1437159600.0,20.7,2.56,0.105,3.0,CalumetBeach201507171900,0,20.7,2.56,0.105,3.0
2015-07-17 20:00:00,Calumet Beach,1437163200.0,20.7,2.35,,3.0,CalumetBeach201507172000,0,20.7,2.35,0.08,3.0
2015-07-17 21:00:00,Calumet Beach,1437166800.0,20.4,2.05,0.095,2.0,CalumetBeach201507172100,0,20.4,2.05,0.095,2.0
2015-07-17 22:00:00,Calumet Beach,1437170400.0,20.4,2.5,0.111,2.0,CalumetBeach201507172200,0,20.4,2.5,0.111,2.0
2015-07-17 23:00:00,Calumet Beach,1437174000.0,20.6,2.1,0.149,2.0,CalumetBeach201507172300,0,20.6,2.1,0.149,2.0
2015-07-18 00:00:00,Calumet Beach,1437177600.0,20.2,,,3.0,CalumetBeach201507182400,0,20.2,1.99,0.113,3.0
2015-07-18 01:00:00,Calumet Beach,1437181200.0,20.1,2.05,0.113,2.0,CalumetBeach201507180100,0,20.1,2.05,0.113,2.0
2015-07-18 02:00:00,Calumet Beach,1437184800.0,20.1,1.85,0.079,2.0,CalumetBeach201507180200,0,20.1,1.85,0.079,2.0
2015-07-18 03:00:00,Calumet Beach,1437188400.0,20.2,2.34,0.072,3.0,CalumetBeach201507180300,0,20.2,2.34,0.072,3.0
2015-07-18 04:00:00,Calumet Beach,1437192000.0,20.3,1.92,0.067,,CalumetBeach201507180400,0,20.3,1.92,0.067,4.0
2015-07-18 05:00:00,Calumet Beach,1437195600.0,20.1,1.68,0.061,6.0,CalumetBeach201507180500,0,20.1,1.68,0.061,6.0
2015-07-18 06:00:00,Calumet Beach,1437199200.0,20.1,1.53,,,CalumetBeach201507180600,0,20.1,1.53,0.074,4.0
2015-07-18 07:00:00,Calumet Beach,1437202800.0,,1.46,0.077,2.0,CalumetBeach201507180700,0,20.2,1.46,0.077,2.0
2015-07-18 08:00:00,Calumet Beach,1437206400.0,20.3,1.44,,3.0,CalumetBeach201507180800,0,20.3,1.44,0.089,3.0
2015-07-18 09:00:00,Calumet Beach,1437210000.0,20.7,1.48,,6.0,CalumetBeach201507180900,0,20.7,1.48,0.069,6.0
2015-07-18 10:00:00,Calumet Beach,1437213600.0,20.7,1.44,0.105,2.0,CalumetBeach201507181000,0,20.7,1.44,0.105,2.0
2015-07-18 11:00:00,Calumet Beach,1437217200.0,21.2,1.28,0.105,2.0,CalumetBeach201507181100,0,21.2,1.28,0.105,2.0
2015-07-18 12:00:00,Calumet Beach,1437220800.0,,1.58,0.268,3.0,CalumetBeach201507181200,0,21.0,1.58,0.268,3.0
2015-07-18 13:00:00,Calumet Beach,1437224400.0,,2.08,0.249,3.0,CalumetBeach201507181300,0,21.9,2.08,0.249,3.0
2015-07-18 14:00:00,Calumet Beach,1437228000.0,22.6,5.26,0.229,3.0,CalumetBeach201507181400,0,22.6,5.26,0.229,3.0
2015-07-18 15:00:00,Calumet Beach,1437231600.0,21.7,,0.189,3.0,CalumetBeach201507181500,0,21.7,3.49,0.189,3.0
2015-07-18 16:00:00,Calumet Beach,1437235200.0,,4.62,0.146,3.0,CalumetBeach201507181600,0,21.6,4.62,0.146,3.0
2015-07-18 17:00:00,Calumet Beach,1437238800.0,21.5,2.59,0.137,3.0,CalumetBeach201507181700,0,21.5,2.59,0.137,3.0
2015-07-18 18:00:00,Calumet Beach,1437242400.0,,1.93,0.152,2.0,CalumetBeach201507181800,0,21.4,1.93,0.152,2.0
2015-07-18 19:00:00,Calumet Beach,,,,,,,1,,,,
2015-07-18 20:00:00,Calumet Beach,1437249600.0,,2.02,0.208,3.0,CalumetBeach201507182000,0,21.6,2.02,0.208,3.0
2015-07-18 21:00:00,Calumet Beach,1437253200.0,,2.38,0.152,3.0,CalumetBeach201507182100,0,21.6,2.38,0.152,3.0
2015-07-18 22:00:00,Calumet Beach,1437256800.0,21.4,1.83,,,CalumetBeach201507182200,0,21.4,1.83,0.149,3.0
2015-07-18 23:00:00,Calumet Beach,1437260400.0,21.3,2.35,0.136,4.0,CalumetBeach201507182300,0,21.3,2.35,0.136,4.0
2015-07-19 00:00:00,Calumet Beach,1437264000.0,21.3,2.26,0.129,,CalumetBeach201507192400,0,21.3,2.26,0.129,3.0
2015-07-19 01:00:00,Calumet Beach,,,,,,,1,,,,
2015-07-19 02:00:00,Calumet Beach,,,,,,,1,,,,
2015-07-19 03:00:00,Calumet Beach,1437274800.0,21.1,2.34,0.088,4.0,CalumetBeach201507190300,0,21.1,2.34,0.088,4.0
2015-07-19 04:00:00,Calumet Beach,1437278400.0,21.0,2.09,0.089,4.0,CalumetBeach201507190400,0,21.0,2.09,0.089,4.0
2015-07-19 05:00:00,Calumet Beach,1437282000.0,,1.28,0.077,3.0,CalumetBeach201507190500,0,21.1,1.28,0.077,3.0
2015-07-19 06:00:00,Calumet Beach,1437285600.0,21.0,1.2,0.082,4.0,CalumetBeach201507190600,0,21.0,1.2,0.082,4.0
2015-07-19 07:00:00,Calumet Beach,1437289200.0,,1.19,0.074,4.0,CalumetBeach201507190700,0,21.1,1.19,0.074,4.0
2015-07-19 08:00:00,Calumet Beach,1437292800.0,21.3,,0.073,4.0,CalumetBeach201507190800,0,21.3,1.46,0.073,4.0
2015-07-19 09:00:00,Calumet Beach,1437296400.0,,1.3,0.082,10.0,CalumetBeach201507190900,0,21.3,1.3,0.082,10.0
2015-07-19 10:00:00,Calumet Beach,1437300000.0,,1.51,,,CalumetBeach201507191000,0,21.3,1.51,0.126,3.0
2015-07-19 11:00:00,Calumet Beach,1437303600.0,21.5,,0.103,3.0,CalumetBeach201507191100,0,21.5,1.13,0.103,3.0
2015-07-19 12:00:00,Calumet Beach,1437307200.0,22.1,1.06,0.152,3.0,CalumetBeach201507191200,0,22.1,1.06,0.152,3.0
2015-07-19 13:00:00,Calumet Beach,1437310800.0,22.7,1.34,0.18,,CalumetBeach201507191300,0,22.7,1.34,0.18,3.0
2015-07-19 14:00:00,Calumet Beach,1437314400.0,23.1,,0.139,2.0,CalumetBeach201507191400,0,23.1,0.95,0.139,2.0
2015-07-19 15:00:00,Calumet Beach,1437318000.0,23.2,,0.126,2.0,CalumetBeach201507191500,0,23.2,0.97,0.126,2.0
2015-07-19 16:00:00,Calumet Beach,1437321600.0,23.8,1.34,0.136,2.0,CalumetBeach201507191600,0,23.8,1.34,0.136,2.0
2015-07-19 17:00:00,Calumet Beach,1437325200.0,23.9,1.42,,3.0,CalumetBeach201507191700,0,23.9,1.42,0.134,3.0
2015-07-19 18:00:00,Calumet Beach,1437328800.0,,1.84,0.151,2.0,CalumetBeach201507191800,0,23.8,1.84,0.151,2.0
2015-07-19 19:00:00,Calumet Beach,1437332400.0,,1.67,,2.0,CalumetBeach201507191900,0,23.7,1.67,0.191,2.0
2015-07-19 20:00:00,Calumet Beach,1437336000.0,23.7,2.47,0.161,2.0,CalumetBeach201507192000,0,23.7,2.47,0.161,2.0
2015-07-19 21:00:00,Calumet Beach,1437339600.0,23.6,2.85,,2.0,CalumetBeach201507192100,0,23.6,2.85,0.151,2.0
2015-07-19 22:00:00,Calumet Beach,1437343200.0,23.3,4.69,,2.0,CalumetBeach201507192200,0,23.3,4.69,0.135,2.0
2015-07-19 23:00:00,Calumet Beach,1437346800.0,23.0,3.31,0.138,2.0,CalumetBeach201507192300,0,23.0,3.31,0.138,2.0
2015-07-20 00:00:00,Calumet Beach,1437350400.0,23.0,2.13,0.134,2.0,CalumetBeach201507202400,0,23.0,2.13,0.134,2.0
2015-07-20 01:00:00,Calumet Beach,,,,,,,1,,,,
2015-07-20 02:00:00,Calumet Beach,,,,,,,1,,,,
2015-07-20 03:00:00,Calumet Beach,,,,,,,1,,,,
2015-07-20 04:00:00,Calumet Beach,,,,,,,1,,,,
2015-07-20 05:00:00,Calumet Beach,,,,,,,1,,,,
2015-07-20 06:00:00,Calumet Beach,,,,,,,1,,,,
2015-07-20 07:00:00,Calumet Beach,,,,,,,1,,,,
2015-07-20 08:00:00,Calumet Beach,1437379200.0,22.0,1.61,0.072,2.0,CalumetBeach201507200800,0,22.0,1.61,0.072,2.0
2015-07-20 09:00:00,Calumet Beach,1437382800.0,22.1,,0.065,4.0,CalumetBeach201507200900,0,22.1,1.37,0.065,4.0
2015-07-20 10:00:00,Calumet Beach,1437386400.0,22.1,1.07,,4.0,CalumetBeach201507201000,0,22.1,1.07,0.115,4.0
2015-07-20 11:00:00,Calumet Beach,1437390000.0,22.3,1.18,0.069,,CalumetBeach201507201100,0,22.3,1.18,0.069,3.0
2015-07-20 12:00:00,Calumet Beach,1437393600.0,22.2,1.44,0.062,4.0,CalumetBeach201507201200,0,22.2,1.44,0.062,4.0
2015-07-20 13:00:00,Calumet Beach,1437397200.0,,,0.07,3.0,CalumetBeach201507201300,0,22.1,1.8,0.07,3.0
2015-07-20 14:00:00,Calumet Beach,1437400800.0,22.1,1.92,0.081,2.0,CalumetBeach201507201400,0,22.1,1.92,0.081,2.0
2015-07-20 15:00:00,Calumet Beach,1437404400.0,22.2,2.0,0.082,4.0,CalumetBeach201507201500,0,22.2,2.0,0.082,4.0
2015-07-20 16:00:00,Calumet Beach,1437408000.0,22.0,2.13,0.08,,CalumetBeach201507201600,0,22.0,2.13,0.08,3.0
2015-07-20 17:00:00,Calumet Beach,1437411600.0,21.6,2.35,0.085,4.0,CalumetBeach201507201700,0,21.6,2.35,0.085,4.0
2015-07-20 18:00:00,Calumet Beach,1437415200.0,21.6,1.76,,2.0,CalumetBeach201507201800,0,21.6,1.76,0.075,2.0
2015-07-20 19:00:00,Calumet Beach,1437418800.0,21.5,1.79,,,CalumetBeach201507201900,0,21.5,1.79,0.071,7.0
2015-07-20 20:00:00,Calumet Beach,1437422400.0,21.3,1.68,0.079,2.0,CalumetBeach201507202000,0,21.3,1.68,0.079,2.0
2015-07-20 21:00:00,Calumet Beach,1437426000.0,,1.89,,4.0,CalumetBeach201507202100,0,21.2,1.89,0.073,4.0
2015-07-20 22:00:00,Calumet Beach,1437429600.0,21.1,1.59,,5.0,CalumetBeach201507202200,0,21.1,1.59,0.076,5.0
2015-07-20 23:00:00,Calumet Beach,1437433200.0,,1.66,0.073,10.0,CalumetBeach201507202300,0,21.0,1.66,0.073,10.0
2015-07-21 00:00:00,Calumet Beach,1437436800.0,20.9,1.44,0.07,,CalumetBeach201507212400,0,20.9,1.44,0.07,9.0
2015-07-21 01:00:00,Calumet Beach,1437440400.0,20.9,1.44,0.071,4.0,CalumetBeach201507210100,0,20.9,1.44,0.071,4.0
2015-07-21 02:00:00,Calumet Beach,1437444000.0,,1.51,0.072,4.0,CalumetBeach201507210200,0,20.8,1.51,0.072,4.0
2015-07-21 03:00:00,Calumet Beach,1437447600.0,20.7,1.56,0.074,6.0,CalumetBeach201507210300,0,20.7,1.56,0.074,6.0
2015-07-21 04:00:00,Calumet Beach,1437451200.0,20.6,1.62,0.1,,CalumetBeach201507210400,0,20.6,1.62,0.1,3.0
2015-07-21 05:00:00,Calumet Beach,,,,,,,1,,,,
2015-07-21 06:00:00,Calumet Beach,1437458400.0,20.5,1.42,0.175,,CalumetBeach201507210600,0,20.5,1.42,0.175,4.0
2015-07-21 07:00:00,Calumet Beach,1437462000.0,20.5,,0.183,4.0,CalumetBeach201507210700,0,20.5,1.39,0.183,4.0
2015-07-21 08:00:00,Calumet Beach,1437465600.0,20.6,1.43,0.191,4.0,CalumetBeach201507210800,0,20.6,1.43,0.191,4.0
2015-07-21 09:00:00,Calumet Beach,1437469200.0,20.7,1.37,0.184,4.0,CalumetBeach201507210900,0,20.7,1.37,0.184,4.0
2015-07-21 10:00:00,Calumet Beach,1437472800.0,20.9,,,4.0,CalumetBeach201507211000,0,20.9,1.21,0.18,4.0
2015-07-21 11:00:00,Calumet Beach,1437476400.0,21.1,1.23,0.184,4.0,CalumetBeach201507211100,0,21.1,1.23,0.184,4.0
2015-07-21 12:00:00,Calumet Beach,1437480000.0,,1.19,0.163,,CalumetBeach201507211200,0,21.4,1.19,0.163,3.0
2015-07-21 13:00:00,Calumet Beach,1437483600.0,21.6,1.06,0.179,4.0,CalumetBeach201507211300,0,21.6,1.06,0.179,4.0
2015-07-21 14:00:00,Calumet Beach,1437487200.0,21.8,1.13,,3.0,CalumetBeach201507211400,0,21.8,1.13,0.174,3.0
2015-07-21 15:00:00,Calumet Beach,1437490800.0,22.1,1.09,0.167,3.0,CalumetBeach201507211500,0,22.1,1.09,0.167,3.0
2015-07-21 16:00:00,Calumet Beach,1437494400.0,23.5,2.38,0.174,4.0,CalumetBeach201507211600,0,23.5,2.38,0.174,4.0
2015-07-21 17:00:00,Calumet Beach,1437498000.0,23.6,2.0,,3.0,CalumetBeach201507211700,0,23.6,2.0,0.167,3.0
2015-07-21 18:00:00,Calumet Beach,1437501600.0,23.8,,,3.0,CalumetBeach201507211800,0,23.8,2.16,0.152,3.0
2015-07-21 19:00:00,Calumet Beach,1437505200.0,,2.27,0.149,,CalumetBeach201507211900,0,23.8,2.27,0.149,3.0
2015-07-21 20:00:00,Calumet Beach,1437508800.0,23.2,1.76,0.127,2.0,CalumetBeach201507212000,0,23.2,1.76,0.127,2.0
2015-07-21 21:00:00,Calumet Beach,1437512400.0,22.9,1.49,0.128,2.0,CalumetBeach201507212100,0,22.9,1.49,0.128,2.0
2015-07-21 22:00:00,Calumet Beach,1437516000.0,22.9,1.78,0.129,2.0,CalumetBeach201507212200,0,22.9,1.78,0.129,2.0
2015-07-21 23:00:00,Calumet Beach,1437519600.0,22.7,1.58,0.116,3.0,CalumetBeach201507212300,0,22.7,1.58,0.116,3.0
2015-07-22 00:00:00,Calumet Beach,1437523200.0,,1.48,0.106,3.0,CalumetBeach201507222400,0,22.4,1.48,0.106,3.0
2015-07-22 01:00:00,Calumet Beach,1437526800.0,22.3,,0.11,2.0,CalumetBeach201507220100,0,22.3,2.04,0.11,2.0
2015-07-22 02:00:00,Calumet Beach,1437530400.0,22.0,1.58,0.098,2.0,CalumetBeach201507220200,0,22.0,1.58,0.098,2.0
2015-07-22 03:00:00,Calumet Beach,1437534000.0,21.9,1.34,0.097,3.0,CalumetBeach201507220300,0,21.9,1.34,0.097,3.0
2015-07-22 04:00:00,Calumet Beach,1437537600.0,21.8,1.31,0.086,3.0,CalumetBeach201507220400,0,21.8,1.31,0.086,3.0
2015-07-22 05:00:00,Calumet Beach,1437541200.0,21.7,1.31,0.077,3.0,CalumetBeach201507220500,0,21.7,1.31,0.077,3.0
2015-07-22 06:00:00,Calumet Beach,1437544800.0,21.7,1.41,,3.0,CalumetBeach201507220600,0,21.7,1.41,0.086,3.0
2015-07-22 07:00:00,Calumet Beach,1437548400.0,,1.42,0.08,3.0,CalumetBeach201507220700,0,21.7,1.42,0.08,3.0
2015-07-22 08:00:00,Calumet Beach,1437552000.0,21.7,1.21,0.076,3.0,CalumetBeach201507220800,0,21.7,1.21,0.076,3.0
2015-07-22 09:00:00,Calumet Beach,1437555600.0,21.8,,0.074,3.0,CalumetBeach201507220900,0,21.8,1.3,0.074,3.0
2015-07-22 10:00:00,Calumet Beach,1437559200.0,21.9,1.18,0.078,4.0,CalumetBeach201507221000,0,21.9,1.18,0.078,4.0
2015-07-22 11:00:00,Calumet Beach,1437562800.0,22.3,1.04,0.085,4.0,CalumetBeach201507221100,0,22.3,1.04,0.085,4.0
2015-07-22 12:00:00,Calumet Beach,1437566400.0,22.5,1.01,0.11,2.0,CalumetBeach201507221200,0,22.5,1.01,0.11,2.0
2015-07-22 13:00:00,Calumet Beach,1437570000.0,22.8,1.0,0.083,2.0,CalumetBeach201507221300,0,22.8,1.0,0.083,2.0
2015-07-22 14:00:00,Calumet Beach,1437573600.0,22.8,1.02,0.094,,CalumetBeach201507221400,0,22.8,1.02,0.094,2.0
2015-07-22 15:00:00,Calumet Beach,1437577200.0,23.8,1.34,0.113,2.0,CalumetBeach201507221500,0,23.8,1.34,0.113,2.0
2015-07-22 16:00:00,Calumet Beach,1437580800.0,24.1,2.0,0.103,,CalumetBeach201507221600,0,24.1,2.0,0.103,2.0
2015-07-22 17:00:00,Calumet Beach,1437584400.0,24.2,1.21,0.125,2.0,CalumetBeach201507221700,0,24.2,1.21,0.125,2.0
2015-07-22 18:00:00,Calumet Beach,1437588000.0,24.4,1.36,0.147,2.0,CalumetBeach201507221800,0,24.4,1.36,0.147,2.0
2015-07-22 19:00:00,Calumet Beach,1437591600.0,24.2,,0.148,2.0,CalumetBeach201507221900,0,24.2,1.29,0.148,2.0
2015-07-22 20:00:00,Calumet Beach,1437595200.0,23.8,1.15,,2.0,CalumetBeach201507222000,0,23.8,1.15,0.127,2.0
2015-07-22 21:00:00,Calumet Beach,1437598800.0,,,,2.0,CalumetBeach201507222100,0,23.4,0.95,0.113,2.0
2015-07-22 22:00:00,Calumet Beach,1437602400.0,23.2,1.14,,2.0,CalumetBeach201507222200,0,23.2,1.14,0.112,2.0
2015-07-22 23:00:00,Calumet Beach,1437606000.0,23.4,1.69,0.105,3.0,CalumetBeach201507222300,0,23.4,1.69,0.105,3.0
2015-07-23 00:00:00,Calumet Beach,1437609600.0,23.2,1.8,0.076,8.0,CalumetBeach201507232400,0,23.2,1.8,0.076,8.0
2015-07-23 01:00:00,Calumet Beach,1437613200.0,22.8,1.27,,4.0,CalumetBeach201507230100,0,22.8,1.27,0.075,4.0
2015-07-23 02:00:00,Calumet Beach,1437616800.0,22.6,1.1,0.07,3.0,CalumetBeach201507230200,0,22.6,1.1,0.07,3.0
2015-07-23 03:00:00,Calumet Beach,1437620400.0,22.5,1.18,0.068,6.0,CalumetBeach201507230300,0,22.5,1.18,0.068,6.0
2015-07-23 04:00:00,Calumet Beach,1437624000.0,22.4,1.21,0.064,4.0,CalumetBeach201507230400,0,22.4,1.21,0.064,4.0
2015-07-23 05:00:00,Calumet Beach,1437627600.0,22.3,,0.059,4.0,CalumetBeach201507230500,0,22.3,0.88,0.059,4.0
2015-07-23 06:00:00,Calumet Beach,1437631200.0,22.3,0.97,0.064,,CalumetBeach201507230600,0,22.3,0.97,0.064,4.0
2015-07-23 07:00:00,Calumet Beach,1437634800.0,22.3,,0.071,2.0,CalumetBeach201507230700,0,22.3,1.2,0.071,2.0
2015-07-23 08:00:00,Calumet Beach,1437638400.0,22.3,0.99,,7.0,CalumetBeach201507230800,0,22.3,0.99,0.061,7.0
2015-07-23 09:00:00,Calumet Beach,1437642000.0,22.5,1.15,0.06,7.0,CalumetBeach201507230900,0,22.5,1.15,0.06,7.0
2015-07-23 10:00:00,Calumet Beach,1437645600.0,22.7,1.09,0.109,,CalumetBeach201507231000,0,22.7,1.09,0.109,3.0
2015-07-23 11:00:00,Calumet Beach,1437649200.0,23.0,0.72,,,CalumetBeach201507231100,0,23.0,0.72,0.075,4.0
2015-07-23 12:00:00,Calumet Beach,1437652800.0,23.2,0.7,0.107,2.0,CalumetBeach201507231200,0,23.2,0.7,0.107,2.0
2015-07-23 13:00:00,Calumet Beach,1437656400.0,23.4,0.73,0.105,4.0,CalumetBeach201507231300,0,23.4,0.73,0.105,4.0
2015-07-23 14:00:00,Calumet Beach,1437660000.0,23.9,0.67,0.145,2.0,CalumetBeach201507231400,0,23.9,0.67,0.145,2.0
2015-07-23 15:00:00,Calumet Beach,1437663600.0,25.2,,0.171,3.0,CalumetBeach201507231500,0,25.2,1.25,0.171,3.0
2015-07-23 16:00:00,Calumet Beach,1437667200.0,25.9,1.43,0.119,2.0,CalumetBeach201507231600,0,25.9,1.43,0.119,2.0
2015-07-23 17:00:00,Calumet Beach,1437670800.0,25.9,1.46,0.141,2.0,CalumetBeach201507231700,0,25.9,1.46,0.141,2.0
2015-07-23 18:00:00,Calumet Beach,1437674400.0,,1.95,0.134,2.0,CalumetBeach201507231800,0,25.9,1.95,0.134,2.0
2015-07-23 19:00:00,Calumet Beach,1437678000.0,25.8,1.97,0.153,,CalumetBeach201507231900,0,25.8,1.97,0.153,2.0
2015-07-23 20:00:00,Calumet Beach,1437681600.0,25.6,,0.152,2.0,CalumetBeach201507232000,0,25.6,1.86,0.152,2.0
2015-07-23 21:00:00,Calumet Beach,1437685200.0,25.0,1.07,0.13,2.0,CalumetBeach201507232100,0,25.0,1.07,0.13,2.0
2015-07-23 22:00:00,Calumet Beach,1437688800.0,24.8,1.23,0.115,2.0,CalumetBeach201507232200,0,24.8,1.23,0.115,2.0
2015-07-23 23:00:00,Calumet Beach,1437692400.0,24.2,1.4,0.11,2.0,CalumetBeach201507232300,0,24.2,1.4,0.11,2.0
2015-07-24 00:00:00,Calumet Beach,1437696000.0,23.9,1.87,,2.0,CalumetBeach201507242400,0,23.9,1.87,0.1,2.0
2015-07-24 01:00:00,Calumet Beach,1437699600.0,23.9,1.9,0.084,2.0,CalumetBeach201507240100,0,23.9,1.9,0.084,2.0
2015-07-24 02:00:00,Calumet Beach,1437703200.0,23.5,1.28,0.07,7.0,CalumetBeach201507240200,0,23.5,1.28,0.07,7.0
2015-07-24 03:00:00,Calumet Beach,1437706800.0,23.3,0.9,0.069,7.0,CalumetBeach201507240300,0,23.3,0.9,0.069,7.0
2015-07-24 04:00:00,Calumet Beach,1437710400.0,23.2,0.81,0.064,2.0,CalumetBeach201507240400,0,23.2,0.81,0.064,2.0
2015-07-24 05:00:00,Calumet Beach,1437714000.0,23.2,0.76,0.067,3.0,CalumetBeach201507240500,0,23.2,0.76,0.067,3.0
2015-07-24 06:00:00,Calumet Beach,1437717600.0,23.1,0.74,0.067,9.0,CalumetBeach201507240600,0,23.1,0.74,0.067,9.0
2015-07-24 07:00:00,Calumet Beach,1437721200.0,,0.67,0.065,4.0,CalumetBeach201507240700,0,23.0,0.67,0.065,4.0
2015-07-24 08:00:00,Calumet Beach,1437724800.0,23.1,,0.06,4.0,CalumetBeach201507240800,0,23.1,0.79,0.06,4.0
2015-07-24 09:00:00,Calumet Beach,1437728400.0,23.4,0.86,0.077,4.0,CalumetBeach201507240900,0,23.4,0.86,0.077,4.0
2015-07-24 10:00:00,Calumet Beach,1437732000.0,23.5,0.83,,2.0,CalumetBeach201507241000,0,23.5,0.83,0.072,2.0
2015-07-24 11:00:00,Calumet Beach,1437735600.0,23.7,0.75,0.089,3.0,CalumetBeach201507241100,0,23.7,0.75,0.089,3.0
2015-07-24 12:00:00,Calumet Beach,1437739200.0,23.9,0.87,0.087,3.0,CalumetBeach201507241200,0,23.9,0.87,0.087,3.0
2015-07-24 13:00:00,Calumet Beach,1437742800.0,24.0,1.08,,3.0,CalumetBeach201507241300,0,24.0,1.08,0.084,3.0
2015-07-24 14:00:00,Calumet Beach,1437746400.0,24.0,1.35,0.092,4.0,CalumetBeach201507241400,0,24.0,1.35,0.092,4.0
2015-07-24 15:00:00,Calumet Beach,1437750000.0,23.4,,0.101,3.0,CalumetBeach201507241500,0,23.4,1.28,0.101,3.0
2015-07-24 16:00:00,Calumet Beach,1437753600.0,23.3,1.31,0.119,2.0,CalumetBeach201507241600,0,23.3,1.31,0.119,2.0
2015-07-24 17:00:00,Calumet Beach,1437757200.0,23.5,1.38,0.13,4.0,CalumetBeach201507241700,0,23.5,1.38,0.13,4.0
2015-07-24 18:00:00,Calumet Beach,1437760800.0,23.5,,0.108,3.0,CalumetBeach201507241800,0,23.5,1.4,0.108,3.0
2015-07-24 19:00:00,Calumet Beach,1437764400.0,23.3,1.31,0.109,7.0,CalumetBeach201507241900,0,23.3,1.31,0.109,7.0
2015-07-24 20:00:00,Calumet Beach,1437768000.0,23.2,1.37,0.111,3.0,CalumetBeach201507242000,0,23.2,1.37,0.111,3.0
2015-07-24 21:00:00,Calumet Beach,1437771600.0,23.1,1.07,0.092,4.0,CalumetBeach201507242100,0,23.1,1.07,0.092,4.0
2015-07-24 22:00:00,Calumet Beach,1437775200.0,23.0,0.96,0.084,4.0,CalumetBeach201507242200,0,23.0,0.96,0.084,4.0
2015-07-24 23:00:00,Calumet Beach,1437778800.0,22.8,0.86,0.083,4.0,CalumetBeach201507242300,0,22.8,0.86,0.083,4.0
2015-07-25 00:00:00,Calumet Beach,1437782400.0,22.7,0.94,0.088,3.0,CalumetBeach201507252400,0,22.7,0.94,0.088,3.0
2015-07-25 01:00:00,Calumet Beach,1437786000.0,22.5,0.89,0.078,3.0,CalumetBeach201507250100,0,22.5,0.89,0.078,3.0
2015-07-25 02:00:00,Calumet Beach,1437789600.0,22.3,1.13,,3.0,CalumetBeach201507250200,0,22.3,1.13,0.118,3.0
2015-07-25 03:00:00,Calumet Beach,1437793200.0,22.1,1.23,0.073,3.0,CalumetBeach201507250300,0,22.1,1.23,0.073,3.0
2015-07-25 04:00:00,Calumet Beach,1437796800.0,22.0,1.3,0.075,5.0,CalumetBeach201507250400,0,22.0,1.3,0.075,5.0
2015-07-25 05:00:00,Calumet Beach,1437800400.0,21.7,1.36,0.07,,CalumetBeach201507250500,0,21.7,1.36,0.07,5.0
2015-07-25 06:00:00,Calumet Beach,1437804000.0,,1.52,0.072,2.0,CalumetBeach201507250600,0,21.5,1.52,0.072,2.0
2015-07-25 07:00:00,Calumet Beach,1437807600.0,21.5,,,8.0,CalumetBeach201507250700,0,21.5,1.61,0.066,8.0
2015-07-25 08:00:00,Calumet Beach,1437811200.0,21.6,,0.065,4.0,CalumetBeach201507250800,0,21.6,1.56,0.065,4.0
2015-07-25 09:00:00,Calumet Beach,1437814800.0,21.7,1.55,0.064,6.0,CalumetBeach201507250900,0,21.7,1.55,0.064,6.0
2015-07-25 10:00:00,Calumet Beach,1437818400.0,,1.56,0.066,6.0,CalumetBeach201507251000,0,22.1,1.56,0.066,6.0
2015-07-25 11:00:00,Calumet Beach,1437822000.0,,1.93,0.104,,CalumetBeach201507251100,0,22.6,1.93,0.104,4.0
2015-07-25 12:00:00,Calumet Beach,1437825600.0,,1.78,0.132,3.0,CalumetBeach201507251200,0,22.4,1.78,0.132,3.0
2015-07-25 13:00:00,Calumet Beach,1437829200.0,,1.71,0.117,2.0,CalumetBeach201507251300,0,22.1,1.71,0.117,2.0
2015-07-25 14:00:00,Calumet Beach,1437832800.0,22.2,1.42,0.135,3.0,CalumetBeach201507251400,0,22.2,1.42,0.135,3.0
2015-07-25 15:00:00,Calumet Beach,1437836400.0,23.3,1.65,0.144,2.0,CalumetBeach201507251500,0,23.3,1.65,0.144,2.0
2015-07-25 16:00:00,Calumet Beach,1437840000.0,23.4,,0.12,2.0,CalumetBeach201507251600,0,23.4,1.53,0.12,2.0
2015-07-25 17:00:00,Calumet Beach,1437843600.0,23.2,1.21,0.161,2.0,CalumetBeach201507251700,0,23.2,1.21,0.161,2.0
2015-07-25 18:00:00,Calumet Beach,1437847200.0,23.3,1.21,,2.0,CalumetBeach201507251800,0,23.3,1.21,0.165,2.0
2015-07-25 19:00:00,Calumet Beach,1437850800.0,23.3,1.29,0.189,2.0,CalumetBeach201507251900,0,23.3,1.29,0.189,2.0
2015-07-25 20:00:00,Calumet Beach,1437854400.0,23.5,,0.178,,CalumetBeach201507252000,0,23.5,1.3,0.178,3.0
2015-07-25 21:00:00,Calumet Beach,1437858000.0,23.4,,0.162,2.0,CalumetBeach201507252100,0,23.4,1.39,0.162,2.0
2015-07-25 22:00:00,Calumet Beach,1437861600.0,23.4,1.8,0.158,3.0,CalumetBeach201507252200,0,23.4,1.8,0.158,3.0
2015-07-25 23:00:00,Calumet Beach,1437865200.0,,1.9,0.181,,CalumetBeach201507252300,0,23.3,1.9,0.181,3.0
2015-07-26 00:00:00,Calumet Beach,1437868800.0,23.1,1.64,,3.0,CalumetBeach201507262400,0,23.1,1.64,0.144,3.0
2015-07-26 01:00:00,Calumet Beach,,,,,,,1,,,,
2015-07-26 02:00:00,Calumet Beach,,,,,,,1,,,,
2015-07-26 03:00:00,Calumet Beach,1437879600.0,23.0,1.96,0.109,3.0,CalumetBeach201507260300,0,23.0,1.96,0.109,3.0
2015-07-26 04:00:00,Calumet Beach,1437883200.0,22.9,1.57,0.097,,CalumetBeach201507260400,0,22.9,1.57,0.097,2.0
2015-07-26 05:00:00,Calumet Beach,1437886800.0,22.9,1.26,0.096,2.0,CalumetBeach201507260500,0,22.9,1.26,0.096,2.0
2015-07-26 06:00:00,Calumet Beach,1437890400.0,22.8,1.17,,2.0,CalumetBeach201507260600,0,22.8,1.17,0.099,2.0
2015-07-26 07:00:00,Calumet Beach,1437894000.0,,1.23,0.09,2.0,CalumetBeach201507260700,0,22.8,1.23,0.09,2.0
2015-07-26 08:00:00,Calumet Beach,1437897600.0,22.9,,0.095,2.0,CalumetBeach201507260800,0,22.9,1.24,0.095,2.0
2015-07-26 09:00:00,Calumet Beach,1437901200.0,23.0,1.17,,3.0,CalumetBeach201507260900,0,23.0,1.17,0.1,3.0
2015-07-26 10:00:00,Calumet Beach,1437904800.0,23.4,0.94,0.104,,CalumetBeach201507261000,0,23.4,0.94,0.104,2.0
2015-07-26 11:00:00,Calumet Beach,1437908400.0,23.6,0.9,0.108,,CalumetBeach201507261100,0,23.6,0.9,0.108,3.0
2015-07-26 12:00:00,Calumet Beach,1437912000.0,,0.95,0.142,2.0,CalumetBeach201507261200,0,23.6,0.95,0.142,2.0
2015-07-26 13:00:00,Calumet Beach,1437915600.0,23.9,1.06,0.143,2.0,CalumetBeach201507261300,0,23.9,1.06,0.143,2.0
2015-07-26 14:00:00,Calumet Beach,1437919200.0,23.7,1.04,0.147,3.0,CalumetBeach201507261400,0,23.7,1.04,0.147,3.0
2015-07-26 15:00:00,Calumet Beach,1437922800.0,23.7,0.94,0.155,3.0,CalumetBeach201507261500,0,23.7,0.94,0.155,3.0
2015-07-26 16:00:00,Calumet Beach,1437926400.0,23.7,0.9,0.137,3.0,CalumetBeach201507261600,0,23.7,0.9,0.137,3.0
2015-07-26 17:00:00,Calumet Beach,1437930000.0,23.9,2.39,0.144,,CalumetBeach201507261700,0,23.9,2.39,0.144,3.0
2015-07-26 18:00:00,Calumet Beach,1437933600.0,24.0,2.82,0.149,3.0,CalumetBeach201507261800,0,24.0,2.82,0.149,3.0
2015-07-26 19:00:00,Calumet Beach,1437937200.0,23.8,2.27,0.136,2.0,CalumetBeach201507261900,0,23.8,2.27,0.136,2.0
2015-07-26 20:00:00,Calumet Beach,1437940800.0,23.7,,0.134,2.0,CalumetBeach201507262000,0,23.7,1.74,0.134,2.0
2015-07-26 21:00:00,Calumet Beach,1437944400.0,23.5,1.38,0.121,3.0,CalumetBeach201507262100,0,23.5,1.38,0.121,3.0
2015-07-26 22:00:00,Calumet Beach,1437948000.0,23.5,1.44,0.116,3.0,CalumetBeach201507262200,0,23.5,1.44,0.116,3.0
2015-07-26 23:00:00,Calumet Beach,1437951600.0,23.5,1.56,0.136,3.0,CalumetBeach201507262300,0,23.5,1.56,0.136,3.0
2015-07-27 00:00:00,Calumet Beach,1437955200.0,23.4,1.54,0.189,3.0,CalumetBeach201507272400,0,23.4,1.54,0.189,3.0
2015-07-27 01:00:00,Calumet Beach,1437958800.0,23.4,1.68,0.193,,CalumetBeach201507270100,0,23.4,1.68,0.193,3.0
2015-07-27 02:00:00,Calumet Beach,1437962400.0,23.3,1.73,0.159,3.0,CalumetBeach201507270200,0,23.3,1.73,0.159,3.0
2015-07-27 03:00:00,Calumet Beach,1437966000.0,,1.55,0.154,,CalumetBeach201507270300,0,23.2,1.55,0.154,3.0
2015-07-27 04:00:00,Calumet Beach,1437969600.0,23.1,1.54,,,CalumetBeach201507270400,0,23.1,1.54,0.151,3.0
2015-07-27 05:00:00,Calumet Beach,1437973200.0,23.1,1.16,0.136,,CalumetBeach201507270500,0,23.1,1.16,0.136,3.0
2015-07-27 06:00:00,Calumet Beach,1437976800.0,,1.15,0.127,3.0,CalumetBeach201507270600,0,23.0,1.15,0.127,3.0
2015-07-27 07:00:00,Calumet Beach,1437980400.0,23.1,1.06,0.125,,CalumetBeach201507270700,0,23.1,1.06,0.125,3.0
2015-07-27 08:00:00,Calumet Beach,1437984000.0,23.1,1.13,0.122,3.0,CalumetBeach201507270800,0,23.1,1.13,0.122,3.0
2015-07-27 09:00:00,Calumet Beach,1437987600.0,23.3,,0.12,3.0,CalumetBeach201507270900,0,23.3,1.33,0.12,3.0
2015-07-27 10:00:00,Calumet Beach,1437991200.0,23.6,3.25,,3.0,CalumetBeach201507271000,0,23.6,3.25,0.115,3.0
2015-07-27 11:00:00,Calumet Beach,1437994800.0,,1.69,0.136,3.0,CalumetBeach201507271100,0,23.8,1.69,0.136,3.0
2015-07-27 12:00:00,Calumet Beach,1437998400.0,24.1,1.39,0.146,3.0,CalumetBeach201507271200,0,24.1,1.39,0.146,3.0
2015-07-27 13:00:00,Calumet Beach,1438002000.0,,1.16,0.151,,CalumetBeach201507271300,0,24.5,1.16,0.151,2.0
2015-07-27 14:00:00,Calumet Beach,1438005600.0,24.5,,0.15,3.0,CalumetBeach201507271400,0,24.5,0.96,0.15,3.0
2015-07-27 15:00:00,Calumet Beach,1438009200.0,,0.69,0.154,,CalumetBeach201507271500,0,24.6,0.69,0.154,2.0
2015-07-27 16:00:00,Calumet Beach,1438012800.0,24.8,0.74,,2.0,CalumetBeach201507271600,0,24.8,0.74,0.163,2.0
2015-07-27 17:00:00,Calumet Beach,1438016400.0,25.3,,0.16,3.0,CalumetBeach201507271700,0,25.3,0.8,0.16,3.0
2015-07-27 18:00:00,Calumet Beach,1438020000.0,,0.8,0.146,2.0,CalumetBeach201507271800,0,25.1,0.8,0.146,2.0
2015-07-27 19:00:00,Calumet Beach,1438023600.0,25.4,1.61,0.157,3.0,CalumetBeach201507271900,0,25.4,1.61,0.157,3.0
2015-07-27 20:00:00,Calumet Beach,1438027200.0,,1.57,0.165,3.0,CalumetBeach201507272000,0,25.4,1.57,0.165,3.0
2015-07-27 21:00:00,Calumet Beach,1438030800.0,25.4,1.71,0.164,,CalumetBeach201507272100,0,25.4,1.71,0.164,3.0
2015-07-27 22:00:00,Calumet Beach,1438034400.0,25.6,3.07,0.163,3.0,CalumetBeach201507272200,0,25.6,3.07,0.163,3.0
2015-07-27 23:00:00,Calumet Beach,1438038000.0,25.1,,0.164,3.0,CalumetBeach201507272300,0,25.1,1.54,0.164,3.0
2015-07-28 00:00:00,Calumet Beach,1438041600.0,24.7,1.0,0.211,3.0,CalumetBeach201507282400,0,24.7,1.0,0.211,3.0
2015-07-28 01:00:00,Calumet Beach,1438045200.0,24.6,0.95,0.223,3.0,CalumetBeach201507280100,0,24.6,0.95,0.223,3.0
2015-07-28 02:00:00,Calumet Beach,1438048800.0,24.6,1.18,0.202,3.0,CalumetBeach201507280200,0,24.6,1.18,0.202,3.0
2015-07-28 03:00:00,Calumet Beach,1438052400.0,,1.79,0.172,3.0,CalumetBeach201507280300,0,24.5,1.79,0.172,3.0
2015-07-28 04:00:00,Calumet Beach,1438056000.0,24.4,,0.169,3.0,CalumetBeach201507280400,0,24.4,3.3,0.169,3.0
2015-07-28 05:00:00,Calumet Beach,1438059600.0,24.3,4.5,,3.0,CalumetBeach201507280500,0,24.3,4.5,0.16,3.0
2015-07-28 06:00:00,Calumet Beach,1438063200.0,24.2,5.15,0.148,,CalumetBeach201507280600,0,24.2,5.15,0.148,3.0
2015-07-28 07:00:00,Calumet Beach,1438066800.0,,3.81,0.14,3.0,CalumetBeach201507280700,0,24.2,3.81,0.14,3.0
2015-07-28 08:00:00,Calumet Beach,1438070400.0,24.2,2.02,0.138,3.0,CalumetBeach201507280800,0,24.2,2.02,0.138,3.0
2015-07-28 09:00:00,Calumet Beach,1438074000.0,24.3,1.53,0.139,2.0,CalumetBeach201507280900,0,24.3,1.53,0.139,2.0
2015-07-28 10:00:00,Calumet Beach,1438077600.0,24.5,1.71,0.155,2.0,CalumetBeach201507281000,0,24.5,1.71,0.155,2.0
2015-07-28 11:00:00,Calumet Beach,1438081200.0,25.1,1.63,0.141,,CalumetBeach201507281100,0,25.1,1.63,0.141,2.0
2015-07-28 12:00:00,Calumet Beach,1438084800.0,25.1,1.64,0.164,2.0,CalumetBeach201507281200,0,25.1,1.64,0.164,2.0
2015-07-28 13:00:00,Calumet Beach,1438088400.0,,1.84,0.176,3.0,CalumetBeach201507281300,0,25.4,1.84,0.176,3.0
2015-07-28 14:00:00,Calumet Beach,1438092000.0,25.5,1.82,,,CalumetBeach201507281400,0,25.5,1.82,0.142,2.0
2015-07-28 15:00:00,Calumet Beach,1438095600.0,26.1,2.11,0.142,,CalumetBeach201507281500,0,26.1,2.11,0.142,2.0
2015-07-28 16:00:00,Calumet Beach,1438099200.0,26.0,1.36,0.186,2.0,CalumetBeach201507281600,0,26.0,1.36,0.186,2.0
2015-07-28 17:00:00,Calumet Beach,1438102800.0,26.6,2.92,,2.0,CalumetBeach201507281700,0,26.6,2.92,0.234,2.0
2015-07-28 18:00:00,Calumet Beach,1438106400.0,27.1,4.35,0.2,,CalumetBeach201507281800,0,27.1,4.35,0.2,3.0
2015-07-28 19:00:00,Calumet Beach,1438110000.0,26.2,3.59,0.166,2.0,CalumetBeach201507281900,0,26.2,3.59,0.166,2.0
2015-07-28 20:00:00,Calumet Beach,1438113600.0,25.7,1.8,0.147,2.0,CalumetBeach201507282000,0,25.7,1.8,0.147,2.0
2015-07-28 21:00:00,Calumet Beach,1438117200.0,,2.48,0.134,2.0,CalumetBeach201507282100,0,25.7,2.48,0.134,2.0
2015-07-28 22:00:00,Calumet Beach,1438120800.0,25.7,2.49,0.119,3.0,CalumetBeach201507282200,0,25.7,2.49,0.119,3.0
2015-07-28 23:00:00,Calumet Beach,1438124400.0,25.6,2.42,0.122,2.0,CalumetBeach201507282300,0,25.6,2.42,0.122,2.0
2015-07-29 00:00:00,Calumet Beach,1438128000.0,25.6,2.35,0.095,2.0,CalumetBeach201507292400,0,25.6,2.35,0.095,2.0
2015-07-29 01:00:00,Calumet Beach,1438131600.0,25.4,1.69,0.092,5.0,CalumetBeach201507290100,0,25.4,1.69,0.092,5.0
2015-07-29 02:00:00,Calumet Beach,1438135200.0,,0.97,,5.0,CalumetBeach201507290200,0,25.2,0.97,0.084,5.0
2015-07-29 03:00:00,Calumet Beach,1438138800.0,24.8,,0.07,7.0,CalumetBeach201507290300,0,24.8,1.13,0.07,7.0
2015-07-29 04:00:00,Calumet Beach,1438142400.0,24.7,1.41,,6.0,CalumetBeach201507290400,0,24.7,1.41,0.064,6.0
2015-07-29 05:00:00,Calumet Beach,1438146000.0,24.1,1.1,,10.0,CalumetBeach201507290500,0,24.1,1.1,0.06,10.0
2015-07-29 06:00:00,Calumet Beach,1438149600.0,23.8,1.11,0.061,9.0,CalumetBeach201507290600,0,23.8,1.11,0.061,9.0
2015-07-29 07:00:00,Calumet Beach,1438153200.0,23.5,0.8,0.07,2.0,CalumetBeach201507290700,0,23.5,0.8,0.07,2.0
2015-07-29 08:00:00,Calumet Beach,1438156800.0,23.3,0.97,0.061,7.0,CalumetBeach201507290800,0,23.3,0.97,0.061,7.0
2015-07-29 09:00:00,Calumet Beach,,,,,,,1,,,,
2015-07-29 10:00:00,Calumet Beach,1438164000.0,23.5,0.91,0.078,3.0,CalumetBeach201507291000,0,23.5,0.91,0.078,3.0
2015-07-29 11:00:00,Calumet Beach,1438167600.0,23.6,0.76,0.071,3.0,CalumetBeach201507291100,0,23.6,0.76,0.071,3.0
2015-07-29 12:00:00,Calumet Beach,,,,,,,1,,,,
2015-07-29 13:00:00,Calumet Beach,,,,,,,1,,,,
2015-07-29 14:00:00,Calumet Beach,,,,,,,1,,,,
2015-07-29 15:00:00,Calumet Beach,,,,,,,1,,,,
2015-07-29 16:00:00,Calumet Beach,,,,,,,1,,,,
2015-07-29 17:00:00,Calumet Beach,1438189200.0,25.7,0.88,0.098,3.0,CalumetBeach201507291700,0,25.7,0.88,0.098,3.0
2015-07-29 18:00:00,Calumet Beach,1438192800.0,25.2,,0.094,3.0,CalumetBeach201507291800,0,25.2,1.28,0.094,3.0
2015-07-29 19:00:00,Calumet Beach,,,,,,,1,,,,
2015-07-29 20:00:00,Calumet Beach,1438200000.0,24.5,2.04,0.123,4.0,CalumetBeach201507292000,0,24.5,2.04,0.123,4.0
2015-07-29 21:00:00,Calumet Beach,,,,,,,1,,,,
2015-07-29 22:00:00,Calumet Beach,1438207200.0,23.6,1.78,0.15,3.0,CalumetBeach201507292200,0,23.6,1.78,0.15,3.0
2015-07-29 23:00:00,Calumet Beach,1438210800.0,23.1,1.55,0.144,4.0,CalumetBeach201507292300,0,23.1,1.55,0.144,4.0
2015-07-30 00:00:00,Calumet Beach,1438214400.0,22.7,1.44,0.123,,CalumetBeach201507302400,0,22.7,1.44,0.123,4.0
2015-07-30 01:00:00,Calumet Beach,1438218000.0,22.4,1.59,0.125,4.0,CalumetBeach201507300100,0,22.4,1.59,0.125,4.0
2015-07-30 02:00:00,Calumet Beach,,,,,,,1,,,,
2015-07-30 03:00:00,Calumet Beach,1438225200.0,22.3,0.97,0.126,3.0,CalumetBeach201507300300,0,22.3,0.97,0.126,3.0
2015-07-30 04:00:00,Calumet Beach,,,,,,,1,,,,
2015-07-30 05:00:00,Calumet Beach,,,,,,,1,,,,
2015-07-30 06:00:00,Calumet Beach,,,,,,,1,,,,
2015-07-30 07:00:00,Calumet Beach,1438239600.0,22.2,0.94,0.117,3.0,CalumetBeach201507300700,0,22.2,0.94,0.117,3.0
2015-07-30 08:00:00,Calumet Beach,,,,,,,1,,,,
2015-07-30 09:00:00,Calumet Beach,,,,,,,1,,,,
2015-07-30 10:00:00,Calumet Beach,,,,,,,1,,,,
2015-07-30 11:00:00,Calumet Beach,,,,,,,1,,,,
2015-07-30 12:00:00,Calumet Beach,,,,,,,1,,,,
2015-07-30 13:00:00,Calumet Beach,,,,,,,1,,,,
2015-07-30 14:00:00,Calumet Beach,,,,,,,1,,,,
2015-07-30 15:00:00,Calumet Beach,,,,,,,1,,,,
2015-07-30 16:00:00,Calumet Beach,,,,,,,1,,,,
2015-07-30 17:00:00,Calumet Beach,,,,,,,1,,,,
2015-07-30 18:00:00,Calumet Beach,,,,,,,1,,,,
2015-07-30 19:00:00,Calumet Beach,,,,,,,1,,,,
2015-07-30 20:00:00,Calumet Beach,,,,,,,1,,,,
2015-07-30 21:00:00,Calumet Beach,1438290000.0,23.6,1.39,,4.0,CalumetBeach201507302100,0,23.6,1.39,0.128,4.0
2015-07-30 22:00:00,Calumet Beach,1438293600.0,23.7,1.53,0.121,3.0,CalumetBeach201507302200,0,23.7,1.53,0.121,3.0
2015-07-30 23:00:00,Calumet Beach,1438297200.0,23.5,,0.132,4.0,CalumetBeach201507302300,0,23.5,0.86,0.132,4.0
2015-07-31 00:00:00,Calumet Beach,1438300800.0,,0.82,0.118,3.0,CalumetBeach201507312400,0,23.5,0.82,0.118,3.0
2015-07-31 01:00:00,Calumet Beach,1438304400.0,23.5,0.56,0.113,3.0,CalumetBeach201507310100,0,23.5,0.56,0.113,3.0
2015-07-31 02:00:00,Calumet Beach,1438308000.0,23.4,0.53,0.112,3.0,CalumetBeach201507310200,0,23.4,0.53,0.112,3.0
2015-07-31 03:00:00,Calumet Beach,1438311600.0,23.3,0.71,0.11,3.0,CalumetBeach201507310300,0,23.3,0.71,0.11,3.0
2015-07-31 04:00:00,Calumet Beach,1438315200.0,23.3,0.77,0.117,3.0,CalumetBeach201507310400,0,23.3,0.77,0.117,3.0
2015-07-31 05:00:00,Calumet Beach,1438318800.0,23.2,0.63,0.116,3.0,CalumetBeach201507310500,0,23.2,0.63,0.116,3.0
2015-07-31 06:00:00,Calumet Beach,1438322400.0,23.1,0.68,0.109,3.0,CalumetBeach201507310600,0,23.1,0.68,0.109,3.0
2015-07-31 07:00:00,Calumet Beach,1438326000.0,23.0,0.74,0.109,3.0,CalumetBeach201507310700,0,23.0,0.74,0.109,3.0
2015-07-31 08:00:00,Calumet Beach,1438329600.0,23.1,0.65,0.121,3.0,CalumetBeach201507310800,0,23.1,0.65,0.121,3.0
2015-07-31 09:00:00,Calumet Beach,1438333200.0,23.0,0.63,0.106,3.0,CalumetBeach201507310900,0,23.0,0.63,0.106,3.0
2015-07-31 10:00:00,Calumet Beach,1438336800.0,23.5,0.73,,4.0,CalumetBeach201507311000,0,23.5,0.73,0.111,4.0
2015-07-31 11:00:00,Calumet Beach,1438340400.0,23.9,0.88,,,CalumetBeach201507311100,0,23.9,0.88,0.099,4.0
2015-07-31 12:00:00,Calumet Beach,1438344000.0,23.8,0.66,0.115,3.0,CalumetBeach201507311200,0,23.8,0.66,0.115,3.0
2015-07-31 13:00:00,Calumet Beach,1438347600.0,23.6,0.78,0.113,3.0,CalumetBeach201507311300,0,23.6,0.78,0.113,3.0
2015-07-31 14:00:00,Calumet Beach,1438351200.0,23.4,0.66,0.099,,CalumetBeach201507311400,0,23.4,0.66,0.099,3.0
2015-07-31 15:00:00,Calumet Beach,1438354800.0,23.1,0.75,0.129,3.0,CalumetBeach201507311500,0,23.1,0.75,0.129,3.0
2015-07-31 16:00:00,Calumet Beach,,,,,,,1,,,,
2015-07-31 17:00:00,Calumet Beach,1438362000.0,23.1,1.18,0.135,3.0,CalumetBeach201507311700,0,23.1,1.18,0.135,3.0
2015-07-31 18:00:00,Calumet Beach,1438365600.0,22.8,,0.149,4.0,CalumetBeach201507311800,0,22.8,1.0,0.149,4.0
2015-07-31 19:00:00,Calumet Beach,,,,,,,1,,,,
2015-07-31 20:00:00,Calumet Beach,1438372800.0,22.6,0.81,,,CalumetBeach201507312000,0,22.6,0.81,0.171,4.0
2015-07-31 21:00:00,Calumet Beach,1438376400.0,,0.98,0.17,4.0,CalumetBeach201507312100,0,22.5,0.98,0.17,4.0
2015-07-31 22:00:00,Calumet Beach,1438380000.0,22.4,1.08,0.165,4.0,CalumetBeach201507312200,0,22.4,1.08,0.165,4.0
2015-07-31 23:00:00,Calumet Beach,1438383600.0,22.4,1.04,0.189,4.0,CalumetBeach201507312300,0,22.4,1.04,0.189,4.0
2015-08-01 00:00:00,Calumet Beach,1438387200.0,22.3,1.48,0.159,4.0,CalumetBeach201508012400,0,22.3,1.48,0.159,4.0
2015-08-01 01:00:00,Calumet Beach,1438390800.0,,1.15,0.141,4.0,CalumetBeach201508010100,0,22.2,1.15,0.141,4.0
2015-08-01 02:00:00,Calumet Beach,1438394400.0,22.3,0.54,,3.0,CalumetBeach201508010200,0,22.3,0.54,0.118,3.0
2015-08-01 03:00:00,Calumet Beach,1438398000.0,22.2,,0.114,,CalumetBeach201508010300,0,22.2,0.71,0.114,4.0
2015-08-01 04:00:00,Calumet Beach,1438401600.0,22.1,0.51,,4.0,CalumetBeach201508010400,0,22.1,0.51,0.113,4.0
2015-08-01 05:00:00,Calumet Beach,1438405200.0,22.1,0.43,,3.0,CalumetBeach201508010500,0,22.1,0.43,0.118,3.0
2015-08-01 06:00:00,Calumet Beach,1438408800.0,22.0,0.5,0.123,4.0,CalumetBeach201508010600,0,22.0,0.5,0.123,4.0
2015-08-01 07:00:00,Calumet Beach,1438412400.0,21.9,0.44,0.135,4.0,CalumetBeach201508010700,0,21.9,0.44,0.135,4.0
2015-08-01 08:00:00,Calumet Beach,1438416000.0,,,0.133,,CalumetBeach201508010800,0,22.0,0.48,0.133,4.0
2015-08-01 09:00:00,Calumet Beach,1438419600.0,22.1,0.42,0.137,4.0,CalumetBeach201508010900,0,22.1,0.42,0.137,4.0
2015-08-01 10:00:00,Calumet Beach,1438423200.0,22.4,0.49,,,CalumetBeach201508011000,0,22.4,0.49,0.142,4.0
2015-08-01 11:00:00,Calumet Beach,1438426800.0,22.7,0.69,0.136,4.0,CalumetBeach201508011100,0,22.7,0.69,0.136,4.0
2015-08-01 12:00:00,Calumet Beach,1438430400.0,22.9,0.76,,4.0,CalumetBeach201508011200,0,22.9,0.76,0.147,4.0
2015-08-01 13:00:00,Calumet Beach,1438434000.0,23.0,0.74,0.134,3.0,CalumetBeach201508011300,0,23.0,0.74,0.134,3.0
2015-08-01 14:00:00,Calumet Beach,1438437600.0,23.4,,0.136,3.0,CalumetBeach201508011400,0,23.4,0.97,0.136,3.0
2015-08-01 15:00:00,Calumet Beach,1438441200.0,,,0.124,3.0,CalumetBeach201508011500,0,23.5,1.07,0.124,3.0
2015-08-01 16:00:00,Calumet Beach,1438444800.0,,1.2,,4.0,CalumetBeach201508011600,0,23.3,1.2,0.138,4.0
2015-08-01 17:00:00,Calumet Beach,1438448400.0,23.2,1.02,0.129,3.0,CalumetBeach201508011700,0,23.2,1.02,0.129,3.0
2015-08-01 18:00:00,Calumet Beach,1438452000.0,23.2,1.26,0.117,5.0,CalumetBeach201508011800,0,23.2,1.26,0.117,5.0
2015-08-01 19:00:00,Calumet Beach,1438455600.0,22.9,1.04,0.13,2.0,CalumetBeach201508011900,0,22.9,1.04,0.13,2.0
2015-08-01 20:00:00,Calumet Beach,1438459200.0,,1.35,,3.0,CalumetBeach201508012000,0,22.9,1.35,0.127,3.0
2015-08-01 21:00:00,Calumet Beach,1438462800.0,22.9,,0.135,2.0,CalumetBeach201508012100,0,22.9,0.85,0.135,2.0
2015-08-01 22:00:00,Calumet Beach,1438466400.0,22.9,,0.106,2.0,CalumetBeach201508012200,0,22.9,0.79,0.106,2.0
2015-08-01 23:00:00,Calumet Beach,1438470000.0,22.9,0.71,0.097,3.0,CalumetBeach201508012300,0,22.9,0.71,0.097,3.0
2015-08-02 00:00:00,Calumet Beach,1438473600.0,22.8,0.65,0.096,3.0,CalumetBeach201508022400,0,22.8,0.65,0.096,3.0
2015-08-02 01:00:00,Calumet Beach,,,,,,,1,,,,
2015-08-02 02:00:00,Calumet Beach,1438480800.0,22.8,0.78,0.089,3.0,CalumetBeach201508020200,0,22.8,0.78,0.089,3.0
2015-08-02 03:00:00,Calumet Beach,1438484400.0,22.7,0.79,,4.0,CalumetBeach201508020300,0,22.7,0.79,0.084,4.0
2015-08-02 04:00:00,Calumet Beach,1438488000.0,,0.68,0.078,,CalumetBeach201508020400,0,22.7,0.68,0.078,3.0
2015-08-02 05:00:00,Calumet Beach,1438491600.0,22.6,0.76,0.079,4.0,CalumetBeach201508020500,0,22.6,0.76,0.079,4.0
2015-08-02 06:00:00,Calumet Beach,1438495200.0,22.5,0.68,,3.0,CalumetBeach201508020600,0,22.5,0.68,0.076,3.0
2015-08-02 07:00:00,Calumet Beach,1438498800.0,,0.79,,7.0,CalumetBeach201508020700,0,22.5,0.79,0.08,7.0
2015-08-02 08:00:00,Calumet Beach,1438502400.0,22.5,0.61,0.092,3.0,CalumetBeach201508020800,0,22.5,0.61,0.092,3.0
2015-08-02 09:00:00,Calumet Beach,1438506000.0,22.7,0.61,0.07,7.0,CalumetBeach201508020900,0,22.7,0.61,0.07,7.0
2015-08-02 10:00:00,Calumet Beach,1438509600.0,23.1,0.84,0.08,,CalumetBeach201508021000,0,23.1,0.84,0.08,5.0
2015-08-02 11:00:00,Calumet Beach,1438513200.0,23.3,0.77,,2.0,CalumetBeach201508021100,0,23.3,0.77,0.106,2.0
2015-08-02 12:00:00,Calumet Beach,1438516800.0,23.4,0.94,0.099,2.0,CalumetBeach201508021200,0,23.4,0.94,0.099,2.0
2015-08-02 13:00:00,Calumet Beach,1438520400.0,23.7,0.73,0.121,3.0,CalumetBeach201508021300,0,23.7,0.73,0.121,3.0
2015-08-02 14:00:00,Calumet Beach,1438524000.0,23.8,1.08,,3.0,CalumetBeach201508021400,0,23.8,1.08,0.122,3.0
2015-08-02 15:00:00,Calumet Beach,1438527600.0,,1.5,,,CalumetBeach201508021500,0,24.0,1.5,0.16,2.0
2015-08-02 16:00:00,Calumet Beach,1438531200.0,23.8,0.8,0.143,4.0,CalumetBeach201508021600,0,23.8,0.8,0.143,4.0
2015-08-02 17:00:00,Calumet Beach,1438534800.0,,1.06,0.107,3.0,CalumetBeach201508021700,0,24.0,1.06,0.107,3.0
2015-08-02 18:00:00,Calumet Beach,1438538400.0,24.1,1.58,0.12,3.0,CalumetBeach201508021800,0,24.1,1.58,0.12,3.0
2015-08-02 19:00:00,Calumet Beach,1438542000.0,24.0,1.36,0.133,,CalumetBeach201508021900,0,24.0,1.36,0.133,2.0
2015-08-02 20:00:00,Calumet Beach,1438545600.0,23.9,1.27,0.118,2.0,CalumetBeach201508022000,0,23.9,1.27,0.118,2.0
2015-08-02 21:00:00,Calumet Beach,1438549200.0,23.9,1.12,0.121,4.0,CalumetBeach201508022100,0,23.9,1.12,0.121,4.0
2015-08-02 22:00:00,Calumet Beach,1438552800.0,23.8,,0.123,2.0,CalumetBeach201508022200,0,23.8,1.46,0.123,2.0
2015-08-02 23:00:00,Calumet Beach,1438556400.0,23.8,,0.115,3.0,CalumetBeach201508022300,0,23.8,0.94,0.115,3.0
2015-08-03 00:00:00,Calumet Beach,1438560000.0,23.6,0.97,0.137,4.0,CalumetBeach201508032400,0,23.6,0.97,0.137,4.0
2015-08-03 01:00:00,Calumet Beach,1438563600.0,23.7,1.32,0.197,4.0,CalumetBeach201508030100,0,23.7,1.32,0.197,4.0
2015-08-03 02:00:00,Calumet Beach,1438567200.0,23.7,1.55,0.147,3.0,CalumetBeach201508030200,0,23.7,1.55,0.147,3.0
2015-08-03 03:00:00,Calumet Beach,1438570800.0,23.6,1.07,0.152,4.0,CalumetBeach201508030300,0,23.6,1.07,0.152,4.0
2015-08-03 04:00:00,Calumet Beach,1438574400.0,23.5,1.23,0.143,5.0,CalumetBeach201508030400,0,23.5,1.23,0.143,5.0
2015-08-03 05:00:00,Calumet Beach,1438578000.0,23.5,1.03,0.154,5.0,CalumetBeach201508030500,0,23.5,1.03,0.154,5.0
2015-08-03 06:00:00,Calumet Beach,1438581600.0,23.4,0.93,0.133,,CalumetBeach201508030600,0,23.4,0.93,0.133,5.0
2015-08-03 07:00:00,Calumet Beach,1438585200.0,23.4,0.82,0.14,5.0,CalumetBeach201508030700,0,23.4,0.82,0.14,5.0
2015-08-03 08:00:00,Calumet Beach,1438588800.0,23.4,0.84,,5.0,CalumetBeach201508030800,0,23.4,0.84,0.114,5.0
2015-08-03 09:00:00,Calumet Beach,1438592400.0,23.5,0.79,0.134,5.0,CalumetBeach201508030900,0,23.5,0.79,0.134,5.0
2015-08-03 10:00:00,Calumet Beach,1438596000.0,23.6,0.94,0.136,2.0,CalumetBeach201508031000,0,23.6,0.94,0.136,2.0
2015-08-03 11:00:00,Calumet Beach,1438599600.0,23.7,1.04,0.185,4.0,CalumetBeach201508031100,0,23.7,1.04,0.185,4.0
2015-08-03 12:00:00,Calumet Beach,1438603200.0,24.0,,0.166,5.0,CalumetBeach201508031200,0,24.0,1.03,0.166,5.0
2015-08-03 13:00:00,Calumet Beach,1438606800.0,24.1,0.98,0.176,4.0,CalumetBeach201508031300,0,24.1,0.98,0.176,4.0
2015-08-03 14:00:00,Calumet Beach,1438610400.0,24.3,0.94,0.178,5.0,CalumetBeach201508031400,0,24.3,0.94,0.178,5.0
2015-08-03 15:00:00,Calumet Beach,1438614000.0,24.8,0.93,0.166,4.0,CalumetBeach201508031500,0,24.8,0.93,0.166,4.0
2015-08-03 16:00:00,Calumet Beach,1438617600.0,25.8,1.61,0.15,2.0,CalumetBeach201508031600,0,25.8,1.61,0.15,2.0
2015-08-03 17:00:00,Calumet Beach,1438621200.0,25.8,1.32,0.15,4.0,CalumetBeach201508031700,0,25.8,1.32,0.15,4.0
2015-08-03 18:00:00,Calumet Beach,1438624800.0,25.9,1.75,0.136,4.0,CalumetBeach201508031800,0,25.9,1.75,0.136,4.0
2015-08-03 19:00:00,Calumet Beach,1438628400.0,,2.44,0.133,4.0,CalumetBeach201508031900,0,25.8,2.44,0.133,4.0
2015-08-03 20:00:00,Calumet Beach,1438632000.0,24.8,1.44,0.119,4.0,CalumetBeach201508032000,0,24.8,1.44,0.119,4.0
2015-08-03 21:00:00,Calumet Beach,1438635600.0,24.5,1.26,0.11,3.0,CalumetBeach201508032100,0,24.5,1.26,0.11,3.0
2015-08-03 22:00:00,Calumet Beach,1438639200.0,,1.0,0.123,4.0,CalumetBeach201508032200,0,24.1,1.0,0.123,4.0
2015-08-03 23:00:00,Calumet Beach,1438642800.0,23.9,0.89,0.134,3.0,CalumetBeach201508032300,0,23.9,0.89,0.134,3.0
2015-08-04 00:00:00,Calumet Beach,1438646400.0,23.8,0.94,0.122,4.0,CalumetBeach201508042400,0,23.8,0.94,0.122,4.0
2015-08-04 01:00:00,Calumet Beach,1438650000.0,,0.97,0.108,3.0,CalumetBeach201508040100,0,23.7,0.97,0.108,3.0
2015-08-04 02:00:00,Calumet Beach,1438653600.0,23.6,1.1,0.101,4.0,CalumetBeach201508040200,0,23.6,1.1,0.101,4.0
2015-08-04 03:00:00,Calumet Beach,1438657200.0,23.5,1.13,0.113,4.0,CalumetBeach201508040300,0,23.5,1.13,0.113,4.0
2015-08-04 04:00:00,Calumet Beach,1438660800.0,23.3,,,4.0,CalumetBeach201508040400,0,23.3,1.06,0.101,4.0
2015-08-04 05:00:00,Calumet Beach,1438664400.0,23.3,1.02,,4.0,CalumetBeach201508040500,0,23.3,1.02,0.105,4.0
2015-08-04 06:00:00,Calumet Beach,1438668000.0,23.2,,0.105,3.0,CalumetBeach201508040600,0,23.2,1.05,0.105,3.0
2015-08-04 07:00:00,Calumet Beach,1438671600.0,23.1,0.93,,3.0,CalumetBeach201508040700,0,23.1,0.93,0.109,3.0
2015-08-04 08:00:00,Calumet Beach,1438675200.0,23.1,0.84,0.11,3.0,CalumetBeach201508040800,0,23.1,0.84,0.11,3.0
2015-08-04 09:00:00,Calumet Beach,1438678800.0,,0.9,0.112,4.0,CalumetBeach201508040900,0,23.3,0.9,0.112,4.0
2015-08-04 10:00:00,Calumet Beach,1438682400.0,23.5,0.85,0.105,,CalumetBeach201508041000,0,23.5,0.85,0.105,3.0
2015-08-04 11:00:00,Calumet Beach,1438686000.0,23.9,0.82,0.099,3.0,CalumetBeach201508041100,0,23.9,0.82,0.099,3.0
2015-08-04 12:00:00,Calumet Beach,1438689600.0,24.3,0.77,0.098,3.0,CalumetBeach201508041200,0,24.3,0.77,0.098,3.0
2015-08-04 13:00:00,Calumet Beach,1438693200.0,24.3,0.94,0.096,3.0,CalumetBeach201508041300,0,24.3,0.94,0.096,3.0
2015-08-04 14:00:00,Calumet Beach,1438696800.0,24.4,0.83,0.105,3.0,CalumetBeach201508041400,0,24.4,0.83,0.105,3.0
2015-08-04 15:00:00,Calumet Beach,1438700400.0,24.3,0.73,,3.0,CalumetBeach201508041500,0,24.3,0.73,0.102,3.0
2015-08-04 16:00:00,Calumet Beach,1438704000.0,24.4,0.73,0.122,3.0,CalumetBeach201508041600,0,24.4,0.73,0.122,3.0
2015-08-04 17:00:00,Calumet Beach,1438707600.0,24.5,0.74,0.111,3.0,CalumetBeach201508041700,0,24.5,0.74,0.111,3.0
2015-08-04 18:00:00,Calumet Beach,1438711200.0,,0.82,0.114,2.0,CalumetBeach201508041800,0,24.5,0.82,0.114,2.0
2015-08-04 19:00:00,Calumet Beach,1438714800.0,24.5,0.91,0.096,2.0,CalumetBeach201508041900,0,24.5,0.91,0.096,2.0
2015-08-04 20:00:00,Calumet Beach,1438718400.0,24.4,0.78,0.122,3.0,CalumetBeach201508042000,0,24.4,0.78,0.122,3.0
2015-08-04 21:00:00,Calumet Beach,1438722000.0,24.2,,0.097,,CalumetBeach201508042100,0,24.2,0.78,0.097,3.0
2015-08-04 22:00:00,Calumet Beach,1438725600.0,,0.77,0.123,2.0,CalumetBeach201508042200,0,24.1,0.77,0.123,2.0
2015-08-04 23:00:00,Calumet Beach,1438729200.0,24.0,0.84,,2.0,CalumetBeach201508042300,0,24.0,0.84,0.142,2.0
2015-08-05 00:00:00,Calumet Beach,1438732800.0,,0.91,0.144,3.0,CalumetBeach201508052400,0,24.0,0.91,0.144,3.0
2015-08-05 01:00:00,Calumet Beach,1438736400.0,23.8,0.84,0.15,3.0,CalumetBeach201508050100,0,23.8,0.84,0.15,3.0
2015-08-05 02:00:00,Calumet Beach,1438740000.0,23.8,0.76,0.137,,CalumetBeach201508050200,0,23.8,0.76,0.137,3.0
2015-08-05 03:00:00,Calumet Beach,1438743600.0,23.8,0.64,0.137,3.0,CalumetBeach201508050300,0,23.8,0.64,0.137,3.0
2015-08-05 04:00:00,Calumet Beach,1438747200.0,23.7,0.73,0.122,,CalumetBeach201508050400,0,23.7,0.73,0.122,3.0
2015-08-05 05:00:00,Calumet Beach,1438750800.0,23.6,0.87,0.106,2.0,CalumetBeach201508050500,0,23.6,0.87,0.106,2.0
2015-08-05 06:00:00,Calumet Beach,1438754400.0,,0.67,0.094,2.0,CalumetBeach201508050600,0,23.6,0.67,0.094,2.0
2015-08-05 07:00:00,Calumet Beach,,,,,,,1,,,,
2015-08-05 08:00:00,Calumet Beach,1438761600.0,23.6,0.6,0.094,3.0,CalumetBeach201508050800,0,23.6,0.6,0.094,3.0
2015-08-05 09:00:00,Calumet Beach,1438765200.0,23.7,0.47,0.092,3.0,CalumetBeach201508050900,0,23.7,0.47,0.092,3.0
2015-08-05 10:00:00,Calumet Beach,1438768800.0,24.0,0.47,0.104,,CalumetBeach201508051000,0,24.0,0.47,0.104,2.0
2015-08-05 11:00:00,Calumet Beach,1438772400.0,24.3,,0.084,9.0,CalumetBeach201508051100,0,24.3,0.42,0.084,9.0
2015-08-05 12:00:00,Calumet Beach,1438776000.0,24.5,0.37,0.089,4.0,CalumetBeach201508051200,0,24.5,0.37,0.089,4.0
2015-08-05 13:00:00,Calumet Beach,1438779600.0,24.8,0.39,0.107,3.0,CalumetBeach201508051300,0,24.8,0.39,0.107,3.0
2015-08-05 14:00:00,Calumet Beach,,,,,,,1,,,,
2015-08-05 15:00:00,Calumet Beach,1438786800.0,,0.42,0.166,2.0,CalumetBeach201508051500,0,24.9,0.42,0.166,2.0
2015-08-05 16:00:00,Calumet Beach,1438790400.0,24.9,0.43,,,CalumetBeach201508051600,0,24.9,0.43,0.194,2.0
2015-08-05 17:00:00,Calumet Beach,1438794000.0,24.8,0.52,0.21,3.0,CalumetBeach201508051700,0,24.8,0.52,0.21,3.0
2015-08-05 18:00:00,Calumet Beach,,,,,,,1,,,,
2015-08-05 19:00:00,Calumet Beach,,,,,,,1,,,,
2015-08-05 20:00:00,Calumet Beach,,,,,,,1,,,,
2015-08-05 21:00:00,Calumet Beach,1438808400.0,,,0.271,3.0,CalumetBeach201508052100,0,24.9,1.95,0.271,3.0
2015-08-05 22:00:00,Calumet Beach,1438812000.0,24.7,,,4.0,CalumetBeach201508052200,0,24.7,1.82,0.27,4.0
2015-08-05 23:00:00,Calumet Beach,1438815600.0,24.7,,0.278,4.0,CalumetBeach201508052300,0,24.7,1.98,0.278,4.0
2015-08-06 00:00:00,Calumet Beach,1438819200.0,24.6,,0.265,3.0,CalumetBeach201508062400,0,24.6,2.58,0.265,3.0
2015-08-06 01:00:00,Calumet Beach,1438822800.0,24.4,3.63,0.265,4.0,CalumetBeach201508060100,0,24.4,3.63,0.265,4.0
2015-08-06 02:00:00,Calumet Beach,1438826400.0,24.2,3.36,0.251,4.0,CalumetBeach201508060200,0,24.2,3.36,0.251,4.0
2015-08-06 03:00:00,Calumet Beach,1438830000.0,24.0,,0.234,4.0,CalumetBeach201508060300,0,24.0,3.31,0.234,4.0
2015-08-06 04:00:00,Calumet Beach,1438833600.0,24.0,4.12,0.228,,CalumetBeach201508060400,0,24.0,4.12,0.228,3.0
2015-08-06 05:00:00,Calumet Beach,1438837200.0,23.8,3.31,0.212,3.0,CalumetBeach201508060500,0,23.8,3.31,0.212,3.0
2015-08-06 06:00:00,Calumet Beach,1438840800.0,23.7,2.56,,3.0,CalumetBeach201508060600,0,23.7,2.56,0.209,3.0
2015-08-06 07:00:00,Calumet Beach,,,,,,,1,,,,
2015-08-06 08:00:00,Calumet Beach,1438848000.0,23.5,2.11,0.178,3.0,CalumetBeach201508060800,0,23.5,2.11,0.178,3.0
2015-08-06 09:00:00,Calumet Beach,1438851600.0,23.6,2.33,0.19,4.0,CalumetBeach201508060900,0,23.6,2.33,0.19,4.0
2015-08-06 10:00:00,Calumet Beach,,,,,,,1,,,,
2015-08-06 11:00:00,Calumet Beach,1438858800.0,24.1,,0.174,3.0,CalumetBeach201508061100,0,24.1,2.49,0.174,3.0
2015-08-06 12:00:00,Calumet Beach,1438862400.0,24.4,1.51,0.162,4.0,CalumetBeach201508061200,0,24.4,1.51,0.162,4.0
2015-08-06 13:00:00,Calumet Beach,1438866000.0,24.6,1.42,0.184,3.0,CalumetBeach201508061300,0,24.6,1.42,0.184,3.0
2015-08-06 14:00:00,Calumet Beach,1438869600.0,24.8,1.64,0.189,,CalumetBeach201508061400,0,24.8,1.64,0.189,3.0
2015-08-06 15:00:00,Calumet Beach,1438873200.0,24.9,,0.207,3.0,CalumetBeach201508061500,0,24.9,1.34,0.207,3.0
2015-08-06 16:00:00,Calumet Beach,1438876800.0,25.0,1.31,,3.0,CalumetBeach201508061600,0,25.0,1.31,0.201,3.0
2015-08-06 17:00:00,Calumet Beach,1438880400.0,25.5,1.54,0.193,3.0,CalumetBeach201508061700,0,25.5,1.54,0.193,3.0
2015-08-06 18:00:00,Calumet Beach,1438884000.0,25.3,1.5,0.189,3.0,CalumetBeach201508061800,0,25.3,1.5,0.189,3.0
2015-08-06 19:00:00,Calumet Beach,1438887600.0,25.1,1.06,0.18,3.0,CalumetBeach201508061900,0,25.1,1.06,0.18,3.0
2015-08-06 20:00:00,Calumet Beach,1438891200.0,25.1,1.46,,3.0,CalumetBeach201508062000,0,25.1,1.46,0.201,3.0
2015-08-06 21:00:00,Calumet Beach,1438894800.0,25.0,2.01,0.215,3.0,CalumetBeach201508062100,0,25.0,2.01,0.215,3.0
2015-08-06 22:00:00,Calumet Beach,1438898400.0,24.9,2.17,0.219,3.0,CalumetBeach201508062200,0,24.9,2.17,0.219,3.0
2015-08-06 23:00:00,Calumet Beach,1438902000.0,24.9,1.81,0.213,3.0,CalumetBeach201508062300,0,24.9,1.81,0.213,3.0
2015-08-07 00:00:00,Calumet Beach,1438905600.0,,,0.194,3.0,CalumetBeach201508072400,0,24.8,1.58,0.194,3.0
2015-08-07 01:00:00,Calumet Beach,1438909200.0,24.9,2.89,0.188,3.0,CalumetBeach201508070100,0,24.9,2.89,0.188,3.0
2015-08-07 02:00:00,Calumet Beach,1438912800.0,24.6,1.95,0.177,3.0,CalumetBeach201508070200,0,24.6,1.95,0.177,3.0
2015-08-07 03:00:00,Calumet Beach,1438916400.0,24.4,1.59,0.189,,CalumetBeach201508070300,0,24.4,1.59,0.189,3.0
2015-08-07 04:00:00,Calumet Beach,1438920000.0,,1.89,0.18,,CalumetBeach201508070400,0,24.3,1.89,0.18,3.0
2015-08-07 05:00:00,Calumet Beach,1438923600.0,24.2,1.34,0.162,3.0,CalumetBeach201508070500,0,24.2,1.34,0.162,3.0
2015-08-07 06:00:00,Calumet Beach,1438927200.0,24.2,1.02,0.152,3.0,CalumetBeach201508070600,0,24.2,1.02,0.152,3.0
2015-08-07 07:00:00,Calumet Beach,1438930800.0,24.1,1.12,0.12,3.0,CalumetBeach201508070700,0,24.1,1.12,0.12,3.0
2015-08-07 08:00:00,Calumet Beach,1438934400.0,24.1,,0.121,,CalumetBeach201508070800,0,24.1,0.97,0.121,2.0
2015-08-07 09:00:00,Calumet Beach,1438938000.0,24.2,1.03,,3.0,CalumetBeach201508070900,0,24.2,1.03,0.106,3.0
2015-08-07 10:00:00,Calumet Beach,1438941600.0,24.2,1.09,0.107,2.0,CalumetBeach201508071000,0,24.2,1.09,0.107,2.0
2015-08-07 11:00:00,Calumet Beach,1438945200.0,24.5,0.97,0.106,3.0,CalumetBeach201508071100,0,24.5,0.97,0.106,3.0
2015-08-07 12:00:00,Calumet Beach,1438948800.0,24.8,1.06,0.126,3.0,CalumetBeach201508071200,0,24.8,1.06,0.126,3.0
2015-08-07 13:00:00,Calumet Beach,1438952400.0,24.8,1.39,,2.0,CalumetBeach201508071300,0,24.8,1.39,0.177,2.0
2015-08-07 14:00:00,Calumet Beach,1438956000.0,25.2,1.26,0.212,2.0,CalumetBeach201508071400,0,25.2,1.26,0.212,2.0
2015-08-07 15:00:00,Calumet Beach,1438959600.0,25.7,5.4,0.223,3.0,CalumetBeach201508071500,0,25.7,5.4,0.223,3.0
2015-08-07 16:00:00,Calumet Beach,1438963200.0,26.0,3.02,0.187,3.0,CalumetBeach201508071600,0,26.0,3.02,0.187,3.0
2015-08-07 17:00:00,Calumet Beach,1438966800.0,25.6,1.49,0.162,,CalumetBeach201508071700,0,25.6,1.49,0.162,2.0
2015-08-07 18:00:00,Calumet Beach,1438970400.0,25.3,1.27,0.139,2.0,CalumetBeach201508071800,0,25.3,1.27,0.139,2.0
2015-08-07 19:00:00,Calumet Beach,1438974000.0,25.0,1.65,0.138,2.0,CalumetBeach201508071900,0,25.0,1.65,0.138,2.0
2015-08-07 20:00:00,Calumet Beach,1438977600.0,25.0,1.26,0.112,2.0,CalumetBeach201508072000,0,25.0,1.26,0.112,2.0
2015-08-07 21:00:00,Calumet Beach,1438981200.0,24.9,0.86,0.113,2.0,CalumetBeach201508072100,0,24.9,0.86,0.113,2.0
2015-08-07 22:00:00,Calumet Beach,1438984800.0,,0.99,0.114,2.0,CalumetBeach201508072200,0,24.9,0.99,0.114,2.0
2015-08-07 23:00:00,Calumet Beach,1438988400.0,,,0.105,3.0,CalumetBeach201508072300,0,24.8,1.84,0.105,3.0
2015-08-08 00:00:00,Calumet Beach,1438992000.0,24.7,,0.127,,CalumetBeach201508082400,0,24.7,0.94,0.127,3.0
2015-08-08 01:00:00,Calumet Beach,1438995600.0,24.7,0.85,0.158,3.0,CalumetBeach201508080100,0,24.7,0.85,0.158,3.0
2015-08-08 02:00:00,Calumet Beach,1438999200.0,24.6,0.88,0.151,,CalumetBeach201508080200,0,24.6,0.88,0.151,3.0
2015-08-08 03:00:00,Calumet Beach,1439002800.0,,1.01,0.146,3.0,CalumetBeach201508080300,0,24.5,1.01,0.146,3.0
2015-08-08 04:00:00,Calumet Beach,1439006400.0,,0.8,0.14,3.0,CalumetBeach201508080400,0,24.2,0.8,0.14,3.0
2015-08-08 05:00:00,Calumet Beach,1439010000.0,23.9,0.89,0.111,2.0,CalumetBeach201508080500,0,23.9,0.89,0.111,2.0
2015-08-08 06:00:00,Calumet Beach,1439013600.0,23.8,0.72,0.095,9.0,CalumetBeach201508080600,0,23.8,0.72,0.095,9.0
2015-08-08 07:00:00,Calumet Beach,1439017200.0,23.7,0.98,0.088,2.0,CalumetBeach201508080700,0,23.7,0.98,0.088,2.0
2015-08-08 08:00:00,Calumet Beach,1439020800.0,,0.82,0.086,3.0,CalumetBeach201508080800,0,23.7,0.82,0.086,3.0
2015-08-08 09:00:00,Calumet Beach,1439024400.0,23.8,0.74,0.083,4.0,CalumetBeach201508080900,0,23.8,0.74,0.083,4.0
2015-08-08 10:00:00,Calumet Beach,1439028000.0,24.1,0.81,0.081,7.0,CalumetBeach201508081000,0,24.1,0.81,0.081,7.0
2015-08-08 11:00:00,Calumet Beach,1439031600.0,24.1,,0.086,3.0,CalumetBeach201508081100,0,24.1,1.05,0.086,3.0
2015-08-08 12:00:00,Calumet Beach,1439035200.0,23.9,1.57,,5.0,CalumetBeach201508081200,0,23.9,1.57,0.102,5.0
2015-08-08 13:00:00,Calumet Beach,1439038800.0,23.3,1.15,0.138,2.0,CalumetBeach201508081300,0,23.3,1.15,0.138,2.0
2015-08-08 14:00:00,Calumet Beach,1439042400.0,23.4,1.04,,2.0,CalumetBeach201508081400,0,23.4,1.04,0.155,2.0
2015-08-08 15:00:00,Calumet Beach,1439046000.0,23.9,1.27,0.167,3.0,CalumetBeach201508081500,0,23.9,1.27,0.167,3.0
2015-08-08 16:00:00,Calumet Beach,1439049600.0,24.0,1.64,,,CalumetBeach201508081600,0,24.0,1.64,0.206,3.0
2015-08-08 17:00:00,Calumet Beach,1439053200.0,23.7,1.64,0.198,3.0,CalumetBeach201508081700,0,23.7,1.64,0.198,3.0
2015-08-08 18:00:00,Calumet Beach,1439056800.0,,1.62,0.172,3.0,CalumetBeach201508081800,0,23.8,1.62,0.172,3.0
2015-08-08 19:00:00,Calumet Beach,1439060400.0,,1.56,,3.0,CalumetBeach201508081900,0,23.7,1.56,0.154,3.0
2015-08-08 20:00:00,Calumet Beach,1439064000.0,23.8,1.65,0.142,3.0,CalumetBeach201508082000,0,23.8,1.65,0.142,3.0
2015-08-08 21:00:00,Calumet Beach,1439067600.0,23.7,1.69,0.14,,CalumetBeach201508082100,0,23.7,1.69,0.14,4.0
2015-08-08 22:00:00,Calumet Beach,1439071200.0,23.6,1.64,0.137,4.0,CalumetBeach201508082200,0,23.6,1.64,0.137,4.0
2015-08-08 23:00:00,Calumet Beach,1439074800.0,23.5,1.57,,3.0,CalumetBeach201508082300,0,23.5,1.57,0.128,3.0
2015-08-09 00:00:00,Calumet Beach,1439078400.0,,1.62,0.127,2.0,CalumetBeach201508092400,0,23.5,1.62,0.127,2.0
2015-08-09 01:00:00,Calumet Beach,,,,,,,1,,,,
2015-08-09 02:00:00,Calumet Beach,1439085600.0,23.4,1.53,0.131,,CalumetBeach201508090200,0,23.4,1.53,0.131,4.0
2015-08-09 03:00:00,Calumet Beach,1439089200.0,23.3,1.42,0.128,4.0,CalumetBeach201508090300,0,23.3,1.42,0.128,4.0
2015-08-09 04:00:00,Calumet Beach,1439092800.0,23.3,1.3,0.118,,CalumetBeach201508090400,0,23.3,1.3,0.118,4.0
2015-08-09 05:00:00,Calumet Beach,1439096400.0,23.3,1.4,0.113,3.0,CalumetBeach201508090500,0,23.3,1.4,0.113,3.0
2015-08-09 06:00:00,Calumet Beach,1439100000.0,23.3,,0.106,3.0,CalumetBeach201508090600,0,23.3,1.2,0.106,3.0
2015-08-09 07:00:00,Calumet Beach,1439103600.0,23.3,1.15,,3.0,CalumetBeach201508090700,0,23.3,1.15,0.105,3.0
2015-08-09 08:00:00,Calumet Beach,1439107200.0,23.3,1.19,0.097,3.0,CalumetBeach201508090800,0,23.3,1.19,0.097,3.0
2015-08-09 09:00:00,Calumet Beach,1439110800.0,23.2,1.06,0.097,3.0,CalumetBeach201508090900,0,23.2,1.06,0.097,3.0
2015-08-09 10:00:00,Calumet Beach,1439114400.0,23.2,1.14,0.104,,CalumetBeach201508091000,0,23.2,1.14,0.104,3.0
2015-08-09 11:00:00,Calumet Beach,1439118000.0,,1.13,0.101,3.0,CalumetBeach201508091100,0,23.2,1.13,0.101,3.0
2015-08-09 12:00:00,Calumet Beach,1439121600.0,23.3,,0.098,3.0,CalumetBeach201508091200,0,23.3,1.23,0.098,3.0
2015-08-09 13:00:00,Calumet Beach,1439125200.0,23.3,1.06,0.103,3.0,CalumetBeach201508091300,0,23.3,1.06,0.103,3.0
2015-08-09 14:00:00,Calumet Beach,1439128800.0,23.4,1.01,,3.0,CalumetBeach201508091400,0,23.4,1.01,0.136,3.0
2015-08-09 15:00:00,Calumet Beach,1439132400.0,23.7,1.13,0.115,,CalumetBeach201508091500,0,23.7,1.13,0.115,3.0
2015-08-09 16:00:00,Calumet Beach,1439136000.0,23.7,1.14,0.144,2.0,CalumetBeach201508091600,0,23.7,1.14,0.144,2.0
2015-08-09 17:00:00,Calumet Beach,1439139600.0,24.4,1.69,0.111,,CalumetBeach201508091700,0,24.4,1.69,0.111,3.0
2015-08-09 18:00:00,Calumet Beach,1439143200.0,23.8,1.18,0.11,,CalumetBeach201508091800,0,23.8,1.18,0.11,3.0
2015-08-09 19:00:00,Calumet Beach,1439146800.0,23.7,1.41,0.103,2.0,CalumetBeach201508091900,0,23.7,1.41,0.103,2.0
2015-08-09 20:00:00,Calumet Beach,1439150400.0,23.6,1.05,0.101,7.0,CalumetBeach201508092000,0,23.6,1.05,0.101,7.0
2015-08-09 21:00:00,Calumet Beach,1439154000.0,23.6,1.06,0.089,,CalumetBeach201508092100,0,23.6,1.06,0.089,2.0
2015-08-09 22:00:00,Calumet Beach,1439157600.0,23.6,,0.091,4.0,CalumetBeach201508092200,0,23.6,1.19,0.091,4.0
2015-08-09 23:00:00,Calumet Beach,1439161200.0,23.5,1.09,0.083,3.0,CalumetBeach201508092300,0,23.5,1.09,0.083,3.0
2015-08-10 00:00:00,Calumet Beach,1439164800.0,23.5,1.03,0.087,,CalumetBeach201508102400,0,23.5,1.03,0.087,3.0
2015-08-10 01:00:00,Calumet Beach,1439168400.0,23.5,0.94,0.098,2.0,CalumetBeach201508100100,0,23.5,0.94,0.098,2.0
2015-08-10 02:00:00,Calumet Beach,1439172000.0,23.4,0.95,0.077,2.0,CalumetBeach201508100200,0,23.4,0.95,0.077,2.0
2015-08-10 03:00:00,Calumet Beach,1439175600.0,23.3,0.97,0.083,2.0,CalumetBeach201508100300,0,23.3,0.97,0.083,2.0
2015-08-10 04:00:00,Calumet Beach,1439179200.0,23.0,0.93,,5.0,CalumetBeach201508100400,0,23.0,0.93,0.077,5.0
2015-08-10 05:00:00,Calumet Beach,1439182800.0,22.7,,,5.0,CalumetBeach201508100500,0,22.7,0.72,0.071,5.0
2015-08-10 06:00:00,Calumet Beach,1439186400.0,22.6,0.62,0.072,,CalumetBeach201508100600,0,22.6,0.62,0.072,2.0
2015-08-10 07:00:00,Calumet Beach,1439190000.0,,0.63,0.066,8.0,CalumetBeach201508100700,0,22.6,0.63,0.066,8.0
2015-08-10 08:00:00,Calumet Beach,1439193600.0,22.6,0.63,0.07,2.0,CalumetBeach201508100800,0,22.6,0.63,0.07,2.0
2015-08-10 09:00:00,Calumet Beach,1439197200.0,22.5,0.55,0.081,2.0,CalumetBeach201508100900,0,22.5,0.55,0.081,2.0
2015-08-10 10:00:00,Calumet Beach,1439200800.0,22.7,,0.067,6.0,CalumetBeach201508101000,0,22.7,0.4,0.067,6.0
2015-08-10 11:00:00,Calumet Beach,1439204400.0,22.8,0.5,0.075,7.0,CalumetBeach201508101100,0,22.8,0.5,0.075,7.0
2015-08-10 12:00:00,Calumet Beach,1439208000.0,23.2,0.42,,3.0,CalumetBeach201508101200,0,23.2,0.42,0.103,3.0
2015-08-10 13:00:00,Calumet Beach,1439211600.0,23.9,,,2.0,CalumetBeach201508101300,0,23.9,0.6,0.117,2.0
2015-08-10 14:00:00,Calumet Beach,1439215200.0,24.4,,0.14,3.0,CalumetBeach201508101400,0,24.4,0.73,0.14,3.0
2015-08-10 15:00:00,Calumet Beach,1439218800.0,24.2,0.63,0.145,3.0,CalumetBeach201508101500,0,24.2,0.63,0.145,3.0
2015-08-10 16:00:00,Calumet Beach,1439222400.0,24.5,,0.151,3.0,CalumetBeach201508101600,0,24.5,0.79,0.151,3.0
2015-08-10 17:00:00,Calumet Beach,1439226000.0,24.3,1.12,0.149,,CalumetBeach201508101700,0,24.3,1.12,0.149,3.0
2015-08-10 18:00:00,Calumet Beach,1439229600.0,23.8,0.7,0.155,4.0,CalumetBeach201508101800,0,23.8,0.7,0.155,4.0
2015-08-10 19:00:00,Calumet Beach,1439233200.0,23.7,0.66,0.156,3.0,CalumetBeach201508101900,0,23.7,0.66,0.156,3.0
2015-08-10 20:00:00,Calumet Beach,1439236800.0,23.6,0.62,0.158,,CalumetBeach201508102000,0,23.6,0.62,0.158,4.0
2015-08-10 21:00:00,Calumet Beach,1439240400.0,,,0.164,4.0,CalumetBeach201508102100,0,23.6,0.65,0.164,4.0
2015-08-10 22:00:00,Calumet Beach,1439244000.0,23.5,0.6,0.158,3.0,CalumetBeach201508102200,0,23.5,0.6,0.158,3.0
2015-08-10 23:00:00,Calumet Beach,1439247600.0,23.5,0.6,0.156,4.0,CalumetBeach201508102300,0,23.5,0.6,0.156,4.0
2015-08-11 00:00:00,Calumet Beach,1439251200.0,23.4,,0.169,,CalumetBeach201508112400,0,23.4,0.61,0.169,4.0
2015-08-11 01:00:00,Calumet Beach,1439254800.0,23.4,,,3.0,CalumetBeach201508110100,0,23.4,0.59,0.16,3.0
2015-08-11 02:00:00,Calumet Beach,1439258400.0,,0.89,0.155,3.0,CalumetBeach201508110200,0,23.4,0.89,0.155,3.0
2015-08-11 03:00:00,Calumet Beach,1439262000.0,23.3,0.67,0.126,3.0,CalumetBeach201508110300,0,23.3,0.67,0.126,3.0
2015-08-11 04:00:00,Calumet Beach,1439265600.0,23.3,0.6,,3.0,CalumetBeach201508110400,0,23.3,0.6,0.124,3.0
2015-08-11 05:00:00,Calumet Beach,1439269200.0,23.3,0.58,,3.0,CalumetBeach201508110500,0,23.3,0.58,0.145,3.0
2015-08-11 06:00:00,Calumet Beach,1439272800.0,23.2,0.5,0.154,4.0,CalumetBeach201508110600,0,23.2,0.5,0.154,4.0
2015-08-11 07:00:00,Calumet Beach,1439276400.0,,0.5,0.157,4.0,CalumetBeach201508110700,0,23.2,0.5,0.157,4.0
2015-08-11 08:00:00,Calumet Beach,1439280000.0,23.2,,0.18,,CalumetBeach201508110800,0,23.2,0.57,0.18,4.0
2015-08-11 09:00:00,Calumet Beach,1439283600.0,23.3,0.52,,4.0,CalumetBeach201508110900,0,23.3,0.52,0.188,4.0
2015-08-11 10:00:00,Calumet Beach,1439287200.0,23.5,0.51,0.184,4.0,CalumetBeach201508111000,0,23.5,0.51,0.184,4.0
2015-08-11 11:00:00,Calumet Beach,1439290800.0,23.7,0.6,0.178,4.0,CalumetBeach201508111100,0,23.7,0.6,0.178,4.0
2015-08-11 12:00:00,Calumet Beach,1439294400.0,,0.56,0.175,4.0,CalumetBeach201508111200,0,24.0,0.56,0.175,4.0
2015-08-11 13:00:00,Calumet Beach,1439298000.0,,,0.18,,CalumetBeach201508111300,0,24.2,0.59,0.18,4.0
2015-08-11 14:00:00,Calumet Beach,1439301600.0,24.3,0.65,0.179,,CalumetBeach201508111400,0,24.3,0.65,0.179,4.0
2015-08-11 15:00:00,Calumet Beach,1439305200.0,24.4,0.64,0.19,3.0,CalumetBeach201508111500,0,24.4,0.64,0.19,3.0
2015-08-11 16:00:00,Calumet Beach,1439308800.0,,0.71,,3.0,CalumetBeach201508111600,0,24.4,0.71,0.193,3.0
2015-08-11 17:00:00,Calumet Beach,1439312400.0,24.4,0.62,0.2,4.0,CalumetBeach201508111700,0,24.4,0.62,0.2,4.0
2015-08-11 18:00:00,Calumet Beach,1439316000.0,,0.71,0.209,3.0,CalumetBeach201508111800,0,24.3,0.71,0.209,3.0
2015-08-11 19:00:00,Calumet Beach,1439319600.0,,0.65,0.199,3.0,CalumetBeach201508111900,0,24.7,0.65,0.199,3.0
2015-08-11 20:00:00,Calumet Beach,1439323200.0,24.9,0.83,0.198,4.0,CalumetBeach201508112000,0,24.9,0.83,0.198,4.0
2015-08-11 21:00:00,Calumet Beach,1439326800.0,24.8,1.11,0.196,,CalumetBeach201508112100,0,24.8,1.11,0.196,4.0
2015-08-11 22:00:00,Calumet Beach,1439330400.0,24.3,0.75,,3.0,CalumetBeach201508112200,0,24.3,0.75,0.202,3.0
2015-08-11 23:00:00,Calumet Beach,1439334000.0,,0.96,0.2,5.0,CalumetBeach201508112300,0,24.1,0.96,0.2,5.0
2015-08-12 00:00:00,Calumet Beach,1439337600.0,24.0,0.95,0.21,5.0,CalumetBeach201508122400,0,24.0,0.95,0.21,5.0
2015-08-12 01:00:00,Calumet Beach,1439341200.0,23.9,0.98,0.203,6.0,CalumetBeach201508120100,0,23.9,0.98,0.203,6.0
2015-08-12 02:00:00,Calumet Beach,1439344800.0,23.8,1.2,0.212,5.0,CalumetBeach201508120200,0,23.8,1.2,0.212,5.0
2015-08-12 03:00:00,Calumet Beach,1439348400.0,23.7,1.31,0.211,3.0,CalumetBeach201508120300,0,23.7,1.31,0.211,3.0
2015-08-12 04:00:00,Calumet Beach,1439352000.0,23.6,1.2,,4.0,CalumetBeach201508120400,0,23.6,1.2,0.209,4.0
2015-08-12 05:00:00,Calumet Beach,1439355600.0,23.6,1.13,0.225,4.0,CalumetBeach201508120500,0,23.6,1.13,0.225,4.0
2015-08-12 06:00:00,Calumet Beach,1439359200.0,23.5,,0.206,3.0,CalumetBeach201508120600,0,23.5,1.32,0.206,3.0
2015-08-12 07:00:00,Calumet Beach,1439362800.0,23.5,1.08,0.206,4.0,CalumetBeach201508120700,0,23.5,1.08,0.206,4.0
2015-08-12 08:00:00,Calumet Beach,1439366400.0,23.5,1.45,0.208,4.0,CalumetBeach201508120800,0,23.5,1.45,0.208,4.0
2015-08-12 09:00:00,Calumet Beach,1439370000.0,,1.17,0.206,3.0,CalumetBeach201508120900,0,23.5,1.17,0.206,3.0
2015-08-12 10:00:00,Calumet Beach,1439373600.0,23.6,1.37,0.21,,CalumetBeach201508121000,0,23.6,1.37,0.21,4.0
2015-08-12 11:00:00,Calumet Beach,1439377200.0,23.8,,0.21,4.0,CalumetBeach201508121100,0,23.8,1.51,0.21,4.0
2015-08-12 12:00:00,Calumet Beach,1439380800.0,24.1,1.26,0.205,3.0,CalumetBeach201508121200,0,24.1,1.26,0.205,3.0
2015-08-12 13:00:00,Calumet Beach,1439384400.0,24.3,1.37,,5.0,CalumetBeach201508121300,0,24.3,1.37,0.207,5.0
2015-08-12 14:00:00,Calumet Beach,1439388000.0,24.5,1.08,0.209,3.0,CalumetBeach201508121400,0,24.5,1.08,0.209,3.0
2015-08-12 15:00:00,Calumet Beach,1439391600.0,24.7,1.12,,6.0,CalumetBeach201508121500,0,24.7,1.12,0.218,6.0
2015-08-12 16:00:00,Calumet Beach,1439395200.0,24.9,1.18,0.199,6.0,CalumetBeach201508121600,0,24.9,1.18,0.199,6.0
2015-08-12 17:00:00,Calumet Beach,1439398800.0,25.0,1.32,0.184,4.0,CalumetBeach201508121700,0,25.0,1.32,0.184,4.0
2015-08-12 18:00:00,Calumet Beach,1439402400.0,25.7,2.02,0.2,3.0,CalumetBeach201508121800,0,25.7,2.02,0.2,3.0
2015-08-12 19:00:00,Calumet Beach,1439406000.0,26.0,2.83,0.189,,CalumetBeach201508121900,0,26.0,2.83,0.189,3.0
2015-08-12 20:00:00,Calumet Beach,1439409600.0,25.5,2.26,0.177,,CalumetBeach201508122000,0,25.5,2.26,0.177,7.0
2015-08-12 21:00:00,Calumet Beach,1439413200.0,25.0,1.61,0.168,,CalumetBeach201508122100,0,25.0,1.61,0.168,4.0
2015-08-12 22:00:00,Calumet Beach,1439416800.0,24.8,1.85,0.176,,CalumetBeach201508122200,0,24.8,1.85,0.176,4.0
2015-08-12 23:00:00,Calumet Beach,1439420400.0,24.6,1.57,0.167,,CalumetBeach201508122300,0,24.6,1.57,0.167,4.0
2015-08-13 00:00:00,Calumet Beach,1439424000.0,24.3,2.13,0.159,4.0,CalumetBeach201508132400,0,24.3,2.13,0.159,4.0
2015-08-13 01:00:00,Calumet Beach,1439427600.0,23.9,2.37,0.143,4.0,CalumetBeach201508130100,0,23.9,2.37,0.143,4.0
2015-08-13 02:00:00,Calumet Beach,1439431200.0,23.7,1.45,0.135,4.0,CalumetBeach201508130200,0,23.7,1.45,0.135,4.0
2015-08-13 03:00:00,Calumet Beach,1439434800.0,23.6,1.38,0.127,6.0,CalumetBeach201508130300,0,23.6,1.38,0.127,6.0
2015-08-13 04:00:00,Calumet Beach,1439438400.0,23.5,1.15,,4.0,CalumetBeach201508130400,0,23.5,1.15,0.118,4.0
2015-08-13 05:00:00,Calumet Beach,1439442000.0,23.5,1.12,0.1,4.0,CalumetBeach201508130500,0,23.5,1.12,0.1,4.0
2015-08-13 06:00:00,Calumet Beach,1439445600.0,23.4,1.06,0.096,4.0,CalumetBeach201508130600,0,23.4,1.06,0.096,4.0
2015-08-13 07:00:00,Calumet Beach,1439449200.0,23.3,,0.086,4.0,CalumetBeach201508130700,0,23.3,1.06,0.086,4.0
2015-08-13 08:00:00,Calumet Beach,1439452800.0,23.3,1.05,0.08,,CalumetBeach201508130800,0,23.3,1.05,0.08,5.0
2015-08-13 09:00:00,Calumet Beach,1439456400.0,,1.13,,,CalumetBeach201508130900,0,23.4,1.13,0.075,4.0
2015-08-13 10:00:00,Calumet Beach,1439460000.0,23.6,0.86,,5.0,CalumetBeach201508131000,0,23.6,0.86,0.075,5.0
2015-08-13 11:00:00,Calumet Beach,1439463600.0,23.8,0.91,,2.0,CalumetBeach201508131100,0,23.8,0.91,0.158,2.0
2015-08-13 12:00:00,Calumet Beach,1439467200.0,24.3,,0.105,3.0,CalumetBeach201508131200,0,24.3,0.9,0.105,3.0
2015-08-13 13:00:00,Calumet Beach,1439470800.0,24.3,,0.111,2.0,CalumetBeach201508131300,0,24.3,0.86,0.111,2.0
2015-08-13 14:00:00,Calumet Beach,1439474400.0,24.2,0.79,0.096,3.0,CalumetBeach201508131400,0,24.2,0.79,0.096,3.0
2015-08-13 15:00:00,Calumet Beach,1439478000.0,24.2,0.89,0.095,3.0,CalumetBeach201508131500,0,24.2,0.89,0.095,3.0
2015-08-13 16:00:00,Calumet Beach,1439481600.0,,0.89,0.098,2.0,CalumetBeach201508131600,0,24.2,0.89,0.098,2.0
2015-08-13 17:00:00,Calumet Beach,1439485200.0,24.5,1.12,0.082,5.0,CalumetBeach201508131700,0,24.5,1.12,0.082,5.0
2015-08-13 18:00:00,Calumet Beach,1439488800.0,,0.95,,,CalumetBeach201508131800,0,24.2,0.95,0.103,3.0
2015-08-13 19:00:00,Calumet Beach,1439492400.0,24.1,0.96,0.086,4.0,CalumetBeach201508131900,0,24.1,0.96,0.086,4.0
2015-08-13 20:00:00,Calumet Beach,1439496000.0,,0.98,0.087,2.0,CalumetBeach201508132000,0,24.0,0.98,0.087,2.0
2015-08-13 21:00:00,Calumet Beach,1439499600.0,23.7,1.34,,5.0,CalumetBeach201508132100,0,23.7,1.34,0.08,5.0
2015-08-13 22:00:00,Calumet Beach,1439503200.0,23.6,1.07,0.08,4.0,CalumetBeach201508132200,0,23.6,1.07,0.08,4.0
2015-08-13 23:00:00,Calumet Beach,1439506800.0,23.5,,0.069,10.0,CalumetBeach201508132300,0,23.5,1.06,0.069,10.0
2015-08-14 00:00:00,Calumet Beach,1439510400.0,,0.97,0.07,4.0,CalumetBeach201508142400,0,23.4,0.97,0.07,4.0
2015-08-14 01:00:00,Calumet Beach,1439514000.0,23.3,0.97,0.067,9.0,CalumetBeach201508140100,0,23.3,0.97,0.067,9.0
2015-08-14 02:00:00,Calumet Beach,1439517600.0,23.3,0.96,0.064,8.0,CalumetBeach201508140200,0,23.3,0.96,0.064,8.0
2015-08-14 03:00:00,Calumet Beach,1439521200.0,23.2,0.94,0.06,6.0,CalumetBeach201508140300,0,23.2,0.94,0.06,6.0
2015-08-14 04:00:00,Calumet Beach,1439524800.0,23.1,1.1,0.066,2.0,CalumetBeach201508140400,0,23.1,1.1,0.066,2.0
2015-08-14 05:00:00,Calumet Beach,1439528400.0,23.0,,0.069,10.0,CalumetBeach201508140500,0,23.0,0.74,0.069,10.0
2015-08-14 06:00:00,Calumet Beach,1439532000.0,22.9,0.69,0.075,,CalumetBeach201508140600,0,22.9,0.69,0.075,2.0
2015-08-14 07:00:00,Calumet Beach,1439535600.0,22.9,,0.064,2.0,CalumetBeach201508140700,0,22.9,0.72,0.064,2.0
2015-08-14 08:00:00,Calumet Beach,1439539200.0,22.8,0.87,0.072,7.0,CalumetBeach201508140800,0,22.8,0.87,0.072,7.0
2015-08-14 09:00:00,Calumet Beach,1439542800.0,22.9,0.8,0.083,3.0,CalumetBeach201508140900,0,22.9,0.8,0.083,3.0
2015-08-14 10:00:00,Calumet Beach,1439546400.0,,,0.083,2.0,CalumetBeach201508141000,0,22.9,0.77,0.083,2.0
2015-08-14 11:00:00,Calumet Beach,1439550000.0,23.0,,0.13,3.0,CalumetBeach201508141100,0,23.0,0.84,0.13,3.0
2015-08-14 12:00:00,Calumet Beach,1439553600.0,22.9,0.92,0.104,3.0,CalumetBeach201508141200,0,22.9,0.92,0.104,3.0
2015-08-14 13:00:00,Calumet Beach,1439557200.0,,0.89,0.101,3.0,CalumetBeach201508141300,0,23.2,0.89,0.101,3.0
2015-08-14 14:00:00,Calumet Beach,1439560800.0,23.4,1.08,0.125,2.0,CalumetBeach201508141400,0,23.4,1.08,0.125,2.0
2015-08-14 15:00:00,Calumet Beach,1439564400.0,23.1,,0.122,2.0,CalumetBeach201508141500,0,23.1,0.98,0.122,2.0
2015-08-14 16:00:00,Calumet Beach,1439568000.0,,1.15,0.116,2.0,CalumetBeach201508141600,0,23.4,1.15,0.116,2.0
2015-08-14 17:00:00,Calumet Beach,1439571600.0,23.3,1.13,0.133,2.0,CalumetBeach201508141700,0,23.3,1.13,0.133,2.0
2015-08-14 18:00:00,Calumet Beach,1439575200.0,23.1,1.23,0.103,3.0,CalumetBeach201508141800,0,23.1,1.23,0.103,3.0
2015-08-14 19:00:00,Calumet Beach,1439578800.0,23.0,1.08,0.102,3.0,CalumetBeach201508141900,0,23.0,1.08,0.102,3.0
2015-08-14 20:00:00,Calumet Beach,1439582400.0,22.8,,0.125,,CalumetBeach201508142000,0,22.8,1.0,0.125,3.0
2015-08-14 21:00:00,Calumet Beach,1439586000.0,22.8,1.29,,3.0,CalumetBeach201508142100,0,22.8,1.29,0.095,3.0
2015-08-14 22:00:00,Calumet Beach,1439589600.0,22.6,1.3,,3.0,CalumetBeach201508142200,0,22.6,1.3,0.14,3.0
2015-08-14 23:00:00,Calumet Beach,1439593200.0,22.6,1.24,0.116,3.0,CalumetBeach201508142300,0,22.6,1.24,0.116,3.0
2015-08-15 00:00:00,Calumet Beach,1439596800.0,22.5,1.2,0.185,4.0,CalumetBeach201508152400,0,22.5,1.2,0.185,4.0
2015-08-15 01:00:00,Calumet Beach,1439600400.0,,1.07,0.176,,CalumetBeach201508150100,0,22.4,1.07,0.176,4.0
2015-08-15 02:00:00,Calumet Beach,1439604000.0,22.4,1.05,0.146,4.0,CalumetBeach201508150200,0,22.4,1.05,0.146,4.0
2015-08-15 03:00:00,Calumet Beach,1439607600.0,22.5,1.09,0.124,4.0,CalumetBeach201508150300,0,22.5,1.09,0.124,4.0
2015-08-15 04:00:00,Calumet Beach,1439611200.0,,1.3,0.126,,CalumetBeach201508150400,0,22.4,1.3,0.126,4.0
2015-08-15 05:00:00,Calumet Beach,1439614800.0,22.4,1.42,0.113,4.0,CalumetBeach201508150500,0,22.4,1.42,0.113,4.0
2015-08-15 06:00:00,Calumet Beach,1439618400.0,22.3,1.42,0.11,4.0,CalumetBeach201508150600,0,22.3,1.42,0.11,4.0
2015-08-15 07:00:00,Calumet Beach,1439622000.0,22.4,1.29,,4.0,CalumetBeach201508150700,0,22.4,1.29,0.105,4.0
2015-08-15 08:00:00,Calumet Beach,1439625600.0,22.4,1.03,0.098,4.0,CalumetBeach201508150800,0,22.4,1.03,0.098,4.0
2015-08-15 09:00:00,Calumet Beach,1439629200.0,22.5,,0.111,3.0,CalumetBeach201508150900,0,22.5,1.03,0.111,3.0
2015-08-15 10:00:00,Calumet Beach,1439632800.0,22.8,1.01,0.135,4.0,CalumetBeach201508151000,0,22.8,1.01,0.135,4.0
2015-08-15 11:00:00,Calumet Beach,1439636400.0,,0.95,0.167,3.0,CalumetBeach201508151100,0,23.1,0.95,0.167,3.0
2015-08-15 12:00:00,Calumet Beach,1439640000.0,23.4,1.12,0.136,4.0,CalumetBeach201508151200,0,23.4,1.12,0.136,4.0
2015-08-15 13:00:00,Calumet Beach,1439643600.0,23.9,1.19,0.173,2.0,CalumetBeach201508151300,0,23.9,1.19,0.173,2.0
2015-08-15 14:00:00,Calumet Beach,1439647200.0,24.0,,0.14,,CalumetBeach201508151400,0,24.0,0.89,0.14,3.0
2015-08-15 15:00:00,Calumet Beach,1439650800.0,24.3,0.98,0.16,2.0,CalumetBeach201508151500,0,24.3,0.98,0.16,2.0
2015-08-15 16:00:00,Calumet Beach,1439654400.0,,0.95,0.198,2.0,CalumetBeach201508151600,0,24.8,0.95,0.198,2.0
2015-08-15 17:00:00,Calumet Beach,1439658000.0,25.4,1.71,0.173,2.0,CalumetBeach201508151700,0,25.4,1.71,0.173,2.0
2015-08-15 18:00:00,Calumet Beach,1439661600.0,,,0.144,2.0,CalumetBeach201508151800,0,24.5,1.41,0.144,2.0
2015-08-15 19:00:00,Calumet Beach,,,,,,,1,,,,
2015-08-15 20:00:00,Calumet Beach,1439668800.0,23.7,1.19,0.109,3.0,CalumetBeach201508152000,0,23.7,1.19,0.109,3.0
2015-08-15 21:00:00,Calumet Beach,1439672400.0,23.5,1.06,0.098,4.0,CalumetBeach201508152100,0,23.5,1.06,0.098,4.0
2015-08-15 22:00:00,Calumet Beach,1439676000.0,23.5,0.96,0.082,3.0,CalumetBeach201508152200,0,23.5,0.96,0.082,3.0
2015-08-15 23:00:00,Calumet Beach,1439679600.0,,1.18,0.09,,CalumetBeach201508152300,0,23.5,1.18,0.09,4.0
2015-08-16 00:00:00,Calumet Beach,1439683200.0,23.4,1.02,0.088,,CalumetBeach201508162400,0,23.4,1.02,0.088,4.0
2015-08-16 01:00:00,Calumet Beach,,,,,,,1,,,,
2015-08-16 02:00:00,Calumet Beach,1439690400.0,,0.9,0.071,4.0,CalumetBeach201508160200,0,23.4,0.9,0.071,4.0
2015-08-16 03:00:00,Calumet Beach,1439694000.0,23.3,0.97,0.069,6.0,CalumetBeach201508160300,0,23.3,0.97,0.069,6.0
2015-08-16 04:00:00,Calumet Beach,1439697600.0,23.2,0.87,0.065,6.0,CalumetBeach201508160400,0,23.2,0.87,0.065,6.0
2015-08-16 05:00:00,Calumet Beach,1439701200.0,23.1,0.89,0.063,5.0,CalumetBeach201508160500,0,23.1,0.89,0.063,5.0
2015-08-16 06:00:00,Calumet Beach,1439704800.0,22.9,0.97,0.06,5.0,CalumetBeach201508160600,0,22.9,0.97,0.06,5.0
2015-08-16 07:00:00,Calumet Beach,1439708400.0,22.9,0.84,0.055,,CalumetBeach201508160700,0,22.9,0.84,0.055,8.0
2015-08-16 08:00:00,Calumet Beach,1439712000.0,23.0,0.75,0.069,7.0,CalumetBeach201508160800,0,23.0,0.75,0.069,7.0
2015-08-16 09:00:00,Calumet Beach,1439715600.0,,0.98,0.079,2.0,CalumetBeach201508160900,0,23.2,0.98,0.079,2.0
2015-08-16 10:00:00,Calumet Beach,1439719200.0,23.6,,0.106,4.0,CalumetBeach201508161000,0,23.6,1.0,0.106,4.0
2015-08-16 11:00:00,Calumet Beach,1439722800.0,23.6,1.06,0.142,4.0,CalumetBeach201508161100,0,23.6,1.06,0.142,4.0
2015-08-16 12:00:00,Calumet Beach,1439726400.0,,1.15,0.131,2.0,CalumetBeach201508161200,0,23.7,1.15,0.131,2.0
2015-08-16 13:00:00,Calumet Beach,1439730000.0,23.8,1.31,0.175,3.0,CalumetBeach201508161300,0,23.8,1.31,0.175,3.0
2015-08-16 14:00:00,Calumet Beach,1439733600.0,23.9,1.4,0.171,3.0,CalumetBeach201508161400,0,23.9,1.4,0.171,3.0
2015-08-16 15:00:00,Calumet Beach,1439737200.0,24.0,1.66,0.125,3.0,CalumetBeach201508161500,0,24.0,1.66,0.125,3.0
2015-08-16 16:00:00,Calumet Beach,1439740800.0,23.7,1.97,0.168,2.0,CalumetBeach201508161600,0,23.7,1.97,0.168,2.0
2015-08-16 17:00:00,Calumet Beach,1439744400.0,23.6,1.64,0.159,2.0,CalumetBeach201508161700,0,23.6,1.64,0.159,2.0
2015-08-16 18:00:00,Calumet Beach,1439748000.0,,,0.141,2.0,CalumetBeach201508161800,0,23.8,3.12,0.141,2.0
2015-08-16 19:00:00,Calumet Beach,1439751600.0,23.4,2.14,,3.0,CalumetBeach201508161900,0,23.4,2.14,0.135,3.0
2015-08-16 20:00:00,Calumet Beach,1439755200.0,23.0,1.41,0.107,4.0,CalumetBeach201508162000,0,23.0,1.41,0.107,4.0
2015-08-16 21:00:00,Calumet Beach,1439758800.0,23.0,1.52,,2.0,CalumetBeach201508162100,0,23.0,1.52,0.095,2.0
2015-08-16 22:00:00,Calumet Beach,1439762400.0,23.0,,0.086,2.0,CalumetBeach201508162200,0,23.0,1.83,0.086,2.0
2015-08-16 23:00:00,Calumet Beach,1439766000.0,22.8,1.14,0.084,3.0,CalumetBeach201508162300,0,22.8,1.14,0.084,3.0
2015-08-17 00:00:00,Calumet Beach,1439769600.0,,0.9,0.077,4.0,CalumetBeach201508172400,0,22.6,0.9,0.077,4.0
2015-08-17 01:00:00,Calumet Beach,1439773200.0,22.5,1.02,0.069,3.0,CalumetBeach201508170100,0,22.5,1.02,0.069,3.0
2015-08-17 02:00:00,Calumet Beach,1439776800.0,22.5,0.97,0.064,5.0,CalumetBeach201508170200,0,22.5,0.97,0.064,5.0
2015-08-17 03:00:00,Calumet Beach,1439780400.0,22.4,,0.065,3.0,CalumetBeach201508170300,0,22.4,1.03,0.065,3.0
2015-08-17 04:00:00,Calumet Beach,1439784000.0,22.3,1.01,0.059,3.0,CalumetBeach201508170400,0,22.3,1.01,0.059,3.0
2015-08-17 05:00:00,Calumet Beach,1439787600.0,22.2,1.04,0.058,10.0,CalumetBeach201508170500,0,22.2,1.04,0.058,10.0
2015-08-17 06:00:00,Calumet Beach,1439791200.0,22.2,1.03,0.055,,CalumetBeach201508170600,0,22.2,1.03,0.055,9.0
2015-08-17 07:00:00,Calumet Beach,1439794800.0,22.1,,,9.0,CalumetBeach201508170700,0,22.1,0.99,0.054,9.0
2015-08-17 08:00:00,Calumet Beach,1439798400.0,,,,,CalumetBeach201508170800,1,22.2,0.92,0.051,3.0
2015-08-17 09:00:00,Calumet Beach,1439802000.0,22.5,0.91,0.055,6.0,CalumetBeach201508170900,0,22.5,0.91,0.055,6.0
2015-08-17 10:00:00,Calumet Beach,1439805600.0,22.7,0.84,0.057,3.0,CalumetBeach201508171000,0,22.7,0.84,0.057,3.0
2015-08-17 11:00:00,Calumet Beach,1439809200.0,,0.9,,7.0,CalumetBeach201508171100,0,22.9,0.9,0.066,7.0
2015-08-17 12:00:00,Calumet Beach,1439812800.0,22.8,0.92,0.07,4.0,CalumetBeach201508171200,0,22.8,0.92,0.07,4.0
2015-08-17 13:00:00,Calumet Beach,1439816400.0,23.1,1.07,0.119,3.0,CalumetBeach201508171300,0,23.1,1.07,0.119,3.0
2015-08-17 14:00:00,Calumet Beach,1439820000.0,,1.21,0.067,3.0,CalumetBeach201508171400,0,22.7,1.21,0.067,3.0
2015-08-17 15:00:00,Calumet Beach,1439823600.0,22.9,,0.067,3.0,CalumetBeach201508171500,0,22.9,0.86,0.067,3.0
2015-08-17 16:00:00,Calumet Beach,1439827200.0,,,0.103,,CalumetBeach201508171600,0,23.0,1.11,0.103,2.0
2015-08-17 17:00:00,Calumet Beach,1439830800.0,23.0,1.22,0.091,2.0,CalumetBeach201508171700,0,23.0,1.22,0.091,2.0
2015-08-17 18:00:00,Calumet Beach,1439834400.0,23.2,1.27,0.085,2.0,CalumetBeach201508171800,0,23.2,1.27,0.085,2.0
2015-08-17 19:00:00,Calumet Beach,1439838000.0,23.3,,0.071,9.0,CalumetBeach201508171900,0,23.3,1.46,0.071,9.0
2015-08-17 20:00:00,Calumet Beach,1439841600.0,22.7,1.47,0.096,2.0,CalumetBeach201508172000,0,22.7,1.47,0.096,2.0
2015-08-17 21:00:00,Calumet Beach,1439845200.0,22.0,1.21,0.126,2.0,CalumetBeach201508172100,0,22.0,1.21,0.126,2.0
2015-08-17 22:00:00,Calumet Beach,1439848800.0,22.1,1.28,0.103,2.0,CalumetBeach201508172200,0,22.1,1.28,0.103,2.0
2015-08-17 23:00:00,Calumet Beach,1439852400.0,22.0,1.22,0.088,2.0,CalumetBeach201508172300,0,22.0,1.22,0.088,2.0
2015-08-18 00:00:00,Calumet Beach,1439856000.0,22.2,1.23,0.08,3.0,CalumetBeach201508182400,0,22.2,1.23,0.08,3.0
2015-08-18 01:00:00,Calumet Beach,1439859600.0,22.1,1.19,,3.0,CalumetBeach201508180100,0,22.1,1.19,0.077,3.0
2015-08-18 02:00:00,Calumet Beach,1439863200.0,,1.17,0.086,3.0,CalumetBeach201508180200,0,21.9,1.17,0.086,3.0
2015-08-18 03:00:00,Calumet Beach,1439866800.0,21.6,,0.078,3.0,CalumetBeach201508180300,0,21.6,1.2,0.078,3.0
2015-08-18 04:00:00,Calumet Beach,1439870400.0,21.6,,0.106,2.0,CalumetBeach201508180400,0,21.6,1.08,0.106,2.0
2015-08-18 05:00:00,Calumet Beach,1439874000.0,21.6,1.04,0.11,,CalumetBeach201508180500,0,21.6,1.04,0.11,3.0
2015-08-18 06:00:00,Calumet Beach,1439877600.0,21.5,1.16,0.151,2.0,CalumetBeach201508180600,0,21.5,1.16,0.151,2.0
2015-08-18 07:00:00,Calumet Beach,1439881200.0,,1.2,0.102,2.0,CalumetBeach201508180700,0,21.5,1.2,0.102,2.0
2015-08-18 08:00:00,Calumet Beach,1439884800.0,21.6,0.99,,2.0,CalumetBeach201508180800,0,21.6,0.99,0.084,2.0
2015-08-18 09:00:00,Calumet Beach,1439888400.0,,0.99,,3.0,CalumetBeach201508180900,0,21.7,0.99,0.085,3.0
2015-08-18 10:00:00,Calumet Beach,1439892000.0,21.8,1.06,0.094,2.0,CalumetBeach201508181000,0,21.8,1.06,0.094,2.0
2015-08-18 11:00:00,Calumet Beach,1439895600.0,22.0,1.06,0.102,2.0,CalumetBeach201508181100,0,22.0,1.06,0.102,2.0
2015-08-18 12:00:00,Calumet Beach,1439899200.0,22.3,1.17,0.086,2.0,CalumetBeach201508181200,0,22.3,1.17,0.086,2.0
2015-08-18 13:00:00,Calumet Beach,1439902800.0,,1.15,,8.0,CalumetBeach201508181300,0,22.8,1.15,0.069,8.0
2015-08-18 14:00:00,Calumet Beach,1439906400.0,22.2,1.03,0.074,2.0,CalumetBeach201508181400,0,22.2,1.03,0.074,2.0
2015-08-18 15:00:00,Calumet Beach,1439910000.0,22.0,,,,CalumetBeach201508181500,0,22.0,0.99,0.077,4.0
2015-08-18 16:00:00,Calumet Beach,1439913600.0,21.6,1.05,,,CalumetBeach201508181600,0,21.6,1.05,0.075,4.0
2015-08-18 17:00:00,Calumet Beach,1439917200.0,21.3,1.03,0.08,2.0,CalumetBeach201508181700,0,21.3,1.03,0.08,2.0
2015-08-18 18:00:00,Calumet Beach,1439920800.0,21.2,1.07,0.127,2.0,CalumetBeach201508181800,0,21.2,1.07,0.127,2.0
2015-08-18 19:00:00,Calumet Beach,1439924400.0,,1.12,0.132,2.0,CalumetBeach201508181900,0,21.5,1.12,0.132,2.0
2015-08-18 20:00:00,Calumet Beach,1439928000.0,21.5,1.1,0.151,2.0,CalumetBeach201508182000,0,21.5,1.1,0.151,2.0
2015-08-18 21:00:00,Calumet Beach,1439931600.0,,,0.149,2.0,CalumetBeach201508182100,0,21.3,1.92,0.149,2.0
2015-08-18 22:00:00,Calumet Beach,1439935200.0,20.8,1.13,0.121,3.0,CalumetBeach201508182200,0,20.8,1.13,0.121,3.0
2015-08-18 23:00:00,Calumet Beach,1439938800.0,20.7,1.02,,2.0,CalumetBeach201508182300,0,20.7,1.02,0.129,2.0
2015-08-19 00:00:00,Calumet Beach,1439942400.0,20.7,0.89,0.131,,CalumetBeach201508192400,0,20.7,0.89,0.131,2.0
2015-08-19 01:00:00,Calumet Beach,1439946000.0,20.6,0.95,0.151,2.0,CalumetBeach201508190100,0,20.6,0.95,0.151,2.0
2015-08-19 02:00:00,Calumet Beach,1439949600.0,20.4,1.15,,3.0,CalumetBeach201508190200,0,20.4,1.15,0.139,3.0
2015-08-19 03:00:00,Calumet Beach,1439953200.0,20.3,1.14,0.112,3.0,CalumetBeach201508190300,0,20.3,1.14,0.112,3.0
2015-08-19 04:00:00,Calumet Beach,1439956800.0,20.2,,0.109,,CalumetBeach201508190400,0,20.2,1.16,0.109,2.0
2015-08-19 05:00:00,Calumet Beach,1439960400.0,20.1,0.98,0.098,2.0,CalumetBeach201508190500,0,20.1,0.98,0.098,2.0
2015-08-19 06:00:00,Calumet Beach,1439964000.0,20.1,0.93,0.099,2.0,CalumetBeach201508190600,0,20.1,0.93,0.099,2.0
2015-08-19 07:00:00,Calumet Beach,1439967600.0,19.9,,0.12,2.0,CalumetBeach201508190700,0,19.9,0.86,0.12,2.0
2015-08-19 08:00:00,Calumet Beach,1439971200.0,20.0,0.98,,2.0,CalumetBeach201508190800,0,20.0,0.98,0.088,2.0
2015-08-19 09:00:00,Calumet Beach,1439974800.0,20.0,0.89,,2.0,CalumetBeach201508190900,0,20.0,0.89,0.087,2.0
2015-08-19 10:00:00,Calumet Beach,1439978400.0,19.8,0.92,,2.0,CalumetBeach201508191000,0,19.8,0.92,0.09,2.0
2015-08-19 11:00:00,Calumet Beach,1439982000.0,19.7,0.81,0.09,,CalumetBeach201508191100,0,19.7,0.81,0.09,2.0
2015-08-19 12:00:00,Calumet Beach,1439985600.0,19.6,1.01,0.094,2.0,CalumetBeach201508191200,0,19.6,1.01,0.094,2.0
2015-08-19 13:00:00,Calumet Beach,1439989200.0,19.5,1.01,0.1,2.0,CalumetBeach201508191300,0,19.5,1.01,0.1,2.0
2015-08-19 14:00:00,Calumet Beach,1439992800.0,19.1,1.12,0.089,2.0,CalumetBeach201508191400,0,19.1,1.12,0.089,2.0
2015-08-19 15:00:00,Calumet Beach,1439996400.0,18.7,1.14,,2.0,CalumetBeach201508191500,0,18.7,1.14,0.092,2.0
2015-08-19 16:00:00,Calumet Beach,1440000000.0,,,0.123,3.0,CalumetBeach201508191600,0,18.4,1.32,0.123,3.0
2015-08-19 17:00:00,Calumet Beach,1440003600.0,17.6,0.68,0.106,,CalumetBeach201508191700,0,17.6,0.68,0.106,2.0
2015-08-19 18:00:00,Calumet Beach,1440007200.0,17.2,0.92,0.116,2.0,CalumetBeach201508191800,0,17.2,0.92,0.116,2.0
2015-08-19 19:00:00,Calumet Beach,1440010800.0,16.8,,0.098,2.0,CalumetBeach201508191900,0,16.8,0.45,0.098,2.0
2015-08-19 20:00:00,Calumet Beach,1440014400.0,16.6,0.52,0.087,8.0,CalumetBeach201508192000,0,16.6,0.52,0.087,8.0
2015-08-19 21:00:00,Calumet Beach,1440018000.0,16.4,,0.092,2.0,CalumetBeach201508192100,0,16.4,0.49,0.092,2.0
2015-08-19 22:00:00,Calumet Beach,1440021600.0,16.2,,,9.0,CalumetBeach201508192200,0,16.2,0.55,0.091,9.0
2015-08-19 23:00:00,Calumet Beach,1440025200.0,15.9,0.53,,2.0,CalumetBeach201508192300,0,15.9,0.53,0.096,2.0
2015-08-20 00:00:00,Calumet Beach,1440028800.0,15.7,0.59,0.092,10.0,CalumetBeach201508202400,0,15.7,0.59,0.092,10.0
2015-08-20 01:00:00,Calumet Beach,,,,,,,1,,,,
2015-08-20 02:00:00,Calumet Beach,1440036000.0,,0.53,0.09,4.0,CalumetBeach201508200200,0,15.6,0.53,0.09,4.0
2015-08-20 03:00:00,Calumet Beach,1440039600.0,15.5,0.6,0.081,2.0,CalumetBeach201508200300,0,15.5,0.6,0.081,2.0
2015-08-20 04:00:00,Calumet Beach,1440043200.0,15.5,0.39,0.081,7.0,CalumetBeach201508200400,0,15.5,0.39,0.081,7.0
2015-08-20 05:00:00,Calumet Beach,1440046800.0,15.5,0.62,,8.0,CalumetBeach201508200500,0,15.5,0.62,0.086,8.0
2015-08-20 06:00:00,Calumet Beach,1440050400.0,15.5,,0.085,,CalumetBeach201508200600,0,15.5,0.43,0.085,9.0
2015-08-20 07:00:00,Calumet Beach,1440054000.0,,0.32,,,CalumetBeach201508200700,0,15.5,0.32,0.089,8.0
2015-08-20 08:00:00,Calumet Beach,1440057600.0,15.5,0.29,0.084,2.0,CalumetBeach201508200800,0,15.5,0.29,0.084,2.0
2015-08-20 09:00:00,Calumet Beach,1440061200.0,15.8,,,2.0,CalumetBeach201508200900,0,15.8,0.38,0.093,2.0
2015-08-20 10:00:00,Calumet Beach,1440064800.0,,0.34,0.103,,CalumetBeach201508201000,0,16.0,0.34,0.103,3.0
2015-08-20 11:00:00,Calumet Beach,1440068400.0,16.1,0.37,0.111,5.0,CalumetBeach201508201100,0,16.1,0.37,0.111,5.0
2015-08-20 12:00:00,Calumet Beach,1440072000.0,16.3,0.42,0.113,,CalumetBeach201508201200,0,16.3,0.42,0.113,3.0
2015-08-20 13:00:00,Calumet Beach,1440075600.0,,0.67,0.114,3.0,CalumetBeach201508201300,0,16.6,0.67,0.114,3.0
2015-08-20 14:00:00,Calumet Beach,1440079200.0,16.8,0.7,,2.0,CalumetBeach201508201400,0,16.8,0.7,0.119,2.0
2015-08-20 15:00:00,Calumet Beach,1440082800.0,16.9,0.54,0.112,3.0,CalumetBeach201508201500,0,16.9,0.54,0.112,3.0
2015-08-20 16:00:00,Calumet Beach,,,,,,,1,,,,
2015-08-20 17:00:00,Calumet Beach,1440090000.0,16.9,0.64,0.124,3.0,CalumetBeach201508201700,0,16.9,0.64,0.124,3.0
2015-08-20 18:00:00,Calumet Beach,1440093600.0,16.7,0.46,0.119,3.0,CalumetBeach201508201800,0,16.7,0.46,0.119,3.0
2015-08-20 19:00:00,Calumet Beach,1440097200.0,16.6,0.71,0.125,3.0,CalumetBeach201508201900,0,16.6,0.71,0.125,3.0
2015-08-20 20:00:00,Calumet Beach,1440100800.0,16.5,0.53,,3.0,CalumetBeach201508202000,0,16.5,0.53,0.131,3.0
2015-08-20 21:00:00,Calumet Beach,1440104400.0,16.5,0.39,0.147,3.0,CalumetBeach201508202100,0,16.5,0.39,0.147,3.0
2015-08-20 22:00:00,Calumet Beach,1440108000.0,16.5,0.45,0.134,,CalumetBeach201508202200,0,16.5,0.45,0.134,3.0
2015-08-20 23:00:00,Calumet Beach,1440111600.0,16.4,,0.113,3.0,CalumetBeach201508202300,0,16.4,0.62,0.113,3.0
2015-08-21 00:00:00,Calumet Beach,1440115200.0,16.4,,0.106,3.0,CalumetBeach201508212400,0,16.4,0.5,0.106,3.0
2015-08-21 01:00:00,Calumet Beach,1440118800.0,,,0.095,4.0,CalumetBeach201508210100,0,16.4,0.48,0.095,4.0
2015-08-21 02:00:00,Calumet Beach,1440122400.0,16.4,0.44,0.093,3.0,CalumetBeach201508210200,0,16.4,0.44,0.093,3.0
2015-08-21 03:00:00,Calumet Beach,1440126000.0,16.4,0.37,0.087,3.0,CalumetBeach201508210300,0,16.4,0.37,0.087,3.0
2015-08-21 04:00:00,Calumet Beach,1440129600.0,16.3,0.81,0.089,5.0,CalumetBeach201508210400,0,16.3,0.81,0.089,5.0
2015-08-21 05:00:00,Calumet Beach,1440133200.0,16.3,0.41,0.084,4.0,CalumetBeach201508210500,0,16.3,0.41,0.084,4.0
2015-08-21 06:00:00,Calumet Beach,1440136800.0,16.3,,,4.0,CalumetBeach201508210600,0,16.3,0.37,0.082,4.0
2015-08-21 07:00:00,Calumet Beach,1440140400.0,16.2,0.39,0.083,4.0,CalumetBeach201508210700,0,16.2,0.39,0.083,4.0
2015-08-21 08:00:00,Calumet Beach,1440144000.0,16.3,0.39,,,CalumetBeach201508210800,0,16.3,0.39,0.081,3.0
2015-08-21 09:00:00,Calumet Beach,1440147600.0,16.5,0.29,0.082,3.0,CalumetBeach201508210900,0,16.5,0.29,0.082,3.0
2015-08-21 10:00:00,Calumet Beach,1440151200.0,,0.33,0.087,3.0,CalumetBeach201508211000,0,16.9,0.33,0.087,3.0
2015-08-21 11:00:00,Calumet Beach,1440154800.0,17.1,0.38,0.08,4.0,CalumetBeach201508211100,0,17.1,0.38,0.08,4.0
2015-08-21 12:00:00,Calumet Beach,1440158400.0,,0.37,,2.0,CalumetBeach201508211200,0,17.3,0.37,0.103,2.0
2015-08-21 13:00:00,Calumet Beach,,,,,,,1,,,,
2015-08-21 14:00:00,Calumet Beach,,,,,,,1,,,,
2015-08-21 15:00:00,Calumet Beach,,,,,,,1,,,,
2015-08-21 16:00:00,Calumet Beach,,,,,,,1,,,,
2015-08-21 17:00:00,Calumet Beach,,,,,,,1,,,,
2015-08-21 18:00:00,Calumet Beach,,,,,,,1,,,,
2015-08-21 19:00:00,Calumet Beach,,,,,,,1,,,,
2015-08-21 20:00:00,Calumet Beach,,,,,,,1,,,,
2015-08-21 21:00:00,Calumet Beach,,,,,,,1,,,,
2015-08-21 22:00:00,Calumet Beach,,,,,,,1,,,,
2015-08-21 23:00:00,Calumet Beach,,,,,,,1,,,,
2015-08-22 00:00:00,Calumet Beach,,,,,,,1,,,,
2015-08-22 01:00:00,Calumet Beach,,,,,,,1,,,,
2015-08-22 02:00:00,Calumet Beach,,,,,,,1,,,,
2015-08-22 03:00:00,Calumet Beach,,,,,,,1,,,,
2015-08-22 04:00:00,Calumet Beach,,,,,,,1,,,,
2015-08-22 05:00:00,Calumet Beach,,,,,,,1,,,,
2015-08-22 06:00:00,Calumet Beach,,,,,,,1,,,,
2015-08-22 07:00:00,Calumet Beach,,,,,,,1,,,,
2015-08-22 08:00:00,Calumet Beach,,,,,,,1,,,,
2015-08-22 09:00:00,Calumet Beach,1440234000.0,17.3,0.62,0.088,2.0,CalumetBeach201508220900,0,17.3,0.62,0.088,2.0
2015-08-22 10:00:00,Calumet Beach,1440237600.0,17.4,0.64,0.11,,CalumetBeach201508221000,0,17.4,0.64,0.11,2.0
2015-08-22 11:00:00,Calumet Beach,1440241200.0,17.3,0.57,0.12,2.0,CalumetBeach201508221100,0,17.3,0.57,0.12,2.0
2015-08-22 12:00:00,Calumet Beach,1440244800.0,,0.53,0.15,2.0,CalumetBeach201508221200,0,17.5,0.53,0.15,2.0
2015-08-22 13:00:00,Calumet Beach,1440248400.0,17.6,0.68,0.178,,CalumetBeach201508221300,0,17.6,0.68,0.178,2.0
2015-08-22 14:00:00,Calumet Beach,1440252000.0,,0.66,0.209,3.0,CalumetBeach201508221400,0,17.7,0.66,0.209,3.0
2015-08-22 15:00:00,Calumet Beach,,,,,,,1,,,,
2015-08-22 16:00:00,Calumet Beach,1440259200.0,17.9,0.73,0.214,2.0,CalumetBeach201508221600,0,17.9,0.73,0.214,2.0
2015-08-22 17:00:00,Calumet Beach,1440262800.0,,1.31,,3.0,CalumetBeach201508221700,0,18.3,1.31,0.199,3.0
2015-08-22 18:00:00,Calumet Beach,1440266400.0,,0.85,0.182,3.0,CalumetBeach201508221800,0,18.1,0.85,0.182,3.0
2015-08-22 19:00:00,Calumet Beach,1440270000.0,18.1,1.1,,2.0,CalumetBeach201508221900,0,18.1,1.1,0.169,2.0
2015-08-22 20:00:00,Calumet Beach,1440273600.0,18.0,1.12,0.166,2.0,CalumetBeach201508222000,0,18.0,1.12,0.166,2.0
2015-08-22 21:00:00,Calumet Beach,1440277200.0,18.0,0.87,0.159,,CalumetBeach201508222100,0,18.0,0.87,0.159,3.0
2015-08-22 22:00:00,Calumet Beach,1440280800.0,18.0,,0.145,2.0,CalumetBeach201508222200,0,18.0,1.01,0.145,2.0
2015-08-22 23:00:00,Calumet Beach,1440284400.0,18.2,1.9,0.127,2.0,CalumetBeach201508222300,0,18.2,1.9,0.127,2.0
2015-08-23 00:00:00,Calumet Beach,1440288000.0,18.2,1.89,,2.0,CalumetBeach201508232400,0,18.2,1.89,0.131,2.0
2015-08-23 01:00:00,Calumet Beach,,,,,,,1,,,,
2015-08-23 02:00:00,Calumet Beach,1440295200.0,17.7,1.03,0.108,3.0,CalumetBeach201508230200,0,17.7,1.03,0.108,3.0
2015-08-23 03:00:00,Calumet Beach,1440298800.0,17.5,0.83,0.129,2.0,CalumetBeach201508230300,0,17.5,0.83,0.129,2.0
2015-08-23 04:00:00,Calumet Beach,1440302400.0,17.4,0.76,0.133,,CalumetBeach201508230400,0,17.4,0.76,0.133,2.0
2015-08-23 05:00:00,Calumet Beach,1440306000.0,17.4,,0.131,2.0,CalumetBeach201508230500,0,17.4,0.84,0.131,2.0
2015-08-23 06:00:00,Calumet Beach,1440309600.0,17.5,0.9,0.123,2.0,CalumetBeach201508230600,0,17.5,0.9,0.123,2.0
2015-08-23 07:00:00,Calumet Beach,1440313200.0,17.3,0.76,0.108,2.0,CalumetBeach201508230700,0,17.3,0.76,0.108,2.0
2015-08-23 08:00:00,Calumet Beach,1440316800.0,17.3,0.54,0.116,2.0,CalumetBeach201508230800,0,17.3,0.54,0.116,2.0
2015-08-23 09:00:00,Calumet Beach,1440320400.0,,0.51,0.101,2.0,CalumetBeach201508230900,0,17.4,0.51,0.101,2.0
2015-08-23 10:00:00,Calumet Beach,1440324000.0,17.6,0.65,,2.0,CalumetBeach201508231000,0,17.6,0.65,0.088,2.0
2015-08-23 11:00:00,Calumet Beach,1440327600.0,17.6,0.52,0.077,5.0,CalumetBeach201508231100,0,17.6,0.52,0.077,5.0
2015-08-23 12:00:00,Calumet Beach,1440331200.0,,0.55,,4.0,CalumetBeach201508231200,0,17.7,0.55,0.077,4.0
2015-08-23 13:00:00,Calumet Beach,1440334800.0,,0.51,,3.0,CalumetBeach201508231300,0,17.9,0.51,0.073,3.0
2015-08-23 14:00:00,Calumet Beach,1440338400.0,18.2,0.99,0.106,3.0,CalumetBeach201508231400,0,18.2,0.99,0.106,3.0
2015-08-23 15:00:00,Calumet Beach,1440342000.0,18.1,0.66,0.12,3.0,CalumetBeach201508231500,0,18.1,0.66,0.12,3.0
2015-08-23 16:00:00,Calumet Beach,1440345600.0,18.2,0.88,0.117,2.0,CalumetBeach201508231600,0,18.2,0.88,0.117,2.0
2015-08-23 17:00:00,Calumet Beach,1440349200.0,,0.89,0.117,3.0,CalumetBeach201508231700,0,18.3,0.89,0.117,3.0
2015-08-23 18:00:00,Calumet Beach,1440352800.0,18.2,0.81,,,CalumetBeach201508231800,0,18.2,0.81,0.123,3.0
2015-08-23 19:00:00,Calumet Beach,1440356400.0,18.1,0.69,0.119,,CalumetBeach201508231900,0,18.1,0.69,0.119,3.0
2015-08-23 20:00:00,Calumet Beach,1440360000.0,18.0,0.79,0.125,,CalumetBeach201508232000,0,18.0,0.79,0.125,3.0
2015-08-23 21:00:00,Calumet Beach,1440363600.0,,0.68,0.123,3.0,CalumetBeach201508232100,0,17.5,0.68,0.123,3.0
2015-08-23 22:00:00,Calumet Beach,1440367200.0,16.7,,0.112,3.0,CalumetBeach201508232200,0,16.7,0.99,0.112,3.0
2015-08-23 23:00:00,Calumet Beach,1440370800.0,,0.9,0.106,3.0,CalumetBeach201508232300,0,16.5,0.9,0.106,3.0
2015-08-24 00:00:00,Calumet Beach,1440374400.0,16.9,0.44,0.134,3.0,CalumetBeach201508242400,0,16.9,0.44,0.134,3.0
2015-08-24 01:00:00,Calumet Beach,1440378000.0,,0.42,0.109,3.0,CalumetBeach201508240100,0,16.8,0.42,0.109,3.0
2015-08-24 02:00:00,Calumet Beach,1440381600.0,16.8,0.43,0.107,4.0,CalumetBeach201508240200,0,16.8,0.43,0.107,4.0
2015-08-24 03:00:00,Calumet Beach,1440385200.0,16.7,0.36,0.105,4.0,CalumetBeach201508240300,0,16.7,0.36,0.105,4.0
2015-08-24 04:00:00,Calumet Beach,1440388800.0,16.6,,0.103,3.0,CalumetBeach201508240400,0,16.6,0.59,0.103,3.0
2015-08-24 05:00:00,Calumet Beach,1440392400.0,,0.65,0.1,4.0,CalumetBeach201508240500,0,16.5,0.65,0.1,4.0
2015-08-24 06:00:00,Calumet Beach,1440396000.0,16.4,,0.103,2.0,CalumetBeach201508240600,0,16.4,0.71,0.103,2.0
2015-08-24 07:00:00,Calumet Beach,1440399600.0,16.2,0.69,0.102,5.0,CalumetBeach201508240700,0,16.2,0.69,0.102,5.0
2015-08-24 08:00:00,Calumet Beach,1440403200.0,,0.62,0.089,5.0,CalumetBeach201508240800,0,16.0,0.62,0.089,5.0
2015-08-24 09:00:00,Calumet Beach,1440406800.0,16.1,0.49,0.093,9.0,CalumetBeach201508240900,0,16.1,0.49,0.093,9.0
2015-08-24 10:00:00,Calumet Beach,1440410400.0,16.2,0.66,0.099,4.0,CalumetBeach201508241000,0,16.2,0.66,0.099,4.0
2015-08-24 11:00:00,Calumet Beach,1440414000.0,16.2,0.79,0.093,4.0,CalumetBeach201508241100,0,16.2,0.79,0.093,4.0
2015-08-24 12:00:00,Calumet Beach,1440417600.0,16.0,0.58,0.089,3.0,CalumetBeach201508241200,0,16.0,0.58,0.089,3.0
2015-08-24 13:00:00,Calumet Beach,1440421200.0,16.1,0.52,0.094,2.0,CalumetBeach201508241300,0,16.1,0.52,0.094,2.0
2015-08-24 14:00:00,Calumet Beach,1440424800.0,16.0,0.6,0.107,3.0,CalumetBeach201508241400,0,16.0,0.6,0.107,3.0
2015-08-24 15:00:00,Calumet Beach,1440428400.0,16.4,0.56,,2.0,CalumetBeach201508241500,0,16.4,0.56,0.11,2.0
2015-08-24 16:00:00,Calumet Beach,1440432000.0,16.0,0.39,0.111,2.0,CalumetBeach201508241600,0,16.0,0.39,0.111,2.0
2015-08-24 17:00:00,Calumet Beach,1440435600.0,16.1,0.82,0.125,2.0,CalumetBeach201508241700,0,16.1,0.82,0.125,2.0
2015-08-24 18:00:00,Calumet Beach,1440439200.0,16.0,,0.12,3.0,CalumetBeach201508241800,0,16.0,0.58,0.12,3.0
2015-08-24 19:00:00,Calumet Beach,1440442800.0,,0.39,0.13,,CalumetBeach201508241900,0,16.0,0.39,0.13,3.0
2015-08-24 20:00:00,Calumet Beach,1440446400.0,,0.51,0.127,3.0,CalumetBeach201508242000,0,15.9,0.51,0.127,3.0
2015-08-24 21:00:00,Calumet Beach,1440450000.0,15.9,0.45,0.128,,CalumetBeach201508242100,0,15.9,0.45,0.128,4.0
2015-08-24 22:00:00,Calumet Beach,1440453600.0,15.8,0.41,0.134,4.0,CalumetBeach201508242200,0,15.8,0.41,0.134,4.0
2015-08-24 23:00:00,Calumet Beach,1440457200.0,15.8,0.46,0.148,4.0,CalumetBeach201508242300,0,15.8,0.46,0.148,4.0
2015-08-25 00:00:00,Calumet Beach,1440460800.0,15.8,0.48,0.171,4.0,CalumetBeach201508252400,0,15.8,0.48,0.171,4.0
2015-08-25 01:00:00,Calumet Beach,1440464400.0,15.8,0.61,0.167,5.0,CalumetBeach201508250100,0,15.8,0.61,0.167,5.0
2015-08-25 02:00:00,Calumet Beach,1440468000.0,15.8,0.98,0.174,5.0,CalumetBeach201508250200,0,15.8,0.98,0.174,5.0
2015-08-25 03:00:00,Calumet Beach,1440471600.0,15.8,0.74,,5.0,CalumetBeach201508250300,0,15.8,0.74,0.167,5.0
2015-08-25 04:00:00,Calumet Beach,1440475200.0,15.8,0.69,0.151,,CalumetBeach201508250400,0,15.8,0.69,0.151,4.0
2015-08-25 05:00:00,Calumet Beach,1440478800.0,15.8,0.8,,4.0,CalumetBeach201508250500,0,15.8,0.8,0.155,4.0
2015-08-25 06:00:00,Calumet Beach,1440482400.0,15.7,0.77,0.146,,CalumetBeach201508250600,0,15.7,0.77,0.146,4.0
2015-08-25 07:00:00,Calumet Beach,1440486000.0,15.7,,0.147,4.0,CalumetBeach201508250700,0,15.7,0.62,0.147,4.0
2015-08-25 08:00:00,Calumet Beach,1440489600.0,15.7,0.6,0.149,,CalumetBeach201508250800,0,15.7,0.6,0.149,3.0
2015-08-25 09:00:00,Calumet Beach,1440493200.0,15.8,,0.145,5.0,CalumetBeach201508250900,0,15.8,0.5,0.145,5.0
2015-08-25 10:00:00,Calumet Beach,1440496800.0,15.9,0.68,0.148,4.0,CalumetBeach201508251000,0,15.9,0.68,0.148,4.0
2015-08-25 11:00:00,Calumet Beach,1440500400.0,16.0,0.53,0.164,4.0,CalumetBeach201508251100,0,16.0,0.53,0.164,4.0
2015-08-25 12:00:00,Calumet Beach,1440504000.0,16.1,0.53,0.171,4.0,CalumetBeach201508251200,0,16.1,0.53,0.171,4.0
2015-08-25 13:00:00,Calumet Beach,1440507600.0,16.2,0.56,0.164,4.0,CalumetBeach201508251300,0,16.2,0.56,0.164,4.0
2015-08-25 14:00:00,Calumet Beach,1440511200.0,16.7,0.64,0.158,5.0,CalumetBeach201508251400,0,16.7,0.64,0.158,5.0
2015-08-25 15:00:00,Calumet Beach,1440514800.0,16.7,,0.16,4.0,CalumetBeach201508251500,0,16.7,0.55,0.16,4.0
2015-08-25 16:00:00,Calumet Beach,1440518400.0,17.2,0.67,0.141,,CalumetBeach201508251600,0,17.2,0.67,0.141,4.0
2015-08-25 17:00:00,Calumet Beach,1440522000.0,,0.39,0.134,5.0,CalumetBeach201508251700,0,17.1,0.39,0.134,5.0
2015-08-25 18:00:00,Calumet Beach,1440525600.0,17.1,0.42,0.137,4.0,CalumetBeach201508251800,0,17.1,0.42,0.137,4.0
2015-08-25 19:00:00,Calumet Beach,1440529200.0,,0.37,0.139,,CalumetBeach201508251900,0,17.0,0.37,0.139,5.0
2015-08-25 20:00:00,Calumet Beach,1440532800.0,16.9,0.43,0.142,,CalumetBeach201508252000,0,16.9,0.43,0.142,4.0
2015-08-25 21:00:00,Calumet Beach,1440536400.0,,0.37,0.145,4.0,CalumetBeach201508252100,0,16.9,0.37,0.145,4.0
2015-08-25 22:00:00,Calumet Beach,1440540000.0,16.9,0.53,0.149,4.0,CalumetBeach201508252200,0,16.9,0.53,0.149,4.0
2015-08-25 23:00:00,Calumet Beach,1440543600.0,,0.63,0.151,5.0,CalumetBeach201508252300,0,17.4,0.63,0.151,5.0
2015-08-26 00:00:00,Calumet Beach,1440547200.0,,0.83,0.147,,CalumetBeach201508262400,0,17.5,0.83,0.147,5.0
2015-08-26 01:00:00,Calumet Beach,1440550800.0,17.4,0.73,0.142,4.0,CalumetBeach201508260100,0,17.4,0.73,0.142,4.0
2015-08-26 02:00:00,Calumet Beach,1440554400.0,17.1,0.71,,5.0,CalumetBeach201508260200,0,17.1,0.71,0.129,5.0
2015-08-26 03:00:00,Calumet Beach,1440558000.0,16.8,0.56,0.125,4.0,CalumetBeach201508260300,0,16.8,0.56,0.125,4.0
2015-08-26 04:00:00,Calumet Beach,1440561600.0,16.8,0.79,0.14,4.0,CalumetBeach201508260400,0,16.8,0.79,0.14,4.0
2015-08-26 05:00:00,Calumet Beach,1440565200.0,16.8,0.62,0.14,4.0,CalumetBeach201508260500,0,16.8,0.62,0.14,4.0
2015-08-26 06:00:00,Calumet Beach,1440568800.0,16.7,0.47,0.14,4.0,CalumetBeach201508260600,0,16.7,0.47,0.14,4.0
2015-08-26 07:00:00,Calumet Beach,1440572400.0,16.7,,0.147,3.0,CalumetBeach201508260700,0,16.7,0.42,0.147,3.0
2015-08-26 08:00:00,Calumet Beach,1440576000.0,,,0.141,3.0,CalumetBeach201508260800,0,16.8,0.42,0.141,3.0
2015-08-26 09:00:00,Calumet Beach,1440579600.0,16.8,0.35,0.153,5.0,CalumetBeach201508260900,0,16.8,0.35,0.153,5.0
2015-08-26 10:00:00,Calumet Beach,1440583200.0,,0.38,,5.0,CalumetBeach201508261000,0,16.9,0.38,0.15,5.0
2015-08-26 11:00:00,Calumet Beach,1440586800.0,17.0,0.4,0.161,,CalumetBeach201508261100,0,17.0,0.4,0.161,4.0
2015-08-26 12:00:00,Calumet Beach,1440590400.0,17.1,0.42,0.168,4.0,CalumetBeach201508261200,0,17.1,0.42,0.168,4.0
2015-08-26 13:00:00,Calumet Beach,1440594000.0,,0.44,0.168,5.0,CalumetBeach201508261300,0,17.3,0.44,0.168,5.0
2015-08-26 14:00:00,Calumet Beach,1440597600.0,17.5,0.46,0.173,3.0,CalumetBeach201508261400,0,17.5,0.46,0.173,3.0
2015-08-26 15:00:00,Calumet Beach,1440601200.0,17.6,0.4,0.175,5.0,CalumetBeach201508261500,0,17.6,0.4,0.175,5.0
2015-08-26 16:00:00,Calumet Beach,1440604800.0,,0.44,0.164,4.0,CalumetBeach201508261600,0,17.6,0.44,0.164,4.0
2015-08-26 17:00:00,Calumet Beach,1440608400.0,17.6,,0.174,4.0,CalumetBeach201508261700,0,17.6,0.45,0.174,4.0
2015-08-26 18:00:00,Calumet Beach,1440612000.0,17.7,0.37,0.141,3.0,CalumetBeach201508261800,0,17.7,0.37,0.141,3.0
2015-08-26 19:00:00,Calumet Beach,1440615600.0,17.6,0.38,0.141,3.0,CalumetBeach201508261900,0,17.6,0.38,0.141,3.0
2015-08-26 20:00:00,Calumet Beach,1440619200.0,17.6,0.43,0.14,5.0,CalumetBeach201508262000,0,17.6,0.43,0.14,5.0
2015-08-26 21:00:00,Calumet Beach,1440622800.0,,,0.137,4.0,CalumetBeach201508262100,0,17.5,0.36,0.137,4.0
2015-08-26 22:00:00,Calumet Beach,1440626400.0,17.9,0.22,0.14,4.0,CalumetBeach201508262200,0,17.9,0.22,0.14,4.0
2015-08-26 23:00:00,Calumet Beach,1440630000.0,18.1,0.16,0.152,4.0,CalumetBeach201508262300,0,18.1,0.16,0.152,4.0
2015-08-27 00:00:00,Calumet Beach,1440633600.0,18.0,0.12,0.141,5.0,CalumetBeach201508272400,0,18.0,0.12,0.141,5.0
2015-08-27 01:00:00,Calumet Beach,1440637200.0,18.0,0.16,0.136,3.0,CalumetBeach201508270100,0,18.0,0.16,0.136,3.0
2015-08-27 02:00:00,Calumet Beach,1440640800.0,17.9,0.13,0.132,4.0,CalumetBeach201508270200,0,17.9,0.13,0.132,4.0
2015-08-27 03:00:00,Calumet Beach,1440644400.0,17.9,0.1,0.125,4.0,CalumetBeach201508270300,0,17.9,0.1,0.125,4.0
2015-08-27 04:00:00,Calumet Beach,1440648000.0,17.9,0.14,0.13,5.0,CalumetBeach201508270400,0,17.9,0.14,0.13,5.0
2015-08-27 05:00:00,Calumet Beach,1440651600.0,17.9,0.18,,4.0,CalumetBeach201508270500,0,17.9,0.18,0.123,4.0
2015-08-27 06:00:00,Calumet Beach,1440655200.0,17.9,0.15,0.118,,CalumetBeach201508270600,0,17.9,0.15,0.118,4.0
2015-08-27 07:00:00,Calumet Beach,1440658800.0,17.9,0.11,0.11,,CalumetBeach201508270700,0,17.9,0.11,0.11,5.0
2015-08-27 08:00:00,Calumet Beach,1440662400.0,17.8,0.14,0.106,4.0,CalumetBeach201508270800,0,17.8,0.14,0.106,4.0
2015-08-27 09:00:00,Calumet Beach,1440666000.0,17.9,0.08,0.112,5.0,CalumetBeach201508270900,0,17.9,0.08,0.112,5.0
2015-08-27 10:00:00,Calumet Beach,1440669600.0,18.1,0.1,0.119,3.0,CalumetBeach201508271000,0,18.1,0.1,0.119,3.0
2015-08-27 11:00:00,Calumet Beach,1440673200.0,18.4,,0.115,5.0,CalumetBeach201508271100,0,18.4,0.05,0.115,5.0
2015-08-27 12:00:00,Calumet Beach,1440676800.0,18.6,0.17,0.129,3.0,CalumetBeach201508271200,0,18.6,0.17,0.129,3.0
2015-08-27 13:00:00,Calumet Beach,,,,,,,1,,,,
2015-08-27 14:00:00,Calumet Beach,,,,,,,1,,,,
2015-08-27 15:00:00,Calumet Beach,1440687600.0,18.9,0.1,0.107,3.0,CalumetBeach201508271500,0,18.9,0.1,0.107,3.0
2015-08-27 16:00:00,Calumet Beach,1440691200.0,19.1,,0.104,3.0,CalumetBeach201508271600,0,19.1,0.1,0.104,3.0
2015-08-27 17:00:00,Calumet Beach,1440694800.0,19.3,0.1,,2.0,CalumetBeach201508271700,0,19.3,0.1,0.115,2.0
2015-08-27 18:00:00,Calumet Beach,1440698400.0,19.7,0.08,0.105,2.0,CalumetBeach201508271800,0,19.7,0.08,0.105,2.0
2015-08-27 19:00:00,Calumet Beach,1440702000.0,19.9,0.11,0.098,2.0,CalumetBeach201508271900,0,19.9,0.11,0.098,2.0
2015-08-27 20:00:00,Calumet Beach,1440705600.0,19.6,0.14,0.102,2.0,CalumetBeach201508272000,0,19.6,0.14,0.102,2.0
2015-08-27 21:00:00,Calumet Beach,1440709200.0,19.5,0.11,0.093,,CalumetBeach201508272100,0,19.5,0.11,0.093,3.0
2015-08-27 22:00:00,Calumet Beach,1440712800.0,19.1,0.16,0.141,2.0,CalumetBeach201508272200,0,19.1,0.16,0.141,2.0
2015-08-27 23:00:00,Calumet Beach,1440716400.0,19.1,0.43,,2.0,CalumetBeach201508272300,0,19.1,0.43,0.176,2.0
2015-08-28 00:00:00,Calumet Beach,1440720000.0,,0.3,0.195,2.0,CalumetBeach201508282400,0,19.0,0.3,0.195,2.0
2015-08-28 01:00:00,Calumet Beach,1440723600.0,18.9,0.4,0.194,3.0,CalumetBeach201508280100,0,18.9,0.4,0.194,3.0
2015-08-28 02:00:00,Calumet Beach,1440727200.0,18.9,,0.198,3.0,CalumetBeach201508280200,0,18.9,0.44,0.198,3.0
2015-08-28 03:00:00,Calumet Beach,1440730800.0,18.9,0.52,0.185,3.0,CalumetBeach201508280300,0,18.9,0.52,0.185,3.0
2015-08-28 04:00:00,Calumet Beach,1440734400.0,,0.44,0.169,3.0,CalumetBeach201508280400,0,18.8,0.44,0.169,3.0
2015-08-28 05:00:00,Calumet Beach,1440738000.0,18.7,0.4,0.175,3.0,CalumetBeach201508280500,0,18.7,0.4,0.175,3.0
2015-08-28 06:00:00,Calumet Beach,1440741600.0,,0.31,0.171,3.0,CalumetBeach201508280600,0,18.7,0.31,0.171,3.0
2015-08-28 07:00:00,Calumet Beach,1440745200.0,18.6,0.36,0.167,3.0,CalumetBeach201508280700,0,18.6,0.36,0.167,3.0
2015-08-28 08:00:00,Calumet Beach,1440748800.0,18.7,,0.175,3.0,CalumetBeach201508280800,0,18.7,0.38,0.175,3.0
2015-08-28 09:00:00,Calumet Beach,1440752400.0,18.8,0.38,0.157,3.0,CalumetBeach201508280900,0,18.8,0.38,0.157,3.0
2015-08-28 10:00:00,Calumet Beach,1440756000.0,18.9,0.7,0.144,2.0,CalumetBeach201508281000,0,18.9,0.7,0.144,2.0
2015-08-28 11:00:00,Calumet Beach,1440759600.0,19.1,,0.128,3.0,CalumetBeach201508281100,0,19.1,0.41,0.128,3.0
2015-08-28 12:00:00,Calumet Beach,1440763200.0,19.3,,0.098,2.0,CalumetBeach201508281200,0,19.3,0.39,0.098,2.0
2015-08-28 13:00:00,Calumet Beach,1440766800.0,19.3,,0.094,3.0,CalumetBeach201508281300,0,19.3,0.37,0.094,3.0
2015-08-28 14:00:00,Calumet Beach,1440770400.0,19.3,0.27,0.08,3.0,CalumetBeach201508281400,0,19.3,0.27,0.08,3.0
2015-08-28 15:00:00,Calumet Beach,1440774000.0,19.3,,0.083,3.0,CalumetBeach201508281500,0,19.3,0.28,0.083,3.0
2015-08-28 16:00:00,Calumet Beach,1440777600.0,19.1,0.21,0.077,3.0,CalumetBeach201508281600,0,19.1,0.21,0.077,3.0
2015-08-28 17:00:00,Calumet Beach,1440781200.0,,,,2.0,CalumetBeach201508281700,0,19.2,0.25,0.081,2.0
2015-08-28 18:00:00,Calumet Beach,1440784800.0,19.0,0.21,0.078,3.0,CalumetBeach201508281800,0,19.0,0.21,0.078,3.0
2015-08-28 19:00:00,Calumet Beach,1440788400.0,19.0,0.19,0.081,3.0,CalumetBeach201508281900,0,19.0,0.19,0.081,3.0
2015-08-28 20:00:00,Calumet Beach,1440792000.0,19.1,0.21,,4.0,CalumetBeach201508282000,0,19.1,0.21,0.085,4.0
2015-08-28 21:00:00,Calumet Beach,1440795600.0,19.0,0.23,0.079,3.0,CalumetBeach201508282100,0,19.0,0.23,0.079,3.0
2015-08-28 22:00:00,Calumet Beach,1440799200.0,,0.22,0.108,2.0,CalumetBeach201508282200,0,19.0,0.22,0.108,2.0
2015-08-28 23:00:00,Calumet Beach,1440802800.0,,,0.124,2.0,CalumetBeach201508282300,0,18.9,0.41,0.124,2.0
2015-08-29 00:00:00,Calumet Beach,1440806400.0,18.9,0.4,0.127,,CalumetBeach201508292400,0,18.9,0.4,0.127,2.0
2015-08-29 01:00:00,Calumet Beach,1440810000.0,18.9,0.44,0.153,2.0,CalumetBeach201508290100,0,18.9,0.44,0.153,2.0
2015-08-29 02:00:00,Calumet Beach,1440813600.0,18.9,0.6,0.135,2.0,CalumetBeach201508290200,0,18.9,0.6,0.135,2.0
2015-08-29 03:00:00,Calumet Beach,1440817200.0,18.8,0.42,0.154,,CalumetBeach201508290300,0,18.8,0.42,0.154,2.0
2015-08-29 04:00:00,Calumet Beach,1440820800.0,18.7,0.28,,2.0,CalumetBeach201508290400,0,18.7,0.28,0.147,2.0
2015-08-29 05:00:00,Calumet Beach,1440824400.0,18.7,0.35,0.161,,CalumetBeach201508290500,0,18.7,0.35,0.161,2.0
2015-08-29 06:00:00,Calumet Beach,1440828000.0,18.7,0.58,0.154,2.0,CalumetBeach201508290600,0,18.7,0.58,0.154,2.0
2015-08-29 07:00:00,Calumet Beach,1440831600.0,18.7,0.4,0.153,2.0,CalumetBeach201508290700,0,18.7,0.4,0.153,2.0
2015-08-29 08:00:00,Calumet Beach,1440835200.0,18.7,0.35,,3.0,CalumetBeach201508290800,0,18.7,0.35,0.136,3.0
2015-08-29 09:00:00,Calumet Beach,1440838800.0,18.7,0.61,0.144,2.0,CalumetBeach201508290900,0,18.7,0.61,0.144,2.0
2015-08-29 10:00:00,Calumet Beach,1440842400.0,18.7,0.71,0.175,,CalumetBeach201508291000,0,18.7,0.71,0.175,2.0
2015-08-29 11:00:00,Calumet Beach,1440846000.0,18.8,0.69,,2.0,CalumetBeach201508291100,0,18.8,0.69,0.181,2.0
2015-08-29 12:00:00,Calumet Beach,1440849600.0,18.9,0.51,,3.0,CalumetBeach201508291200,0,18.9,0.51,0.174,3.0
2015-08-29 13:00:00,Calumet Beach,1440853200.0,19.0,,,2.0,CalumetBeach201508291300,0,19.0,0.69,0.165,2.0
2015-08-29 14:00:00,Calumet Beach,1440856800.0,19.1,0.82,0.159,3.0,CalumetBeach201508291400,0,19.1,0.82,0.159,3.0
2015-08-29 15:00:00,Calumet Beach,1440860400.0,19.1,0.65,0.14,2.0,CalumetBeach201508291500,0,19.1,0.65,0.14,2.0
2015-08-29 16:00:00,Calumet Beach,1440864000.0,19.1,0.54,0.136,3.0,CalumetBeach201508291600,0,19.1,0.54,0.136,3.0
2015-08-29 17:00:00,Calumet Beach,1440867600.0,,1.24,0.126,2.0,CalumetBeach201508291700,0,19.5,1.24,0.126,2.0
2015-08-29 18:00:00,Calumet Beach,1440871200.0,19.2,,0.122,,CalumetBeach201508291800,0,19.2,0.53,0.122,3.0
2015-08-29 19:00:00,Calumet Beach,1440874800.0,,0.42,0.12,,CalumetBeach201508291900,0,19.2,0.42,0.12,2.0
2015-08-29 20:00:00,Calumet Beach,1440878400.0,19.2,0.48,0.161,3.0,CalumetBeach201508292000,0,19.2,0.48,0.161,3.0
2015-08-29 21:00:00,Calumet Beach,1440882000.0,,0.31,0.1,2.0,CalumetBeach201508292100,0,19.0,0.31,0.1,2.0
2015-08-29 22:00:00,Calumet Beach,1440885600.0,18.9,0.37,0.094,3.0,CalumetBeach201508292200,0,18.9,0.37,0.094,3.0
2015-08-29 23:00:00,Calumet Beach,1440889200.0,19.0,0.36,0.096,3.0,CalumetBeach201508292300,0,19.0,0.36,0.096,3.0
2015-08-30 00:00:00,Calumet Beach,1440892800.0,,0.27,0.1,2.0,CalumetBeach201508302400,0,18.9,0.27,0.1,2.0
2015-08-30 01:00:00,Calumet Beach,,,,,,,1,,,,
2015-08-30 02:00:00,Calumet Beach,1440900000.0,,0.28,0.112,3.0,CalumetBeach201508300200,0,18.8,0.28,0.112,3.0
2015-08-30 03:00:00,Calumet Beach,1440903600.0,18.7,0.25,0.136,3.0,CalumetBeach201508300300,0,18.7,0.25,0.136,3.0
2015-08-30 04:00:00,Calumet Beach,1440907200.0,18.7,0.3,0.126,3.0,CalumetBeach201508300400,0,18.7,0.3,0.126,3.0
2015-08-30 05:00:00,Calumet Beach,1440910800.0,18.6,0.22,,3.0,CalumetBeach201508300500,0,18.6,0.22,0.133,3.0
2015-08-30 06:00:00,Calumet Beach,1440914400.0,18.6,0.25,0.129,3.0,CalumetBeach201508300600,0,18.6,0.25,0.129,3.0
2015-08-30 07:00:00,Calumet Beach,1440918000.0,18.5,0.26,0.139,3.0,CalumetBeach201508300700,0,18.5,0.26,0.139,3.0
2015-08-30 08:00:00,Calumet Beach,1440921600.0,18.6,0.26,0.141,3.0,CalumetBeach201508300800,0,18.6,0.26,0.141,3.0
2015-08-30 09:00:00,Calumet Beach,1440925200.0,18.7,0.31,0.128,3.0,CalumetBeach201508300900,0,18.7,0.31,0.128,3.0
2015-08-30 10:00:00,Calumet Beach,1440928800.0,18.7,0.28,0.131,3.0,CalumetBeach201508301000,0,18.7,0.28,0.131,3.0
2015-08-30 11:00:00,Calumet Beach,1440932400.0,18.8,0.26,0.134,3.0,CalumetBeach201508301100,0,18.8,0.26,0.134,3.0
2015-08-30 12:00:00,Calumet Beach,1440936000.0,19.0,0.24,0.159,2.0,CalumetBeach201508301200,0,19.0,0.24,0.159,2.0
2015-08-30 13:00:00,Calumet Beach,1440939600.0,19.3,0.28,0.141,2.0,CalumetBeach201508301300,0,19.3,0.28,0.141,2.0
2015-08-30 14:00:00,Calumet Beach,1440943200.0,19.4,,0.146,,CalumetBeach201508301400,0,19.4,0.33,0.146,3.0
2015-08-30 15:00:00,Calumet Beach,1440946800.0,19.6,,0.171,2.0,CalumetBeach201508301500,0,19.6,0.34,0.171,2.0
2015-08-30 16:00:00,Calumet Beach,1440950400.0,19.8,0.3,0.129,3.0,CalumetBeach201508301600,0,19.8,0.3,0.129,3.0
2015-08-30 17:00:00,Calumet Beach,1440954000.0,20.0,0.27,0.14,3.0,CalumetBeach201508301700,0,20.0,0.27,0.14,3.0
2015-08-30 18:00:00,Calumet Beach,1440957600.0,20.1,0.26,0.136,3.0,CalumetBeach201508301800,0,20.1,0.26,0.136,3.0
2015-08-30 19:00:00,Calumet Beach,1440961200.0,20.3,0.32,0.148,2.0,CalumetBeach201508301900,0,20.3,0.32,0.148,2.0
2015-08-30 20:00:00,Calumet Beach,1440964800.0,20.3,,0.131,3.0,CalumetBeach201508302000,0,20.3,0.36,0.131,3.0
2015-08-30 21:00:00,Calumet Beach,1440968400.0,20.3,0.48,0.13,3.0,CalumetBeach201508302100,0,20.3,0.48,0.13,3.0
2015-08-30 22:00:00,Calumet Beach,1440972000.0,20.2,0.43,0.122,3.0,CalumetBeach201508302200,0,20.2,0.43,0.122,3.0
2015-08-30 23:00:00,Calumet Beach,1440975600.0,,0.64,0.122,2.0,CalumetBeach201508302300,0,20.1,0.64,0.122,2.0
2015-08-31 00:00:00,Calumet Beach,1440979200.0,19.9,0.51,0.113,,CalumetBeach201508312400,0,19.9,0.51,0.113,3.0
2015-08-31 01:00:00,Calumet Beach,1440982800.0,19.8,0.61,0.109,3.0,CalumetBeach201508310100,0,19.8,0.61,0.109,3.0
2015-08-31 02:00:00,Calumet Beach,1440986400.0,19.7,,0.107,,CalumetBeach201508310200,0,19.7,0.72,0.107,3.0
2015-08-31 03:00:00,Calumet Beach,1440990000.0,19.6,,,3.0,CalumetBeach201508310300,0,19.6,0.69,0.103,3.0
2015-08-31 04:00:00,Calumet Beach,1440993600.0,19.5,0.68,0.096,3.0,CalumetBeach201508310400,0,19.5,0.68,0.096,3.0
2015-08-31 05:00:00,Calumet Beach,1440997200.0,19.5,0.89,0.088,3.0,CalumetBeach201508310500,0,19.5,0.89,0.088,3.0
2015-08-31 06:00:00,Calumet Beach,1441000800.0,19.4,0.93,0.084,,CalumetBeach201508310600,0,19.4,0.93,0.084,3.0
2015-08-31 07:00:00,Calumet Beach,1441004400.0,,,0.083,3.0,CalumetBeach201508310700,0,19.3,0.73,0.083,3.0
2015-08-31 08:00:00,Calumet Beach,1441008000.0,,0.76,0.07,3.0,CalumetBeach201508310800,0,19.4,0.76,0.07,3.0
2015-08-31 09:00:00,Calumet Beach,1441011600.0,19.6,0.78,0.075,10.0,CalumetBeach201508310900,0,19.6,0.78,0.075,10.0
2015-08-31 10:00:00,Calumet Beach,1441015200.0,20.0,0.63,,2.0,CalumetBeach201508311000,0,20.0,0.63,0.069,2.0
2015-08-31 11:00:00,Calumet Beach,1441018800.0,20.4,,0.071,5.0,CalumetBeach201508311100,0,20.4,0.59,0.071,5.0
2015-08-31 12:00:00,Calumet Beach,1441022400.0,20.9,0.66,0.074,4.0,CalumetBeach201508311200,0,20.9,0.66,0.074,4.0
2015-08-31 13:00:00,Calumet Beach,1441026000.0,,0.65,0.075,2.0,CalumetBeach201508311300,0,21.6,0.65,0.075,2.0
2015-08-31 14:00:00,Calumet Beach,1441029600.0,22.1,0.61,0.075,3.0,CalumetBeach201508311400,0,22.1,0.61,0.075,3.0
2015-08-31 15:00:00,Calumet Beach,1441033200.0,22.1,0.38,0.09,2.0,CalumetBeach201508311500,0,22.1,0.38,0.09,2.0
2015-08-31 16:00:00,Calumet Beach,1441036800.0,22.5,0.72,0.095,2.0,CalumetBeach201508311600,0,22.5,0.72,0.095,2.0
2015-08-31 17:00:00,Calumet Beach,1441040400.0,23.3,0.78,,2.0,CalumetBeach201508311700,0,23.3,0.78,0.098,2.0
2015-08-31 18:00:00,Calumet Beach,1441044000.0,22.7,0.76,0.088,2.0,CalumetBeach201508311800,0,22.7,0.76,0.088,2.0
2015-08-31 19:00:00,Calumet Beach,1441047600.0,22.9,,,,CalumetBeach201508311900,0,22.9,1.52,0.114,2.0
2015-08-31 20:00:00,Calumet Beach,1441051200.0,,,,,CalumetBeach201508312000,1,22.6,0.63,0.088,2.0
2015-08-31 21:00:00,Calumet Beach,1441054800.0,22.2,0.87,0.11,2.0,CalumetBeach201508312100,0,22.2,0.87,0.11,2.0
2015-08-31 22:00:00,Calumet Beach,1441058400.0,,0.61,0.108,2.0,CalumetBeach201508312200,0,21.6,0.61,0.108,2.0
2015-08-31 23:00:00,Calumet Beach,1441062000.0,21.3,0.72,,2.0,CalumetBeach201508312300,0,21.3,0.72,0.097,2.0
2015-09-01 00:00:00,Calumet Beach,1441065600.0,21.0,,0.08,2.0,CalumetBeach201509012400,0,21.0,0.41,0.08,2.0
2015-09-01 01:00:00,Calumet Beach,1441069200.0,20.9,0.61,0.065,2.0,CalumetBeach201509010100,0,20.9,0.61,0.065,2.0
2015-09-01 02:00:00,Calumet Beach,1441072800.0,,0.65,0.061,2.0,CalumetBeach201509010200,0,20.6,0.65,0.061,2.0
2015-09-01 03:00:00,Calumet Beach,1441076400.0,20.5,0.79,0.06,,CalumetBeach201509010300,0,20.5,0.79,0.06,6.0
2015-09-01 04:00:00,Calumet Beach,1441080000.0,20.4,0.59,0.055,2.0,CalumetBeach201509010400,0,20.4,0.59,0.055,2.0
2015-09-01 05:00:00,Calumet Beach,1441083600.0,20.2,0.91,0.057,9.0,CalumetBeach201509010500,0,20.2,0.91,0.057,9.0
2015-09-01 06:00:00,Calumet Beach,1441087200.0,20.0,,0.053,9.0,CalumetBeach201509010600,0,20.0,0.66,0.053,9.0
2015-09-01 07:00:00,Calumet Beach,1441090800.0,19.8,0.47,0.058,,CalumetBeach201509010700,0,19.8,0.47,0.058,2.0
2015-09-01 08:00:00,Calumet Beach,1441094400.0,19.6,0.54,0.051,7.0,CalumetBeach201509010800,0,19.6,0.54,0.051,7.0
2015-09-01 09:00:00,Calumet Beach,1441098000.0,,,0.057,7.0,CalumetBeach201509010900,0,19.5,0.44,0.057,7.0
2015-09-01 10:00:00,Calumet Beach,1441101600.0,19.9,0.39,0.058,6.0,CalumetBeach201509011000,0,19.9,0.39,0.058,6.0
2015-09-01 11:00:00,Calumet Beach,1441105200.0,20.2,0.42,0.068,,CalumetBeach201509011100,0,20.2,0.42,0.068,2.0
2015-09-01 12:00:00,Calumet Beach,1441108800.0,19.8,0.51,,2.0,CalumetBeach201509011200,0,19.8,0.51,0.099,2.0
2015-09-01 13:00:00,Calumet Beach,1441112400.0,19.9,0.51,0.102,3.0,CalumetBeach201509011300,0,19.9,0.51,0.102,3.0
2015-09-01 14:00:00,Calumet Beach,1441116000.0,20.2,0.44,0.107,2.0,CalumetBeach201509011400,0,20.2,0.44,0.107,2.0
2015-09-01 15:00:00,Calumet Beach,1441119600.0,20.3,0.49,0.093,2.0,CalumetBeach201509011500,0,20.3,0.49,0.093,2.0
2015-09-01 16:00:00,Calumet Beach,1441123200.0,20.3,0.53,0.078,2.0,CalumetBeach201509011600,0,20.3,0.53,0.078,2.0
2015-09-01 17:00:00,Calumet Beach,1441126800.0,20.6,0.7,0.089,3.0,CalumetBeach201509011700,0,20.6,0.7,0.089,3.0
2015-09-01 18:00:00,Calumet Beach,1441130400.0,20.2,0.63,0.074,2.0,CalumetBeach201509011800,0,20.2,0.63,0.074,2.0
2015-09-01 19:00:00,Calumet Beach,1441134000.0,19.8,,0.099,2.0,CalumetBeach201509011900,0,19.8,0.76,0.099,2.0
2015-09-01 20:00:00,Calumet Beach,,,,,,,1,,,,
2015-09-01 21:00:00,Calumet Beach,,,,,,,1,,,,
2015-09-01 22:00:00,Calumet Beach,,,,,,,1,,,,
2015-09-01 23:00:00,Calumet Beach,,,,,,,1,,,,
2015-09-02 00:00:00,Calumet Beach,,,,,,,1,,,,
2015-09-02 01:00:00,Calumet Beach,,,,,,,1,,,,
2015-09-02 02:00:00,Calumet Beach,,,,,,,1,,,,
2015-09-02 03:00:00,Calumet Beach,,,,,,,1,,,,
2015-09-02 04:00:00,Calumet Beach,,,,,,,1,,,,
2015-09-02 05:00:00,Calumet Beach,,,,,,,1,,,,
2015-09-02 06:00:00,Calumet Beach,,,,,,,1,,,,
2015-09-02 07:00:00,Calumet Beach,1441177200.0,,0.73,,5.0,CalumetBeach201509020700,0,17.9,0.73,0.052,5.0
2015-09-02 08:00:00,Calumet Beach,1441180800.0,18.2,,0.049,9.0,CalumetBeach201509020800,0,18.2,0.63,0.049,9.0
2015-09-02 09:00:00,Calumet Beach,,,,,,,1,,,,
2015-09-02 10:00:00,Calumet Beach,,,,,,,1,,,,
2015-09-02 11:00:00,Calumet Beach,,,,,,,1,,,,
2015-09-02 12:00:00,Calumet Beach,,,,,,,1,,,,
2015-09-02 13:00:00,Calumet Beach,1441198800.0,20.0,0.77,,4.0,CalumetBeach201509021300,0,20.0,0.77,0.071,4.0
2015-09-02 14:00:00,Calumet Beach,,,,,,,1,,,,
2015-09-02 15:00:00,Calumet Beach,1441206000.0,19.9,0.94,0.109,3.0,CalumetBeach201509021500,0,19.9,0.94,0.109,3.0
2015-09-02 16:00:00,Calumet Beach,1441209600.0,19.7,0.96,0.082,2.0,CalumetBeach201509021600,0,19.7,0.96,0.082,2.0
2015-09-02 17:00:00,Calumet Beach,1441213200.0,19.3,0.89,0.078,,CalumetBeach201509021700,0,19.3,0.89,0.078,3.0
2015-09-02 18:00:00,Calumet Beach,1441216800.0,19.1,0.9,0.069,9.0,CalumetBeach201509021800,0,19.1,0.9,0.069,9.0
2015-09-02 19:00:00,Calumet Beach,1441220400.0,18.9,0.84,0.085,3.0,CalumetBeach201509021900,0,18.9,0.84,0.085,3.0
2015-09-02 20:00:00,Calumet Beach,1441224000.0,,,0.075,3.0,CalumetBeach201509022000,0,18.8,0.87,0.075,3.0
2015-09-02 21:00:00,Calumet Beach,1441227600.0,19.0,0.75,,3.0,CalumetBeach201509022100,0,19.0,0.75,0.074,3.0
2015-09-02 22:00:00,Calumet Beach,1441231200.0,19.0,0.64,0.076,4.0,CalumetBeach201509022200,0,19.0,0.64,0.076,4.0
2015-09-02 23:00:00,Calumet Beach,1441234800.0,18.7,0.74,0.066,4.0,CalumetBeach201509022300,0,18.7,0.74,0.066,4.0
2015-09-03 00:00:00,Calumet Beach,1441238400.0,18.7,0.58,0.073,2.0,CalumetBeach201509032400,0,18.7,0.58,0.073,2.0
2015-09-03 01:00:00,Calumet Beach,1441242000.0,18.7,0.54,0.068,,CalumetBeach201509030100,0,18.7,0.54,0.068,4.0
2015-09-03 02:00:00,Calumet Beach,1441245600.0,18.9,0.43,0.066,4.0,CalumetBeach201509030200,0,18.9,0.43,0.066,4.0
2015-09-03 03:00:00,Calumet Beach,1441249200.0,18.8,0.65,0.058,,CalumetBeach201509030300,0,18.8,0.65,0.058,6.0
2015-09-03 04:00:00,Calumet Beach,1441252800.0,18.6,0.41,0.059,5.0,CalumetBeach201509030400,0,18.6,0.41,0.059,5.0
2015-09-03 05:00:00,Calumet Beach,1441256400.0,,0.41,0.069,2.0,CalumetBeach201509030500,0,18.6,0.41,0.069,2.0
2015-09-03 06:00:00,Calumet Beach,1441260000.0,18.7,0.44,0.058,3.0,CalumetBeach201509030600,0,18.7,0.44,0.058,3.0
2015-09-03 07:00:00,Calumet Beach,1441263600.0,18.8,0.41,0.047,8.0,CalumetBeach201509030700,0,18.8,0.41,0.047,8.0
2015-09-03 08:00:00,Calumet Beach,1441267200.0,,0.34,,7.0,CalumetBeach201509030800,0,18.9,0.34,0.056,7.0
2015-09-03 09:00:00,Calumet Beach,,,,,,,1,,,,
2015-09-03 10:00:00,Calumet Beach,1441274400.0,19.4,0.49,,,CalumetBeach201509031000,0,19.4,0.49,0.063,6.0
2015-09-03 11:00:00,Calumet Beach,1441278000.0,19.4,0.64,0.056,6.0,CalumetBeach201509031100,0,19.4,0.64,0.056,6.0
2015-09-03 12:00:00,Calumet Beach,1441281600.0,,0.62,0.108,2.0,CalumetBeach201509031200,0,19.8,0.62,0.108,2.0
2015-09-03 13:00:00,Calumet Beach,1441285200.0,,0.95,0.092,3.0,CalumetBeach201509031300,0,19.6,0.95,0.092,3.0
2015-09-03 14:00:00,Calumet Beach,1441288800.0,19.8,0.7,0.075,2.0,CalumetBeach201509031400,0,19.8,0.7,0.075,2.0
2015-09-03 15:00:00,Calumet Beach,1441292400.0,19.7,0.75,0.087,2.0,CalumetBeach201509031500,0,19.7,0.75,0.087,2.0
2015-09-03 16:00:00,Calumet Beach,1441296000.0,19.6,0.72,0.115,2.0,CalumetBeach201509031600,0,19.6,0.72,0.115,2.0
2015-09-03 17:00:00,Calumet Beach,1441299600.0,19.4,0.7,0.114,,CalumetBeach201509031700,0,19.4,0.7,0.114,3.0
2015-09-03 18:00:00,Calumet Beach,1441303200.0,19.3,0.85,0.092,3.0,CalumetBeach201509031800,0,19.3,0.85,0.092,3.0
2015-09-03 19:00:00,Calumet Beach,1441306800.0,19.1,0.67,0.081,2.0,CalumetBeach201509031900,0,19.1,0.67,0.081,2.0
2015-09-03 20:00:00,Calumet Beach,1441310400.0,18.3,0.57,0.145,2.0,CalumetBeach201509032000,0,18.3,0.57,0.145,2.0
2015-09-03 21:00:00,Calumet Beach,1441314000.0,18.5,0.47,0.142,3.0,CalumetBeach201509032100,0,18.5,0.47,0.142,3.0
2015-09-03 22:00:00,Calumet Beach,1441317600.0,18.5,0.47,0.182,,CalumetBeach201509032200,0,18.5,0.47,0.182,3.0
2015-09-03 23:00:00,Calumet Beach,1441321200.0,18.4,0.5,,,CalumetBeach201509032300,0,18.4,0.5,0.176,4.0
2015-09-04 00:00:00,Calumet Beach,1441324800.0,19.2,0.42,0.179,,CalumetBeach201509042400,0,19.2,0.42,0.179,4.0
2015-09-04 01:00:00,Calumet Beach,1441328400.0,19.2,0.38,,4.0,CalumetBeach201509040100,0,19.2,0.38,0.166,4.0
2015-09-04 02:00:00,Calumet Beach,1441332000.0,19.3,0.38,0.176,4.0,CalumetBeach201509040200,0,19.3,0.38,0.176,4.0
2015-09-04 03:00:00,Calumet Beach,1441335600.0,19.2,0.38,0.168,3.0,CalumetBeach201509040300,0,19.2,0.38,0.168,3.0
2015-09-04 04:00:00,Calumet Beach,1441339200.0,19.4,0.38,0.166,4.0,CalumetBeach201509040400,0,19.4,0.38,0.166,4.0
2015-09-04 05:00:00,Calumet Beach,1441342800.0,19.5,,,,CalumetBeach201509040500,0,19.5,0.31,0.158,4.0
2015-09-04 06:00:00,Calumet Beach,1441346400.0,20.1,0.15,,9.0,CalumetBeach201509040600,0,20.1,0.15,0.145,9.0
2015-09-04 07:00:00,Calumet Beach,1441350000.0,20.2,,0.145,,CalumetBeach201509040700,0,20.2,0.14,0.145,4.0
2015-09-04 08:00:00,Calumet Beach,1441353600.0,20.3,0.1,,4.0,CalumetBeach201509040800,0,20.3,0.1,0.144,4.0
2015-09-04 09:00:00,Calumet Beach,1441357200.0,,,0.14,4.0,CalumetBeach201509040900,0,20.5,0.12,0.14,4.0
2015-09-04 10:00:00,Calumet Beach,1441360800.0,20.7,0.13,0.139,3.0,CalumetBeach201509041000,0,20.7,0.13,0.139,3.0
2015-09-04 11:00:00,Calumet Beach,1441364400.0,21.0,0.11,,4.0,CalumetBeach201509041100,0,21.0,0.11,0.139,4.0
2015-09-04 12:00:00,Calumet Beach,1441368000.0,21.4,0.1,0.148,3.0,CalumetBeach201509041200,0,21.4,0.1,0.148,3.0
2015-09-04 13:00:00,Calumet Beach,1441371600.0,21.4,0.13,0.142,,CalumetBeach201509041300,0,21.4,0.13,0.142,3.0
2015-09-04 14:00:00,Calumet Beach,1441375200.0,21.6,0.14,0.16,2.0,CalumetBeach201509041400,0,21.6,0.14,0.16,2.0
2015-09-04 15:00:00,Calumet Beach,1441378800.0,21.6,0.14,0.157,,CalumetBeach201509041500,0,21.6,0.14,0.157,4.0
2015-09-04 16:00:00,Calumet Beach,1441382400.0,21.8,0.14,0.148,4.0,CalumetBeach201509041600,0,21.8,0.14,0.148,4.0
2015-09-04 17:00:00,Calumet Beach,1441386000.0,,0.15,0.16,,CalumetBeach201509041700,0,21.9,0.15,0.16,2.0
2015-09-04 18:00:00,Calumet Beach,1441389600.0,,0.18,0.181,,CalumetBeach201509041800,0,21.9,0.18,0.181,2.0
2015-09-04 19:00:00,Calumet Beach,1441393200.0,23.0,1.41,0.185,2.0,CalumetBeach201509041900,0,23.0,1.41,0.185,2.0
2015-09-04 20:00:00,Calumet Beach,1441396800.0,23.0,1.15,,3.0,CalumetBeach201509042000,0,23.0,1.15,0.171,3.0
2015-09-04 21:00:00,Calumet Beach,1441400400.0,22.7,1.17,0.182,3.0,CalumetBeach201509042100,0,22.7,1.17,0.182,3.0
2015-09-04 22:00:00,Calumet Beach,1441404000.0,22.6,0.87,,,CalumetBeach201509042200,0,22.6,0.87,0.16,3.0
2015-09-04 23:00:00,Calumet Beach,1441407600.0,22.5,0.54,0.161,,CalumetBeach201509042300,0,22.5,0.54,0.161,2.0
2015-09-05 00:00:00,Calumet Beach,1441411200.0,22.2,,0.155,3.0,CalumetBeach201509052400,0,22.2,0.77,0.155,3.0
2015-09-05 01:00:00,Calumet Beach,1441414800.0,22.0,,0.144,3.0,CalumetBeach201509050100,0,22.0,0.45,0.144,3.0
2015-09-05 02:00:00,Calumet Beach,1441418400.0,22.0,0.68,0.134,4.0,CalumetBeach201509050200,0,22.0,0.68,0.134,4.0
2015-09-05 03:00:00,Calumet Beach,1441422000.0,21.9,0.49,,,CalumetBeach201509050300,0,21.9,0.49,0.122,3.0
2015-09-05 04:00:00,Calumet Beach,1441425600.0,21.8,0.53,0.115,,CalumetBeach201509050400,0,21.8,0.53,0.115,3.0
2015-09-05 05:00:00,Calumet Beach,1441429200.0,21.7,,,3.0,CalumetBeach201509050500,0,21.7,0.41,0.125,3.0
2015-09-05 06:00:00,Calumet Beach,1441432800.0,21.6,0.31,0.115,9.0,CalumetBeach201509050600,0,21.6,0.31,0.115,9.0
2015-09-05 07:00:00,Calumet Beach,1441436400.0,21.5,0.21,0.109,3.0,CalumetBeach201509050700,0,21.5,0.21,0.109,3.0
2015-09-05 08:00:00,Calumet Beach,1441440000.0,,0.19,0.11,3.0,CalumetBeach201509050800,0,21.5,0.19,0.11,3.0
2015-09-05 09:00:00,Calumet Beach,1441443600.0,21.5,0.23,0.104,4.0,CalumetBeach201509050900,0,21.5,0.23,0.104,4.0
2015-09-05 10:00:00,Calumet Beach,1441447200.0,21.5,0.45,0.268,,CalumetBeach201509051000,0,21.5,0.45,0.268,3.0
2015-09-05 11:00:00,Calumet Beach,1441450800.0,21.4,0.65,0.2,3.0,CalumetBeach201509051100,0,21.4,0.65,0.2,3.0
2015-09-05 12:00:00,Calumet Beach,1441454400.0,21.5,1.18,0.254,3.0,CalumetBeach201509051200,0,21.5,1.18,0.254,3.0
2015-09-05 13:00:00,Calumet Beach,1441458000.0,21.8,,0.211,3.0,CalumetBeach201509051300,0,21.8,1.37,0.211,3.0
2015-09-05 14:00:00,Calumet Beach,1441461600.0,21.9,1.49,0.177,3.0,CalumetBeach201509051400,0,21.9,1.49,0.177,3.0
2015-09-05 15:00:00,Calumet Beach,1441465200.0,22.2,,0.168,2.0,CalumetBeach201509051500,0,22.2,1.7,0.168,2.0
2015-09-05 16:00:00,Calumet Beach,1441468800.0,22.7,2.01,0.135,2.0,CalumetBeach201509051600,0,22.7,2.01,0.135,2.0
2015-09-05 17:00:00,Calumet Beach,1441472400.0,,,0.139,3.0,CalumetBeach201509051700,0,22.8,1.72,0.139,3.0
2015-09-05 18:00:00,Calumet Beach,1441476000.0,22.5,1.5,,2.0,CalumetBeach201509051800,0,22.5,1.5,0.153,2.0
2015-09-05 19:00:00,Calumet Beach,1441479600.0,,1.2,0.157,,CalumetBeach201509051900,0,22.2,1.2,0.157,3.0
2015-09-05 20:00:00,Calumet Beach,1441483200.0,,0.99,0.117,,CalumetBeach201509052000,0,22.1,0.99,0.117,2.0
2015-09-05 21:00:00,Calumet Beach,1441486800.0,,1.05,,4.0,CalumetBeach201509052100,0,22.0,1.05,0.103,4.0
2015-09-05 22:00:00,Calumet Beach,1441490400.0,21.7,0.65,0.101,,CalumetBeach201509052200,0,21.7,0.65,0.101,3.0
2015-09-05 23:00:00,Calumet Beach,1441494000.0,21.5,0.74,0.101,3.0,CalumetBeach201509052300,0,21.5,0.74,0.101,3.0
2015-09-06 00:00:00,Calumet Beach,1441497600.0,21.3,0.57,0.111,2.0,CalumetBeach201509062400,0,21.3,0.57,0.111,2.0
2015-09-06 01:00:00,Calumet Beach,,,,,,,1,,,,
2015-09-06 02:00:00,Calumet Beach,1441504800.0,21.1,,0.114,3.0,CalumetBeach201509060200,0,21.1,0.48,0.114,3.0
2015-09-06 03:00:00,Calumet Beach,1441508400.0,21.0,0.41,0.098,2.0,CalumetBeach201509060300,0,21.0,0.41,0.098,2.0
2015-09-06 04:00:00,Calumet Beach,1441512000.0,20.9,0.48,0.088,2.0,CalumetBeach201509060400,0,20.9,0.48,0.088,2.0
2015-09-06 05:00:00,Calumet Beach,1441515600.0,20.8,0.5,0.077,,CalumetBeach201509060500,0,20.8,0.5,0.077,2.0
2015-09-06 06:00:00,Calumet Beach,1441519200.0,20.8,0.59,0.065,,CalumetBeach201509060600,0,20.8,0.59,0.065,2.0
2015-09-06 07:00:00,Calumet Beach,1441522800.0,20.8,0.64,0.065,3.0,CalumetBeach201509060700,0,20.8,0.64,0.065,3.0
2015-09-06 08:00:00,Calumet Beach,1441526400.0,20.8,,0.076,2.0,CalumetBeach201509060800,0,20.8,0.55,0.076,2.0
2015-09-06 09:00:00,Calumet Beach,1441530000.0,,0.68,0.077,2.0,CalumetBeach201509060900,0,20.8,0.68,0.077,2.0
2015-09-06 10:00:00,Calumet Beach,1441533600.0,20.6,0.76,0.077,2.0,CalumetBeach201509061000,0,20.6,0.76,0.077,2.0
2015-09-06 11:00:00,Calumet Beach,1441537200.0,20.5,0.8,0.107,2.0,CalumetBeach201509061100,0,20.5,0.8,0.107,2.0
2015-09-06 12:00:00,Calumet Beach,1441540800.0,20.6,0.8,0.122,,CalumetBeach201509061200,0,20.6,0.8,0.122,3.0
2015-09-06 13:00:00,Calumet Beach,1441544400.0,20.2,,0.155,,CalumetBeach201509061300,0,20.2,1.0,0.155,2.0
2015-09-06 14:00:00,Calumet Beach,1441548000.0,20.1,,0.135,3.0,CalumetBeach201509061400,0,20.1,1.33,0.135,3.0
2015-09-06 15:00:00,Calumet Beach,1441551600.0,19.7,1.49,0.17,3.0,CalumetBeach201509061500,0,19.7,1.49,0.17,3.0
2015-09-06 16:00:00,Calumet Beach,1441555200.0,19.0,1.31,0.146,2.0,CalumetBeach201509061600,0,19.0,1.31,0.146,2.0
2015-09-06 17:00:00,Calumet Beach,1441558800.0,18.5,1.79,0.17,2.0,CalumetBeach201509061700,0,18.5,1.79,0.17,2.0
2015-09-06 18:00:00,Calumet Beach,1441562400.0,18.1,1.3,0.156,,CalumetBeach201509061800,0,18.1,1.3,0.156,2.0
2015-09-06 19:00:00,Calumet Beach,1441566000.0,18.1,,0.137,3.0,CalumetBeach201509061900,0,18.1,1.76,0.137,3.0
2015-09-06 20:00:00,Calumet Beach,1441569600.0,18.7,,0.122,2.0,CalumetBeach201509062000,0,18.7,2.03,0.122,2.0
2015-09-06 21:00:00,Calumet Beach,1441573200.0,19.5,1.8,0.106,2.0,CalumetBeach201509062100,0,19.5,1.8,0.106,2.0
2015-09-06 22:00:00,Calumet Beach,1441576800.0,19.1,0.87,0.136,2.0,CalumetBeach201509062200,0,19.1,0.87,0.136,2.0
2015-09-06 23:00:00,Calumet Beach,1441580400.0,18.5,0.9,0.097,2.0,CalumetBeach201509062300,0,18.5,0.9,0.097,2.0
2015-09-07 00:00:00,Calumet Beach,1441584000.0,18.1,0.87,,2.0,CalumetBeach201509072400,0,18.1,0.87,0.095,2.0
2015-09-07 01:00:00,Calumet Beach,1441587600.0,17.9,0.83,0.104,2.0,CalumetBeach201509070100,0,17.9,0.83,0.104,2.0
2015-09-07 02:00:00,Calumet Beach,1441591200.0,17.8,0.72,,2.0,CalumetBeach201509070200,0,17.8,0.72,0.081,2.0
2015-09-07 03:00:00,Calumet Beach,1441594800.0,17.7,,0.076,4.0,CalumetBeach201509070300,0,17.7,0.77,0.076,4.0
2015-09-07 04:00:00,Calumet Beach,1441598400.0,,0.7,0.07,2.0,CalumetBeach201509070400,0,17.7,0.7,0.07,2.0
2015-09-07 05:00:00,Calumet Beach,1441602000.0,17.6,0.72,0.07,2.0,CalumetBeach201509070500,0,17.6,0.72,0.07,2.0
2015-09-07 06:00:00,Calumet Beach,1441605600.0,17.4,0.65,0.064,9.0,CalumetBeach201509070600,0,17.4,0.65,0.064,9.0
2015-09-07 07:00:00,Calumet Beach,1441609200.0,17.2,0.61,0.062,5.0,CalumetBeach201509070700,0,17.2,0.61,0.062,5.0
2015-09-07 08:00:00,Calumet Beach,1441612800.0,17.1,0.54,0.066,3.0,CalumetBeach201509070800,0,17.1,0.54,0.066,3.0
2015-09-07 09:00:00,Calumet Beach,1441616400.0,,0.46,0.059,7.0,CalumetBeach201509070900,0,17.1,0.46,0.059,7.0
2015-09-07 10:00:00,Calumet Beach,1441620000.0,17.3,0.39,0.088,3.0,CalumetBeach201509071000,0,17.3,0.39,0.088,3.0
2015-09-07 11:00:00,Calumet Beach,1441623600.0,17.7,0.5,0.105,2.0,CalumetBeach201509071100,0,17.7,0.5,0.105,2.0
2015-09-07 12:00:00,Calumet Beach,1441627200.0,18.3,,0.097,5.0,CalumetBeach201509071200,0,18.3,0.66,0.097,5.0
2015-09-07 13:00:00,Calumet Beach,1441630800.0,18.3,0.86,0.14,,CalumetBeach201509071300,0,18.3,0.86,0.14,2.0
2015-09-07 14:00:00,Calumet Beach,1441634400.0,17.7,0.69,0.133,3.0,CalumetBeach201509071400,0,17.7,0.69,0.133,3.0
2015-09-07 15:00:00,Calumet Beach,1441638000.0,17.9,1.0,0.131,3.0,CalumetBeach201509071500,0,17.9,1.0,0.131,3.0
2015-09-07 16:00:00,Calumet Beach,1441641600.0,,1.33,0.129,2.0,CalumetBeach201509071600,0,17.6,1.33,0.129,2.0
2015-09-07 17:00:00,Calumet Beach,1441645200.0,17.7,,0.126,2.0,CalumetBeach201509071700,0,17.7,1.43,0.126,2.0
2015-09-07 18:00:00,Calumet Beach,1441648800.0,,1.83,0.138,2.0,CalumetBeach201509071800,0,17.6,1.83,0.138,2.0
2015-09-07 19:00:00,Calumet Beach,1441652400.0,17.7,,,2.0,CalumetBeach201509071900,0,17.7,1.72,0.112,2.0
2015-09-07 20:00:00,Calumet Beach,1441656000.0,17.9,1.12,0.094,4.0,CalumetBeach201509072000,0,17.9,1.12,0.094,4.0
2015-09-07 21:00:00,Calumet Beach,1441659600.0,18.0,0.6,0.085,6.0,CalumetBeach201509072100,0,18.0,0.6,0.085,6.0
2015-09-07 22:00:00,Calumet Beach,1441663200.0,18.4,0.38,0.076,3.0,CalumetBeach201509072200,0,18.4,0.38,0.076,3.0
2015-09-07 23:00:00,Calumet Beach,1441666800.0,18.3,0.23,0.08,3.0,CalumetBeach201509072300,0,18.3,0.23,0.08,3.0
2015-09-08 00:00:00,Calumet Beach,1441670400.0,18.7,0.21,0.083,2.0,CalumetBeach201509082400,0,18.7,0.21,0.083,2.0
2015-09-08 01:00:00,Calumet Beach,1441674000.0,18.7,0.41,0.066,,CalumetBeach201509080100,0,18.7,0.41,0.066,3.0
2015-09-08 02:00:00,Calumet Beach,1441677600.0,18.7,0.22,0.059,7.0,CalumetBeach201509080200,0,18.7,0.22,0.059,7.0
2015-09-08 03:00:00,Calumet Beach,1441681200.0,18.9,0.39,0.057,4.0,CalumetBeach201509080300,0,18.9,0.39,0.057,4.0
2015-09-08 04:00:00,Calumet Beach,1441684800.0,18.8,0.25,0.053,,CalumetBeach201509080400,0,18.8,0.25,0.053,6.0
2015-09-08 05:00:00,Calumet Beach,1441688400.0,18.6,0.27,0.061,3.0,CalumetBeach201509080500,0,18.6,0.27,0.061,3.0
2015-09-08 06:00:00,Calumet Beach,1441692000.0,18.3,0.3,0.059,9.0,CalumetBeach201509080600,0,18.3,0.3,0.059,9.0
2015-09-08 07:00:00,Calumet Beach,1441695600.0,18.2,0.5,0.059,7.0,CalumetBeach201509080700,0,18.2,0.5,0.059,7.0
2015-09-08 08:00:00,Calumet Beach,1441699200.0,18.0,0.56,0.064,4.0,CalumetBeach201509080800,0,18.0,0.56,0.064,4.0
2015-09-08 09:00:00,Calumet Beach,1441702800.0,17.9,0.56,0.076,2.0,CalumetBeach201509080900,0,17.9,0.56,0.076,2.0
2015-09-08 10:00:00,Calumet Beach,1441706400.0,,0.5,0.09,2.0,CalumetBeach201509081000,0,17.9,0.5,0.09,2.0
2015-09-08 11:00:00,Calumet Beach,1441710000.0,,0.52,0.091,,CalumetBeach201509081100,0,17.9,0.52,0.091,3.0
2015-09-08 12:00:00,Calumet Beach,1441713600.0,17.8,0.6,0.107,3.0,CalumetBeach201509081200,0,17.8,0.6,0.107,3.0
2015-09-08 13:00:00,Calumet Beach,1441717200.0,17.9,0.59,0.1,,CalumetBeach201509081300,0,17.9,0.59,0.1,2.0
2015-09-08 14:00:00,Calumet Beach,1441720800.0,17.8,0.66,0.09,2.0,CalumetBeach201509081400,0,17.8,0.66,0.09,2.0
2015-09-08 15:00:00,Calumet Beach,1441724400.0,18.0,0.52,0.077,3.0,CalumetBeach201509081500,0,18.0,0.52,0.077,3.0
2015-09-08 16:00:00,Calumet Beach,1441728000.0,18.0,,0.092,2.0,CalumetBeach201509081600,0,18.0,0.58,0.092,2.0
2015-09-08 17:00:00,Calumet Beach,1441731600.0,17.6,0.88,0.099,2.0,CalumetBeach201509081700,0,17.6,0.88,0.099,2.0
2015-09-08 18:00:00,Calumet Beach,1441735200.0,17.5,0.8,0.097,,CalumetBeach201509081800,0,17.5,0.8,0.097,2.0
2015-09-08 19:00:00,Calumet Beach,1441738800.0,17.9,1.11,0.085,3.0,CalumetBeach201509081900,0,17.9,1.11,0.085,3.0
2015-09-08 20:00:00,Calumet Beach,1441742400.0,17.7,0.95,0.098,,CalumetBeach201509082000,0,17.7,0.95,0.098,8.0
2015-09-08 21:00:00,Calumet Beach,1441746000.0,17.5,0.57,0.088,2.0,CalumetBeach201509082100,0,17.5,0.57,0.088,2.0
2015-09-08 22:00:00,Calumet Beach,1441749600.0,17.8,0.56,0.089,3.0,CalumetBeach201509082200,0,17.8,0.56,0.089,3.0
2015-09-08 23:00:00,Calumet Beach,1441753200.0,18.0,0.48,,3.0,CalumetBeach201509082300,0,18.0,0.48,0.076,3.0
2015-09-09 00:00:00,Calumet Beach,1441756800.0,17.4,0.53,0.084,3.0,CalumetBeach201509092400,0,17.4,0.53,0.084,3.0
2015-09-09 01:00:00,Calumet Beach,1441760400.0,17.5,0.54,0.14,3.0,CalumetBeach201509090100,0,17.5,0.54,0.14,3.0
2015-09-09 02:00:00,Calumet Beach,1441764000.0,17.4,0.56,0.145,3.0,CalumetBeach201509090200,0,17.4,0.56,0.145,3.0
2015-09-09 03:00:00,Calumet Beach,1441767600.0,,0.56,0.134,3.0,CalumetBeach201509090300,0,17.5,0.56,0.134,3.0
2015-09-09 04:00:00,Calumet Beach,1441771200.0,,0.42,0.13,3.0,CalumetBeach201509090400,0,18.2,0.42,0.13,3.0
2015-09-09 05:00:00,Calumet Beach,1441774800.0,18.2,,0.127,3.0,CalumetBeach201509090500,0,18.2,0.39,0.127,3.0
2015-09-09 06:00:00,Calumet Beach,1441778400.0,18.2,0.36,,3.0,CalumetBeach201509090600,0,18.2,0.36,0.115,3.0
2015-09-09 07:00:00,Calumet Beach,1441782000.0,18.2,0.42,0.118,3.0,CalumetBeach201509090700,0,18.2,0.42,0.118,3.0
2015-09-09 08:00:00,Calumet Beach,1441785600.0,18.2,0.39,,3.0,CalumetBeach201509090800,0,18.2,0.39,0.12,3.0
2015-09-09 09:00:00,Calumet Beach,1441789200.0,18.2,,0.147,4.0,CalumetBeach201509090900,0,18.2,0.46,0.147,4.0
2015-09-09 10:00:00,Calumet Beach,1441792800.0,18.3,0.42,0.163,3.0,CalumetBeach201509091000,0,18.3,0.42,0.163,3.0
2015-09-09 11:00:00,Calumet Beach,1441796400.0,18.4,0.5,0.179,4.0,CalumetBeach201509091100,0,18.4,0.5,0.179,4.0
2015-09-09 12:00:00,Calumet Beach,1441800000.0,18.5,0.48,0.182,4.0,CalumetBeach201509091200,0,18.5,0.48,0.182,4.0
2015-09-09 13:00:00,Calumet Beach,1441803600.0,18.7,,0.186,5.0,CalumetBeach201509091300,0,18.7,0.48,0.186,5.0
2015-09-09 14:00:00,Calumet Beach,1441807200.0,18.9,0.51,0.191,5.0,CalumetBeach201509091400,0,18.9,0.51,0.191,5.0
2015-09-09 15:00:00,Calumet Beach,1441810800.0,19.1,0.5,0.214,5.0,CalumetBeach201509091500,0,19.1,0.5,0.214,5.0
2015-09-09 16:00:00,Calumet Beach,1441814400.0,19.3,0.56,0.187,5.0,CalumetBeach201509091600,0,19.3,0.56,0.187,5.0
2015-09-09 17:00:00,Calumet Beach,1441818000.0,19.4,0.55,0.184,3.0,CalumetBeach201509091700,0,19.4,0.55,0.184,3.0
2015-09-09 18:00:00,Calumet Beach,1441821600.0,19.4,0.55,0.189,5.0,CalumetBeach201509091800,0,19.4,0.55,0.189,5.0
2015-09-09 19:00:00,Calumet Beach,1441825200.0,19.4,0.68,0.183,4.0,CalumetBeach201509091900,0,19.4,0.68,0.183,4.0
2015-09-09 20:00:00,Calumet Beach,1441828800.0,19.3,1.02,0.186,5.0,CalumetBeach201509092000,0,19.3,1.02,0.186,5.0
2015-09-09 21:00:00,Calumet Beach,1441832400.0,19.8,0.27,0.18,3.0,CalumetBeach201509092100,0,19.8,0.27,0.18,3.0
2015-09-09 22:00:00,Calumet Beach,1441836000.0,19.8,0.3,0.172,4.0,CalumetBeach201509092200,0,19.8,0.3,0.172,4.0
2015-09-09 23:00:00,Calumet Beach,1441839600.0,19.7,0.22,0.164,4.0,CalumetBeach201509092300,0,19.7,0.22,0.164,4.0
2015-09-10 00:00:00,Calumet Beach,1441843200.0,19.7,0.33,,5.0,CalumetBeach201509102400,0,19.7,0.33,0.164,5.0
2015-09-10 01:00:00,Calumet Beach,1441846800.0,19.9,0.11,0.158,5.0,CalumetBeach201509100100,0,19.9,0.11,0.158,5.0
2015-09-10 02:00:00,Calumet Beach,1441850400.0,19.8,,,5.0,CalumetBeach201509100200,0,19.8,0.1,0.148,5.0
2015-09-10 03:00:00,Calumet Beach,1441854000.0,,0.12,0.139,4.0,CalumetBeach201509100300,0,19.8,0.12,0.139,4.0
2015-09-10 04:00:00,Calumet Beach,1441857600.0,19.7,0.11,0.132,4.0,CalumetBeach201509100400,0,19.7,0.11,0.132,4.0
2015-09-10 05:00:00,Calumet Beach,1441861200.0,19.7,,0.133,5.0,CalumetBeach201509100500,0,19.7,0.12,0.133,5.0
2015-09-10 06:00:00,Calumet Beach,1441864800.0,19.6,0.07,0.127,,CalumetBeach201509100600,0,19.6,0.07,0.127,4.0
2015-09-10 07:00:00,Calumet Beach,1441868400.0,19.6,0.16,0.12,,CalumetBeach201509100700,0,19.6,0.16,0.12,4.0
2015-09-10 08:00:00,Calumet Beach,1441872000.0,19.6,0.1,0.117,4.0,CalumetBeach201509100800,0,19.6,0.1,0.117,4.0
2015-09-10 09:00:00,Calumet Beach,1441875600.0,,0.1,,4.0,CalumetBeach201509100900,0,19.5,0.1,0.114,4.0
2015-09-10 10:00:00,Calumet Beach,1441879200.0,19.6,0.46,0.111,4.0,CalumetBeach201509101000,0,19.6,0.46,0.111,4.0
2015-09-10 11:00:00,Calumet Beach,1441882800.0,19.7,0.37,0.124,3.0,CalumetBeach201509101100,0,19.7,0.37,0.124,3.0
2015-09-10 12:00:00,Calumet Beach,1441886400.0,20.0,0.17,0.119,3.0,CalumetBeach201509101200,0,20.0,0.17,0.119,3.0
2015-09-10 13:00:00,Calumet Beach,1441890000.0,20.1,0.22,0.162,,CalumetBeach201509101300,0,20.1,0.22,0.162,3.0
2015-09-10 14:00:00,Calumet Beach,1441893600.0,,0.17,0.142,3.0,CalumetBeach201509101400,0,20.3,0.17,0.142,3.0
2015-09-10 15:00:00,Calumet Beach,1441897200.0,20.4,0.28,0.119,3.0,CalumetBeach201509101500,0,20.4,0.28,0.119,3.0
2015-09-10 16:00:00,Calumet Beach,1441900800.0,,,,3.0,CalumetBeach201509101600,0,20.0,0.33,0.159,3.0
2015-09-10 17:00:00,Calumet Beach,1441904400.0,,0.44,0.139,3.0,CalumetBeach201509101700,0,19.9,0.44,0.139,3.0
2015-09-10 18:00:00,Calumet Beach,1441908000.0,19.7,0.39,0.1,,CalumetBeach201509101800,0,19.7,0.39,0.1,3.0
2015-09-10 19:00:00,Calumet Beach,1441911600.0,19.6,0.43,0.092,3.0,CalumetBeach201509101900,0,19.6,0.43,0.092,3.0
2015-09-10 20:00:00,Calumet Beach,1441915200.0,,0.41,0.082,3.0,CalumetBeach201509102000,0,19.5,0.41,0.082,3.0
2015-09-10 21:00:00,Calumet Beach,1441918800.0,19.5,0.37,0.115,3.0,CalumetBeach201509102100,0,19.5,0.37,0.115,3.0
2015-09-10 22:00:00,Calumet Beach,1441922400.0,19.4,,,,CalumetBeach201509102200,0,19.4,0.42,0.129,3.0
2015-09-10 23:00:00,Calumet Beach,1441926000.0,19.4,0.65,0.131,3.0,CalumetBeach201509102300,0,19.4,0.65,0.131,3.0
2015-09-11 00:00:00,Calumet Beach,1441929600.0,19.3,0.75,0.125,3.0,CalumetBeach201509112400,0,19.3,0.75,0.125,3.0
2015-09-11 01:00:00,Calumet Beach,1441933200.0,19.5,0.22,0.125,3.0,CalumetBeach201509110100,0,19.5,0.22,0.125,3.0
2015-09-11 02:00:00,Calumet Beach,1441936800.0,19.5,0.27,0.129,3.0,CalumetBeach201509110200,0,19.5,0.27,0.129,3.0
2015-09-11 03:00:00,Calumet Beach,1441940400.0,19.4,0.24,0.12,2.0,CalumetBeach201509110300,0,19.4,0.24,0.12,2.0
2015-09-11 04:00:00,Calumet Beach,1441944000.0,19.4,0.23,0.11,3.0,CalumetBeach201509110400,0,19.4,0.23,0.11,3.0
2015-09-11 05:00:00,Calumet Beach,1441947600.0,19.4,,0.116,3.0,CalumetBeach201509110500,0,19.4,0.35,0.116,3.0
2015-09-11 06:00:00,Calumet Beach,1441951200.0,19.3,0.25,0.131,3.0,CalumetBeach201509110600,0,19.3,0.25,0.131,3.0
2015-09-11 07:00:00,Calumet Beach,1441954800.0,19.3,0.19,0.125,3.0,CalumetBeach201509110700,0,19.3,0.19,0.125,3.0
2015-09-11 08:00:00,Calumet Beach,1441958400.0,19.3,0.23,,,CalumetBeach201509110800,0,19.3,0.23,0.123,3.0
2015-09-11 09:00:00,Calumet Beach,1441962000.0,19.2,0.23,0.112,,CalumetBeach201509110900,0,19.2,0.23,0.112,3.0
2015-09-11 10:00:00,Calumet Beach,1441965600.0,19.2,0.37,,3.0,CalumetBeach201509111000,0,19.2,0.37,0.193,3.0
2015-09-11 11:00:00,Calumet Beach,1441969200.0,19.2,0.34,0.202,3.0,CalumetBeach201509111100,0,19.2,0.34,0.202,3.0
2015-09-11 12:00:00,Calumet Beach,1441972800.0,19.2,,0.259,3.0,CalumetBeach201509111200,0,19.2,0.62,0.259,3.0
2015-09-11 13:00:00,Calumet Beach,1441976400.0,19.2,0.76,0.257,4.0,CalumetBeach201509111300,0,19.2,0.76,0.257,4.0
2015-09-11 14:00:00,Calumet Beach,1441980000.0,,1.07,0.238,3.0,CalumetBeach201509111400,0,19.2,1.07,0.238,3.0
2015-09-11 15:00:00,Calumet Beach,1441983600.0,19.4,1.24,0.237,4.0,CalumetBeach201509111500,0,19.4,1.24,0.237,4.0
2015-09-11 16:00:00,Calumet Beach,1441987200.0,19.5,1.24,0.262,5.0,CalumetBeach201509111600,0,19.5,1.24,0.262,5.0
2015-09-11 17:00:00,Calumet Beach,1441990800.0,19.4,1.63,0.268,4.0,CalumetBeach201509111700,0,19.4,1.63,0.268,4.0
2015-09-11 18:00:00,Calumet Beach,1441994400.0,19.3,2.65,0.244,5.0,CalumetBeach201509111800,0,19.3,2.65,0.244,5.0
2015-09-11 19:00:00,Calumet Beach,1441998000.0,19.3,4.34,0.264,5.0,CalumetBeach201509111900,0,19.3,4.34,0.264,5.0
2015-09-11 20:00:00,Calumet Beach,1442001600.0,,7.32,0.259,6.0,CalumetBeach201509112000,0,19.3,7.32,0.259,6.0
2015-09-11 21:00:00,Calumet Beach,1442005200.0,19.1,4.23,0.29,5.0,CalumetBeach201509112100,0,19.1,4.23,0.29,5.0
2015-09-11 22:00:00,Calumet Beach,1442008800.0,18.9,8.64,0.283,5.0,CalumetBeach201509112200,0,18.9,8.64,0.283,5.0
2015-09-11 23:00:00,Calumet Beach,1442012400.0,18.7,4.59,0.274,,CalumetBeach201509112300,0,18.7,4.59,0.274,6.0
2015-09-12 00:00:00,Calumet Beach,1442016000.0,,4.3,,6.0,CalumetBeach201509122400,0,18.6,4.3,0.275,6.0
2015-09-12 01:00:00,Calumet Beach,1442019600.0,,4.18,0.271,,CalumetBeach201509120100,0,18.7,4.18,0.271,6.0
2015-09-12 02:00:00,Calumet Beach,1442023200.0,18.8,4.18,0.244,7.0,CalumetBeach201509120200,0,18.8,4.18,0.244,7.0
2015-09-12 03:00:00,Calumet Beach,1442026800.0,18.8,4.24,,6.0,CalumetBeach201509120300,0,18.8,4.24,0.24,6.0
2015-09-12 04:00:00,Calumet Beach,1442030400.0,18.6,3.69,0.244,4.0,CalumetBeach201509120400,0,18.6,3.69,0.244,4.0
2015-09-12 05:00:00,Calumet Beach,1442034000.0,18.6,,0.298,5.0,CalumetBeach201509120500,0,18.6,6.32,0.298,5.0
2015-09-12 06:00:00,Calumet Beach,1442037600.0,18.4,7.07,,6.0,CalumetBeach201509120600,0,18.4,7.07,0.297,6.0
2015-09-12 07:00:00,Calumet Beach,1442041200.0,18.3,6.75,0.291,4.0,CalumetBeach201509120700,0,18.3,6.75,0.291,4.0
2015-09-12 08:00:00,Calumet Beach,1442044800.0,18.2,,0.264,7.0,CalumetBeach201509120800,0,18.2,5.94,0.264,7.0
2015-09-12 09:00:00,Calumet Beach,1442048400.0,18.3,5.9,0.294,6.0,CalumetBeach201509120900,0,18.3,5.9,0.294,6.0
2015-09-12 10:00:00,Calumet Beach,1442052000.0,18.1,4.95,,5.0,CalumetBeach201509121000,0,18.1,4.95,0.279,5.0
2015-09-12 11:00:00,Calumet Beach,1442055600.0,18.2,4.89,0.279,,CalumetBeach201509121100,0,18.2,4.89,0.279,5.0
2015-09-12 12:00:00,Calumet Beach,1442059200.0,18.3,,,6.0,CalumetBeach201509121200,0,18.3,5.35,0.25,6.0
2015-09-12 13:00:00,Calumet Beach,1442062800.0,18.3,5.96,,,CalumetBeach201509121300,0,18.3,5.96,0.256,7.0
2015-09-12 14:00:00,Calumet Beach,1442066400.0,18.4,6.84,0.257,6.0,CalumetBeach201509121400,0,18.4,6.84,0.257,6.0
2015-09-12 15:00:00,Calumet Beach,1442070000.0,18.5,6.43,0.263,7.0,CalumetBeach201509121500,0,18.5,6.43,0.263,7.0
2015-09-12 16:00:00,Calumet Beach,1442073600.0,18.5,6.76,0.258,,CalumetBeach201509121600,0,18.5,6.76,0.258,7.0
2015-09-12 17:00:00,Calumet Beach,1442077200.0,18.5,8.56,0.267,,CalumetBeach201509121700,0,18.5,8.56,0.267,7.0
2015-09-12 18:00:00,Calumet Beach,1442080800.0,18.4,8.54,0.267,6.0,CalumetBeach201509121800,0,18.4,8.54,0.267,6.0
2015-09-12 19:00:00,Calumet Beach,1442084400.0,18.3,9.04,0.276,7.0,CalumetBeach201509121900,0,18.3,9.04,0.276,7.0
2015-09-12 20:00:00,Calumet Beach,1442088000.0,18.1,8.38,0.257,7.0,CalumetBeach201509122000,0,18.1,8.38,0.257,7.0
2015-09-12 21:00:00,Calumet Beach,1442091600.0,18.2,5.51,0.256,5.0,CalumetBeach201509122100,0,18.2,5.51,0.256,5.0
2015-09-12 22:00:00,Calumet Beach,1442095200.0,18.1,,0.25,4.0,CalumetBeach201509122200,0,18.1,6.14,0.25,4.0
2015-09-12 23:00:00,Calumet Beach,1442098800.0,18.1,7.3,0.246,6.0,CalumetBeach201509122300,0,18.1,7.3,0.246,6.0
2015-09-13 00:00:00,Calumet Beach,1442102400.0,,8.77,0.237,6.0,CalumetBeach201509132400,0,18.0,8.77,0.237,6.0
2015-09-13 01:00:00,Calumet Beach,,,,,,,1,,,,
2015-09-13 02:00:00,Calumet Beach,1442109600.0,17.9,8.73,0.211,,CalumetBeach201509130200,0,17.9,8.73,0.211,7.0
2015-09-13 03:00:00,Calumet Beach,1442113200.0,17.8,5.94,0.202,6.0,CalumetBeach201509130300,0,17.8,5.94,0.202,6.0
2015-09-13 04:00:00,Calumet Beach,1442116800.0,17.7,5.56,0.195,6.0,CalumetBeach201509130400,0,17.7,5.56,0.195,6.0
2015-09-13 05:00:00,Calumet Beach,1442120400.0,17.7,5.8,0.191,7.0,CalumetBeach201509130500,0,17.7,5.8,0.191,7.0
2015-09-13 06:00:00,Calumet Beach,1442124000.0,17.7,5.33,0.164,7.0,CalumetBeach201509130600,0,17.7,5.33,0.164,7.0
2015-09-13 07:00:00,Calumet Beach,1442127600.0,17.6,4.94,0.168,,CalumetBeach201509130700,0,17.6,4.94,0.168,6.0
2015-09-13 08:00:00,Calumet Beach,1442131200.0,,5.37,0.164,6.0,CalumetBeach201509130800,0,17.6,5.37,0.164,6.0
2015-09-13 09:00:00,Calumet Beach,1442134800.0,17.7,4.5,0.159,6.0,CalumetBeach201509130900,0,17.7,4.5,0.159,6.0
2015-09-13 10:00:00,Calumet Beach,1442138400.0,17.9,,0.152,5.0,CalumetBeach201509131000,0,17.9,3.17,0.152,5.0
2015-09-13 11:00:00,Calumet Beach,1442142000.0,18.4,3.72,,5.0,CalumetBeach201509131100,0,18.4,3.72,0.167,5.0
2015-09-13 12:00:00,Calumet Beach,1442145600.0,18.7,3.09,,,CalumetBeach201509131200,0,18.7,3.09,0.159,5.0
2015-09-13 13:00:00,Calumet Beach,1442149200.0,18.9,3.45,0.162,4.0,CalumetBeach201509131300,0,18.9,3.45,0.162,4.0
2015-09-13 14:00:00,Calumet Beach,1442152800.0,18.9,3.51,0.164,5.0,CalumetBeach201509131400,0,18.9,3.51,0.164,5.0
2015-09-13 15:00:00,Calumet Beach,1442156400.0,,3.4,0.165,5.0,CalumetBeach201509131500,0,19.4,3.4,0.165,5.0
2015-09-13 16:00:00,Calumet Beach,1442160000.0,19.2,4.37,0.165,5.0,CalumetBeach201509131600,0,19.2,4.37,0.165,5.0
2015-09-13 17:00:00,Calumet Beach,1442163600.0,,,0.153,4.0,CalumetBeach201509131700,0,19.0,3.17,0.153,4.0
2015-09-13 18:00:00,Calumet Beach,1442167200.0,19.3,4.57,0.142,5.0,CalumetBeach201509131800,0,19.3,4.57,0.142,5.0
2015-09-13 19:00:00,Calumet Beach,1442170800.0,19.0,3.47,,5.0,CalumetBeach201509131900,0,19.0,3.47,0.124,5.0
2015-09-13 20:00:00,Calumet Beach,1442174400.0,18.9,3.43,0.128,,CalumetBeach201509132000,0,18.9,3.43,0.128,5.0
2015-09-13 21:00:00,Calumet Beach,1442178000.0,18.8,,0.104,5.0,CalumetBeach201509132100,0,18.8,3.02,0.104,5.0
2015-09-13 22:00:00,Calumet Beach,1442181600.0,18.8,3.08,0.102,5.0,CalumetBeach201509132200,0,18.8,3.08,0.102,5.0
2015-09-13 23:00:00,Calumet Beach,1442185200.0,,2.97,0.1,5.0,CalumetBeach201509132300,0,18.7,2.97,0.1,5.0
2015-09-14 00:00:00,Calumet Beach,1442188800.0,18.6,2.79,0.088,4.0,CalumetBeach201509142400,0,18.6,2.79,0.088,4.0
2015-09-14 01:00:00,Calumet Beach,1442192400.0,18.5,2.59,0.084,5.0,CalumetBeach201509140100,0,18.5,2.59,0.084,5.0
2015-09-14 02:00:00,Calumet Beach,1442196000.0,,2.37,0.079,5.0,CalumetBeach201509140200,0,18.5,2.37,0.079,5.0
2015-09-14 03:00:00,Calumet Beach,1442199600.0,18.4,2.47,,,CalumetBeach201509140300,0,18.4,2.47,0.077,5.0
2015-09-14 04:00:00,Calumet Beach,1442203200.0,18.4,2.56,0.073,5.0,CalumetBeach201509140400,0,18.4,2.56,0.073,5.0
2015-09-14 05:00:00,Calumet Beach,1442206800.0,18.3,2.41,0.093,2.0,CalumetBeach201509140500,0,18.3,2.41,0.093,2.0
2015-09-14 06:00:00,Calumet Beach,1442210400.0,18.2,2.29,,5.0,CalumetBeach201509140600,0,18.2,2.29,0.078,5.0
2015-09-14 07:00:00,Calumet Beach,1442214000.0,18.1,,0.095,2.0,CalumetBeach201509140700,0,18.1,2.3,0.095,2.0
2015-09-14 08:00:00,Calumet Beach,1442217600.0,18.1,2.28,0.084,2.0,CalumetBeach201509140800,0,18.1,2.28,0.084,2.0
2015-09-14 09:00:00,Calumet Beach,1442221200.0,18.1,2.08,,,CalumetBeach201509140900,0,18.1,2.08,0.086,2.0
2015-09-14 10:00:00,Calumet Beach,1442224800.0,18.3,2.07,0.089,2.0,CalumetBeach201509141000,0,18.3,2.07,0.089,2.0
2015-09-14 11:00:00,Calumet Beach,1442228400.0,18.5,2.06,,2.0,CalumetBeach201509141100,0,18.5,2.06,0.105,2.0
2015-09-14 12:00:00,Calumet Beach,1442232000.0,18.7,1.9,0.116,2.0,CalumetBeach201509141200,0,18.7,1.9,0.116,2.0
2015-09-14 13:00:00,Calumet Beach,1442235600.0,,1.92,0.124,2.0,CalumetBeach201509141300,0,18.9,1.92,0.124,2.0
2015-09-14 14:00:00,Calumet Beach,1442239200.0,19.1,1.79,,2.0,CalumetBeach201509141400,0,19.1,1.79,0.113,2.0
2015-09-14 15:00:00,Calumet Beach,1442242800.0,19.2,1.86,0.126,2.0,CalumetBeach201509141500,0,19.2,1.86,0.126,2.0
2015-09-14 16:00:00,Calumet Beach,1442246400.0,,,0.127,,CalumetBeach201509141600,0,19.4,1.96,0.127,2.0
2015-09-14 17:00:00,Calumet Beach,1442250000.0,19.3,2.87,0.141,2.0,CalumetBeach201509141700,0,19.3,2.87,0.141,2.0
2015-09-14 18:00:00,Calumet Beach,1442253600.0,19.3,2.87,0.13,2.0,CalumetBeach201509141800,0,19.3,2.87,0.13,2.0
2015-09-14 19:00:00,Calumet Beach,1442257200.0,19.2,3.0,,2.0,CalumetBeach201509141900,0,19.2,3.0,0.108,2.0
2015-09-14 20:00:00,Calumet Beach,1442260800.0,19.1,3.12,0.112,2.0,CalumetBeach201509142000,0,19.1,3.12,0.112,2.0
2015-09-14 21:00:00,Calumet Beach,1442264400.0,19.1,,0.127,3.0,CalumetBeach201509142100,0,19.1,2.67,0.127,3.0
2015-09-14 22:00:00,Calumet Beach,1442268000.0,19.0,2.48,,2.0,CalumetBeach201509142200,0,19.0,2.48,0.118,2.0
2015-09-14 23:00:00,Calumet Beach,1442271600.0,,2.77,0.119,2.0,CalumetBeach201509142300,0,19.0,2.77,0.119,2.0
2015-09-15 00:00:00,Calumet Beach,1442275200.0,18.9,,0.103,2.0,CalumetBeach201509152400,0,18.9,2.45,0.103,2.0
2015-09-15 01:00:00,Calumet Beach,1442278800.0,18.9,2.25,0.105,2.0,CalumetBeach201509150100,0,18.9,2.25,0.105,2.0
2015-09-15 02:00:00,Calumet Beach,1442282400.0,18.8,2.32,0.101,2.0,CalumetBeach201509150200,0,18.8,2.32,0.101,2.0
2015-09-15 03:00:00,Calumet Beach,1442286000.0,18.8,2.06,0.09,2.0,CalumetBeach201509150300,0,18.8,2.06,0.09,2.0
2015-09-15 04:00:00,Calumet Beach,1442289600.0,18.7,1.87,,,CalumetBeach201509150400,0,18.7,1.87,0.091,2.0
2015-09-15 05:00:00,Calumet Beach,1442293200.0,,,0.089,2.0,CalumetBeach201509150500,0,18.7,1.93,0.089,2.0
2015-09-15 06:00:00,Calumet Beach,1442296800.0,18.7,1.95,,2.0,CalumetBeach201509150600,0,18.7,1.95,0.096,2.0
2015-09-15 07:00:00,Calumet Beach,1442300400.0,18.6,1.89,0.088,2.0,CalumetBeach201509150700,0,18.6,1.89,0.088,2.0
2015-09-15 08:00:00,Calumet Beach,1442304000.0,18.6,1.83,0.086,2.0,CalumetBeach201509150800,0,18.6,1.83,0.086,2.0
2015-09-15 09:00:00,Calumet Beach,1442307600.0,,1.83,0.092,,CalumetBeach201509150900,0,18.6,1.83,0.092,2.0
2015-09-15 10:00:00,Calumet Beach,1442311200.0,18.8,1.59,0.084,2.0,CalumetBeach201509151000,0,18.8,1.59,0.084,2.0
2015-09-15 11:00:00,Calumet Beach,1442314800.0,19.1,1.44,0.087,2.0,CalumetBeach201509151100,0,19.1,1.44,0.087,2.0
2015-09-15 12:00:00,Calumet Beach,1442318400.0,19.2,1.45,0.088,2.0,CalumetBeach201509151200,0,19.2,1.45,0.088,2.0
2015-09-15 13:00:00,Calumet Beach,1442322000.0,19.3,1.47,0.102,3.0,CalumetBeach201509151300,0,19.3,1.47,0.102,3.0
2015-09-15 14:00:00,Calumet Beach,1442325600.0,19.4,1.42,0.116,3.0,CalumetBeach201509151400,0,19.4,1.42,0.116,3.0
2015-09-15 15:00:00,Calumet Beach,1442329200.0,19.6,1.42,0.122,2.0,CalumetBeach201509151500,0,19.6,1.42,0.122,2.0
2015-09-15 16:00:00,Calumet Beach,1442332800.0,19.7,,0.139,2.0,CalumetBeach201509151600,0,19.7,1.36,0.139,2.0
2015-09-15 17:00:00,Calumet Beach,1442336400.0,19.7,1.33,0.129,2.0,CalumetBeach201509151700,0,19.7,1.33,0.129,2.0
2015-09-15 18:00:00,Calumet Beach,1442340000.0,,1.29,0.179,2.0,CalumetBeach201509151800,0,19.6,1.29,0.179,2.0
2015-09-15 19:00:00,Calumet Beach,1442343600.0,19.5,1.33,0.128,2.0,CalumetBeach201509151900,0,19.5,1.33,0.128,2.0
2015-09-15 20:00:00,Calumet Beach,1442347200.0,19.5,1.48,0.116,2.0,CalumetBeach201509152000,0,19.5,1.48,0.116,2.0
2015-09-15 21:00:00,Calumet Beach,1442350800.0,19.6,,0.113,2.0,CalumetBeach201509152100,0,19.6,1.57,0.113,2.0
2015-09-15 22:00:00,Calumet Beach,1442354400.0,19.5,,0.09,2.0,CalumetBeach201509152200,0,19.5,1.21,0.09,2.0
2015-09-15 23:00:00,Calumet Beach,1442358000.0,19.4,1.18,0.087,2.0,CalumetBeach201509152300,0,19.4,1.18,0.087,2.0
2015-09-16 00:00:00,Calumet Beach,1442361600.0,19.4,1.17,0.089,2.0,CalumetBeach201509162400,0,19.4,1.17,0.089,2.0
2015-09-16 01:00:00,Calumet Beach,1442365200.0,19.3,,,2.0,CalumetBeach201509160100,0,19.3,1.21,0.087,2.0
2015-09-16 02:00:00,Calumet Beach,1442368800.0,19.2,1.01,0.096,3.0,CalumetBeach201509160200,0,19.2,1.01,0.096,3.0
2015-09-16 03:00:00,Calumet Beach,1442372400.0,,1.21,,2.0,CalumetBeach201509160300,0,19.1,1.21,0.096,2.0
2015-09-16 04:00:00,Calumet Beach,1442376000.0,19.1,0.98,0.095,,CalumetBeach201509160400,0,19.1,0.98,0.095,2.0
2015-09-16 05:00:00,Calumet Beach,1442379600.0,19.0,1.07,0.101,2.0,CalumetBeach201509160500,0,19.0,1.07,0.101,2.0
2015-09-16 06:00:00,Calumet Beach,1442383200.0,19.0,1.24,,2.0,CalumetBeach201509160600,0,19.0,1.24,0.097,2.0
2015-09-16 07:00:00,Calumet Beach,1442386800.0,,1.07,0.149,2.0,CalumetBeach201509160700,0,19.0,1.07,0.149,2.0
2015-09-16 08:00:00,Calumet Beach,1442390400.0,,1.15,0.085,2.0,CalumetBeach201509160800,0,18.9,1.15,0.085,2.0
2015-09-16 09:00:00,Calumet Beach,1442394000.0,19.0,1.14,0.097,2.0,CalumetBeach201509160900,0,19.0,1.14,0.097,2.0
2015-09-16 10:00:00,Calumet Beach,1442397600.0,19.1,1.09,0.105,2.0,CalumetBeach201509161000,0,19.1,1.09,0.105,2.0
2015-09-16 11:00:00,Calumet Beach,1442401200.0,19.3,0.96,,3.0,CalumetBeach201509161100,0,19.3,0.96,0.103,3.0
2015-09-16 12:00:00,Calumet Beach,1442404800.0,19.7,1.01,0.094,2.0,CalumetBeach201509161200,0,19.7,1.01,0.094,2.0
2015-09-16 13:00:00,Calumet Beach,1442408400.0,19.7,1.04,0.115,2.0,CalumetBeach201509161300,0,19.7,1.04,0.115,2.0
2015-09-16 14:00:00,Calumet Beach,1442412000.0,19.7,0.95,0.112,2.0,CalumetBeach201509161400,0,19.7,0.95,0.112,2.0
2015-09-16 15:00:00,Calumet Beach,1442415600.0,19.9,0.92,0.124,,CalumetBeach201509161500,0,19.9,0.92,0.124,2.0
2015-09-16 16:00:00,Calumet Beach,1442419200.0,20.1,0.94,,2.0,CalumetBeach201509161600,0,20.1,0.94,0.109,2.0
2015-09-16 17:00:00,Calumet Beach,1442422800.0,,0.91,0.12,,CalumetBeach201509161700,0,20.1,0.91,0.12,2.0
2015-09-16 18:00:00,Calumet Beach,1442426400.0,20.0,,0.126,2.0,CalumetBeach201509161800,0,20.0,0.89,0.126,2.0
2015-09-16 19:00:00,Calumet Beach,1442430000.0,,0.89,,2.0,CalumetBeach201509161900,0,19.9,0.89,0.115,2.0
2015-09-16 20:00:00,Calumet Beach,1442433600.0,19.9,1.21,0.093,2.0,CalumetBeach201509162000,0,19.9,1.21,0.093,2.0
2015-09-16 21:00:00,Calumet Beach,1442437200.0,19.8,0.93,0.097,2.0,CalumetBeach201509162100,0,19.8,0.93,0.097,2.0
2015-09-16 22:00:00,Calumet Beach,,,,,,,1,,,,
2015-09-16 23:00:00,Calumet Beach,,,,,,,1,,,,
2015-09-17 00:00:00,Calumet Beach,,,,,,,1,,,,
2015-09-17 01:00:00,Calumet Beach,1442451600.0,19.7,1.13,0.089,10.0,CalumetBeach201509170100,0,19.7,1.13,0.089,10.0
2015-09-17 02:00:00,Calumet Beach,1442455200.0,,,,,CalumetBeach201509170200,1,19.6,1.19,0.087,10.0
2015-09-17 03:00:00,Calumet Beach,1442458800.0,19.5,1.22,0.093,10.0,CalumetBeach201509170300,0,19.5,1.22,0.093,10.0
2015-09-17 04:00:00,Calumet Beach,1442462400.0,19.5,1.21,0.094,9.0,CalumetBeach201509170400,0,19.5,1.21,0.094,9.0
2015-09-17 05:00:00,Calumet Beach,1442466000.0,19.4,,,2.0,CalumetBeach201509170500,0,19.4,1.22,0.087,2.0
2015-09-17 06:00:00,Calumet Beach,1442469600.0,19.3,1.04,0.089,2.0,CalumetBeach201509170600,0,19.3,1.04,0.089,2.0
2015-09-17 07:00:00,Calumet Beach,1442473200.0,19.3,0.96,0.086,2.0,CalumetBeach201509170700,0,19.3,0.96,0.086,2.0
2015-09-17 08:00:00,Calumet Beach,1442476800.0,19.3,,0.091,,CalumetBeach201509170800,0,19.3,0.99,0.091,2.0
2015-09-17 09:00:00,Calumet Beach,1442480400.0,19.4,0.88,,2.0,CalumetBeach201509170900,0,19.4,0.88,0.104,2.0
2015-09-17 10:00:00,Calumet Beach,1442484000.0,19.5,0.84,0.097,2.0,CalumetBeach201509171000,0,19.5,0.84,0.097,2.0
2015-09-17 11:00:00,Calumet Beach,1442487600.0,19.7,0.83,0.11,,CalumetBeach201509171100,0,19.7,0.83,0.11,2.0
2015-09-17 12:00:00,Calumet Beach,1442491200.0,19.9,0.8,0.133,,CalumetBeach201509171200,0,19.9,0.8,0.133,2.0
2015-09-17 13:00:00,Calumet Beach,1442494800.0,20.1,0.81,0.142,2.0,CalumetBeach201509171300,0,20.1,0.81,0.142,2.0
2015-09-17 14:00:00,Calumet Beach,1442498400.0,20.4,0.86,0.123,2.0,CalumetBeach201509171400,0,20.4,0.86,0.123,2.0
2015-09-17 15:00:00,Calumet Beach,1442502000.0,20.5,1.02,0.129,2.0,CalumetBeach201509171500,0,20.5,1.02,0.129,2.0
2015-09-17 16:00:00,Calumet Beach,1442505600.0,20.6,1.5,0.139,2.0,CalumetBeach201509171600,0,20.6,1.5,0.139,2.0
2015-09-17 17:00:00,Calumet Beach,1442509200.0,20.6,1.58,0.123,,CalumetBeach201509171700,0,20.6,1.58,0.123,2.0
2015-09-17 18:00:00,Calumet Beach,1442512800.0,20.6,1.28,0.111,,CalumetBeach201509171800,0,20.6,1.28,0.111,2.0
2015-09-17 19:00:00,Calumet Beach,1442516400.0,20.5,0.97,0.111,2.0,CalumetBeach201509171900,0,20.5,0.97,0.111,2.0
2015-09-17 20:00:00,Calumet Beach,1442520000.0,20.5,,0.136,2.0,CalumetBeach201509172000,0,20.5,1.1,0.136,2.0
2015-09-17 21:00:00,Calumet Beach,1442523600.0,20.5,1.1,0.141,2.0,CalumetBeach201509172100,0,20.5,1.1,0.141,2.0
2015-09-17 22:00:00,Calumet Beach,,,,,,,1,,,,
2015-09-17 23:00:00,Calumet Beach,,,,,,,1,,,,
2015-09-18 00:00:00,Calumet Beach,,,,,,,1,,,,
2015-09-18 01:00:00,Calumet Beach,1442538000.0,20.3,1.06,0.133,3.0,CalumetBeach201509180100,0,20.3,1.06,0.133,3.0
2015-09-18 02:00:00,Calumet Beach,1442541600.0,,0.96,0.112,3.0,CalumetBeach201509180200,0,20.3,0.96,0.112,3.0
2015-09-18 03:00:00,Calumet Beach,1442545200.0,20.3,,0.118,,CalumetBeach201509180300,0,20.3,1.02,0.118,3.0
2015-09-18 04:00:00,Calumet Beach,1442548800.0,20.3,,0.11,,CalumetBeach201509180400,0,20.3,1.02,0.11,2.0
2015-09-18 05:00:00,Calumet Beach,1442552400.0,,,0.136,3.0,CalumetBeach201509180500,0,20.3,1.12,0.136,3.0
2015-09-18 06:00:00,Calumet Beach,1442556000.0,,1.18,0.15,4.0,CalumetBeach201509180600,0,20.2,1.18,0.15,4.0
2015-09-18 07:00:00,Calumet Beach,1442559600.0,20.2,1.11,0.115,,CalumetBeach201509180700,0,20.2,1.11,0.115,3.0
2015-09-18 08:00:00,Calumet Beach,1442563200.0,20.2,0.9,,4.0,CalumetBeach201509180800,0,20.2,0.9,0.108,4.0
2015-09-18 09:00:00,Calumet Beach,,,,,,,1,,,,
2015-09-18 10:00:00,Calumet Beach,1442570400.0,20.4,0.78,,,CalumetBeach201509181000,0,20.4,0.78,0.101,3.0
2015-09-18 11:00:00,Calumet Beach,1442574000.0,20.4,0.84,0.086,9.0,CalumetBeach201509181100,0,20.4,0.84,0.086,9.0
2015-09-18 12:00:00,Calumet Beach,1442577600.0,20.4,0.85,0.088,4.0,CalumetBeach201509181200,0,20.4,0.85,0.088,4.0
2015-09-18 13:00:00,Calumet Beach,1442581200.0,20.6,0.64,0.088,4.0,CalumetBeach201509181300,0,20.6,0.64,0.088,4.0
2015-09-18 14:00:00,Calumet Beach,1442584800.0,20.7,0.68,0.091,3.0,CalumetBeach201509181400,0,20.7,0.68,0.091,3.0
2015-09-18 15:00:00,Calumet Beach,1442588400.0,20.8,,0.091,6.0,CalumetBeach201509181500,0,20.8,0.74,0.091,6.0
2015-09-18 16:00:00,Calumet Beach,1442592000.0,20.7,2.09,,8.0,CalumetBeach201509181600,0,20.7,2.09,0.084,8.0
2015-09-18 17:00:00,Calumet Beach,1442595600.0,20.5,1.66,0.083,2.0,CalumetBeach201509181700,0,20.5,1.66,0.083,2.0
2015-09-18 18:00:00,Calumet Beach,1442599200.0,,1.88,,,CalumetBeach201509181800,0,20.6,1.88,0.074,2.0
2015-09-18 19:00:00,Calumet Beach,1442602800.0,,,0.076,7.0,CalumetBeach201509181900,0,20.4,1.49,0.076,7.0
2015-09-18 20:00:00,Calumet Beach,1442606400.0,20.6,1.41,0.074,6.0,CalumetBeach201509182000,0,20.6,1.41,0.074,6.0
2015-09-18 21:00:00,Calumet Beach,1442610000.0,20.6,1.32,0.07,6.0,CalumetBeach201509182100,0,20.6,1.32,0.07,6.0
2015-09-18 22:00:00,Calumet Beach,1442613600.0,20.4,1.12,,3.0,CalumetBeach201509182200,0,20.4,1.12,0.072,3.0
2015-09-18 23:00:00,Calumet Beach,1442617200.0,20.3,1.04,0.065,5.0,CalumetBeach201509182300,0,20.3,1.04,0.065,5.0
2015-09-19 00:00:00,Calumet Beach,1442620800.0,20.2,0.95,0.085,2.0,CalumetBeach201509192400,0,20.2,0.95,0.085,2.0
2015-09-19 01:00:00,Calumet Beach,1442624400.0,,1.05,0.135,2.0,CalumetBeach201509190100,0,20.2,1.05,0.135,2.0
2015-09-19 02:00:00,Calumet Beach,1442628000.0,20.2,,0.097,3.0,CalumetBeach201509190200,0,20.2,0.96,0.097,3.0
2015-09-19 03:00:00,Calumet Beach,1442631600.0,20.2,1.24,0.09,,CalumetBeach201509190300,0,20.2,1.24,0.09,3.0
2015-09-19 04:00:00,Calumet Beach,1442635200.0,20.2,1.11,0.088,5.0,CalumetBeach201509190400,0,20.2,1.11,0.088,5.0
2015-09-19 05:00:00,Calumet Beach,1442638800.0,20.2,0.97,0.068,5.0,CalumetBeach201509190500,0,20.2,0.97,0.068,5.0
2015-09-19 06:00:00,Calumet Beach,1442642400.0,20.1,0.95,0.129,3.0,CalumetBeach201509190600,0,20.1,0.95,0.129,3.0
2015-09-19 07:00:00,Calumet Beach,1442646000.0,20.0,,0.186,4.0,CalumetBeach201509190700,0,20.0,0.91,0.186,4.0
2015-09-19 08:00:00,Calumet Beach,1442649600.0,19.9,1.92,,5.0,CalumetBeach201509190800,0,19.9,1.92,0.222,5.0
2015-09-19 09:00:00,Calumet Beach,1442653200.0,19.9,3.38,0.252,,CalumetBeach201509190900,0,19.9,3.38,0.252,6.0
2015-09-19 10:00:00,Calumet Beach,1442656800.0,,4.58,0.254,6.0,CalumetBeach201509191000,0,20.0,4.58,0.254,6.0
2015-09-19 11:00:00,Calumet Beach,1442660400.0,20.0,5.1,0.259,8.0,CalumetBeach201509191100,0,20.0,5.1,0.259,8.0
2015-09-19 12:00:00,Calumet Beach,1442664000.0,20.3,5.18,0.272,8.0,CalumetBeach201509191200,0,20.3,5.18,0.272,8.0
2015-09-19 13:00:00,Calumet Beach,1442667600.0,20.4,5.78,0.27,9.0,CalumetBeach201509191300,0,20.4,5.78,0.27,9.0
2015-09-19 14:00:00,Calumet Beach,1442671200.0,20.6,6.56,0.273,8.0,CalumetBeach201509191400,0,20.6,6.56,0.273,8.0
2015-09-19 15:00:00,Calumet Beach,1442674800.0,20.7,5.32,0.261,8.0,CalumetBeach201509191500,0,20.7,5.32,0.261,8.0
2015-09-19 16:00:00,Calumet Beach,1442678400.0,20.8,6.01,0.251,9.0,CalumetBeach201509191600,0,20.8,6.01,0.251,9.0
2015-09-19 17:00:00,Calumet Beach,1442682000.0,20.8,4.53,0.242,7.0,CalumetBeach201509191700,0,20.8,4.53,0.242,7.0
2015-09-19 18:00:00,Calumet Beach,1442685600.0,20.8,4.64,,9.0,CalumetBeach201509191800,0,20.8,4.64,0.233,9.0
2015-09-19 19:00:00,Calumet Beach,,,,,,,1,,,,
2015-09-19 20:00:00,Calumet Beach,,,,,,,1,,,,
2015-09-19 21:00:00,Calumet Beach,,,,,,,1,,,,
2015-09-19 22:00:00,Calumet Beach,1442700000.0,20.4,3.86,0.206,8.0,CalumetBeach201509192200,0,20.4,3.86,0.206,8.0
2015-09-19 23:00:00,Calumet Beach,1442703600.0,20.3,5.07,0.194,7.0,CalumetBeach201509192300,0,20.3,5.07,0.194,7.0
2015-09-20 00:00:00,Calumet Beach,1442707200.0,20.1,6.01,0.208,7.0,CalumetBeach201509202400,0,20.1,6.01,0.208,7.0
2015-09-20 01:00:00,Calumet Beach,,,,,,,1,,,,
2015-09-20 02:00:00,Calumet Beach,1442714400.0,19.7,7.63,0.206,7.0,CalumetBeach201509200200,0,19.7,7.63,0.206,7.0
2015-09-20 03:00:00,Calumet Beach,1442718000.0,19.6,6.58,0.208,6.0,CalumetBeach201509200300,0,19.6,6.58,0.208,6.0
2015-09-20 04:00:00,Calumet Beach,1442721600.0,19.5,6.3,0.194,6.0,CalumetBeach201509200400,0,19.5,6.3,0.194,6.0
2015-09-20 05:00:00,Calumet Beach,1442725200.0,,,0.188,5.0,CalumetBeach201509200500,0,19.5,7.47,0.188,5.0
2015-09-20 06:00:00,Calumet Beach,1442728800.0,19.4,7.15,0.177,,CalumetBeach201509200600,0,19.4,7.15,0.177,5.0
2015-09-20 07:00:00,Calumet Beach,1442732400.0,19.4,7.31,0.159,6.0,CalumetBeach201509200700,0,19.4,7.31,0.159,6.0
2015-09-20 08:00:00,Calumet Beach,1442736000.0,19.4,,0.158,5.0,CalumetBeach201509200800,0,19.4,4.44,0.158,5.0
2015-09-20 09:00:00,Calumet Beach,1442739600.0,19.4,4.54,0.144,6.0,CalumetBeach201509200900,0,19.4,4.54,0.144,6.0
2015-09-20 10:00:00,Calumet Beach,1442743200.0,19.6,3.57,0.136,5.0,CalumetBeach201509201000,0,19.6,3.57,0.136,5.0
2015-09-20 11:00:00,Calumet Beach,1442746800.0,19.9,3.97,0.136,4.0,CalumetBeach201509201100,0,19.9,3.97,0.136,4.0
2015-09-20 12:00:00,Calumet Beach,1442750400.0,20.0,,0.144,,CalumetBeach201509201200,0,20.0,3.53,0.144,6.0
2015-09-20 13:00:00,Calumet Beach,1442754000.0,20.3,4.33,0.166,2.0,CalumetBeach201509201300,0,20.3,4.33,0.166,2.0
2015-09-20 14:00:00,Calumet Beach,1442757600.0,,3.86,0.166,3.0,CalumetBeach201509201400,0,20.3,3.86,0.166,3.0
2015-09-20 15:00:00,Calumet Beach,1442761200.0,20.4,,0.152,6.0,CalumetBeach201509201500,0,20.4,3.75,0.152,6.0
2015-09-20 16:00:00,Calumet Beach,1442764800.0,20.4,4.3,,2.0,CalumetBeach201509201600,0,20.4,4.3,0.171,2.0
2015-09-20 17:00:00,Calumet Beach,1442768400.0,20.4,4.46,,,CalumetBeach201509201700,0,20.4,4.46,0.173,2.0
2015-09-20 18:00:00,Calumet Beach,1442772000.0,20.2,4.03,0.185,2.0,CalumetBeach201509201800,0,20.2,4.03,0.185,2.0
2015-09-20 19:00:00,Calumet Beach,1442775600.0,,3.73,0.189,,CalumetBeach201509201900,0,20.2,3.73,0.189,3.0
2015-09-20 20:00:00,Calumet Beach,1442779200.0,20.7,4.3,0.196,2.0,CalumetBeach201509202000,0,20.7,4.3,0.196,2.0
2015-09-20 21:00:00,Calumet Beach,1442782800.0,20.5,4.93,0.216,3.0,CalumetBeach201509202100,0,20.5,4.93,0.216,3.0
2015-09-20 22:00:00,Calumet Beach,1442786400.0,20.3,5.8,,3.0,CalumetBeach201509202200,0,20.3,5.8,0.22,3.0
2015-09-20 23:00:00,Calumet Beach,1442790000.0,20.1,6.48,,3.0,CalumetBeach201509202300,0,20.1,6.48,0.242,3.0
2015-09-21 00:00:00,Calumet Beach,1442793600.0,20.1,9.16,0.254,3.0,CalumetBeach201509212400,0,20.1,9.16,0.254,3.0
2015-09-21 01:00:00,Calumet Beach,1442797200.0,20.0,7.44,0.238,3.0,CalumetBeach201509210100,0,20.0,7.44,0.238,3.0
2015-09-21 02:00:00,Calumet Beach,1442800800.0,19.8,,0.24,3.0,CalumetBeach201509210200,0,19.8,6.01,0.24,3.0
2015-09-21 03:00:00,Calumet Beach,1442804400.0,19.8,8.51,0.208,3.0,CalumetBeach201509210300,0,19.8,8.51,0.208,3.0
2015-09-21 04:00:00,Calumet Beach,1442808000.0,19.6,6.61,0.215,3.0,CalumetBeach201509210400,0,19.6,6.61,0.215,3.0
2015-09-21 05:00:00,Calumet Beach,1442811600.0,19.5,6.88,0.196,3.0,CalumetBeach201509210500,0,19.5,6.88,0.196,3.0
2015-09-21 06:00:00,Calumet Beach,1442815200.0,,5.99,0.202,3.0,CalumetBeach201509210600,0,19.4,5.99,0.202,3.0
2015-09-21 07:00:00,Calumet Beach,1442818800.0,19.3,6.5,0.184,3.0,CalumetBeach201509210700,0,19.3,6.5,0.184,3.0
2015-09-21 08:00:00,Calumet Beach,1442822400.0,19.3,6.06,0.19,,CalumetBeach201509210800,0,19.3,6.06,0.19,3.0
2015-09-21 09:00:00,Calumet Beach,1442826000.0,19.4,4.21,0.17,3.0,CalumetBeach201509210900,0,19.4,4.21,0.17,3.0
2015-09-21 10:00:00,Calumet Beach,1442829600.0,19.6,3.02,0.155,3.0,CalumetBeach201509211000,0,19.6,3.02,0.155,3.0
2015-09-21 11:00:00,Calumet Beach,1442833200.0,19.8,3.0,0.153,,CalumetBeach201509211100,0,19.8,3.0,0.153,3.0
2015-09-21 12:00:00,Calumet Beach,1442836800.0,19.9,2.98,,,CalumetBeach201509211200,0,19.9,2.98,0.127,3.0
2015-09-21 13:00:00,Calumet Beach,1442840400.0,20.1,3.35,0.12,2.0,CalumetBeach201509211300,0,20.1,3.35,0.12,2.0
2015-09-21 14:00:00,Calumet Beach,1442844000.0,20.3,3.32,0.136,2.0,CalumetBeach201509211400,0,20.3,3.32,0.136,2.0
2015-09-21 15:00:00,Calumet Beach,1442847600.0,,3.47,,2.0,CalumetBeach201509211500,0,20.6,3.47,0.111,2.0
2015-09-21 16:00:00,Calumet Beach,1442851200.0,20.7,3.25,0.129,2.0,CalumetBeach201509211600,0,20.7,3.25,0.129,2.0
2015-09-21 17:00:00,Calumet Beach,1442854800.0,20.8,4.11,0.183,2.0,CalumetBeach201509211700,0,20.8,4.11,0.183,2.0
2015-09-21 18:00:00,Calumet Beach,1442858400.0,20.8,3.57,0.183,2.0,CalumetBeach201509211800,0,20.8,3.57,0.183,2.0
2015-09-21 19:00:00,Calumet Beach,1442862000.0,20.8,3.62,0.177,,CalumetBeach201509211900,0,20.8,3.62,0.177,2.0
2015-09-21 20:00:00,Calumet Beach,1442865600.0,20.6,3.92,0.163,2.0,CalumetBeach201509212000,0,20.6,3.92,0.163,2.0
2015-09-21 21:00:00,Calumet Beach,1442869200.0,20.5,4.62,,2.0,CalumetBeach201509212100,0,20.5,4.62,0.159,2.0
2015-09-21 22:00:00,Calumet Beach,1442872800.0,20.4,,0.166,2.0,CalumetBeach201509212200,0,20.4,4.49,0.166,2.0
2015-09-21 23:00:00,Calumet Beach,1442876400.0,20.4,,0.161,2.0,CalumetBeach201509212300,0,20.4,3.6,0.161,2.0
2015-09-22 00:00:00,Calumet Beach,1442880000.0,20.3,4.24,0.163,2.0,CalumetBeach201509222400,0,20.3,4.24,0.163,2.0
2015-09-22 01:00:00,Calumet Beach,1442883600.0,,3.3,0.145,,CalumetBeach201509220100,0,20.2,3.3,0.145,2.0
2015-09-22 02:00:00,Calumet Beach,1442887200.0,20.1,3.25,0.127,,CalumetBeach201509220200,0,20.1,3.25,0.127,2.0
2015-09-22 03:00:00,Calumet Beach,1442890800.0,20.0,3.56,0.133,2.0,CalumetBeach201509220300,0,20.0,3.56,0.133,2.0
2015-09-22 04:00:00,Calumet Beach,1442894400.0,19.9,3.27,0.146,2.0,CalumetBeach201509220400,0,19.9,3.27,0.146,2.0
2015-09-22 05:00:00,Calumet Beach,1442898000.0,,3.29,0.165,2.0,CalumetBeach201509220500,0,19.9,3.29,0.165,2.0
2015-09-22 06:00:00,Calumet Beach,1442901600.0,19.8,,0.171,3.0,CalumetBeach201509220600,0,19.8,4.23,0.171,3.0
2015-09-22 07:00:00,Calumet Beach,1442905200.0,19.7,,0.15,3.0,CalumetBeach201509220700,0,19.7,4.12,0.15,3.0
2015-09-22 08:00:00,Calumet Beach,1442908800.0,19.6,2.66,0.148,2.0,CalumetBeach201509220800,0,19.6,2.66,0.148,2.0
2015-09-22 09:00:00,Calumet Beach,1442912400.0,19.7,,,3.0,CalumetBeach201509220900,0,19.7,2.45,0.126,3.0
2015-09-22 10:00:00,Calumet Beach,1442916000.0,19.9,,0.125,2.0,CalumetBeach201509221000,0,19.9,2.46,0.125,2.0
2015-09-22 11:00:00,Calumet Beach,1442919600.0,20.3,2.4,,2.0,CalumetBeach201509221100,0,20.3,2.4,0.111,2.0
2015-09-22 12:00:00,Calumet Beach,1442923200.0,20.6,2.14,0.126,2.0,CalumetBeach201509221200,0,20.6,2.14,0.126,2.0
2015-09-22 13:00:00,Calumet Beach,1442926800.0,20.5,,0.099,2.0,CalumetBeach201509221300,0,20.5,2.02,0.099,2.0
2015-09-22 14:00:00,Calumet Beach,1442930400.0,20.7,2.16,0.097,2.0,CalumetBeach201509221400,0,20.7,2.16,0.097,2.0
2015-09-22 15:00:00,Calumet Beach,1442934000.0,20.9,2.02,0.116,2.0,CalumetBeach201509221500,0,20.9,2.02,0.116,2.0
2015-09-22 16:00:00,Calumet Beach,1442937600.0,21.2,2.02,0.151,2.0,CalumetBeach201509221600,0,21.2,2.02,0.151,2.0
2015-09-22 17:00:00,Calumet Beach,1442941200.0,21.8,2.84,0.13,,CalumetBeach201509221700,0,21.8,2.84,0.13,2.0
2015-09-22 18:00:00,Calumet Beach,1442944800.0,21.6,,0.134,2.0,CalumetBeach201509221800,0,21.6,2.7,0.134,2.0
2015-09-22 19:00:00,Calumet Beach,1442948400.0,21.7,2.88,0.15,2.0,CalumetBeach201509221900,0,21.7,2.88,0.15,2.0
2015-09-22 20:00:00,Calumet Beach,1442952000.0,21.1,,0.16,2.0,CalumetBeach201509222000,0,21.1,4.16,0.16,2.0
2015-09-22 21:00:00,Calumet Beach,1442955600.0,20.9,4.31,0.158,2.0,CalumetBeach201509222100,0,20.9,4.31,0.158,2.0
2015-09-22 22:00:00,Calumet Beach,1442959200.0,20.8,4.51,0.175,2.0,CalumetBeach201509222200,0,20.8,4.51,0.175,2.0
2015-09-22 23:00:00,Calumet Beach,1442962800.0,20.7,4.02,0.153,,CalumetBeach201509222300,0,20.7,4.02,0.153,2.0
2015-09-23 00:00:00,Calumet Beach,1442966400.0,20.6,4.05,0.138,2.0,CalumetBeach201509232400,0,20.6,4.05,0.138,2.0
2015-09-23 01:00:00,Calumet Beach,1442970000.0,20.5,2.94,0.126,2.0,CalumetBeach201509230100,0,20.5,2.94,0.126,2.0
2015-09-23 02:00:00,Calumet Beach,1442973600.0,,3.03,,2.0,CalumetBeach201509230200,0,20.3,3.03,0.128,2.0
2015-09-23 03:00:00,Calumet Beach,1442977200.0,20.3,2.78,0.107,2.0,CalumetBeach201509230300,0,20.3,2.78,0.107,2.0
2015-09-23 04:00:00,Calumet Beach,1442980800.0,,2.44,0.089,2.0,CalumetBeach201509230400,0,20.3,2.44,0.089,2.0
2015-09-23 05:00:00,Calumet Beach,1442984400.0,20.2,2.6,,2.0,CalumetBeach201509230500,0,20.2,2.6,0.093,2.0
2015-09-23 06:00:00,Calumet Beach,1442988000.0,20.2,1.94,0.086,2.0,CalumetBeach201509230600,0,20.2,1.94,0.086,2.0
2015-09-23 07:00:00,Calumet Beach,1442991600.0,20.1,2.01,0.099,2.0,CalumetBeach201509230700,0,20.1,2.01,0.099,2.0
2015-09-23 08:00:00,Calumet Beach,1442995200.0,20.1,1.61,0.081,,CalumetBeach201509230800,0,20.1,1.61,0.081,2.0
2015-09-23 09:00:00,Calumet Beach,1442998800.0,,1.72,0.082,2.0,CalumetBeach201509230900,0,20.2,1.72,0.082,2.0
2015-09-23 10:00:00,Calumet Beach,1443002400.0,20.4,1.45,0.11,2.0,CalumetBeach201509231000,0,20.4,1.45,0.11,2.0
2015-09-23 11:00:00,Calumet Beach,1443006000.0,20.6,1.71,0.114,2.0,CalumetBeach201509231100,0,20.6,1.71,0.114,2.0
2015-09-23 12:00:00,Calumet Beach,1443009600.0,20.8,1.62,0.115,,CalumetBeach201509231200,0,20.8,1.62,0.115,2.0
2015-09-23 13:00:00,Calumet Beach,1443013200.0,21.0,1.72,0.116,2.0,CalumetBeach201509231300,0,21.0,1.72,0.116,2.0
2015-09-23 14:00:00,Calumet Beach,1443016800.0,21.3,,0.127,2.0,CalumetBeach201509231400,0,21.3,1.63,0.127,2.0
2015-09-23 15:00:00,Calumet Beach,1443020400.0,21.4,1.67,0.125,2.0,CalumetBeach201509231500,0,21.4,1.67,0.125,2.0
2015-09-23 16:00:00,Calumet Beach,1443024000.0,21.6,1.75,0.133,2.0,CalumetBeach201509231600,0,21.6,1.75,0.133,2.0
2015-09-23 17:00:00,Calumet Beach,1443027600.0,21.8,1.86,,2.0,CalumetBeach201509231700,0,21.8,1.86,0.163,2.0
2015-09-23 18:00:00,Calumet Beach,1443031200.0,21.7,1.9,0.168,3.0,CalumetBeach201509231800,0,21.7,1.9,0.168,3.0
2015-09-23 19:00:00,Calumet Beach,1443034800.0,21.5,1.73,0.161,3.0,CalumetBeach201509231900,0,21.5,1.73,0.161,3.0
2015-09-23 20:00:00,Calumet Beach,1443038400.0,21.3,1.66,0.184,3.0,CalumetBeach201509232000,0,21.3,1.66,0.184,3.0
2015-09-23 21:00:00,Calumet Beach,1443042000.0,21.2,,0.209,3.0,CalumetBeach201509232100,0,21.2,1.87,0.209,3.0
2015-09-23 22:00:00,Calumet Beach,1443045600.0,21.1,2.0,0.233,,CalumetBeach201509232200,0,21.1,2.0,0.233,3.0
2015-09-23 23:00:00,Calumet Beach,1443049200.0,,3.15,0.227,3.0,CalumetBeach201509232300,0,21.1,3.15,0.227,3.0
2015-09-24 00:00:00,Calumet Beach,1443052800.0,21.1,3.37,0.21,,CalumetBeach201509242400,0,21.1,3.37,0.21,3.0
2015-09-24 01:00:00,Calumet Beach,1443056400.0,,2.97,,3.0,CalumetBeach201509240100,0,21.0,2.97,0.201,3.0
2015-09-24 02:00:00,Calumet Beach,1443060000.0,20.9,3.47,0.221,3.0,CalumetBeach201509240200,0,20.9,3.47,0.221,3.0
2015-09-24 03:00:00,Calumet Beach,1443063600.0,20.8,3.16,0.21,3.0,CalumetBeach201509240300,0,20.8,3.16,0.21,3.0
2015-09-24 04:00:00,Calumet Beach,1443067200.0,20.6,3.0,0.213,3.0,CalumetBeach201509240400,0,20.6,3.0,0.213,3.0
2015-09-24 05:00:00,Calumet Beach,1443070800.0,20.6,,0.189,3.0,CalumetBeach201509240500,0,20.6,3.6,0.189,3.0
2015-09-24 06:00:00,Calumet Beach,1443074400.0,20.5,4.43,0.181,3.0,CalumetBeach201509240600,0,20.5,4.43,0.181,3.0
2015-09-24 07:00:00,Calumet Beach,1443078000.0,,3.78,0.19,3.0,CalumetBeach201509240700,0,20.4,3.78,0.19,3.0
2015-09-24 08:00:00,Calumet Beach,,,,,,,1,,,,
2015-09-24 09:00:00,Calumet Beach,1443085200.0,20.4,,0.18,3.0,CalumetBeach201509240900,0,20.4,2.59,0.18,3.0
2015-09-24 10:00:00,Calumet Beach,1443088800.0,,2.34,0.17,3.0,CalumetBeach201509241000,0,20.5,2.34,0.17,3.0
2015-09-24 11:00:00,Calumet Beach,1443092400.0,20.7,2.23,0.174,2.0,CalumetBeach201509241100,0,20.7,2.23,0.174,2.0
2015-09-24 12:00:00,Calumet Beach,1443096000.0,,2.38,0.199,3.0,CalumetBeach201509241200,0,20.9,2.38,0.199,3.0
2015-09-24 13:00:00,Calumet Beach,1443099600.0,21.1,2.2,0.189,3.0,CalumetBeach201509241300,0,21.1,2.2,0.189,3.0
2015-09-24 14:00:00,Calumet Beach,1443103200.0,21.3,2.53,0.178,,CalumetBeach201509241400,0,21.3,2.53,0.178,3.0
2015-09-24 15:00:00,Calumet Beach,1443106800.0,21.5,2.89,0.17,3.0,CalumetBeach201509241500,0,21.5,2.89,0.17,3.0
2015-09-24 16:00:00,Calumet Beach,1443110400.0,21.7,2.72,0.181,2.0,CalumetBeach201509241600,0,21.7,2.72,0.181,2.0
2015-09-24 17:00:00,Calumet Beach,1443114000.0,,2.87,,3.0,CalumetBeach201509241700,0,21.6,2.87,0.178,3.0
2015-09-24 18:00:00,Calumet Beach,1443117600.0,21.5,,0.179,3.0,CalumetBeach201509241800,0,21.5,2.69,0.179,3.0
2015-09-24 19:00:00,Calumet Beach,1443121200.0,,2.46,,3.0,CalumetBeach201509241900,0,21.3,2.46,0.182,3.0
2015-09-24 20:00:00,Calumet Beach,1443124800.0,21.3,2.88,0.218,3.0,CalumetBeach201509242000,0,21.3,2.88,0.218,3.0
2015-09-24 21:00:00,Calumet Beach,1443128400.0,21.2,2.57,,3.0,CalumetBeach201509242100,0,21.2,2.57,0.225,3.0
2015-09-24 22:00:00,Calumet Beach,1443132000.0,,2.47,0.224,3.0,CalumetBeach201509242200,0,21.1,2.47,0.224,3.0
2015-09-24 23:00:00,Calumet Beach,1443135600.0,21.0,,,4.0,CalumetBeach201509242300,0,21.0,2.24,0.214,4.0
2015-09-25 00:00:00,Calumet Beach,1443139200.0,21.1,2.8,0.199,3.0,CalumetBeach201509252400,0,21.1,2.8,0.199,3.0
2015-09-25 01:00:00,Calumet Beach,1443142800.0,,3.72,,,CalumetBeach201509250100,0,21.0,3.72,0.183,3.0
2015-09-25 02:00:00,Calumet Beach,1443146400.0,21.0,3.06,,3.0,CalumetBeach201509250200,0,21.0,3.06,0.172,3.0
2015-09-25 03:00:00,Calumet Beach,1443150000.0,21.0,2.95,0.164,3.0,CalumetBeach201509250300,0,21.0,2.95,0.164,3.0
2015-09-25 04:00:00,Calumet Beach,1443153600.0,20.9,2.84,0.144,3.0,CalumetBeach201509250400,0,20.9,2.84,0.144,3.0
2015-09-25 05:00:00,Calumet Beach,1443157200.0,,2.5,0.148,3.0,CalumetBeach201509250500,0,20.8,2.5,0.148,3.0
2015-09-25 06:00:00,Calumet Beach,1443160800.0,20.7,3.26,0.162,3.0,CalumetBeach201509250600,0,20.7,3.26,0.162,3.0
2015-09-25 07:00:00,Calumet Beach,1443164400.0,20.6,2.83,0.201,2.0,CalumetBeach201509250700,0,20.6,2.83,0.201,2.0
2015-09-25 08:00:00,Calumet Beach,1443168000.0,20.6,2.72,0.207,3.0,CalumetBeach201509250800,0,20.6,2.72,0.207,3.0
2015-09-25 09:00:00,Calumet Beach,1443171600.0,20.6,3.4,0.213,3.0,CalumetBeach201509250900,0,20.6,3.4,0.213,3.0
2015-09-25 10:00:00,Calumet Beach,1443175200.0,20.7,3.02,0.21,,CalumetBeach201509251000,0,20.7,3.02,0.21,3.0
2015-09-25 11:00:00,Calumet Beach,1443178800.0,20.9,3.03,0.224,,CalumetBeach201509251100,0,20.9,3.03,0.224,3.0
2015-09-25 12:00:00,Calumet Beach,1443182400.0,,2.9,0.211,3.0,CalumetBeach201509251200,0,21.1,2.9,0.211,3.0
2015-09-25 13:00:00,Calumet Beach,1443186000.0,21.3,,0.202,4.0,CalumetBeach201509251300,0,21.3,2.7,0.202,4.0
2015-09-25 14:00:00,Calumet Beach,1443189600.0,,2.71,0.199,3.0,CalumetBeach201509251400,0,21.4,2.71,0.199,3.0
2015-09-25 15:00:00,Calumet Beach,1443193200.0,21.6,2.58,0.201,4.0,CalumetBeach201509251500,0,21.6,2.58,0.201,4.0
2015-09-25 16:00:00,Calumet Beach,1443196800.0,21.6,2.94,0.206,,CalumetBeach201509251600,0,21.6,2.94,0.206,4.0
2015-09-25 17:00:00,Calumet Beach,1443200400.0,21.6,2.62,0.208,4.0,CalumetBeach201509251700,0,21.6,2.62,0.208,4.0
2015-09-25 18:00:00,Calumet Beach,1443204000.0,21.5,,0.206,4.0,CalumetBeach201509251800,0,21.5,2.8,0.206,4.0
2015-09-25 19:00:00,Calumet Beach,1443207600.0,21.3,2.83,0.203,4.0,CalumetBeach201509251900,0,21.3,2.83,0.203,4.0
2015-09-25 20:00:00,Calumet Beach,1443211200.0,21.2,2.84,0.216,5.0,CalumetBeach201509252000,0,21.2,2.84,0.216,5.0
2015-09-25 21:00:00,Calumet Beach,1443214800.0,21.1,3.56,0.236,4.0,CalumetBeach201509252100,0,21.1,3.56,0.236,4.0
2015-09-25 22:00:00,Calumet Beach,1443218400.0,21.1,4.56,0.236,4.0,CalumetBeach201509252200,0,21.1,4.56,0.236,4.0
2015-09-25 23:00:00,Calumet Beach,1443222000.0,21.0,,0.234,3.0,CalumetBeach201509252300,0,21.0,5.06,0.234,3.0
2015-09-26 00:00:00,Calumet Beach,1443225600.0,21.0,4.99,0.215,4.0,CalumetBeach201509262400,0,21.0,4.99,0.215,4.0
2015-09-26 01:00:00,Calumet Beach,1443229200.0,20.8,5.17,0.258,3.0,CalumetBeach201509260100,0,20.8,5.17,0.258,3.0
2015-09-26 02:00:00,Calumet Beach,1443232800.0,20.7,5.39,0.257,3.0,CalumetBeach201509260200,0,20.7,5.39,0.257,3.0
2015-09-26 03:00:00,Calumet Beach,1443236400.0,20.7,5.55,0.243,3.0,CalumetBeach201509260300,0,20.7,5.55,0.243,3.0
2015-09-26 04:00:00,Calumet Beach,1443240000.0,20.6,4.4,0.236,4.0,CalumetBeach201509260400,0,20.6,4.4,0.236,4.0
2015-09-26 05:00:00,Calumet Beach,1443243600.0,,4.56,0.23,3.0,CalumetBeach201509260500,0,20.5,4.56,0.23,3.0
2015-09-26 06:00:00,Calumet Beach,1443247200.0,20.5,3.51,0.218,3.0,CalumetBeach201509260600,0,20.5,3.51,0.218,3.0
2015-09-26 07:00:00,Calumet Beach,1443250800.0,20.5,3.72,0.212,,CalumetBeach201509260700,0,20.5,3.72,0.212,3.0
2015-09-26 08:00:00,Calumet Beach,1443254400.0,20.5,4.0,0.228,3.0,CalumetBeach201509260800,0,20.5,4.0,0.228,3.0
2015-09-26 09:00:00,Calumet Beach,1443258000.0,20.5,3.7,,4.0,CalumetBeach201509260900,0,20.5,3.7,0.218,4.0
2015-09-26 10:00:00,Calumet Beach,1443261600.0,20.6,,,3.0,CalumetBeach201509261000,0,20.6,4.58,0.228,3.0
2015-09-26 11:00:00,Calumet Beach,1443265200.0,20.8,4.07,0.222,3.0,CalumetBeach201509261100,0,20.8,4.07,0.222,3.0
2015-09-26 12:00:00,Calumet Beach,1443268800.0,21.0,3.96,0.214,3.0,CalumetBeach201509261200,0,21.0,3.96,0.214,3.0
2015-09-26 13:00:00,Calumet Beach,1443272400.0,21.1,3.43,0.239,3.0,CalumetBeach201509261300,0,21.1,3.43,0.239,3.0
2015-09-26 14:00:00,Calumet Beach,1443276000.0,21.2,3.94,0.216,3.0,CalumetBeach201509261400,0,21.2,3.94,0.216,3.0
2015-09-26 15:00:00,Calumet Beach,1443279600.0,21.2,3.65,0.228,3.0,CalumetBeach201509261500,0,21.2,3.65,0.228,3.0
2015-09-26 16:00:00,Calumet Beach,1443283200.0,21.4,3.97,0.231,3.0,CalumetBeach201509261600,0,21.4,3.97,0.231,3.0
2015-09-26 17:00:00,Calumet Beach,1443286800.0,21.3,,0.236,3.0,CalumetBeach201509261700,0,21.3,3.92,0.236,3.0
2015-09-26 18:00:00,Calumet Beach,1443290400.0,,3.79,0.222,3.0,CalumetBeach201509261800,0,21.2,3.79,0.222,3.0
2015-09-26 19:00:00,Calumet Beach,1443294000.0,21.2,4.29,0.215,,CalumetBeach201509261900,0,21.2,4.29,0.215,3.0
2015-09-26 20:00:00,Calumet Beach,1443297600.0,21.5,4.23,0.2,3.0,CalumetBeach201509262000,0,21.5,4.23,0.2,3.0
2015-09-26 21:00:00,Calumet Beach,1443301200.0,21.7,4.0,0.183,4.0,CalumetBeach201509262100,0,21.7,4.0,0.183,4.0
2015-09-26 22:00:00,Calumet Beach,1443304800.0,21.3,3.47,0.169,3.0,CalumetBeach201509262200,0,21.3,3.47,0.169,3.0
2015-09-26 23:00:00,Calumet Beach,1443308400.0,21.2,4.08,0.194,2.0,CalumetBeach201509262300,0,21.2,4.08,0.194,2.0
2015-09-27 00:00:00,Calumet Beach,1443312000.0,21.1,3.47,0.206,3.0,CalumetBeach201509272400,0,21.1,3.47,0.206,3.0
2015-09-27 01:00:00,Calumet Beach,,,,,,,1,,,,
2015-09-27 02:00:00,Calumet Beach,1443319200.0,20.9,3.78,0.196,3.0,CalumetBeach201509270200,0,20.9,3.78,0.196,3.0
2015-09-27 03:00:00,Calumet Beach,1443322800.0,20.9,3.36,0.184,,CalumetBeach201509270300,0,20.9,3.36,0.184,3.0
2015-09-27 04:00:00,Calumet Beach,1443326400.0,20.8,3.21,0.193,3.0,CalumetBeach201509270400,0,20.8,3.21,0.193,3.0
2015-09-27 05:00:00,Calumet Beach,1443330000.0,20.7,,0.177,3.0,CalumetBeach201509270500,0,20.7,2.67,0.177,3.0
2015-09-27 06:00:00,Calumet Beach,1443333600.0,20.7,2.65,0.174,3.0,CalumetBeach201509270600,0,20.7,2.65,0.174,3.0
2015-09-27 07:00:00,Calumet Beach,1443337200.0,20.7,2.83,0.154,,CalumetBeach201509270700,0,20.7,2.83,0.154,3.0
2015-09-27 08:00:00,Calumet Beach,1443340800.0,20.7,2.47,0.15,3.0,CalumetBeach201509270800,0,20.7,2.47,0.15,3.0
2015-09-27 09:00:00,Calumet Beach,1443344400.0,20.6,2.2,0.139,3.0,CalumetBeach201509270900,0,20.6,2.2,0.139,3.0
2015-09-27 10:00:00,Calumet Beach,1443348000.0,,,0.132,3.0,CalumetBeach201509271000,0,20.7,2.11,0.132,3.0
2015-09-27 11:00:00,Calumet Beach,1443351600.0,20.7,,0.122,3.0,CalumetBeach201509271100,0,20.7,2.06,0.122,3.0
2015-09-27 12:00:00,Calumet Beach,1443355200.0,20.8,1.85,0.108,2.0,CalumetBeach201509271200,0,20.8,1.85,0.108,2.0
2015-09-27 13:00:00,Calumet Beach,1443358800.0,20.8,1.9,0.114,3.0,CalumetBeach201509271300,0,20.8,1.9,0.114,3.0
2015-09-27 14:00:00,Calumet Beach,1443362400.0,21.0,1.9,0.125,2.0,CalumetBeach201509271400,0,21.0,1.9,0.125,2.0
2015-09-27 15:00:00,Calumet Beach,1443366000.0,21.1,1.55,,3.0,CalumetBeach201509271500,0,21.1,1.55,0.105,3.0
2015-09-27 16:00:00,Calumet Beach,1443369600.0,21.1,1.57,0.093,4.0,CalumetBeach201509271600,0,21.1,1.57,0.093,4.0
2015-09-27 17:00:00,Calumet Beach,1443373200.0,21.1,1.82,0.115,2.0,CalumetBeach201509271700,0,21.1,1.82,0.115,2.0
2015-09-27 18:00:00,Calumet Beach,1443376800.0,21.1,1.84,0.12,2.0,CalumetBeach201509271800,0,21.1,1.84,0.12,2.0
2015-09-27 19:00:00,Calumet Beach,1443380400.0,21.1,1.75,0.158,2.0,CalumetBeach201509271900,0,21.1,1.75,0.158,2.0
2015-09-27 20:00:00,Calumet Beach,1443384000.0,,1.94,0.174,2.0,CalumetBeach201509272000,0,21.0,1.94,0.174,2.0
2015-09-27 21:00:00,Calumet Beach,1443387600.0,21.0,1.72,,,CalumetBeach201509272100,0,21.0,1.72,0.16,2.0
2015-09-27 22:00:00,Calumet Beach,1443391200.0,20.9,1.83,0.134,2.0,CalumetBeach201509272200,0,20.9,1.83,0.134,2.0
2015-09-27 23:00:00,Calumet Beach,1443394800.0,20.9,1.65,0.121,2.0,CalumetBeach201509272300,0,20.9,1.65,0.121,2.0
2015-09-28 00:00:00,Calumet Beach,1443398400.0,20.9,1.72,,2.0,CalumetBeach201509282400,0,20.9,1.72,0.104,2.0
2015-09-28 01:00:00,Calumet Beach,1443402000.0,20.9,1.49,0.082,2.0,CalumetBeach201509280100,0,20.9,1.49,0.082,2.0
2015-09-28 02:00:00,Calumet Beach,1443405600.0,20.9,1.83,0.086,3.0,CalumetBeach201509280200,0,20.9,1.83,0.086,3.0
2015-09-28 03:00:00,Calumet Beach,1443409200.0,20.8,2.18,0.067,6.0,CalumetBeach201509280300,0,20.8,2.18,0.067,6.0
2015-09-28 04:00:00,Calumet Beach,1443412800.0,,2.35,0.064,6.0,CalumetBeach201509280400,0,20.8,2.35,0.064,6.0
2015-09-28 05:00:00,Calumet Beach,1443416400.0,20.8,2.0,0.09,4.0,CalumetBeach201509280500,0,20.8,2.0,0.09,4.0
2015-09-28 06:00:00,Calumet Beach,1443420000.0,20.7,1.68,0.063,5.0,CalumetBeach201509280600,0,20.7,1.68,0.063,5.0
2015-09-28 07:00:00,Calumet Beach,1443423600.0,20.7,,0.065,4.0,CalumetBeach201509280700,0,20.7,1.48,0.065,4.0
2015-09-28 08:00:00,Calumet Beach,1443427200.0,20.7,1.7,0.064,4.0,CalumetBeach201509280800,0,20.7,1.7,0.064,4.0
2015-09-28 09:00:00,Calumet Beach,1443430800.0,20.7,1.56,0.063,,CalumetBeach201509280900,0,20.7,1.56,0.063,9.0
2015-09-28 10:00:00,Calumet Beach,1443434400.0,,1.24,0.064,4.0,CalumetBeach201509281000,0,20.8,1.24,0.064,4.0
2015-09-28 11:00:00,Calumet Beach,1443438000.0,21.0,1.24,0.078,5.0,CalumetBeach201509281100,0,21.0,1.24,0.078,5.0
2015-09-28 12:00:00,Calumet Beach,1443441600.0,21.3,,,4.0,CalumetBeach201509281200,0,21.3,1.39,0.089,4.0
2015-09-28 13:00:00,Calumet Beach,1443445200.0,21.2,2.16,0.082,3.0,CalumetBeach201509281300,0,21.2,2.16,0.082,3.0
2015-09-28 14:00:00,Calumet Beach,1443448800.0,21.4,,0.127,2.0,CalumetBeach201509281400,0,21.4,2.68,0.127,2.0
2015-09-28 15:00:00,Calumet Beach,1443452400.0,21.6,3.6,0.075,3.0,CalumetBeach201509281500,0,21.6,3.6,0.075,3.0
2015-09-28 16:00:00,Calumet Beach,1443456000.0,21.1,1.3,,3.0,CalumetBeach201509281600,0,21.1,1.3,0.081,3.0
2015-09-28 17:00:00,Calumet Beach,1443459600.0,20.9,0.94,0.097,3.0,CalumetBeach201509281700,0,20.9,0.94,0.097,3.0
2015-09-28 18:00:00,Calumet Beach,1443463200.0,20.9,1.05,0.07,,CalumetBeach201509281800,0,20.9,1.05,0.07,9.0
2015-09-28 19:00:00,Calumet Beach,1443466800.0,20.9,1.0,0.074,4.0,CalumetBeach201509281900,0,20.9,1.0,0.074,4.0
2015-09-28 20:00:00,Calumet Beach,1443470400.0,21.0,1.65,0.06,7.0,CalumetBeach201509282000,0,21.0,1.65,0.06,7.0
2015-09-28 21:00:00,Calumet Beach,1443474000.0,21.0,,0.074,,CalumetBeach201509282100,0,21.0,1.37,0.074,4.0
2015-09-28 22:00:00,Calumet Beach,1443477600.0,21.0,1.66,0.068,,CalumetBeach201509282200,0,21.0,1.66,0.068,4.0
2015-09-28 23:00:00,Calumet Beach,1443481200.0,20.9,1.39,0.073,2.0,CalumetBeach201509282300,0,20.9,1.39,0.073,2.0
2015-09-29 00:00:00,Calumet Beach,1443484800.0,20.8,1.11,0.064,2.0,CalumetBeach201509292400,0,20.8,1.11,0.064,2.0
2015-09-29 01:00:00,Calumet Beach,1443488400.0,20.7,,0.078,3.0,CalumetBeach201509290100,0,20.7,1.29,0.078,3.0
2015-09-29 02:00:00,Calumet Beach,1443492000.0,20.6,1.08,0.061,,CalumetBeach201509290200,0,20.6,1.08,0.061,4.0
2015-09-29 03:00:00,Calumet Beach,1443495600.0,20.4,3.06,,6.0,CalumetBeach201509290300,0,20.4,3.06,0.055,6.0
2015-09-29 04:00:00,Calumet Beach,1443499200.0,20.4,0.88,0.049,5.0,CalumetBeach201509290400,0,20.4,0.88,0.049,5.0
2015-09-29 05:00:00,Calumet Beach,1443502800.0,,0.91,0.048,5.0,CalumetBeach201509290500,0,20.3,0.91,0.048,5.0
2015-09-29 06:00:00,Calumet Beach,1443506400.0,,0.97,0.055,5.0,CalumetBeach201509290600,0,20.3,0.97,0.055,5.0
2015-09-29 07:00:00,Calumet Beach,1443510000.0,20.3,1.0,0.076,2.0,CalumetBeach201509290700,0,20.3,1.0,0.076,2.0
2015-09-29 08:00:00,Calumet Beach,1443513600.0,20.2,1.06,0.124,2.0,CalumetBeach201509290800,0,20.2,1.06,0.124,2.0
2015-09-29 09:00:00,Calumet Beach,1443517200.0,20.2,1.27,0.197,2.0,CalumetBeach201509290900,0,20.2,1.27,0.197,2.0
2015-09-29 10:00:00,Calumet Beach,1443520800.0,20.1,2.29,0.255,,CalumetBeach201509291000,0,20.1,2.29,0.255,4.0
2015-09-29 11:00:00,Calumet Beach,1443524400.0,20.1,,,,CalumetBeach201509291100,0,20.1,5.73,0.306,6.0
2015-09-29 12:00:00,Calumet Beach,1443528000.0,20.0,6.72,0.362,7.0,CalumetBeach201509291200,0,20.0,6.72,0.362,7.0
2015-09-29 13:00:00,Calumet Beach,1443531600.0,19.9,10.23,0.364,,CalumetBeach201509291300,0,19.9,10.23,0.364,7.0
2015-09-29 14:00:00,Calumet Beach,1443535200.0,19.8,9.65,0.373,,CalumetBeach201509291400,0,19.8,9.65,0.373,9.0
2015-09-29 15:00:00,Calumet Beach,1443538800.0,19.8,,0.382,6.0,CalumetBeach201509291500,0,19.8,12.25,0.382,6.0
2015-09-29 16:00:00,Calumet Beach,1443542400.0,,18.17,,,CalumetBeach201509291600,0,19.7,18.17,0.368,6.0
2015-09-29 17:00:00,Calumet Beach,1443546000.0,,13.08,0.354,5.0,CalumetBeach201509291700,0,19.6,13.08,0.354,5.0
2015-09-29 18:00:00,Calumet Beach,1443549600.0,19.6,14.18,0.336,6.0,CalumetBeach201509291800,0,19.6,14.18,0.336,6.0
2015-09-29 19:00:00,Calumet Beach,1443553200.0,19.3,,,7.0,CalumetBeach201509291900,0,19.3,16.51,0.337,7.0
2015-09-29 20:00:00,Calumet Beach,1443556800.0,19.2,18.48,0.36,5.0,CalumetBeach201509292000,0,19.2,18.48,0.36,5.0
2015-09-29 21:00:00,Calumet Beach,1443560400.0,19.0,16.99,0.361,7.0,CalumetBeach201509292100,0,19.0,16.99,0.361,7.0
2015-09-29 22:00:00,Calumet Beach,1443564000.0,18.9,,0.369,6.0,CalumetBeach201509292200,0,18.9,16.22,0.369,6.0
2015-09-29 23:00:00,Calumet Beach,1443567600.0,18.7,20.87,,6.0,CalumetBeach201509292300,0,18.7,20.87,0.379,6.0
2015-09-30 00:00:00,Calumet Beach,1443571200.0,18.7,25.73,0.374,8.0,CalumetBeach201509302400,0,18.7,25.73,0.374,8.0
2015-09-30 01:00:00,Calumet Beach,1443574800.0,,23.74,0.364,8.0,CalumetBeach201509300100,0,18.6,23.74,0.364,8.0
2015-09-30 02:00:00,Calumet Beach,1443578400.0,18.6,25.07,0.384,6.0,CalumetBeach201509300200,0,18.6,25.07,0.384,6.0
2015-09-30 03:00:00,Calumet Beach,1443582000.0,18.4,23.82,0.386,6.0,CalumetBeach201509300300,0,18.4,23.82,0.386,6.0
2015-09-30 04:00:00,Calumet Beach,1443585600.0,18.1,24.61,,5.0,CalumetBeach201509300400,0,18.1,24.61,0.389,5.0
2015-09-30 05:00:00,Calumet Beach,,,,,,,1,,,,
2015-09-30 06:00:00,Calumet Beach,1443592800.0,18.0,26.16,,5.0,CalumetBeach201509300600,0,18.0,26.16,0.362,5.0
2015-09-30 07:00:00,Calumet Beach,1443596400.0,17.8,31.03,0.403,,CalumetBeach201509300700,0,17.8,31.03,0.403,5.0
2015-09-30 08:00:00,Calumet Beach,1443600000.0,,26.11,0.406,4.0,CalumetBeach201509300800,0,17.6,26.11,0.406,4.0
2015-09-30 09:00:00,Calumet Beach,1443603600.0,17.6,,0.394,5.0,CalumetBeach201509300900,0,17.6,29.48,0.394,5.0
2015-09-30 10:00:00,Calumet Beach,1443607200.0,17.8,36.58,0.378,4.0,CalumetBeach201509301000,0,17.8,36.58,0.378,4.0
2015-09-30 11:00:00,Calumet Beach,1443610800.0,,41.04,0.395,5.0,CalumetBeach201509301100,0,17.9,41.04,0.395,5.0
2015-09-30 12:00:00,Calumet Beach,1443614400.0,17.7,,0.391,4.0,CalumetBeach201509301200,0,17.7,25.81,0.391,4.0
2015-09-30 13:00:00,Calumet Beach,1443618000.0,17.8,22.31,0.336,5.0,CalumetBeach201509301300,0,17.8,22.31,0.336,5.0
2015-09-30 14:00:00,Calumet Beach,1443621600.0,17.9,21.07,,6.0,CalumetBeach201509301400,0,17.9,21.07,0.336,6.0
2015-09-30 15:00:00,Calumet Beach,,,,,,,1,,,,
2015-09-30 16:00:00,Calumet Beach,1443628800.0,18.2,32.96,,7.0,CalumetBeach201509301600,0,18.2,32.96,0.331,7.0
2015-09-30 17:00:00,Calumet Beach,1443632400.0,,25.54,,,CalumetBeach201509301700,0,18.2,25.54,0.329,7.0
2015-09-30 18:00:00,Calumet Beach,1443636000.0,18.0,24.56,0.319,,CalumetBeach201509301800,0,18.0,24.56,0.319,7.0
2015-09-30 19:00:00,Calumet Beach,1443639600.0,17.7,18.63,0.334,7.0,CalumetBeach201509301900,0,17.7,18.63,0.334,7.0
2015-05-19 12:00:00,Montrose Beach,1432036800.0,11.9,,0.232,3.0,MontroseBeach201505191200,0,11.9,0.46,0.232,3.0
2015-05-19 13:00:00,Montrose Beach,1432040400.0,,0.5,0.25,3.0,MontroseBeach201505191300,0,12.0,0.5,0.25,3.0
2015-05-19 14:00:00,Montrose Beach,1432044000.0,12.0,0.54,,3.0,MontroseBeach201505191400,0,12.0,0.54,0.291,3.0
2015-05-19 15:00:00,Montrose Beach,1432047600.0,12.0,0.61,,3.0,MontroseBeach201505191500,0,12.0,0.61,0.299,3.0
2015-05-19 16:00:00,Montrose Beach,1432051200.0,12.1,0.69,,3.0,MontroseBeach201505191600,0,12.1,0.69,0.293,3.0
2015-05-19 17:00:00,Montrose Beach,1432054800.0,,0.68,0.283,3.0,MontroseBeach201505191700,0,12.2,0.68,0.283,3.0
2015-05-19 18:00:00,Montrose Beach,1432058400.0,12.3,0.67,0.267,3.0,MontroseBeach201505191800,0,12.3,0.67,0.267,3.0
2015-05-19 19:00:00,Montrose Beach,1432062000.0,12.3,1.21,0.271,3.0,MontroseBeach201505191900,0,12.3,1.21,0.271,3.0
2015-05-19 20:00:00,Montrose Beach,1432065600.0,12.2,0.58,0.251,3.0,MontroseBeach201505192000,0,12.2,0.58,0.251,3.0
2015-05-19 21:00:00,Montrose Beach,1432069200.0,,0.51,0.24,,MontroseBeach201505192100,0,12.3,0.51,0.24,3.0
2015-05-19 22:00:00,Montrose Beach,1432072800.0,,0.46,0.227,2.0,MontroseBeach201505192200,0,12.3,0.46,0.227,2.0
2015-05-19 23:00:00,Montrose Beach,1432076400.0,12.1,0.46,0.238,5.0,MontroseBeach201505192300,0,12.1,0.46,0.238,5.0
2015-05-20 00:00:00,Montrose Beach,1432080000.0,12.0,0.5,0.257,,MontroseBeach201505202400,0,12.0,0.5,0.257,4.0
2015-05-20 01:00:00,Montrose Beach,1432083600.0,11.9,,0.299,4.0,MontroseBeach201505200100,0,11.9,0.55,0.299,4.0
2015-05-20 02:00:00,Montrose Beach,1432087200.0,11.8,0.72,0.358,4.0,MontroseBeach201505200200,0,11.8,0.72,0.358,4.0
2015-05-20 03:00:00,Montrose Beach,1432090800.0,11.8,0.86,0.339,,MontroseBeach201505200300,0,11.8,0.86,0.339,3.0
2015-05-20 04:00:00,Montrose Beach,1432094400.0,11.7,0.95,0.333,3.0,MontroseBeach201505200400,0,11.7,0.95,0.333,3.0
2015-05-20 05:00:00,Montrose Beach,1432098000.0,11.7,1.08,0.337,4.0,MontroseBeach201505200500,0,11.7,1.08,0.337,4.0
2015-05-20 06:00:00,Montrose Beach,1432101600.0,,1.29,0.342,5.0,MontroseBeach201505200600,0,11.6,1.29,0.342,5.0
2015-05-20 07:00:00,Montrose Beach,1432105200.0,,1.47,0.332,5.0,MontroseBeach201505200700,0,11.6,1.47,0.332,5.0
2015-05-20 08:00:00,Montrose Beach,1432108800.0,,,0.329,3.0,MontroseBeach201505200800,0,11.6,1.56,0.329,3.0
2015-05-20 09:00:00,Montrose Beach,1432112400.0,,1.62,0.321,5.0,MontroseBeach201505200900,0,11.7,1.62,0.321,5.0
2015-05-20 10:00:00,Montrose Beach,1432116000.0,11.8,1.68,0.321,,MontroseBeach201505201000,0,11.8,1.68,0.321,4.0
2015-05-20 11:00:00,Montrose Beach,1432119600.0,11.9,1.79,0.32,4.0,MontroseBeach201505201100,0,11.9,1.79,0.32,4.0
2015-05-20 12:00:00,Montrose Beach,1432123200.0,11.4,1.97,0.32,4.0,MontroseBeach201505201200,0,11.4,1.97,0.32,4.0
2015-05-20 13:00:00,Montrose Beach,1432126800.0,11.4,1.97,0.347,4.0,MontroseBeach201505201300,0,11.4,1.97,0.347,4.0
2015-05-20 14:00:00,Montrose Beach,1432130400.0,11.6,,0.345,3.0,MontroseBeach201505201400,0,11.6,2.3,0.345,3.0
2015-05-20 15:00:00,Montrose Beach,1432134000.0,11.7,2.61,0.353,3.0,MontroseBeach201505201500,0,11.7,2.61,0.353,3.0
2015-05-20 16:00:00,Montrose Beach,1432137600.0,11.7,2.74,0.359,3.0,MontroseBeach201505201600,0,11.7,2.74,0.359,3.0
2015-05-20 17:00:00,Montrose Beach,1432141200.0,11.6,3.39,0.396,,MontroseBeach201505201700,0,11.6,3.39,0.396,3.0
2015-05-20 18:00:00,Montrose Beach,1432144800.0,11.7,3.03,0.37,3.0,MontroseBeach201505201800,0,11.7,3.03,0.37,3.0
2015-05-20 19:00:00,Montrose Beach,1432148400.0,11.4,,0.364,3.0,MontroseBeach201505201900,0,11.4,3.85,0.364,3.0
2015-05-20 20:00:00,Montrose Beach,1432152000.0,11.4,3.48,0.325,3.0,MontroseBeach201505202000,0,11.4,3.48,0.325,3.0
2015-05-20 21:00:00,Montrose Beach,1432155600.0,11.5,2.29,0.279,5.0,MontroseBeach201505202100,0,11.5,2.29,0.279,5.0
2015-05-20 22:00:00,Montrose Beach,1432159200.0,11.3,2.02,0.259,5.0,MontroseBeach201505202200,0,11.3,2.02,0.259,5.0
2015-05-20 23:00:00,Montrose Beach,1432162800.0,11.2,2.69,0.221,5.0,MontroseBeach201505202300,0,11.2,2.69,0.221,5.0
2015-05-21 00:00:00,Montrose Beach,1432166400.0,11.1,,0.219,5.0,MontroseBeach201505212400,0,11.1,2.35,0.219,5.0
2015-05-21 01:00:00,Montrose Beach,1432170000.0,11.2,2.13,0.202,,MontroseBeach201505210100,0,11.2,2.13,0.202,5.0
2015-05-21 02:00:00,Montrose Beach,1432173600.0,,1.83,0.197,4.0,MontroseBeach201505210200,0,11.1,1.83,0.197,4.0
2015-05-21 03:00:00,Montrose Beach,1432177200.0,11.0,1.57,0.18,4.0,MontroseBeach201505210300,0,11.0,1.57,0.18,4.0
2015-05-21 04:00:00,Montrose Beach,1432180800.0,10.8,,0.168,4.0,MontroseBeach201505210400,0,10.8,1.16,0.168,4.0
2015-05-21 05:00:00,Montrose Beach,1432184400.0,10.8,1.23,0.173,3.0,MontroseBeach201505210500,0,10.8,1.23,0.173,3.0
2015-05-21 06:00:00,Montrose Beach,1432188000.0,10.8,1.13,0.173,3.0,MontroseBeach201505210600,0,10.8,1.13,0.173,3.0
2015-05-21 07:00:00,Montrose Beach,1432191600.0,10.8,0.9,0.173,4.0,MontroseBeach201505210700,0,10.8,0.9,0.173,4.0
2015-05-21 08:00:00,Montrose Beach,1432195200.0,10.8,0.72,0.153,3.0,MontroseBeach201505210800,0,10.8,0.72,0.153,3.0
2015-05-21 09:00:00,Montrose Beach,1432198800.0,10.8,,0.161,,MontroseBeach201505210900,0,10.8,0.67,0.161,3.0
2015-05-21 10:00:00,Montrose Beach,1432202400.0,10.8,0.9,0.144,3.0,MontroseBeach201505211000,0,10.8,0.9,0.144,3.0
2015-05-21 11:00:00,Montrose Beach,1432206000.0,11.1,0.96,0.126,,MontroseBeach201505211100,0,11.1,0.96,0.126,3.0
2015-05-21 12:00:00,Montrose Beach,1432209600.0,,1.15,0.138,3.0,MontroseBeach201505211200,0,11.4,1.15,0.138,3.0
2015-05-21 13:00:00,Montrose Beach,1432213200.0,11.6,1.16,,,MontroseBeach201505211300,0,11.6,1.16,0.113,3.0
2015-05-21 14:00:00,Montrose Beach,1432216800.0,11.8,1.22,0.118,8.0,MontroseBeach201505211400,0,11.8,1.22,0.118,8.0
2015-05-21 15:00:00,Montrose Beach,1432220400.0,12.0,1.11,,3.0,MontroseBeach201505211500,0,12.0,1.11,0.129,3.0
2015-05-21 16:00:00,Montrose Beach,1432224000.0,,1.02,0.152,3.0,MontroseBeach201505211600,0,12.1,1.02,0.152,3.0
2015-05-21 17:00:00,Montrose Beach,1432227600.0,12.2,1.0,0.141,,MontroseBeach201505211700,0,12.2,1.0,0.141,3.0
2015-05-21 18:00:00,Montrose Beach,1432231200.0,12.3,1.02,0.122,7.0,MontroseBeach201505211800,0,12.3,1.02,0.122,7.0
2015-05-21 19:00:00,Montrose Beach,1432234800.0,12.5,1.02,0.095,6.0,MontroseBeach201505211900,0,12.5,1.02,0.095,6.0
2015-05-21 20:00:00,Montrose Beach,1432238400.0,12.4,0.99,,3.0,MontroseBeach201505212000,0,12.4,0.99,0.106,3.0
2015-05-21 21:00:00,Montrose Beach,1432242000.0,12.2,0.96,0.084,5.0,MontroseBeach201505212100,0,12.2,0.96,0.084,5.0
2015-05-21 22:00:00,Montrose Beach,1432245600.0,12.3,1.0,0.113,3.0,MontroseBeach201505212200,0,12.3,1.0,0.113,3.0
2015-05-21 23:00:00,Montrose Beach,1432249200.0,12.1,0.97,0.093,9.0,MontroseBeach201505212300,0,12.1,0.97,0.093,9.0
2015-05-22 00:00:00,Montrose Beach,1432252800.0,11.9,0.85,,8.0,MontroseBeach201505222400,0,11.9,0.85,0.085,8.0
2015-05-22 01:00:00,Montrose Beach,1432256400.0,11.7,0.82,0.095,6.0,MontroseBeach201505220100,0,11.7,0.82,0.095,6.0
2015-05-22 02:00:00,Montrose Beach,1432260000.0,11.6,0.72,0.109,5.0,MontroseBeach201505220200,0,11.6,0.72,0.109,5.0
2015-05-22 03:00:00,Montrose Beach,1432263600.0,11.6,,0.193,2.0,MontroseBeach201505220300,0,11.6,0.72,0.193,2.0
2015-05-22 04:00:00,Montrose Beach,1432267200.0,,,0.233,2.0,MontroseBeach201505220400,0,11.7,1.03,0.233,2.0
2015-05-22 05:00:00,Montrose Beach,1432270800.0,11.6,0.93,0.228,3.0,MontroseBeach201505220500,0,11.6,0.93,0.228,3.0
2015-05-22 06:00:00,Montrose Beach,1432274400.0,,0.86,,3.0,MontroseBeach201505220600,0,11.4,0.86,0.241,3.0
2015-05-22 07:00:00,Montrose Beach,1432278000.0,11.4,0.89,0.202,,MontroseBeach201505220700,0,11.4,0.89,0.202,3.0
2015-05-22 08:00:00,Montrose Beach,1432281600.0,11.4,0.83,0.251,2.0,MontroseBeach201505220800,0,11.4,0.83,0.251,2.0
2015-05-22 09:00:00,Montrose Beach,1432285200.0,11.3,0.81,0.267,3.0,MontroseBeach201505220900,0,11.3,0.81,0.267,3.0
2015-05-22 10:00:00,Montrose Beach,1432288800.0,11.4,0.73,,3.0,MontroseBeach201505221000,0,11.4,0.73,0.241,3.0
2015-05-22 11:00:00,Montrose Beach,1432292400.0,11.5,0.72,0.275,3.0,MontroseBeach201505221100,0,11.5,0.72,0.275,3.0
2015-05-22 12:00:00,Montrose Beach,1432296000.0,,0.89,0.253,3.0,MontroseBeach201505221200,0,11.8,0.89,0.253,3.0
2015-05-22 13:00:00,Montrose Beach,1432299600.0,11.9,0.71,0.251,3.0,MontroseBeach201505221300,0,11.9,0.71,0.251,3.0
2015-05-22 14:00:00,Montrose Beach,1432303200.0,12.1,0.63,,4.0,MontroseBeach201505221400,0,12.1,0.63,0.265,4.0
2015-05-22 15:00:00,Montrose Beach,1432306800.0,12.3,0.77,0.256,3.0,MontroseBeach201505221500,0,12.3,0.77,0.256,3.0
2015-05-22 16:00:00,Montrose Beach,1432310400.0,12.5,0.82,0.268,2.0,MontroseBeach201505221600,0,12.5,0.82,0.268,2.0
2015-05-22 17:00:00,Montrose Beach,1432314000.0,12.4,0.79,0.276,3.0,MontroseBeach201505221700,0,12.4,0.79,0.276,3.0
2015-05-22 18:00:00,Montrose Beach,1432317600.0,12.9,0.89,0.264,3.0,MontroseBeach201505221800,0,12.9,0.89,0.264,3.0
2015-05-22 19:00:00,Montrose Beach,1432321200.0,13.4,1.11,0.255,3.0,MontroseBeach201505221900,0,13.4,1.11,0.255,3.0
2015-05-22 20:00:00,Montrose Beach,1432324800.0,12.4,0.75,0.241,,MontroseBeach201505222000,0,12.4,0.75,0.241,3.0
2015-05-22 21:00:00,Montrose Beach,1432328400.0,12.1,,,2.0,MontroseBeach201505222100,0,12.1,0.73,0.245,2.0
2015-05-22 22:00:00,Montrose Beach,1432332000.0,12.5,0.97,0.236,3.0,MontroseBeach201505222200,0,12.5,0.97,0.236,3.0
2015-05-22 23:00:00,Montrose Beach,,,,,,,1,,,,
2015-05-23 00:00:00,Montrose Beach,,,,,,,1,,,,
2015-05-23 01:00:00,Montrose Beach,,,,,,,1,,,,
2015-05-23 02:00:00,Montrose Beach,,,,,,,1,,,,
2015-05-23 03:00:00,Montrose Beach,,,,,,,1,,,,
2015-05-23 04:00:00,Montrose Beach,,,,,,,1,,,,
2015-05-23 05:00:00,Montrose Beach,,,,,,,1,,,,
2015-05-23 06:00:00,Montrose Beach,,,,,,,1,,,,
2015-05-23 07:00:00,Montrose Beach,,,,,,,1,,,,
2015-05-23 08:00:00,Montrose Beach,1432368000.0,11.0,0.27,0.151,,MontroseBeach201505230800,0,11.0,0.27,0.151,4.0
2015-05-23 09:00:00,Montrose Beach,1432371600.0,11.1,0.32,0.138,3.0,MontroseBeach201505230900,0,11.1,0.32,0.138,3.0
2015-05-23 10:00:00,Montrose Beach,1432375200.0,11.2,0.28,0.14,4.0,MontroseBeach201505231000,0,11.2,0.28,0.14,4.0
2015-05-23 11:00:00,Montrose Beach,1432378800.0,11.4,0.24,0.139,4.0,MontroseBeach201505231100,0,11.4,0.24,0.139,4.0
2015-05-23 12:00:00,Montrose Beach,1432382400.0,11.6,0.25,0.136,4.0,MontroseBeach201505231200,0,11.6,0.25,0.136,4.0
2015-05-23 13:00:00,Montrose Beach,1432386000.0,11.8,0.26,0.154,4.0,MontroseBeach201505231300,0,11.8,0.26,0.154,4.0
2015-05-23 14:00:00,Montrose Beach,1432389600.0,11.9,0.25,0.189,,MontroseBeach201505231400,0,11.9,0.25,0.189,5.0
2015-05-23 15:00:00,Montrose Beach,1432393200.0,11.9,0.27,0.162,3.0,MontroseBeach201505231500,0,11.9,0.27,0.162,3.0
2015-05-23 16:00:00,Montrose Beach,1432396800.0,11.9,0.33,0.199,4.0,MontroseBeach201505231600,0,11.9,0.33,0.199,4.0
2015-05-23 17:00:00,Montrose Beach,1432400400.0,12.2,0.37,0.205,3.0,MontroseBeach201505231700,0,12.2,0.37,0.205,3.0
2015-05-23 18:00:00,Montrose Beach,1432404000.0,11.9,0.39,0.192,7.0,MontroseBeach201505231800,0,11.9,0.39,0.192,7.0
2015-05-23 19:00:00,Montrose Beach,1432407600.0,11.8,,0.182,,MontroseBeach201505231900,0,11.8,0.42,0.182,2.0
2015-05-23 20:00:00,Montrose Beach,1432411200.0,11.5,0.38,0.191,3.0,MontroseBeach201505232000,0,11.5,0.38,0.191,3.0
2015-05-23 21:00:00,Montrose Beach,1432414800.0,11.4,0.35,,2.0,MontroseBeach201505232100,0,11.4,0.35,0.173,2.0
2015-05-23 22:00:00,Montrose Beach,1432418400.0,11.2,0.39,0.175,3.0,MontroseBeach201505232200,0,11.2,0.39,0.175,3.0
2015-05-23 23:00:00,Montrose Beach,1432422000.0,,0.3,,2.0,MontroseBeach201505232300,0,11.2,0.3,0.172,2.0
2015-05-24 00:00:00,Montrose Beach,1432425600.0,11.1,0.29,0.156,2.0,MontroseBeach201505242400,0,11.1,0.29,0.156,2.0
2015-05-24 01:00:00,Montrose Beach,,,,,,,1,,,,
2015-05-24 02:00:00,Montrose Beach,1432432800.0,11.0,0.38,0.139,5.0,MontroseBeach201505240200,0,11.0,0.38,0.139,5.0
2015-05-24 03:00:00,Montrose Beach,1432436400.0,11.0,0.29,,2.0,MontroseBeach201505240300,0,11.0,0.29,0.13,2.0
2015-05-24 04:00:00,Montrose Beach,1432440000.0,11.2,0.33,0.121,2.0,MontroseBeach201505240400,0,11.2,0.33,0.121,2.0
2015-05-24 05:00:00,Montrose Beach,1432443600.0,11.3,0.21,0.115,3.0,MontroseBeach201505240500,0,11.3,0.21,0.115,3.0
2015-05-24 06:00:00,Montrose Beach,1432447200.0,,0.4,,5.0,MontroseBeach201505240600,0,11.3,0.4,0.109,5.0
2015-05-24 07:00:00,Montrose Beach,1432450800.0,11.2,,0.107,5.0,MontroseBeach201505240700,0,11.2,0.28,0.107,5.0
2015-05-24 08:00:00,Montrose Beach,1432454400.0,11.3,0.27,0.1,,MontroseBeach201505240800,0,11.3,0.27,0.1,4.0
2015-05-24 09:00:00,Montrose Beach,1432458000.0,11.3,0.3,0.106,4.0,MontroseBeach201505240900,0,11.3,0.3,0.106,4.0
2015-05-24 10:00:00,Montrose Beach,1432461600.0,,0.4,0.094,5.0,MontroseBeach201505241000,0,11.3,0.4,0.094,5.0
2015-05-24 11:00:00,Montrose Beach,1432465200.0,11.4,0.21,,3.0,MontroseBeach201505241100,0,11.4,0.21,0.117,3.0
2015-05-24 12:00:00,Montrose Beach,1432468800.0,11.6,0.18,0.097,4.0,MontroseBeach201505241200,0,11.6,0.18,0.097,4.0
2015-05-24 13:00:00,Montrose Beach,1432472400.0,12.0,0.15,0.104,3.0,MontroseBeach201505241300,0,12.0,0.15,0.104,3.0
2015-05-24 14:00:00,Montrose Beach,1432476000.0,11.8,,0.201,3.0,MontroseBeach201505241400,0,11.8,0.21,0.201,3.0
2015-05-24 15:00:00,Montrose Beach,1432479600.0,11.7,0.61,0.304,3.0,MontroseBeach201505241500,0,11.7,0.61,0.304,3.0
2015-05-24 16:00:00,Montrose Beach,1432483200.0,11.7,0.31,0.334,3.0,MontroseBeach201505241600,0,11.7,0.31,0.334,3.0
2015-05-24 17:00:00,Montrose Beach,1432486800.0,11.6,0.74,0.311,4.0,MontroseBeach201505241700,0,11.6,0.74,0.311,4.0
2015-05-24 18:00:00,Montrose Beach,1432490400.0,11.6,0.59,0.282,3.0,MontroseBeach201505241800,0,11.6,0.59,0.282,3.0
2015-05-24 19:00:00,Montrose Beach,1432494000.0,12.0,0.27,0.267,,MontroseBeach201505241900,0,12.0,0.27,0.267,3.0
2015-05-24 20:00:00,Montrose Beach,1432497600.0,12.2,,0.237,3.0,MontroseBeach201505242000,0,12.2,0.39,0.237,3.0
2015-05-24 21:00:00,Montrose Beach,1432501200.0,11.7,0.5,0.226,,MontroseBeach201505242100,0,11.7,0.5,0.226,3.0
2015-05-24 22:00:00,Montrose Beach,1432504800.0,11.7,,0.228,3.0,MontroseBeach201505242200,0,11.7,0.53,0.228,3.0
2015-05-24 23:00:00,Montrose Beach,1432508400.0,11.7,,0.204,3.0,MontroseBeach201505242300,0,11.7,0.65,0.204,3.0
2015-05-25 00:00:00,Montrose Beach,1432512000.0,11.7,0.49,0.2,3.0,MontroseBeach201505252400,0,11.7,0.49,0.2,3.0
2015-05-25 01:00:00,Montrose Beach,1432515600.0,11.7,0.43,0.169,,MontroseBeach201505250100,0,11.7,0.43,0.169,3.0
2015-05-25 02:00:00,Montrose Beach,1432519200.0,11.8,,0.156,3.0,MontroseBeach201505250200,0,11.8,0.46,0.156,3.0
2015-05-25 03:00:00,Montrose Beach,1432522800.0,11.8,0.41,0.151,3.0,MontroseBeach201505250300,0,11.8,0.41,0.151,3.0
2015-05-25 04:00:00,Montrose Beach,1432526400.0,11.9,,0.148,3.0,MontroseBeach201505250400,0,11.9,0.43,0.148,3.0
2015-05-25 05:00:00,Montrose Beach,1432530000.0,,0.4,0.135,,MontroseBeach201505250500,0,12.0,0.4,0.135,3.0
2015-05-25 06:00:00,Montrose Beach,1432533600.0,12.4,0.45,0.126,3.0,MontroseBeach201505250600,0,12.4,0.45,0.126,3.0
2015-05-25 07:00:00,Montrose Beach,1432537200.0,12.3,0.39,0.13,4.0,MontroseBeach201505250700,0,12.3,0.39,0.13,4.0
2015-05-25 08:00:00,Montrose Beach,1432540800.0,12.4,,0.116,4.0,MontroseBeach201505250800,0,12.4,0.37,0.116,4.0
2015-05-25 09:00:00,Montrose Beach,1432544400.0,12.9,0.32,0.12,4.0,MontroseBeach201505250900,0,12.9,0.32,0.12,4.0
2015-05-25 10:00:00,Montrose Beach,1432548000.0,13.0,0.36,0.115,,MontroseBeach201505251000,0,13.0,0.36,0.115,4.0
2015-05-25 11:00:00,Montrose Beach,1432551600.0,14.2,0.55,0.107,3.0,MontroseBeach201505251100,0,14.2,0.55,0.107,3.0
2015-05-25 12:00:00,Montrose Beach,1432555200.0,,0.65,0.11,4.0,MontroseBeach201505251200,0,13.6,0.65,0.11,4.0
2015-05-25 13:00:00,Montrose Beach,1432558800.0,13.6,0.41,0.103,,MontroseBeach201505251300,0,13.6,0.41,0.103,4.0
2015-05-25 14:00:00,Montrose Beach,1432562400.0,,0.36,0.105,3.0,MontroseBeach201505251400,0,13.8,0.36,0.105,3.0
2015-05-25 15:00:00,Montrose Beach,1432566000.0,14.1,0.4,0.092,3.0,MontroseBeach201505251500,0,14.1,0.4,0.092,3.0
2015-05-25 16:00:00,Montrose Beach,1432569600.0,14.2,0.36,0.098,9.0,MontroseBeach201505251600,0,14.2,0.36,0.098,9.0
2015-05-25 17:00:00,Montrose Beach,1432573200.0,14.2,0.36,0.12,8.0,MontroseBeach201505251700,0,14.2,0.36,0.12,8.0
2015-05-25 18:00:00,Montrose Beach,1432576800.0,14.2,0.33,0.104,7.0,MontroseBeach201505251800,0,14.2,0.33,0.104,7.0
2015-05-25 19:00:00,Montrose Beach,1432580400.0,14.3,0.36,0.147,6.0,MontroseBeach201505251900,0,14.3,0.36,0.147,6.0
2015-05-25 20:00:00,Montrose Beach,1432584000.0,14.0,0.45,0.091,6.0,MontroseBeach201505252000,0,14.0,0.45,0.091,6.0
2015-05-25 21:00:00,Montrose Beach,1432587600.0,14.7,0.51,,9.0,MontroseBeach201505252100,0,14.7,0.51,0.096,9.0
2015-05-25 22:00:00,Montrose Beach,1432591200.0,14.3,0.46,0.089,,MontroseBeach201505252200,0,14.3,0.46,0.089,8.0
2015-05-25 23:00:00,Montrose Beach,1432594800.0,,0.49,0.093,4.0,MontroseBeach201505252300,0,13.9,0.49,0.093,4.0
2015-05-26 00:00:00,Montrose Beach,1432598400.0,13.6,0.46,0.088,8.0,MontroseBeach201505262400,0,13.6,0.46,0.088,8.0
2015-05-26 01:00:00,Montrose Beach,1432602000.0,13.4,0.52,0.102,7.0,MontroseBeach201505260100,0,13.4,0.52,0.102,7.0
2015-05-26 02:00:00,Montrose Beach,1432605600.0,13.4,0.56,0.098,6.0,MontroseBeach201505260200,0,13.4,0.56,0.098,6.0
2015-05-26 03:00:00,Montrose Beach,1432609200.0,13.4,0.45,0.097,5.0,MontroseBeach201505260300,0,13.4,0.45,0.097,5.0
2015-05-26 04:00:00,Montrose Beach,1432612800.0,13.4,0.45,,6.0,MontroseBeach201505260400,0,13.4,0.45,0.098,6.0
2015-05-26 05:00:00,Montrose Beach,1432616400.0,13.6,0.44,0.087,,MontroseBeach201505260500,0,13.6,0.44,0.087,4.0
2015-05-26 06:00:00,Montrose Beach,1432620000.0,13.6,0.42,0.088,4.0,MontroseBeach201505260600,0,13.6,0.42,0.088,4.0
2015-05-26 07:00:00,Montrose Beach,,,,,,,1,,,,
2015-05-26 08:00:00,Montrose Beach,,,,,,,1,,,,
2015-05-26 09:00:00,Montrose Beach,,,,,,,1,,,,
2015-05-26 10:00:00,Montrose Beach,1432634400.0,13.4,0.4,,3.0,MontroseBeach201505261000,0,13.4,0.4,0.108,3.0
2015-05-26 11:00:00,Montrose Beach,1432638000.0,13.4,0.47,0.104,4.0,MontroseBeach201505261100,0,13.4,0.47,0.104,4.0
2015-05-26 12:00:00,Montrose Beach,1432641600.0,13.4,0.46,,2.0,MontroseBeach201505261200,0,13.4,0.46,0.138,2.0
2015-05-26 13:00:00,Montrose Beach,,,,,,,1,,,,
2015-05-26 14:00:00,Montrose Beach,,,,,,,1,,,,
2015-05-26 15:00:00,Montrose Beach,1432652400.0,,0.51,0.131,4.0,MontroseBeach201505261500,0,14.0,0.51,0.131,4.0
2015-05-26 16:00:00,Montrose Beach,1432656000.0,,0.49,,4.0,MontroseBeach201505261600,0,14.1,0.49,0.139,4.0
2015-05-26 17:00:00,Montrose Beach,1432659600.0,14.4,,0.125,8.0,MontroseBeach201505261700,0,14.4,0.46,0.125,8.0
2015-05-26 18:00:00,Montrose Beach,1432663200.0,14.6,0.49,0.124,7.0,MontroseBeach201505261800,0,14.6,0.49,0.124,7.0
2015-05-26 19:00:00,Montrose Beach,1432666800.0,14.9,0.64,0.109,6.0,MontroseBeach201505261900,0,14.9,0.64,0.109,6.0
2015-05-26 20:00:00,Montrose Beach,1432670400.0,14.6,0.56,0.106,5.0,MontroseBeach201505262000,0,14.6,0.56,0.106,5.0
2015-05-26 21:00:00,Montrose Beach,1432674000.0,14.3,0.52,0.1,4.0,MontroseBeach201505262100,0,14.3,0.52,0.1,4.0
2015-05-26 22:00:00,Montrose Beach,1432677600.0,14.2,,,4.0,MontroseBeach201505262200,0,14.2,0.45,0.106,4.0
2015-05-26 23:00:00,Montrose Beach,1432681200.0,,0.43,0.097,9.0,MontroseBeach201505262300,0,14.2,0.43,0.097,9.0
2015-05-27 00:00:00,Montrose Beach,1432684800.0,14.2,0.48,0.092,,MontroseBeach201505272400,0,14.2,0.48,0.092,8.0
2015-05-27 01:00:00,Montrose Beach,1432688400.0,14.4,0.48,0.098,6.0,MontroseBeach201505270100,0,14.4,0.48,0.098,6.0
2015-05-27 02:00:00,Montrose Beach,1432692000.0,,0.48,0.092,,MontroseBeach201505270200,0,14.3,0.48,0.092,5.0
2015-05-27 03:00:00,Montrose Beach,1432695600.0,14.4,0.49,0.103,3.0,MontroseBeach201505270300,0,14.4,0.49,0.103,3.0
2015-05-27 04:00:00,Montrose Beach,,,,,,,1,,,,
2015-05-27 05:00:00,Montrose Beach,,,,,,,1,,,,
2015-05-27 06:00:00,Montrose Beach,,,,,,,1,,,,
2015-05-27 07:00:00,Montrose Beach,,,,,,,1,,,,
2015-05-27 08:00:00,Montrose Beach,,,,,,,1,,,,
2015-05-27 09:00:00,Montrose Beach,1432717200.0,14.3,,0.089,10.0,MontroseBeach201505270900,0,14.3,0.33,0.089,10.0
2015-05-27 10:00:00,Montrose Beach,1432720800.0,14.4,0.35,0.089,4.0,MontroseBeach201505271000,0,14.4,0.35,0.089,4.0
2015-05-27 11:00:00,Montrose Beach,1432724400.0,,0.35,0.086,9.0,MontroseBeach201505271100,0,14.5,0.35,0.086,9.0
2015-05-27 12:00:00,Montrose Beach,1432728000.0,14.4,0.3,0.086,,MontroseBeach201505271200,0,14.4,0.3,0.086,9.0
2015-05-27 13:00:00,Montrose Beach,1432731600.0,14.4,0.3,,4.0,MontroseBeach201505271300,0,14.4,0.3,0.096,4.0
2015-05-27 14:00:00,Montrose Beach,,,,,,,1,,,,
2015-05-27 15:00:00,Montrose Beach,,,,,,,1,,,,
2015-05-27 16:00:00,Montrose Beach,1432742400.0,14.4,0.26,0.196,2.0,MontroseBeach201505271600,0,14.4,0.26,0.196,2.0
2015-05-27 17:00:00,Montrose Beach,1432746000.0,14.4,0.29,0.138,,MontroseBeach201505271700,0,14.4,0.29,0.138,8.0
2015-05-27 18:00:00,Montrose Beach,1432749600.0,,0.25,0.121,7.0,MontroseBeach201505271800,0,14.5,0.25,0.121,7.0
2015-05-27 19:00:00,Montrose Beach,,,,,,,1,,,,
2015-05-27 20:00:00,Montrose Beach,,,,,,,1,,,,
2015-05-27 21:00:00,Montrose Beach,,,,,,,1,,,,
2015-05-27 22:00:00,Montrose Beach,,,,,,,1,,,,
2015-05-27 23:00:00,Montrose Beach,,,,,,,1,,,,
2015-05-28 00:00:00,Montrose Beach,,,,,,,1,,,,
2015-05-28 01:00:00,Montrose Beach,,,,,,,1,,,,
2015-05-28 02:00:00,Montrose Beach,,,,,,,1,,,,
2015-05-28 03:00:00,Montrose Beach,,,,,,,1,,,,
2015-05-28 04:00:00,Montrose Beach,,,,,,,1,,,,
2015-05-28 05:00:00,Montrose Beach,,,,,,,1,,,,
2015-05-28 06:00:00,Montrose Beach,,,,,,,1,,,,
2015-05-28 07:00:00,Montrose Beach,,,,,,,1,,,,
2015-05-28 08:00:00,Montrose Beach,,,,,,,1,,,,
2015-05-28 09:00:00,Montrose Beach,,,,,,,1,,,,
2015-05-28 10:00:00,Montrose Beach,,,,,,,1,,,,
2015-05-28 11:00:00,Montrose Beach,1432810800.0,,,0.118,6.0,MontroseBeach201505281100,0,14.6,0.2,0.118,6.0
2015-05-28 12:00:00,Montrose Beach,1432814400.0,14.6,0.25,0.092,4.0,MontroseBeach201505281200,0,14.6,0.25,0.092,4.0
2015-05-28 13:00:00,Montrose Beach,1432818000.0,14.7,0.3,0.129,4.0,MontroseBeach201505281300,0,14.7,0.3,0.129,4.0
2015-05-28 14:00:00,Montrose Beach,1432821600.0,,0.27,,4.0,MontroseBeach201505281400,0,15.2,0.27,0.133,4.0
2015-05-28 15:00:00,Montrose Beach,1432825200.0,15.8,0.32,,6.0,MontroseBeach201505281500,0,15.8,0.32,0.097,6.0
2015-05-28 16:00:00,Montrose Beach,1432828800.0,,0.32,0.147,,MontroseBeach201505281600,0,16.4,0.32,0.147,4.0
2015-05-28 17:00:00,Montrose Beach,1432832400.0,16.0,,0.101,,MontroseBeach201505281700,0,16.0,0.43,0.101,4.0
2015-05-28 18:00:00,Montrose Beach,1432836000.0,17.3,0.29,0.098,4.0,MontroseBeach201505281800,0,17.3,0.29,0.098,4.0
2015-05-28 19:00:00,Montrose Beach,1432839600.0,17.3,0.37,0.144,3.0,MontroseBeach201505281900,0,17.3,0.37,0.144,3.0
2015-05-28 20:00:00,Montrose Beach,1432843200.0,18.0,,0.134,5.0,MontroseBeach201505282000,0,18.0,0.63,0.134,5.0
2015-05-28 21:00:00,Montrose Beach,1432846800.0,17.6,,,3.0,MontroseBeach201505282100,0,17.6,0.66,0.213,3.0
2015-05-28 22:00:00,Montrose Beach,1432850400.0,16.4,0.39,0.237,3.0,MontroseBeach201505282200,0,16.4,0.39,0.237,3.0
2015-05-28 23:00:00,Montrose Beach,1432854000.0,,0.32,0.219,3.0,MontroseBeach201505282300,0,16.0,0.32,0.219,3.0
2015-05-29 00:00:00,Montrose Beach,1432857600.0,15.8,,0.2,,MontroseBeach201505292400,0,15.8,0.65,0.2,3.0
2015-05-29 01:00:00,Montrose Beach,1432861200.0,14.9,,0.202,3.0,MontroseBeach201505290100,0,14.9,0.46,0.202,3.0
2015-05-29 02:00:00,Montrose Beach,1432864800.0,14.4,0.73,0.184,6.0,MontroseBeach201505290200,0,14.4,0.73,0.184,6.0
2015-05-29 03:00:00,Montrose Beach,1432868400.0,13.9,0.45,0.161,2.0,MontroseBeach201505290300,0,13.9,0.45,0.161,2.0
2015-05-29 04:00:00,Montrose Beach,1432872000.0,,0.38,0.153,3.0,MontroseBeach201505290400,0,13.8,0.38,0.153,3.0
2015-05-29 05:00:00,Montrose Beach,1432875600.0,,0.38,0.132,2.0,MontroseBeach201505290500,0,13.6,0.38,0.132,2.0
2015-05-29 06:00:00,Montrose Beach,1432879200.0,,,0.138,2.0,MontroseBeach201505290600,0,13.4,0.37,0.138,2.0
2015-05-29 07:00:00,Montrose Beach,1432882800.0,13.4,0.29,0.129,2.0,MontroseBeach201505290700,0,13.4,0.29,0.129,2.0
2015-05-29 08:00:00,Montrose Beach,1432886400.0,13.4,0.2,0.132,,MontroseBeach201505290800,0,13.4,0.2,0.132,2.0
2015-05-29 09:00:00,Montrose Beach,1432890000.0,,0.26,0.129,2.0,MontroseBeach201505290900,0,13.5,0.26,0.129,2.0
2015-05-29 10:00:00,Montrose Beach,1432893600.0,13.6,0.18,,4.0,MontroseBeach201505291000,0,13.6,0.18,0.143,4.0
2015-05-29 11:00:00,Montrose Beach,1432897200.0,13.6,0.26,0.169,5.0,MontroseBeach201505291100,0,13.6,0.26,0.169,5.0
2015-05-29 12:00:00,Montrose Beach,1432900800.0,13.6,0.44,0.156,3.0,MontroseBeach201505291200,0,13.6,0.44,0.156,3.0
2015-05-29 13:00:00,Montrose Beach,1432904400.0,14.6,0.72,0.136,3.0,MontroseBeach201505291300,0,14.6,0.72,0.136,3.0
2015-05-29 14:00:00,Montrose Beach,1432908000.0,13.6,0.4,0.128,2.0,MontroseBeach201505291400,0,13.6,0.4,0.128,2.0
2015-05-29 15:00:00,Montrose Beach,1432911600.0,13.3,,0.149,3.0,MontroseBeach201505291500,0,13.3,0.39,0.149,3.0
2015-05-29 16:00:00,Montrose Beach,1432915200.0,13.1,0.43,0.108,10.0,MontroseBeach201505291600,0,13.1,0.43,0.108,10.0
2015-05-29 17:00:00,Montrose Beach,1432918800.0,13.1,0.39,0.112,8.0,MontroseBeach201505291700,0,13.1,0.39,0.112,8.0
2015-05-29 18:00:00,Montrose Beach,1432922400.0,13.2,0.4,0.157,3.0,MontroseBeach201505291800,0,13.2,0.4,0.157,3.0
2015-05-29 19:00:00,Montrose Beach,1432926000.0,13.7,0.46,0.106,6.0,MontroseBeach201505291900,0,13.7,0.46,0.106,6.0
2015-05-29 20:00:00,Montrose Beach,1432929600.0,14.0,0.54,0.1,4.0,MontroseBeach201505292000,0,14.0,0.54,0.1,4.0
2015-05-29 21:00:00,Montrose Beach,1432933200.0,,0.53,0.105,4.0,MontroseBeach201505292100,0,13.8,0.53,0.105,4.0
2015-05-29 22:00:00,Montrose Beach,1432936800.0,,0.47,0.092,10.0,MontroseBeach201505292200,0,13.4,0.47,0.092,10.0
2015-05-29 23:00:00,Montrose Beach,1432940400.0,12.9,0.42,0.087,9.0,MontroseBeach201505292300,0,12.9,0.42,0.087,9.0
2015-05-30 00:00:00,Montrose Beach,1432944000.0,12.8,0.32,,8.0,MontroseBeach201505302400,0,12.8,0.32,0.082,8.0
2015-05-30 01:00:00,Montrose Beach,1432947600.0,12.9,0.36,0.091,6.0,MontroseBeach201505300100,0,12.9,0.36,0.091,6.0
2015-05-30 02:00:00,Montrose Beach,1432951200.0,12.8,0.39,0.081,5.0,MontroseBeach201505300200,0,12.8,0.39,0.081,5.0
2015-05-30 03:00:00,Montrose Beach,1432954800.0,12.7,0.27,0.086,5.0,MontroseBeach201505300300,0,12.7,0.27,0.086,5.0
2015-05-30 04:00:00,Montrose Beach,1432958400.0,12.6,0.33,0.09,4.0,MontroseBeach201505300400,0,12.6,0.33,0.09,4.0
2015-05-30 05:00:00,Montrose Beach,1432962000.0,12.6,0.24,0.104,3.0,MontroseBeach201505300500,0,12.6,0.24,0.104,3.0
2015-05-30 06:00:00,Montrose Beach,1432965600.0,12.6,0.09,0.09,4.0,MontroseBeach201505300600,0,12.6,0.09,0.09,4.0
2015-05-30 07:00:00,Montrose Beach,1432969200.0,12.7,0.05,,4.0,MontroseBeach201505300700,0,12.7,0.05,0.082,4.0
2015-05-30 08:00:00,Montrose Beach,1432972800.0,12.7,0.05,0.12,4.0,MontroseBeach201505300800,0,12.7,0.05,0.12,4.0
2015-05-30 09:00:00,Montrose Beach,1432976400.0,,0.03,0.082,3.0,MontroseBeach201505300900,0,12.8,0.03,0.082,3.0
2015-05-30 10:00:00,Montrose Beach,1432980000.0,12.6,0.08,0.154,2.0,MontroseBeach201505301000,0,12.6,0.08,0.154,2.0
2015-05-30 11:00:00,Montrose Beach,1432983600.0,12.4,,,,MontroseBeach201505301100,0,12.4,0.36,0.335,3.0
2015-05-30 12:00:00,Montrose Beach,1432987200.0,12.2,0.83,0.419,4.0,MontroseBeach201505301200,0,12.2,0.83,0.419,4.0
2015-05-30 13:00:00,Montrose Beach,1432990800.0,12.1,1.54,0.463,5.0,MontroseBeach201505301300,0,12.1,1.54,0.463,5.0
2015-05-30 14:00:00,Montrose Beach,1432994400.0,11.9,1.7,0.498,5.0,MontroseBeach201505301400,0,11.9,1.7,0.498,5.0
2015-05-30 15:00:00,Montrose Beach,1432998000.0,11.8,5.16,0.561,6.0,MontroseBeach201505301500,0,11.8,5.16,0.561,6.0
2015-05-30 16:00:00,Montrose Beach,1433001600.0,11.7,,0.549,6.0,MontroseBeach201505301600,0,11.7,9.93,0.549,6.0
2015-05-30 17:00:00,Montrose Beach,1433005200.0,,39.39,0.597,7.0,MontroseBeach201505301700,0,11.8,39.39,0.597,7.0
2015-05-30 18:00:00,Montrose Beach,,,,,,,1,,,,
2015-05-30 19:00:00,Montrose Beach,1433012400.0,10.8,21.66,0.607,,MontroseBeach201505301900,0,10.8,21.66,0.607,7.0
2015-05-30 20:00:00,Montrose Beach,1433016000.0,10.5,,0.615,8.0,MontroseBeach201505302000,0,10.5,19.95,0.615,8.0
2015-05-30 21:00:00,Montrose Beach,1433019600.0,10.5,31.07,0.613,,MontroseBeach201505302100,0,10.5,31.07,0.613,8.0
2015-05-30 22:00:00,Montrose Beach,1433023200.0,,,0.598,8.0,MontroseBeach201505302200,0,10.2,32.14,0.598,8.0
2015-05-30 23:00:00,Montrose Beach,,,,,,,1,,,,
2015-05-31 00:00:00,Montrose Beach,1433030400.0,9.6,38.55,0.606,7.0,MontroseBeach201505312400,0,9.6,38.55,0.606,7.0
2015-05-31 01:00:00,Montrose Beach,,,,,,,1,,,,
2015-05-31 02:00:00,Montrose Beach,,,,,,,1,,,,
2015-05-31 03:00:00,Montrose Beach,,,,,,,1,,,,
2015-05-31 04:00:00,Montrose Beach,,,,,,,1,,,,
2015-05-31 05:00:00,Montrose Beach,,,,,,,1,,,,
2015-05-31 06:00:00,Montrose Beach,,,,,,,1,,,,
2015-05-31 07:00:00,Montrose Beach,,,,,,,1,,,,
2015-05-31 08:00:00,Montrose Beach,,,,,,,1,,,,
2015-05-31 09:00:00,Montrose Beach,,,,,,,1,,,,
2015-05-31 10:00:00,Montrose Beach,,,,,,,1,,,,
2015-05-31 11:00:00,Montrose Beach,,,,,,,1,,,,
2015-05-31 12:00:00,Montrose Beach,,,,,,,1,,,,
2015-05-31 13:00:00,Montrose Beach,,,,,,,1,,,,
2015-05-31 14:00:00,Montrose Beach,,,,,,,1,,,,
2015-05-31 15:00:00,Montrose Beach,,,,,,,1,,,,
2015-05-31 16:00:00,Montrose Beach,,,,,,,1,,,,
2015-05-31 17:00:00,Montrose Beach,,,,,,,1,,,,
2015-05-31 18:00:00,Montrose Beach,,,,,,,1,,,,
2015-05-31 19:00:00,Montrose Beach,,,,,,,1,,,,
2015-05-31 20:00:00,Montrose Beach,,,,,,,1,,,,
2015-05-31 21:00:00,Montrose Beach,,,,,,,1,,,,
2015-05-31 22:00:00,Montrose Beach,,,,,,,1,,,,
2015-05-31 23:00:00,Montrose Beach,,,,,,,1,,,,
2015-06-01 00:00:00,Montrose Beach,,,,,,,1,,,,
2015-06-01 01:00:00,Montrose Beach,,,,,,,1,,,,
2015-06-01 02:00:00,Montrose Beach,,,,,,,1,,,,
2015-06-01 03:00:00,Montrose Beach,,,,,,,1,,,,
2015-06-01 04:00:00,Montrose Beach,,,,,,,1,,,,
2015-06-01 05:00:00,Montrose Beach,,,,,,,1,,,,
2015-06-01 06:00:00,Montrose Beach,,,,,,,1,,,,
2015-06-01 07:00:00,Montrose Beach,,,,,,,1,,,,
2015-06-01 08:00:00,Montrose Beach,,,,,,,1,,,,
2015-06-01 09:00:00,Montrose Beach,,,,,,,1,,,,
2015-06-01 10:00:00,Montrose Beach,,,,,,,1,,,,
2015-06-01 11:00:00,Montrose Beach,,,,,,,1,,,,
2015-06-01 12:00:00,Montrose Beach,,,,,,,1,,,,
2015-06-01 13:00:00,Montrose Beach,,,,,,,1,,,,
2015-06-01 14:00:00,Montrose Beach,,,,,,,1,,,,
2015-06-01 15:00:00,Montrose Beach,,,,,,,1,,,,
2015-06-01 16:00:00,Montrose Beach,,,,,,,1,,,,
2015-06-01 17:00:00,Montrose Beach,,,,,,,1,,,,
2015-06-01 18:00:00,Montrose Beach,,,,,,,1,,,,
2015-06-01 19:00:00,Montrose Beach,,,,,,,1,,,,
2015-06-01 20:00:00,Montrose Beach,,,,,,,1,,,,
2015-06-01 21:00:00,Montrose Beach,,,,,,,1,,,,
2015-06-01 22:00:00,Montrose Beach,,,,,,,1,,,,
2015-06-01 23:00:00,Montrose Beach,,,,,,,1,,,,
2015-06-02 00:00:00,Montrose Beach,,,,,,,1,,,,
2015-06-02 01:00:00,Montrose Beach,,,,,,,1,,,,
2015-06-02 02:00:00,Montrose Beach,,,,,,,1,,,,
2015-06-02 03:00:00,Montrose Beach,,,,,,,1,,,,
2015-06-02 04:00:00,Montrose Beach,,,,,,,1,,,,
2015-06-02 05:00:00,Montrose Beach,,,,,,,1,,,,
2015-06-02 06:00:00,Montrose Beach,,,,,,,1,,,,
2015-06-02 07:00:00,Montrose Beach,,,,,,,1,,,,
2015-06-02 08:00:00,Montrose Beach,,,,,,,1,,,,
2015-06-02 09:00:00,Montrose Beach,,,,,,,1,,,,
2015-06-02 10:00:00,Montrose Beach,,,,,,,1,,,,
2015-06-02 11:00:00,Montrose Beach,1433242800.0,11.5,19.79,0.245,,MontroseBeach201506021100,0,11.5,19.79,0.245,4.0
2015-06-02 12:00:00,Montrose Beach,,,,,,,1,,,,
2015-06-02 13:00:00,Montrose Beach,1433250000.0,14.1,34.27,0.217,,MontroseBeach201506021300,0,14.1,34.27,0.217,4.0
2015-06-02 14:00:00,Montrose Beach,1433253600.0,14.3,38.59,0.193,4.0,MontroseBeach201506021400,0,14.3,38.59,0.193,4.0
2015-06-02 15:00:00,Montrose Beach,,,,,,,1,,,,
2015-06-02 16:00:00,Montrose Beach,,,,,,,1,,,,
2015-06-02 17:00:00,Montrose Beach,,,,,,,1,,,,
2015-06-02 18:00:00,Montrose Beach,1433268000.0,17.2,40.21,0.198,4.0,MontroseBeach201506021800,0,17.2,40.21,0.198,4.0
2015-06-02 19:00:00,Montrose Beach,1433271600.0,15.8,31.26,0.186,4.0,MontroseBeach201506021900,0,15.8,31.26,0.186,4.0
2015-06-02 20:00:00,Montrose Beach,1433275200.0,15.8,30.04,0.184,,MontroseBeach201506022000,0,15.8,30.04,0.184,4.0
2015-06-02 21:00:00,Montrose Beach,1433278800.0,16.0,32.42,0.175,3.0,MontroseBeach201506022100,0,16.0,32.42,0.175,3.0
2015-06-02 22:00:00,Montrose Beach,1433282400.0,15.0,18.57,0.184,4.0,MontroseBeach201506022200,0,15.0,18.57,0.184,4.0
2015-06-02 23:00:00,Montrose Beach,1433286000.0,14.2,17.33,0.176,4.0,MontroseBeach201506022300,0,14.2,17.33,0.176,4.0
2015-06-03 00:00:00,Montrose Beach,1433289600.0,,17.87,0.16,7.0,MontroseBeach201506032400,0,13.2,17.87,0.16,7.0
2015-06-03 01:00:00,Montrose Beach,1433293200.0,,22.1,0.161,6.0,MontroseBeach201506030100,0,12.4,22.1,0.161,6.0
2015-06-03 02:00:00,Montrose Beach,1433296800.0,12.4,26.76,,,MontroseBeach201506030200,0,12.4,26.76,0.174,3.0
2015-06-03 03:00:00,Montrose Beach,1433300400.0,12.2,28.4,0.149,5.0,MontroseBeach201506030300,0,12.2,28.4,0.149,5.0
2015-06-03 04:00:00,Montrose Beach,,,,,,,1,,,,
2015-06-03 05:00:00,Montrose Beach,,,,,,,1,,,,
2015-06-03 06:00:00,Montrose Beach,,,,,,,1,,,,
2015-06-03 07:00:00,Montrose Beach,,,,,,,1,,,,
2015-06-03 08:00:00,Montrose Beach,,,,,,,1,,,,
2015-06-03 09:00:00,Montrose Beach,,,,,,,1,,,,
2015-06-03 10:00:00,Montrose Beach,,,,,,,1,,,,
2015-06-03 11:00:00,Montrose Beach,,,,,,,1,,,,
2015-06-03 12:00:00,Montrose Beach,1433332800.0,,19.21,,2.0,MontroseBeach201506031200,0,11.4,19.21,0.149,2.0
2015-06-03 13:00:00,Montrose Beach,1433336400.0,,,0.155,3.0,MontroseBeach201506031300,0,11.4,17.06,0.155,3.0
2015-06-03 14:00:00,Montrose Beach,1433340000.0,,15.51,0.162,2.0,MontroseBeach201506031400,0,11.5,15.51,0.162,2.0
2015-06-03 15:00:00,Montrose Beach,1433343600.0,,14.12,0.173,,MontroseBeach201506031500,0,11.5,14.12,0.173,2.0
2015-06-03 16:00:00,Montrose Beach,1433347200.0,11.6,13.79,,3.0,MontroseBeach201506031600,0,11.6,13.79,0.217,3.0
2015-06-03 17:00:00,Montrose Beach,1433350800.0,,13.69,0.186,2.0,MontroseBeach201506031700,0,11.6,13.69,0.186,2.0
2015-06-03 18:00:00,Montrose Beach,1433354400.0,11.3,12.78,,3.0,MontroseBeach201506031800,0,11.3,12.78,0.197,3.0
2015-06-03 19:00:00,Montrose Beach,1433358000.0,11.1,12.67,0.217,3.0,MontroseBeach201506031900,0,11.1,12.67,0.217,3.0
2015-06-03 20:00:00,Montrose Beach,1433361600.0,10.9,12.68,,3.0,MontroseBeach201506032000,0,10.9,12.68,0.221,3.0
2015-06-03 21:00:00,Montrose Beach,1433365200.0,,12.0,0.213,3.0,MontroseBeach201506032100,0,10.7,12.0,0.213,3.0
2015-06-03 22:00:00,Montrose Beach,1433368800.0,10.5,11.4,0.221,3.0,MontroseBeach201506032200,0,10.5,11.4,0.221,3.0
2015-06-03 23:00:00,Montrose Beach,1433372400.0,10.4,10.54,0.22,3.0,MontroseBeach201506032300,0,10.4,10.54,0.22,3.0
2015-06-04 00:00:00,Montrose Beach,1433376000.0,,9.63,0.189,3.0,MontroseBeach201506042400,0,10.4,9.63,0.189,3.0
2015-06-04 01:00:00,Montrose Beach,1433379600.0,10.4,10.07,0.19,,MontroseBeach201506040100,0,10.4,10.07,0.19,6.0
2015-06-04 02:00:00,Montrose Beach,1433383200.0,10.4,10.32,0.162,,MontroseBeach201506040200,0,10.4,10.32,0.162,5.0
2015-06-04 03:00:00,Montrose Beach,1433386800.0,10.4,10.36,0.15,2.0,MontroseBeach201506040300,0,10.4,10.36,0.15,2.0
2015-06-04 04:00:00,Montrose Beach,1433390400.0,10.4,8.4,0.133,2.0,MontroseBeach201506040400,0,10.4,8.4,0.133,2.0
2015-06-04 05:00:00,Montrose Beach,1433394000.0,,7.99,,2.0,MontroseBeach201506040500,0,10.4,7.99,0.12,2.0
2015-06-04 06:00:00,Montrose Beach,1433397600.0,10.4,8.49,0.101,2.0,MontroseBeach201506040600,0,10.4,8.49,0.101,2.0
2015-06-04 07:00:00,Montrose Beach,1433401200.0,10.6,8.34,0.101,2.0,MontroseBeach201506040700,0,10.6,8.34,0.101,2.0
2015-06-04 08:00:00,Montrose Beach,1433404800.0,10.7,8.38,0.094,2.0,MontroseBeach201506040800,0,10.7,8.38,0.094,2.0
2015-06-04 09:00:00,Montrose Beach,1433408400.0,11.0,8.18,0.174,5.0,MontroseBeach201506040900,0,11.0,8.18,0.174,5.0
2015-06-04 10:00:00,Montrose Beach,1433412000.0,,8.6,,6.0,MontroseBeach201506041000,0,11.6,8.6,0.095,6.0
2015-06-04 11:00:00,Montrose Beach,1433415600.0,11.6,8.48,0.091,3.0,MontroseBeach201506041100,0,11.6,8.48,0.091,3.0
2015-06-04 12:00:00,Montrose Beach,1433419200.0,11.9,8.63,0.106,,MontroseBeach201506041200,0,11.9,8.63,0.106,8.0
2015-06-04 13:00:00,Montrose Beach,1433422800.0,12.1,8.02,0.078,8.0,MontroseBeach201506041300,0,12.1,8.02,0.078,8.0
2015-06-04 14:00:00,Montrose Beach,1433426400.0,12.9,7.85,,4.0,MontroseBeach201506041400,0,12.9,7.85,0.107,4.0
2015-06-04 15:00:00,Montrose Beach,1433430000.0,,,0.117,7.0,MontroseBeach201506041500,0,12.1,7.22,0.117,7.0
2015-06-04 16:00:00,Montrose Beach,1433433600.0,12.7,,0.086,10.0,MontroseBeach201506041600,0,12.7,7.17,0.086,10.0
2015-06-04 17:00:00,Montrose Beach,1433437200.0,12.2,7.04,0.112,8.0,MontroseBeach201506041700,0,12.2,7.04,0.112,8.0
2015-06-04 18:00:00,Montrose Beach,1433440800.0,12.7,6.9,0.141,7.0,MontroseBeach201506041800,0,12.7,6.9,0.141,7.0
2015-06-04 19:00:00,Montrose Beach,1433444400.0,12.3,,0.109,6.0,MontroseBeach201506041900,0,12.3,7.09,0.109,6.0
2015-06-04 20:00:00,Montrose Beach,1433448000.0,,,0.102,,MontroseBeach201506042000,0,11.8,6.68,0.102,5.0
2015-06-04 21:00:00,Montrose Beach,1433451600.0,11.6,,0.095,7.0,MontroseBeach201506042100,0,11.6,6.63,0.095,7.0
2015-06-04 22:00:00,Montrose Beach,1433455200.0,11.6,6.21,0.089,4.0,MontroseBeach201506042200,0,11.6,6.21,0.089,4.0
2015-06-04 23:00:00,Montrose Beach,1433458800.0,,6.32,0.082,,MontroseBeach201506042300,0,11.7,6.32,0.082,10.0
2015-06-05 00:00:00,Montrose Beach,1433462400.0,11.5,5.99,0.084,7.0,MontroseBeach201506052400,0,11.5,5.99,0.084,7.0
2015-06-05 01:00:00,Montrose Beach,1433466000.0,11.3,,,6.0,MontroseBeach201506050100,0,11.3,6.25,0.125,6.0
2015-06-05 02:00:00,Montrose Beach,1433469600.0,11.3,6.29,0.16,5.0,MontroseBeach201506050200,0,11.3,6.29,0.16,5.0
2015-06-05 03:00:00,Montrose Beach,1433473200.0,11.4,6.56,0.197,2.0,MontroseBeach201506050300,0,11.4,6.56,0.197,2.0
2015-06-05 04:00:00,Montrose Beach,1433476800.0,11.4,6.54,0.187,2.0,MontroseBeach201506050400,0,11.4,6.54,0.187,2.0
2015-06-05 05:00:00,Montrose Beach,1433480400.0,11.5,,0.261,2.0,MontroseBeach201506050500,0,11.5,6.72,0.261,2.0
2015-06-05 06:00:00,Montrose Beach,1433484000.0,11.7,8.9,0.303,3.0,MontroseBeach201506050600,0,11.7,8.9,0.303,3.0
2015-06-05 07:00:00,Montrose Beach,1433487600.0,11.5,9.36,,3.0,MontroseBeach201506050700,0,11.5,9.36,0.33,3.0
2015-06-05 08:00:00,Montrose Beach,1433491200.0,11.7,,0.324,,MontroseBeach201506050800,0,11.7,12.47,0.324,3.0
2015-06-05 09:00:00,Montrose Beach,1433494800.0,11.7,,0.343,3.0,MontroseBeach201506050900,0,11.7,13.24,0.343,3.0
2015-06-05 10:00:00,Montrose Beach,,,,,,,1,,,,
2015-06-05 11:00:00,Montrose Beach,1433502000.0,11.7,15.56,,3.0,MontroseBeach201506051100,0,11.7,15.56,0.345,3.0
2015-06-05 12:00:00,Montrose Beach,1433505600.0,,12.71,0.397,4.0,MontroseBeach201506051200,0,11.7,12.71,0.397,4.0
2015-06-05 13:00:00,Montrose Beach,1433509200.0,11.9,,,,MontroseBeach201506051300,0,11.9,15.22,0.391,4.0
2015-06-05 14:00:00,Montrose Beach,,,,,,,1,,,,
2015-06-05 15:00:00,Montrose Beach,1433516400.0,12.1,19.38,0.428,3.0,MontroseBeach201506051500,0,12.1,19.38,0.428,3.0
2015-06-05 16:00:00,Montrose Beach,1433520000.0,11.9,12.99,0.485,,MontroseBeach201506051600,0,11.9,12.99,0.485,4.0
2015-06-05 17:00:00,Montrose Beach,1433523600.0,12.0,15.27,,4.0,MontroseBeach201506051700,0,12.0,15.27,0.469,4.0
2015-06-05 18:00:00,Montrose Beach,1433527200.0,11.9,16.83,0.484,5.0,MontroseBeach201506051800,0,11.9,16.83,0.484,5.0
2015-06-05 19:00:00,Montrose Beach,1433530800.0,12.0,,,5.0,MontroseBeach201506051900,0,12.0,23.07,0.51,5.0
2015-06-05 20:00:00,Montrose Beach,1433534400.0,11.9,18.4,0.523,5.0,MontroseBeach201506052000,0,11.9,18.4,0.523,5.0
2015-06-05 21:00:00,Montrose Beach,1433538000.0,12.0,23.61,0.497,6.0,MontroseBeach201506052100,0,12.0,23.61,0.497,6.0
2015-06-05 22:00:00,Montrose Beach,1433541600.0,12.0,,0.512,5.0,MontroseBeach201506052200,0,12.0,22.39,0.512,5.0
2015-06-05 23:00:00,Montrose Beach,1433545200.0,11.8,18.85,0.503,6.0,MontroseBeach201506052300,0,11.8,18.85,0.503,6.0
2015-06-06 00:00:00,Montrose Beach,1433548800.0,,,0.508,6.0,MontroseBeach201506062400,0,11.7,19.05,0.508,6.0
2015-06-06 01:00:00,Montrose Beach,1433552400.0,11.7,18.12,0.493,5.0,MontroseBeach201506060100,0,11.7,18.12,0.493,5.0
2015-06-06 02:00:00,Montrose Beach,1433556000.0,,16.38,0.481,6.0,MontroseBeach201506060200,0,11.6,16.38,0.481,6.0
2015-06-06 03:00:00,Montrose Beach,1433559600.0,11.4,13.8,0.447,6.0,MontroseBeach201506060300,0,11.4,13.8,0.447,6.0
2015-06-06 04:00:00,Montrose Beach,1433563200.0,11.2,12.21,0.46,,MontroseBeach201506060400,0,11.2,12.21,0.46,6.0
2015-06-06 05:00:00,Montrose Beach,1433566800.0,11.4,14.0,0.43,5.0,MontroseBeach201506060500,0,11.4,14.0,0.43,5.0
2015-06-06 06:00:00,Montrose Beach,1433570400.0,11.3,12.81,0.435,,MontroseBeach201506060600,0,11.3,12.81,0.435,6.0
2015-06-06 07:00:00,Montrose Beach,1433574000.0,,14.87,,5.0,MontroseBeach201506060700,0,11.3,14.87,0.408,5.0
2015-06-06 08:00:00,Montrose Beach,1433577600.0,11.4,13.53,0.378,6.0,MontroseBeach201506060800,0,11.4,13.53,0.378,6.0
2015-06-06 09:00:00,Montrose Beach,1433581200.0,11.5,11.35,0.344,5.0,MontroseBeach201506060900,0,11.5,11.35,0.344,5.0
2015-06-06 10:00:00,Montrose Beach,1433584800.0,11.6,11.47,0.35,5.0,MontroseBeach201506061000,0,11.6,11.47,0.35,5.0
2015-06-06 11:00:00,Montrose Beach,1433588400.0,11.9,11.44,,5.0,MontroseBeach201506061100,0,11.9,11.44,0.344,5.0
2015-06-06 12:00:00,Montrose Beach,1433592000.0,12.2,12.97,0.352,,MontroseBeach201506061200,0,12.2,12.97,0.352,5.0
2015-06-06 13:00:00,Montrose Beach,1433595600.0,12.3,11.82,0.363,5.0,MontroseBeach201506061300,0,12.3,11.82,0.363,5.0
2015-06-06 14:00:00,Montrose Beach,1433599200.0,12.6,12.09,0.34,5.0,MontroseBeach201506061400,0,12.6,12.09,0.34,5.0
2015-06-06 15:00:00,Montrose Beach,1433602800.0,12.8,14.05,0.315,4.0,MontroseBeach201506061500,0,12.8,14.05,0.315,4.0
2015-06-06 16:00:00,Montrose Beach,1433606400.0,12.9,,0.328,,MontroseBeach201506061600,0,12.9,13.57,0.328,4.0
2015-06-06 17:00:00,Montrose Beach,1433610000.0,13.0,12.35,,,MontroseBeach201506061700,0,13.0,12.35,0.306,4.0
2015-06-06 18:00:00,Montrose Beach,1433613600.0,13.0,11.18,0.298,4.0,MontroseBeach201506061800,0,13.0,11.18,0.298,4.0
2015-06-06 19:00:00,Montrose Beach,1433617200.0,13.0,12.66,0.272,4.0,MontroseBeach201506061900,0,13.0,12.66,0.272,4.0
2015-06-06 20:00:00,Montrose Beach,1433620800.0,12.9,11.86,0.27,4.0,MontroseBeach201506062000,0,12.9,11.86,0.27,4.0
2015-06-06 21:00:00,Montrose Beach,1433624400.0,12.9,10.49,0.256,4.0,MontroseBeach201506062100,0,12.9,10.49,0.256,4.0
2015-06-06 22:00:00,Montrose Beach,1433628000.0,12.8,9.75,0.242,4.0,MontroseBeach201506062200,0,12.8,9.75,0.242,4.0
2015-06-06 23:00:00,Montrose Beach,1433631600.0,12.6,,0.23,4.0,MontroseBeach201506062300,0,12.6,9.18,0.23,4.0
2015-06-07 00:00:00,Montrose Beach,1433635200.0,12.7,,0.217,4.0,MontroseBeach201506072400,0,12.7,9.03,0.217,4.0
2015-06-07 01:00:00,Montrose Beach,,,,,,,1,,,,
2015-06-07 02:00:00,Montrose Beach,1433642400.0,12.6,7.94,0.221,4.0,MontroseBeach201506070200,0,12.6,7.94,0.221,4.0
2015-06-07 03:00:00,Montrose Beach,1433646000.0,12.6,8.35,0.201,4.0,MontroseBeach201506070300,0,12.6,8.35,0.201,4.0
2015-06-07 04:00:00,Montrose Beach,1433649600.0,12.7,8.6,0.189,4.0,MontroseBeach201506070400,0,12.7,8.6,0.189,4.0
2015-06-07 05:00:00,Montrose Beach,1433653200.0,12.4,8.11,0.188,,MontroseBeach201506070500,0,12.4,8.11,0.188,3.0
2015-06-07 06:00:00,Montrose Beach,1433656800.0,12.1,5.94,,4.0,MontroseBeach201506070600,0,12.1,5.94,0.186,4.0
2015-06-07 07:00:00,Montrose Beach,1433660400.0,12.1,4.15,0.174,4.0,MontroseBeach201506070700,0,12.1,4.15,0.174,4.0
2015-06-07 08:00:00,Montrose Beach,1433664000.0,12.2,4.16,0.147,3.0,MontroseBeach201506070800,0,12.2,4.16,0.147,3.0
2015-06-07 09:00:00,Montrose Beach,1433667600.0,12.3,4.14,0.133,3.0,MontroseBeach201506070900,0,12.3,4.14,0.133,3.0
2015-06-07 10:00:00,Montrose Beach,1433671200.0,12.5,,0.128,4.0,MontroseBeach201506071000,0,12.5,4.39,0.128,4.0
2015-06-07 11:00:00,Montrose Beach,1433674800.0,,5.41,0.131,4.0,MontroseBeach201506071100,0,12.9,5.41,0.131,4.0
2015-06-07 12:00:00,Montrose Beach,1433678400.0,13.1,4.74,0.127,3.0,MontroseBeach201506071200,0,13.1,4.74,0.127,3.0
2015-06-07 13:00:00,Montrose Beach,1433682000.0,13.2,5.3,0.129,3.0,MontroseBeach201506071300,0,13.2,5.3,0.129,3.0
2015-06-07 14:00:00,Montrose Beach,1433685600.0,13.5,,0.129,,MontroseBeach201506071400,0,13.5,4.96,0.129,4.0
2015-06-07 15:00:00,Montrose Beach,1433689200.0,,7.24,0.113,,MontroseBeach201506071500,0,14.5,7.24,0.113,4.0
2015-06-07 16:00:00,Montrose Beach,1433692800.0,14.2,,,5.0,MontroseBeach201506071600,0,14.2,5.69,0.12,5.0
2015-06-07 17:00:00,Montrose Beach,1433696400.0,14.0,5.26,0.133,4.0,MontroseBeach201506071700,0,14.0,5.26,0.133,4.0
2015-06-07 18:00:00,Montrose Beach,1433700000.0,14.0,5.25,0.113,7.0,MontroseBeach201506071800,0,14.0,5.25,0.113,7.0
2015-06-07 19:00:00,Montrose Beach,1433703600.0,14.2,5.38,0.119,6.0,MontroseBeach201506071900,0,14.2,5.38,0.119,6.0
2015-06-07 20:00:00,Montrose Beach,1433707200.0,14.0,5.08,,,MontroseBeach201506072000,0,14.0,5.08,0.126,3.0
2015-06-07 21:00:00,Montrose Beach,1433710800.0,14.0,5.12,0.137,3.0,MontroseBeach201506072100,0,14.0,5.12,0.137,3.0
2015-06-07 22:00:00,Montrose Beach,1433714400.0,13.9,4.87,0.14,,MontroseBeach201506072200,0,13.9,4.87,0.14,4.0
2015-06-07 23:00:00,Montrose Beach,1433718000.0,13.9,4.8,0.125,4.0,MontroseBeach201506072300,0,13.9,4.8,0.125,4.0
2015-06-08 00:00:00,Montrose Beach,1433721600.0,13.8,4.41,0.123,8.0,MontroseBeach201506082400,0,13.8,4.41,0.123,8.0
2015-06-08 01:00:00,Montrose Beach,1433725200.0,13.7,4.45,0.124,7.0,MontroseBeach201506080100,0,13.7,4.45,0.124,7.0
2015-06-08 02:00:00,Montrose Beach,1433728800.0,13.7,4.16,0.105,6.0,MontroseBeach201506080200,0,13.7,4.16,0.105,6.0
2015-06-08 03:00:00,Montrose Beach,1433732400.0,13.6,4.22,0.1,5.0,MontroseBeach201506080300,0,13.6,4.22,0.1,5.0
2015-06-08 04:00:00,Montrose Beach,1433736000.0,13.5,4.02,0.092,5.0,MontroseBeach201506080400,0,13.5,4.02,0.092,5.0
2015-06-08 05:00:00,Montrose Beach,1433739600.0,13.6,3.98,0.099,5.0,MontroseBeach201506080500,0,13.6,3.98,0.099,5.0
2015-06-08 06:00:00,Montrose Beach,1433743200.0,13.7,3.72,0.088,6.0,MontroseBeach201506080600,0,13.7,3.72,0.088,6.0
2015-06-08 07:00:00,Montrose Beach,1433746800.0,,3.93,0.097,6.0,MontroseBeach201506080700,0,13.7,3.93,0.097,6.0
2015-06-08 08:00:00,Montrose Beach,1433750400.0,13.7,3.43,0.095,4.0,MontroseBeach201506080800,0,13.7,3.43,0.095,4.0
2015-06-08 09:00:00,Montrose Beach,1433754000.0,14.0,3.64,0.093,6.0,MontroseBeach201506080900,0,14.0,3.64,0.093,6.0
2015-06-08 10:00:00,Montrose Beach,1433757600.0,14.2,3.83,0.091,4.0,MontroseBeach201506081000,0,14.2,3.83,0.091,4.0
2015-06-08 11:00:00,Montrose Beach,1433761200.0,14.5,3.64,0.092,8.0,MontroseBeach201506081100,0,14.5,3.64,0.092,8.0
2015-06-08 12:00:00,Montrose Beach,1433764800.0,14.8,3.51,0.089,10.0,MontroseBeach201506081200,0,14.8,3.51,0.089,10.0
2015-06-08 13:00:00,Montrose Beach,1433768400.0,14.9,3.42,0.087,5.0,MontroseBeach201506081300,0,14.9,3.42,0.087,5.0
2015-06-08 14:00:00,Montrose Beach,1433772000.0,14.9,,0.108,,MontroseBeach201506081400,0,14.9,3.51,0.108,3.0
2015-06-08 15:00:00,Montrose Beach,1433775600.0,15.0,,,10.0,MontroseBeach201506081500,0,15.0,3.38,0.108,10.0
2015-06-08 16:00:00,Montrose Beach,1433779200.0,14.8,3.49,0.187,,MontroseBeach201506081600,0,14.8,3.49,0.187,2.0
2015-06-08 17:00:00,Montrose Beach,1433782800.0,,4.24,0.184,3.0,MontroseBeach201506081700,0,14.6,4.24,0.184,3.0
2015-06-08 18:00:00,Montrose Beach,1433786400.0,14.5,,0.193,3.0,MontroseBeach201506081800,0,14.5,3.75,0.193,3.0
2015-06-08 19:00:00,Montrose Beach,1433790000.0,14.6,3.74,,3.0,MontroseBeach201506081900,0,14.6,3.74,0.196,3.0
2015-06-08 20:00:00,Montrose Beach,1433793600.0,14.5,4.03,0.228,3.0,MontroseBeach201506082000,0,14.5,4.03,0.228,3.0
2015-06-08 21:00:00,Montrose Beach,1433797200.0,14.4,3.25,0.224,3.0,MontroseBeach201506082100,0,14.4,3.25,0.224,3.0
2015-06-08 22:00:00,Montrose Beach,1433800800.0,14.3,,0.19,3.0,MontroseBeach201506082200,0,14.3,2.94,0.19,3.0
2015-06-08 23:00:00,Montrose Beach,1433804400.0,14.3,3.29,0.207,,MontroseBeach201506082300,0,14.3,3.29,0.207,3.0
2015-06-09 00:00:00,Montrose Beach,1433808000.0,14.3,3.67,0.186,3.0,MontroseBeach201506092400,0,14.3,3.67,0.186,3.0
2015-06-09 01:00:00,Montrose Beach,1433811600.0,14.2,3.08,0.169,6.0,MontroseBeach201506090100,0,14.2,3.08,0.169,6.0
2015-06-09 02:00:00,Montrose Beach,1433815200.0,14.1,2.94,0.174,3.0,MontroseBeach201506090200,0,14.1,2.94,0.174,3.0
2015-06-09 03:00:00,Montrose Beach,1433818800.0,14.1,,0.165,3.0,MontroseBeach201506090300,0,14.1,2.91,0.165,3.0
2015-06-09 04:00:00,Montrose Beach,1433822400.0,14.0,2.66,0.152,3.0,MontroseBeach201506090400,0,14.0,2.66,0.152,3.0
2015-06-09 05:00:00,Montrose Beach,1433826000.0,,2.44,0.129,3.0,MontroseBeach201506090500,0,13.9,2.44,0.129,3.0
2015-06-09 06:00:00,Montrose Beach,1433829600.0,13.9,2.22,0.123,,MontroseBeach201506090600,0,13.9,2.22,0.123,4.0
2015-06-09 07:00:00,Montrose Beach,1433833200.0,13.9,2.09,0.122,4.0,MontroseBeach201506090700,0,13.9,2.09,0.122,4.0
2015-06-09 08:00:00,Montrose Beach,1433836800.0,13.9,2.25,0.125,4.0,MontroseBeach201506090800,0,13.9,2.25,0.125,4.0
2015-06-09 09:00:00,Montrose Beach,1433840400.0,14.0,2.16,0.114,3.0,MontroseBeach201506090900,0,14.0,2.16,0.114,3.0
2015-06-09 10:00:00,Montrose Beach,1433844000.0,14.2,,,3.0,MontroseBeach201506091000,0,14.2,2.08,0.113,3.0
2015-06-09 11:00:00,Montrose Beach,1433847600.0,14.5,,0.104,,MontroseBeach201506091100,0,14.5,2.17,0.104,4.0
2015-06-09 12:00:00,Montrose Beach,1433851200.0,14.8,2.07,0.102,4.0,MontroseBeach201506091200,0,14.8,2.07,0.102,4.0
2015-06-09 13:00:00,Montrose Beach,1433854800.0,15.4,2.04,0.108,4.0,MontroseBeach201506091300,0,15.4,2.04,0.108,4.0
2015-06-09 14:00:00,Montrose Beach,1433858400.0,15.4,2.05,0.117,,MontroseBeach201506091400,0,15.4,2.05,0.117,3.0
2015-06-09 15:00:00,Montrose Beach,1433862000.0,16.2,,0.094,3.0,MontroseBeach201506091500,0,16.2,2.05,0.094,3.0
2015-06-09 16:00:00,Montrose Beach,1433865600.0,16.3,2.09,0.126,4.0,MontroseBeach201506091600,0,16.3,2.09,0.126,4.0
2015-06-09 17:00:00,Montrose Beach,1433869200.0,16.4,2.28,,8.0,MontroseBeach201506091700,0,16.4,2.28,0.112,8.0
2015-06-09 18:00:00,Montrose Beach,1433872800.0,,2.2,0.128,,MontroseBeach201506091800,0,15.8,2.2,0.128,7.0
2015-06-09 19:00:00,Montrose Beach,1433876400.0,15.6,2.08,0.117,6.0,MontroseBeach201506091900,0,15.6,2.08,0.117,6.0
2015-06-09 20:00:00,Montrose Beach,1433880000.0,,,0.121,4.0,MontroseBeach201506092000,0,15.2,2.08,0.121,4.0
2015-06-09 21:00:00,Montrose Beach,1433883600.0,15.1,2.18,0.091,4.0,MontroseBeach201506092100,0,15.1,2.18,0.091,4.0
2015-06-09 22:00:00,Montrose Beach,1433887200.0,,1.97,0.086,9.0,MontroseBeach201506092200,0,14.6,1.97,0.086,9.0
2015-06-09 23:00:00,Montrose Beach,1433890800.0,,1.82,0.079,4.0,MontroseBeach201506092300,0,14.4,1.82,0.079,4.0
2015-06-10 00:00:00,Montrose Beach,1433894400.0,,1.76,0.089,8.0,MontroseBeach201506102400,0,14.4,1.76,0.089,8.0
2015-06-10 01:00:00,Montrose Beach,1433898000.0,14.5,,0.086,6.0,MontroseBeach201506100100,0,14.5,1.76,0.086,6.0
2015-06-10 02:00:00,Montrose Beach,1433901600.0,14.5,1.82,0.075,5.0,MontroseBeach201506100200,0,14.5,1.82,0.075,5.0
2015-06-10 03:00:00,Montrose Beach,1433905200.0,14.4,1.69,0.077,5.0,MontroseBeach201506100300,0,14.4,1.69,0.077,5.0
2015-06-10 04:00:00,Montrose Beach,1433908800.0,14.3,1.51,0.072,6.0,MontroseBeach201506100400,0,14.3,1.51,0.072,6.0
2015-06-10 05:00:00,Montrose Beach,1433912400.0,14.2,1.43,0.078,5.0,MontroseBeach201506100500,0,14.2,1.43,0.078,5.0
2015-06-10 06:00:00,Montrose Beach,1433916000.0,14.2,1.22,0.087,5.0,MontroseBeach201506100600,0,14.2,1.22,0.087,5.0
2015-06-10 07:00:00,Montrose Beach,1433919600.0,14.3,1.21,0.085,,MontroseBeach201506100700,0,14.3,1.21,0.085,3.0
2015-06-10 08:00:00,Montrose Beach,1433923200.0,14.4,,0.086,3.0,MontroseBeach201506100800,0,14.4,1.3,0.086,3.0
2015-06-10 09:00:00,Montrose Beach,1433926800.0,,1.48,0.09,3.0,MontroseBeach201506100900,0,14.8,1.48,0.09,3.0
2015-06-10 10:00:00,Montrose Beach,1433930400.0,15.0,1.29,0.093,8.0,MontroseBeach201506101000,0,15.0,1.29,0.093,8.0
2015-06-10 11:00:00,Montrose Beach,1433934000.0,15.2,1.18,0.094,,MontroseBeach201506101100,0,15.2,1.18,0.094,3.0
2015-06-10 12:00:00,Montrose Beach,1433937600.0,15.4,1.22,0.131,4.0,MontroseBeach201506101200,0,15.4,1.22,0.131,4.0
2015-06-10 13:00:00,Montrose Beach,1433941200.0,15.8,,0.117,,MontroseBeach201506101300,0,15.8,1.3,0.117,4.0
2015-06-10 14:00:00,Montrose Beach,1433944800.0,16.2,1.17,0.117,4.0,MontroseBeach201506101400,0,16.2,1.17,0.117,4.0
2015-06-10 15:00:00,Montrose Beach,1433948400.0,16.3,1.06,0.138,3.0,MontroseBeach201506101500,0,16.3,1.06,0.138,3.0
2015-06-10 16:00:00,Montrose Beach,1433952000.0,18.3,,0.139,9.0,MontroseBeach201506101600,0,18.3,1.58,0.139,9.0
2015-06-10 17:00:00,Montrose Beach,1433955600.0,,,0.143,8.0,MontroseBeach201506101700,0,20.5,2.09,0.143,8.0
2015-06-10 18:00:00,Montrose Beach,1433959200.0,18.2,1.38,0.156,7.0,MontroseBeach201506101800,0,18.2,1.38,0.156,7.0
2015-06-10 19:00:00,Montrose Beach,1433962800.0,18.4,1.32,,2.0,MontroseBeach201506101900,0,18.4,1.32,0.167,2.0
2015-06-10 20:00:00,Montrose Beach,1433966400.0,,1.5,0.159,3.0,MontroseBeach201506102000,0,18.8,1.5,0.159,3.0
2015-06-10 21:00:00,Montrose Beach,1433970000.0,18.6,1.47,0.129,4.0,MontroseBeach201506102100,0,18.6,1.47,0.129,4.0
2015-06-10 22:00:00,Montrose Beach,1433973600.0,17.5,1.42,0.127,10.0,MontroseBeach201506102200,0,17.5,1.42,0.127,10.0
2015-06-10 23:00:00,Montrose Beach,1433977200.0,,,0.123,4.0,MontroseBeach201506102300,0,17.5,1.63,0.123,4.0
2015-06-11 00:00:00,Montrose Beach,1433980800.0,17.5,1.31,0.121,3.0,MontroseBeach201506112400,0,17.5,1.31,0.121,3.0
2015-06-11 01:00:00,Montrose Beach,1433984400.0,,1.35,0.12,6.0,MontroseBeach201506110100,0,17.2,1.35,0.12,6.0
2015-06-11 02:00:00,Montrose Beach,1433988000.0,17.2,1.43,0.118,5.0,MontroseBeach201506110200,0,17.2,1.43,0.118,5.0
2015-06-11 03:00:00,Montrose Beach,1433991600.0,17.3,1.22,0.112,5.0,MontroseBeach201506110300,0,17.3,1.22,0.112,5.0
2015-06-11 04:00:00,Montrose Beach,1433995200.0,,1.0,0.116,3.0,MontroseBeach201506110400,0,16.9,1.0,0.116,3.0
2015-06-11 05:00:00,Montrose Beach,1433998800.0,16.7,0.99,,2.0,MontroseBeach201506110500,0,16.7,0.99,0.163,2.0
2015-06-11 06:00:00,Montrose Beach,1434002400.0,16.6,,,4.0,MontroseBeach201506110600,0,16.6,0.99,0.129,4.0
2015-06-11 07:00:00,Montrose Beach,1434006000.0,16.6,0.91,,3.0,MontroseBeach201506110700,0,16.6,0.91,0.126,3.0
2015-06-11 08:00:00,Montrose Beach,1434009600.0,,0.97,0.187,2.0,MontroseBeach201506110800,0,16.7,0.97,0.187,2.0
2015-06-11 09:00:00,Montrose Beach,,,,,,,1,,,,
2015-06-11 10:00:00,Montrose Beach,,,,,,,1,,,,
2015-06-11 11:00:00,Montrose Beach,,,,,,,1,,,,
2015-06-11 12:00:00,Montrose Beach,1434024000.0,16.8,1.54,0.255,2.0,MontroseBeach201506111200,0,16.8,1.54,0.255,2.0
2015-06-11 13:00:00,Montrose Beach,1434027600.0,17.0,1.8,0.248,3.0,MontroseBeach201506111300,0,17.0,1.8,0.248,3.0
2015-06-11 14:00:00,Montrose Beach,1434031200.0,16.7,1.75,,2.0,MontroseBeach201506111400,0,16.7,1.75,0.194,2.0
2015-06-11 15:00:00,Montrose Beach,1434034800.0,,1.72,0.323,3.0,MontroseBeach201506111500,0,16.6,1.72,0.323,3.0
2015-06-11 16:00:00,Montrose Beach,1434038400.0,16.4,1.84,,3.0,MontroseBeach201506111600,0,16.4,1.84,0.342,3.0
2015-06-11 17:00:00,Montrose Beach,1434042000.0,16.4,,0.361,3.0,MontroseBeach201506111700,0,16.4,2.65,0.361,3.0
2015-06-11 18:00:00,Montrose Beach,1434045600.0,16.5,3.94,0.41,,MontroseBeach201506111800,0,16.5,3.94,0.41,4.0
2015-06-11 19:00:00,Montrose Beach,1434049200.0,16.1,,0.394,4.0,MontroseBeach201506111900,0,16.1,2.71,0.394,4.0
2015-06-11 20:00:00,Montrose Beach,1434052800.0,,2.24,0.379,4.0,MontroseBeach201506112000,0,16.1,2.24,0.379,4.0
2015-06-11 21:00:00,Montrose Beach,1434056400.0,16.1,,,4.0,MontroseBeach201506112100,0,16.1,2.27,0.365,4.0
2015-06-11 22:00:00,Montrose Beach,1434060000.0,16.0,2.84,0.377,4.0,MontroseBeach201506112200,0,16.0,2.84,0.377,4.0
2015-06-11 23:00:00,Montrose Beach,1434063600.0,,3.27,0.358,,MontroseBeach201506112300,0,15.9,3.27,0.358,4.0
2015-06-12 00:00:00,Montrose Beach,1434067200.0,15.8,,0.348,4.0,MontroseBeach201506122400,0,15.8,2.3,0.348,4.0
2015-06-12 01:00:00,Montrose Beach,1434070800.0,15.9,2.35,0.311,4.0,MontroseBeach201506120100,0,15.9,2.35,0.311,4.0
2015-06-12 02:00:00,Montrose Beach,1434074400.0,15.9,2.47,0.303,4.0,MontroseBeach201506120200,0,15.9,2.47,0.303,4.0
2015-06-12 03:00:00,Montrose Beach,1434078000.0,15.8,2.69,0.305,4.0,MontroseBeach201506120300,0,15.8,2.69,0.305,4.0
2015-06-12 04:00:00,Montrose Beach,1434081600.0,15.8,2.54,,3.0,MontroseBeach201506120400,0,15.8,2.54,0.316,3.0
2015-06-12 05:00:00,Montrose Beach,1434085200.0,15.8,2.68,0.289,5.0,MontroseBeach201506120500,0,15.8,2.68,0.289,5.0
2015-06-12 06:00:00,Montrose Beach,1434088800.0,15.8,1.96,0.283,4.0,MontroseBeach201506120600,0,15.8,1.96,0.283,4.0
2015-06-12 07:00:00,Montrose Beach,1434092400.0,15.9,1.99,0.278,5.0,MontroseBeach201506120700,0,15.9,1.99,0.278,5.0
2015-06-12 08:00:00,Montrose Beach,1434096000.0,16.0,,0.276,5.0,MontroseBeach201506120800,0,16.0,2.06,0.276,5.0
2015-06-12 09:00:00,Montrose Beach,1434099600.0,16.0,2.41,,5.0,MontroseBeach201506120900,0,16.0,2.41,0.287,5.0
2015-06-12 10:00:00,Montrose Beach,1434103200.0,16.1,2.2,0.251,4.0,MontroseBeach201506121000,0,16.1,2.2,0.251,4.0
2015-06-12 11:00:00,Montrose Beach,1434106800.0,,2.85,0.323,,MontroseBeach201506121100,0,16.0,2.85,0.323,3.0
2015-06-12 12:00:00,Montrose Beach,1434110400.0,16.0,,0.358,5.0,MontroseBeach201506121200,0,16.0,2.93,0.358,5.0
2015-06-12 13:00:00,Montrose Beach,1434114000.0,16.0,3.44,0.368,3.0,MontroseBeach201506121300,0,16.0,3.44,0.368,3.0
2015-06-12 14:00:00,Montrose Beach,1434117600.0,16.0,4.67,0.383,5.0,MontroseBeach201506121400,0,16.0,4.67,0.383,5.0
2015-06-12 15:00:00,Montrose Beach,1434121200.0,15.8,6.52,0.358,3.0,MontroseBeach201506121500,0,15.8,6.52,0.358,3.0
2015-06-12 16:00:00,Montrose Beach,1434124800.0,15.6,5.87,0.393,4.0,MontroseBeach201506121600,0,15.6,5.87,0.393,4.0
2015-06-12 17:00:00,Montrose Beach,1434128400.0,15.6,5.26,0.366,3.0,MontroseBeach201506121700,0,15.6,5.26,0.366,3.0
2015-06-12 18:00:00,Montrose Beach,1434132000.0,15.4,5.39,0.369,4.0,MontroseBeach201506121800,0,15.4,5.39,0.369,4.0
2015-06-12 19:00:00,Montrose Beach,1434135600.0,15.4,5.75,,4.0,MontroseBeach201506121900,0,15.4,5.75,0.349,4.0
2015-06-12 20:00:00,Montrose Beach,1434139200.0,15.4,5.9,0.369,5.0,MontroseBeach201506122000,0,15.4,5.9,0.369,5.0
2015-06-12 21:00:00,Montrose Beach,1434142800.0,,5.23,0.371,,MontroseBeach201506122100,0,15.1,5.23,0.371,5.0
2015-06-12 22:00:00,Montrose Beach,1434146400.0,15.2,6.03,,5.0,MontroseBeach201506122200,0,15.2,6.03,0.364,5.0
2015-06-12 23:00:00,Montrose Beach,1434150000.0,14.8,4.09,0.338,5.0,MontroseBeach201506122300,0,14.8,4.09,0.338,5.0
2015-06-13 00:00:00,Montrose Beach,1434153600.0,15.0,5.11,0.323,3.0,MontroseBeach201506132400,0,15.0,5.11,0.323,3.0
2015-06-13 01:00:00,Montrose Beach,1434157200.0,14.9,4.54,0.284,,MontroseBeach201506130100,0,14.9,4.54,0.284,3.0
2015-06-13 02:00:00,Montrose Beach,1434160800.0,14.8,,0.284,5.0,MontroseBeach201506130200,0,14.8,5.4,0.284,5.0
2015-06-13 03:00:00,Montrose Beach,1434164400.0,14.7,,0.293,4.0,MontroseBeach201506130300,0,14.7,3.74,0.293,4.0
2015-06-13 04:00:00,Montrose Beach,1434168000.0,,3.63,0.283,,MontroseBeach201506130400,0,14.7,3.63,0.283,4.0
2015-06-13 05:00:00,Montrose Beach,1434171600.0,,,0.244,4.0,MontroseBeach201506130500,0,14.7,2.61,0.244,4.0
2015-06-13 06:00:00,Montrose Beach,1434175200.0,14.8,3.47,0.242,4.0,MontroseBeach201506130600,0,14.8,3.47,0.242,4.0
2015-06-13 07:00:00,Montrose Beach,1434178800.0,14.8,2.89,0.24,,MontroseBeach201506130700,0,14.8,2.89,0.24,4.0
2015-06-13 08:00:00,Montrose Beach,1434182400.0,14.8,3.89,0.229,3.0,MontroseBeach201506130800,0,14.8,3.89,0.229,3.0
2015-06-13 09:00:00,Montrose Beach,1434186000.0,15.1,3.57,0.231,4.0,MontroseBeach201506130900,0,15.1,3.57,0.231,4.0
2015-06-13 10:00:00,Montrose Beach,1434189600.0,15.1,2.74,0.213,,MontroseBeach201506131000,0,15.1,2.74,0.213,5.0
2015-06-13 11:00:00,Montrose Beach,1434193200.0,16.1,4.34,0.223,5.0,MontroseBeach201506131100,0,16.1,4.34,0.223,5.0
2015-06-13 12:00:00,Montrose Beach,1434196800.0,15.5,2.74,0.211,4.0,MontroseBeach201506131200,0,15.5,2.74,0.211,4.0
2015-06-13 13:00:00,Montrose Beach,1434200400.0,,2.52,0.199,4.0,MontroseBeach201506131300,0,15.8,2.52,0.199,4.0
2015-06-13 14:00:00,Montrose Beach,1434204000.0,15.8,2.09,,4.0,MontroseBeach201506131400,0,15.8,2.09,0.201,4.0
2015-06-13 15:00:00,Montrose Beach,1434207600.0,16.2,1.79,,4.0,MontroseBeach201506131500,0,16.2,1.79,0.199,4.0
2015-06-13 16:00:00,Montrose Beach,1434211200.0,15.8,1.73,0.206,4.0,MontroseBeach201506131600,0,15.8,1.73,0.206,4.0
2015-06-13 17:00:00,Montrose Beach,1434214800.0,16.0,2.98,,4.0,MontroseBeach201506131700,0,16.0,2.98,0.254,4.0
2015-06-13 18:00:00,Montrose Beach,1434218400.0,16.1,3.18,,4.0,MontroseBeach201506131800,0,16.1,3.18,0.263,4.0
2015-06-13 19:00:00,Montrose Beach,1434222000.0,16.3,3.02,0.232,3.0,MontroseBeach201506131900,0,16.3,3.02,0.232,3.0
2015-06-13 20:00:00,Montrose Beach,1434225600.0,16.4,2.98,,3.0,MontroseBeach201506132000,0,16.4,2.98,0.222,3.0
2015-06-13 21:00:00,Montrose Beach,1434229200.0,,2.8,0.192,4.0,MontroseBeach201506132100,0,16.4,2.8,0.192,4.0
2015-06-13 22:00:00,Montrose Beach,1434232800.0,16.4,2.53,,3.0,MontroseBeach201506132200,0,16.4,2.53,0.174,3.0
2015-06-13 23:00:00,Montrose Beach,1434236400.0,16.3,2.63,0.174,,MontroseBeach201506132300,0,16.3,2.63,0.174,3.0
2015-06-14 00:00:00,Montrose Beach,1434240000.0,16.3,2.52,0.159,4.0,MontroseBeach201506142400,0,16.3,2.52,0.159,4.0
2015-06-14 01:00:00,Montrose Beach,,,,,,,1,,,,
2015-06-14 02:00:00,Montrose Beach,1434247200.0,16.6,2.01,0.147,,MontroseBeach201506140200,0,16.6,2.01,0.147,3.0
2015-06-14 03:00:00,Montrose Beach,1434250800.0,,1.96,,,MontroseBeach201506140300,0,16.0,1.96,0.128,3.0
2015-06-14 04:00:00,Montrose Beach,1434254400.0,,2.11,0.129,3.0,MontroseBeach201506140400,0,16.2,2.11,0.129,3.0
2015-06-14 05:00:00,Montrose Beach,1434258000.0,16.2,3.12,0.132,3.0,MontroseBeach201506140500,0,16.2,3.12,0.132,3.0
2015-06-14 06:00:00,Montrose Beach,1434261600.0,15.6,2.16,0.116,4.0,MontroseBeach201506140600,0,15.6,2.16,0.116,4.0
2015-06-14 07:00:00,Montrose Beach,1434265200.0,,2.35,0.107,4.0,MontroseBeach201506140700,0,15.8,2.35,0.107,4.0
2015-06-14 08:00:00,Montrose Beach,1434268800.0,15.7,1.93,0.104,,MontroseBeach201506140800,0,15.7,1.93,0.104,4.0
2015-06-14 09:00:00,Montrose Beach,1434272400.0,15.5,1.58,0.1,4.0,MontroseBeach201506140900,0,15.5,1.58,0.1,4.0
2015-06-14 10:00:00,Montrose Beach,1434276000.0,,1.61,0.119,3.0,MontroseBeach201506141000,0,16.1,1.61,0.119,3.0
2015-06-14 11:00:00,Montrose Beach,1434279600.0,15.7,1.31,0.093,4.0,MontroseBeach201506141100,0,15.7,1.31,0.093,4.0
2015-06-14 12:00:00,Montrose Beach,1434283200.0,15.7,1.08,,3.0,MontroseBeach201506141200,0,15.7,1.08,0.1,3.0
2015-06-14 13:00:00,Montrose Beach,1434286800.0,15.7,0.85,0.109,4.0,MontroseBeach201506141300,0,15.7,0.85,0.109,4.0
2015-06-14 14:00:00,Montrose Beach,1434290400.0,15.8,0.8,0.122,,MontroseBeach201506141400,0,15.8,0.8,0.122,4.0
2015-06-14 15:00:00,Montrose Beach,1434294000.0,,0.76,0.15,3.0,MontroseBeach201506141500,0,16.0,0.76,0.15,3.0
2015-06-14 16:00:00,Montrose Beach,1434297600.0,16.1,0.69,0.12,4.0,MontroseBeach201506141600,0,16.1,0.69,0.12,4.0
2015-06-14 17:00:00,Montrose Beach,1434301200.0,16.2,0.61,0.099,4.0,MontroseBeach201506141700,0,16.2,0.61,0.099,4.0
2015-06-14 18:00:00,Montrose Beach,1434304800.0,16.3,,0.144,7.0,MontroseBeach201506141800,0,16.3,0.61,0.144,7.0
2015-06-14 19:00:00,Montrose Beach,1434308400.0,17.9,1.35,0.107,6.0,MontroseBeach201506141900,0,17.9,1.35,0.107,6.0
2015-06-14 20:00:00,Montrose Beach,1434312000.0,17.2,1.05,0.105,,MontroseBeach201506142000,0,17.2,1.05,0.105,5.0
2015-06-14 21:00:00,Montrose Beach,1434315600.0,,1.19,0.089,6.0,MontroseBeach201506142100,0,16.7,1.19,0.089,6.0
2015-06-14 22:00:00,Montrose Beach,1434319200.0,16.5,1.11,0.088,9.0,MontroseBeach201506142200,0,16.5,1.11,0.088,9.0
2015-06-14 23:00:00,Montrose Beach,1434322800.0,15.9,0.73,0.085,9.0,MontroseBeach201506142300,0,15.9,0.73,0.085,9.0
2015-06-15 00:00:00,Montrose Beach,1434326400.0,15.9,0.58,0.082,8.0,MontroseBeach201506152400,0,15.9,0.58,0.082,8.0
2015-06-15 01:00:00,Montrose Beach,1434330000.0,,0.61,0.108,6.0,MontroseBeach201506150100,0,15.9,0.61,0.108,6.0
2015-06-15 02:00:00,Montrose Beach,1434333600.0,15.8,,0.075,5.0,MontroseBeach201506150200,0,15.8,0.61,0.075,5.0
2015-06-15 03:00:00,Montrose Beach,1434337200.0,15.7,0.64,0.107,5.0,MontroseBeach201506150300,0,15.7,0.64,0.107,5.0
2015-06-15 04:00:00,Montrose Beach,1434340800.0,15.7,0.56,0.082,4.0,MontroseBeach201506150400,0,15.7,0.56,0.082,4.0
2015-06-15 05:00:00,Montrose Beach,1434344400.0,15.6,0.59,0.076,4.0,MontroseBeach201506150500,0,15.6,0.59,0.076,4.0
2015-06-15 06:00:00,Montrose Beach,1434348000.0,15.5,0.52,0.075,4.0,MontroseBeach201506150600,0,15.5,0.52,0.075,4.0
2015-06-15 07:00:00,Montrose Beach,1434351600.0,,0.59,0.077,,MontroseBeach201506150700,0,15.5,0.59,0.077,5.0
2015-06-15 08:00:00,Montrose Beach,1434355200.0,15.6,0.52,0.068,4.0,MontroseBeach201506150800,0,15.6,0.52,0.068,4.0
2015-06-15 09:00:00,Montrose Beach,1434358800.0,15.8,0.47,0.074,4.0,MontroseBeach201506150900,0,15.8,0.47,0.074,4.0
2015-06-15 10:00:00,Montrose Beach,1434362400.0,16.0,0.45,0.068,4.0,MontroseBeach201506151000,0,16.0,0.45,0.068,4.0
2015-06-15 11:00:00,Montrose Beach,1434366000.0,16.3,0.38,0.064,4.0,MontroseBeach201506151100,0,16.3,0.38,0.064,4.0
2015-06-15 12:00:00,Montrose Beach,1434369600.0,16.4,,0.072,4.0,MontroseBeach201506151200,0,16.4,0.47,0.072,4.0
2015-06-15 13:00:00,Montrose Beach,1434373200.0,16.4,0.7,0.075,4.0,MontroseBeach201506151300,0,16.4,0.7,0.075,4.0
2015-06-15 14:00:00,Montrose Beach,1434376800.0,16.6,,0.074,4.0,MontroseBeach201506151400,0,16.6,1.03,0.074,4.0
2015-06-15 15:00:00,Montrose Beach,1434380400.0,16.6,1.27,0.07,10.0,MontroseBeach201506151500,0,16.6,1.27,0.07,10.0
2015-06-15 16:00:00,Montrose Beach,1434384000.0,16.6,0.81,,10.0,MontroseBeach201506151600,0,16.6,0.81,0.074,10.0
2015-06-15 17:00:00,Montrose Beach,1434387600.0,,,0.08,8.0,MontroseBeach201506151700,0,16.7,1.27,0.08,8.0
2015-06-15 18:00:00,Montrose Beach,1434391200.0,16.2,0.82,0.079,,MontroseBeach201506151800,0,16.2,0.82,0.079,7.0
2015-06-15 19:00:00,Montrose Beach,1434394800.0,15.5,0.64,,6.0,MontroseBeach201506151900,0,15.5,0.64,0.071,6.0
2015-06-15 20:00:00,Montrose Beach,1434398400.0,15.4,,0.077,,MontroseBeach201506152000,0,15.4,1.52,0.077,5.0
2015-06-15 21:00:00,Montrose Beach,1434402000.0,15.3,1.03,0.074,,MontroseBeach201506152100,0,15.3,1.03,0.074,5.0
2015-06-15 22:00:00,Montrose Beach,1434405600.0,15.5,1.29,0.071,9.0,MontroseBeach201506152200,0,15.5,1.29,0.071,9.0
2015-06-15 23:00:00,Montrose Beach,1434409200.0,15.8,0.75,0.077,8.0,MontroseBeach201506152300,0,15.8,0.75,0.077,8.0
2015-06-16 00:00:00,Montrose Beach,1434412800.0,15.8,1.22,0.079,,MontroseBeach201506162400,0,15.8,1.22,0.079,3.0
2015-06-16 01:00:00,Montrose Beach,1434416400.0,15.4,1.0,0.334,,MontroseBeach201506160100,0,15.4,1.0,0.334,3.0
2015-06-16 02:00:00,Montrose Beach,1434420000.0,15.1,1.16,0.328,3.0,MontroseBeach201506160200,0,15.1,1.16,0.328,3.0
2015-06-16 03:00:00,Montrose Beach,1434423600.0,15.0,1.21,0.307,3.0,MontroseBeach201506160300,0,15.0,1.21,0.307,3.0
2015-06-16 04:00:00,Montrose Beach,1434427200.0,15.0,1.07,0.261,3.0,MontroseBeach201506160400,0,15.0,1.07,0.261,3.0
2015-06-16 05:00:00,Montrose Beach,1434430800.0,15.0,,0.263,3.0,MontroseBeach201506160500,0,15.0,1.09,0.263,3.0
2015-06-16 06:00:00,Montrose Beach,1434434400.0,14.9,,0.28,3.0,MontroseBeach201506160600,0,14.9,0.96,0.28,3.0
2015-06-16 07:00:00,Montrose Beach,1434438000.0,14.9,0.93,0.313,3.0,MontroseBeach201506160700,0,14.9,0.93,0.313,3.0
2015-06-16 08:00:00,Montrose Beach,1434441600.0,15.0,0.97,,3.0,MontroseBeach201506160800,0,15.0,0.97,0.338,3.0
2015-06-16 09:00:00,Montrose Beach,1434445200.0,15.1,,,3.0,MontroseBeach201506160900,0,15.1,1.47,0.362,3.0
2015-06-16 10:00:00,Montrose Beach,1434448800.0,15.3,1.32,0.36,3.0,MontroseBeach201506161000,0,15.3,1.32,0.36,3.0
2015-06-16 11:00:00,Montrose Beach,1434452400.0,15.5,1.7,0.386,3.0,MontroseBeach201506161100,0,15.5,1.7,0.386,3.0
2015-06-16 12:00:00,Montrose Beach,1434456000.0,15.6,,,3.0,MontroseBeach201506161200,0,15.6,1.68,0.363,3.0
2015-06-16 13:00:00,Montrose Beach,1434459600.0,15.8,1.66,0.394,3.0,MontroseBeach201506161300,0,15.8,1.66,0.394,3.0
2015-06-16 14:00:00,Montrose Beach,1434463200.0,16.2,2.47,,,MontroseBeach201506161400,0,16.2,2.47,0.38,4.0
2015-06-16 15:00:00,Montrose Beach,1434466800.0,,3.02,0.36,,MontroseBeach201506161500,0,16.4,3.02,0.36,4.0
2015-06-16 16:00:00,Montrose Beach,1434470400.0,16.5,2.2,0.36,4.0,MontroseBeach201506161600,0,16.5,2.2,0.36,4.0
2015-06-16 17:00:00,Montrose Beach,1434474000.0,16.6,,0.351,3.0,MontroseBeach201506161700,0,16.6,2.4,0.351,3.0
2015-06-16 18:00:00,Montrose Beach,1434477600.0,16.6,1.79,0.336,4.0,MontroseBeach201506161800,0,16.6,1.79,0.336,4.0
2015-06-16 19:00:00,Montrose Beach,1434481200.0,16.7,2.57,0.311,,MontroseBeach201506161900,0,16.7,2.57,0.311,4.0
2015-06-16 20:00:00,Montrose Beach,1434484800.0,16.6,2.37,0.289,3.0,MontroseBeach201506162000,0,16.6,2.37,0.289,3.0
2015-06-16 21:00:00,Montrose Beach,1434488400.0,16.4,,0.297,,MontroseBeach201506162100,0,16.4,1.81,0.297,4.0
2015-06-16 22:00:00,Montrose Beach,1434492000.0,16.4,1.84,0.287,4.0,MontroseBeach201506162200,0,16.4,1.84,0.287,4.0
2015-06-16 23:00:00,Montrose Beach,1434495600.0,16.3,1.46,0.293,,MontroseBeach201506162300,0,16.3,1.46,0.293,4.0
2015-06-17 00:00:00,Montrose Beach,1434499200.0,16.2,1.17,0.328,4.0,MontroseBeach201506172400,0,16.2,1.17,0.328,4.0
2015-06-17 01:00:00,Montrose Beach,1434502800.0,16.1,1.29,0.33,5.0,MontroseBeach201506170100,0,16.1,1.29,0.33,5.0
2015-06-17 02:00:00,Montrose Beach,1434506400.0,16.0,1.2,0.325,4.0,MontroseBeach201506170200,0,16.0,1.2,0.325,4.0
2015-06-17 03:00:00,Montrose Beach,1434510000.0,16.2,1.4,0.352,5.0,MontroseBeach201506170300,0,16.2,1.4,0.352,5.0
2015-06-17 04:00:00,Montrose Beach,1434513600.0,16.1,1.58,0.326,4.0,MontroseBeach201506170400,0,16.1,1.58,0.326,4.0
2015-06-17 05:00:00,Montrose Beach,1434517200.0,16.1,,0.327,4.0,MontroseBeach201506170500,0,16.1,2.01,0.327,4.0
2015-06-17 06:00:00,Montrose Beach,1434520800.0,16.2,2.24,0.298,4.0,MontroseBeach201506170600,0,16.2,2.24,0.298,4.0
2015-06-17 07:00:00,Montrose Beach,1434524400.0,16.1,2.34,0.3,4.0,MontroseBeach201506170700,0,16.1,2.34,0.3,4.0
2015-06-17 08:00:00,Montrose Beach,1434528000.0,16.0,2.2,0.295,4.0,MontroseBeach201506170800,0,16.0,2.2,0.295,4.0
2015-06-17 09:00:00,Montrose Beach,1434531600.0,15.9,2.41,0.276,4.0,MontroseBeach201506170900,0,15.9,2.41,0.276,4.0
2015-06-17 10:00:00,Montrose Beach,1434535200.0,15.9,1.94,0.289,4.0,MontroseBeach201506171000,0,15.9,1.94,0.289,4.0
2015-06-17 11:00:00,Montrose Beach,1434538800.0,16.0,2.0,0.275,4.0,MontroseBeach201506171100,0,16.0,2.0,0.275,4.0
2015-06-17 12:00:00,Montrose Beach,1434542400.0,16.1,1.78,0.246,4.0,MontroseBeach201506171200,0,16.1,1.78,0.246,4.0
2015-06-17 13:00:00,Montrose Beach,1434546000.0,16.2,1.66,0.235,3.0,MontroseBeach201506171300,0,16.2,1.66,0.235,3.0
2015-06-17 14:00:00,Montrose Beach,1434549600.0,16.4,1.3,0.226,3.0,MontroseBeach201506171400,0,16.4,1.3,0.226,3.0
2015-06-17 15:00:00,Montrose Beach,1434553200.0,16.6,1.17,0.216,4.0,MontroseBeach201506171500,0,16.6,1.17,0.216,4.0
2015-06-17 16:00:00,Montrose Beach,1434556800.0,16.8,,0.214,4.0,MontroseBeach201506171600,0,16.8,1.2,0.214,4.0
2015-06-17 17:00:00,Montrose Beach,1434560400.0,17.7,1.7,0.192,4.0,MontroseBeach201506171700,0,17.7,1.7,0.192,4.0
2015-06-17 18:00:00,Montrose Beach,1434564000.0,17.4,1.33,0.196,7.0,MontroseBeach201506171800,0,17.4,1.33,0.196,7.0
2015-06-17 19:00:00,Montrose Beach,1434567600.0,17.4,,0.181,6.0,MontroseBeach201506171900,0,17.4,1.5,0.181,6.0
2015-06-17 20:00:00,Montrose Beach,1434571200.0,,1.4,0.177,4.0,MontroseBeach201506172000,0,17.0,1.4,0.177,4.0
2015-06-17 21:00:00,Montrose Beach,1434574800.0,16.7,1.43,0.161,,MontroseBeach201506172100,0,16.7,1.43,0.161,4.0
2015-06-17 22:00:00,Montrose Beach,1434578400.0,16.5,1.5,0.148,,MontroseBeach201506172200,0,16.5,1.5,0.148,4.0
2015-06-17 23:00:00,Montrose Beach,1434582000.0,16.3,,0.14,4.0,MontroseBeach201506172300,0,16.3,1.5,0.14,4.0
2015-06-18 00:00:00,Montrose Beach,1434585600.0,16.4,1.53,0.135,3.0,MontroseBeach201506182400,0,16.4,1.53,0.135,3.0
2015-06-18 01:00:00,Montrose Beach,1434589200.0,16.4,1.55,0.141,6.0,MontroseBeach201506180100,0,16.4,1.55,0.141,6.0
2015-06-18 02:00:00,Montrose Beach,1434592800.0,16.2,1.4,0.141,,MontroseBeach201506180200,0,16.2,1.4,0.141,6.0
2015-06-18 03:00:00,Montrose Beach,1434596400.0,16.0,1.3,0.141,,MontroseBeach201506180300,0,16.0,1.3,0.141,3.0
2015-06-18 04:00:00,Montrose Beach,1434600000.0,15.7,1.16,0.125,4.0,MontroseBeach201506180400,0,15.7,1.16,0.125,4.0
2015-06-18 05:00:00,Montrose Beach,1434603600.0,15.8,,0.114,4.0,MontroseBeach201506180500,0,15.8,1.16,0.114,4.0
2015-06-18 06:00:00,Montrose Beach,1434607200.0,15.8,1.06,,,MontroseBeach201506180600,0,15.8,1.06,0.104,4.0
2015-06-18 07:00:00,Montrose Beach,1434610800.0,15.7,0.96,0.106,4.0,MontroseBeach201506180700,0,15.7,0.96,0.106,4.0
2015-06-18 08:00:00,Montrose Beach,1434614400.0,15.8,0.79,0.102,,MontroseBeach201506180800,0,15.8,0.79,0.102,4.0
2015-06-18 09:00:00,Montrose Beach,1434618000.0,15.9,0.72,0.095,4.0,MontroseBeach201506180900,0,15.9,0.72,0.095,4.0
2015-06-18 10:00:00,Montrose Beach,1434621600.0,16.0,0.64,,4.0,MontroseBeach201506181000,0,16.0,0.64,0.095,4.0
2015-06-18 11:00:00,Montrose Beach,1434625200.0,16.1,0.61,0.101,,MontroseBeach201506181100,0,16.1,0.61,0.101,3.0
2015-06-18 12:00:00,Montrose Beach,1434628800.0,16.2,0.58,0.081,3.0,MontroseBeach201506181200,0,16.2,0.58,0.081,3.0
2015-06-18 13:00:00,Montrose Beach,1434632400.0,16.4,0.61,0.094,4.0,MontroseBeach201506181300,0,16.4,0.61,0.094,4.0
2015-06-18 14:00:00,Montrose Beach,1434636000.0,16.4,0.55,0.122,5.0,MontroseBeach201506181400,0,16.4,0.55,0.122,5.0
2015-06-18 15:00:00,Montrose Beach,1434639600.0,16.4,0.48,0.101,,MontroseBeach201506181500,0,16.4,0.48,0.101,10.0
2015-06-18 16:00:00,Montrose Beach,1434643200.0,16.3,0.45,,10.0,MontroseBeach201506181600,0,16.3,0.45,0.089,10.0
2015-06-18 17:00:00,Montrose Beach,1434646800.0,16.3,0.42,0.12,2.0,MontroseBeach201506181700,0,16.3,0.42,0.12,2.0
2015-06-18 18:00:00,Montrose Beach,1434650400.0,,0.44,0.132,7.0,MontroseBeach201506181800,0,16.2,0.44,0.132,7.0
2015-06-18 19:00:00,Montrose Beach,1434654000.0,,0.58,0.31,2.0,MontroseBeach201506181900,0,16.1,0.58,0.31,2.0
2015-06-18 20:00:00,Montrose Beach,1434657600.0,16.0,0.67,,3.0,MontroseBeach201506182000,0,16.0,0.67,0.331,3.0
2015-06-18 21:00:00,Montrose Beach,1434661200.0,15.8,,0.326,3.0,MontroseBeach201506182100,0,15.8,0.73,0.326,3.0
2015-06-18 22:00:00,Montrose Beach,1434664800.0,,1.08,0.359,3.0,MontroseBeach201506182200,0,15.5,1.08,0.359,3.0
2015-06-18 23:00:00,Montrose Beach,1434668400.0,15.4,0.83,0.379,4.0,MontroseBeach201506182300,0,15.4,0.83,0.379,4.0
2015-06-19 00:00:00,Montrose Beach,1434672000.0,15.2,1.21,0.378,4.0,MontroseBeach201506192400,0,15.2,1.21,0.378,4.0
2015-06-19 01:00:00,Montrose Beach,1434675600.0,15.0,1.14,0.411,4.0,MontroseBeach201506190100,0,15.0,1.14,0.411,4.0
2015-06-19 02:00:00,Montrose Beach,1434679200.0,14.9,1.72,0.424,,MontroseBeach201506190200,0,14.9,1.72,0.424,4.0
2015-06-19 03:00:00,Montrose Beach,1434682800.0,14.8,2.08,0.418,,MontroseBeach201506190300,0,14.8,2.08,0.418,4.0
2015-06-19 04:00:00,Montrose Beach,1434686400.0,15.0,2.23,0.401,5.0,MontroseBeach201506190400,0,15.0,2.23,0.401,5.0
2015-06-19 05:00:00,Montrose Beach,1434690000.0,14.9,3.27,,5.0,MontroseBeach201506190500,0,14.9,3.27,0.449,5.0
2015-06-19 06:00:00,Montrose Beach,1434693600.0,14.9,,0.446,5.0,MontroseBeach201506190600,0,14.9,3.13,0.446,5.0
2015-06-19 07:00:00,Montrose Beach,1434697200.0,15.0,3.04,0.455,5.0,MontroseBeach201506190700,0,15.0,3.04,0.455,5.0
2015-06-19 08:00:00,Montrose Beach,1434700800.0,15.0,3.61,0.44,5.0,MontroseBeach201506190800,0,15.0,3.61,0.44,5.0
2015-06-19 09:00:00,Montrose Beach,1434704400.0,15.1,3.9,0.414,5.0,MontroseBeach201506190900,0,15.1,3.9,0.414,5.0
2015-06-19 10:00:00,Montrose Beach,1434708000.0,15.2,3.86,0.45,3.0,MontroseBeach201506191000,0,15.2,3.86,0.45,3.0
2015-06-19 11:00:00,Montrose Beach,1434711600.0,15.3,4.51,0.403,5.0,MontroseBeach201506191100,0,15.3,4.51,0.403,5.0
2015-06-19 12:00:00,Montrose Beach,1434715200.0,15.4,4.94,0.422,,MontroseBeach201506191200,0,15.4,4.94,0.422,5.0
2015-06-19 13:00:00,Montrose Beach,1434718800.0,15.5,5.38,0.423,3.0,MontroseBeach201506191300,0,15.5,5.38,0.423,3.0
2015-06-19 14:00:00,Montrose Beach,1434722400.0,,4.19,0.399,4.0,MontroseBeach201506191400,0,15.7,4.19,0.399,4.0
2015-06-19 15:00:00,Montrose Beach,1434726000.0,15.7,5.08,0.406,4.0,MontroseBeach201506191500,0,15.7,5.08,0.406,4.0
2015-06-19 16:00:00,Montrose Beach,1434729600.0,15.7,4.68,0.389,4.0,MontroseBeach201506191600,0,15.7,4.68,0.389,4.0
2015-06-19 17:00:00,Montrose Beach,1434733200.0,15.9,4.75,,4.0,MontroseBeach201506191700,0,15.9,4.75,0.369,4.0
2015-06-19 18:00:00,Montrose Beach,1434736800.0,16.0,3.87,0.373,4.0,MontroseBeach201506191800,0,16.0,3.87,0.373,4.0
2015-06-19 19:00:00,Montrose Beach,1434740400.0,15.9,4.45,0.378,4.0,MontroseBeach201506191900,0,15.9,4.45,0.378,4.0
2015-06-19 20:00:00,Montrose Beach,1434744000.0,,4.1,0.355,,MontroseBeach201506192000,0,15.9,4.1,0.355,3.0
2015-06-19 21:00:00,Montrose Beach,1434747600.0,15.9,,0.313,4.0,MontroseBeach201506192100,0,15.9,4.41,0.313,4.0
2015-06-19 22:00:00,Montrose Beach,1434751200.0,15.9,,0.324,4.0,MontroseBeach201506192200,0,15.9,4.48,0.324,4.0
2015-06-19 23:00:00,Montrose Beach,1434754800.0,15.8,4.48,0.317,3.0,MontroseBeach201506192300,0,15.8,4.48,0.317,3.0
2015-06-20 00:00:00,Montrose Beach,1434758400.0,15.7,,0.32,3.0,MontroseBeach201506202400,0,15.7,4.47,0.32,3.0
2015-06-20 01:00:00,Montrose Beach,1434762000.0,15.7,4.14,0.307,4.0,MontroseBeach201506200100,0,15.7,4.14,0.307,4.0
2015-06-20 02:00:00,Montrose Beach,1434765600.0,15.7,4.22,,5.0,MontroseBeach201506200200,0,15.7,4.22,0.293,5.0
2015-06-20 03:00:00,Montrose Beach,1434769200.0,15.7,,0.306,4.0,MontroseBeach201506200300,0,15.7,4.12,0.306,4.0
2015-06-20 04:00:00,Montrose Beach,1434772800.0,15.6,3.86,0.261,4.0,MontroseBeach201506200400,0,15.6,3.86,0.261,4.0
2015-06-20 05:00:00,Montrose Beach,1434776400.0,15.6,3.92,,4.0,MontroseBeach201506200500,0,15.6,3.92,0.264,4.0
2015-06-20 06:00:00,Montrose Beach,1434780000.0,15.6,3.81,0.26,4.0,MontroseBeach201506200600,0,15.6,3.81,0.26,4.0
2015-06-20 07:00:00,Montrose Beach,1434783600.0,15.6,3.83,0.258,4.0,MontroseBeach201506200700,0,15.6,3.83,0.258,4.0
2015-06-20 08:00:00,Montrose Beach,1434787200.0,15.6,4.02,0.269,3.0,MontroseBeach201506200800,0,15.6,4.02,0.269,3.0
2015-06-20 09:00:00,Montrose Beach,1434790800.0,,3.9,0.248,,MontroseBeach201506200900,0,15.7,3.9,0.248,4.0
2015-06-20 10:00:00,Montrose Beach,1434794400.0,15.8,4.15,,4.0,MontroseBeach201506201000,0,15.8,4.15,0.263,4.0
2015-06-20 11:00:00,Montrose Beach,1434798000.0,15.8,,0.283,3.0,MontroseBeach201506201100,0,15.8,4.31,0.283,3.0
2015-06-20 12:00:00,Montrose Beach,1434801600.0,16.0,3.73,0.249,4.0,MontroseBeach201506201200,0,16.0,3.73,0.249,4.0
2015-06-20 13:00:00,Montrose Beach,1434805200.0,,3.83,,4.0,MontroseBeach201506201300,0,16.3,3.83,0.224,4.0
2015-06-20 14:00:00,Montrose Beach,1434808800.0,16.4,3.47,0.196,4.0,MontroseBeach201506201400,0,16.4,3.47,0.196,4.0
2015-06-20 15:00:00,Montrose Beach,1434812400.0,16.3,3.22,0.201,4.0,MontroseBeach201506201500,0,16.3,3.22,0.201,4.0
2015-06-20 16:00:00,Montrose Beach,1434816000.0,16.7,2.97,0.237,,MontroseBeach201506201600,0,16.7,2.97,0.237,4.0
2015-06-20 17:00:00,Montrose Beach,1434819600.0,16.4,2.49,0.232,4.0,MontroseBeach201506201700,0,16.4,2.49,0.232,4.0
2015-06-20 18:00:00,Montrose Beach,1434823200.0,16.4,2.78,0.179,3.0,MontroseBeach201506201800,0,16.4,2.78,0.179,3.0
2015-06-20 19:00:00,Montrose Beach,,,,,,,1,,,,
2015-06-20 20:00:00,Montrose Beach,,,,,,,1,,,,
2015-06-20 21:00:00,Montrose Beach,,,,,,,1,,,,
2015-06-20 22:00:00,Montrose Beach,1434837600.0,16.5,2.37,0.183,3.0,MontroseBeach201506202200,0,16.5,2.37,0.183,3.0
2015-06-20 23:00:00,Montrose Beach,1434841200.0,16.5,,0.154,3.0,MontroseBeach201506202300,0,16.5,2.2,0.154,3.0
2015-06-21 00:00:00,Montrose Beach,1434844800.0,16.5,2.18,0.159,3.0,MontroseBeach201506212400,0,16.5,2.18,0.159,3.0
2015-06-21 01:00:00,Montrose Beach,,,,,,,1,,,,
2015-06-21 02:00:00,Montrose Beach,1434852000.0,,2.17,0.148,5.0,MontroseBeach201506210200,0,16.6,2.17,0.148,5.0
2015-06-21 03:00:00,Montrose Beach,1434855600.0,16.7,2.4,0.138,4.0,MontroseBeach201506210300,0,16.7,2.4,0.138,4.0
2015-06-21 04:00:00,Montrose Beach,1434859200.0,16.5,,0.118,3.0,MontroseBeach201506210400,0,16.5,2.28,0.118,3.0
2015-06-21 05:00:00,Montrose Beach,1434862800.0,16.6,2.05,0.133,4.0,MontroseBeach201506210500,0,16.6,2.05,0.133,4.0
2015-06-21 06:00:00,Montrose Beach,1434866400.0,16.5,1.98,0.112,4.0,MontroseBeach201506210600,0,16.5,1.98,0.112,4.0
2015-06-21 07:00:00,Montrose Beach,1434870000.0,,2.12,0.101,4.0,MontroseBeach201506210700,0,16.5,2.12,0.101,4.0
2015-06-21 08:00:00,Montrose Beach,1434873600.0,16.8,1.89,0.097,4.0,MontroseBeach201506210800,0,16.8,1.89,0.097,4.0
2015-06-21 09:00:00,Montrose Beach,1434877200.0,16.9,,0.091,3.0,MontroseBeach201506210900,0,16.9,2.0,0.091,3.0
2015-06-21 10:00:00,Montrose Beach,,,,,,,1,,,,
2015-06-21 11:00:00,Montrose Beach,,,,,,,1,,,,
2015-06-21 12:00:00,Montrose Beach,,,,,,,1,,,,
2015-06-21 13:00:00,Montrose Beach,,,,,,,1,,,,
2015-06-21 14:00:00,Montrose Beach,,,,,,,1,,,,
2015-06-21 15:00:00,Montrose Beach,,,,,,,1,,,,
2015-06-21 16:00:00,Montrose Beach,,,,,,,1,,,,
2015-06-21 17:00:00,Montrose Beach,,,,,,,1,,,,
2015-06-21 18:00:00,Montrose Beach,,,,,,,1,,,,
2015-06-21 19:00:00,Montrose Beach,1434913200.0,17.4,1.32,0.105,,MontroseBeach201506211900,0,17.4,1.32,0.105,6.0
2015-06-21 20:00:00,Montrose Beach,1434916800.0,17.2,1.24,0.107,5.0,MontroseBeach201506212000,0,17.2,1.24,0.107,5.0
2015-06-21 21:00:00,Montrose Beach,1434920400.0,17.3,1.34,0.087,4.0,MontroseBeach201506212100,0,17.3,1.34,0.087,4.0
2015-06-21 22:00:00,Montrose Beach,1434924000.0,17.5,1.48,0.099,4.0,MontroseBeach201506212200,0,17.5,1.48,0.099,4.0
2015-06-21 23:00:00,Montrose Beach,1434927600.0,17.3,1.33,0.1,,MontroseBeach201506212300,0,17.3,1.33,0.1,9.0
2015-06-22 00:00:00,Montrose Beach,1434931200.0,17.0,,0.1,8.0,MontroseBeach201506222400,0,17.0,1.23,0.1,8.0
2015-06-22 01:00:00,Montrose Beach,1434934800.0,16.8,1.06,,,MontroseBeach201506220100,0,16.8,1.06,0.095,4.0
2015-06-22 02:00:00,Montrose Beach,1434938400.0,16.7,0.88,0.084,6.0,MontroseBeach201506220200,0,16.7,0.88,0.084,6.0
2015-06-22 03:00:00,Montrose Beach,1434942000.0,16.6,0.92,0.088,4.0,MontroseBeach201506220300,0,16.6,0.92,0.088,4.0
2015-06-22 04:00:00,Montrose Beach,1434945600.0,16.5,0.77,0.092,4.0,MontroseBeach201506220400,0,16.5,0.77,0.092,4.0
2015-06-22 05:00:00,Montrose Beach,1434949200.0,16.5,0.89,0.085,4.0,MontroseBeach201506220500,0,16.5,0.89,0.085,4.0
2015-06-22 06:00:00,Montrose Beach,1434952800.0,,0.68,0.084,4.0,MontroseBeach201506220600,0,16.6,0.68,0.084,4.0
2015-06-22 07:00:00,Montrose Beach,1434956400.0,16.7,0.74,0.088,,MontroseBeach201506220700,0,16.7,0.74,0.088,4.0
2015-06-22 08:00:00,Montrose Beach,1434960000.0,16.5,,,,MontroseBeach201506220800,0,16.5,0.51,0.08,4.0
2015-06-22 09:00:00,Montrose Beach,1434963600.0,16.5,0.4,0.097,,MontroseBeach201506220900,0,16.5,0.4,0.097,3.0
2015-06-22 10:00:00,Montrose Beach,1434967200.0,16.5,0.35,0.085,4.0,MontroseBeach201506221000,0,16.5,0.35,0.085,4.0
2015-06-22 11:00:00,Montrose Beach,1434970800.0,16.7,0.57,0.095,3.0,MontroseBeach201506221100,0,16.7,0.57,0.095,3.0
2015-06-22 12:00:00,Montrose Beach,1434974400.0,16.5,0.38,0.09,4.0,MontroseBeach201506221200,0,16.5,0.38,0.09,4.0
2015-06-22 13:00:00,Montrose Beach,1434978000.0,,,0.082,4.0,MontroseBeach201506221300,0,16.3,0.43,0.082,4.0
2015-06-22 14:00:00,Montrose Beach,1434981600.0,16.5,0.39,0.155,4.0,MontroseBeach201506221400,0,16.5,0.39,0.155,4.0
2015-06-22 15:00:00,Montrose Beach,1434985200.0,16.9,0.5,0.121,,MontroseBeach201506221500,0,16.9,0.5,0.121,9.0
2015-06-22 16:00:00,Montrose Beach,1434988800.0,16.5,,0.139,3.0,MontroseBeach201506221600,0,16.5,0.35,0.139,3.0
2015-06-22 17:00:00,Montrose Beach,1434992400.0,16.7,0.39,0.119,4.0,MontroseBeach201506221700,0,16.7,0.39,0.119,4.0
2015-06-22 18:00:00,Montrose Beach,1434996000.0,17.3,0.5,0.145,4.0,MontroseBeach201506221800,0,17.3,0.5,0.145,4.0
2015-06-22 19:00:00,Montrose Beach,1434999600.0,17.5,0.41,0.14,4.0,MontroseBeach201506221900,0,17.5,0.41,0.14,4.0
2015-06-22 20:00:00,Montrose Beach,1435003200.0,,0.45,0.113,,MontroseBeach201506222000,0,17.5,0.45,0.113,3.0
2015-06-22 21:00:00,Montrose Beach,1435006800.0,17.4,0.43,0.11,,MontroseBeach201506222100,0,17.4,0.43,0.11,4.0
2015-06-22 22:00:00,Montrose Beach,1435010400.0,16.9,0.31,0.094,4.0,MontroseBeach201506222200,0,16.9,0.31,0.094,4.0
2015-06-22 23:00:00,Montrose Beach,1435014000.0,16.9,0.31,0.112,,MontroseBeach201506222300,0,16.9,0.31,0.112,8.0
2015-06-23 00:00:00,Montrose Beach,1435017600.0,16.6,0.34,0.11,7.0,MontroseBeach201506232400,0,16.6,0.34,0.11,7.0
2015-06-23 01:00:00,Montrose Beach,1435021200.0,16.6,0.35,0.118,5.0,MontroseBeach201506230100,0,16.6,0.35,0.118,5.0
2015-06-23 02:00:00,Montrose Beach,1435024800.0,,0.41,0.107,10.0,MontroseBeach201506230200,0,16.6,0.41,0.107,10.0
2015-06-23 03:00:00,Montrose Beach,1435028400.0,16.6,0.37,0.117,,MontroseBeach201506230300,0,16.6,0.37,0.117,9.0
2015-06-23 04:00:00,Montrose Beach,1435032000.0,16.6,,0.128,9.0,MontroseBeach201506230400,0,16.6,0.34,0.128,9.0
2015-06-23 05:00:00,Montrose Beach,1435035600.0,16.6,0.32,,2.0,MontroseBeach201506230500,0,16.6,0.32,0.216,2.0
2015-06-23 06:00:00,Montrose Beach,1435039200.0,16.5,0.37,0.235,2.0,MontroseBeach201506230600,0,16.5,0.37,0.235,2.0
2015-06-23 07:00:00,Montrose Beach,1435042800.0,16.4,0.44,0.298,3.0,MontroseBeach201506230700,0,16.4,0.44,0.298,3.0
2015-06-23 08:00:00,Montrose Beach,1435046400.0,,0.56,0.293,3.0,MontroseBeach201506230800,0,16.4,0.56,0.293,3.0
2015-06-23 09:00:00,Montrose Beach,1435050000.0,16.6,0.56,0.319,3.0,MontroseBeach201506230900,0,16.6,0.56,0.319,3.0
2015-06-23 10:00:00,Montrose Beach,1435053600.0,16.8,0.44,0.261,4.0,MontroseBeach201506231000,0,16.8,0.44,0.261,4.0
2015-06-23 11:00:00,Montrose Beach,1435057200.0,17.1,0.43,0.247,4.0,MontroseBeach201506231100,0,17.1,0.43,0.247,4.0
2015-06-23 12:00:00,Montrose Beach,1435060800.0,17.3,0.34,0.234,4.0,MontroseBeach201506231200,0,17.3,0.34,0.234,4.0
2015-06-23 13:00:00,Montrose Beach,1435064400.0,19.5,,0.213,4.0,MontroseBeach201506231300,0,19.5,1.11,0.213,4.0
2015-06-23 14:00:00,Montrose Beach,1435068000.0,,0.65,0.218,4.0,MontroseBeach201506231400,0,18.6,0.65,0.218,4.0
2015-06-23 15:00:00,Montrose Beach,1435071600.0,18.3,0.53,0.202,4.0,MontroseBeach201506231500,0,18.3,0.53,0.202,4.0
2015-06-23 16:00:00,Montrose Beach,1435075200.0,17.8,0.33,0.215,4.0,MontroseBeach201506231600,0,17.8,0.33,0.215,4.0
2015-06-23 17:00:00,Montrose Beach,1435078800.0,,0.27,0.2,4.0,MontroseBeach201506231700,0,17.6,0.27,0.2,4.0
2015-06-23 18:00:00,Montrose Beach,1435082400.0,,0.36,0.19,4.0,MontroseBeach201506231800,0,17.6,0.36,0.19,4.0
2015-06-23 19:00:00,Montrose Beach,1435086000.0,17.5,0.29,0.183,4.0,MontroseBeach201506231900,0,17.5,0.29,0.183,4.0
2015-06-23 20:00:00,Montrose Beach,1435089600.0,17.4,0.35,0.176,4.0,MontroseBeach201506232000,0,17.4,0.35,0.176,4.0
2015-06-23 21:00:00,Montrose Beach,1435093200.0,17.2,0.33,0.164,4.0,MontroseBeach201506232100,0,17.2,0.33,0.164,4.0
2015-06-23 22:00:00,Montrose Beach,1435096800.0,17.0,0.35,0.171,3.0,MontroseBeach201506232200,0,17.0,0.35,0.171,3.0
2015-06-23 23:00:00,Montrose Beach,1435100400.0,17.0,0.43,,5.0,MontroseBeach201506232300,0,17.0,0.43,0.157,5.0
2015-06-24 00:00:00,Montrose Beach,1435104000.0,16.9,0.4,0.166,,MontroseBeach201506242400,0,16.9,0.4,0.166,3.0
2015-06-24 01:00:00,Montrose Beach,1435107600.0,,0.37,,4.0,MontroseBeach201506240100,0,16.8,0.37,0.179,4.0
2015-06-24 02:00:00,Montrose Beach,1435111200.0,,0.31,0.148,4.0,MontroseBeach201506240200,0,16.8,0.31,0.148,4.0
2015-06-24 03:00:00,Montrose Beach,1435114800.0,16.7,0.32,0.148,3.0,MontroseBeach201506240300,0,16.7,0.32,0.148,3.0
2015-06-24 04:00:00,Montrose Beach,1435118400.0,16.7,0.31,0.147,3.0,MontroseBeach201506240400,0,16.7,0.31,0.147,3.0
2015-06-24 05:00:00,Montrose Beach,1435122000.0,16.6,,0.136,4.0,MontroseBeach201506240500,0,16.6,0.3,0.136,4.0
2015-06-24 06:00:00,Montrose Beach,1435125600.0,16.6,0.28,0.139,4.0,MontroseBeach201506240600,0,16.6,0.28,0.139,4.0
2015-06-24 07:00:00,Montrose Beach,1435129200.0,16.7,0.29,0.124,4.0,MontroseBeach201506240700,0,16.7,0.29,0.124,4.0
2015-06-24 08:00:00,Montrose Beach,1435132800.0,16.7,,0.121,4.0,MontroseBeach201506240800,0,16.7,0.29,0.121,4.0
2015-06-24 09:00:00,Montrose Beach,1435136400.0,16.8,0.25,,4.0,MontroseBeach201506240900,0,16.8,0.25,0.115,4.0
2015-06-24 10:00:00,Montrose Beach,1435140000.0,16.9,0.24,0.116,5.0,MontroseBeach201506241000,0,16.9,0.24,0.116,5.0
2015-06-24 11:00:00,Montrose Beach,1435143600.0,17.1,,0.112,4.0,MontroseBeach201506241100,0,17.1,0.18,0.112,4.0
2015-06-24 12:00:00,Montrose Beach,1435147200.0,17.3,0.2,0.138,4.0,MontroseBeach201506241200,0,17.3,0.2,0.138,4.0
2015-06-24 13:00:00,Montrose Beach,1435150800.0,18.0,,,4.0,MontroseBeach201506241300,0,18.0,0.21,0.113,4.0
2015-06-24 14:00:00,Montrose Beach,1435154400.0,18.0,0.25,0.119,4.0,MontroseBeach201506241400,0,18.0,0.25,0.119,4.0
2015-06-24 15:00:00,Montrose Beach,1435158000.0,18.4,,0.113,,MontroseBeach201506241500,0,18.4,0.4,0.113,4.0
2015-06-24 16:00:00,Montrose Beach,,,,,,,1,,,,
2015-06-24 17:00:00,Montrose Beach,,,,,,,1,,,,
2015-06-24 18:00:00,Montrose Beach,,,,,,,1,,,,
2015-06-24 19:00:00,Montrose Beach,,,,,,,1,,,,
2015-06-24 20:00:00,Montrose Beach,,,,,,,1,,,,
2015-06-24 21:00:00,Montrose Beach,,,,,,,1,,,,
2015-06-24 22:00:00,Montrose Beach,,,,,,,1,,,,
2015-06-24 23:00:00,Montrose Beach,,,,,,,1,,,,
2015-06-25 00:00:00,Montrose Beach,,,,,,,1,,,,
2015-06-25 01:00:00,Montrose Beach,,,,,,,1,,,,
2015-06-25 02:00:00,Montrose Beach,,,,,,,1,,,,
2015-06-25 03:00:00,Montrose Beach,,,,,,,1,,,,
2015-06-25 04:00:00,Montrose Beach,,,,,,,1,,,,
2015-06-25 05:00:00,Montrose Beach,,,,,,,1,,,,
2015-06-25 06:00:00,Montrose Beach,,,,,,,1,,,,
2015-06-25 07:00:00,Montrose Beach,,,,,,,1,,,,
2015-06-25 08:00:00,Montrose Beach,,,,,,,1,,,,
2015-06-25 09:00:00,Montrose Beach,,,,,,,1,,,,
2015-06-25 10:00:00,Montrose Beach,,,,,,,1,,,,
2015-06-25 11:00:00,Montrose Beach,,,,,,,1,,,,
2015-06-25 12:00:00,Montrose Beach,,,,,,,1,,,,
2015-06-25 13:00:00,Montrose Beach,1435237200.0,17.4,0.47,,4.0,MontroseBeach201506251300,0,17.4,0.47,0.097,4.0
2015-06-25 14:00:00,Montrose Beach,1435240800.0,,0.05,0.112,4.0,MontroseBeach201506251400,0,17.9,0.05,0.112,4.0
2015-06-25 15:00:00,Montrose Beach,1435244400.0,17.8,0.1,0.153,4.0,MontroseBeach201506251500,0,17.8,0.1,0.153,4.0
2015-06-25 16:00:00,Montrose Beach,1435248000.0,18.1,0.11,0.13,9.0,MontroseBeach201506251600,0,18.1,0.11,0.13,9.0
2015-06-25 17:00:00,Montrose Beach,1435251600.0,17.9,0.49,0.171,2.0,MontroseBeach201506251700,0,17.9,0.49,0.171,2.0
2015-06-25 18:00:00,Montrose Beach,1435255200.0,17.8,0.43,0.254,2.0,MontroseBeach201506251800,0,17.8,0.43,0.254,2.0
2015-06-25 19:00:00,Montrose Beach,1435258800.0,18.0,0.38,0.196,6.0,MontroseBeach201506251900,0,18.0,0.38,0.196,6.0
2015-06-25 20:00:00,Montrose Beach,1435262400.0,18.0,0.25,0.231,3.0,MontroseBeach201506252000,0,18.0,0.25,0.231,3.0
2015-06-25 21:00:00,Montrose Beach,1435266000.0,17.8,0.2,0.265,3.0,MontroseBeach201506252100,0,17.8,0.2,0.265,3.0
2015-06-25 22:00:00,Montrose Beach,1435269600.0,17.8,0.2,0.282,3.0,MontroseBeach201506252200,0,17.8,0.2,0.282,3.0
2015-06-25 23:00:00,Montrose Beach,1435273200.0,17.6,0.08,0.258,3.0,MontroseBeach201506252300,0,17.6,0.08,0.258,3.0
2015-06-26 00:00:00,Montrose Beach,1435276800.0,17.6,,0.243,3.0,MontroseBeach201506262400,0,17.6,0.14,0.243,3.0
2015-06-26 01:00:00,Montrose Beach,1435280400.0,17.6,0.18,0.298,3.0,MontroseBeach201506260100,0,17.6,0.18,0.298,3.0
2015-06-26 02:00:00,Montrose Beach,1435284000.0,17.6,,0.308,3.0,MontroseBeach201506260200,0,17.6,0.28,0.308,3.0
2015-06-26 03:00:00,Montrose Beach,1435287600.0,17.5,0.35,0.319,3.0,MontroseBeach201506260300,0,17.5,0.35,0.319,3.0
2015-06-26 04:00:00,Montrose Beach,1435291200.0,,0.49,0.33,3.0,MontroseBeach201506260400,0,17.4,0.49,0.33,3.0
2015-06-26 05:00:00,Montrose Beach,1435294800.0,17.5,,,,MontroseBeach201506260500,0,17.5,0.6,0.315,3.0
2015-06-26 06:00:00,Montrose Beach,1435298400.0,17.4,0.46,0.32,3.0,MontroseBeach201506260600,0,17.4,0.46,0.32,3.0
2015-06-26 07:00:00,Montrose Beach,1435302000.0,17.4,0.43,0.301,3.0,MontroseBeach201506260700,0,17.4,0.43,0.301,3.0
2015-06-26 08:00:00,Montrose Beach,1435305600.0,17.5,0.38,0.3,3.0,MontroseBeach201506260800,0,17.5,0.38,0.3,3.0
2015-06-26 09:00:00,Montrose Beach,1435309200.0,17.4,0.27,0.275,3.0,MontroseBeach201506260900,0,17.4,0.27,0.275,3.0
2015-06-26 10:00:00,Montrose Beach,1435312800.0,,0.46,,,MontroseBeach201506261000,0,17.5,0.46,0.274,3.0
2015-06-26 11:00:00,Montrose Beach,1435316400.0,17.5,0.35,0.295,,MontroseBeach201506261100,0,17.5,0.35,0.295,3.0
2015-06-26 12:00:00,Montrose Beach,1435320000.0,,0.48,0.31,3.0,MontroseBeach201506261200,0,17.6,0.48,0.31,3.0
2015-06-26 13:00:00,Montrose Beach,1435323600.0,,0.88,0.339,3.0,MontroseBeach201506261300,0,17.8,0.88,0.339,3.0
2015-06-26 14:00:00,Montrose Beach,1435327200.0,17.6,0.55,0.365,3.0,MontroseBeach201506261400,0,17.6,0.55,0.365,3.0
2015-06-26 15:00:00,Montrose Beach,1435330800.0,17.6,0.88,0.368,3.0,MontroseBeach201506261500,0,17.6,0.88,0.368,3.0
2015-06-26 16:00:00,Montrose Beach,1435334400.0,17.5,0.94,0.371,3.0,MontroseBeach201506261600,0,17.5,0.94,0.371,3.0
2015-06-26 17:00:00,Montrose Beach,1435338000.0,17.5,1.44,0.369,4.0,MontroseBeach201506261700,0,17.5,1.44,0.369,4.0
2015-06-26 18:00:00,Montrose Beach,1435341600.0,17.5,1.12,0.387,4.0,MontroseBeach201506261800,0,17.5,1.12,0.387,4.0
2015-06-26 19:00:00,Montrose Beach,1435345200.0,17.5,1.45,0.398,3.0,MontroseBeach201506261900,0,17.5,1.45,0.398,3.0
2015-06-26 20:00:00,Montrose Beach,1435348800.0,17.4,1.22,,4.0,MontroseBeach201506262000,0,17.4,1.22,0.377,4.0
2015-06-26 21:00:00,Montrose Beach,1435352400.0,17.3,1.23,0.357,4.0,MontroseBeach201506262100,0,17.3,1.23,0.357,4.0
2015-06-26 22:00:00,Montrose Beach,1435356000.0,17.3,,0.37,4.0,MontroseBeach201506262200,0,17.3,1.32,0.37,4.0
2015-06-26 23:00:00,Montrose Beach,1435359600.0,,0.79,0.326,4.0,MontroseBeach201506262300,0,17.2,0.79,0.326,4.0
2015-06-27 00:00:00,Montrose Beach,1435363200.0,17.1,,0.305,4.0,MontroseBeach201506272400,0,17.1,0.92,0.305,4.0
2015-06-27 01:00:00,Montrose Beach,1435366800.0,17.2,1.31,0.305,4.0,MontroseBeach201506270100,0,17.2,1.31,0.305,4.0
2015-06-27 02:00:00,Montrose Beach,1435370400.0,17.0,1.32,0.334,4.0,MontroseBeach201506270200,0,17.0,1.32,0.334,4.0
2015-06-27 03:00:00,Montrose Beach,1435374000.0,16.8,1.14,0.308,,MontroseBeach201506270300,0,16.8,1.14,0.308,4.0
2015-06-27 04:00:00,Montrose Beach,1435377600.0,16.9,1.1,0.348,3.0,MontroseBeach201506270400,0,16.9,1.1,0.348,3.0
2015-06-27 05:00:00,Montrose Beach,1435381200.0,16.9,,0.364,,MontroseBeach201506270500,0,16.9,1.43,0.364,3.0
2015-06-27 06:00:00,Montrose Beach,1435384800.0,,1.33,0.345,,MontroseBeach201506270600,0,16.8,1.33,0.345,4.0
2015-06-27 07:00:00,Montrose Beach,1435388400.0,16.8,1.68,0.391,,MontroseBeach201506270700,0,16.8,1.68,0.391,3.0
2015-06-27 08:00:00,Montrose Beach,1435392000.0,16.6,1.69,0.404,,MontroseBeach201506270800,0,16.6,1.69,0.404,4.0
2015-06-27 09:00:00,Montrose Beach,1435395600.0,16.5,2.23,0.411,4.0,MontroseBeach201506270900,0,16.5,2.23,0.411,4.0
2015-06-27 10:00:00,Montrose Beach,1435399200.0,,2.31,,4.0,MontroseBeach201506271000,0,16.5,2.31,0.419,4.0
2015-06-27 11:00:00,Montrose Beach,1435402800.0,,1.98,0.418,4.0,MontroseBeach201506271100,0,16.5,1.98,0.418,4.0
2015-06-27 12:00:00,Montrose Beach,1435406400.0,16.7,2.35,0.387,4.0,MontroseBeach201506271200,0,16.7,2.35,0.387,4.0
2015-06-27 13:00:00,Montrose Beach,1435410000.0,,2.92,0.373,4.0,MontroseBeach201506271300,0,16.8,2.92,0.373,4.0
2015-06-27 14:00:00,Montrose Beach,1435413600.0,17.0,2.36,0.374,4.0,MontroseBeach201506271400,0,17.0,2.36,0.374,4.0
2015-06-27 15:00:00,Montrose Beach,1435417200.0,17.3,2.88,0.36,4.0,MontroseBeach201506271500,0,17.3,2.88,0.36,4.0
2015-06-27 16:00:00,Montrose Beach,1435420800.0,17.4,2.9,0.368,4.0,MontroseBeach201506271600,0,17.4,2.9,0.368,4.0
2015-06-27 17:00:00,Montrose Beach,1435424400.0,17.5,2.62,0.361,4.0,MontroseBeach201506271700,0,17.5,2.62,0.361,4.0
2015-06-27 18:00:00,Montrose Beach,1435428000.0,17.6,3.16,0.351,4.0,MontroseBeach201506271800,0,17.6,3.16,0.351,4.0
2015-06-27 19:00:00,Montrose Beach,1435431600.0,17.5,3.32,0.346,3.0,MontroseBeach201506271900,0,17.5,3.32,0.346,3.0
2015-06-27 20:00:00,Montrose Beach,1435435200.0,17.6,2.94,0.303,4.0,MontroseBeach201506272000,0,17.6,2.94,0.303,4.0
2015-06-27 21:00:00,Montrose Beach,1435438800.0,17.2,2.18,0.301,4.0,MontroseBeach201506272100,0,17.2,2.18,0.301,4.0
2015-06-27 22:00:00,Montrose Beach,1435442400.0,17.3,2.31,,4.0,MontroseBeach201506272200,0,17.3,2.31,0.271,4.0
2015-06-27 23:00:00,Montrose Beach,1435446000.0,17.2,2.51,0.28,4.0,MontroseBeach201506272300,0,17.2,2.51,0.28,4.0
2015-06-28 00:00:00,Montrose Beach,1435449600.0,17.2,,0.257,4.0,MontroseBeach201506282400,0,17.2,2.37,0.257,4.0
2015-06-28 01:00:00,Montrose Beach,,,,,,,1,,,,
2015-06-28 02:00:00,Montrose Beach,1435456800.0,17.0,1.83,0.279,5.0,MontroseBeach201506280200,0,17.0,1.83,0.279,5.0
2015-06-28 03:00:00,Montrose Beach,1435460400.0,16.9,1.76,0.298,5.0,MontroseBeach201506280300,0,16.9,1.76,0.298,5.0
2015-06-28 04:00:00,Montrose Beach,1435464000.0,16.9,1.98,0.294,5.0,MontroseBeach201506280400,0,16.9,1.98,0.294,5.0
2015-06-28 05:00:00,Montrose Beach,1435467600.0,16.8,2.12,0.281,4.0,MontroseBeach201506280500,0,16.8,2.12,0.281,4.0
2015-06-28 06:00:00,Montrose Beach,1435471200.0,16.8,1.77,0.289,4.0,MontroseBeach201506280600,0,16.8,1.77,0.289,4.0
2015-06-28 07:00:00,Montrose Beach,1435474800.0,16.8,1.58,0.268,5.0,MontroseBeach201506280700,0,16.8,1.58,0.268,5.0
2015-06-28 08:00:00,Montrose Beach,1435478400.0,17.0,1.53,0.264,4.0,MontroseBeach201506280800,0,17.0,1.53,0.264,4.0
2015-06-28 09:00:00,Montrose Beach,1435482000.0,17.2,1.84,0.243,4.0,MontroseBeach201506280900,0,17.2,1.84,0.243,4.0
2015-06-28 10:00:00,Montrose Beach,1435485600.0,17.9,3.03,0.239,3.0,MontroseBeach201506281000,0,17.9,3.03,0.239,3.0
2015-06-28 11:00:00,Montrose Beach,1435489200.0,17.5,,0.228,4.0,MontroseBeach201506281100,0,17.5,2.14,0.228,4.0
2015-06-28 12:00:00,Montrose Beach,1435492800.0,17.6,1.83,0.227,4.0,MontroseBeach201506281200,0,17.6,1.83,0.227,4.0
2015-06-28 13:00:00,Montrose Beach,1435496400.0,18.1,1.83,0.226,3.0,MontroseBeach201506281300,0,18.1,1.83,0.226,3.0
2015-06-28 14:00:00,Montrose Beach,1435500000.0,,1.3,0.286,4.0,MontroseBeach201506281400,0,18.0,1.3,0.286,4.0
2015-06-28 15:00:00,Montrose Beach,1435503600.0,18.1,1.46,0.205,4.0,MontroseBeach201506281500,0,18.1,1.46,0.205,4.0
2015-06-28 16:00:00,Montrose Beach,1435507200.0,18.6,1.46,,,MontroseBeach201506281600,0,18.6,1.46,0.219,4.0
2015-06-28 17:00:00,Montrose Beach,1435510800.0,18.1,1.42,0.189,4.0,MontroseBeach201506281700,0,18.1,1.42,0.189,4.0
2015-06-28 18:00:00,Montrose Beach,1435514400.0,17.9,1.22,0.195,4.0,MontroseBeach201506281800,0,17.9,1.22,0.195,4.0
2015-06-28 19:00:00,Montrose Beach,1435518000.0,17.6,0.95,0.165,6.0,MontroseBeach201506281900,0,17.6,0.95,0.165,6.0
2015-06-28 20:00:00,Montrose Beach,1435521600.0,,1.23,0.161,5.0,MontroseBeach201506282000,0,18.1,1.23,0.161,5.0
2015-06-28 21:00:00,Montrose Beach,1435525200.0,18.0,,0.146,3.0,MontroseBeach201506282100,0,18.0,1.2,0.146,3.0
2015-06-28 22:00:00,Montrose Beach,1435528800.0,17.6,1.03,0.147,3.0,MontroseBeach201506282200,0,17.6,1.03,0.147,3.0
2015-06-28 23:00:00,Montrose Beach,1435532400.0,,0.96,,9.0,MontroseBeach201506282300,0,17.4,0.96,0.147,9.0
2015-06-29 00:00:00,Montrose Beach,1435536000.0,17.6,1.16,0.147,3.0,MontroseBeach201506292400,0,17.6,1.16,0.147,3.0
2015-06-29 01:00:00,Montrose Beach,1435539600.0,17.4,0.92,,7.0,MontroseBeach201506290100,0,17.4,0.92,0.146,7.0
2015-06-29 02:00:00,Montrose Beach,1435543200.0,17.4,0.91,0.145,,MontroseBeach201506290200,0,17.4,0.91,0.145,6.0
2015-06-29 03:00:00,Montrose Beach,1435546800.0,17.4,0.97,0.131,3.0,MontroseBeach201506290300,0,17.4,0.97,0.131,3.0
2015-06-29 04:00:00,Montrose Beach,1435550400.0,17.2,0.88,,,MontroseBeach201506290400,0,17.2,0.88,0.128,3.0
2015-06-29 05:00:00,Montrose Beach,1435554000.0,17.1,0.77,0.126,4.0,MontroseBeach201506290500,0,17.1,0.77,0.126,4.0
2015-06-29 06:00:00,Montrose Beach,1435557600.0,17.1,0.73,0.115,4.0,MontroseBeach201506290600,0,17.1,0.73,0.115,4.0
2015-06-29 07:00:00,Montrose Beach,1435561200.0,17.3,0.66,0.109,3.0,MontroseBeach201506290700,0,17.3,0.66,0.109,3.0
2015-06-29 08:00:00,Montrose Beach,1435564800.0,,0.71,0.104,4.0,MontroseBeach201506290800,0,17.3,0.71,0.104,4.0
2015-06-29 09:00:00,Montrose Beach,1435568400.0,17.4,0.67,,3.0,MontroseBeach201506290900,0,17.4,0.67,0.103,3.0
2015-06-29 10:00:00,Montrose Beach,1435572000.0,17.5,0.69,0.095,3.0,MontroseBeach201506291000,0,17.5,0.69,0.095,3.0
2015-06-29 11:00:00,Montrose Beach,1435575600.0,17.5,0.66,0.096,,MontroseBeach201506291100,0,17.5,0.66,0.096,3.0
2015-06-29 12:00:00,Montrose Beach,1435579200.0,17.6,0.56,0.11,,MontroseBeach201506291200,0,17.6,0.56,0.11,3.0
2015-06-29 13:00:00,Montrose Beach,1435582800.0,17.8,0.57,0.093,4.0,MontroseBeach201506291300,0,17.8,0.57,0.093,4.0
2015-06-29 14:00:00,Montrose Beach,1435586400.0,,0.55,0.093,3.0,MontroseBeach201506291400,0,17.8,0.55,0.093,3.0
2015-06-29 15:00:00,Montrose Beach,1435590000.0,17.9,0.56,0.116,4.0,MontroseBeach201506291500,0,17.9,0.56,0.116,4.0
2015-06-29 16:00:00,Montrose Beach,1435593600.0,18.0,0.36,0.118,4.0,MontroseBeach201506291600,0,18.0,0.36,0.118,4.0
2015-06-29 17:00:00,Montrose Beach,1435597200.0,17.9,0.35,0.09,,MontroseBeach201506291700,0,17.9,0.35,0.09,8.0
2015-06-29 18:00:00,Montrose Beach,1435600800.0,17.9,0.24,0.093,7.0,MontroseBeach201506291800,0,17.9,0.24,0.093,7.0
2015-06-29 19:00:00,Montrose Beach,1435604400.0,17.8,0.29,0.095,6.0,MontroseBeach201506291900,0,17.8,0.29,0.095,6.0
2015-06-29 20:00:00,Montrose Beach,1435608000.0,17.9,0.25,0.103,5.0,MontroseBeach201506292000,0,17.9,0.25,0.103,5.0
2015-06-29 21:00:00,Montrose Beach,1435611600.0,17.6,0.26,0.087,5.0,MontroseBeach201506292100,0,17.6,0.26,0.087,5.0
2015-06-29 22:00:00,Montrose Beach,1435615200.0,17.5,,0.08,4.0,MontroseBeach201506292200,0,17.5,0.28,0.08,4.0
2015-06-29 23:00:00,Montrose Beach,1435618800.0,17.3,0.27,0.088,9.0,MontroseBeach201506292300,0,17.3,0.27,0.088,9.0
2015-06-30 00:00:00,Montrose Beach,1435622400.0,,0.32,0.087,7.0,MontroseBeach201506302400,0,17.1,0.32,0.087,7.0
2015-06-30 01:00:00,Montrose Beach,1435626000.0,17.1,0.42,0.091,6.0,MontroseBeach201506300100,0,17.1,0.42,0.091,6.0
2015-06-30 02:00:00,Montrose Beach,1435629600.0,17.1,0.41,,5.0,MontroseBeach201506300200,0,17.1,0.41,0.083,5.0
2015-06-30 03:00:00,Montrose Beach,1435633200.0,17.1,0.38,0.079,6.0,MontroseBeach201506300300,0,17.1,0.38,0.079,6.0
2015-06-30 04:00:00,Montrose Beach,1435636800.0,17.1,0.3,0.072,4.0,MontroseBeach201506300400,0,17.1,0.3,0.072,4.0
2015-06-30 05:00:00,Montrose Beach,1435640400.0,17.2,0.29,0.084,5.0,MontroseBeach201506300500,0,17.2,0.29,0.084,5.0
2015-06-30 06:00:00,Montrose Beach,1435644000.0,17.1,,0.096,4.0,MontroseBeach201506300600,0,17.1,0.4,0.096,4.0
2015-06-30 07:00:00,Montrose Beach,1435647600.0,17.2,0.27,0.107,3.0,MontroseBeach201506300700,0,17.2,0.27,0.107,3.0
2015-06-30 08:00:00,Montrose Beach,1435651200.0,17.2,,0.109,3.0,MontroseBeach201506300800,0,17.2,0.22,0.109,3.0
2015-06-30 09:00:00,Montrose Beach,1435654800.0,17.3,,0.109,3.0,MontroseBeach201506300900,0,17.3,0.29,0.109,3.0
2015-06-30 10:00:00,Montrose Beach,1435658400.0,17.5,0.23,0.101,,MontroseBeach201506301000,0,17.5,0.23,0.101,3.0
2015-06-30 11:00:00,Montrose Beach,1435662000.0,17.8,0.21,0.103,3.0,MontroseBeach201506301100,0,17.8,0.21,0.103,3.0
2015-06-30 12:00:00,Montrose Beach,1435665600.0,18.2,0.18,0.117,3.0,MontroseBeach201506301200,0,18.2,0.18,0.117,3.0
2015-06-30 13:00:00,Montrose Beach,1435669200.0,18.4,,,4.0,MontroseBeach201506301300,0,18.4,0.17,0.095,4.0
2015-06-30 14:00:00,Montrose Beach,1435672800.0,18.6,0.19,,,MontroseBeach201506301400,0,18.6,0.19,0.202,2.0
2015-06-30 15:00:00,Montrose Beach,1435676400.0,,,0.21,2.0,MontroseBeach201506301500,0,18.8,0.19,0.21,2.0
2015-06-30 16:00:00,Montrose Beach,1435680000.0,19.4,0.46,0.119,10.0,MontroseBeach201506301600,0,19.4,0.46,0.119,10.0
2015-06-30 17:00:00,Montrose Beach,1435683600.0,18.9,0.37,0.336,3.0,MontroseBeach201506301700,0,18.9,0.37,0.336,3.0
2015-06-30 18:00:00,Montrose Beach,1435687200.0,18.9,0.58,0.342,3.0,MontroseBeach201506301800,0,18.9,0.58,0.342,3.0
2015-06-30 19:00:00,Montrose Beach,1435690800.0,18.7,0.55,,,MontroseBeach201506301900,0,18.7,0.55,0.313,3.0
2015-06-30 20:00:00,Montrose Beach,1435694400.0,18.6,0.64,,,MontroseBeach201506302000,0,18.6,0.64,0.317,3.0
2015-06-30 21:00:00,Montrose Beach,1435698000.0,18.6,0.65,0.3,,MontroseBeach201506302100,0,18.6,0.65,0.3,3.0
2015-06-30 22:00:00,Montrose Beach,1435701600.0,18.4,0.57,0.284,3.0,MontroseBeach201506302200,0,18.4,0.57,0.284,3.0
2015-06-30 23:00:00,Montrose Beach,1435705200.0,18.3,0.54,,,MontroseBeach201506302300,0,18.3,0.54,0.298,3.0
2015-07-01 00:00:00,Montrose Beach,1435708800.0,18.2,0.46,0.339,4.0,MontroseBeach201507012400,0,18.2,0.46,0.339,4.0
2015-07-01 01:00:00,Montrose Beach,1435712400.0,18.2,0.56,0.382,5.0,MontroseBeach201507010100,0,18.2,0.56,0.382,5.0
2015-07-01 02:00:00,Montrose Beach,1435716000.0,18.0,,0.377,5.0,MontroseBeach201507010200,0,18.0,0.57,0.377,5.0
2015-07-01 03:00:00,Montrose Beach,1435719600.0,18.0,0.83,0.423,5.0,MontroseBeach201507010300,0,18.0,0.83,0.423,5.0
2015-07-01 04:00:00,Montrose Beach,1435723200.0,17.9,0.98,0.38,,MontroseBeach201507010400,0,17.9,0.98,0.38,6.0
2015-07-01 05:00:00,Montrose Beach,1435726800.0,,1.28,0.388,6.0,MontroseBeach201507010500,0,17.9,1.28,0.388,6.0
2015-07-01 06:00:00,Montrose Beach,1435730400.0,17.7,1.21,,6.0,MontroseBeach201507010600,0,17.7,1.21,0.385,6.0
2015-07-01 07:00:00,Montrose Beach,1435734000.0,17.7,1.08,0.389,6.0,MontroseBeach201507010700,0,17.7,1.08,0.389,6.0
2015-07-01 08:00:00,Montrose Beach,1435737600.0,17.7,,,6.0,MontroseBeach201507010800,0,17.7,1.17,0.371,6.0
2015-07-01 09:00:00,Montrose Beach,1435741200.0,17.8,1.4,0.39,5.0,MontroseBeach201507010900,0,17.8,1.4,0.39,5.0
2015-07-01 10:00:00,Montrose Beach,1435744800.0,,1.39,0.388,5.0,MontroseBeach201507011000,0,18.0,1.39,0.388,5.0
2015-07-01 11:00:00,Montrose Beach,1435748400.0,18.1,1.41,0.373,6.0,MontroseBeach201507011100,0,18.1,1.41,0.373,6.0
2015-07-01 12:00:00,Montrose Beach,1435752000.0,18.3,1.62,0.348,5.0,MontroseBeach201507011200,0,18.3,1.62,0.348,5.0
2015-07-01 13:00:00,Montrose Beach,1435755600.0,18.5,1.74,0.39,5.0,MontroseBeach201507011300,0,18.5,1.74,0.39,5.0
2015-07-01 14:00:00,Montrose Beach,1435759200.0,18.7,,0.383,6.0,MontroseBeach201507011400,0,18.7,1.97,0.383,6.0
2015-07-01 15:00:00,Montrose Beach,1435762800.0,,1.68,0.373,5.0,MontroseBeach201507011500,0,18.8,1.68,0.373,5.0
2015-07-01 16:00:00,Montrose Beach,1435766400.0,18.9,1.86,,6.0,MontroseBeach201507011600,0,18.9,1.86,0.375,6.0
2015-07-01 17:00:00,Montrose Beach,1435770000.0,18.8,1.78,0.35,5.0,MontroseBeach201507011700,0,18.8,1.78,0.35,5.0
2015-07-01 18:00:00,Montrose Beach,1435773600.0,19.0,1.38,0.36,4.0,MontroseBeach201507011800,0,19.0,1.38,0.36,4.0
2015-07-01 19:00:00,Montrose Beach,1435777200.0,19.2,1.8,0.371,5.0,MontroseBeach201507011900,0,19.2,1.8,0.371,5.0
2015-07-01 20:00:00,Montrose Beach,1435780800.0,19.2,1.99,0.361,5.0,MontroseBeach201507012000,0,19.2,1.99,0.361,5.0
2015-07-01 21:00:00,Montrose Beach,,,,,,,1,,,,
2015-07-01 22:00:00,Montrose Beach,,,,,,,1,,,,
2015-07-01 23:00:00,Montrose Beach,,,,,,,1,,,,
2015-07-02 00:00:00,Montrose Beach,,,,,,,1,,,,
2015-07-02 01:00:00,Montrose Beach,,,,,,,1,,,,
2015-07-02 02:00:00,Montrose Beach,,,,,,,1,,,,
2015-07-02 03:00:00,Montrose Beach,,,,,,,1,,,,
2015-07-02 04:00:00,Montrose Beach,,,,,,,1,,,,
2015-07-02 05:00:00,Montrose Beach,,,,,,,1,,,,
2015-07-02 06:00:00,Montrose Beach,,,,,,,1,,,,
2015-07-02 07:00:00,Montrose Beach,,,,,,,1,,,,
2015-07-02 08:00:00,Montrose Beach,,,,,,,1,,,,
2015-07-02 09:00:00,Montrose Beach,,,,,,,1,,,,
2015-07-02 10:00:00,Montrose Beach,,,,,,,1,,,,
2015-07-02 11:00:00,Montrose Beach,,,,,,,1,,,,
2015-07-02 12:00:00,Montrose Beach,,,,,,,1,,,,
2015-07-02 13:00:00,Montrose Beach,,,,,,,1,,,,
2015-07-02 14:00:00,Montrose Beach,1435845600.0,,4.65,0.408,4.0,MontroseBeach201507021400,0,18.7,4.65,0.408,4.0
2015-07-02 15:00:00,Montrose Beach,1435849200.0,18.8,5.23,0.407,,MontroseBeach201507021500,0,18.8,5.23,0.407,4.0
2015-07-02 16:00:00,Montrose Beach,1435852800.0,18.8,4.37,0.383,3.0,MontroseBeach201507021600,0,18.8,4.37,0.383,3.0
2015-07-02 17:00:00,Montrose Beach,1435856400.0,19.0,5.18,0.39,4.0,MontroseBeach201507021700,0,19.0,5.18,0.39,4.0
2015-07-02 18:00:00,Montrose Beach,1435860000.0,,,0.411,4.0,MontroseBeach201507021800,0,19.0,5.84,0.411,4.0
2015-07-02 19:00:00,Montrose Beach,1435863600.0,19.0,6.19,0.397,4.0,MontroseBeach201507021900,0,19.0,6.19,0.397,4.0
2015-07-02 20:00:00,Montrose Beach,1435867200.0,,7.05,0.417,4.0,MontroseBeach201507022000,0,18.9,7.05,0.417,4.0
2015-07-02 21:00:00,Montrose Beach,1435870800.0,18.8,,,,MontroseBeach201507022100,0,18.8,6.14,0.392,4.0
2015-07-02 22:00:00,Montrose Beach,1435874400.0,,6.5,0.387,4.0,MontroseBeach201507022200,0,18.7,6.5,0.387,4.0
2015-07-02 23:00:00,Montrose Beach,1435878000.0,18.5,6.15,0.386,4.0,MontroseBeach201507022300,0,18.5,6.15,0.386,4.0
2015-07-03 00:00:00,Montrose Beach,1435881600.0,18.5,6.17,0.358,4.0,MontroseBeach201507032400,0,18.5,6.17,0.358,4.0
2015-07-03 01:00:00,Montrose Beach,1435885200.0,18.3,6.39,0.357,4.0,MontroseBeach201507030100,0,18.3,6.39,0.357,4.0
2015-07-03 02:00:00,Montrose Beach,1435888800.0,18.2,,,4.0,MontroseBeach201507030200,0,18.2,6.12,0.324,4.0
2015-07-03 03:00:00,Montrose Beach,1435892400.0,18.2,,0.326,4.0,MontroseBeach201507030300,0,18.2,5.25,0.326,4.0
2015-07-03 04:00:00,Montrose Beach,1435896000.0,18.1,5.14,0.301,4.0,MontroseBeach201507030400,0,18.1,5.14,0.301,4.0
2015-07-03 05:00:00,Montrose Beach,1435899600.0,18.1,4.27,0.29,4.0,MontroseBeach201507030500,0,18.1,4.27,0.29,4.0
2015-07-03 06:00:00,Montrose Beach,1435903200.0,18.0,4.06,0.278,4.0,MontroseBeach201507030600,0,18.0,4.06,0.278,4.0
2015-07-03 07:00:00,Montrose Beach,1435906800.0,18.0,4.4,0.271,4.0,MontroseBeach201507030700,0,18.0,4.4,0.271,4.0
2015-07-03 08:00:00,Montrose Beach,1435910400.0,18.1,4.42,0.25,4.0,MontroseBeach201507030800,0,18.1,4.42,0.25,4.0
2015-07-03 09:00:00,Montrose Beach,1435914000.0,,4.01,0.259,4.0,MontroseBeach201507030900,0,18.2,4.01,0.259,4.0
2015-07-03 10:00:00,Montrose Beach,1435917600.0,18.4,4.07,0.245,3.0,MontroseBeach201507031000,0,18.4,4.07,0.245,3.0
2015-07-03 11:00:00,Montrose Beach,1435921200.0,18.6,4.34,0.249,4.0,MontroseBeach201507031100,0,18.6,4.34,0.249,4.0
2015-07-03 12:00:00,Montrose Beach,1435924800.0,18.8,3.7,0.239,3.0,MontroseBeach201507031200,0,18.8,3.7,0.239,3.0
2015-07-03 13:00:00,Montrose Beach,1435928400.0,19.1,3.5,0.242,3.0,MontroseBeach201507031300,0,19.1,3.5,0.242,3.0
2015-07-03 14:00:00,Montrose Beach,1435932000.0,19.4,,0.233,4.0,MontroseBeach201507031400,0,19.4,3.88,0.233,4.0
2015-07-03 15:00:00,Montrose Beach,1435935600.0,,,0.22,3.0,MontroseBeach201507031500,0,20.6,3.95,0.22,3.0
2015-07-03 16:00:00,Montrose Beach,1435939200.0,20.6,3.71,0.213,3.0,MontroseBeach201507031600,0,20.6,3.71,0.213,3.0
2015-07-03 17:00:00,Montrose Beach,1435942800.0,21.3,4.34,,,MontroseBeach201507031700,0,21.3,4.34,0.205,3.0
2015-07-03 18:00:00,Montrose Beach,1435946400.0,21.8,4.79,,3.0,MontroseBeach201507031800,0,21.8,4.79,0.199,3.0
2015-07-03 19:00:00,Montrose Beach,1435950000.0,21.0,3.84,0.165,,MontroseBeach201507031900,0,21.0,3.84,0.165,4.0
2015-07-03 20:00:00,Montrose Beach,1435953600.0,,3.96,0.184,4.0,MontroseBeach201507032000,0,20.5,3.96,0.184,4.0
2015-07-03 21:00:00,Montrose Beach,1435957200.0,20.8,4.3,0.166,4.0,MontroseBeach201507032100,0,20.8,4.3,0.166,4.0
2015-07-03 22:00:00,Montrose Beach,1435960800.0,20.4,3.98,0.153,3.0,MontroseBeach201507032200,0,20.4,3.98,0.153,3.0
2015-07-03 23:00:00,Montrose Beach,1435964400.0,,3.69,,,MontroseBeach201507032300,0,20.0,3.69,0.17,3.0
2015-07-04 00:00:00,Montrose Beach,1435968000.0,20.0,4.46,0.158,3.0,MontroseBeach201507042400,0,20.0,4.46,0.158,3.0
2015-07-04 01:00:00,Montrose Beach,1435971600.0,19.4,,0.142,3.0,MontroseBeach201507040100,0,19.4,3.52,0.142,3.0
2015-07-04 02:00:00,Montrose Beach,1435975200.0,19.2,2.98,0.13,3.0,MontroseBeach201507040200,0,19.2,2.98,0.13,3.0
2015-07-04 03:00:00,Montrose Beach,1435978800.0,19.1,2.75,0.135,,MontroseBeach201507040300,0,19.1,2.75,0.135,3.0
2015-07-04 04:00:00,Montrose Beach,1435982400.0,,2.34,0.14,4.0,MontroseBeach201507040400,0,18.9,2.34,0.14,4.0
2015-07-04 05:00:00,Montrose Beach,1435986000.0,18.8,2.2,0.125,3.0,MontroseBeach201507040500,0,18.8,2.2,0.125,3.0
2015-07-04 06:00:00,Montrose Beach,1435989600.0,18.8,2.32,0.119,4.0,MontroseBeach201507040600,0,18.8,2.32,0.119,4.0
2015-07-04 07:00:00,Montrose Beach,1435993200.0,18.9,2.48,0.122,7.0,MontroseBeach201507040700,0,18.9,2.48,0.122,7.0
2015-07-04 08:00:00,Montrose Beach,1435996800.0,18.9,2.2,0.112,4.0,MontroseBeach201507040800,0,18.9,2.2,0.112,4.0
2015-07-04 09:00:00,Montrose Beach,1436000400.0,19.1,1.84,0.131,3.0,MontroseBeach201507040900,0,19.1,1.84,0.131,3.0
2015-07-04 10:00:00,Montrose Beach,1436004000.0,19.4,,0.108,4.0,MontroseBeach201507041000,0,19.4,1.92,0.108,4.0
2015-07-04 11:00:00,Montrose Beach,1436007600.0,19.8,,0.131,3.0,MontroseBeach201507041100,0,19.8,1.8,0.131,3.0
2015-07-04 12:00:00,Montrose Beach,1436011200.0,20.1,2.19,0.178,4.0,MontroseBeach201507041200,0,20.1,2.19,0.178,4.0
2015-07-04 13:00:00,Montrose Beach,1436014800.0,20.0,2.3,0.15,3.0,MontroseBeach201507041300,0,20.0,2.3,0.15,3.0
2015-07-04 14:00:00,Montrose Beach,1436018400.0,,1.99,,3.0,MontroseBeach201507041400,0,19.9,1.99,0.224,3.0
2015-07-04 15:00:00,Montrose Beach,1436022000.0,19.8,1.8,0.152,3.0,MontroseBeach201507041500,0,19.8,1.8,0.152,3.0
2015-07-04 16:00:00,Montrose Beach,1436025600.0,,2.08,0.203,3.0,MontroseBeach201507041600,0,20.5,2.08,0.203,3.0
2015-07-04 17:00:00,Montrose Beach,1436029200.0,20.1,1.62,0.133,4.0,MontroseBeach201507041700,0,20.1,1.62,0.133,4.0
2015-07-04 18:00:00,Montrose Beach,1436032800.0,20.2,1.89,0.177,7.0,MontroseBeach201507041800,0,20.2,1.89,0.177,7.0
2015-07-04 19:00:00,Montrose Beach,1436036400.0,20.1,1.88,,6.0,MontroseBeach201507041900,0,20.1,1.88,0.161,6.0
2015-07-04 20:00:00,Montrose Beach,1436040000.0,20.0,1.89,0.124,6.0,MontroseBeach201507042000,0,20.0,1.89,0.124,6.0
2015-07-04 21:00:00,Montrose Beach,1436043600.0,,1.36,0.128,3.0,MontroseBeach201507042100,0,19.3,1.36,0.128,3.0
2015-07-04 22:00:00,Montrose Beach,1436047200.0,19.1,1.41,0.12,3.0,MontroseBeach201507042200,0,19.1,1.41,0.12,3.0
2015-07-04 23:00:00,Montrose Beach,1436050800.0,18.8,1.26,0.141,3.0,MontroseBeach201507042300,0,18.8,1.26,0.141,3.0
2015-07-05 00:00:00,Montrose Beach,1436054400.0,18.5,1.04,,8.0,MontroseBeach201507052400,0,18.5,1.04,0.136,8.0
2015-07-05 01:00:00,Montrose Beach,,,,,,,1,,,,
2015-07-05 02:00:00,Montrose Beach,,,,,,,1,,,,
2015-07-05 03:00:00,Montrose Beach,1436065200.0,18.3,0.94,0.101,,MontroseBeach201507050300,0,18.3,0.94,0.101,5.0
2015-07-05 04:00:00,Montrose Beach,1436068800.0,18.2,0.83,0.096,,MontroseBeach201507050400,0,18.2,0.83,0.096,4.0
2015-07-05 05:00:00,Montrose Beach,1436072400.0,18.2,0.71,0.099,9.0,MontroseBeach201507050500,0,18.2,0.71,0.099,9.0
2015-07-05 06:00:00,Montrose Beach,1436076000.0,18.4,1.08,0.124,7.0,MontroseBeach201507050600,0,18.4,1.08,0.124,7.0
2015-07-05 07:00:00,Montrose Beach,1436079600.0,18.6,1.02,0.106,6.0,MontroseBeach201507050700,0,18.6,1.02,0.106,6.0
2015-07-05 08:00:00,Montrose Beach,1436083200.0,18.8,1.04,0.104,5.0,MontroseBeach201507050800,0,18.8,1.04,0.104,5.0
2015-07-05 09:00:00,Montrose Beach,1436086800.0,19.0,0.83,0.095,5.0,MontroseBeach201507050900,0,19.0,0.83,0.095,5.0
2015-07-05 10:00:00,Montrose Beach,1436090400.0,19.3,0.84,0.106,4.0,MontroseBeach201507051000,0,19.3,0.84,0.106,4.0
2015-07-05 11:00:00,Montrose Beach,1436094000.0,19.6,0.86,0.115,3.0,MontroseBeach201507051100,0,19.6,0.86,0.115,3.0
2015-07-05 12:00:00,Montrose Beach,1436097600.0,19.6,0.87,0.169,4.0,MontroseBeach201507051200,0,19.6,0.87,0.169,4.0
2015-07-05 13:00:00,Montrose Beach,1436101200.0,19.6,0.9,,5.0,MontroseBeach201507051300,0,19.6,0.9,0.176,5.0
2015-07-05 14:00:00,Montrose Beach,1436104800.0,,0.69,0.212,4.0,MontroseBeach201507051400,0,19.4,0.69,0.212,4.0
2015-07-05 15:00:00,Montrose Beach,1436108400.0,19.3,0.58,0.18,2.0,MontroseBeach201507051500,0,19.3,0.58,0.18,2.0
2015-07-05 16:00:00,Montrose Beach,1436112000.0,19.4,0.56,0.177,3.0,MontroseBeach201507051600,0,19.4,0.56,0.177,3.0
2015-07-05 17:00:00,Montrose Beach,1436115600.0,20.2,,0.201,,MontroseBeach201507051700,0,20.2,0.62,0.201,8.0
2015-07-05 18:00:00,Montrose Beach,1436119200.0,20.1,0.84,0.209,7.0,MontroseBeach201507051800,0,20.1,0.84,0.209,7.0
2015-07-05 19:00:00,Montrose Beach,1436122800.0,19.5,0.77,0.183,7.0,MontroseBeach201507051900,0,19.5,0.77,0.183,7.0
2015-07-05 20:00:00,Montrose Beach,1436126400.0,19.0,0.58,0.155,6.0,MontroseBeach201507052000,0,19.0,0.58,0.155,6.0
2015-07-05 21:00:00,Montrose Beach,1436130000.0,18.8,0.48,0.155,4.0,MontroseBeach201507052100,0,18.8,0.48,0.155,4.0
2015-07-05 22:00:00,Montrose Beach,1436133600.0,18.6,0.44,0.15,3.0,MontroseBeach201507052200,0,18.6,0.44,0.15,3.0
2015-07-05 23:00:00,Montrose Beach,1436137200.0,18.4,0.38,0.136,5.0,MontroseBeach201507052300,0,18.4,0.38,0.136,5.0
2015-07-06 00:00:00,Montrose Beach,1436140800.0,18.3,0.42,0.131,,MontroseBeach201507062400,0,18.3,0.42,0.131,7.0
2015-07-06 01:00:00,Montrose Beach,1436144400.0,18.2,0.44,0.136,6.0,MontroseBeach201507060100,0,18.2,0.44,0.136,6.0
2015-07-06 02:00:00,Montrose Beach,1436148000.0,18.2,0.45,0.119,5.0,MontroseBeach201507060200,0,18.2,0.45,0.119,5.0
2015-07-06 03:00:00,Montrose Beach,1436151600.0,18.1,0.33,0.114,5.0,MontroseBeach201507060300,0,18.1,0.33,0.114,5.0
2015-07-06 04:00:00,Montrose Beach,1436155200.0,18.1,0.42,0.107,4.0,MontroseBeach201507060400,0,18.1,0.42,0.107,4.0
2015-07-06 05:00:00,Montrose Beach,1436158800.0,18.0,,0.11,,MontroseBeach201507060500,0,18.0,0.33,0.11,9.0
2015-07-06 06:00:00,Montrose Beach,1436162400.0,18.0,0.32,,8.0,MontroseBeach201507060600,0,18.0,0.32,0.107,8.0
2015-07-06 07:00:00,Montrose Beach,1436166000.0,18.0,0.26,0.109,7.0,MontroseBeach201507060700,0,18.0,0.26,0.109,7.0
2015-07-06 08:00:00,Montrose Beach,1436169600.0,,,,7.0,MontroseBeach201507060800,0,18.1,0.3,0.099,7.0
2015-07-06 09:00:00,Montrose Beach,1436173200.0,18.1,0.25,0.107,3.0,MontroseBeach201507060900,0,18.1,0.25,0.107,3.0
2015-07-06 10:00:00,Montrose Beach,1436176800.0,18.3,0.22,0.126,4.0,MontroseBeach201507061000,0,18.3,0.22,0.126,4.0
2015-07-06 11:00:00,Montrose Beach,1436180400.0,18.4,0.25,0.104,3.0,MontroseBeach201507061100,0,18.4,0.25,0.104,3.0
2015-07-06 12:00:00,Montrose Beach,1436184000.0,18.4,,0.11,3.0,MontroseBeach201507061200,0,18.4,0.23,0.11,3.0
2015-07-06 13:00:00,Montrose Beach,1436187600.0,18.7,0.31,0.101,4.0,MontroseBeach201507061300,0,18.7,0.31,0.101,4.0
2015-07-06 14:00:00,Montrose Beach,1436191200.0,19.0,0.38,0.117,4.0,MontroseBeach201507061400,0,19.0,0.38,0.117,4.0
2015-07-06 15:00:00,Montrose Beach,1436194800.0,18.7,0.35,,4.0,MontroseBeach201507061500,0,18.7,0.35,0.122,4.0
2015-07-06 16:00:00,Montrose Beach,1436198400.0,,0.4,0.12,4.0,MontroseBeach201507061600,0,19.0,0.4,0.12,4.0
2015-07-06 17:00:00,Montrose Beach,1436202000.0,19.3,0.36,0.109,,MontroseBeach201507061700,0,19.3,0.36,0.109,4.0
2015-07-06 18:00:00,Montrose Beach,1436205600.0,18.5,0.36,0.12,,MontroseBeach201507061800,0,18.5,0.36,0.12,7.0
2015-07-06 19:00:00,Montrose Beach,1436209200.0,18.4,0.34,0.101,6.0,MontroseBeach201507061900,0,18.4,0.34,0.101,6.0
2015-07-06 20:00:00,Montrose Beach,1436212800.0,,0.3,0.106,5.0,MontroseBeach201507062000,0,18.0,0.3,0.106,5.0
2015-07-06 21:00:00,Montrose Beach,1436216400.0,18.3,0.43,0.103,7.0,MontroseBeach201507062100,0,18.3,0.43,0.103,7.0
2015-07-06 22:00:00,Montrose Beach,1436220000.0,,0.29,0.094,,MontroseBeach201507062200,0,18.0,0.29,0.094,3.0
2015-07-06 23:00:00,Montrose Beach,1436223600.0,18.1,0.32,0.088,10.0,MontroseBeach201507062300,0,18.1,0.32,0.088,10.0
2015-07-07 00:00:00,Montrose Beach,1436227200.0,18.0,,0.092,8.0,MontroseBeach201507072400,0,18.0,0.32,0.092,8.0
2015-07-07 01:00:00,Montrose Beach,1436230800.0,18.0,0.27,0.109,6.0,MontroseBeach201507070100,0,18.0,0.27,0.109,6.0
2015-07-07 02:00:00,Montrose Beach,1436234400.0,18.0,0.22,0.106,6.0,MontroseBeach201507070200,0,18.0,0.22,0.106,6.0
2015-07-07 03:00:00,Montrose Beach,1436238000.0,18.0,0.25,0.107,6.0,MontroseBeach201507070300,0,18.0,0.25,0.107,6.0
2015-07-07 04:00:00,Montrose Beach,1436241600.0,18.1,0.26,0.114,10.0,MontroseBeach201507070400,0,18.1,0.26,0.114,10.0
2015-07-07 05:00:00,Montrose Beach,1436245200.0,,1.24,0.415,,MontroseBeach201507070500,0,17.5,1.24,0.415,4.0
2015-07-07 06:00:00,Montrose Beach,1436248800.0,,2.05,0.509,,MontroseBeach201507070600,0,17.4,2.05,0.509,4.0
2015-07-07 07:00:00,Montrose Beach,1436252400.0,17.3,,,4.0,MontroseBeach201507070700,0,17.3,2.72,0.509,4.0
2015-07-07 08:00:00,Montrose Beach,1436256000.0,17.3,4.05,0.503,5.0,MontroseBeach201507070800,0,17.3,4.05,0.503,5.0
2015-07-07 09:00:00,Montrose Beach,1436259600.0,17.2,5.59,0.511,6.0,MontroseBeach201507070900,0,17.2,5.59,0.511,6.0
2015-07-07 10:00:00,Montrose Beach,1436263200.0,17.2,5.86,0.514,6.0,MontroseBeach201507071000,0,17.2,5.86,0.514,6.0
2015-07-07 11:00:00,Montrose Beach,1436266800.0,17.5,8.09,0.556,6.0,MontroseBeach201507071100,0,17.5,8.09,0.556,6.0
2015-07-07 12:00:00,Montrose Beach,1436270400.0,17.8,22.24,0.566,7.0,MontroseBeach201507071200,0,17.8,22.24,0.566,7.0
2015-07-07 13:00:00,Montrose Beach,1436274000.0,17.9,9.52,0.594,6.0,MontroseBeach201507071300,0,17.9,9.52,0.594,6.0
2015-07-07 14:00:00,Montrose Beach,1436277600.0,18.2,,0.57,5.0,MontroseBeach201507071400,0,18.2,10.13,0.57,5.0
2015-07-07 15:00:00,Montrose Beach,1436281200.0,18.1,12.35,,6.0,MontroseBeach201507071500,0,18.1,12.35,0.539,6.0
2015-07-07 16:00:00,Montrose Beach,1436284800.0,17.8,12.54,0.542,7.0,MontroseBeach201507071600,0,17.8,12.54,0.542,7.0
2015-07-07 17:00:00,Montrose Beach,1436288400.0,,10.38,,,MontroseBeach201507071700,0,17.5,10.38,0.496,7.0
2015-07-07 18:00:00,Montrose Beach,1436292000.0,16.9,8.56,0.526,6.0,MontroseBeach201507071800,0,16.9,8.56,0.526,6.0
2015-07-07 19:00:00,Montrose Beach,1436295600.0,17.2,9.88,0.528,6.0,MontroseBeach201507071900,0,17.2,9.88,0.528,6.0
2015-07-07 20:00:00,Montrose Beach,1436299200.0,17.4,11.78,0.521,8.0,MontroseBeach201507072000,0,17.4,11.78,0.521,8.0
2015-07-07 21:00:00,Montrose Beach,1436302800.0,17.4,12.11,0.531,7.0,MontroseBeach201507072100,0,17.4,12.11,0.531,7.0
2015-07-07 22:00:00,Montrose Beach,1436306400.0,17.3,12.8,0.517,7.0,MontroseBeach201507072200,0,17.3,12.8,0.517,7.0
2015-07-07 23:00:00,Montrose Beach,1436310000.0,17.2,13.82,0.472,7.0,MontroseBeach201507072300,0,17.2,13.82,0.472,7.0
2015-07-08 00:00:00,Montrose Beach,1436313600.0,17.2,14.48,,6.0,MontroseBeach201507082400,0,17.2,14.48,0.484,6.0
2015-07-08 01:00:00,Montrose Beach,1436317200.0,,13.46,0.492,6.0,MontroseBeach201507080100,0,17.1,13.46,0.492,6.0
2015-07-08 02:00:00,Montrose Beach,1436320800.0,17.0,13.63,,,MontroseBeach201507080200,0,17.0,13.63,0.487,5.0
2015-07-08 03:00:00,Montrose Beach,1436324400.0,16.9,14.9,0.478,6.0,MontroseBeach201507080300,0,16.9,14.9,0.478,6.0
2015-07-08 04:00:00,Montrose Beach,1436328000.0,16.9,13.5,0.465,6.0,MontroseBeach201507080400,0,16.9,13.5,0.465,6.0
2015-07-08 05:00:00,Montrose Beach,1436331600.0,16.7,9.38,0.416,5.0,MontroseBeach201507080500,0,16.7,9.38,0.416,5.0
2015-07-08 06:00:00,Montrose Beach,1436335200.0,16.8,10.91,,4.0,MontroseBeach201507080600,0,16.8,10.91,0.415,4.0
2015-07-08 07:00:00,Montrose Beach,1436338800.0,16.7,10.25,,5.0,MontroseBeach201507080700,0,16.7,10.25,0.383,5.0
2015-07-08 08:00:00,Montrose Beach,1436342400.0,16.7,,0.364,,MontroseBeach201507080800,0,16.7,10.09,0.364,4.0
2015-07-08 09:00:00,Montrose Beach,1436346000.0,16.8,8.79,0.348,5.0,MontroseBeach201507080900,0,16.8,8.79,0.348,5.0
2015-07-08 10:00:00,Montrose Beach,1436349600.0,,9.49,0.325,,MontroseBeach201507081000,0,16.9,9.49,0.325,4.0
2015-07-08 11:00:00,Montrose Beach,1436353200.0,16.9,8.38,0.303,3.0,MontroseBeach201507081100,0,16.9,8.38,0.303,3.0
2015-07-08 12:00:00,Montrose Beach,1436356800.0,16.9,9.14,0.291,4.0,MontroseBeach201507081200,0,16.9,9.14,0.291,4.0
2015-07-08 13:00:00,Montrose Beach,1436360400.0,16.9,9.65,0.281,3.0,MontroseBeach201507081300,0,16.9,9.65,0.281,3.0
2015-07-08 14:00:00,Montrose Beach,1436364000.0,17.1,8.46,0.272,,MontroseBeach201507081400,0,17.1,8.46,0.272,3.0
2015-07-08 15:00:00,Montrose Beach,1436367600.0,17.2,9.07,0.276,3.0,MontroseBeach201507081500,0,17.2,9.07,0.276,3.0
2015-07-08 16:00:00,Montrose Beach,1436371200.0,17.2,8.05,0.252,3.0,MontroseBeach201507081600,0,17.2,8.05,0.252,3.0
2015-07-08 17:00:00,Montrose Beach,1436374800.0,17.2,7.91,0.25,,MontroseBeach201507081700,0,17.2,7.91,0.25,4.0
2015-07-08 18:00:00,Montrose Beach,1436378400.0,17.3,8.91,0.256,3.0,MontroseBeach201507081800,0,17.3,8.91,0.256,3.0
2015-07-08 19:00:00,Montrose Beach,1436382000.0,17.4,8.12,0.236,4.0,MontroseBeach201507081900,0,17.4,8.12,0.236,4.0
2015-07-08 20:00:00,Montrose Beach,1436385600.0,,8.46,,3.0,MontroseBeach201507082000,0,17.4,8.46,0.221,3.0
2015-07-08 21:00:00,Montrose Beach,1436389200.0,17.3,8.64,0.229,3.0,MontroseBeach201507082100,0,17.3,8.64,0.229,3.0
2015-07-08 22:00:00,Montrose Beach,1436392800.0,17.1,9.49,0.265,3.0,MontroseBeach201507082200,0,17.1,9.49,0.265,3.0
2015-07-08 23:00:00,Montrose Beach,1436396400.0,17.0,9.04,0.272,2.0,MontroseBeach201507082300,0,17.0,9.04,0.272,2.0
2015-07-09 00:00:00,Montrose Beach,1436400000.0,17.0,8.6,0.265,4.0,MontroseBeach201507092400,0,17.0,8.6,0.265,4.0
2015-07-09 01:00:00,Montrose Beach,1436403600.0,,9.67,0.298,3.0,MontroseBeach201507090100,0,17.0,9.67,0.298,3.0
2015-07-09 02:00:00,Montrose Beach,1436407200.0,17.0,,,,MontroseBeach201507090200,0,17.0,9.66,0.31,3.0
2015-07-09 03:00:00,Montrose Beach,1436410800.0,,9.97,0.334,,MontroseBeach201507090300,0,17.0,9.97,0.334,3.0
2015-07-09 04:00:00,Montrose Beach,1436414400.0,17.0,,0.355,3.0,MontroseBeach201507090400,0,17.0,9.77,0.355,3.0
2015-07-09 05:00:00,Montrose Beach,1436418000.0,17.0,,,3.0,MontroseBeach201507090500,0,17.0,9.81,0.356,3.0
2015-07-09 06:00:00,Montrose Beach,1436421600.0,16.9,10.41,0.361,3.0,MontroseBeach201507090600,0,16.9,10.41,0.361,3.0
2015-07-09 07:00:00,Montrose Beach,1436425200.0,16.9,12.2,0.361,4.0,MontroseBeach201507090700,0,16.9,12.2,0.361,4.0
2015-07-09 08:00:00,Montrose Beach,1436428800.0,16.9,12.44,0.357,4.0,MontroseBeach201507090800,0,16.9,12.44,0.357,4.0
2015-07-09 09:00:00,Montrose Beach,1436432400.0,16.9,10.26,0.377,,MontroseBeach201507090900,0,16.9,10.26,0.377,3.0
2015-07-09 10:00:00,Montrose Beach,1436436000.0,16.9,7.71,0.369,,MontroseBeach201507091000,0,16.9,7.71,0.369,4.0
2015-07-09 11:00:00,Montrose Beach,1436439600.0,17.0,8.69,0.367,4.0,MontroseBeach201507091100,0,17.0,8.69,0.367,4.0
2015-07-09 12:00:00,Montrose Beach,1436443200.0,17.2,8.52,0.351,4.0,MontroseBeach201507091200,0,17.2,8.52,0.351,4.0
2015-07-09 13:00:00,Montrose Beach,1436446800.0,17.4,6.89,0.315,4.0,MontroseBeach201507091300,0,17.4,6.89,0.315,4.0
2015-07-09 14:00:00,Montrose Beach,1436450400.0,17.4,6.05,0.319,4.0,MontroseBeach201507091400,0,17.4,6.05,0.319,4.0
2015-07-09 15:00:00,Montrose Beach,1436454000.0,17.7,5.75,0.314,4.0,MontroseBeach201507091500,0,17.7,5.75,0.314,4.0
2015-07-09 16:00:00,Montrose Beach,1436457600.0,18.1,6.85,0.297,3.0,MontroseBeach201507091600,0,18.1,6.85,0.297,3.0
2015-07-09 17:00:00,Montrose Beach,1436461200.0,18.2,6.16,0.289,3.0,MontroseBeach201507091700,0,18.2,6.16,0.289,3.0
2015-07-09 18:00:00,Montrose Beach,1436464800.0,,,0.266,3.0,MontroseBeach201507091800,0,18.6,5.86,0.266,3.0
2015-07-09 19:00:00,Montrose Beach,1436468400.0,18.7,7.55,0.242,,MontroseBeach201507091900,0,18.7,7.55,0.242,3.0
2015-07-09 20:00:00,Montrose Beach,1436472000.0,18.3,6.83,,3.0,MontroseBeach201507092000,0,18.3,6.83,0.215,3.0
2015-07-09 21:00:00,Montrose Beach,1436475600.0,17.8,6.16,,3.0,MontroseBeach201507092100,0,17.8,6.16,0.185,3.0
2015-07-09 22:00:00,Montrose Beach,1436479200.0,,5.06,0.177,3.0,MontroseBeach201507092200,0,17.7,5.06,0.177,3.0
2015-07-09 23:00:00,Montrose Beach,1436482800.0,17.5,4.26,,3.0,MontroseBeach201507092300,0,17.5,4.26,0.158,3.0
2015-07-10 00:00:00,Montrose Beach,1436486400.0,17.6,4.67,0.147,3.0,MontroseBeach201507102400,0,17.6,4.67,0.147,3.0
2015-07-10 01:00:00,Montrose Beach,1436490000.0,17.5,4.35,,7.0,MontroseBeach201507100100,0,17.5,4.35,0.154,7.0
2015-07-10 02:00:00,Montrose Beach,1436493600.0,17.5,4.05,0.133,6.0,MontroseBeach201507100200,0,17.5,4.05,0.133,6.0
2015-07-10 03:00:00,Montrose Beach,1436497200.0,17.4,3.98,0.135,3.0,MontroseBeach201507100300,0,17.4,3.98,0.135,3.0
2015-07-10 04:00:00,Montrose Beach,1436500800.0,17.4,3.94,0.133,,MontroseBeach201507100400,0,17.4,3.94,0.133,3.0
2015-07-10 05:00:00,Montrose Beach,1436504400.0,17.3,4.3,0.133,,MontroseBeach201507100500,0,17.3,4.3,0.133,3.0
2015-07-10 06:00:00,Montrose Beach,1436508000.0,17.4,4.8,0.138,8.0,MontroseBeach201507100600,0,17.4,4.8,0.138,8.0
2015-07-10 07:00:00,Montrose Beach,1436511600.0,17.4,4.77,0.154,7.0,MontroseBeach201507100700,0,17.4,4.77,0.154,7.0
2015-07-10 08:00:00,Montrose Beach,1436515200.0,17.5,4.78,0.142,,MontroseBeach201507100800,0,17.5,4.78,0.142,3.0
2015-07-10 09:00:00,Montrose Beach,1436518800.0,17.5,4.2,0.143,,MontroseBeach201507100900,0,17.5,4.2,0.143,5.0
2015-07-10 10:00:00,Montrose Beach,1436522400.0,17.7,3.65,0.129,3.0,MontroseBeach201507101000,0,17.7,3.65,0.129,3.0
2015-07-10 11:00:00,Montrose Beach,1436526000.0,,4.42,0.127,,MontroseBeach201507101100,0,18.3,4.42,0.127,3.0
2015-07-10 12:00:00,Montrose Beach,1436529600.0,18.9,4.6,0.124,4.0,MontroseBeach201507101200,0,18.9,4.6,0.124,4.0
2015-07-10 13:00:00,Montrose Beach,1436533200.0,19.0,4.36,0.143,4.0,MontroseBeach201507101300,0,19.0,4.36,0.143,4.0
2015-07-10 14:00:00,Montrose Beach,1436536800.0,19.8,4.18,0.116,,MontroseBeach201507101400,0,19.8,4.18,0.116,3.0
2015-07-10 15:00:00,Montrose Beach,1436540400.0,19.6,4.02,0.106,,MontroseBeach201507101500,0,19.6,4.02,0.106,3.0
2015-07-10 16:00:00,Montrose Beach,1436544000.0,19.3,,0.12,9.0,MontroseBeach201507101600,0,19.3,3.95,0.12,9.0
2015-07-10 17:00:00,Montrose Beach,1436547600.0,19.5,3.67,0.15,8.0,MontroseBeach201507101700,0,19.5,3.67,0.15,8.0
2015-07-10 18:00:00,Montrose Beach,1436551200.0,,3.51,,7.0,MontroseBeach201507101800,0,19.1,3.51,0.131,7.0
2015-07-10 19:00:00,Montrose Beach,1436554800.0,18.8,3.54,0.106,6.0,MontroseBeach201507101900,0,18.8,3.54,0.106,6.0
2015-07-10 20:00:00,Montrose Beach,1436558400.0,18.4,3.36,,5.0,MontroseBeach201507102000,0,18.4,3.36,0.11,5.0
2015-07-10 21:00:00,Montrose Beach,1436562000.0,18.1,3.2,0.111,,MontroseBeach201507102100,0,18.1,3.2,0.111,5.0
2015-07-10 22:00:00,Montrose Beach,1436565600.0,17.8,3.14,0.106,5.0,MontroseBeach201507102200,0,17.8,3.14,0.106,5.0
2015-07-10 23:00:00,Montrose Beach,1436569200.0,17.9,3.32,,8.0,MontroseBeach201507102300,0,17.9,3.32,0.097,8.0
2015-07-11 00:00:00,Montrose Beach,1436572800.0,17.8,2.87,0.103,,MontroseBeach201507112400,0,17.8,2.87,0.103,7.0
2015-07-11 01:00:00,Montrose Beach,1436576400.0,17.7,,0.113,,MontroseBeach201507110100,0,17.7,2.64,0.113,7.0
2015-07-11 02:00:00,Montrose Beach,1436580000.0,17.6,2.71,0.108,6.0,MontroseBeach201507110200,0,17.6,2.71,0.108,6.0
2015-07-11 03:00:00,Montrose Beach,1436583600.0,17.7,2.93,0.101,4.0,MontroseBeach201507110300,0,17.7,2.93,0.101,4.0
2015-07-11 04:00:00,Montrose Beach,1436587200.0,17.7,2.96,,5.0,MontroseBeach201507110400,0,17.7,2.96,0.106,5.0
2015-07-11 05:00:00,Montrose Beach,1436590800.0,17.6,2.5,,4.0,MontroseBeach201507110500,0,17.6,2.5,0.127,4.0
2015-07-11 06:00:00,Montrose Beach,1436594400.0,17.6,2.58,0.111,8.0,MontroseBeach201507110600,0,17.6,2.58,0.111,8.0
2015-07-11 07:00:00,Montrose Beach,1436598000.0,17.6,2.52,0.123,6.0,MontroseBeach201507110700,0,17.6,2.52,0.123,6.0
2015-07-11 08:00:00,Montrose Beach,1436601600.0,17.9,2.56,0.098,,MontroseBeach201507110800,0,17.9,2.56,0.098,6.0
2015-07-11 09:00:00,Montrose Beach,1436605200.0,17.9,2.46,,,MontroseBeach201507110900,0,17.9,2.46,0.097,6.0
2015-07-11 10:00:00,Montrose Beach,1436608800.0,18.0,2.37,0.134,,MontroseBeach201507111000,0,18.0,2.37,0.134,3.0
2015-07-11 11:00:00,Montrose Beach,1436612400.0,18.2,2.51,0.093,6.0,MontroseBeach201507111100,0,18.2,2.51,0.093,6.0
2015-07-11 12:00:00,Montrose Beach,1436616000.0,18.3,,0.141,3.0,MontroseBeach201507111200,0,18.3,2.26,0.141,3.0
2015-07-11 13:00:00,Montrose Beach,1436619600.0,18.2,2.25,,,MontroseBeach201507111300,0,18.2,2.25,0.177,3.0
2015-07-11 14:00:00,Montrose Beach,1436623200.0,18.2,2.03,,3.0,MontroseBeach201507111400,0,18.2,2.03,0.144,3.0
2015-07-11 15:00:00,Montrose Beach,1436626800.0,18.0,1.85,0.121,,MontroseBeach201507111500,0,18.0,1.85,0.121,7.0
2015-07-11 16:00:00,Montrose Beach,1436630400.0,18.0,1.61,0.183,3.0,MontroseBeach201507111600,0,18.0,1.61,0.183,3.0
2015-07-11 17:00:00,Montrose Beach,1436634000.0,17.9,1.47,0.129,9.0,MontroseBeach201507111700,0,17.9,1.47,0.129,9.0
2015-07-11 18:00:00,Montrose Beach,1436637600.0,18.0,1.44,0.133,7.0,MontroseBeach201507111800,0,18.0,1.44,0.133,7.0
2015-07-11 19:00:00,Montrose Beach,1436641200.0,17.9,1.31,0.153,3.0,MontroseBeach201507111900,0,17.9,1.31,0.153,3.0
2015-07-11 20:00:00,Montrose Beach,1436644800.0,17.7,1.12,0.122,5.0,MontroseBeach201507112000,0,17.7,1.12,0.122,5.0
2015-07-11 21:00:00,Montrose Beach,1436648400.0,17.9,1.14,0.12,5.0,MontroseBeach201507112100,0,17.9,1.14,0.12,5.0
2015-07-11 22:00:00,Montrose Beach,1436652000.0,17.8,1.13,0.11,5.0,MontroseBeach201507112200,0,17.8,1.13,0.11,5.0
2015-07-11 23:00:00,Montrose Beach,1436655600.0,17.6,0.9,,9.0,MontroseBeach201507112300,0,17.6,0.9,0.122,9.0
2015-07-12 00:00:00,Montrose Beach,1436659200.0,,0.87,,7.0,MontroseBeach201507122400,0,17.4,0.87,0.12,7.0
2015-07-12 01:00:00,Montrose Beach,,,,,,,1,,,,
2015-07-12 02:00:00,Montrose Beach,1436666400.0,,0.6,0.108,5.0,MontroseBeach201507120200,0,17.2,0.6,0.108,5.0
2015-07-12 03:00:00,Montrose Beach,1436670000.0,,0.59,0.104,5.0,MontroseBeach201507120300,0,17.2,0.59,0.104,5.0
2015-07-12 04:00:00,Montrose Beach,1436673600.0,,0.53,0.102,5.0,MontroseBeach201507120400,0,17.2,0.53,0.102,5.0
2015-07-12 05:00:00,Montrose Beach,1436677200.0,17.2,0.53,0.097,9.0,MontroseBeach201507120500,0,17.2,0.53,0.097,9.0
2015-07-12 06:00:00,Montrose Beach,1436680800.0,17.3,0.31,0.099,8.0,MontroseBeach201507120600,0,17.3,0.31,0.099,8.0
2015-07-12 07:00:00,Montrose Beach,1436684400.0,17.3,0.43,0.102,6.0,MontroseBeach201507120700,0,17.3,0.43,0.102,6.0
2015-07-12 08:00:00,Montrose Beach,1436688000.0,17.3,0.42,,6.0,MontroseBeach201507120800,0,17.3,0.42,0.104,6.0
2015-07-12 09:00:00,Montrose Beach,1436691600.0,17.4,0.31,0.099,4.0,MontroseBeach201507120900,0,17.4,0.31,0.099,4.0
2015-07-12 10:00:00,Montrose Beach,1436695200.0,18.0,0.28,,4.0,MontroseBeach201507121000,0,18.0,0.28,0.126,4.0
2015-07-12 11:00:00,Montrose Beach,1436698800.0,18.6,0.33,0.103,3.0,MontroseBeach201507121100,0,18.6,0.33,0.103,3.0
2015-07-12 12:00:00,Montrose Beach,1436702400.0,19.1,0.32,0.137,5.0,MontroseBeach201507121200,0,19.1,0.32,0.137,5.0
2015-07-12 13:00:00,Montrose Beach,1436706000.0,19.3,0.25,0.147,3.0,MontroseBeach201507121300,0,19.3,0.25,0.147,3.0
2015-07-12 14:00:00,Montrose Beach,1436709600.0,19.9,0.34,0.177,4.0,MontroseBeach201507121400,0,19.9,0.34,0.177,4.0
2015-07-12 15:00:00,Montrose Beach,1436713200.0,20.2,0.39,0.162,,MontroseBeach201507121500,0,20.2,0.39,0.162,9.0
2015-07-12 16:00:00,Montrose Beach,1436716800.0,20.7,,0.175,3.0,MontroseBeach201507121600,0,20.7,0.41,0.175,3.0
2015-07-12 17:00:00,Montrose Beach,1436720400.0,,0.55,,8.0,MontroseBeach201507121700,0,20.8,0.55,0.15,8.0
2015-07-12 18:00:00,Montrose Beach,1436724000.0,20.8,0.62,0.178,,MontroseBeach201507121800,0,20.8,0.62,0.178,7.0
2015-07-12 19:00:00,Montrose Beach,1436727600.0,,0.76,0.168,6.0,MontroseBeach201507121900,0,20.2,0.76,0.168,6.0
2015-07-12 20:00:00,Montrose Beach,1436731200.0,,0.68,0.223,2.0,MontroseBeach201507122000,0,19.7,0.68,0.223,2.0
2015-07-12 21:00:00,Montrose Beach,1436734800.0,19.5,0.9,0.112,5.0,MontroseBeach201507122100,0,19.5,0.9,0.112,5.0
2015-07-12 22:00:00,Montrose Beach,1436738400.0,18.8,,,5.0,MontroseBeach201507122200,0,18.8,0.68,0.1,5.0
2015-07-12 23:00:00,Montrose Beach,1436742000.0,18.1,0.53,0.104,4.0,MontroseBeach201507122300,0,18.1,0.53,0.104,4.0
2015-07-13 00:00:00,Montrose Beach,1436745600.0,17.8,0.44,,8.0,MontroseBeach201507132400,0,17.8,0.44,0.127,8.0
2015-07-13 01:00:00,Montrose Beach,1436749200.0,17.7,0.46,0.125,,MontroseBeach201507130100,0,17.7,0.46,0.125,7.0
2015-07-13 02:00:00,Montrose Beach,1436752800.0,17.5,0.62,,6.0,MontroseBeach201507130200,0,17.5,0.62,0.134,6.0
2015-07-13 03:00:00,Montrose Beach,1436756400.0,17.4,0.71,0.13,6.0,MontroseBeach201507130300,0,17.4,0.71,0.13,6.0
2015-07-13 04:00:00,Montrose Beach,1436760000.0,17.3,0.78,0.133,3.0,MontroseBeach201507130400,0,17.3,0.78,0.133,3.0
2015-07-13 05:00:00,Montrose Beach,1436763600.0,17.3,0.66,,3.0,MontroseBeach201507130500,0,17.3,0.66,0.121,3.0
2015-07-13 06:00:00,Montrose Beach,1436767200.0,17.3,0.6,0.117,8.0,MontroseBeach201507130600,0,17.3,0.6,0.117,8.0
2015-07-13 07:00:00,Montrose Beach,1436770800.0,17.3,0.59,0.208,6.0,MontroseBeach201507130700,0,17.3,0.59,0.208,6.0
2015-07-13 08:00:00,Montrose Beach,1436774400.0,17.3,0.51,0.177,3.0,MontroseBeach201507130800,0,17.3,0.51,0.177,3.0
2015-07-13 09:00:00,Montrose Beach,1436778000.0,,0.81,0.2,3.0,MontroseBeach201507130900,0,17.3,0.81,0.2,3.0
2015-07-13 10:00:00,Montrose Beach,1436781600.0,17.5,0.91,0.184,3.0,MontroseBeach201507131000,0,17.5,0.91,0.184,3.0
2015-07-13 11:00:00,Montrose Beach,1436785200.0,,2.55,0.159,3.0,MontroseBeach201507131100,0,17.8,2.55,0.159,3.0
2015-07-13 12:00:00,Montrose Beach,1436788800.0,18.1,,0.207,3.0,MontroseBeach201507131200,0,18.1,0.77,0.207,3.0
2015-07-13 13:00:00,Montrose Beach,1436792400.0,18.7,4.86,,4.0,MontroseBeach201507131300,0,18.7,4.86,0.188,4.0
2015-07-13 14:00:00,Montrose Beach,1436796000.0,,3.22,0.181,4.0,MontroseBeach201507131400,0,18.8,3.22,0.181,4.0
2015-07-13 15:00:00,Montrose Beach,1436799600.0,,,0.176,4.0,MontroseBeach201507131500,0,18.8,3.45,0.176,4.0
2015-07-13 16:00:00,Montrose Beach,1436803200.0,19.3,4.76,0.167,4.0,MontroseBeach201507131600,0,19.3,4.76,0.167,4.0
2015-07-13 17:00:00,Montrose Beach,1436806800.0,18.9,3.29,0.161,4.0,MontroseBeach201507131700,0,18.9,3.29,0.161,4.0
2015-07-13 18:00:00,Montrose Beach,1436810400.0,,1.22,0.159,,MontroseBeach201507131800,0,19.0,1.22,0.159,3.0
2015-07-13 19:00:00,Montrose Beach,1436814000.0,18.9,2.09,0.147,7.0,MontroseBeach201507131900,0,18.9,2.09,0.147,7.0
2015-07-13 20:00:00,Montrose Beach,1436817600.0,19.1,1.47,0.127,4.0,MontroseBeach201507132000,0,19.1,1.47,0.127,4.0
2015-07-13 21:00:00,Montrose Beach,1436821200.0,,1.85,0.115,,MontroseBeach201507132100,0,18.5,1.85,0.115,6.0
2015-07-13 22:00:00,Montrose Beach,1436824800.0,18.1,1.6,0.097,10.0,MontroseBeach201507132200,0,18.1,1.6,0.097,10.0
2015-07-13 23:00:00,Montrose Beach,1436828400.0,18.1,1.22,0.1,9.0,MontroseBeach201507132300,0,18.1,1.22,0.1,9.0
2015-07-14 00:00:00,Montrose Beach,1436832000.0,18.0,0.92,0.107,7.0,MontroseBeach201507142400,0,18.0,0.92,0.107,7.0
2015-07-14 01:00:00,Montrose Beach,1436835600.0,17.9,0.7,0.122,6.0,MontroseBeach201507140100,0,17.9,0.7,0.122,6.0
2015-07-14 02:00:00,Montrose Beach,1436839200.0,17.9,,0.152,5.0,MontroseBeach201507140200,0,17.9,0.6,0.152,5.0
2015-07-14 03:00:00,Montrose Beach,1436842800.0,17.9,0.6,0.144,2.0,MontroseBeach201507140300,0,17.9,0.6,0.144,2.0
2015-07-14 04:00:00,Montrose Beach,1436846400.0,17.9,0.51,0.135,2.0,MontroseBeach201507140400,0,17.9,0.51,0.135,2.0
2015-07-14 05:00:00,Montrose Beach,1436850000.0,17.9,0.47,0.121,,MontroseBeach201507140500,0,17.9,0.47,0.121,9.0
2015-07-14 06:00:00,Montrose Beach,1436853600.0,17.8,0.42,0.126,,MontroseBeach201507140600,0,17.8,0.42,0.126,7.0
2015-07-14 07:00:00,Montrose Beach,1436857200.0,17.9,0.49,0.138,,MontroseBeach201507140700,0,17.9,0.49,0.138,7.0
2015-07-14 08:00:00,Montrose Beach,1436860800.0,,0.37,0.133,,MontroseBeach201507140800,0,17.9,0.37,0.133,5.0
2015-07-14 09:00:00,Montrose Beach,1436864400.0,18.0,0.35,0.154,5.0,MontroseBeach201507140900,0,18.0,0.35,0.154,5.0
2015-07-14 10:00:00,Montrose Beach,1436868000.0,18.1,0.32,0.189,4.0,MontroseBeach201507141000,0,18.1,0.32,0.189,4.0
2015-07-14 11:00:00,Montrose Beach,1436871600.0,18.1,,0.145,2.0,MontroseBeach201507141100,0,18.1,0.33,0.145,2.0
2015-07-14 12:00:00,Montrose Beach,1436875200.0,,0.2,0.127,4.0,MontroseBeach201507141200,0,18.5,0.2,0.127,4.0
2015-07-14 13:00:00,Montrose Beach,1436878800.0,18.6,,0.125,7.0,MontroseBeach201507141300,0,18.6,0.2,0.125,7.0
2015-07-14 14:00:00,Montrose Beach,1436882400.0,18.9,0.16,0.153,3.0,MontroseBeach201507141400,0,18.9,0.16,0.153,3.0
2015-07-14 15:00:00,Montrose Beach,1436886000.0,18.8,0.26,0.179,4.0,MontroseBeach201507141500,0,18.8,0.26,0.179,4.0
2015-07-14 16:00:00,Montrose Beach,1436889600.0,18.7,0.26,0.279,3.0,MontroseBeach201507141600,0,18.7,0.26,0.279,3.0
2015-07-14 17:00:00,Montrose Beach,1436893200.0,18.9,1.62,,3.0,MontroseBeach201507141700,0,18.9,1.62,0.379,3.0
2015-07-14 18:00:00,Montrose Beach,1436896800.0,18.9,2.31,,4.0,MontroseBeach201507141800,0,18.9,2.31,0.446,4.0
2015-07-14 19:00:00,Montrose Beach,1436900400.0,18.9,,,5.0,MontroseBeach201507141900,0,18.9,3.24,0.469,5.0
2015-07-14 20:00:00,Montrose Beach,1436904000.0,18.9,,0.5,4.0,MontroseBeach201507142000,0,18.9,3.96,0.5,4.0
2015-07-14 21:00:00,Montrose Beach,1436907600.0,18.9,,,5.0,MontroseBeach201507142100,0,18.9,5.17,0.547,5.0
2015-07-14 22:00:00,Montrose Beach,1436911200.0,18.9,9.95,0.584,,MontroseBeach201507142200,0,18.9,9.95,0.584,6.0
2015-07-14 23:00:00,Montrose Beach,1436914800.0,18.8,27.78,0.587,7.0,MontroseBeach201507142300,0,18.8,27.78,0.587,7.0
2015-07-15 00:00:00,Montrose Beach,1436918400.0,18.6,11.35,0.574,,MontroseBeach201507152400,0,18.6,11.35,0.574,6.0
2015-07-15 01:00:00,Montrose Beach,1436922000.0,18.5,13.34,0.615,7.0,MontroseBeach201507150100,0,18.5,13.34,0.615,7.0
2015-07-15 02:00:00,Montrose Beach,1436925600.0,17.9,15.17,0.577,,MontroseBeach201507150200,0,17.9,15.17,0.577,6.0
2015-07-15 03:00:00,Montrose Beach,1436929200.0,,18.07,0.569,,MontroseBeach201507150300,0,17.8,18.07,0.569,7.0
2015-07-15 04:00:00,Montrose Beach,1436932800.0,17.8,16.42,0.559,7.0,MontroseBeach201507150400,0,17.8,16.42,0.559,7.0
2015-07-15 05:00:00,Montrose Beach,1436936400.0,17.8,15.21,0.518,7.0,MontroseBeach201507150500,0,17.8,15.21,0.518,7.0
2015-07-15 06:00:00,Montrose Beach,1436940000.0,17.9,,0.482,,MontroseBeach201507150600,0,17.9,15.38,0.482,7.0
2015-07-15 07:00:00,Montrose Beach,1436943600.0,17.9,13.16,,7.0,MontroseBeach201507150700,0,17.9,13.16,0.491,7.0
2015-07-15 08:00:00,Montrose Beach,1436947200.0,17.9,13.18,0.451,7.0,MontroseBeach201507150800,0,17.9,13.18,0.451,7.0
2015-07-15 09:00:00,Montrose Beach,1436950800.0,18.0,12.0,0.434,6.0,MontroseBeach201507150900,0,18.0,12.0,0.434,6.0
2015-07-15 10:00:00,Montrose Beach,1436954400.0,,14.47,0.456,,MontroseBeach201507151000,0,18.0,14.47,0.456,7.0
2015-07-15 11:00:00,Montrose Beach,1436958000.0,18.2,11.58,0.435,6.0,MontroseBeach201507151100,0,18.2,11.58,0.435,6.0
2015-07-15 12:00:00,Montrose Beach,1436961600.0,18.3,,0.456,5.0,MontroseBeach201507151200,0,18.3,10.91,0.456,5.0
2015-07-15 13:00:00,Montrose Beach,1436965200.0,18.5,11.72,0.413,6.0,MontroseBeach201507151300,0,18.5,11.72,0.413,6.0
2015-07-15 14:00:00,Montrose Beach,1436968800.0,18.7,11.36,0.41,6.0,MontroseBeach201507151400,0,18.7,11.36,0.41,6.0
2015-07-15 15:00:00,Montrose Beach,1436972400.0,18.9,12.59,,6.0,MontroseBeach201507151500,0,18.9,12.59,0.393,6.0
2015-07-15 16:00:00,Montrose Beach,1436976000.0,19.0,13.2,0.375,7.0,MontroseBeach201507151600,0,19.0,13.2,0.375,7.0
2015-07-15 17:00:00,Montrose Beach,1436979600.0,,11.3,0.364,,MontroseBeach201507151700,0,19.0,11.3,0.364,6.0
2015-07-15 18:00:00,Montrose Beach,1436983200.0,19.0,11.25,0.346,5.0,MontroseBeach201507151800,0,19.0,11.25,0.346,5.0
2015-07-15 19:00:00,Montrose Beach,1436986800.0,19.0,,,6.0,MontroseBeach201507151900,0,19.0,11.6,0.324,6.0
2015-07-15 20:00:00,Montrose Beach,1436990400.0,18.9,10.92,0.307,6.0,MontroseBeach201507152000,0,18.9,10.92,0.307,6.0
2015-07-15 21:00:00,Montrose Beach,1436994000.0,18.9,9.93,0.294,5.0,MontroseBeach201507152100,0,18.9,9.93,0.294,5.0
2015-07-15 22:00:00,Montrose Beach,1436997600.0,18.8,9.44,0.269,4.0,MontroseBeach201507152200,0,18.8,9.44,0.269,4.0
2015-07-15 23:00:00,Montrose Beach,1437001200.0,18.8,9.08,0.288,,MontroseBeach201507152300,0,18.8,9.08,0.288,6.0
2015-07-16 00:00:00,Montrose Beach,1437004800.0,18.8,9.14,,6.0,MontroseBeach201507162400,0,18.8,9.14,0.301,6.0
2015-07-16 01:00:00,Montrose Beach,1437008400.0,18.7,8.96,0.278,6.0,MontroseBeach201507160100,0,18.7,8.96,0.278,6.0
2015-07-16 02:00:00,Montrose Beach,1437012000.0,18.7,8.3,0.28,4.0,MontroseBeach201507160200,0,18.7,8.3,0.28,4.0
2015-07-16 03:00:00,Montrose Beach,1437015600.0,18.7,,0.266,5.0,MontroseBeach201507160300,0,18.7,8.04,0.266,5.0
2015-07-16 04:00:00,Montrose Beach,1437019200.0,,8.46,0.262,5.0,MontroseBeach201507160400,0,18.7,8.46,0.262,5.0
2015-07-16 05:00:00,Montrose Beach,1437022800.0,,9.13,,,MontroseBeach201507160500,0,18.7,9.13,0.272,4.0
2015-07-16 06:00:00,Montrose Beach,1437026400.0,18.7,8.55,0.256,4.0,MontroseBeach201507160600,0,18.7,8.55,0.256,4.0
2015-07-16 07:00:00,Montrose Beach,1437030000.0,18.7,,0.232,,MontroseBeach201507160700,0,18.7,8.71,0.232,4.0
2015-07-16 08:00:00,Montrose Beach,1437033600.0,18.8,8.4,0.254,4.0,MontroseBeach201507160800,0,18.8,8.4,0.254,4.0
2015-07-16 09:00:00,Montrose Beach,1437037200.0,18.8,8.32,0.239,4.0,MontroseBeach201507160900,0,18.8,8.32,0.239,4.0
2015-07-16 10:00:00,Montrose Beach,,,,,,,1,,,,
2015-07-16 11:00:00,Montrose Beach,1437044400.0,18.9,9.64,0.183,,MontroseBeach201507161100,0,18.9,9.64,0.183,4.0
2015-07-16 12:00:00,Montrose Beach,1437048000.0,,9.98,0.173,4.0,MontroseBeach201507161200,0,18.7,9.98,0.173,4.0
2015-07-16 13:00:00,Montrose Beach,1437051600.0,18.6,6.44,0.161,3.0,MontroseBeach201507161300,0,18.6,6.44,0.161,3.0
2015-07-16 14:00:00,Montrose Beach,1437055200.0,18.5,4.35,,,MontroseBeach201507161400,0,18.5,4.35,0.169,3.0
2015-07-16 15:00:00,Montrose Beach,1437058800.0,18.5,3.3,0.185,3.0,MontroseBeach201507161500,0,18.5,3.3,0.185,3.0
2015-07-16 16:00:00,Montrose Beach,1437062400.0,18.6,2.85,0.166,4.0,MontroseBeach201507161600,0,18.6,2.85,0.166,4.0
2015-07-16 17:00:00,Montrose Beach,1437066000.0,18.6,,0.167,4.0,MontroseBeach201507161700,0,18.6,2.92,0.167,4.0
2015-07-16 18:00:00,Montrose Beach,1437069600.0,18.6,2.94,0.188,4.0,MontroseBeach201507161800,0,18.6,2.94,0.188,4.0
2015-07-16 19:00:00,Montrose Beach,1437073200.0,18.6,2.88,0.188,6.0,MontroseBeach201507161900,0,18.6,2.88,0.188,6.0
2015-07-16 20:00:00,Montrose Beach,1437076800.0,18.6,2.86,0.233,3.0,MontroseBeach201507162000,0,18.6,2.86,0.233,3.0
2015-07-16 21:00:00,Montrose Beach,1437080400.0,18.6,2.86,0.245,3.0,MontroseBeach201507162100,0,18.6,2.86,0.245,3.0
2015-07-16 22:00:00,Montrose Beach,1437084000.0,18.6,3.71,,3.0,MontroseBeach201507162200,0,18.6,3.71,0.278,3.0
2015-07-16 23:00:00,Montrose Beach,1437087600.0,18.6,3.9,0.287,3.0,MontroseBeach201507162300,0,18.6,3.9,0.287,3.0
2015-07-17 00:00:00,Montrose Beach,1437091200.0,18.6,,0.306,4.0,MontroseBeach201507172400,0,18.6,4.34,0.306,4.0
2015-07-17 01:00:00,Montrose Beach,1437094800.0,18.6,4.48,,4.0,MontroseBeach201507170100,0,18.6,4.48,0.274,4.0
2015-07-17 02:00:00,Montrose Beach,1437098400.0,18.7,4.69,0.267,,MontroseBeach201507170200,0,18.7,4.69,0.267,4.0
2015-07-17 03:00:00,Montrose Beach,1437102000.0,,,,,MontroseBeach201507170300,1,18.7,4.58,0.235,4.0
2015-07-17 04:00:00,Montrose Beach,1437105600.0,18.8,4.94,0.218,4.0,MontroseBeach201507170400,0,18.8,4.94,0.218,4.0
2015-07-17 05:00:00,Montrose Beach,1437109200.0,,,,4.0,MontroseBeach201507170500,0,18.7,4.66,0.221,4.0
2015-07-17 06:00:00,Montrose Beach,1437112800.0,18.7,4.26,0.206,3.0,MontroseBeach201507170600,0,18.7,4.26,0.206,3.0
2015-07-17 07:00:00,Montrose Beach,1437116400.0,18.8,,0.199,4.0,MontroseBeach201507170700,0,18.8,4.42,0.199,4.0
2015-07-17 08:00:00,Montrose Beach,1437120000.0,19.0,4.65,0.175,4.0,MontroseBeach201507170800,0,19.0,4.65,0.175,4.0
2015-07-17 09:00:00,Montrose Beach,1437123600.0,,,,3.0,MontroseBeach201507170900,0,19.1,4.57,0.149,3.0
2015-07-17 10:00:00,Montrose Beach,1437127200.0,19.5,,0.15,3.0,MontroseBeach201507171000,0,19.5,4.77,0.15,3.0
2015-07-17 11:00:00,Montrose Beach,1437130800.0,19.8,4.37,0.131,3.0,MontroseBeach201507171100,0,19.8,4.37,0.131,3.0
2015-07-17 12:00:00,Montrose Beach,1437134400.0,20.2,3.76,0.129,3.0,MontroseBeach201507171200,0,20.2,3.76,0.129,3.0
2015-07-17 13:00:00,Montrose Beach,1437138000.0,20.5,,0.141,4.0,MontroseBeach201507171300,0,20.5,3.93,0.141,4.0
2015-07-17 14:00:00,Montrose Beach,1437141600.0,,4.01,0.121,3.0,MontroseBeach201507171400,0,20.9,4.01,0.121,3.0
2015-07-17 15:00:00,Montrose Beach,1437145200.0,21.7,4.19,,3.0,MontroseBeach201507171500,0,21.7,4.19,0.148,3.0
2015-07-17 16:00:00,Montrose Beach,1437148800.0,21.6,4.08,0.137,3.0,MontroseBeach201507171600,0,21.6,4.08,0.137,3.0
2015-07-17 17:00:00,Montrose Beach,1437152400.0,21.9,,0.142,4.0,MontroseBeach201507171700,0,21.9,4.29,0.142,4.0
2015-07-17 18:00:00,Montrose Beach,1437156000.0,21.3,4.16,,6.0,MontroseBeach201507171800,0,21.3,4.16,0.152,6.0
2015-07-17 19:00:00,Montrose Beach,1437159600.0,20.8,3.52,,6.0,MontroseBeach201507171900,0,20.8,3.52,0.142,6.0
2015-07-17 20:00:00,Montrose Beach,1437163200.0,20.7,3.4,0.117,5.0,MontroseBeach201507172000,0,20.7,3.4,0.117,5.0
2015-07-17 21:00:00,Montrose Beach,1437166800.0,21.0,3.61,0.133,,MontroseBeach201507172100,0,21.0,3.61,0.133,3.0
2015-07-17 22:00:00,Montrose Beach,1437170400.0,21.4,4.3,0.094,5.0,MontroseBeach201507172200,0,21.4,4.3,0.094,5.0
2015-07-17 23:00:00,Montrose Beach,1437174000.0,21.2,3.6,0.089,,MontroseBeach201507172300,0,21.2,3.6,0.089,9.0
2015-07-18 00:00:00,Montrose Beach,1437177600.0,20.7,,0.094,,MontroseBeach201507182400,0,20.7,3.03,0.094,8.0
2015-07-18 01:00:00,Montrose Beach,1437181200.0,20.6,2.76,,7.0,MontroseBeach201507180100,0,20.6,2.76,0.118,7.0
2015-07-18 02:00:00,Montrose Beach,1437184800.0,,2.86,,6.0,MontroseBeach201507180200,0,20.6,2.86,0.112,6.0
2015-07-18 03:00:00,Montrose Beach,1437188400.0,,2.85,0.107,,MontroseBeach201507180300,0,20.4,2.85,0.107,6.0
2015-07-18 04:00:00,Montrose Beach,1437192000.0,,2.63,0.107,3.0,MontroseBeach201507180400,0,20.3,2.63,0.107,3.0
2015-07-18 05:00:00,Montrose Beach,1437195600.0,20.0,2.88,0.104,9.0,MontroseBeach201507180500,0,20.0,2.88,0.104,9.0
2015-07-18 06:00:00,Montrose Beach,1437199200.0,20.1,2.78,0.094,8.0,MontroseBeach201507180600,0,20.1,2.78,0.094,8.0
2015-07-18 07:00:00,Montrose Beach,1437202800.0,19.8,2.05,0.1,7.0,MontroseBeach201507180700,0,19.8,2.05,0.1,7.0
2015-07-18 08:00:00,Montrose Beach,1437206400.0,19.2,1.67,0.104,6.0,MontroseBeach201507180800,0,19.2,1.67,0.104,6.0
2015-07-18 09:00:00,Montrose Beach,1437210000.0,19.4,1.49,0.111,5.0,MontroseBeach201507180900,0,19.4,1.49,0.111,5.0
2015-07-18 10:00:00,Montrose Beach,1437213600.0,,1.66,0.151,4.0,MontroseBeach201507181000,0,19.7,1.66,0.151,4.0
2015-07-18 11:00:00,Montrose Beach,1437217200.0,,1.98,0.247,2.0,MontroseBeach201507181100,0,19.6,1.98,0.247,2.0
2015-07-18 12:00:00,Montrose Beach,1437220800.0,19.7,1.96,0.267,3.0,MontroseBeach201507181200,0,19.7,1.96,0.267,3.0
2015-07-18 13:00:00,Montrose Beach,1437224400.0,20.3,1.74,0.226,3.0,MontroseBeach201507181300,0,20.3,1.74,0.226,3.0
2015-07-18 14:00:00,Montrose Beach,1437228000.0,20.6,,0.244,3.0,MontroseBeach201507181400,0,20.6,1.67,0.244,3.0
2015-07-18 15:00:00,Montrose Beach,1437231600.0,20.5,,0.213,3.0,MontroseBeach201507181500,0,20.5,1.78,0.213,3.0
2015-07-18 16:00:00,Montrose Beach,1437235200.0,20.1,1.99,0.171,,MontroseBeach201507181600,0,20.1,1.99,0.171,3.0
2015-07-18 17:00:00,Montrose Beach,1437238800.0,20.0,2.05,0.34,3.0,MontroseBeach201507181700,0,20.0,2.05,0.34,3.0
2015-07-18 18:00:00,Montrose Beach,1437242400.0,20.1,1.9,0.313,3.0,MontroseBeach201507181800,0,20.1,1.9,0.313,3.0
2015-07-18 19:00:00,Montrose Beach,,,,,,,1,,,,
2015-07-18 20:00:00,Montrose Beach,1437249600.0,20.2,,0.198,4.0,MontroseBeach201507182000,0,20.2,2.38,0.198,4.0
2015-07-18 21:00:00,Montrose Beach,1437253200.0,,2.87,0.176,,MontroseBeach201507182100,0,20.4,2.87,0.176,3.0
2015-07-18 22:00:00,Montrose Beach,1437256800.0,20.5,2.99,0.178,4.0,MontroseBeach201507182200,0,20.5,2.99,0.178,4.0
2015-07-18 23:00:00,Montrose Beach,1437260400.0,20.4,,0.175,4.0,MontroseBeach201507182300,0,20.4,2.41,0.175,4.0
2015-07-19 00:00:00,Montrose Beach,1437264000.0,19.9,,0.166,3.0,MontroseBeach201507192400,0,19.9,1.76,0.166,3.0
2015-07-19 01:00:00,Montrose Beach,,,,,,,1,,,,
2015-07-19 02:00:00,Montrose Beach,,,,,,,1,,,,
2015-07-19 03:00:00,Montrose Beach,1437274800.0,19.7,,0.126,4.0,MontroseBeach201507190300,0,19.7,1.14,0.126,4.0
2015-07-19 04:00:00,Montrose Beach,1437278400.0,19.8,1.4,0.127,,MontroseBeach201507190400,0,19.8,1.4,0.127,4.0
2015-07-19 05:00:00,Montrose Beach,1437282000.0,19.7,1.12,0.134,,MontroseBeach201507190500,0,19.7,1.12,0.134,4.0
2015-07-19 06:00:00,Montrose Beach,1437285600.0,19.7,1.21,0.113,8.0,MontroseBeach201507190600,0,19.7,1.21,0.113,8.0
2015-07-19 07:00:00,Montrose Beach,1437289200.0,,,0.117,6.0,MontroseBeach201507190700,0,19.7,1.06,0.117,6.0
2015-07-19 08:00:00,Montrose Beach,1437292800.0,19.8,0.93,,6.0,MontroseBeach201507190800,0,19.8,0.93,0.102,6.0
2015-07-19 09:00:00,Montrose Beach,1437296400.0,19.8,,0.111,4.0,MontroseBeach201507190900,0,19.8,0.98,0.111,4.0
2015-07-19 10:00:00,Montrose Beach,1437300000.0,20.1,1.01,0.108,3.0,MontroseBeach201507191000,0,20.1,1.01,0.108,3.0
2015-07-19 11:00:00,Montrose Beach,1437303600.0,21.3,0.59,0.124,4.0,MontroseBeach201507191100,0,21.3,0.59,0.124,4.0
2015-07-19 12:00:00,Montrose Beach,1437307200.0,22.2,0.69,,3.0,MontroseBeach201507191200,0,22.2,0.69,0.152,3.0
2015-07-19 13:00:00,Montrose Beach,1437310800.0,22.0,,0.167,3.0,MontroseBeach201507191300,0,22.0,1.62,0.167,3.0
2015-07-19 14:00:00,Montrose Beach,1437314400.0,22.7,1.41,0.153,3.0,MontroseBeach201507191400,0,22.7,1.41,0.153,3.0
2015-07-19 15:00:00,Montrose Beach,1437318000.0,22.7,1.89,,4.0,MontroseBeach201507191500,0,22.7,1.89,0.175,4.0
2015-07-19 16:00:00,Montrose Beach,1437321600.0,21.8,1.15,0.213,5.0,MontroseBeach201507191600,0,21.8,1.15,0.213,5.0
2015-07-19 17:00:00,Montrose Beach,1437325200.0,21.6,0.9,0.139,3.0,MontroseBeach201507191700,0,21.6,0.9,0.139,3.0
2015-07-19 18:00:00,Montrose Beach,1437328800.0,22.4,,0.184,7.0,MontroseBeach201507191800,0,22.4,1.28,0.184,7.0
2015-07-19 19:00:00,Montrose Beach,1437332400.0,22.2,1.73,0.156,6.0,MontroseBeach201507191900,0,22.2,1.73,0.156,6.0
2015-07-19 20:00:00,Montrose Beach,1437336000.0,21.2,1.0,0.122,5.0,MontroseBeach201507192000,0,21.2,1.0,0.122,5.0
2015-07-19 21:00:00,Montrose Beach,1437339600.0,21.3,1.67,0.113,4.0,MontroseBeach201507192100,0,21.3,1.67,0.113,4.0
2015-07-19 22:00:00,Montrose Beach,1437343200.0,20.8,1.09,,,MontroseBeach201507192200,0,20.8,1.09,0.112,5.0
2015-07-19 23:00:00,Montrose Beach,1437346800.0,20.9,,0.106,9.0,MontroseBeach201507192300,0,20.9,1.05,0.106,9.0
2015-07-20 00:00:00,Montrose Beach,1437350400.0,20.5,,0.121,7.0,MontroseBeach201507202400,0,20.5,1.19,0.121,7.0
2015-07-20 01:00:00,Montrose Beach,,,,,,,1,,,,
2015-07-20 02:00:00,Montrose Beach,,,,,,,1,,,,
2015-07-20 03:00:00,Montrose Beach,,,,,,,1,,,,
2015-07-20 04:00:00,Montrose Beach,,,,,,,1,,,,
2015-07-20 05:00:00,Montrose Beach,,,,,,,1,,,,
2015-07-20 06:00:00,Montrose Beach,,,,,,,1,,,,
2015-07-20 07:00:00,Montrose Beach,,,,,,,1,,,,
2015-07-20 08:00:00,Montrose Beach,1437379200.0,20.1,0.65,0.099,6.0,MontroseBeach201507200800,0,20.1,0.65,0.099,6.0
2015-07-20 09:00:00,Montrose Beach,1437382800.0,20.4,0.73,0.083,4.0,MontroseBeach201507200900,0,20.4,0.73,0.083,4.0
2015-07-20 10:00:00,Montrose Beach,1437386400.0,20.4,0.62,0.08,6.0,MontroseBeach201507201000,0,20.4,0.62,0.08,6.0
2015-07-20 11:00:00,Montrose Beach,1437390000.0,20.3,0.59,0.092,4.0,MontroseBeach201507201100,0,20.3,0.59,0.092,4.0
2015-07-20 12:00:00,Montrose Beach,1437393600.0,20.4,0.54,,4.0,MontroseBeach201507201200,0,20.4,0.54,0.094,4.0
2015-07-20 13:00:00,Montrose Beach,1437397200.0,20.6,0.6,0.109,4.0,MontroseBeach201507201300,0,20.6,0.6,0.109,4.0
2015-07-20 14:00:00,Montrose Beach,1437400800.0,20.9,0.59,0.086,9.0,MontroseBeach201507201400,0,20.9,0.59,0.086,9.0
2015-07-20 15:00:00,Montrose Beach,1437404400.0,21.0,0.65,,2.0,MontroseBeach201507201500,0,21.0,0.65,0.081,2.0
2015-07-20 16:00:00,Montrose Beach,1437408000.0,20.8,0.56,0.104,,MontroseBeach201507201600,0,20.8,0.56,0.104,9.0
2015-07-20 17:00:00,Montrose Beach,1437411600.0,20.6,0.43,0.085,8.0,MontroseBeach201507201700,0,20.6,0.43,0.085,8.0
2015-07-20 18:00:00,Montrose Beach,1437415200.0,20.6,,0.094,,MontroseBeach201507201800,0,20.6,0.41,0.094,7.0
2015-07-20 19:00:00,Montrose Beach,1437418800.0,20.4,0.47,0.109,,MontroseBeach201507201900,0,20.4,0.47,0.109,6.0
2015-07-20 20:00:00,Montrose Beach,1437422400.0,20.3,0.45,0.111,,MontroseBeach201507202000,0,20.3,0.45,0.111,5.0
2015-07-20 21:00:00,Montrose Beach,1437426000.0,20.0,0.44,0.085,5.0,MontroseBeach201507202100,0,20.0,0.44,0.085,5.0
2015-07-20 22:00:00,Montrose Beach,1437429600.0,19.8,0.28,0.108,4.0,MontroseBeach201507202200,0,19.8,0.28,0.108,4.0
2015-07-20 23:00:00,Montrose Beach,1437433200.0,19.5,0.33,0.085,9.0,MontroseBeach201507202300,0,19.5,0.33,0.085,9.0
2015-07-21 00:00:00,Montrose Beach,1437436800.0,20.3,0.39,0.099,8.0,MontroseBeach201507212400,0,20.3,0.39,0.099,8.0
2015-07-21 01:00:00,Montrose Beach,1437440400.0,20.4,0.42,,7.0,MontroseBeach201507210100,0,20.4,0.42,0.105,7.0
2015-07-21 02:00:00,Montrose Beach,1437444000.0,,,0.164,4.0,MontroseBeach201507210200,0,20.3,0.43,0.164,4.0
2015-07-21 03:00:00,Montrose Beach,1437447600.0,20.3,0.54,0.256,3.0,MontroseBeach201507210300,0,20.3,0.54,0.256,3.0
2015-07-21 04:00:00,Montrose Beach,1437451200.0,20.2,0.8,0.301,3.0,MontroseBeach201507210400,0,20.2,0.8,0.301,3.0
2015-07-21 05:00:00,Montrose Beach,1437454800.0,20.3,1.05,0.319,3.0,MontroseBeach201507210500,0,20.3,1.05,0.319,3.0
2015-07-21 06:00:00,Montrose Beach,1437458400.0,20.1,1.54,0.332,3.0,MontroseBeach201507210600,0,20.1,1.54,0.332,3.0
2015-07-21 07:00:00,Montrose Beach,1437462000.0,20.1,1.95,0.367,3.0,MontroseBeach201507210700,0,20.1,1.95,0.367,3.0
2015-07-21 08:00:00,Montrose Beach,1437465600.0,20.1,2.07,0.334,4.0,MontroseBeach201507210800,0,20.1,2.07,0.334,4.0
2015-07-21 09:00:00,Montrose Beach,1437469200.0,20.2,2.14,0.334,4.0,MontroseBeach201507210900,0,20.2,2.14,0.334,4.0
2015-07-21 10:00:00,Montrose Beach,1437472800.0,20.3,2.24,0.301,4.0,MontroseBeach201507211000,0,20.3,2.24,0.301,4.0
2015-07-21 11:00:00,Montrose Beach,1437476400.0,20.2,1.53,0.278,3.0,MontroseBeach201507211100,0,20.2,1.53,0.278,3.0
2015-07-21 12:00:00,Montrose Beach,1437480000.0,20.6,,0.249,3.0,MontroseBeach201507211200,0,20.6,1.21,0.249,3.0
2015-07-21 13:00:00,Montrose Beach,1437483600.0,,1.36,0.253,3.0,MontroseBeach201507211300,0,20.9,1.36,0.253,3.0
2015-07-21 14:00:00,Montrose Beach,1437487200.0,,1.38,,3.0,MontroseBeach201507211400,0,21.1,1.38,0.262,3.0
2015-07-21 15:00:00,Montrose Beach,1437490800.0,22.7,2.09,0.244,3.0,MontroseBeach201507211500,0,22.7,2.09,0.244,3.0
2015-07-21 16:00:00,Montrose Beach,1437494400.0,22.4,,0.239,3.0,MontroseBeach201507211600,0,22.4,1.66,0.239,3.0
2015-07-21 17:00:00,Montrose Beach,1437498000.0,22.8,1.85,,3.0,MontroseBeach201507211700,0,22.8,1.85,0.212,3.0
2015-07-21 18:00:00,Montrose Beach,1437501600.0,,1.18,0.198,,MontroseBeach201507211800,0,21.9,1.18,0.198,3.0
2015-07-21 19:00:00,Montrose Beach,1437505200.0,21.4,1.1,0.177,3.0,MontroseBeach201507211900,0,21.4,1.1,0.177,3.0
2015-07-21 20:00:00,Montrose Beach,1437508800.0,20.9,0.7,0.168,3.0,MontroseBeach201507212000,0,20.9,0.7,0.168,3.0
2015-07-21 21:00:00,Montrose Beach,1437512400.0,20.8,,0.155,3.0,MontroseBeach201507212100,0,20.8,0.58,0.155,3.0
2015-07-21 22:00:00,Montrose Beach,1437516000.0,20.7,0.53,0.14,3.0,MontroseBeach201507212200,0,20.7,0.53,0.14,3.0
2015-07-21 23:00:00,Montrose Beach,1437519600.0,20.6,0.58,0.137,3.0,MontroseBeach201507212300,0,20.6,0.58,0.137,3.0
2015-07-22 00:00:00,Montrose Beach,1437523200.0,20.7,0.65,0.13,,MontroseBeach201507222400,0,20.7,0.65,0.13,3.0
2015-07-22 01:00:00,Montrose Beach,1437526800.0,20.8,,0.13,3.0,MontroseBeach201507220100,0,20.8,0.82,0.13,3.0
2015-07-22 02:00:00,Montrose Beach,1437530400.0,20.7,0.63,0.123,3.0,MontroseBeach201507220200,0,20.7,0.63,0.123,3.0
2015-07-22 03:00:00,Montrose Beach,1437534000.0,,0.71,0.139,5.0,MontroseBeach201507220300,0,20.6,0.71,0.139,5.0
2015-07-22 04:00:00,Montrose Beach,1437537600.0,20.7,,0.136,5.0,MontroseBeach201507220400,0,20.7,0.99,0.136,5.0
2015-07-22 05:00:00,Montrose Beach,1437541200.0,20.6,,0.132,,MontroseBeach201507220500,0,20.6,0.71,0.132,4.0
2015-07-22 06:00:00,Montrose Beach,1437544800.0,20.5,0.55,0.13,3.0,MontroseBeach201507220600,0,20.5,0.55,0.13,3.0
2015-07-22 07:00:00,Montrose Beach,1437548400.0,20.5,0.53,0.133,4.0,MontroseBeach201507220700,0,20.5,0.53,0.133,4.0
2015-07-22 08:00:00,Montrose Beach,1437552000.0,20.5,0.52,,4.0,MontroseBeach201507220800,0,20.5,0.52,0.14,4.0
2015-07-22 09:00:00,Montrose Beach,1437555600.0,,0.49,,4.0,MontroseBeach201507220900,0,20.7,0.49,0.133,4.0
2015-07-22 10:00:00,Montrose Beach,1437559200.0,20.9,0.42,,4.0,MontroseBeach201507221000,0,20.9,0.42,0.146,4.0
2015-07-22 11:00:00,Montrose Beach,1437562800.0,,0.4,0.12,4.0,MontroseBeach201507221100,0,21.2,0.4,0.12,4.0
2015-07-22 12:00:00,Montrose Beach,1437566400.0,21.2,0.41,,4.0,MontroseBeach201507221200,0,21.2,0.41,0.119,4.0
2015-07-22 13:00:00,Montrose Beach,1437570000.0,21.6,0.41,0.144,2.0,MontroseBeach201507221300,0,21.6,0.41,0.144,2.0
2015-07-22 14:00:00,Montrose Beach,1437573600.0,,0.59,0.157,,MontroseBeach201507221400,0,21.9,0.59,0.157,2.0
2015-07-22 15:00:00,Montrose Beach,1437577200.0,21.9,0.58,,4.0,MontroseBeach201507221500,0,21.9,0.58,0.146,4.0
2015-07-22 16:00:00,Montrose Beach,1437580800.0,22.0,0.54,0.125,4.0,MontroseBeach201507221600,0,22.0,0.54,0.125,4.0
2015-07-22 17:00:00,Montrose Beach,1437584400.0,22.3,0.53,0.134,4.0,MontroseBeach201507221700,0,22.3,0.53,0.134,4.0
2015-07-22 18:00:00,Montrose Beach,1437588000.0,21.8,0.42,0.128,7.0,MontroseBeach201507221800,0,21.8,0.42,0.128,7.0
2015-07-22 19:00:00,Montrose Beach,1437591600.0,,0.57,0.113,6.0,MontroseBeach201507221900,0,21.8,0.57,0.113,6.0
2015-07-22 20:00:00,Montrose Beach,1437595200.0,,,0.12,5.0,MontroseBeach201507222000,0,21.3,0.58,0.12,5.0
2015-07-22 21:00:00,Montrose Beach,1437598800.0,,0.45,0.109,4.0,MontroseBeach201507222100,0,21.0,0.45,0.109,4.0
2015-07-22 22:00:00,Montrose Beach,1437602400.0,20.8,0.48,0.12,9.0,MontroseBeach201507222200,0,20.8,0.48,0.12,9.0
2015-07-22 23:00:00,Montrose Beach,1437606000.0,20.7,0.4,0.181,,MontroseBeach201507222300,0,20.7,0.4,0.181,2.0
2015-07-23 00:00:00,Montrose Beach,1437609600.0,20.6,0.38,0.1,7.0,MontroseBeach201507232400,0,20.6,0.38,0.1,7.0
2015-07-23 01:00:00,Montrose Beach,1437613200.0,,0.38,0.114,,MontroseBeach201507230100,0,20.6,0.38,0.114,6.0
2015-07-23 02:00:00,Montrose Beach,1437616800.0,20.5,0.38,0.102,3.0,MontroseBeach201507230200,0,20.5,0.38,0.102,3.0
2015-07-23 03:00:00,Montrose Beach,1437620400.0,20.5,,,5.0,MontroseBeach201507230300,0,20.5,0.38,0.102,5.0
2015-07-23 04:00:00,Montrose Beach,1437624000.0,20.5,0.4,0.098,5.0,MontroseBeach201507230400,0,20.5,0.4,0.098,5.0
2015-07-23 05:00:00,Montrose Beach,1437627600.0,20.5,0.37,0.091,10.0,MontroseBeach201507230500,0,20.5,0.37,0.091,10.0
2015-07-23 06:00:00,Montrose Beach,1437631200.0,20.5,0.35,0.09,8.0,MontroseBeach201507230600,0,20.5,0.35,0.09,8.0
2015-07-23 07:00:00,Montrose Beach,1437634800.0,20.5,0.43,0.109,7.0,MontroseBeach201507230700,0,20.5,0.43,0.109,7.0
2015-07-23 08:00:00,Montrose Beach,1437638400.0,20.7,0.34,,6.0,MontroseBeach201507230800,0,20.7,0.34,0.1,6.0
2015-07-23 09:00:00,Montrose Beach,1437642000.0,21.1,0.24,0.125,4.0,MontroseBeach201507230900,0,21.1,0.24,0.125,4.0
2015-07-23 10:00:00,Montrose Beach,1437645600.0,21.0,0.27,0.088,3.0,MontroseBeach201507231000,0,21.0,0.27,0.088,3.0
2015-07-23 11:00:00,Montrose Beach,1437649200.0,21.3,,0.12,3.0,MontroseBeach201507231100,0,21.3,0.25,0.12,3.0
2015-07-23 12:00:00,Montrose Beach,1437652800.0,21.7,0.24,,5.0,MontroseBeach201507231200,0,21.7,0.24,0.092,5.0
2015-07-23 13:00:00,Montrose Beach,1437656400.0,,0.32,0.107,5.0,MontroseBeach201507231300,0,22.1,0.32,0.107,5.0
2015-07-23 14:00:00,Montrose Beach,1437660000.0,22.2,,0.116,4.0,MontroseBeach201507231400,0,22.2,0.34,0.116,4.0
2015-07-23 15:00:00,Montrose Beach,1437663600.0,22.4,0.32,0.119,4.0,MontroseBeach201507231500,0,22.4,0.32,0.119,4.0
2015-07-23 16:00:00,Montrose Beach,1437667200.0,22.4,0.25,0.125,2.0,MontroseBeach201507231600,0,22.4,0.25,0.125,2.0
2015-07-23 17:00:00,Montrose Beach,1437670800.0,,0.3,0.127,8.0,MontroseBeach201507231700,0,22.8,0.3,0.127,8.0
2015-07-23 18:00:00,Montrose Beach,1437674400.0,22.2,0.27,0.127,3.0,MontroseBeach201507231800,0,22.2,0.27,0.127,3.0
2015-07-23 19:00:00,Montrose Beach,1437678000.0,22.2,0.34,0.129,6.0,MontroseBeach201507231900,0,22.2,0.34,0.129,6.0
2015-07-23 20:00:00,Montrose Beach,1437681600.0,21.8,0.32,0.133,5.0,MontroseBeach201507232000,0,21.8,0.32,0.133,5.0
2015-07-23 21:00:00,Montrose Beach,1437685200.0,,0.46,0.107,5.0,MontroseBeach201507232100,0,22.0,0.46,0.107,5.0
2015-07-23 22:00:00,Montrose Beach,1437688800.0,21.7,0.47,0.091,,MontroseBeach201507232200,0,21.7,0.47,0.091,4.0
2015-07-23 23:00:00,Montrose Beach,1437692400.0,21.2,0.34,,3.0,MontroseBeach201507232300,0,21.2,0.34,0.135,3.0
2015-07-24 00:00:00,Montrose Beach,1437696000.0,21.0,0.38,0.086,,MontroseBeach201507242400,0,21.0,0.38,0.086,8.0
2015-07-24 01:00:00,Montrose Beach,1437699600.0,20.7,0.38,0.095,,MontroseBeach201507240100,0,20.7,0.38,0.095,7.0
2015-07-24 02:00:00,Montrose Beach,1437703200.0,,,0.091,6.0,MontroseBeach201507240200,0,20.8,0.19,0.091,6.0
2015-07-24 03:00:00,Montrose Beach,1437706800.0,20.9,0.16,0.089,6.0,MontroseBeach201507240300,0,20.9,0.16,0.089,6.0
2015-07-24 04:00:00,Montrose Beach,1437710400.0,20.9,0.17,0.084,4.0,MontroseBeach201507240400,0,20.9,0.17,0.084,4.0
2015-07-24 05:00:00,Montrose Beach,1437714000.0,21.0,0.19,,9.0,MontroseBeach201507240500,0,21.0,0.19,0.09,9.0
2015-07-24 06:00:00,Montrose Beach,1437717600.0,20.8,0.12,0.146,7.0,MontroseBeach201507240600,0,20.8,0.12,0.146,7.0
2015-07-24 07:00:00,Montrose Beach,1437721200.0,20.9,0.14,0.104,7.0,MontroseBeach201507240700,0,20.9,0.14,0.104,7.0
2015-07-24 08:00:00,Montrose Beach,1437724800.0,,0.16,0.103,,MontroseBeach201507240800,0,21.0,0.16,0.103,6.0
2015-07-24 09:00:00,Montrose Beach,1437728400.0,21.3,,0.11,3.0,MontroseBeach201507240900,0,21.3,0.12,0.11,3.0
2015-07-24 10:00:00,Montrose Beach,1437732000.0,21.5,,0.092,4.0,MontroseBeach201507241000,0,21.5,0.13,0.092,4.0
2015-07-24 11:00:00,Montrose Beach,1437735600.0,21.4,0.09,0.1,4.0,MontroseBeach201507241100,0,21.4,0.09,0.1,4.0
2015-07-24 12:00:00,Montrose Beach,1437739200.0,21.4,0.3,0.11,,MontroseBeach201507241200,0,21.4,0.3,0.11,3.0
2015-07-24 13:00:00,Montrose Beach,1437742800.0,,,0.125,4.0,MontroseBeach201507241300,0,20.8,0.4,0.125,4.0
2015-07-24 14:00:00,Montrose Beach,1437746400.0,20.5,0.72,,4.0,MontroseBeach201507241400,0,20.5,0.72,0.11,4.0
2015-07-24 15:00:00,Montrose Beach,1437750000.0,20.3,0.54,0.107,3.0,MontroseBeach201507241500,0,20.3,0.54,0.107,3.0
2015-07-24 16:00:00,Montrose Beach,1437753600.0,19.4,0.5,0.159,3.0,MontroseBeach201507241600,0,19.4,0.5,0.159,3.0
2015-07-24 17:00:00,Montrose Beach,1437757200.0,19.5,0.72,0.13,9.0,MontroseBeach201507241700,0,19.5,0.72,0.13,9.0
2015-07-24 18:00:00,Montrose Beach,1437760800.0,18.8,0.65,,7.0,MontroseBeach201507241800,0,18.8,0.65,0.144,7.0
2015-07-24 19:00:00,Montrose Beach,1437764400.0,18.9,0.66,,5.0,MontroseBeach201507241900,0,18.9,0.66,0.142,5.0
2015-07-24 20:00:00,Montrose Beach,1437768000.0,18.6,0.62,0.132,6.0,MontroseBeach201507242000,0,18.6,0.62,0.132,6.0
2015-07-24 21:00:00,Montrose Beach,1437771600.0,,0.71,0.111,6.0,MontroseBeach201507242100,0,18.5,0.71,0.111,6.0
2015-07-24 22:00:00,Montrose Beach,1437775200.0,18.4,0.73,,5.0,MontroseBeach201507242200,0,18.4,0.73,0.101,5.0
2015-07-24 23:00:00,Montrose Beach,1437778800.0,18.2,0.47,0.094,5.0,MontroseBeach201507242300,0,18.2,0.47,0.094,5.0
2015-07-25 00:00:00,Montrose Beach,1437782400.0,17.9,0.68,0.097,8.0,MontroseBeach201507252400,0,17.9,0.68,0.097,8.0
2015-07-25 01:00:00,Montrose Beach,1437786000.0,17.8,0.4,0.103,6.0,MontroseBeach201507250100,0,17.8,0.4,0.103,6.0
2015-07-25 02:00:00,Montrose Beach,1437789600.0,17.7,0.53,0.088,5.0,MontroseBeach201507250200,0,17.7,0.53,0.088,5.0
2015-07-25 03:00:00,Montrose Beach,1437793200.0,17.8,0.56,,6.0,MontroseBeach201507250300,0,17.8,0.56,0.084,6.0
2015-07-25 04:00:00,Montrose Beach,1437796800.0,17.6,,0.085,10.0,MontroseBeach201507250400,0,17.6,0.41,0.085,10.0
2015-07-25 05:00:00,Montrose Beach,1437800400.0,17.6,0.25,0.092,4.0,MontroseBeach201507250500,0,17.6,0.25,0.092,4.0
2015-07-25 06:00:00,Montrose Beach,1437804000.0,17.6,0.22,0.095,,MontroseBeach201507250600,0,17.6,0.22,0.095,8.0
2015-07-25 07:00:00,Montrose Beach,1437807600.0,17.6,0.34,0.086,7.0,MontroseBeach201507250700,0,17.6,0.34,0.086,7.0
2015-07-25 08:00:00,Montrose Beach,1437811200.0,17.7,0.3,0.091,6.0,MontroseBeach201507250800,0,17.7,0.3,0.091,6.0
2015-07-25 09:00:00,Montrose Beach,1437814800.0,17.8,0.3,0.105,3.0,MontroseBeach201507250900,0,17.8,0.3,0.105,3.0
2015-07-25 10:00:00,Montrose Beach,1437818400.0,17.9,0.29,,3.0,MontroseBeach201507251000,0,17.9,0.29,0.118,3.0
2015-07-25 11:00:00,Montrose Beach,1437822000.0,18.0,0.25,,3.0,MontroseBeach201507251100,0,18.0,0.25,0.125,3.0
2015-07-25 12:00:00,Montrose Beach,1437825600.0,18.3,0.23,0.107,4.0,MontroseBeach201507251200,0,18.3,0.23,0.107,4.0
2015-07-25 13:00:00,Montrose Beach,1437829200.0,18.5,0.19,0.184,2.0,MontroseBeach201507251300,0,18.5,0.19,0.184,2.0
2015-07-25 14:00:00,Montrose Beach,1437832800.0,,,0.203,,MontroseBeach201507251400,0,20.6,0.67,0.203,3.0
2015-07-25 15:00:00,Montrose Beach,1437836400.0,21.2,1.08,0.197,,MontroseBeach201507251500,0,21.2,1.08,0.197,2.0
2015-07-25 16:00:00,Montrose Beach,1437840000.0,,0.44,0.161,3.0,MontroseBeach201507251600,0,20.3,0.44,0.161,3.0
2015-07-25 17:00:00,Montrose Beach,1437843600.0,21.4,0.57,0.233,3.0,MontroseBeach201507251700,0,21.4,0.57,0.233,3.0
2015-07-25 18:00:00,Montrose Beach,1437847200.0,,1.07,0.253,3.0,MontroseBeach201507251800,0,21.5,1.07,0.253,3.0
2015-07-25 19:00:00,Montrose Beach,1437850800.0,21.2,0.92,0.213,2.0,MontroseBeach201507251900,0,21.2,0.92,0.213,2.0
2015-07-25 20:00:00,Montrose Beach,1437854400.0,20.8,0.53,0.233,3.0,MontroseBeach201507252000,0,20.8,0.53,0.233,3.0
2015-07-25 21:00:00,Montrose Beach,1437858000.0,21.4,1.9,0.226,,MontroseBeach201507252100,0,21.4,1.9,0.226,3.0
2015-07-25 22:00:00,Montrose Beach,1437861600.0,20.8,,0.228,,MontroseBeach201507252200,0,20.8,1.94,0.228,3.0
2015-07-25 23:00:00,Montrose Beach,1437865200.0,20.5,1.49,0.215,3.0,MontroseBeach201507252300,0,20.5,1.49,0.215,3.0
2015-07-26 00:00:00,Montrose Beach,1437868800.0,20.5,0.47,0.186,2.0,MontroseBeach201507262400,0,20.5,0.47,0.186,2.0
2015-07-26 01:00:00,Montrose Beach,,,,,,,1,,,,
2015-07-26 02:00:00,Montrose Beach,,,,,,,1,,,,
2015-07-26 03:00:00,Montrose Beach,1437879600.0,20.1,0.08,0.154,2.0,MontroseBeach201507260300,0,20.1,0.08,0.154,2.0
2015-07-26 04:00:00,Montrose Beach,1437883200.0,,0.09,0.153,,MontroseBeach201507260400,0,20.1,0.09,0.153,3.0
2015-07-26 05:00:00,Montrose Beach,1437886800.0,19.9,0.53,0.15,,MontroseBeach201507260500,0,19.9,0.53,0.15,3.0
2015-07-26 06:00:00,Montrose Beach,1437890400.0,19.7,,0.16,,MontroseBeach201507260600,0,19.7,0.39,0.16,3.0
2015-07-26 07:00:00,Montrose Beach,1437894000.0,19.8,,0.172,7.0,MontroseBeach201507260700,0,19.8,0.16,0.172,7.0
2015-07-26 08:00:00,Montrose Beach,1437897600.0,19.9,0.28,0.184,,MontroseBeach201507260800,0,19.9,0.28,0.184,2.0
2015-07-26 09:00:00,Montrose Beach,1437901200.0,20.1,0.21,0.166,3.0,MontroseBeach201507260900,0,20.1,0.21,0.166,3.0
2015-07-26 10:00:00,Montrose Beach,1437904800.0,,0.19,0.196,3.0,MontroseBeach201507261000,0,20.6,0.19,0.196,3.0
2015-07-26 11:00:00,Montrose Beach,1437908400.0,20.6,0.11,0.225,4.0,MontroseBeach201507261100,0,20.6,0.11,0.225,4.0
2015-07-26 12:00:00,Montrose Beach,1437912000.0,,0.41,0.217,3.0,MontroseBeach201507261200,0,20.5,0.41,0.217,3.0
2015-07-26 13:00:00,Montrose Beach,1437915600.0,20.7,0.73,0.216,3.0,MontroseBeach201507261300,0,20.7,0.73,0.216,3.0
2015-07-26 14:00:00,Montrose Beach,1437919200.0,21.2,1.99,0.219,,MontroseBeach201507261400,0,21.2,1.99,0.219,3.0
2015-07-26 15:00:00,Montrose Beach,1437922800.0,21.2,1.92,0.23,3.0,MontroseBeach201507261500,0,21.2,1.92,0.23,3.0
2015-07-26 16:00:00,Montrose Beach,1437926400.0,20.8,0.83,0.21,3.0,MontroseBeach201507261600,0,20.8,0.83,0.21,3.0
2015-07-26 17:00:00,Montrose Beach,1437930000.0,21.0,1.15,0.214,,MontroseBeach201507261700,0,21.0,1.15,0.214,8.0
2015-07-26 18:00:00,Montrose Beach,1437933600.0,21.2,1.72,0.21,4.0,MontroseBeach201507261800,0,21.2,1.72,0.21,4.0
2015-07-26 19:00:00,Montrose Beach,1437937200.0,21.4,1.47,0.223,6.0,MontroseBeach201507261900,0,21.4,1.47,0.223,6.0
2015-07-26 20:00:00,Montrose Beach,1437940800.0,20.9,0.37,0.184,2.0,MontroseBeach201507262000,0,20.9,0.37,0.184,2.0
2015-07-26 21:00:00,Montrose Beach,1437944400.0,20.7,0.08,0.192,2.0,MontroseBeach201507262100,0,20.7,0.08,0.192,2.0
2015-07-26 22:00:00,Montrose Beach,1437948000.0,20.5,0.1,0.2,2.0,MontroseBeach201507262200,0,20.5,0.1,0.2,2.0
2015-07-26 23:00:00,Montrose Beach,1437951600.0,20.6,0.15,0.218,3.0,MontroseBeach201507262300,0,20.6,0.15,0.218,3.0
2015-07-27 00:00:00,Montrose Beach,1437955200.0,20.5,0.22,0.276,3.0,MontroseBeach201507272400,0,20.5,0.22,0.276,3.0
2015-07-27 01:00:00,Montrose Beach,1437958800.0,20.5,0.4,0.291,3.0,MontroseBeach201507270100,0,20.5,0.4,0.291,3.0
2015-07-27 02:00:00,Montrose Beach,1437962400.0,,,,3.0,MontroseBeach201507270200,0,20.5,1.09,0.25,3.0
2015-07-27 03:00:00,Montrose Beach,1437966000.0,20.4,0.64,0.279,3.0,MontroseBeach201507270300,0,20.4,0.64,0.279,3.0
2015-07-27 04:00:00,Montrose Beach,1437969600.0,20.4,0.44,0.251,3.0,MontroseBeach201507270400,0,20.4,0.44,0.251,3.0
2015-07-27 05:00:00,Montrose Beach,1437973200.0,20.4,0.57,,3.0,MontroseBeach201507270500,0,20.4,0.57,0.242,3.0
2015-07-27 06:00:00,Montrose Beach,1437976800.0,,0.28,0.229,3.0,MontroseBeach201507270600,0,20.4,0.28,0.229,3.0
2015-07-27 07:00:00,Montrose Beach,1437980400.0,20.7,0.15,0.214,3.0,MontroseBeach201507270700,0,20.7,0.15,0.214,3.0
2015-07-27 08:00:00,Montrose Beach,1437984000.0,20.8,0.17,0.22,3.0,MontroseBeach201507270800,0,20.8,0.17,0.22,3.0
2015-07-27 09:00:00,Montrose Beach,1437987600.0,21.0,0.17,0.219,3.0,MontroseBeach201507270900,0,21.0,0.17,0.219,3.0
2015-07-27 10:00:00,Montrose Beach,1437991200.0,21.3,0.16,0.209,3.0,MontroseBeach201507271000,0,21.3,0.16,0.209,3.0
2015-07-27 11:00:00,Montrose Beach,1437994800.0,21.6,0.16,0.204,3.0,MontroseBeach201507271100,0,21.6,0.16,0.204,3.0
2015-07-27 12:00:00,Montrose Beach,1437998400.0,21.8,0.4,0.206,3.0,MontroseBeach201507271200,0,21.8,0.4,0.206,3.0
2015-07-27 13:00:00,Montrose Beach,1438002000.0,22.9,0.4,0.217,3.0,MontroseBeach201507271300,0,22.9,0.4,0.217,3.0
2015-07-27 14:00:00,Montrose Beach,1438005600.0,22.4,0.44,,3.0,MontroseBeach201507271400,0,22.4,0.44,0.207,3.0
2015-07-27 15:00:00,Montrose Beach,1438009200.0,23.5,0.93,0.197,3.0,MontroseBeach201507271500,0,23.5,0.93,0.197,3.0
2015-07-27 16:00:00,Montrose Beach,1438012800.0,,0.27,0.233,2.0,MontroseBeach201507271600,0,22.7,0.27,0.233,2.0
2015-07-27 17:00:00,Montrose Beach,1438016400.0,24.0,0.94,0.22,3.0,MontroseBeach201507271700,0,24.0,0.94,0.22,3.0
2015-07-27 18:00:00,Montrose Beach,1438020000.0,,1.57,0.222,,MontroseBeach201507271800,0,25.0,1.57,0.222,5.0
2015-07-27 19:00:00,Montrose Beach,1438023600.0,,,0.238,6.0,MontroseBeach201507271900,0,23.8,0.51,0.238,6.0
2015-07-27 20:00:00,Montrose Beach,1438027200.0,23.3,0.33,0.268,3.0,MontroseBeach201507272000,0,23.3,0.33,0.268,3.0
2015-07-27 21:00:00,Montrose Beach,1438030800.0,23.5,0.19,0.257,2.0,MontroseBeach201507272100,0,23.5,0.19,0.257,2.0
2015-07-27 22:00:00,Montrose Beach,1438034400.0,23.6,0.22,0.294,2.0,MontroseBeach201507272200,0,23.6,0.22,0.294,2.0
2015-07-27 23:00:00,Montrose Beach,1438038000.0,23.5,0.34,,3.0,MontroseBeach201507272300,0,23.5,0.34,0.254,3.0
2015-07-28 00:00:00,Montrose Beach,1438041600.0,,1.89,0.283,3.0,MontroseBeach201507282400,0,24.1,1.89,0.283,3.0
2015-07-28 01:00:00,Montrose Beach,1438045200.0,24.0,2.61,0.3,3.0,MontroseBeach201507280100,0,24.0,2.61,0.3,3.0
2015-07-28 02:00:00,Montrose Beach,1438048800.0,23.6,1.45,0.301,3.0,MontroseBeach201507280200,0,23.6,1.45,0.301,3.0
2015-07-28 03:00:00,Montrose Beach,1438052400.0,23.4,1.1,0.29,3.0,MontroseBeach201507280300,0,23.4,1.1,0.29,3.0
2015-07-28 04:00:00,Montrose Beach,1438056000.0,,0.99,0.266,3.0,MontroseBeach201507280400,0,23.3,0.99,0.266,3.0
2015-07-28 05:00:00,Montrose Beach,1438059600.0,23.3,1.05,0.255,3.0,MontroseBeach201507280500,0,23.3,1.05,0.255,3.0
2015-07-28 06:00:00,Montrose Beach,1438063200.0,23.1,,0.241,3.0,MontroseBeach201507280600,0,23.1,0.85,0.241,3.0
2015-07-28 07:00:00,Montrose Beach,1438066800.0,23.1,0.93,0.241,3.0,MontroseBeach201507280700,0,23.1,0.93,0.241,3.0
2015-07-28 08:00:00,Montrose Beach,1438070400.0,23.1,1.11,,3.0,MontroseBeach201507280800,0,23.1,1.11,0.24,3.0
2015-07-28 09:00:00,Montrose Beach,1438074000.0,23.3,0.51,0.22,,MontroseBeach201507280900,0,23.3,0.51,0.22,3.0
2015-07-28 10:00:00,Montrose Beach,1438077600.0,23.4,0.87,0.218,3.0,MontroseBeach201507281000,0,23.4,0.87,0.218,3.0
2015-07-28 11:00:00,Montrose Beach,1438081200.0,23.7,0.61,0.231,,MontroseBeach201507281100,0,23.7,0.61,0.231,3.0
2015-07-28 12:00:00,Montrose Beach,1438084800.0,23.8,0.54,0.228,,MontroseBeach201507281200,0,23.8,0.54,0.228,2.0
2015-07-28 13:00:00,Montrose Beach,1438088400.0,,0.5,0.234,3.0,MontroseBeach201507281300,0,23.8,0.5,0.234,3.0
2015-07-28 14:00:00,Montrose Beach,1438092000.0,24.1,0.53,,3.0,MontroseBeach201507281400,0,24.1,0.53,0.259,3.0
2015-07-28 15:00:00,Montrose Beach,1438095600.0,24.6,0.59,0.214,3.0,MontroseBeach201507281500,0,24.6,0.59,0.214,3.0
2015-07-28 16:00:00,Montrose Beach,1438099200.0,23.6,0.48,0.236,2.0,MontroseBeach201507281600,0,23.6,0.48,0.236,2.0
2015-07-28 17:00:00,Montrose Beach,1438102800.0,22.8,0.65,0.263,3.0,MontroseBeach201507281700,0,22.8,0.65,0.263,3.0
2015-07-28 18:00:00,Montrose Beach,1438106400.0,23.0,0.58,0.23,3.0,MontroseBeach201507281800,0,23.0,0.58,0.23,3.0
2015-07-28 19:00:00,Montrose Beach,1438110000.0,22.9,,,3.0,MontroseBeach201507281900,0,22.9,0.82,0.23,3.0
2015-07-28 20:00:00,Montrose Beach,1438113600.0,22.7,0.93,,3.0,MontroseBeach201507282000,0,22.7,0.93,0.209,3.0
2015-07-28 21:00:00,Montrose Beach,1438117200.0,23.0,0.93,0.185,3.0,MontroseBeach201507282100,0,23.0,0.93,0.185,3.0
2015-07-28 22:00:00,Montrose Beach,1438120800.0,23.2,1.33,0.168,3.0,MontroseBeach201507282200,0,23.2,1.33,0.168,3.0
2015-07-28 23:00:00,Montrose Beach,1438124400.0,23.1,1.13,,3.0,MontroseBeach201507282300,0,23.1,1.13,0.163,3.0
2015-07-29 00:00:00,Montrose Beach,1438128000.0,23.1,1.24,0.175,4.0,MontroseBeach201507292400,0,23.1,1.24,0.175,4.0
2015-07-29 01:00:00,Montrose Beach,1438131600.0,23.0,,0.143,7.0,MontroseBeach201507290100,0,23.0,0.8,0.143,7.0
2015-07-29 02:00:00,Montrose Beach,1438135200.0,23.0,0.91,0.129,,MontroseBeach201507290200,0,23.0,0.91,0.129,6.0
2015-07-29 03:00:00,Montrose Beach,1438138800.0,22.5,,0.116,6.0,MontroseBeach201507290300,0,22.5,0.73,0.116,6.0
2015-07-29 04:00:00,Montrose Beach,1438142400.0,21.9,0.92,0.111,5.0,MontroseBeach201507290400,0,21.9,0.92,0.111,5.0
2015-07-29 05:00:00,Montrose Beach,1438146000.0,,0.84,0.09,9.0,MontroseBeach201507290500,0,20.3,0.84,0.09,9.0
2015-07-29 06:00:00,Montrose Beach,1438149600.0,19.2,0.78,0.079,8.0,MontroseBeach201507290600,0,19.2,0.78,0.079,8.0
2015-07-29 07:00:00,Montrose Beach,1438153200.0,18.5,0.56,0.093,7.0,MontroseBeach201507290700,0,18.5,0.56,0.093,7.0
2015-07-29 08:00:00,Montrose Beach,1438156800.0,18.2,0.42,0.086,5.0,MontroseBeach201507290800,0,18.2,0.42,0.086,5.0
2015-07-29 09:00:00,Montrose Beach,,,,,,,1,,,,
2015-07-29 10:00:00,Montrose Beach,,,,,,,1,,,,
2015-07-29 11:00:00,Montrose Beach,,,,,,,1,,,,
2015-07-29 12:00:00,Montrose Beach,,,,,,,1,,,,
2015-07-29 13:00:00,Montrose Beach,,,,,,,1,,,,
2015-07-29 14:00:00,Montrose Beach,,,,,,,1,,,,
2015-07-29 15:00:00,Montrose Beach,,,,,,,1,,,,
2015-07-29 16:00:00,Montrose Beach,1438185600.0,21.5,0.15,0.194,,MontroseBeach201507291600,0,21.5,0.15,0.194,3.0
2015-07-29 17:00:00,Montrose Beach,,,,,,,1,,,,
2015-07-29 18:00:00,Montrose Beach,,,,,,,1,,,,
2015-07-29 19:00:00,Montrose Beach,,,,,,,1,,,,
2015-07-29 20:00:00,Montrose Beach,,,,,,,1,,,,
2015-07-29 21:00:00,Montrose Beach,,,,,,,1,,,,
2015-07-29 22:00:00,Montrose Beach,,,,,,,1,,,,
2015-07-29 23:00:00,Montrose Beach,1438210800.0,20.0,0.14,0.11,10.0,MontroseBeach201507292300,0,20.0,0.14,0.11,10.0
2015-07-30 00:00:00,Montrose Beach,,,,,,,1,,,,
2015-07-30 01:00:00,Montrose Beach,,,,,,,1,,,,
2015-07-30 02:00:00,Montrose Beach,,,,,,,1,,,,
2015-07-30 03:00:00,Montrose Beach,,,,,,,1,,,,
2015-07-30 04:00:00,Montrose Beach,,,,,,,1,,,,
2015-07-30 05:00:00,Montrose Beach,,,,,,,1,,,,
2015-07-30 06:00:00,Montrose Beach,,,,,,,1,,,,
2015-07-30 07:00:00,Montrose Beach,,,,,,,1,,,,
2015-07-30 08:00:00,Montrose Beach,,,,,,,1,,,,
2015-07-30 09:00:00,Montrose Beach,,,,,,,1,,,,
2015-07-30 10:00:00,Montrose Beach,,,,,,,1,,,,
2015-07-30 11:00:00,Montrose Beach,,,,,,,1,,,,
2015-07-30 12:00:00,Montrose Beach,,,,,,,1,,,,
2015-07-30 13:00:00,Montrose Beach,,,,,,,1,,,,
2015-07-30 14:00:00,Montrose Beach,,,,,,,1,,,,
2015-07-30 15:00:00,Montrose Beach,,,,,,,1,,,,
2015-07-30 16:00:00,Montrose Beach,,,,,,,1,,,,
2015-07-30 17:00:00,Montrose Beach,,,,,,,1,,,,
2015-07-30 18:00:00,Montrose Beach,,,,,,,1,,,,
2015-07-30 19:00:00,Montrose Beach,,,,,,,1,,,,
2015-07-30 20:00:00,Montrose Beach,,,,,,,1,,,,
2015-07-30 21:00:00,Montrose Beach,1438290000.0,22.4,0.13,,4.0,MontroseBeach201507302100,0,22.4,0.13,0.126,4.0
2015-07-30 22:00:00,Montrose Beach,1438293600.0,22.4,0.16,0.147,3.0,MontroseBeach201507302200,0,22.4,0.16,0.147,3.0
2015-07-30 23:00:00,Montrose Beach,1438297200.0,22.3,0.18,0.136,4.0,MontroseBeach201507302300,0,22.3,0.18,0.136,4.0
2015-07-31 00:00:00,Montrose Beach,1438300800.0,22.3,0.17,0.136,8.0,MontroseBeach201507312400,0,22.3,0.17,0.136,8.0
2015-07-31 01:00:00,Montrose Beach,1438304400.0,,0.15,0.141,4.0,MontroseBeach201507310100,0,22.2,0.15,0.141,4.0
2015-07-31 02:00:00,Montrose Beach,1438308000.0,22.1,0.16,0.148,5.0,MontroseBeach201507310200,0,22.1,0.16,0.148,5.0
2015-07-31 03:00:00,Montrose Beach,1438311600.0,22.1,0.15,0.143,3.0,MontroseBeach201507310300,0,22.1,0.15,0.143,3.0
2015-07-31 04:00:00,Montrose Beach,1438315200.0,,0.09,0.141,4.0,MontroseBeach201507310400,0,22.0,0.09,0.141,4.0
2015-07-31 05:00:00,Montrose Beach,1438318800.0,22.0,0.09,0.132,,MontroseBeach201507310500,0,22.0,0.09,0.132,3.0
2015-07-31 06:00:00,Montrose Beach,1438322400.0,22.0,0.14,0.128,8.0,MontroseBeach201507310600,0,22.0,0.14,0.128,8.0
2015-07-31 07:00:00,Montrose Beach,1438326000.0,,0.12,0.121,7.0,MontroseBeach201507310700,0,21.9,0.12,0.121,7.0
2015-07-31 08:00:00,Montrose Beach,1438329600.0,21.9,0.09,0.12,6.0,MontroseBeach201507310800,0,21.9,0.09,0.12,6.0
2015-07-31 09:00:00,Montrose Beach,1438333200.0,22.0,0.09,0.105,3.0,MontroseBeach201507310900,0,22.0,0.09,0.105,3.0
2015-07-31 10:00:00,Montrose Beach,1438336800.0,22.2,0.12,,3.0,MontroseBeach201507311000,0,22.2,0.12,0.106,3.0
2015-07-31 11:00:00,Montrose Beach,1438340400.0,22.4,,0.133,3.0,MontroseBeach201507311100,0,22.4,0.15,0.133,3.0
2015-07-31 12:00:00,Montrose Beach,1438344000.0,,0.09,0.179,2.0,MontroseBeach201507311200,0,22.6,0.09,0.179,2.0
2015-07-31 13:00:00,Montrose Beach,1438347600.0,22.8,,0.199,2.0,MontroseBeach201507311300,0,22.8,0.13,0.199,2.0
2015-07-31 14:00:00,Montrose Beach,1438351200.0,,0.1,,3.0,MontroseBeach201507311400,0,23.0,0.1,0.22,3.0
2015-07-31 15:00:00,Montrose Beach,1438354800.0,,0.11,0.274,3.0,MontroseBeach201507311500,0,23.1,0.11,0.274,3.0
2015-07-31 16:00:00,Montrose Beach,,,,,,,1,,,,
2015-07-31 17:00:00,Montrose Beach,1438362000.0,23.1,0.38,0.298,3.0,MontroseBeach201507311700,0,23.1,0.38,0.298,3.0
2015-07-31 18:00:00,Montrose Beach,1438365600.0,23.0,0.5,,3.0,MontroseBeach201507311800,0,23.0,0.5,0.3,3.0
2015-07-31 19:00:00,Montrose Beach,,,,,,,1,,,,
2015-07-31 20:00:00,Montrose Beach,1438372800.0,23.2,0.63,,4.0,MontroseBeach201507312000,0,23.2,0.63,0.28,4.0
2015-07-31 21:00:00,Montrose Beach,1438376400.0,23.1,,0.255,3.0,MontroseBeach201507312100,0,23.1,0.86,0.255,3.0
2015-07-31 22:00:00,Montrose Beach,1438380000.0,23.0,0.86,0.235,4.0,MontroseBeach201507312200,0,23.0,0.86,0.235,4.0
2015-07-31 23:00:00,Montrose Beach,1438383600.0,22.9,0.74,0.216,3.0,MontroseBeach201507312300,0,22.9,0.74,0.216,3.0
2015-08-01 00:00:00,Montrose Beach,1438387200.0,22.9,0.55,0.192,4.0,MontroseBeach201508012400,0,22.9,0.55,0.192,4.0
2015-08-01 01:00:00,Montrose Beach,1438390800.0,22.9,0.25,,7.0,MontroseBeach201508010100,0,22.9,0.25,0.215,7.0
2015-08-01 02:00:00,Montrose Beach,1438394400.0,22.8,0.25,,3.0,MontroseBeach201508010200,0,22.8,0.25,0.208,3.0
2015-08-01 03:00:00,Montrose Beach,1438398000.0,,0.27,0.207,3.0,MontroseBeach201508010300,0,22.7,0.27,0.207,3.0
2015-08-01 04:00:00,Montrose Beach,1438401600.0,22.7,,0.204,3.0,MontroseBeach201508010400,0,22.7,0.27,0.204,3.0
2015-08-01 05:00:00,Montrose Beach,1438405200.0,22.6,0.3,0.216,4.0,MontroseBeach201508010500,0,22.6,0.3,0.216,4.0
2015-08-01 06:00:00,Montrose Beach,1438408800.0,22.5,0.36,0.209,3.0,MontroseBeach201508010600,0,22.5,0.36,0.209,3.0
2015-08-01 07:00:00,Montrose Beach,1438412400.0,22.5,,0.212,4.0,MontroseBeach201508010700,0,22.5,0.48,0.212,4.0
2015-08-01 08:00:00,Montrose Beach,1438416000.0,22.6,0.38,0.208,,MontroseBeach201508010800,0,22.6,0.38,0.208,4.0
2015-08-01 09:00:00,Montrose Beach,1438419600.0,22.7,0.3,0.195,3.0,MontroseBeach201508010900,0,22.7,0.3,0.195,3.0
2015-08-01 10:00:00,Montrose Beach,1438423200.0,22.9,0.2,0.195,3.0,MontroseBeach201508011000,0,22.9,0.2,0.195,3.0
2015-08-01 11:00:00,Montrose Beach,1438426800.0,,0.16,0.24,3.0,MontroseBeach201508011100,0,23.1,0.16,0.24,3.0
2015-08-01 12:00:00,Montrose Beach,1438430400.0,23.3,0.21,0.251,4.0,MontroseBeach201508011200,0,23.3,0.21,0.251,4.0
2015-08-01 13:00:00,Montrose Beach,1438434000.0,23.5,,0.216,3.0,MontroseBeach201508011300,0,23.5,0.21,0.216,3.0
2015-08-01 14:00:00,Montrose Beach,1438437600.0,,0.13,0.188,4.0,MontroseBeach201508011400,0,23.6,0.13,0.188,4.0
2015-08-01 15:00:00,Montrose Beach,1438441200.0,,0.2,0.183,3.0,MontroseBeach201508011500,0,23.8,0.2,0.183,3.0
2015-08-01 16:00:00,Montrose Beach,1438444800.0,23.8,0.17,,4.0,MontroseBeach201508011600,0,23.8,0.17,0.205,4.0
2015-08-01 17:00:00,Montrose Beach,1438448400.0,23.8,0.31,0.2,3.0,MontroseBeach201508011700,0,23.8,0.31,0.2,3.0
2015-08-01 18:00:00,Montrose Beach,1438452000.0,23.8,0.33,0.226,5.0,MontroseBeach201508011800,0,23.8,0.33,0.226,5.0
2015-08-01 19:00:00,Montrose Beach,1438455600.0,23.7,0.37,0.169,6.0,MontroseBeach201508011900,0,23.7,0.37,0.169,6.0
2015-08-01 20:00:00,Montrose Beach,1438459200.0,23.5,0.45,0.123,,MontroseBeach201508012000,0,23.5,0.45,0.123,6.0
2015-08-01 21:00:00,Montrose Beach,1438462800.0,23.4,0.43,,,MontroseBeach201508012100,0,23.4,0.43,0.124,4.0
2015-08-01 22:00:00,Montrose Beach,1438466400.0,23.4,0.39,0.14,4.0,MontroseBeach201508012200,0,23.4,0.39,0.14,4.0
2015-08-01 23:00:00,Montrose Beach,1438470000.0,,0.38,0.145,4.0,MontroseBeach201508012300,0,23.3,0.38,0.145,4.0
2015-08-02 00:00:00,Montrose Beach,1438473600.0,23.3,,0.189,,MontroseBeach201508022400,0,23.3,0.34,0.189,8.0
2015-08-02 01:00:00,Montrose Beach,,,,,,,1,,,,
2015-08-02 02:00:00,Montrose Beach,1438480800.0,23.1,0.27,0.177,6.0,MontroseBeach201508020200,0,23.1,0.27,0.177,6.0
2015-08-02 03:00:00,Montrose Beach,1438484400.0,23.0,0.32,0.14,5.0,MontroseBeach201508020300,0,23.0,0.32,0.14,5.0
2015-08-02 04:00:00,Montrose Beach,1438488000.0,22.9,,0.191,1.0,MontroseBeach201508020400,0,22.9,0.28,0.191,1.0
2015-08-02 05:00:00,Montrose Beach,1438491600.0,22.9,0.33,0.146,1.0,MontroseBeach201508020500,0,22.9,0.33,0.146,1.0
2015-08-02 06:00:00,Montrose Beach,1438495200.0,22.9,0.27,0.151,8.0,MontroseBeach201508020600,0,22.9,0.27,0.151,8.0
2015-08-02 07:00:00,Montrose Beach,1438498800.0,,0.22,0.098,6.0,MontroseBeach201508020700,0,22.8,0.22,0.098,6.0
2015-08-02 08:00:00,Montrose Beach,1438502400.0,22.9,0.25,,6.0,MontroseBeach201508020800,0,22.9,0.25,0.151,6.0
2015-08-02 09:00:00,Montrose Beach,1438506000.0,23.0,0.18,0.165,,MontroseBeach201508020900,0,23.0,0.18,0.165,2.0
2015-08-02 10:00:00,Montrose Beach,1438509600.0,23.1,,0.186,1.0,MontroseBeach201508021000,0,23.1,0.15,0.186,1.0
2015-08-02 11:00:00,Montrose Beach,1438513200.0,23.3,0.19,0.162,6.0,MontroseBeach201508021100,0,23.3,0.19,0.162,6.0
2015-08-02 12:00:00,Montrose Beach,1438516800.0,23.6,0.25,0.104,3.0,MontroseBeach201508021200,0,23.6,0.25,0.104,3.0
2015-08-02 13:00:00,Montrose Beach,1438520400.0,23.7,0.17,0.145,,MontroseBeach201508021300,0,23.7,0.17,0.145,3.0
2015-08-02 14:00:00,Montrose Beach,1438524000.0,24.1,0.2,0.13,3.0,MontroseBeach201508021400,0,24.1,0.2,0.13,3.0
2015-08-02 15:00:00,Montrose Beach,1438527600.0,24.2,0.37,0.146,3.0,MontroseBeach201508021500,0,24.2,0.37,0.146,3.0
2015-08-02 16:00:00,Montrose Beach,1438531200.0,24.2,,0.119,2.0,MontroseBeach201508021600,0,24.2,0.17,0.119,2.0
2015-08-02 17:00:00,Montrose Beach,1438534800.0,24.5,0.27,0.111,2.0,MontroseBeach201508021700,0,24.5,0.27,0.111,2.0
2015-08-02 18:00:00,Montrose Beach,1438538400.0,24.1,0.15,0.117,7.0,MontroseBeach201508021800,0,24.1,0.15,0.117,7.0
2015-08-02 19:00:00,Montrose Beach,1438542000.0,24.4,0.21,0.13,6.0,MontroseBeach201508021900,0,24.4,0.21,0.13,6.0
2015-08-02 20:00:00,Montrose Beach,1438545600.0,24.2,,0.095,,MontroseBeach201508022000,0,24.2,0.22,0.095,9.0
2015-08-02 21:00:00,Montrose Beach,1438549200.0,,0.16,0.111,4.0,MontroseBeach201508022100,0,24.0,0.16,0.111,4.0
2015-08-02 22:00:00,Montrose Beach,1438552800.0,23.9,0.16,,,MontroseBeach201508022200,0,23.9,0.16,0.12,10.0
2015-08-02 23:00:00,Montrose Beach,1438556400.0,23.7,0.9,,3.0,MontroseBeach201508022300,0,23.7,0.9,0.349,3.0
2015-08-03 00:00:00,Montrose Beach,1438560000.0,23.4,1.2,0.3,4.0,MontroseBeach201508032400,0,23.4,1.2,0.3,4.0
2015-08-03 01:00:00,Montrose Beach,1438563600.0,23.4,,0.285,4.0,MontroseBeach201508030100,0,23.4,1.34,0.285,4.0
2015-08-03 02:00:00,Montrose Beach,1438567200.0,,1.35,0.288,3.0,MontroseBeach201508030200,0,23.3,1.35,0.288,3.0
2015-08-03 03:00:00,Montrose Beach,1438570800.0,23.2,,0.295,,MontroseBeach201508030300,0,23.2,1.1,0.295,4.0
2015-08-03 04:00:00,Montrose Beach,1438574400.0,23.2,1.04,0.273,5.0,MontroseBeach201508030400,0,23.2,1.04,0.273,5.0
2015-08-03 05:00:00,Montrose Beach,1438578000.0,23.1,1.0,0.23,4.0,MontroseBeach201508030500,0,23.1,1.0,0.23,4.0
2015-08-03 06:00:00,Montrose Beach,1438581600.0,,0.76,0.228,5.0,MontroseBeach201508030600,0,23.1,0.76,0.228,5.0
2015-08-03 07:00:00,Montrose Beach,1438585200.0,23.1,0.8,0.219,,MontroseBeach201508030700,0,23.1,0.8,0.219,4.0
2015-08-03 08:00:00,Montrose Beach,1438588800.0,23.0,0.88,0.23,4.0,MontroseBeach201508030800,0,23.0,0.88,0.23,4.0
2015-08-03 09:00:00,Montrose Beach,1438592400.0,23.2,0.99,0.317,,MontroseBeach201508030900,0,23.2,0.99,0.317,4.0
2015-08-03 10:00:00,Montrose Beach,1438596000.0,23.4,1.09,0.297,4.0,MontroseBeach201508031000,0,23.4,1.09,0.297,4.0
2015-08-03 11:00:00,Montrose Beach,1438599600.0,23.5,0.94,0.284,5.0,MontroseBeach201508031100,0,23.5,0.94,0.284,5.0
2015-08-03 12:00:00,Montrose Beach,1438603200.0,,1.15,0.262,5.0,MontroseBeach201508031200,0,23.8,1.15,0.262,5.0
2015-08-03 13:00:00,Montrose Beach,1438606800.0,23.9,,0.276,4.0,MontroseBeach201508031300,0,23.9,0.92,0.276,4.0
2015-08-03 14:00:00,Montrose Beach,1438610400.0,24.1,1.08,0.257,4.0,MontroseBeach201508031400,0,24.1,1.08,0.257,4.0
2015-08-03 15:00:00,Montrose Beach,1438614000.0,24.2,1.05,,3.0,MontroseBeach201508031500,0,24.2,1.05,0.268,3.0
2015-08-03 16:00:00,Montrose Beach,1438617600.0,24.3,1.06,0.259,3.0,MontroseBeach201508031600,0,24.3,1.06,0.259,3.0
2015-08-03 17:00:00,Montrose Beach,1438621200.0,24.2,0.75,,3.0,MontroseBeach201508031700,0,24.2,0.75,0.266,3.0
2015-08-03 18:00:00,Montrose Beach,1438624800.0,,0.79,0.255,3.0,MontroseBeach201508031800,0,24.2,0.79,0.255,3.0
2015-08-03 19:00:00,Montrose Beach,1438628400.0,,,0.264,4.0,MontroseBeach201508031900,0,24.1,0.65,0.264,4.0
2015-08-03 20:00:00,Montrose Beach,1438632000.0,23.9,0.7,,3.0,MontroseBeach201508032000,0,23.9,0.7,0.232,3.0
2015-08-03 21:00:00,Montrose Beach,1438635600.0,23.8,,0.205,4.0,MontroseBeach201508032100,0,23.8,0.61,0.205,4.0
2015-08-03 22:00:00,Montrose Beach,1438639200.0,23.7,0.66,0.201,3.0,MontroseBeach201508032200,0,23.7,0.66,0.201,3.0
2015-08-03 23:00:00,Montrose Beach,1438642800.0,23.6,,0.19,5.0,MontroseBeach201508032300,0,23.6,0.6,0.19,5.0
2015-08-04 00:00:00,Montrose Beach,1438646400.0,23.6,0.61,0.187,5.0,MontroseBeach201508042400,0,23.6,0.61,0.187,5.0
2015-08-04 01:00:00,Montrose Beach,1438650000.0,23.5,0.47,0.191,5.0,MontroseBeach201508040100,0,23.5,0.47,0.191,5.0
2015-08-04 02:00:00,Montrose Beach,1438653600.0,23.3,0.39,0.198,5.0,MontroseBeach201508040200,0,23.3,0.39,0.198,5.0
2015-08-04 03:00:00,Montrose Beach,1438657200.0,23.2,,0.212,4.0,MontroseBeach201508040300,0,23.2,0.34,0.212,4.0
2015-08-04 04:00:00,Montrose Beach,1438660800.0,23.2,0.29,0.226,,MontroseBeach201508040400,0,23.2,0.29,0.226,4.0
2015-08-04 05:00:00,Montrose Beach,1438664400.0,,0.31,0.223,4.0,MontroseBeach201508040500,0,23.2,0.31,0.223,4.0
2015-08-04 06:00:00,Montrose Beach,1438668000.0,23.1,0.36,0.201,4.0,MontroseBeach201508040600,0,23.1,0.36,0.201,4.0
2015-08-04 07:00:00,Montrose Beach,1438671600.0,23.0,0.38,,3.0,MontroseBeach201508040700,0,23.0,0.38,0.233,3.0
2015-08-04 08:00:00,Montrose Beach,1438675200.0,23.0,0.37,0.218,3.0,MontroseBeach201508040800,0,23.0,0.37,0.218,3.0
2015-08-04 09:00:00,Montrose Beach,,,,,,,1,,,,
2015-08-04 10:00:00,Montrose Beach,1438682400.0,23.2,0.27,0.221,3.0,MontroseBeach201508041000,0,23.2,0.27,0.221,3.0
2015-08-04 11:00:00,Montrose Beach,1438686000.0,23.4,0.27,0.146,3.0,MontroseBeach201508041100,0,23.4,0.27,0.146,3.0
2015-08-04 12:00:00,Montrose Beach,1438689600.0,23.6,0.27,0.145,3.0,MontroseBeach201508041200,0,23.6,0.27,0.145,3.0
2015-08-04 13:00:00,Montrose Beach,1438693200.0,23.8,,,,MontroseBeach201508041300,0,23.8,0.26,0.138,3.0
2015-08-04 14:00:00,Montrose Beach,1438696800.0,23.9,0.22,0.149,,MontroseBeach201508041400,0,23.9,0.22,0.149,3.0
2015-08-04 15:00:00,Montrose Beach,1438700400.0,24.0,,0.15,4.0,MontroseBeach201508041500,0,24.0,0.21,0.15,4.0
2015-08-04 16:00:00,Montrose Beach,,,,,,,1,,,,
2015-08-04 17:00:00,Montrose Beach,1438707600.0,24.1,0.22,0.179,5.0,MontroseBeach201508041700,0,24.1,0.22,0.179,5.0
2015-08-04 18:00:00,Montrose Beach,1438711200.0,24.0,0.25,0.214,7.0,MontroseBeach201508041800,0,24.0,0.25,0.214,7.0
2015-08-04 19:00:00,Montrose Beach,1438714800.0,23.9,0.25,,2.0,MontroseBeach201508041900,0,23.9,0.25,0.276,2.0
2015-08-04 20:00:00,Montrose Beach,1438718400.0,23.9,0.25,,2.0,MontroseBeach201508042000,0,23.9,0.25,0.245,2.0
2015-08-04 21:00:00,Montrose Beach,1438722000.0,,0.83,0.243,,MontroseBeach201508042100,0,24.1,0.83,0.243,3.0
2015-08-04 22:00:00,Montrose Beach,1438725600.0,,0.58,0.249,,MontroseBeach201508042200,0,24.0,0.58,0.249,3.0
2015-08-04 23:00:00,Montrose Beach,1438729200.0,23.7,0.52,0.23,3.0,MontroseBeach201508042300,0,23.7,0.52,0.23,3.0
2015-08-05 00:00:00,Montrose Beach,1438732800.0,23.6,0.43,,3.0,MontroseBeach201508052400,0,23.6,0.43,0.211,3.0
2015-08-05 01:00:00,Montrose Beach,1438736400.0,23.5,0.33,0.215,3.0,MontroseBeach201508050100,0,23.5,0.33,0.215,3.0
2015-08-05 02:00:00,Montrose Beach,1438740000.0,,0.3,,3.0,MontroseBeach201508050200,0,23.4,0.3,0.232,3.0
2015-08-05 03:00:00,Montrose Beach,1438743600.0,23.3,0.27,0.209,,MontroseBeach201508050300,0,23.3,0.27,0.209,3.0
2015-08-05 04:00:00,Montrose Beach,1438747200.0,23.2,0.29,0.215,1.0,MontroseBeach201508050400,0,23.2,0.29,0.215,1.0
2015-08-05 05:00:00,Montrose Beach,1438750800.0,23.1,0.21,0.196,2.0,MontroseBeach201508050500,0,23.1,0.21,0.196,2.0
2015-08-05 06:00:00,Montrose Beach,1438754400.0,23.1,0.2,0.192,5.0,MontroseBeach201508050600,0,23.1,0.2,0.192,5.0
2015-08-05 07:00:00,Montrose Beach,1438758000.0,23.1,0.26,0.184,,MontroseBeach201508050700,0,23.1,0.26,0.184,1.0
2015-08-05 08:00:00,Montrose Beach,1438761600.0,23.2,0.29,0.206,5.0,MontroseBeach201508050800,0,23.2,0.29,0.206,5.0
2015-08-05 09:00:00,Montrose Beach,1438765200.0,23.3,0.19,0.206,4.0,MontroseBeach201508050900,0,23.3,0.19,0.206,4.0
2015-08-05 10:00:00,Montrose Beach,1438768800.0,23.5,0.18,,,MontroseBeach201508051000,0,23.5,0.18,0.172,4.0
2015-08-05 11:00:00,Montrose Beach,1438772400.0,,0.2,0.141,4.0,MontroseBeach201508051100,0,23.7,0.2,0.141,4.0
2015-08-05 12:00:00,Montrose Beach,1438776000.0,23.9,0.19,,,MontroseBeach201508051200,0,23.9,0.19,0.13,4.0
2015-08-05 13:00:00,Montrose Beach,1438779600.0,23.9,,0.145,4.0,MontroseBeach201508051300,0,23.9,0.21,0.145,4.0
2015-08-05 14:00:00,Montrose Beach,1438783200.0,24.2,0.31,0.173,3.0,MontroseBeach201508051400,0,24.2,0.31,0.173,3.0
2015-08-05 15:00:00,Montrose Beach,1438786800.0,24.1,0.21,,3.0,MontroseBeach201508051500,0,24.1,0.21,0.185,3.0
2015-08-05 16:00:00,Montrose Beach,1438790400.0,,0.23,0.216,,MontroseBeach201508051600,0,24.1,0.23,0.216,3.0
2015-08-05 17:00:00,Montrose Beach,1438794000.0,24.0,0.23,0.25,,MontroseBeach201508051700,0,24.0,0.23,0.25,2.0
2015-08-05 18:00:00,Montrose Beach,,,,,,,1,,,,
2015-08-05 19:00:00,Montrose Beach,,,,,,,1,,,,
2015-08-05 20:00:00,Montrose Beach,,,,,,,1,,,,
2015-08-05 21:00:00,Montrose Beach,1438808400.0,,,0.303,3.0,MontroseBeach201508052100,0,23.6,0.38,0.303,3.0
2015-08-05 22:00:00,Montrose Beach,1438812000.0,23.4,,0.331,3.0,MontroseBeach201508052200,0,23.4,0.48,0.331,3.0
2015-08-05 23:00:00,Montrose Beach,1438815600.0,23.4,1.05,0.354,3.0,MontroseBeach201508052300,0,23.4,1.05,0.354,3.0
2015-08-06 00:00:00,Montrose Beach,1438819200.0,23.2,1.06,0.35,4.0,MontroseBeach201508062400,0,23.2,1.06,0.35,4.0
2015-08-06 01:00:00,Montrose Beach,1438822800.0,23.1,1.09,0.358,3.0,MontroseBeach201508060100,0,23.1,1.09,0.358,3.0
2015-08-06 02:00:00,Montrose Beach,1438826400.0,,1.53,0.331,3.0,MontroseBeach201508060200,0,23.0,1.53,0.331,3.0
2015-08-06 03:00:00,Montrose Beach,1438830000.0,,1.49,0.336,,MontroseBeach201508060300,0,22.9,1.49,0.336,4.0
2015-08-06 04:00:00,Montrose Beach,1438833600.0,22.9,1.77,0.358,4.0,MontroseBeach201508060400,0,22.9,1.77,0.358,4.0
2015-08-06 05:00:00,Montrose Beach,1438837200.0,22.9,1.92,0.368,4.0,MontroseBeach201508060500,0,22.9,1.92,0.368,4.0
2015-08-06 06:00:00,Montrose Beach,1438840800.0,22.9,1.87,0.335,4.0,MontroseBeach201508060600,0,22.9,1.87,0.335,4.0
2015-08-06 07:00:00,Montrose Beach,,,,,,,1,,,,
2015-08-06 08:00:00,Montrose Beach,1438848000.0,,1.5,0.318,3.0,MontroseBeach201508060800,0,22.8,1.5,0.318,3.0
2015-08-06 09:00:00,Montrose Beach,1438851600.0,22.8,1.73,,3.0,MontroseBeach201508060900,0,22.8,1.73,0.329,3.0
2015-08-06 10:00:00,Montrose Beach,,,,,,,1,,,,
2015-08-06 11:00:00,Montrose Beach,1438858800.0,23.3,0.83,0.308,4.0,MontroseBeach201508061100,0,23.3,0.83,0.308,4.0
2015-08-06 12:00:00,Montrose Beach,1438862400.0,23.6,0.98,0.293,4.0,MontroseBeach201508061200,0,23.6,0.98,0.293,4.0
2015-08-06 13:00:00,Montrose Beach,1438866000.0,24.0,1.09,0.258,,MontroseBeach201508061300,0,24.0,1.09,0.258,3.0
2015-08-06 14:00:00,Montrose Beach,1438869600.0,24.2,1.21,0.278,4.0,MontroseBeach201508061400,0,24.2,1.21,0.278,4.0
2015-08-06 15:00:00,Montrose Beach,1438873200.0,24.4,1.16,0.277,4.0,MontroseBeach201508061500,0,24.4,1.16,0.277,4.0
2015-08-06 16:00:00,Montrose Beach,1438876800.0,,1.28,0.276,,MontroseBeach201508061600,0,24.7,1.28,0.276,3.0
2015-08-06 17:00:00,Montrose Beach,1438880400.0,24.9,,0.263,3.0,MontroseBeach201508061700,0,24.9,1.37,0.263,3.0
2015-08-06 18:00:00,Montrose Beach,1438884000.0,24.8,1.28,0.261,3.0,MontroseBeach201508061800,0,24.8,1.28,0.261,3.0
2015-08-06 19:00:00,Montrose Beach,1438887600.0,25.1,1.4,0.258,3.0,MontroseBeach201508061900,0,25.1,1.4,0.258,3.0
2015-08-06 20:00:00,Montrose Beach,1438891200.0,,1.39,0.288,,MontroseBeach201508062000,0,25.0,1.39,0.288,3.0
2015-08-06 21:00:00,Montrose Beach,1438894800.0,25.1,1.45,,3.0,MontroseBeach201508062100,0,25.1,1.45,0.277,3.0
2015-08-06 22:00:00,Montrose Beach,1438898400.0,25.0,1.5,0.262,4.0,MontroseBeach201508062200,0,25.0,1.5,0.262,4.0
2015-08-06 23:00:00,Montrose Beach,1438902000.0,24.9,1.85,0.272,3.0,MontroseBeach201508062300,0,24.9,1.85,0.272,3.0
2015-08-07 00:00:00,Montrose Beach,1438905600.0,24.6,1.75,0.263,3.0,MontroseBeach201508072400,0,24.6,1.75,0.263,3.0
2015-08-07 01:00:00,Montrose Beach,1438909200.0,24.4,1.37,0.246,3.0,MontroseBeach201508070100,0,24.4,1.37,0.246,3.0
2015-08-07 02:00:00,Montrose Beach,1438912800.0,,1.17,0.245,3.0,MontroseBeach201508070200,0,24.3,1.17,0.245,3.0
2015-08-07 03:00:00,Montrose Beach,1438916400.0,24.2,,0.229,3.0,MontroseBeach201508070300,0,24.2,1.31,0.229,3.0
2015-08-07 04:00:00,Montrose Beach,1438920000.0,24.0,1.36,0.226,3.0,MontroseBeach201508070400,0,24.0,1.36,0.226,3.0
2015-08-07 05:00:00,Montrose Beach,1438923600.0,23.9,1.34,0.193,4.0,MontroseBeach201508070500,0,23.9,1.34,0.193,4.0
2015-08-07 06:00:00,Montrose Beach,1438927200.0,23.8,1.24,0.177,3.0,MontroseBeach201508070600,0,23.8,1.24,0.177,3.0
2015-08-07 07:00:00,Montrose Beach,1438930800.0,23.8,1.45,0.16,,MontroseBeach201508070700,0,23.8,1.45,0.16,4.0
2015-08-07 08:00:00,Montrose Beach,1438934400.0,23.7,1.5,,7.0,MontroseBeach201508070800,0,23.7,1.5,0.158,7.0
2015-08-07 09:00:00,Montrose Beach,1438938000.0,23.6,1.4,0.142,3.0,MontroseBeach201508070900,0,23.6,1.4,0.142,3.0
2015-08-07 10:00:00,Montrose Beach,1438941600.0,23.6,1.18,,4.0,MontroseBeach201508071000,0,23.6,1.18,0.149,4.0
2015-08-07 11:00:00,Montrose Beach,1438945200.0,23.5,,0.135,4.0,MontroseBeach201508071100,0,23.5,1.14,0.135,4.0
2015-08-07 12:00:00,Montrose Beach,1438948800.0,21.5,0.76,0.153,3.0,MontroseBeach201508071200,0,21.5,0.76,0.153,3.0
2015-08-07 13:00:00,Montrose Beach,1438952400.0,20.9,0.52,0.157,3.0,MontroseBeach201508071300,0,20.9,0.52,0.157,3.0
2015-08-07 14:00:00,Montrose Beach,1438956000.0,20.5,0.41,,3.0,MontroseBeach201508071400,0,20.5,0.41,0.16,3.0
2015-08-07 15:00:00,Montrose Beach,1438959600.0,20.2,0.39,0.197,3.0,MontroseBeach201508071500,0,20.2,0.39,0.197,3.0
2015-08-07 16:00:00,Montrose Beach,1438963200.0,20.1,0.27,0.199,3.0,MontroseBeach201508071600,0,20.1,0.27,0.199,3.0
2015-08-07 17:00:00,Montrose Beach,1438966800.0,20.1,0.24,0.228,3.0,MontroseBeach201508071700,0,20.1,0.24,0.228,3.0
2015-08-07 18:00:00,Montrose Beach,1438970400.0,20.0,0.36,0.231,3.0,MontroseBeach201508071800,0,20.0,0.36,0.231,3.0
2015-08-07 19:00:00,Montrose Beach,1438974000.0,19.9,0.24,0.224,3.0,MontroseBeach201508071900,0,19.9,0.24,0.224,3.0
2015-08-07 20:00:00,Montrose Beach,1438977600.0,20.0,0.29,0.211,,MontroseBeach201508072000,0,20.0,0.29,0.211,3.0
2015-08-07 21:00:00,Montrose Beach,1438981200.0,20.2,0.56,0.197,3.0,MontroseBeach201508072100,0,20.2,0.56,0.197,3.0
2015-08-07 22:00:00,Montrose Beach,1438984800.0,20.1,0.38,0.199,,MontroseBeach201508072200,0,20.1,0.38,0.199,3.0
2015-08-07 23:00:00,Montrose Beach,1438988400.0,19.9,0.32,0.216,3.0,MontroseBeach201508072300,0,19.9,0.32,0.216,3.0
2015-08-08 00:00:00,Montrose Beach,1438992000.0,19.7,0.27,0.211,3.0,MontroseBeach201508082400,0,19.7,0.27,0.211,3.0
2015-08-08 01:00:00,Montrose Beach,1438995600.0,19.7,0.23,0.204,4.0,MontroseBeach201508080100,0,19.7,0.23,0.204,4.0
2015-08-08 02:00:00,Montrose Beach,1438999200.0,19.7,,0.194,4.0,MontroseBeach201508080200,0,19.7,0.26,0.194,4.0
2015-08-08 03:00:00,Montrose Beach,1439002800.0,19.6,0.23,0.174,3.0,MontroseBeach201508080300,0,19.6,0.23,0.174,3.0
2015-08-08 04:00:00,Montrose Beach,1439006400.0,19.5,0.61,0.171,4.0,MontroseBeach201508080400,0,19.5,0.61,0.171,4.0
2015-08-08 05:00:00,Montrose Beach,1439010000.0,19.2,0.41,0.143,4.0,MontroseBeach201508080500,0,19.2,0.41,0.143,4.0
2015-08-08 06:00:00,Montrose Beach,1439013600.0,,0.47,,8.0,MontroseBeach201508080600,0,19.0,0.47,0.148,8.0
2015-08-08 07:00:00,Montrose Beach,1439017200.0,,0.46,0.139,4.0,MontroseBeach201508080700,0,18.7,0.46,0.139,4.0
2015-08-08 08:00:00,Montrose Beach,1439020800.0,18.8,0.62,0.137,4.0,MontroseBeach201508080800,0,18.8,0.62,0.137,4.0
2015-08-08 09:00:00,Montrose Beach,1439024400.0,19.1,0.61,0.18,3.0,MontroseBeach201508080900,0,19.1,0.61,0.18,3.0
2015-08-08 10:00:00,Montrose Beach,1439028000.0,19.6,0.37,0.149,4.0,MontroseBeach201508081000,0,19.6,0.37,0.149,4.0
2015-08-08 11:00:00,Montrose Beach,1439031600.0,19.8,0.17,0.154,4.0,MontroseBeach201508081100,0,19.8,0.17,0.154,4.0
2015-08-08 12:00:00,Montrose Beach,1439035200.0,,0.21,0.157,4.0,MontroseBeach201508081200,0,19.8,0.21,0.157,4.0
2015-08-08 13:00:00,Montrose Beach,1439038800.0,19.9,0.22,0.236,2.0,MontroseBeach201508081300,0,19.9,0.22,0.236,2.0
2015-08-08 14:00:00,Montrose Beach,1439042400.0,20.9,0.39,0.27,3.0,MontroseBeach201508081400,0,20.9,0.39,0.27,3.0
2015-08-08 15:00:00,Montrose Beach,1439046000.0,20.1,,0.28,3.0,MontroseBeach201508081500,0,20.1,0.26,0.28,3.0
2015-08-08 16:00:00,Montrose Beach,1439049600.0,19.9,0.34,0.281,3.0,MontroseBeach201508081600,0,19.9,0.34,0.281,3.0
2015-08-08 17:00:00,Montrose Beach,1439053200.0,19.8,0.43,0.284,3.0,MontroseBeach201508081700,0,19.8,0.43,0.284,3.0
2015-08-08 18:00:00,Montrose Beach,1439056800.0,19.8,0.34,,3.0,MontroseBeach201508081800,0,19.8,0.34,0.254,3.0
2015-08-08 19:00:00,Montrose Beach,1439060400.0,19.9,0.45,0.242,3.0,MontroseBeach201508081900,0,19.9,0.45,0.242,3.0
2015-08-08 20:00:00,Montrose Beach,1439064000.0,19.8,0.26,0.258,3.0,MontroseBeach201508082000,0,19.8,0.26,0.258,3.0
2015-08-08 21:00:00,Montrose Beach,1439067600.0,,0.34,0.259,3.0,MontroseBeach201508082100,0,19.9,0.34,0.259,3.0
2015-08-08 22:00:00,Montrose Beach,1439071200.0,20.3,0.28,0.253,3.0,MontroseBeach201508082200,0,20.3,0.28,0.253,3.0
2015-08-08 23:00:00,Montrose Beach,1439074800.0,,,,4.0,MontroseBeach201508082300,0,20.4,0.33,0.241,4.0
2015-08-09 00:00:00,Montrose Beach,1439078400.0,20.4,,0.219,3.0,MontroseBeach201508092400,0,20.4,0.28,0.219,3.0
2015-08-09 01:00:00,Montrose Beach,,,,,,,1,,,,
2015-08-09 02:00:00,Montrose Beach,1439085600.0,20.6,,,4.0,MontroseBeach201508090200,0,20.6,0.27,0.203,4.0
2015-08-09 03:00:00,Montrose Beach,1439089200.0,20.6,0.24,0.184,,MontroseBeach201508090300,0,20.6,0.24,0.184,3.0
2015-08-09 04:00:00,Montrose Beach,1439092800.0,20.6,0.31,,3.0,MontroseBeach201508090400,0,20.6,0.31,0.189,3.0
2015-08-09 05:00:00,Montrose Beach,1439096400.0,20.5,0.24,0.176,3.0,MontroseBeach201508090500,0,20.5,0.24,0.176,3.0
2015-08-09 06:00:00,Montrose Beach,1439100000.0,20.5,,0.187,8.0,MontroseBeach201508090600,0,20.5,0.28,0.187,8.0
2015-08-09 07:00:00,Montrose Beach,1439103600.0,20.5,0.22,0.176,4.0,MontroseBeach201508090700,0,20.5,0.22,0.176,4.0
2015-08-09 08:00:00,Montrose Beach,1439107200.0,20.5,0.23,,4.0,MontroseBeach201508090800,0,20.5,0.23,0.161,4.0
2015-08-09 09:00:00,Montrose Beach,1439110800.0,20.5,0.21,0.164,3.0,MontroseBeach201508090900,0,20.5,0.21,0.164,3.0
2015-08-09 10:00:00,Montrose Beach,1439114400.0,20.6,0.2,0.153,3.0,MontroseBeach201508091000,0,20.6,0.2,0.153,3.0
2015-08-09 11:00:00,Montrose Beach,1439118000.0,20.6,0.2,,3.0,MontroseBeach201508091100,0,20.6,0.2,0.164,3.0
2015-08-09 12:00:00,Montrose Beach,1439121600.0,20.6,0.21,0.142,,MontroseBeach201508091200,0,20.6,0.21,0.142,3.0
2015-08-09 13:00:00,Montrose Beach,1439125200.0,20.8,,,3.0,MontroseBeach201508091300,0,20.8,0.17,0.147,3.0
2015-08-09 14:00:00,Montrose Beach,1439128800.0,21.0,0.19,,3.0,MontroseBeach201508091400,0,21.0,0.19,0.159,3.0
2015-08-09 15:00:00,Montrose Beach,1439132400.0,21.1,0.18,0.172,3.0,MontroseBeach201508091500,0,21.1,0.18,0.172,3.0
2015-08-09 16:00:00,Montrose Beach,1439136000.0,21.1,0.16,0.164,3.0,MontroseBeach201508091600,0,21.1,0.16,0.164,3.0
2015-08-09 17:00:00,Montrose Beach,1439139600.0,21.2,0.17,,3.0,MontroseBeach201508091700,0,21.2,0.17,0.159,3.0
2015-08-09 18:00:00,Montrose Beach,1439143200.0,,0.19,0.146,7.0,MontroseBeach201508091800,0,21.3,0.19,0.146,7.0
2015-08-09 19:00:00,Montrose Beach,1439146800.0,21.2,0.16,0.155,6.0,MontroseBeach201508091900,0,21.2,0.16,0.155,6.0
2015-08-09 20:00:00,Montrose Beach,1439150400.0,21.2,0.12,0.131,5.0,MontroseBeach201508092000,0,21.2,0.12,0.131,5.0
2015-08-09 21:00:00,Montrose Beach,1439154000.0,21.1,0.13,0.152,3.0,MontroseBeach201508092100,0,21.1,0.13,0.152,3.0
2015-08-09 22:00:00,Montrose Beach,1439157600.0,21.1,0.16,0.117,4.0,MontroseBeach201508092200,0,21.1,0.16,0.117,4.0
2015-08-09 23:00:00,Montrose Beach,1439161200.0,21.0,0.13,0.118,3.0,MontroseBeach201508092300,0,21.0,0.13,0.118,3.0
2015-08-10 00:00:00,Montrose Beach,1439164800.0,20.8,0.22,0.118,7.0,MontroseBeach201508102400,0,20.8,0.22,0.118,7.0
2015-08-10 01:00:00,Montrose Beach,1439168400.0,20.9,0.18,,7.0,MontroseBeach201508100100,0,20.9,0.18,0.119,7.0
2015-08-10 02:00:00,Montrose Beach,1439172000.0,20.9,,,6.0,MontroseBeach201508100200,0,20.9,0.16,0.124,6.0
2015-08-10 03:00:00,Montrose Beach,1439175600.0,,0.17,0.135,5.0,MontroseBeach201508100300,0,20.9,0.17,0.135,5.0
2015-08-10 04:00:00,Montrose Beach,1439179200.0,20.9,0.16,0.114,4.0,MontroseBeach201508100400,0,20.9,0.16,0.114,4.0
2015-08-10 05:00:00,Montrose Beach,1439182800.0,21.0,,,10.0,MontroseBeach201508100500,0,21.0,0.11,0.104,10.0
2015-08-10 06:00:00,Montrose Beach,1439186400.0,21.0,,0.102,,MontroseBeach201508100600,0,21.0,0.12,0.102,8.0
2015-08-10 07:00:00,Montrose Beach,1439190000.0,21.0,0.16,0.121,7.0,MontroseBeach201508100700,0,21.0,0.16,0.121,7.0
2015-08-10 08:00:00,Montrose Beach,1439193600.0,21.0,0.15,0.124,6.0,MontroseBeach201508100800,0,21.0,0.15,0.124,6.0
2015-08-10 09:00:00,Montrose Beach,1439197200.0,21.1,0.11,0.128,5.0,MontroseBeach201508100900,0,21.1,0.11,0.128,5.0
2015-08-10 10:00:00,Montrose Beach,1439200800.0,21.3,0.17,0.154,2.0,MontroseBeach201508101000,0,21.3,0.17,0.154,2.0
2015-08-10 11:00:00,Montrose Beach,1439204400.0,21.5,,0.149,2.0,MontroseBeach201508101100,0,21.5,0.24,0.149,2.0
2015-08-10 12:00:00,Montrose Beach,1439208000.0,21.7,,0.154,2.0,MontroseBeach201508101200,0,21.7,0.15,0.154,2.0
2015-08-10 13:00:00,Montrose Beach,1439211600.0,21.9,0.17,0.133,8.0,MontroseBeach201508101300,0,21.9,0.17,0.133,8.0
2015-08-10 14:00:00,Montrose Beach,1439215200.0,,,,3.0,MontroseBeach201508101400,0,21.9,0.14,0.134,3.0
2015-08-10 15:00:00,Montrose Beach,1439218800.0,22.1,0.14,0.304,3.0,MontroseBeach201508101500,0,22.1,0.14,0.304,3.0
2015-08-10 16:00:00,Montrose Beach,1439222400.0,21.9,0.26,0.303,3.0,MontroseBeach201508101600,0,21.9,0.26,0.303,3.0
2015-08-10 17:00:00,Montrose Beach,1439226000.0,,0.41,0.278,3.0,MontroseBeach201508101700,0,21.9,0.41,0.278,3.0
2015-08-10 18:00:00,Montrose Beach,1439229600.0,22.0,0.35,0.247,3.0,MontroseBeach201508101800,0,22.0,0.35,0.247,3.0
2015-08-10 19:00:00,Montrose Beach,1439233200.0,22.1,0.5,0.254,3.0,MontroseBeach201508101900,0,22.1,0.5,0.254,3.0
2015-08-10 20:00:00,Montrose Beach,1439236800.0,22.1,,0.24,3.0,MontroseBeach201508102000,0,22.1,0.34,0.24,3.0
2015-08-10 21:00:00,Montrose Beach,1439240400.0,22.0,0.33,0.22,3.0,MontroseBeach201508102100,0,22.0,0.33,0.22,3.0
2015-08-10 22:00:00,Montrose Beach,1439244000.0,21.9,0.31,0.211,3.0,MontroseBeach201508102200,0,21.9,0.31,0.211,3.0
2015-08-10 23:00:00,Montrose Beach,1439247600.0,22.0,0.26,0.226,3.0,MontroseBeach201508102300,0,22.0,0.26,0.226,3.0
2015-08-11 00:00:00,Montrose Beach,1439251200.0,21.9,0.22,0.204,3.0,MontroseBeach201508112400,0,21.9,0.22,0.204,3.0
2015-08-11 01:00:00,Montrose Beach,1439254800.0,21.9,0.24,0.209,,MontroseBeach201508110100,0,21.9,0.24,0.209,3.0
2015-08-11 02:00:00,Montrose Beach,1439258400.0,21.9,0.28,,3.0,MontroseBeach201508110200,0,21.9,0.28,0.226,3.0
2015-08-11 03:00:00,Montrose Beach,1439262000.0,,0.28,0.229,3.0,MontroseBeach201508110300,0,21.9,0.28,0.229,3.0
2015-08-11 04:00:00,Montrose Beach,1439265600.0,21.9,,0.252,3.0,MontroseBeach201508110400,0,21.9,0.18,0.252,3.0
2015-08-11 05:00:00,Montrose Beach,1439269200.0,,0.24,,3.0,MontroseBeach201508110500,0,21.9,0.24,0.25,3.0
2015-08-11 06:00:00,Montrose Beach,1439272800.0,21.9,0.31,,3.0,MontroseBeach201508110600,0,21.9,0.31,0.31,3.0
2015-08-11 07:00:00,Montrose Beach,1439276400.0,,0.48,0.34,3.0,MontroseBeach201508110700,0,21.9,0.48,0.34,3.0
2015-08-11 08:00:00,Montrose Beach,1439280000.0,22.0,0.75,0.334,4.0,MontroseBeach201508110800,0,22.0,0.75,0.334,4.0
2015-08-11 09:00:00,Montrose Beach,1439283600.0,22.1,0.84,0.321,3.0,MontroseBeach201508110900,0,22.1,0.84,0.321,3.0
2015-08-11 10:00:00,Montrose Beach,1439287200.0,22.2,1.0,0.318,3.0,MontroseBeach201508111000,0,22.2,1.0,0.318,3.0
2015-08-11 11:00:00,Montrose Beach,1439290800.0,22.4,1.36,0.332,4.0,MontroseBeach201508111100,0,22.4,1.36,0.332,4.0
2015-08-11 12:00:00,Montrose Beach,1439294400.0,22.6,1.6,0.299,4.0,MontroseBeach201508111200,0,22.6,1.6,0.299,4.0
2015-08-11 13:00:00,Montrose Beach,1439298000.0,22.9,,0.291,,MontroseBeach201508111300,0,22.9,1.8,0.291,3.0
2015-08-11 14:00:00,Montrose Beach,1439301600.0,23.0,,0.351,3.0,MontroseBeach201508111400,0,23.0,1.72,0.351,3.0
2015-08-11 15:00:00,Montrose Beach,1439305200.0,,1.59,0.38,3.0,MontroseBeach201508111500,0,23.2,1.59,0.38,3.0
2015-08-11 16:00:00,Montrose Beach,1439308800.0,23.2,,,4.0,MontroseBeach201508111600,0,23.2,1.9,0.402,4.0
2015-08-11 17:00:00,Montrose Beach,1439312400.0,,1.77,,4.0,MontroseBeach201508111700,0,23.2,1.77,0.374,4.0
2015-08-11 18:00:00,Montrose Beach,1439316000.0,23.2,2.27,0.359,4.0,MontroseBeach201508111800,0,23.2,2.27,0.359,4.0
2015-08-11 19:00:00,Montrose Beach,1439319600.0,23.2,2.14,0.382,4.0,MontroseBeach201508111900,0,23.2,2.14,0.382,4.0
2015-08-11 20:00:00,Montrose Beach,1439323200.0,23.1,,0.376,5.0,MontroseBeach201508112000,0,23.1,2.57,0.376,5.0
2015-08-11 21:00:00,Montrose Beach,1439326800.0,23.1,1.69,,,MontroseBeach201508112100,0,23.1,1.69,0.334,4.0
2015-08-11 22:00:00,Montrose Beach,1439330400.0,23.1,2.17,0.368,,MontroseBeach201508112200,0,23.1,2.17,0.368,5.0
2015-08-11 23:00:00,Montrose Beach,1439334000.0,23.0,1.36,0.367,5.0,MontroseBeach201508112300,0,23.0,1.36,0.367,5.0
2015-08-12 00:00:00,Montrose Beach,1439337600.0,22.9,1.48,0.338,6.0,MontroseBeach201508122400,0,22.9,1.48,0.338,6.0
2015-08-12 01:00:00,Montrose Beach,1439341200.0,22.9,1.21,0.328,6.0,MontroseBeach201508120100,0,22.9,1.21,0.328,6.0
2015-08-12 02:00:00,Montrose Beach,1439344800.0,22.8,1.24,0.315,,MontroseBeach201508120200,0,22.8,1.24,0.315,5.0
2015-08-12 03:00:00,Montrose Beach,1439348400.0,,,0.313,5.0,MontroseBeach201508120300,0,22.7,1.25,0.313,5.0
2015-08-12 04:00:00,Montrose Beach,1439352000.0,22.7,1.31,0.33,5.0,MontroseBeach201508120400,0,22.7,1.31,0.33,5.0
2015-08-12 05:00:00,Montrose Beach,1439355600.0,22.6,1.5,0.324,5.0,MontroseBeach201508120500,0,22.6,1.5,0.324,5.0
2015-08-12 06:00:00,Montrose Beach,1439359200.0,22.6,1.42,0.349,6.0,MontroseBeach201508120600,0,22.6,1.42,0.349,6.0
2015-08-12 07:00:00,Montrose Beach,1439362800.0,22.5,1.32,0.349,6.0,MontroseBeach201508120700,0,22.5,1.32,0.349,6.0
2015-08-12 08:00:00,Montrose Beach,1439366400.0,22.6,1.35,0.345,4.0,MontroseBeach201508120800,0,22.6,1.35,0.345,4.0
2015-08-12 09:00:00,Montrose Beach,1439370000.0,22.7,1.76,,5.0,MontroseBeach201508120900,0,22.7,1.76,0.351,5.0
2015-08-12 10:00:00,Montrose Beach,1439373600.0,22.8,1.64,0.338,5.0,MontroseBeach201508121000,0,22.8,1.64,0.338,5.0
2015-08-12 11:00:00,Montrose Beach,1439377200.0,23.0,1.88,0.355,,MontroseBeach201508121100,0,23.0,1.88,0.355,5.0
2015-08-12 12:00:00,Montrose Beach,1439380800.0,,2.41,0.362,6.0,MontroseBeach201508121200,0,23.1,2.41,0.362,6.0
2015-08-12 13:00:00,Montrose Beach,1439384400.0,,,0.366,5.0,MontroseBeach201508121300,0,23.4,3.05,0.366,5.0
2015-08-12 14:00:00,Montrose Beach,1439388000.0,23.6,2.99,0.353,6.0,MontroseBeach201508121400,0,23.6,2.99,0.353,6.0
2015-08-12 15:00:00,Montrose Beach,1439391600.0,23.7,,0.362,6.0,MontroseBeach201508121500,0,23.7,3.18,0.362,6.0
2015-08-12 16:00:00,Montrose Beach,1439395200.0,23.8,,,,MontroseBeach201508121600,0,23.8,2.7,0.349,5.0
2015-08-12 17:00:00,Montrose Beach,1439398800.0,23.9,2.1,0.317,6.0,MontroseBeach201508121700,0,23.9,2.1,0.317,6.0
2015-08-12 18:00:00,Montrose Beach,1439402400.0,23.9,1.67,0.295,,MontroseBeach201508121800,0,23.9,1.67,0.295,6.0
2015-08-12 19:00:00,Montrose Beach,1439406000.0,,1.68,0.289,,MontroseBeach201508121900,0,23.8,1.68,0.289,5.0
2015-08-12 20:00:00,Montrose Beach,1439409600.0,23.6,1.61,0.267,6.0,MontroseBeach201508122000,0,23.6,1.61,0.267,6.0
2015-08-12 21:00:00,Montrose Beach,1439413200.0,23.7,2.33,0.23,6.0,MontroseBeach201508122100,0,23.7,2.33,0.23,6.0
2015-08-12 22:00:00,Montrose Beach,1439416800.0,,1.84,0.235,6.0,MontroseBeach201508122200,0,23.5,1.84,0.235,6.0
2015-08-12 23:00:00,Montrose Beach,1439420400.0,23.5,1.52,0.209,6.0,MontroseBeach201508122300,0,23.5,1.52,0.209,6.0
2015-08-13 00:00:00,Montrose Beach,1439424000.0,,1.74,0.212,5.0,MontroseBeach201508132400,0,23.3,1.74,0.212,5.0
2015-08-13 01:00:00,Montrose Beach,1439427600.0,23.1,1.3,0.238,,MontroseBeach201508130100,0,23.1,1.3,0.238,5.0
2015-08-13 02:00:00,Montrose Beach,1439431200.0,23.1,1.72,0.222,5.0,MontroseBeach201508130200,0,23.1,1.72,0.222,5.0
2015-08-13 03:00:00,Montrose Beach,1439434800.0,23.0,1.38,,5.0,MontroseBeach201508130300,0,23.0,1.38,0.214,5.0
2015-08-13 04:00:00,Montrose Beach,1439438400.0,22.9,1.15,0.154,5.0,MontroseBeach201508130400,0,22.9,1.15,0.154,5.0
2015-08-13 05:00:00,Montrose Beach,1439442000.0,22.9,0.88,0.177,5.0,MontroseBeach201508130500,0,22.9,0.88,0.177,5.0
2015-08-13 06:00:00,Montrose Beach,1439445600.0,22.9,0.57,0.162,,MontroseBeach201508130600,0,22.9,0.57,0.162,8.0
2015-08-13 07:00:00,Montrose Beach,1439449200.0,22.9,0.45,0.169,4.0,MontroseBeach201508130700,0,22.9,0.45,0.169,4.0
2015-08-13 08:00:00,Montrose Beach,1439452800.0,22.7,0.94,0.113,4.0,MontroseBeach201508130800,0,22.7,0.94,0.113,4.0
2015-08-13 09:00:00,Montrose Beach,1439456400.0,22.9,,0.19,4.0,MontroseBeach201508130900,0,22.9,0.88,0.19,4.0
2015-08-13 10:00:00,Montrose Beach,1439460000.0,23.1,,,1.0,MontroseBeach201508131000,0,23.1,0.81,0.177,1.0
2015-08-13 11:00:00,Montrose Beach,1439463600.0,23.3,0.85,0.137,3.0,MontroseBeach201508131100,0,23.3,0.85,0.137,3.0
2015-08-13 12:00:00,Montrose Beach,,,,,,,1,,,,
2015-08-13 13:00:00,Montrose Beach,1439470800.0,23.8,0.59,0.127,3.0,MontroseBeach201508131300,0,23.8,0.59,0.127,3.0
2015-08-13 14:00:00,Montrose Beach,1439474400.0,24.0,,0.226,4.0,MontroseBeach201508131400,0,24.0,0.54,0.226,4.0
2015-08-13 15:00:00,Montrose Beach,1439478000.0,,0.6,0.175,5.0,MontroseBeach201508131500,0,24.2,0.6,0.175,5.0
2015-08-13 16:00:00,Montrose Beach,1439481600.0,24.1,,0.175,5.0,MontroseBeach201508131600,0,24.1,0.49,0.175,5.0
2015-08-13 17:00:00,Montrose Beach,1439485200.0,24.0,,0.137,6.0,MontroseBeach201508131700,0,24.0,0.58,0.137,6.0
2015-08-13 18:00:00,Montrose Beach,1439488800.0,23.6,0.62,0.119,7.0,MontroseBeach201508131800,0,23.6,0.62,0.119,7.0
2015-08-13 19:00:00,Montrose Beach,1439492400.0,,0.44,0.127,6.0,MontroseBeach201508131900,0,23.5,0.44,0.127,6.0
2015-08-13 20:00:00,Montrose Beach,1439496000.0,,,0.107,6.0,MontroseBeach201508132000,0,23.1,0.33,0.107,6.0
2015-08-13 21:00:00,Montrose Beach,1439499600.0,22.9,0.33,0.087,,MontroseBeach201508132100,0,22.9,0.33,0.087,4.0
2015-08-13 22:00:00,Montrose Beach,1439503200.0,22.6,0.3,0.093,4.0,MontroseBeach201508132200,0,22.6,0.3,0.093,4.0
2015-08-13 23:00:00,Montrose Beach,1439506800.0,22.3,0.32,0.083,8.0,MontroseBeach201508132300,0,22.3,0.32,0.083,8.0
2015-08-14 00:00:00,Montrose Beach,1439510400.0,22.2,0.29,0.094,8.0,MontroseBeach201508142400,0,22.2,0.29,0.094,8.0
2015-08-14 01:00:00,Montrose Beach,1439514000.0,22.1,0.29,0.09,6.0,MontroseBeach201508140100,0,22.1,0.29,0.09,6.0
2015-08-14 02:00:00,Montrose Beach,1439517600.0,22.1,0.29,0.088,6.0,MontroseBeach201508140200,0,22.1,0.29,0.088,6.0
2015-08-14 03:00:00,Montrose Beach,1439521200.0,20.9,0.27,,9.0,MontroseBeach201508140300,0,20.9,0.27,0.083,9.0
2015-08-14 04:00:00,Montrose Beach,1439524800.0,20.5,0.38,,9.0,MontroseBeach201508140400,0,20.5,0.38,0.087,9.0
2015-08-14 05:00:00,Montrose Beach,1439528400.0,20.3,0.33,0.083,9.0,MontroseBeach201508140500,0,20.3,0.33,0.083,9.0
2015-08-14 06:00:00,Montrose Beach,1439532000.0,20.2,,0.083,8.0,MontroseBeach201508140600,0,20.2,0.26,0.083,8.0
2015-08-14 07:00:00,Montrose Beach,1439535600.0,,0.23,0.088,,MontroseBeach201508140700,0,20.1,0.23,0.088,7.0
2015-08-14 08:00:00,Montrose Beach,1439539200.0,19.9,0.28,,5.0,MontroseBeach201508140800,0,19.9,0.28,0.116,5.0
2015-08-14 09:00:00,Montrose Beach,1439542800.0,19.8,0.21,0.094,5.0,MontroseBeach201508140900,0,19.8,0.21,0.094,5.0
2015-08-14 10:00:00,Montrose Beach,1439546400.0,20.6,0.13,,,MontroseBeach201508141000,0,20.6,0.13,0.098,8.0
2015-08-14 11:00:00,Montrose Beach,1439550000.0,20.5,0.21,,4.0,MontroseBeach201508141100,0,20.5,0.21,0.107,4.0
2015-08-14 12:00:00,Montrose Beach,1439553600.0,20.9,,0.164,4.0,MontroseBeach201508141200,0,20.9,0.15,0.164,4.0
2015-08-14 13:00:00,Montrose Beach,1439557200.0,,,0.145,2.0,MontroseBeach201508141300,0,21.2,0.14,0.145,2.0
2015-08-14 14:00:00,Montrose Beach,1439560800.0,21.4,0.18,0.155,2.0,MontroseBeach201508141400,0,21.4,0.18,0.155,2.0
2015-08-14 15:00:00,Montrose Beach,1439564400.0,21.4,0.17,0.141,3.0,MontroseBeach201508141500,0,21.4,0.17,0.141,3.0
2015-08-14 16:00:00,Montrose Beach,1439568000.0,22.7,0.25,0.214,3.0,MontroseBeach201508141600,0,22.7,0.25,0.214,3.0
2015-08-14 17:00:00,Montrose Beach,1439571600.0,22.9,0.22,0.173,3.0,MontroseBeach201508141700,0,22.9,0.22,0.173,3.0
2015-08-14 18:00:00,Montrose Beach,1439575200.0,,0.25,0.172,7.0,MontroseBeach201508141800,0,23.0,0.25,0.172,7.0
2015-08-14 19:00:00,Montrose Beach,1439578800.0,23.2,0.21,0.235,6.0,MontroseBeach201508141900,0,23.2,0.21,0.235,6.0
2015-08-14 20:00:00,Montrose Beach,1439582400.0,,0.2,0.199,1.0,MontroseBeach201508142000,0,23.0,0.2,0.199,1.0
2015-08-14 21:00:00,Montrose Beach,1439586000.0,23.0,,,1.0,MontroseBeach201508142100,0,23.0,0.16,0.218,1.0
2015-08-14 22:00:00,Montrose Beach,1439589600.0,22.9,0.45,,3.0,MontroseBeach201508142200,0,22.9,0.45,0.338,3.0
2015-08-14 23:00:00,Montrose Beach,1439593200.0,22.7,0.32,,4.0,MontroseBeach201508142300,0,22.7,0.32,0.248,4.0
2015-08-15 00:00:00,Montrose Beach,1439596800.0,22.5,0.37,0.207,4.0,MontroseBeach201508152400,0,22.5,0.37,0.207,4.0
2015-08-15 01:00:00,Montrose Beach,1439600400.0,,0.33,0.215,4.0,MontroseBeach201508150100,0,22.4,0.33,0.215,4.0
2015-08-15 02:00:00,Montrose Beach,1439604000.0,22.3,0.28,0.2,3.0,MontroseBeach201508150200,0,22.3,0.28,0.2,3.0
2015-08-15 03:00:00,Montrose Beach,1439607600.0,22.2,0.26,0.182,3.0,MontroseBeach201508150300,0,22.2,0.26,0.182,3.0
2015-08-15 04:00:00,Montrose Beach,1439611200.0,22.3,0.31,0.183,3.0,MontroseBeach201508150400,0,22.3,0.31,0.183,3.0
2015-08-15 05:00:00,Montrose Beach,1439614800.0,22.4,0.2,0.178,3.0,MontroseBeach201508150500,0,22.4,0.2,0.178,3.0
2015-08-15 06:00:00,Montrose Beach,1439618400.0,22.4,0.18,,4.0,MontroseBeach201508150600,0,22.4,0.18,0.162,4.0
2015-08-15 07:00:00,Montrose Beach,1439622000.0,22.4,0.17,0.168,4.0,MontroseBeach201508150700,0,22.4,0.17,0.168,4.0
2015-08-15 08:00:00,Montrose Beach,1439625600.0,22.5,0.16,0.164,4.0,MontroseBeach201508150800,0,22.5,0.16,0.164,4.0
2015-08-15 09:00:00,Montrose Beach,1439629200.0,,0.15,0.181,4.0,MontroseBeach201508150900,0,22.6,0.15,0.181,4.0
2015-08-15 10:00:00,Montrose Beach,1439632800.0,,0.21,0.186,4.0,MontroseBeach201508151000,0,22.8,0.21,0.186,4.0
2015-08-15 11:00:00,Montrose Beach,1439636400.0,23.1,0.17,0.209,4.0,MontroseBeach201508151100,0,23.1,0.17,0.209,4.0
2015-08-15 12:00:00,Montrose Beach,1439640000.0,23.4,,0.228,4.0,MontroseBeach201508151200,0,23.4,0.15,0.228,4.0
2015-08-15 13:00:00,Montrose Beach,1439643600.0,24.1,0.31,0.243,3.0,MontroseBeach201508151300,0,24.1,0.31,0.243,3.0
2015-08-15 14:00:00,Montrose Beach,1439647200.0,23.8,0.31,,4.0,MontroseBeach201508151400,0,23.8,0.31,0.173,4.0
2015-08-15 15:00:00,Montrose Beach,1439650800.0,23.6,0.23,,4.0,MontroseBeach201508151500,0,23.6,0.23,0.217,4.0
2015-08-15 16:00:00,Montrose Beach,1439654400.0,24.0,0.39,0.222,4.0,MontroseBeach201508151600,0,24.0,0.39,0.222,4.0
2015-08-15 17:00:00,Montrose Beach,,,,,,,1,,,,
2015-08-15 18:00:00,Montrose Beach,1439661600.0,,0.46,0.196,3.0,MontroseBeach201508151800,0,23.9,0.46,0.196,3.0
2015-08-15 19:00:00,Montrose Beach,,,,,,,1,,,,
2015-08-15 20:00:00,Montrose Beach,1439668800.0,23.9,0.53,0.228,2.0,MontroseBeach201508152000,0,23.9,0.53,0.228,2.0
2015-08-15 21:00:00,Montrose Beach,1439672400.0,,0.79,0.177,,MontroseBeach201508152100,0,24.1,0.79,0.177,3.0
2015-08-15 22:00:00,Montrose Beach,1439676000.0,23.8,0.65,0.158,5.0,MontroseBeach201508152200,0,23.8,0.65,0.158,5.0
2015-08-15 23:00:00,Montrose Beach,1439679600.0,23.3,0.22,0.171,6.0,MontroseBeach201508152300,0,23.3,0.22,0.171,6.0
2015-08-16 00:00:00,Montrose Beach,1439683200.0,23.1,0.26,0.135,8.0,MontroseBeach201508162400,0,23.1,0.26,0.135,8.0
2015-08-16 01:00:00,Montrose Beach,,,,,,,1,,,,
2015-08-16 02:00:00,Montrose Beach,1439690400.0,22.9,0.21,0.191,6.0,MontroseBeach201508160200,0,22.9,0.21,0.191,6.0
2015-08-16 03:00:00,Montrose Beach,1439694000.0,22.9,0.24,,3.0,MontroseBeach201508160300,0,22.9,0.24,0.218,3.0
2015-08-16 04:00:00,Montrose Beach,1439697600.0,22.8,0.26,0.152,,MontroseBeach201508160400,0,22.8,0.26,0.152,1.0
2015-08-16 05:00:00,Montrose Beach,1439701200.0,,,0.184,5.0,MontroseBeach201508160500,0,22.8,0.24,0.184,5.0
2015-08-16 06:00:00,Montrose Beach,1439704800.0,22.8,0.27,0.17,8.0,MontroseBeach201508160600,0,22.8,0.27,0.17,8.0
2015-08-16 07:00:00,Montrose Beach,1439708400.0,22.7,0.17,0.148,,MontroseBeach201508160700,0,22.7,0.17,0.148,1.0
2015-08-16 08:00:00,Montrose Beach,1439712000.0,22.8,0.17,0.15,1.0,MontroseBeach201508160800,0,22.8,0.17,0.15,1.0
2015-08-16 09:00:00,Montrose Beach,1439715600.0,22.9,0.19,0.198,3.0,MontroseBeach201508160900,0,22.9,0.19,0.198,3.0
2015-08-16 10:00:00,Montrose Beach,1439719200.0,23.2,,0.182,,MontroseBeach201508161000,0,23.2,0.14,0.182,2.0
2015-08-16 11:00:00,Montrose Beach,1439722800.0,,0.27,0.23,3.0,MontroseBeach201508161100,0,23.3,0.27,0.23,3.0
2015-08-16 12:00:00,Montrose Beach,1439726400.0,,0.32,0.229,,MontroseBeach201508161200,0,23.7,0.32,0.229,3.0
2015-08-16 13:00:00,Montrose Beach,1439730000.0,23.8,0.44,0.195,7.0,MontroseBeach201508161300,0,23.8,0.44,0.195,7.0
2015-08-16 14:00:00,Montrose Beach,1439733600.0,,0.47,0.165,5.0,MontroseBeach201508161400,0,23.6,0.47,0.165,5.0
2015-08-16 15:00:00,Montrose Beach,1439737200.0,24.0,0.53,0.194,7.0,MontroseBeach201508161500,0,24.0,0.53,0.194,7.0
2015-08-16 16:00:00,Montrose Beach,1439740800.0,23.8,0.45,0.205,2.0,MontroseBeach201508161600,0,23.8,0.45,0.205,2.0
2015-08-16 17:00:00,Montrose Beach,1439744400.0,23.9,,0.156,4.0,MontroseBeach201508161700,0,23.9,0.49,0.156,4.0
2015-08-16 18:00:00,Montrose Beach,1439748000.0,23.7,0.93,,7.0,MontroseBeach201508161800,0,23.7,0.93,0.126,7.0
2015-08-16 19:00:00,Montrose Beach,1439751600.0,23.3,0.83,0.131,6.0,MontroseBeach201508161900,0,23.3,0.83,0.131,6.0
2015-08-16 20:00:00,Montrose Beach,1439755200.0,22.3,0.57,0.112,6.0,MontroseBeach201508162000,0,22.3,0.57,0.112,6.0
2015-08-16 21:00:00,Montrose Beach,1439758800.0,,0.42,,5.0,MontroseBeach201508162100,0,21.8,0.42,0.09,5.0
2015-08-16 22:00:00,Montrose Beach,1439762400.0,21.3,0.3,0.087,10.0,MontroseBeach201508162200,0,21.3,0.3,0.087,10.0
2015-08-16 23:00:00,Montrose Beach,1439766000.0,21.2,,,9.0,MontroseBeach201508162300,0,21.2,0.86,0.081,9.0
2015-08-17 00:00:00,Montrose Beach,1439769600.0,21.7,0.8,0.089,7.0,MontroseBeach201508172400,0,21.7,0.8,0.089,7.0
2015-08-17 01:00:00,Montrose Beach,1439773200.0,21.3,0.33,0.087,7.0,MontroseBeach201508170100,0,21.3,0.33,0.087,7.0
2015-08-17 02:00:00,Montrose Beach,1439776800.0,21.1,0.34,0.085,5.0,MontroseBeach201508170200,0,21.1,0.34,0.085,5.0
2015-08-17 03:00:00,Montrose Beach,1439780400.0,21.0,0.23,0.081,6.0,MontroseBeach201508170300,0,21.0,0.23,0.081,6.0
2015-08-17 04:00:00,Montrose Beach,1439784000.0,21.1,0.17,,4.0,MontroseBeach201508170400,0,21.1,0.17,0.077,4.0
2015-08-17 05:00:00,Montrose Beach,1439787600.0,,,0.079,9.0,MontroseBeach201508170500,0,21.2,0.21,0.079,9.0
2015-08-17 06:00:00,Montrose Beach,1439791200.0,20.5,0.21,0.077,3.0,MontroseBeach201508170600,0,20.5,0.21,0.077,3.0
2015-08-17 07:00:00,Montrose Beach,1439794800.0,20.2,,0.088,,MontroseBeach201508170700,0,20.2,0.1,0.088,7.0
2015-08-17 08:00:00,Montrose Beach,1439798400.0,20.3,0.13,0.075,7.0,MontroseBeach201508170800,0,20.3,0.13,0.075,7.0
2015-08-17 09:00:00,Montrose Beach,1439802000.0,20.4,0.13,0.075,5.0,MontroseBeach201508170900,0,20.4,0.13,0.075,5.0
2015-08-17 10:00:00,Montrose Beach,1439805600.0,20.3,0.15,0.07,6.0,MontroseBeach201508171000,0,20.3,0.15,0.07,6.0
2015-08-17 11:00:00,Montrose Beach,1439809200.0,20.1,0.15,0.126,4.0,MontroseBeach201508171100,0,20.1,0.15,0.126,4.0
2015-08-17 12:00:00,Montrose Beach,1439812800.0,20.2,0.26,0.101,4.0,MontroseBeach201508171200,0,20.2,0.26,0.101,4.0
2015-08-17 13:00:00,Montrose Beach,1439816400.0,20.9,0.18,0.088,3.0,MontroseBeach201508171300,0,20.9,0.18,0.088,3.0
2015-08-17 14:00:00,Montrose Beach,1439820000.0,21.1,0.14,0.084,8.0,MontroseBeach201508171400,0,21.1,0.14,0.084,8.0
2015-08-17 15:00:00,Montrose Beach,1439823600.0,20.5,0.23,0.122,10.0,MontroseBeach201508171500,0,20.5,0.23,0.122,10.0
2015-08-17 16:00:00,Montrose Beach,1439827200.0,21.0,,0.287,2.0,MontroseBeach201508171600,0,21.0,0.18,0.287,2.0
2015-08-17 17:00:00,Montrose Beach,1439830800.0,20.8,0.11,0.138,3.0,MontroseBeach201508171700,0,20.8,0.11,0.138,3.0
2015-08-17 18:00:00,Montrose Beach,1439834400.0,20.7,0.09,0.113,3.0,MontroseBeach201508171800,0,20.7,0.09,0.113,3.0
2015-08-17 19:00:00,Montrose Beach,1439838000.0,20.9,0.1,0.126,6.0,MontroseBeach201508171900,0,20.9,0.1,0.126,6.0
2015-08-17 20:00:00,Montrose Beach,1439841600.0,20.9,,,4.0,MontroseBeach201508172000,0,20.9,0.16,0.119,4.0
2015-08-17 21:00:00,Montrose Beach,1439845200.0,20.8,0.23,0.104,2.0,MontroseBeach201508172100,0,20.8,0.23,0.104,2.0
2015-08-17 22:00:00,Montrose Beach,1439848800.0,20.8,0.37,0.113,,MontroseBeach201508172200,0,20.8,0.37,0.113,3.0
2015-08-17 23:00:00,Montrose Beach,1439852400.0,19.9,0.26,,,MontroseBeach201508172300,0,19.9,0.26,0.101,9.0
2015-08-18 00:00:00,Montrose Beach,1439856000.0,18.1,0.08,,8.0,MontroseBeach201508182400,0,18.1,0.08,0.095,8.0
2015-08-18 01:00:00,Montrose Beach,1439859600.0,17.3,0.09,0.1,6.0,MontroseBeach201508180100,0,17.3,0.09,0.1,6.0
2015-08-18 02:00:00,Montrose Beach,1439863200.0,16.6,0.06,0.102,4.0,MontroseBeach201508180200,0,16.6,0.06,0.102,4.0
2015-08-18 03:00:00,Montrose Beach,1439866800.0,,0.09,,4.0,MontroseBeach201508180300,0,17.1,0.09,0.106,4.0
2015-08-18 04:00:00,Montrose Beach,1439870400.0,16.9,0.05,0.105,4.0,MontroseBeach201508180400,0,16.9,0.05,0.105,4.0
2015-08-18 05:00:00,Montrose Beach,1439874000.0,16.7,0.05,0.102,9.0,MontroseBeach201508180500,0,16.7,0.05,0.102,9.0
2015-08-18 06:00:00,Montrose Beach,1439877600.0,16.0,0.04,0.104,8.0,MontroseBeach201508180600,0,16.0,0.04,0.104,8.0
2015-08-18 07:00:00,Montrose Beach,1439881200.0,15.7,0.03,0.154,3.0,MontroseBeach201508180700,0,15.7,0.03,0.154,3.0
2015-08-18 08:00:00,Montrose Beach,1439884800.0,,0.01,0.121,4.0,MontroseBeach201508180800,0,15.9,0.01,0.121,4.0
2015-08-18 09:00:00,Montrose Beach,1439888400.0,16.9,0.04,,3.0,MontroseBeach201508180900,0,16.9,0.04,0.118,3.0
2015-08-18 10:00:00,Montrose Beach,1439892000.0,,0.0,0.104,3.0,MontroseBeach201508181000,0,16.7,0.0,0.104,3.0
2015-08-18 11:00:00,Montrose Beach,1439895600.0,16.6,0.06,0.104,4.0,MontroseBeach201508181100,0,16.6,0.06,0.104,4.0
2015-08-18 12:00:00,Montrose Beach,1439899200.0,16.8,0.0,0.099,3.0,MontroseBeach201508181200,0,16.8,0.0,0.099,3.0
2015-08-18 13:00:00,Montrose Beach,1439902800.0,,0.05,0.108,3.0,MontroseBeach201508181300,0,17.2,0.05,0.108,3.0
2015-08-18 14:00:00,Montrose Beach,1439906400.0,17.0,0.01,0.117,3.0,MontroseBeach201508181400,0,17.0,0.01,0.117,3.0
2015-08-18 15:00:00,Montrose Beach,1439910000.0,,0.0,0.117,4.0,MontroseBeach201508181500,0,16.7,0.0,0.117,4.0
2015-08-18 16:00:00,Montrose Beach,1439913600.0,17.2,0.01,0.14,4.0,MontroseBeach201508181600,0,17.2,0.01,0.14,4.0
2015-08-18 17:00:00,Montrose Beach,1439917200.0,16.8,,0.177,3.0,MontroseBeach201508181700,0,16.8,0.01,0.177,3.0
2015-08-18 18:00:00,Montrose Beach,1439920800.0,16.6,0.0,0.196,3.0,MontroseBeach201508181800,0,16.6,0.0,0.196,3.0
2015-08-18 19:00:00,Montrose Beach,1439924400.0,16.2,0.0,0.188,3.0,MontroseBeach201508181900,0,16.2,0.0,0.188,3.0
2015-08-18 20:00:00,Montrose Beach,1439928000.0,16.0,0.01,0.198,6.0,MontroseBeach201508182000,0,16.0,0.01,0.198,6.0
2015-08-18 21:00:00,Montrose Beach,1439931600.0,,0.23,0.16,3.0,MontroseBeach201508182100,0,15.6,0.23,0.16,3.0
2015-08-18 22:00:00,Montrose Beach,1439935200.0,15.4,,0.151,3.0,MontroseBeach201508182200,0,15.4,0.0,0.151,3.0
2015-08-18 23:00:00,Montrose Beach,1439938800.0,15.4,0.01,0.144,4.0,MontroseBeach201508182300,0,15.4,0.01,0.144,4.0
2015-08-19 00:00:00,Montrose Beach,1439942400.0,15.5,0.03,0.156,3.0,MontroseBeach201508192400,0,15.5,0.03,0.156,3.0
2015-08-19 01:00:00,Montrose Beach,1439946000.0,15.4,0.02,0.145,4.0,MontroseBeach201508190100,0,15.4,0.02,0.145,4.0
2015-08-19 02:00:00,Montrose Beach,1439949600.0,,0.03,0.143,4.0,MontroseBeach201508190200,0,15.4,0.03,0.143,4.0
2015-08-19 03:00:00,Montrose Beach,1439953200.0,15.4,0.07,0.139,4.0,MontroseBeach201508190300,0,15.4,0.07,0.139,4.0
2015-08-19 04:00:00,Montrose Beach,1439956800.0,15.4,0.06,,3.0,MontroseBeach201508190400,0,15.4,0.06,0.131,3.0
2015-08-19 05:00:00,Montrose Beach,1439960400.0,15.2,0.04,0.133,3.0,MontroseBeach201508190500,0,15.2,0.04,0.133,3.0
2015-08-19 06:00:00,Montrose Beach,1439964000.0,15.2,0.05,0.117,4.0,MontroseBeach201508190600,0,15.2,0.05,0.117,4.0
2015-08-19 07:00:00,Montrose Beach,1439967600.0,15.1,0.02,0.115,4.0,MontroseBeach201508190700,0,15.1,0.02,0.115,4.0
2015-08-19 08:00:00,Montrose Beach,1439971200.0,15.0,0.09,0.114,4.0,MontroseBeach201508190800,0,15.0,0.09,0.114,4.0
2015-08-19 09:00:00,Montrose Beach,1439974800.0,15.1,0.02,0.118,4.0,MontroseBeach201508190900,0,15.1,0.02,0.118,4.0
2015-08-19 10:00:00,Montrose Beach,1439978400.0,14.9,,0.115,3.0,MontroseBeach201508191000,0,14.9,0.05,0.115,3.0
2015-08-19 11:00:00,Montrose Beach,1439982000.0,14.4,0.06,0.112,4.0,MontroseBeach201508191100,0,14.4,0.06,0.112,4.0
2015-08-19 12:00:00,Montrose Beach,1439985600.0,,0.05,0.121,9.0,MontroseBeach201508191200,0,14.7,0.05,0.121,9.0
2015-08-19 13:00:00,Montrose Beach,1439989200.0,15.5,0.1,,9.0,MontroseBeach201508191300,0,15.5,0.1,0.109,9.0
2015-08-19 14:00:00,Montrose Beach,1439992800.0,,0.07,0.11,8.0,MontroseBeach201508191400,0,15.9,0.07,0.11,8.0
2015-08-19 15:00:00,Montrose Beach,1439996400.0,16.0,0.11,0.099,6.0,MontroseBeach201508191500,0,16.0,0.11,0.099,6.0
2015-08-19 16:00:00,Montrose Beach,1440000000.0,15.9,,0.103,9.0,MontroseBeach201508191600,0,15.9,0.09,0.103,9.0
2015-08-19 17:00:00,Montrose Beach,1440003600.0,15.4,,0.111,8.0,MontroseBeach201508191700,0,15.4,0.06,0.111,8.0
2015-08-19 18:00:00,Montrose Beach,1440007200.0,14.8,0.09,0.104,9.0,MontroseBeach201508191800,0,14.8,0.09,0.104,9.0
2015-08-19 19:00:00,Montrose Beach,1440010800.0,14.7,0.12,,7.0,MontroseBeach201508191900,0,14.7,0.12,0.125,7.0
2015-08-19 20:00:00,Montrose Beach,1440014400.0,14.4,0.04,0.12,9.0,MontroseBeach201508192000,0,14.4,0.04,0.12,9.0
2015-08-19 21:00:00,Montrose Beach,1440018000.0,14.2,0.04,0.115,7.0,MontroseBeach201508192100,0,14.2,0.04,0.115,7.0
2015-08-19 22:00:00,Montrose Beach,1440021600.0,14.0,,0.11,3.0,MontroseBeach201508192200,0,14.0,0.04,0.11,3.0
2015-08-19 23:00:00,Montrose Beach,1440025200.0,13.9,0.04,0.111,8.0,MontroseBeach201508192300,0,13.9,0.04,0.111,8.0
2015-08-20 00:00:00,Montrose Beach,1440028800.0,13.7,0.02,0.102,10.0,MontroseBeach201508202400,0,13.7,0.02,0.102,10.0
2015-08-20 01:00:00,Montrose Beach,1440032400.0,13.7,,0.103,7.0,MontroseBeach201508200100,0,13.7,0.07,0.103,7.0
2015-08-20 02:00:00,Montrose Beach,1440036000.0,13.7,0.0,0.097,6.0,MontroseBeach201508200200,0,13.7,0.0,0.097,6.0
2015-08-20 03:00:00,Montrose Beach,1440039600.0,13.7,0.01,0.094,7.0,MontroseBeach201508200300,0,13.7,0.01,0.094,7.0
2015-08-20 04:00:00,Montrose Beach,1440043200.0,13.7,0.0,0.093,9.0,MontroseBeach201508200400,0,13.7,0.0,0.093,9.0
2015-08-20 05:00:00,Montrose Beach,1440046800.0,,0.0,0.089,6.0,MontroseBeach201508200500,0,13.6,0.0,0.089,6.0
2015-08-20 06:00:00,Montrose Beach,1440050400.0,13.4,0.0,0.096,10.0,MontroseBeach201508200600,0,13.4,0.0,0.096,10.0
2015-08-20 07:00:00,Montrose Beach,1440054000.0,13.2,0.0,,8.0,MontroseBeach201508200700,0,13.2,0.0,0.1,8.0
2015-08-20 08:00:00,Montrose Beach,,,,,,,1,,,,
2015-08-20 09:00:00,Montrose Beach,1440061200.0,,0.0,0.114,,MontroseBeach201508200900,0,12.9,0.0,0.114,9.0
2015-08-20 10:00:00,Montrose Beach,1440064800.0,12.9,0.02,0.107,,MontroseBeach201508201000,0,12.9,0.02,0.107,9.0
2015-08-20 11:00:00,Montrose Beach,1440068400.0,13.0,0.0,0.132,4.0,MontroseBeach201508201100,0,13.0,0.0,0.132,4.0
2015-08-20 12:00:00,Montrose Beach,1440072000.0,,0.01,,3.0,MontroseBeach201508201200,0,13.1,0.01,0.135,3.0
2015-08-20 13:00:00,Montrose Beach,1440075600.0,13.1,0.02,0.153,9.0,MontroseBeach201508201300,0,13.1,0.02,0.153,9.0
2015-08-20 14:00:00,Montrose Beach,1440079200.0,13.1,0.01,,6.0,MontroseBeach201508201400,0,13.1,0.01,0.142,6.0
2015-08-20 15:00:00,Montrose Beach,1440082800.0,13.2,0.0,0.149,7.0,MontroseBeach201508201500,0,13.2,0.0,0.149,7.0
2015-08-20 16:00:00,Montrose Beach,1440086400.0,,,0.171,4.0,MontroseBeach201508201600,0,13.3,0.02,0.171,4.0
2015-08-20 17:00:00,Montrose Beach,1440090000.0,13.4,0.0,0.191,,MontroseBeach201508201700,0,13.4,0.0,0.191,2.0
2015-08-20 18:00:00,Montrose Beach,1440093600.0,13.4,0.0,0.167,7.0,MontroseBeach201508201800,0,13.4,0.0,0.167,7.0
2015-08-20 19:00:00,Montrose Beach,1440097200.0,,0.0,0.17,6.0,MontroseBeach201508201900,0,13.3,0.0,0.17,6.0
2015-08-20 20:00:00,Montrose Beach,1440100800.0,13.2,0.03,0.172,6.0,MontroseBeach201508202000,0,13.2,0.03,0.172,6.0
2015-08-20 21:00:00,Montrose Beach,1440104400.0,,0.01,0.154,,MontroseBeach201508202100,0,13.1,0.01,0.154,6.0
2015-08-20 22:00:00,Montrose Beach,1440108000.0,13.0,0.06,0.145,,MontroseBeach201508202200,0,13.0,0.06,0.145,7.0
2015-08-20 23:00:00,Montrose Beach,1440111600.0,13.1,0.06,0.146,6.0,MontroseBeach201508202300,0,13.1,0.06,0.146,6.0
2015-08-21 00:00:00,Montrose Beach,1440115200.0,13.3,0.0,0.143,5.0,MontroseBeach201508212400,0,13.3,0.0,0.143,5.0
2015-08-21 01:00:00,Montrose Beach,1440118800.0,13.1,0.09,0.128,6.0,MontroseBeach201508210100,0,13.1,0.09,0.128,6.0
2015-08-21 02:00:00,Montrose Beach,1440122400.0,13.0,0.0,0.123,6.0,MontroseBeach201508210200,0,13.0,0.0,0.123,6.0
2015-08-21 03:00:00,Montrose Beach,1440126000.0,13.0,,0.118,4.0,MontroseBeach201508210300,0,13.0,0.0,0.118,4.0
2015-08-21 04:00:00,Montrose Beach,1440129600.0,12.8,0.0,0.118,6.0,MontroseBeach201508210400,0,12.8,0.0,0.118,6.0
2015-08-21 05:00:00,Montrose Beach,1440133200.0,12.8,0.0,0.115,4.0,MontroseBeach201508210500,0,12.8,0.0,0.115,4.0
2015-08-21 06:00:00,Montrose Beach,1440136800.0,12.8,0.0,,6.0,MontroseBeach201508210600,0,12.8,0.0,0.113,6.0
2015-08-21 07:00:00,Montrose Beach,1440140400.0,12.8,0.0,0.114,5.0,MontroseBeach201508210700,0,12.8,0.0,0.114,5.0
2015-08-21 08:00:00,Montrose Beach,1440144000.0,12.9,,0.119,5.0,MontroseBeach201508210800,0,12.9,0.0,0.119,5.0
2015-08-21 09:00:00,Montrose Beach,1440147600.0,,0.0,0.11,,MontroseBeach201508210900,0,13.0,0.0,0.11,5.0
2015-08-21 10:00:00,Montrose Beach,1440151200.0,13.4,0.0,0.128,4.0,MontroseBeach201508211000,0,13.4,0.0,0.128,4.0
2015-08-21 11:00:00,Montrose Beach,1440154800.0,13.6,0.04,,5.0,MontroseBeach201508211100,0,13.6,0.04,0.111,5.0
2015-08-21 12:00:00,Montrose Beach,1440158400.0,13.8,0.0,0.115,4.0,MontroseBeach201508211200,0,13.8,0.0,0.115,4.0
2015-08-21 13:00:00,Montrose Beach,,,,,,,1,,,,
2015-08-21 14:00:00,Montrose Beach,,,,,,,1,,,,
2015-08-21 15:00:00,Montrose Beach,,,,,,,1,,,,
2015-08-21 16:00:00,Montrose Beach,,,,,,,1,,,,
2015-08-21 17:00:00,Montrose Beach,,,,,,,1,,,,
2015-08-21 18:00:00,Montrose Beach,,,,,,,1,,,,
2015-08-21 19:00:00,Montrose Beach,,,,,,,1,,,,
2015-08-21 20:00:00,Montrose Beach,,,,,,,1,,,,
2015-08-21 21:00:00,Montrose Beach,,,,,,,1,,,,
2015-08-21 22:00:00,Montrose Beach,,,,,,,1,,,,
2015-08-21 23:00:00,Montrose Beach,,,,,,,1,,,,
2015-08-22 00:00:00,Montrose Beach,,,,,,,1,,,,
2015-08-22 01:00:00,Montrose Beach,,,,,,,1,,,,
2015-08-22 02:00:00,Montrose Beach,,,,,,,1,,,,
2015-08-22 03:00:00,Montrose Beach,,,,,,,1,,,,
2015-08-22 04:00:00,Montrose Beach,,,,,,,1,,,,
2015-08-22 05:00:00,Montrose Beach,,,,,,,1,,,,
2015-08-22 06:00:00,Montrose Beach,,,,,,,1,,,,
2015-08-22 07:00:00,Montrose Beach,,,,,,,1,,,,
2015-08-22 08:00:00,Montrose Beach,1440230400.0,13.7,0.0,0.104,6.0,MontroseBeach201508220800,0,13.7,0.0,0.104,6.0
2015-08-22 09:00:00,Montrose Beach,,,,,,,1,,,,
2015-08-22 10:00:00,Montrose Beach,1440237600.0,13.9,0.0,,3.0,MontroseBeach201508221000,0,13.9,0.0,0.107,3.0
2015-08-22 11:00:00,Montrose Beach,1440241200.0,13.7,,0.179,,MontroseBeach201508221100,0,13.7,0.01,0.179,4.0
2015-08-22 12:00:00,Montrose Beach,1440244800.0,13.7,0.0,0.143,4.0,MontroseBeach201508221200,0,13.7,0.0,0.143,4.0
2015-08-22 13:00:00,Montrose Beach,1440248400.0,14.0,0.0,0.188,4.0,MontroseBeach201508221300,0,14.0,0.0,0.188,4.0
2015-08-22 14:00:00,Montrose Beach,1440252000.0,13.7,0.0,0.188,9.0,MontroseBeach201508221400,0,13.7,0.0,0.188,9.0
2015-08-22 15:00:00,Montrose Beach,,,,,,,1,,,,
2015-08-22 16:00:00,Montrose Beach,1440259200.0,13.4,0.0,0.197,3.0,MontroseBeach201508221600,0,13.4,0.0,0.197,3.0
2015-08-22 17:00:00,Montrose Beach,1440262800.0,13.4,0.0,0.197,4.0,MontroseBeach201508221700,0,13.4,0.0,0.197,4.0
2015-08-22 18:00:00,Montrose Beach,1440266400.0,13.3,0.0,0.181,7.0,MontroseBeach201508221800,0,13.3,0.0,0.181,7.0
2015-08-22 19:00:00,Montrose Beach,1440270000.0,13.2,,0.148,3.0,MontroseBeach201508221900,0,13.2,0.07,0.148,3.0
2015-08-22 20:00:00,Montrose Beach,1440273600.0,13.0,0.05,,,MontroseBeach201508222000,0,13.0,0.05,0.172,4.0
2015-08-22 21:00:00,Montrose Beach,1440277200.0,12.8,0.01,0.153,3.0,MontroseBeach201508222100,0,12.8,0.01,0.153,3.0
2015-08-22 22:00:00,Montrose Beach,1440280800.0,,0.0,0.145,3.0,MontroseBeach201508222200,0,12.7,0.0,0.145,3.0
2015-08-22 23:00:00,Montrose Beach,1440284400.0,12.7,0.02,0.137,3.0,MontroseBeach201508222300,0,12.7,0.02,0.137,3.0
2015-08-23 00:00:00,Montrose Beach,1440288000.0,12.7,0.11,0.135,7.0,MontroseBeach201508232400,0,12.7,0.11,0.135,7.0
2015-08-23 01:00:00,Montrose Beach,,,,,,,1,,,,
2015-08-23 02:00:00,Montrose Beach,1440295200.0,12.6,0.02,0.141,3.0,MontroseBeach201508230200,0,12.6,0.02,0.141,3.0
2015-08-23 03:00:00,Montrose Beach,1440298800.0,12.6,0.01,,3.0,MontroseBeach201508230300,0,12.6,0.01,0.158,3.0
2015-08-23 04:00:00,Montrose Beach,1440302400.0,12.6,0.0,,3.0,MontroseBeach201508230400,0,12.6,0.0,0.159,3.0
2015-08-23 05:00:00,Montrose Beach,1440306000.0,12.6,0.0,0.154,,MontroseBeach201508230500,0,12.6,0.0,0.154,3.0
2015-08-23 06:00:00,Montrose Beach,1440309600.0,12.6,0.0,0.14,3.0,MontroseBeach201508230600,0,12.6,0.0,0.14,3.0
2015-08-23 07:00:00,Montrose Beach,1440313200.0,12.6,0.0,0.149,3.0,MontroseBeach201508230700,0,12.6,0.0,0.149,3.0
2015-08-23 08:00:00,Montrose Beach,1440316800.0,12.7,0.0,0.145,4.0,MontroseBeach201508230800,0,12.7,0.0,0.145,4.0
2015-08-23 09:00:00,Montrose Beach,1440320400.0,12.8,0.0,0.137,3.0,MontroseBeach201508230900,0,12.8,0.0,0.137,3.0
2015-08-23 10:00:00,Montrose Beach,1440324000.0,12.9,,0.131,4.0,MontroseBeach201508231000,0,12.9,0.0,0.131,4.0
2015-08-23 11:00:00,Montrose Beach,1440327600.0,13.1,0.0,0.138,3.0,MontroseBeach201508231100,0,13.1,0.0,0.138,3.0
2015-08-23 12:00:00,Montrose Beach,1440331200.0,13.3,0.01,0.128,4.0,MontroseBeach201508231200,0,13.3,0.01,0.128,4.0
2015-08-23 13:00:00,Montrose Beach,1440334800.0,13.1,0.0,0.109,3.0,MontroseBeach201508231300,0,13.1,0.0,0.109,3.0
2015-08-23 14:00:00,Montrose Beach,1440338400.0,13.4,0.01,0.127,3.0,MontroseBeach201508231400,0,13.4,0.01,0.127,3.0
2015-08-23 15:00:00,Montrose Beach,1440342000.0,13.5,0.01,,3.0,MontroseBeach201508231500,0,13.5,0.01,0.156,3.0
2015-08-23 16:00:00,Montrose Beach,1440345600.0,13.5,0.0,0.138,3.0,MontroseBeach201508231600,0,13.5,0.0,0.138,3.0
2015-08-23 17:00:00,Montrose Beach,1440349200.0,13.5,0.0,0.182,2.0,MontroseBeach201508231700,0,13.5,0.0,0.182,2.0
2015-08-23 18:00:00,Montrose Beach,1440352800.0,13.6,0.0,0.167,,MontroseBeach201508231800,0,13.6,0.0,0.167,3.0
2015-08-23 19:00:00,Montrose Beach,1440356400.0,13.5,0.03,0.14,,MontroseBeach201508231900,0,13.5,0.03,0.14,3.0
2015-08-23 20:00:00,Montrose Beach,1440360000.0,13.3,0.0,0.152,3.0,MontroseBeach201508232000,0,13.3,0.0,0.152,3.0
2015-08-23 21:00:00,Montrose Beach,1440363600.0,13.2,,0.168,3.0,MontroseBeach201508232100,0,13.2,0.0,0.168,3.0
2015-08-23 22:00:00,Montrose Beach,1440367200.0,13.1,0.01,,4.0,MontroseBeach201508232200,0,13.1,0.01,0.174,4.0
2015-08-23 23:00:00,Montrose Beach,1440370800.0,13.1,0.0,,3.0,MontroseBeach201508232300,0,13.1,0.0,0.159,3.0
2015-08-24 00:00:00,Montrose Beach,1440374400.0,13.1,0.0,,4.0,MontroseBeach201508242400,0,13.1,0.0,0.158,4.0
2015-08-24 01:00:00,Montrose Beach,1440378000.0,13.1,0.0,0.145,6.0,MontroseBeach201508240100,0,13.1,0.0,0.145,6.0
2015-08-24 02:00:00,Montrose Beach,1440381600.0,13.1,0.19,0.141,5.0,MontroseBeach201508240200,0,13.1,0.19,0.141,5.0
2015-08-24 03:00:00,Montrose Beach,1440385200.0,13.1,0.02,,5.0,MontroseBeach201508240300,0,13.1,0.02,0.123,5.0
2015-08-24 04:00:00,Montrose Beach,1440388800.0,13.0,0.03,0.121,5.0,MontroseBeach201508240400,0,13.0,0.03,0.121,5.0
2015-08-24 05:00:00,Montrose Beach,1440392400.0,13.0,0.01,0.108,4.0,MontroseBeach201508240500,0,13.0,0.01,0.108,4.0
2015-08-24 06:00:00,Montrose Beach,1440396000.0,13.0,0.0,0.115,6.0,MontroseBeach201508240600,0,13.0,0.0,0.115,6.0
2015-08-24 07:00:00,Montrose Beach,1440399600.0,,0.0,,,MontroseBeach201508240700,0,12.9,0.0,0.109,6.0
2015-08-24 08:00:00,Montrose Beach,1440403200.0,13.0,0.0,0.107,5.0,MontroseBeach201508240800,0,13.0,0.0,0.107,5.0
2015-08-24 09:00:00,Montrose Beach,1440406800.0,13.1,0.0,,,MontroseBeach201508240900,0,13.1,0.0,0.109,8.0
2015-08-24 10:00:00,Montrose Beach,1440410400.0,13.3,0.0,0.112,8.0,MontroseBeach201508241000,0,13.3,0.0,0.112,8.0
2015-08-24 11:00:00,Montrose Beach,1440414000.0,13.5,,,9.0,MontroseBeach201508241100,0,13.5,0.0,0.112,9.0
2015-08-24 12:00:00,Montrose Beach,1440417600.0,13.7,0.0,0.109,7.0,MontroseBeach201508241200,0,13.7,0.0,0.109,7.0
2015-08-24 13:00:00,Montrose Beach,1440421200.0,13.9,0.03,0.113,,MontroseBeach201508241300,0,13.9,0.03,0.113,7.0
2015-08-24 14:00:00,Montrose Beach,1440424800.0,14.1,0.01,0.142,10.0,MontroseBeach201508241400,0,14.1,0.01,0.142,10.0
2015-08-24 15:00:00,Montrose Beach,1440428400.0,14.1,0.01,0.164,,MontroseBeach201508241500,0,14.1,0.01,0.164,3.0
2015-08-24 16:00:00,Montrose Beach,1440432000.0,14.2,0.0,0.172,3.0,MontroseBeach201508241600,0,14.2,0.0,0.172,3.0
2015-08-24 17:00:00,Montrose Beach,1440435600.0,14.1,0.0,0.201,3.0,MontroseBeach201508241700,0,14.1,0.0,0.201,3.0
2015-08-24 18:00:00,Montrose Beach,1440439200.0,14.0,0.0,0.223,3.0,MontroseBeach201508241800,0,14.0,0.0,0.223,3.0
2015-08-24 19:00:00,Montrose Beach,1440442800.0,14.0,0.0,0.257,3.0,MontroseBeach201508241900,0,14.0,0.0,0.257,3.0
2015-08-24 20:00:00,Montrose Beach,1440446400.0,,0.01,,3.0,MontroseBeach201508242000,0,14.0,0.01,0.27,3.0
2015-08-24 21:00:00,Montrose Beach,1440450000.0,13.9,0.01,0.288,3.0,MontroseBeach201508242100,0,13.9,0.01,0.288,3.0
2015-08-24 22:00:00,Montrose Beach,1440453600.0,13.7,0.01,0.26,3.0,MontroseBeach201508242200,0,13.7,0.01,0.26,3.0
2015-08-24 23:00:00,Montrose Beach,1440457200.0,13.6,0.0,,5.0,MontroseBeach201508242300,0,13.6,0.0,0.244,5.0
2015-08-25 00:00:00,Montrose Beach,1440460800.0,13.6,0.0,0.234,5.0,MontroseBeach201508252400,0,13.6,0.0,0.234,5.0
2015-08-25 01:00:00,Montrose Beach,1440464400.0,13.7,,0.241,6.0,MontroseBeach201508250100,0,13.7,0.01,0.241,6.0
2015-08-25 02:00:00,Montrose Beach,1440468000.0,13.8,0.01,0.241,,MontroseBeach201508250200,0,13.8,0.01,0.241,3.0
2015-08-25 03:00:00,Montrose Beach,1440471600.0,13.8,0.04,0.235,3.0,MontroseBeach201508250300,0,13.8,0.04,0.235,3.0
2015-08-25 04:00:00,Montrose Beach,1440475200.0,13.8,0.03,,,MontroseBeach201508250400,0,13.8,0.03,0.231,3.0
2015-08-25 05:00:00,Montrose Beach,1440478800.0,13.8,0.01,0.216,4.0,MontroseBeach201508250500,0,13.8,0.01,0.216,4.0
2015-08-25 06:00:00,Montrose Beach,1440482400.0,13.7,0.0,0.211,4.0,MontroseBeach201508250600,0,13.7,0.0,0.211,4.0
2015-08-25 07:00:00,Montrose Beach,1440486000.0,13.7,0.04,0.215,,MontroseBeach201508250700,0,13.7,0.04,0.215,6.0
2015-08-25 08:00:00,Montrose Beach,1440489600.0,13.6,0.01,,,MontroseBeach201508250800,0,13.6,0.01,0.221,4.0
2015-08-25 09:00:00,Montrose Beach,1440493200.0,13.7,0.0,0.221,5.0,MontroseBeach201508250900,0,13.7,0.0,0.221,5.0
2015-08-25 10:00:00,Montrose Beach,1440496800.0,13.7,,0.23,5.0,MontroseBeach201508251000,0,13.7,0.0,0.23,5.0
2015-08-25 11:00:00,Montrose Beach,1440500400.0,13.8,0.0,0.236,4.0,MontroseBeach201508251100,0,13.8,0.0,0.236,4.0
2015-08-25 12:00:00,Montrose Beach,1440504000.0,13.9,0.0,0.244,5.0,MontroseBeach201508251200,0,13.9,0.0,0.244,5.0
2015-08-25 13:00:00,Montrose Beach,1440507600.0,14.0,0.01,0.245,,MontroseBeach201508251300,0,14.0,0.01,0.245,4.0
2015-08-25 14:00:00,Montrose Beach,1440511200.0,14.2,0.01,0.233,4.0,MontroseBeach201508251400,0,14.2,0.01,0.233,4.0
2015-08-25 15:00:00,Montrose Beach,1440514800.0,14.3,0.02,0.22,4.0,MontroseBeach201508251500,0,14.3,0.02,0.22,4.0
2015-08-25 16:00:00,Montrose Beach,1440518400.0,,0.06,0.232,4.0,MontroseBeach201508251600,0,14.9,0.06,0.232,4.0
2015-08-25 17:00:00,Montrose Beach,1440522000.0,15.1,,0.239,5.0,MontroseBeach201508251700,0,15.1,0.15,0.239,5.0
2015-08-25 18:00:00,Montrose Beach,1440525600.0,14.9,0.12,0.225,5.0,MontroseBeach201508251800,0,14.9,0.12,0.225,5.0
2015-08-25 19:00:00,Montrose Beach,1440529200.0,14.4,,,5.0,MontroseBeach201508251900,0,14.4,0.01,0.232,5.0
2015-08-25 20:00:00,Montrose Beach,1440532800.0,14.5,0.0,0.25,5.0,MontroseBeach201508252000,0,14.5,0.0,0.25,5.0
2015-08-25 21:00:00,Montrose Beach,1440536400.0,14.5,,0.248,5.0,MontroseBeach201508252100,0,14.5,0.12,0.248,5.0
2015-08-25 22:00:00,Montrose Beach,1440540000.0,,0.01,0.26,5.0,MontroseBeach201508252200,0,14.5,0.01,0.26,5.0
2015-08-25 23:00:00,Montrose Beach,1440543600.0,14.4,0.04,0.258,,MontroseBeach201508252300,0,14.4,0.04,0.258,5.0
2015-08-26 00:00:00,Montrose Beach,1440547200.0,14.5,,0.264,4.0,MontroseBeach201508262400,0,14.5,0.01,0.264,4.0
2015-08-26 01:00:00,Montrose Beach,1440550800.0,14.4,0.0,0.264,,MontroseBeach201508260100,0,14.4,0.0,0.264,4.0
2015-08-26 02:00:00,Montrose Beach,1440554400.0,14.4,,0.256,4.0,MontroseBeach201508260200,0,14.4,0.01,0.256,4.0
2015-08-26 03:00:00,Montrose Beach,1440558000.0,14.4,0.0,0.274,4.0,MontroseBeach201508260300,0,14.4,0.0,0.274,4.0
2015-08-26 04:00:00,Montrose Beach,1440561600.0,14.4,0.0,0.307,4.0,MontroseBeach201508260400,0,14.4,0.0,0.307,4.0
2015-08-26 05:00:00,Montrose Beach,1440565200.0,14.4,0.0,0.294,4.0,MontroseBeach201508260500,0,14.4,0.0,0.294,4.0
2015-08-26 06:00:00,Montrose Beach,1440568800.0,14.3,0.02,0.286,4.0,MontroseBeach201508260600,0,14.3,0.02,0.286,4.0
2015-08-26 07:00:00,Montrose Beach,1440572400.0,14.3,,0.286,4.0,MontroseBeach201508260700,0,14.3,0.12,0.286,4.0
2015-08-26 08:00:00,Montrose Beach,1440576000.0,14.2,0.14,0.266,4.0,MontroseBeach201508260800,0,14.2,0.14,0.266,4.0
2015-08-26 09:00:00,Montrose Beach,1440579600.0,14.2,,0.277,4.0,MontroseBeach201508260900,0,14.2,0.04,0.277,4.0
2015-08-26 10:00:00,Montrose Beach,1440583200.0,14.2,0.09,0.284,4.0,MontroseBeach201508261000,0,14.2,0.09,0.284,4.0
2015-08-26 11:00:00,Montrose Beach,1440586800.0,14.3,,0.298,4.0,MontroseBeach201508261100,0,14.3,0.2,0.298,4.0
2015-08-26 12:00:00,Montrose Beach,1440590400.0,14.3,0.21,0.295,5.0,MontroseBeach201508261200,0,14.3,0.21,0.295,5.0
2015-08-26 13:00:00,Montrose Beach,1440594000.0,14.3,,0.304,4.0,MontroseBeach201508261300,0,14.3,0.34,0.304,4.0
2015-08-26 14:00:00,Montrose Beach,1440597600.0,14.4,0.42,,4.0,MontroseBeach201508261400,0,14.4,0.42,0.322,4.0
2015-08-26 15:00:00,Montrose Beach,1440601200.0,14.5,0.29,0.308,4.0,MontroseBeach201508261500,0,14.5,0.29,0.308,4.0
2015-08-26 16:00:00,Montrose Beach,1440604800.0,14.6,0.26,0.304,4.0,MontroseBeach201508261600,0,14.6,0.26,0.304,4.0
2015-08-26 17:00:00,Montrose Beach,1440608400.0,14.6,0.29,,4.0,MontroseBeach201508261700,0,14.6,0.29,0.297,4.0
2015-08-26 18:00:00,Montrose Beach,1440612000.0,15.1,0.37,0.306,,MontroseBeach201508261800,0,15.1,0.37,0.306,4.0
2015-08-26 19:00:00,Montrose Beach,1440615600.0,15.0,0.22,0.285,4.0,MontroseBeach201508261900,0,15.0,0.22,0.285,4.0
2015-08-26 20:00:00,Montrose Beach,1440619200.0,15.0,,0.269,5.0,MontroseBeach201508262000,0,15.0,0.27,0.269,5.0
2015-08-26 21:00:00,Montrose Beach,1440622800.0,14.9,0.32,0.283,4.0,MontroseBeach201508262100,0,14.9,0.32,0.283,4.0
2015-08-26 22:00:00,Montrose Beach,1440626400.0,14.8,0.39,,5.0,MontroseBeach201508262200,0,14.8,0.39,0.276,5.0
2015-08-26 23:00:00,Montrose Beach,1440630000.0,14.6,0.22,0.264,,MontroseBeach201508262300,0,14.6,0.22,0.264,4.0
2015-08-27 00:00:00,Montrose Beach,1440633600.0,14.5,,0.241,5.0,MontroseBeach201508272400,0,14.5,0.22,0.241,5.0
2015-08-27 01:00:00,Montrose Beach,1440637200.0,14.5,0.22,0.22,5.0,MontroseBeach201508270100,0,14.5,0.22,0.22,5.0
2015-08-27 02:00:00,Montrose Beach,1440640800.0,14.4,0.18,0.222,4.0,MontroseBeach201508270200,0,14.4,0.18,0.222,4.0
2015-08-27 03:00:00,Montrose Beach,1440644400.0,14.4,,0.195,5.0,MontroseBeach201508270300,0,14.4,0.22,0.195,5.0
2015-08-27 04:00:00,Montrose Beach,1440648000.0,14.3,0.22,0.198,,MontroseBeach201508270400,0,14.3,0.22,0.198,4.0
2015-08-27 05:00:00,Montrose Beach,1440651600.0,14.3,0.27,,4.0,MontroseBeach201508270500,0,14.3,0.27,0.196,4.0
2015-08-27 06:00:00,Montrose Beach,1440655200.0,,,,5.0,MontroseBeach201508270600,0,14.3,0.31,0.193,5.0
2015-08-27 07:00:00,Montrose Beach,1440658800.0,14.3,0.21,0.194,,MontroseBeach201508270700,0,14.3,0.21,0.194,4.0
2015-08-27 08:00:00,Montrose Beach,1440662400.0,,0.26,0.197,4.0,MontroseBeach201508270800,0,14.3,0.26,0.197,4.0
2015-08-27 09:00:00,Montrose Beach,1440666000.0,14.4,,0.197,5.0,MontroseBeach201508270900,0,14.4,0.13,0.197,5.0
2015-08-27 10:00:00,Montrose Beach,1440669600.0,14.6,0.07,,4.0,MontroseBeach201508271000,0,14.6,0.07,0.199,4.0
2015-08-27 11:00:00,Montrose Beach,1440673200.0,15.2,0.08,0.21,4.0,MontroseBeach201508271100,0,15.2,0.08,0.21,4.0
2015-08-27 12:00:00,Montrose Beach,1440676800.0,15.2,0.36,0.2,,MontroseBeach201508271200,0,15.2,0.36,0.2,4.0
2015-08-27 13:00:00,Montrose Beach,,,,,,,1,,,,
2015-08-27 14:00:00,Montrose Beach,,,,,,,1,,,,
2015-08-27 15:00:00,Montrose Beach,1440687600.0,17.4,0.44,0.212,3.0,MontroseBeach201508271500,0,17.4,0.44,0.212,3.0
2015-08-27 16:00:00,Montrose Beach,1440691200.0,16.8,1.02,,3.0,MontroseBeach201508271600,0,16.8,1.02,0.199,3.0
2015-08-27 17:00:00,Montrose Beach,1440694800.0,16.2,0.29,0.173,3.0,MontroseBeach201508271700,0,16.2,0.29,0.173,3.0
2015-08-27 18:00:00,Montrose Beach,1440698400.0,15.6,0.23,,4.0,MontroseBeach201508271800,0,15.6,0.23,0.164,4.0
2015-08-27 19:00:00,Montrose Beach,1440702000.0,15.0,0.11,0.137,6.0,MontroseBeach201508271900,0,15.0,0.11,0.137,6.0
2015-08-27 20:00:00,Montrose Beach,1440705600.0,15.0,0.17,0.137,6.0,MontroseBeach201508272000,0,15.0,0.17,0.137,6.0
2015-08-27 21:00:00,Montrose Beach,1440709200.0,14.9,0.21,0.142,3.0,MontroseBeach201508272100,0,14.9,0.21,0.142,3.0
2015-08-27 22:00:00,Montrose Beach,1440712800.0,14.8,,0.127,3.0,MontroseBeach201508272200,0,14.8,0.25,0.127,3.0
2015-08-27 23:00:00,Montrose Beach,1440716400.0,14.8,0.15,0.144,3.0,MontroseBeach201508272300,0,14.8,0.15,0.144,3.0
2015-08-28 00:00:00,Montrose Beach,1440720000.0,15.0,0.25,0.154,2.0,MontroseBeach201508282400,0,15.0,0.25,0.154,2.0
2015-08-28 01:00:00,Montrose Beach,1440723600.0,,0.3,0.168,3.0,MontroseBeach201508280100,0,14.6,0.3,0.168,3.0
2015-08-28 02:00:00,Montrose Beach,1440727200.0,14.0,0.14,0.175,6.0,MontroseBeach201508280200,0,14.0,0.14,0.175,6.0
2015-08-28 03:00:00,Montrose Beach,1440730800.0,13.9,0.13,0.165,3.0,MontroseBeach201508280300,0,13.9,0.13,0.165,3.0
2015-08-28 04:00:00,Montrose Beach,1440734400.0,13.8,,0.187,3.0,MontroseBeach201508280400,0,13.8,0.14,0.187,3.0
2015-08-28 05:00:00,Montrose Beach,1440738000.0,13.7,0.15,0.182,4.0,MontroseBeach201508280500,0,13.7,0.15,0.182,4.0
2015-08-28 06:00:00,Montrose Beach,1440741600.0,13.8,0.31,0.205,4.0,MontroseBeach201508280600,0,13.8,0.31,0.205,4.0
2015-08-28 07:00:00,Montrose Beach,1440745200.0,13.7,0.21,0.203,4.0,MontroseBeach201508280700,0,13.7,0.21,0.203,4.0
2015-08-28 08:00:00,Montrose Beach,1440748800.0,13.7,0.2,0.198,3.0,MontroseBeach201508280800,0,13.7,0.2,0.198,3.0
2015-08-28 09:00:00,Montrose Beach,1440752400.0,13.7,0.12,0.208,4.0,MontroseBeach201508280900,0,13.7,0.12,0.208,4.0
2015-08-28 10:00:00,Montrose Beach,1440756000.0,14.5,0.28,0.192,,MontroseBeach201508281000,0,14.5,0.28,0.192,4.0
2015-08-28 11:00:00,Montrose Beach,1440759600.0,14.2,0.12,0.161,4.0,MontroseBeach201508281100,0,14.2,0.12,0.161,4.0
2015-08-28 12:00:00,Montrose Beach,1440763200.0,14.2,0.09,0.15,4.0,MontroseBeach201508281200,0,14.2,0.09,0.15,4.0
2015-08-28 13:00:00,Montrose Beach,1440766800.0,14.3,0.13,0.144,3.0,MontroseBeach201508281300,0,14.3,0.13,0.144,3.0
2015-08-28 14:00:00,Montrose Beach,1440770400.0,14.2,0.06,0.144,3.0,MontroseBeach201508281400,0,14.2,0.06,0.144,3.0
2015-08-28 15:00:00,Montrose Beach,1440774000.0,,0.14,0.124,3.0,MontroseBeach201508281500,0,14.5,0.14,0.124,3.0
2015-08-28 16:00:00,Montrose Beach,1440777600.0,14.2,0.05,0.127,5.0,MontroseBeach201508281600,0,14.2,0.05,0.127,5.0
2015-08-28 17:00:00,Montrose Beach,1440781200.0,14.3,0.02,0.12,4.0,MontroseBeach201508281700,0,14.3,0.02,0.12,4.0
2015-08-28 18:00:00,Montrose Beach,1440784800.0,14.4,0.01,0.155,4.0,MontroseBeach201508281800,0,14.4,0.01,0.155,4.0
2015-08-28 19:00:00,Montrose Beach,1440788400.0,14.6,0.01,,,MontroseBeach201508281900,0,14.6,0.01,0.108,4.0
2015-08-28 20:00:00,Montrose Beach,1440792000.0,14.8,0.04,0.105,4.0,MontroseBeach201508282000,0,14.8,0.04,0.105,4.0
2015-08-28 21:00:00,Montrose Beach,1440795600.0,14.4,0.01,0.114,4.0,MontroseBeach201508282100,0,14.4,0.01,0.114,4.0
2015-08-28 22:00:00,Montrose Beach,1440799200.0,14.4,0.02,0.115,4.0,MontroseBeach201508282200,0,14.4,0.02,0.115,4.0
2015-08-28 23:00:00,Montrose Beach,1440802800.0,,0.0,0.184,2.0,MontroseBeach201508282300,0,14.1,0.0,0.184,2.0
2015-08-29 00:00:00,Montrose Beach,1440806400.0,13.9,0.01,0.21,3.0,MontroseBeach201508292400,0,13.9,0.01,0.21,3.0
2015-08-29 01:00:00,Montrose Beach,1440810000.0,13.9,0.01,0.218,3.0,MontroseBeach201508290100,0,13.9,0.01,0.218,3.0
2015-08-29 02:00:00,Montrose Beach,1440813600.0,14.3,0.08,0.228,3.0,MontroseBeach201508290200,0,14.3,0.08,0.228,3.0
2015-08-29 03:00:00,Montrose Beach,1440817200.0,14.0,,0.212,3.0,MontroseBeach201508290300,0,14.0,0.25,0.212,3.0
2015-08-29 04:00:00,Montrose Beach,1440820800.0,,0.18,0.219,3.0,MontroseBeach201508290400,0,13.7,0.18,0.219,3.0
2015-08-29 05:00:00,Montrose Beach,1440824400.0,13.9,0.23,0.198,3.0,MontroseBeach201508290500,0,13.9,0.23,0.198,3.0
2015-08-29 06:00:00,Montrose Beach,1440828000.0,13.4,0.03,0.18,3.0,MontroseBeach201508290600,0,13.4,0.03,0.18,3.0
2015-08-29 07:00:00,Montrose Beach,1440831600.0,13.2,0.02,,,MontroseBeach201508290700,0,13.2,0.02,0.172,3.0
2015-08-29 08:00:00,Montrose Beach,1440835200.0,13.2,0.01,0.162,3.0,MontroseBeach201508290800,0,13.2,0.01,0.162,3.0
2015-08-29 09:00:00,Montrose Beach,1440838800.0,13.2,0.0,0.158,3.0,MontroseBeach201508290900,0,13.2,0.0,0.158,3.0
2015-08-29 10:00:00,Montrose Beach,1440842400.0,13.2,0.01,0.152,3.0,MontroseBeach201508291000,0,13.2,0.01,0.152,3.0
2015-08-29 11:00:00,Montrose Beach,1440846000.0,13.2,,,3.0,MontroseBeach201508291100,0,13.2,0.01,0.212,3.0
2015-08-29 12:00:00,Montrose Beach,1440849600.0,13.3,,0.202,3.0,MontroseBeach201508291200,0,13.3,0.0,0.202,3.0
2015-08-29 13:00:00,Montrose Beach,1440853200.0,13.3,0.01,0.211,4.0,MontroseBeach201508291300,0,13.3,0.01,0.211,4.0
2015-08-29 14:00:00,Montrose Beach,1440856800.0,13.4,0.02,0.208,4.0,MontroseBeach201508291400,0,13.4,0.02,0.208,4.0
2015-08-29 15:00:00,Montrose Beach,1440860400.0,13.8,0.07,0.205,4.0,MontroseBeach201508291500,0,13.8,0.07,0.205,4.0
2015-08-29 16:00:00,Montrose Beach,1440864000.0,,0.0,0.226,,MontroseBeach201508291600,0,13.7,0.0,0.226,4.0
2015-08-29 17:00:00,Montrose Beach,1440867600.0,13.5,0.0,0.216,4.0,MontroseBeach201508291700,0,13.5,0.0,0.216,4.0
2015-08-29 18:00:00,Montrose Beach,1440871200.0,,0.0,0.217,4.0,MontroseBeach201508291800,0,13.7,0.0,0.217,4.0
2015-08-29 19:00:00,Montrose Beach,1440874800.0,13.7,0.0,0.202,3.0,MontroseBeach201508291900,0,13.7,0.0,0.202,3.0
2015-08-29 20:00:00,Montrose Beach,1440878400.0,13.6,0.0,0.213,3.0,MontroseBeach201508292000,0,13.6,0.0,0.213,3.0
2015-08-29 21:00:00,Montrose Beach,1440882000.0,13.6,0.0,0.179,3.0,MontroseBeach201508292100,0,13.6,0.0,0.179,3.0
2015-08-29 22:00:00,Montrose Beach,1440885600.0,13.7,0.0,0.18,3.0,MontroseBeach201508292200,0,13.7,0.0,0.18,3.0
2015-08-29 23:00:00,Montrose Beach,1440889200.0,13.7,,,3.0,MontroseBeach201508292300,0,13.7,0.0,0.171,3.0
2015-08-30 00:00:00,Montrose Beach,1440892800.0,13.7,0.01,0.176,3.0,MontroseBeach201508302400,0,13.7,0.01,0.176,3.0
2015-08-30 01:00:00,Montrose Beach,,,,,,,1,,,,
2015-08-30 02:00:00,Montrose Beach,1440900000.0,13.8,0.01,0.215,3.0,MontroseBeach201508300200,0,13.8,0.01,0.215,3.0
2015-08-30 03:00:00,Montrose Beach,1440903600.0,13.9,0.01,0.222,3.0,MontroseBeach201508300300,0,13.9,0.01,0.222,3.0
2015-08-30 04:00:00,Montrose Beach,1440907200.0,13.9,0.02,0.228,3.0,MontroseBeach201508300400,0,13.9,0.02,0.228,3.0
2015-08-30 05:00:00,Montrose Beach,1440910800.0,13.8,0.01,,3.0,MontroseBeach201508300500,0,13.8,0.01,0.21,3.0
2015-08-30 06:00:00,Montrose Beach,1440914400.0,,0.01,0.209,3.0,MontroseBeach201508300600,0,13.7,0.01,0.209,3.0
2015-08-30 07:00:00,Montrose Beach,1440918000.0,13.8,0.02,0.212,3.0,MontroseBeach201508300700,0,13.8,0.02,0.212,3.0
2015-08-30 08:00:00,Montrose Beach,1440921600.0,13.9,0.01,,3.0,MontroseBeach201508300800,0,13.9,0.01,0.209,3.0
2015-08-30 09:00:00,Montrose Beach,1440925200.0,,0.01,,3.0,MontroseBeach201508300900,0,13.8,0.01,0.218,3.0
2015-08-30 10:00:00,Montrose Beach,1440928800.0,13.9,0.08,0.238,4.0,MontroseBeach201508301000,0,13.9,0.08,0.238,4.0
2015-08-30 11:00:00,Montrose Beach,1440932400.0,14.1,,0.236,3.0,MontroseBeach201508301100,0,14.1,0.13,0.236,3.0
2015-08-30 12:00:00,Montrose Beach,1440936000.0,14.3,0.12,0.239,,MontroseBeach201508301200,0,14.3,0.12,0.239,3.0
2015-08-30 13:00:00,Montrose Beach,1440939600.0,,0.09,0.237,,MontroseBeach201508301300,0,14.4,0.09,0.237,3.0
2015-08-30 14:00:00,Montrose Beach,1440943200.0,14.5,0.1,,3.0,MontroseBeach201508301400,0,14.5,0.1,0.245,3.0
2015-08-30 15:00:00,Montrose Beach,1440946800.0,15.5,0.38,0.253,3.0,MontroseBeach201508301500,0,15.5,0.38,0.253,3.0
2015-08-30 16:00:00,Montrose Beach,1440950400.0,16.0,0.3,0.231,3.0,MontroseBeach201508301600,0,16.0,0.3,0.231,3.0
2015-08-30 17:00:00,Montrose Beach,1440954000.0,,,,3.0,MontroseBeach201508301700,0,16.0,0.3,0.232,3.0
2015-08-30 18:00:00,Montrose Beach,1440957600.0,16.4,0.32,0.221,,MontroseBeach201508301800,0,16.4,0.32,0.221,3.0
2015-08-30 19:00:00,Montrose Beach,1440961200.0,16.1,0.23,0.224,3.0,MontroseBeach201508301900,0,16.1,0.23,0.224,3.0
2015-08-30 20:00:00,Montrose Beach,1440964800.0,16.1,,0.194,4.0,MontroseBeach201508302000,0,16.1,0.2,0.194,4.0
2015-08-30 21:00:00,Montrose Beach,1440968400.0,15.9,0.08,0.189,3.0,MontroseBeach201508302100,0,15.9,0.08,0.189,3.0
2015-08-30 22:00:00,Montrose Beach,1440972000.0,15.6,0.06,0.188,,MontroseBeach201508302200,0,15.6,0.06,0.188,3.0
2015-08-30 23:00:00,Montrose Beach,1440975600.0,15.4,0.07,0.176,4.0,MontroseBeach201508302300,0,15.4,0.07,0.176,4.0
2015-08-31 00:00:00,Montrose Beach,1440979200.0,15.3,0.03,0.195,3.0,MontroseBeach201508312400,0,15.3,0.03,0.195,3.0
2015-08-31 01:00:00,Montrose Beach,1440982800.0,15.3,0.09,,3.0,MontroseBeach201508310100,0,15.3,0.09,0.179,3.0
2015-08-31 02:00:00,Montrose Beach,1440986400.0,15.3,0.07,0.178,3.0,MontroseBeach201508310200,0,15.3,0.07,0.178,3.0
2015-08-31 03:00:00,Montrose Beach,1440990000.0,15.2,,,3.0,MontroseBeach201508310300,0,15.2,0.05,0.165,3.0
2015-08-31 04:00:00,Montrose Beach,1440993600.0,15.2,0.07,0.16,3.0,MontroseBeach201508310400,0,15.2,0.07,0.16,3.0
2015-08-31 05:00:00,Montrose Beach,1440997200.0,15.2,,0.142,3.0,MontroseBeach201508310500,0,15.2,0.08,0.142,3.0
2015-08-31 06:00:00,Montrose Beach,1441000800.0,15.1,0.07,0.14,3.0,MontroseBeach201508310600,0,15.1,0.07,0.14,3.0
2015-08-31 07:00:00,Montrose Beach,1441004400.0,15.1,,0.126,3.0,MontroseBeach201508310700,0,15.1,0.07,0.126,3.0
2015-08-31 08:00:00,Montrose Beach,1441008000.0,15.2,0.02,0.116,6.0,MontroseBeach201508310800,0,15.2,0.02,0.116,6.0
2015-08-31 09:00:00,Montrose Beach,1441011600.0,,0.0,0.107,3.0,MontroseBeach201508310900,0,15.4,0.0,0.107,3.0
2015-08-31 10:00:00,Montrose Beach,1441015200.0,15.5,0.02,0.104,3.0,MontroseBeach201508311000,0,15.5,0.02,0.104,3.0
2015-08-31 11:00:00,Montrose Beach,1441018800.0,16.3,0.0,0.111,4.0,MontroseBeach201508311100,0,16.3,0.0,0.111,4.0
2015-08-31 12:00:00,Montrose Beach,1441022400.0,,0.11,0.191,3.0,MontroseBeach201508311200,0,17.3,0.11,0.191,3.0
2015-08-31 13:00:00,Montrose Beach,1441026000.0,17.2,0.25,,4.0,MontroseBeach201508311300,0,17.2,0.25,0.088,4.0
2015-08-31 14:00:00,Montrose Beach,1441029600.0,17.1,0.2,,4.0,MontroseBeach201508311400,0,17.1,0.2,0.09,4.0
2015-08-31 15:00:00,Montrose Beach,1441033200.0,17.1,,0.103,,MontroseBeach201508311500,0,17.1,0.05,0.103,3.0
2015-08-31 16:00:00,Montrose Beach,1441036800.0,17.0,0.08,0.093,10.0,MontroseBeach201508311600,0,17.0,0.08,0.093,10.0
2015-08-31 17:00:00,Montrose Beach,1441040400.0,,0.05,,8.0,MontroseBeach201508311700,0,16.8,0.05,0.111,8.0
2015-08-31 18:00:00,Montrose Beach,1441044000.0,15.7,0.2,0.102,7.0,MontroseBeach201508311800,0,15.7,0.2,0.102,7.0
2015-08-31 19:00:00,Montrose Beach,1441047600.0,16.4,0.3,0.132,6.0,MontroseBeach201508311900,0,16.4,0.3,0.132,6.0
2015-08-31 20:00:00,Montrose Beach,1441051200.0,15.5,0.06,,5.0,MontroseBeach201508312000,0,15.5,0.06,0.093,5.0
2015-08-31 21:00:00,Montrose Beach,1441054800.0,15.2,0.07,0.111,2.0,MontroseBeach201508312100,0,15.2,0.07,0.111,2.0
2015-08-31 22:00:00,Montrose Beach,1441058400.0,15.2,0.06,0.121,3.0,MontroseBeach201508312200,0,15.2,0.06,0.121,3.0
2015-08-31 23:00:00,Montrose Beach,1441062000.0,15.5,0.01,0.133,2.0,MontroseBeach201508312300,0,15.5,0.01,0.133,2.0
2015-09-01 00:00:00,Montrose Beach,1441065600.0,15.7,0.01,,3.0,MontroseBeach201509012400,0,15.7,0.01,0.154,3.0
2015-09-01 01:00:00,Montrose Beach,1441069200.0,15.8,0.0,,6.0,MontroseBeach201509010100,0,15.8,0.0,0.146,6.0
2015-09-01 02:00:00,Montrose Beach,1441072800.0,15.5,0.04,0.121,6.0,MontroseBeach201509010200,0,15.5,0.04,0.121,6.0
2015-09-01 03:00:00,Montrose Beach,1441076400.0,15.0,0.06,0.114,5.0,MontroseBeach201509010300,0,15.0,0.06,0.114,5.0
2015-09-01 04:00:00,Montrose Beach,1441080000.0,14.8,0.05,0.104,4.0,MontroseBeach201509010400,0,14.8,0.05,0.104,4.0
2015-09-01 05:00:00,Montrose Beach,1441083600.0,14.4,0.05,0.092,9.0,MontroseBeach201509010500,0,14.4,0.05,0.092,9.0
2015-09-01 06:00:00,Montrose Beach,1441087200.0,14.3,0.04,,8.0,MontroseBeach201509010600,0,14.3,0.04,0.101,8.0
2015-09-01 07:00:00,Montrose Beach,1441090800.0,14.3,0.01,0.093,,MontroseBeach201509010700,0,14.3,0.01,0.093,7.0
2015-09-01 08:00:00,Montrose Beach,1441094400.0,14.6,0.02,0.085,,MontroseBeach201509010800,0,14.6,0.02,0.085,6.0
2015-09-01 09:00:00,Montrose Beach,1441098000.0,14.9,0.02,0.087,5.0,MontroseBeach201509010900,0,14.9,0.02,0.087,5.0
2015-09-01 10:00:00,Montrose Beach,1441101600.0,15.2,0.02,0.089,5.0,MontroseBeach201509011000,0,15.2,0.02,0.089,5.0
2015-09-01 11:00:00,Montrose Beach,1441105200.0,15.7,0.01,0.08,4.0,MontroseBeach201509011100,0,15.7,0.01,0.08,4.0
2015-09-01 12:00:00,Montrose Beach,1441108800.0,15.5,0.0,0.082,8.0,MontroseBeach201509011200,0,15.5,0.0,0.082,8.0
2015-09-01 13:00:00,Montrose Beach,1441112400.0,15.5,,,7.0,MontroseBeach201509011300,0,15.5,0.0,0.104,7.0
2015-09-01 14:00:00,Montrose Beach,1441116000.0,15.6,0.01,0.123,3.0,MontroseBeach201509011400,0,15.6,0.01,0.123,3.0
2015-09-01 15:00:00,Montrose Beach,1441119600.0,15.9,0.0,,4.0,MontroseBeach201509011500,0,15.9,0.0,0.109,4.0
2015-09-01 16:00:00,Montrose Beach,1441123200.0,15.1,0.01,0.109,4.0,MontroseBeach201509011600,0,15.1,0.01,0.109,4.0
2015-09-01 17:00:00,Montrose Beach,1441126800.0,14.8,0.01,0.095,8.0,MontroseBeach201509011700,0,14.8,0.01,0.095,8.0
2015-09-01 18:00:00,Montrose Beach,1441130400.0,14.7,0.02,,7.0,MontroseBeach201509011800,0,14.7,0.02,0.121,7.0
2015-09-01 19:00:00,Montrose Beach,1441134000.0,14.7,0.01,0.145,3.0,MontroseBeach201509011900,0,14.7,0.01,0.145,3.0
2015-09-01 20:00:00,Montrose Beach,,,,,,,1,,,,
2015-09-01 21:00:00,Montrose Beach,,,,,,,1,,,,
2015-09-01 22:00:00,Montrose Beach,,,,,,,1,,,,
2015-09-01 23:00:00,Montrose Beach,,,,,,,1,,,,
2015-09-02 00:00:00,Montrose Beach,,,,,,,1,,,,
2015-09-02 01:00:00,Montrose Beach,,,,,,,1,,,,
2015-09-02 02:00:00,Montrose Beach,,,,,,,1,,,,
2015-09-02 03:00:00,Montrose Beach,,,,,,,1,,,,
2015-09-02 04:00:00,Montrose Beach,,,,,,,1,,,,
2015-09-02 05:00:00,Montrose Beach,,,,,,,1,,,,
2015-09-02 06:00:00,Montrose Beach,,,,,,,1,,,,
2015-09-02 07:00:00,Montrose Beach,1441177200.0,14.0,0.0,0.07,8.0,MontroseBeach201509020700,0,14.0,0.0,0.07,8.0
2015-09-02 08:00:00,Montrose Beach,1441180800.0,14.3,0.0,0.07,4.0,MontroseBeach201509020800,0,14.3,0.0,0.07,4.0
2015-09-02 09:00:00,Montrose Beach,1441184400.0,14.3,0.0,0.067,,MontroseBeach201509020900,0,14.3,0.0,0.067,6.0
2015-09-02 10:00:00,Montrose Beach,,,,,,,1,,,,
2015-09-02 11:00:00,Montrose Beach,1441191600.0,15.5,0.0,,5.0,MontroseBeach201509021100,0,15.5,0.0,0.089,5.0
2015-09-02 12:00:00,Montrose Beach,,,,,,,1,,,,
2015-09-02 13:00:00,Montrose Beach,,,,,,,1,,,,
2015-09-02 14:00:00,Montrose Beach,1441202400.0,15.6,0.0,0.098,3.0,MontroseBeach201509021400,0,15.6,0.0,0.098,3.0
2015-09-02 15:00:00,Montrose Beach,1441206000.0,,0.0,0.078,10.0,MontroseBeach201509021500,0,15.5,0.0,0.078,10.0
2015-09-02 16:00:00,Montrose Beach,1441209600.0,15.7,,0.1,9.0,MontroseBeach201509021600,0,15.7,0.0,0.1,9.0
2015-09-02 17:00:00,Montrose Beach,1441213200.0,15.5,,0.114,5.0,MontroseBeach201509021700,0,15.5,0.0,0.114,5.0
2015-09-02 18:00:00,Montrose Beach,1441216800.0,15.6,0.02,0.148,4.0,MontroseBeach201509021800,0,15.6,0.02,0.148,4.0
2015-09-02 19:00:00,Montrose Beach,,,,,,,1,,,,
2015-09-02 20:00:00,Montrose Beach,1441224000.0,15.4,0.01,0.091,6.0,MontroseBeach201509022000,0,15.4,0.01,0.091,6.0
2015-09-02 21:00:00,Montrose Beach,,,,,,,1,,,,
2015-09-02 22:00:00,Montrose Beach,1441231200.0,15.5,,0.08,10.0,MontroseBeach201509022200,0,15.5,0.07,0.08,10.0
2015-09-02 23:00:00,Montrose Beach,1441234800.0,15.6,0.05,0.083,9.0,MontroseBeach201509022300,0,15.6,0.05,0.083,9.0
2015-09-03 00:00:00,Montrose Beach,1441238400.0,15.5,0.02,0.077,7.0,MontroseBeach201509032400,0,15.5,0.02,0.077,7.0
2015-09-03 01:00:00,Montrose Beach,1441242000.0,15.5,0.01,0.083,6.0,MontroseBeach201509030100,0,15.5,0.01,0.083,6.0
2015-09-03 02:00:00,Montrose Beach,,,,,,,1,,,,
2015-09-03 03:00:00,Montrose Beach,1441249200.0,15.1,0.0,0.084,5.0,MontroseBeach201509030300,0,15.1,0.0,0.084,5.0
2015-09-03 04:00:00,Montrose Beach,1441252800.0,15.0,,0.077,3.0,MontroseBeach201509030400,0,15.0,0.01,0.077,3.0
2015-09-03 05:00:00,Montrose Beach,1441256400.0,14.6,,0.075,9.0,MontroseBeach201509030500,0,14.6,0.02,0.075,9.0
2015-09-03 06:00:00,Montrose Beach,1441260000.0,14.4,0.02,,7.0,MontroseBeach201509030600,0,14.4,0.02,0.084,7.0
2015-09-03 07:00:00,Montrose Beach,1441263600.0,14.5,0.0,0.079,6.0,MontroseBeach201509030700,0,14.5,0.0,0.079,6.0
2015-09-03 08:00:00,Montrose Beach,1441267200.0,14.7,,0.069,,MontroseBeach201509030800,0,14.7,0.03,0.069,7.0
2015-09-03 09:00:00,Montrose Beach,,,,,,,1,,,,
2015-09-03 10:00:00,Montrose Beach,1441274400.0,15.3,0.0,0.073,5.0,MontroseBeach201509031000,0,15.3,0.0,0.073,5.0
2015-09-03 11:00:00,Montrose Beach,1441278000.0,15.0,0.0,,3.0,MontroseBeach201509031100,0,15.0,0.0,0.108,3.0
2015-09-03 12:00:00,Montrose Beach,1441281600.0,15.3,0.0,,5.0,MontroseBeach201509031200,0,15.3,0.0,0.087,5.0
2015-09-03 13:00:00,Montrose Beach,1441285200.0,15.6,0.02,0.113,5.0,MontroseBeach201509031300,0,15.6,0.02,0.113,5.0
2015-09-03 14:00:00,Montrose Beach,1441288800.0,15.6,0.0,,5.0,MontroseBeach201509031400,0,15.6,0.0,0.095,5.0
2015-09-03 15:00:00,Montrose Beach,,,,,,,1,,,,
2015-09-03 16:00:00,Montrose Beach,1441296000.0,15.7,0.0,0.099,4.0,MontroseBeach201509031600,0,15.7,0.0,0.099,4.0
2015-09-03 17:00:00,Montrose Beach,1441299600.0,15.7,0.04,0.103,5.0,MontroseBeach201509031700,0,15.7,0.04,0.103,5.0
2015-09-03 18:00:00,Montrose Beach,1441303200.0,,0.01,0.19,7.0,MontroseBeach201509031800,0,15.4,0.01,0.19,7.0
2015-09-03 19:00:00,Montrose Beach,1441306800.0,,0.02,0.263,2.0,MontroseBeach201509031900,0,15.3,0.02,0.263,2.0
2015-09-03 20:00:00,Montrose Beach,1441310400.0,,0.05,0.343,3.0,MontroseBeach201509032000,0,15.0,0.05,0.343,3.0
2015-09-03 21:00:00,Montrose Beach,1441314000.0,,0.17,0.343,,MontroseBeach201509032100,0,14.7,0.17,0.343,4.0
2015-09-03 22:00:00,Montrose Beach,1441317600.0,,0.3,0.333,,MontroseBeach201509032200,0,16.5,0.3,0.333,4.0
2015-09-03 23:00:00,Montrose Beach,1441321200.0,15.5,0.19,0.337,4.0,MontroseBeach201509032300,0,15.5,0.19,0.337,4.0
2015-09-04 00:00:00,Montrose Beach,1441324800.0,15.7,,0.313,,MontroseBeach201509042400,0,15.7,0.57,0.313,4.0
2015-09-04 01:00:00,Montrose Beach,1441328400.0,15.3,,0.314,4.0,MontroseBeach201509040100,0,15.3,0.41,0.314,4.0
2015-09-04 02:00:00,Montrose Beach,1441332000.0,,,0.29,4.0,MontroseBeach201509040200,0,15.4,0.67,0.29,4.0
2015-09-04 03:00:00,Montrose Beach,1441335600.0,15.9,0.33,0.28,4.0,MontroseBeach201509040300,0,15.9,0.33,0.28,4.0
2015-09-04 04:00:00,Montrose Beach,1441339200.0,15.5,0.41,0.285,9.0,MontroseBeach201509040400,0,15.5,0.41,0.285,9.0
2015-09-04 05:00:00,Montrose Beach,1441342800.0,15.2,0.43,0.247,4.0,MontroseBeach201509040500,0,15.2,0.43,0.247,4.0
2015-09-04 06:00:00,Montrose Beach,1441346400.0,15.1,0.4,0.24,4.0,MontroseBeach201509040600,0,15.1,0.4,0.24,4.0
2015-09-04 07:00:00,Montrose Beach,1441350000.0,15.1,0.3,,4.0,MontroseBeach201509040700,0,15.1,0.3,0.256,4.0
2015-09-04 08:00:00,Montrose Beach,1441353600.0,15.2,0.24,,4.0,MontroseBeach201509040800,0,15.2,0.24,0.267,4.0
2015-09-04 09:00:00,Montrose Beach,1441357200.0,16.2,0.03,0.272,3.0,MontroseBeach201509040900,0,16.2,0.03,0.272,3.0
2015-09-04 10:00:00,Montrose Beach,1441360800.0,16.8,0.08,0.28,,MontroseBeach201509041000,0,16.8,0.08,0.28,4.0
2015-09-04 11:00:00,Montrose Beach,1441364400.0,16.7,0.1,0.292,3.0,MontroseBeach201509041100,0,16.7,0.1,0.292,3.0
2015-09-04 12:00:00,Montrose Beach,1441368000.0,16.9,0.16,0.289,4.0,MontroseBeach201509041200,0,16.9,0.16,0.289,4.0
2015-09-04 13:00:00,Montrose Beach,1441371600.0,19.2,,0.305,4.0,MontroseBeach201509041300,0,19.2,0.0,0.305,4.0
2015-09-04 14:00:00,Montrose Beach,1441375200.0,19.4,0.0,0.306,,MontroseBeach201509041400,0,19.4,0.0,0.306,4.0
2015-09-04 15:00:00,Montrose Beach,1441378800.0,19.7,0.01,0.281,4.0,MontroseBeach201509041500,0,19.7,0.01,0.281,4.0
2015-09-04 16:00:00,Montrose Beach,1441382400.0,20.2,0.01,0.259,,MontroseBeach201509041600,0,20.2,0.01,0.259,4.0
2015-09-04 17:00:00,Montrose Beach,1441386000.0,20.3,0.01,0.263,3.0,MontroseBeach201509041700,0,20.3,0.01,0.263,3.0
2015-09-04 18:00:00,Montrose Beach,1441389600.0,,,0.269,3.0,MontroseBeach201509041800,0,20.6,0.0,0.269,3.0
2015-09-04 19:00:00,Montrose Beach,1441393200.0,20.7,0.01,0.272,4.0,MontroseBeach201509041900,0,20.7,0.01,0.272,4.0
2015-09-04 20:00:00,Montrose Beach,1441396800.0,20.5,0.16,,3.0,MontroseBeach201509042000,0,20.5,0.16,0.249,3.0
2015-09-04 21:00:00,Montrose Beach,1441400400.0,20.5,0.34,0.256,3.0,MontroseBeach201509042100,0,20.5,0.34,0.256,3.0
2015-09-04 22:00:00,Montrose Beach,1441404000.0,,,0.243,3.0,MontroseBeach201509042200,0,20.5,0.13,0.243,3.0
2015-09-04 23:00:00,Montrose Beach,1441407600.0,20.5,,0.243,3.0,MontroseBeach201509042300,0,20.5,0.03,0.243,3.0
2015-09-05 00:00:00,Montrose Beach,1441411200.0,20.4,0.01,,8.0,MontroseBeach201509052400,0,20.4,0.01,0.219,8.0
2015-09-05 01:00:00,Montrose Beach,1441414800.0,20.4,0.03,0.22,4.0,MontroseBeach201509050100,0,20.4,0.03,0.22,4.0
2015-09-05 02:00:00,Montrose Beach,1441418400.0,20.3,,0.203,4.0,MontroseBeach201509050200,0,20.3,0.01,0.203,4.0
2015-09-05 03:00:00,Montrose Beach,1441422000.0,,0.01,0.207,,MontroseBeach201509050300,0,20.3,0.01,0.207,3.0
2015-09-05 04:00:00,Montrose Beach,1441425600.0,20.4,0.01,,4.0,MontroseBeach201509050400,0,20.4,0.01,0.201,4.0
2015-09-05 05:00:00,Montrose Beach,1441429200.0,20.4,0.0,0.225,9.0,MontroseBeach201509050500,0,20.4,0.0,0.225,9.0
2015-09-05 06:00:00,Montrose Beach,1441432800.0,20.4,0.0,0.203,3.0,MontroseBeach201509050600,0,20.4,0.0,0.203,3.0
2015-09-05 07:00:00,Montrose Beach,1441436400.0,20.4,0.0,,,MontroseBeach201509050700,0,20.4,0.0,0.189,4.0
2015-09-05 08:00:00,Montrose Beach,1441440000.0,,0.0,0.178,6.0,MontroseBeach201509050800,0,20.3,0.0,0.178,6.0
2015-09-05 09:00:00,Montrose Beach,1441443600.0,,0.02,0.158,4.0,MontroseBeach201509050900,0,20.1,0.02,0.158,4.0
2015-09-05 10:00:00,Montrose Beach,1441447200.0,19.9,0.05,,3.0,MontroseBeach201509051000,0,19.9,0.05,0.143,3.0
2015-09-05 11:00:00,Montrose Beach,1441450800.0,19.4,0.02,0.159,3.0,MontroseBeach201509051100,0,19.4,0.02,0.159,3.0
2015-09-05 12:00:00,Montrose Beach,1441454400.0,19.0,0.01,,3.0,MontroseBeach201509051200,0,19.0,0.01,0.195,3.0
2015-09-05 13:00:00,Montrose Beach,1441458000.0,17.8,0.15,0.181,4.0,MontroseBeach201509051300,0,17.8,0.15,0.181,4.0
2015-09-05 14:00:00,Montrose Beach,1441461600.0,16.7,0.37,0.183,,MontroseBeach201509051400,0,16.7,0.37,0.183,3.0
2015-09-05 15:00:00,Montrose Beach,1441465200.0,15.3,0.07,,3.0,MontroseBeach201509051500,0,15.3,0.07,0.172,3.0
2015-09-05 16:00:00,Montrose Beach,1441468800.0,15.2,,0.181,10.0,MontroseBeach201509051600,0,15.2,0.06,0.181,10.0
2015-09-05 17:00:00,Montrose Beach,1441472400.0,15.4,0.06,0.151,9.0,MontroseBeach201509051700,0,15.4,0.06,0.151,9.0
2015-09-05 18:00:00,Montrose Beach,1441476000.0,15.7,0.1,0.143,7.0,MontroseBeach201509051800,0,15.7,0.1,0.143,7.0
2015-09-05 19:00:00,Montrose Beach,1441479600.0,15.4,0.07,,4.0,MontroseBeach201509051900,0,15.4,0.07,0.208,4.0
2015-09-05 20:00:00,Montrose Beach,1441483200.0,16.3,0.32,0.128,,MontroseBeach201509052000,0,16.3,0.32,0.128,4.0
2015-09-05 21:00:00,Montrose Beach,1441486800.0,,0.29,,4.0,MontroseBeach201509052100,0,15.6,0.29,0.117,4.0
2015-09-05 22:00:00,Montrose Beach,1441490400.0,14.5,0.09,0.106,4.0,MontroseBeach201509052200,0,14.5,0.09,0.106,4.0
2015-09-05 23:00:00,Montrose Beach,1441494000.0,14.5,0.17,0.113,4.0,MontroseBeach201509052300,0,14.5,0.17,0.113,4.0
2015-09-06 00:00:00,Montrose Beach,1441497600.0,14.3,0.18,0.118,7.0,MontroseBeach201509062400,0,14.3,0.18,0.118,7.0
2015-09-06 01:00:00,Montrose Beach,,,,,,,1,,,,
2015-09-06 02:00:00,Montrose Beach,1441504800.0,14.3,0.24,0.126,6.0,MontroseBeach201509060200,0,14.3,0.24,0.126,6.0
2015-09-06 03:00:00,Montrose Beach,1441508400.0,14.2,0.23,,,MontroseBeach201509060300,0,14.2,0.23,0.115,4.0
2015-09-06 04:00:00,Montrose Beach,1441512000.0,14.2,0.19,0.107,4.0,MontroseBeach201509060400,0,14.2,0.19,0.107,4.0
2015-09-06 05:00:00,Montrose Beach,1441515600.0,13.9,0.1,0.104,6.0,MontroseBeach201509060500,0,13.9,0.1,0.104,6.0
2015-09-06 06:00:00,Montrose Beach,1441519200.0,,,0.108,8.0,MontroseBeach201509060600,0,13.9,0.15,0.108,8.0
2015-09-06 07:00:00,Montrose Beach,1441522800.0,13.9,0.08,0.105,7.0,MontroseBeach201509060700,0,13.9,0.08,0.105,7.0
2015-09-06 08:00:00,Montrose Beach,1441526400.0,14.2,0.12,0.102,,MontroseBeach201509060800,0,14.2,0.12,0.102,6.0
2015-09-06 09:00:00,Montrose Beach,1441530000.0,14.2,0.06,0.096,5.0,MontroseBeach201509060900,0,14.2,0.06,0.096,5.0
2015-09-06 10:00:00,Montrose Beach,1441533600.0,14.5,0.04,0.128,2.0,MontroseBeach201509061000,0,14.5,0.04,0.128,2.0
2015-09-06 11:00:00,Montrose Beach,1441537200.0,,0.07,,8.0,MontroseBeach201509061100,0,14.6,0.07,0.11,8.0
2015-09-06 12:00:00,Montrose Beach,1441540800.0,14.2,0.01,0.167,3.0,MontroseBeach201509061200,0,14.2,0.01,0.167,3.0
2015-09-06 13:00:00,Montrose Beach,1441544400.0,14.3,0.05,0.17,5.0,MontroseBeach201509061300,0,14.3,0.05,0.17,5.0
2015-09-06 14:00:00,Montrose Beach,1441548000.0,14.8,0.04,0.181,3.0,MontroseBeach201509061400,0,14.8,0.04,0.181,3.0
2015-09-06 15:00:00,Montrose Beach,1441551600.0,15.1,0.13,0.193,3.0,MontroseBeach201509061500,0,15.1,0.13,0.193,3.0
2015-09-06 16:00:00,Montrose Beach,1441555200.0,14.8,,0.207,5.0,MontroseBeach201509061600,0,14.8,0.05,0.207,5.0
2015-09-06 17:00:00,Montrose Beach,1441558800.0,14.8,0.12,0.165,,MontroseBeach201509061700,0,14.8,0.12,0.165,3.0
2015-09-06 18:00:00,Montrose Beach,1441562400.0,14.3,,0.214,,MontroseBeach201509061800,0,14.3,0.31,0.214,4.0
2015-09-06 19:00:00,Montrose Beach,1441566000.0,14.1,,0.212,3.0,MontroseBeach201509061900,0,14.1,0.57,0.212,3.0
2015-09-06 20:00:00,Montrose Beach,1441569600.0,14.0,0.47,0.149,3.0,MontroseBeach201509062000,0,14.0,0.47,0.149,3.0
2015-09-06 21:00:00,Montrose Beach,1441573200.0,13.2,,0.115,,MontroseBeach201509062100,0,13.2,0.18,0.115,3.0
2015-09-06 22:00:00,Montrose Beach,1441576800.0,13.2,,0.095,5.0,MontroseBeach201509062200,0,13.2,0.16,0.095,5.0
2015-09-06 23:00:00,Montrose Beach,1441580400.0,13.2,0.24,0.106,4.0,MontroseBeach201509062300,0,13.2,0.24,0.106,4.0
2015-09-07 00:00:00,Montrose Beach,1441584000.0,,0.11,0.107,4.0,MontroseBeach201509072400,0,12.9,0.11,0.107,4.0
2015-09-07 01:00:00,Montrose Beach,1441587600.0,,0.06,,7.0,MontroseBeach201509070100,0,12.9,0.06,0.126,7.0
2015-09-07 02:00:00,Montrose Beach,1441591200.0,13.0,0.03,0.105,6.0,MontroseBeach201509070200,0,13.0,0.03,0.105,6.0
2015-09-07 03:00:00,Montrose Beach,1441594800.0,13.1,0.03,,3.0,MontroseBeach201509070300,0,13.1,0.03,0.104,3.0
2015-09-07 04:00:00,Montrose Beach,1441598400.0,13.3,0.02,0.1,,MontroseBeach201509070400,0,13.3,0.02,0.1,3.0
2015-09-07 05:00:00,Montrose Beach,1441602000.0,13.4,0.05,0.099,4.0,MontroseBeach201509070500,0,13.4,0.05,0.099,4.0
2015-09-07 06:00:00,Montrose Beach,1441605600.0,13.3,0.07,0.098,8.0,MontroseBeach201509070600,0,13.3,0.07,0.098,8.0
2015-09-07 07:00:00,Montrose Beach,1441609200.0,,,0.092,7.0,MontroseBeach201509070700,0,13.2,0.01,0.092,7.0
2015-09-07 08:00:00,Montrose Beach,1441612800.0,13.2,0.0,0.086,6.0,MontroseBeach201509070800,0,13.2,0.0,0.086,6.0
2015-09-07 09:00:00,Montrose Beach,1441616400.0,13.4,0.01,0.099,5.0,MontroseBeach201509070900,0,13.4,0.01,0.099,5.0
2015-09-07 10:00:00,Montrose Beach,1441620000.0,13.4,0.0,0.137,2.0,MontroseBeach201509071000,0,13.4,0.0,0.137,2.0
2015-09-07 11:00:00,Montrose Beach,1441623600.0,,,0.126,4.0,MontroseBeach201509071100,0,14.0,0.0,0.126,4.0
2015-09-07 12:00:00,Montrose Beach,1441627200.0,,0.0,,4.0,MontroseBeach201509071200,0,14.2,0.0,0.16,4.0
2015-09-07 13:00:00,Montrose Beach,1441630800.0,15.0,0.0,0.207,2.0,MontroseBeach201509071300,0,15.0,0.0,0.207,2.0
2015-09-07 14:00:00,Montrose Beach,1441634400.0,,0.0,0.131,3.0,MontroseBeach201509071400,0,15.7,0.0,0.131,3.0
2015-09-07 15:00:00,Montrose Beach,1441638000.0,15.8,,0.214,3.0,MontroseBeach201509071500,0,15.8,0.09,0.214,3.0
2015-09-07 16:00:00,Montrose Beach,1441641600.0,,0.1,0.157,3.0,MontroseBeach201509071600,0,14.8,0.1,0.157,3.0
2015-09-07 17:00:00,Montrose Beach,1441645200.0,14.9,0.23,0.124,3.0,MontroseBeach201509071700,0,14.9,0.23,0.124,3.0
2015-09-07 18:00:00,Montrose Beach,1441648800.0,,0.34,0.142,4.0,MontroseBeach201509071800,0,15.1,0.34,0.142,4.0
2015-09-07 19:00:00,Montrose Beach,1441652400.0,14.7,0.05,0.121,6.0,MontroseBeach201509071900,0,14.7,0.05,0.121,6.0
2015-09-07 20:00:00,Montrose Beach,1441656000.0,14.4,0.01,0.107,6.0,MontroseBeach201509072000,0,14.4,0.01,0.107,6.0
2015-09-07 21:00:00,Montrose Beach,1441659600.0,14.3,0.0,0.107,5.0,MontroseBeach201509072100,0,14.3,0.0,0.107,5.0
2015-09-07 22:00:00,Montrose Beach,1441663200.0,15.2,0.3,0.1,10.0,MontroseBeach201509072200,0,15.2,0.3,0.1,10.0
2015-09-07 23:00:00,Montrose Beach,1441666800.0,14.8,0.01,0.09,9.0,MontroseBeach201509072300,0,14.8,0.01,0.09,9.0
2015-09-08 00:00:00,Montrose Beach,1441670400.0,14.6,,0.119,4.0,MontroseBeach201509082400,0,14.6,0.01,0.119,4.0
2015-09-08 01:00:00,Montrose Beach,1441674000.0,14.9,0.29,0.094,7.0,MontroseBeach201509080100,0,14.9,0.29,0.094,7.0
2015-09-08 02:00:00,Montrose Beach,1441677600.0,15.8,0.15,0.091,6.0,MontroseBeach201509080200,0,15.8,0.15,0.091,6.0
2015-09-08 03:00:00,Montrose Beach,1441681200.0,15.9,0.16,0.092,,MontroseBeach201509080300,0,15.9,0.16,0.092,6.0
2015-09-08 04:00:00,Montrose Beach,1441684800.0,16.1,,0.093,5.0,MontroseBeach201509080400,0,16.1,0.32,0.093,5.0
2015-09-08 05:00:00,Montrose Beach,1441688400.0,15.3,0.28,0.096,9.0,MontroseBeach201509080500,0,15.3,0.28,0.096,9.0
2015-09-08 06:00:00,Montrose Beach,1441692000.0,14.9,0.16,0.127,4.0,MontroseBeach201509080600,0,14.9,0.16,0.127,4.0
2015-09-08 07:00:00,Montrose Beach,1441695600.0,13.7,0.01,0.204,,MontroseBeach201509080700,0,13.7,0.01,0.204,3.0
2015-09-08 08:00:00,Montrose Beach,1441699200.0,,,0.2,6.0,MontroseBeach201509080800,0,13.6,0.0,0.2,6.0
2015-09-08 09:00:00,Montrose Beach,1441702800.0,14.1,0.09,0.168,,MontroseBeach201509080900,0,14.1,0.09,0.168,3.0
2015-09-08 10:00:00,Montrose Beach,1441706400.0,14.3,0.19,0.179,3.0,MontroseBeach201509081000,0,14.3,0.19,0.179,3.0
2015-09-08 11:00:00,Montrose Beach,1441710000.0,,0.08,0.165,3.0,MontroseBeach201509081100,0,13.8,0.08,0.165,3.0
2015-09-08 12:00:00,Montrose Beach,1441713600.0,13.6,0.01,0.146,3.0,MontroseBeach201509081200,0,13.6,0.01,0.146,3.0
2015-09-08 13:00:00,Montrose Beach,1441717200.0,13.5,0.66,0.126,3.0,MontroseBeach201509081300,0,13.5,0.66,0.126,3.0
2015-09-08 14:00:00,Montrose Beach,1441720800.0,,0.08,0.1,4.0,MontroseBeach201509081400,0,14.0,0.08,0.1,4.0
2015-09-08 15:00:00,Montrose Beach,1441724400.0,14.1,0.08,0.089,3.0,MontroseBeach201509081500,0,14.1,0.08,0.089,3.0
2015-09-08 16:00:00,Montrose Beach,1441728000.0,14.1,0.04,0.089,3.0,MontroseBeach201509081600,0,14.1,0.04,0.089,3.0
2015-09-08 17:00:00,Montrose Beach,1441731600.0,,0.05,0.139,4.0,MontroseBeach201509081700,0,14.2,0.05,0.139,4.0
2015-09-08 18:00:00,Montrose Beach,1441735200.0,14.5,0.17,,7.0,MontroseBeach201509081800,0,14.5,0.17,0.1,7.0
2015-09-08 19:00:00,Montrose Beach,1441738800.0,14.2,0.16,0.112,4.0,MontroseBeach201509081900,0,14.2,0.16,0.112,4.0
2015-09-08 20:00:00,Montrose Beach,1441742400.0,,0.04,0.112,4.0,MontroseBeach201509082000,0,13.9,0.04,0.112,4.0
2015-09-08 21:00:00,Montrose Beach,1441746000.0,13.8,0.0,0.119,5.0,MontroseBeach201509082100,0,13.8,0.0,0.119,5.0
2015-09-08 22:00:00,Montrose Beach,1441749600.0,13.8,0.01,0.119,9.0,MontroseBeach201509082200,0,13.8,0.01,0.119,9.0
2015-09-08 23:00:00,Montrose Beach,1441753200.0,13.8,0.0,0.12,9.0,MontroseBeach201509082300,0,13.8,0.0,0.12,9.0
2015-09-09 00:00:00,Montrose Beach,1441756800.0,13.8,0.01,,3.0,MontroseBeach201509092400,0,13.8,0.01,0.143,3.0
2015-09-09 01:00:00,Montrose Beach,1441760400.0,13.8,0.06,0.155,6.0,MontroseBeach201509090100,0,13.8,0.06,0.155,6.0
2015-09-09 02:00:00,Montrose Beach,1441764000.0,13.8,0.01,0.16,5.0,MontroseBeach201509090200,0,13.8,0.01,0.16,5.0
2015-09-09 03:00:00,Montrose Beach,1441767600.0,13.8,0.0,0.151,3.0,MontroseBeach201509090300,0,13.8,0.0,0.151,3.0
2015-09-09 04:00:00,Montrose Beach,1441771200.0,,0.01,0.189,,MontroseBeach201509090400,0,13.8,0.01,0.189,3.0
2015-09-09 05:00:00,Montrose Beach,1441774800.0,,0.04,0.2,3.0,MontroseBeach201509090500,0,13.8,0.04,0.2,3.0
2015-09-09 06:00:00,Montrose Beach,1441778400.0,13.8,0.02,,3.0,MontroseBeach201509090600,0,13.8,0.02,0.191,3.0
2015-09-09 07:00:00,Montrose Beach,1441782000.0,13.8,0.02,0.222,4.0,MontroseBeach201509090700,0,13.8,0.02,0.222,4.0
2015-09-09 08:00:00,Montrose Beach,1441785600.0,13.8,0.01,,4.0,MontroseBeach201509090800,0,13.8,0.01,0.273,4.0
2015-09-09 09:00:00,Montrose Beach,1441789200.0,13.8,0.02,0.308,4.0,MontroseBeach201509090900,0,13.8,0.02,0.308,4.0
2015-09-09 10:00:00,Montrose Beach,1441792800.0,13.8,0.14,0.347,4.0,MontroseBeach201509091000,0,13.8,0.14,0.347,4.0
2015-09-09 11:00:00,Montrose Beach,1441796400.0,14.0,,0.404,5.0,MontroseBeach201509091100,0,14.0,0.42,0.404,5.0
2015-09-09 12:00:00,Montrose Beach,1441800000.0,14.1,1.01,0.41,5.0,MontroseBeach201509091200,0,14.1,1.01,0.41,5.0
2015-09-09 13:00:00,Montrose Beach,1441803600.0,16.6,0.02,0.401,,MontroseBeach201509091300,0,16.6,0.02,0.401,5.0
2015-09-09 14:00:00,Montrose Beach,1441807200.0,17.1,0.01,0.387,,MontroseBeach201509091400,0,17.1,0.01,0.387,5.0
2015-09-09 15:00:00,Montrose Beach,1441810800.0,17.2,0.1,0.387,5.0,MontroseBeach201509091500,0,17.2,0.1,0.387,5.0
2015-09-09 16:00:00,Montrose Beach,1441814400.0,17.4,0.28,0.356,,MontroseBeach201509091600,0,17.4,0.28,0.356,5.0
2015-09-09 17:00:00,Montrose Beach,1441818000.0,19.6,0.01,0.371,5.0,MontroseBeach201509091700,0,19.6,0.01,0.371,5.0
2015-09-09 18:00:00,Montrose Beach,1441821600.0,20.5,0.02,0.335,,MontroseBeach201509091800,0,20.5,0.02,0.335,5.0
2015-09-09 19:00:00,Montrose Beach,1441825200.0,20.4,0.01,0.326,5.0,MontroseBeach201509091900,0,20.4,0.01,0.326,5.0
2015-09-09 20:00:00,Montrose Beach,1441828800.0,20.2,0.04,0.3,4.0,MontroseBeach201509092000,0,20.2,0.04,0.3,4.0
2015-09-09 21:00:00,Montrose Beach,1441832400.0,,0.01,0.302,5.0,MontroseBeach201509092100,0,20.3,0.01,0.302,5.0
2015-09-09 22:00:00,Montrose Beach,1441836000.0,20.1,0.01,0.268,4.0,MontroseBeach201509092200,0,20.1,0.01,0.268,4.0
2015-09-09 23:00:00,Montrose Beach,1441839600.0,20.1,0.01,0.256,5.0,MontroseBeach201509092300,0,20.1,0.01,0.256,5.0
2015-09-10 00:00:00,Montrose Beach,1441843200.0,,,0.245,5.0,MontroseBeach201509102400,0,20.2,0.03,0.245,5.0
2015-09-10 01:00:00,Montrose Beach,1441846800.0,20.1,0.0,0.23,5.0,MontroseBeach201509100100,0,20.1,0.0,0.23,5.0
2015-09-10 02:00:00,Montrose Beach,1441850400.0,20.0,0.01,0.215,5.0,MontroseBeach201509100200,0,20.0,0.01,0.215,5.0
2015-09-10 03:00:00,Montrose Beach,1441854000.0,,0.02,0.199,4.0,MontroseBeach201509100300,0,19.9,0.02,0.199,4.0
2015-09-10 04:00:00,Montrose Beach,1441857600.0,19.8,0.02,0.189,,MontroseBeach201509100400,0,19.8,0.02,0.189,4.0
2015-09-10 05:00:00,Montrose Beach,1441861200.0,,0.02,0.183,4.0,MontroseBeach201509100500,0,19.6,0.02,0.183,4.0
2015-09-10 06:00:00,Montrose Beach,1441864800.0,19.5,,0.191,4.0,MontroseBeach201509100600,0,19.5,0.04,0.191,4.0
2015-09-10 07:00:00,Montrose Beach,1441868400.0,19.3,0.01,0.169,4.0,MontroseBeach201509100700,0,19.3,0.01,0.169,4.0
2015-09-10 08:00:00,Montrose Beach,1441872000.0,19.3,,0.157,4.0,MontroseBeach201509100800,0,19.3,0.01,0.157,4.0
2015-09-10 09:00:00,Montrose Beach,1441875600.0,19.4,0.07,0.149,4.0,MontroseBeach201509100900,0,19.4,0.07,0.149,4.0
2015-09-10 10:00:00,Montrose Beach,1441879200.0,19.1,0.1,0.153,,MontroseBeach201509101000,0,19.1,0.1,0.153,3.0
